<?xml version="1.0" encoding="utf-8"?>
<COLLADA xmlns="http://www.collada.org/2005/11/COLLADASchema" version="1.4.1" xmlns:xsi="http://www.w3.org/2001/XMLSchema-instance">
  <asset>
    <contributor>
      <author>Blender User</author>
      <authoring_tool>Blender 4.3.2 commit date:2024-12-16, commit time:21:10, hash:32f5fdce0a0a</authoring_tool>
    </contributor>
    <created>2025-04-23T10:31:51</created>
    <modified>2025-04-23T10:31:51</modified>
    <unit name="meter" meter="1"/>
    <up_axis>Z_UP</up_axis>
  </asset>
  <library_effects>
    <effect id="材质_003-effect">
      <profile_COMMON>
        <newparam sid="Image_Link_png-surface">
          <surface type="2D">
            <init_from>Image_Link_png</init_from>
          </surface>
        </newparam>
        <newparam sid="Image_Link_png-sampler">
          <sampler2D>
            <source>Image_Link_png-surface</source>
          </sampler2D>
        </newparam>
        <technique sid="common">
          <lambert>
            <emission>
              <color sid="emission">0 0 0 1</color>
            </emission>
            <diffuse>
              <texture texture="Image_Link_png-sampler" texcoord="UV 贴图"/>
            </diffuse>
            <index_of_refraction>
              <float sid="ior">1.45</float>
            </index_of_refraction>
          </lambert>
        </technique>
      </profile_COMMON>
    </effect>
  </library_effects>
  <library_images>
    <image id="Image_Link_png" name="Image_Link_png">
      <init_from>Image_Link.png</init_from>
    </image>
  </library_images>
  <library_materials>
    <material id="材质_003-material" name="材质.003">
      <instance_effect url="#材质_003-effect"/>
    </material>
  </library_materials>
  <library_geometries>
    <geometry id="GBT-C7A-J0_001-mesh" name="GBT-C7A-J0.001">
      <mesh>
        <source id="GBT-C7A-J0_001-mesh-positions">
          <float_array id="GBT-C7A-J0_001-mesh-positions-array" count="8907">-7.362341 12.06964 70.5 -6.49519 16.71726 3.875848 -6.929096 15.83792 3.845141 -7.5 10.6384 70.5 -7.5 9.184619 112.131 -6.49519 12.93233 112.2619 -7.351974 12.01727 73.5 -7.5 12.96954 3.744975 -6.929096 10.10116 3.644809 -6.49519 6.886118 70.5 -6.49519 6.781356 73.5 -6 6.0309 73.5 -3.75 2.693385 111.9043 -6 6.135662 70.5 -7.5 10.53364 73.5 -6.49519 5.436903 112.0001 6 6.135662 70.5 6 6.0309 73.5 3.75 2.693385 111.9043 6.49519 5.436903 112.0001 7.5 10.6384 70.5 6.49519 6.886118 70.5 6.929096 10.10116 3.644809 7.5 10.53364 73.5 7.351974 12.01727 73.5 6.49519 12.93233 112.2619 6.49519 16.71726 3.875848 7.362341 12.06964 70.5 6.929096 15.83792 3.845141 7.5 12.96954 3.744975 6.49519 6.781356 73.5 7.5 9.184619 112.131 -6.49519 9.221826 3.614102 -5.303301 7.669471 3.559892 -3.75 6.478307 3.518296 -2.870126 6.044666 3.503153 0 1.689188 111.8692 -5.303301 18.26961 3.930057 -3.75 15.67585 112.3577 -3.75 19.46078 3.971653 -2.870126 19.89442 3.986797 0 16.68005 112.3927 0 20.46497 4.006721 2.870126 19.89442 3.986797 3.75 15.67585 112.3577 3.75 19.46078 3.971653 5.303301 18.26961 3.930057 0 5.47411 3.483229 2.870126 6.044666 3.503153 3.75 6.478307 3.518296 5.303301 7.669471 3.559892 6.49519 9.221826 3.614102 39.17917 30 -53.83349 38.88845 30 -53.21005 39.25963 30 -55.07004 -38.88845 30 -53.21005 -39.17917 30 -53.83349 -39.25963 30 -55.07004 -39.50424 30 -55.45386 -38.73227 30 -56.89193 -39.04958 30 -57.04275 -37.42495 30 -58.26607 -37.91656 30 -58.24589 -27.46532 30 -63.57058 -27.84258 30 -63.6792 -16.77642 30 -67.18716 -17.01345 30 -67.38541 -5.642077 30 -69.01979 -5.72289 30 -69.26398 5.642077 30 -69.01979 5.72289 30 -69.26398 16.77642 30 -67.18716 17.01345 30 -67.38541 27.46532 30 -63.57058 27.84258 30 -63.6792 37.42495 30 -58.26607 37.91656 30 -58.24589 38.73227 30 -56.89193 39.04958 30 -57.04275 39.50424 30 -55.45386 53.83349 30 39.17917 53.21005 30 38.88845 55.07004 30 39.25963 53.21005 30 -38.88845 53.83349 30 -39.17917 55.07004 30 -39.25963 55.45386 30 -39.50424 56.89193 30 -38.73227 57.04275 30 -39.04958 58.26607 30 -37.42495 58.24589 30 -37.91656 63.57058 30 -27.46532 63.6792 30 -27.84258 67.18716 30 -16.77642 67.38541 30 -17.01345 69.01979 30 -5.642077 69.26398 30 -5.72289 69.01979 30 5.642077 69.26398 30 5.72289 67.18716 30 16.77642 67.38541 30 17.01345 63.57058 30 27.46532 63.6792 30 27.84258 58.26607 30 37.42495 58.24589 30 37.91656 56.89193 30 38.73227 57.04275 30 39.04958 55.45386 30 39.50424 -53.83349 30 -39.17917 -53.21005 30 -38.88845 -55.07004 30 -39.25963 -53.21005 30 38.88845 -53.83349 30 39.17917 -55.07004 30 39.25963 -55.45386 30 39.50424 -56.89193 30 38.73227 -57.04275 30 39.04958 -58.26607 30 37.42495 -58.24589 30 37.91656 -63.57058 30 27.46532 -63.6792 30 27.84258 -67.18716 30 16.77642 -67.38541 30 17.01345 -69.01979 30 5.642077 -69.26398 30 5.72289 -69.01979 30 -5.642077 -69.26398 30 -5.72289 -67.18716 30 -16.77642 -67.38541 30 -17.01345 -63.57058 30 -27.46532 -63.6792 30 -27.84258 -58.26607 30 -37.42495 -58.24589 30 -37.91656 -56.89193 30 -38.73227 -57.04275 30 -39.04958 -55.45386 30 -39.50424 -39.17917 30 53.83349 -38.88845 30 53.21005 -39.25963 30 55.07004 38.88845 30 53.21005 39.17917 30 53.83349 39.25963 30 55.07004 39.50424 30 55.45386 38.73227 30 56.89193 39.04958 30 57.04275 37.42495 30 58.26607 37.91656 30 58.24589 27.46532 30 63.57058 27.84258 30 63.6792 16.77642 30 67.18716 17.01345 30 67.38541 5.642077 30 69.01979 5.72289 30 69.26398 -5.642077 30 69.01979 -5.72289 30 69.26398 -16.77642 30 67.18716 -17.01345 30 67.38541 -27.46532 30 63.57058 -27.84258 30 63.6792 -37.42495 30 58.26607 -37.91656 30 58.24589 -38.73227 30 56.89193 -39.04958 30 57.04275 -39.50424 30 55.45386 -53.21005 28.36603 38.88845 -53.83349 28.36603 39.17917 -38.88845 28.36603 -53.21005 -39.17917 28.36603 -53.83349 38.88845 28.36603 53.21005 39.17917 28.36603 53.83349 53.21005 28.36603 -38.88845 53.83349 28.36603 -39.17917 -7.183646 15.65528 73.5 -7.183646 15.65528 70.5 -5.20802 18.8969 73.5 -5.20802 18.8969 70.5 -1.898104 20.75584 73.5 -1.898104 20.75584 70.5 1.898104 20.75584 73.5 1.898104 20.75584 70.5 5.20802 18.8969 73.5 5.20802 18.8969 70.5 7.183646 15.65528 73.5 7.183646 15.65528 70.5 -6 0 73.5 -6 0 70.5 6 0 70.5 6 0 73.5 60.28672 25.5 -44.61515 60.28672 36.55023 -44.61515 62.59299 36.55023 -41.31727 -44.61515 25.5 60.28672 -44.68474 25.00586 60.23515 -38.46744 0 64.38367 -44.88928 24.56116 60.08287 -45.20973 24.22053 59.84212 -45.60765 24.03049 59.53942 -49.3454 0 56.48036 -45.85528 24 59.34891 45.59615 24.03341 59.54822 45.21231 24.21864 59.84018 38.46744 0 64.38367 44.90242 24.54176 60.07306 44.69659 24.96673 60.22636 45.85528 24 59.34891 49.3454 0 56.48036 49.3454 24 56.48036 44.61515 36.55023 60.28672 38.46744 36.55023 64.38367 44.61515 25.5 60.28672 44.61582 25.45098 60.28622 54.20962 24 51.8297 58.63736 0 46.76174 58.63736 24 46.76174 63.11161 36.55023 40.52067 60.28672 36.55023 44.61515 60.28672 25.5 44.61515 60.23515 25.00586 44.68474 66.04467 0 35.54015 60.08287 24.56116 44.88928 59.84212 24.22053 45.20973 59.53942 24.03049 45.60765 59.34891 24 45.85528 59.54822 24.03341 -45.59615 59.84018 24.21864 -45.21231 62.59299 0 -41.31727 60.07306 24.54176 -44.90242 60.22636 24.96673 -44.69659 60.28622 25.45098 -44.61582 44.61515 25.5 -60.28672 44.68474 25.00586 -60.23515 44.08389 0 -60.67627 44.88928 24.56116 -60.08287 45.20973 24.22053 -59.84212 45.60765 24.03049 -59.53942 45.85528 24 -59.34891 50.1735 24 -55.74602 54.20962 0 -51.8297 54.20962 24 -51.8297 59.34891 24 -45.85528 -45.59615 24.03341 -59.54822 -45.21231 24.21864 -59.84018 -44.08389 0 -60.67627 -54.20962 0 -51.8297 -50.1735 24 -55.74602 -45.85528 24 -59.34891 -44.61515 25.5 -60.28672 -44.61515 36.55023 -60.28672 -44.08389 36.55023 -60.67627 -44.90242 24.54176 -60.07306 -44.69659 24.96673 -60.22636 -44.61582 25.45098 -60.28622 -60.28672 25.5 -44.61515 -60.23515 25.00586 -44.68474 -62.59299 0 -41.31727 -60.08287 24.56116 -44.88928 -59.84212 24.22053 -45.20973 -59.53942 24.03049 -45.60765 -59.34891 24 -45.85528 -54.20962 24 -51.8297 -60.07306 24.54176 44.90242 -60.22636 24.96673 44.69659 -66.04467 0 35.54015 -59.84018 24.21864 45.21231 -58.63736 0 46.76174 -59.34891 24 45.85528 -59.54822 24.03341 45.59615 -66.04467 36.55023 35.54015 -60.28622 25.45098 44.61582 -63.11161 36.55023 40.52067 -60.28672 25.5 44.61515 -60.28672 36.55023 44.61515 -49.3454 24 56.48036 -54.20962 24 51.8297 -58.63736 24 46.76174 6.796077 21.50396 74.69145 8.472258 19.70249 74.51995 13.39177 36.55023 73.79473 9.681248 17.5649 74.37253 10.36099 15.2029 74.28089 9 8.091673 74.45804 9 0 74.45804 10.0137 10.34154 74.3285 13.39177 0 73.79473 10.47295 12.74686 74.26519 -9 0 74.45804 -9 8.091673 74.45804 -13.39177 0 73.79473 -10.00937 10.32786 74.32909 -10.47295 12.74686 74.26519 -10.36043 15.2063 74.28096 -9.681248 17.5649 74.37253 -13.39177 36.55023 73.79473 -8.470376 19.70506 74.52015 -6.796077 21.50396 74.69145 -4.752901 22.86269 74.84925 -6.722948 36.55023 74.69808 -2.441329 23.71224 74.96025 0 36.55023 75 0 24 75 6.722948 36.55023 74.69808 2.441329 23.71224 74.96025 4.747075 22.86565 74.84962 19.95276 36.55023 72.29722 26.35311 0 70.21762 26.35311 36.55023 70.21762 32.54128 36.55023 67.57267 66.04467 36.55023 35.54015 68.96459 36.55023 29.47688 71.32924 0 23.17628 71.32924 36.55023 23.17628 73.1196 36.55023 16.68907 74.32124 0 10.06749 74.32124 36.55023 10.06749 74.92448 36.55023 3.364862 74.92448 0 -3.364862 74.92448 36.55023 -3.364862 74.32124 36.55023 -10.06749 73.1196 0 -16.68907 73.1196 36.55023 -16.68907 71.32924 36.55023 -23.17628 68.96459 0 -29.47688 68.96459 36.55023 -29.47688 66.04467 36.55023 -35.54015 44.61515 36.55023 -60.28672 44.08389 36.55023 -60.67627 38.46744 36.55023 -64.38367 32.54128 0 -67.57267 32.54128 36.55023 -67.57267 26.35311 36.55023 -70.21762 19.95276 0 -72.29722 19.95276 36.55023 -72.29722 13.39177 36.55023 -73.79473 6.722948 0 -74.69808 6.722948 36.55023 -74.69808 0 36.55023 -75 -6.722948 0 -74.69808 -6.722948 36.55023 -74.69808 -13.39177 36.55023 -73.79473 -19.95276 0 -72.29722 -19.95276 36.55023 -72.29722 -26.35311 36.55023 -70.21762 -32.54128 0 -67.57267 -32.54128 36.55023 -67.57267 -38.46744 36.55023 -64.38367 -60.28672 36.55023 -44.61515 -62.59299 36.55023 -41.31727 -66.04467 36.55023 -35.54015 -68.96459 0 -29.47688 -68.96459 36.55023 -29.47688 -71.32924 36.55023 -23.17628 -73.1196 0 -16.68907 -73.1196 36.55023 -16.68907 -74.32124 36.55023 -10.06749 -74.92448 0 -3.364862 -74.92448 36.55023 -3.364862 -74.92448 36.55023 3.364862 -74.32124 0 10.06749 -74.32124 36.55023 10.06749 -73.1196 36.55023 16.68907 -71.32924 0 23.17628 -71.32924 36.55023 23.17628 -68.96459 36.55023 29.47688 -44.61515 36.55023 60.28672 -38.46744 36.55023 64.38367 -32.54128 36.55023 67.57267 -26.35311 0 70.21762 -26.35311 36.55023 70.21762 -19.95276 36.55023 72.29722 -53.6788 28 39.5109 -55.45386 28.36603 39.50424 -55.46863 28 39.86997 -57.04275 28.36603 39.04958 -57.22369 28 39.36775 -58.24589 28.36603 37.91656 -58.55265 28 38.11624 -53.62218 27.5 39.63232 -55.47404 27.5 40.00383 -57.28991 27.5 39.48422 -58.66493 27.5 38.18933 -61.49244 28 33.16536 -61.61036 27.5 33.22895 -64.01457 28 27.98921 -64.13732 27.5 28.04289 -66.10192 28 22.62296 -66.22868 27.5 22.66634 -67.74029 28 17.10306 -67.8702 27.5 17.13585 -68.91857 28 11.46698 -69.05073 27.5 11.48897 -69.62876 28 5.75303 -69.76229 27.5 5.764061 -69.86602 28 0 -70 27.5 0 -69.62876 28 -5.75303 -69.76229 27.5 -5.764061 -68.91857 28 -11.46698 -69.05073 27.5 -11.48897 -67.74029 28 -17.10306 -67.8702 27.5 -17.13585 -66.10192 28 -22.62296 -66.22868 27.5 -22.66634 -64.01457 28 -27.98921 -64.13732 27.5 -28.04289 -61.49244 28 -33.16536 -61.61036 27.5 -33.22895 -58.55265 28 -38.11624 -58.66493 27.5 -38.18933 -61.17029 28.36603 32.99161 -63.6792 28.36603 27.84258 -65.75561 28.36603 22.50444 -67.38541 28.36603 17.01345 -68.55751 28.36603 11.40691 -69.26398 28.36603 5.72289 -69.5 28.36603 0 -69.26398 28.36603 -5.72289 -68.55751 28.36603 -11.40691 -67.38541 28.36603 -17.01345 -65.75561 28.36603 -22.50444 -63.6792 28.36603 -27.84258 -61.17029 28.36603 -32.99161 -58.24589 28.36603 -37.91656 -52.30944 27.5 39.02018 -52.52075 28.36603 38.56703 -52.40832 28.14279 38.80815 -52.33493 27.84202 38.96553 -53.64767 27.84202 -39.57766 -53.6788 28 -39.5109 -55.46863 28 -39.86997 -53.72105 28.14279 -39.42028 -53.83349 28.36603 -39.17917 -55.45386 28.36603 -39.50424 -57.04275 28.36603 -39.04958 -57.22369 28 -39.36775 -57.28991 27.5 -39.48422 -55.47404 27.5 -40.00383 -53.62218 27.5 -39.63232 -50.38942 27.5 38.35281 -50.40333 27.84202 38.29413 -48.37411 27.5 38.08749 -48.37586 27.84202 38.02721 -47.5599 27.5 38.09696 -46.34678 27.5 38.23518 -46.33631 27.84202 38.17579 -44.3912 27.5 38.78979 -44.36893 27.84202 38.73374 -42.93288 27.5 39.51159 -42.55503 27.84202 39.678 -42.58817 27.5 39.72838 -41.01219 27.5 41.01219 -40.96955 27.84202 40.96955 -39.72838 27.5 42.58817 -39.678 27.84202 42.55503 -39.51159 27.5 42.93288 -50.44337 28.14279 38.12516 -50.50473 28.36603 37.86629 -48.38091 28.14279 37.85364 -48.38865 28.36603 37.5877 -46.30615 28.14279 38.00478 -46.25996 28.36603 37.74278 -44.30482 28.14279 38.57236 -44.2066 28.36603 38.32511 -42.45961 28.14279 39.53291 -42.31341 28.36603 39.31064 -40.84676 28.14279 40.84676 -40.65864 28.36603 40.65864 -39.53291 28.14279 42.45961 -39.31064 28.36603 42.31341 -38.57236 28.14279 44.30482 -38.32511 28.36603 44.2066 -38.00478 28.14279 46.30615 -37.74278 28.36603 46.25996 -37.85364 28.14279 48.38091 -37.5877 28.36603 48.38865 -38.73374 27.84202 44.36893 -38.17579 27.84202 46.33631 -38.02721 27.84202 48.37586 -38.78979 27.5 44.3912 -38.23518 27.5 46.34678 -38.09696 27.5 47.5599 -38.08749 27.5 48.37411 -37.86629 28.36603 50.50473 -38.12516 28.14279 50.44337 -38.29413 27.84202 50.40333 -38.35281 27.5 50.38942 -38.56703 28.36603 52.52075 -38.80815 28.14279 52.40832 -38.96553 27.84202 52.33493 -39.02018 27.5 52.30944 -53.21005 28.36603 -38.88845 -52.52075 28.36603 -38.56703 -52.30944 27.5 -39.02018 -52.33493 27.84202 -38.96553 -52.36606 28 -38.89876 -52.40832 28.14279 -38.80815 -39.5109 28 53.6788 -38.88845 28.36603 53.21005 -39.17917 28.36603 53.83349 -39.63232 27.5 53.62218 -39.02018 27.5 -52.30944 -38.89876 28 -52.36606 -38.35281 27.5 -50.38942 -38.22245 28 -50.42032 -38.08749 27.5 -48.37411 -37.95357 28 -48.378 -39.61645 28 -42.51455 -39.51159 27.5 -42.93288 -38.66527 28 -44.34173 -38.78979 27.5 -44.3912 -38.10324 28 -46.32352 -38.23518 27.5 -46.34678 -38.09696 27.5 -47.5599 -42.51455 28 -39.61645 -42.58817 27.5 -39.72838 -40.91746 28 -40.91746 -41.01219 27.5 -41.01219 -39.72838 27.5 -42.58817 -38.56703 28.36603 -52.52075 -37.86629 28.36603 -50.50473 -37.5877 28.36603 -48.38865 -37.74278 28.36603 -46.25996 -38.32511 28.36603 -44.2066 -39.31064 28.36603 -42.31341 -40.65864 28.36603 -40.65864 -42.31341 28.36603 -39.31064 -44.34173 28 -38.66527 -44.2066 28.36603 -38.32511 -46.32352 28 -38.10324 -46.25996 28.36603 -37.74278 -48.378 28 -37.95357 -50.38942 27.5 -38.35281 -48.37411 27.5 -38.08749 -47.5599 27.5 -38.09696 -46.34678 27.5 -38.23518 -44.3912 27.5 -38.78979 -42.93288 27.5 -39.51159 -48.38865 28.36603 -37.5877 -50.50473 28.36603 -37.86629 -50.42032 28 -38.22245 -37.91656 28.36603 58.24589 -38.11624 28 58.55265 -39.04958 28.36603 57.04275 -39.36775 28 57.22369 -39.50424 28.36603 55.45386 -39.86997 28 55.46863 -38.18933 27.5 58.66493 -39.48422 27.5 57.28991 -40.00383 27.5 55.47404 -39.5109 28 -53.6788 -39.63232 27.5 -53.62218 38.0617 28.14279 58.46886 38.11624 28 58.55265 33.16536 28 61.49244 38.15644 27.84202 58.61439 38.18933 27.5 58.66493 33.22895 27.5 61.61036 27.98921 28 64.01457 28.04289 27.5 64.13732 22.62296 28 66.10192 22.66634 27.5 66.22868 17.10306 28 67.74029 17.13585 27.5 67.8702 11.46698 28 68.91857 11.48897 27.5 69.05073 5.75303 28 69.62876 5.764061 27.5 69.76229 0 28 69.86602 0 27.5 70 -5.75303 28 69.62876 -5.764061 27.5 69.76229 -11.46698 28 68.91857 -11.48897 27.5 69.05073 -17.10306 28 67.74029 -17.13585 27.5 67.8702 -22.62296 28 66.10192 -22.66634 27.5 66.22868 -27.98921 28 64.01457 -28.04289 27.5 64.13732 -33.16536 28 61.49244 -33.22895 27.5 61.61036 37.91656 28.36603 58.24589 32.99161 28.36603 61.17029 27.84258 28.36603 63.6792 22.50444 28.36603 65.75561 17.01345 28.36603 67.38541 11.40691 28.36603 68.55751 5.72289 28.36603 69.26398 0 28.36603 69.5 -5.72289 28.36603 69.26398 -11.40691 28.36603 68.55751 -17.01345 28.36603 67.38541 -22.50444 28.36603 65.75561 -27.84258 28.36603 63.6792 -32.99161 28.36603 61.17029 -39.50424 28.36603 -55.45386 -39.86997 28 -55.46863 -39.04958 28.36603 -57.04275 -39.36775 28 -57.22369 -37.91656 28.36603 -58.24589 -38.11624 28 -58.55265 -40.00383 27.5 -55.47404 -39.48422 27.5 -57.28991 -38.18933 27.5 -58.66493 39.5109 28 53.6788 39.57766 27.84202 53.64767 39.94358 27.84202 55.4716 39.28084 28.14279 57.17427 39.42028 28.14279 53.72105 39.50424 28.36603 55.45386 39.77006 28.14279 55.4646 39.04958 28.36603 57.04275 39.4318 27.84202 57.2601 39.63232 27.5 53.62218 40.00383 27.5 55.47404 39.48422 27.5 57.28991 -33.16536 28 -61.49244 -33.22895 27.5 -61.61036 -27.98921 28 -64.01457 -28.04289 27.5 -64.13732 -22.62296 28 -66.10192 -22.66634 27.5 -66.22868 -17.10306 28 -67.74029 -17.13585 27.5 -67.8702 -11.46698 28 -68.91857 -11.48897 27.5 -69.05073 -5.75303 28 -69.62876 -5.764061 27.5 -69.76229 0 28 -69.86602 0 27.5 -70 5.75303 28 -69.62876 5.764061 27.5 -69.76229 11.46698 28 -68.91857 11.48897 27.5 -69.05073 17.10306 28 -67.74029 17.13585 27.5 -67.8702 22.62296 28 -66.10192 22.66634 27.5 -66.22868 27.98921 28 -64.01457 28.04289 27.5 -64.13732 33.16536 28 -61.49244 33.22895 27.5 -61.61036 38.11624 28 -58.55265 38.18933 27.5 -58.66493 -32.99161 28.36603 -61.17029 -27.84258 28.36603 -63.6792 -22.50444 28.36603 -65.75561 -17.01345 28.36603 -67.38541 -11.40691 28.36603 -68.55751 -5.72289 28.36603 -69.26398 0 28.36603 -69.5 5.72289 28.36603 -69.26398 11.40691 28.36603 -68.55751 17.01345 28.36603 -67.38541 22.50444 28.36603 -65.75561 27.84258 28.36603 -63.6792 32.99161 28.36603 -61.17029 37.91656 28.36603 -58.24589 38.89876 28 52.36606 38.56703 28.36603 52.52075 39.02018 27.5 52.30944 39.04958 28.36603 -57.04275 39.36775 28 -57.22369 39.50424 28.36603 -55.45386 39.86997 28 -55.46863 39.17917 28.36603 -53.83349 39.5109 28 -53.6788 39.48422 27.5 -57.28991 40.00383 27.5 -55.47404 39.63232 27.5 -53.62218 38.35281 27.5 50.38942 38.22245 28 50.42032 38.08749 27.5 48.37411 37.95357 28 48.378 39.61645 28 42.51455 39.51159 27.5 42.93288 38.66527 28 44.34173 38.78979 27.5 44.3912 38.10324 28 46.32352 38.23518 27.5 46.34678 38.09696 27.5 47.5599 42.51455 28 39.61645 42.58817 27.5 39.72838 40.91746 28 40.91746 41.01219 27.5 41.01219 39.72838 27.5 42.58817 37.86629 28.36603 50.50473 37.5877 28.36603 48.38865 37.74278 28.36603 46.25996 38.32511 28.36603 44.2066 39.31064 28.36603 42.31341 40.65864 28.36603 40.65864 42.31341 28.36603 39.31064 44.34173 28 38.66527 44.2066 28.36603 38.32511 46.32352 28 38.10324 46.25996 28.36603 37.74278 48.378 28 37.95357 50.38942 27.5 38.35281 48.37411 27.5 38.08749 47.5599 27.5 38.09696 46.34678 27.5 38.23518 44.3912 27.5 38.78979 42.93288 27.5 39.51159 48.38865 28.36603 37.5877 50.50473 28.36603 37.86629 50.42032 28 38.22245 52.52075 28.36603 38.56703 52.40832 28.14279 38.80815 52.36606 28 38.89876 52.33493 27.84202 38.96553 52.30944 27.5 39.02018 38.89876 28 -52.36606 38.80815 28.14279 -52.40832 38.56703 28.36603 -52.52075 38.88845 28.36603 -53.21005 38.96553 27.84202 -52.33493 39.02018 27.5 -52.30944 53.21005 28.36603 38.88845 53.83349 28.36603 39.17917 53.72105 28.14279 39.42028 53.62218 27.5 39.63232 53.64767 27.84202 39.57766 53.6788 28 39.5109 38.35281 27.5 -50.38942 38.29413 27.84202 -50.40333 52.30944 27.5 -39.02018 52.33493 27.84202 -38.96553 50.38942 27.5 -38.35281 50.40333 27.84202 -38.29413 48.37411 27.5 -38.08749 48.37586 27.84202 -38.02721 47.5599 27.5 -38.09696 46.34678 27.5 -38.23518 46.33631 27.84202 -38.17579 44.3912 27.5 -38.78979 44.36893 27.84202 -38.73374 42.93288 27.5 -39.51159 42.55503 27.84202 -39.678 42.58817 27.5 -39.72838 41.01219 27.5 -41.01219 40.96955 27.84202 -40.96955 39.72838 27.5 -42.58817 39.678 27.84202 -42.55503 39.51159 27.5 -42.93288 52.40832 28.14279 -38.80815 52.52075 28.36603 -38.56703 50.44337 28.14279 -38.12516 50.50473 28.36603 -37.86629 48.38091 28.14279 -37.85364 48.38865 28.36603 -37.5877 46.30615 28.14279 -38.00478 46.25996 28.36603 -37.74278 44.30482 28.14279 -38.57236 44.2066 28.36603 -38.32511 42.45961 28.14279 -39.53291 42.31341 28.36603 -39.31064 40.84676 28.14279 -40.84676 40.65864 28.36603 -40.65864 39.53291 28.14279 -42.45961 39.31064 28.36603 -42.31341 38.57236 28.14279 -44.30482 38.32511 28.36603 -44.2066 38.00478 28.14279 -46.30615 37.74278 28.36603 -46.25996 37.85364 28.14279 -48.38091 37.5877 28.36603 -48.38865 38.73374 27.84202 -44.36893 38.17579 27.84202 -46.33631 38.02721 27.84202 -48.37586 38.78979 27.5 -44.3912 38.23518 27.5 -46.34678 38.09696 27.5 -47.5599 38.08749 27.5 -48.37411 37.86629 28.36603 -50.50473 38.12516 28.14279 -50.44337 55.46863 28 39.86997 55.45386 28.36603 39.50424 58.24589 28.36603 37.91656 58.55265 28 38.11624 57.04275 28.36603 39.04958 57.22369 28 39.36775 58.66493 27.5 38.18933 57.28991 27.5 39.48422 55.47404 27.5 40.00383 53.62218 27.5 -39.63232 53.6788 28 -39.5109 58.55265 28 -38.11624 58.66493 27.5 -38.18933 61.49244 28 -33.16536 61.61036 27.5 -33.22895 64.01457 28 -27.98921 64.13732 27.5 -28.04289 66.10192 28 -22.62296 66.22868 27.5 -22.66634 67.74029 28 -17.10306 67.8702 27.5 -17.13585 68.91857 28 -11.46698 69.05073 27.5 -11.48897 69.62876 28 -5.75303 69.76229 27.5 -5.764061 69.86602 28 0 70 27.5 0 69.62876 28 5.75303 69.76229 27.5 5.764061 68.91857 28 11.46698 69.05073 27.5 11.48897 67.74029 28 17.10306 67.8702 27.5 17.13585 66.10192 28 22.62296 66.22868 27.5 22.66634 64.01457 28 27.98921 64.13732 27.5 28.04289 61.49244 28 33.16536 61.61036 27.5 33.22895 58.24589 28.36603 -37.91656 61.17029 28.36603 -32.99161 63.6792 28.36603 -27.84258 65.75561 28.36603 -22.50444 67.38541 28.36603 -17.01345 68.55751 28.36603 -11.40691 69.26398 28.36603 -5.72289 69.5 28.36603 0 69.26398 28.36603 5.72289 68.55751 28.36603 11.40691 67.38541 28.36603 17.01345 65.75561 28.36603 22.50444 63.6792 28.36603 27.84258 61.17029 28.36603 32.99161 55.45386 28.36603 -39.50424 55.46863 28 -39.86997 57.04275 28.36603 -39.04958 57.22369 28 -39.36775 55.47404 27.5 -40.00383 57.28991 27.5 -39.48422 -58.66493 0 38.18933 -64.13732 0 28.04289 -67.8702 0 17.13585 -69.76229 0 5.764061 -69.76229 0 -5.764061 -67.8702 0 -17.13585 -64.13732 0 -28.04289 -58.66493 0 -38.18933 -12.5 23 68.87489 -12.5 0 68.87489 -17.13585 0 67.8702 -5.764061 25 69.76229 -10.5 25 69.20802 -11.16892 24.88482 69.10322 -11.64011 24.64321 69.02542 -11.76159 24.5519 69.00482 -12.20867 24.03945 68.92713 -12.31126 23.84815 68.90888 -12.45703 23.41237 68.88268 3.472331 25 69.91383 0 27.5 70 0 25 70 -4.08064 25 69.88096 12.5 23 68.87489 12.38992 23.65439 68.89478 12.16482 24.10832 68.93488 12.0732 24.23493 68.95098 11.58256 24.68169 69.0351 11.07401 24.91586 69.11849 10.96522 24.94514 69.13584 10.5 25 69.20802 5.764061 25 69.76229 38.18933 0 58.66493 28.04289 0 64.13732 17.13585 0 67.8702 12.5 0 68.87489 -28.04289 0 64.13732 -38.18933 0 58.66493 -38.18933 0 -58.66493 -28.04289 0 -64.13732 -17.13585 0 -67.8702 -5.764061 0 -69.76229 5.764061 0 -69.76229 17.13585 0 -67.8702 28.04289 0 -64.13732 38.18933 0 -58.66493 -11.42468 0 70.29145 -28.04289 0 64.13732 -12.12846 0 69.70927 -17.13585 0 67.8702 -12.5 0 68.87489 -42.58326 0 48.08326 -42.93288 0 39.51159 -39.51159 0 42.93288 9 0 73.5 6 0 73.5 6 0 70.5 -6 0 70.5 -6 0 73.5 -10.53545 0 70.5 -9 0 73.5 10.53545 0 70.5 11.42468 0 70.29145 17.13585 0 67.8702 12.12846 0 69.70927 12.5 0 68.87489 -53.58326 0 48.08326 -52.8464 0 50.83326 -58.63736 0 46.76174 -49.3454 0 56.48036 -50.83326 0 52.8464 -48.08326 0 53.58326 -38.46744 0 64.38367 -45.33326 0 52.8464 -44.40265 0 -45.95826 -39.48422 0 -57.28991 -40.00383 0 -55.47404 57.28991 0 -39.48422 55.47404 0 -40.00383 48.08326 0 -42.58326 53.62218 0 -39.63232 -38.09696 0 47.5599 -39.02018 0 52.30944 -43.32012 0 50.83326 -39.63232 0 53.62218 -45.95826 0 -44.40265 -39.51159 0 -42.93288 -44.08389 0 -60.67627 -50.20826 0 -51.76387 -54.20962 0 -51.8297 -51.76387 0 -50.20826 -62.59299 0 -41.31727 -52.33326 0 -48.08326 -51.76387 0 -45.95826 -48.08326 0 42.58326 -55.47404 0 40.00383 -53.62218 0 39.63232 -9 0 74.45804 -43.83326 0 -48.08326 -44.40265 0 -50.20826 -45.95826 0 -51.76387 -38.09696 0 -47.5599 -39.02018 0 -52.30944 -39.63232 0 -53.62218 -40.00383 0 55.47404 -39.48422 0 57.28991 -38.18933 0 58.66493 -26.35311 0 70.21762 -13.39177 0 73.79473 45.95826 0 51.76387 48.08326 0 52.33326 49.3454 0 56.48036 50.20826 0 51.76387 58.63736 0 46.76174 -43.32012 0 45.33326 -45.33326 0 43.32012 -47.5599 0 38.09696 -52.30944 0 39.02018 -42.93288 0 -39.51159 -47.5599 0 -38.09696 -48.08326 0 -43.83326 -52.30944 0 -39.02018 -50.20826 0 -44.40265 -53.62218 0 -39.63232 -55.47404 0 -40.00383 38.46744 0 64.38367 39.48422 0 57.28991 44.40265 0 50.20826 40.00383 0 55.47404 45.95826 0 44.40265 47.5599 0 38.09696 48.08326 0 43.83326 52.30944 0 39.02018 50.20826 0 44.40265 53.62218 0 39.63232 51.76387 0 45.95826 55.47404 0 40.00383 39.63232 0 53.62218 39.02018 0 52.30944 43.83326 0 48.08326 38.09696 0 47.5599 44.40265 0 45.95826 39.51159 0 42.93288 42.93288 0 39.51159 9 0 74.45804 13.39177 0 73.79473 26.35311 0 70.21762 28.04289 0 64.13732 38.18933 0 58.66493 -57.28991 0 39.48422 -50.83326 0 43.32012 -52.8464 0 45.33326 57.28991 0 39.48422 66.04467 0 35.54015 52.33326 0 48.08326 51.76387 0 50.20826 50.83326 0 -43.32012 52.8464 0 -45.33326 62.59299 0 -41.31727 53.58326 0 -48.08326 54.20962 0 -51.8297 52.30944 0 -39.02018 47.5599 0 -38.09696 45.33326 0 -43.32012 42.93288 0 -39.51159 43.32012 0 -45.33326 39.51159 0 -42.93288 42.58326 0 -48.08326 38.09696 0 -47.5599 43.32012 0 -50.83326 39.02018 0 -52.30944 45.33326 0 -52.8464 39.63232 0 -53.62218 40.00383 0 -55.47404 39.48422 0 -57.28991 32.54128 0 -67.57267 48.08326 0 -53.58326 44.08389 0 -60.67627 50.83326 0 -52.8464 52.8464 0 -50.83326 -38.18933 0 -58.66493 -32.54128 0 -67.57267 -48.08326 0 -52.33326 58.66493 0 38.18933 64.13732 0 28.04289 71.32924 0 23.17628 67.8702 0 17.13585 74.32124 0 10.06749 69.76229 0 5.764061 74.92448 0 -3.364862 69.76229 0 -5.764061 73.1196 0 -16.68907 67.8702 0 -17.13585 68.96459 0 -29.47688 64.13732 0 -28.04289 58.66493 0 -38.18933 38.18933 0 -58.66493 28.04289 0 -64.13732 19.95276 0 -72.29722 17.13585 0 -67.8702 6.722948 0 -74.69808 5.764061 0 -69.76229 -6.722948 0 -74.69808 -5.764061 0 -69.76229 -19.95276 0 -72.29722 -17.13585 0 -67.8702 -28.04289 0 -64.13732 -57.28991 0 -39.48422 -58.66493 0 -38.18933 -68.96459 0 -29.47688 -64.13732 0 -28.04289 -73.1196 0 -16.68907 -67.8702 0 -17.13585 -74.92448 0 -3.364862 -69.76229 0 -5.764061 -74.32124 0 10.06749 -69.76229 0 5.764061 -71.32924 0 23.17628 -67.8702 0 17.13585 -66.04467 0 35.54015 -64.13732 0 28.04289 -58.66493 0 38.18933 55.82455 53.54713 42.53594 59.22278 43.25042 44.10943 62.1391 43.25042 39.89626 42.53594 53.54713 -55.82455 44.10943 43.25042 -59.22278 43.40459 43.25042 -59.74129 -55.82455 53.54713 -42.53594 -59.22278 43.25042 -44.10943 -61.62847 43.25042 -40.6806 -42.53594 53.54713 55.82455 -44.10943 43.25042 59.22278 -37.87468 43.25042 63.39154 -30.55744 83.3748 51.14453 -40.27049 70.1597 50.09753 -40.76737 65.17104 51.96791 -40.95978 63.8408 52.41795 -47.35331 76.02137 40.31821 -46.55363 77.38832 40.5023 -46.57984 83.3748 37.14618 -43.84418 80.55971 41.80281 -43.06257 83.3748 41.17203 -44.3353 80.186 41.47632 -45.32359 79.14073 40.95047 -43.14285 80.88758 42.36002 -42.45703 80.9132 43.03459 -39.19858 83.3748 44.86638 -41.92429 80.66068 43.67828 -41.34616 79.98728 44.55315 -41.28886 79.88908 44.65382 -40.7461 78.49559 45.81484 -40.5926 77.85758 46.25315 -35.01898 83.3748 48.1995 -40.25822 75.31276 47.7344 -40.20285 71.65061 49.47061 -55.82455 53.54713 42.53594 -52.41795 63.8408 40.95978 -52.46399 83.3748 28.23208 -49.72208 83.3748 32.82126 -50.76044 68.4862 40.39429 -48.85771 73.02247 40.18188 -46.57984 83.3748 -37.14618 -43.06257 83.3748 -41.17203 -43.67828 80.66068 -41.92429 -46.25315 77.85758 -40.5926 -47.7344 75.31276 -40.25822 -49.72208 83.3748 -32.82126 -44.55315 79.98728 -41.34616 -44.65382 79.88908 -41.28886 -45.81484 78.49559 -40.7461 -49.47061 71.65061 -40.20285 -50.09753 70.1597 -40.27049 -51.96791 65.17104 -40.76737 -52.41795 63.8408 -40.95978 -42.53594 53.54713 -55.82455 -40.95978 63.8408 -52.41795 -35.01898 83.3748 -48.1995 -40.39429 68.4862 -50.76044 -40.18188 73.02247 -48.85771 -40.31821 76.02137 -47.35331 -41.47632 80.186 -44.3353 -39.19858 83.3748 -44.86638 -40.95047 79.14073 -45.32359 -40.5023 77.38832 -46.55363 -41.80281 80.55971 -43.84418 -42.36002 80.88758 -43.14285 -43.03459 80.9132 -42.45703 43.06257 83.3748 -41.17203 43.14285 80.88758 -42.36002 42.45703 80.9132 -43.03459 39.19858 83.3748 -44.86638 41.92429 80.66068 -43.67828 41.34616 79.98728 -44.55315 35.01898 83.3748 -48.1995 41.28886 79.88908 -44.65382 40.7461 78.49559 -45.81484 40.5926 77.85758 -46.25315 40.25822 75.31276 -47.7344 40.20285 71.65061 -49.47061 40.27049 70.1597 -50.09753 40.76737 65.17104 -51.96791 40.95978 63.8408 -52.41795 61.62847 43.25042 -40.6806 59.22278 43.25042 -44.10943 55.82455 53.54713 -42.53594 52.41795 63.8408 -40.95978 50.76044 68.4862 -40.39429 49.72208 83.3748 -32.82126 48.85771 73.02247 -40.18188 47.35331 76.02137 -40.31821 46.55363 77.38832 -40.5023 45.32359 79.14073 -40.95047 46.57984 83.3748 -37.14618 44.3353 80.186 -41.47632 43.84418 80.55971 -41.80281 52.41795 63.8408 40.95978 41.47632 80.186 44.3353 39.19858 83.3748 44.86638 40.95047 79.14073 45.32359 40.5023 77.38832 46.55363 41.80281 80.55971 43.84418 42.36002 80.88758 43.14285 43.06257 83.3748 41.17203 43.03459 80.9132 42.45703 43.67828 80.66068 41.92429 46.57984 83.3748 37.14618 44.55315 79.98728 41.34616 44.65382 79.88908 41.28886 45.81484 78.49559 40.7461 46.25315 77.85758 40.5926 47.7344 75.31276 40.25822 49.47061 71.65061 40.20285 50.09753 70.1597 40.27049 51.96791 65.17104 40.76737 49.72208 83.3748 32.82126 42.53594 53.54713 55.82455 40.95978 63.8408 52.41795 30.55744 83.3748 51.14453 40.39429 68.4862 50.76044 40.18188 73.02247 48.85771 40.31821 76.02137 47.35331 35.01898 83.3748 48.1995 52.46399 83.3748 28.23208 65.02696 43.25042 34.9925 54.78349 83.3748 23.41559 67.90188 43.25042 29.02266 56.6619 83.3748 18.41057 70.2301 43.25042 22.81914 58.08411 83.3748 13.25732 71.99287 43.25042 16.4319 59.03866 83.3748 7.997329 73.17598 43.25042 9.912361 59.51786 83.3748 2.67295 73.76994 43.25042 3.313012 59.51786 83.3748 -2.67295 73.76994 43.25042 -3.313012 59.03866 83.3748 -7.997329 73.17598 43.25042 -9.912361 58.08411 83.3748 -13.25732 71.99287 43.25042 -16.4319 56.6619 83.3748 -18.41057 70.2301 43.25042 -22.81914 54.78349 83.3748 -23.41559 67.90188 43.25042 -29.02266 52.46399 83.3748 -28.23208 65.02696 43.25042 -34.9925 30.55744 83.3748 -51.14453 37.87468 43.25042 -63.39154 25.84986 83.3748 -53.67779 32.03984 43.25042 -66.53141 20.93416 83.3748 -55.77886 25.94703 43.25042 -69.13561 15.8499 83.3748 -57.43083 19.6453 43.25042 -71.18316 10.63804 83.3748 -58.62041 13.18541 43.25042 -72.65759 5.340517 83.3748 -59.33801 6.619351 43.25042 -73.54702 0 83.3748 -59.57785 0 43.25042 -73.84429 -5.340517 83.3748 -59.33801 -6.619351 43.25042 -73.54702 -10.63804 83.3748 -58.62041 -13.18541 43.25042 -72.65759 -15.8499 83.3748 -57.43083 -19.6453 43.25042 -71.18316 -20.93416 83.3748 -55.77886 -25.94703 43.25042 -69.13561 -25.84986 83.3748 -53.67779 -32.03984 43.25042 -66.53141 -30.55744 83.3748 -51.14453 -37.87468 43.25042 -63.39154 -43.40459 43.25042 -59.74129 -44.10943 43.25042 -59.22278 -52.46399 83.3748 -28.23208 -65.02696 43.25042 -34.9925 -54.78349 83.3748 -23.41559 -67.90188 43.25042 -29.02266 -56.6619 83.3748 -18.41057 -70.2301 43.25042 -22.81914 -58.08411 83.3748 -13.25732 -71.99287 43.25042 -16.4319 -59.03866 83.3748 -7.997329 -73.17598 43.25042 -9.912361 -59.51786 83.3748 -2.67295 -73.76994 43.25042 -3.313012 -59.51786 83.3748 2.67295 -73.76994 43.25042 3.313012 -59.03866 83.3748 7.997329 -73.17598 43.25042 9.912361 -58.08411 83.3748 13.25732 -71.99287 43.25042 16.4319 -56.6619 83.3748 18.41057 -70.2301 43.25042 22.81914 -54.78349 83.3748 23.41559 -67.90188 43.25042 29.02266 -65.02696 43.25042 34.9925 -62.1391 43.25042 39.89626 -59.22278 43.25042 44.10943 -25.84986 83.3748 53.67779 -32.03984 43.25042 66.53141 -20.93416 83.3748 55.77886 -25.94703 43.25042 69.13561 -15.8499 83.3748 57.43083 -19.6453 43.25042 71.18316 -10.63804 83.3748 58.62041 -13.18541 43.25042 72.65759 -5.340517 83.3748 59.33801 -6.619351 43.25042 73.54702 0 83.3748 59.57785 0 43.25042 73.84429 5.340517 83.3748 59.33801 6.619351 43.25042 73.54702 10.63804 83.3748 58.62041 13.18541 43.25042 72.65759 15.8499 83.3748 57.43083 19.6453 43.25042 71.18316 20.93416 83.3748 55.77886 25.94703 43.25042 69.13561 25.84986 83.3748 53.67779 32.03984 43.25042 66.53141 37.87468 43.25042 63.39154 44.10943 43.25042 59.22278 5.288719 86.72489 58.76248 10.53486 86.72489 58.05184 0 100 59 11.87661 100 57.79227 20.73111 86.72489 55.23785 23.267 100 54.21851 15.69617 86.72489 56.87381 11.87661 86.72489 57.79227 30.26106 86.72489 50.64848 33.70483 100 48.42504 25.59914 86.72489 53.15716 23.267 86.72489 54.21851 33.70483 86.72489 48.42504 34.67933 86.72489 47.732 42.76277 100 40.64905 38.81838 86.72489 44.43122 42.6449 86.72489 40.77269 49.23982 86.72489 32.50292 50.07001 100 31.20888 46.12805 86.72489 36.7859 42.76277 86.72489 40.64905 50.07001 86.72489 31.20888 51.95514 86.72489 27.95825 55.32737 100 20.49101 54.25214 86.72489 23.18848 55.32737 86.72489 20.49101 56.11233 86.72489 18.232 57.52075 86.72489 13.12874 58.31963 100 8.93424 58.31963 86.72489 8.93424 58.46604 86.72489 7.919762 58.92427 100 -2.988301 58.94059 86.72489 2.647025 58.94059 86.72489 -2.647025 57.52075 86.72489 -13.12874 57.11655 100 -14.7885 58.46604 86.72489 -7.919762 58.92427 86.72489 -2.988301 57.11655 86.72489 -14.7885 56.11233 86.72489 -18.232 52.97047 100 -25.98326 54.25214 86.72489 -23.18848 52.97047 86.72489 -25.98326 46.65576 86.72489 -36.11425 46.65576 100 -36.11425 49.23982 86.72489 -32.50292 51.95514 86.72489 -27.95825 46.12805 86.72489 -36.7859 42.6449 86.72489 -40.77269 38.43098 100 -44.76673 38.81838 86.72489 -44.43122 38.43098 86.72489 -44.76673 34.67933 86.72489 -47.732 30.26106 86.72489 -50.64848 28.63282 100 -51.58645 20.73111 86.72489 -55.23785 17.66242 100 -56.29421 25.59914 86.72489 -53.15716 28.63282 86.72489 -51.58645 17.66242 86.72489 -56.29421 15.69617 86.72489 -56.87381 5.968931 100 -58.69729 10.53486 86.72489 -58.05184 5.968931 86.72489 -58.69729 5.288719 86.72489 -58.76248 0 86.72489 -59 -5.288719 86.72489 -58.76248 -5.968931 100 -58.69729 -15.69617 86.72489 -56.87381 -17.66242 100 -56.29421 -10.53486 86.72489 -58.05184 -5.968931 86.72489 -58.69729 -17.66242 86.72489 -56.29421 -20.73111 86.72489 -55.23785 -28.63282 100 -51.58645 -25.59914 86.72489 -53.15716 -28.63282 86.72489 -51.58645 -38.43098 86.72489 -44.76673 -38.43098 100 -44.76673 -34.67933 86.72489 -47.732 -30.26106 86.72489 -50.64848 -46.12805 86.72489 -36.7859 -46.65576 100 -36.11425 -42.6449 86.72489 -40.77269 -38.81838 86.72489 -44.43122 -51.95514 86.72489 -27.95825 -52.97047 100 -25.98326 -49.23982 86.72489 -32.50292 -46.65576 86.72489 -36.11425 -52.97047 86.72489 -25.98326 -54.25214 86.72489 -23.18848 -57.11655 100 -14.7885 -56.11233 86.72489 -18.232 -57.11655 86.72489 -14.7885 -57.52075 86.72489 -13.12874 -58.46604 86.72489 -7.919762 -58.92427 100 -2.988301 -58.92427 86.72489 -2.988301 -58.94059 86.72489 -2.647025 -58.94059 86.72489 2.647025 -58.46604 86.72489 7.919762 -58.31963 100 8.93424 -58.31963 86.72489 8.93424 -57.52075 86.72489 13.12874 -55.32737 100 20.49101 -56.11233 86.72489 18.232 -55.32737 86.72489 20.49101 -50.07001 86.72489 31.20888 -50.07001 100 31.20888 -51.95514 86.72489 27.95825 -54.25214 86.72489 23.18848 -49.23982 86.72489 32.50292 -46.12805 86.72489 36.7859 -42.76277 100 40.64905 -42.76277 86.72489 40.64905 -42.6449 86.72489 40.77269 -38.81838 86.72489 44.43122 -34.67933 86.72489 47.732 -33.70483 100 48.42504 -25.59914 86.72489 53.15716 -23.267 100 54.21851 -30.26106 86.72489 50.64848 -33.70483 86.72489 48.42504 -23.267 86.72489 54.21851 -20.73111 86.72489 55.23785 -11.87661 100 57.79227 -15.69617 86.72489 56.87381 -11.87661 86.72489 57.79227 -10.53486 86.72489 58.05184 -5.288719 86.72489 58.76248 0 86.72489 59 5.867763 100 57.70242 0 100 58 0 100 59 -5.867763 100 57.70242 -17.36306 100 55.34008 -28.14751 100 50.7121 -37.7796 100 44.00797 -45.86499 100 35.50215 -52.07266 100 25.54286 -56.14847 100 14.53785 -57.92555 100 2.937652 -57.33116 100 -8.782812 -54.38962 100 -20.14371 -49.22137 100 -30.67991 -42.03798 100 -39.96008 -33.13356 100 -47.60428 -22.87264 100 -53.29955 -11.67531 100 -56.81274 0 100 -58 11.67531 100 -56.81274 22.87264 100 -53.29955 33.13356 100 -47.60428 42.03798 100 -39.96008 49.22137 100 -30.67991 54.38962 100 -20.14371 57.33116 100 -8.782812 57.92555 100 2.937652 56.14847 100 14.53785 52.07266 100 25.54286 45.86499 100 35.50215 37.7796 100 44.00797 28.14751 100 50.7121 17.36306 100 55.34008 58.66493 0 -38.18933 64.13732 0 -28.04289 67.8702 0 -17.13585 69.76229 0 -5.764061 69.76229 0 5.764061 67.8702 0 17.13585 64.13732 0 28.04289 58.66493 0 38.18933 0 83.3748 59.57785 0 86.72489 59 47.5599 0 -38.09696 39.02018 0 -52.30944 38.09696 0 -47.5599 39.51159 0 -42.93288 42.93288 0 -39.51159 52.30944 0 -39.02018 52.30944 0 -39.02018 53.62218 0 -39.63232 39.63232 0 -53.62218 39.02018 0 -52.30944 -38.09696 0 47.5599 -39.02018 0 52.30944 -39.51159 0 42.93288 -42.93288 0 39.51159 -47.5599 0 38.09696 -52.30944 0 39.02018 -52.30944 0 39.02018 -53.62218 0 39.63232 -39.63232 0 53.62218 -39.02018 0 52.30944 52.30944 0 39.02018 47.5599 0 38.09696 42.93288 0 39.51159 39.51159 0 42.93288 38.09696 0 47.5599 39.02018 0 52.30944 39.02018 0 52.30944 39.63232 0 53.62218 53.62218 0 39.63232 52.30944 0 39.02018 -53.62218 0 -39.63232 -52.30944 0 -39.02018 -52.30944 0 -39.02018 -47.5599 0 -38.09696 -42.93288 0 -39.51159 -39.51159 0 -42.93288 -38.09696 0 -47.5599 -39.02018 0 -52.30944 -39.02018 0 -52.30944 -39.63232 0 -53.62218 58.66493 0 38.18933 57.28991 0 39.48422 55.47404 0 40.00383 53.62218 0 39.63232 39.63232 0 53.62218 40.00383 0 55.47404 39.48422 0 57.28991 38.18933 0 58.66493 -38.18933 0 58.66493 -39.48422 0 57.28991 -40.00383 0 55.47404 -39.63232 0 53.62218 -53.62218 0 39.63232 -55.47404 0 40.00383 -57.28991 0 39.48422 -58.66493 0 38.18933 -58.66493 0 -38.18933 -57.28991 0 -39.48422 -55.47404 0 -40.00383 -53.62218 0 -39.63232 -39.63232 0 -53.62218 -40.00383 0 -55.47404 -39.48422 0 -57.28991 -38.18933 0 -58.66493 38.18933 0 -58.66493 39.48422 0 -57.28991 40.00383 0 -55.47404 39.63232 0 -53.62218 53.62218 0 -39.63232 55.47404 0 -40.00383 57.28991 0 -39.48422 58.66493 0 -38.18933 -69.5 28.36603 0 0 28.36603 69.5 69.5 28.36603 0 41.28595 63.5058 51.2529 41.28595 25.5 51.2529 40.7812 68.15119 49.79495 40.6118 25.5 48.73693 40.83882 25.5 46.14212 40.69279 75.68637 46.80619 40.59354 25.5 47.69074 40.5924 73.67981 47.71313 40.58337 72.68746 48.1245 41.65451 25.5 44.22048 41.23227 78.80573 45.03139 40.84849 77.05332 46.10637 41.93962 25.5 43.78144 41.96799 80.2247 43.74119 41.68564 79.85099 44.16913 46.14212 25.5 40.83882 45.8436 77.52257 40.92547 44.22048 25.5 41.65451 45.46049 78.16058 41.0568 42.45088 80.55258 43.13085 43.03673 80.57819 42.53506 43.59673 80.32567 42.07318 43.78144 25.5 41.93962 44.35906 79.65228 41.57324 44.44687 79.55407 41.52379 50.85678 64.83602 41.11493 48.73693 25.5 40.6118 51.2529 63.5058 41.28595 51.2529 25.5 41.28595 49.21258 69.82469 40.66877 48.66221 71.3156 40.60564 47.69074 25.5 40.59354 47.72063 73.66218 40.59203 47.13992 74.97775 40.64282 42.87121 53.21212 54.65248 44.45293 42.91542 58.04451 44.5252 42.42317 58.19948 44.82506 39.53182 58.84254 44.92659 36.55023 59.06027 44.92659 25.5 59.06027 54.65248 53.21212 42.87121 59.06027 25.5 44.92659 59.06027 36.55023 44.92659 59.0536 37.07372 44.92348 58.7629 40.03068 44.78792 58.04451 42.91542 44.45293 44.40265 25 45.95826 41.32178 25 46.27153 43.83326 25 48.08326 41.1099 25 48.69335 44.40265 25 50.20826 41.7391 25 51.04159 45.95826 25 51.76387 45.24388 25 58.55759 48.08326 25 52.33326 48.68746 25 55.72729 50.20826 25 51.76387 48.08326 25 43.83326 46.27153 25 41.32178 45.95826 25 44.40265 44.06822 25 42.3492 42.3492 25 44.06822 51.76387 25 50.20826 53.48682 25 51.13864 52.33326 25 48.08326 57.85552 25 46.13824 51.76387 25 45.95826 58.55759 25 45.24388 50.20826 25 44.40265 51.04159 25 41.7391 48.69335 25 41.1099 -51.2529 63.5058 41.28595 -51.2529 25.5 41.28595 -49.79495 68.15119 40.7812 -49.51433 25.5 40.72106 -48.1245 72.68746 40.58337 -47.69074 25.5 40.59354 -45.89047 25.5 40.91097 -46.80619 75.68637 40.69279 -47.71313 73.67981 40.5924 -44.22048 25.5 41.65451 -45.03139 78.80573 41.23227 -46.10637 77.05332 40.84849 -42.53506 80.57819 43.03673 -43.13085 80.55258 42.45088 -42.77996 25.5 42.77996 -43.74119 80.2247 41.96799 -44.16913 79.85099 41.68564 -40.91097 25.5 45.89047 -40.92547 77.52257 45.8436 -41.65451 25.5 44.22048 -41.0568 78.16058 45.46049 -41.52379 79.55407 44.44687 -41.57324 79.65228 44.35906 -42.07318 80.32567 43.59673 -40.59354 25.5 47.69074 -40.72106 25.5 49.51433 -40.66877 69.82469 49.21258 -40.60564 71.3156 48.66221 -40.59203 73.66218 47.72063 -40.64282 74.97775 47.13992 -41.28595 25.5 51.2529 -41.28595 63.5058 51.2529 -41.11493 64.83602 50.85678 -54.65248 53.21212 42.87121 -58.04451 42.91542 44.45293 -58.19948 42.42317 44.5252 -58.84254 39.53182 44.82506 -59.06027 36.55023 44.92659 -59.06027 25.5 44.92659 -42.87121 53.21212 54.65248 -44.92659 25.5 59.06027 -44.92659 36.55023 59.06027 -44.92348 37.07372 59.0536 -44.78792 40.03068 58.7629 -44.45293 42.91542 58.04451 -44.40265 25 50.20826 -45.95826 25 51.76387 -45.24388 25 58.55759 -48.68746 25 55.72729 -48.08326 25 52.33326 -50.20826 25 51.76387 -53.48682 25 51.13864 -51.76387 25 50.20826 -58.55759 25 45.24388 -41.38912 25 46.03666 -44.40265 25 45.95826 -43.83326 25 48.08326 -41.7391 25 51.04159 -41.21187 25 49.41892 -41.09285 25 47.71691 -52.33326 25 48.08326 -51.76387 25 45.95826 -51.04159 25 41.7391 -50.20826 25 44.40265 -49.41892 25 41.21187 -48.08326 25 43.83326 -42.08309 25 44.478 -43.13351 25 43.13351 -45.95826 25 44.40265 -44.478 25 42.08309 -46.03666 25 41.38912 -47.71691 25 41.09285 -54.65248 53.21212 -42.87121 -51.2529 63.5058 -41.28595 -51.2529 25.5 -41.28595 -59.06027 25.5 -44.92659 -59.06027 36.55023 -44.92659 -59.0536 37.07372 -44.92348 -58.7629 40.03068 -44.78792 -58.04451 42.91542 -44.45293 -41.28595 63.5058 -51.2529 -41.28595 25.5 -51.2529 -40.7812 68.15119 -49.79495 -40.6118 25.5 -48.73693 -40.83882 25.5 -46.14212 -40.69279 75.68637 -46.80619 -40.59354 25.5 -47.69074 -40.5924 73.67981 -47.71313 -40.58337 72.68746 -48.1245 -41.65451 25.5 -44.22048 -41.23227 78.80573 -45.03139 -40.84849 77.05332 -46.10637 -41.93962 25.5 -43.78144 -41.96799 80.2247 -43.74119 -41.68564 79.85099 -44.16913 -46.14212 25.5 -40.83882 -45.8436 77.52257 -40.92547 -44.22048 25.5 -41.65451 -45.46049 78.16058 -41.0568 -42.45088 80.55258 -43.13085 -43.03673 80.57819 -42.53506 -43.59673 80.32567 -42.07318 -43.78144 25.5 -41.93962 -44.35906 79.65228 -41.57324 -44.44687 79.55407 -41.52379 -50.85678 64.83602 -41.11493 -48.73693 25.5 -40.6118 -49.21258 69.82469 -40.66877 -48.66221 71.3156 -40.60564 -47.69074 25.5 -40.59354 -47.72063 73.66218 -40.59203 -47.13992 74.97775 -40.64282 -42.87121 53.21212 -54.65248 -44.45293 42.91542 -58.04451 -44.5252 42.42317 -58.19948 -44.82506 39.53182 -58.84254 -44.92659 36.55023 -59.06027 -44.92659 25.5 -59.06027 -51.76387 25 -45.95826 -52.33326 25 -48.08326 -58.55759 25 -45.24388 -53.48682 25 -51.13864 -51.76387 25 -50.20826 -49.50452 25 -55.00275 -50.20826 25 -51.76387 -45.24388 25 -58.55759 -48.08326 25 -43.83326 -46.27153 25 -41.32178 -45.95826 25 -44.40265 -44.06822 25 -42.3492 -44.40265 25 -45.95826 -48.08326 25 -52.33326 -45.95826 25 -51.76387 -41.7391 25 -51.04159 -44.40265 25 -50.20826 -41.1099 25 -48.69335 -43.83326 25 -48.08326 -41.32178 25 -46.27153 -42.3492 25 -44.06822 -50.20826 25 -44.40265 -51.04159 25 -41.7391 -48.69335 25 -41.1099 51.2529 63.5058 -41.28595 51.2529 25.5 -41.28595 49.79495 68.15119 -40.7812 48.73693 25.5 -40.6118 46.14212 25.5 -40.83882 46.80619 75.68637 -40.69279 47.69074 25.5 -40.59354 47.71313 73.67981 -40.5924 48.1245 72.68746 -40.58337 44.22048 25.5 -41.65451 45.03139 78.80573 -41.23227 46.10637 77.05332 -40.84849 43.78144 25.5 -41.93962 43.74119 80.2247 -41.96799 44.16913 79.85099 -41.68564 40.83882 25.5 -46.14212 40.92547 77.52257 -45.8436 41.65451 25.5 -44.22048 41.0568 78.16058 -45.46049 43.13085 80.55258 -42.45088 42.53506 80.57819 -43.03673 42.07318 80.32567 -43.59673 41.93962 25.5 -43.78144 41.57324 79.65228 -44.35906 41.52379 79.55407 -44.44687 41.11493 64.83602 -50.85678 40.6118 25.5 -48.73693 41.28595 63.5058 -51.2529 41.28595 25.5 -51.2529 40.66877 69.82469 -49.21258 40.60564 71.3156 -48.66221 40.59354 25.5 -47.69074 40.59203 73.66218 -47.72063 40.64282 74.97775 -47.13992 54.65248 53.21212 -42.87121 58.04451 42.91542 -44.45293 58.19948 42.42317 -44.5252 58.84254 39.53182 -44.82506 59.06027 36.55023 -44.92659 59.06027 25.5 -44.92659 42.87121 53.21212 -54.65248 44.92659 25.5 -59.06027 44.92659 36.55023 -59.06027 44.92348 37.07372 -59.0536 44.78792 40.03068 -58.7629 44.45293 42.91542 -58.04451 43.83326 25 -48.08326 44.40265 25 -50.20826 41.7391 25 -51.04159 45.24388 25 -58.55759 58.55759 25 -45.24388 51.76387 25 -45.95826 51.04159 25 -41.7391 50.20826 25 -44.40265 48.69335 25 -41.1099 48.08326 25 -43.83326 46.27153 25 -41.32178 45.95826 25 -44.40265 45.95826 25 -51.76387 48.08326 25 -52.33326 49.50452 25 -55.00275 50.20826 25 -51.76387 53.48682 25 -51.13864 51.76387 25 -50.20826 52.33326 25 -48.08326 41.1099 25 -48.69335 41.32178 25 -46.27153 44.40265 25 -45.95826 42.3492 25 -44.06822 44.06822 25 -42.3492 -60.27973 37.10127 -44.61183 -59.97522 40.21386 -44.46712 -60.05864 39.68875 44.50677 -62.3501 39.9498 -41.15694 -65.78838 39.9498 -35.40223 -68.69696 39.9498 -29.36249 -71.05244 39.9498 -23.08634 -72.83585 39.9498 -16.62431 -74.03282 39.9498 -10.02843 -74.63374 39.9498 -3.351804 -74.63374 39.9498 3.351804 -74.03282 39.9498 10.02843 -72.83585 39.9498 16.62431 -71.05244 39.9498 23.08634 -68.69696 39.9498 29.36249 -65.78838 39.9498 35.40223 -62.8667 39.9498 40.36342 -59.38509 42.73227 44.18661 -44.61183 37.10127 60.27973 -44.46712 40.21386 59.97522 44.50677 39.68875 60.05864 -38.31817 39.9498 64.13381 -32.415 39.9498 67.31045 -26.25085 39.9498 69.94513 -19.87533 39.9498 72.01666 -13.3398 39.9498 73.50836 -6.696859 39.9498 74.4082 0 39.9498 74.70896 0 43.25042 73.84429 6.696859 39.9498 74.4082 13.3398 39.9498 73.50836 19.87533 39.9498 72.01666 26.25085 39.9498 69.94513 32.415 39.9498 67.31045 38.31817 39.9498 64.13381 0 36.55023 75 44.18661 42.73227 59.38509 44.61183 37.10127 -60.27973 44.46712 40.21386 -59.97522 -44.18661 42.73227 -59.38509 43.91282 39.9498 -60.44081 38.31817 39.9498 -64.13381 32.415 39.9498 -67.31045 26.25085 39.9498 -69.94513 19.87533 39.9498 -72.01666 13.3398 39.9498 -73.50836 6.696859 39.9498 -74.4082 0 39.9498 -74.70896 0 43.25042 -73.84429 -6.696859 39.9498 -74.4082 -13.3398 39.9498 -73.50836 -19.87533 39.9498 -72.01666 -26.25085 39.9498 -69.94513 -32.415 39.9498 -67.31045 -38.31817 39.9498 -64.13381 -44.50677 39.68875 -60.05864 0 36.55023 -75 60.27973 37.10127 44.61183 60.05864 39.68875 -44.50677 59.97522 40.21386 44.46712 62.8667 39.9498 40.36342 65.78838 39.9498 35.40223 68.69696 39.9498 29.36249 71.05244 39.9498 23.08634 72.83585 39.9498 16.62431 74.03282 39.9498 10.02843 74.63374 39.9498 3.351804 74.63374 39.9498 -3.351804 74.03282 39.9498 -10.02843 72.83585 39.9498 -16.62431 71.05244 39.9498 -23.08634 68.69696 39.9498 -29.36249 65.78838 39.9498 -35.40223 62.3501 39.9498 -41.15694 59.38509 42.73227 -44.18661 59.50323 25.5 45.02008 59.50323 36.55023 45.02008 59.94202 25.5 44.90865 59.94202 36.55023 44.90865 59.49642 37.08612 45.01689 59.9351 37.09598 44.90539 59.19966 40.11321 44.8781 59.63352 40.17877 44.7633 58.46628 43.06681 44.53509 58.88823 43.18678 44.41209 55.0709 53.36278 42.95347 55.49017 53.48262 42.83354 51.66756 63.65563 41.36832 52.08383 63.77534 41.25178 51.65195 65.10112 41.05114 51.2572 64.9821 41.17462 49.54376 69.95841 40.6546 48.9674 71.44607 40.5735 47.36826 75.10096 40.57781 46.00266 77.64125 40.85226 45.59872 78.27816 40.98487 44.52988 79.66937 41.4642 44.43732 79.76741 41.51538 43.63413 80.43974 42.03538 43.04505 80.69186 42.51853 42.43033 80.66629 43.14398 41.92566 80.33893 43.78625 41.63192 79.96581 44.23711 41.16391 78.92224 45.14622 40.77541 77.17279 46.27965 40.62388 75.80828 47.01693 49.85186 70.07505 40.51593 49.24724 71.56204 40.43407 47.57126 75.21537 40.44648 46.14124 77.7546 40.73962 45.71836 78.39127 40.87997 44.59942 79.78192 41.38526 44.5025 79.87993 41.43911 43.66146 80.552 41.98549 43.04433 80.80403 42.4924 42.39991 80.77846 43.14799 41.87029 80.45123 43.82077 41.56166 80.07826 44.29289 41.06898 79.03509 45.24465 40.65807 77.28635 46.43125 40.4963 75.92238 47.20329 40.39855 72.93048 48.65579 40.65403 68.4062 50.49063 41.25178 63.77534 52.08383 40.53681 72.8151 48.40328 40.78963 68.28878 50.15225 41.36832 63.65563 51.66756 42.95347 53.36278 55.0709 42.83354 53.48262 55.49017 44.53509 43.06681 58.46628 44.41209 43.18678 58.88823 44.6091 42.56277 58.6245 44.48786 42.67344 59.04902 44.91613 39.6025 59.28096 44.80223 39.65866 59.71614 45.02008 36.55023 59.50323 44.90865 36.55023 59.94202 44.90865 25.5 59.94202 45.02008 25.5 59.50323 -59.94202 25.5 44.90865 -59.94202 36.55023 44.90865 -59.50323 25.5 45.02008 -59.50323 36.55023 45.02008 -58.6245 42.56277 44.6091 -58.46628 43.06681 44.53509 -59.04902 42.67344 44.48786 -58.88823 43.18678 44.41209 -59.28096 39.6025 44.91613 -59.71614 39.65866 44.80223 -55.0709 53.36278 42.95347 -51.66756 63.65563 41.36832 -55.49017 53.48262 42.83354 -52.08383 63.77534 41.25178 -41.25178 63.77534 52.08383 -41.36832 63.65563 51.66756 -41.05114 65.10112 51.65195 -41.17462 64.9821 51.2572 -40.6546 69.95841 49.54376 -40.5735 71.44607 48.9674 -40.57781 75.10096 47.36826 -40.85226 77.64125 46.00266 -40.98487 78.27816 45.59872 -41.4642 79.66937 44.52988 -41.51538 79.76741 44.43732 -42.03538 80.43974 43.63413 -42.51853 80.69186 43.04505 -43.14398 80.66629 42.43033 -43.78625 80.33893 41.92566 -44.23711 79.96581 41.63192 -45.14622 78.92224 41.16391 -46.27965 77.17279 40.77541 -47.01693 75.80828 40.62388 -40.51593 70.07505 49.85186 -40.43407 71.56204 49.24724 -40.44648 75.21537 47.57126 -40.73962 77.7546 46.14124 -40.87997 78.39127 45.71836 -41.38526 79.78192 44.59942 -41.43911 79.87993 44.5025 -41.98549 80.552 43.66146 -42.4924 80.80403 43.04433 -43.14799 80.77846 42.39991 -43.82077 80.45123 41.87029 -44.29289 80.07826 41.56166 -45.24465 79.03509 41.06898 -46.43125 77.28635 40.65807 -47.20329 75.92238 40.4963 -48.65579 72.93048 40.39855 -50.49063 68.4062 40.65403 -48.40328 72.8151 40.53681 -50.15225 68.28878 40.78963 -42.95347 53.36278 55.0709 -44.53509 43.06681 58.46628 -42.83354 53.48262 55.49017 -44.41209 43.18678 58.88823 -45.01689 37.08612 59.49642 -45.02008 36.55023 59.50323 -44.90539 37.09598 59.9351 -44.90865 36.55023 59.94202 -44.8781 40.11321 59.19966 -44.7633 40.17877 59.63352 -45.02008 25.5 59.50323 -44.90865 25.5 59.94202 -59.50323 25.5 -45.02008 -59.50323 36.55023 -45.02008 -59.94202 25.5 -44.90865 -59.94202 36.55023 -44.90865 -59.49642 37.08612 -45.01689 -59.9351 37.09598 -44.90539 -59.19966 40.11321 -44.8781 -59.63352 40.17877 -44.7633 -58.46628 43.06681 -44.53509 -58.88823 43.18678 -44.41209 -55.0709 53.36278 -42.95347 -55.49017 53.48262 -42.83354 -51.66756 63.65563 -41.36832 -52.08383 63.77534 -41.25178 -51.65195 65.10112 -41.05114 -51.2572 64.9821 -41.17462 -49.54376 69.95841 -40.6546 -48.9674 71.44607 -40.5735 -47.36826 75.10096 -40.57781 -46.00266 77.64125 -40.85226 -45.59872 78.27816 -40.98487 -44.52988 79.66937 -41.4642 -44.43732 79.76741 -41.51538 -43.63413 80.43974 -42.03538 -43.04505 80.69186 -42.51853 -42.43033 80.66629 -43.14398 -41.92566 80.33893 -43.78625 -41.63192 79.96581 -44.23711 -41.16391 78.92224 -45.14622 -40.77541 77.17279 -46.27965 -40.62388 75.80828 -47.01693 -49.85186 70.07505 -40.51593 -49.24724 71.56204 -40.43407 -47.57126 75.21537 -40.44648 -46.14124 77.7546 -40.73962 -45.71836 78.39127 -40.87997 -44.59942 79.78192 -41.38526 -44.5025 79.87993 -41.43911 -43.66146 80.552 -41.98549 -43.04433 80.80403 -42.4924 -42.39991 80.77846 -43.14799 -41.87029 80.45123 -43.82077 -41.56166 80.07826 -44.29289 -41.06898 79.03509 -45.24465 -40.65807 77.28635 -46.43125 -40.4963 75.92238 -47.20329 -40.39855 72.93048 -48.65579 -40.65403 68.4062 -50.49063 -41.25178 63.77534 -52.08383 -40.53681 72.8151 -48.40328 -40.78963 68.28878 -50.15225 -41.36832 63.65563 -51.66756 -42.95347 53.36278 -55.0709 -42.83354 53.48262 -55.49017 -44.53509 43.06681 -58.46628 -44.41209 43.18678 -58.88823 -44.6091 42.56277 -58.6245 -44.48786 42.67344 -59.04902 -44.91613 39.6025 -59.28096 -44.80223 39.65866 -59.71614 -45.02008 36.55023 -59.50323 -44.90865 36.55023 -59.94202 -44.90865 25.5 -59.94202 -45.02008 25.5 -59.50323 59.94202 25.5 -44.90865 59.94202 36.55023 -44.90865 59.50323 25.5 -45.02008 59.50323 36.55023 -45.02008 58.6245 42.56277 -44.6091 58.46628 43.06681 -44.53509 59.04902 42.67344 -44.48786 58.88823 43.18678 -44.41209 59.28096 39.6025 -44.91613 59.71614 39.65866 -44.80223 55.0709 53.36278 -42.95347 51.66756 63.65563 -41.36832 55.49017 53.48262 -42.83354 52.08383 63.77534 -41.25178 41.25178 63.77534 -52.08383 41.36832 63.65563 -51.66756 41.05114 65.10112 -51.65195 41.17462 64.9821 -51.2572 40.6546 69.95841 -49.54376 40.5735 71.44607 -48.9674 40.57781 75.10096 -47.36826 40.85226 77.64125 -46.00266 40.98487 78.27816 -45.59872 41.4642 79.66937 -44.52988 41.51538 79.76741 -44.43732 42.03538 80.43974 -43.63413 42.51853 80.69186 -43.04505 43.14398 80.66629 -42.43033 43.78625 80.33893 -41.92566 44.23711 79.96581 -41.63192 45.14622 78.92224 -41.16391 46.27965 77.17279 -40.77541 47.01693 75.80828 -40.62388 40.51593 70.07505 -49.85186 40.43407 71.56204 -49.24724 40.44648 75.21537 -47.57126 40.73962 77.7546 -46.14124 40.87997 78.39127 -45.71836 41.38526 79.78192 -44.59942 41.43911 79.87993 -44.5025 41.98549 80.552 -43.66146 42.4924 80.80403 -43.04433 43.14799 80.77846 -42.39991 43.82077 80.45123 -41.87029 44.29289 80.07826 -41.56166 45.24465 79.03509 -41.06898 46.43125 77.28635 -40.65807 47.20329 75.92238 -40.4963 48.65579 72.93048 -40.39855 50.49063 68.4062 -40.65403 48.40328 72.8151 -40.53681 50.15225 68.28878 -40.78963 42.95347 53.36278 -55.0709 44.53509 43.06681 -58.46628 42.83354 53.48262 -55.49017 44.41209 43.18678 -58.88823 45.01689 37.08612 -59.49642 45.02008 36.55023 -59.50323 44.90539 37.09598 -59.9351 44.90865 36.55023 -59.94202 44.8781 40.11321 -59.19966 44.7633 40.17877 -59.63352 45.02008 25.5 -59.50323 44.90865 25.5 -59.94202 59.03299 25.33529 44.94466 51.23681 25.30866 41.32044 58.99409 25.24905 44.97025 51.22459 25.25 41.34666 58.95217 25.18706 44.9976 51.191 25.14645 41.41868 58.82365 25.07351 45.07998 51.12245 25.03806 41.56569 51.14724 25.06699 41.51253 58.66079 25.01016 45.18134 48.72417 25.14645 40.75769 48.73361 25.30866 40.64971 46.15197 25.30866 40.87558 43.80327 25.30866 41.9708 41.9708 25.30866 43.80327 40.87558 25.30866 46.15197 41.32044 25.30866 51.23681 40.64971 25.30866 48.73361 41.41868 25.14645 51.191 40.75769 25.14645 48.72417 40.98027 25.14645 46.18002 42.05958 25.14645 43.86544 43.86544 25.14645 42.05958 46.18002 25.14645 40.98027 41.56569 25.03806 51.12245 40.91928 25.03806 48.71003 41.13696 25.03806 46.222 42.19246 25.03806 43.95848 43.95848 25.03806 42.19246 46.222 25.03806 41.13696 48.71003 25.03806 40.91928 45.17842 25.01114 58.66554 45.08064 25.07288 58.8226 45.00099 25.18059 58.94694 44.94774 25.32224 59.02833 44.92676 25.48366 59.06002 -41.34666 25.25 51.22459 -44.94466 25.33529 59.03299 -41.41868 25.14645 51.191 -44.9976 25.18706 58.95217 -45.07998 25.07351 58.82365 -41.51253 25.06699 51.14724 -45.12466 25.03768 58.75252 -45.18134 25.01016 58.66079 -40.78681 25.25 49.50154 -51.14724 25.06699 41.51253 -49.46662 25.06699 40.96646 -47.70382 25.06699 40.8432 -45.96356 25.06699 41.15005 -44.34923 25.06699 41.8688 -42.95674 25.06699 42.95674 -41.8688 25.06699 44.34923 -41.15005 25.06699 45.96356 -40.8432 25.06699 47.70382 -40.96646 25.06699 49.46662 -40.66043 25.25 47.69425 -40.97503 25.25 45.91006 -41.71192 25.25 44.25498 -42.82733 25.25 42.82733 -44.25498 25.25 41.71192 -45.91006 25.25 40.97503 -47.69425 25.25 40.66043 -49.50154 25.25 40.78681 -51.22459 25.25 41.34666 -58.66554 25.01114 45.17842 -58.94694 25.18059 45.00099 -58.8226 25.07288 45.08064 -59.06002 25.48366 44.92676 -59.02833 25.32224 44.94774 -58.99411 25.24908 44.97024 -59.03299 25.33529 -44.94466 -51.23681 25.30866 -41.32044 -58.99409 25.24905 -44.97025 -51.22459 25.25 -41.34666 -58.95217 25.18706 -44.9976 -51.191 25.14645 -41.41868 -58.82365 25.07351 -45.07998 -51.12245 25.03806 -41.56569 -51.14724 25.06699 -41.51253 -58.66079 25.01016 -45.18134 -48.72417 25.14645 -40.75769 -48.73361 25.30866 -40.64971 -46.15197 25.30866 -40.87558 -43.80327 25.30866 -41.9708 -41.9708 25.30866 -43.80327 -40.87558 25.30866 -46.15197 -41.32044 25.30866 -51.23681 -40.64971 25.30866 -48.73361 -41.41868 25.14645 -51.191 -40.75769 25.14645 -48.72417 -40.98027 25.14645 -46.18002 -42.05958 25.14645 -43.86544 -43.86544 25.14645 -42.05958 -46.18002 25.14645 -40.98027 -41.56569 25.03806 -51.12245 -40.91928 25.03806 -48.71003 -41.13696 25.03806 -46.222 -42.19246 25.03806 -43.95848 -43.95848 25.03806 -42.19246 -46.222 25.03806 -41.13696 -48.71003 25.03806 -40.91928 -45.17842 25.01114 -58.66554 -45.08064 25.07288 -58.8226 -45.00099 25.18059 -58.94694 -44.94774 25.32224 -59.02833 -44.92676 25.48366 -59.06002 41.32044 25.30866 -51.23681 44.94466 25.33529 -59.03299 41.41868 25.14645 -51.191 44.9976 25.18706 -58.95217 41.56569 25.03806 -51.12245 45.07998 25.07351 -58.82365 45.18134 25.01016 -58.66079 40.64971 25.30866 -48.73361 40.87558 25.30866 -46.15197 41.9708 25.30866 -43.80327 43.80327 25.30866 -41.9708 46.15197 25.30866 -40.87558 51.23681 25.30866 -41.32044 48.73361 25.30866 -40.64971 51.191 25.14645 -41.41868 48.72417 25.14645 -40.75769 46.18002 25.14645 -40.98027 43.86544 25.14645 -42.05958 42.05958 25.14645 -43.86544 40.98027 25.14645 -46.18002 40.75769 25.14645 -48.72417 51.12245 25.03806 -41.56569 48.71003 25.03806 -40.91928 46.222 25.03806 -41.13696 43.95848 25.03806 -42.19246 42.19246 25.03806 -43.95848 41.13696 25.03806 -46.222 40.91928 25.03806 -48.71003 58.66554 25.01114 -45.17842 58.8226 25.07288 -45.08064 58.94694 25.18059 -45.00099 59.02833 25.32224 -44.94774 59.06002 25.48366 -44.92676 59.90242 25.15483 44.95874 59.47185 25.27282 45.05183 59.37977 25.0734 45.144 59.23638 24.93045 45.28451 59.06066 24.86521 45.45114 58.95325 24.86603 45.54958 59.78609 24.84848 45.10507 59.60441 24.62222 45.3314 59.3806 24.50848 45.60638 59.24289 24.5 45.77337 45.54958 24.86603 58.95325 49.01643 24.86603 56.10382 45.77337 24.5 59.24289 49.25725 24.5 56.37947 54.11278 24.5 51.73711 58.53261 24.5 46.6782 53.84822 24.86603 51.48417 58.24644 24.86603 46.44999 45.44647 24.86587 59.0657 45.59854 24.50994 59.38703 45.28562 24.9297 59.23524 45.14986 25.06492 59.37387 45.05722 25.25499 59.4665 45.02038 25.47738 59.50293 45.3332 24.621 59.60297 45.11443 24.83531 59.77863 44.96725 25.12763 59.89567 44.90913 25.46568 59.94165 45.05183 25.27282 -59.47185 44.95874 25.15483 -59.90242 45.144 25.0734 -59.37977 45.28451 24.93045 -59.23638 45.45114 24.86521 -59.06066 45.54958 24.86603 -58.95325 45.10507 24.84848 -59.78609 45.3314 24.62222 -59.60441 45.60638 24.50848 -59.3806 45.77337 24.5 -59.24289 59.24289 24.5 -45.77337 54.11278 24.5 -51.73711 58.95325 24.86603 -45.54958 53.84822 24.86603 -51.48417 50.08388 24.5 -55.64645 49.83901 24.86603 -55.37438 59.0657 24.86587 -45.44647 59.38703 24.50994 -45.59854 59.23524 24.9297 -45.28562 59.37387 25.06492 -45.14986 59.4665 25.25499 -45.05722 59.50293 25.47738 -45.02038 59.60297 24.621 -45.3332 59.77863 24.83531 -45.11443 59.89567 25.12763 -44.96725 59.94165 25.46568 -44.90913 -59.90242 25.15483 -44.95874 -59.47185 25.27282 -45.05183 -59.37977 25.0734 -45.144 -59.23638 24.93045 -45.28451 -59.06066 24.86521 -45.45114 -58.95325 24.86603 -45.54958 -59.78609 24.84848 -45.10507 -59.60441 24.62222 -45.3314 -59.3806 24.50848 -45.60638 -59.24289 24.5 -45.77337 -45.77337 24.5 -59.24289 -50.08388 24.5 -55.64645 -45.54958 24.86603 -58.95325 -49.83901 24.86603 -55.37438 -54.11278 24.5 -51.73711 -53.84822 24.86603 -51.48417 -45.44647 24.86587 -59.0657 -45.59854 24.50994 -59.38703 -45.28562 24.9297 -59.23524 -45.14986 25.06492 -59.37387 -45.05722 25.25499 -59.4665 -45.02038 25.47738 -59.50293 -45.3332 24.621 -59.60297 -45.11443 24.83531 -59.77863 -44.96725 25.12763 -59.89567 -44.90913 25.46568 -59.94165 -45.05183 25.27282 59.47185 -44.95874 25.15483 59.90242 -45.144 25.0734 59.37977 -45.45114 24.86521 59.06066 -45.28451 24.93045 59.23638 -45.54958 24.86603 58.95325 -45.10507 24.84848 59.78609 -45.3314 24.62222 59.60441 -45.60638 24.50848 59.3806 -45.77337 24.5 59.24289 -54.11278 24.5 51.73711 -59.24289 24.5 45.77337 -58.95325 24.86603 45.54958 -53.84822 24.86603 51.48417 -49.25725 24.5 56.37947 -49.01643 24.86603 56.10382 -59.0657 24.86587 45.44647 -59.38703 24.50994 45.59854 -59.23524 24.9297 45.28562 -59.37387 25.06492 45.14986 -59.4665 25.25499 45.05722 -59.50293 25.47738 45.02038 -59.60297 24.621 45.3332 -59.77863 24.83531 45.11443 -59.89567 25.12763 44.96725 -59.94165 25.46568 44.90913 9.681248 17.5649 73.5 -9 8.091673 73.5 -10.47295 12.74686 73.5 -9.681248 17.5649 73.5 -6.796077 21.50396 73.5 -2.441329 23.71224 73.5 0 24 75 2.441329 23.71224 73.5 6.796077 21.50396 73.5 10.47295 12.74686 73.5 9 8.091673 73.5 -9 0 73.5 9 0 73.5 9 0 74.45804 6 0 73.5 -6 0 73.5 -9 0 73.5 10.53545 0 70.5 6 0 70.5 3.402112 23.58714 70.5 10.53545 23 70.5 10.39258 23.1326 70.5 10.43789 23.12343 70.5 10.48571 23.09668 70.5 10.53221 23.02627 70.5 10.51665 23.06217 70.5 -10.53545 23 70.5 -10.53491 23.01073 70.5 -6 0 70.5 -10.53545 0 70.5 -10.52534 23.04607 70.5 -10.51665 23.06217 70.5 -10.48102 23.10034 70.5 -10.43493 23.12444 70.5 -10.39258 23.1326 70.5 -4 23.55555 70.5 0 23.67712 70.5 12.5 0 68.87489 12.12846 23 69.70927 12.12846 0 69.70927 11.42468 23 70.29145 11.42468 0 70.29145 11.39187 23.23967 70.29317 12.07372 23.40893 69.71545 11.84048 23.90245 69.74154 11.25194 23.52888 70.30043 11.01946 23.75334 70.31216 10.70991 23.88991 70.32716 10.93491 24.52392 69.8385 11.45296 24.28664 69.78391 10.47545 24.57321 69.88484 10.43762 23.91563 70.33979 -11.42468 23 70.29145 -11.42468 0 70.29145 -12.12846 23 69.70927 -12.12846 0 69.70927 -12.5 0 68.87489 3.427816 24.10432 70.43181 -10.47545 24.57321 69.88484 -4.05723 24.58067 70.21634 -10.43762 23.91563 70.33979 0 24.60391 70.2723 3.451766 24.58623 70.23188 -4.029687 24.08731 70.42778 0 24.1543 70.44225 0 23.67712 70.5 -12.11918 23.16961 69.71031 -10.69178 23.89412 70.32801 -10.90445 24.53141 69.84164 -11.39918 24.32251 69.78969 -11.41912 23.0994 70.29174 -11.32707 23.40614 70.29655 -11.25194 23.52888 70.30043 -10.98724 23.77418 70.31375 -11.96568 23.69294 69.7276 -11.84048 23.90245 69.74154 -23.94833 22.375 -59.63814 -22.57333 22.1875 -59.31995 -22.57333 22.375 -59.26971 -21.22345 22.1875 -59.68165 -21.19833 22.375 -59.63814 -20.23527 22.1875 -60.66983 -20.19176 22.375 -60.64471 -19.87357 22.1875 -62.01971 -19.82333 22.375 -62.01971 -20.23527 22.1875 -63.36959 -20.19176 22.375 -63.39471 -21.22345 22.1875 -64.35778 -21.19833 22.375 -64.40129 -22.57333 22.1875 -64.71948 -22.57333 22.375 -64.76972 -23.92321 22.1875 -64.35778 -23.94833 22.375 -64.40129 -24.91139 22.1875 -63.36959 -24.9549 22.375 -63.39471 -25.27309 22.1875 -62.01971 -25.32333 22.375 -62.01971 -24.91139 22.1875 -60.66983 -24.9549 22.375 -60.64471 -23.92321 22.1875 -59.68165 -22.57333 22.05024 -59.45721 -21.29208 22.05024 -59.80052 -20.35414 22.05024 -60.73846 -20.01083 22.05024 -62.01971 -20.35414 22.05024 -63.30096 -21.29208 22.05024 -64.23891 -22.57333 22.05024 -64.58222 -23.85458 22.05024 -64.23891 -24.79252 22.05024 -63.30096 -25.13583 22.05024 -62.01971 -24.79252 22.05024 -60.73846 -23.85458 22.05024 -59.80052 -22.57333 22 -59.64471 -21.38583 22 -59.9629 -20.51652 22 -60.83221 -20.19833 22 -62.01971 -20.51652 22 -63.20722 -21.38583 22 -64.07653 -22.57333 22 -64.39472 -23.76083 22 -64.07653 -24.63014 22 -63.20722 -24.94833 22 -62.01971 -24.63014 22 -60.83221 -23.76083 22 -59.9629 -20.19176 25 -63.39471 -19.82333 25 -62.01971 -20.19176 25 -60.64471 -21.19833 25 -59.63814 -22.57333 25 -59.26971 -23.94833 25 -59.63814 -24.9549 25 -60.64471 -25.32333 25 -62.01971 -24.9549 25 -63.39471 -23.94833 25 -64.40129 -22.57333 25 -64.76972 -21.19833 25 -64.40129 -22.57333 22 -62.01971 14.5 1.5 -4 14.5 1.5 -8 15.5 1.767949 -8 15.5 1.767949 -4 16.23205 2.5 -8 16.23205 2.5 -4 16.5 3.5 -8 16.5 3.5 -4 16.5 22.5 -4 16.5 22.5 -8 16.23205 23.5 -8 16.23205 23.5 -4 15.5 24.23205 -8 15.5 24.23205 -4 14.5 24.5 -8 14.5 24.5 -4 -16.5 3.5 -4 -16.5 3.5 -8 -16.23205 2.5 -8 -16.23205 2.5 -4 -15.5 1.767949 -8 -15.5 1.767949 -4 -14.5 1.5 -8 -14.5 1.5 -4 -14.5 24.5 -4 -14.5 24.5 -8 -15.5 24.23205 -8 -15.5 24.23205 -4 -16.23205 23.5 -8 -16.23205 23.5 -4 -16.5 22.5 -8 -16.5 22.5 -4 -6.49519 9.25 -4 -7.5 13 -4 6.49519 9.25 -4 7.5 13 -4 6.49519 16.75 -4 -6.49519 16.75 -4 3.75 6.504809 -4 0 5.5 -4 -3.75 6.504809 -4 3.75 19.49519 -4 0 20.5 -4 -3.75 19.49519 -4 18 0.5 -58 19 0.5 -57.73205 19.73205 0.5 -57 19.73205 0.5 -9 19 0.5 -8.26795 20 0.5 -10 18 0.5 -8 20 0.5 -56 -18 0.5 -8 -19 0.5 -8.26795 -19.73205 0.5 -9 -19.73205 0.5 -57 -19 0.5 -57.73205 -20 0.5 -56 -18 0.5 -58 -20 0.5 -10 0 5.47411 3.483229 0 5.5 2 2.870126 6.070903 2 3.75 6.504809 2 5.303301 7.696699 2 6.49519 9.25 2 6.929096 10.12987 2 7.5 13 2 6.929096 15.87013 2 6.49519 16.75 2 5.303301 18.3033 2 3.75 19.49519 2 2.870126 19.9291 2 0 20.46497 4.006721 0 20.5 2 -2.870126 19.9291 2 -3.75 19.49519 2 -5.303301 18.3033 2 -6.49519 16.75 2 -6.929096 15.87013 2 -7.5 13 2 -6.929096 10.12987 2 -6.49519 9.25 2 -5.303301 7.696699 2 -3.75 6.504809 2 -2.870126 6.070903 2 0 5.5 -4 0 20.5 2 0 5.5 2 20 25 -10 19.73205 25 -9 19 25 -8.26795 18 25 -8 -18 25 -8 -19 25 -8.26795 -19.73205 25 -9 -20 25 -10 -20 25 -56 -19.73205 25 -57 -19 25 -57.73205 -18 25 -58 18 25 -58 19 25 -57.73205 19.73205 25 -57 20 25 -56 -38.88845 25 53.21005 -39.25963 25 55.07004 -38.73227 25 56.89193 -37.42495 25 58.26607 -58.26607 25 37.42495 -56.89193 25 38.73227 -55.07004 25 39.25963 -53.21005 25 38.88845 53.21005 25 38.88845 55.07004 25 39.25963 56.89193 25 38.73227 58.26607 25 37.42495 37.42495 25 58.26607 38.73227 25 56.89193 39.25963 25 55.07004 38.88845 25 53.21005 38.88845 25 -53.21005 39.25963 25 -55.07004 38.73227 25 -56.89193 37.42495 25 -58.26607 58.26607 25 -37.42495 56.89193 25 -38.73227 55.07004 25 -39.25963 53.21005 25 -38.88845 -37.42495 25 -58.26607 -38.73227 25 -56.89193 -39.25963 25 -55.07004 -38.88845 25 -53.21005 -53.21005 25 -38.88845 -55.07004 25 -39.25963 -56.89193 25 -38.73227 -58.26607 25 -37.42495 -27.46532 25 63.57058 -16.77642 25 67.18716 -5.642077 25 69.01979 5.642077 25 69.01979 16.77642 25 67.18716 27.46532 25 63.57058 27.46532 25 -63.57058 16.77642 25 -67.18716 5.642077 25 -69.01979 -5.642077 25 -69.01979 -16.77642 25 -67.18716 -27.46532 25 -63.57058 63.57058 25 27.46532 67.18716 25 16.77642 69.01979 25 5.642077 69.01979 25 -5.642077 67.18716 25 -16.77642 63.57058 25 -27.46532 -63.57058 25 -27.46532 -67.18716 25 -16.77642 -69.01979 25 -5.642077 -69.01979 25 5.642077 -67.18716 25 16.77642 -63.57058 25 27.46532 -63.39471 25 -24.9549 -64.40129 25 -23.94833 48.38865 25 -37.5877 52.52075 25 -38.56703 38.32511 25 -44.2066 40.65864 25 -40.65864 44.2066 25 -38.32511 38.56703 25 52.52075 37.5877 25 -48.38865 38.56703 25 -52.52075 -40.65864 25 -40.65864 -38.32511 25 -44.2066 -37.5877 25 -48.38865 -38.56703 25 -52.52075 52.52075 25 38.56703 48.38865 25 37.5877 -64.76972 25 -22.57333 -64.40129 25 -21.19833 -63.39471 25 -20.19176 -62.01971 25 -19.82333 -40.65864 25 40.65864 -44.2066 25 38.32511 -60.64471 25 -20.19176 -48.38865 25 37.5877 -52.52075 25 38.56703 -60.64471 25 -24.9549 -52.52075 25 -38.56703 -59.63814 25 -23.94833 -38.56703 25 52.52075 -37.5877 25 48.38865 -38.32511 25 44.2066 44.2066 25 38.32511 40.65864 25 40.65864 -59.63814 25 -21.19833 -59.26971 25 -22.57333 38.32511 25 44.2066 37.5877 25 48.38865 -48.38865 25 -37.5877 -44.2066 25 -38.32511 -62.01971 25 -25.32333 -59.9629 22 -23.76083 -59.64471 22 -22.57333 -62.01971 22 -22.57333 -59.9629 22 -21.38583 -60.83221 22 -20.51652 -63.20722 22 -24.63014 -62.01971 22 -24.94833 -60.83221 22 -24.63014 -64.07653 22 -21.38583 -64.39472 22 -22.57333 -64.07653 22 -23.76083 -62.01971 22 -20.19833 -63.20722 22 -20.51652 -64.40129 22.375 -23.94833 -63.39471 22.375 -24.9549 -62.01971 22.375 -25.32333 -60.64471 22.375 -24.9549 -59.63814 22.375 -23.94833 -59.26971 22.375 -22.57333 -59.63814 22.375 -21.19833 -60.64471 22.375 -20.19176 -62.01971 22.375 -19.82333 -63.39471 22.375 -20.19176 -64.40129 22.375 -21.19833 -64.76972 22.375 -22.57333 -59.31995 22.1875 -22.57333 -59.68165 22.1875 -23.92321 -60.66983 22.1875 -24.91139 -62.01971 22.1875 -25.27309 -63.36959 22.1875 -24.91139 -64.35778 22.1875 -23.92321 -64.71948 22.1875 -22.57333 -64.35778 22.1875 -21.22345 -63.36959 22.1875 -20.23527 -62.01971 22.1875 -19.87357 -60.66983 22.1875 -20.23527 -59.68165 22.1875 -21.22345 -59.45721 22.05024 -22.57333 -59.80052 22.05024 -23.85458 -60.73846 22.05024 -24.79252 -62.01971 22.05024 -25.13583 -63.30096 22.05024 -24.79252 -64.23891 22.05024 -23.85458 -64.58222 22.05024 -22.57333 -64.23891 22.05024 -21.29208 -63.30096 22.05024 -20.35414 -62.01971 22.05024 -20.01083 -60.73846 22.05024 -20.35414 -59.80052 22.05024 -21.29208 48.08326 6 -43.83326 45.95826 6 -44.40265 44.40265 6 -45.95826 43.83326 6 -48.08326 44.40265 6 -50.20826 45.95826 6 -51.76387 48.08326 6 -52.33326 50.20826 6 -51.76387 51.76387 6 -50.20826 52.33326 6 -48.08326 51.76387 6 -45.95826 50.20826 6 -44.40265 48.08326 6 -42.58326 45.33326 6 -43.32012 43.32012 6 -45.33326 42.58326 6 -48.08326 43.32012 6 -50.83326 45.33326 6 -52.8464 48.08326 6 -53.58326 50.83326 6 -52.8464 52.8464 6 -50.83326 53.58326 6 -48.08326 52.8464 6 -45.33326 50.83326 6 -43.32012 48.08326 0 -42.58326 45.33326 0 -43.32012 43.32012 0 -45.33326 42.58326 0 -48.08326 43.32012 0 -50.83326 45.33326 0 -52.8464 48.08326 0 -53.58326 50.83326 0 -52.8464 52.8464 0 -50.83326 53.58326 0 -48.08326 52.8464 0 -45.33326 50.83326 0 -43.32012 -48.08326 0 -43.83326 -50.20826 0 -44.40265 -51.76387 0 -45.95826 -52.33326 0 -48.08326 -51.76387 0 -50.20826 -50.20826 0 -51.76387 -48.08326 0 -52.33326 -45.95826 0 -51.76387 -44.40265 0 -50.20826 -43.83326 0 -48.08326 -44.40265 0 -45.95826 -45.95826 0 -44.40265 -48.08326 6 52.33326 -50.20826 6 51.76387 -51.76387 6 50.20826 -52.33326 6 48.08326 -51.76387 6 45.95826 -50.20826 6 44.40265 -48.08326 6 43.83326 -45.95826 6 44.40265 -44.40265 6 45.95826 -43.83326 6 48.08326 -44.40265 6 50.20826 -45.95826 6 51.76387 -48.08326 6 53.58326 -50.83326 6 52.8464 -52.8464 6 50.83326 -53.58326 6 48.08326 -52.8464 6 45.33326 -50.83326 6 43.32012 -48.08326 6 42.58326 -45.33326 6 43.32012 -43.32012 6 45.33326 -42.58326 6 48.08326 -43.32012 6 50.83326 -45.33326 6 52.8464 -48.08326 0 53.58326 -50.83326 0 52.8464 -52.8464 0 50.83326 -53.58326 0 48.08326 -52.8464 0 45.33326 -50.83326 0 43.32012 -48.08326 0 42.58326 -45.33326 0 43.32012 -43.32012 0 45.33326 -42.58326 0 48.08326 -43.32012 0 50.83326 -45.33326 0 52.8464 48.08326 0 52.33326 45.95826 0 51.76387 44.40265 0 50.20826 43.83326 0 48.08326 44.40265 0 45.95826 45.95826 0 44.40265 48.08326 0 43.83326 50.20826 0 44.40265 51.76387 0 45.95826 52.33326 0 48.08326 51.76387 0 50.20826 50.20826 0 51.76387 -57 94 0 -55.8332 94 11.47402 0 94 0 -46.78351 94 -32.56229 -52.38059 94 -22.47829 -55.8332 94 -11.47402 -19.7964 94 -53.45187 -30.15095 94 -48.37272 -39.27111 94 -41.31319 14.28719 94 -55.1804 2.887003 94 -56.92684 -8.631383 94 -56.34269 43.24921 94 -37.12823 34.89004 94 -45.07422 25.10247 94 -51.17486 56.70755 94 -5.766594 54.38594 94 -17.0637 49.83776 94 -27.66221 49.83776 94 27.66221 54.38594 94 17.0637 56.70755 94 5.766594 25.10247 94 51.17486 34.89004 94 45.07422 43.24921 94 37.12823 -8.631383 94 56.34269 2.887003 94 56.92684 14.28719 94 55.1804 -39.27111 94 41.31319 -30.15095 94 48.37272 -19.7964 94 53.45187 -52.38059 94 22.47829 -46.78351 94 32.56229 0 100 -58 2.887003 99 -56.92684 11.47402 99 -55.8332 14.28719 99 -55.1804 22.47829 99 -52.38059 25.10247 99 -51.17486 32.56229 99 -46.78351 34.89004 99 -45.07422 41.31319 99 -39.27111 43.24921 99 -37.12823 48.37272 99 -30.15095 49.83776 99 -27.66221 53.45187 99 -19.7964 54.38594 99 -17.0637 56.34269 99 -8.631383 56.70755 99 -5.766594 56.92684 99 2.887003 56.70755 99 5.766594 55.1804 99 14.28719 54.38594 99 17.0637 51.17486 99 25.10247 49.83776 99 27.66221 45.07422 99 34.89004 43.24921 99 37.12823 37.12823 99 43.24921 34.89004 99 45.07422 27.66221 99 49.83776 25.10247 99 51.17486 17.0637 99 54.38594 14.28719 99 55.1804 5.766594 99 56.70755 0 100 58 2.887003 99 56.92684 -5.766594 99 56.70755 -8.631383 99 56.34269 -17.0637 99 54.38594 -19.7964 99 53.45187 -27.66221 99 49.83776 -30.15095 99 48.37272 -37.12823 99 43.24921 -39.27111 99 41.31319 -45.07422 99 34.89004 -46.78351 99 32.56229 -51.17486 99 25.10247 -52.38059 99 22.47829 -55.1804 99 14.28719 -55.8332 99 11.47402 -56.92684 99 2.887003 -57 99 0 -56.34269 99 -8.631383 -55.8332 99 -11.47402 -53.45187 99 -19.7964 -52.38059 99 -22.47829 -48.37272 99 -30.15095 -46.78351 99 -32.56229 -41.31319 99 -39.27111 -39.27111 99 -41.31319 -32.56229 99 -46.78351 -30.15095 99 -48.37272 -22.47829 99 -52.38059 -19.7964 99 -53.45187 -11.47402 99 -55.8332 -8.631383 99 -56.34269 0 99 -57 0 99 -57 -57 99 0 0 9.184619 112.131 0 1.689188 111.8692</float_array>
          <technique_common>
            <accessor source="#GBT-C7A-J0_001-mesh-positions-array" count="2969" stride="3">
              <param name="X" type="float"/>
              <param name="Y" type="float"/>
              <param name="Z" type="float"/>
            </accessor>
          </technique_common>
        </source>
        <source id="GBT-C7A-J0_001-mesh-normals">
          <float_array id="GBT-C7A-J0_001-mesh-normals-array" count="16488">-0.8968663 0.4418869 0.01915222 -0.9954057 0.09574019 -0.001057326 -0.9659071 0.2584394 0.01524913 -0.9807853 0.1949715 0.006808519 -0.9807853 -0.1949715 -0.006808519 -0.9659467 -0.2586671 -0.006169974 -0.8346659 -0.5507556 0.001037418 -0.6634705 -0.7477467 -0.02611178 -0.9950536 0.09927922 0.003466904 -0.9659258 -0.2586615 -0.009032607 -0.9659258 -0.2586615 -0.009032607 -0.7071068 -0.706676 -0.02467763 0.6634705 -0.7477467 -0.02611178 0.7070991 -0.7068316 -0.02000004 0.9659467 -0.2586671 -0.006169974 0.9948675 0.09926068 0.01964706 0.8968663 0.441887 0.01915222 0.9954057 0.09574019 -0.001057326 0.9807853 0.1949715 0.006808519 0.9807853 -0.1949715 -0.006808519 0.8345121 -0.5506541 -0.01922923 0.9659258 -0.2586615 -0.009032607 0.9659258 -0.2586615 -0.009032607 0.9659258 0.2586615 0.009032607 -0.8968727 -0.4420194 -0.01543563 -0.7933534 -0.6083905 -0.02124541 -0.8344769 -0.5506311 -0.02130174 -0.6087585 -0.792977 -0.02450543 -0.66347 -0.7477471 -0.0261119 -0.4422885 -0.8963264 -0.03130036 -0.2588187 -0.9653975 -0.03194653 -0.9537872 0.3003618 0.008538782 -0.9354369 0.3532786 0.01233673 -0.7933534 0.6083905 0.02124541 -0.7071048 0.7065919 0.02703255 -0.6087617 0.7928699 0.0276876 -0.4422883 0.8963265 0.03130042 -0.2588188 0.9652743 0.03547394 -0.19509 0.9801879 0.03422886 0.19509 0.9801879 0.03422886 0.2588188 0.9652743 0.03547394 0.4422883 0.8963265 0.03130042 0.6087617 0.7928699 0.0276876 0.7071048 0.7065919 0.02703255 0.7933534 0.6083905 0.02124541 0.9354368 0.3532786 0.01233673 0.9537872 0.3003618 0.008538782 -0.1950903 -0.9801878 -0.03422886 0.1950903 -0.9801878 -0.03422886 0.2588187 -0.9653975 -0.03194653 0.4422885 -0.8963264 -0.03130036 0.66347 -0.7477471 -0.0261119 0.6087585 -0.7929771 -0.02450543 0.8344769 -0.5506311 -0.02130174 0.7933533 -0.6083905 -0.02124541 0.8968727 -0.4420194 -0.01543563 0 -1 0 0 -1 0 0 -1 0 0 -1 0 0 -1 0 0 -1 0 0 -1 0 0 -1 0 0 -1 0 0 -1 0 0 -1 0 0 -1 0 0 -1 0 0 -1 0 0 -1 0 0 -1 0 0 -1 0 0 -1 0 0 -1 0 0 -1 0 0 -1 0 0 -1 0 0 -1 0 0 -1 0 0 -1 0 0 -1 0 0 -1 0 0 -1 0 0 -1 0 0 -1 0 0 -1 0 0 -1 0 0 -1 0 0 -1 0 0 -1 0 0 -1 0 0 -1 0 0 -1 0 0 -1 0 0 -1 0 0 -1 0 0 -1 0 0 -1 0 0 -1 0 0 -1 0 0 -1 0 0 -1 0 0 -1 0 0 -1 0 0 -1 0 0 -1 0 0 -1 0 0 -1 0 0 -1 0 0 -1 0 0 -1 0 0 -1 0 0 -1 0 0 -1 0 0 -1 0 0 -1 0 0 -1 0 0 -1 0 0 -1 0 0 -1 0 0 -1 0 0 -1 0 0 -1 0 0 -1 0 0 -1 0 0 -1 0 0 -1 0 0 -1 0 0 -1 0 0 -1 0 0 -1 0 0 -1 0 0 -1 0 0 -1 0 0 -1 0 0 -1 0 0 -1 0 0 -1 0 0 -1 0 0 -1 0 0 -1 0 0 -1 0 0 -1 0 0 -1 0 0 -1 0 0 -1 0 0 -1 0 0 -1 0 0 -1 0 0 -1 0 0 -1 0 0 -1 0 0 -1 0 0 -1 0 0 -1 0 0 -1 0 0 -1 0 0 -1 0 0 -1 0 -0.4226177 0 -0.9063081 -0.4226177 0 -0.9063081 0.9063081 0 -0.4226177 0.9063081 0 -0.4226177 -0.9063081 0 0.4226177 -0.9063081 0 0.4226177 0.4226177 0 0.9063081 0.4226177 0 0.9063081 0.9989222 -0.04621946 -0.004258632 0.9987605 -0.04977452 0 0.8539099 -0.5204209 0 0.8539099 -0.5204209 0 0.4896829 -0.8719006 0 0.4896829 -0.8719006 0 0 -1 0 0 -1 0 -0.4896829 -0.8719006 0 -0.4896829 -0.8719006 0 -0.8539099 -0.5204209 0 -0.8539099 -0.5204209 0 -0.9989312 -0.04621988 0 -0.9987512 -0.04977405 -0.004320085 1 0 0 1 0 0 -1 0 0 -1 0 0 0.8194937 0 -0.5730882 -0.570093 -0.005445718 0.8215622 -0.5828733 -0.01012676 0.8125 -0.5914211 -0.01345598 0.8062506 -0.6001754 -0.01712399 0.7996851 -0.5877465 -0.01156073 0.8089627 -0.6092567 -0.006176412 0.792949 0.6000724 -0.01708155 0.7997633 0.591641 -0.01354694 0.8060877 0.5834609 -0.0103504 0.8120753 0.6078732 -0.02060228 0.7937669 0.5877487 -0.01121854 0.8089658 0.6349596 0 0.7725454 0.5545576 0 0.8321453 0.5535349 -8.2122e-4 0.8328256 0.6910623 0 0.7227953 0.7227375 -0.01257938 0.6910082 0.7530714 0 0.6579387 0.8231084 0 0.5678842 0.8327805 -0.008948683 0.5535311 0.8205885 -0.0182529 0.571228 0.8118344 -0.024993 0.5833526 0.8027982 -0.03211104 0.5953857 0.8345636 -0.004870593 0.5508902 0.7926247 -4.71478e-4 0.6097096 0.7865997 0 0.6174633 0.7973967 -0.006411015 -0.6034214 0.8018861 -0.004941403 -0.5974565 0.8057261 -0.003790378 -0.5922762 0.8104239 -0.002473711 -0.5858387 0.5948368 -1.12548e-4 -0.8038465 0.5968979 -1.89047e-4 -0.8023172 0.6004078 -3.67525e-4 -0.7996938 0.6052402 -7.17893e-4 -0.7960426 0.6096562 -0.001157641 -0.7926651 0.6406352 -0.004817724 -0.7678303 0.6578892 -0.01223903 -0.7530153 0.6963765 0 -0.7176766 0.7818318 0 -0.6234894 0.7579395 -0.02083039 -0.6519922 0.7931225 -0.007947564 -0.6090102 -0.6051772 -7.13761e-4 -0.7960906 -0.6578892 -0.01223903 -0.7530153 -0.6406352 -0.004817664 -0.7678303 -0.6095801 -0.001148819 -0.7927237 -0.5913292 0 -0.8064302 -0.600512 -3.74703e-4 -0.7996156 -0.5970651 -1.96395e-4 -0.8021928 -0.5949985 -1.18034e-4 -0.8037269 -0.8111329 -0.002278208 -0.5848574 -0.8059711 -0.003719151 -0.5919432 -0.8019943 -0.004906296 -0.5973116 -0.7973385 -0.006429374 -0.6034981 -0.7930459 -0.00797671 -0.6091096 -0.7817736 -0.0122106 -0.623443 -0.758104 0 -0.6521336 -0.6963765 0 -0.7176766 -0.819985 -0.01871633 0.572079 -0.8116054 -0.02517461 0.5836634 -0.834567 -0.003936409 0.5508924 -0.7944682 -0.03883558 0.6060627 -0.8029038 -0.03203016 0.5952475 -0.8612377 -0.03210294 0.5071872 -0.8238014 -5.49872e-4 0.5668783 -0.8231084 0 0.5678842 -0.6349596 0 0.7725454 -0.6910623 0 0.7227953 -0.7227375 -0.01257938 0.6910082 -0.7530714 0 0.6579387 -0.7865997 0 0.6174633 0.112371 0.009958565 0.9936165 0.1295081 0.004866302 0.9915664 0.1418194 0.00240916 0.9898896 0.1267583 0 0.9919336 0.1493418 -0.002253115 0.9887831 0.1489014 -0.002400398 0.9888492 -0.1493422 0 0.9887855 -0.1390974 -0.005681395 0.9902624 -0.1488723 -0.002407193 0.9888535 -0.1418221 0.002408623 0.9898893 -0.1294919 0.00486952 0.9915685 -0.1123634 0.009961962 0.9936172 -0.09010112 0.01984703 0.9957349 -0.1342282 -0.008374989 0.9909151 -0.04940134 0.003920912 0.9987713 -0.04486382 0.005438446 0.9989783 -0.01627957 0 0.9998675 0.04486447 0 0.9989931 0.01797717 0.01442086 0.9997345 0.1341926 -0.02452373 0.9906518 0.06176012 0.03786915 0.9973723 0.09006303 0.01986396 0.995738 0.1536757 6.85603e-4 0.9881212 0.1591278 0 0.987258 0.222521 0 0.9749279 0.2660282 -0.008260369 0.9639299 0.3090178 0 0.9510563 0.3930242 0 0.9195282 0.4338684 -0.008260369 0.9009385 0.4738683 0 0.8805958 0.5551201 0 0.8317702 0.5355266 -0.01506364 0.844384 0.861234 -0.03223752 0.5071851 0.8443796 0 0.5357454 0.9009687 0 0.4338842 0.9194963 -0.008260369 0.3930118 0.936235 0 0.3513747 0.9639627 0 0.2660375 0.9748947 -0.008260428 0.2225136 0.9839296 0 0.1785566 0.9959744 0 0.08963829 0.998959 -0.00826025 0.04486274 1 0 0 0.9959744 0 -0.08963829 0.990916 -0.008260369 -0.1342281 0.9839296 0 -0.1785566 0.9639627 0 -0.2660375 0.951024 -0.00826025 -0.3090067 0.936235 0 -0.3513747 0.9009687 0 -0.4338842 0.8805654 -0.008260309 -0.4738528 0.8584487 0 -0.5128995 0.8194908 0 -0.5730925 0.8201895 -4.42625e-4 -0.5720917 0.5913292 0 -0.8064302 0.5913293 0 -0.8064303 0.550898 0 -0.8345726 0.5128821 -0.008260488 -0.8584193 0.4738683 0 -0.8805958 0.3930242 0 -0.9195282 0.3513628 -0.00826013 -0.936203 0.3090178 0 -0.9510563 0.222521 0 -0.9749279 0.1785507 -0.008260369 -0.983896 0.1342329 0 -0.9909498 0.04486447 0 -0.998993 0 -0.00826025 -0.9999659 -0.04486447 0 -0.998993 -0.1342329 0 -0.9909498 -0.1785507 -0.008260369 -0.983896 -0.222521 0 -0.9749279 -0.3090178 0 -0.9510563 -0.3513628 -0.00826019 -0.936203 -0.3930242 0 -0.9195282 -0.4738683 0 -0.8805958 -0.5128821 -0.008260488 -0.8584193 -0.550898 0 -0.8345726 -0.5913318 0 -0.8064283 -0.5905253 -5.94115e-5 -0.8070191 -0.8194937 0 -0.5730882 -0.8194937 0 -0.5730882 -0.8584487 0 -0.5128995 -0.8805654 -0.008260309 -0.4738528 -0.9009687 0 -0.4338842 -0.936235 0 -0.3513747 -0.951024 -0.00826025 -0.3090067 -0.9639627 0 -0.2660375 -0.9839296 0 -0.1785566 -0.990916 -0.008260369 -0.1342281 -0.9959744 0 -0.08963829 -1 0 0 -0.998959 -0.00826025 0.04486274 -0.9959744 0 0.08963829 -0.9839296 0 0.1785566 -0.9748947 -0.008260428 0.2225136 -0.9639627 0 0.2660375 -0.936235 0 0.3513747 -0.9194963 -0.008260369 0.3930118 -0.9009687 0 0.4338842 -0.8440172 0 0.5363161 -0.8546279 -0.01910501 0.5188895 -0.5545576 0 0.8321453 -0.5545576 0 0.8321454 -0.4738683 0 0.8805958 -0.4338684 -0.008260369 0.9009385 -0.3930242 0 0.9195282 -0.3090178 0 0.9510563 -0.2660282 -0.008260369 0.9639299 -0.222521 0 0.9749279 -0.1591278 0 0.987258 -0.1536387 6.90256e-4 0.9881268 -0.1410659 -0.6968948 -0.7031629 -0.1410658 -0.6968942 -0.7031635 0.1972998 -0.6968973 -0.6894976 0.1973019 -0.6968942 -0.6895001 0.4916753 -0.696896 -0.522103 0.4916734 -0.6968979 -0.5221021 -0.1903502 -0.2519729 -0.948829 -0.1903502 -0.2519729 -0.9488291 0.2662336 -0.2519727 -0.9303921 0.2662311 -0.25198 -0.9303908 0.6634529 -0.2519762 -0.7045128 0.663456 -0.2519681 -0.7045127 0.8305895 -0.2586088 -0.4931961 0.8305895 -0.2586091 -0.4931961 0.8683805 -0.2586095 -0.423127 0.8683812 -0.2586073 -0.4231271 0.900274 -0.2586069 -0.3501847 0.9002695 -0.258623 -0.3501846 0.9260479 -0.2586235 -0.2748622 0.9260472 -0.2586259 -0.2748622 0.9455354 -0.2586264 -0.1976747 0.9455395 -0.2586113 -0.1976742 0.9586055 -0.2586114 -0.1191455 0.9586036 -0.2586182 -0.1191459 0.9651592 -0.2586182 -0.0398038 0.9651578 -0.2586233 -0.03980422 0.9651578 -0.2586233 0.03980374 0.9651592 -0.2586182 0.03980427 0.9586037 -0.2586182 0.1191452 0.9586054 -0.2586115 0.1191461 0.9455393 -0.2586114 0.1976755 0.9455356 -0.2586264 0.1976733 0.9260473 -0.2586258 0.274862 0.9260479 -0.2586235 0.2748624 0.9002699 -0.2586231 0.3501831 0.9002734 -0.2586068 0.3501861 0.868381 -0.2586072 0.4231272 0.8683806 -0.2586094 0.4231268 0.8305895 -0.2586092 0.4931961 0.8305895 -0.2586088 0.4931962 0.6082547 -0.7068082 -0.3611764 0.6082581 -0.7068044 -0.3611779 0.6359335 -0.7068044 -0.3098647 0.6359325 -0.7068055 -0.3098644 0.6592883 -0.7068053 -0.2564471 0.6592883 -0.7068055 -0.2564471 0.6781656 -0.7068057 -0.2012886 0.6781721 -0.7067992 -0.2012896 0.6924444 -0.706799 -0.1447623 0.6924379 -0.7068054 -0.1447619 0.7020067 -0.7068053 -0.08725237 0.7020043 -0.7068076 -0.08725237 0.7068049 -0.7068076 -0.02914994 0.7068119 -0.7068008 -0.02914935 0.7068118 -0.7068008 0.02915024 0.7068051 -0.7068076 0.02914911 0.7020043 -0.7068075 0.08725208 0.7020067 -0.7068053 0.08725267 0.6924381 -0.7068054 0.144761 0.692444 -0.706799 0.1447631 0.6781718 -0.7067992 0.2012904 0.678166 -0.7068055 0.2012878 0.6592882 -0.7068055 0.2564471 0.6592883 -0.7068055 0.2564471 0.6359326 -0.7068054 0.3098642 0.6359335 -0.7068044 0.3098649 0.608258 -0.7068043 0.3611783 0.608255 -0.7068081 0.361176 -0.4082166 -0.2588195 -0.8754266 -0.2716549 -0.766045 -0.582562 -0.2988365 -0.7071051 -0.6408582 -0.2662802 -0.7297919 -0.6296815 -0.3754828 -0.4999731 -0.7804099 -0.38778 -0.1735669 -0.905263 -0.1791622 -0.4127274 0.8930605 -0.1285551 -0.7568672 0.6408007 0.4916739 -0.696898 0.5221016 0.4916746 -0.696896 0.5221034 0.1973007 -0.6968941 0.6895006 0.1973011 -0.6968972 0.6894974 -0.1241615 -0.6988356 0.7044236 -0.1626225 -0.5625439 0.810616 0.6634544 -0.251968 0.7045143 0.6634547 -0.251976 0.7045112 0.2662331 -0.2519802 0.9303902 0.2662316 -0.2519729 0.9303926 -0.1746907 -0.2528827 0.9515952 -0.1938714 -0.1688826 0.9663811 -0.3233795 -0.1727783 -0.9303619 -0.3233803 -0.1727856 -0.9303603 -0.1285643 -0.1727859 -0.9765328 -0.1285636 -0.1727812 -0.9765337 0.01146066 -0.1735135 -0.9847648 0.1129468 0.06726539 -0.9913215 0.07156699 -0.1727753 -0.9823578 0.2687377 -0.1727748 -0.9475911 0.2687357 -0.172784 -0.94759 0.4368959 -0.1730976 -0.8826999 0.4603311 -0.0783084 -0.8842868 0.5242998 -0.1736169 -0.8336468 0.6220807 -0.1727787 -0.7636511 0.6220807 -0.1727788 -0.7636512 0.7636511 -0.1727789 -0.6220808 0.7636512 -0.1727788 -0.6220807 0.8336468 -0.1736169 -0.5242998 -0.2116803 -0.7643988 -0.6090041 -0.2116804 -0.7643981 -0.6090049 -0.08415549 -0.7643976 -0.6392292 -0.08415579 -0.7644006 -0.6392259 0.04684519 -0.7644001 -0.6430382 0.04684513 -0.7644001 -0.643038 0.1759116 -0.7643995 -0.6202809 0.1759116 -0.7643997 -0.6202809 0.2977082 -0.7643994 -0.5718945 0.297711 -0.7643958 -0.5718979 0.4072081 -0.7643962 -0.49988 0.4072127 -0.7643913 -0.4998837 0.4998846 -0.7643912 -0.4072118 0.4998792 -0.7643962 -0.4072091 0.5718984 -0.7643958 -0.2977102 0.5718942 -0.7643994 -0.2977091 0.6202808 -0.7643997 -0.1759116 0.620281 -0.7643995 -0.1759116 0.643038 -0.7644001 -0.04684519 0.6430382 -0.7644 -0.04684519 -0.2846998 -0.498055 -0.8190771 -0.2846998 -0.498048 -0.8190812 -0.1131862 -0.4980475 -0.8597311 -0.1131854 -0.498041 -0.859735 0.06300717 -0.4980408 -0.8648615 0.06300455 -0.4980518 -0.8648554 0.2365916 -0.4980526 -0.8342469 0.2365927 -0.4980495 -0.8342485 0.4004048 -0.4980506 -0.7691695 0.4004006 -0.49806 -0.7691655 0.5476696 -0.498059 -0.6723059 0.5476668 -0.4980645 -0.6723042 0.6723034 -0.4980645 -0.5476676 0.6723065 -0.498059 -0.5476688 0.7691646 -0.4980601 -0.4004022 0.7691703 -0.4980507 -0.4004031 0.8342487 -0.4980494 -0.2365922 0.8342468 -0.4980526 -0.2365922 0.8648551 -0.498052 -0.06300669 0.8648616 -0.4980409 -0.06300497 0.8949247 -0.05392688 -0.4429466 0.8736698 -0.1727835 -0.4548043 0.9475896 -0.172784 -0.2687372 0.9475916 -0.1727749 -0.2687361 0.9785323 -0.1733333 -0.1114897 0.9969059 -0.03006511 -0.07262688 0.9847648 -0.1735135 -0.01146066 0.6392291 -0.7643977 0.08415621 0.6392259 -0.7644006 0.08415508 0.8597314 -0.4980474 0.1131849 0.8597348 -0.498041 0.1131867 0.9765329 -0.1727859 0.1285635 0.9765336 -0.1727812 0.1285644 0.6090042 -0.7643987 0.2116801 0.6090049 -0.7643981 0.2116805 0.8190776 -0.498055 0.2846986 0.8190808 -0.498048 0.2847011 0.9303616 -0.1727784 0.3233807 0.9303607 -0.1727858 0.3233791 -0.2716542 -0.7660429 0.5825653 -0.2716572 -0.7660404 0.582567 -0.4161962 -0.1736513 0.892539 -0.4161962 -0.1736513 0.892539 -0.383022 -0.4226138 0.8213963 -0.3830219 -0.4226139 0.8213962 -0.3461881 -0.5735749 0.7424054 -0.346187 -0.5735809 0.7424011 -0.2716533 -0.766045 0.5825628 0.5954376 -0.7656738 0.2433058 0.6408591 -0.707103 0.2988394 0.6408582 -0.7071051 0.2988365 0.7804099 -0.499973 0.3754828 0.884065 -0.2587629 0.3891927 0.892539 -0.1736513 0.4161962 0.912698 -0.2575681 -0.3172398 0.9126975 -0.2575697 -0.3172401 0.9579933 -0.2575688 -0.1261235 0.957995 -0.2575631 -0.1261222 0.869735 -0.196397 0.4527575 0.8658813 -0.2580235 0.4285715 0.9295988 -0.2575732 0.2636331 0.9296 -0.2575663 0.2636353 0.9637066 -0.2575671 0.07020604 0.9886689 -0.09922182 0.1126446 0.9659155 -0.2586134 0.01124125 0.6102699 -0.2575638 0.7491539 0.6102699 -0.2575677 0.7491526 0.7491532 -0.2575675 0.6102692 0.7491534 -0.2575637 0.6102706 0.8176707 -0.2587657 0.5142519 0.66964 -0.7052705 -0.2327569 0.6696421 -0.7052686 -0.2327569 0.7028753 -0.7052685 -0.09253513 0.7028744 -0.7052694 -0.09253531 0.7070659 -0.7052691 0.05150973 0.7070653 -0.7052697 0.05150955 0.6820416 -0.7052699 0.1934262 0.6820433 -0.7052679 0.1934273 0.6288375 -0.7052681 0.3273536 0.6288343 -0.7052724 0.3273502 0.5496467 -0.7052727 0.4477488 0.5496487 -0.7052692 0.447752 0.4477511 -0.7052691 0.5496494 0.4477498 -0.7052726 0.549646 0.3273515 -0.7052726 0.6288334 0.3273522 -0.7052682 0.6288382 0.1934267 -0.7052679 0.6820434 0.1934269 -0.7052699 0.6820414 0.05150973 -0.7052698 0.7070654 -0.1261237 -0.2575631 0.9579948 0.01124125 -0.2586134 0.9659155 0.07166337 -0.1648537 0.9837111 0.1093596 -0.2583675 0.9598368 0.2636336 -0.2575663 0.9296005 0.2636349 -0.2575733 0.9295982 0.4461703 -0.2575731 0.8570812 0.4363325 -0.1801746 0.8815617 0.5142519 -0.2587657 0.8176707 -0.09253543 -0.7052685 0.7028753 -0.2116801 -0.7643987 0.6090042 -0.2466669 -0.7044535 0.6655078 -0.2693992 -0.5715825 0.7750597 -0.2978322 -0.4208143 0.8568613 0.05150955 -0.7052692 0.7070659 -0.09253501 -0.7052693 0.7028744 -0.126122 -0.2575688 0.9579935 -0.3311299 -0.2571679 0.9078643 -0.3233795 -0.1727783 0.9303619 0.5221016 -0.696898 -0.4916739 0.5221034 -0.696896 -0.4916746 0.6895006 -0.6968941 -0.1973007 0.6894974 -0.6968972 -0.1973011 0.7031635 -0.6968942 0.141066 0.7031629 -0.6968949 0.1410657 0.7045143 -0.251968 -0.6634544 0.7045112 -0.251976 -0.6634547 0.9303902 -0.2519802 -0.2662331 0.9303926 -0.2519729 -0.2662316 0.948829 -0.2519728 0.1903502 0.9488291 -0.2519729 0.1903502 0.6408542 -0.7071084 -0.2988371 0.6408582 -0.7071051 -0.2988365 0.6408579 -0.7071056 -0.2988358 0.8754266 -0.2588195 -0.4082166 0.8754266 -0.2588195 -0.4082166 -0.4183482 -0.5732454 -0.7045385 -0.5028215 -0.173498 -0.8467993 -0.4627991 -0.4223219 -0.779398 -0.4886692 -0.2586598 -0.8332452 -0.423127 -0.2586095 -0.8683805 -0.4231271 -0.2586073 -0.8683812 -0.3501847 -0.2586069 -0.900274 -0.3501846 -0.258623 -0.9002695 -0.2748622 -0.2586235 -0.9260479 -0.2748622 -0.2586259 -0.9260472 -0.1976747 -0.2586264 -0.9455354 -0.1976742 -0.2586113 -0.9455395 -0.1191455 -0.2586114 -0.9586055 -0.1191459 -0.2586182 -0.9586036 -0.0398038 -0.2586182 -0.9651592 -0.03980422 -0.2586233 -0.9651578 0.03980374 -0.2586233 -0.9651579 0.03980427 -0.2586182 -0.9651592 0.1191452 -0.2586181 -0.9586037 0.1191461 -0.2586115 -0.9586054 0.1976755 -0.2586114 -0.9455393 0.1976733 -0.2586264 -0.9455356 0.274862 -0.2586258 -0.9260473 0.2748624 -0.2586234 -0.9260478 0.3501831 -0.2586231 -0.9002699 0.3501861 -0.2586068 -0.9002734 0.4231272 -0.2586072 -0.868381 0.4231268 -0.2586094 -0.8683806 0.4931961 -0.2586092 -0.8305895 0.4931962 -0.2586088 -0.8305895 -0.3283463 -0.7657791 -0.5529658 -0.3565922 -0.7069032 -0.6108436 -0.3098647 -0.7068044 -0.6359335 -0.3098644 -0.7068055 -0.6359325 -0.2564471 -0.7068053 -0.6592883 -0.2564471 -0.7068055 -0.6592882 -0.2012886 -0.7068057 -0.6781656 -0.2012896 -0.7067992 -0.6781721 -0.1447623 -0.7067989 -0.6924443 -0.1447619 -0.7068054 -0.6924379 -0.08725237 -0.7068052 -0.7020066 -0.08725237 -0.7068076 -0.7020043 -0.02914994 -0.7068076 -0.7068049 -0.02914935 -0.7068008 -0.7068119 0.02915024 -0.7068008 -0.7068118 0.02914911 -0.7068076 -0.7068051 0.08725208 -0.7068075 -0.7020043 0.08725267 -0.7068052 -0.7020066 0.144761 -0.7068054 -0.692438 0.1447631 -0.706799 -0.692444 0.2012904 -0.7067992 -0.6781719 0.2012878 -0.7068055 -0.678166 0.2564471 -0.7068055 -0.6592882 0.2564471 -0.7068055 -0.6592882 0.3098642 -0.7068054 -0.6359326 0.3098649 -0.7068044 -0.6359335 0.3611783 -0.7068043 -0.608258 0.361176 -0.7068081 -0.608255 0.7031629 -0.6968948 -0.1410659 0.7031635 -0.6968942 -0.1410658 0.6894976 -0.6968973 0.1972998 0.6895001 -0.6968942 0.1973019 0.522103 -0.696896 0.4916753 0.5221021 -0.6968979 0.4916734 0.948829 -0.2519729 -0.1903502 0.9488291 -0.2519729 -0.1903502 0.9303921 -0.2519727 0.2662336 0.9303908 -0.25198 0.2662311 0.7045128 -0.2519762 0.6634529 0.7045127 -0.2519681 0.663456 -0.8930602 -0.4127275 0.1791633 -0.6018908 -0.5625406 -0.5668118 -0.6408007 -0.7568673 0.1285551 -0.6408056 -0.7568632 0.1285548 -0.6283512 -0.7568658 -0.1798028 -0.6283487 -0.7568681 -0.1798014 -0.4757975 -0.7568695 -0.4480684 -0.4757958 -0.7568721 -0.4480658 -0.8106164 -0.5625438 0.1626213 -0.8561906 -0.490126 0.1634449 -0.8384667 -0.4892944 -0.2399265 -0.8384684 -0.4892907 -0.2399277 -0.6401318 -0.4901201 -0.5916196 -0.6631025 -0.4127319 -0.6244578 -0.9663808 -0.1688826 0.1938728 -0.9663825 -0.1688751 0.1938717 -0.9476039 -0.168881 -0.2711569 -0.9476038 -0.1688823 -0.2711566 -0.7175457 -0.1688782 -0.675728 -0.7175457 -0.1688724 -0.6757295 0.4931962 -0.2586089 0.8305896 0.4931961 -0.2586091 0.8305895 0.423127 -0.2586095 0.8683805 0.4231271 -0.2586073 0.8683812 0.3501847 -0.2586069 0.900274 0.3501846 -0.258623 0.9002695 0.2748622 -0.2586235 0.9260479 0.2748622 -0.2586259 0.9260472 0.1976747 -0.2586264 0.9455354 0.1976742 -0.2586113 0.9455395 0.1191455 -0.2586114 0.9586055 0.1191459 -0.2586182 0.9586036 0.0398038 -0.2586182 0.9651592 0.03980422 -0.2586233 0.9651578 -0.03980374 -0.2586233 0.9651579 -0.03980427 -0.2586182 0.9651592 -0.1191452 -0.2586181 0.9586037 -0.1191461 -0.2586115 0.9586054 -0.1976755 -0.2586114 0.9455393 -0.1976733 -0.2586264 0.9455356 -0.274862 -0.2586258 0.9260473 -0.2748624 -0.2586234 0.9260478 -0.3501831 -0.2586231 0.9002699 -0.3501861 -0.2586068 0.9002734 -0.4231272 -0.2586072 0.868381 -0.4231268 -0.2586094 0.8683806 -0.4931961 -0.2586092 0.8305895 -0.4931962 -0.2586088 0.8305895 0.3611764 -0.7068082 0.6082547 0.3611779 -0.7068044 0.6082581 0.3098647 -0.7068044 0.6359335 0.3098644 -0.7068055 0.6359325 0.2564471 -0.7068053 0.6592883 0.2564471 -0.7068055 0.6592882 0.2012886 -0.7068057 0.6781656 0.2012896 -0.7067992 0.6781721 0.1447623 -0.7067989 0.6924443 0.1447619 -0.7068054 0.6924379 0.08725237 -0.7068052 0.7020066 0.08725237 -0.7068076 0.7020043 0.02914994 -0.7068076 0.7068049 0.02914935 -0.7068008 0.7068119 -0.02915024 -0.7068008 0.7068118 -0.02914911 -0.7068076 0.7068051 -0.08725208 -0.7068075 0.7020043 -0.08725267 -0.7068052 0.7020066 -0.144761 -0.7068054 0.692438 -0.1447631 -0.706799 0.692444 -0.2012904 -0.7067992 0.6781719 -0.2012878 -0.7068055 0.678166 -0.2564471 -0.7068055 0.6592882 -0.2564471 -0.7068055 0.6592882 -0.3098642 -0.7068054 0.6359326 -0.3098649 -0.7068044 0.6359335 -0.3611783 -0.7068043 0.608258 -0.361176 -0.7068081 0.608255 -0.7424054 -0.5735747 0.3461881 -0.5691258 -0.7656718 0.2997374 -0.6408572 -0.7071061 0.2988361 -0.6408542 -0.7071084 0.2988371 -0.8213962 -0.422614 0.3830219 -0.866406 -0.258763 0.4270623 -0.892539 -0.1736513 0.4161962 -0.5221016 -0.696898 0.4916739 -0.5221034 -0.696896 0.4916746 -0.6895006 -0.6968941 0.1973007 -0.6894974 -0.6968972 0.1973011 -0.7031635 -0.6968942 -0.141066 -0.7031629 -0.6968949 -0.1410657 -0.7045143 -0.251968 0.6634544 -0.7045112 -0.251976 0.6634547 -0.9303902 -0.2519802 0.2662331 -0.9303926 -0.2519729 0.2662316 -0.948829 -0.2519728 -0.1903502 -0.9488291 -0.2519729 -0.1903502 -0.912698 -0.2575681 0.3172398 -0.9126975 -0.2575697 0.3172401 -0.9579933 -0.2575688 0.1261235 -0.957995 -0.2575631 0.1261222 -0.869735 -0.196397 -0.4527575 -0.8658813 -0.2580235 -0.4285715 -0.9295988 -0.2575732 -0.2636331 -0.9296 -0.2575663 -0.2636353 -0.9637066 -0.2575671 -0.07020604 -0.9886689 -0.09922182 -0.1126446 -0.9659155 -0.2586134 -0.01124125 -0.6102699 -0.2575638 -0.7491539 -0.6102699 -0.2575677 -0.7491526 -0.7491532 -0.2575675 -0.6102692 -0.7491534 -0.2575637 -0.6102706 -0.8176707 -0.2587657 -0.5142519 -0.66964 -0.7052705 0.2327569 -0.6696421 -0.7052686 0.2327569 -0.7028753 -0.7052685 0.09253513 -0.7028744 -0.7052694 0.09253531 -0.7070659 -0.7052691 -0.05150973 -0.7070653 -0.7052697 -0.05150955 -0.6820416 -0.7052699 -0.1934262 -0.6820433 -0.7052679 -0.1934273 -0.6288375 -0.7052681 -0.3273536 -0.6288343 -0.7052724 -0.3273502 -0.5496467 -0.7052727 -0.4477488 -0.5496487 -0.7052692 -0.447752 -0.4477511 -0.7052691 -0.5496494 -0.4477498 -0.7052726 -0.549646 -0.3273515 -0.7052726 -0.6288334 -0.3273522 -0.7052682 -0.6288382 -0.1934267 -0.7052679 -0.6820434 -0.1934269 -0.7052699 -0.6820414 -0.05150973 -0.7052698 -0.7070654 0.1261237 -0.2575631 -0.9579948 -0.01124125 -0.2586134 -0.9659155 -0.07166337 -0.1648537 -0.9837111 -0.1093596 -0.2583675 -0.9598368 -0.2636336 -0.2575663 -0.9296005 -0.2636349 -0.2575733 -0.9295982 -0.4461703 -0.2575731 -0.8570812 -0.4363325 -0.1801746 -0.8815617 -0.5142519 -0.2587657 -0.8176707 0.09253543 -0.7052685 -0.7028753 0.2116801 -0.7643987 -0.6090042 0.2466669 -0.7044535 -0.6655078 0.2693992 -0.5715825 -0.7750597 0.2978322 -0.4208143 -0.8568613 -0.05150955 -0.7052692 -0.7070659 0.09253501 -0.7052693 -0.7028744 0.126122 -0.2575688 -0.9579935 0.3311299 -0.2571679 -0.9078643 0.3233795 -0.1727783 -0.9303619 -0.7424014 -0.573581 -0.3461862 -0.5954376 -0.7656738 -0.2433058 -0.6408591 -0.707103 -0.2988394 -0.6408582 -0.7071051 -0.2988365 -0.8213962 -0.4226137 -0.3830219 -0.884065 -0.2587629 -0.3891927 -0.892539 -0.1736513 -0.4161962 0.2716542 -0.7660429 -0.5825653 0.2716572 -0.7660404 -0.582567 0.4161962 -0.1736513 -0.892539 0.4161962 -0.1736513 -0.892539 0.383022 -0.4226138 -0.8213963 0.3830219 -0.4226139 -0.8213962 0.3461881 -0.5735749 -0.7424054 0.346187 -0.5735809 -0.7424011 0.2716533 -0.766045 -0.5825628 -0.9303607 -0.1727857 -0.3233791 0.3233795 -0.1727783 0.9303619 0.3233803 -0.1727856 0.9303603 0.1285643 -0.1727859 0.9765328 0.1285636 -0.1727812 0.9765337 -0.01146066 -0.1735135 0.9847648 -0.1129468 0.06726539 0.9913215 -0.07156699 -0.1727753 0.9823578 -0.2687377 -0.1727748 0.9475911 -0.2687357 -0.172784 0.94759 -0.4368959 -0.1730976 0.8826999 -0.4603311 -0.0783084 0.8842868 -0.5242998 -0.1736169 0.8336468 -0.6220807 -0.1727787 0.7636511 -0.6220807 -0.1727788 0.7636512 -0.7636511 -0.1727789 0.6220808 -0.7636512 -0.1727788 0.6220807 -0.8336468 -0.1736169 0.5242998 0.2116803 -0.7643988 0.6090041 0.2116804 -0.7643981 0.6090049 0.08415549 -0.7643976 0.6392292 0.08415579 -0.7644006 0.6392259 -0.04684519 -0.7644001 0.6430382 -0.04684513 -0.7644001 0.643038 -0.1759116 -0.7643995 0.6202809 -0.1759116 -0.7643997 0.6202809 -0.2977082 -0.7643994 0.5718945 -0.297711 -0.7643958 0.5718979 -0.4072081 -0.7643962 0.49988 -0.4072127 -0.7643913 0.4998837 -0.4998846 -0.7643912 0.4072118 -0.4998792 -0.7643962 0.4072091 -0.5718984 -0.7643958 0.2977102 -0.5718942 -0.7643994 0.2977091 -0.6202808 -0.7643997 0.1759116 -0.620281 -0.7643995 0.1759116 -0.643038 -0.7644001 0.04684519 -0.6430382 -0.7644 0.04684519 0.2846998 -0.498055 0.8190771 0.2846998 -0.498048 0.8190812 0.1131862 -0.4980475 0.8597311 0.1131854 -0.498041 0.859735 -0.06300717 -0.4980408 0.8648615 -0.06300455 -0.4980518 0.8648554 -0.2365916 -0.4980526 0.8342469 -0.2365927 -0.4980495 0.8342485 -0.4004048 -0.4980506 0.7691695 -0.4004006 -0.49806 0.7691655 -0.5476696 -0.498059 0.6723059 -0.5476668 -0.4980645 0.6723042 -0.6723034 -0.4980645 0.5476676 -0.6723065 -0.498059 0.5476688 -0.7691646 -0.4980601 0.4004022 -0.7691703 -0.4980507 0.4004031 -0.8342487 -0.4980494 0.2365922 -0.8342468 -0.4980526 0.2365922 -0.8648551 -0.498052 0.06300669 -0.8648616 -0.4980409 0.06300497 -0.8949247 -0.05392688 0.4429466 -0.8736698 -0.1727835 0.4548043 -0.9475896 -0.172784 0.2687372 -0.9475916 -0.1727749 0.2687361 -0.9785323 -0.1733333 0.1114897 -0.9969059 -0.03006511 0.07262688 -0.9847648 -0.1735135 0.01146066 -0.6392291 -0.7643977 -0.08415621 -0.6392259 -0.7644006 -0.08415508 -0.8597314 -0.4980474 -0.1131849 -0.8597348 -0.498041 -0.1131867 -0.9765329 -0.1727859 -0.1285635 -0.9765336 -0.1727812 -0.1285644 -0.6090042 -0.7643987 -0.2116801 -0.6090049 -0.7643981 -0.2116805 -0.7750599 -0.5715824 -0.2693987 -0.8168243 -0.4977105 -0.2916887 -0.856861 -0.4208143 -0.297833 -0.9303616 -0.1727784 -0.3233807 0.1791622 -0.4127274 -0.8930605 0.1285551 -0.7568672 -0.6408007 -0.4916739 -0.696898 -0.5221016 -0.4916746 -0.696896 -0.5221034 -0.1973007 -0.6968941 -0.6895006 -0.1973011 -0.6968972 -0.6894974 0.1241615 -0.6988356 -0.7044236 0.1626225 -0.5625439 -0.810616 -0.6634544 -0.251968 -0.7045143 -0.6634547 -0.251976 -0.7045112 -0.2662331 -0.2519802 -0.9303902 -0.2662316 -0.2519729 -0.9303926 0.1746907 -0.2528827 -0.9515952 0.1938714 -0.1688826 -0.9663811 0.4082166 -0.2588195 0.8754266 0.2716549 -0.766045 0.582562 0.2988365 -0.7071051 0.6408582 0.2662802 -0.7297919 0.6296815 0.3754828 -0.4999731 0.7804099 0.38778 -0.1735669 0.905263 -0.8305895 -0.2586088 0.4931961 -0.8305895 -0.2586091 0.4931961 -0.8683805 -0.2586095 0.423127 -0.8683812 -0.2586073 0.4231271 -0.900274 -0.2586069 0.3501847 -0.9002695 -0.258623 0.3501846 -0.9260479 -0.2586235 0.2748622 -0.9260472 -0.2586259 0.2748622 -0.9455354 -0.2586264 0.1976747 -0.9455395 -0.2586113 0.1976742 -0.9586055 -0.2586114 0.1191455 -0.9586036 -0.2586182 0.1191459 -0.9651592 -0.2586182 0.0398038 -0.9651578 -0.2586233 0.03980422 -0.9651578 -0.2586233 -0.03980374 -0.9651592 -0.2586182 -0.03980427 -0.9586037 -0.2586182 -0.1191452 -0.9586054 -0.2586115 -0.1191461 -0.9455393 -0.2586114 -0.1976755 -0.9455356 -0.2586264 -0.1976733 -0.9260473 -0.2586258 -0.274862 -0.9260479 -0.2586235 -0.2748624 -0.9002699 -0.2586231 -0.3501831 -0.9002734 -0.2586068 -0.3501861 -0.868381 -0.2586072 -0.4231272 -0.8683806 -0.2586094 -0.4231268 -0.8305895 -0.2586092 -0.4931961 -0.8305895 -0.2586088 -0.4931962 -0.6082547 -0.7068082 0.3611764 -0.6082581 -0.7068044 0.3611779 -0.6359335 -0.7068044 0.3098647 -0.6359325 -0.7068055 0.3098644 -0.6592883 -0.7068053 0.2564471 -0.6592883 -0.7068055 0.2564471 -0.6781656 -0.7068057 0.2012886 -0.6781721 -0.7067992 0.2012896 -0.6924444 -0.706799 0.1447623 -0.6924379 -0.7068054 0.1447619 -0.7020067 -0.7068053 0.08725237 -0.7020043 -0.7068076 0.08725237 -0.7068049 -0.7068076 0.02914994 -0.7068119 -0.7068008 0.02914935 -0.7068118 -0.7068008 -0.02915024 -0.7068051 -0.7068076 -0.02914911 -0.7020043 -0.7068075 -0.08725208 -0.7020067 -0.7068053 -0.08725267 -0.6924381 -0.7068054 -0.144761 -0.692444 -0.706799 -0.1447631 -0.6781718 -0.7067992 -0.2012904 -0.678166 -0.7068055 -0.2012878 -0.6592882 -0.7068055 -0.2564471 -0.6592883 -0.7068055 -0.2564471 -0.6359326 -0.7068054 -0.3098642 -0.6359335 -0.7068044 -0.3098649 -0.608258 -0.7068043 -0.3611783 -0.608255 -0.7068081 -0.361176 0.1410659 -0.6968948 0.7031629 0.1410658 -0.6968942 0.7031635 -0.1972998 -0.6968973 0.6894976 -0.1973019 -0.6968942 0.6895001 -0.4916753 -0.696896 0.522103 -0.4916734 -0.6968979 0.5221021 0.1903502 -0.2519729 0.948829 0.1903502 -0.2519729 0.9488291 -0.2662336 -0.2519727 0.9303921 -0.2662311 -0.25198 0.9303908 -0.6634529 -0.2519762 0.7045128 -0.663456 -0.2519681 0.7045127 0.8598394 0 -0.5105645 0.8801152 0.008644104 -0.4746816 0.8989615 0 -0.4380276 0.9319767 0 -0.362518 0.9460883 0.008644223 -0.3237935 0.9586633 0 -0.284543 0.9788382 0 -0.2046356 0.9864022 0.008643746 -0.1641221 0.9923642 0 -0.123342 0.9991507 0 -0.04120612 0.9999626 0.008643865 0 0.9991507 0 0.04120612 0.9923642 0 0.123342 0.9864022 0.008643746 0.1641221 0.9788382 0 0.2046356 0.9586633 0 0.284543 0.9460883 0.008644223 0.3237935 0.9319767 0 0.362518 0.8989615 0 0.4380276 0.8801152 0.008644104 0.4746816 0.8598394 0 0.5105645 0.2118052 0 -0.9773119 0.123342 0 -0.9923642 0.1162252 -0.01650255 -0.9930858 0.1549248 -8.6877e-4 -0.9879259 0.2046326 0.005397319 -0.978824 0.1841269 -0.04287135 -0.9819671 0.1899448 -0.0314064 -0.9812923 0.1951646 -0.02159863 -0.9805327 0.2003252 -0.01397502 -0.9796297 0.2037311 -0.00929141 -0.9789828 -0.04119545 -0.02278625 -0.9988912 -0.02480965 0 -0.9996923 0.04120612 0 -0.9991506 0.02914851 -0.02780383 -0.9991883 0.07032191 0 -0.9975243 -0.2070721 -0.005099356 -0.9783124 -0.2008719 -0.01307559 -0.9795303 -0.1974849 -0.01823008 -0.9801364 -0.1923193 -0.02651679 -0.9809741 -0.2046354 -0.001365602 -0.9788373 -0.1617838 1.01588e-4 -0.9868263 -0.1575772 -5.91743e-4 -0.9875066 -0.1534869 -0.001451671 -0.9881497 -0.1233305 -0.01364052 -0.9922719 -0.116241 0 -0.9932211 -0.06598174 0 -0.9978208 -0.5105645 0 -0.8598394 -0.4746816 0.008644104 -0.8801152 -0.4380276 0 -0.8989615 -0.362518 0 -0.9319767 -0.3237935 0.008644223 -0.9460883 -0.284543 0 -0.9586633 -0.2118052 0 -0.9773119 -0.2118052 0 -0.9773119 0.2087605 -0.003281593 -0.9779613 0.2118052 0 -0.9773119 0.284543 0 -0.9586633 0.3237935 0.008644223 -0.9460883 0.362518 0 -0.9319767 0.4380276 0 -0.8989615 0.4746816 0.008644104 -0.8801152 0.5105645 0 -0.8598394 0.5105645 0 0.8598394 0.4746816 0.008644104 0.8801152 0.4380276 0 0.8989615 0.362518 0 0.9319767 0.3237935 0.008644223 0.9460883 0.284543 0 0.9586633 0.2046356 0 0.9788382 0.1641221 0.008643746 0.9864022 0.123342 0 0.9923642 0.04120612 0 0.9991507 0 0.008643865 0.9999626 -0.04120612 0 0.9991507 -0.123342 0 0.9923642 -0.1641221 0.008643746 0.9864022 -0.2046356 0 0.9788382 -0.284543 0 0.9586633 -0.3237935 0.008644223 0.9460883 -0.362518 0 0.9319767 -0.4380276 0 0.8989615 -0.4746816 0.008644104 0.8801152 -0.5105645 0 0.8598394 0 -1 0 0 -1 0 0 -1 0 0 -1 0 0 -1 0 0 -1 0 0 -1 0 0 -1 0 0 -1 0 0 -1 0 0 -1 0 0 -1 0 0 -1 0 0 -1 0 0 -1 0 0 -1 0 0 -1 0 0 -1 0 0 -1 0 0 -1 0 0 -1 0 0 -1 0 0 -1 0 0 -1 0 0 -1 0 0 -1 0 0 -1 0 0 -1 0 0 -1 0 0 -1 0 0 -1 0 0 -1 0 0 -1 0 0 -1 0 0 -1 0 0 -1 0 0 -1 0 0 -1 0 0 -1 0 0 -1 0 0 -1 0 0 -1 0 0 -1 0 0 -1 0 0 -1 0 0 -1 0 0 -1 0 0 -1 0 0 -1 0 0 -1 0 0 -1 0 0 -1 0 0 -1 0 0 -1 0 0 -1 0 0 -1 0 0 -1 0 0 -1 0 0 -1 0 0 -1 0 0 -1 0 0 -1 0 0 -1 0 0 -1 0 0 -1 0 0 -1 0 0 -1 0 0 -1 0 0 -1 0 0 -1 0 0 -1 0 0 -1 0 0 -1 0 0 -1 0 0 -1 0 0 -1 0 0 -1 0 0 -1 0 0 -1 0 0 -1 0 0 -1 0 0 -1 0 0 -1 0 0 -1 0 0 -1 0 0 -1 0 0 -1 0 0 -1 0 0 -1 0 0 -1 0 0 -1 0 0 -1 0 0 -1 0 0 -1 0 0 -1 0 0 -1 0 0 -1 0 0 -1 0 0 -1 0 0 -1 0 0 -1 0 0 -1 0 0 -1 0 0 -1 0 0 -1 0 0 -1 0 0 -1 0 0 -1 0 0 -1 0 0 -1 0 0 -1 0 0 -1 0 0 -1 0 0 -1 0 0 -1 0 0 -1 0 0 -1 0 0 -1 0 0 -1 0 0 -1 0 0 -1 0 0 -1 0 0 -1 0 0 -1 0 0 -1 0 0 -1 0 0 -1 0 0 -1 0 0 -1 0 0 -1 0 0 -1 0 0 -1 0 0 -1 0 0 -1 0 0 -1 0 0 -1 0 0 -1 0 0 -1 0 0 -1 0 0 -1 0 0 -1 0 0 -1 0 0 -1 0 0 -1 0 0 -1 0 0 -1 0 0 -1 0 0 -1 0 0 -1 0 0 -1 0 0 -1 0 0 -1 0 0 -1 0 0 -1 0 0 -1 0 0 -1 0 0 -1 0 0 -1 0 0 -1 0 0 -1 0 0 -1 0 0 -1 0 0 -1 0 0 -1 0 0 -1 0 0 -1 0 0 -1 0 0 -1 0 0 -1 0 0 -1 0 0 -1 0 0 -1 0 0 -1 0 0 -1 0 0 -1 0 0 -1 0 0 -1 0 0 -1 0 0 -1 0 0 -1 0 0 -1 0 0 -1 0 0.7740419 0.3373332 0.5357849 0.5581761 0.3357153 -0.7587718 -0.7707291 0.3369984 -0.5407483 -0.5230931 0.3381294 0.7823312 -0.5466042 0.3411636 0.7647426 -0.5219311 0.3389612 0.7827473 -0.7179028 0.3380285 0.6085657 -0.6850337 0.3351408 0.6468458 -0.7077957 0.3415096 0.6183822 -0.7009786 0.3502244 0.6212663 -0.7107523 0.3416218 0.6149193 -0.6771425 0.3348348 0.6552585 -0.6661533 0.3388452 0.6643973 -0.6466562 0.3526852 0.6763498 -0.647235 0.3546161 0.6747846 -0.6406824 0.3426386 0.6871135 -0.6361638 0.3392317 0.6929772 -0.6315641 0.336126 0.6986745 -0.6236979 0.3350933 0.7061964 -0.5877402 0.333751 0.7370018 -0.594751 0.3446074 0.7263037 -0.5262133 0.2959784 0.7971802 -0.5555571 0.3493233 0.7545393 -0.550827 0.3446317 0.7601438 -0.7820869 0.3389001 0.5229596 -0.8146814 0.3152295 0.4867489 -0.7558451 0.3379569 0.560788 -0.7623057 0.3348772 0.5538477 -0.7324368 0.334973 0.5927305 -0.7242405 0.3359403 0.6021793 -0.7100819 0.3330357 -0.6203796 -0.7357293 0.3522322 -0.5784764 -0.6915409 0.3615715 -0.6253297 -0.6986921 0.3532934 -0.6221037 -0.7845752 0.2439478 -0.5700274 -0.7205945 0.3726392 -0.5847082 -0.7290166 0.3608925 -0.5816283 -0.7443947 0.344263 -0.5721533 -0.7497224 0.3409894 -0.5671354 -0.7539165 0.3387291 -0.5629143 -0.7716904 0.3378878 -0.538819 -0.5707243 0.3354315 -0.7495061 -0.5756613 0.3360549 -0.7454403 -0.5823928 0.3374717 -0.7395482 -0.5895777 0.3405996 -0.7323865 -0.6348193 0.337708 -0.6949517 -0.5898705 0.3239392 -0.7396731 -0.5995078 0.3514181 -0.7190937 -0.5945341 0.344865 -0.726359 -0.6405743 0.3431499 -0.686959 -0.6459786 0.3515532 -0.6775854 -0.6465226 0.3531977 -0.6762101 -0.6640645 0.3400502 -0.665871 -0.6752584 0.3352785 -0.6569736 0.6661533 0.3388452 -0.6643973 0.6466562 0.3526852 -0.6763498 0.647235 0.3546161 -0.6747846 0.6406824 0.3426386 -0.6871135 0.5933117 0.3073479 -0.7439883 0.6046343 0.3702016 -0.7052434 0.6026399 0.3590558 -0.7126739 0.5986459 0.350711 -0.7201561 0.594751 0.3446074 -0.7263037 0.5874777 0.3394006 -0.7346273 0.5819419 0.3375224 -0.7398799 0.5776774 0.336381 -0.7437315 0.5733947 0.3357701 -0.7473132 0.7707291 0.3369984 -0.5407483 0.7558451 0.3379569 -0.560788 0.7494611 0.340933 -0.5675145 0.7420772 0.3461686 -0.574011 0.7357444 0.3525464 -0.5782658 0.727887 0.3619728 -0.5823712 0.7774001 0.2768283 -0.5648143 0.7009786 0.3502244 -0.6212663 0.7077956 0.3415096 -0.6183822 0.6850338 0.3351408 -0.6468457 0.6771425 0.3348348 -0.6552585 0.7747785 0.3381984 0.5341725 0.6348193 0.337708 0.6949517 0.6253108 0.3348465 0.704886 0.6405743 0.3431499 0.686959 0.6459786 0.3515532 0.6775854 0.6465226 0.3531977 0.6762101 0.6640645 0.3400502 0.665871 0.6752584 0.3352785 0.6569736 0.7100819 0.3330357 0.6203796 0.6915409 0.3615715 0.6253297 0.6986921 0.3532934 0.6221037 0.7049269 0.346212 0.6190439 0.7118085 0.341314 0.6138677 0.7177935 0.3378055 0.6088185 0.7267153 0.3354685 0.5994545 0.7329641 0.3350717 0.5920224 0.7376443 0.3349525 0.5862489 0.7620683 0.3357019 0.5536752 0.5399795 0.3378084 0.7709136 0.5443974 0.3398979 0.7668774 0.5511771 0.3445566 0.7599241 0.557254 0.3519419 0.7520672 0.6144127 0.33512 0.7142771 0.5867559 0.338177 0.7357675 0.5275228 0.2881956 0.7991639 0.7580382 0.337211 0.5582714 0.7673011 0.3339821 0.5474532 0.8087052 0.3354618 0.4831783 0.8119568 0.3347887 0.4781659 0.849002 0.3347101 0.4088581 0.849002 0.3347101 0.4088578 0.882234 0.3347101 0.3311078 0.882234 0.3347101 0.3311078 0.9083625 0.3347101 0.2506924 0.9083624 0.3347102 0.2506929 0.9271776 0.3347101 0.1682578 0.927178 0.33471 0.1682567 0.9385277 0.33471 0.08446878 0.9385277 0.3347101 0.08446955 0.9423212 0.3347101 0 0.9423211 0.3347101 0 0.9385276 0.3347101 -0.08446902 0.9385277 0.33471 -0.08446955 0.9271776 0.33471 -0.1682581 0.9271779 0.3347102 -0.1682567 0.9083625 0.3347102 -0.2506924 0.9083624 0.3347101 -0.2506929 0.882234 0.3347101 -0.3311077 0.882234 0.3347101 -0.3311078 0.8490019 0.3347101 -0.408858 0.849002 0.3347101 -0.4088578 0.8089346 0.3347101 -0.4833154 0.8089345 0.3347101 -0.4833159 0.7650675 0.3347725 -0.55009 0.7716904 0.3378878 -0.538819 0.5707243 0.3354315 -0.7495062 0.5624753 0.3349902 -0.755912 0.5191214 0.33471 -0.7864364 0.5191218 0.3347101 -0.786436 0.4465367 0.3347101 -0.8298037 0.4465368 0.3347101 -0.8298036 0.3703559 0.3347101 -0.8664904 0.3703559 0.3347101 -0.8664904 0.2911925 0.3347101 -0.896201 0.2911933 0.3347102 -0.8962007 0.2096861 0.3347102 -0.9186952 0.2096858 0.3347101 -0.9186952 0.1264916 0.3347101 -0.9337928 0.1264911 0.3347101 -0.9337929 0.04227697 0.3347101 -0.9413723 0.04227656 0.33471 -0.9413724 -0.04227674 0.3347101 -0.9413723 -0.0422765 0.33471 -0.9413723 -0.1264913 0.3347101 -0.9337929 -0.1264911 0.3347102 -0.9337929 -0.2096863 0.3347101 -0.9186952 -0.2096858 0.3347102 -0.9186952 -0.2911928 0.3347101 -0.8962008 -0.2911933 0.3347101 -0.8962007 -0.3703562 0.3347101 -0.8664904 -0.3703559 0.3347101 -0.8664904 -0.4465367 0.3347101 -0.8298037 -0.4465368 0.3347101 -0.8298036 -0.5191214 0.3347101 -0.7864363 -0.5191218 0.33471 -0.786436 -0.5624753 0.3349902 -0.7559121 -0.5581761 0.3357153 -0.7587718 -0.7580382 0.337211 -0.5582714 -0.7650675 0.3347725 -0.5500901 -0.8089348 0.3347101 -0.4833154 -0.8089345 0.3347101 -0.4833158 -0.849002 0.3347101 -0.4088581 -0.849002 0.3347101 -0.4088578 -0.882234 0.3347101 -0.3311078 -0.882234 0.3347101 -0.3311078 -0.9083625 0.3347101 -0.2506924 -0.9083624 0.3347102 -0.2506929 -0.9271776 0.3347101 -0.1682578 -0.927178 0.33471 -0.1682567 -0.9385277 0.33471 -0.08446878 -0.9385277 0.3347101 -0.08446955 -0.9423212 0.3347101 0 -0.9423211 0.3347101 0 -0.9385276 0.3347101 0.08446902 -0.9385277 0.33471 0.08446955 -0.9271776 0.33471 0.1682581 -0.9271779 0.3347102 0.1682567 -0.9083625 0.3347102 0.2506924 -0.9083624 0.3347101 0.2506929 -0.882234 0.3347101 0.3311077 -0.882234 0.3347101 0.3311078 -0.8490019 0.3347101 0.408858 -0.849002 0.3347101 0.4088578 -0.7923067 0.3340883 0.5105245 -0.8005079 0.3700635 0.4714235 -0.7740419 0.3373332 0.5357849 -0.5417277 0.3386357 0.7693224 -0.5328534 0.3344311 0.7773179 -0.4465367 0.3347101 0.8298037 -0.4465368 0.3347101 0.8298036 -0.3703559 0.3347101 0.8664904 -0.3703559 0.3347101 0.8664904 -0.2911925 0.3347101 0.896201 -0.2911933 0.3347102 0.8962007 -0.2096861 0.3347102 0.9186952 -0.2096858 0.3347101 0.9186952 -0.1264916 0.3347101 0.9337928 -0.1264911 0.3347101 0.9337929 -0.04227697 0.3347101 0.9413723 -0.04227656 0.33471 0.9413724 0.04227674 0.3347101 0.9413723 0.0422765 0.33471 0.9413723 0.1264913 0.3347101 0.9337929 0.1264911 0.3347102 0.9337929 0.2096863 0.3347101 0.9186952 0.2096858 0.3347102 0.9186952 0.2911928 0.3347101 0.8962008 0.2911933 0.3347101 0.8962007 0.3703562 0.3347101 0.8664904 0.3703559 0.3347101 0.8664904 0.4465367 0.3347101 0.8298037 0.4465368 0.3347101 0.8298036 0.5280843 0.3345386 0.7805197 0.5230931 0.3381294 0.7823312 0.1341473 0.03572463 0.9903172 0.101164 0.009227633 0.994827 0.3089875 0.01399606 0.9509631 0.2993024 0.0201162 0.9539462 0.2337971 0 0.9722854 0.1899401 0 0.9817957 0.4737254 0.02455383 0.8803303 0.4852448 0.01535063 0.8742437 0.4142187 0 0.9101774 0.3729635 0 0.9278461 0.5424107 0 0.8401135 0.5795574 0 0.8149315 0.6513507 0.008204162 0.7587325 0.6230521 0.0374673 0.7812826 0.6910629 5.95809e-4 0.7227943 0.8089985 0.006703019 0.5877725 0.7905786 0.02233123 0.6119533 0.7540236 0 0.6568474 0.7237868 0 0.6900236 0.8416805 0 0.5399758 0.8650583 0 0.5016716 0.8976312 0.01965111 0.440309 0.9008651 0.01518714 0.4338334 0.9289218 0 0.370276 0.9445979 0 0.3282298 0.9638966 0.01172745 0.2660187 0.9678649 0.02093535 0.250598 0.9823415 0 0.1870971 0.9897465 0 0.1428352 0.998691 0.007143557 0.05064767 0.995207 0.03924572 0.08956974 0.9999992 0.001228988 0 0.9839009 0.007633566 -0.1785517 0.9882262 0.02212679 -0.1513907 0.9957106 0 -0.0925225 0.9988592 0 -0.04775267 0.9716042 0 -0.2366122 0.9600105 0 -0.279964 0.9375803 0.01914817 -0.3472414 0.9361088 0.01641416 -0.3513274 0.908975 0 -0.4168507 0.8132503 0 -0.5819141 0.8484517 0.02128905 -0.5288444 0.8583999 0.01064825 -0.5128706 0.8893576 0 -0.4572122 0.7863234 0 -0.617815 0.7530674 0.003351807 -0.6579348 0.7246048 0.02277821 -0.6887881 0.6910619 0.001899719 -0.7227932 0.6546581 0 -0.7559251 0.6200887 0 -0.7845317 0.5506368 0.03071743 -0.8341795 0.5712266 0.01207518 -0.8207036 0.3929632 0.01767814 -0.9193843 0.3942877 0.01860833 -0.9187987 0.4597855 0 -0.88803 0.4991632 0 -0.866508 0.3254931 0 -0.9455444 0.2827431 0 -0.9591957 0.2012818 0.01294988 -0.9794477 0.2224264 0.02912098 -0.9745146 0.13997 0 -0.9901557 0.09539967 0 -0.9954391 0.04486495 0.002606809 -0.9989897 -0.04482376 0.04291296 -0.9980728 0 0.004910528 -0.999988 -0.2225104 0.009606242 -0.974883 -0.2012517 0.02160531 -0.9793012 -0.13997 0 -0.9901557 -0.09539967 0 -0.9954391 -0.2827431 0 -0.9591957 -0.3254931 0 -0.9455444 -0.3942919 0.01803106 -0.9188084 -0.3929539 0.01897984 -0.9193623 -0.4597855 0 -0.88803 -0.6200887 0 -0.7845317 -0.5711314 0.02188485 -0.8205668 -0.5508765 0.008601367 -0.8345425 -0.4991632 0 -0.866508 -0.7530674 0.003351807 -0.6579348 -0.7246047 0.02277821 -0.6887881 -0.6910619 0.001899719 -0.7227932 -0.6546581 0 -0.7559251 -0.8583999 0.01064825 -0.5128706 -0.8484517 0.02128905 -0.5288444 -0.8132503 0 -0.5819141 -0.7863234 0 -0.617815 -0.8893576 0 -0.4572122 -0.908975 0 -0.4168507 -0.93761 0.01741695 -0.3472524 -0.9360415 0.02031791 -0.3513022 -0.9600105 0 -0.279964 -0.9716042 0 -0.2366122 -0.9839009 0.007633566 -0.1785517 -0.9882262 0.02212679 -0.1513907 -0.9957106 0 -0.0925225 -0.9988592 0 -0.04775267 -0.9999992 0.001228988 0 -0.995207 0.03924572 0.08956974 -0.998691 0.007143557 0.05064767 -0.9897465 0 0.1428352 -0.9823415 0 0.1870971 -0.9678649 0.02093535 0.250598 -0.9638966 0.01172745 0.2660187 -0.9445979 0 0.3282298 -0.8650583 0 0.5016716 -0.8976312 0.01965111 0.4403089 -0.9008651 0.01518714 0.4338334 -0.9289218 0 0.370276 -0.8416805 0 0.5399758 -0.8089985 0.006703019 0.5877726 -0.7905786 0.02233123 0.6119533 -0.7540236 0 0.6568474 -0.7237868 0 0.6900236 -0.6910629 5.95809e-4 0.7227943 -0.6230521 0.0374673 0.7812826 -0.6513507 0.008204162 0.7587325 -0.4738292 0.01284313 0.8805231 -0.4851995 0.02054417 0.8741621 -0.5424107 0 0.8401135 -0.5795574 0 0.8149315 -0.4142187 0 0.9101774 -0.3729635 0 0.9278461 -0.2993243 0.01607638 0.9540161 -0.3089353 0.02310532 0.9508024 -0.2337971 0 0.9722854 -0.1899401 0 0.9817957 -0.1342307 0.005809366 0.9909331 -0.1011427 0.02249884 0.9946175 -0.04486513 0 0.998993 0.04486513 0 0.998993 0 1 0 0 1 0 0 1 0 0 1 0 0 1 0 0 1 0 0 1 0 0 1 0 0 1 0 0 1 0 0 1 0 0 1 0 0 1 0 0 1 0 0 1 0 0 1 0 0 1 0 0 1 0 0 1 0 0 1 0 0 1 0 0 1 0 0 1 0 0 1 0 0 1 0 0 1 0 0 1 0 0 1 0 0 1 0 0 1 0 0 1 0 0 1 0 0 1 0 0 1 0 0 1 0 0 1 0 0 1 0 0 1 0 0 1 0 0 1 0 0 1 0 0 1 0 0 1 0 0 1 0 0 1 0 0 1 0 0 1 0 0 1 0 0 1 0 0 1 0 0 1 0 0 1 0 0 1 0 0 1 0 0 1 0 0 1 0 0 1 0 0 1 0 0 1 0 0 1 0 0 1 0 0 1 0 0 1 0 -0.8598394 0 0.5105645 -0.8801152 0.008644104 0.4746816 -0.8989615 0 0.4380276 -0.9319767 0 0.362518 -0.9460883 0.008644223 0.3237935 -0.9586633 0 0.284543 -0.9788382 0 0.2046356 -0.9864022 0.008643746 0.1641221 -0.9923642 0 0.123342 -0.9991507 0 0.04120612 -0.9999626 0.008643865 0 -0.9991507 0 -0.04120612 -0.9923642 0 -0.123342 -0.9864022 0.008643746 -0.1641221 -0.9788382 0 -0.2046356 -0.9586633 0 -0.284543 -0.9460883 0.008644223 -0.3237935 -0.9319767 0 -0.362518 -0.8989615 0 -0.4380276 -0.8801152 0.008644104 -0.4746816 -0.8598394 0 -0.5105645 -0.2197695 0.1567707 0.9628729 -0.2303985 0.1698863 0.9581519 -0.3045283 0.1698116 0.9372441 -0.3045297 0.169814 0.9372432 -0.387317 0.1698139 0.9061726 -0.3694726 0.1365001 0.9191615 -0.4081936 0.1699404 0.8969382 -0.4669865 0.169813 0.867806 -0.4669861 0.1698121 0.8678063 -0.5428955 0.1698122 0.8224527 -0.5359113 0.1543413 0.8300468 -0.5711243 0.1699706 0.8030735 -0.614435 0.1698128 0.770476 -0.6144345 0.1698117 0.7704765 -0.6810258 0.1698118 0.7122976 -0.6810263 0.1698132 0.7122969 -0.713254 0.1699792 0.6799822 -0.7424076 0.1676924 0.6486217 -0.743071 0.1698237 0.6473062 -0.797267 0.1698132 0.5792485 -0.7972668 0.1698125 0.579249 -0.8294342 0.1699647 0.5321192 -0.8479695 0.1557756 0.5066376 -0.8524823 0.1698935 0.4943785 -0.8878837 0.169811 0.4275825 -0.8878838 0.1698119 0.427582 -0.9226376 0.1698119 0.3462714 -0.9199378 0.1387417 0.366695 -0.9308575 0.169944 0.3234552 -0.9499627 0.1698117 0.2621731 -0.9499627 0.1698116 0.2621732 -0.9696395 0.1698116 0.1759636 -0.9702278 0.1565588 0.1847899 -0.9753446 0.1699716 0.1407568 -0.9815093 0.1698116 0.08833736 -0.9815092 0.1698123 0.08833688 -0.9854764 0.1698123 0 -0.9854764 0.1698123 0 -0.9843237 0.1699778 -0.04705774 -0.9822044 0.1657107 -0.08839988 -0.9812459 0.1698324 -0.09117841 -0.9696394 0.1698116 -0.1759636 -0.9696395 0.1698116 -0.1759636 -0.9574682 0.1699605 -0.2331696 -0.9523248 0.1549208 -0.262825 -0.9460529 0.1699016 -0.2758937 -0.9226376 0.1698117 -0.3462714 -0.9226375 0.1698119 -0.3462715 -0.8878836 0.1698119 -0.4275825 -0.8998971 0.1409752 -0.4126877 -0.8764201 0.169948 -0.4505612 -0.8459815 0.1698111 -0.5054498 -0.8459808 0.1698126 -0.5054505 -0.7972671 0.1698125 -0.5792486 -0.8029338 0.1587762 -0.5745322 -0.7748812 0.1699751 -0.6088249 -0.7421342 0.1698132 -0.6483829 -0.7421342 0.1698132 -0.6483828 -0.6810256 0.1698131 -0.7122974 -0.6810264 0.1698118 -0.712297 -0.6451317 0.1699764 -0.7449249 -0.615062 0.16387 -0.7712622 -0.6110795 0.1698434 -0.7731333 -0.5428954 0.1698129 -0.8224525 -0.5428959 0.1698122 -0.8224524 -0.4919011 0.1699574 -0.8539015 -0.4682005 0.1542097 -0.8700618 -0.4531 0.1699101 -0.8751176 -0.387317 0.169813 -0.9061728 -0.3873164 0.1698139 -0.9061729 -0.3045282 0.169814 -0.9372437 -0.3221381 0.1432094 -0.9357982 -0.2786298 0.1699529 -0.9452415 -0.2192893 0.1698116 -0.9607686 -0.2192889 0.1698122 -0.9607686 -0.1322845 0.1698121 -0.9765576 -0.1381443 0.1609885 -0.9772404 -0.09401142 0.1699771 -0.9809535 -0.04421293 0.1698136 -0.9844839 -0.04421353 0.1698127 -0.984484 0.04421293 0.1698128 -0.984484 0.04421347 0.1698136 -0.9844838 0.09401142 0.1699771 -0.9809535 0.1324571 0.1621686 -0.9778325 0.1379362 0.1698522 -0.9757683 0.2192893 0.1698121 -0.9607685 0.219289 0.1698116 -0.9607686 0.2786298 0.1699529 -0.9452415 0.3053473 0.1536396 -0.9397647 0.3207599 0.1699178 -0.9317945 0.387317 0.1698139 -0.9061726 0.3873165 0.169813 -0.9061729 0.4669865 0.169813 -0.867806 0.4548965 0.145442 -0.8785874 0.4919011 0.1699574 -0.8539015 0.5428955 0.1698122 -0.8224527 0.5428958 0.1698129 -0.8224523 0.614435 0.1698128 -0.770476 0.6117753 0.1631988 -0.7740136 0.6451317 0.1699764 -0.7449249 0.6810258 0.1698118 -0.7122976 0.6810263 0.1698132 -0.7122969 0.7421342 0.1698131 -0.6483829 0.7421342 0.1698132 -0.6483828 0.7748812 0.1699751 -0.6088249 0.7985144 0.1606082 -0.5801548 0.801432 0.1698617 -0.5734576 0.8459812 0.1698125 -0.5054497 0.845981 0.169811 -0.5054507 0.8764201 0.169948 -0.4505612 0.8903315 0.1532112 -0.4287613 0.8957562 0.1699221 -0.4107887 0.9226376 0.1698119 -0.3462714 0.9226375 0.1698117 -0.3462715 0.9499627 0.1698117 -0.2621731 0.9494856 0.1476702 -0.2768948 0.9574682 0.1699605 -0.2331696 0.9696395 0.1698116 -0.1759636 0.9696395 0.1698117 -0.1759636 0.9815093 0.1698116 -0.08833736 0.9819954 0.1654055 -0.09124803 0.9843237 0.1699778 -0.04705774 0.9854764 0.1698123 0 0.9854764 0.1698123 0 0.9815092 0.1698123 0.0883373 0.9815093 0.1698116 0.08833688 0.9753446 0.1699717 0.1407568 0.971383 0.1591867 0.17628 0.9680646 0.1698697 0.1843779 0.9499627 0.1698116 0.2621732 0.9499627 0.1698117 0.2621732 0.9308575 0.169944 0.3234552 0.9252225 0.1529277 0.3472415 0.915412 0.1699281 0.3648909 0.8878836 0.1698119 0.4275825 0.8878839 0.169811 0.427582 0.8459815 0.1698111 0.5054498 0.8552843 0.1498977 0.4960034 0.8294342 0.1699647 0.5321192 0.7972671 0.1698125 0.5792486 0.7972667 0.1698133 0.5792489 0.7421342 0.1698132 0.6483829 0.7433566 0.1676108 0.6475551 0.713254 0.1699792 0.6799822 0.6810256 0.1698131 0.7122974 0.6810264 0.1698118 0.712297 0.6144351 0.1698118 0.7704762 0.6144344 0.1698128 0.7704764 0.5711243 0.1699706 0.8030735 0.5439848 0.1579086 0.8241028 0.5345267 0.1698787 0.8279024 0.4669866 0.1698122 0.8678061 0.466986 0.169813 0.8678061 0.4081936 0.1699404 0.8969382 0.3884109 0.1527846 0.9087319 0.3675388 0.1699359 0.9143506 0.3045282 0.169814 0.9372437 0.3045298 0.1698116 0.9372437 0.2192893 0.1698116 0.9607686 0.2310762 0.1521201 0.96097 0.1871764 0.1699672 0.9675103 0.1322845 0.1698121 0.9765576 0.1322834 0.1698136 0.9765574 0.04421293 0.1698136 0.9844839 0.04421353 0.1698127 0.984484 -0.04421293 0.1698128 0.984484 -0.04421347 0.1698136 0.9844838 -0.1322844 0.1698136 0.9765574 -0.1322834 0.1698121 0.9765577 -0.1871764 0.1699672 0.9675103 -0.01163715 0 0.9999323 -0.9445675 0 -0.3283172 -0.9815731 -0.01049941 -0.1907986 -0.991436 -0.00420612 -0.1305263 -0.9999323 0 0.01163715 -0.9562606 -0.009595572 0.2923583 -0.9620342 -0.00720036 0.2728337 -0.9935719 0 0.1132032 -0.6315782 -0.00180459 0.77531 -0.7751612 -0.01968258 0.6314569 -0.707103 -0.003288984 0.707103 -0.8465024 0 0.5323849 -0.8962288 0 0.4435921 -0.1132032 0 0.9935719 -0.2728338 -0.00720036 0.9620343 -0.2923583 -0.009595572 0.9562606 -0.4435921 0 0.8962288 -0.5323849 0 0.8465024 0.1305263 -0.00420612 0.991436 0.1907986 -0.01049941 0.9815731 0.3283172 0 0.9445675 0.422617 0 0.9063084 0.422617 0 0.9063084 -0.9063084 0 -0.422617 -0.9063084 0 -0.422617 0.9816095 -0.005987465 0.1908057 0.991334 -0.01494538 0.1305129 0.9445675 0 0.3283172 0.8962288 0 -0.4435921 0.9620032 -0.01078212 -0.272825 0.9562734 -0.008090794 -0.2923622 0.9935719 0 -0.1132032 0.9999323 0 -0.01163715 0.5323849 0 -0.8465024 0.6315782 -0.00180459 -0.77531 0.7070656 -0.01080077 -0.7070656 0.77531 -0.00180459 -0.6315782 0.8465024 0 -0.5323849 0.2923622 -0.008090794 -0.9562734 0.272825 -0.01078212 -0.9620032 0.4435921 0 -0.8962288 -0.3283172 0 -0.9445675 -0.1305129 -0.01494538 -0.991334 -0.1908057 -0.005987465 -0.9816095 0.01163715 0 -0.9999323 0.1132032 0 -0.9935719 -0.422617 0 -0.9063084 -0.422617 0 -0.9063084 0.9063084 0 0.422617 0.9063084 0 0.422617 0.3283172 0 -0.9445675 0.1907986 -0.01049941 -0.9815731 0.1305263 -0.00420612 -0.991436 -0.01163715 0 -0.9999323 -0.1132032 0 -0.9935719 -0.2923622 -0.008090794 -0.9562734 -0.272825 -0.01078212 -0.9620033 -0.8465024 0 -0.5323849 -0.77531 -0.00180459 -0.6315782 -0.6314569 -0.01968258 -0.7751612 -0.707103 -0.003288984 -0.707103 -0.5323849 0 -0.8465024 -0.4435921 0 -0.8962288 -0.9999323 0 -0.01163715 -0.9935719 0 -0.1132032 -0.9562734 -0.008090794 -0.2923622 -0.9620032 -0.01078212 -0.272825 -0.8962288 0 -0.4435921 -0.991436 -0.00420612 0.1305263 -0.9815731 -0.01049941 0.1907986 -0.9445675 0 0.3283172 -0.9063084 0 0.422617 -0.9063084 0 0.422617 0.422617 0 -0.9063084 0.422617 0 -0.9063084 -0.422617 0 0.9063084 -0.422617 0 0.9063084 -0.3283172 0 0.9445675 -0.1305129 -0.01494538 0.991334 -0.1908057 -0.005987465 0.9816095 0.01163715 0 0.9999323 0.2923583 -0.009595572 0.9562606 0.2728338 -0.00720036 0.9620343 0.1132032 0 0.9935719 0.6315782 -0.00180459 0.77531 0.5323849 0 0.8465024 0.4435921 0 0.8962288 0.7751612 -0.01968258 0.6314569 0.707103 -0.003288984 0.707103 0.8465024 0 0.5323849 0.8962288 0 0.4435921 0.9562606 -0.009595572 0.2923583 0.9620342 -0.00720036 0.2728337 0.9445675 0 -0.3283172 0.991334 -0.01494538 -0.1305129 0.9816095 -0.005987465 -0.1908057 0.9999323 0 0.01163715 0.9935719 0 0.1132032 0.9063084 0 -0.422617 0.9063084 0 -0.422617 -0.6855758 0 -0.7280013 -0.6855758 0 -0.7280013 -0.2751082 0 -0.9614133 -0.2751082 0 -0.9614133 0.1966967 0 -0.9804643 0.1966967 0 -0.9804643 -0.9804643 0 0.1966967 -0.9804643 0 0.1966967 -0.9614133 0 -0.2751082 -0.9614133 0 -0.2751082 -0.7280013 0 -0.6855758 -0.7280013 0 -0.6855758 0.7280013 0 -0.6855758 0.7280013 0 -0.6855758 0.9614133 0 -0.2751082 0.9614133 0 -0.2751082 0.9804643 0 0.1966967 0.9804643 0 0.1966967 -0.1966967 0 -0.9804643 -0.1966967 0 -0.9804643 0.2751082 0 -0.9614133 0.2751082 0 -0.9614133 0.6855758 0 -0.7280013 0.6855758 0 -0.7280013 0.6855758 0 0.7280013 0.6855758 0 0.7280013 0.2751082 0 0.9614133 0.2751082 0 0.9614133 -0.1966967 0 0.9804643 -0.1966967 0 0.9804643 0.9804643 0 -0.1966967 0.9804643 0 -0.1966967 0.9614133 0 0.2751082 0.9614133 0 0.2751082 0.7280013 0 0.6855758 0.7280013 0 0.6855758 -0.7280013 0 0.6855758 -0.7280013 0 0.6855758 -0.9614133 0 0.2751082 -0.9614133 0 0.2751082 -0.9804643 0 -0.1966967 -0.9804643 0 -0.1966967 0.1966967 0 0.9804643 0.1966967 0 0.9804643 -0.2751082 0 0.9614133 -0.2751082 0 0.9614133 -0.6855758 0 0.7280013 -0.6855758 0 0.7280013 0.6855749 0 -0.7280022 0.6855749 0 -0.7280022 0.2751086 0 -0.9614132 0.2751086 0 -0.9614132 -0.1966971 0 -0.9804643 -0.1966971 0 -0.9804643 0.8598392 0 0.5105651 0.8711067 -0.1429655 0.4698233 0.8989615 0 0.4380277 0.9319773 0 0.3625165 0.9364054 -0.1429615 0.3204792 0.958663 0 0.2845439 0.9788381 0 0.2046359 0.9763067 -0.1429612 0.1624419 0.9923643 0 0.1233409 0.9991507 0 0.04120683 0.989728 -0.1429634 0 0.9991507 0 -0.04120683 0.9923643 0 -0.1233409 0.9763067 -0.1429612 -0.1624419 0.9788381 0 -0.2046359 0.958663 0 -0.2845439 0.9364054 -0.1429615 -0.3204792 0.9319773 0 -0.3625165 0.8989615 0 -0.4380277 0.8711067 -0.1429655 -0.4698233 0.8598392 0 -0.5105651 -0.1966971 0 0.9804643 -0.1966971 0 0.9804643 0.2751086 0 0.9614132 0.2751086 0 0.9614132 0.6855749 0 0.7280022 0.6855749 0 0.7280022 -0.4226177 0 0.9063081 -0.4226177 0 0.9063081 0.9063081 0 0.4226177 0.9063081 0 0.4226177 0.9804643 0 0.1966971 0.9804643 0 0.1966971 0.9614132 0 -0.2751086 0.9614132 0 -0.2751086 0.7280022 0 -0.6855749 0.7280022 0 -0.6855749 -0.7280022 0 -0.6855749 -0.7280022 0 -0.6855749 -0.9614132 0 -0.2751086 -0.9614132 0 -0.2751086 -0.9804643 0 0.1966971 -0.9804643 0 0.1966971 0.5105651 0 -0.8598392 0.4698233 -0.1429655 -0.8711068 0.4380277 0 -0.8989615 0.3625165 0 -0.9319773 0.3204792 -0.1429615 -0.9364054 0.2845439 0 -0.958663 0.2046359 0 -0.9788381 0.1624419 -0.1429612 -0.9763067 0.1233409 0 -0.9923643 0.04120683 0 -0.9991507 0 -0.1429634 -0.989728 -0.04120683 0 -0.9991507 -0.1233409 0 -0.9923643 -0.1624419 -0.1429612 -0.9763067 -0.2046359 0 -0.9788381 -0.2845439 0 -0.958663 -0.3204792 -0.1429615 -0.9364054 -0.3625165 0 -0.9319773 -0.4380277 0 -0.8989615 -0.4698233 -0.1429655 -0.8711068 -0.5105651 0 -0.8598392 0.7280022 0 0.6855749 0.7280022 0 0.6855749 0.9614132 0 0.2751086 0.9614132 0 0.2751086 0.9804643 0 -0.1966971 0.9804643 0 -0.1966971 -0.5105651 0 0.8598392 -0.4698233 -0.1429655 0.8711068 -0.4380277 0 0.8989615 -0.3625165 0 0.9319773 -0.3204792 -0.1429615 0.9364054 -0.2845439 0 0.958663 -0.2046359 0 0.9788381 -0.1624419 -0.1429612 0.9763067 -0.1233409 0 0.9923643 -0.04120683 0 0.9991507 0 -0.1429634 0.989728 0.04120683 0 0.9991507 0.1233409 0 0.9923643 0.1624419 -0.1429612 0.9763067 0.2046359 0 0.9788381 0.2845439 0 0.958663 0.3204792 -0.1429615 0.9364054 0.3625165 0 0.9319773 0.4380277 0 0.8989615 0.4698233 -0.1429655 0.8711068 0.5105651 0 0.8598392 -0.9804643 0 -0.1966971 -0.9804643 0 -0.1966971 -0.9614132 0 0.2751086 -0.9614132 0 0.2751086 -0.7280022 0 0.6855749 -0.7280022 0 0.6855749 -0.9063081 0 -0.4226177 -0.9063081 0 -0.4226177 0.4226177 0 -0.9063081 0.4226177 0 -0.9063081 0.1966971 0 -0.9804643 0.1966971 0 -0.9804643 -0.2751086 0 -0.9614132 -0.2751086 0 -0.9614132 -0.6855749 0 -0.7280022 -0.6855749 0 -0.7280022 -0.6855749 0 0.7280022 -0.6855749 0 0.7280022 -0.2751086 0 0.9614132 -0.2751086 0 0.9614132 0.1966971 0 0.9804643 0.1966971 0 0.9804643 -0.8598392 0 -0.5105651 -0.8711067 -0.1429655 -0.4698233 -0.8989615 0 -0.4380277 -0.9319773 0 -0.3625165 -0.9364054 -0.1429615 -0.3204792 -0.958663 0 -0.2845439 -0.9788381 0 -0.2046359 -0.9763067 -0.1429612 -0.1624419 -0.9923643 0 -0.1233409 -0.9991507 0 -0.04120683 -0.989728 -0.1429634 0 -0.9991507 0 0.04120683 -0.9923643 0 0.1233409 -0.9763067 -0.1429612 0.1624419 -0.9788381 0 0.2046359 -0.958663 0 0.2845439 -0.9364054 -0.1429615 0.3204792 -0.9319773 0 0.3625165 -0.8989615 0 0.4380277 -0.8711067 -0.1429655 0.4698233 -0.8598392 0 0.5105651 0.9449702 0 -0.3271564 0.9659226 0.00258392 -0.2588185 0.987688 8.03999e-4 0.1564342 0.9939365 -2.75731e-5 0.1099551 0.9998477 3.17812e-5 -0.01745206 0.9997081 9.15596e-4 0.0241428 0.9927516 -9.61715e-4 -0.1201801 0.9205039 0.001347362 0.3907309 0.9417532 5.64752e-5 0.3363048 0.9761443 -3.26204e-5 0.2171227 0.8386726 -3.43435e-5 0.5446359 0.8346671 4.21929e-5 0.5507549 0.8851411 -6.7436e-5 0.4653226 0.3907312 7.08822e-4 0.9205046 0.3287125 0.00297904 0.9444254 0.681809 0.2650558 0.6818225 0.7484362 9.96322e-5 0.6632067 0.637546 0.004734098 0.7703977 0.7071067 6.59617e-4 0.7071067 0.5482767 -1.90188e-4 0.836297 0.5446359 -1.35279e-4 0.8386726 0.4907919 5.14483e-5 0.8712769 0.4189378 4.41233e-4 0.9080149 -0.3729358 0.008230328 0.9278206 -0.2588193 0 0.9659257 -0.2575798 0.001522123 0.9662559 -0.1141088 -5.24316e-5 0.9934683 -0.01745206 1.06068e-4 0.9998477 -0.01434558 4.01854e-5 0.9998971 0.1564343 -6.6178e-5 0.9876884 0.09183126 0.002092599 0.9957724 0.2122669 -4.09711e-4 0.9772117 0.9063076 0 -0.4226187 0.9063081 -1.60798e-7 -0.4226175 0.9063049 3.12472e-6 -0.4226245 0.9063078 0 -0.4226185 0.9063085 -9.29627e-7 -0.4226168 0.9063079 0 -0.422618 -0.4226187 0 0.9063076 -0.422618 0 0.9063079 -0.4226136 -3.7067e-6 0.9063099 -0.4226176 -4.37379e-7 0.9063081 -0.4226196 8.00969e-7 0.9063072 -0.4226175 -1.60798e-7 0.9063081 0 1 0 0 1 0 0 1 0 0 1 0 0 1 0 0 1 0 0 1 0 0 1 0 0 1 0 0 1 0 0 1 0 0 1 0 0 1 0 0 1 0 0 1 0 0 1 0 0 1 0 0 1 0 0 1 0 0 1 0 0 1 0 0 1 0 0 1 0 0 1 0 0 1 0 0.3271564 0 0.9449702 0.3090167 6.92096e-4 0.9510564 0.1192529 -6.15412e-4 0.9928637 0.0697565 8.56135e-4 0.9975637 -0.173646 0.001113057 0.9848074 -0.1099551 -2.75731e-5 0.9939365 -0.02196764 1.34582e-5 0.9997587 -0.4067385 0.001048743 0.9135439 -0.3358401 -2.64891e-4 0.941919 -0.2176882 2.71245e-4 0.9760183 -0.7011262 -2.06646e-4 0.7130371 -0.6207087 7.30338e-4 0.7840409 -0.6156606 8.7791e-4 0.7880108 -0.5507549 4.21929e-5 0.8346671 -0.4653226 -6.7436e-5 0.8851411 -0.9135445 1.11841e-4 0.4067388 -0.9444254 0.00297904 0.3287125 -0.9080149 4.41233e-4 0.4189378 -0.8712769 5.14479e-5 0.4907919 -0.7880111 -3.93074e-4 0.6156609 -0.8351734 0.002573132 0.5499808 -0.7713528 4.62852e-4 0.6364076 -0.9975637 7.01829e-4 -0.0697565 -0.9940926 0.002038478 -0.1085163 -0.9998971 4.01854e-5 -0.01434558 -0.9848081 -7.69494e-5 0.1736462 -0.9955748 0.003023743 0.09392356 -0.9770775 -8.05261e-5 0.2128838 -0.9510565 0 -0.3090168 -0.9227923 0.003908634 -0.3852779 -0.964593 -6.5763e-4 -0.2637423 0.4226187 0 0.9063076 0.4226175 -1.60798e-7 0.9063081 0.4226245 3.12472e-6 0.9063049 0.4226185 0 0.9063078 0.4226168 -9.29627e-7 0.9063085 0.422618 0 0.9063079 -0.9063076 0 -0.4226187 -0.9063079 0 -0.422618 -0.9063099 -3.7067e-6 -0.4226136 -0.9063081 -4.37379e-7 -0.4226176 -0.9063072 8.00969e-7 -0.4226196 -0.9063081 -1.60798e-7 -0.4226175 0 1 0 0 1 0 0 1 0 0 1 0 0 1 0 0 1 0 0 1 0 0 1 0 0 1 0 0 1 0 0 1 0 0 1 0 0 1 0 0 1 0 0 1 0 0 1 0 0 1 0 0 1 0 0 1 0 0 1 0 0 1 0 0 1 0 0 1 0 0 1 0 0 1 0 0 1 0 0 1 0 0.4226187 0 -0.9063076 0.422618 0 -0.9063079 0.4226136 -3.7067e-6 -0.9063099 0.4226176 -4.37379e-7 -0.9063081 0.4226196 8.00969e-7 -0.9063072 0.4226175 -1.60798e-7 -0.9063081 -0.9449702 0 0.3271564 -0.9659226 0.00258392 0.2588185 -0.987688 8.03999e-4 -0.1564342 -0.9939365 -2.75731e-5 -0.1099551 -0.9998477 3.17812e-5 0.01745206 -0.9997081 9.15596e-4 -0.0241428 -0.9927516 -9.61715e-4 0.1201801 -0.9205039 0.001347362 -0.3907309 -0.9417532 5.64752e-5 -0.3363048 -0.9761443 -3.26204e-5 -0.2171227 -0.8386726 -3.43435e-5 -0.5446359 -0.8346671 4.21929e-5 -0.5507549 -0.8851411 -6.7436e-5 -0.4653226 -0.3907312 7.08822e-4 -0.9205046 -0.3287125 0.00297904 -0.9444254 -0.681809 0.2650558 -0.6818225 -0.7484362 9.96322e-5 -0.6632067 -0.637546 0.004734098 -0.7703977 -0.7071067 6.59617e-4 -0.7071067 -0.5482767 -1.90188e-4 -0.836297 -0.5446359 -1.35279e-4 -0.8386726 -0.4907919 5.14483e-5 -0.8712769 -0.4189378 4.41233e-4 -0.9080149 0.3729358 0.008230328 -0.9278206 0.2588193 0 -0.9659257 0.2575798 0.001522123 -0.9662559 0.1141088 -5.24316e-5 -0.9934683 0.01745206 1.06068e-4 -0.9998477 0.01434558 4.01854e-5 -0.9998971 -0.1564343 -6.6178e-5 -0.9876884 -0.09183126 0.002092599 -0.9957724 -0.2122669 -4.09711e-4 -0.9772117 -0.9063076 0 0.4226187 -0.9063081 -1.60798e-7 0.4226175 -0.9063049 3.12472e-6 0.4226245 -0.9063078 0 0.4226185 -0.9063085 -9.29627e-7 0.4226168 -0.9063079 0 0.422618 0 1 0 0 1 0 0 1 0 0 1 0 0 1 0 0 1 0 0 1 0 0 1 0 0 1 0 0 1 0 0 1 0 0 1 0 0 1 0 0 1 0 0 1 0 0 1 0 0 1 0 0 1 0 0 1 0 0 1 0 0 1 0 0 1 0 0 1 0 0 1 0 -0.3271564 0 -0.9449702 -0.2588185 0.00258392 -0.9659226 0.1564342 8.03999e-4 -0.987688 0.1099551 -2.75731e-5 -0.9939365 -0.01745206 3.17812e-5 -0.9998477 0.0241428 9.15596e-4 -0.9997081 -0.1201801 -9.61715e-4 -0.9927516 0.3907309 0.001347362 -0.9205039 0.3363048 5.64752e-5 -0.9417532 0.2171227 -3.26204e-5 -0.9761443 0.5446359 -3.43435e-5 -0.8386726 0.5507549 4.21929e-5 -0.8346671 0.4653226 -6.7436e-5 -0.8851411 0.9205046 7.08822e-4 -0.3907312 0.9444254 0.00297904 -0.3287125 0.6818225 0.2650558 -0.681809 0.6632067 9.96322e-5 -0.7484362 0.7703977 0.004734098 -0.637546 0.7071067 6.59617e-4 -0.7071067 0.836297 -1.90188e-4 -0.5482767 0.8386726 -1.35279e-4 -0.5446359 0.8712769 5.14483e-5 -0.4907919 0.9080149 4.41233e-4 -0.4189378 0.9278206 0.008230328 0.3729358 0.9659257 0 0.2588193 0.9662559 0.001522123 0.2575798 0.9934683 -5.24316e-5 0.1141088 0.9998477 1.06068e-4 0.01745206 0.9998971 4.01854e-5 0.01434558 0.9876884 -6.6178e-5 -0.1564343 0.9957724 0.002092599 -0.09183126 0.9772117 -4.09711e-4 -0.2122669 -0.4226187 0 -0.9063076 -0.4226175 -1.60798e-7 -0.9063081 -0.4226245 3.12472e-6 -0.9063049 -0.4226185 0 -0.9063078 -0.4226168 -9.29627e-7 -0.9063085 -0.422618 0 -0.9063079 0.9063076 0 0.4226187 0.9063079 0 0.422618 0.9063099 -3.7067e-6 0.4226136 0.9063081 -4.37379e-7 0.4226176 0.9063072 8.00969e-7 0.4226196 0.9063081 -1.60798e-7 0.4226175 0 1 0 0 1 0 0 1 0 0 1 0 0 1 0 0 1 0 0 1 0 0 1 0 0 1 0 0 1 0 0 1 0 0 1 0 0 1 0 0 1 0 0 1 0 0 1 0 0 1 0 0 1 0 0 1 0 0 1 0 0 1 0 0 1 0 0 1 0 0 1 0 -0.8194152 0.01384335 -0.5730333 -0.8220422 0.1064283 -0.5593923 -0.7902136 0.2611174 -0.5544187 -0.8205243 0.07917773 0.5661013 -0.7954664 0.2533609 -0.5504919 -0.8304798 0.2531791 -0.496189 -0.8304799 0.2531799 -0.4961887 -0.8716148 0.2531799 -0.4197472 -0.8716148 0.2531793 -0.4197475 -0.9057319 0.2531793 -0.3399265 -0.9057319 0.2531789 -0.3399267 -0.9325564 0.2531789 -0.2573695 -0.9325565 0.2531779 -0.25737 -0.9518729 0.253178 -0.1727394 -0.9518725 0.2531804 -0.172738 -0.9635245 0.2531804 -0.08671975 -0.9635243 0.2531813 -0.08671927 -0.9674189 0.2531813 0 -0.9674189 0.2531813 0 -0.9635242 0.2531813 0.08671975 -0.9635245 0.2531804 0.08671933 -0.9518723 0.2531804 0.1727393 -0.9518731 0.2531779 0.1727381 -0.9325566 0.253178 0.2573696 -0.9325562 0.2531789 0.2573699 -0.905732 0.2531789 0.3399265 -0.9057318 0.2531793 0.3399267 -0.8716149 0.2531793 0.4197472 -0.8716146 0.2531799 0.4197474 -0.8335933 0.2532425 0.4909079 -0.8335934 0.2532424 0.4909078 -0.8127684 0.08525198 -0.5763156 -0.8553263 0.08521372 -0.5110339 -0.8553262 0.08521342 -0.511034 -0.8976916 0.08521336 -0.432306 -0.8976919 0.08521497 -0.4323052 -0.9328295 0.08521497 -0.3500966 -0.9328295 0.0852155 -0.3500964 -0.9604564 0.0852155 -0.2650698 -0.9604564 0.08521622 -0.2650694 -0.9803505 0.08521628 -0.1779071 -0.9803505 0.08521586 -0.1779074 -0.9923515 0.08521592 -0.08931225 -0.9923517 0.08521187 -0.08931428 -0.9963629 0.08521187 0 -0.9963629 0.08521187 0 -0.9923519 0.08521187 0.08931225 -0.9923514 0.08521592 0.08931428 -0.9803506 0.08521592 0.1779071 -0.9803505 0.08521628 0.1779074 -0.9604563 0.08521622 0.2650697 -0.9604564 0.0852155 0.2650694 -0.9328294 0.0852155 0.3500966 -0.9328295 0.08521497 0.3500964 -0.8976915 0.08521497 0.432306 -0.897692 0.08521336 0.4323053 -0.8585461 0.08523577 0.5056021 -0.8585458 0.08523672 0.5056025 -0.8222823 0.08526325 0.5626563 -0.7933312 0.2532426 0.5536188 -0.8047175 0.2354159 0.5449855 -0.7779142 0.3238897 0.5384653 -0.554504 0.01389223 0.8320651 -0.5456157 0.1066854 0.8312171 -0.5364181 0.2619821 0.80226 0.5528079 0.0793724 0.82952 -0.5344849 0.2531582 0.8063726 -0.4584304 0.2531789 0.8519049 -0.4584301 0.2531795 0.8519049 -0.3802195 0.2531796 0.8895692 -0.3802201 0.2531785 0.8895692 -0.2989485 0.2531784 0.9200709 -0.2989493 0.2531772 0.920071 -0.215272 0.2531772 0.9431645 -0.2152706 0.2531796 0.9431642 -0.129859 0.2531796 0.958664 -0.1298602 0.2531774 0.9586644 -0.04340338 0.2531774 0.9664458 -0.04340255 0.253179 0.9664454 0.04340338 0.2531789 0.9664453 0.04340255 0.2531774 0.9664458 0.129859 0.2531774 0.9586646 0.1298601 0.2531796 0.9586639 0.2152718 0.2531796 0.9431639 0.2152708 0.2531772 0.9431647 0.2989487 0.2531772 0.9200712 0.2989492 0.2531784 0.9200707 0.3802196 0.2531785 0.8895694 0.38022 0.2531796 0.8895689 0.4584304 0.2531795 0.8519048 0.4584302 0.2531789 0.8519051 -0.5556684 0.08518308 0.8270287 -0.4721446 0.08521705 0.8773925 -0.4721457 0.08521479 0.8773921 -0.3915947 0.08521479 0.9161835 -0.391595 0.08521419 0.9161834 -0.3078938 0.08521419 0.9475969 -0.3078923 0.08521693 0.9475971 -0.2217115 0.08521699 0.9713815 -0.2217124 0.08521544 0.9713815 -0.1337447 0.08521544 0.9873452 -0.1337441 0.08521664 0.9873453 -0.04470127 0.08521664 0.9953591 -0.04470193 0.08521538 0.9953594 0.04470127 0.08521538 0.9953593 0.04470193 0.08521664 0.9953592 0.1337447 0.08521664 0.9873452 0.1337441 0.0852155 0.9873453 0.2217116 0.08521544 0.9713816 0.2217123 0.08521699 0.9713813 0.3078937 0.08521693 0.9475967 0.3078924 0.08521419 0.9475974 0.3915947 0.08521419 0.9161835 0.391595 0.08521479 0.9161833 0.4721446 0.08521479 0.8773927 0.4721456 0.08521705 0.8773919 0.5504719 0.0852096 0.8304938 0.5394868 0.2530848 0.8030579 0.5345113 0.2358352 0.8115907 0.5257318 0.324613 0.7862777 0.5912731 0.01378756 -0.8063536 0.5721667 0.2601296 -0.7777904 -0.5334636 0.2495784 -0.8081629 -0.5609239 0.3224084 -0.7625072 0.5485856 0.2533419 -0.7967883 0.5329483 0.2531793 -0.8073825 0.5329485 0.2531789 -0.8073825 0.4584304 0.2531789 -0.8519049 0.4584301 0.2531795 -0.8519049 0.3802195 0.2531796 -0.8895692 0.3802201 0.2531785 -0.8895692 0.2989485 0.2531784 -0.9200709 0.2989493 0.2531772 -0.920071 0.215272 0.2531772 -0.9431645 0.2152706 0.2531796 -0.9431642 0.129859 0.2531796 -0.958664 0.1298602 0.2531774 -0.9586644 0.04340338 0.2531774 -0.9664458 0.04340255 0.253179 -0.9664454 -0.04340338 0.2531789 -0.9664453 -0.04340255 0.2531774 -0.9664458 -0.129859 0.2531774 -0.9586646 -0.1298601 0.2531796 -0.9586639 -0.2152718 0.2531796 -0.9431639 -0.2152708 0.2531772 -0.9431647 -0.2989487 0.2531772 -0.9200712 -0.2989492 0.2531784 -0.9200707 -0.3802196 0.2531785 -0.8895694 -0.38022 0.2531796 -0.8895689 -0.4584304 0.2531795 -0.8519048 -0.4584302 0.2531789 -0.8519051 -0.5394868 0.2530849 -0.8030579 -0.5345113 0.2358352 -0.8115907 -0.5894915 0.07877916 -0.8039239 -0.5503969 0.08920264 -0.8301242 -0.5488941 0.08521693 -0.8315368 -0.4721456 0.08521705 -0.877392 -0.4721447 0.08521479 -0.8773927 -0.3915949 0.08521479 -0.9161833 -0.3915947 0.08521419 -0.9161835 -0.3078924 0.08521419 -0.9475973 -0.3078936 0.08521693 -0.9475967 -0.2217123 0.08521699 -0.9713813 -0.2217116 0.08521544 -0.9713816 -0.1337441 0.0852155 -0.9873453 -0.1337447 0.08521664 -0.9873452 -0.04470193 0.08521664 -0.9953592 -0.04470127 0.08521538 -0.9953593 0.04470193 0.08521538 -0.9953594 0.04470127 0.08521664 -0.9953591 0.1337441 0.08521664 -0.9873452 0.1337447 0.0852155 -0.9873452 0.2217124 0.08521544 -0.9713815 0.2217115 0.08521699 -0.9713815 0.3078923 0.08521693 -0.9475971 0.3078938 0.08521419 -0.9475969 0.3915949 0.08521419 -0.9161834 0.3915947 0.08521479 -0.9161835 0.4721457 0.08521479 -0.8773921 0.4721446 0.08521705 -0.8773925 0.5488929 0.08521693 -0.8315376 0.5488941 0.08521431 -0.831537 0.6167163 0.08523476 -0.7825574 0.5232819 0.1070356 -0.8454108 0.8230294 0.0138579 0.5678297 0.8169263 0.0790956 -0.5712928 0.8242151 0.1064913 0.5561736 0.7936541 0.2613741 0.5493603 0.7983973 0.2533169 0.546253 0.8335933 0.2532423 0.4909079 0.8335933 0.2532425 0.4909078 0.8716148 0.2531799 0.4197472 0.8716148 0.2531793 0.4197475 0.9057319 0.2531793 0.3399265 0.9057319 0.2531789 0.3399267 0.9325564 0.2531789 0.2573695 0.9325565 0.2531779 0.25737 0.9518729 0.253178 0.1727394 0.9518725 0.2531804 0.172738 0.9635245 0.2531804 0.08671975 0.9635243 0.2531813 0.08671927 0.9674189 0.2531813 0 0.9674189 0.2531813 0 0.9635242 0.2531813 -0.08671975 0.9635245 0.2531804 -0.08671933 0.9518723 0.2531804 -0.1727393 0.9518731 0.2531779 -0.1727381 0.9325566 0.253178 -0.2573696 0.9325562 0.2531789 -0.2573699 0.905732 0.2531789 -0.3399265 0.9057318 0.2531793 -0.3399267 0.8716149 0.2531793 -0.4197472 0.8716146 0.2531799 -0.4197474 0.8304797 0.2531798 -0.4961889 0.83048 0.2531792 -0.4961887 0.8170594 0.08523678 0.570218 0.858546 0.08523672 0.505602 0.8585458 0.08523577 0.5056025 0.8976916 0.08521336 0.432306 0.8976919 0.08521497 0.4323052 0.9328295 0.08521497 0.3500966 0.9328295 0.0852155 0.3500964 0.9604564 0.0852155 0.2650698 0.9604564 0.08521622 0.2650694 0.9803505 0.08521628 0.1779071 0.9803505 0.08521586 0.1779074 0.9923515 0.08521592 0.08931225 0.9923517 0.08521187 0.08931428 0.9963629 0.08521187 0 0.9963629 0.08521187 0 0.9923519 0.08521187 -0.08931225 0.9923514 0.08521592 -0.08931428 0.9803506 0.08521592 -0.1779071 0.9803505 0.08521628 -0.1779074 0.9604563 0.08521622 -0.2650697 0.9604564 0.0852155 -0.2650694 0.9328294 0.0852155 -0.3500966 0.9328295 0.08521497 -0.3500964 0.8976915 0.08521497 -0.432306 0.897692 0.08521336 -0.4323053 0.8553263 0.08521342 -0.5110339 0.8553262 0.08521372 -0.511034 0.8192523 0.08527857 -0.5670567 0.7891428 0.2532861 -0.5595532 0.80252 0.2352758 -0.5482764 0.7745718 0.3235843 -0.5434443 -0.2065018 0 0.9784463 -0.2065018 0 0.9784463 0.2461225 0 0.9692387 0.2461225 0 0.9692387 0.648303 0 0.7613825 0.648303 0 0.7613825 -0.2064859 0.003179252 0.9784444 -0.2065007 0.003191828 0.9784412 0.2461419 0.008888363 0.9691931 0.2461128 0.008912861 0.9692002 0.6482845 0.01276969 0.7612911 0.6482498 0.01280659 0.76132 -0.2065814 0.02453047 0.9781219 -0.2069976 0.02454918 0.9780334 0.245535 0.06840598 0.9669712 0.244315 0.0684849 0.9672746 0.6460456 0.09809178 0.7569697 0.6444348 0.09830152 0.7583143 -0.2117562 0.06054133 0.9754455 -0.2127675 0.0604248 0.9752327 0.2313491 0.1687135 0.9581301 0.2282728 0.1685189 0.9589019 0.6253281 0.2415746 0.7420287 0.621254 0.2417448 0.7453877 -0.2190548 0.07725024 0.9726496 -0.2174516 0.07775235 0.9729694 0.2109516 0.2160132 0.9533298 0.2157797 0.2171731 0.9519848 0.5978057 0.3106065 0.739021 0.604227 0.3114886 0.7334061 -0.2208819 0.07678443 0.9722732 -0.2190873 0.0773493 0.9726345 0.2054786 0.2149789 0.9547579 0.2108624 0.2162833 0.9532883 0.5904898 0.309935 0.745159 0.5976923 0.3109513 0.7389677 0.591181 0.307839 0.7454798 0.2065162 0.2118363 0.9552364 -0.2199585 0.07399487 0.9726988 -0.1735795 0.07456064 0.9819933 -0.1638663 0.04654997 0.9853836 0.005881309 0.09100025 0.9958335 0.01794373 0.06135088 0.997955 0.07489913 0.0697751 0.9947471 0.0873416 0.0408163 0.9953419 0.05731892 0.02390289 0.9980697 0.2390201 0.06811165 0.9686228 0.2568065 0.03370034 0.9658751 0.3649471 0.08290529 0.9273297 0.3850265 0.052347 0.9214197 0.4172991 0.06397783 0.9065143 0.441224 0.02996689 0.8968965 0.5056348 0.07991701 0.8590382 0.5286993 0.05703186 0.8468911 0.5377587 0.05721151 0.8411554 0.5624374 0.03291565 0.8261844 0.5909502 0.07251113 0.8034427 0.6442537 0.04185485 0.7636657 0.6516087 0.06226342 0.7559957 0.7112928 0.04991376 0.7011215 0.711204 0.04754155 0.7013763 0.7681842 0.06528538 0.6368915 0.7738147 0.03738278 0.632308 0.8086602 0.06927472 0.5841829 0.8168833 0.04158788 0.5753019 0.844664 0.08201575 0.5289766 0.8708378 0.02716898 0.490819 0.8926825 0.08811676 0.441988 0.9273621 0.02588313 0.3732689 0.9369732 0.07975786 0.3401764 0.9562678 0.03944897 0.28982 0.5975173 0.3067612 0.740858 0.6001898 0.2989207 0.7419019 0.6196101 0.3021884 0.724407 0.6226542 0.2947139 0.7248762 0.6282209 0.295074 0.7199096 0.6311132 0.28832 0.7201164 0.6426484 0.2924123 0.7081653 0.6471685 0.2837193 0.7075849 0.6542149 0.287684 0.6994575 0.6570607 0.2833234 0.6985694 0.6589709 0.2841836 0.6964173 0.6616486 0.2804106 0.695407 0.6648961 0.2839617 0.6908538 0.6672016 0.2816441 0.6895787 0.6677018 0.2816631 0.6890865 0.6698005 0.2796267 0.687878 0.6709661 0.2822245 0.6856778 0.6748898 0.2799662 0.6827464 0.6750846 0.2812397 0.68203 0.6790691 0.2804197 0.6784025 0.6790941 0.2802391 0.6784521 0.6828957 0.2814253 0.6741315 0.6835595 0.2797246 0.6741665 0.6860451 0.2820243 0.6706746 0.6869896 0.280216 0.6704657 0.689313 0.2835515 0.6666681 0.6924015 0.2797724 0.6650621 0.6945568 0.2857964 0.6602357 0.6998763 0.2810966 0.656626 0.7009581 0.2874482 0.6527106 0.7051711 0.2840786 0.6496408 0.7058923 0.2917068 0.6454635 0.7154695 0.2860645 0.6373936 0.7154411 0.29847 0.6317117 0.7308556 0.2915497 0.6171296 0.7294945 0.3069069 0.6112658 0.7465618 0.3005713 0.5935506 0.2333662 0.2108152 0.9492614 0.2406252 0.1895147 0.9519368 0.333671 0.2109032 0.9187946 0.3422864 0.1898379 0.9202182 0.3720749 0.1936356 0.9077806 0.3813602 0.1718654 0.9083098 0.4520081 0.1967437 0.8700463 0.4690426 0.1639637 0.8678219 0.5208973 0.1901143 0.8321794 0.5331249 0.171485 0.8284749 0.5484495 0.1777147 0.8170806 0.5625319 0.1577277 0.8115909 0.5919733 0.1844906 0.7845578 0.6051965 0.1713184 0.7774234 0.6095842 0.1714756 0.7739531 0.6235323 0.1578045 0.7657058 0.635831 0.178891 0.7508108 0.6650243 0.1620993 0.7290174 0.6677947 0.1728945 0.7239875 0.6999846 0.1662415 0.6945397 0.7000462 0.1649992 0.6947737 0.7306446 0.174539 0.6600717 0.7349839 0.1598128 0.6589831 0.75382 0.1771679 0.6327456 0.7598193 0.1624863 0.629502 0.7753046 0.1848446 0.6039332 0.7941366 0.1556354 0.587473 0.8065417 0.1902777 0.5597186 0.8344296 0.1569656 0.5282887 0.8399162 0.1884594 0.5089439 0.858236 0.1669402 0.4853473 0.8611738 0.1989501 0.467759 0.8949283 0.165834 0.4142489 0.8947924 0.2102643 0.3938724 0.9334793 0.1734338 0.313906 0.9292811 0.2216168 0.2955039 0.9583067 0.189609 0.2137675 0.9597685 0.07436704 0.2707656 0.9943371 0.0194633 0.1044743 0.9885714 0.04996895 0.1422312 0.9877738 0.1010441 0.1187136 0.9989083 0.03054755 -0.03534269 0.9926387 0.1033083 -0.06321299 0.9771167 0.04064357 -0.2087847 0.9726233 0.07742297 -0.2191113 0.9722847 0.07671016 -0.2208574 0.9532544 0.2165036 0.2107896 0.9547921 0.2147569 0.205552 0.7389112 0.3113183 0.597571 0.7452159 0.309565 0.5906122 0.9729592 0.07781863 -0.2174733 0.97266 0.07718342 -0.2190326 0.9519541 0.2173725 0.2157139 0.9533606 0.2158124 0.2110177 0.7333551 0.311821 0.6041175 0.7390722 0.3102717 0.5979163 0.9733808 0.07468795 -0.216683 0.9733952 0.07494878 -0.2165283 0.9534482 0.2084037 0.2179549 0.9531848 0.2091221 0.2184185 0.7360007 0.2989033 0.6074207 0.73512 0.2999446 0.6079736 0.9758886 0.05418461 -0.2114365 0.9760523 0.05453187 -0.21059 0.9609071 0.151109 0.2319989 0.9601398 0.1520226 0.234565 0.7485255 0.2167277 0.6266887 0.7453921 0.217838 0.6300296 0.9782835 0.01823455 -0.2064674 0.9783465 0.01830619 -0.2061627 0.967984 0.05086618 0.245804 0.9677462 0.05106049 0.2466984 0.759352 0.0729832 0.646574 0.7583249 0.0732603 0.647747 0.7613825 0 0.648303 0.7613825 0 0.648303 0.9692387 0 0.2461225 0.9692387 0 0.2461225 0.9784463 0 -0.2065018 0.9784463 0 -0.2065018 -0.648303 0 0.7613825 -0.648303 0 0.7613825 -0.2461225 0 0.9692387 -0.2461225 0 0.9692387 0.2065018 0 0.9784463 0.2065018 0 0.9784463 0.216683 0.07468795 0.9733808 0.2165283 0.07494878 0.9733952 -0.2179549 0.2084037 0.9534482 -0.2184185 0.2091221 0.9531848 -0.6074206 0.2989033 0.7360007 -0.6079736 0.2999446 0.73512 0.2114365 0.05418461 0.9758886 0.21059 0.05453187 0.9760523 -0.2319989 0.151109 0.9609071 -0.234565 0.1520226 0.9601398 -0.6266887 0.2167277 0.7485255 -0.6300296 0.217838 0.7453921 0.2064674 0.01823455 0.9782835 0.2061627 0.01830619 0.9783465 -0.245804 0.05086618 0.967984 -0.2466984 0.05106049 0.9677462 -0.646574 0.0729832 0.759352 -0.647747 0.0732603 0.7583249 0.2191113 0.07742297 0.9726233 0.2208574 0.07671016 0.9722847 -0.2107896 0.2165036 0.9532544 -0.205552 0.2147569 0.9547921 -0.597571 0.3113183 0.7389112 -0.5906122 0.309565 0.7452159 0.2174733 0.07781863 0.9729592 0.2190326 0.07718342 0.97266 -0.2157139 0.2173725 0.9519541 -0.2110177 0.2158124 0.9533606 -0.6041175 0.311821 0.7333551 -0.5979163 0.3102717 0.7390722 -0.7454798 0.307839 0.591181 -0.9552364 0.2118363 0.2065162 -0.9726988 0.07399487 -0.2199585 -0.9819933 0.07456064 -0.1735795 -0.9853836 0.04654997 -0.1638663 -0.9958335 0.09100025 0.005881309 -0.997955 0.06135088 0.01794373 -0.9947471 0.0697751 0.07489913 -0.9953419 0.0408163 0.0873416 -0.9980697 0.02390289 0.05731892 -0.9686228 0.06811165 0.2390201 -0.9658751 0.03370034 0.2568065 -0.9273297 0.08290529 0.3649471 -0.9214197 0.052347 0.3850265 -0.9065144 0.06397783 0.4172992 -0.8968965 0.02996689 0.441224 -0.8590383 0.07991701 0.5056349 -0.8468911 0.05703186 0.5286993 -0.8411554 0.05721151 0.5377587 -0.8261844 0.03291565 0.5624374 -0.8034426 0.07251113 0.5909501 -0.7636657 0.04185485 0.6442537 -0.7559957 0.06226342 0.6516087 -0.7011215 0.04991376 0.7112928 -0.7013763 0.04754155 0.711204 -0.6368915 0.06528538 0.7681842 -0.632308 0.03738278 0.7738147 -0.5841829 0.06927472 0.8086602 -0.5753019 0.04158788 0.8168833 -0.5289766 0.08201575 0.844664 -0.490819 0.02716898 0.8708378 -0.441988 0.08811676 0.8926825 -0.3732689 0.02588313 0.9273621 -0.3401764 0.07975786 0.9369731 -0.28982 0.03944897 0.9562678 -0.740858 0.3067612 0.5975173 -0.7419019 0.2989207 0.6001898 -0.724407 0.3021884 0.6196101 -0.7248762 0.2947139 0.6226542 -0.7199096 0.295074 0.6282209 -0.7201164 0.28832 0.6311132 -0.7081653 0.2924123 0.6426484 -0.7075849 0.2837193 0.6471685 -0.6994575 0.287684 0.6542149 -0.6985694 0.2833234 0.6570607 -0.6964173 0.2841836 0.6589709 -0.695407 0.2804106 0.6616486 -0.6908538 0.2839617 0.6648961 -0.6895787 0.2816441 0.6672016 -0.6890865 0.2816631 0.6677018 -0.687878 0.2796267 0.6698005 -0.6856778 0.2822245 0.6709661 -0.6827464 0.2799662 0.6748898 -0.68203 0.2812397 0.6750846 -0.6784025 0.2804197 0.6790691 -0.6784521 0.2802391 0.6790941 -0.6741315 0.2814253 0.6828957 -0.6741665 0.2797246 0.6835595 -0.6706747 0.2820243 0.6860451 -0.6704657 0.280216 0.6869896 -0.6666681 0.2835515 0.689313 -0.6650621 0.2797724 0.6924015 -0.6602357 0.2857964 0.6945568 -0.6566261 0.2810966 0.6998764 -0.6527106 0.2874482 0.7009581 -0.6496408 0.2840786 0.7051711 -0.6454635 0.2917068 0.7058923 -0.6373936 0.2860645 0.7154695 -0.6317117 0.29847 0.7154411 -0.6171296 0.2915497 0.7308556 -0.6112658 0.3069069 0.7294945 -0.5935506 0.3005713 0.7465618 -0.9492614 0.2108152 0.2333662 -0.9519368 0.1895147 0.2406252 -0.9187946 0.2109032 0.333671 -0.9202181 0.1898379 0.3422864 -0.9077806 0.1936356 0.3720749 -0.9083098 0.1718654 0.3813602 -0.8700463 0.1967437 0.4520081 -0.8678219 0.1639637 0.4690426 -0.8321794 0.1901143 0.5208973 -0.8284749 0.171485 0.5331249 -0.8170806 0.1777147 0.5484495 -0.8115909 0.1577277 0.5625319 -0.7845578 0.1844906 0.5919733 -0.7774234 0.1713184 0.6051965 -0.773953 0.1714755 0.6095841 -0.7657058 0.1578045 0.6235323 -0.7508108 0.178891 0.635831 -0.7290174 0.1620993 0.6650243 -0.7239875 0.1728945 0.6677947 -0.6945397 0.1662415 0.6999846 -0.6947737 0.1649992 0.7000462 -0.6600717 0.174539 0.7306446 -0.6589831 0.1598128 0.7349839 -0.6327456 0.1771679 0.7538199 -0.6295021 0.1624863 0.7598193 -0.6039332 0.1848446 0.7753046 -0.5874731 0.1556354 0.7941367 -0.5597186 0.1902777 0.8065417 -0.5282887 0.1569656 0.8344296 -0.5089439 0.1884594 0.8399162 -0.4853473 0.1669402 0.858236 -0.467759 0.1989501 0.8611738 -0.414249 0.1658341 0.8949285 -0.3938724 0.2102643 0.8947924 -0.313906 0.1734338 0.9334793 -0.2955039 0.2216168 0.9292811 -0.2137675 0.189609 0.9583067 -0.2707656 0.07436704 0.9597685 -0.1044743 0.0194633 0.9943371 -0.1422312 0.04996895 0.9885714 -0.1187136 0.1010441 0.9877738 0.03534269 0.03054755 0.9989083 0.06321299 0.1033083 0.9926387 0.2087847 0.04064357 0.9771167 -0.9726496 0.07725024 -0.2190548 -0.9729694 0.07775235 -0.2174516 -0.9533298 0.2160132 0.2109516 -0.9519848 0.2171731 0.2157797 -0.739021 0.3106065 0.5978057 -0.7334061 0.3114886 0.604227 -0.9722732 0.07678443 -0.2208819 -0.9726345 0.0773493 -0.2190873 -0.9547579 0.2149789 0.2054786 -0.9532883 0.2162833 0.2108624 -0.745159 0.309935 0.5904898 -0.7389677 0.3109513 0.5976923 -0.9784444 0.003179252 -0.2064859 -0.9784412 0.003191828 -0.2065007 -0.9691931 0.008888363 0.2461419 -0.9692002 0.008912861 0.2461128 -0.7612911 0.01276969 0.6482845 -0.76132 0.01280659 0.6482498 -0.9781219 0.02453047 -0.2065814 -0.9780334 0.02454918 -0.2069976 -0.9669712 0.06840598 0.245535 -0.9672746 0.0684849 0.244315 -0.7569697 0.09809178 0.6460456 -0.7583143 0.09830152 0.6444348 -0.9754455 0.06054133 -0.2117562 -0.9752327 0.0604248 -0.2127675 -0.9581301 0.1687135 0.2313491 -0.9589019 0.1685189 0.2282728 -0.7420287 0.2415746 0.6253281 -0.7453877 0.2417448 0.621254 -0.9784463 0 -0.2065018 -0.9784463 0 -0.2065018 -0.9692387 0 0.2461225 -0.9692387 0 0.2461225 -0.7613825 0 0.648303 -0.7613825 0 0.648303 0.2065018 0 -0.9784463 0.2065018 0 -0.9784463 -0.2461225 0 -0.9692387 -0.2461225 0 -0.9692387 -0.648303 0 -0.7613825 -0.648303 0 -0.7613825 0.2064859 0.003179252 -0.9784444 0.2065007 0.003191828 -0.9784412 -0.2461419 0.008888363 -0.9691931 -0.2461128 0.008912861 -0.9692002 -0.6482845 0.01276969 -0.7612911 -0.6482498 0.01280659 -0.76132 0.2065814 0.02453047 -0.9781219 0.2069976 0.02454918 -0.9780334 -0.245535 0.06840598 -0.9669712 -0.244315 0.0684849 -0.9672746 -0.6460456 0.09809178 -0.7569697 -0.6444348 0.09830152 -0.7583143 0.2117562 0.06054133 -0.9754455 0.2127675 0.0604248 -0.9752327 -0.2313491 0.1687135 -0.9581301 -0.2282728 0.1685189 -0.9589019 -0.6253281 0.2415746 -0.7420287 -0.621254 0.2417448 -0.7453877 0.2190548 0.07725024 -0.9726496 0.2174516 0.07775235 -0.9729694 -0.2109516 0.2160132 -0.9533298 -0.2157797 0.2171731 -0.9519848 -0.5978057 0.3106065 -0.739021 -0.604227 0.3114886 -0.7334061 0.2208819 0.07678443 -0.9722732 0.2190873 0.0773493 -0.9726345 -0.2054786 0.2149789 -0.9547579 -0.2108624 0.2162833 -0.9532883 -0.5904898 0.309935 -0.745159 -0.5976923 0.3109513 -0.7389677 -0.591181 0.307839 -0.7454798 -0.2065162 0.2118363 -0.9552364 0.2199585 0.07399487 -0.9726988 0.1735795 0.07456064 -0.9819933 0.1638663 0.04654997 -0.9853836 -0.005881309 0.09100025 -0.9958335 -0.01794373 0.06135088 -0.997955 -0.07489913 0.0697751 -0.9947471 -0.0873416 0.0408163 -0.9953419 -0.05731892 0.02390289 -0.9980697 -0.2390201 0.06811165 -0.9686228 -0.2568065 0.03370034 -0.9658751 -0.3649471 0.08290529 -0.9273297 -0.3850265 0.052347 -0.9214197 -0.4172991 0.06397783 -0.9065143 -0.441224 0.02996689 -0.8968965 -0.5056348 0.07991701 -0.8590382 -0.5286993 0.05703186 -0.8468911 -0.5377587 0.05721151 -0.8411554 -0.5624374 0.03291565 -0.8261844 -0.5909502 0.07251113 -0.8034427 -0.6442537 0.04185485 -0.7636657 -0.6516087 0.06226342 -0.7559957 -0.7112928 0.04991376 -0.7011215 -0.711204 0.04754155 -0.7013763 -0.7681842 0.06528538 -0.6368915 -0.7738147 0.03738278 -0.632308 -0.8086602 0.06927472 -0.5841829 -0.8168833 0.04158788 -0.5753019 -0.844664 0.08201575 -0.5289766 -0.8708378 0.02716898 -0.490819 -0.8926825 0.08811676 -0.441988 -0.9273621 0.02588313 -0.3732689 -0.9369732 0.07975786 -0.3401764 -0.9562678 0.03944897 -0.28982 -0.5975173 0.3067612 -0.740858 -0.6001898 0.2989207 -0.7419019 -0.6196101 0.3021884 -0.724407 -0.6226542 0.2947139 -0.7248762 -0.6282209 0.295074 -0.7199096 -0.6311132 0.28832 -0.7201164 -0.6426484 0.2924123 -0.7081653 -0.6471685 0.2837193 -0.7075849 -0.6542149 0.287684 -0.6994575 -0.6570607 0.2833234 -0.6985694 -0.6589709 0.2841836 -0.6964173 -0.6616486 0.2804106 -0.695407 -0.6648961 0.2839617 -0.6908538 -0.6672016 0.2816441 -0.6895787 -0.6677018 0.2816631 -0.6890865 -0.6698005 0.2796267 -0.687878 -0.6709661 0.2822245 -0.6856778 -0.6748898 0.2799662 -0.6827464 -0.6750846 0.2812397 -0.68203 -0.6790691 0.2804197 -0.6784025 -0.6790941 0.2802391 -0.6784521 -0.6828957 0.2814253 -0.6741315 -0.6835595 0.2797246 -0.6741665 -0.6860451 0.2820243 -0.6706746 -0.6869896 0.280216 -0.6704657 -0.689313 0.2835515 -0.6666681 -0.6924015 0.2797724 -0.6650621 -0.6945568 0.2857964 -0.6602357 -0.6998763 0.2810966 -0.656626 -0.7009581 0.2874482 -0.6527106 -0.7051711 0.2840786 -0.6496408 -0.7058923 0.2917068 -0.6454635 -0.7154695 0.2860645 -0.6373936 -0.7154411 0.29847 -0.6317117 -0.7308556 0.2915497 -0.6171296 -0.7294945 0.3069069 -0.6112658 -0.7465618 0.3005713 -0.5935506 -0.2333662 0.2108152 -0.9492614 -0.2406252 0.1895147 -0.9519368 -0.333671 0.2109032 -0.9187946 -0.3422864 0.1898379 -0.9202182 -0.3720749 0.1936356 -0.9077806 -0.3813602 0.1718654 -0.9083098 -0.4520081 0.1967437 -0.8700463 -0.4690426 0.1639637 -0.8678219 -0.5208973 0.1901143 -0.8321794 -0.5331249 0.171485 -0.8284749 -0.5484495 0.1777147 -0.8170806 -0.5625319 0.1577277 -0.8115909 -0.5919733 0.1844906 -0.7845578 -0.6051965 0.1713184 -0.7774234 -0.6095842 0.1714756 -0.7739531 -0.6235323 0.1578045 -0.7657058 -0.635831 0.178891 -0.7508108 -0.6650243 0.1620993 -0.7290174 -0.6677947 0.1728945 -0.7239875 -0.6999846 0.1662415 -0.6945397 -0.7000462 0.1649992 -0.6947737 -0.7306446 0.174539 -0.6600717 -0.7349839 0.1598128 -0.6589831 -0.75382 0.1771679 -0.6327456 -0.7598193 0.1624863 -0.629502 -0.7753046 0.1848446 -0.6039332 -0.7941366 0.1556354 -0.587473 -0.8065417 0.1902777 -0.5597186 -0.8344296 0.1569656 -0.5282887 -0.8399162 0.1884594 -0.5089439 -0.858236 0.1669402 -0.4853473 -0.8611738 0.1989501 -0.467759 -0.8949283 0.165834 -0.4142489 -0.8947924 0.2102643 -0.3938724 -0.9334793 0.1734338 -0.313906 -0.9292811 0.2216168 -0.2955039 -0.9583067 0.189609 -0.2137675 -0.9597685 0.07436704 -0.2707656 -0.9943371 0.0194633 -0.1044743 -0.9885714 0.04996895 -0.1422312 -0.9877738 0.1010441 -0.1187136 -0.9989083 0.03054755 0.03534269 -0.9926387 0.1033083 0.06321299 -0.9771167 0.04064357 0.2087847 -0.9726233 0.07742297 0.2191113 -0.9722847 0.07671016 0.2208574 -0.9532544 0.2165036 -0.2107896 -0.9547921 0.2147569 -0.205552 -0.7389112 0.3113183 -0.597571 -0.7452159 0.309565 -0.5906122 -0.9729592 0.07781863 0.2174733 -0.97266 0.07718342 0.2190326 -0.9519541 0.2173725 -0.2157139 -0.9533606 0.2158124 -0.2110177 -0.7333551 0.311821 -0.6041175 -0.7390722 0.3102717 -0.5979163 -0.9733808 0.07468795 0.216683 -0.9733952 0.07494878 0.2165283 -0.9534482 0.2084037 -0.2179549 -0.9531848 0.2091221 -0.2184185 -0.7360007 0.2989033 -0.6074207 -0.73512 0.2999446 -0.6079736 -0.9758886 0.05418461 0.2114365 -0.9760523 0.05453187 0.21059 -0.9609071 0.151109 -0.2319989 -0.9601398 0.1520226 -0.234565 -0.7485255 0.2167277 -0.6266887 -0.7453921 0.217838 -0.6300296 -0.9782835 0.01823455 0.2064674 -0.9783465 0.01830619 0.2061627 -0.967984 0.05086618 -0.245804 -0.9677462 0.05106049 -0.2466984 -0.759352 0.0729832 -0.646574 -0.7583249 0.0732603 -0.647747 -0.7613825 0 -0.648303 -0.7613825 0 -0.648303 -0.9692387 0 -0.2461225 -0.9692387 0 -0.2461225 -0.9784463 0 0.2065018 -0.9784463 0 0.2065018 0.648303 0 -0.7613825 0.648303 0 -0.7613825 0.2461225 0 -0.9692387 0.2461225 0 -0.9692387 -0.2065018 0 -0.9784463 -0.2065018 0 -0.9784463 -0.216683 0.07468795 -0.9733808 -0.2165283 0.07494878 -0.9733952 0.2179549 0.2084037 -0.9534482 0.2184185 0.2091221 -0.9531848 0.6074206 0.2989033 -0.7360007 0.6079736 0.2999446 -0.73512 -0.2114365 0.05418461 -0.9758886 -0.21059 0.05453187 -0.9760523 0.2319989 0.151109 -0.9609071 0.234565 0.1520226 -0.9601398 0.6266887 0.2167277 -0.7485255 0.6300296 0.217838 -0.7453921 -0.2064674 0.01823455 -0.9782835 -0.2061627 0.01830619 -0.9783465 0.245804 0.05086618 -0.967984 0.2466984 0.05106049 -0.9677462 0.646574 0.0729832 -0.759352 0.647747 0.0732603 -0.7583249 -0.2191113 0.07742297 -0.9726233 -0.2208574 0.07671016 -0.9722847 0.2107896 0.2165036 -0.9532544 0.205552 0.2147569 -0.9547921 0.597571 0.3113183 -0.7389112 0.5906122 0.309565 -0.7452159 -0.2174733 0.07781863 -0.9729592 -0.2190326 0.07718342 -0.97266 0.2157139 0.2173725 -0.9519541 0.2110177 0.2158124 -0.9533606 0.6041175 0.311821 -0.7333551 0.5979163 0.3102717 -0.7390722 0.7454798 0.307839 -0.591181 0.9552364 0.2118363 -0.2065162 0.9726988 0.07399487 0.2199585 0.9819933 0.07456064 0.1735795 0.9853836 0.04654997 0.1638663 0.9958335 0.09100025 -0.005881309 0.997955 0.06135088 -0.01794373 0.9947471 0.0697751 -0.07489913 0.9953419 0.0408163 -0.0873416 0.9980697 0.02390289 -0.05731892 0.9686228 0.06811165 -0.2390201 0.9658751 0.03370034 -0.2568065 0.9273297 0.08290529 -0.3649471 0.9214197 0.052347 -0.3850265 0.9065144 0.06397783 -0.4172992 0.8968965 0.02996689 -0.441224 0.8590383 0.07991701 -0.5056349 0.8468911 0.05703186 -0.5286993 0.8411554 0.05721151 -0.5377587 0.8261844 0.03291565 -0.5624374 0.8034426 0.07251113 -0.5909501 0.7636657 0.04185485 -0.6442537 0.7559957 0.06226342 -0.6516087 0.7011215 0.04991376 -0.7112928 0.7013763 0.04754155 -0.711204 0.6368915 0.06528538 -0.7681842 0.632308 0.03738278 -0.7738147 0.5841829 0.06927472 -0.8086602 0.5753019 0.04158788 -0.8168833 0.5289766 0.08201575 -0.844664 0.490819 0.02716898 -0.8708378 0.441988 0.08811676 -0.8926825 0.3732689 0.02588313 -0.9273621 0.3401764 0.07975786 -0.9369731 0.28982 0.03944897 -0.9562678 0.740858 0.3067612 -0.5975173 0.7419019 0.2989207 -0.6001898 0.724407 0.3021884 -0.6196101 0.7248762 0.2947139 -0.6226542 0.7199096 0.295074 -0.6282209 0.7201164 0.28832 -0.6311132 0.7081653 0.2924123 -0.6426484 0.7075849 0.2837193 -0.6471685 0.6994575 0.287684 -0.6542149 0.6985694 0.2833234 -0.6570607 0.6964173 0.2841836 -0.6589709 0.695407 0.2804106 -0.6616486 0.6908538 0.2839617 -0.6648961 0.6895787 0.2816441 -0.6672016 0.6890865 0.2816631 -0.6677018 0.687878 0.2796267 -0.6698005 0.6856778 0.2822245 -0.6709661 0.6827464 0.2799662 -0.6748898 0.68203 0.2812397 -0.6750846 0.6784025 0.2804197 -0.6790691 0.6784521 0.2802391 -0.6790941 0.6741315 0.2814253 -0.6828957 0.6741665 0.2797246 -0.6835595 0.6706747 0.2820243 -0.6860451 0.6704657 0.280216 -0.6869896 0.6666681 0.2835515 -0.689313 0.6650621 0.2797724 -0.6924015 0.6602357 0.2857964 -0.6945568 0.6566261 0.2810966 -0.6998764 0.6527106 0.2874482 -0.7009581 0.6496408 0.2840786 -0.7051711 0.6454635 0.2917068 -0.7058923 0.6373936 0.2860645 -0.7154695 0.6317117 0.29847 -0.7154411 0.6171296 0.2915497 -0.7308556 0.6112658 0.3069069 -0.7294945 0.5935506 0.3005713 -0.7465618 0.9492614 0.2108152 -0.2333662 0.9519368 0.1895147 -0.2406252 0.9187946 0.2109032 -0.333671 0.9202181 0.1898379 -0.3422864 0.9077806 0.1936356 -0.3720749 0.9083098 0.1718654 -0.3813602 0.8700463 0.1967437 -0.4520081 0.8678219 0.1639637 -0.4690426 0.8321794 0.1901143 -0.5208973 0.8284749 0.171485 -0.5331249 0.8170806 0.1777147 -0.5484495 0.8115909 0.1577277 -0.5625319 0.7845578 0.1844906 -0.5919733 0.7774234 0.1713184 -0.6051965 0.773953 0.1714755 -0.6095841 0.7657058 0.1578045 -0.6235323 0.7508108 0.178891 -0.635831 0.7290174 0.1620993 -0.6650243 0.7239875 0.1728945 -0.6677947 0.6945397 0.1662415 -0.6999846 0.6947737 0.1649992 -0.7000462 0.6600717 0.174539 -0.7306446 0.6589831 0.1598128 -0.7349839 0.6327456 0.1771679 -0.7538199 0.6295021 0.1624863 -0.7598193 0.6039332 0.1848446 -0.7753046 0.5874731 0.1556354 -0.7941367 0.5597186 0.1902777 -0.8065417 0.5282887 0.1569656 -0.8344296 0.5089439 0.1884594 -0.8399162 0.4853473 0.1669402 -0.858236 0.467759 0.1989501 -0.8611738 0.414249 0.1658341 -0.8949285 0.3938724 0.2102643 -0.8947924 0.313906 0.1734338 -0.9334793 0.2955039 0.2216168 -0.9292811 0.2137675 0.189609 -0.9583067 0.2707656 0.07436704 -0.9597685 0.1044743 0.0194633 -0.9943371 0.1422312 0.04996895 -0.9885714 0.1187136 0.1010441 -0.9877738 -0.03534269 0.03054755 -0.9989083 -0.06321299 0.1033083 -0.9926387 -0.2087847 0.04064357 -0.9771167 0.9726496 0.07725024 0.2190548 0.9729694 0.07775235 0.2174516 0.9533298 0.2160132 -0.2109516 0.9519848 0.2171731 -0.2157797 0.739021 0.3106065 -0.5978057 0.7334061 0.3114886 -0.604227 0.9722732 0.07678443 0.2208819 0.9726345 0.0773493 0.2190873 0.9547579 0.2149789 -0.2054786 0.9532883 0.2162833 -0.2108624 0.745159 0.309935 -0.5904898 0.7389677 0.3109513 -0.5976923 0.9784444 0.003179252 0.2064859 0.9784412 0.003191828 0.2065007 0.9691931 0.008888363 -0.2461419 0.9692002 0.008912861 -0.2461128 0.7612911 0.01276969 -0.6482845 0.76132 0.01280659 -0.6482498 0.9781219 0.02453047 0.2065814 0.9780334 0.02454918 0.2069976 0.9669712 0.06840598 -0.245535 0.9672746 0.0684849 -0.244315 0.7569697 0.09809178 -0.6460456 0.7583143 0.09830152 -0.6444348 0.9754455 0.06054133 0.2117562 0.9752327 0.0604248 0.2127675 0.9581301 0.1687135 -0.2313491 0.9589019 0.1685189 -0.2282728 0.7420287 0.2415746 -0.6253281 0.7453877 0.2417448 -0.621254 0.9784463 0 0.2065018 0.9784463 0 0.2065018 0.9692387 0 -0.2461225 0.9692387 0 -0.2461225 0.7613825 0 -0.648303 0.7613825 0 -0.648303 -0.4166782 0.1670686 0.89357 -0.4139963 0.195084 0.8891283 -0.3842008 0.4176164 0.8233992 -0.37904 0.4423015 0.8128334 -0.3485419 0.5655106 0.7474733 -0.3348439 0.6087641 0.7192258 -0.2798273 0.7508168 0.5983066 -0.08244758 0.9807859 0.1768093 -0.2571125 0.7933531 0.5518007 -0.187025 0.8968738 0.4007979 -0.1555957 0.930506 0.3315848 -0.04121446 0.9947561 0.0936045 -0.1590756 0.7888227 0.5936781 -0.232813 0.4368793 0.8688697 -0.2539921 0.1922287 0.9479115 -0.2539922 0.1922319 0.9479109 -0.01711833 0.1946261 0.9807281 0.06913995 0.6088414 0.7902733 0.1534606 0.194054 0.9689133 0.4147369 0.1922277 0.8894053 0.3246617 0.5564098 0.7648548 0.5341829 0.1949789 0.8225764 0.6939177 0.1922403 0.6939177 0.6939177 0.1922403 0.6939177 0.8225764 0.1949789 0.5341829 0.7851252 0.4995415 0.3661103 0.9479114 0.1922287 -0.2539923 0.9479108 0.1922319 -0.253992 0.9807282 0.1946261 -0.01711833 0.7902732 0.6088414 0.06913989 0.9689133 0.194054 0.1534606 0.9031521 0.193254 0.3833655 0.8068975 0.5497005 -0.2162075 0.8068984 0.5496992 -0.2162079 0.8321826 0.549701 0.07280653 0.8321833 0.5497 0.07280647 0.7570975 0.549696 0.3530408 0.7571002 0.5496917 0.3530415 0.5906934 0.5496932 0.5906934 0.5906934 0.5496934 0.5906934 0.3530419 0.5496917 0.7571 0.3530403 0.549696 0.7570976 0.07280659 0.5497 0.8321834 0.07280641 0.5497011 0.8321827 -0.2129998 0.5499613 0.8075727 -0.2064921 0.6028907 0.7706386 0.542322 0.8275086 -0.1453148 0.5423246 0.8275067 -0.1453158 0.5593189 0.8275071 0.04893398 0.5593177 0.8275079 0.04893398 0.5088496 0.8275083 0.2372804 0.5088492 0.8275087 0.2372803 0.3970077 0.8275082 0.3970077 0.3970077 0.8275082 0.3970077 0.2372802 0.8275088 0.5088492 0.2372804 0.8275084 0.5088496 0.04893386 0.8275079 0.5593176 0.0489341 0.827507 0.5593189 -0.1419489 0.8277785 0.5428013 -0.1158869 0.894158 0.4324949 0.1912339 0.980206 -0.05124109 0.1912323 0.9802064 -0.0512405 0.1972253 0.9802063 0.017255 0.1972239 0.9802066 0.01725494 0.1794274 0.9802069 0.08366835 0.1794286 0.9802066 0.08366882 0.1399914 0.9802065 0.1399914 0.1399914 0.9802066 0.1399914 0.08366894 0.9802066 0.1794286 0.08366823 0.9802068 0.1794273 0.01725482 0.9802066 0.1972239 0.01725506 0.9802063 0.1972253 -0.05124062 0.9802064 0.1912323 -0.05124092 0.9802061 0.191234 0.09564453 0.9944159 -0.04459977 0.1772918 0.9807852 -0.08141261 0.3346155 0.9291934 -0.1569463 0.5039746 0.8314691 -0.2338131 0.5918372 0.7570807 -0.2766904 0.7539048 0.5555769 -0.3506592 0.7826365 0.5040704 -0.3652303 0.8887221 0.1967469 -0.4140818 0.889038 0.1950841 -0.4141902 0.9061855 0.0164321 -0.4225609 -0.8754268 0.2588165 -0.4082179 -0.8948049 0.166783 -0.4141348 -0.7179901 0.6087625 -0.3374885 -0.7935237 0.4843158 -0.3684539 -0.5983066 0.7508168 -0.2798273 -0.5518007 0.7933531 -0.2571125 -0.4102939 0.8916345 -0.1914336 -0.2345677 0.9659264 -0.1093808 -0.09635615 0.9945617 -0.03952801 -0.2658822 0.9561781 -0.1225966 -0.7566089 0.6058942 -0.245836 0.08053934 0.965439 0.2478728 0.08053809 0.9654397 0.2478703 0.01817995 0.9654397 0.2599916 0.01818019 0.9654394 0.2599926 -0.04525744 0.9654395 0.2566679 -0.04525744 0.9654393 0.2566686 -0.1060069 0.9654393 0.2380954 -0.1060067 0.9654395 0.2380946 -0.1604579 0.9654396 0.2053765 -0.1604605 0.9654383 0.205381 -0.2053804 0.9654383 0.160461 -0.2053768 0.9654397 0.1604572 -0.2380947 0.9654396 0.1060066 -0.2380954 0.9654394 0.106007 -0.2566686 0.9654393 0.04525756 -0.2566679 0.9654395 0.04525732 -0.2599926 0.9654394 -0.01818001 -0.2599916 0.9654397 -0.01818007 -0.2478702 0.9654397 -0.08053851 -0.247873 0.965439 -0.08053898 -0.5816906 0.791147 -0.1890041 -0.6773692 0.704995 -0.2101259 -0.7080298 0.704445 -0.0495091 -0.7080195 0.7044552 -0.04951047 -0.6989673 0.7044537 0.1232467 -0.6989621 0.7044593 0.1232447 -0.6483837 0.7044594 0.288679 -0.6483896 0.7044522 0.2886832 -0.5592918 0.7044518 0.4369672 -0.5592896 0.7044551 0.4369647 -0.4369652 0.704455 0.5592892 -0.4369667 0.7044519 0.5592921 -0.2886819 0.7044522 0.6483903 -0.2886804 0.7044593 0.6483832 -0.1232458 0.7044593 0.6989619 -0.1232456 0.7044538 0.6989673 0.04950839 0.7044553 0.7080195 0.04951119 0.7044451 0.7080295 0.2193289 0.704445 0.67502 0.2193227 0.7044575 0.675009 0.298636 0.2570157 0.9191079 0.2986344 0.2570233 0.9191064 0.06741309 0.2570224 0.9640514 0.06741446 0.2570143 0.9640534 -0.167813 0.2570143 0.9517261 -0.1678133 0.2570171 0.9517252 -0.3930752 0.2570167 0.8828558 -0.3930752 0.2570147 0.8828564 -0.5949794 0.2570143 0.76154 -0.5949793 0.2570171 0.7615391 -0.7615393 0.2570173 0.5949789 -0.7615397 0.2570143 0.5949797 -0.8828563 0.2570149 0.3930754 -0.8828559 0.2570166 0.3930749 -0.9517253 0.2570171 0.1678128 -0.951726 0.2570142 0.1678134 -0.9640535 0.2570143 -0.06741327 -0.9640512 0.2570224 -0.06741428 -0.9191061 0.2570233 -0.2986354 -0.9191083 0.2570157 -0.298635 0.04459977 0.9944159 0.09564453 0.107603 0.9659245 0.2353961 0.2972544 0.7071067 0.6415917 0.2760232 0.7568032 0.5925033 0.1565353 0.929056 0.3351888 0.4225609 0.01643759 0.9061855 0.4140474 0.1967422 0.8887391 0.4066932 0.2588159 0.8761364 0.3815358 0.4301257 0.8181823 0.3465505 0.57232 0.7432043 0.4166782 0.1670686 -0.89357 0.4139963 0.195084 -0.8891283 0.3842008 0.4176164 -0.8233992 0.37904 0.4423015 -0.8128334 0.3485419 0.5655106 -0.7474733 0.3348439 0.6087641 -0.7192258 0.2798273 0.7508168 -0.5983066 0.08244758 0.9807859 -0.1768093 0.2571125 0.7933531 -0.5518007 0.187025 0.8968738 -0.4007979 0.1555957 0.930506 -0.3315848 0.04121446 0.9947561 -0.0936045 0.1590756 0.7888227 -0.5936781 0.232813 0.4368793 -0.8688697 0.2539921 0.1922287 -0.9479115 0.2539922 0.1922319 -0.9479109 0.01711833 0.1946261 -0.9807281 -0.06913995 0.6088414 -0.7902733 -0.1534606 0.194054 -0.9689133 -0.4147369 0.1922277 -0.8894053 -0.3246617 0.5564098 -0.7648548 -0.5341829 0.1949789 -0.8225764 -0.6939177 0.1922403 -0.6939177 -0.6939177 0.1922403 -0.6939177 -0.8225764 0.1949789 -0.5341829 -0.7851252 0.4995415 -0.3661103 -0.9479114 0.1922287 0.2539923 -0.9479108 0.1922319 0.253992 -0.9807282 0.1946261 0.01711833 -0.7902732 0.6088414 -0.06913989 -0.9689133 0.194054 -0.1534606 -0.9031521 0.193254 -0.3833655 -0.8068975 0.5497005 0.2162075 -0.8068984 0.5496992 0.2162079 -0.8321826 0.549701 -0.07280653 -0.8321833 0.5497 -0.07280647 -0.7570975 0.549696 -0.3530408 -0.7571002 0.5496917 -0.3530415 -0.5906934 0.5496932 -0.5906934 -0.5906934 0.5496934 -0.5906934 -0.3530419 0.5496917 -0.7571 -0.3530403 0.549696 -0.7570976 -0.07280659 0.5497 -0.8321834 -0.07280641 0.5497011 -0.8321827 0.2129998 0.5499613 -0.8075727 0.2064921 0.6028907 -0.7706386 -0.542322 0.8275086 0.1453148 -0.5423246 0.8275067 0.1453158 -0.5593189 0.8275071 -0.04893398 -0.5593177 0.8275079 -0.04893398 -0.5088496 0.8275083 -0.2372804 -0.5088492 0.8275087 -0.2372803 -0.3970077 0.8275082 -0.3970077 -0.3970077 0.8275082 -0.3970077 -0.2372802 0.8275088 -0.5088492 -0.2372804 0.8275084 -0.5088496 -0.04893386 0.8275079 -0.5593176 -0.0489341 0.827507 -0.5593189 0.1419489 0.8277785 -0.5428013 0.1158869 0.894158 -0.4324949 -0.1912339 0.980206 0.05124109 -0.1912323 0.9802064 0.0512405 -0.1972253 0.9802063 -0.017255 -0.1972239 0.9802066 -0.01725494 -0.1794274 0.9802069 -0.08366835 -0.1794286 0.9802066 -0.08366882 -0.1399914 0.9802065 -0.1399914 -0.1399914 0.9802066 -0.1399914 -0.08366894 0.9802066 -0.1794286 -0.08366823 0.9802068 -0.1794273 -0.01725482 0.9802066 -0.1972239 -0.01725506 0.9802063 -0.1972253 0.05124062 0.9802064 -0.1912323 0.05124092 0.9802061 -0.191234 -0.09564453 0.9944159 0.04459977 -0.1772918 0.9807852 0.08141261 -0.3346155 0.9291934 0.1569463 -0.5039746 0.8314691 0.2338131 -0.5918372 0.7570807 0.2766904 -0.7539048 0.5555769 0.3506592 -0.7826365 0.5040704 0.3652303 -0.8887221 0.1967469 0.4140818 -0.889038 0.1950841 0.4141902 -0.9061855 0.0164321 0.4225609 0.8888946 0.1950841 0.414498 0.8938531 0.1670032 0.4160968 0.7532507 0.5555769 0.352062 0.7935237 0.4843158 0.3684539 0.5028473 0.8314687 0.2362299 0.6005847 0.7498549 0.277517 0.1768094 0.9807858 0.08244758 0.09360468 0.9947559 0.04121452 0.331585 0.9305059 0.1555958 0.9479115 0.1922287 0.2539921 0.9479109 0.1922319 0.2539922 0.9807282 0.1946261 0.01711833 0.7902733 0.6088414 -0.06913995 0.9689133 0.194054 -0.1534606 0.8894053 0.1922277 -0.4147369 0.7648548 0.5564098 -0.3246617 0.8225764 0.1949789 -0.5341829 0.6939177 0.1922403 -0.6939177 0.6939177 0.1922403 -0.6939177 0.5341829 0.1949789 -0.8225764 0.3661103 0.4995415 -0.7851251 -0.2539923 0.1922287 -0.9479114 -0.253992 0.1922319 -0.9479108 -0.01711833 0.1946261 -0.9807281 0.06913989 0.6088414 -0.7902732 0.1534606 0.194054 -0.9689133 0.3833655 0.1932541 -0.9031522 -0.2162075 0.5497005 -0.8068975 -0.2162079 0.5496992 -0.8068984 0.07280653 0.549701 -0.8321827 0.07280647 0.5497 -0.8321833 0.3530408 0.549696 -0.7570975 0.3530415 0.5496917 -0.7571002 0.5906934 0.5496932 -0.5906934 0.5906934 0.5496934 -0.5906934 0.7571 0.5496917 -0.3530419 0.7570976 0.549696 -0.3530403 0.8321834 0.5497 -0.07280659 0.8321827 0.5497011 -0.07280641 0.8068983 0.5496993 0.2162078 0.8068975 0.5497006 0.2162076 -0.1453148 0.8275086 -0.542322 -0.1453158 0.8275067 -0.5423246 0.04893398 0.8275071 -0.5593189 0.04893398 0.8275079 -0.5593177 0.2372804 0.8275083 -0.5088496 0.2372803 0.8275087 -0.5088492 0.3970077 0.8275082 -0.3970077 0.3970077 0.8275082 -0.3970077 0.5088492 0.8275088 -0.2372802 0.5088496 0.8275084 -0.2372804 0.5593176 0.8275079 -0.04893386 0.5593189 0.827507 -0.0489341 0.5423246 0.8275068 0.1453155 0.5423219 0.8275086 0.145315 -0.05124109 0.980206 -0.1912339 -0.0512405 0.9802064 -0.1912323 0.017255 0.9802063 -0.1972253 0.01725494 0.9802066 -0.1972239 0.08366835 0.9802069 -0.1794274 0.08366882 0.9802066 -0.1794286 0.1399914 0.9802065 -0.1399914 0.1399914 0.9802066 -0.1399914 0.1794286 0.9802066 -0.08366894 0.1794273 0.9802068 -0.08366823 0.1972239 0.9802066 -0.01725482 0.1972253 0.9802063 -0.01725506 0.1912323 0.9802064 0.05124062 0.191234 0.9802061 0.05124092 -0.04459977 0.9944159 -0.09564453 -0.08141261 0.9807852 -0.1772918 -0.1569463 0.9291934 -0.3346155 -0.2338131 0.8314691 -0.5039746 -0.2766904 0.7570807 -0.5918372 -0.3506592 0.5555769 -0.7539048 -0.3652303 0.5040704 -0.7826365 -0.4140818 0.1967469 -0.8887221 -0.4141902 0.1950841 -0.8890381 -0.4225609 0.0164321 -0.9061856 -0.2044631 0.1401706 0.9687864 0.6478813 0.03605872 0.7608873 0.2448656 0.100934 0.964289 -0.2119264 0.1639258 0.9634394 -0.1457507 0.4697344 0.870693 -0.2349044 0.372365 0.8978665 -0.1635059 0.4886999 0.8569937 -0.08700263 0.6476569 0.7569485 -0.07712399 0.7371688 0.6712928 0.01716125 0.8352376 0.5496214 0.05229008 0.9099663 0.4113724 0.1118725 0.935008 0.3365183 0.180669 0.9651829 0.1891576 0.2393265 0.1124699 0.9644032 0.2782866 0.2941327 0.9143536 0.2693114 0.3299378 0.9047721 0.3365617 0.4664426 0.8180205 0.3342018 0.5187508 0.7868969 0.419103 0.6035961 0.6782509 0.4297154 0.6555961 0.6209173 0.4978742 0.6804866 0.5376423 0.5281993 0.7062171 0.4714477 0.6457741 0.03999072 0.7624805 0.6597429 0.1049468 0.7441273 0.6562131 0.1180912 0.7452777 0.6805323 0.1671556 0.7133966 0.6794409 0.1872038 0.7094469 0.7107911 0.2180855 0.6687412 0.7143715 0.2391009 0.6576505 0.7412058 0.2479268 0.623816 0.7499482 0.2587518 0.6087902 0.1644082 0.9658968 0.200033 0.4490866 0.7069455 0.5463967 0.6133421 0.258712 0.7462437 0.6133422 0.258711 0.746244 0.6675595 0.2585778 0.6982133 0.6675589 0.2585827 0.6982121 0.7274588 0.258583 0.6355617 0.727459 0.2585818 0.6355619 0.7597972 0.2588178 0.596424 0.759797 0.2588145 0.5964257 0.4490869 0.706945 0.5463972 0.4889021 0.7067491 0.5113517 0.4889023 0.7067485 0.5113521 0.5327715 0.7067486 0.4654685 0.5327696 0.7067513 0.4654665 0.5562169 0.7070972 0.4366194 0.5562175 0.7070955 0.4366212 0.1644084 0.9658967 0.2000333 0.1790276 0.9658609 0.1872482 0.1790277 0.9658608 0.1872485 0.195092 0.9658608 0.1704466 0.1950911 0.9658611 0.1704457 0.2035905 0.9659245 0.159815 0.2035908 0.9659243 0.1598156 0.3039548 0.9487594 0.08641129 0.5244531 0.7019627 0.4818687 0.6231996 0.2585943 0.7380727 0.2176845 0.9551171 0.2009098 0.5048133 0.862869 -0.0249114 0.4458436 0.8908118 0.08762431 0.7239149 0.6786304 -0.1241294 0.6837565 0.7285556 -0.04103416 0.8789937 0.4383172 -0.1877446 0.8613785 0.4882075 -0.1402875 0.9622513 0.1671802 -0.2147632 0.9607379 0.1919523 -0.2003421 0.9783309 0.01378411 -0.206588 0.9783219 0.01594591 -0.2064755 0.48253 0.691492 0.5375906 0.6646334 0.6368011 0.3908284 0.6306172 0.6326628 0.4495105 0.8110539 0.4954595 0.3109846 0.784043 0.5079309 0.3567672 0.9118379 0.317699 0.2600365 0.8967266 0.336262 0.2877662 0.9637778 0.120673 0.2378451 0.9600641 0.1314767 0.2469635 0.9692102 0.009795904 0.2460399 0.9691827 0.01075834 0.2461083 0.6102749 0.2510953 0.7513426 0.6707758 0.2346315 0.7035681 0.6565906 0.2268145 0.7193358 0.7174564 0.1810178 0.6726729 0.704131 0.1803122 0.6867947 0.7481752 0.1150566 0.6534492 0.7392171 0.1189055 0.6628872 0.7626737 0.0433616 0.6453283 0.7596787 0.04652273 0.6486324 0.7614071 0.003445684 0.6482648 0.7613769 0.003860116 0.6482982 0.9687863 0.1401706 0.204463 0.964289 0.100934 -0.2448656 0.7608873 0.03605872 -0.6478813 0.9634394 0.1639258 0.2119264 0.898314 0.4087212 0.16118 0.8627564 0.4766531 0.1686809 0.7569485 0.6476569 0.08700263 0.6712928 0.7371688 0.07712399 0.5496214 0.8352376 -0.01716125 0.4113724 0.9099663 -0.05229008 0.3365183 0.935008 -0.1118725 0.1891576 0.9651829 -0.180669 0.9644032 0.1124699 -0.2393265 0.9143536 0.2941327 -0.2782866 0.9047721 0.3299378 -0.2693114 0.8180205 0.4664426 -0.3365617 0.7868969 0.5187508 -0.3342018 0.6782509 0.6035961 -0.419103 0.6209173 0.6555961 -0.4297154 0.5376423 0.6804866 -0.4978742 0.4714477 0.7062171 -0.5281993 0.7624805 0.03999072 -0.6457741 0.7441273 0.1049468 -0.6597429 0.7452777 0.1180912 -0.6562131 0.7133966 0.1671556 -0.6805323 0.7094469 0.1872038 -0.6794409 0.6687412 0.2180855 -0.7107911 0.6576505 0.2391009 -0.7143715 0.623816 0.2479268 -0.7412058 0.6087902 0.2587518 -0.7499482 0.7323395 0.2584879 -0.6299706 0.7323383 0.2584926 -0.62997 0.5364313 0.7066171 -0.4614474 0.5364322 0.7066161 -0.461448 0.1964638 0.9658367 -0.1690015 0.1964643 0.9658365 -0.1690018 0.6726784 0.2586563 -0.6932537 0.6726808 0.2586469 -0.6932549 0.4925875 0.7068561 -0.5076534 0.492585 0.7068594 -0.5076514 0.1803533 0.9658805 -0.1858696 0.180353 0.9658807 -0.1858694 0.6188428 0.2586468 -0.7417111 0.6188416 0.2586517 -0.7417104 0.4531609 0.7068594 -0.5431345 0.4531626 0.7068572 -0.543136 0.1659186 0.9658805 -0.198861 0.1659184 0.9658807 -0.1988608 0.08641129 0.9487594 -0.3039548 0.4818687 0.7019627 -0.5244531 0.7380727 0.2585943 -0.6231996 0.2009098 0.9551171 -0.2176845 -0.0249114 0.862869 -0.5048133 0.08762431 0.8908118 -0.4458436 -0.1241294 0.6786304 -0.7239149 -0.04103416 0.7285556 -0.6837565 -0.1877446 0.4383172 -0.8789937 -0.1402875 0.4882075 -0.8613785 -0.2147632 0.1671802 -0.9622513 -0.2003421 0.1919523 -0.9607379 -0.206588 0.01378411 -0.9783309 -0.2064755 0.01594591 -0.9783219 0.5375906 0.691492 -0.48253 0.3908284 0.6368011 -0.6646334 0.4495105 0.6326628 -0.6306172 0.3109846 0.4954595 -0.8110539 0.3567672 0.5079309 -0.7840429 0.2600365 0.317699 -0.9118379 0.2877662 0.336262 -0.8967266 0.2378451 0.120673 -0.9637778 0.2469635 0.1314767 -0.9600641 0.2460399 0.009795904 -0.9692102 0.2461083 0.01075834 -0.9691827 0.7513426 0.2510953 -0.6102749 0.7035681 0.2346315 -0.6707758 0.7193358 0.2268145 -0.6565906 0.6726729 0.1810178 -0.7174564 0.6867947 0.1803122 -0.704131 0.6534492 0.1150566 -0.7481752 0.6628872 0.1189055 -0.7392171 0.6453283 0.0433616 -0.7626737 0.6486324 0.04652273 -0.7596787 0.6482648 0.003445684 -0.7614071 0.6482982 0.003860116 -0.7613769 0.2044631 0.1401706 -0.9687864 -0.6478813 0.03605872 -0.7608873 -0.2448656 0.100934 -0.964289 0.2119264 0.1639258 -0.9634394 0.1457507 0.4697344 -0.870693 0.2349044 0.372365 -0.8978665 0.1635059 0.4886999 -0.8569937 0.08700263 0.6476569 -0.7569485 0.07712399 0.7371688 -0.6712928 -0.01716125 0.8352376 -0.5496214 -0.05229008 0.9099663 -0.4113724 -0.1118725 0.935008 -0.3365183 -0.180669 0.9651829 -0.1891576 -0.2393265 0.1124699 -0.9644032 -0.2782866 0.2941327 -0.9143536 -0.2693114 0.3299378 -0.9047721 -0.3365617 0.4664426 -0.8180205 -0.3342018 0.5187508 -0.7868969 -0.419103 0.6035961 -0.6782509 -0.4297154 0.6555961 -0.6209173 -0.4978742 0.6804866 -0.5376423 -0.5281993 0.7062171 -0.4714477 -0.6457741 0.03999072 -0.7624805 -0.6597429 0.1049468 -0.7441273 -0.6562131 0.1180912 -0.7452777 -0.6805323 0.1671556 -0.7133966 -0.6794409 0.1872038 -0.7094469 -0.7107911 0.2180855 -0.6687412 -0.7143715 0.2391009 -0.6576505 -0.7412058 0.2479268 -0.623816 -0.7499482 0.2587518 -0.6087902 -0.618842 0.2586517 -0.7417101 -0.6188425 0.2586467 -0.7417114 -0.4531624 0.7068572 -0.5431362 -0.4531612 0.7068594 -0.5431343 -0.1659184 0.9658808 -0.1988607 -0.1659185 0.9658806 -0.198861 -0.6726801 0.2586469 -0.6932555 -0.6726791 0.2586562 -0.6932532 -0.4925853 0.7068593 -0.5076512 -0.4925872 0.7068561 -0.5076537 -0.1803529 0.9658806 -0.1858693 -0.1803533 0.9658805 -0.1858697 -0.7323386 0.2584927 -0.6299697 -0.7323393 0.2584879 -0.6299708 -0.536432 0.7066162 -0.461448 -0.5364314 0.7066171 -0.4614474 -0.1964643 0.9658365 -0.1690019 -0.1964638 0.9658367 -0.1690014 -0.3039548 0.9487594 -0.08641129 -0.5244531 0.7019627 -0.4818687 -0.6231996 0.2585943 -0.7380727 -0.2176845 0.9551171 -0.2009098 -0.5048133 0.862869 0.0249114 -0.4458436 0.8908118 -0.08762431 -0.7239149 0.6786304 0.1241294 -0.6837565 0.7285556 0.04103416 -0.8789937 0.4383172 0.1877446 -0.8613785 0.4882075 0.1402875 -0.9622513 0.1671802 0.2147632 -0.9607379 0.1919523 0.2003421 -0.9783309 0.01378411 0.206588 -0.9783219 0.01594591 0.2064755 -0.48253 0.691492 -0.5375906 -0.6646334 0.6368011 -0.3908284 -0.6306172 0.6326628 -0.4495105 -0.8110539 0.4954595 -0.3109846 -0.784043 0.5079309 -0.3567672 -0.9118379 0.317699 -0.2600365 -0.8967266 0.336262 -0.2877662 -0.9637778 0.120673 -0.2378451 -0.9600641 0.1314767 -0.2469635 -0.9692102 0.009795904 -0.2460399 -0.9691827 0.01075834 -0.2461083 -0.6102749 0.2510953 -0.7513426 -0.6707758 0.2346315 -0.7035681 -0.6565906 0.2268145 -0.7193358 -0.7174564 0.1810178 -0.6726729 -0.704131 0.1803122 -0.6867947 -0.7481752 0.1150566 -0.6534492 -0.7392171 0.1189055 -0.6628872 -0.7626737 0.0433616 -0.6453283 -0.7596787 0.04652273 -0.6486324 -0.7614071 0.003445684 -0.6482648 -0.7613769 0.003860116 -0.6482982 -0.964289 0.100934 0.2448656 -0.7608873 0.03605872 0.6478813 -0.7569485 0.6476569 -0.08700263 -0.8627564 0.4766531 -0.1686809 -0.898314 0.4087212 -0.1611799 -0.9634395 0.1639258 -0.2119265 -0.9687863 0.1401706 -0.204463 -0.5309136 0.8425326 -0.09093785 -0.4434201 0.8918435 0.08940839 -0.6712929 0.7371688 -0.07712399 -0.4560677 0.8898214 0.0148313 -0.3365183 0.935008 0.1118725 -0.1891576 0.9651829 0.180669 -0.9644032 0.1124699 0.2393265 -0.9143536 0.2941327 0.2782866 -0.9047721 0.3299378 0.2693114 -0.8180205 0.4664426 0.3365617 -0.7868969 0.5187508 0.3342018 -0.6782509 0.6035961 0.419103 -0.6209173 0.6555961 0.4297154 -0.5376423 0.6804866 0.4978742 -0.4714477 0.7062171 0.5281993 -0.7624805 0.03999072 0.6457741 -0.7441273 0.1049468 0.6597429 -0.7452777 0.1180912 0.6562131 -0.7133966 0.1671556 0.6805323 -0.7094469 0.1872038 0.6794409 -0.6687412 0.2180855 0.7107911 -0.6576505 0.2391009 0.7143715 -0.623816 0.2479268 0.7412058 -0.6087902 0.2587518 0.7499482 -0.7274588 0.258583 0.6355617 -0.7597979 0.2588143 0.5964245 -0.7107676 0.3478242 0.6114144 -0.5364313 0.7066171 0.4614474 -0.5364322 0.7066161 0.461448 -0.1964638 0.9658367 0.1690015 -0.1964643 0.9658365 0.1690018 -0.6675586 0.2585828 0.6982123 -0.6675599 0.2585778 0.6982131 -0.4889025 0.7067485 0.5113521 -0.488902 0.7067491 0.5113517 -0.1790277 0.9658609 0.1872485 -0.1790276 0.9658609 0.1872482 -0.6133422 0.2587109 0.7462439 -0.613342 0.258712 0.7462438 -0.4490869 0.7069449 0.5463972 -0.4490865 0.7069454 0.5463968 -0.1644084 0.9658968 0.2000333 -0.1644082 0.9658969 0.2000331 -0.08641129 0.9487594 0.3039548 -0.4818687 0.7019627 0.5244531 -0.7380727 0.2585943 0.6231996 -0.2009098 0.9551171 0.2176845 0.0249114 0.862869 0.5048133 -0.08762431 0.8908118 0.4458436 0.1241294 0.6786304 0.7239149 0.04103416 0.7285556 0.6837565 0.1632528 0.495459 0.8531523 0.1632835 0.495415 0.853172 0.1731353 0.3626337 0.915708 0.2147632 0.1671802 0.9622513 0.2003421 0.1919523 0.9607379 0.206588 0.01378411 0.9783309 0.2064755 0.01594591 0.9783219 -0.5375906 0.691492 0.48253 -0.3908284 0.6368011 0.6646334 -0.4495105 0.6326628 0.6306172 -0.3109846 0.4954595 0.8110539 -0.3567672 0.5079309 0.7840429 -0.2600365 0.317699 0.9118379 -0.2877662 0.336262 0.8967266 -0.2378451 0.120673 0.9637778 -0.2469635 0.1314767 0.9600641 -0.2460399 0.009795904 0.9692102 -0.2461083 0.01075834 0.9691827 -0.7513426 0.2510953 0.6102749 -0.7035681 0.2346315 0.6707758 -0.7193358 0.2268145 0.6565906 -0.6726729 0.1810178 0.7174564 -0.6867947 0.1803122 0.704131 -0.6534492 0.1150566 0.7481752 -0.6628872 0.1189055 0.7392171 -0.6453283 0.0433616 0.7626737 -0.6486324 0.04652273 0.7596787 -0.6482648 0.003445684 0.7614071 -0.6482982 0.003860116 0.7613769 -0.9609972 -0.2765581 0 0.91145 0.4114109 0 0.8244175 0.1722357 0.5391387 0.9534123 0.3016704 0 0.998955 -0.04570358 0 0.9259126 -0.1521469 0.3457417 0.9609518 -0.2767161 0 0.8703503 -0.492433 0 0.7764457 -0.5687097 0.2714801 0.7320034 -0.6813009 0 0.5537442 -0.8326869 0 0.4423238 -0.8722639 0.2085794 0.3449632 -0.9386162 0 0.1170582 -0.9931251 0 0 -0.982092 0.1884019 -0.1170582 -0.9931251 0 -0.8067437 -0.5909016 0 -0.7678045 -0.4646785 0.4410783 -0.7321067 -0.68119 0 -0.4522713 -0.8918805 0 -0.4982563 -0.7909942 0.3550615 -0.3446707 -0.9387236 0 -0.8113706 -0.04071772 0.5831122 -0.9867667 -0.1621465 0 -0.9822558 0.1875458 0 -0.9006366 0.2849716 0.3280928 -0.9117308 0.4107883 0 1 0 0 1 0 0 -1 0 0 -1 0 0 0 0 1 0 0 1 0 0 1 0 0 1 0 0 1 0 0 1 0 0 1 0 0 1 0 0 1 0 0 1 0 0 1 0 0 1 0 0 1 0 0 1 0 0 1 0 0 1 0 0 1 0 0 1 0 0 1 0 0 1 0 0 1 0 0 1 0 0 1 0 0 1 0 0 1 0 0 1 0 0 -1 0 0 -1 0 0 -1 0 0 -1 0 0 -1 0 0 -1 0 0 -1 0 0 -1 0 0 -1 0 0 -1 0 0 -1 0 0 -1 0 0 -1 0 0 -1 0 0 -1 0 0 -1 0 0 -1 0 0 -1 0 0 -1 0 0 -1 0 0 -1 0 0 -1 0 0 -1 0 0 -1 0 0 -1 0 0 -1 0 0 -1 0 0 -1 0 0 -1 0 0 -1 0 0 -1 0 0 -1 -0.9135245 0 -0.4067838 -0.9135245 0 -0.4067838 -0.6373991 0 -0.7705338 -0.6373991 0 -0.7705338 -0.2283399 0 -0.9735814 -0.2283399 0 -0.9735814 -0.2282495 -0.0281459 -0.9731957 -0.635281 -0.08145606 -0.7679733 -0.9089388 -0.1409807 -0.3923704 -0.8256332 -0.3675698 -0.4280447 -0.2281637 -0.02423727 -0.9733211 -0.2113873 -0.0916053 -0.9731001 -0.2140432 -0.07911038 -0.9736155 -0.1684762 -0.1510893 -0.9740574 -0.1784003 -0.1338437 -0.9748124 -0.1073023 -0.191844 -0.975542 -0.124906 -0.1758642 -0.9764581 -0.2709207 -0.5254727 -0.8065237 -0.3220033 -0.5211576 -0.7903851 -0.4457877 -0.4204213 -0.7902654 -0.4834333 -0.4018616 -0.7776886 -0.5740174 -0.2582148 -0.7770645 -0.5923979 -0.2392992 -0.7692857 -0.6340611 -0.07323992 -0.7698068 -0.9074257 -0.1153588 -0.404068 -0.2985346 -0.8128515 -0.5001496 -0.4291526 -0.7559145 -0.4943898 -0.4065783 -0.7771409 -0.4803604 -0.6444042 -0.6246562 -0.4410759 -0.6534467 -0.6096205 -0.448743 -0.7565241 -0.4927682 -0.4299427 -0.8248 -0.3713299 -0.4264026 -0.1798989 -0.8291139 -0.5293454 -0.1425601 -0.8462129 -0.5134202 -0.1422939 -0.5576257 -0.8178056 -0.09276556 -0.5869683 -0.8042778 -0.0639618 -0.196506 -0.9784141 -0.04166275 -0.2056935 -0.9777293 0.2283399 0 -0.9735814 0.2283399 0 -0.9735814 0.6373991 0 -0.7705338 0.6373991 0 -0.7705338 0.9135245 0 -0.4067838 0.9135245 0 -0.4067838 -0.02608293 -0.567755 -0.8227842 0.06249231 -0.8431938 -0.5339654 0.03972744 -0.6551902 -0.7544186 0.04315435 -0.5667538 -0.8227563 0.05507576 -0.6217764 -0.7812559 0.022794 -0.6236628 -0.7813611 0.01461005 -0.5664567 -0.823962 -0.02044641 -0.5663987 -0.8238776 -0.01240926 -0.608987 -0.7930831 -0.05243867 -0.6069437 -0.793013 0.01879471 -0.199376 -0.9797428 0.02314567 -0.3927231 -0.9193655 0.009840488 -0.3934373 -0.9192988 0.01492595 -0.3535264 -0.9353054 -0.008003473 -0.3535544 -0.9353797 -0.01278054 -0.3826368 -0.9238105 -0.04633462 -0.380833 -0.9234821 -0.03881829 -0.6471508 -0.7613732 -0.06249231 -0.8431938 -0.5339654 0.008871197 -0.1340845 -0.9909302 0.005788981 -0.1342566 -0.9909297 0.003652036 -0.1201561 -0.9927483 -0.004774749 -0.1201555 -0.9927436 -0.003452956 -0.1305528 -0.9914354 -0.01651042 -0.1298978 -0.9913899 -0.012986 -0.1997153 -0.9797679 0.6371099 -0.03011977 -0.7701842 0.08579486 -0.5635236 -0.8216328 0.2216163 -0.846304 -0.4844127 0.3799998 -0.7739737 -0.5065223 0.4637485 -0.755285 -0.4631218 0.2281653 -0.01143771 -0.9735552 0.2240182 -0.05195438 -0.9731992 0.2202785 -0.05965834 -0.9736109 0.2047799 -0.09451985 -0.9742336 0.1970442 -0.1063179 -0.9746128 0.1769164 -0.1379836 -0.9745056 0.1600763 -0.1494336 -0.975728 0.1200551 -0.1796779 -0.9763722 0.09727251 -0.1860188 -0.9777194 0.06209558 -0.1978779 -0.9782578 0.03818601 -0.1981942 -0.9794186 0.2283287 -0.009940445 -0.9735334 0.6365724 -0.03338253 -0.7704941 0.6188336 -0.1736907 -0.7660787 0.6172425 -0.1555729 -0.7712385 0.5499809 -0.3121263 -0.77466 0.559989 -0.2828151 -0.7787349 0.4515765 -0.4452924 -0.773171 0.4678229 -0.4012035 -0.7875136 0.2635933 -0.5556201 -0.788546 0.301035 -0.5130281 -0.8038533 0.1371556 -0.5716223 -0.8089724 0.1350172 -0.835909 -0.5320024 0.5812164 -0.6686413 -0.4637956 0.6343475 -0.6123256 -0.4718695 0.7151079 -0.5605675 -0.4175941 0.7872201 -0.4418118 -0.4302173 0.8159523 -0.3975167 -0.4197645 0.8762362 -0.2432678 -0.4159697 0.8637615 -0.2630934 -0.429765 0.9197698 -0.04793423 -0.3895199 0.9100461 -0.08718264 -0.4052348 -0.2505628 -0.2505763 0.9351095 0.2505636 -0.2505763 0.9351093 0.2505615 -0.2505867 0.9351071 0.6845438 -0.2505842 0.684549 0.6845512 -0.2505578 0.6845512 0.9351151 -0.2505574 0.2505605 0.9351123 -0.2505676 0.2505612 0.9351125 -0.2505676 -0.2505605 0.9351156 -0.2505528 -0.2505635 0.6845524 -0.2505447 -0.684555 0.6845501 -0.2505707 -0.6845476 0.2505641 -0.250569 -0.9351111 0.2505634 -0.2505585 -0.9351141 -0.2505651 -0.2505584 -0.9351136 -0.2505635 -0.2505666 -0.9351119 -0.6845487 -0.2505645 -0.6845513 -0.6845524 -0.2505513 -0.6845524 -0.9351136 -0.2505617 -0.2505621 -0.9351119 -0.2505674 -0.2505625 -0.9351124 -0.2505676 0.2505611 -0.9351126 -0.2505664 0.2505613 -0.6845475 -0.2505641 0.6845527 -0.6845464 -0.2505775 0.6845489 -0.2505634 -0.2505844 0.9351071 -0.1861571 -0.6947513 0.6947417 0.1861562 -0.6947515 0.6947418 0.1861575 -0.6947485 0.6947445 0.5085875 -0.6947493 0.5085884 0.5085788 -0.6947599 0.5085828 0.694738 -0.694756 0.1861542 0.6947469 -0.6947469 0.1861547 0.6947466 -0.6947466 -0.186157 0.6947384 -0.6947559 -0.186153 0.5085819 -0.6947605 -0.5085788 0.5085919 -0.694742 -0.5085939 0.1861577 -0.6947382 -0.6947547 0.1861568 -0.6947515 -0.6947417 -0.1861543 -0.6947517 -0.694742 -0.1861606 -0.6947373 -0.694755 -0.5085973 -0.694738 -0.5085942 -0.5085822 -0.6947563 -0.5085842 -0.6947424 -0.6947511 -0.1861559 -0.6947467 -0.6947467 -0.1861562 -0.6947466 -0.6947466 0.1861565 -0.6947429 -0.6947509 0.1861546 -0.5085826 -0.6947565 0.5085836 -0.5085883 -0.6947459 0.5085922 -0.1861574 -0.6947471 0.6947459 -0.06918573 -0.96361 0.2582036 0.06918501 -0.9636101 0.2582036 0.06918686 -0.9636088 0.2582078 0.1890205 -0.9636092 0.1890205 0.189019 -0.9636096 0.1890194 0.2582057 -0.9636095 0.06918555 0.2582036 -0.9636101 0.06918531 0.2582036 -0.9636101 -0.06918478 0.258208 -0.9636087 -0.06918674 0.1890237 -0.9636076 -0.1890254 0.1890159 -0.9636111 -0.1890148 0.06918436 -0.9636117 -0.258198 0.06918495 -0.9636101 -0.2582036 -0.06918585 -0.96361 -0.2582036 -0.06918352 -0.9636116 -0.2581984 -0.1890144 -0.9636113 -0.1890157 -0.1890235 -0.9636081 -0.1890224 -0.258206 -0.9636094 -0.06918543 -0.2582012 -0.9636107 -0.06918489 -0.2582012 -0.9636107 0.06918436 -0.2582031 -0.9636102 0.06918519 -0.189018 -0.9636102 0.1890176 -0.1890202 -0.9636091 0.1890206 -0.06918621 -0.9636088 0.2582082 0.7071081 0 -0.7071054 0.9659258 0 -0.2588191 0.9659258 0 -0.2588191 0.9659261 0 0.2588177 0.9659261 0 0.2588177 0.7071068 0 0.7071068 0.7071068 0 0.7071068 0.2588194 0 0.9659258 0.2588194 0 0.9659258 -0.25882 0 0.9659256 -0.25882 0 0.9659256 -0.7071054 0 0.7071081 -0.7071054 0 0.7071081 -0.9659261 0 0.2588177 -0.9659261 0 0.2588177 -0.9659258 0 -0.2588191 -0.9659258 0 -0.2588191 -0.7071068 0 -0.7071068 -0.7071068 0 -0.7071068 -0.25882 0 -0.9659256 -0.25882 0 -0.9659256 0.2588194 0 -0.9659258 0.2588194 0 -0.9659258 0.7071081 0 -0.7071054 0 -1 0 0 -1 0 0 -1 0 0 -1 0 0 -1 0 0 -1 0 0 -1 0 0 -1 0 0 -1 0 0 -1 0 0 -1 0 0 -1 0 0.2588191 -0.9659258 0 0.2588191 -0.9659258 0 0.7071063 -0.7071073 0 0.7071063 -0.7071073 0 0.9659261 -0.2588181 0 0.9659261 -0.2588181 0 0.9659261 0.2588181 0 0.9659261 0.2588181 0 0.7071058 0.7071076 0 0.7071058 0.7071076 0 0.2588198 0.9659256 0 0.2588198 0.9659256 0 -0.9659261 -0.2588181 0 -0.9659261 -0.2588181 0 -0.7071063 -0.7071073 0 -0.7071063 -0.7071073 0 -0.2588191 -0.9659258 0 -0.2588191 -0.9659258 0 -0.2588198 0.9659256 0 -0.2588198 0.9659256 0 -0.7071058 0.7071076 0 -0.7071058 0.7071076 0 -0.9659261 0.2588181 0 -0.9659261 0.2588181 0 0 -1 0 0 -1 0 -1 0 0 -1 0 0 0 1 0 0 1 0 1 0 0 1 0 0 0 0 1 0 0 1 0 0 1 0 0 1 0 0 1 0 0 1 0 0 1 0 0 1 0 0 1 0 0 1 0 0 1 0 0 1 0 0 1 0 0 1 0 0 1 0 0 1 0 0 1 0 0 1 0 0 1 0 0 1 0 0 1 0 0 1 0 0 1 0 0 1 0 0 1 0 0 1 0 0 1 0 0 1 0 -1 0 0 -1 0 0 -1 0 0 -1 0 0 -1 0 0 -1 0 0 -1 0 0 -1 0 0 -1 0 0 -1 0 0 -1 0 0 -1 0 0 -1 0 0 -1 0 0.1950617 -0.9806416 -0.01711714 0.1950616 -0.9806416 -0.01711702 0.4422343 -0.8967629 -0.01565295 0.4422346 -0.8967629 -0.01565313 0.6087032 -0.7932772 -0.01384675 0.6087031 -0.7932773 -0.01384657 0.7933086 -0.608727 -0.0106253 0.7933087 -0.6087269 -0.01062542 0.8968459 -0.4422756 -0.007719933 0.896846 -0.4422756 -0.007719933 0.9807796 -0.1950892 -0.003405272 0.9807795 -0.1950892 -0.003405213 0.9807796 0.1950892 0.003405272 0.9807795 0.1950892 0.003405213 0.8968458 0.442276 0.007719814 0.896846 0.4422756 0.007719993 0.7933087 0.6087269 0.01062548 0.7933087 0.6087269 0.01062542 0.6087033 0.7932772 0.01384675 0.6087034 0.793277 0.01384699 0.4422343 0.8967629 0.01565343 0.4422335 0.8967634 0.01565295 0.1950614 0.9806417 0.01711702 0.1950618 0.9806416 0.01711761 -0.1950614 0.9806417 0.01711761 -0.1950618 0.9806416 0.01711702 -0.4422343 0.896763 0.01565289 -0.4422335 0.8967634 0.01565343 -0.6087032 0.7932772 0.01384705 -0.6087034 0.793277 0.01384675 -0.7933087 0.6087269 0.01062542 -0.7933086 0.6087269 0.01062548 -0.8968458 0.442276 0.007719993 -0.896846 0.4422756 0.007719814 -0.9807795 0.1950892 0.003405213 -0.9807795 0.1950892 0.003405213 -0.9807796 -0.1950892 -0.003405272 -0.9807796 -0.1950892 -0.003405272 -0.896846 -0.4422756 -0.007719933 -0.8968459 -0.4422756 -0.007719993 -0.7933086 -0.608727 -0.01062542 -0.7933086 -0.6087269 -0.0106253 -0.6087031 -0.7932772 -0.01384657 -0.6087031 -0.7932773 -0.01384675 -0.4422343 -0.8967629 -0.01565313 -0.4422346 -0.8967629 -0.01565295 -0.1950617 -0.9806416 -0.01711702 -0.1950616 -0.9806416 -0.01711714 -0.2586874 -0.9654347 -0.03188258 -0.4422888 -0.8968726 0 -0.6087615 -0.7933533 0 -0.7064663 -0.7064661 -0.04255414 -0.7933534 -0.6087613 0 -0.8968726 -0.4422888 0 -0.9654347 -0.2586876 -0.03188258 -0.9807853 -0.1950904 0 -0.9807853 0.1950904 0 -0.9654347 0.2586876 -0.03188258 -0.8968726 0.4422888 0 -0.7933534 0.6087613 0 -0.7064664 0.7064661 -0.04255408 -0.6087618 0.7933531 0 -0.4422876 0.8968732 0 -0.2586872 0.9654348 -0.0318824 -0.1950904 0.9807853 0 0.1950904 0.9807853 0 0.2586872 0.9654348 -0.0318824 0.4422876 0.8968732 0 0.6087618 0.7933531 0 0.7064664 0.7064661 -0.04255408 0.7933534 0.6087613 0 0.8968726 0.4422888 0 0.9654347 0.2586876 -0.03188258 0.9807853 0.1950904 0 0.9807853 -0.1950904 0 0.9654347 -0.2586876 -0.03188258 0.8968726 -0.4422888 0 0.7933534 -0.6087613 0 0.7064663 -0.7064661 -0.04255414 0.6087615 -0.7933533 0 0.4422888 -0.8968726 0 0.2586874 -0.9654347 -0.03188258 0.1950902 -0.9807853 0 -0.1950902 -0.9807853 0 0.9659256 0 0.2588198 0.9659256 0 0.2588198 0.7071073 0 0.7071062 0.7071073 0 0.7071062 0.258819 0 0.9659259 0.258819 0 0.9659259 -0.258819 0 0.9659259 -0.258819 0 0.9659259 -0.7071073 0 0.7071062 -0.7071073 0 0.7071062 -0.9659256 0 0.2588198 -0.9659256 0 0.2588198 -0.9659256 0 -0.2588198 -0.9659256 0 -0.2588198 -0.7071059 0 -0.7071077 -0.7071059 0 -0.7071077 -0.2588216 0 -0.9659252 -0.2588216 0 -0.9659252 0.2588216 0 -0.9659252 0.2588216 0 -0.9659252 0.7071059 0 -0.7071077 0.7071059 0 -0.7071077 0.9659256 0 -0.2588198 0.9659256 0 -0.2588198 0 0 -1 0 0 -1 -1 0 0 -1 0 0 1 0 0 1 0 0 0 0 1 0 0 1 0 0 1 0 0 1 0 0 1 0 0 1 0 0 1 0 0 1 0 0 1 0 0 1 0 0 1 0 0 1 0 0 1 0 0 1 0 0 1 0 0 1 0 0 1 0 0 1 0 0 1 0 0 1 -0.9806639 0 -0.1956995 -0.9806638 0 -0.1956995 -0.980664 0 -0.1956995 -0.9605683 0 0.2780442 -0.9605683 0 0.2780442 -0.7245039 0 0.6892707 -0.7245039 0 0.6892707 0.1956995 0 0.9806638 -0.6892707 0 0.7245039 -0.6892707 0 0.7245039 -0.2780442 0 0.9605683 -0.2780442 0 0.9605683 0.1956995 0 0.980664 0.1956995 0 0.9806639 -0.1956995 0 0.9806639 -0.1956995 0 0.9806638 -0.1956995 0 0.980664 0.2780442 0 0.9605683 0.2780442 0 0.9605683 0.6892707 0 0.7245039 0.6892707 0 0.7245039 0.9806638 0 -0.1956995 0.7245039 0 0.6892707 0.7245039 0 0.6892707 0.9605683 0 0.2780442 0.9605683 0 0.2780442 0.980664 0 -0.1956995 0.9806639 0 -0.1956995 0.9806639 0 0.1956995 0.9806638 0 0.1956995 0.980664 0 0.1956995 0.9605683 0 -0.2780442 0.9605683 0 -0.2780442 0.7245039 0 -0.6892707 0.7245039 0 -0.6892707 -0.1956995 0 -0.9806638 0.6892707 0 -0.7245039 0.6892707 0 -0.7245039 0.2780442 0 -0.9605683 0.2780442 0 -0.9605683 -0.1956995 0 -0.980664 -0.1956995 0 -0.9806639 -0.9806638 0 0.1956995 -0.7245039 0 -0.6892707 -0.7245039 0 -0.6892707 -0.9605683 0 -0.2780442 -0.9605683 0 -0.2780442 -0.980664 0 0.1956995 -0.9806639 0 0.1956995 0.1956995 0 -0.9806639 0.1956995 0 -0.9806638 0.1956995 0 -0.980664 -0.2780442 0 -0.9605683 -0.2780442 0 -0.9605683 -0.6892707 0 -0.7245039 -0.6892707 0 -0.7245039 -0.4700844 0 0.8826215 -0.4700844 0 0.8826215 -0.3205005 0 0.9472483 -0.3205005 0 0.9472483 -0.162407 0 0.9867238 -0.162407 0 0.9867238 0 0 1 0 0 1 0.162407 0 0.9867238 0.162407 0 0.9867238 0.3205005 0 0.9472483 0.3205005 0 0.9472483 0.4700844 0 0.8826215 0.4700844 0 0.8826215 0.4700844 0 -0.8826215 0.4700844 0 -0.8826215 0.3205005 0 -0.9472483 0.3205005 0 -0.9472483 0.162407 0 -0.9867238 0.162407 0 -0.9867238 0 0 -1 0 0 -1 -0.162407 0 -0.9867238 -0.162407 0 -0.9867238 -0.3205005 0 -0.9472483 -0.3205005 0 -0.9472483 -0.4700844 0 -0.8826215 -0.4700844 0 -0.8826215 0.8826215 0 0.4700844 0.8826215 0 0.4700844 0.9472483 0 0.3205005 0.9472483 0 0.3205005 0.9867238 0 0.162407 0.9867238 0 0.162407 1 0 0 1 0 0 0.9867238 0 -0.162407 0.9867238 0 -0.162407 0.9472483 0 -0.3205005 0.9472483 0 -0.3205005 0.8826215 0 -0.4700844 0.8826215 0 -0.4700844 -0.8826215 0 -0.4700844 -0.8826215 0 -0.4700844 -0.9472483 0 -0.3205005 -0.9472483 0 -0.3205005 -0.9867238 0 -0.162407 -0.9867238 0 -0.162407 -1 0 0 -1 0 0 -0.9867238 0 0.162407 -0.9867238 0 0.162407 -0.9472483 0 0.3205005 -0.9472483 0 0.3205005 -0.8826215 0 0.4700844 -0.8826215 0 0.4700844 0 -1 0 0 -1 0 0 -1 0 0 -1 0 0 -1 0 0 -1 0 0 -1 0 0 -1 0 0 -1 0 0 -1 0 0 -1 0 0 -1 0 0 -1 0 0 -1 0 0 -1 0 0 -1 0 0 -1 0 0 -1 0 0 -1 0 0 -1 0 0 -1 0 0 -1 0 0 -1 0 0 -1 0 0 -1 0 0 -1 0 0 -1 0 0 -1 0 0 -1 0 0 -1 0 0 -1 0 0 -1 0 0 -1 0 0 -1 0 0 -1 0 0 -1 0 0 -1 0 0 -1 0 0 -1 0 0 -1 0 0 -1 0 0 -1 0 0 -1 0 0 -1 0 0 -1 0 0 -1 0 0 -1 0 0 -1 0 0 -1 0 0 -1 0 0 -1 0 0 -1 0 0 -1 0 0 -1 0 0 -1 0 0 -1 0 0 -1 0 0 -1 0 0 -1 0 0 -1 0 0 -1 0 0 -1 0 0 -1 0 0 -1 0 0 -1 0 0 -1 0 0 -1 0 0 -1 0 0 -1 0 0 -1 0 0 -1 0 0 -1 0 0 -1 0 0 -1 0 0 -1 0 0 -1 0 0 -1 0 0 -1 0 0 -1 0 0 -1 0 0 -1 0 0 -1 0 0 -1 0 0 -1 0 0 -1 0 0 -1 0 0 -1 0 0 -1 0 0 -1 0 0 -1 0 0 -1 0 0 -1 0 0 -1 0 0 -1 0 0 -1 0 0 -1 0 0 -1 0 0 -1 0 0 -1 0 0 -1 0 0 -1 0 0 -1 0 0 -1 0 0 -1 0 0 -1 0 0 -1 0 0 -1 0 0 -1 0 0 -1 0 0 -1 0 0 -1 0 0 -1 0 0 -1 0 0 -1 0 0 -1 0 0 -1 0 0 -1 0 0 -1 0 0 -1 0 0 -1 0 0 -1 0 0 -1 0 0 -1 0 0 -1 0 0 -1 0 0 -1 0 0 -1 0 0 -1 0 0.9445677 0 0.3283166 0.9710306 0.06431126 0.2301382 0.9914448 0 0.1305264 0.997357 0 -0.07265722 0.9827691 0.0643118 -0.1732883 0.9620594 0 -0.2728399 0.8870109 0 -0.4617484 0.8337578 0.06431221 -0.5483721 0.7753108 0 -0.6315798 0.6315798 0 -0.7753108 0.548372 0.06431221 -0.8337578 0.4617484 0 -0.8870109 0.2728399 0 -0.9620594 0.1732883 0.0643118 -0.9827691 0.07265722 0 -0.997357 -0.2306156 0 -0.9730449 -0.1294665 0.1271806 -0.9833939 -0.3283166 0 -0.9445677 -0.2306156 0 0.9730449 -0.3256506 0.1271808 0.9368974 -0.1305264 0 0.9914448 0.07265722 0 0.997357 0.1732883 0.0643118 0.9827691 0.2728399 0 0.9620594 0.5495097 0 0.8354874 0.4579987 0.1271825 0.8798078 0.6315798 0 0.7753108 0.8354874 0 0.5495097 0.7690148 0.1271826 0.626451 0.8870109 0 0.4617484 0.9620594 0 0.2728399 0.9827691 0.0643118 0.1732883 0.9445677 0 -0.3283166 0.9710306 0.06431126 -0.2301382 0.9914448 0 -0.1305264 0.997357 0 0.07265722 -0.4226205 0 -0.9063068 -0.4226205 0 -0.9063068 0.9063068 0 0.4226205 0.9063068 0 0.4226205 0.9063068 0 -0.4226205 0.9063068 0 -0.4226205 -0.4226205 0 0.9063068 -0.4226205 0 0.9063068 -0.0720672 0.1271818 -0.9892579 -0.1736478 0 -0.9848079 0.1305264 0 -0.9914448 0.2301382 0.06431126 -0.9710306 0.3283166 0 -0.9445677 -0.2728399 0 -0.9620594 -0.4617484 0 -0.8870109 -0.548372 0.06431221 -0.8337578 -0.6315798 0 -0.7753108 -0.7753108 0 -0.6315798 -0.8337578 0.06431221 -0.5483721 -0.8870109 0 -0.4617484 -0.9620594 0 -0.2728399 -0.9827691 0.0643118 -0.1732883 -0.997357 0 -0.07265722 -0.9730449 0 0.2306156 -0.9833939 0.1271806 0.1294665 -0.9445677 0 0.3283166 -0.9730449 0 -0.2306156 -0.9368974 0.1271808 -0.3256506 -0.9914448 0 -0.1305264 -0.9848079 0 0.1736478 -0.9892579 0.1271818 0.0720672 -0.9620594 0 0.2728399 -0.8354874 0 0.5495097 -0.8798078 0.1271825 0.4579987 -0.7753108 0 0.6315798 -0.5495097 0 0.8354874 -0.626451 0.1271826 0.7690148 -0.4617484 0 0.8870109 -0.1736478 0 0.9848079 -0.2706243 0.1271817 0.9542469 -0.07265722 0 0.997357 0.2306156 0 0.9730449 0.1294665 0.1271806 0.9833939 0.3283166 0 0.9445677 -0.9063068 0 0.4226205 -0.9063068 0 0.4226205 0.4226205 0 -0.9063068 0.4226205 0 -0.9063068 -0.9063068 0 -0.4226205 -0.9063068 0 -0.4226205 0.4226205 0 0.9063068 0.4226205 0 0.9063068 0 -1 0 0 -1 0 0 -1 0 0 -1 0 0 -1 0 0 -1 0 0 -1 0 0 -1 0 0 -1 0 0 -1 0 0 -1 0 0 -1 0 -0.7071068 0 -0.7071068 -0.2588191 0 -0.9659258 -0.2588191 0 -0.9659258 0.2588177 0 -0.9659261 0.2588177 0 -0.9659261 0.7071081 0 -0.7071054 0.7071081 0 -0.7071054 0.9659256 0 -0.25882 0.9659256 0 -0.25882 0.9659258 0 0.2588194 0.9659258 0 0.2588194 0.7071068 0 0.7071068 0.7071068 0 0.7071068 0.2588177 0 0.9659261 0.2588177 0 0.9659261 -0.2588191 0 0.9659258 -0.2588191 0 0.9659258 -0.7071054 0 0.7071081 -0.7071054 0 0.7071081 -0.9659258 0 0.2588194 -0.9659258 0 0.2588194 -0.9659256 0 -0.25882 -0.9659256 0 -0.25882 -0.7071068 0 -0.7071068 0.9351097 -0.2505764 0.2505622 0.9351092 -0.2505763 -0.2505639 0.9351075 -0.2505844 -0.2505623 0.6845503 -0.2505776 -0.684545 0.6845514 -0.2505642 -0.6845488 0.2505611 -0.2505664 -0.9351125 0.2505612 -0.2505676 -0.9351123 -0.2505617 -0.2505675 -0.9351122 -0.2505629 -0.2505617 -0.9351134 -0.6845538 -0.2505512 -0.6845511 -0.6845501 -0.2505643 -0.6845501 -0.9351117 -0.2505666 -0.2505646 -0.935114 -0.2505584 -0.250564 -0.9351138 -0.2505584 0.2505648 -0.9351115 -0.2505689 0.2505627 -0.6845501 -0.250571 0.6845475 -0.6845523 -0.2505449 0.6845549 -0.2505615 -0.2505527 0.9351162 -0.2505625 -0.2505674 0.9351119 0.2505598 -0.2505676 0.9351127 0.2505619 -0.2505575 0.9351147 0.684554 -0.2505576 0.6845487 0.6845465 -0.250584 0.6845465 0.9351067 -0.2505868 0.2505629 0.6947417 -0.6947515 0.1861568 0.6947418 -0.6947515 -0.1861562 0.6947456 -0.6947472 -0.1861581 0.508591 -0.6947457 -0.50859 0.5085853 -0.6947562 -0.5085813 0.1861554 -0.694751 -0.6947426 0.1861557 -0.6947467 -0.6947467 -0.186157 -0.6947466 -0.6947466 -0.1861551 -0.694751 -0.6947427 -0.5085813 -0.6947569 -0.5085844 -0.5085964 -0.6947384 -0.5085944 -0.694756 -0.6947368 -0.186158 -0.6947417 -0.6947513 -0.1861571 -0.694742 -0.6947517 0.1861543 -0.6947538 -0.6947385 0.18616 -0.5085917 -0.6947416 0.5085948 -0.5085816 -0.69476 0.5085797 -0.1861547 -0.6947561 0.6947377 -0.1861552 -0.6947468 0.6947468 0.1861565 -0.6947466 0.6947466 0.1861525 -0.6947557 0.6947386 0.5085811 -0.6947601 0.5085801 0.5085897 -0.6947495 0.5085858 0.6947447 -0.6947485 0.186157 0.2582036 -0.96361 0.06918573 0.2582036 -0.9636101 -0.06918501 0.2582078 -0.9636088 -0.06918686 0.1890203 -0.9636092 -0.1890207 0.1890181 -0.9636101 -0.1890177 0.06918489 -0.9636102 -0.2582033 0.06918466 -0.9636108 -0.2582012 -0.06918412 -0.9636107 -0.2582012 -0.06918609 -0.9636095 -0.2582056 -0.1890239 -0.9636081 -0.1890226 -0.1890148 -0.9636111 -0.1890159 -0.258198 -0.9636117 -0.06918436 -0.2582036 -0.9636101 -0.06918495 -0.2582036 -0.96361 0.06918585 -0.2581984 -0.9636116 0.06918352 -0.1890158 -0.9636112 0.1890142 -0.1890237 -0.9636076 0.1890248 -0.06918609 -0.9636087 0.2582084 -0.06918555 -0.96361 0.2582036 0.06918501 -0.9636101 0.2582036 0.06918585 -0.9636095 0.2582055 0.1890192 -0.9636096 0.1890192 0.1890206 -0.9636091 0.1890202 0.2582082 -0.9636088 0.06918621 0.2588199 0 -0.9659256 0.2588199 0 -0.9659256 0.7071068 0 -0.7071068 0.7071068 0 -0.7071068 0.9659256 0 -0.2588199 0.9659256 0 -0.2588199 0.9659257 0 0.2588195 0.9659257 0 0.2588195 0.7071068 0 0.7071068 0.7071068 0 0.7071068 0.2588199 0 0.9659256 0.2588199 0 0.9659256 -0.2588195 0 0.9659257 -0.2588195 0 0.9659257 -0.7071068 0 0.7071068 -0.7071068 0 0.7071068 -0.9659257 0 0.2588195 -0.9659257 0 0.2588195 -0.9659256 0 -0.2588199 -0.9659256 0 -0.2588199 -0.7071068 0 -0.7071068 -0.7071068 0 -0.7071068 -0.2588195 0 -0.9659257 -0.2588195 0 -0.9659257 0 -1 0 0 -1 0 0 -1 0 0 -1 0 0 -1 0 0 -1 0 0 -1 0 0 -1 0 0 -1 0 0 -1 0 0 -1 0 0 -1 0 0 -1 0 0 -1 0 0 -1 0 0 -1 0 0 -1 0 0 -1 0 0 -1 0 0 -1 0 0 -1 0 0 -1 0 0 -1 0 0 -1 0 0.25882 0 -0.9659255 0.25882 0 -0.9659255 0.7071068 0 -0.7071068 0.7071068 0 -0.7071068 0.9659255 0 -0.25882 0.9659255 0 -0.25882 0.9659257 0 0.2588193 0.9659257 0 0.2588193 0.7071062 0 0.7071075 0.7071062 0 0.7071075 0.2588188 0 0.9659259 0.2588188 0 0.9659259 -0.258818 0 0.9659261 -0.258818 0 0.9659261 -0.7071068 0 0.7071068 -0.7071068 0 0.7071068 -0.9659261 0 0.258818 -0.9659261 0 0.258818 -0.9659259 0 -0.2588188 -0.9659259 0 -0.2588188 -0.7071075 0 -0.7071062 -0.7071075 0 -0.7071062 -0.2588193 0 -0.9659257 -0.2588193 0 -0.9659257 0.2588195 0 -0.9659257 0.2588195 0 -0.9659257 0.7071068 0 -0.7071068 0.7071068 0 -0.7071068 0.9659256 0 -0.2588199 0.9659256 0 -0.2588199 0.9659257 0 0.2588195 0.9659257 0 0.2588195 0.7071068 0 0.7071068 0.7071068 0 0.7071068 0.2588195 0 0.9659257 0.2588195 0 0.9659257 -0.2588199 0 0.9659256 -0.2588199 0 0.9659256 -0.7071068 0 0.7071068 -0.7071068 0 0.7071068 -0.9659257 0 0.2588195 -0.9659257 0 0.2588195 -0.9659256 0 -0.2588199 -0.9659256 0 -0.2588199 -0.7071068 0 -0.7071068 -0.7071068 0 -0.7071068 -0.2588199 0 -0.9659256 -0.2588199 0 -0.9659256 0.2588195 0 -0.9659257 0.2588195 0 -0.9659257 0.7071068 0 -0.7071068 0.7071068 0 -0.7071068 0.9659257 0 -0.2588195 0.9659257 0 -0.2588195 0.9659256 0 0.2588199 0.9659256 0 0.2588199 0.7071068 0 0.7071068 0.7071068 0 0.7071068 0.2588195 0 0.9659257 0.2588195 0 0.9659257 -0.2588199 0 0.9659256 -0.2588199 0 0.9659256 -0.7071068 0 0.7071068 -0.7071068 0 0.7071068 -0.9659256 0 0.2588199 -0.9659256 0 0.2588199 -0.9659257 0 -0.2588195 -0.9659257 0 -0.2588195 -0.7071068 0 -0.7071068 -0.7071068 0 -0.7071068 -0.2588199 0 -0.9659256 -0.2588199 0 -0.9659256 0 -1 0 0 -1 0 0 -1 0 0 -1 0 0 -1 0 0 -1 0 0 -1 0 0 -1 0 0 -1 0 0 -1 0 0 -1 0 0 -1 0 0 -1 0 0 -1 0 0 -1 0 0 -1 0 0 -1 0 0 -1 0 0 -1 0 0 -1 0 0 -1 0 0 -1 0 0 -1 0 0 -1 0 0.258818 0 -0.9659261 0.258818 0 -0.9659261 0.7071068 0 -0.7071068 0.7071068 0 -0.7071068 0.9659261 0 -0.258818 0.9659261 0 -0.258818 0.9659259 0 0.2588188 0.9659259 0 0.2588188 0.7071075 0 0.7071062 0.7071075 0 0.7071062 0.2588193 0 0.9659257 0.2588193 0 0.9659257 -0.25882 0 0.9659255 -0.25882 0 0.9659255 -0.7071068 0 0.7071068 -0.7071068 0 0.7071068 -0.9659255 0 0.25882 -0.9659255 0 0.25882 -0.9659257 0 -0.2588193 -0.9659257 0 -0.2588193 -0.7071062 0 -0.7071075 -0.7071062 0 -0.7071075 -0.2588188 0 -0.9659259 -0.2588188 0 -0.9659259 0.2588199 0 -0.9659256 0.2588199 0 -0.9659256 0.7071068 0 -0.7071068 0.7071068 0 -0.7071068 0.9659257 0 -0.2588195 0.9659257 0 -0.2588195 0.9659256 0 0.2588199 0.9659256 0 0.2588199 0.7071068 0 0.7071068 0.7071068 0 0.7071068 0.2588199 0 0.9659256 0.2588199 0 0.9659256 -0.2588195 0 0.9659257 -0.2588195 0 0.9659257 -0.7071068 0 0.7071068 -0.7071068 0 0.7071068 -0.9659256 0 0.2588199 -0.9659256 0 0.2588199 -0.9659257 0 -0.2588195 -0.9659257 0 -0.2588195 -0.7071068 0 -0.7071068 -0.7071068 0 -0.7071068 -0.2588195 0 -0.9659257 -0.2588195 0 -0.9659257 0 1 0 0 1 0 0 1 0 0 1 0 0 1 0 0 1 0 0 1 0 0 1 0 0 1 0 0 1 0 0 1 0 0 1 0 0 1 0 0 1 0 0 1 0 0 1 0 0 1 0 0 1 0 0 1 0 0 1 0 0 1 0 0 1 0 0 1 0 0 1 0 0 1 0 0 1 0 0 1 0 0 1 0 0 1 0 0 1 0 0 1 0 -0.0799424 0.6128594 0.7861378 -0.08946371 0.706084 0.7024541 -0.1598653 0.7069934 0.6889146 -0.2365548 0.6128573 0.7539547 -0.2290357 0.7060834 0.6700662 -0.2952706 0.7069929 0.6426323 -0.3834829 0.6128565 0.6909036 -0.3592309 0.7060832 0.6102455 -0.4185877 0.7069926 0.5700401 -0.5147103 0.6128571 0.5995661 -0.4747182 0.7060843 0.5254405 -0.5247674 0.7069936 0.4741089 -0.6248645 0.6128599 0.4836809 -0.5707712 0.7060841 0.4191249 -0.6094624 0.7069935 0.35877 -0.7094392 0.6128576 0.3479964 -0.643458 0.7060825 0.2956506 -0.6692084 0.7069919 0.2287416 -0.7649677 0.612858 0.1980642 -0.6897979 0.7060852 0.1600707 -0.7015522 0.7069947 0.08934897 -0.7891778 0.6128594 0.04002231 -0.7079003 0.7060844 0.01793861 -0.7051779 0.7069939 -0.05370098 -0.7810809 0.6128579 -0.1196572 -0.6970221 0.706083 -0.1249278 -0.6799341 0.7069925 -0.1945542 -0.7410054 0.6128578 -0.2744383 -0.6576068 0.7060824 -0.2626801 -0.6268527 0.7069919 -0.3274418 -0.6705934 0.6128571 -0.4179841 -0.5912682 0.7060827 -0.3896784 -0.548107 0.7069922 -0.4469236 -0.572726 0.6128584 -0.5444166 -0.5007218 0.7060845 -0.5007218 -0.4469224 0.7069941 -0.5481055 -0.4514125 0.6128572 -0.6485621 -0.3896778 0.7060838 -0.5912672 -0.3274412 0.7069934 -0.6268514 -0.3116176 0.6128565 -0.7261552 -0.2626796 0.7060838 -0.6576055 -0.194554 0.7069934 -0.6799332 -0.159065 0.6128574 -0.7740182 -0.1249274 0.7060852 -0.6970201 -0.03583699 0.7066538 -0.7066512 -0.05783182 0.6480225 -0.7594223 0.032139 0.7728838 -0.633733 0.01793861 0.7060852 -0.7078997 0.08934897 0.7069947 -0.7015522 0.1590647 0.6128593 -0.7740167 0.160071 0.7060839 -0.6897991 0.2287411 0.7069933 -0.6692069 0.3116176 0.6128565 -0.7261552 0.29565 0.7060839 -0.6434568 0.35877 0.7069933 -0.6094625 0.451412 0.6128582 -0.6485614 0.4191244 0.7060848 -0.5707706 0.4741086 0.706994 -0.5247671 0.5727268 0.6128571 -0.5444173 0.5254415 0.7060828 -0.4747192 0.5700405 0.7069921 -0.418588 0.6705937 0.6128567 -0.4179843 0.6102462 0.7060825 -0.3592313 0.6426333 0.7069919 -0.295271 0.7410061 0.6128567 -0.2744385 0.6700667 0.706083 -0.2290358 0.6889156 0.7069925 -0.1598655 0.7810811 0.6128575 -0.1196572 0.7024536 0.7060844 -0.08946365 0.7069928 0.7069939 -0.0179165 0.7891791 0.6128578 0.04002237 0.7060825 0.7060852 0.05377036 0.6961262 0.7069945 0.1247672 0.7649672 0.6128588 0.198064 0.6808078 0.7060824 0.1948035 0.6567634 0.7069919 0.2623438 0.7094398 0.6128568 0.3479967 0.6276564 0.706084 0.3278611 0.590509 0.7069935 0.3891777 0.6248658 0.6128576 0.483682 0.5488103 0.7060842 0.4474958 0.50008 0.7069936 0.50008 0.5147098 0.612858 0.5995655 0.4474964 0.7060832 0.548811 0.3891782 0.7069927 0.5905097 0.3834824 0.6128578 0.6909027 0.3278613 0.7060835 0.6276568 0.2623434 0.7069929 0.6567624 0.2365549 0.6128568 0.7539552 0.194803 0.706084 0.6808063 0.1247674 0.7069934 0.6961274 0.07994246 0.6128585 0.7861385 0.05377048 0.7060838 0.7060838 -0.0179165 0.7069932 0.7069932 0.993914 0.04381519 -0.1010712 0.9919872 0 -0.1263383 0.9741163 0 -0.2260475 0.953223 0.04381603 -0.2990755 0.9462494 0 -0.323438 0.9086731 0 -0.4175085 0.8735069 0.04381608 -0.4848359 0.8617718 0 -0.507296 0.8060284 0 -0.5918769 0.7580294 0.04381585 -0.6507469 0.7420135 0 -0.6703849 0.670384 0 -0.7420144 0.611518 0.04381513 -0.7900164 0.5918772 0 -0.8060282 0.507296 0 -0.8617718 0.4399714 0.04381573 -0.8969422 0.4175091 0 -0.9086726 0.3234369 0 -0.9462497 0.2504115 0.04381525 -0.9671475 0.226048 0 -0.9741162 0.1263385 0 -0.9919872 0.05060034 0.04381579 -0.9977574 0.02533251 0 -0.9996791 -0.07593256 0 -0.9971129 -0.151282 0.04381585 -0.9875192 -0.1764194 0 -0.984315 -0.2750968 0 -0.9614166 -0.3469716 0.04381525 -0.9368517 -0.3709492 0 -0.9286532 -0.4629974 0 -0.8863596 -0.5284561 0.04381531 -0.8478292 -0.5502926 0 -0.8349719 -0.6319431 0 -0.7750148 -0.6883056 0.04381519 -0.7240965 -0.7071068 0 -0.7071068 -0.7750148 0 -0.6319431 -0.8199751 0.04381644 -0.5707198 -0.8349719 0 -0.5502926 -0.8863596 0 -0.4629974 -0.9180753 0.04381632 -0.393977 -0.9286532 0 -0.3709492 -0.9614166 0 -0.2750968 -0.9785892 0.0438162 -0.2011051 -0.984315 0 -0.1764194 -0.9971129 0 -0.07593256 -0.9990397 0.04381543 0 -0.9996791 0 0.02533251 -0.9919872 0 0.1263385 -0.9785892 0.04381573 0.2011051 -0.9741162 0 0.226048 -0.9462497 0 0.3234369 -0.9180753 0.04381632 0.393977 -0.9086726 0 0.4175091 -0.8617718 0 0.507296 -0.8199751 0.04381567 0.5707198 -0.8060282 0 0.5918772 -0.7420144 0 0.670384 -0.6883054 0.0438162 0.7240965 -0.6703849 0 0.7420135 -0.5918769 0 0.8060284 -0.5284561 0.04381555 0.8478292 -0.507296 0 0.8617718 -0.4175085 0 0.9086731 -0.3469716 0.04381549 0.9368516 -0.323438 0 0.9462494 -0.2260475 0 0.9741163 -0.151282 0.04381561 0.9875192 -0.1263383 0 0.9919872 -0.0253337 0 0.999679 0.05060034 0.04381626 0.9977573 0.07593321 0 0.9971129 0.1764195 0 0.984315 0.2504115 0.04381573 0.9671475 0.2750958 0 0.9614169 0.3709499 0 0.9286529 0.4399714 0.04381567 0.8969422 0.4629969 0 0.8863599 0.5502923 0 0.8349721 0.611518 0.04381603 0.7900164 0.631942 0 0.7750157 0.7071068 0 0.7071068 0.7580294 0.04381579 0.6507469 0.7750157 0 0.631942 0.8349721 0 0.5502923 0.8735069 0.04381549 0.4848359 0.8863599 0 0.4629969 0.9286529 0 0.3709499 0.953223 0.04381608 0.2990755 0.9614169 0 0.2750958 0.984315 0 0.1764195 0.993914 0.04381561 0.1010712 0.9971129 0 0.07593321 0.999679 0 -0.0253337 1.33514e-7 -0.0348981 0.9993909 1.49144e-6 -0.03489887 0.9993909 -1.49091e-6 -0.03489887 0.9993909 1.35422e-6 -0.03489959 0.9993908 0 -0.03490191 0.9993907 0 -0.03489786 0.999391 -1.35422e-6 -0.03489959 0.9993908 -8.2069e-7 -0.03489989 0.9993909 8.2122e-7 -0.03489989 0.9993909 -1.33514e-7 -0.0348981 0.9993909 0 -0.03489786 0.999391 0 -0.03490191 0.9993907</float_array>
          <technique_common>
            <accessor source="#GBT-C7A-J0_001-mesh-normals-array" count="5496" stride="3">
              <param name="X" type="float"/>
              <param name="Y" type="float"/>
              <param name="Z" type="float"/>
            </accessor>
          </technique_common>
        </source>
        <source id="GBT-C7A-J0_001-mesh-map-0">
          <float_array id="GBT-C7A-J0_001-mesh-map-0-array" count="32976">0.6781729 0.08804506 0.6801218 0.2295552 0.6780412 0.2291525 0.6781729 0.08804506 0.6780412 0.2291525 0.6748651 0.08781605 0.6770503 0 0.6858111 9.26509e-4 0.6784521 0.08173024 0.6780412 0.2291525 0.6713611 0.2286287 0.6748651 0.08781605 0.6748651 0.08781605 0.6713611 0.2286287 0.664826 0.2291728 0.6748651 0.08781605 0.664826 0.2291728 0.6663663 0.0884931 0.2760027 0.693156 0.2743291 0.6935183 0.2743291 0.61444 0.3219258 0.3457928 0.327114 0.4343905 0.327114 0.4413101 0.6784521 0.08173024 0.6750226 0.08148789 0.6770503 0 0.6770503 0 0.6750226 0.08148789 0.6665238 0.08216494 0.6770503 0 0.6665238 0.08216494 0.6685447 9.53082e-4 0.343342 0.71367 0.3433417 0.8024725 0.3370116 0.7138687 0.2994386 0.4413101 0.2994386 0.4343905 0.3046287 0.3457928 0.3046287 0.3457928 0.2994386 0.4343905 0.2982968 0.3455941 0.700357 0.09077244 0.7087519 0.08931338 0.7049292 0.2305989 0.7004421 0.08445626 0.6970043 0.08451938 0.6927099 0.002413034 0.6896361 0.2306082 0.6970418 0.09083819 0.6917504 0.2309615 0.6917504 0.2309615 0.6970418 0.09083819 0.700357 0.09077244 0.6917504 0.2309615 0.700357 0.09077244 0.6984638 0.2313181 0.6984638 0.2313181 0.700357 0.09077244 0.7049292 0.2305989 0.710452 0.08242815 0.708837 0.0829972 0.7099288 0.001939296 0.7099288 0.001939296 0.708837 0.0829972 0.7004421 0.08445626 0.7099288 0.001939296 0.7004421 0.08445626 0.7015376 0.003122866 0.7015376 0.003122866 0.7004421 0.08445626 0.6927099 0.002413034 0.664826 0.2291728 0.6628555 0.2295818 0.6663663 0.0884931 0.6663663 0.0884931 0.6628555 0.2295818 0.6594308 0.2307021 0.6663663 0.0884931 0.6594308 0.2307021 0.6647039 0.08890372 0.327114 0.4413101 0.3255068 0.5957044 0.3219248 0.5957908 0.327114 0.4413101 0.3219248 0.5957908 0.3219258 0.3457928 0.3219258 0.3457928 0.3219248 0.5957908 0.3198956 0.5958222 0.3219258 0.3457928 0.3198956 0.5958222 0.3132775 0.3458656 0.6781729 0.08804506 0.6784521 0.08173024 0.6801218 0.2295552 0.6801218 0.2295552 0.6784521 0.08173024 0.6858111 9.26509e-4 0.6801218 0.2295552 0.6858111 9.26509e-4 0.6838492 0.2306645 0.2715478 0.5955316 0.2746291 0.3456335 0.2810037 0.3455941 0.2715478 0.5955316 0.2810037 0.3455941 0.2751488 0.5955342 0.2751488 0.5955342 0.2810037 0.3455941 0.2771846 0.5955522 0.2771846 0.5955522 0.2810037 0.3455941 0.2896663 0.3457291 0.2771846 0.5955522 0.2896663 0.3457291 0.2838113 0.5956692 0.2838113 0.5956692 0.2896663 0.3457291 0.2904192 0.5958648 0.2904192 0.5958648 0.2896663 0.3457291 0.2982957 0.3460025 0.2904192 0.5958648 0.2982957 0.3460025 0.2924407 0.5959426 0.2924407 0.5959426 0.2982957 0.3460025 0.2960023 0.5961092 0.6858111 0.2295834 0.6858111 0 0.6927099 0.002413034 0.6858111 0.2295834 0.6927099 0.002413034 0.6896361 0.2306082 0.6896361 0.2306082 0.6927099 0.002413034 0.6970043 0.08451938 0.6896361 0.2306082 0.6970043 0.08451938 0.6970418 0.09083819 0.3198956 0.5958222 0.3132765 0.5958635 0.3132775 0.3458656 0.3132775 0.3458656 0.3132765 0.5958635 0.306657 0.5958222 0.3132775 0.3458656 0.306657 0.5958222 0.3046287 0.3457928 0.3046287 0.3457928 0.306657 0.5958222 0.3046277 0.5957908 0.3046287 0.3457928 0.3046277 0.5957908 0.2994386 0.4413101 0.2994386 0.4413101 0.3046277 0.5957908 0.301045 0.5957044 0.710367 0.08874434 0.7101623 0.2289134 0.7087519 0.08931338 0.7087519 0.08931338 0.7101623 0.2289134 0.706855 0.2301345 0.7087519 0.08931338 0.706855 0.2301345 0.7049292 0.2305989 0.2724007 0.6181272 0.2738386 0.6187977 0.2695489 0.6179417 0.2738385 0.7981733 0.2724007 0.7988438 0.2695488 0.7990294 0.2695488 0.7990294 0.2724007 0.7988438 0.2686637 0.7995935 0.2695488 0.7990294 0.2686637 0.7995935 0.2653471 0.7978131 0.2653471 0.7978131 0.2686637 0.7995935 0.2649993 0.7985449 0.2653471 0.7978131 0.2649993 0.7985449 0.262178 0.794798 0.262178 0.794798 0.2649993 0.7985449 0.2622245 0.7959318 0.262178 0.794798 0.2622245 0.7959318 0.2499443 0.7718283 0.2499443 0.7718283 0.2622245 0.7959318 0.2496938 0.7726984 0.2499443 0.7718283 0.2496938 0.7726984 0.2416035 0.7471767 0.2416035 0.7471767 0.2496938 0.7726984 0.2411463 0.7477234 0.2416035 0.7471767 0.2411463 0.7477234 0.2373771 0.7214977 0.2373771 0.7214977 0.2411463 0.7477234 0.2368139 0.7216841 0.2373771 0.7214977 0.2368139 0.7216841 0.2373771 0.6954733 0.2373771 0.6954733 0.2368139 0.7216841 0.2368139 0.6952869 0.2373771 0.6954733 0.2368139 0.6952869 0.2416036 0.6697943 0.2416036 0.6697943 0.2368139 0.6952869 0.2411463 0.6692477 0.2416036 0.6697943 0.2411463 0.6692477 0.2499444 0.6451427 0.2499444 0.6451427 0.2411463 0.6692477 0.2496939 0.6442726 0.2499444 0.6451427 0.2496939 0.6442726 0.262178 0.622173 0.262178 0.622173 0.2496939 0.6442726 0.2622246 0.6210392 0.262178 0.622173 0.2622246 0.6210392 0.2653472 0.6191579 0.2653472 0.6191579 0.2622246 0.6210392 0.2649993 0.6184262 0.2653472 0.6191579 0.2649993 0.6184262 0.2695489 0.6179417 0.2695489 0.6179417 0.2649993 0.6184262 0.2686637 0.6173775 0.2695489 0.6179417 0.2686637 0.6173775 0.2724007 0.6181272 0.9116662 0.6281452 0.9131041 0.6288157 0.9088144 0.6279596 0.9131041 0.8081901 0.9116662 0.8088605 0.9088144 0.8090462 0.9088144 0.8090462 0.9116662 0.8088605 0.9079292 0.8096103 0.9088144 0.8090462 0.9079292 0.8096103 0.9046126 0.8078299 0.9046126 0.8078299 0.9079292 0.8096103 0.9042648 0.8085617 0.9046126 0.8078299 0.9042648 0.8085617 0.9014434 0.8048149 0.9014434 0.8048149 0.9042648 0.8085617 0.90149 0.8059486 0.9014434 0.8048149 0.90149 0.8059486 0.8892098 0.7818453 0.8892098 0.7818453 0.90149 0.8059486 0.8889592 0.7827153 0.8892098 0.7818453 0.8889592 0.7827153 0.8808689 0.7571938 0.8808689 0.7571938 0.8889592 0.7827153 0.8804117 0.7577404 0.8808689 0.7571938 0.8804117 0.7577404 0.8766424 0.731515 0.8766424 0.731515 0.8804117 0.7577404 0.8760792 0.7317014 0.8766424 0.731515 0.8760792 0.7317014 0.8766424 0.7054907 0.8766424 0.7054907 0.8760792 0.7317014 0.8760792 0.7053043 0.8766424 0.7054907 0.8760792 0.7053043 0.8808689 0.6798119 0.8808689 0.6798119 0.8760792 0.7053043 0.8804117 0.6792653 0.8808689 0.6798119 0.8804117 0.6792653 0.8892098 0.6551604 0.8892098 0.6551604 0.8804117 0.6792653 0.8889592 0.6542904 0.8892098 0.6551604 0.8889592 0.6542904 0.9014434 0.6321908 0.9014434 0.6321908 0.8889592 0.6542904 0.90149 0.6310571 0.9014434 0.6321908 0.90149 0.6310571 0.9046126 0.6291759 0.9046126 0.6291759 0.90149 0.6310571 0.9042648 0.628444 0.9046126 0.6291759 0.9042648 0.628444 0.9088144 0.6279596 0.9088144 0.6279596 0.9042648 0.628444 0.9079292 0.6273955 0.9088144 0.6279596 0.9079292 0.6273955 0.9116662 0.6281452 0.8930265 0.4967575 0.8915887 0.4960871 0.8958784 0.4969431 0.8915887 0.3167126 0.8930265 0.3160421 0.8958784 0.3158566 0.8958784 0.3158566 0.8930265 0.3160421 0.8967636 0.3152924 0.8958784 0.3158566 0.8967636 0.3152924 0.9000802 0.3170728 0.9000802 0.3170728 0.8967636 0.3152924 0.900428 0.316341 0.9000802 0.3170728 0.900428 0.316341 0.9032493 0.3200878 0.9032493 0.3200878 0.900428 0.316341 0.9032028 0.3189541 0.9032493 0.3200878 0.9032028 0.3189541 0.915483 0.3430574 0.915483 0.3430574 0.9032028 0.3189541 0.9157335 0.3421874 0.915483 0.3430574 0.9157335 0.3421874 0.9238239 0.3677089 0.9238239 0.3677089 0.9157335 0.3421874 0.9242811 0.3671622 0.9238239 0.3677089 0.9242811 0.3671622 0.9280504 0.3933877 0.9280504 0.3933877 0.9242811 0.3671622 0.9286136 0.3932013 0.9280504 0.3933877 0.9286136 0.3932013 0.9280504 0.419412 0.9280504 0.419412 0.9286136 0.3932013 0.9286136 0.4195984 0.9280504 0.419412 0.9286136 0.4195984 0.9238239 0.4450908 0.9238239 0.4450908 0.9286136 0.4195984 0.9242811 0.4456374 0.9238239 0.4450908 0.9242811 0.4456374 0.915483 0.4697422 0.915483 0.4697422 0.9242811 0.4456374 0.9157335 0.4706123 0.915483 0.4697422 0.9157335 0.4706123 0.9032493 0.4927119 0.9032493 0.4927119 0.9157335 0.4706123 0.9032028 0.4938456 0.9032493 0.4927119 0.9032028 0.4938456 0.9000802 0.4957269 0.9000802 0.4957269 0.9032028 0.4938456 0.900428 0.4964587 0.9000802 0.4957269 0.900428 0.4964587 0.8958784 0.4969431 0.8958784 0.4969431 0.900428 0.4964587 0.8967636 0.4975072 0.8958784 0.4969431 0.8967636 0.4975072 0.8930265 0.4967575 0.8404923 0.8088617 0.8390544 0.8081912 0.8433441 0.8090473 0.8390545 0.6288157 0.8404923 0.6281452 0.8433442 0.6279596 0.8433442 0.6279596 0.8404923 0.6281452 0.8442294 0.6273955 0.8433442 0.6279596 0.8442294 0.6273955 0.8475459 0.6291759 0.8475459 0.6291759 0.8442294 0.6273955 0.8478937 0.6284441 0.8475459 0.6291759 0.8478937 0.6284441 0.8507151 0.6321909 0.8507151 0.6321909 0.8478937 0.6284441 0.8506685 0.6310572 0.8507151 0.6321909 0.8506685 0.6310572 0.8629487 0.6551607 0.8629487 0.6551607 0.8506685 0.6310572 0.8631992 0.6542906 0.8629487 0.6551607 0.8631992 0.6542906 0.8712894 0.6798123 0.8712894 0.6798123 0.8631992 0.6542906 0.8717467 0.6792656 0.8712894 0.6798123 0.8717467 0.6792656 0.8755159 0.7054913 0.8755159 0.7054913 0.8717467 0.6792656 0.8760792 0.7053049 0.8755159 0.7054913 0.8760792 0.7053049 0.8755159 0.7315157 0.8755159 0.7315157 0.8760792 0.7053049 0.8760792 0.731702 0.8755159 0.7315157 0.8760792 0.731702 0.8712894 0.7571946 0.8712894 0.7571946 0.8760792 0.731702 0.8717466 0.7577413 0.8712894 0.7571946 0.8717466 0.7577413 0.8629486 0.7818462 0.8629486 0.7818462 0.8717466 0.7577413 0.8631991 0.7827163 0.8629486 0.7818462 0.8631991 0.7827163 0.850715 0.804816 0.850715 0.804816 0.8631991 0.7827163 0.8506684 0.8059498 0.850715 0.804816 0.8506684 0.8059498 0.8475458 0.8078311 0.8475458 0.8078311 0.8506684 0.8059498 0.8478937 0.8085628 0.8475458 0.8078311 0.8478937 0.8085628 0.8433441 0.8090473 0.8433441 0.8090473 0.8478937 0.8085628 0.8442293 0.8096114 0.8433441 0.8090473 0.8442293 0.8096114 0.8404923 0.8088617 0.3369932 0.7513821 0.3369483 0.7526897 0.3332267 0.7513269 0.3332267 0.7513269 0.3369483 0.7526897 0.3331819 0.7526346 0.2839953 0.8032875 0.2838526 0.8043138 0.2802425 0.8031034 0.2802425 0.8031034 0.2838526 0.8043138 0.2800998 0.8041297 0.2739812 0.7311062 0.2753465 0.7310414 0.2739812 0.7348625 0.2739812 0.7348625 0.2753465 0.7310414 0.2753465 0.7347976 0.3316963 0.5948941 0.3329012 0.594815 0.3316963 0.5986514 0.3316963 0.5986514 0.3329012 0.594815 0.3329012 0.5985723 0.8246561 0.9332613 0.8308454 0.9344335 0.8237094 0.9415475 0.8237094 0.9415475 0.8308454 0.9344335 0.8299247 0.9426 0.8237094 0.9415475 0.8299247 0.9426 0.82463 0.9488705 0.82463 0.9488705 0.8299247 0.9426 0.8308454 0.9499231 0.2778913 0.9111342 0.2848101 0.9111342 0.2779063 0.9187684 0.2779063 0.9187684 0.2848101 0.9111342 0.2848252 0.9187684 0.2779063 0.9187684 0.2848252 0.9187684 0.2779063 0.9275234 0.2779063 0.9275234 0.2848252 0.9187684 0.2848252 0.9275234 0.2779063 0.9275234 0.2848252 0.9275234 0.2778913 0.9351565 0.2778913 0.9351565 0.2848252 0.9275234 0.2848101 0.9351565 0.4864037 0.9340898 0.4926555 0.9351028 0.4873143 0.9414151 0.4873143 0.9414151 0.4926555 0.9351028 0.4935661 0.9424281 0.4873143 0.9414151 0.4935661 0.9424281 0.4864037 0.9497081 0.4864037 0.9497081 0.4935661 0.9424281 0.4926807 0.9506013 0.329575 0.8059327 0.335875 0.8061518 0.329575 0.8198007 0.329575 0.8198007 0.335875 0.8061518 0.335875 0.8202608 0.9097132 0.3141536 0.9033832 0.313948 0.9097132 0.3000414 0.9097132 0.3000414 0.9033832 0.313948 0.9033832 0.3000767 0.7793124 0.6526395 0.7538381 0.6525374 0.7536742 0.6460407 0.714827 0.4628993 0.7136932 0.4631074 0.6560969 0.4463035 0.6560969 0.4463035 0.7136932 0.4631074 0.7126772 0.4637027 0.7126772 0.4637027 0.7119044 0.464632 0.6560969 0.4463035 0.6560969 0.4463035 0.7119044 0.464632 0.7114808 0.4657869 0.6560969 0.4463035 0.7114808 0.4657869 0.6564002 0.4772999 0.6564002 0.4772999 0.7114808 0.4657869 0.7114194 0.4665068 0.1801729 0.6686717 0.1797088 0.6676916 0.2346828 0.6518455 0.2346828 0.6518455 0.1797088 0.6676916 0.1789347 0.6669054 0.2346828 0.6518455 0.1789347 0.6669054 0.1779367 0.6663849 0.1801729 0.6686717 0.2346828 0.6518455 0.1802753 0.6693376 0.1802753 0.6693376 0.2346828 0.6518455 0.2357938 0.6788161 0.1802753 0.6693376 0.2357938 0.6788161 0.1806059 0.6786898 0.1512923 0.6661195 0.1506356 0.6516532 0.1767023 0.6661777 0.1767023 0.6661777 0.1506356 0.6516532 0.176815 0.6661796 0.1806059 0.6786898 0.2357938 0.6788161 0.1810158 0.6930946 0.1810158 0.6930946 0.2357938 0.6788161 0.2365119 0.7080858 0.1810158 0.6930946 0.2365119 0.7080858 0.1813239 0.7079595 0.1526889 0.7252659 0.1525593 0.7139739 0.1779693 0.7140321 0.1779693 0.7140321 0.1791028 0.7138394 0.2368139 0.7387139 0.2368139 0.7387139 0.1791028 0.7138394 0.1801171 0.713267 0.1801171 0.713267 0.1808872 0.7123663 0.2368139 0.7387139 0.2368139 0.7387139 0.1808872 0.7123663 0.1813071 0.711243 0.2368139 0.7387139 0.1813071 0.711243 0.2365119 0.7080858 0.2365119 0.7080858 0.1813071 0.711243 0.1813663 0.7105415 0.2365119 0.7080858 0.1813663 0.7105415 0.1813239 0.7079595 0.782741 0.6547049 0.7822954 0.6538935 0.8379341 0.6463785 0.7822954 0.6538935 0.7815355 0.6532433 0.8379341 0.6463785 0.8379341 0.6463785 0.7815355 0.6532433 0.7805457 0.6528126 0.8379341 0.6463785 0.7805457 0.6528126 0.7794255 0.6526413 0.7799969 0.6942312 0.7811342 0.6940579 0.8387967 0.6958231 0.7811342 0.6940579 0.7821537 0.693539 0.8387967 0.6958231 0.8387967 0.6958231 0.7821537 0.693539 0.7829301 0.6927219 0.8387967 0.6958231 0.7829301 0.6927219 0.7833569 0.6917037 0.7833569 0.6917037 0.78342 0.6910684 0.8387967 0.6958231 0.8387967 0.6958231 0.78342 0.6910684 0.7832769 0.6798792 0.8387967 0.6958231 0.7832769 0.6798792 0.8384358 0.6694347 0.8384358 0.6694347 0.7832769 0.6798792 0.7831082 0.6692129 0.8384358 0.6694347 0.7831082 0.6692129 0.8379341 0.6463785 0.8379341 0.6463785 0.7831082 0.6692129 0.7828305 0.6552569 0.8379341 0.6463785 0.7828305 0.6552569 0.782741 0.6547049 0.9090943 0.1779 0.9100657 0.17743 0.9131298 0.2330021 0.8850408 0.2340949 0.8968126 0.1784824 0.9131298 0.2330021 0.9131298 0.2330021 0.8968126 0.1784824 0.908433 0.1780064 0.9131298 0.2330021 0.908433 0.1780064 0.9090943 0.1779 0.9115503 0.1744139 0.9114363 0.1489984 0.9127526 0.1489366 0.9100657 0.17743 0.9108421 0.1766511 0.9131298 0.2330021 0.9131298 0.2330021 0.9108421 0.1766511 0.9113526 0.1756499 0.9131298 0.2330021 0.9113526 0.1756499 0.9115492 0.1745268 0.8638992 0.1759883 0.8640992 0.1771207 0.8550573 0.2348113 0.8550573 0.2348113 0.8640992 0.1771207 0.8646771 0.1781313 0.8550573 0.2348113 0.8646771 0.1781313 0.8655808 0.1788952 0.8655808 0.1788952 0.8667041 0.1793076 0.8550573 0.2348113 0.8550573 0.2348113 0.8667041 0.1793076 0.8674042 0.1793619 0.8550573 0.2348113 0.8674042 0.1793619 0.8850408 0.2340949 0.8850408 0.2340949 0.8674042 0.1793619 0.8847932 0.178895 0.8850408 0.2340949 0.8847932 0.178895 0.8968126 0.1784824 0.7137304 0.5123675 0.7147269 0.5129199 0.6582975 0.5363449 0.7137304 0.5123675 0.6582975 0.5363449 0.7129582 0.5115264 0.6571416 0.5076387 0.7123954 0.5097581 0.6582975 0.5363449 0.6582975 0.5363449 0.7123954 0.5097581 0.7124963 0.5104742 0.6582975 0.5363449 0.7124963 0.5104742 0.7129582 0.5115264 0.7423183 0.5357129 0.7158478 0.5131306 0.7417733 0.5236473 0.7417733 0.5236473 0.7158478 0.5131306 0.7159606 0.5131315 0.7417733 0.5236473 0.7159606 0.5131315 0.7413626 0.5129405 0.7114194 0.4665068 0.7115707 0.4768849 0.6564002 0.4772999 0.6564002 0.4772999 0.7115707 0.4768849 0.7118879 0.4921983 0.6564002 0.4772999 0.7118879 0.4921983 0.6571416 0.5076387 0.6571416 0.5076387 0.7118879 0.4921983 0.7123123 0.5072237 0.6571416 0.5076387 0.7123123 0.5072237 0.7123954 0.5097581 0.7079382 0.3463358 0.7039762 0.3433986 0.7432671 0.3346843 0.7432671 0.3346843 0.7039762 0.3433986 0.6991954 0.3413255 0.7432671 0.3346843 0.6991954 0.3413255 0.6938419 0.3401913 0.6773432 0.3426751 0.6587423 0.342815 0.6826276 0.3408747 0.6826276 0.3408747 0.6587423 0.342815 0.6592464 0.3353162 0.6826276 0.3408747 0.6592464 0.3353162 0.6882087 0.3400411 0.657118 0.3770873 0.675719 0.3769474 0.6568296 0.3863125 0.6568296 0.3863125 0.675719 0.3769474 0.6807894 0.3789984 0.6568296 0.3863125 0.6807894 0.3789984 0.6863186 0.3799224 0.69198 0.3796451 0.6974482 0.378192 0.7408503 0.3856805 0.7408503 0.3856805 0.6974482 0.378192 0.7024532 0.3756574 0.7024532 0.3756574 0.7067117 0.3722155 0.7408503 0.3856805 0.7408503 0.3856805 0.7067117 0.3722155 0.7099938 0.3680964 0.7408503 0.3856805 0.7099938 0.3680964 0.7413052 0.3718075 0.7413052 0.3718075 0.7099938 0.3680964 0.7121374 0.363536 0.7413052 0.3718075 0.7121374 0.363536 0.7418628 0.358614 0.7418628 0.358614 0.7121374 0.363536 0.7130126 0.3588309 0.7418628 0.358614 0.7130126 0.3588309 0.7425186 0.3462063 0.7425186 0.3462063 0.7130126 0.3588309 0.7125779 0.3542393 0.7425186 0.3462063 0.7125779 0.3542393 0.7432671 0.3346843 0.7432671 0.3346843 0.7125779 0.3542393 0.7108578 0.3500077 0.7432671 0.3346843 0.7108578 0.3500077 0.7079382 0.3463358 0.6938419 0.3401913 0.6882087 0.3400411 0.7432671 0.3346843 0.7432671 0.3346843 0.6882087 0.3400411 0.6592464 0.3353162 0.7432671 0.3346843 0.6592464 0.3353162 0.7441026 0.3241407 0.7441026 0.3241407 0.6592464 0.3353162 0.6609975 0.3152924 0.1483134 0.6173775 0.2332145 0.6280411 0.1491672 0.6278488 0.1491672 0.6278488 0.2332145 0.6280411 0.1499434 0.6393047 0.1499434 0.6393047 0.2332145 0.6280411 0.2346828 0.6518455 0.1499434 0.6393047 0.2346828 0.6518455 0.1506356 0.6516532 0.1506356 0.6516532 0.2346828 0.6518455 0.1779367 0.6663849 0.1506356 0.6516532 0.1779367 0.6663849 0.176815 0.6661796 0.1526889 0.7252659 0.1779693 0.7140321 0.1527667 0.7385216 0.1527667 0.7385216 0.1779693 0.7140321 0.2368139 0.7387139 0.1527667 0.7385216 0.2368139 0.7387139 0.152758 0.7540383 0.152758 0.7540383 0.2368139 0.7387139 0.2366901 0.7697161 0.152758 0.7540383 0.2366901 0.7697161 0.1526429 0.7695237 0.1526429 0.7695237 0.2366901 0.7697161 0.152422 0.7848533 0.152422 0.7848533 0.2366901 0.7697161 0.2361444 0.8000958 0.152422 0.7848533 0.2361444 0.8000958 0.1520972 0.7999035 0.1520972 0.7999035 0.2361444 0.8000958 0.1516712 0.8145532 0.1516712 0.8145532 0.2361444 0.8000958 0.2351946 0.8288767 0.1516712 0.8145532 0.2351946 0.8288767 0.1511473 0.8286844 0.1511473 0.8286844 0.2351946 0.8288767 0.1505299 0.8421834 0.1505299 0.8421834 0.2351946 0.8288767 0.2338709 0.8551338 0.1505299 0.8421834 0.2338709 0.8551338 0.1498237 0.8549414 0.1498237 0.8549414 0.2338709 0.8551338 0.1490346 0.8668558 0.1490346 0.8668558 0.2338709 0.8551338 0.2322161 0.878023 0.1490346 0.8668558 0.2322161 0.878023 0.1481689 0.8778306 0.1481689 0.8778306 0.2322161 0.878023 0.1472336 0.8877775 0.7533754 0.6359987 0.8373077 0.6273956 0.8379341 0.6463785 0.7533754 0.6359987 0.8379341 0.6463785 0.7536742 0.6460407 0.7536742 0.6460407 0.8379341 0.6463785 0.7794255 0.6526413 0.7536742 0.6460407 0.7794255 0.6526413 0.7793124 0.6526395 0.7545226 0.6941291 0.7799969 0.6942312 0.7545368 0.6954853 0.7545368 0.6954853 0.7799969 0.6942312 0.8387967 0.6958231 0.7545368 0.6954853 0.8387967 0.6958231 0.7546607 0.7096675 0.7546607 0.7096675 0.8387967 0.6958231 0.8390052 0.7246955 0.7546607 0.7096675 0.8390052 0.7246955 0.7547453 0.7243577 0.7547453 0.7243577 0.8390052 0.7246955 0.7547901 0.7394378 0.7547901 0.7394378 0.8390052 0.7246955 0.8390545 0.755124 0.7547901 0.7394378 0.8390545 0.755124 0.7547946 0.7547863 0.7547946 0.7547863 0.8390545 0.755124 0.7547589 0.7702795 0.7547589 0.7702795 0.8390545 0.755124 0.8389431 0.7861306 0.7547589 0.7702795 0.8389431 0.7861306 0.7546832 0.7857928 0.7546832 0.7857928 0.8389431 0.7861306 0.7545682 0.8012013 0.7545682 0.8012013 0.8389431 0.7861306 0.8386746 0.8167186 0.7545682 0.8012013 0.8386746 0.8167186 0.7544147 0.8163809 0.7544147 0.8163809 0.8386746 0.8167186 0.754224 0.8312094 0.754224 0.8312094 0.8386746 0.8167186 0.8382576 0.8459051 0.754224 0.8312094 0.8382576 0.8459051 0.7539976 0.8455674 0.7539976 0.8455674 0.8382576 0.8459051 0.7537374 0.8593392 0.7537374 0.8593392 0.8382576 0.8459051 0.8377054 0.8727518 0.7537374 0.8593392 0.8377054 0.8727518 0.7534455 0.8724141 0.7534455 0.8724141 0.8377054 0.8727518 0.7531241 0.8846867 0.9258013 0.1482596 0.9384214 0.231568 0.9131298 0.2330021 0.9258013 0.1482596 0.9131298 0.2330021 0.9127526 0.1489366 0.9127526 0.1489366 0.9131298 0.2330021 0.9115492 0.1745268 0.9127526 0.1489366 0.9115492 0.1745268 0.9115503 0.1744139 0.8637853 0.1505727 0.8638992 0.1759883 0.8546802 0.1507458 0.8546802 0.1507458 0.8638992 0.1759883 0.8550573 0.2348113 0.8546802 0.1507458 0.8550573 0.2348113 0.8392776 0.1509552 0.8392776 0.1509552 0.8550573 0.2348113 0.824143 0.2351282 0.8392776 0.1509552 0.824143 0.2351282 0.8237659 0.1510627 0.8237659 0.1510627 0.824143 0.2351282 0.8082699 0.1510677 0.8082699 0.1510677 0.824143 0.2351282 0.7932915 0.2350355 0.8082699 0.1510677 0.7932915 0.2350355 0.7929143 0.1509701 0.7929143 0.1509701 0.7932915 0.2350355 0.7778229 0.1507705 0.7778229 0.1507705 0.7932915 0.2350355 0.7634943 0.2345362 0.7778229 0.1507705 0.7634943 0.2345362 0.7631171 0.1504707 0.7631171 0.1504707 0.7634943 0.2345362 0.7489154 0.1500731 0.7489154 0.1500731 0.7634943 0.2345362 0.7357092 0.2336462 0.7489154 0.1500731 0.7357092 0.2336462 0.7353321 0.1495807 0.7353321 0.1495807 0.7357092 0.2336462 0.7224764 0.1489977 0.7224764 0.1489977 0.7357092 0.2336462 0.7108292 0.2323943 0.7224764 0.1489977 0.7108292 0.2323943 0.7104521 0.1483288 0.7438515 0.5618638 0.6598307 0.5624958 0.7430406 0.5491626 0.7430406 0.5491626 0.6598307 0.5624958 0.6582975 0.5363449 0.7430406 0.5491626 0.6582975 0.5363449 0.7423183 0.5357129 0.7423183 0.5357129 0.6582975 0.5363449 0.7147269 0.5129199 0.7423183 0.5357129 0.7147269 0.5129199 0.7158478 0.5131306 0.740229 0.4627082 0.714827 0.4628993 0.7401176 0.4456716 0.7401176 0.4456716 0.714827 0.4628993 0.6560969 0.4463035 0.7401176 0.4456716 0.6560969 0.4463035 0.740134 0.4302383 0.740134 0.4302383 0.6560969 0.4463035 0.6562415 0.415646 0.740134 0.4302383 0.6562415 0.415646 0.7402623 0.415014 0.7402623 0.415014 0.6562415 0.415646 0.7405018 0.4001215 0.7405018 0.4001215 0.6562415 0.415646 0.6568296 0.3863125 0.7405018 0.4001215 0.6568296 0.3863125 0.7408503 0.3856805 0.7408503 0.3856805 0.6568296 0.3863125 0.6863186 0.3799224 0.7408503 0.3856805 0.6863186 0.3799224 0.69198 0.3796451 0.5255402 0.005964756 0.524745 0.005673885 0.5276526 0.002792119 0.5276526 0.002792119 0.524745 0.005673885 0.5270782 0.00216943 0.5276526 0.002792119 0.5270782 0.00216943 0.5309852 9.4245e-4 0.5309852 9.4245e-4 0.5270782 0.00216943 0.5307593 1.26341e-4 0.5309852 9.4245e-4 0.5307593 1.26341e-4 0.534795 8.28077e-4 0.534795 8.28077e-4 0.5307593 1.26341e-4 0.5349676 0 0.8108313 0.2370839 0.8110527 0.2382212 0.806897 0.2372019 0.806897 0.2372019 0.8110527 0.2382212 0.8069821 0.2383433 0.806897 0.2372019 0.8069821 0.2383433 0.8027181 0.2373865 0.8027181 0.2373865 0.8069821 0.2383433 0.8026584 0.2385343 0.8027181 0.2373865 0.8026584 0.2385343 0.7992264 0.2375965 0.7992264 0.2375965 0.8026584 0.2385343 0.7990457 0.2387515 0.7992264 0.2375965 0.7990457 0.2387515 0.7906821 0.2382369 0.7906821 0.2382369 0.7990457 0.2387515 0.790485 0.2393932 0.8414583 0.8098842 0.8425876 0.8096114 0.8408749 0.8183656 0.8408749 0.8183656 0.8425876 0.8096114 0.8420031 0.8181092 0.8408749 0.8183656 0.8420031 0.8181092 0.8403668 0.8276593 0.8403668 0.8276593 0.8420031 0.8181092 0.841494 0.8274206 0.8403668 0.8276593 0.841494 0.8274206 0.8399375 0.837702 0.8399375 0.837702 0.841494 0.8274206 0.8410639 0.8374826 0.8399375 0.837702 0.8410639 0.8374826 0.8395899 0.8484256 0.8395899 0.8484256 0.8410639 0.8374826 0.8407156 0.8482267 0.8395899 0.8484256 0.8407156 0.8482267 0.8393262 0.8597571 0.8393262 0.8597571 0.8407156 0.8482267 0.8404514 0.85958 0.8393262 0.8597571 0.8404514 0.85958 0.8391484 0.8716198 0.8391484 0.8716198 0.8404514 0.85958 0.8402733 0.8714654 0.8391484 0.8716198 0.8402733 0.8714654 0.8390576 0.883933 0.8390576 0.883933 0.8402733 0.8714654 0.8401823 0.8838022 0.8390576 0.883933 0.8401823 0.8838022 0.8390544 0.8966129 0.8390544 0.8966129 0.8401823 0.8838022 0.8401792 0.8965064 0.8390544 0.8966129 0.8401792 0.8965064 0.8391389 0.9095736 0.8391389 0.9095736 0.8401792 0.8965064 0.8402638 0.909492 0.8391389 0.9095736 0.8402638 0.909492 0.8393105 0.9227271 0.8393105 0.9227271 0.8402638 0.909492 0.8404357 0.9226707 0.8393105 0.9227271 0.8404357 0.9226707 0.839568 0.9359838 0.839568 0.9359838 0.8404357 0.9226707 0.8406937 0.9359529 0.839568 0.9359838 0.8406937 0.9359529 0.8399097 0.9492539 0.8399097 0.9492539 0.8406937 0.9359529 0.841036 0.9492484 0.8399097 0.9492539 0.841036 0.9492484 0.8403332 0.9624472 0.8403332 0.9624472 0.841036 0.9492484 0.8414603 0.962467 0.534795 8.28077e-4 0.5349676 0 0.5475956 0.004090428 0.5475956 0.004090428 0.5349676 0 0.5478355 0.003279566 0.5475956 0.004090428 0.5478355 0.003279566 0.560084 0.00839585 0.560084 0.00839585 0.5478355 0.003279566 0.5603898 0.007607579 0.560084 0.00839585 0.5603898 0.007607579 0.5721755 0.0137149 0.5721755 0.0137149 0.5603898 0.007607579 0.5725449 0.01295471 0.5721755 0.0137149 0.5725449 0.01295471 0.583788 0.0200116 0.583788 0.0200116 0.5725449 0.01295471 0.5842186 0.0192846 0.583788 0.0200116 0.5842186 0.0192846 0.5948425 0.02724313 0.5948425 0.02724313 0.5842186 0.0192846 0.5953313 0.02655422 0.5948425 0.02724313 0.5953313 0.02655422 0.605264 0.03536039 0.605264 0.03536039 0.5953313 0.02655422 0.6058077 0.03471422 0.605264 0.03536039 0.6058077 0.03471422 0.6149817 0.04430824 0.6149817 0.04430824 0.6058077 0.03471422 0.6155766 0.04370915 0.6149817 0.04430824 0.6155766 0.04370915 0.6239296 0.05402588 0.6239296 0.05402588 0.6155766 0.04370915 0.6245716 0.05347794 0.6239296 0.05402588 0.6245716 0.05347794 0.6320469 0.06444734 0.6320469 0.06444734 0.6245716 0.05347794 0.6327316 0.06395429 0.6320469 0.06444734 0.6327316 0.06395429 0.6392785 0.07550179 0.6392785 0.07550179 0.6327316 0.06395429 0.6400014 0.07506698 0.6392785 0.07550179 0.6400014 0.07506698 0.6455753 0.08711421 0.6455753 0.08711421 0.6400014 0.07506698 0.6463313 0.08674055 0.6455753 0.08711421 0.6463313 0.08674055 0.6508944 0.09920567 0.6508944 0.09920567 0.6463313 0.08674055 0.6516785 0.09889572 0.6508944 0.09920567 0.6516785 0.09889572 0.6551999 0.1116941 0.6551999 0.1116941 0.6516785 0.09889572 0.6560066 0.1114499 0.6551999 0.1116941 0.6560066 0.1114499 0.6584624 0.1244947 0.6584624 0.1244947 0.6560066 0.1114499 0.6592863 0.1243179 0.8138071 0.2381627 0.8110527 0.2382212 0.8108313 0.2370839 0.5249977 0.007455527 0.5243977 0.009103775 0.5238199 0.008892595 0.524745 0.005673885 0.5255402 0.005964756 0.5249977 0.007455527 0.5249977 0.007455527 0.5238199 0.008892595 0.524745 0.005673885 0.8108313 0.2370839 0.8134421 0.2367073 0.8136965 0.2373814 0.8108313 0.2370839 0.8136965 0.2373814 0.8138071 0.2381627 0.6940759 0.3130416 0.6941036 0.3133913 0.6902294 0.3132591 0.6535344 0.1343247 0.6533257 0.1337494 0.6564983 0.131637 0.6584624 0.1244947 0.6592863 0.1243179 0.658348 0.1283044 0.658348 0.1283044 0.6592863 0.1243179 0.65916 0.128526 0.658348 0.1283044 0.65916 0.128526 0.6564983 0.131637 0.6564983 0.131637 0.65916 0.128526 0.6571168 0.1322072 0.6564983 0.131637 0.6571168 0.1322072 0.6535344 0.1343247 0.6941412 0.3137013 0.6902294 0.3132591 0.6941036 0.3133913 0.8403332 0.9624472 0.8414603 0.962467 0.8405477 0.9663384 0.8405477 0.9663384 0.8414603 0.962467 0.8416822 0.9664931 0.8405477 0.9663384 0.8416822 0.9664931 0.8408578 0.9690598 0.8408578 0.9690598 0.8416822 0.9664931 0.8420031 0.9693087 0.6902294 0.3132591 0.6900447 0.3121295 0.6940759 0.3130416 0.6940759 0.3130416 0.6900447 0.3121295 0.6940532 0.3122664 0.8138071 0.2381627 0.8136965 0.2373814 0.8179215 0.2380589 0.8179215 0.2380589 0.8136965 0.2373814 0.8178356 0.2372769 0.8179215 0.2380589 0.8178356 0.2372769 0.8224036 0.2379148 0.8224036 0.2379148 0.8178356 0.2372769 0.8223448 0.237132 0.8224036 0.2379148 0.8223448 0.237132 0.8242583 0.2378472 0.8242583 0.2378472 0.8223448 0.237132 0.8270683 0.2377364 0.8270683 0.2377364 0.8223448 0.237132 0.8270375 0.2369525 0.8270683 0.2377364 0.8270375 0.2369525 0.8317227 0.2375311 0.8317227 0.2375311 0.8270375 0.2369525 0.8317201 0.236746 0.8317227 0.2375311 0.8317201 0.236746 0.8353095 0.2373532 0.8353095 0.2373532 0.8317201 0.236746 0.8361989 0.236521 0.8353095 0.2373532 0.8361989 0.236521 0.8361747 0.2373074 0.8361747 0.2373074 0.8361989 0.236521 0.8402401 0.2370745 0.8402401 0.2370745 0.8361989 0.236521 0.8402888 0.2362866 0.8402401 0.2370745 0.8402888 0.2362866 0.8437511 0.2368421 0.8437511 0.2368421 0.8402888 0.2362866 0.8438211 0.2360528 0.8437511 0.2368421 0.8438211 0.2360528 0.8443736 0.2367965 0.5238199 0.008892595 0.5243977 0.009103775 0.5217293 0.01321083 0.5217293 0.01321083 0.5243977 0.009103775 0.5222528 0.01353424 0.5217293 0.01321083 0.5222528 0.01353424 0.5188087 0.01701706 0.5188087 0.01701706 0.5222528 0.01353424 0.5192562 0.01743948 0.5188087 0.01701706 0.5192562 0.01743948 0.5151787 0.02015411 0.5151787 0.02015411 0.5192562 0.01743948 0.5155319 0.02065801 0.5151787 0.02015411 0.5155319 0.02065801 0.5109894 0.02249228 0.5109894 0.02249228 0.5155319 0.02065801 0.5112336 0.02305698 0.5109894 0.02249228 0.5112336 0.02305698 0.5064138 0.02393496 0.5064138 0.02393496 0.5112336 0.02305698 0.5065391 0.0245372 0.5064138 0.02393496 0.5065391 0.0245372 0.501641 0.02442264 0.501641 0.02442264 0.5065391 0.0245372 0.5016422 0.02503752 0.501641 0.02442264 0.5016422 0.02503752 0.4968681 0.02393501 0.4968681 0.02393501 0.5016422 0.02503752 0.4967453 0.02453726 0.4968681 0.02393501 0.4967453 0.02453726 0.4922925 0.0224924 0.4922925 0.0224924 0.4967453 0.02453726 0.4920508 0.0230571 0.4922925 0.0224924 0.4920508 0.0230571 0.4881032 0.02015429 0.4881032 0.02015429 0.4920508 0.0230571 0.4877525 0.02065819 0.4881032 0.02015429 0.4877525 0.02065819 0.4844732 0.0170173 0.4844732 0.0170173 0.4877525 0.02065819 0.4840282 0.01743966 0.8136965 0.2373814 0.8134421 0.2367073 0.8178356 0.2372769 0.8178356 0.2372769 0.8134421 0.2367073 0.8176528 0.236601 0.8178356 0.2372769 0.8176528 0.236601 0.8223448 0.237132 0.8223448 0.237132 0.8176528 0.236601 0.8222397 0.2364535 0.8223448 0.237132 0.8222397 0.2364535 0.8270375 0.2369525 0.8270375 0.2369525 0.8222397 0.2364535 0.8270135 0.236271 0.8270375 0.2369525 0.8270135 0.236271 0.8317201 0.236746 0.8317201 0.236746 0.8270135 0.236271 0.8317769 0.2360609 0.8317201 0.236746 0.8317769 0.2360609 0.8361989 0.236521 0.8361989 0.236521 0.8317769 0.2360609 0.8363329 0.235832 0.8361989 0.236521 0.8363329 0.235832 0.8402888 0.2362866 0.8402888 0.2362866 0.8363329 0.235832 0.8404935 0.2355937 0.8402888 0.2362866 0.8404935 0.2355937 0.8438211 0.2360528 0.8438211 0.2360528 0.8404935 0.2355937 0.8440867 0.2353558 0.8438211 0.2360528 0.8440867 0.2353558 0.8466495 0.2358291 0.8466495 0.2358291 0.8440867 0.2353558 0.846964 0.2351282 0.6871358 0.3137573 0.6874243 0.3144276 0.6835362 0.3135238 0.6835362 0.3135238 0.6874243 0.3144276 0.6837626 0.3141901 0.6835362 0.3135238 0.6837626 0.3141901 0.6793949 0.3133509 0.6793949 0.3133509 0.6837626 0.3141901 0.6795498 0.3140143 0.6894099 0.3132008 0.6900447 0.3140416 0.6870356 0.3129782 0.6870356 0.3129782 0.6900447 0.3140416 0.6871358 0.3137573 0.6870356 0.3129782 0.6871358 0.3137573 0.6834576 0.3127461 0.6834576 0.3127461 0.6871358 0.3137573 0.6835362 0.3135238 0.6834576 0.3127461 0.6835362 0.3135238 0.6810418 0.3126353 0.6810418 0.3126353 0.6835362 0.3135238 0.6793949 0.3133509 0.6810418 0.3126353 0.6793949 0.3133509 0.6793411 0.3125743 0.4840282 0.01743966 0.4810317 0.01353448 0.4815526 0.01321107 0.4840282 0.01743966 0.4815526 0.01321107 0.4844732 0.0170173 0.6795498 0.3140143 0.6749597 0.3139073 0.6748827 0.3132458 0.6795498 0.3140143 0.6748827 0.3132458 0.6793949 0.3133509 0.6793949 0.3133509 0.6748827 0.3132458 0.674856 0.3124697 0.6793949 0.3133509 0.674856 0.3124697 0.6793411 0.3125743 0.4810317 0.01353448 0.4788867 0.009104073 0.479462 0.008892893 0.4810317 0.01353448 0.479462 0.008892893 0.4815526 0.01321107 0.6749597 0.3139073 0.6701822 0.3138737 0.6701862 0.3132127 0.6749597 0.3139073 0.6701862 0.3132127 0.6748827 0.3132458 0.6748827 0.3132458 0.6701862 0.3132127 0.6701877 0.3124369 0.6748827 0.3132458 0.6701877 0.3124369 0.674856 0.3124697 0.651835 0.134292 0.6533257 0.1337494 0.6535344 0.1343247 0.651835 0.134292 0.6535344 0.1343247 0.6501867 0.1348919 0.6940532 0.3122664 0.697349 0.3123101 0.6940759 0.3130416 0.6940759 0.3130416 0.697349 0.3123101 0.6973717 0.3130853 0.6940759 0.3130416 0.6973717 0.3130853 0.6941036 0.3133913 0.6941036 0.3133913 0.6973717 0.3130853 0.6973994 0.313435 0.6941036 0.3133913 0.6973994 0.313435 0.6941412 0.3137013 0.6941412 0.3137013 0.6973994 0.313435 0.697437 0.313745 0.6535344 0.1343247 0.6503953 0.1354672 0.6501867 0.1348919 0.479462 0.008892893 0.4788867 0.009104073 0.4785354 0.005674123 0.4785354 0.005674123 0.4788867 0.009104073 0.4782868 0.007455825 0.4785354 0.005674123 0.4782868 0.007455825 0.4777442 0.005965054 0.6701822 0.3138737 0.6668442 0.3135656 0.6701862 0.3132127 0.6701862 0.3132127 0.6668442 0.3135656 0.6668473 0.3124395 0.6701862 0.3132127 0.6668473 0.3124395 0.6701877 0.3124369 0.001749753 0.924591 6.11261e-4 0.9248045 0.002060353 0.9212004 0.002060353 0.9212004 6.11261e-4 0.9248045 9.26023e-4 0.9213685 0.002060353 0.9212004 9.26023e-4 0.9213685 0.002324044 0.9172254 0.002324044 0.9172254 9.26023e-4 0.9213685 0.001193225 0.9173403 0.001612007 0.9034471 0.002729713 0.9044465 0.001543521 0.9081906 0.001543521 0.9081906 0.002729713 0.9044465 0.002669692 0.9081966 0.001543521 0.9081906 0.002669692 0.9081966 0.00140196 0.9128863 0.00140196 0.9128863 0.002669692 0.9081966 0.002530038 0.9128303 0.00140196 0.9128863 0.002530038 0.9128303 0.001193225 0.9173403 0.001193225 0.9173403 0.002530038 0.9128303 0.002413928 0.9155079 0.001193225 0.9173403 0.002413928 0.9155079 0.002324044 0.9172254 0.001521766 0.8945949 0.002648234 0.8947806 0.001604676 0.8988519 0.001604676 0.8988519 0.002648234 0.8947806 0.002730071 0.8989815 0.001604676 0.8988519 0.002730071 0.8989815 0.001612007 0.9034471 0.001612007 0.9034471 0.002730071 0.8989815 0.002737283 0.9035159 0.001612007 0.9034471 0.002737283 0.9035159 0.002729713 0.9044465 0.6504734 0.1796075 0.6501867 0.1804029 0.6461974 0.1775374 0.6461974 0.1775374 0.6501867 0.1804029 0.6457563 0.178258 0.6461974 0.1775374 0.6457563 0.178258 0.6424283 0.1746453 0.6424283 0.1746453 0.6457563 0.178258 0.6418511 0.1752615 0.6424283 0.1746453 0.6418511 0.1752615 0.639322 0.1710508 0.639322 0.1710508 0.6418511 0.1752615 0.6386325 0.1715372 0.639322 0.1710508 0.6386325 0.1715372 0.6370067 0.1669024 0.6370067 0.1669024 0.6386325 0.1715372 0.6362336 0.167239 0.6370067 0.1669024 0.6362336 0.167239 0.6355781 0.1623715 0.6355781 0.1623715 0.6362336 0.167239 0.6347534 0.1625444 0.6355781 0.1623715 0.6347534 0.1625444 0.6350952 0.1576454 0.6350952 0.1576454 0.6347534 0.1625444 0.6342531 0.1576476 0.6350952 0.1576454 0.6342531 0.1576476 0.6355781 0.1529192 0.6355781 0.1529192 0.6342531 0.1576476 0.6347534 0.1527507 0.6355781 0.1529192 0.6347534 0.1527507 0.6370067 0.1483883 0.6370067 0.1483883 0.6347534 0.1527507 0.6362336 0.1480561 0.6370067 0.1483883 0.6362336 0.1480561 0.639322 0.1442399 0.639322 0.1442399 0.6362336 0.1480561 0.6386325 0.1437578 0.639322 0.1442399 0.6386325 0.1437578 0.6424283 0.1406453 0.7018726 0.3124089 0.7060539 0.312579 0.7062209 0.3137076 0.7062209 0.3137076 0.7060539 0.312579 0.7075912 0.3126657 0.7062209 0.3137076 0.7075912 0.3126657 0.7099363 0.3139452 0.7099363 0.3139452 0.7075912 0.3126657 0.7097201 0.3128136 0.001146078 0.8877775 0.002277493 0.8880535 0.001366794 0.8908519 0.001366794 0.8908519 0.002277493 0.8880535 0.002495288 0.8910871 0.001366794 0.8908519 0.002495288 0.8910871 0.001521766 0.8945949 0.001521766 0.8945949 0.002495288 0.8910871 0.0026232 0.8939961 0.001521766 0.8945949 0.0026232 0.8939961 0.002648234 0.8947806 0.6418511 0.1400335 0.6457563 0.1370369 0.6461974 0.1377532 0.6457563 0.1370369 0.6501867 0.1348919 0.6503953 0.1354672 0.6457563 0.1370369 0.6503953 0.1354672 0.6461974 0.1377532 0.7019836 0.3135352 0.697437 0.313745 0.6973994 0.313435 0.7019836 0.3135352 0.6973994 0.313435 0.6973717 0.3130853 0.6386325 0.1437578 0.6418511 0.1400335 0.6424283 0.1406453 0.6424283 0.1406453 0.6418511 0.1400335 0.6461974 0.1377532 0.7062209 0.3137076 0.7019836 0.3135352 0.7018726 0.3124089 0.7018726 0.3124089 0.7019836 0.3135352 0.6973717 0.3130853 0.7018726 0.3124089 0.6973717 0.3130853 0.697349 0.3123101 0.4684895 8.28485e-4 0.4683128 4.13612e-7 0.4722992 9.42808e-4 0.4722992 9.42808e-4 0.4683128 4.13612e-7 0.472521 1.26698e-4 0.4722992 9.42808e-4 0.472521 1.26698e-4 0.4756318 0.002792418 0.4756318 0.002792418 0.472521 1.26698e-4 0.4762021 0.002169787 0.4756318 0.002792418 0.4762021 0.002169787 0.4777442 0.005965054 0.4777442 0.005965054 0.4762021 0.002169787 0.4785354 0.005674123 0.9138144 0.8013066 0.9149596 0.8014254 0.9139017 0.8046568 0.9139017 0.8046568 0.9149596 0.8014254 0.9150498 0.8048917 0.6595364 0.3132836 0.6592863 0.3121478 0.6627432 0.3134926 0.6627432 0.3134926 0.6592863 0.3121478 0.6626042 0.312364 0.6627432 0.3134926 0.6626042 0.312364 0.6668442 0.3135656 0.6668442 0.3135656 0.6626042 0.312364 0.6668473 0.3124395 0.651835 0.1810029 0.6501867 0.1804029 0.6504734 0.1796075 0.6533257 0.1815454 0.651835 0.1810029 0.6536124 0.18075 0.6536124 0.18075 0.651835 0.1810029 0.6504734 0.1796075 3.76594e-4 0.9269737 6.11261e-4 0.9248045 0.00151509 0.9267601 0.00151509 0.9267601 6.11261e-4 0.9248045 0.001749753 0.924591 0.2250045 0.8878782 0.2248785 0.8881924 0.2140662 0.8887602 0.2247856 0.8885453 0.2247096 0.8893234 0.2138766 0.8898922 0.2248785 0.8881924 0.2247856 0.8885453 0.2140662 0.8887602 0.2140662 0.8887602 0.2247856 0.8885453 0.2138766 0.8898922 0.9137024 0.638029 0.9148473 0.6378348 0.9135279 0.64885 0.9135279 0.64885 0.9148473 0.6378348 0.9146724 0.6486765 0.9135279 0.64885 0.9146724 0.6486765 0.9133821 0.6602681 0.9133821 0.6602681 0.9146724 0.6486765 0.9145264 0.6601165 0.9133821 0.6602681 0.9145264 0.6601165 0.9132662 0.6722056 0.9132662 0.6722056 0.9145264 0.6601165 0.9144102 0.672077 0.9132662 0.6722056 0.9144102 0.672077 0.9131808 0.6845816 0.9131808 0.6845816 0.9144102 0.672077 0.9143247 0.6844766 0.9131808 0.6845816 0.9143247 0.6844766 0.9131267 0.6973119 0.9131267 0.6973119 0.9143247 0.6844766 0.9142704 0.6972314 0.9131267 0.6973119 0.9142704 0.6972314 0.913104 0.7103102 0.913104 0.7103102 0.9142704 0.6972314 0.9142477 0.7102546 0.913104 0.7103102 0.9142477 0.7102546 0.913113 0.7234881 0.913113 0.7234881 0.9142477 0.7102546 0.9142568 0.7234578 0.913113 0.7234881 0.9142568 0.7234578 0.9131537 0.7367561 0.9131537 0.7367561 0.9142568 0.7234578 0.9142975 0.7367512 0.9131537 0.7367561 0.9142975 0.7367512 0.9132257 0.7500241 0.9132257 0.7500241 0.9142975 0.7367512 0.9143697 0.7500446 0.9132257 0.7500241 0.9143697 0.7500446 0.9133286 0.763202 0.9133286 0.763202 0.9143697 0.7500446 0.9144728 0.7632477 0.9133286 0.763202 0.9144728 0.7632477 0.9134617 0.7762002 0.9134617 0.7762002 0.9144728 0.7632477 0.914606 0.7762709 0.9134617 0.7762002 0.914606 0.7762709 0.913624 0.7889305 0.913624 0.7889305 0.914606 0.7762709 0.9147687 0.7890257 0.913624 0.7889305 0.9147687 0.7890257 0.9138144 0.8013066 0.9138144 0.8013066 0.9147687 0.7890257 0.9149596 0.8014254 0.3448221 0.1244966 0.3442205 0.1243683 0.3480845 0.111696 0.3480845 0.111696 0.3442205 0.1243683 0.3472738 0.1114518 0.3480845 0.111696 0.3472738 0.1114518 0.3523899 0.09920752 0.3523899 0.09920752 0.3472738 0.1114518 0.3516019 0.09889757 0.3523899 0.09920752 0.3516019 0.09889757 0.3577091 0.087116 0.3577091 0.087116 0.3516019 0.09889757 0.3569491 0.08674234 0.3577091 0.087116 0.3569491 0.08674234 0.3640059 0.07550346 0.3640059 0.07550346 0.3569491 0.08674234 0.3632791 0.07506871 0.3640059 0.07550346 0.3632791 0.07506871 0.3712375 0.06444895 0.3712375 0.06444895 0.3632791 0.07506871 0.3705487 0.0639559 0.3712375 0.06444895 0.3705487 0.0639559 0.3793548 0.05402737 0.3793548 0.05402737 0.3705487 0.0639559 0.3787088 0.05347949 0.3793548 0.05402737 0.3787088 0.05347949 0.3883028 0.04430961 0.3883028 0.04430961 0.3787088 0.05347949 0.3877038 0.04371058 0.3883028 0.04430961 0.3877038 0.04371058 0.3980205 0.0353617 0.3980205 0.0353617 0.3877038 0.04371058 0.3974727 0.03471547 0.3980205 0.0353617 0.3974727 0.03471547 0.4084419 0.02724432 0.4084419 0.02724432 0.3974727 0.03471547 0.407949 0.02655535 0.4084419 0.02724432 0.407949 0.02655535 0.4194964 0.02001261 0.4194964 0.02001261 0.407949 0.02655535 0.4190618 0.01928561 0.4194964 0.02001261 0.4190618 0.01928561 0.4311089 0.0137158 0.4311089 0.0137158 0.4190618 0.01928561 0.4307354 0.0129556 0.4311089 0.0137158 0.4307354 0.0129556 0.4432004 0.008396565 0.4432004 0.008396565 0.4307354 0.0129556 0.4428906 0.007608354 0.4432004 0.008396565 0.4428906 0.007608354 0.4556888 0.004091024 0.4556888 0.004091024 0.4428906 0.007608354 0.4554448 0.003280103 0.4556888 0.004091024 0.4554448 0.003280103 0.4684895 8.28485e-4 0.4684895 8.28485e-4 0.4554448 0.003280103 0.4683128 4.13612e-7 0.6533257 0.1815454 0.6536124 0.18075 0.6564983 0.1836578 0.6564983 0.1836578 0.6536124 0.18075 0.6571168 0.1830833 0.6564983 0.1836578 0.6571168 0.1830833 0.658348 0.1869903 0.658348 0.1869903 0.6571168 0.1830833 0.65916 0.1867644 0.658348 0.1869903 0.65916 0.1867644 0.6584624 0.1908001 0.6584624 0.1908001 0.65916 0.1867644 0.6592863 0.1909726 3.76594e-4 0.9269737 0.00151509 0.9267601 1.24702e-4 0.9303859 1.24702e-4 0.9303859 0.00151509 0.9267601 0.001254439 0.9302906 1.24702e-4 0.9303859 0.001254439 0.9302906 0 0.9345487 0 0.9345487 0.001254439 0.9302906 0.001125454 0.9345977 0 0.9345487 0.001125454 0.9345977 3.02863e-5 0.938534 3.02863e-5 0.938534 0.001125454 0.9345977 0.001156747 0.938721 0.2364608 0.8883099 0.2365887 0.888665 0.2330808 0.8884831 0.2248785 0.8881924 0.2250045 0.8878782 0.2288712 0.8877776 0.3499587 0.1337513 0.3497476 0.1343265 0.3467861 0.1316389 0.3467861 0.1316389 0.3497476 0.1343265 0.3463338 0.1320536 0.3467861 0.1316389 0.3463338 0.1320536 0.3449364 0.1283063 0.3449364 0.1283063 0.3463338 0.1320536 0.3443436 0.1284677 0.3449364 0.1283063 0.3443436 0.1284677 0.3448221 0.1244966 0.3448221 0.1244966 0.3443436 0.1284677 0.3442205 0.1243683 0.2362873 0.8879926 0.2364608 0.8883099 0.2329341 0.8878188 0.2329341 0.8878188 0.2364608 0.8883099 0.2330808 0.8884831 0.2329341 0.8878188 0.2330808 0.8884831 0.2288712 0.8877776 0.2288712 0.8877776 0.2330808 0.8884831 0.2288306 0.88844 0.2288712 0.8877776 0.2288306 0.88844 0.2248785 0.8881924 0.2248785 0.8881924 0.2288306 0.88844 0.2247856 0.8885453 0.2365887 0.888665 0.2366933 0.8894449 0.2330808 0.8884831 0.2330808 0.8884831 0.2366933 0.8894449 0.2331318 0.8892602 0.2330808 0.8884831 0.2331318 0.8892602 0.2288306 0.88844 0.2288306 0.88844 0.2331318 0.8892602 0.2288165 0.8892165 0.2288306 0.88844 0.2288165 0.8892165 0.2247856 0.8885453 0.2247856 0.8885453 0.2288165 0.8892165 0.2247096 0.8893234 3.02863e-5 0.938534 0.001156747 0.938721 4.09692e-4 0.9494366 4.09692e-4 0.9494366 0.001156747 0.938721 0.001536905 0.9496446 4.09692e-4 0.9494366 0.001536905 0.9496446 8.68121e-4 0.9596782 8.68121e-4 0.9596782 0.001536905 0.9496446 0.001996219 0.9599059 8.68121e-4 0.9596782 0.001996219 0.9599059 0.001402437 0.9691894 0.001402437 0.9691894 0.001996219 0.9599059 0.002531588 0.9694352 0.001402437 0.9691894 0.002531588 0.9694352 0.002009093 0.9779054 0.002009093 0.9779054 0.002531588 0.9694352 0.003139376 0.978168 0.9558979 0.6222041 0.9547731 0.6224727 0.9563667 0.6129916 0.9563667 0.6129916 0.9547731 0.6224727 0.9552428 0.6132424 0.9563667 0.6129916 0.9552428 0.6132424 0.9567473 0.6030235 0.9567473 0.6030235 0.9552428 0.6132424 0.9556241 0.6032553 0.9567473 0.6030235 0.9556241 0.6032553 0.9570373 0.5923678 0.9570373 0.5923678 0.9556241 0.6032553 0.9559146 0.5925791 0.9570373 0.5923678 0.9559146 0.5925791 0.9572346 0.5810967 0.9572346 0.5810967 0.9559146 0.5925791 0.9561124 0.5812863 0.9572346 0.5810967 0.9561124 0.5812863 0.957338 0.5692867 0.957338 0.5692867 0.9561124 0.5812863 0.9562159 0.5694537 0.957338 0.5692867 0.9562159 0.5694537 0.9573467 0.5570181 0.9573467 0.5570181 0.9562159 0.5694537 0.9562246 0.5571616 0.9573467 0.5570181 0.9562246 0.5571616 0.9572606 0.5443743 0.9572606 0.5443743 0.9562246 0.5571616 0.9561384 0.5444936 0.9572606 0.5443743 0.9561384 0.5444936 0.9570804 0.5314411 0.9570804 0.5314411 0.9561384 0.5444936 0.9559578 0.5315355 0.9570804 0.5314411 0.9559578 0.5315355 0.9568072 0.5183063 0.9568072 0.5183063 0.9559578 0.5315355 0.9556841 0.5183755 0.9568072 0.5183063 0.9556841 0.5183755 0.956443 0.5050592 0.956443 0.5050592 0.9556841 0.5183755 0.9553192 0.505103 0.6584624 0.1908001 0.6592863 0.1909726 0.6551999 0.2036007 0.6551999 0.2036007 0.6592863 0.1909726 0.6560066 0.2038406 0.6551999 0.2036007 0.6560066 0.2038406 0.6508944 0.2160892 0.6508944 0.2160892 0.6560066 0.2038406 0.6516785 0.2163948 0.6508944 0.2160892 0.6516785 0.2163948 0.6455752 0.2281807 0.6455752 0.2281807 0.6516785 0.2163948 0.6463313 0.22855 0.6455752 0.2281807 0.6463313 0.22855 0.6392785 0.2397933 0.6392785 0.2397933 0.6463313 0.22855 0.6400013 0.2402237 0.6392785 0.2397933 0.6400013 0.2402237 0.6320469 0.2508478 0.6320469 0.2508478 0.6400013 0.2402237 0.6327316 0.2513365 0.6320469 0.2508478 0.6327316 0.2513365 0.6239296 0.2612693 0.6239296 0.2612693 0.6327316 0.2513365 0.6245716 0.2618129 0.6239296 0.2612693 0.6245716 0.2618129 0.6149817 0.2709871 0.6149817 0.2709871 0.6245716 0.2618129 0.6155766 0.2715818 0.6149817 0.2709871 0.6155766 0.2715818 0.605264 0.2799351 0.605264 0.2799351 0.6155766 0.2715818 0.6058077 0.2805769 0.605264 0.2799351 0.6058077 0.2805769 0.5948425 0.2880524 0.5948425 0.2880524 0.6058077 0.2805769 0.5953313 0.288737 0.5948425 0.2880524 0.5953313 0.288737 0.583788 0.2952841 0.583788 0.2952841 0.5953313 0.288737 0.5842186 0.2960068 0.583788 0.2952841 0.5842186 0.2960068 0.5721755 0.3015809 0.5721755 0.3015809 0.5842186 0.2960068 0.5725449 0.3023368 0.5721755 0.3015809 0.5725449 0.3023368 0.560084 0.3069002 0.560084 0.3069002 0.5725449 0.3023368 0.5603898 0.3076841 0.560084 0.3069002 0.5603898 0.3076841 0.5475956 0.3112057 0.5475956 0.3112057 0.5603898 0.3076841 0.5478355 0.3120123 0.5475956 0.3112057 0.5478355 0.3120123 0.5347949 0.3144683 0.5347949 0.3144683 0.5478355 0.3120123 0.5349676 0.315292 0.3408119 0.8670197 0.3436729 0.8667066 0.343575 0.8670255 0.3497476 0.1343265 0.3499587 0.1337513 0.352807 0.1356849 0.352807 0.1356849 0.3499587 0.1337513 0.3514494 0.1342939 0.352807 0.1356849 0.3514494 0.1342939 0.3530977 0.1348938 0.3436729 0.8667066 0.3408119 0.8670197 0.3437377 0.8663505 0.3437377 0.8663505 0.3408119 0.8670197 0.3408996 0.865884 0.3437377 0.8663505 0.3408996 0.865884 0.3437606 0.8655709 0.5347949 0.3144683 0.5349676 0.315292 0.5309852 0.314354 0.5309852 0.314354 0.5349676 0.315292 0.5307593 0.3151657 0.5309852 0.314354 0.5307593 0.3151657 0.5276526 0.3125043 0.5276526 0.3125043 0.5307593 0.3151657 0.5270782 0.3131226 0.5276526 0.3125043 0.5270782 0.3131226 0.5255402 0.3093317 0.5255402 0.3093317 0.5270782 0.3131226 0.5247449 0.3096182 0.956443 0.5050592 0.9553192 0.505103 0.9562366 0.5009508 0.9562366 0.5009508 0.9553192 0.505103 0.9551056 0.5008522 0.6841164 0.5627472 0.6843985 0.5638758 0.6808763 0.5626459 0.6808763 0.5626459 0.6843985 0.5638758 0.6810461 0.5637709 0.6808763 0.5626459 0.6810461 0.5637709 0.6767653 0.5627021 0.6767653 0.5627021 0.6810461 0.5637709 0.6767926 0.5638291 0.3408996 0.865884 0.3408119 0.8670197 0.3371495 0.8663391 0.3371495 0.8663391 0.3408119 0.8670197 0.3370116 0.8674808 0.687655 0.5636271 0.6874653 0.5624958 0.6916608 0.5637955 0.6916608 0.5637955 0.6874653 0.5624958 0.6915248 0.5626664 0.7054452 0.5627717 0.704468 0.563912 0.7007043 0.5628073 0.7007043 0.5628073 0.704468 0.563912 0.700719 0.5639345 0.7007043 0.5628073 0.700719 0.5639345 0.6959994 0.5627717 0.6959994 0.5627717 0.700719 0.5639345 0.6960763 0.5638993 0.6959994 0.5627717 0.6960763 0.5638993 0.6915248 0.5626664 0.6915248 0.5626664 0.6960763 0.5638993 0.6933877 0.5638451 0.6915248 0.5626664 0.6933877 0.5638451 0.6916608 0.5637955 0.7142577 0.5624958 0.7140932 0.5636271 0.7100261 0.5626664 0.7100261 0.5626664 0.7140932 0.5636271 0.7099175 0.5637955 0.7100261 0.5626664 0.7099175 0.5637955 0.7054452 0.5627717 0.7054452 0.5627717 0.7099175 0.5637955 0.7053972 0.5638993 0.7054452 0.5627717 0.7053972 0.5638993 0.704468 0.563912 0.352807 0.1356849 0.3530977 0.1348938 0.357083 0.137755 0.357083 0.137755 0.3530977 0.1348938 0.3575282 0.1370387 0.357083 0.137755 0.3575282 0.1370387 0.360852 0.1406471 0.360852 0.1406471 0.3575282 0.1370387 0.3614333 0.1400352 0.360852 0.1406471 0.3614333 0.1400352 0.3639584 0.1442415 0.3639584 0.1442415 0.3614333 0.1400352 0.3646519 0.1437595 0.3639584 0.1442415 0.3646519 0.1437595 0.3662737 0.1483899 0.3662737 0.1483899 0.3646519 0.1437595 0.3670508 0.1480578 0.3662737 0.1483899 0.3670508 0.1480578 0.3677023 0.1529209 0.3677023 0.1529209 0.3670508 0.1480578 0.368531 0.1527523 0.3677023 0.1529209 0.368531 0.1527523 0.3681851 0.157647 0.3681851 0.157647 0.368531 0.1527523 0.3690313 0.1576492 0.3681851 0.157647 0.3690313 0.1576492 0.3677023 0.1623732 0.3677023 0.1623732 0.3690313 0.1576492 0.368531 0.162546 0.3677023 0.1623732 0.368531 0.162546 0.3662737 0.1669041 0.3662737 0.1669041 0.368531 0.162546 0.3670508 0.1672406 0.3662737 0.1669041 0.3670508 0.1672406 0.3639584 0.1710525 0.3639584 0.1710525 0.3670508 0.1672406 0.3646519 0.1715388 0.3639584 0.1710525 0.3646519 0.1715388 0.360852 0.174647 0.9208195 0.2366435 0.9161342 0.2366389 0.9160923 0.235495 0.9160923 0.235495 0.9161342 0.2366389 0.9142856 0.2366295 0.9160923 0.235495 0.9142856 0.2366295 0.9114752 0.235463 0.9114752 0.235463 0.9142856 0.2366295 0.9115781 0.2366073 0.9114752 0.235463 0.9115781 0.2366073 0.9071796 0.2354049 0.9071796 0.2354049 0.9115781 0.2366073 0.9073393 0.2365499 0.9071796 0.2354049 0.9073393 0.2365499 0.9033831 0.235323 0.9033831 0.235323 0.9073393 0.2365499 0.9042951 0.2364871 0.7142577 0.5624958 0.7148714 0.5635863 0.7140932 0.5636271 0.3614333 0.1752632 0.3575282 0.1782598 0.357083 0.1775391 0.3575282 0.1782598 0.3530977 0.1804047 0.3528866 0.1798269 0.3575282 0.1782598 0.3528866 0.1798269 0.357083 0.1775391 0.9208404 0.2354997 0.9255849 0.2351539 0.9255231 0.2354767 0.9208404 0.2354997 0.9255231 0.2354767 0.9254776 0.2358362 0.3646519 0.1715388 0.3614333 0.1752632 0.360852 0.174647 0.360852 0.174647 0.3614333 0.1752632 0.357083 0.1775391 0.9160923 0.235495 0.9208404 0.2354997 0.9208195 0.2366435 0.9208195 0.2366435 0.9208404 0.2354997 0.9254776 0.2358362 0.9208195 0.2366435 0.9254776 0.2358362 0.9254403 0.2366209 0.6767653 0.5627021 0.6734271 0.5628073 0.6734226 0.5624958 0.5238199 0.3064012 0.5243977 0.3061926 0.5247449 0.3096182 0.5247449 0.3096182 0.5243977 0.3061926 0.5249976 0.3078409 0.5247449 0.3096182 0.5249976 0.3078409 0.5255402 0.3093317 0.6734271 0.5628073 0.6767653 0.5627021 0.6734341 0.5631581 0.6734341 0.5631581 0.6767653 0.5627021 0.6767926 0.5638291 0.6734341 0.5631581 0.6767926 0.5638291 0.6734545 0.5639342 0.3514494 0.1810047 0.3499587 0.1815473 0.3497476 0.1809694 0.3514494 0.1810047 0.3497476 0.1809694 0.3530977 0.1804047 0.9286586 0.2365952 0.9254403 0.2366209 0.9286959 0.2358106 0.9286959 0.2358106 0.9254403 0.2366209 0.9254776 0.2358362 0.9286959 0.2358106 0.9254776 0.2358362 0.9287414 0.2354511 0.9287414 0.2354511 0.9254776 0.2358362 0.9255231 0.2354767 0.9287414 0.2354511 0.9255231 0.2354767 0.9288032 0.2351282 0.9288032 0.2351282 0.9255231 0.2354767 0.9255849 0.2351539 0.3497476 0.1809694 0.3528866 0.1798269 0.3530977 0.1804047 0.6734545 0.5639342 0.6687831 0.5640463 0.6687346 0.5632708 0.2776076 0.7396584 0.2776542 0.7388761 0.2808199 0.7392169 0.2808199 0.7392169 0.2776542 0.7388761 0.2808859 0.7384319 0.2117014 0.951443 0.2118119 0.9522207 0.208209 0.9512256 0.208209 0.9512256 0.2118119 0.9522207 0.2082984 0.952002 0.208209 0.9512256 0.2082984 0.952002 0.2066463 0.951157 0.2066463 0.951157 0.2082984 0.952002 0.2041564 0.9510754 0.2041564 0.9510754 0.2082984 0.952002 0.2042214 0.951851 0.2041564 0.9510754 0.2042214 0.951851 0.1997111 0.9509989 0.1997111 0.9509989 0.2042214 0.951851 0.1997492 0.9517738 0.1997111 0.9509989 0.1997492 0.9517738 0.1959951 0.9509927 0.1959951 0.9509927 0.1997492 0.9517738 0.1950668 0.9517738 0.1959951 0.9509927 0.1950668 0.9517738 0.1950567 0.9509989 0.1950567 0.9509989 0.1950668 0.9517738 0.1903855 0.9510754 0.1903855 0.9510754 0.1950668 0.9517738 0.1903674 0.951851 0.1903855 0.9510754 0.1903674 0.951851 0.1858906 0.9512256 0.1858906 0.9512256 0.1903674 0.951851 0.1858454 0.952002 0.1858906 0.9512256 0.1858454 0.952002 0.1850294 0.951264 0.479462 0.3064014 0.4788867 0.3061929 0.4815526 0.3020833 0.4815526 0.3020833 0.4788867 0.3061929 0.4810316 0.3017625 0.4815526 0.3020833 0.4810316 0.3017625 0.4844732 0.298277 0.4844732 0.298277 0.4810316 0.3017625 0.4840282 0.2978572 0.4844732 0.298277 0.4840282 0.2978572 0.4881032 0.29514 0.4881032 0.29514 0.4840282 0.2978572 0.4877525 0.2946387 0.4881032 0.29514 0.4877525 0.2946387 0.4922925 0.2928018 0.4922925 0.2928018 0.4877525 0.2946387 0.4920508 0.2922397 0.4922925 0.2928018 0.4920508 0.2922397 0.4968681 0.2913591 0.4968681 0.2913591 0.4920508 0.2922397 0.4967453 0.2907595 0.4968681 0.2913591 0.4967453 0.2907595 0.501641 0.2908715 0.501641 0.2908715 0.4967453 0.2907595 0.5016422 0.2902592 0.501641 0.2908715 0.5016422 0.2902592 0.5064138 0.291359 0.5064138 0.291359 0.5016422 0.2902592 0.5065391 0.2907595 0.5064138 0.291359 0.5065391 0.2907595 0.5109894 0.2928017 0.5109894 0.2928017 0.5065391 0.2907595 0.5112336 0.2922396 0.5109894 0.2928017 0.5112336 0.2922396 0.5151787 0.2951398 0.5151787 0.2951398 0.5112336 0.2922396 0.5155319 0.2946385 0.5151787 0.2951398 0.5155319 0.2946385 0.5188087 0.2982768 0.5188087 0.2982768 0.5155319 0.2946385 0.5192562 0.2978571 0.2776542 0.7388761 0.2778767 0.7381942 0.2808859 0.7384319 0.2808859 0.7384319 0.2778767 0.7381942 0.2811642 0.7377424 0.2118119 0.9522207 0.2121146 0.9528876 0.2082984 0.952002 0.2082984 0.952002 0.2121146 0.9528876 0.2085405 0.9526651 0.2082984 0.952002 0.2085405 0.9526651 0.2042214 0.951851 0.2042214 0.951851 0.2085405 0.9526651 0.2043931 0.9525114 0.2042214 0.951851 0.2043931 0.9525114 0.1997492 0.9517738 0.1997492 0.9517738 0.2043931 0.9525114 0.1998438 0.952433 0.1997492 0.9517738 0.1998438 0.952433 0.1950668 0.9517738 0.1950668 0.9517738 0.1998438 0.952433 0.1950805 0.952433 0.1950668 0.9517738 0.1950805 0.952433 0.1903674 0.951851 0.1903674 0.951851 0.1950805 0.952433 0.1903001 0.9525114 0.1903674 0.951851 0.1903001 0.9525114 0.1858454 0.952002 0.1858454 0.952002 0.1903001 0.9525114 0.1857 0.9526651 0.1858454 0.952002 0.1857 0.9526651 0.1816876 0.9522207 0.1816876 0.9522207 0.1857 0.9526651 0.1814704 0.9528876 0.6564023 0.5631581 0.6560968 0.5624958 0.660039 0.5632708 0.660039 0.5632708 0.6560968 0.5624958 0.6597963 0.5626105 0.660039 0.5632708 0.6597963 0.5626105 0.6642072 0.5633088 0.6642072 0.5633088 0.6597963 0.5626105 0.6640364 0.5626492 0.1850294 0.951264 0.1858454 0.952002 0.1817578 0.951443 0.1817578 0.951443 0.1858454 0.952002 0.1816876 0.9522207 0.6565248 0.5639342 0.6564023 0.5631581 0.6601397 0.5640463 0.6601397 0.5640463 0.6564023 0.5631581 0.660039 0.5632708 0.6601397 0.5640463 0.660039 0.5632708 0.6625728 0.564078 0.6625728 0.564078 0.660039 0.5632708 0.6642072 0.5633088 0.6625728 0.564078 0.6642072 0.5633088 0.6642829 0.5640841 0.5192562 0.2978571 0.5222527 0.3017622 0.5217293 0.302083 0.5192562 0.2978571 0.5217293 0.302083 0.5188087 0.2982768 0.6640364 0.5626492 0.6686419 0.5626105 0.6687346 0.5632708 0.6640364 0.5626492 0.6687346 0.5632708 0.6642072 0.5633088 0.6642072 0.5633088 0.6687346 0.5632708 0.6687831 0.5640463 0.6642072 0.5633088 0.6687831 0.5640463 0.6642829 0.5640841 0.5222527 0.3017622 0.5243977 0.3061926 0.5238199 0.3064012 0.5222527 0.3017622 0.5238199 0.3064012 0.5217293 0.302083 0.6686419 0.5626105 0.6734226 0.5624958 0.6734271 0.5628073 0.6686419 0.5626105 0.6734271 0.5628073 0.6687346 0.5632708 0.6687346 0.5632708 0.6734271 0.5628073 0.6734341 0.5631581 0.6687346 0.5632708 0.6734341 0.5631581 0.6734545 0.5639342 0.9286959 0.2358106 0.9287414 0.2354511 0.9329492 0.2354471 0.3497476 0.1809694 0.3499587 0.1815473 0.3467861 0.1836597 0.3448221 0.190802 0.3439941 0.1909745 0.3449364 0.1869923 0.3449364 0.1869923 0.3439941 0.1909745 0.3441204 0.1867663 0.3449364 0.1869923 0.3441204 0.1867663 0.3467861 0.1836597 0.3467861 0.1836597 0.3441204 0.1867663 0.3461635 0.1830852 0.3467861 0.1836597 0.3461635 0.1830852 0.3497476 0.1809694 0.9288032 0.2351282 0.9329492 0.2354471 0.9287414 0.2354511 0.9697853 0.8136512 0.9686571 0.8136211 0.9695976 0.8097759 0.9695976 0.8097759 0.9686571 0.8136211 0.9684628 0.8096114 0.9367517 0.2354989 0.9369464 0.2366446 0.9329492 0.2354471 0.9329492 0.2354471 0.9369464 0.2366446 0.9330122 0.2365911 0.9329492 0.2354471 0.9330122 0.2365911 0.9286959 0.2358106 0.9286959 0.2358106 0.9330122 0.2365911 0.9286586 0.2365952 0.2776076 0.7396584 0.275084 0.7399673 0.275221 0.738826 0.4782868 0.3078412 0.4788867 0.3061929 0.479462 0.3064014 0.4785354 0.3096185 0.4777442 0.309332 0.4782868 0.3078412 0.4782868 0.3078412 0.479462 0.3064014 0.4785354 0.3096185 0.275221 0.738826 0.2778767 0.7381942 0.2776542 0.7388761 0.275221 0.738826 0.2776542 0.7388761 0.2776076 0.7396584 0.8583226 0.3017271 0.8584411 0.3006005 0.8703663 0.301278 0.8703663 0.301278 0.8584411 0.3006005 0.8705079 0.3001506 0.8703663 0.301278 0.8705079 0.3001506 0.8819084 0.3007509 0.8819084 0.3007509 0.8705079 0.3001506 0.8820722 0.2996225 0.8819084 0.3007509 0.8820722 0.2996225 0.8928707 0.3001493 0.8928707 0.3001493 0.8820722 0.2996225 0.8930554 0.2990198 0.8928707 0.3001493 0.8930554 0.2990198 0.9031785 0.2994773 0.9031785 0.2994773 0.8930554 0.2990198 0.903383 0.2983464 0.9695915 0.9387406 0.9684629 0.9389503 0.9699741 0.9279372 0.9699741 0.9279372 0.9684629 0.9389503 0.9688462 0.9281261 0.9699741 0.9279372 0.9688462 0.9281261 0.9702789 0.9165349 0.9702789 0.9165349 0.9688462 0.9281261 0.9691516 0.9167019 0.9702789 0.9165349 0.9691516 0.9167019 0.9705039 0.9046111 0.9705039 0.9046111 0.9691516 0.9167019 0.9693771 0.9047553 0.9705039 0.9046111 0.9693771 0.9047553 0.9706476 0.8922469 0.9706476 0.8922469 0.9693771 0.9047553 0.969521 0.8923674 0.9706476 0.8922469 0.969521 0.8923674 0.9707089 0.8795262 0.9707089 0.8795262 0.969521 0.8923674 0.9695824 0.8796223 0.9707089 0.8795262 0.9695824 0.8796223 0.9706874 0.8665354 0.9706874 0.8665354 0.9695824 0.8796223 0.9695609 0.8666067 0.9706874 0.8665354 0.9695609 0.8666067 0.9705834 0.8533628 0.9705834 0.8533628 0.9695609 0.8666067 0.9694566 0.8534088 0.9705834 0.8533628 0.9694566 0.8534088 0.9703974 0.8400979 0.9703974 0.8400979 0.9694566 0.8534088 0.9692704 0.8401184 0.9703974 0.8400979 0.9692704 0.8401184 0.9701308 0.8268306 0.9701308 0.8268306 0.9692704 0.8401184 0.9690032 0.8268257 0.9701308 0.8268306 0.9690032 0.8268257 0.9697853 0.8136512 0.9697853 0.8136512 0.9690032 0.8268257 0.9686571 0.8136211 0.4684894 0.3144687 0.4683128 0.3152924 0.4556888 0.3112063 0.4556888 0.3112063 0.4683128 0.3152924 0.4554448 0.3120128 0.4556888 0.3112063 0.4554448 0.3120128 0.4432004 0.3069009 0.4432004 0.3069009 0.4554448 0.3120128 0.4428906 0.3076848 0.4432004 0.3069009 0.4428906 0.3076848 0.4311089 0.3015818 0.4311089 0.3015818 0.4428906 0.3076848 0.4307354 0.3023377 0.4311089 0.3015818 0.4307354 0.3023377 0.4194964 0.2952851 0.4194964 0.2952851 0.4307354 0.3023377 0.4190618 0.2960078 0.4194964 0.2952851 0.4190618 0.2960078 0.4084419 0.2880536 0.4084419 0.2880536 0.4190618 0.2960078 0.407949 0.2887382 0.4084419 0.2880536 0.407949 0.2887382 0.3980204 0.2799363 0.3980204 0.2799363 0.407949 0.2887382 0.3974727 0.2805782 0.3980204 0.2799363 0.3974727 0.2805782 0.3883028 0.2709885 0.3883028 0.2709885 0.3974727 0.2805782 0.3877038 0.2715832 0.3883028 0.2709885 0.3877038 0.2715832 0.3793548 0.2612708 0.3793548 0.2612708 0.3877038 0.2715832 0.3787088 0.2618144 0.3793548 0.2612708 0.3787088 0.2618144 0.3712375 0.2508494 0.3712375 0.2508494 0.3787088 0.2618144 0.3705487 0.2513381 0.3712375 0.2508494 0.3705487 0.2513381 0.3640059 0.2397949 0.3640059 0.2397949 0.3705487 0.2513381 0.3632791 0.2402254 0.3640059 0.2397949 0.3632791 0.2402254 0.3577091 0.2281825 0.3577091 0.2281825 0.3632791 0.2402254 0.3569491 0.2285518 0.3577091 0.2281825 0.3569491 0.2285518 0.3523899 0.216091 0.3523899 0.216091 0.3569491 0.2285518 0.3516019 0.2163966 0.3523899 0.216091 0.3516019 0.2163966 0.3480845 0.2036026 0.3480845 0.2036026 0.3516019 0.2163966 0.3472738 0.2038425 0.3480845 0.2036026 0.3472738 0.2038425 0.3448221 0.190802 0.3448221 0.190802 0.3472738 0.2038425 0.3439941 0.1909745 0.4777442 0.309332 0.4785354 0.3096185 0.4756318 0.3125046 0.4756318 0.3125046 0.4785354 0.3096185 0.4762021 0.3131229 0.4756318 0.3125046 0.4762021 0.3131229 0.4722992 0.3143543 0.4722992 0.3143543 0.4762021 0.3131229 0.472521 0.3151661 0.4722992 0.3143543 0.472521 0.3151661 0.4684894 0.3144687 0.4684894 0.3144687 0.472521 0.3151661 0.4683128 0.3152924 0.8472298 0.3014306 0.8469638 0.3002938 0.8501687 0.3016725 0.8501687 0.3016725 0.8469638 0.3002938 0.8500046 0.3005442 0.8501687 0.3016725 0.8500046 0.3005442 0.8541632 0.3017793 0.8541632 0.3017793 0.8500046 0.3005442 0.8541375 0.3006546 0.8541632 0.3017793 0.8541375 0.3006546 0.8583226 0.3017271 0.8583226 0.3017271 0.8541375 0.3006546 0.8584411 0.3006005 0.7990457 0.2387515 0.801636 0.3020954 0.790485 0.2393932 0.790485 0.2393932 0.801636 0.3020954 0.7853813 0.3033625 0.8425876 0.8096114 0.9052218 0.8166134 0.8420031 0.8181092 0.8420031 0.8181092 0.9052218 0.8166134 0.841494 0.8274206 0.841494 0.8274206 0.9052218 0.8166134 0.9042826 0.8359869 0.841494 0.8274206 0.9042826 0.8359869 0.8410639 0.8374826 0.8410639 0.8374826 0.9042826 0.8359869 0.8407156 0.8482267 0.8407156 0.8482267 0.9042826 0.8359869 0.9036701 0.8580843 0.8407156 0.8482267 0.9036701 0.8580843 0.8404514 0.85958 0.8404514 0.85958 0.9036701 0.8580843 0.8402733 0.8714654 0.8402733 0.8714654 0.9036701 0.8580843 0.903401 0.8823065 0.8402733 0.8714654 0.903401 0.8823065 0.8401823 0.8838022 0.8401823 0.8838022 0.903401 0.8823065 0.8401792 0.8965064 0.8401792 0.8965064 0.903401 0.8823065 0.9034825 0.9079963 0.8401792 0.8965064 0.9034825 0.9079963 0.8402638 0.909492 0.8402638 0.909492 0.9034825 0.9079963 0.8404357 0.9226707 0.8404357 0.9226707 0.9034825 0.9079963 0.9039124 0.9344572 0.8404357 0.9226707 0.9039124 0.9344572 0.8406937 0.9359529 0.8406937 0.9359529 0.9039124 0.9344572 0.841036 0.9492484 0.841036 0.9492484 0.9039124 0.9344572 0.904679 0.9609713 0.841036 0.9492484 0.904679 0.9609713 0.8414603 0.962467 0.924682 0.7390737 0.9777042 0.7388483 0.9777659 0.7497751 0.9142975 0.7367512 0.9142568 0.7234578 0.9200201 0.7234333 0.9200201 0.7234333 0.9200515 0.7344173 0.9142975 0.7367512 0.9142975 0.7367512 0.9200515 0.7344173 0.9203232 0.7359775 0.9142975 0.7367512 0.9203232 0.7359775 0.9143697 0.7500446 0.9143697 0.7500446 0.9203232 0.7359775 0.9208848 0.7370766 0.9143697 0.7500446 0.9208848 0.7370766 0.9210966 0.7373599 0.9210966 0.7373599 0.9222826 0.7384014 0.9143697 0.7500446 0.9143697 0.7500446 0.9222826 0.7384014 0.9227247 0.7386398 0.9143697 0.7500446 0.9227247 0.7386398 0.9237309 0.738977 0.9142704 0.6972314 0.9200208 0.7023632 0.9142477 0.7102546 0.9142477 0.7102546 0.9200208 0.7023632 0.920011 0.7102301 0.9142477 0.7102546 0.920011 0.7102301 0.9142568 0.7234578 0.9142568 0.7234578 0.920011 0.7102301 0.9200141 0.7195585 0.9142568 0.7234578 0.9200141 0.7195585 0.9200201 0.7234333 0.9247115 0.682199 0.9232015 0.6824483 0.9144102 0.672077 0.9144102 0.672077 0.9232015 0.6824483 0.9221521 0.6829497 0.9221521 0.6829497 0.921859 0.6831533 0.9144102 0.672077 0.9144102 0.672077 0.921859 0.6831533 0.9208229 0.684242 0.9144102 0.672077 0.9208229 0.684242 0.9143247 0.6844766 0.9143247 0.6844766 0.9208229 0.684242 0.9202769 0.6853697 0.9202769 0.6853697 0.9202081 0.6856109 0.9143247 0.6844766 0.9143247 0.6844766 0.9202081 0.6856109 0.9200763 0.6866425 0.9143247 0.6844766 0.9200763 0.6866425 0.9142704 0.6972314 0.9142704 0.6972314 0.9200763 0.6866425 0.9200337 0.6972069 0.9142704 0.6972314 0.9200337 0.6972069 0.9200208 0.7023632 0.2247096 0.8893234 0.2247096 0.952574 0.2138766 0.8898922 0.9148473 0.6378348 0.978446 0.6273955 0.9780685 0.6484071 0.9148473 0.6378348 0.9780685 0.6484071 0.9146724 0.6486765 0.9146724 0.6486765 0.9780685 0.6484071 0.9145264 0.6601165 0.9145264 0.6601165 0.9780685 0.6484071 0.9778063 0.6718075 0.9145264 0.6601165 0.9778063 0.6718075 0.9144102 0.672077 0.9144102 0.672077 0.9778063 0.6718075 0.9777338 0.6819736 0.9144102 0.672077 0.9777338 0.6819736 0.9247115 0.682199 0.9237309 0.738977 0.924682 0.7390737 0.9143697 0.7500446 0.9143697 0.7500446 0.924682 0.7390737 0.9777659 0.7497751 0.9143697 0.7500446 0.9777659 0.7497751 0.9144728 0.7632477 0.9144728 0.7632477 0.9777659 0.7497751 0.9780023 0.7760015 0.9144728 0.7632477 0.9780023 0.7760015 0.914606 0.7762709 0.914606 0.7762709 0.9780023 0.7760015 0.9147687 0.7890257 0.9147687 0.7890257 0.9780023 0.7760015 0.9783557 0.8011559 0.9147687 0.7890257 0.9783557 0.8011559 0.9149596 0.8014254 0.001156747 0.938721 0.06438225 0.9398951 0.001536905 0.9496446 0.001536905 0.9496446 0.06438225 0.9398951 0.06522172 0.9610799 0.001536905 0.9496446 0.06522172 0.9610799 0.001996219 0.9599059 0.001996219 0.9599059 0.06522172 0.9610799 0.002531588 0.9694352 0.002531588 0.9694352 0.06522172 0.9610799 0.06636488 0.9793421 0.002531588 0.9694352 0.06636488 0.9793421 0.003139376 0.978168 0.9547731 0.6224727 0.8915887 0.6245368 0.9552428 0.6132424 0.9552428 0.6132424 0.8915887 0.6245368 0.8924397 0.6053194 0.9552428 0.6132424 0.8924397 0.6053194 0.9556241 0.6032553 0.9556241 0.6032553 0.8924397 0.6053194 0.9559146 0.5925791 0.9559146 0.5925791 0.8924397 0.6053194 0.892928 0.5833504 0.9559146 0.5925791 0.892928 0.5833504 0.9561124 0.5812863 0.9561124 0.5812863 0.892928 0.5833504 0.9562159 0.5694537 0.9562159 0.5694537 0.892928 0.5833504 0.8930402 0.5592257 0.9562159 0.5694537 0.8930402 0.5592257 0.9562246 0.5571616 0.9562246 0.5571616 0.8930402 0.5592257 0.9561384 0.5444936 0.9561384 0.5444936 0.8930402 0.5592257 0.8927734 0.5335996 0.9561384 0.5444936 0.8927734 0.5335996 0.9559578 0.5315355 0.9559578 0.5315355 0.8927734 0.5335996 0.9556841 0.5183755 0.9556841 0.5183755 0.8927734 0.5335996 0.8921348 0.5071671 0.9556841 0.5183755 0.8921348 0.5071671 0.9553192 0.505103 0.009609282 0.1464484 0.02380234 0.1081222 0.01095193 0.1448253 0.01095193 0.1448253 0.02380234 0.1081222 0.01519334 0.1332769 0.01095193 0.1448253 0.01519334 0.1332769 0.01287621 0.1439685 0.06082737 0.074588 0.08059591 0.07378166 0.0727055 0.08167213 0.002209484 0.1935536 0.002209484 0.1866347 0.009128272 0.1866347 0.009128272 0.1589593 0.002209484 0.1589593 0.009128272 0.1484993 0.009128272 0.1484993 0.002209484 0.1589593 0.002209484 0.1520405 0.009128272 0.1866347 0.009128272 0.1970947 0.002209484 0.1935536 0.002209484 0.1935536 0.009128272 0.1970947 0.009609282 0.1991456 0.002209484 0.1935536 0.009609282 0.1991456 0.01519334 0.2123171 0.01519334 0.2123171 0.009609282 0.1991456 0.01095193 0.2007687 0.01519334 0.2123171 0.01095193 0.2007687 0.01287621 0.2016255 0.06082737 0.04921883 0.05448514 0.05091828 0.06387513 0.03756266 0.06387513 0.03756266 0.05448514 0.05091828 0.0414614 0.05899256 0.05448514 0.05091828 0.04984229 0.05556112 0.0414614 0.05899256 0.0414614 0.05899256 0.04984229 0.05556112 0.04814285 0.06190341 0.0414614 0.05899256 0.04814285 0.06190341 0.02323424 0.08408021 0.02323424 0.08408021 0.04814285 0.06190341 0.04984223 0.0682457 0.2777124 0.07039195 0.3038462 0.08173519 0.2996584 0.08053684 0.2627815 0.3049238 0.2639798 0.3007358 0.2699286 0.2836906 0.2699286 0.2836906 0.2639798 0.3007358 0.263123 0.2964649 0.0727055 0.08167213 0.06203436 0.08493465 0.06082737 0.074588 0.06082737 0.074588 0.06203436 0.08493465 0.05108064 0.08280545 0.06082737 0.074588 0.05108064 0.08280545 0.05448508 0.07288855 0.05448508 0.07288855 0.05108064 0.08280545 0.04805308 0.08139365 0.05448508 0.07288855 0.04805308 0.08139365 0.04984223 0.0682457 0.2741248 0.06680423 0.2777124 0.07039195 0.270735 0.08167213 0.3116561 0.07112705 0.2911017 0.05700254 0.2912535 0.04777431 0.2912535 0.04777431 0.2911017 0.05700254 0.287514 0.05341488 0.2912535 0.04777431 0.287514 0.05341488 0.267009 0.02843987 0.267009 0.02843987 0.287514 0.05341488 0.2826132 0.05210167 0.267009 0.02843987 0.2826132 0.05210167 0.2777124 0.05341488 0.07351183 0.06190341 0.07946068 0.04485815 0.08031749 0.04912912 0 0.1520405 0.02380234 0.1081222 0.002209484 0.1520405 0.002209484 0.1520405 0.02380234 0.1081222 0.009609282 0.1464484 0.002209484 0.1520405 0.009609282 0.1464484 0.009128272 0.1484993 0.2777124 0.07039195 0.2826132 0.0717051 0.3038462 0.08173519 0.3038462 0.08173519 0.2826132 0.0717051 0.287514 0.07039195 0.3038462 0.08173519 0.287514 0.07039195 0.2911017 0.06680423 0.2814062 0.08493465 0.270735 0.08167213 0.2923599 0.08280545 0.2923599 0.08280545 0.270735 0.08167213 0.2777124 0.07039195 0.2923599 0.08280545 0.2777124 0.07039195 0.2953875 0.08139365 0.2953875 0.08139365 0.2777124 0.07039195 0.2996584 0.08053684 0.04805308 0.08139365 0.04378223 0.08053684 0.04984223 0.0682457 0.04984223 0.0682457 0.04378223 0.08053684 0.03959435 0.08173525 0.04984223 0.0682457 0.03959435 0.08173525 0.02323424 0.08408021 0.02323424 0.08408021 0.03959435 0.08173525 0.03642314 0.08472162 0.02323424 0.08408021 0.03642314 0.08472162 0.009779572 0.1120193 0.009779572 0.1120193 0.03642314 0.08472162 0.02380234 0.1081222 0.009779572 0.1120193 0.02380234 0.1081222 0.001529753 0.1419118 0.001529753 0.1419118 0.02380234 0.1081222 0 0.1520405 0.05233877 0.2787898 0.05102562 0.2836906 0.04146128 0.2866015 0.04146128 0.2866015 0.05102562 0.2836906 0.05233877 0.2885915 0.04146128 0.2866015 0.05233877 0.2885915 0.06387507 0.3080314 0.06082737 0.074588 0.0671696 0.07288855 0.08059591 0.07378166 0.08059591 0.07378166 0.0671696 0.07288855 0.07181245 0.0682457 0.08059591 0.07378166 0.07181245 0.0682457 0.08385843 0.06311041 0.08385843 0.06311041 0.07181245 0.0682457 0.07351183 0.06190341 0.08385843 0.06311041 0.07351183 0.06190341 0.08172923 0.05215662 0.08172923 0.05215662 0.07351183 0.06190341 0.08031749 0.04912912 0.270735 0.08167213 0.2628446 0.07378166 0.2741248 0.06680423 0.2741248 0.06680423 0.2628446 0.07378166 0.2595821 0.06311041 0.2741248 0.06680423 0.2595821 0.06311041 0.2728115 0.06190341 0.2728115 0.06190341 0.2595821 0.06311041 0.2617113 0.05215662 0.2728115 0.06190341 0.2617113 0.05215662 0.2741248 0.05700254 0.2741248 0.05700254 0.2617113 0.05215662 0.2631231 0.04912906 0.2741248 0.05700254 0.2631231 0.04912906 0.2777124 0.05341488 0.2777124 0.05341488 0.2631231 0.04912906 0.2639799 0.04485815 0.2777124 0.05341488 0.2639799 0.04485815 0.267009 0.02843987 0.04146128 0.2866015 0.02323418 0.2615138 0.05233877 0.2787898 0.05233877 0.2787898 0.02323418 0.2615138 0.03959423 0.2638588 0.05233877 0.2787898 0.03959423 0.2638588 0.05592644 0.2752021 0.05592644 0.2752021 0.03959423 0.2638588 0.04378217 0.2650572 0.06931573 0.2787898 0.08385837 0.2824836 0.07062894 0.2836906 0.07062894 0.2836906 0.08385837 0.2824836 0.08172917 0.2934374 0.07062894 0.2836906 0.08172917 0.2934374 0.06931573 0.2885915 0.06931573 0.2885915 0.08172917 0.2934374 0.08031743 0.2964649 0.06931573 0.2885915 0.08031743 0.2964649 0.06572806 0.2921792 0.06572806 0.2921792 0.08031743 0.2964649 0.07946062 0.3007359 0.04378217 0.2650572 0.04805302 0.2642004 0.05592644 0.2752021 0.05592644 0.2752021 0.04805302 0.2642004 0.05108058 0.2627886 0.05592644 0.2752021 0.05108058 0.2627886 0.06082725 0.273889 0.06082725 0.273889 0.05108058 0.2627886 0.0620343 0.2606594 0.06082725 0.273889 0.0620343 0.2606594 0.06572806 0.2752021 0.06572806 0.2752021 0.0620343 0.2606594 0.07270544 0.2639219 0.06572806 0.2752021 0.07270544 0.2639219 0.06931573 0.2787898 0.06931573 0.2787898 0.07270544 0.2639219 0.08059585 0.2718124 0.06931573 0.2787898 0.08059585 0.2718124 0.08385837 0.2824836 0 0.1935536 0.002209484 0.1935536 0.001529753 0.2036822 0.001529753 0.2036822 0.002209484 0.1935536 0.01519334 0.2123171 0.001529753 0.2036822 0.01519334 0.2123171 0.009779512 0.2335748 0.009779512 0.2335748 0.01519334 0.2123171 0.02380228 0.2374718 0.009779512 0.2335748 0.02380228 0.2374718 0.02323418 0.2615138 0.02323418 0.2615138 0.02380228 0.2374718 0.03642308 0.2608724 0.02323418 0.2615138 0.03642308 0.2608724 0.03959423 0.2638588 0.07946068 0.04485815 0.07351183 0.06190341 0.08065903 0.04067027 0.08065903 0.04067027 0.07351183 0.06190341 0.07181245 0.05556112 0.08065903 0.04067027 0.07181245 0.05556112 0.06387513 0.03756266 0.06387513 0.03756266 0.07181245 0.05556112 0.0671696 0.05091828 0.06387513 0.03756266 0.0671696 0.05091828 0.06082737 0.04921883 0.07946062 0.3007359 0.08065897 0.3049238 0.06572806 0.2921792 0.06572806 0.2921792 0.08065897 0.3049238 0.08975505 0.3251147 0.06572806 0.2921792 0.08975505 0.3251147 0.06082725 0.2934923 0.06082725 0.2934923 0.08975505 0.3251147 0.06387507 0.3080314 0.06082725 0.2934923 0.06387507 0.3080314 0.05592644 0.2921792 0.05592644 0.2921792 0.06387507 0.3080314 0.05233877 0.2885915 0.2699286 0.2836906 0.271628 0.2900329 0.2627815 0.3049238 0.2627815 0.3049238 0.271628 0.2900329 0.2762709 0.2946758 0.2627815 0.3049238 0.2762709 0.2946758 0.2670089 0.3171542 0.2670089 0.3171542 0.2762709 0.2946758 0.2826131 0.2963752 0.2670089 0.3171542 0.2826131 0.2963752 0.2912535 0.2978197 0.263123 0.2964649 0.2617112 0.2934374 0.2699286 0.2836906 0.2699286 0.2836906 0.2617112 0.2934374 0.2595821 0.2824836 0.2699286 0.2836906 0.2595821 0.2824836 0.271628 0.2773483 0.271628 0.2773483 0.2595821 0.2824836 0.2628446 0.2718124 0.271628 0.2773483 0.2628446 0.2718124 0.2762709 0.2727055 0.2762709 0.2727055 0.2628446 0.2718124 0.270735 0.2639219 0.2762709 0.2727055 0.270735 0.2639219 0.2826132 0.2710061 0.2826132 0.2710061 0.270735 0.2639219 0.2814061 0.2606594 0.2826132 0.2710061 0.2814061 0.2606594 0.2889554 0.2727055 0.2889554 0.2727055 0.2814061 0.2606594 0.2923598 0.2627886 0.2889554 0.2727055 0.2923598 0.2627886 0.2935982 0.2773483 0.2935982 0.2773483 0.2923598 0.2627886 0.2953874 0.2642004 0.2935982 0.2773483 0.2953874 0.2642004 0.2996582 0.2650572 0.2996582 0.2650572 0.3038462 0.2638588 0.2935982 0.2773483 0.2935982 0.2773483 0.3038462 0.2638588 0.327561 0.2478464 0.2935982 0.2773483 0.327561 0.2478464 0.2952976 0.2836906 0.2952976 0.2836906 0.327561 0.2478464 0.311656 0.2744669 0.2952976 0.2836906 0.311656 0.2744669 0.2935982 0.2900329 0.2935982 0.2900329 0.311656 0.2744669 0.2912535 0.2978197 0.2935982 0.2900329 0.2912535 0.2978197 0.2889554 0.2946758 0.2889554 0.2946758 0.2912535 0.2978197 0.2826131 0.2963752 0.3070174 0.08472162 0.3038462 0.08173519 0.327561 0.09774762 0.327561 0.09774762 0.3038462 0.08173519 0.2911017 0.06680423 0.327561 0.09774762 0.2911017 0.06680423 0.3116561 0.07112705 0.3116561 0.07112705 0.2911017 0.06680423 0.2924149 0.06190341 0.3116561 0.07112705 0.2924149 0.06190341 0.2911017 0.05700254 0.08065897 0.3049238 0.08364534 0.308095 0.08975505 0.3251147 0.08975505 0.3251147 0.08364534 0.308095 0.1070457 0.3207159 0.08975505 0.3251147 0.1070457 0.3207159 0.1182695 0.3373025 0.1182695 0.3373025 0.1070457 0.3207159 0.1322003 0.3293249 0.1182695 0.3373025 0.1322003 0.3293249 0.1485018 0.3442028 0.1485018 0.3442028 0.1322003 0.3293249 0.1584267 0.3336886 0.1485018 0.3442028 0.1584267 0.3336886 0.1794804 0.3455941 0.1794804 0.3455941 0.1584267 0.3336886 0.1850137 0.3336886 0.1794804 0.3455941 0.1850137 0.3336886 0.2102097 0.3414315 0.2102097 0.3414315 0.1850137 0.3336886 0.2112401 0.3293249 0.2102097 0.3414315 0.2112401 0.3293249 0.2397018 0.3318489 0.2397018 0.3318489 0.2112401 0.3293249 0.2363946 0.3207159 0.2397018 0.3318489 0.2363946 0.3207159 0.2670089 0.3171542 0.2670089 0.3171542 0.2363946 0.3207159 0.2597951 0.308095 0.2670089 0.3171542 0.2597951 0.308095 0.2627815 0.3049238 0.3038462 0.2638588 0.3070173 0.2608724 0.327561 0.2478464 0.327561 0.2478464 0.3070173 0.2608724 0.3196381 0.2374718 0.327561 0.2478464 0.3196381 0.2374718 0.3384571 0.2188137 0.3384571 0.2188137 0.3196381 0.2374718 0.3282471 0.2123171 0.3384571 0.2188137 0.3282471 0.2123171 0.3439941 0.188302 0.3439941 0.188302 0.3282471 0.2123171 0.3326109 0.1860905 0.3439941 0.188302 0.3326109 0.1860905 0.3439941 0.157292 0.3439941 0.157292 0.3326109 0.1860905 0.3326109 0.1595035 0.3439941 0.157292 0.3326109 0.1595035 0.3384571 0.1267803 0.3384571 0.1267803 0.3326109 0.1595035 0.3282472 0.1332769 0.3384571 0.1267803 0.3282472 0.1332769 0.327561 0.09774762 0.327561 0.09774762 0.3282472 0.1332769 0.3196382 0.1081222 0.327561 0.09774762 0.3196382 0.1081222 0.3070174 0.08472162 0.2639799 0.04485815 0.2627815 0.04067027 0.267009 0.02843987 0.267009 0.02843987 0.2627815 0.04067027 0.2597952 0.03749907 0.267009 0.02843987 0.2597952 0.03749907 0.2397019 0.01374518 0.2397019 0.01374518 0.2597952 0.03749907 0.2363947 0.0248782 0.2397019 0.01374518 0.2363947 0.0248782 0.2102098 0.004162549 0.2102098 0.004162549 0.2363947 0.0248782 0.2112402 0.01626914 0.2102098 0.004162549 0.2112402 0.01626914 0.1794806 0 0.1794806 0 0.2112402 0.01626914 0.1850138 0.01190543 0.1794806 0 0.1850138 0.01190543 0.1485019 0.001391232 0.1485019 0.001391232 0.1850138 0.01190543 0.1584268 0.01190543 0.1485019 0.001391232 0.1584268 0.01190543 0.1182696 0.008291602 0.1182696 0.008291602 0.1584268 0.01190543 0.1322004 0.01626914 0.1182696 0.008291602 0.1322004 0.01626914 0.08975517 0.02047932 0.08975517 0.02047932 0.1322004 0.01626914 0.1070458 0.0248782 0.08975517 0.02047932 0.1070458 0.0248782 0.06387513 0.03756266 0.06387513 0.03756266 0.1070458 0.0248782 0.0836454 0.03749907 0.06387513 0.03756266 0.0836454 0.03749907 0.08065903 0.04067027 0.112605 0.7139946 0.136944 0.7139859 0.1370788 0.7256143 0.7150138 0.6970106 0.7389988 0.6948143 0.7390177 0.6966143 0.8633733 0.1106451 0.8636387 0.1349627 0.8541648 0.1351439 0.780214 0.4642621 0.7558498 0.463014 0.7557346 0.4457181 0.8506228 0.4470292 0.8195381 0.467114 0.8077213 0.4657124 0.780214 0.4642621 0.7557346 0.4457181 0.8045729 0.4655161 0.8339635 0.4932242 0.837148 0.4914384 0.8514528 0.495752 0.8444713 0.4845324 0.8511157 0.4838163 0.8436211 0.4858988 0.8436211 0.4858988 0.8511157 0.4838163 0.8514528 0.495752 0.8436211 0.4858988 0.8514528 0.495752 0.8412145 0.4884828 0.8412145 0.4884828 0.8514528 0.495752 0.837148 0.4914384 0.8444713 0.4845324 0.8451978 0.4824663 0.8511157 0.4838163 0.8511157 0.4838163 0.8451978 0.4824663 0.8452089 0.4802822 0.8511157 0.4838163 0.8452089 0.4802822 0.8508638 0.4716518 0.8452089 0.4802822 0.8445718 0.4784346 0.8508638 0.4716518 0.8508638 0.4716518 0.8445718 0.4784346 0.8429338 0.476207 0.8508638 0.4716518 0.8429338 0.476207 0.8426968 0.4759686 0.8426968 0.4759686 0.8393537 0.4734485 0.8508638 0.4716518 0.8508638 0.4716518 0.8393537 0.4734485 0.8378297 0.4725968 0.8508638 0.4716518 0.8378297 0.4725968 0.8506991 0.4593564 0.8506991 0.4593564 0.8378297 0.4725968 0.8317691 0.4700766 0.8506991 0.4593564 0.8317691 0.4700766 0.8506228 0.4470292 0.8506228 0.4470292 0.8317691 0.4700766 0.8230733 0.4677752 0.8506228 0.4470292 0.8230733 0.4677752 0.8195381 0.467114 0.7811753 0.5068562 0.8054018 0.5022431 0.852371 0.5185555 0.852371 0.5185555 0.8054018 0.5022431 0.8518724 0.507363 0.8518724 0.507363 0.8054018 0.5022431 0.816322 0.4997427 0.8518724 0.507363 0.816322 0.4997427 0.8514528 0.495752 0.8514528 0.495752 0.816322 0.4997427 0.8269561 0.4963178 0.8514528 0.495752 0.8269561 0.4963178 0.8339635 0.4932242 0.8602919 0.04024809 0.8720598 0.0399248 0.8731025 0.04630994 0.8679258 0.0530892 0.8658683 0.05915886 0.8482418 0.04049384 0.8731025 0.04630994 0.8710756 0.04796415 0.8602919 0.04024809 0.8602919 0.04024809 0.8710756 0.04796415 0.870862 0.04820269 0.8602919 0.04024809 0.870862 0.04820269 0.8482418 0.04049384 0.8482418 0.04049384 0.870862 0.04820269 0.8686509 0.05156093 0.8482418 0.04049384 0.8686509 0.05156093 0.8679258 0.0530892 0.8658683 0.05915886 0.8641741 0.06785553 0.8482418 0.04049384 0.8482418 0.04049384 0.8641741 0.06785553 0.863749 0.07138866 0.8482418 0.04049384 0.863749 0.07138866 0.863109 0.08319032 0.8633733 0.1106451 0.8541648 0.1351439 0.8631101 0.08633303 0.9037787 0.1093102 0.8979499 0.08518195 0.8943729 0.03905671 0.8979499 0.08518195 0.8949302 0.0743094 0.8943729 0.03905671 0.8943729 0.03905671 0.8949302 0.0743094 0.8910657 0.06372964 0.8943729 0.03905671 0.8910657 0.06372964 0.8877332 0.05676501 0.8802438 0.04719287 0.8834507 0.03952658 0.8828294 0.04957145 0.8828294 0.04957145 0.8834507 0.03952658 0.8943729 0.03905671 0.8828294 0.04957145 0.8943729 0.03905671 0.8858602 0.05360317 0.8858602 0.05360317 0.8943729 0.03905671 0.8877332 0.05676501 0.8802438 0.04719287 0.8788999 0.04635637 0.8834507 0.03952658 0.8834507 0.03952658 0.8788999 0.04635637 0.8768981 0.04564976 0.8834507 0.03952658 0.8768981 0.04564976 0.8720598 0.0399248 0.8720598 0.0399248 0.8768981 0.04564976 0.874823 0.04565793 0.8720598 0.0399248 0.874823 0.04565793 0.8731025 0.04630994 0.6453294 0.6899827 0.6511405 0.6902734 0.6511107 0.692089 0.6453294 0.6899827 0.6511107 0.692089 0.6454874 0.7001733 0.6511107 0.692089 0.6517231 0.6935473 0.6454874 0.7001733 0.6454874 0.7001733 0.6517231 0.6935473 0.6533197 0.6952003 0.6454874 0.7001733 0.6533197 0.6952003 0.6456161 0.7109449 0.6456161 0.7109449 0.6533197 0.6952003 0.6535513 0.6953697 0.6456161 0.7109449 0.6535513 0.6953697 0.6568268 0.6970574 0.6568268 0.6970574 0.6583225 0.6975787 0.6456161 0.7109449 0.6456161 0.7109449 0.6583225 0.6975787 0.6642767 0.6989244 0.6456161 0.7109449 0.6642767 0.6989244 0.6728285 0.6997423 0.6728285 0.6997423 0.6763068 0.6998398 0.6456161 0.7109449 0.6456161 0.7109449 0.6763068 0.6998398 0.6879363 0.6994646 0.6456161 0.7109449 0.6879363 0.6994646 0.6910353 0.6992098 0.7381684 0.6479316 0.7383386 0.6547041 0.7144333 0.6617432 0.6905348 0.6688002 0.6797566 0.6723136 0.6449308 0.6716675 0.6449308 0.6716675 0.6797566 0.6723136 0.6692475 0.6765196 0.6449308 0.6716675 0.6692475 0.6765196 0.6623128 0.679966 0.6623128 0.679966 0.6591572 0.6818423 0.6449308 0.6716675 0.6449308 0.6716675 0.6591572 0.6818423 0.6551213 0.6847943 0.6449308 0.6716675 0.6551213 0.6847943 0.6451434 0.6804552 0.6451434 0.6804552 0.6551213 0.6847943 0.6527254 0.6872322 0.6451434 0.6804552 0.6527254 0.6872322 0.6453294 0.6899827 0.6453294 0.6899827 0.6527254 0.6872322 0.6518748 0.6884697 0.6453294 0.6899827 0.6518748 0.6884697 0.6511405 0.6902734 0.112605 0.7139946 0.1370788 0.7256143 0.08827137 0.7140011 0.04921203 0.6963914 0.04155927 0.693087 0.05160909 0.6938201 0.05160909 0.6938201 0.04155927 0.693087 0.0556634 0.690819 0.04921203 0.6963914 0.04836624 0.697732 0.04155927 0.693087 0.04155927 0.693087 0.04836624 0.697732 0.04764616 0.6997344 0.04155927 0.693087 0.04764616 0.6997344 0.04188489 0.7045298 0.04764616 0.6997344 0.04764091 0.7018178 0.04188489 0.7045298 0.04188489 0.7045298 0.04764091 0.7018178 0.04828226 0.7035517 0.04188489 0.7045298 0.04828226 0.7035517 0.04212963 0.716338 0.04828226 0.7035517 0.04992455 0.7056036 0.04212963 0.716338 0.04212963 0.716338 0.04992455 0.7056036 0.05016189 0.7058205 0.04212963 0.716338 0.05016189 0.7058205 0.05350822 0.7080748 0.05350822 0.7080748 0.05503296 0.7088186 0.04212963 0.716338 0.04212963 0.716338 0.05503296 0.7088186 0.06109374 0.7109469 0.04212963 0.716338 0.06109374 0.7109469 0.06978613 0.7127383 0.06978613 0.7127383 0.07331919 0.7132021 0.04212963 0.716338 0.04212963 0.716338 0.07331919 0.7132021 0.08512616 0.7139689 0.04212963 0.716338 0.08512616 0.7139689 0.04229164 0.7284165 0.1115306 0.6734168 0.087345 0.6790126 0.04067671 0.6716623 0.087345 0.6790126 0.07644414 0.6819292 0.04067671 0.6716623 0.04067671 0.6716623 0.07644414 0.6819292 0.06583118 0.6856982 0.04067671 0.6716623 0.06583118 0.6856982 0.05883973 0.6889714 0.0556634 0.690819 0.04155927 0.693087 0.05883973 0.6889714 0.05883973 0.6889714 0.04155927 0.693087 0.04115545 0.6821017 0.05883973 0.6889714 0.04115545 0.6821017 0.04067671 0.6716623 0.08512616 0.7139689 0.08827137 0.7140011 0.04229164 0.7284165 0.04229164 0.7284165 0.08827137 0.7140011 0.1370788 0.7256143 0.04229164 0.7284165 0.1370788 0.7256143 0.04236954 0.7406681 0.04236954 0.7406681 0.1370788 0.7256143 0.1371554 0.7386656 0.04236954 0.7406681 0.1371554 0.7386656 0.04236268 0.7529941 0.04236268 0.7529941 0.1371554 0.7386656 0.137147 0.7539432 0.04236268 0.7529941 0.137147 0.7539432 0.04227119 0.7652953 0.04227119 0.7652953 0.137147 0.7539432 0.1370335 0.7691901 0.04227119 0.7652953 0.1370335 0.7691901 0.04209572 0.7774727 0.04209572 0.7774727 0.1370335 0.7691901 0.136816 0.7842834 0.04209572 0.7774727 0.136816 0.7842834 0.04183775 0.7894281 0.04183775 0.7894281 0.136816 0.7842834 0.1364963 0.7991017 0.04183775 0.7894281 0.1364963 0.7991017 0.04149937 0.8010654 0.04149937 0.8010654 0.1364963 0.7991017 0.1360769 0.8135256 0.04149937 0.8010654 0.1360769 0.8135256 0.04108321 0.8122909 0.04108321 0.8122909 0.1360769 0.8135256 0.1355611 0.8274391 0.04108321 0.8122909 0.1355611 0.8274391 0.04059273 0.823014 0.04059273 0.823014 0.1355611 0.8274391 0.1349531 0.8407301 0.04059273 0.823014 0.1349531 0.8407301 0.04003179 0.8331487 0.04003179 0.8331487 0.1349531 0.8407301 0.1342579 0.8532915 0.04003179 0.8331487 0.1342579 0.8532915 0.03940492 0.8426131 0.03940492 0.8426131 0.1342579 0.8532915 0.1334809 0.8650223 0.03940492 0.8426131 0.1334809 0.8650223 0.03871721 0.8513312 0.03871721 0.8513312 0.1334809 0.8650223 0.1326285 0.875828 0.03871721 0.8513312 0.1326285 0.875828 0.03797417 0.8592327 0.03797417 0.8592327 0.1326285 0.875828 0.1317076 0.8856216 0.6446935 0.6636904 0.7378742 0.6380443 0.6449308 0.6716675 0.6449308 0.6716675 0.7378742 0.6380443 0.7381684 0.6479316 0.6449308 0.6716675 0.7381684 0.6479316 0.6905348 0.6688002 0.6905348 0.6688002 0.7381684 0.6479316 0.7144333 0.6617432 0.6910353 0.6992098 0.7150138 0.6970106 0.6456161 0.7109449 0.6456161 0.7109449 0.7150138 0.6970106 0.7390177 0.6966143 0.6456161 0.7109449 0.7390177 0.6966143 0.6457145 0.7222108 0.6457145 0.7222108 0.7390177 0.6966143 0.7391396 0.710578 0.6457145 0.7222108 0.7391396 0.710578 0.6457817 0.7338804 0.6457817 0.7338804 0.7391396 0.710578 0.739223 0.7250419 0.6457817 0.7338804 0.739223 0.7250419 0.6458172 0.7458595 0.6458172 0.7458595 0.739223 0.7250419 0.739267 0.7398895 0.6458172 0.7458595 0.739267 0.7398895 0.6458209 0.7580519 0.6458209 0.7580519 0.739267 0.7398895 0.7392715 0.7550015 0.6458209 0.7580519 0.7392715 0.7550015 0.6457925 0.7703593 0.6457925 0.7703593 0.7392715 0.7550015 0.7392363 0.770256 0.6457925 0.7703593 0.7392363 0.770256 0.6457324 0.7826826 0.6457324 0.7826826 0.7392363 0.770256 0.7391618 0.7855303 0.6457324 0.7826826 0.7391618 0.7855303 0.645641 0.7949227 0.645641 0.7949227 0.7391618 0.7855303 0.7390486 0.8007013 0.645641 0.7949227 0.7390486 0.8007013 0.6455191 0.8069809 0.6455191 0.8069809 0.7390486 0.8007013 0.7388974 0.815647 0.6455191 0.8069809 0.7388974 0.815647 0.6453676 0.8187602 0.6453676 0.8187602 0.7388974 0.815647 0.7387096 0.8302469 0.6453676 0.8187602 0.7387096 0.8302469 0.6451877 0.8301658 0.6451877 0.8301658 0.7387096 0.8302469 0.7384868 0.8443837 0.6451877 0.8301658 0.7384868 0.8443837 0.6449811 0.8411057 0.6449811 0.8411057 0.7384868 0.8443837 0.7382306 0.8579433 0.6449811 0.8411057 0.7382306 0.8579433 0.6447492 0.851492 0.6447492 0.851492 0.7382306 0.8579433 0.7379432 0.8708167 0.9144638 0.03791749 0.9362442 0.1319506 0.9047384 0.0385189 0.9047384 0.0385189 0.9362442 0.1319506 0.92419 0.132696 0.9047384 0.0385189 0.92419 0.132696 0.8943729 0.03905671 0.8943729 0.03905671 0.92419 0.132696 0.9113423 0.1333626 0.8943729 0.03905671 0.9113423 0.1333626 0.9037787 0.1093102 0.9037787 0.1093102 0.9113423 0.1333626 0.9095924 0.1334444 0.863109 0.08319032 0.8631101 0.08633303 0.8482418 0.04049384 0.8482418 0.04049384 0.8631101 0.08633303 0.8541648 0.1351439 0.8482418 0.04049384 0.8541648 0.1351439 0.8360064 0.04066014 0.8360064 0.04066014 0.8541648 0.1351439 0.8389996 0.13535 0.8360064 0.04066014 0.8389996 0.13535 0.8236843 0.04074561 0.8236843 0.04074561 0.8389996 0.13535 0.8237268 0.1354559 0.8236843 0.04074561 0.8237268 0.1354559 0.8113748 0.04074954 0.8113748 0.04074954 0.8237268 0.1354559 0.8084696 0.1354609 0.8113748 0.04074954 0.8084696 0.1354609 0.7991768 0.04067194 0.7991768 0.04067194 0.8084696 0.1354609 0.7933507 0.1353647 0.7991768 0.04067194 0.7933507 0.1353647 0.7871886 0.04051345 0.7871886 0.04051345 0.7933507 0.1353647 0.7784919 0.1351682 0.7871886 0.04051345 0.7784919 0.1351682 0.7755067 0.04027527 0.7755067 0.04027527 0.7784919 0.1351682 0.7640127 0.134873 0.7755067 0.04027527 0.7640127 0.134873 0.7642253 0.03995937 0.7642253 0.03995937 0.7640127 0.134873 0.7500298 0.1344814 0.7642253 0.03995937 0.7500298 0.1344814 0.7534351 0.0395683 0.7534351 0.0395683 0.7500298 0.1344814 0.7366557 0.1339967 0.7534351 0.0395683 0.7366557 0.1339967 0.743223 0.03910523 0.743223 0.03910523 0.7366557 0.1339967 0.7239982 0.1334227 0.743223 0.03910523 0.7239982 0.1334227 0.7336711 0.0385738 0.7336711 0.0385738 0.7239982 0.1334227 0.7121592 0.1327641 0.8535889 0.539329 0.759411 0.5601199 0.8529447 0.5292395 0.8529447 0.5292395 0.759411 0.5601199 0.7586126 0.5476144 0.8529447 0.5292395 0.7586126 0.5476144 0.852371 0.5185555 0.852371 0.5185555 0.7586126 0.5476144 0.7579014 0.534372 0.852371 0.5185555 0.7579014 0.534372 0.7811753 0.5068562 0.7811753 0.5068562 0.7579014 0.534372 0.7573648 0.5224922 0.7811753 0.5068562 0.7573648 0.5224922 0.7569431 0.511457 0.8077213 0.4657124 0.8045729 0.4655161 0.8506228 0.4470292 0.8506228 0.4470292 0.8045729 0.4655161 0.7557346 0.4457181 0.8506228 0.4470292 0.7557346 0.4457181 0.8506358 0.4347694 0.8506358 0.4347694 0.7557346 0.4457181 0.7557507 0.4305226 0.8506358 0.4347694 0.7557507 0.4305226 0.8507378 0.4226757 0.8507378 0.4226757 0.7557507 0.4305226 0.7558771 0.415533 0.8507378 0.4226757 0.7558771 0.415533 0.850928 0.4108455 0.850928 0.4108455 0.7558771 0.415533 0.7561129 0.4008699 0.850928 0.4108455 0.7561129 0.4008699 0.8512049 0.399374 0.8512049 0.399374 0.7561129 0.4008699 0.7564561 0.3866515 0.8512049 0.399374 0.7564561 0.3866515 0.8515663 0.3883537 0.8515663 0.3883537 0.7564561 0.3866515 0.756904 0.3729922 0.8515663 0.3883537 0.756904 0.3729922 0.8520092 0.3778731 0.8520092 0.3778731 0.756904 0.3729922 0.7574529 0.3600021 0.8520092 0.3778731 0.7574529 0.3600021 0.8525301 0.3680168 0.8525301 0.3680168 0.7574529 0.3600021 0.7580986 0.3477855 0.8525301 0.3680168 0.7580986 0.3477855 0.8531247 0.358864 0.8531247 0.358864 0.7580986 0.3477855 0.7588356 0.336441 0.8531247 0.358864 0.7588356 0.336441 0.8537884 0.3504886 0.8537884 0.3504886 0.7588356 0.336441 0.7596582 0.3260599 0.03883206 0.6444348 0.1327708 0.6193884 0.0395103 0.6527528 0.0395103 0.6527528 0.1327708 0.6193884 0.1336115 0.6296982 0.0395103 0.6527528 0.1336115 0.6296982 0.0401268 0.6618531 0.0401268 0.6618531 0.1336115 0.6296982 0.1343756 0.6409777 0.0401268 0.6618531 0.1343756 0.6409777 0.04067671 0.6716623 0.04067671 0.6716623 0.1343756 0.6409777 0.1350572 0.6531359 0.04067671 0.6716623 0.1350572 0.6531359 0.1115306 0.6734168 0.1115306 0.6734168 0.1350572 0.6531359 0.1357221 0.667836 0.86032 0.3688064 0.860909 0.3597424 0.8903207 0.3783376 0.8903207 0.3783376 0.860909 0.3597424 0.8915888 0.3572959 0.03173243 0.6536775 0.001529395 0.6581667 0.03106075 0.6454402 0.03106075 0.6454402 0.001529395 0.6581667 0 0.6397988 0.8615662 0.3514482 0.8915888 0.3572959 0.8610723 0.3575255 0.8610723 0.3575255 0.8915888 0.3572959 0.860909 0.3597424 0.03288751 0.6724037 0.002734839 0.6802872 0.03234297 0.6626895 0.03234297 0.6626895 0.002734839 0.6802872 0.001529395 0.6581667 0.03234297 0.6626895 0.001529395 0.6581667 0.03205549 0.6582366 0.03205549 0.6582366 0.001529395 0.6581667 0.03173243 0.6536775 0.03288751 0.6724037 0.03326094 0.680357 0.002734839 0.6802872 0.002734839 0.6802872 0.03326094 0.680357 0.03336161 0.6827418 0.002734839 0.6802872 0.03336161 0.6827418 0.00356692 0.7052545 0.00356692 0.7052545 0.03336161 0.6827418 0.03376156 0.6936205 0.00356692 0.7052545 0.03376156 0.6936205 0.03408396 0.7049523 0.03448683 0.7286074 0.003991723 0.7320466 0.03432637 0.716646 0.03432637 0.716646 0.003991723 0.7320466 0.00356692 0.7052545 0.03432637 0.716646 0.00356692 0.7052545 0.03409308 0.7053244 0.03409308 0.7053244 0.00356692 0.7052545 0.03408396 0.7049523 0.03448683 0.7286074 0.03451782 0.7321164 0.003991723 0.7320466 0.003991723 0.7320466 0.03451782 0.7321164 0.03456395 0.7407401 0.003991723 0.7320466 0.03456395 0.7407401 0.003991723 0.7595664 0.003991723 0.7595664 0.03456395 0.7407401 0.03455716 0.7529466 0.003991723 0.7595664 0.03455716 0.7529466 0.03451782 0.7596363 0.03451782 0.7596363 0.03446656 0.7651285 0.003991723 0.7595664 0.003991723 0.7595664 0.03446656 0.7651285 0.03429281 0.7771877 0.003991723 0.7595664 0.03429281 0.7771877 0.00356692 0.7866875 0.03429281 0.7771877 0.03409308 0.7867574 0.00356692 0.7866875 0.00356692 0.7866875 0.03409308 0.7867574 0.03403735 0.7890272 0.00356692 0.7866875 0.03403735 0.7890272 0.002734839 0.8122994 0.002734839 0.8122994 0.03403735 0.7890272 0.03370219 0.8005517 0.002734839 0.8122994 0.03370219 0.8005517 0.03329008 0.8116682 0.03224885 0.8323237 0.001529395 0.8353536 0.03280431 0.8222874 0.03280431 0.8222874 0.001529395 0.8353536 0.002734839 0.8122994 0.03280431 0.8222874 0.002734839 0.8122994 0.03326094 0.8123692 0.03326094 0.8123692 0.002734839 0.8122994 0.03329008 0.8116682 0.03224885 0.8323237 0.03205549 0.8354234 0.001529395 0.8353536 0.001529395 0.8353536 0.03205549 0.8354234 0.03162807 0.8416964 0.001529395 0.8353536 0.03162807 0.8416964 0 0.8549062 0 0.8549062 0.03162807 0.8416964 0.03094702 0.8503299 0 0.8549062 0.03094702 0.8503299 0.0305261 0.8549761 0.6373562 0.6798604 0.6067528 0.6797377 0.637178 0.672613 0.637178 0.672613 0.6067528 0.6797377 0.6062341 0.6615321 0.637178 0.672613 0.6062341 0.6615321 0.6369429 0.6647132 0.03021121 0.8581548 0 0.8549062 0.0305261 0.8549761 0.6373562 0.6798604 0.6373884 0.6813155 0.6067528 0.6797377 0.6067528 0.6797377 0.6373884 0.6813155 0.6375727 0.6907505 0.6067528 0.6797377 0.6375727 0.6907505 0.6071394 0.7017281 0.6071394 0.7017281 0.6375727 0.6907505 0.6377291 0.7008423 0.6071394 0.7017281 0.6377291 0.7008423 0.6377427 0.7018508 0.6377427 0.7018508 0.6378566 0.7115094 0.6071394 0.7017281 0.6071394 0.7017281 0.6378566 0.7115094 0.6379539 0.722666 0.6071394 0.7017281 0.6379539 0.722666 0.6073778 0.726603 0.6380558 0.7460854 0.6074584 0.7533441 0.6380205 0.7342224 0.6380205 0.7342224 0.6074584 0.7533441 0.6073778 0.726603 0.6380205 0.7342224 0.6073778 0.726603 0.6379811 0.7267257 0.6379811 0.7267257 0.6073778 0.726603 0.6379539 0.722666 0.6380558 0.7460854 0.6380617 0.7534667 0.6074584 0.7533441 0.6074584 0.7533441 0.6380617 0.7534667 0.6380593 0.7581595 0.6074584 0.7533441 0.6380593 0.7581595 0.6073778 0.7808565 0.6380593 0.7581595 0.6380313 0.7703475 0.6073778 0.7808565 0.6073778 0.7808565 0.6380313 0.7703475 0.6379811 0.7809792 0.6073778 0.7808565 0.6379811 0.7809792 0.6379717 0.7825513 0.6379717 0.7825513 0.6378812 0.7946727 0.6073778 0.7808565 0.6073778 0.7808565 0.6378812 0.7946727 0.6377604 0.8066139 0.6073778 0.7808565 0.6377604 0.8066139 0.6071394 0.8080139 0.6374323 0.8295739 0.6067528 0.8337045 0.6376104 0.818279 0.6376104 0.818279 0.6067528 0.8337045 0.6071394 0.8080139 0.6376104 0.818279 0.6071394 0.8080139 0.6377427 0.8081367 0.6377427 0.8081367 0.6071394 0.8080139 0.6377604 0.8066139 0.6374323 0.8295739 0.6373562 0.8338273 0.6067528 0.8337045 0.6067528 0.8337045 0.6373562 0.8338273 0.6372277 0.8404078 0.6067528 0.8337045 0.6372277 0.8404078 0.6062341 0.8568766 0.6062341 0.8568766 0.6372277 0.8404078 0.636998 0.8506934 0.6062341 0.8568766 0.636998 0.8506934 0.6368374 0.8569993 0.88392 0.03169304 0.883783 0.001160264 0.8936677 0.03126966 0.8936677 0.03126966 0.883783 0.001160264 0.9072899 0 0.8936677 0.03126966 0.9072899 0 0.9039327 0.0307371 0.9039327 0.0307371 0.9072899 0 0.9074268 0.03053271 0.8599174 0.03244948 0.8578721 0.001961231 0.8715711 0.03212934 0.8715711 0.03212934 0.8578721 0.001961231 0.883783 0.001160264 0.8715711 0.03212934 0.883783 0.001160264 0.8828515 0.031735 0.8828515 0.031735 0.883783 0.001160264 0.88392 0.03169304 0.8358674 0.03285753 0.830618 0.002370119 0.8479841 0.0326929 0.8479841 0.0326929 0.830618 0.002370119 0.8578721 0.001961231 0.8479841 0.0326929 0.8578721 0.001961231 0.858009 0.032494 0.858009 0.032494 0.8578721 0.001961231 0.8599174 0.03244948 0.8358674 0.03285753 0.830755 0.03290283 0.830618 0.002370119 0.830618 0.002370119 0.830755 0.03290283 0.8236649 0.03294217 0.830618 0.002370119 0.8236649 0.03294217 0.8031366 0.002370119 0.8031366 0.002370119 0.8236649 0.03294217 0.8114746 0.0329461 0.8031366 0.002370119 0.8114746 0.0329461 0.8032736 0.03290283 0.8032736 0.03290283 0.799395 0.03286927 0.8031366 0.002370119 0.8031366 0.002370119 0.799395 0.03286927 0.787523 0.03271228 0.8031366 0.002370119 0.787523 0.03271228 0.7765529 0.001961231 0.7765529 0.001961231 0.787523 0.03271228 0.7766899 0.032494 0.7765529 0.001961231 0.7766899 0.032494 0.7759546 0.03247642 0.7759546 0.03247642 0.7647825 0.03216361 0.7765529 0.001961231 0.7765529 0.001961231 0.7647825 0.03216361 0.7540969 0.0317763 0.7765529 0.001961231 0.7540969 0.0317763 0.7519553 0.001160264 0.7540969 0.0317763 0.7520923 0.03169304 0.7519553 0.001160264 0.7519553 0.001160264 0.7520923 0.03169304 0.7439838 0.03131771 0.7519553 0.001160264 0.7439838 0.03131771 0.7303507 0 0.7303507 0 0.7439838 0.03131771 0.7345247 0.03079146 0.8915888 0.5337933 0.8613687 0.538457 0.8610723 0.5340229 0.8598042 0.5100657 0.8903207 0.5098361 0.8601626 0.517885 0.8601626 0.517885 0.8903207 0.5098361 0.8915888 0.5337933 0.8601626 0.517885 0.8915888 0.5337933 0.8607307 0.5284654 0.8607307 0.5284654 0.8915888 0.5337933 0.8610723 0.5340229 0.8598042 0.5100657 0.8596687 0.506801 0.8903207 0.5098361 0.8903207 0.5098361 0.8596687 0.506801 0.8592532 0.4953027 0.8903207 0.5098361 0.8592532 0.4953027 0.8894454 0.4836386 0.8894454 0.4836386 0.8592532 0.4953027 0.8589289 0.4838681 0.8894454 0.4836386 0.8589289 0.4838681 0.8589194 0.4834828 0.8589194 0.4834828 0.8586699 0.4714363 0.8894454 0.4836386 0.8894454 0.4836386 0.8586699 0.4714363 0.8585068 0.4592601 0.8894454 0.4836386 0.8585068 0.4592601 0.8889986 0.4562733 0.8584442 0.4349116 0.8889986 0.4288605 0.8584313 0.4470525 0.8584313 0.4470525 0.8889986 0.4288605 0.8889986 0.4562733 0.8584313 0.4470525 0.8889986 0.4562733 0.8584821 0.4565028 0.8584821 0.4565028 0.8889986 0.4562733 0.8585068 0.4592601 0.8584442 0.4349116 0.8584821 0.42909 0.8889986 0.4288605 0.8889986 0.4288605 0.8584821 0.42909 0.8585452 0.4229352 0.8889986 0.4288605 0.8585452 0.4229352 0.8894454 0.4025225 0.8894454 0.4025225 0.8585452 0.4229352 0.8587335 0.4112197 0.8894454 0.4025225 0.8587335 0.4112197 0.8589289 0.402752 0.8589289 0.402752 0.8590078 0.3998595 0.8894454 0.4025225 0.8894454 0.4025225 0.8590078 0.3998595 0.8593656 0.388946 0.8894454 0.4025225 0.8593656 0.388946 0.8903207 0.3783376 0.8903207 0.3783376 0.8593656 0.388946 0.8598042 0.3785671 0.8903207 0.3783376 0.8598042 0.3785671 0.86032 0.3688064 0.2368672 0.394357 0.2275316 0.3845364 0.2291206 0.3828649 0.2291206 0.3828649 0.2275316 0.3845364 0.2172504 0.3757106 0.2291206 0.3828649 0.2172504 0.3757106 0.2073489 0.3660131 0.2073489 0.3660131 0.2172504 0.3757106 0.1942815 0.3613947 0.2073489 0.3660131 0.1942815 0.3613947 0.1826305 0.3538888 0.1826305 0.3538888 0.1942815 0.3613947 0.1689008 0.3519952 0.1826305 0.3538888 0.1689008 0.3519952 0.1559773 0.3469883 0.1559773 0.3469883 0.1689008 0.3519952 0.1421475 0.3478972 0.1559773 0.3469883 0.1421475 0.3478972 0.1284806 0.3455941 0.1284806 0.3455941 0.1421475 0.3478972 0.1151168 0.3492683 0.1284806 0.3455941 0.1151168 0.3492683 0.101266 0.3497633 0.101266 0.3497633 0.1151168 0.3492683 0.0889154 0.3560523 0.101266 0.3497633 0.0889154 0.3560523 0.07544773 0.3593254 0.07544773 0.3593254 0.0889154 0.3560523 0.0646159 0.3679717 0.07544773 0.3593254 0.0646159 0.3679717 0.05208283 0.3738886 0.05208283 0.3738886 0.0646159 0.3679717 0.04321324 0.3845383 0.05208283 0.3738886 0.04321324 0.3845383 0.03212773 0.3928569 0.03212773 0.3928569 0.04321324 0.3845383 0.02558356 0.405074 0.03212773 0.3928569 0.02558356 0.405074 0.01639956 0.4154537 0.01639956 0.4154537 0.02558356 0.405074 0.01244866 0.4287379 0.01639956 0.4154537 0.01244866 0.4287379 0.005542099 0.4407538 0.005542099 0.4407538 0.01244866 0.4287379 0.004346251 0.4545614 0.005542099 0.4407538 0.004346251 0.4545614 0 0.4677215 0 0.4677215 0.004346251 0.4545614 0.001608073 0.4814871 0 0.4677215 0.001608073 0.4814871 0 0.4952527 0 0.4952527 0.001608073 0.4814871 0.004346251 0.5084128 0 0.4952527 0.004346251 0.5084128 0.005542099 0.5222203 0.005542099 0.5222203 0.004346251 0.5084128 0.0124486 0.5342361 0.005542099 0.5222203 0.0124486 0.5342361 0.01639956 0.5475202 0.01639956 0.5475202 0.0124486 0.5342361 0.0255835 0.5578998 0.01639956 0.5475202 0.0255835 0.5578998 0.03212773 0.5701167 0.03212773 0.5701167 0.0255835 0.5578998 0.04321318 0.5784351 0.03212773 0.5701167 0.04321318 0.5784351 0.05208277 0.5890846 0.05208277 0.5890846 0.04321318 0.5784351 0.06461584 0.5950012 0.05208277 0.5890846 0.06461584 0.5950012 0.07544767 0.6036474 0.07544767 0.6036474 0.06461584 0.5950012 0.08891534 0.6069201 0.07544767 0.6036474 0.08891534 0.6069201 0.1012659 0.6132088 0.1012659 0.6132088 0.08891534 0.6069201 0.1151167 0.6137036 0.1012659 0.6132088 0.1151167 0.6137036 0.1284805 0.6173775 0.1284805 0.6173775 0.1151167 0.6137036 0.1421474 0.6150742 0.1284805 0.6173775 0.1421474 0.6150742 0.1559773 0.6159828 0.1559773 0.6159828 0.1421474 0.6150742 0.1689007 0.6109755 0.1559773 0.6159828 0.1689007 0.6109755 0.1826304 0.6090818 0.1826304 0.6090818 0.1689007 0.6109755 0.1942814 0.6015756 0.1826304 0.6090818 0.1942814 0.6015756 0.2073488 0.5969569 0.2073488 0.5969569 0.1942814 0.6015756 0.2172503 0.5872592 0.2073488 0.5969569 0.2172503 0.5872592 0.2291205 0.5801047 0.2291205 0.5801047 0.2172503 0.5872592 0.2368671 0.5686124 0.2291205 0.5801047 0.2368671 0.5686124 0.2470542 0.559215 0.2470542 0.559215 0.2368671 0.5686124 0.2523288 0.5463986 0.2470542 0.559215 0.2523288 0.5463986 0.2604155 0.535143 0.2604155 0.535143 0.2523288 0.5463986 0.2630022 0.5215273 0.2604155 0.535143 0.2630022 0.5215273 0.2686576 0.5088744 0.2686576 0.5088744 0.2630022 0.5215273 0.2684504 0.4950166 0.2686576 0.5088744 0.2684504 0.4950166 0.271443 0.4814844 0.271443 0.4814844 0.2684504 0.4950166 0.2684504 0.4679521 0.271443 0.4814844 0.2684504 0.4679521 0.2686576 0.4540944 0.2686576 0.4540944 0.2684504 0.4679521 0.2630022 0.4414416 0.2686576 0.4540944 0.2630022 0.4414416 0.2604156 0.4278259 0.2604156 0.4278259 0.2630022 0.4414416 0.2523288 0.4165705 0.2604156 0.4278259 0.2523288 0.4165705 0.2470542 0.4037542 0.2470542 0.4037542 0.2523288 0.4165705 0.2368672 0.394357 0.2470542 0.4037542 0.2368672 0.394357 0.2291206 0.3828649 0.8584411 0.3006005 0.8584411 0.2373824 0.8705079 0.3001506 0.8705079 0.3001506 0.8584411 0.2373824 0.8820722 0.2364044 0.8705079 0.3001506 0.8820722 0.2364044 0.8820722 0.2996225 0.8820722 0.2996225 0.8820722 0.2364044 0.8930554 0.2990198 0.8930554 0.2990198 0.8820722 0.2364044 0.903383 0.2351283 0.8930554 0.2990198 0.903383 0.2351283 0.903383 0.2983464 0.9684629 0.9389503 0.9052217 0.9400446 0.9688462 0.9281261 0.9688462 0.9281261 0.9052217 0.9400446 0.9059105 0.9177963 0.9688462 0.9281261 0.9059105 0.9177963 0.9691516 0.9167019 0.9691516 0.9167019 0.9059105 0.9177963 0.9693771 0.9047553 0.9693771 0.9047553 0.9059105 0.9177963 0.9062799 0.8934618 0.9693771 0.9047553 0.9062799 0.8934618 0.969521 0.8923674 0.969521 0.8923674 0.9062799 0.8934618 0.9695824 0.8796223 0.9695824 0.8796223 0.9062799 0.8934618 0.9063197 0.867701 0.9695824 0.8796223 0.9063197 0.867701 0.9695609 0.8666067 0.9695609 0.8666067 0.9063197 0.867701 0.9694566 0.8534088 0.9694566 0.8534088 0.9063197 0.867701 0.9060292 0.8412127 0.9694566 0.8534088 0.9060292 0.8412127 0.9692704 0.8401184 0.9692704 0.8401184 0.9060292 0.8412127 0.9690032 0.8268257 0.9690032 0.8268257 0.9060292 0.8412127 0.905416 0.8147153 0.9690032 0.8268257 0.905416 0.8147153 0.9686571 0.8136211 0.8512049 0.399374 0.8589289 0.402752 0.850928 0.4108455 0.850928 0.4108455 0.8589289 0.402752 0.8587335 0.4112197 0.850928 0.4108455 0.8587335 0.4112197 0.8507378 0.4226757 0.8507378 0.4226757 0.8587335 0.4112197 0.8585452 0.4229352 0.8507378 0.4226757 0.8585452 0.4229352 0.8506358 0.4347694 0.8585452 0.4229352 0.8584821 0.42909 0.8506358 0.4347694 0.8506358 0.4347694 0.8584821 0.42909 0.8584442 0.4349116 0.8506358 0.4347694 0.8584442 0.4349116 0.8506228 0.4470292 0.8506228 0.4470292 0.8584442 0.4349116 0.8584313 0.4470525 0.8506228 0.4470292 0.8584313 0.4470525 0.8506991 0.4593564 0.8584313 0.4470525 0.8584821 0.4565028 0.8506991 0.4593564 0.8506991 0.4593564 0.8584821 0.4565028 0.8585068 0.4592601 0.8506991 0.4593564 0.8585068 0.4592601 0.8508638 0.4716518 0.8508638 0.4716518 0.8585068 0.4592601 0.8586699 0.4714363 0.8508638 0.4716518 0.8586699 0.4714363 0.8511157 0.4838163 0.8586699 0.4714363 0.8589194 0.4834828 0.8511157 0.4838163 0.8511157 0.4838163 0.8589194 0.4834828 0.8589289 0.4838681 0.8511157 0.4838163 0.8589289 0.4838681 0.8514528 0.495752 0.8514528 0.495752 0.8589289 0.4838681 0.8592532 0.4953027 0.8514528 0.495752 0.8592532 0.4953027 0.8518724 0.507363 0.8592532 0.4953027 0.8596687 0.506801 0.8518724 0.507363 0.8518724 0.507363 0.8596687 0.506801 0.8598042 0.5100657 0.8518724 0.507363 0.8598042 0.5100657 0.852371 0.5185555 0.852371 0.5185555 0.8598042 0.5100657 0.8601626 0.517885 0.852371 0.5185555 0.8601626 0.517885 0.8529447 0.5292395 0.8529447 0.5292395 0.8601626 0.517885 0.8607307 0.5284654 0.8529447 0.5292395 0.8607307 0.5284654 0.8535889 0.539329 0.8607307 0.5284654 0.8610723 0.5340229 0.8535889 0.539329 0.8535889 0.539329 0.8610723 0.5340229 0.8613687 0.538457 0.7336711 0.0385738 0.7345247 0.03079146 0.743223 0.03910523 0.743223 0.03910523 0.7345247 0.03079146 0.7439838 0.03131771 0.743223 0.03910523 0.7439838 0.03131771 0.7534351 0.0395683 0.7439838 0.03131771 0.7520923 0.03169304 0.7534351 0.0395683 0.7534351 0.0395683 0.7520923 0.03169304 0.7540969 0.0317763 0.7534351 0.0395683 0.7540969 0.0317763 0.7642253 0.03995937 0.7642253 0.03995937 0.7540969 0.0317763 0.7647825 0.03216361 0.7642253 0.03995937 0.7647825 0.03216361 0.7755067 0.04027527 0.7647825 0.03216361 0.7759546 0.03247642 0.7755067 0.04027527 0.7755067 0.04027527 0.7759546 0.03247642 0.7766899 0.032494 0.7755067 0.04027527 0.7766899 0.032494 0.7871886 0.04051345 0.7871886 0.04051345 0.7766899 0.032494 0.787523 0.03271228 0.7871886 0.04051345 0.787523 0.03271228 0.7991768 0.04067194 0.787523 0.03271228 0.799395 0.03286927 0.7991768 0.04067194 0.7991768 0.04067194 0.799395 0.03286927 0.8032736 0.03290283 0.7991768 0.04067194 0.8032736 0.03290283 0.8113748 0.04074954 0.8113748 0.04074954 0.8032736 0.03290283 0.8114746 0.0329461 0.8113748 0.04074954 0.8114746 0.0329461 0.8236843 0.04074561 0.8236843 0.04074561 0.8114746 0.0329461 0.8236649 0.03294217 0.8236843 0.04074561 0.8236649 0.03294217 0.8360064 0.04066014 0.8236649 0.03294217 0.830755 0.03290283 0.8360064 0.04066014 0.8360064 0.04066014 0.830755 0.03290283 0.8358674 0.03285753 0.8360064 0.04066014 0.8358674 0.03285753 0.8482418 0.04049384 0.8482418 0.04049384 0.8358674 0.03285753 0.8479841 0.0326929 0.8482418 0.04049384 0.8479841 0.0326929 0.8602919 0.04024809 0.8479841 0.0326929 0.858009 0.032494 0.8602919 0.04024809 0.8602919 0.04024809 0.858009 0.032494 0.8599174 0.03244948 0.8602919 0.04024809 0.8599174 0.03244948 0.8720598 0.0399248 0.8720598 0.0399248 0.8599174 0.03244948 0.8715711 0.03212934 0.8720598 0.0399248 0.8715711 0.03212934 0.8834507 0.03952658 0.8715711 0.03212934 0.8828515 0.031735 0.8834507 0.03952658 0.8834507 0.03952658 0.8828515 0.031735 0.88392 0.03169304 0.8834507 0.03952658 0.88392 0.03169304 0.8943729 0.03905671 0.8943729 0.03905671 0.88392 0.03169304 0.8936677 0.03126966 0.8943729 0.03905671 0.8936677 0.03126966 0.9047384 0.0385189 0.8936677 0.03126966 0.9039327 0.0307371 0.9047384 0.0385189 0.9047384 0.0385189 0.9039327 0.0307371 0.9074268 0.03053271 0.9047384 0.0385189 0.9074268 0.03053271 0.9144638 0.03791749 0.6447492 0.851492 0.6368374 0.8569993 0.636998 0.8506934 0.6447492 0.851492 0.636998 0.8506934 0.6449811 0.8411057 0.6449811 0.8411057 0.636998 0.8506934 0.6372277 0.8404078 0.6449811 0.8411057 0.6372277 0.8404078 0.6451877 0.8301658 0.6372277 0.8404078 0.6373562 0.8338273 0.6451877 0.8301658 0.6451877 0.8301658 0.6373562 0.8338273 0.6374323 0.8295739 0.6451877 0.8301658 0.6374323 0.8295739 0.6453676 0.8187602 0.6453676 0.8187602 0.6374323 0.8295739 0.6376104 0.818279 0.6453676 0.8187602 0.6376104 0.818279 0.6455191 0.8069809 0.6376104 0.818279 0.6377427 0.8081367 0.6455191 0.8069809 0.6455191 0.8069809 0.6377427 0.8081367 0.6377604 0.8066139 0.6455191 0.8069809 0.6377604 0.8066139 0.645641 0.7949227 0.645641 0.7949227 0.6377604 0.8066139 0.6378812 0.7946727 0.645641 0.7949227 0.6378812 0.7946727 0.6457324 0.7826826 0.6378812 0.7946727 0.6379717 0.7825513 0.6457324 0.7826826 0.6457324 0.7826826 0.6379717 0.7825513 0.6379811 0.7809792 0.6457324 0.7826826 0.6379811 0.7809792 0.6457925 0.7703593 0.6457925 0.7703593 0.6379811 0.7809792 0.6380313 0.7703475 0.6457925 0.7703593 0.6380313 0.7703475 0.6458209 0.7580519 0.6380313 0.7703475 0.6380593 0.7581595 0.6458209 0.7580519 0.6458209 0.7580519 0.6380593 0.7581595 0.6380617 0.7534667 0.6458209 0.7580519 0.6380617 0.7534667 0.6458172 0.7458595 0.6458172 0.7458595 0.6380617 0.7534667 0.6380558 0.7460854 0.6458172 0.7458595 0.6380558 0.7460854 0.6457817 0.7338804 0.6457817 0.7338804 0.6380558 0.7460854 0.6380205 0.7342224 0.6457817 0.7338804 0.6380205 0.7342224 0.6457145 0.7222108 0.6380205 0.7342224 0.6379811 0.7267257 0.6457145 0.7222108 0.6457145 0.7222108 0.6379811 0.7267257 0.6379539 0.722666 0.6457145 0.7222108 0.6379539 0.722666 0.6456161 0.7109449 0.6456161 0.7109449 0.6379539 0.722666 0.6378566 0.7115094 0.6456161 0.7109449 0.6378566 0.7115094 0.6454874 0.7001733 0.6378566 0.7115094 0.6377427 0.7018508 0.6454874 0.7001733 0.6454874 0.7001733 0.6377427 0.7018508 0.6377291 0.7008423 0.6454874 0.7001733 0.6377291 0.7008423 0.6453294 0.6899827 0.6453294 0.6899827 0.6377291 0.7008423 0.6375727 0.6907505 0.6453294 0.6899827 0.6375727 0.6907505 0.6451434 0.6804552 0.6375727 0.6907505 0.6373884 0.6813155 0.6451434 0.6804552 0.6451434 0.6804552 0.6373884 0.6813155 0.6373562 0.6798604 0.6451434 0.6804552 0.6373562 0.6798604 0.6449308 0.6716675 0.6449308 0.6716675 0.6373562 0.6798604 0.637178 0.672613 0.6449308 0.6716675 0.637178 0.672613 0.6446935 0.6636904 0.637178 0.672613 0.6369429 0.6647132 0.6446935 0.6636904 0.03797417 0.8592327 0.03021121 0.8581548 0.0305261 0.8549761 0.03797417 0.8592327 0.0305261 0.8549761 0.03871721 0.8513312 0.03871721 0.8513312 0.0305261 0.8549761 0.03094702 0.8503299 0.03871721 0.8513312 0.03094702 0.8503299 0.03940492 0.8426131 0.03940492 0.8426131 0.03094702 0.8503299 0.03162807 0.8416964 0.03940492 0.8426131 0.03162807 0.8416964 0.04003179 0.8331487 0.03162807 0.8416964 0.03205549 0.8354234 0.04003179 0.8331487 0.04003179 0.8331487 0.03205549 0.8354234 0.03224885 0.8323237 0.04003179 0.8331487 0.03224885 0.8323237 0.04059273 0.823014 0.04059273 0.823014 0.03224885 0.8323237 0.03280431 0.8222874 0.04059273 0.823014 0.03280431 0.8222874 0.04108321 0.8122909 0.03280431 0.8222874 0.03326094 0.8123692 0.04108321 0.8122909 0.04108321 0.8122909 0.03326094 0.8123692 0.03329008 0.8116682 0.04108321 0.8122909 0.03329008 0.8116682 0.04149937 0.8010654 0.04149937 0.8010654 0.03329008 0.8116682 0.03370219 0.8005517 0.04149937 0.8010654 0.03370219 0.8005517 0.04183775 0.7894281 0.03370219 0.8005517 0.03403735 0.7890272 0.04183775 0.7894281 0.04183775 0.7894281 0.03403735 0.7890272 0.03409308 0.7867574 0.04183775 0.7894281 0.03409308 0.7867574 0.04209572 0.7774727 0.04209572 0.7774727 0.03409308 0.7867574 0.03429281 0.7771877 0.04209572 0.7774727 0.03429281 0.7771877 0.04227119 0.7652953 0.03429281 0.7771877 0.03446656 0.7651285 0.04227119 0.7652953 0.04227119 0.7652953 0.03446656 0.7651285 0.03451782 0.7596363 0.04227119 0.7652953 0.03451782 0.7596363 0.04236268 0.7529941 0.04236268 0.7529941 0.03451782 0.7596363 0.03455716 0.7529466 0.04236268 0.7529941 0.03455716 0.7529466 0.04236954 0.7406681 0.04236954 0.7406681 0.03455716 0.7529466 0.03456395 0.7407401 0.04236954 0.7406681 0.03456395 0.7407401 0.04229164 0.7284165 0.03456395 0.7407401 0.03451782 0.7321164 0.04229164 0.7284165 0.04229164 0.7284165 0.03451782 0.7321164 0.03448683 0.7286074 0.04229164 0.7284165 0.03448683 0.7286074 0.04212963 0.716338 0.04212963 0.716338 0.03448683 0.7286074 0.03432637 0.716646 0.04212963 0.716338 0.03432637 0.716646 0.04188489 0.7045298 0.03432637 0.716646 0.03409308 0.7053244 0.04188489 0.7045298 0.04188489 0.7045298 0.03409308 0.7053244 0.03408396 0.7049523 0.04188489 0.7045298 0.03408396 0.7049523 0.04155927 0.693087 0.04155927 0.693087 0.03408396 0.7049523 0.03376156 0.6936205 0.04155927 0.693087 0.03376156 0.6936205 0.04115545 0.6821017 0.03376156 0.6936205 0.03336161 0.6827418 0.04115545 0.6821017 0.04115545 0.6821017 0.03336161 0.6827418 0.03326094 0.680357 0.04115545 0.6821017 0.03326094 0.680357 0.04067671 0.6716623 0.04067671 0.6716623 0.03326094 0.680357 0.03288751 0.6724037 0.04067671 0.6716623 0.03288751 0.6724037 0.0401268 0.6618531 0.03288751 0.6724037 0.03234297 0.6626895 0.0401268 0.6618531 0.0401268 0.6618531 0.03234297 0.6626895 0.03205549 0.6582366 0.0401268 0.6618531 0.03205549 0.6582366 0.0395103 0.6527528 0.0395103 0.6527528 0.03205549 0.6582366 0.03173243 0.6536775 0.0395103 0.6527528 0.03173243 0.6536775 0.03883206 0.6444348 0.03883206 0.6444348 0.03173243 0.6536775 0.03106075 0.6454402 0.8537884 0.3504886 0.8615662 0.3514482 0.8531247 0.358864 0.8615662 0.3514482 0.8610723 0.3575255 0.8531247 0.358864 0.8531247 0.358864 0.8610723 0.3575255 0.860909 0.3597424 0.8531247 0.358864 0.860909 0.3597424 0.8525301 0.3680168 0.8525301 0.3680168 0.860909 0.3597424 0.86032 0.3688064 0.8525301 0.3680168 0.86032 0.3688064 0.8520092 0.3778731 0.8520092 0.3778731 0.86032 0.3688064 0.8598042 0.3785671 0.8520092 0.3778731 0.8598042 0.3785671 0.8515663 0.3883537 0.8515663 0.3883537 0.8598042 0.3785671 0.8593656 0.388946 0.8515663 0.3883537 0.8593656 0.388946 0.8512049 0.399374 0.8512049 0.399374 0.8593656 0.388946 0.8590078 0.3998595 0.8512049 0.399374 0.8590078 0.3998595 0.8589289 0.402752 0.208209 0.9512256 0.2066463 0.951157 0.2060335 0.8879419 0.6734545 0.5639342 0.6753488 0.6271564 0.6687831 0.5640463 0.6687831 0.5640463 0.6753488 0.6271564 0.6644671 0.6273003 0.6687831 0.5640463 0.6644671 0.6273003 0.6642829 0.5640841 0.6642829 0.5640841 0.6644671 0.6273003 0.6625728 0.564078 0.1844167 0.8880488 0.1817578 0.951443 0.1757034 0.8886923 0.6644671 0.6273003 0.6565248 0.5639342 0.6601397 0.5640463 0.6644671 0.6273003 0.6601397 0.5640463 0.6625728 0.564078 0.1950567 0.9509989 0.1903855 0.9510754 0.1953824 0.8877775 0.1953824 0.8877775 0.1903855 0.9510754 0.1858906 0.9512256 0.1953824 0.8877775 0.1858906 0.9512256 0.1844167 0.8880488 0.1844167 0.8880488 0.1858906 0.9512256 0.1850294 0.951264 0.1844167 0.8880488 0.1850294 0.951264 0.1817578 0.951443 0.2066463 0.951157 0.2041564 0.9510754 0.2060335 0.8879419 0.2060335 0.8879419 0.2041564 0.9510754 0.1997111 0.9509989 0.2060335 0.8879419 0.1997111 0.9509989 0.1953824 0.8877775 0.1953824 0.8877775 0.1997111 0.9509989 0.1959951 0.9509927 0.1953824 0.8877775 0.1959951 0.9509927 0.1950567 0.9509989 0.208209 0.9512256 0.2060335 0.8879419 0.2117014 0.951443 0.2117014 0.951443 0.2060335 0.8879419 0.2138766 0.8885036 0.2808199 0.7392169 0.2811642 0.8027947 0.2776076 0.7396584 0.2776076 0.7396584 0.2811642 0.8027947 0.275084 0.7399673 0.275084 0.7399673 0.2811642 0.8027947 0.2786405 0.8031036 0.6767926 0.5638291 0.678687 0.6270513 0.6734545 0.5639342 0.6734545 0.5639342 0.678687 0.6270513 0.6753488 0.6271564 0.6810418 0.2493988 0.6793411 0.3125743 0.6701877 0.2492005 0.6701877 0.2492005 0.6793411 0.3125743 0.674856 0.3124697 0.6701877 0.2492005 0.674856 0.3124697 0.6701877 0.3124369 0.6894099 0.3132008 0.6870356 0.3129782 0.6894099 0.2499644 0.6894099 0.2499644 0.6870356 0.3129782 0.6834576 0.3127461 0.6894099 0.2499644 0.6834576 0.3127461 0.6810418 0.2493988 0.6810418 0.2493988 0.6834576 0.3127461 0.6810418 0.3126353 0.6810418 0.2493988 0.6810418 0.3126353 0.6793411 0.3125743 0.8353095 0.2373532 0.8361747 0.2373074 0.8378999 0.300697 0.8378999 0.300697 0.8361747 0.2373074 0.8402401 0.2370745 0.8378999 0.300697 0.8402401 0.2370745 0.846964 0.3001403 0.846964 0.3001403 0.8402401 0.2370745 0.8437511 0.2368421 0.846964 0.3001403 0.8437511 0.2368421 0.8443736 0.2367965 0.8268487 0.301191 0.8270683 0.2377364 0.8378999 0.300697 0.8378999 0.300697 0.8270683 0.2377364 0.8317227 0.2375311 0.8378999 0.300697 0.8317227 0.2375311 0.8353095 0.2373532 0.8138071 0.2381627 0.8179215 0.2380589 0.8163976 0.3015065 0.8163976 0.3015065 0.8179215 0.2380589 0.8224036 0.2379148 0.8163976 0.3015065 0.8224036 0.2379148 0.8268487 0.301191 0.8268487 0.301191 0.8224036 0.2379148 0.8242583 0.2378472 0.8268487 0.301191 0.8242583 0.2378472 0.8270683 0.2377364 0.8138071 0.2381627 0.8163976 0.3015065 0.8110527 0.2382212 0.8110527 0.2382212 0.8163976 0.3015065 0.8136431 0.301565 0.6668473 0.3124395 0.6668473 0.2492031 0.6701877 0.3124369 0.6701877 0.3124369 0.6668473 0.2492031 0.6701877 0.2492005 0.9254403 0.2366209 0.9254403 0.3000176 0.9208195 0.2366435 0.9208195 0.2366435 0.9254403 0.3000176 0.9142856 0.3000262 0.9208195 0.2366435 0.9142856 0.3000262 0.9161342 0.2366389 0.9161342 0.2366389 0.9142856 0.3000262 0.9142856 0.2366295 0.9142856 0.2366295 0.9142856 0.3000262 0.9115781 0.2366073 0.9115781 0.2366073 0.9142856 0.3000262 0.9042951 0.2998839 0.9115781 0.2366073 0.9042951 0.2998839 0.9073393 0.2365499 0.7046422 0.6271623 0.704468 0.563912 0.7053972 0.5638993 0.7053972 0.5638993 0.7099175 0.5637955 0.7046422 0.6271623 0.7046422 0.6271623 0.7099175 0.5637955 0.7140932 0.5636271 0.7046422 0.6271623 0.7140932 0.5636271 0.7150456 0.6268367 0.7150456 0.6268367 0.7140932 0.5636271 0.7148714 0.5635863 0.9042951 0.2998839 0.9042951 0.2364871 0.9073393 0.2365499 0.6916608 0.5637955 0.6933877 0.5638451 0.6935619 0.6270955 0.6935619 0.6270955 0.6933877 0.5638451 0.6960763 0.5638993 0.6935619 0.6270955 0.6960763 0.5638993 0.7046422 0.6271623 0.7046422 0.6271623 0.6960763 0.5638993 0.700719 0.5639345 0.7046422 0.6271623 0.700719 0.5639345 0.704468 0.563912 0.6916608 0.5637955 0.6935619 0.6270955 0.687655 0.5636271 0.687655 0.5636271 0.6935619 0.6270955 0.6843986 0.6266517 0.3371495 0.8663391 0.3370116 0.8027856 0.3408996 0.865884 0.3408996 0.865884 0.3370116 0.8027856 0.3437606 0.8655709 0.3437606 0.8655709 0.3370116 0.8027856 0.3398726 0.8024725 0.9286586 0.2365952 0.9286586 0.299992 0.9254403 0.2366209 0.9254403 0.2366209 0.9286586 0.299992 0.9254403 0.3000176 0.6940532 0.3122664 0.6940532 0.2490482 0.697349 0.3123101 0.697349 0.3123101 0.6940532 0.2490482 0.697349 0.2490919 0.7018726 0.3124089 0.697349 0.3123101 0.697349 0.2490919 0.7018726 0.3124089 0.697349 0.2490919 0.7060539 0.312579 0.7060539 0.312579 0.697349 0.2490919 0.7075912 0.2494475 0.7060539 0.312579 0.7075912 0.2494475 0.7075912 0.3126657 0.0658487 0.8951702 0.002495288 0.8910871 0.06534481 0.8877775 0.06534481 0.8877775 0.002495288 0.8910871 0.002277493 0.8880535 0.7075912 0.2494475 0.7097201 0.3128136 0.7075912 0.3126657 0.002730071 0.8989815 0.002648234 0.8947806 0.0658487 0.8951702 0.0658487 0.8951702 0.002648234 0.8947806 0.0026232 0.8939961 0.0658487 0.8951702 0.0026232 0.8939961 0.002495288 0.8910871 0.002730071 0.8989815 0.0658487 0.8951702 0.002737283 0.9035159 0.002737283 0.9035159 0.0658487 0.8951702 0.06595522 0.9056206 0.002737283 0.9035159 0.06595522 0.9056206 0.002729713 0.9044465 0.002729713 0.9044465 0.06595522 0.9056206 0.002669692 0.9081966 0.002669692 0.9081966 0.06595522 0.9056206 0.06563943 0.916682 0.002669692 0.9081966 0.06563943 0.916682 0.002530038 0.9128303 0.001749753 0.924591 0.002060353 0.9212004 0.06497526 0.925765 0.06497526 0.925765 0.002060353 0.9212004 0.002324044 0.9172254 0.06497526 0.925765 0.002324044 0.9172254 0.06563943 0.916682 0.06563943 0.916682 0.002324044 0.9172254 0.002413928 0.9155079 0.06563943 0.916682 0.002413928 0.9155079 0.002530038 0.9128303 0.001749753 0.924591 0.06497526 0.925765 0.00151509 0.9267601 0.00151509 0.9267601 0.06497526 0.925765 0.06474059 0.9279342 0.9686571 0.8136211 0.905416 0.8147153 0.9684628 0.8096114 0.9684628 0.8096114 0.905416 0.8147153 0.9052217 0.8107057 0.9369464 0.2366446 0.9369464 0.3000414 0.9330122 0.2365911 0.9330122 0.2365911 0.9369464 0.3000414 0.9330122 0.2999879 0.9330122 0.2365911 0.9330122 0.2999879 0.9286586 0.2365952 0.9286586 0.2365952 0.9330122 0.2999879 0.9286586 0.299992 0.2366933 0.8894449 0.2366933 0.9526955 0.2331318 0.8892602 0.2331318 0.8892602 0.2366933 0.9526955 0.2331318 0.9525108 0.2331318 0.8892602 0.2331318 0.9525108 0.2288165 0.8892165 0.2288165 0.8892165 0.2331318 0.9525108 0.2288165 0.9524671 0.2288165 0.8892165 0.2288165 0.9524671 0.2247096 0.8893234 0.2247096 0.8893234 0.2288165 0.9524671 0.2247096 0.952574 0.9149596 0.8014254 0.9783557 0.8011559 0.9150498 0.8048917 0.9150498 0.8048917 0.9783557 0.8011559 0.978446 0.8046222 0.6592863 0.3121478 0.6592863 0.2489114 0.6626042 0.312364 0.6626042 0.312364 0.6592863 0.2489114 0.6626042 0.2491276 0.6626042 0.312364 0.6626042 0.2491276 0.6668473 0.3124395 0.6668473 0.3124395 0.6626042 0.2491276 0.6668473 0.2492031 0.8110527 0.2382212 0.8136431 0.301565 0.8069821 0.2383433 0.8069821 0.2383433 0.8136431 0.301565 0.8095725 0.3016871 0.8069821 0.2383433 0.8095725 0.3016871 0.8026584 0.2385343 0.8026584 0.2385343 0.8095725 0.3016871 0.8052488 0.3018781 0.8026584 0.2385343 0.8052488 0.3018781 0.7990457 0.2387515 0.7990457 0.2387515 0.8052488 0.3018781 0.801636 0.3020954 0.8414603 0.962467 0.904679 0.9609713 0.8416822 0.9664931 0.8416822 0.9664931 0.904679 0.9609713 0.9049009 0.9649974 0.8416822 0.9664931 0.9049009 0.9649974 0.8420031 0.9693087 0.8420031 0.9693087 0.9049009 0.9649974 0.9052218 0.967813 0.6900447 0.3121295 0.6900447 0.2489114 0.6940532 0.3122664 0.6940532 0.3122664 0.6900447 0.2489114 0.6940532 0.2490482 0.00151509 0.9267601 0.06474059 0.9279342 0.001254439 0.9302906 0.001254439 0.9302906 0.06474059 0.9279342 0.06447994 0.9314647 0.001254439 0.9302906 0.06447994 0.9314647 0.001125454 0.9345977 0.001125454 0.9345977 0.06447994 0.9314647 0.06435096 0.9357718 0.001125454 0.9345977 0.06435096 0.9357718 0.001156747 0.938721 0.001156747 0.938721 0.06435096 0.9357718 0.06438225 0.9398951 0.9553192 0.505103 0.8921348 0.5071671 0.9551056 0.5008522 0.9551056 0.5008522 0.8921348 0.5071671 0.8919212 0.5029163 0.9551056 0.5008522 0.8919212 0.5029163 0.9547731 0.4975072 0.9547731 0.4975072 0.8919212 0.5029163 0.8915887 0.4995713 0.6810461 0.5637709 0.6829405 0.6269931 0.6767926 0.5638291 0.6767926 0.5638291 0.6829405 0.6269931 0.678687 0.6270513 0.8469638 0.3002938 0.8469639 0.2370756 0.8500046 0.3005442 0.8500046 0.3005442 0.8469639 0.2370756 0.8500046 0.237326 0.8500046 0.3005442 0.8500046 0.237326 0.8541375 0.3006546 0.8541375 0.3006546 0.8500046 0.237326 0.8541375 0.2374365 0.8541375 0.3006546 0.8541375 0.2374365 0.8584411 0.3006005 0.8584411 0.3006005 0.8541375 0.2374365 0.8584411 0.2373824 0.3368287 0.7632055 0.3330622 0.7631503 0.3368143 0.7600386 0.3368143 0.7600386 0.3330622 0.7631503 0.3330479 0.7599835 0.3368143 0.7600386 0.3330479 0.7599835 0.3368574 0.7562519 0.3368574 0.7562519 0.3330479 0.7599835 0.3330909 0.7561968 0.3368574 0.7562519 0.3330909 0.7561968 0.3369483 0.7526897 0.3369483 0.7526897 0.3330909 0.7561968 0.3331819 0.7526346 0.3383916 0.6898847 0.3346357 0.689989 0.3379167 0.6767624 0.3379167 0.6767624 0.3346357 0.689989 0.333767 0.6636675 0.3379167 0.6767624 0.333767 0.6636675 0.3375229 0.6635633 0.3375229 0.6635633 0.333767 0.6636675 0.3372129 0.6503772 0.3372129 0.6503772 0.333767 0.6636675 0.3332329 0.6373977 0.3372129 0.6503772 0.3332329 0.6373977 0.3369888 0.6372935 0.3369888 0.6372935 0.3332329 0.6373977 0.3368521 0.6244011 0.3368521 0.6244011 0.3332329 0.6373977 0.3330478 0.6118919 0.3368521 0.6244011 0.3330478 0.6118919 0.3368037 0.6117876 0.3368037 0.6117876 0.3330478 0.6118919 0.336844 0.5995388 0.336844 0.5995388 0.3330478 0.6118919 0.3332169 0.5878418 0.336844 0.5995388 0.3332169 0.5878418 0.3369727 0.5877376 0.3369727 0.5877376 0.3332169 0.5878418 0.337189 0.5764644 0.337189 0.5764644 0.3332169 0.5878418 0.3337354 0.5658999 0.337189 0.5764644 0.3337354 0.5658999 0.3374912 0.5657957 0.3374912 0.5657957 0.3337354 0.5658999 0.3378775 0.555804 0.3378775 0.555804 0.3337354 0.5658999 0.3345893 0.5466612 0.3378775 0.555804 0.3345893 0.5466612 0.3383451 0.546557 0.3383451 0.546557 0.3345893 0.5466612 0.338891 0.5381177 0.3369932 0.7717272 0.3334229 0.7793339 0.3330622 0.7631503 0.3369932 0.7717272 0.3330622 0.7631503 0.3368287 0.7632055 0.7306023 0.6220803 0.7343571 0.6219763 0.7305797 0.6255897 0.7305797 0.6255897 0.7343571 0.6219763 0.7343345 0.6254857 0.338891 0.6958693 0.3351351 0.6959735 0.3386002 0.6934067 0.3386002 0.6934067 0.3351351 0.6959735 0.3348442 0.693511 0.3386002 0.6934067 0.3348442 0.693511 0.3383916 0.6898847 0.3383916 0.6898847 0.3348442 0.693511 0.3346357 0.689989 0.7343571 0.6219763 0.7306023 0.6220803 0.7343345 0.6204111 0.7343345 0.6204111 0.7306023 0.6220803 0.7305797 0.6205151 0.8353423 0.6250662 0.8390979 0.6249499 0.8353927 0.6266518 0.8353927 0.6266518 0.8390979 0.6249499 0.8391482 0.6265354 0.8390979 0.6249499 0.8353423 0.6250662 0.8390489 0.6212369 0.8390489 0.6212369 0.8353423 0.6250662 0.8352934 0.6213532 0.8390489 0.6212369 0.8352934 0.6213532 0.8391482 0.6183292 0.8391482 0.6183292 0.8352934 0.6213532 0.8353927 0.6184455 0.343342 0.7136584 0.3395751 0.7136701 0.3432665 0.7106253 0.3432665 0.7106253 0.3395751 0.7136701 0.3394996 0.710637 0.5811839 0.9359366 0.5849412 0.9360177 0.5811998 0.9395313 0.5811998 0.9395313 0.5849412 0.9360177 0.5849571 0.9396124 0.5811998 0.9395313 0.5849571 0.9396124 0.5810801 0.9433055 0.5810801 0.9433055 0.5849571 0.9396124 0.5848374 0.9433866 0.5810801 0.9433055 0.5848374 0.9433866 0.5808513 0.9464176 0.5808513 0.9464176 0.5848374 0.9433866 0.5846086 0.9464987 0.3432665 0.7106253 0.3394996 0.710637 0.3430911 0.698314 0.3430911 0.698314 0.3394996 0.710637 0.3391774 0.6856618 0.3430911 0.698314 0.3391774 0.6856618 0.3429443 0.6856501 0.3429443 0.6856501 0.3391774 0.6856618 0.3428268 0.6727198 0.3428268 0.6727198 0.3391774 0.6856618 0.3389727 0.6596226 0.3428268 0.6727198 0.3389727 0.6596226 0.3427395 0.6596109 0.3427395 0.6596109 0.3389727 0.6596226 0.3426831 0.6464123 0.3426831 0.6464123 0.3389727 0.6596226 0.338891 0.6332255 0.3426831 0.6464123 0.338891 0.6332255 0.3426578 0.6332138 0.3426578 0.6332138 0.338891 0.6332255 0.342664 0.6201049 0.342664 0.6201049 0.338891 0.6332255 0.3389345 0.6071865 0.342664 0.6201049 0.3389345 0.6071865 0.3427013 0.6071748 0.3427013 0.6071748 0.3389345 0.6071865 0.3427698 0.5945112 0.3427698 0.5945112 0.3389345 0.6071865 0.339102 0.5822119 0.3427698 0.5945112 0.339102 0.5822119 0.3428689 0.5822002 0.3428689 0.5822002 0.339102 0.5822119 0.3429979 0.5703253 0.3429979 0.5703253 0.339102 0.5822119 0.3393891 0.5589789 0.3429979 0.5703253 0.3393891 0.5589789 0.3431559 0.5589672 0.3431559 0.5589672 0.3393891 0.5589789 0.343342 0.5482032 0.343342 0.5482032 0.3393891 0.5589789 0.3397879 0.5381178 0.5808513 0.9251713 0.5849412 0.9360177 0.5811839 0.9359366 0.2832205 0.8147652 0.2794677 0.8145811 0.283303 0.8111581 0.283303 0.8111581 0.2794677 0.8145811 0.2795501 0.810974 0.283303 0.8111581 0.2795501 0.810974 0.2835305 0.8073946 0.2835305 0.8073946 0.2795501 0.810974 0.2797778 0.8072105 0.2835305 0.8073946 0.2797778 0.8072105 0.2838526 0.8043138 0.2838526 0.8043138 0.2797778 0.8072105 0.2800998 0.8041297 0.276484 0.6212107 0.2802382 0.6210861 0.2768532 0.6343882 0.2768532 0.6343882 0.2802382 0.6210861 0.2808859 0.6473295 0.2768532 0.6343882 0.2808859 0.6473295 0.2771317 0.6474541 0.2771317 0.6474541 0.2808859 0.6473295 0.2773177 0.6603195 0.2773177 0.6603195 0.2808859 0.6473295 0.2811641 0.6727724 0.2773177 0.6603195 0.2811641 0.6727724 0.2774099 0.672897 0.2774099 0.672897 0.2811641 0.6727724 0.2774077 0.6851013 0.2774077 0.6851013 0.2811641 0.6727724 0.2810652 0.6967248 0.2774077 0.6851013 0.2810652 0.6967248 0.277311 0.6968494 0.277311 0.6968494 0.2810652 0.6967248 0.2771205 0.7080616 0.2771205 0.7080616 0.2810652 0.6967248 0.2805918 0.7185371 0.2771205 0.7080616 0.2805918 0.7185371 0.2768377 0.7186617 0.2768377 0.7186617 0.2805918 0.7185371 0.2764642 0.7285777 0.2764642 0.7285777 0.2805918 0.7185371 0.2797569 0.7376176 0.2764642 0.7285777 0.2797569 0.7376176 0.2760027 0.7377423 0.2839953 0.8539721 0.2802425 0.853788 0.2836562 0.8452875 0.2836562 0.8452875 0.2802425 0.853788 0.2796602 0.8356302 0.2836562 0.8452875 0.2796602 0.8356302 0.283413 0.8358144 0.283413 0.8358144 0.2796602 0.8356302 0.2832674 0.8256172 0.2832674 0.8256172 0.2796602 0.8356302 0.2794677 0.8145811 0.2832674 0.8256172 0.2794677 0.8145811 0.2832205 0.8147652 0.7268217 0.6220384 0.7305797 0.6219972 0.7268019 0.6257605 0.7268019 0.6257605 0.7305797 0.6219972 0.7305598 0.6257194 0.2760027 0.6145646 0.2797569 0.61444 0.2762951 0.6174914 0.2762951 0.6174914 0.2797569 0.61444 0.2800493 0.6173668 0.2762951 0.6174914 0.2800493 0.6173668 0.276484 0.6212107 0.276484 0.6212107 0.2800493 0.6173668 0.2802382 0.6210861 0.7305797 0.6219972 0.7268217 0.6220384 0.7305598 0.6204112 0.7305598 0.6204112 0.7268217 0.6220384 0.7268019 0.6204524 0.8247897 0.3106279 0.8285565 0.3106145 0.8248073 0.3121563 0.8248073 0.3121563 0.8285565 0.3106145 0.8285741 0.3121429 0.8285565 0.3106145 0.8247897 0.3106279 0.8285395 0.3068052 0.8285395 0.3068052 0.8247897 0.3106279 0.8247727 0.3068185 0.8285395 0.3068052 0.8247727 0.3068185 0.8285741 0.3033626 0.8285741 0.3033626 0.8247727 0.3068185 0.8248073 0.3033759 0.2811641 0.6145057 0.2849217 0.61444 0.2813348 0.618014 0.2813348 0.618014 0.2849217 0.61444 0.2850924 0.6179484 0.2757138 0.8477759 0.2794677 0.8479112 0.2756255 0.8515409 0.2756255 0.8515409 0.2794677 0.8479112 0.2793793 0.8516761 0.2756255 0.8515409 0.2793793 0.8516761 0.2753987 0.8551513 0.2753987 0.8551513 0.2793793 0.8516761 0.2791525 0.8552866 0.2753987 0.8551513 0.2791525 0.8552866 0.275084 0.8578023 0.275084 0.8578023 0.2791525 0.8552866 0.2788378 0.8579376 0.2813348 0.618014 0.2850924 0.6179484 0.2816807 0.6311244 0.2816807 0.6311244 0.2850924 0.6179484 0.2857059 0.6442564 0.2816807 0.6311244 0.2857059 0.6442564 0.2819483 0.644322 0.2819483 0.644322 0.2857059 0.6442564 0.2821356 0.6575175 0.2821356 0.6575175 0.2857059 0.6442564 0.2859991 0.6705554 0.2821356 0.6575175 0.2859991 0.6705554 0.2822415 0.6706211 0.2822415 0.6706211 0.2859991 0.6705554 0.2822651 0.6835438 0.2822651 0.6835438 0.2859991 0.6705554 0.285964 0.6961321 0.2822651 0.6835438 0.285964 0.6961321 0.2822064 0.6961978 0.2822064 0.6961978 0.285964 0.6961321 0.2820657 0.7084973 0.2820657 0.7084973 0.285964 0.6961321 0.2856016 0.7202929 0.2820657 0.7084973 0.2856016 0.7202929 0.281844 0.7203586 0.281844 0.7203586 0.2856016 0.7202929 0.2815428 0.7317012 0.2815428 0.7317012 0.2856016 0.7202929 0.2849217 0.7423824 0.2815428 0.7317012 0.2849217 0.7423824 0.2811641 0.7424482 0.275084 0.8031033 0.2788378 0.8032386 0.2753828 0.8133746 0.2753828 0.8133746 0.2788378 0.8032386 0.2793421 0.8244292 0.2753828 0.8133746 0.2793421 0.8244292 0.2755882 0.8242939 0.2755882 0.8242939 0.2793421 0.8244292 0.2756988 0.835787 0.2756988 0.835787 0.2793421 0.8244292 0.2794677 0.8479112 0.2756988 0.835787 0.2794677 0.8479112 0.2757138 0.8477759 0.08807641 0.6817718 0.1754707 0.6819718 0.07720077 0.6843274 0.07720077 0.6843274 0.1754707 0.6819718 0.1751679 0.6866119 0.1750019 0.6922771 0.05962693 0.6904793 0.1750835 0.6887913 0.1750835 0.6887913 0.05962693 0.6904793 0.0642957 0.6884897 0.1750835 0.6887913 0.0642957 0.6884897 0.1751679 0.6866119 0.1751679 0.6866119 0.0642957 0.6884897 0.06660813 0.6876225 0.1751679 0.6866119 0.06660813 0.6876225 0.07720077 0.6843274 0.1749818 0.6970902 0.05240142 0.6947042 0.1750019 0.6922771 0.1750019 0.6922771 0.05240142 0.6947042 0.05645388 0.6920901 0.1750019 0.6922771 0.05645388 0.6920901 0.05962693 0.6904793 0.1749929 0.698284 0.04915481 0.6981076 0.1749818 0.6970902 0.1749818 0.6970902 0.04915481 0.6981076 0.05000263 0.6969417 0.1749818 0.6970902 0.05000263 0.6969417 0.05240142 0.6947042 0.1754307 0.7084712 0.05576419 0.7077307 0.1751893 0.7049255 0.1751893 0.7049255 0.05576419 0.7077307 0.05424654 0.7070862 0.04842996 0.6998481 0.04915481 0.6981076 0.04841768 0.7016577 0.04841768 0.7016577 0.04915481 0.6981076 0.1749929 0.698284 0.04841768 0.7016577 0.1749929 0.698284 0.04905128 0.703163 0.04905128 0.703163 0.1749929 0.698284 0.1751418 0.7039082 0.04905128 0.703163 0.1751418 0.7039082 0.05068176 0.7049434 0.05068176 0.7049434 0.1751418 0.7039082 0.1751893 0.7049255 0.05068176 0.7049434 0.1751893 0.7049255 0.05091768 0.7051315 0.05091768 0.7051315 0.1751893 0.7049255 0.05424654 0.7070862 0.9606664 0.09167313 0.9556315 0.001119613 0.9616315 0.08862674 0.9616315 0.08862674 0.9556315 0.001119613 0.9612988 0.001258134 0.9606664 0.09167313 0.9569993 0.1030516 0.9556315 0.001119613 0.9556315 0.001119613 0.9569993 0.1030516 0.9558824 0.1064353 0.9556315 0.001119613 0.9558824 0.1064353 0.9536162 0.001020729 0.9536162 0.001020729 0.9558824 0.1064353 0.9540928 0.1117402 0.9536162 0.001020729 0.9540928 0.1117402 0.9509874 8.31374e-4 0.9509874 8.31374e-4 0.9540928 0.1117402 0.9530649 0.1147 0.9509874 8.31374e-4 0.9530649 0.1147 0.9509874 0.1203793 0.08807641 0.6817718 0.1122629 0.6761994 0.1754707 0.6819718 0.1754707 0.6819718 0.1122629 0.6761994 0.1364552 0.6706395 0.1754707 0.6819718 0.1364552 0.6706395 0.1376107 0.6703857 0.1376107 0.6703857 0.144357 0.6693366 0.1754707 0.6819718 0.1754707 0.6819718 0.144357 0.6693366 0.1512462 0.6689919 0.1754707 0.6819718 0.1512462 0.6689919 0.1766562 0.66905 0.9700769 0.06504416 0.9616315 0.08862674 0.9612988 0.001258134 0.9809011 0.001443505 0.9809979 0.02684605 0.9612988 0.001258134 0.9612988 0.001258134 0.9809979 0.02684605 0.9809857 0.02804929 0.9809857 0.02804929 0.9802817 0.03483992 0.9612988 0.001258134 0.9612988 0.001258134 0.9802817 0.03483992 0.9785032 0.04145437 0.9612988 0.001258134 0.9785032 0.04145437 0.9700769 0.06504416 0.383714 0.9113538 0.3790259 0.9059662 0.386109 0.9068811 0.386109 0.9068811 0.3790259 0.9059662 0.3824906 0.9015582 0.386109 0.9068811 0.3824906 0.9015582 0.3904196 0.904205 0.3904196 0.904205 0.3824906 0.9015582 0.387254 0.8986009 0.3904196 0.904205 0.387254 0.8986009 0.3954907 0.9040426 0.3954907 0.9040426 0.387254 0.8986009 0.405008 0.8914878 0.3954907 0.9040426 0.405008 0.8914878 0.3999636 0.9064375 0.3999636 0.9064375 0.405008 0.8914878 0.406335 0.9016817 0.3999636 0.9064375 0.406335 0.9016817 0.4026398 0.9107479 0.3865525 0.9207352 0.3795424 0.9221014 0.3838763 0.9164248 0.3838763 0.9164248 0.3795424 0.9221014 0.3774572 0.916897 0.3838763 0.9164248 0.3774572 0.916897 0.383714 0.9113538 0.383714 0.9113538 0.3774572 0.916897 0.3772778 0.9112933 0.383714 0.9113538 0.3772778 0.9112933 0.3790259 0.9059662 0.4026398 0.9107479 0.406335 0.9016817 0.4028021 0.9158189 0.4028021 0.9158189 0.406335 0.9016817 0.4071682 0.9169722 0.4028021 0.9158189 0.4071682 0.9169722 0.4004071 0.9202917 0.4004071 0.9202917 0.4071682 0.9169722 0.4066274 0.9322759 0.4004071 0.9202917 0.4066274 0.9322759 0.3960965 0.9229677 0.3960965 0.9229677 0.4066274 0.9322759 0.4063973 0.934888 0.3960965 0.9229677 0.4063973 0.934888 0.3910254 0.9231301 0.3910254 0.9231301 0.4063973 0.934888 0.3882247 0.9289252 0.3910254 0.9231301 0.3882247 0.9289252 0.3865525 0.9207352 0.3865525 0.9207352 0.3882247 0.9289252 0.3832819 0.9262787 0.3865525 0.9207352 0.3832819 0.9262787 0.3795424 0.9221014 0.9728336 0.5857322 0.9724828 0.4983383 0.9753257 0.5962066 0.9753257 0.5962066 0.9724828 0.4983383 0.9753257 0.4980884 0.8155761 0.4974067 0.7175657 0.4976881 0.8261868 0.4944051 0.8261868 0.4944051 0.7175657 0.4976881 0.717751 0.4943819 0.7178618 0.4905411 0.8331818 0.4917008 0.717751 0.4943819 0.717751 0.4943819 0.8331818 0.4917008 0.8285037 0.493593 0.717751 0.4943819 0.8285037 0.493593 0.8261868 0.4944051 0.7178916 0.4863938 0.840425 0.4875656 0.7178618 0.4905411 0.7178618 0.4905411 0.840425 0.4875656 0.836362 0.4901421 0.7178618 0.4905411 0.836362 0.4901421 0.8331818 0.4917008 0.8444314 0.4804338 0.844414 0.482331 0.7178387 0.4821864 0.7178387 0.4821864 0.844414 0.482331 0.8436837 0.4841271 0.7178387 0.4821864 0.8436837 0.4841271 0.7178916 0.4863938 0.7178916 0.4863938 0.8436837 0.4841271 0.8428319 0.4853158 0.7178916 0.4863938 0.8428319 0.4853158 0.840425 0.4875656 0.7175016 0.4745802 0.8370961 0.4737693 0.717706 0.478169 0.717706 0.478169 0.8370961 0.4737693 0.8386132 0.4745069 0.8386132 0.4745069 0.8419392 0.476691 0.717706 0.478169 0.717706 0.478169 0.8419392 0.476691 0.8421747 0.4768977 0.717706 0.478169 0.8421747 0.4768977 0.7178387 0.4821864 0.7178387 0.4821864 0.8421747 0.4768977 0.8438015 0.47883 0.7178387 0.4821864 0.8438015 0.47883 0.8444314 0.4804338 0.9747923 0.4350649 0.9708257 0.4349625 0.9714384 0.3330268 0.9714384 0.3330268 0.972656 0.3296247 0.9747923 0.4350649 0.9747923 0.4350649 0.972656 0.3296247 0.9746516 0.3242886 0.9747923 0.4350649 0.9746516 0.3242886 0.9782955 0.4352351 0.9782955 0.4352351 0.9746516 0.3242886 0.9758275 0.3213096 0.9782955 0.4352351 0.9758275 0.3213096 0.9782955 0.3155875 0.9666314 0.434934 0.966569 0.3475199 0.9708257 0.4349625 0.9708257 0.4349625 0.966569 0.3475199 0.9675619 0.3444603 0.9708257 0.4349625 0.9675619 0.3444603 0.9714384 0.3330268 0.9728336 0.5857322 0.9661702 0.5625195 0.9724828 0.4983383 0.9724828 0.4983383 0.9661702 0.5625195 0.9595214 0.5392988 0.9724828 0.4983383 0.9595214 0.5392988 0.9592174 0.5381878 0.9592174 0.5381878 0.9579483 0.5316256 0.9724828 0.4983383 0.9724828 0.4983383 0.9579483 0.5316256 0.9575001 0.5247988 0.9724828 0.4983383 0.9575001 0.5247988 0.9573981 0.4993889 0.9579368 0.371215 0.966569 0.3475199 0.9666314 0.434934 0.9467682 0.4349786 0.9467501 0.4095628 0.9666314 0.434934 0.9666314 0.434934 0.9467501 0.4095628 0.9467662 0.4083588 0.9467662 0.4083588 0.947501 0.4015561 0.9666314 0.434934 0.9666314 0.434934 0.947501 0.4015561 0.9493239 0.394917 0.9666314 0.434934 0.9493239 0.394917 0.9579368 0.371215 0.4255039 0.9033496 0.4204316 0.9034634 0.4102455 0.8914447 0.4102455 0.8914447 0.4204316 0.9034634 0.4094753 0.901696 0.4204316 0.9034634 0.4160957 0.9060982 0.4094753 0.901696 0.4094753 0.901696 0.4160957 0.9060982 0.4136582 0.9105479 0.4094753 0.901696 0.4136582 0.9105479 0.4094753 0.9170097 0.4094753 0.9170097 0.4136582 0.9105479 0.4137721 0.9156204 0.4094753 0.9170097 0.4137721 0.9156204 0.4112198 0.9348574 0.4372603 0.9049749 0.4325882 0.9101233 0.4299535 0.9057873 0.4102455 0.8914447 0.4283598 0.8975815 0.4255039 0.9033496 0.4255039 0.9033496 0.4283598 0.8975815 0.4319049 0.8992888 0.4255039 0.9033496 0.4319049 0.8992888 0.4299535 0.9057873 0.4299535 0.9057873 0.4319049 0.8992888 0.4349317 0.9018031 0.4299535 0.9057873 0.4349317 0.9018031 0.4372603 0.9049749 0.4137721 0.9156204 0.4164068 0.9199564 0.4112198 0.9348574 0.4112198 0.9348574 0.4164068 0.9199564 0.4208564 0.922394 0.4112198 0.9348574 0.4208564 0.922394 0.4290405 0.9279146 0.4290405 0.9279146 0.4208564 0.922394 0.4259287 0.9222803 0.4290405 0.9279146 0.4259287 0.9222803 0.4325055 0.92605 0.4325055 0.92605 0.4259287 0.9222803 0.4302645 0.9196455 0.4372603 0.9049749 0.4387525 0.908616 0.4325882 0.9101233 0.4325882 0.9101233 0.4387525 0.908616 0.4393196 0.9125097 0.4325882 0.9101233 0.4393196 0.9125097 0.4327021 0.9151957 0.4393196 0.9125097 0.4389278 0.9164251 0.4327021 0.9151957 0.4327021 0.9151957 0.4389278 0.9164251 0.4376004 0.9201294 0.4327021 0.9151957 0.4376004 0.9201294 0.4302645 0.9196455 0.4302645 0.9196455 0.4376004 0.9201294 0.4354164 0.9234025 0.4302645 0.9196455 0.4354164 0.9234025 0.4325055 0.92605 0.2502805 0.8603209 0.2588608 0.8366116 0.2579539 0.924223 0.2388128 0.9241775 0.2390764 0.8987043 0.2579539 0.924223 0.2579539 0.924223 0.2390764 0.8987043 0.2391053 0.8974976 0.2391053 0.8974976 0.2398886 0.8906829 0.2579539 0.924223 0.2579539 0.924223 0.2398886 0.8906829 0.2417187 0.8840371 0.2579539 0.924223 0.2417187 0.8840371 0.2502805 0.8603209 0.9666313 0.2151012 0.9691828 0.1277692 0.9691828 0.2256893 0.8925362 0.07508462 0.8955834 0.173349 0.8909012 0.1730927 0.8852141 0.1729756 0.8862335 0.057563 0.8887103 0.173028 0.8887103 0.173028 0.8862335 0.057563 0.8882616 0.06221562 0.8887103 0.173028 0.8882616 0.06221562 0.8909012 0.1730927 0.8909012 0.1730927 0.8882616 0.06221562 0.8891483 0.06452089 0.8909012 0.1730927 0.8891483 0.06452089 0.8925362 0.07508462 0.8804 0.1729922 0.8819541 0.05036967 0.8852141 0.1729756 0.8852141 0.1729756 0.8819541 0.05036967 0.8845978 0.05440253 0.8852141 0.1729756 0.8845978 0.05440253 0.8862335 0.057563 0.8792083 0.1730118 0.8785323 0.04714721 0.8804 0.1729922 0.8804 0.1729922 0.8785323 0.04714721 0.8797019 0.04798692 0.8804 0.1729922 0.8797019 0.04798692 0.8819541 0.05036967 0.2697492 0.9243714 0.2716367 0.8044639 0.2738109 0.9244875 0.2738109 0.9244875 0.2716367 0.8044639 0.2724736 0.8030144 0.8767917 0.04643404 0.8785323 0.04714721 0.8749891 0.04643338 0.8749891 0.04643338 0.8785323 0.04714721 0.8792083 0.1730118 0.8749891 0.04643338 0.8792083 0.1730118 0.8734961 0.04707622 0.8734961 0.04707622 0.8792083 0.1730118 0.8736081 0.1731968 0.8734961 0.04707622 0.8736081 0.1731968 0.8717387 0.04871714 0.8717387 0.04871714 0.8736081 0.1731968 0.8725979 0.17325 0.8717387 0.04871714 0.8725979 0.17325 0.8715537 0.04895406 0.2746353 0.7998656 0.2738109 0.9244875 0.2724736 0.8030144 0.2598585 0.8335483 0.2639328 0.9242683 0.2588608 0.8366116 0.2588608 0.8366116 0.2639328 0.9242683 0.2579539 0.924223 0.2598585 0.8335483 0.2638869 0.8220776 0.2639328 0.9242683 0.2639328 0.9242683 0.2638869 0.8220776 0.2651984 0.8186558 0.2639328 0.9242683 0.2651984 0.8186558 0.2663196 0.9243032 0.2663196 0.9243032 0.2651984 0.8186558 0.2674014 0.813278 0.2663196 0.9243032 0.2674014 0.813278 0.2697492 0.9243714 0.2697492 0.9243714 0.2674014 0.813278 0.2687345 0.8102684 0.2697492 0.9243714 0.2687345 0.8102684 0.2716367 0.8044639 0.9666313 0.2151012 0.9598701 0.1915839 0.9691828 0.1277692 0.9691828 0.1277692 0.9598701 0.1915839 0.9531258 0.1680592 0.9691828 0.1277692 0.9531258 0.1680592 0.9528191 0.1669343 0.9528191 0.1669343 0.9516035 0.1603161 0.9691828 0.1277692 0.9691828 0.1277692 0.9516035 0.1603161 0.9513264 0.1534736 0.9691828 0.1277692 0.9513264 0.1534736 0.9520683 0.1280817 0.3573326 0.903879 0.3529009 0.9063494 0.347604 0.8914874 0.347604 0.8914874 0.3529009 0.9063494 0.3459911 0.9093471 0.3459911 0.9093471 0.3529009 0.9063494 0.3502982 0.9107045 0.3459911 0.9093471 0.3502982 0.9107045 0.3459911 0.9221439 0.3459911 0.9221439 0.3502982 0.9107045 0.3502218 0.9157775 0.3459911 0.9221439 0.3502218 0.9157775 0.3469501 0.9349048 0.366761 0.906558 0.3738277 0.9055232 0.3692315 0.9109896 0.3692315 0.9109896 0.3738277 0.9055232 0.3756657 0.9108199 0.3692315 0.9109896 0.3756657 0.9108199 0.3691551 0.9160625 0.3502218 0.9157775 0.3526921 0.9202091 0.3469501 0.9349048 0.3469501 0.9349048 0.3526921 0.9202091 0.3570474 0.9228117 0.3469501 0.9349048 0.3570474 0.9228117 0.3650191 0.9286348 0.3650191 0.9286348 0.3570474 0.9228117 0.3621206 0.9228881 0.3650191 0.9286348 0.3621206 0.9228881 0.3699163 0.9259049 0.3699163 0.9259049 0.3621206 0.9228881 0.3665523 0.9204177 0.3699163 0.9259049 0.3665523 0.9204177 0.3735845 0.9216648 0.3735845 0.9216648 0.3665523 0.9204177 0.3691551 0.9160625 0.3735845 0.9216648 0.3691551 0.9160625 0.3755813 0.9164258 0.3755813 0.9164258 0.3691551 0.9160625 0.3756657 0.9108199 0.3573326 0.903879 0.347604 0.8914874 0.3624058 0.9039554 0.3624058 0.9039554 0.347604 0.8914874 0.365476 0.8982985 0.3624058 0.9039554 0.365476 0.8982985 0.366761 0.906558 0.366761 0.906558 0.365476 0.8982985 0.3702889 0.9011746 0.366761 0.906558 0.3702889 0.9011746 0.3738277 0.9055232 0.6913046 0.6715773 0.7789201 0.6719286 0.6805343 0.6746597 0.6805343 0.6746597 0.7789201 0.6719286 0.7788269 0.6773966 0.7787895 0.6833856 0.6630979 0.6813558 0.7788048 0.6797696 0.7788048 0.6797696 0.6630979 0.6813558 0.6677354 0.679273 0.7788048 0.6797696 0.6677354 0.679273 0.7788269 0.6773966 0.7788269 0.6773966 0.6677354 0.679273 0.6700307 0.6783429 0.7788269 0.6773966 0.6700307 0.6783429 0.6805343 0.6746597 0.7788031 0.6880663 0.6559057 0.6855689 0.7787895 0.6833856 0.7787895 0.6833856 0.6559057 0.6855689 0.6599426 0.6829941 0.7787895 0.6833856 0.6599426 0.6829941 0.6630979 0.6813558 0.7788124 0.6891732 0.6526556 0.6887697 0.7788031 0.6880663 0.7788031 0.6880663 0.6526556 0.6887697 0.6535077 0.6876927 0.7788031 0.6880663 0.6535077 0.6876927 0.6559057 0.6855689 0.3021221 0.8224831 0.3006915 0.9420663 0.2988664 0.8221874 0.2988664 0.8221874 0.3006915 0.9420663 0.3000017 0.9434792 0.6519183 0.6903382 0.6526556 0.6887697 0.6518846 0.6919154 0.6518846 0.6919154 0.6526556 0.6887697 0.7788124 0.6891732 0.6518846 0.6919154 0.7788124 0.6891732 0.6524932 0.6931807 0.6524932 0.6931807 0.7788124 0.6891732 0.7788929 0.6940613 0.6524932 0.6931807 0.7788929 0.6940613 0.6540842 0.6946133 0.6540842 0.6946133 0.7788929 0.6940613 0.7789151 0.6948763 0.6540842 0.6946133 0.7789151 0.6948763 0.6543151 0.69476 0.2982957 0.9465218 0.2988664 0.8221874 0.3000017 0.9434792 0.3116132 0.9133093 0.3073529 0.822748 0.3126307 0.9102593 0.3126307 0.9102593 0.3073529 0.822748 0.3132784 0.8228672 0.3116132 0.9133093 0.3076505 0.9247034 0.3073529 0.822748 0.3073529 0.822748 0.3076505 0.9247034 0.3064094 0.9280926 0.3073529 0.822748 0.3064094 0.9280926 0.3051391 0.8226581 0.3051391 0.8226581 0.3064094 0.9280926 0.3043797 0.9334071 0.3051391 0.8226581 0.3043797 0.9334071 0.3021221 0.8224831 0.3021221 0.8224831 0.3043797 0.9334071 0.3031865 0.9363729 0.3021221 0.8224831 0.3031865 0.9363729 0.3006915 0.9420663 0.6913046 0.6715773 0.7152036 0.6645396 0.7789201 0.6719286 0.7789201 0.6719286 0.7152036 0.6645396 0.7391092 0.6575179 0.7789201 0.6719286 0.7391092 0.6575179 0.7402517 0.6571972 0.7402517 0.6571972 0.7469491 0.6558747 0.7789201 0.6719286 0.7789201 0.6719286 0.7469491 0.6558747 0.7538334 0.6554455 0.7789201 0.6719286 0.7538334 0.6554455 0.7793077 0.6555476 0.3214564 0.886647 0.3126307 0.9102593 0.3132784 0.8228672 0.3331444 0.822999 0.3329561 0.8484084 0.3132784 0.8228672 0.3132784 0.8228672 0.3329561 0.8484084 0.3329302 0.8496119 0.3329302 0.8496119 0.3321402 0.8564064 0.3132784 0.8228672 0.3132784 0.8228672 0.3321402 0.8564064 0.330263 0.8630276 0.3132784 0.8228672 0.330263 0.8630276 0.3214564 0.886647 0.4498127 0.9199531 0.4542443 0.9224236 0.4513459 0.9281705 0.4513459 0.9281705 0.4542443 0.9224236 0.4694143 0.9344407 0.4687603 0.891022 0.4590321 0.903414 0.4508889 0.8978332 0.4508889 0.8978332 0.4590321 0.903414 0.4539591 0.9034903 0.4508889 0.8978332 0.4539591 0.9034903 0.4460763 0.9007093 0.4460763 0.9007093 0.4539591 0.9034903 0.4496039 0.906093 0.4460763 0.9007093 0.4496039 0.906093 0.4425376 0.9050581 0.4425376 0.9050581 0.4496039 0.906093 0.4471336 0.9105247 0.4542443 0.9224236 0.4593172 0.9223472 0.4694143 0.9344407 0.4694143 0.9344407 0.4593172 0.9223472 0.4636724 0.9197445 0.4694143 0.9344407 0.4636724 0.9197445 0.4703732 0.9216794 0.4703732 0.9216794 0.4636724 0.9197445 0.4661427 0.9153128 0.4703732 0.9216794 0.4661427 0.9153128 0.4703732 0.9088822 0.4703732 0.9088822 0.4661427 0.9153128 0.4660663 0.9102396 0.4703732 0.9088822 0.4660663 0.9102396 0.4687603 0.891022 0.4687603 0.891022 0.4660663 0.9102396 0.4634636 0.9058843 0.4687603 0.891022 0.4634636 0.9058843 0.4590321 0.903414 0.4513459 0.9281705 0.4464488 0.9254406 0.4498127 0.9199531 0.4498127 0.9199531 0.4464488 0.9254406 0.4427807 0.9212003 0.4498127 0.9199531 0.4427807 0.9212003 0.44721 0.9155979 0.44721 0.9155979 0.4427807 0.9212003 0.440784 0.9159611 0.44721 0.9155979 0.440784 0.9159611 0.4471336 0.9105247 0.4471336 0.9105247 0.440784 0.9159611 0.4406995 0.910355 0.4471336 0.9105247 0.4406995 0.910355 0.4425376 0.9050581 0.8637791 0.149304 0.8637853 0.1505727 0.8546802 0.1507458 0.8637791 0.149304 0.8546802 0.1507458 0.8637248 0.1420879 0.8541648 0.1351439 0.8636387 0.1349627 0.8637248 0.1420879 0.7417733 0.5236473 0.7413626 0.5129405 0.7486155 0.512593 0.8637248 0.1420879 0.8545327 0.1428786 0.8541648 0.1351439 0.8541648 0.1351439 0.8545327 0.1428786 0.8391899 0.1430872 0.8541648 0.1351439 0.8391899 0.1430872 0.8389996 0.13535 0.8389996 0.13535 0.8391899 0.1430872 0.8237384 0.1431943 0.8389996 0.13535 0.8237384 0.1431943 0.8237268 0.1354559 0.8237268 0.1354559 0.8237384 0.1431943 0.8083025 0.1431993 0.8237268 0.1354559 0.8083025 0.1431993 0.8084696 0.1354609 0.8084696 0.1354609 0.8083025 0.1431993 0.7930065 0.1431019 0.8084696 0.1354609 0.7930065 0.1431019 0.7933507 0.1353647 0.7933507 0.1353647 0.7930065 0.1431019 0.7779737 0.1429032 0.7933507 0.1353647 0.7779737 0.1429032 0.7784919 0.1351682 0.7784919 0.1351682 0.7779737 0.1429032 0.763325 0.1426045 0.7784919 0.1351682 0.763325 0.1426045 0.7640127 0.134873 0.7640127 0.134873 0.763325 0.1426045 0.7491784 0.1422084 0.7640127 0.134873 0.7491784 0.1422084 0.7500298 0.1344814 0.7500298 0.1344814 0.7491784 0.1422084 0.7356477 0.141718 0.7500298 0.1344814 0.7356477 0.141718 0.7366557 0.1339967 0.7366557 0.1339967 0.7356477 0.141718 0.722842 0.1411373 0.7366557 0.1339967 0.722842 0.1411373 0.7239982 0.1334227 0.7239982 0.1334227 0.722842 0.1411373 0.7108643 0.1404709 0.7239982 0.1334227 0.7108643 0.1404709 0.7121592 0.1327641 0.759411 0.5601199 0.751706 0.5613951 0.7508982 0.5487431 0.759411 0.5601199 0.7508982 0.5487431 0.7586126 0.5476144 0.7586126 0.5476144 0.7508982 0.5487431 0.7501788 0.5353456 0.7586126 0.5476144 0.7501788 0.5353456 0.7579014 0.534372 0.7579014 0.534372 0.7501788 0.5353456 0.7496358 0.5233268 0.7579014 0.534372 0.7496358 0.5233268 0.7573648 0.5224922 0.8637248 0.1420879 0.8546802 0.1507458 0.8545327 0.1428786 0.8545327 0.1428786 0.8546802 0.1507458 0.8392776 0.1509552 0.8545327 0.1428786 0.8392776 0.1509552 0.8391899 0.1430872 0.8391899 0.1430872 0.8392776 0.1509552 0.8237659 0.1510627 0.8391899 0.1430872 0.8237659 0.1510627 0.8237384 0.1431943 0.8237384 0.1431943 0.8237659 0.1510627 0.8082699 0.1510677 0.8237384 0.1431943 0.8082699 0.1510677 0.8083025 0.1431993 0.8083025 0.1431993 0.8082699 0.1510677 0.7929143 0.1509701 0.8083025 0.1431993 0.7929143 0.1509701 0.7930065 0.1431019 0.7930065 0.1431019 0.7929143 0.1509701 0.7778229 0.1507705 0.7930065 0.1431019 0.7778229 0.1507705 0.7779737 0.1429032 0.7779737 0.1429032 0.7778229 0.1507705 0.7631171 0.1504707 0.7779737 0.1429032 0.7631171 0.1504707 0.763325 0.1426045 0.763325 0.1426045 0.7631171 0.1504707 0.7489154 0.1500731 0.763325 0.1426045 0.7489154 0.1500731 0.7491784 0.1422084 0.7491784 0.1422084 0.7489154 0.1500731 0.7353321 0.1495807 0.7491784 0.1422084 0.7353321 0.1495807 0.7356477 0.141718 0.7356477 0.141718 0.7353321 0.1495807 0.7224764 0.1489977 0.7356477 0.141718 0.7224764 0.1489977 0.722842 0.1411373 0.722842 0.1411373 0.7224764 0.1489977 0.7104521 0.1483288 0.722842 0.1411373 0.7104521 0.1483288 0.7108643 0.1404709 0.751706 0.5613951 0.7438515 0.5618638 0.7430406 0.5491626 0.751706 0.5613951 0.7430406 0.5491626 0.7508982 0.5487431 0.7508982 0.5487431 0.7430406 0.5491626 0.7423183 0.5357129 0.7508982 0.5487431 0.7423183 0.5357129 0.7501788 0.5353456 0.7501788 0.5353456 0.7423183 0.5357129 0.7417733 0.5236473 0.7501788 0.5353456 0.7417733 0.5236473 0.7496358 0.5233268 0.7496358 0.5233268 0.7417733 0.5236473 0.7486155 0.512593 0.7496358 0.5233268 0.7486155 0.512593 0.7573648 0.5224922 0.7573648 0.5224922 0.7486155 0.512593 0.7557247 0.5116745 0.7573648 0.5224922 0.7557247 0.5116745 0.7569431 0.511457 0.7414971 0.4627015 0.740229 0.4627082 0.7401176 0.4456716 0.7414971 0.4627015 0.7401176 0.4456716 0.7487148 0.4627684 0.7557346 0.4457181 0.7558498 0.463014 0.7487148 0.4627684 0.1506356 0.6516532 0.1512923 0.6661195 0.1440403 0.6664786 0.7487148 0.4627684 0.7479866 0.4456537 0.7557346 0.4457181 0.7557346 0.4457181 0.7479866 0.4456537 0.7480028 0.4302803 0.7557346 0.4457181 0.7480028 0.4302803 0.7557507 0.4305226 0.7557507 0.4305226 0.7480028 0.4302803 0.7481307 0.4151151 0.7557507 0.4305226 0.7481307 0.4151151 0.7558771 0.415533 0.7558771 0.415533 0.7481307 0.4151151 0.7483692 0.4002804 0.7558771 0.415533 0.7483692 0.4002804 0.7561129 0.4008699 0.7561129 0.4008699 0.7483692 0.4002804 0.7487164 0.3858954 0.7561129 0.4008699 0.7487164 0.3858954 0.7564561 0.3866515 0.7564561 0.3866515 0.7487164 0.3858954 0.7491696 0.3720762 0.7564561 0.3866515 0.7491696 0.3720762 0.756904 0.3729922 0.756904 0.3729922 0.7491696 0.3720762 0.749725 0.3589339 0.756904 0.3729922 0.749725 0.3589339 0.7574529 0.3600021 0.7574529 0.3600021 0.749725 0.3589339 0.7503781 0.3465744 0.7574529 0.3600021 0.7503781 0.3465744 0.7580986 0.3477855 0.7580986 0.3477855 0.7503781 0.3465744 0.7511239 0.3350971 0.7580986 0.3477855 0.7511239 0.3350971 0.7588356 0.336441 0.7588356 0.336441 0.7511239 0.3350971 0.7519561 0.3245944 0.7588356 0.336441 0.7519561 0.3245944 0.7596582 0.3260599 0.1327708 0.6193884 0.140462 0.6178749 0.1413125 0.6283055 0.1327708 0.6193884 0.1413125 0.6283055 0.1336115 0.6296982 0.1336115 0.6296982 0.1413125 0.6283055 0.1420856 0.639717 0.1336115 0.6296982 0.1420856 0.639717 0.1343756 0.6409777 0.1343756 0.6409777 0.1420856 0.639717 0.1427751 0.6520176 0.1343756 0.6409777 0.1427751 0.6520176 0.1350572 0.6531359 0.7487148 0.4627684 0.7401176 0.4456716 0.7479866 0.4456537 0.7479866 0.4456537 0.7401176 0.4456716 0.740134 0.4302383 0.7479866 0.4456537 0.740134 0.4302383 0.7480028 0.4302803 0.7480028 0.4302803 0.740134 0.4302383 0.7402623 0.415014 0.7480028 0.4302803 0.7402623 0.415014 0.7481307 0.4151151 0.7481307 0.4151151 0.7402623 0.415014 0.7405018 0.4001215 0.7481307 0.4151151 0.7405018 0.4001215 0.7483692 0.4002804 0.7483692 0.4002804 0.7405018 0.4001215 0.7408503 0.3856805 0.7483692 0.4002804 0.7408503 0.3856805 0.7487164 0.3858954 0.7487164 0.3858954 0.7408503 0.3856805 0.7413052 0.3718075 0.7487164 0.3858954 0.7413052 0.3718075 0.7491696 0.3720762 0.7491696 0.3720762 0.7413052 0.3718075 0.7418628 0.358614 0.7491696 0.3720762 0.7418628 0.358614 0.749725 0.3589339 0.749725 0.3589339 0.7418628 0.358614 0.7425186 0.3462063 0.749725 0.3589339 0.7425186 0.3462063 0.7503781 0.3465744 0.7503781 0.3465744 0.7425186 0.3462063 0.7432671 0.3346843 0.7503781 0.3465744 0.7432671 0.3346843 0.7511239 0.3350971 0.7511239 0.3350971 0.7432671 0.3346843 0.7441026 0.3241407 0.7511239 0.3350971 0.7441026 0.3241407 0.7519561 0.3245944 0.140462 0.6178749 0.1483134 0.6173775 0.1491672 0.6278488 0.140462 0.6178749 0.1491672 0.6278488 0.1413125 0.6283055 0.1413125 0.6283055 0.1491672 0.6278488 0.1499434 0.6393047 0.1413125 0.6283055 0.1499434 0.6393047 0.1420856 0.639717 0.1420856 0.639717 0.1499434 0.6393047 0.1506356 0.6516532 0.1420856 0.639717 0.1506356 0.6516532 0.1427751 0.6520176 0.1427751 0.6520176 0.1506356 0.6516532 0.1440403 0.6664786 0.1427751 0.6520176 0.1440403 0.6664786 0.1350572 0.6531359 0.1350572 0.6531359 0.1440403 0.6664786 0.1369385 0.6675715 0.1350572 0.6531359 0.1369385 0.6675715 0.1357221 0.667836 0.7532518 0.6941289 0.7545226 0.6941291 0.7545368 0.6954853 0.7390177 0.6966143 0.7389988 0.6948143 0.746054 0.6943139 0.92419 0.132696 0.9098685 0.134658 0.9113423 0.1333626 0.9113423 0.1333626 0.9098685 0.134658 0.9095924 0.1334444 0.746054 0.6943139 0.7466813 0.6957538 0.7390177 0.6966143 0.7390177 0.6966143 0.7466813 0.6957538 0.7468047 0.709881 0.7390177 0.6966143 0.7468047 0.709881 0.7391396 0.710578 0.7391396 0.710578 0.7468047 0.709881 0.746889 0.7245142 0.7391396 0.710578 0.746889 0.7245142 0.739223 0.7250419 0.739223 0.7250419 0.746889 0.7245142 0.7469336 0.7395358 0.739223 0.7250419 0.7469336 0.7395358 0.739267 0.7398895 0.739267 0.7398895 0.7469336 0.7395358 0.7469381 0.7548246 0.739267 0.7398895 0.7469381 0.7548246 0.7392715 0.7550015 0.7392715 0.7550015 0.7469381 0.7548246 0.7469025 0.7702578 0.7392715 0.7550015 0.7469025 0.7702578 0.7392363 0.770256 0.7392363 0.770256 0.7469025 0.7702578 0.7468271 0.7857109 0.7392363 0.770256 0.7468271 0.7857109 0.7391618 0.7855303 0.7391618 0.7855303 0.7468271 0.7857109 0.7467126 0.8010596 0.7391618 0.7855303 0.7467126 0.8010596 0.7390486 0.8007013 0.7390486 0.8007013 0.7467126 0.8010596 0.7465597 0.8161802 0.7390486 0.8007013 0.7465597 0.8161802 0.7388974 0.815647 0.7388974 0.815647 0.7465597 0.8161802 0.7463697 0.8309512 0.7388974 0.815647 0.7463697 0.8309512 0.7387096 0.8302469 0.7387096 0.8302469 0.7463697 0.8309512 0.7461442 0.8452534 0.7387096 0.8302469 0.7461442 0.8452534 0.7384868 0.8443837 0.7384868 0.8443837 0.7461442 0.8452534 0.745885 0.8589718 0.7384868 0.8443837 0.745885 0.8589718 0.7382306 0.8579433 0.7382306 0.8579433 0.745885 0.8589718 0.7455942 0.871996 0.7382306 0.8579433 0.7455942 0.871996 0.7379432 0.8708167 0.9362442 0.1319506 0.9375733 0.1396479 0.9253779 0.1404021 0.9362442 0.1319506 0.9253779 0.1404021 0.92419 0.132696 0.92419 0.132696 0.9253779 0.1404021 0.9110234 0.141749 0.92419 0.132696 0.9110234 0.141749 0.9098685 0.134658 0.9114363 0.1489984 0.9110234 0.141749 0.9127526 0.1489366 0.9127526 0.1489366 0.9110234 0.141749 0.9253779 0.1404021 0.9127526 0.1489366 0.9253779 0.1404021 0.9258013 0.1482596 0.9258013 0.1482596 0.9253779 0.1404021 0.9375733 0.1396479 0.9258013 0.1482596 0.9375733 0.1396479 0.9380443 0.1475026 0.7534455 0.8724141 0.7455942 0.871996 0.745885 0.8589718 0.7534455 0.8724141 0.745885 0.8589718 0.7537374 0.8593392 0.7537374 0.8593392 0.745885 0.8589718 0.7461442 0.8452534 0.7537374 0.8593392 0.7461442 0.8452534 0.7539976 0.8455674 0.7539976 0.8455674 0.7461442 0.8452534 0.7463697 0.8309512 0.7539976 0.8455674 0.7463697 0.8309512 0.754224 0.8312094 0.754224 0.8312094 0.7463697 0.8309512 0.7465597 0.8161802 0.754224 0.8312094 0.7465597 0.8161802 0.7544147 0.8163809 0.7544147 0.8163809 0.7465597 0.8161802 0.7467126 0.8010596 0.7544147 0.8163809 0.7467126 0.8010596 0.7545682 0.8012013 0.7545682 0.8012013 0.7467126 0.8010596 0.7468271 0.7857109 0.7545682 0.8012013 0.7468271 0.7857109 0.7546832 0.7857928 0.7546832 0.7857928 0.7468271 0.7857109 0.7469025 0.7702578 0.7546832 0.7857928 0.7469025 0.7702578 0.7547589 0.7702795 0.7547589 0.7702795 0.7469025 0.7702578 0.7469381 0.7548246 0.7547589 0.7702795 0.7469381 0.7548246 0.7547946 0.7547863 0.7547946 0.7547863 0.7469381 0.7548246 0.7469336 0.7395358 0.7547946 0.7547863 0.7469336 0.7395358 0.7547901 0.7394378 0.7547901 0.7394378 0.7469336 0.7395358 0.746889 0.7245142 0.7547901 0.7394378 0.746889 0.7245142 0.7547453 0.7243577 0.7547453 0.7243577 0.746889 0.7245142 0.7468047 0.709881 0.7547453 0.7243577 0.7468047 0.709881 0.7546607 0.7096675 0.7546607 0.7096675 0.7468047 0.709881 0.7466813 0.6957538 0.7546607 0.7096675 0.7466813 0.6957538 0.7545368 0.6954853 0.7545368 0.6954853 0.7466813 0.6957538 0.746054 0.6943139 0.7545368 0.6954853 0.746054 0.6943139 0.7532518 0.6941289 0.1512908 0.7139714 0.1525593 0.7139739 0.1526889 0.7252659 0.7536742 0.6460407 0.7538381 0.6525374 0.7465913 0.6529861 0.1512908 0.7139714 0.1526889 0.7252659 0.1440739 0.7139685 0.1370788 0.7256143 0.136944 0.7139859 0.1440739 0.7139685 0.1440739 0.7139685 0.1448205 0.7253447 0.1370788 0.7256143 0.1370788 0.7256143 0.1448205 0.7253447 0.1448979 0.7385488 0.1370788 0.7256143 0.1448979 0.7385488 0.1371554 0.7386656 0.1371554 0.7386656 0.1448979 0.7385488 0.1448894 0.7540053 0.1371554 0.7386656 0.1448894 0.7540053 0.137147 0.7539432 0.137147 0.7539432 0.1448894 0.7540053 0.1447746 0.7694307 0.137147 0.7539432 0.1447746 0.7694307 0.1370335 0.7691901 0.1370335 0.7691901 0.1447746 0.7694307 0.1445546 0.7847008 0.1370335 0.7691901 0.1445546 0.7847008 0.136816 0.7842834 0.136816 0.7842834 0.1445546 0.7847008 0.1442311 0.7996926 0.136816 0.7842834 0.1442311 0.7996926 0.1364963 0.7991017 0.1364963 0.7991017 0.1442311 0.7996926 0.1438067 0.8142854 0.1364963 0.7991017 0.1438067 0.8142854 0.1360769 0.8135256 0.1360769 0.8135256 0.1438067 0.8142854 0.1432849 0.8283618 0.1360769 0.8135256 0.1432849 0.8283618 0.1355611 0.8274391 0.1355611 0.8274391 0.1432849 0.8283618 0.1426698 0.8418084 0.1355611 0.8274391 0.1426698 0.8418084 0.1349531 0.8407301 0.1349531 0.8407301 0.1426698 0.8418084 0.1419664 0.8545169 0.1349531 0.8407301 0.1419664 0.8545169 0.1342579 0.8532915 0.1342579 0.8532915 0.1419664 0.8545169 0.1411804 0.8663851 0.1342579 0.8532915 0.1411804 0.8663851 0.1334809 0.8650223 0.1334809 0.8650223 0.1411804 0.8663851 0.140318 0.8773173 0.1334809 0.8650223 0.140318 0.8773173 0.1326285 0.875828 0.1326285 0.875828 0.140318 0.8773173 0.1393863 0.8872256 0.1326285 0.875828 0.1393863 0.8872256 0.1317076 0.8856216 0.7378742 0.6380443 0.7455244 0.636498 0.7458221 0.6465011 0.7378742 0.6380443 0.7458221 0.6465011 0.7381684 0.6479316 0.1440739 0.7139685 0.1526889 0.7252659 0.1448205 0.7253447 0.1448205 0.7253447 0.1526889 0.7252659 0.1527667 0.7385216 0.1448205 0.7253447 0.1527667 0.7385216 0.1448979 0.7385488 0.1448979 0.7385488 0.1527667 0.7385216 0.152758 0.7540383 0.1448979 0.7385488 0.152758 0.7540383 0.1448894 0.7540053 0.1448894 0.7540053 0.152758 0.7540383 0.1526429 0.7695237 0.1448894 0.7540053 0.1526429 0.7695237 0.1447746 0.7694307 0.1447746 0.7694307 0.1526429 0.7695237 0.152422 0.7848533 0.1447746 0.7694307 0.152422 0.7848533 0.1445546 0.7847008 0.1445546 0.7847008 0.152422 0.7848533 0.1520972 0.7999035 0.1445546 0.7847008 0.1520972 0.7999035 0.1442311 0.7996926 0.1442311 0.7996926 0.1520972 0.7999035 0.1516712 0.8145532 0.1442311 0.7996926 0.1516712 0.8145532 0.1438067 0.8142854 0.1438067 0.8142854 0.1516712 0.8145532 0.1511473 0.8286844 0.1438067 0.8142854 0.1511473 0.8286844 0.1432849 0.8283618 0.1432849 0.8283618 0.1511473 0.8286844 0.1505299 0.8421834 0.1432849 0.8283618 0.1505299 0.8421834 0.1426698 0.8418084 0.1426698 0.8418084 0.1505299 0.8421834 0.1498237 0.8549414 0.1426698 0.8418084 0.1498237 0.8549414 0.1419664 0.8545169 0.1419664 0.8545169 0.1498237 0.8549414 0.1490346 0.8668558 0.1419664 0.8545169 0.1490346 0.8668558 0.1411804 0.8663851 0.1411804 0.8663851 0.1490346 0.8668558 0.1481689 0.8778306 0.1411804 0.8663851 0.1481689 0.8778306 0.140318 0.8773173 0.140318 0.8773173 0.1481689 0.8778306 0.1472336 0.8877775 0.140318 0.8773173 0.1472336 0.8877775 0.1393863 0.8872256 0.7455244 0.636498 0.7533754 0.6359987 0.7536742 0.6460407 0.7455244 0.636498 0.7536742 0.6460407 0.7458221 0.6465011 0.7458221 0.6465011 0.7536742 0.6460407 0.7465913 0.6529861 0.7458221 0.6465011 0.7465913 0.6529861 0.7381684 0.6479316 0.7381684 0.6479316 0.7465913 0.6529861 0.7395412 0.6543689 0.7381684 0.6479316 0.7395412 0.6543689 0.7383386 0.6547041 0.9809979 0.02684605 0.9809011 0.001443505 0.9818661 0.001471877 0.9809979 0.02684605 0.9818661 0.001471877 0.9819628 0.02687442 0.9819628 0.02687442 0.9818661 0.001471877 0.9825563 0.001532137 0.9819628 0.02687442 0.9825563 0.001532137 0.9826531 0.02693468 0.1525275 0.7130289 0.1779375 0.7130871 0.1779693 0.7140321 0.1525275 0.7130289 0.1779693 0.7140321 0.1525593 0.7139739 0.9809857 0.02804929 0.9809979 0.02684605 0.9819504 0.02810615 0.9819504 0.02810615 0.9809979 0.02684605 0.9819628 0.02687442 0.9819504 0.02810615 0.9819628 0.02687442 0.9826404 0.02818912 0.9826404 0.02818912 0.9819628 0.02687442 0.9826531 0.02693468 0.1512712 0.7130263 0.1525275 0.7130289 0.1512908 0.7139714 0.1512908 0.7139714 0.1525275 0.7130289 0.1525593 0.7139739 0.9802817 0.03483992 0.9809857 0.02804929 0.9812313 0.03505796 0.9812313 0.03505796 0.9809857 0.02804929 0.9819504 0.02810615 0.9812313 0.03505796 0.9819504 0.02810615 0.9819083 0.03526896 0.9819083 0.03526896 0.9819504 0.02810615 0.9826404 0.02818912 0.1441234 0.7130208 0.1512712 0.7130263 0.1440739 0.7139685 0.1440739 0.7139685 0.1512712 0.7130263 0.1512908 0.7139714 0.9785032 0.04145437 0.9802817 0.03483992 0.9794145 0.04183048 0.9794145 0.04183048 0.9802817 0.03483992 0.9812313 0.03505796 0.9794145 0.04183048 0.9812313 0.03505796 0.9800586 0.0421667 0.9800586 0.0421667 0.9812313 0.03505796 0.9819083 0.03526896 0.1370608 0.7130317 0.1441234 0.7130208 0.136944 0.7139859 0.136944 0.7139859 0.1441234 0.7130208 0.1440739 0.7139685 0.9700769 0.06504416 0.9785032 0.04145437 0.9709818 0.06541818 0.9709818 0.06541818 0.9785032 0.04145437 0.9794145 0.04183048 0.9709818 0.06541818 0.9794145 0.04183048 0.9716249 0.0657534 0.9716249 0.0657534 0.9794145 0.04183048 0.9800586 0.0421667 0.1127235 0.7130511 0.1370608 0.7130317 0.112605 0.7139946 0.112605 0.7139946 0.1370608 0.7130317 0.136944 0.7139859 0.9616315 0.08862674 0.9700769 0.06504416 0.9625294 0.08899855 0.9625294 0.08899855 0.9700769 0.06504416 0.9709818 0.06541818 0.9625294 0.08899855 0.9709818 0.06541818 0.9631712 0.08933264 0.9631712 0.08933264 0.9709818 0.06541818 0.9716249 0.0657534 0.08839166 0.7130696 0.1127235 0.7130511 0.08827137 0.7140011 0.08827137 0.7140011 0.1127235 0.7130511 0.112605 0.7139946 0.08839166 0.7130696 0.08827137 0.7140011 0.08512616 0.7139689 0.9625294 0.08899855 0.9631712 0.08933264 0.9620994 0.09236997 0.9616315 0.08862674 0.9625294 0.08899855 0.9615077 0.09203851 0.9616315 0.08862674 0.9615077 0.09203851 0.9606664 0.09167313 0.9606664 0.09167313 0.9615077 0.09203851 0.9576124 0.1033934 0.9606664 0.09167313 0.9576124 0.1033934 0.9569993 0.1030516 0.9569993 0.1030516 0.9576124 0.1033934 0.9564227 0.10677 0.9569993 0.1030516 0.9564227 0.10677 0.9558824 0.1064353 0.9558824 0.1064353 0.9564227 0.10677 0.9540928 0.1117402 0.9540928 0.1117402 0.9564227 0.10677 0.9534161 0.1150157 0.9540928 0.1117402 0.9534161 0.1150157 0.9530649 0.1147 0.9530649 0.1147 0.9534161 0.1150157 0.951196 0.1206792 0.06179976 0.7095741 0.05551087 0.7080355 0.05576419 0.7077307 0.05576419 0.7077307 0.05551087 0.7080355 0.05399245 0.7073685 0.05576419 0.7077307 0.05399245 0.7073685 0.05424654 0.7070862 0.05424654 0.7070862 0.05399245 0.7073685 0.05066108 0.7053352 0.05424654 0.7070862 0.05066108 0.7053352 0.05091768 0.7051315 0.05091768 0.7051315 0.05066108 0.7053352 0.05042493 0.7051389 0.05091768 0.7051315 0.05042493 0.7051389 0.05068176 0.7049434 0.05068176 0.7049434 0.05042493 0.7051389 0.04879194 0.7032775 0.05068176 0.7049434 0.04879194 0.7032775 0.04905128 0.703163 0.04905128 0.703163 0.04879194 0.7032775 0.04815632 0.7016998 0.04905128 0.703163 0.04815632 0.7016998 0.04841768 0.7016577 0.04841768 0.7016577 0.04815632 0.7016998 0.04816627 0.6998003 0.04841768 0.7016577 0.04816627 0.6998003 0.04842996 0.6998481 0.04842996 0.6998481 0.04816627 0.6998003 0.04888892 0.697972 0.04842996 0.6998481 0.04888892 0.697972 0.04915481 0.6981076 0.04915481 0.6981076 0.04888892 0.697972 0.04973542 0.6967471 0.04915481 0.6981076 0.04973542 0.6967471 0.05000263 0.6969417 0.05000263 0.6969417 0.04973542 0.6967471 0.05213159 0.6943972 0.05000263 0.6969417 0.05213159 0.6943972 0.05240142 0.6947042 0.05240142 0.6947042 0.05213159 0.6943972 0.05618101 0.6916559 0.05240142 0.6947042 0.05618101 0.6916559 0.05645388 0.6920901 0.05645388 0.6920901 0.05618101 0.6916559 0.05935209 0.6899704 0.05645388 0.6920901 0.05935209 0.6899704 0.05962693 0.6904793 0.08839166 0.7130696 0.08512616 0.7139689 0.08525884 0.713072 0.08525884 0.713072 0.08512616 0.7139689 0.07331919 0.7132021 0.08525884 0.713072 0.07331919 0.7132021 0.07349401 0.7124528 0.07349401 0.7124528 0.07331919 0.7132021 0.06978613 0.7127383 0.07349401 0.7124528 0.06978613 0.7127383 0.06997233 0.7120403 0.06997233 0.7120403 0.06978613 0.7127383 0.06109374 0.7109469 0.06997233 0.7120403 0.06109374 0.7109469 0.06130653 0.7103965 0.06130653 0.7103965 0.06109374 0.7109469 0.05503296 0.7088186 0.06130653 0.7103965 0.05503296 0.7088186 0.0552634 0.7084037 0.0552634 0.7084037 0.05503296 0.7088186 0.05350822 0.7080748 0.0552634 0.7084037 0.05350822 0.7080748 0.05374324 0.7077023 0.05374324 0.7077023 0.05350822 0.7080748 0.05016189 0.7058205 0.05374324 0.7077023 0.05016189 0.7058205 0.05040717 0.7055667 0.05040717 0.7055667 0.05016189 0.7058205 0.04992455 0.7056036 0.05040717 0.7055667 0.04992455 0.7056036 0.0501706 0.7053607 0.0501706 0.7053607 0.04992455 0.7056036 0.04828226 0.7035517 0.0501706 0.7053607 0.04828226 0.7035517 0.04853427 0.7034077 0.04853427 0.7034077 0.04828226 0.7035517 0.04764091 0.7018178 0.04853427 0.7034077 0.04764091 0.7018178 0.04789626 0.7017534 0.04789626 0.7017534 0.04764091 0.7018178 0.04764616 0.6997344 0.04789626 0.7017534 0.04764616 0.6997344 0.04790383 0.6997622 0.04790383 0.6997622 0.04764616 0.6997344 0.04836624 0.697732 0.04790383 0.6997622 0.04836624 0.697732 0.04862457 0.6978461 0.04862457 0.6978461 0.04836624 0.697732 0.04921203 0.6963914 0.04862457 0.6978461 0.04921203 0.6963914 0.04947 0.6965624 0.04947 0.6965624 0.04921203 0.6963914 0.05160909 0.6938201 0.04947 0.6965624 0.05160909 0.6938201 0.05186468 0.6940994 0.05186468 0.6940994 0.05160909 0.6938201 0.0556634 0.690819 0.05186468 0.6940994 0.0556634 0.690819 0.05591309 0.6912251 0.05591309 0.6912251 0.0556634 0.690819 0.05883973 0.6889714 0.05591309 0.6912251 0.05883973 0.6889714 0.05908393 0.6894568 0.05908393 0.6894568 0.05883973 0.6889714 0.06583118 0.6856982 0.05908393 0.6894568 0.06583118 0.6856982 0.06606137 0.6863293 0.06606137 0.6863293 0.06583118 0.6856982 0.07644414 0.6819292 0.06606137 0.6863293 0.07644414 0.6819292 0.07664835 0.682744 0.07664835 0.682744 0.07644414 0.6819292 0.087345 0.6790126 0.07664835 0.682744 0.087345 0.6790126 0.08751589 0.679993 0.9625294 0.08899855 0.9620994 0.09236997 0.9615077 0.09203851 0.9615077 0.09203851 0.9620994 0.09236997 0.9580194 0.1037135 0.08547949 0.7124369 0.07349401 0.7124528 0.07372409 0.7118684 0.07372409 0.7118684 0.07349401 0.7124528 0.06997233 0.7120403 0.07372409 0.7118684 0.06997233 0.7120403 0.07020545 0.7114812 0.07020545 0.7114812 0.06997233 0.7120403 0.06130653 0.7103965 0.07020545 0.7114812 0.06130653 0.7103965 0.06154757 0.7099277 0.06154757 0.7099277 0.06130653 0.7103965 0.0552634 0.7084037 0.06154757 0.7099277 0.0552634 0.7084037 0.05551087 0.7080355 0.05551087 0.7080355 0.0552634 0.7084037 0.05374324 0.7077023 0.05551087 0.7080355 0.05374324 0.7077023 0.05399245 0.7073685 0.05399245 0.7073685 0.05374324 0.7077023 0.05040717 0.7055667 0.05399245 0.7073685 0.05040717 0.7055667 0.05066108 0.7053352 0.05066108 0.7053352 0.05040717 0.7055667 0.0501706 0.7053607 0.05066108 0.7053352 0.0501706 0.7053607 0.05042493 0.7051389 0.05042493 0.7051389 0.0501706 0.7053607 0.04853427 0.7034077 0.05042493 0.7051389 0.04853427 0.7034077 0.04879194 0.7032775 0.04879194 0.7032775 0.04853427 0.7034077 0.04789626 0.7017534 0.04879194 0.7032775 0.04789626 0.7017534 0.04815632 0.7016998 0.04815632 0.7016998 0.04789626 0.7017534 0.04790383 0.6997622 0.04815632 0.7016998 0.04790383 0.6997622 0.04816627 0.6998003 0.04816627 0.6998003 0.04790383 0.6997622 0.04862457 0.6978461 0.04816627 0.6998003 0.04862457 0.6978461 0.04888892 0.697972 0.04888892 0.697972 0.04862457 0.6978461 0.04947 0.6965624 0.04888892 0.697972 0.04947 0.6965624 0.04973542 0.6967471 0.04973542 0.6967471 0.04947 0.6965624 0.05186468 0.6940994 0.04973542 0.6967471 0.05186468 0.6940994 0.05213159 0.6943972 0.05213159 0.6943972 0.05186468 0.6940994 0.05591309 0.6912251 0.05213159 0.6943972 0.05591309 0.6912251 0.05618101 0.6916559 0.05618101 0.6916559 0.05591309 0.6912251 0.05908393 0.6894568 0.05618101 0.6916559 0.05908393 0.6894568 0.05935209 0.6899704 0.05935209 0.6899704 0.05908393 0.6894568 0.06606137 0.6863293 0.05935209 0.6899704 0.06606137 0.6863293 0.066329 0.686992 0.066329 0.686992 0.06606137 0.6863293 0.07664835 0.682744 0.066329 0.686992 0.07664835 0.682744 0.07691353 0.6835845 0.07691353 0.6835845 0.07664835 0.682744 0.08751589 0.679993 0.07691353 0.6835845 0.08751589 0.679993 0.08777719 0.6809789 0.05962693 0.6904793 0.05935209 0.6899704 0.0642957 0.6884897 0.0642957 0.6884897 0.05935209 0.6899704 0.066329 0.686992 0.0642957 0.6884897 0.066329 0.686992 0.06660813 0.6876225 0.06660813 0.6876225 0.066329 0.686992 0.07691353 0.6835845 0.06660813 0.6876225 0.07691353 0.6835845 0.07720077 0.6843274 0.07720077 0.6843274 0.07691353 0.6835845 0.08777719 0.6809789 0.07720077 0.6843274 0.08777719 0.6809789 0.08807641 0.6817718 0.1122629 0.6761994 0.08807641 0.6817718 0.1119621 0.6753985 0.1119621 0.6753985 0.08807641 0.6817718 0.08777719 0.6809789 0.1119621 0.6753985 0.08777719 0.6809789 0.1117001 0.6744031 0.1117001 0.6744031 0.08777719 0.6809789 0.08751589 0.679993 0.1117001 0.6744031 0.08751589 0.679993 0.1115306 0.6734168 0.1115306 0.6734168 0.08751589 0.679993 0.087345 0.6790126 0.1364552 0.6706395 0.1122629 0.6761994 0.136153 0.6698315 0.136153 0.6698315 0.1122629 0.6761994 0.1119621 0.6753985 0.136153 0.6698315 0.1119621 0.6753985 0.1358904 0.6688275 0.1358904 0.6688275 0.1119621 0.6753985 0.1117001 0.6744031 0.1358904 0.6688275 0.1117001 0.6744031 0.1357221 0.667836 0.1357221 0.667836 0.1117001 0.6744031 0.1115306 0.6734168 0.1376107 0.6703857 0.1364552 0.6706395 0.1373361 0.6695725 0.1373361 0.6695725 0.1364552 0.6706395 0.136153 0.6698315 0.1373361 0.6695725 0.136153 0.6698315 0.1370954 0.6685649 0.1370954 0.6685649 0.136153 0.6698315 0.1358904 0.6688275 0.1370954 0.6685649 0.1358904 0.6688275 0.1369385 0.6675715 0.1369385 0.6675715 0.1358904 0.6688275 0.1357221 0.667836 0.144357 0.6693366 0.1376107 0.6703857 0.144243 0.6685024 0.144243 0.6685024 0.1376107 0.6703857 0.1373361 0.6695725 0.144243 0.6685024 0.1373361 0.6695725 0.1441297 0.6674797 0.1441297 0.6674797 0.1373361 0.6695725 0.1370954 0.6685649 0.1441297 0.6674797 0.1370954 0.6685649 0.1440403 0.6664786 0.1440403 0.6664786 0.1370954 0.6685649 0.1369385 0.6675715 0.1512462 0.6689919 0.144357 0.6693366 0.1512956 0.6681509 0.1512956 0.6681509 0.144357 0.6693366 0.144243 0.6685024 0.1512956 0.6681509 0.144243 0.6685024 0.151312 0.6671233 0.151312 0.6671233 0.144243 0.6685024 0.1441297 0.6674797 0.151312 0.6671233 0.1441297 0.6674797 0.1512923 0.6661195 0.1512923 0.6661195 0.1441297 0.6674797 0.1440403 0.6664786 0.1512923 0.6661195 0.1767023 0.6661777 0.176722 0.6671814 0.1512923 0.6661195 0.176722 0.6671814 0.151312 0.6671233 0.151312 0.6671233 0.176722 0.6671814 0.1767055 0.668209 0.151312 0.6671233 0.1767055 0.668209 0.1512956 0.6681509 0.1512956 0.6681509 0.1767055 0.668209 0.1766562 0.66905 0.1512956 0.6681509 0.1766562 0.66905 0.1512462 0.6689919 0.7413626 0.5129405 0.7159606 0.5131315 0.7159439 0.5120933 0.7413626 0.5129405 0.7159439 0.5120933 0.741346 0.5119022 0.741346 0.5119022 0.7159439 0.5120933 0.7159655 0.5111128 0.741346 0.5119022 0.7159655 0.5111128 0.7413675 0.5109218 0.7413675 0.5109218 0.7159655 0.5111128 0.7160206 0.5103911 0.7413675 0.5109218 0.7160206 0.5103911 0.7414226 0.5102 0.7550661 0.5089818 0.7562234 0.5087723 0.755335 0.5096795 0.755335 0.5096795 0.7562234 0.5087723 0.75652 0.5094658 0.755335 0.5096795 0.75652 0.5094658 0.7555708 0.5106436 0.7555708 0.5106436 0.75652 0.5094658 0.7567777 0.5104272 0.7555708 0.5106436 0.7567777 0.5104272 0.7557247 0.5116745 0.7557247 0.5116745 0.7567777 0.5104272 0.7569431 0.511457 0.7483128 0.509866 0.7550661 0.5089818 0.7484209 0.5105811 0.7484209 0.5105811 0.7550661 0.5089818 0.755335 0.5096795 0.7484209 0.5105811 0.755335 0.5096795 0.7485292 0.5115569 0.7485292 0.5115569 0.755335 0.5096795 0.7555708 0.5106436 0.7485292 0.5115569 0.7555708 0.5106436 0.7486155 0.512593 0.7486155 0.512593 0.7555708 0.5106436 0.7557247 0.5116745 0.7414226 0.5102 0.7483128 0.509866 0.7413675 0.5109218 0.7413675 0.5109218 0.7483128 0.509866 0.7484209 0.5105811 0.7413675 0.5109218 0.7484209 0.5105811 0.741346 0.5119022 0.741346 0.5119022 0.7484209 0.5105811 0.7485292 0.5115569 0.741346 0.5119022 0.7485292 0.5115569 0.7413626 0.5129405 0.7413626 0.5129405 0.7485292 0.5115569 0.7486155 0.512593 0.7804564 0.5041941 0.8046838 0.4996061 0.7807517 0.5048811 0.7807517 0.5048811 0.8046838 0.4996061 0.8049774 0.5002859 0.7807517 0.5048811 0.8049774 0.5002859 0.7810088 0.5058334 0.7810088 0.5058334 0.8049774 0.5002859 0.805234 0.501228 0.7810088 0.5058334 0.805234 0.501228 0.7811753 0.5068562 0.7811753 0.5068562 0.805234 0.501228 0.8054018 0.5022431 0.7562234 0.5087723 0.7804564 0.5041941 0.75652 0.5094658 0.75652 0.5094658 0.7804564 0.5041941 0.7807517 0.5048811 0.75652 0.5094658 0.7807517 0.5048811 0.7567777 0.5104272 0.7567777 0.5104272 0.7807517 0.5048811 0.7810088 0.5058334 0.7567777 0.5104272 0.7810088 0.5058334 0.7569431 0.511457 0.7569431 0.511457 0.7810088 0.5058334 0.7811753 0.5068562 0.8044504 0.466508 0.8045729 0.4655161 0.8077213 0.4657124 0.9656171 0.3471603 0.964847 0.3468389 0.9659429 0.3437872 0.966569 0.3475199 0.9656171 0.3471603 0.9666611 0.3441067 0.966569 0.3475199 0.9666611 0.3441067 0.9675619 0.3444603 0.9675619 0.3444603 0.9666611 0.3441067 0.9707525 0.3326948 0.9675619 0.3444603 0.9707525 0.3326948 0.9714384 0.3330268 0.9714384 0.3330268 0.9707525 0.3326948 0.9720417 0.3292992 0.9714384 0.3330268 0.9720417 0.3292992 0.972656 0.3296247 0.972656 0.3296247 0.9720417 0.3292992 0.9746516 0.3242886 0.9746516 0.3242886 0.9720417 0.3292992 0.9754059 0.3210008 0.9746516 0.3242886 0.9754059 0.3210008 0.9758275 0.3213096 0.9758275 0.3213096 0.9754059 0.3210008 0.9780278 0.3152924 0.8310609 0.4715883 0.8373497 0.4734209 0.8370961 0.4737693 0.8370961 0.4737693 0.8373497 0.4734209 0.8388675 0.474188 0.8370961 0.4737693 0.8388675 0.474188 0.8386132 0.4745069 0.8386132 0.4745069 0.8388675 0.474188 0.8421961 0.4764675 0.8386132 0.4745069 0.8421961 0.4764675 0.8419392 0.476691 0.8419392 0.476691 0.8421961 0.4764675 0.8424319 0.4766837 0.8419392 0.476691 0.8424319 0.4766837 0.8421747 0.4768977 0.8421747 0.4768977 0.8424319 0.4766837 0.8440611 0.4787074 0.8421747 0.4768977 0.8440611 0.4787074 0.8438015 0.47883 0.8438015 0.47883 0.8440611 0.4787074 0.8446928 0.4803895 0.8438015 0.47883 0.8446928 0.4803895 0.8444314 0.4804338 0.8444314 0.4804338 0.8446928 0.4803895 0.8446775 0.4823808 0.8444314 0.4804338 0.8446775 0.4823808 0.844414 0.482331 0.844414 0.482331 0.8446775 0.4823808 0.8439491 0.484266 0.844414 0.482331 0.8439491 0.484266 0.8436837 0.4841271 0.8436837 0.4841271 0.8439491 0.484266 0.8430985 0.4855132 0.8436837 0.4841271 0.8430985 0.4855132 0.8428319 0.4853158 0.8428319 0.4853158 0.8430985 0.4855132 0.8406936 0.4878712 0.8428319 0.4853158 0.8406936 0.4878712 0.840425 0.4875656 0.840425 0.4875656 0.8406936 0.4878712 0.8366329 0.4905651 0.840425 0.4875656 0.8366329 0.4905651 0.836362 0.4901421 0.836362 0.4901421 0.8366329 0.4905651 0.8334543 0.4921896 0.836362 0.4901421 0.8334543 0.4921896 0.8331818 0.4917008 0.8044504 0.466508 0.8077213 0.4657124 0.8075864 0.466665 0.8075864 0.466665 0.8077213 0.4657124 0.8195381 0.467114 0.8075864 0.466665 0.8195381 0.467114 0.8193613 0.4679024 0.8193613 0.4679024 0.8195381 0.467114 0.8230733 0.4677752 0.8193613 0.4679024 0.8230733 0.4677752 0.8228852 0.4685077 0.8228852 0.4685077 0.8230733 0.4677752 0.8317691 0.4700766 0.8228852 0.4685077 0.8317691 0.4700766 0.8315547 0.470649 0.8315547 0.470649 0.8317691 0.4700766 0.8378297 0.4725968 0.8315547 0.470649 0.8378297 0.4725968 0.8375979 0.4730241 0.8375979 0.4730241 0.8378297 0.4725968 0.8393537 0.4734485 0.8375979 0.4730241 0.8393537 0.4734485 0.8391175 0.4738306 0.8391175 0.4738306 0.8393537 0.4734485 0.8426968 0.4759686 0.8391175 0.4738306 0.8426968 0.4759686 0.8424506 0.4762248 0.8424506 0.4762248 0.8426968 0.4759686 0.8429338 0.476207 0.8424506 0.4762248 0.8429338 0.476207 0.8426868 0.4764518 0.8426868 0.4764518 0.8429338 0.476207 0.8445718 0.4784346 0.8426868 0.4764518 0.8445718 0.4784346 0.8443192 0.4785749 0.8443192 0.4785749 0.8445718 0.4784346 0.8452089 0.4802822 0.8443192 0.4785749 0.8452089 0.4802822 0.8449532 0.4803388 0.8449532 0.4803388 0.8452089 0.4802822 0.8451978 0.4824663 0.8449532 0.4803388 0.8451978 0.4824663 0.84494 0.482426 0.84494 0.482426 0.8451978 0.4824663 0.8444713 0.4845324 0.84494 0.482426 0.8444713 0.4845324 0.8442131 0.4844018 0.8442131 0.4844018 0.8444713 0.4845324 0.8436211 0.4858988 0.8442131 0.4844018 0.8436211 0.4858988 0.8433634 0.4857088 0.8433634 0.4857088 0.8436211 0.4858988 0.8412145 0.4884828 0.8433634 0.4857088 0.8412145 0.4884828 0.8409596 0.4881802 0.8409596 0.4881802 0.8412145 0.4884828 0.837148 0.4914384 0.8409596 0.4881802 0.837148 0.4914384 0.8368993 0.4910044 0.8368993 0.4910044 0.837148 0.4914384 0.8339635 0.4932242 0.8368993 0.4910044 0.8339635 0.4932242 0.8337205 0.4927085 0.8337205 0.4927085 0.8339635 0.4932242 0.8269561 0.4963178 0.8337205 0.4927085 0.8269561 0.4963178 0.8267276 0.495653 0.8267276 0.495653 0.8269561 0.4963178 0.816322 0.4997427 0.8267276 0.495653 0.816322 0.4997427 0.8161202 0.4988923 0.8161202 0.4988923 0.816322 0.4997427 0.8054018 0.5022431 0.8161202 0.4988923 0.8054018 0.5022431 0.805234 0.501228 0.9656171 0.3471603 0.9659429 0.3437872 0.9666611 0.3441067 0.9666611 0.3441067 0.9659429 0.3437872 0.9702312 0.3323842 0.8073658 0.4674159 0.8193613 0.4679024 0.8191307 0.4685694 0.8191307 0.4685694 0.8193613 0.4679024 0.8228852 0.4685077 0.8191307 0.4685694 0.8228852 0.4685077 0.8226515 0.4691393 0.8226515 0.4691393 0.8228852 0.4685077 0.8315547 0.470649 0.8226515 0.4691393 0.8315547 0.470649 0.8313129 0.4711652 0.8313129 0.4711652 0.8315547 0.470649 0.8375979 0.4730241 0.8313129 0.4711652 0.8375979 0.4730241 0.8373497 0.4734209 0.8373497 0.4734209 0.8375979 0.4730241 0.8391175 0.4738306 0.8373497 0.4734209 0.8391175 0.4738306 0.8388675 0.474188 0.8388675 0.474188 0.8391175 0.4738306 0.8424506 0.4762248 0.8388675 0.474188 0.8424506 0.4762248 0.8421961 0.4764675 0.8421961 0.4764675 0.8424506 0.4762248 0.8426868 0.4764518 0.8421961 0.4764675 0.8426868 0.4764518 0.8424319 0.4766837 0.8424319 0.4766837 0.8426868 0.4764518 0.8443192 0.4785749 0.8424319 0.4766837 0.8443192 0.4785749 0.8440611 0.4787074 0.8440611 0.4787074 0.8443192 0.4785749 0.8449532 0.4803388 0.8440611 0.4787074 0.8449532 0.4803388 0.8446928 0.4803895 0.8446928 0.4803895 0.8449532 0.4803388 0.84494 0.482426 0.8446928 0.4803895 0.84494 0.482426 0.8446775 0.4823808 0.8446775 0.4823808 0.84494 0.482426 0.8442131 0.4844018 0.8446775 0.4823808 0.8442131 0.4844018 0.8439491 0.484266 0.8439491 0.484266 0.8442131 0.4844018 0.8433634 0.4857088 0.8439491 0.484266 0.8433634 0.4857088 0.8430985 0.4855132 0.8430985 0.4855132 0.8433634 0.4857088 0.8409596 0.4881802 0.8430985 0.4855132 0.8409596 0.4881802 0.8406936 0.4878712 0.8406936 0.4878712 0.8409596 0.4881802 0.8368993 0.4910044 0.8406936 0.4878712 0.8368993 0.4910044 0.8366329 0.4905651 0.8366329 0.4905651 0.8368993 0.4910044 0.8337205 0.4927085 0.8366329 0.4905651 0.8337205 0.4927085 0.8334543 0.4921896 0.8334543 0.4921896 0.8337205 0.4927085 0.8267276 0.495653 0.8334543 0.4921896 0.8267276 0.495653 0.8264627 0.4949943 0.8264627 0.4949943 0.8267276 0.495653 0.8161202 0.4988923 0.8264627 0.4949943 0.8161202 0.4988923 0.8158588 0.4980736 0.8158588 0.4980736 0.8161202 0.4988923 0.805234 0.501228 0.8158588 0.4980736 0.805234 0.501228 0.8049774 0.5002859 0.8331818 0.4917008 0.8334543 0.4921896 0.8285037 0.493593 0.8285037 0.493593 0.8334543 0.4921896 0.8264627 0.4949943 0.8285037 0.493593 0.8264627 0.4949943 0.8261868 0.4944051 0.8261868 0.4944051 0.8264627 0.4949943 0.8158588 0.4980736 0.8261868 0.4944051 0.8158588 0.4980736 0.8155761 0.4974067 0.8155761 0.4974067 0.8158588 0.4980736 0.8049774 0.5002859 0.8155761 0.4974067 0.8049774 0.5002859 0.8046838 0.4996061 0.9579368 0.371215 0.9493239 0.394917 0.9569771 0.3708533 0.9569771 0.3708533 0.9493239 0.394917 0.9483572 0.3945533 0.9569771 0.3708533 0.9483572 0.3945533 0.9562039 0.3705308 0.9562039 0.3705308 0.9483572 0.3945533 0.9475812 0.3942299 0.7800933 0.465265 0.7557306 0.4640267 0.780214 0.4642621 0.780214 0.4642621 0.7557306 0.4640267 0.7558498 0.463014 0.966569 0.3475199 0.9579368 0.371215 0.9656171 0.3471603 0.9656171 0.3471603 0.9579368 0.371215 0.9569771 0.3708533 0.9656171 0.3471603 0.9569771 0.3708533 0.964847 0.3468389 0.964847 0.3468389 0.9569771 0.3708533 0.9562039 0.3705308 0.8044504 0.466508 0.7800933 0.465265 0.8045729 0.4655161 0.8045729 0.4655161 0.7800933 0.465265 0.780214 0.4642621 0.9467662 0.4083588 0.9467501 0.4095628 0.9457449 0.4083151 0.9457449 0.4083151 0.9467501 0.4095628 0.9457284 0.4095478 0.9457449 0.4083151 0.9457284 0.4095478 0.944923 0.4082457 0.944923 0.4082457 0.9457284 0.4095478 0.9449062 0.409501 0.7415145 0.463709 0.7402585 0.4637156 0.7414971 0.4627015 0.7414971 0.4627015 0.7402585 0.4637156 0.740229 0.4627082 0.947501 0.4015561 0.9467662 0.4083588 0.9464953 0.401351 0.9464953 0.401351 0.9467662 0.4083588 0.9457449 0.4083151 0.9464953 0.401351 0.9457449 0.4083151 0.9456866 0.4011532 0.9456866 0.4011532 0.9457449 0.4083151 0.944923 0.4082457 0.748663 0.4637776 0.7415145 0.463709 0.7487148 0.4627684 0.7487148 0.4627684 0.7415145 0.463709 0.7414971 0.4627015 0.9493239 0.394917 0.947501 0.4015561 0.9483572 0.3945533 0.9483572 0.3945533 0.947501 0.4015561 0.9464953 0.401351 0.9483572 0.3945533 0.9464953 0.401351 0.9475812 0.3942299 0.9475812 0.3942299 0.9464953 0.401351 0.9456866 0.4011532 0.7557306 0.4640267 0.748663 0.4637776 0.7558498 0.463014 0.7558498 0.463014 0.748663 0.4637776 0.7487148 0.4627684 0.9467501 0.4095628 0.9467682 0.4349786 0.9457466 0.4349635 0.9467501 0.4095628 0.9457466 0.4349635 0.9457284 0.4095478 0.9457284 0.4095478 0.9457466 0.4349635 0.9449244 0.4349167 0.9457284 0.4095478 0.9449244 0.4349167 0.9449062 0.409501 0.7402585 0.4637156 0.7148565 0.4639067 0.714827 0.4628993 0.7402585 0.4637156 0.714827 0.4628993 0.740229 0.4627082 0.2390764 0.8987043 0.2388128 0.9241775 0.2377697 0.9241679 0.2390764 0.8987043 0.2377697 0.9241679 0.2380334 0.8986948 0.2380334 0.8986948 0.2377697 0.9241679 0.2368139 0.9241461 0.2380334 0.8986948 0.2368139 0.9241461 0.2370775 0.8986729 0.8647253 0.1505351 0.8648393 0.1759506 0.8638992 0.1759883 0.8647253 0.1505351 0.8638992 0.1759883 0.8637853 0.1505727 0.2391053 0.8974976 0.2390764 0.8987043 0.2380628 0.8974595 0.2380628 0.8974595 0.2390764 0.8987043 0.2380334 0.8986948 0.2380628 0.8974595 0.2380334 0.8986948 0.2371075 0.8974149 0.2371075 0.8974149 0.2380334 0.8986948 0.2370775 0.8986729 0.8647192 0.1492786 0.8647253 0.1505351 0.8637791 0.149304 0.8637791 0.149304 0.8647253 0.1505351 0.8637853 0.1505727 0.2398886 0.8906829 0.2391053 0.8974976 0.2388628 0.8904832 0.2388628 0.8904832 0.2391053 0.8974976 0.2380628 0.8974595 0.2388628 0.8904832 0.2380628 0.8974595 0.237921 0.8903101 0.237921 0.8903101 0.2380628 0.8974595 0.2371075 0.8974149 0.8646681 0.1421316 0.8647192 0.1492786 0.8637248 0.1420879 0.8637248 0.1420879 0.8647192 0.1492786 0.8637791 0.149304 0.2417187 0.8840371 0.2398886 0.8906829 0.2407317 0.8836787 0.2407317 0.8836787 0.2398886 0.8906829 0.2388628 0.8904832 0.2407317 0.8836787 0.2388628 0.8904832 0.2398214 0.8833801 0.2398214 0.8833801 0.2388628 0.8904832 0.237921 0.8903101 0.8645893 0.1350736 0.8646681 0.1421316 0.8636387 0.1349627 0.8636387 0.1349627 0.8646681 0.1421316 0.8637248 0.1420879 0.2502805 0.8603209 0.2417187 0.8840371 0.2493011 0.8599642 0.2493011 0.8599642 0.2417187 0.8840371 0.2407317 0.8836787 0.2493011 0.8599642 0.2407317 0.8836787 0.2483957 0.8596662 0.2483957 0.8596662 0.2407317 0.8836787 0.2398214 0.8833801 0.8643131 0.1107577 0.8645893 0.1350736 0.8633733 0.1106451 0.8633733 0.1106451 0.8645893 0.1350736 0.8636387 0.1349627 0.2588608 0.8366116 0.2502805 0.8603209 0.2578898 0.8362569 0.2578898 0.8362569 0.2502805 0.8603209 0.2493011 0.8599642 0.2578898 0.8362569 0.2493011 0.8599642 0.25699 0.8359596 0.25699 0.8359596 0.2493011 0.8599642 0.2483957 0.8596662 0.8640378 0.08644753 0.8643131 0.1107577 0.8631101 0.08633303 0.8631101 0.08633303 0.8643131 0.1107577 0.8633733 0.1106451 0.8640378 0.08644753 0.8631101 0.08633303 0.863109 0.08319032 0.2578898 0.8362569 0.25699 0.8359596 0.2580802 0.8329059 0.2588608 0.8366116 0.2578898 0.8362569 0.2589284 0.8332014 0.2588608 0.8366116 0.2589284 0.8332014 0.2598585 0.8335483 0.2598585 0.8335483 0.2589284 0.8332014 0.2631421 0.821757 0.2598585 0.8335483 0.2631421 0.821757 0.2638869 0.8220776 0.2638869 0.8220776 0.2631421 0.821757 0.2645195 0.8183426 0.2638869 0.8220776 0.2645195 0.8183426 0.2651984 0.8186558 0.2651984 0.8186558 0.2645195 0.8183426 0.2674014 0.813278 0.2674014 0.813278 0.2645195 0.8183426 0.2682427 0.8099725 0.2674014 0.813278 0.2682427 0.8099725 0.2687345 0.8102684 0.2687345 0.8102684 0.2682427 0.8099725 0.2713055 0.8041804 0.2687345 0.8102684 0.2713055 0.8041804 0.2716367 0.8044639 0.2716367 0.8044639 0.2713055 0.8041804 0.2721892 0.8027342 0.2716367 0.8044639 0.2721892 0.8027342 0.2724736 0.8030144 0.2724736 0.8030144 0.2721892 0.8027342 0.2744719 0.7995933 0.8696396 0.05229324 0.8713496 0.04869866 0.8715537 0.04895406 0.8715537 0.04895406 0.8713496 0.04869866 0.8715427 0.04846137 0.8715537 0.04895406 0.8715427 0.04846137 0.8717387 0.04871714 0.8717387 0.04871714 0.8715427 0.04846137 0.8733803 0.04681766 0.8717387 0.04871714 0.8733803 0.04681766 0.8734961 0.04707622 0.8734961 0.04707622 0.8733803 0.04681766 0.8749453 0.04617232 0.8734961 0.04707622 0.8749453 0.04617232 0.8749891 0.04643338 0.8749891 0.04643338 0.8749453 0.04617232 0.8768373 0.04616999 0.8749891 0.04643338 0.8768373 0.04616999 0.8767917 0.04643404 0.8767917 0.04643404 0.8768373 0.04616999 0.8786656 0.04688036 0.8767917 0.04643404 0.8786656 0.04688036 0.8785323 0.04714721 0.8785323 0.04714721 0.8786656 0.04688036 0.8798941 0.04771828 0.8785323 0.04714721 0.8798941 0.04771828 0.8797019 0.04798692 0.8797019 0.04798692 0.8798941 0.04771828 0.8822588 0.05009758 0.8797019 0.04798692 0.8822588 0.05009758 0.8819541 0.05036967 0.8819541 0.05036967 0.8822588 0.05009758 0.8850302 0.05412626 0.8819541 0.05036967 0.8850302 0.05412626 0.8845978 0.05440253 0.8845978 0.05440253 0.8850302 0.05412626 0.8867411 0.05728405 0.8845978 0.05440253 0.8867411 0.05728405 0.8862335 0.057563 0.8640378 0.08644753 0.863109 0.08319032 0.8640025 0.08331751 0.8640025 0.08331751 0.863109 0.08319032 0.863749 0.07138866 0.8640025 0.08331751 0.863749 0.07138866 0.8644964 0.07155865 0.8644964 0.07155865 0.863749 0.07138866 0.8641741 0.06785553 0.8644964 0.07155865 0.8641741 0.06785553 0.8648707 0.06803727 0.8648707 0.06803727 0.8641741 0.06785553 0.8658683 0.05915886 0.8648707 0.06803727 0.8658683 0.05915886 0.8664184 0.05936795 0.8664184 0.05936795 0.8658683 0.05915886 0.8679258 0.0530892 0.8664184 0.05936795 0.8679258 0.0530892 0.8683412 0.05331689 0.8683412 0.05331689 0.8679258 0.0530892 0.8686509 0.05156093 0.8683412 0.05331689 0.8686509 0.05156093 0.8690242 0.05179339 0.8690242 0.05179339 0.8686509 0.05156093 0.870862 0.04820269 0.8690242 0.05179339 0.870862 0.04820269 0.8711171 0.04844617 0.8711171 0.04844617 0.870862 0.04820269 0.8710756 0.04796415 0.8711171 0.04844617 0.8710756 0.04796415 0.8713199 0.04820847 0.8713199 0.04820847 0.8710756 0.04796415 0.8731025 0.04630994 0.8713199 0.04820847 0.8731025 0.04630994 0.8732485 0.04656082 0.8732485 0.04656082 0.8731025 0.04630994 0.874823 0.04565793 0.8732485 0.04656082 0.874823 0.04565793 0.8748897 0.04591262 0.8748897 0.04591262 0.874823 0.04565793 0.8768981 0.04564976 0.8748897 0.04591262 0.8768981 0.04564976 0.876873 0.04590737 0.876873 0.04590737 0.8768981 0.04564976 0.8788999 0.04635637 0.876873 0.04590737 0.8788999 0.04635637 0.8787888 0.0466153 0.8787888 0.0466153 0.8788999 0.04635637 0.8802438 0.04719287 0.8787888 0.0466153 0.8802438 0.04719287 0.8800761 0.04745173 0.8800761 0.04745173 0.8802438 0.04719287 0.8828294 0.04957145 0.8800761 0.04745173 0.8828294 0.04957145 0.8825537 0.04982864 0.8825537 0.04982864 0.8828294 0.04957145 0.8858602 0.05360317 0.8825537 0.04982864 0.8858602 0.05360317 0.8854581 0.05385535 0.8854581 0.05385535 0.8858602 0.05360317 0.8877332 0.05676501 0.8854581 0.05385535 0.8877332 0.05676501 0.8872519 0.05701225 0.8872519 0.05701225 0.8877332 0.05676501 0.8910657 0.06372964 0.8872519 0.05701225 0.8910657 0.06372964 0.8904389 0.06396389 0.8904389 0.06396389 0.8910657 0.06372964 0.8949302 0.0743094 0.8904389 0.06396389 0.8949302 0.0743094 0.89412 0.07451891 0.89412 0.07451891 0.8949302 0.0743094 0.8979499 0.08518195 0.89412 0.07451891 0.8979499 0.08518195 0.8969738 0.08535939 0.2578898 0.8362569 0.2580802 0.8329059 0.2589284 0.8332014 0.2589284 0.8332014 0.2580802 0.8329059 0.2624967 0.8214691 0.2589284 0.8332014 0.2624967 0.8214691 0.2631421 0.821757 0.2631421 0.821757 0.2624967 0.8214691 0.2639386 0.8180571 0.2631421 0.821757 0.2639386 0.8180571 0.2645195 0.8183426 0.2645195 0.8183426 0.2639386 0.8180571 0.2678334 0.8096938 0.2645195 0.8183426 0.2678334 0.8096938 0.2682427 0.8099725 0.8668856 0.05960643 0.8664184 0.05936795 0.8683412 0.05331689 0.8668856 0.05960643 0.8683412 0.05331689 0.868709 0.0535621 0.868709 0.0535621 0.8683412 0.05331689 0.8690242 0.05179339 0.868709 0.0535621 0.8690242 0.05179339 0.8693581 0.05204057 0.8693581 0.05204057 0.8690242 0.05179339 0.8711171 0.04844617 0.8693581 0.05204057 0.8711171 0.04844617 0.8713496 0.04869866 0.8713496 0.04869866 0.8711171 0.04844617 0.8713199 0.04820847 0.8713496 0.04869866 0.8713199 0.04820847 0.8715427 0.04846137 0.8715427 0.04846137 0.8713199 0.04820847 0.8732485 0.04656082 0.8715427 0.04846137 0.8732485 0.04656082 0.8733803 0.04681766 0.8733803 0.04681766 0.8732485 0.04656082 0.8748897 0.04591262 0.8733803 0.04681766 0.8748897 0.04591262 0.8749453 0.04617232 0.8749453 0.04617232 0.8748897 0.04591262 0.876873 0.04590737 0.8749453 0.04617232 0.876873 0.04590737 0.8768373 0.04616999 0.8768373 0.04616999 0.876873 0.04590737 0.8787888 0.0466153 0.8768373 0.04616999 0.8787888 0.0466153 0.8786656 0.04688036 0.8786656 0.04688036 0.8787888 0.0466153 0.8800761 0.04745173 0.8786656 0.04688036 0.8800761 0.04745173 0.8798941 0.04771828 0.8798941 0.04771828 0.8800761 0.04745173 0.8825537 0.04982864 0.8798941 0.04771828 0.8825537 0.04982864 0.8822588 0.05009758 0.8822588 0.05009758 0.8825537 0.04982864 0.8854581 0.05385535 0.8822588 0.05009758 0.8854581 0.05385535 0.8850302 0.05412626 0.8850302 0.05412626 0.8854581 0.05385535 0.8872519 0.05701225 0.8850302 0.05412626 0.8872519 0.05701225 0.8867411 0.05728405 0.8867411 0.05728405 0.8872519 0.05701225 0.8904389 0.06396389 0.8867411 0.05728405 0.8904389 0.06396389 0.8897786 0.0642364 0.8897786 0.0642364 0.8904389 0.06396389 0.89412 0.07451891 0.8897786 0.0642364 0.89412 0.07451891 0.893281 0.07479059 0.893281 0.07479059 0.89412 0.07451891 0.8969738 0.08535939 0.893281 0.07479059 0.8969738 0.08535939 0.8959882 0.08562868 0.8862335 0.057563 0.8867411 0.05728405 0.8882616 0.06221562 0.8882616 0.06221562 0.8867411 0.05728405 0.8897786 0.0642364 0.8882616 0.06221562 0.8897786 0.0642364 0.8891483 0.06452089 0.8891483 0.06452089 0.8897786 0.0642364 0.893281 0.07479059 0.8891483 0.06452089 0.893281 0.07479059 0.8925362 0.07508462 0.8925362 0.07508462 0.893281 0.07479059 0.8959882 0.08562868 0.8925362 0.07508462 0.8959882 0.08562868 0.8951913 0.08593565 0.9009969 0.1100649 0.8951913 0.08593565 0.9018018 0.1097562 0.9018018 0.1097562 0.8951913 0.08593565 0.8959882 0.08562868 0.9018018 0.1097562 0.8959882 0.08562868 0.9027969 0.1094863 0.9027969 0.1094863 0.8959882 0.08562868 0.8969738 0.08535939 0.9027969 0.1094863 0.8969738 0.08535939 0.9037787 0.1093102 0.9037787 0.1093102 0.8969738 0.08535939 0.8979499 0.08518195 0.9067898 0.1342001 0.9009969 0.1100649 0.9076018 0.1338899 0.9076018 0.1338899 0.9009969 0.1100649 0.9018018 0.1097562 0.9076018 0.1338899 0.9018018 0.1097562 0.9086055 0.1336193 0.9086055 0.1336193 0.9018018 0.1097562 0.9027969 0.1094863 0.9086055 0.1336193 0.9027969 0.1094863 0.9095924 0.1334444 0.9095924 0.1334444 0.9027969 0.1094863 0.9037787 0.1093102 0.9070547 0.135353 0.9067898 0.1342001 0.9078722 0.1350704 0.9078722 0.1350704 0.9067898 0.1342001 0.9076018 0.1338899 0.9078722 0.1350704 0.9076018 0.1338899 0.9088796 0.1348216 0.9088796 0.1348216 0.9076018 0.1338899 0.9086055 0.1336193 0.9088796 0.1348216 0.9086055 0.1336193 0.9098685 0.134658 0.9098685 0.134658 0.9086055 0.1336193 0.9095924 0.1334444 0.9081626 0.1420889 0.9070547 0.135353 0.9090024 0.1419668 0.9090024 0.1419668 0.9070547 0.135353 0.9078722 0.1350704 0.9090024 0.1419668 0.9078722 0.1350704 0.9100261 0.1418452 0.9100261 0.1418452 0.9078722 0.1350704 0.9088796 0.1348216 0.9100261 0.1418452 0.9088796 0.1348216 0.9110234 0.141749 0.9110234 0.141749 0.9088796 0.1348216 0.9098685 0.134658 0.9085584 0.1489756 0.9081626 0.1420889 0.9094062 0.1490167 0.9094062 0.1490167 0.9081626 0.1420889 0.9090024 0.1419668 0.9094062 0.1490167 0.9090024 0.1419668 0.9104359 0.1490249 0.9104359 0.1490249 0.9090024 0.1419668 0.9100261 0.1418452 0.9104359 0.1490249 0.9100261 0.1418452 0.9114363 0.1489984 0.9114363 0.1489984 0.9100261 0.1418452 0.9110234 0.141749 0.9114363 0.1489984 0.9115503 0.1744139 0.9105499 0.1744404 0.9114363 0.1489984 0.9105499 0.1744404 0.9104359 0.1490249 0.9104359 0.1490249 0.9105499 0.1744404 0.9095202 0.1744322 0.9104359 0.1490249 0.9095202 0.1744322 0.9094062 0.1490167 0.9094062 0.1490167 0.9095202 0.1744322 0.9086724 0.1743912 0.9094062 0.1490167 0.9086724 0.1743912 0.9085584 0.1489756 0.7538381 0.6525374 0.7793124 0.6526395 0.7793242 0.6535349 0.7538381 0.6525374 0.7793242 0.6535349 0.7538499 0.6534328 0.7538499 0.6534328 0.7793242 0.6535349 0.7793225 0.6545754 0.7538499 0.6534328 0.7793225 0.6545754 0.7538482 0.6544732 0.7538482 0.6544732 0.7793225 0.6545754 0.7793077 0.6555476 0.7538482 0.6544732 0.7793077 0.6555476 0.7538334 0.6554455 0.7402517 0.6571972 0.7391092 0.6575179 0.7399437 0.6562609 0.7399437 0.6562609 0.7391092 0.6575179 0.7387738 0.6565881 0.7399437 0.6562609 0.7387738 0.6565881 0.7396893 0.6552482 0.7396893 0.6552482 0.7387738 0.6565881 0.7384979 0.6555805 0.7396893 0.6552482 0.7384979 0.6555805 0.7395412 0.6543689 0.7395412 0.6543689 0.7384979 0.6555805 0.7383386 0.6547041 0.7469491 0.6558747 0.7402517 0.6571972 0.7468007 0.6549112 0.7468007 0.6549112 0.7402517 0.6571972 0.7399437 0.6562609 0.7468007 0.6549112 0.7399437 0.6562609 0.7466727 0.6538776 0.7466727 0.6538776 0.7399437 0.6562609 0.7396893 0.6552482 0.7466727 0.6538776 0.7396893 0.6552482 0.7465913 0.6529861 0.7465913 0.6529861 0.7396893 0.6552482 0.7395412 0.6543689 0.7538334 0.6554455 0.7469491 0.6558747 0.7538482 0.6544732 0.7538482 0.6544732 0.7469491 0.6558747 0.7468007 0.6549112 0.7538482 0.6544732 0.7468007 0.6549112 0.7538499 0.6534328 0.7538499 0.6534328 0.7468007 0.6549112 0.7466727 0.6538776 0.7538499 0.6534328 0.7466727 0.6538776 0.7538381 0.6525374 0.7538381 0.6525374 0.7466727 0.6538776 0.7465913 0.6529861 0.7152036 0.6645396 0.6913046 0.6715773 0.7148699 0.6636176 0.7148699 0.6636176 0.6913046 0.6715773 0.6909727 0.6706638 0.7148699 0.6636176 0.6909727 0.6706638 0.7145943 0.6626172 0.7145943 0.6626172 0.6909727 0.6706638 0.6906976 0.6696716 0.7145943 0.6626172 0.6906976 0.6696716 0.7144333 0.6617432 0.7144333 0.6617432 0.6906976 0.6696716 0.6905348 0.6688002 0.7391092 0.6575179 0.7152036 0.6645396 0.7387738 0.6565881 0.7387738 0.6565881 0.7152036 0.6645396 0.7148699 0.6636176 0.7387738 0.6565881 0.7148699 0.6636176 0.7384979 0.6555805 0.7384979 0.6555805 0.7148699 0.6636176 0.7145943 0.6626172 0.7384979 0.6555805 0.7145943 0.6626172 0.7383386 0.6547041 0.7383386 0.6547041 0.7145943 0.6626172 0.7144333 0.6617432 0.6911708 0.6984194 0.6910353 0.6992098 0.6879363 0.6994646 0.3135774 0.910628 0.314338 0.910958 0.3132172 0.9139991 0.3126307 0.9102593 0.3135774 0.910628 0.3125084 0.9136715 0.3126307 0.9102593 0.3125084 0.9136715 0.3116132 0.9133093 0.3116132 0.9133093 0.3125084 0.9136715 0.3083299 0.9250424 0.3116132 0.9133093 0.3083299 0.9250424 0.3076505 0.9247034 0.3076505 0.9247034 0.3083299 0.9250424 0.3070172 0.9284246 0.3076505 0.9247034 0.3070172 0.9284246 0.3064094 0.9280926 0.3064094 0.9280926 0.3070172 0.9284246 0.3043797 0.9334071 0.3043797 0.9334071 0.3070172 0.9284246 0.3036018 0.9366865 0.3043797 0.9334071 0.3036018 0.9366865 0.3031865 0.9363729 0.3031865 0.9363729 0.3036018 0.9366865 0.3009535 0.9423645 0.3031865 0.9363729 0.3009535 0.9423645 0.3006915 0.9420663 0.3006915 0.9420663 0.3009535 0.9423645 0.3002212 0.9437729 0.3006915 0.9420663 0.3002212 0.9437729 0.3000017 0.9434792 0.3000017 0.9434792 0.3002212 0.9437729 0.2984111 0.9468035 0.6575828 0.6962194 0.6540534 0.6949259 0.6543151 0.69476 0.6543151 0.69476 0.6540534 0.6949259 0.6538225 0.6947735 0.6543151 0.69476 0.6538225 0.6947735 0.6540842 0.6946133 0.6540842 0.6946133 0.6538225 0.6947735 0.6522319 0.6932799 0.6540842 0.6946133 0.6522319 0.6932799 0.6524932 0.6931807 0.6524932 0.6931807 0.6522319 0.6932799 0.6516228 0.6919551 0.6524932 0.6931807 0.6516228 0.6919551 0.6518846 0.6919154 0.6518846 0.6919154 0.6516228 0.6919551 0.6516551 0.6902995 0.6518846 0.6919154 0.6516551 0.6902995 0.6519183 0.6903382 0.6519183 0.6903382 0.6516551 0.6902995 0.6523905 0.6886501 0.6519183 0.6903382 0.6523905 0.6886501 0.6526556 0.6887697 0.6526556 0.6887697 0.6523905 0.6886501 0.6532409 0.6875166 0.6526556 0.6887697 0.6532409 0.6875166 0.6535077 0.6876927 0.6535077 0.6876927 0.6532409 0.6875166 0.6556351 0.6852807 0.6535077 0.6876927 0.6556351 0.6852807 0.6559057 0.6855689 0.6559057 0.6855689 0.6556351 0.6852807 0.659666 0.6825711 0.6559057 0.6855689 0.659666 0.6825711 0.6599426 0.6829941 0.6599426 0.6829941 0.659666 0.6825711 0.6628167 0.6808491 0.6599426 0.6829941 0.6628167 0.6808491 0.6630979 0.6813558 0.6911708 0.6984194 0.6879363 0.6994646 0.6880829 0.6986999 0.6880829 0.6986999 0.6879363 0.6994646 0.6763068 0.6998398 0.6880829 0.6986999 0.6763068 0.6998398 0.6764912 0.6991891 0.6764912 0.6991891 0.6763068 0.6998398 0.6728285 0.6997423 0.6764912 0.6991891 0.6728285 0.6997423 0.6730231 0.6991325 0.6730231 0.6991325 0.6728285 0.6997423 0.6642767 0.6989244 0.6730231 0.6991325 0.6642767 0.6989244 0.6644946 0.6984351 0.6644946 0.6984351 0.6642767 0.6989244 0.6583225 0.6975787 0.6644946 0.6984351 0.6583225 0.6975787 0.6585556 0.6972028 0.6585556 0.6972028 0.6583225 0.6975787 0.6568268 0.6970574 0.6585556 0.6972028 0.6568268 0.6970574 0.6570639 0.6967173 0.6570639 0.6967173 0.6568268 0.6970574 0.6535513 0.6953697 0.6570639 0.6967173 0.6535513 0.6953697 0.6537968 0.6951308 0.6537968 0.6951308 0.6535513 0.6953697 0.6533197 0.6952003 0.6537968 0.6951308 0.6533197 0.6952003 0.6535658 0.6949707 0.6535658 0.6949707 0.6533197 0.6952003 0.6517231 0.6935473 0.6535658 0.6949707 0.6517231 0.6935473 0.6519738 0.6934027 0.6519738 0.6934027 0.6517231 0.6935473 0.6511107 0.692089 0.6519738 0.6934027 0.6511107 0.692089 0.6513636 0.6920133 0.6513636 0.6920133 0.6511107 0.692089 0.6511405 0.6902734 0.6513636 0.6920133 0.6511405 0.6902734 0.6513947 0.6902778 0.6513947 0.6902778 0.6511405 0.6902734 0.6518748 0.6884697 0.6513947 0.6902778 0.6518748 0.6884697 0.6521288 0.6885496 0.6521288 0.6885496 0.6518748 0.6884697 0.6527254 0.6872322 0.6521288 0.6885496 0.6527254 0.6872322 0.6529784 0.687362 0.6529784 0.687362 0.6527254 0.6872322 0.6551213 0.6847943 0.6529784 0.687362 0.6551213 0.6847943 0.6553708 0.6850197 0.6553708 0.6850197 0.6551213 0.6847943 0.6591572 0.6818423 0.6553708 0.6850197 0.6591572 0.6818423 0.6593998 0.6821808 0.6593998 0.6821808 0.6591572 0.6818423 0.6623128 0.679966 0.6593998 0.6821808 0.6623128 0.679966 0.6625493 0.6803757 0.6625493 0.6803757 0.6623128 0.679966 0.6692475 0.6765196 0.6625493 0.6803757 0.6692475 0.6765196 0.6694694 0.677062 0.6694694 0.677062 0.6692475 0.6765196 0.6797566 0.6723136 0.6694694 0.677062 0.6797566 0.6723136 0.6799522 0.6730266 0.6799522 0.6730266 0.6797566 0.6723136 0.6905348 0.6688002 0.6799522 0.6730266 0.6905348 0.6688002 0.6906976 0.6696716 0.3135774 0.910628 0.3132172 0.9139991 0.3125084 0.9136715 0.3125084 0.9136715 0.3132172 0.9139991 0.3088424 0.9253593 0.3125084 0.9136715 0.3088424 0.9253593 0.3083299 0.9250424 0.3083299 0.9250424 0.3088424 0.9253593 0.3074696 0.9287375 0.3083299 0.9250424 0.3074696 0.9287375 0.3070172 0.9284246 0.3070172 0.9284246 0.3074696 0.9287375 0.3039007 0.9369877 0.3070172 0.9284246 0.3039007 0.9369877 0.3036018 0.9366865 0.664748 0.6980605 0.6644946 0.6984351 0.6585556 0.6972028 0.664748 0.6980605 0.6585556 0.6972028 0.6588104 0.696895 0.6588104 0.696895 0.6585556 0.6972028 0.6570639 0.6967173 0.6588104 0.696895 0.6570639 0.6967173 0.6573191 0.6964343 0.6573191 0.6964343 0.6570639 0.6967173 0.6537968 0.6951308 0.6573191 0.6964343 0.6537968 0.6951308 0.6540534 0.6949259 0.6540534 0.6949259 0.6537968 0.6951308 0.6535658 0.6949707 0.6540534 0.6949259 0.6535658 0.6949707 0.6538225 0.6947735 0.6538225 0.6947735 0.6535658 0.6949707 0.6519738 0.6934027 0.6538225 0.6947735 0.6519738 0.6934027 0.6522319 0.6932799 0.6522319 0.6932799 0.6519738 0.6934027 0.6513636 0.6920133 0.6522319 0.6932799 0.6513636 0.6920133 0.6516228 0.6919551 0.6516228 0.6919551 0.6513636 0.6920133 0.6513947 0.6902778 0.6516228 0.6919551 0.6513947 0.6902778 0.6516551 0.6902995 0.6516551 0.6902995 0.6513947 0.6902778 0.6521288 0.6885496 0.6516551 0.6902995 0.6521288 0.6885496 0.6523905 0.6886501 0.6523905 0.6886501 0.6521288 0.6885496 0.6529784 0.687362 0.6523905 0.6886501 0.6529784 0.687362 0.6532409 0.6875166 0.6532409 0.6875166 0.6529784 0.687362 0.6553708 0.6850197 0.6532409 0.6875166 0.6553708 0.6850197 0.6556351 0.6852807 0.6556351 0.6852807 0.6553708 0.6850197 0.6593998 0.6821808 0.6556351 0.6852807 0.6593998 0.6821808 0.659666 0.6825711 0.659666 0.6825711 0.6593998 0.6821808 0.6625493 0.6803757 0.659666 0.6825711 0.6625493 0.6803757 0.6628167 0.6808491 0.6628167 0.6808491 0.6625493 0.6803757 0.6694694 0.677062 0.6628167 0.6808491 0.6694694 0.677062 0.6697391 0.6776899 0.6697391 0.6776899 0.6694694 0.677062 0.6799522 0.6730266 0.6697391 0.6776899 0.6799522 0.6730266 0.6802247 0.6738489 0.6802247 0.6738489 0.6799522 0.6730266 0.6906976 0.6696716 0.6802247 0.6738489 0.6906976 0.6696716 0.6909727 0.6706638 0.6630979 0.6813558 0.6628167 0.6808491 0.6677354 0.679273 0.6677354 0.679273 0.6628167 0.6808491 0.6697391 0.6776899 0.6677354 0.679273 0.6697391 0.6776899 0.6700307 0.6783429 0.6700307 0.6783429 0.6697391 0.6776899 0.6802247 0.6738489 0.6700307 0.6783429 0.6802247 0.6738489 0.6805343 0.6746597 0.6805343 0.6746597 0.6802247 0.6738489 0.6909727 0.6706638 0.6805343 0.6746597 0.6909727 0.6706638 0.6913046 0.6715773 0.3214564 0.886647 0.330263 0.8630276 0.3224108 0.8870179 0.3224108 0.8870179 0.330263 0.8630276 0.3312243 0.8634004 0.3224108 0.8870179 0.3312243 0.8634004 0.3231745 0.887349 0.3231745 0.887349 0.3312243 0.8634004 0.3319907 0.8637326 0.7151472 0.6962074 0.7391302 0.6939996 0.7150138 0.6970106 0.7150138 0.6970106 0.7391302 0.6939996 0.7389988 0.6948143 0.3126307 0.9102593 0.3214564 0.886647 0.3135774 0.910628 0.3135774 0.910628 0.3214564 0.886647 0.3224108 0.8870179 0.3135774 0.910628 0.3224108 0.8870179 0.314338 0.910958 0.314338 0.910958 0.3224108 0.8870179 0.3231745 0.887349 0.6911708 0.6984194 0.7151472 0.6962074 0.6910353 0.6992098 0.6910353 0.6992098 0.7151472 0.6962074 0.7150138 0.6970106 0.3329302 0.8496119 0.3329561 0.8484084 0.3339488 0.8496654 0.3339488 0.8496654 0.3329561 0.8484084 0.3339753 0.8484332 0.3339488 0.8496654 0.3339753 0.8484332 0.3347632 0.849744 0.3347632 0.849744 0.3339753 0.8484332 0.3347901 0.8484892 0.7532479 0.6933305 0.7545065 0.6933308 0.7532518 0.6941289 0.7532518 0.6941289 0.7545065 0.6933308 0.7545226 0.6941291 0.3321402 0.8564064 0.3329302 0.8496119 0.3331418 0.856621 0.3331418 0.856621 0.3329302 0.8496119 0.3339488 0.8496654 0.3331418 0.856621 0.3339488 0.8496654 0.3339419 0.8568279 0.3339419 0.8568279 0.3339488 0.8496654 0.3347632 0.849744 0.7461191 0.693511 0.7532479 0.6933305 0.746054 0.6943139 0.746054 0.6943139 0.7532479 0.6933305 0.7532518 0.6941289 0.330263 0.8630276 0.3321402 0.8564064 0.3312243 0.8634004 0.3312243 0.8634004 0.3321402 0.8564064 0.3331418 0.856621 0.3312243 0.8634004 0.3331418 0.856621 0.3319907 0.8637326 0.3319907 0.8637326 0.3331418 0.856621 0.3339419 0.8568279 0.7391302 0.6939996 0.7461191 0.693511 0.7389988 0.6948143 0.7389988 0.6948143 0.7461191 0.693511 0.746054 0.6943139 0.3329561 0.8484084 0.3331444 0.822999 0.3341636 0.8230239 0.3329561 0.8484084 0.3341636 0.8230239 0.3339753 0.8484332 0.3339753 0.8484332 0.3341636 0.8230239 0.3349785 0.8230798 0.3339753 0.8484332 0.3349785 0.8230798 0.3347901 0.8484892 0.7545065 0.6933308 0.7799808 0.6934329 0.7799969 0.6942312 0.7545065 0.6933308 0.7799969 0.6942312 0.7545226 0.6941291 0.9809011 0.001443505 0.9612988 0.001258134 0.9808713 0.001059353 0.9808713 0.001059353 0.9612988 0.001258134 0.9613113 8.11262e-4 0.9808713 0.001059353 0.9613113 8.11262e-4 0.9808298 8.53334e-4 0.9808298 8.53334e-4 0.9613113 8.11262e-4 0.9613217 6.71094e-4 0.9808298 8.53334e-4 0.9613217 6.71094e-4 0.980785 7.0242e-4 0.980785 7.0242e-4 0.9613217 6.71094e-4 0.9613506 4.18423e-4 0.406673 0.9359282 0.3879709 0.9297026 0.4065864 0.9355847 0.3880872 0.9293451 0.3882247 0.9289252 0.4063973 0.934888 0.3879709 0.9297026 0.3880451 0.9294742 0.4065864 0.9355847 0.4065864 0.9355847 0.3880451 0.9294742 0.3880872 0.9293451 0.4065864 0.9355847 0.3880872 0.9293451 0.4064722 0.9351561 0.4064722 0.9351561 0.3880872 0.9293451 0.4063973 0.934888 0.3880451 0.9294742 0.3879709 0.9297026 0.3827785 0.9269225 0.9613217 6.71094e-4 0.9613113 8.11262e-4 0.9556729 6.73498e-4 0.9556729 6.73498e-4 0.9613113 8.11262e-4 0.9612988 0.001258134 0.9612988 0.001258134 0.9556315 0.001119613 0.9556729 6.73498e-4 0.9556729 6.73498e-4 0.9556315 0.001119613 0.9536162 0.001020729 0.9556729 6.73498e-4 0.9536162 0.001020729 0.9510523 3.86667e-4 0.9510523 3.86667e-4 0.9536162 0.001020729 0.9509874 8.31374e-4 0.1758751 0.7084044 0.1754307 0.7084712 0.1755877 0.7038645 0.1754307 0.7084712 0.1751893 0.7049255 0.1755877 0.7038645 0.1755877 0.7038645 0.1751893 0.7049255 0.1751418 0.7039082 0.1755877 0.7038645 0.1751418 0.7039082 0.1754395 0.6982689 0.1751418 0.7039082 0.1749929 0.698284 0.1754395 0.6982689 0.1754395 0.6982689 0.1749929 0.698284 0.1749818 0.6970902 0.1754395 0.6982689 0.1749818 0.6970902 0.1754485 0.6922925 0.1754707 0.6819718 0.175915 0.6820395 0.1751679 0.6866119 0.1751679 0.6866119 0.175915 0.6820395 0.1756137 0.6866561 0.1751679 0.6866119 0.1756137 0.6866561 0.1750835 0.6887913 0.1750835 0.6887913 0.1756137 0.6866561 0.1754485 0.6922925 0.1750835 0.6887913 0.1754485 0.6922925 0.1750019 0.6922771 0.1750019 0.6922771 0.1754485 0.6922925 0.1749818 0.6970902 0.175915 0.6820395 0.1762999 0.6822302 0.1756137 0.6866561 0.1756137 0.6866561 0.1762999 0.6822302 0.176003 0.6867797 0.1756137 0.6866561 0.176003 0.6867797 0.1754485 0.6922925 0.1754485 0.6922925 0.176003 0.6867797 0.1758403 0.6923343 0.1754485 0.6922925 0.1758403 0.6923343 0.1754395 0.6982689 0.1754395 0.6982689 0.1758403 0.6923343 0.1758314 0.6982239 0.1754395 0.6982689 0.1758314 0.6982239 0.1755877 0.7038645 0.1755877 0.7038645 0.1758314 0.6982239 0.1759774 0.7037382 0.1755877 0.7038645 0.1759774 0.7037382 0.1758751 0.7084044 0.1758751 0.7084044 0.1759774 0.7037382 0.1762607 0.7082121 0.9510523 3.86667e-4 0.9512406 0 0.9556729 6.73498e-4 0.9556729 6.73498e-4 0.9512406 0 0.955794 2.82654e-4 0.9556729 6.73498e-4 0.955794 2.82654e-4 0.9613217 6.71094e-4 0.9613217 6.71094e-4 0.955794 2.82654e-4 0.9613506 4.18423e-4 0.3869512 0.8978468 0.38709 0.898192 0.3819472 0.9009534 0.3819472 0.9009534 0.38709 0.898192 0.3821964 0.9012301 0.3819472 0.9009534 0.3821964 0.9012301 0.3783075 0.905584 0.3783075 0.905584 0.3821964 0.9012301 0.378637 0.9057586 0.3783075 0.905584 0.378637 0.9057586 0.3764711 0.9111802 0.3764711 0.9111802 0.378637 0.9057586 0.3768411 0.9112313 0.3764711 0.9111802 0.3768411 0.9112313 0.3766596 0.9170669 0.3766596 0.9170669 0.3768411 0.9112313 0.3770254 0.9169882 0.3766596 0.9170669 0.3770254 0.9169882 0.3788501 0.9225341 0.3788501 0.9225341 0.3770254 0.9169882 0.3791676 0.9223349 0.3788501 0.9225341 0.3791676 0.9223349 0.3827785 0.9269225 0.3827785 0.9269225 0.3791676 0.9223349 0.3830093 0.9266264 0.3827785 0.9269225 0.3830093 0.9266264 0.3880451 0.9294742 0.3880451 0.9294742 0.3830093 0.9266264 0.3880872 0.9293451 0.38709 0.898192 0.387254 0.8986009 0.3821964 0.9012301 0.3821964 0.9012301 0.387254 0.8986009 0.3824906 0.9015582 0.3821964 0.9012301 0.3824906 0.9015582 0.378637 0.9057586 0.378637 0.9057586 0.3824906 0.9015582 0.3790259 0.9059662 0.378637 0.9057586 0.3790259 0.9059662 0.3768411 0.9112313 0.3768411 0.9112313 0.3790259 0.9059662 0.3772778 0.9112933 0.3768411 0.9112313 0.3772778 0.9112933 0.3770254 0.9169882 0.3770254 0.9169882 0.3772778 0.9112933 0.3774572 0.916897 0.3770254 0.9169882 0.3774572 0.916897 0.3791676 0.9223349 0.3791676 0.9223349 0.3774572 0.916897 0.3795424 0.9221014 0.3791676 0.9223349 0.3795424 0.9221014 0.3830093 0.9266264 0.3830093 0.9266264 0.3795424 0.9221014 0.3832819 0.9262787 0.3830093 0.9266264 0.3832819 0.9262787 0.3880872 0.9293451 0.3880872 0.9293451 0.3832819 0.9262787 0.3882247 0.9289252 0.405008 0.8914878 0.387254 0.8986009 0.4050683 0.8912032 0.4050683 0.8912032 0.387254 0.8986009 0.38709 0.898192 0.4050683 0.8912032 0.38709 0.898192 0.4051518 0.8907859 0.4051518 0.8907859 0.38709 0.898192 0.3869512 0.8978468 0.4051518 0.8907859 0.3869512 0.8978468 0.4052144 0.8904531 0.1773937 0.6693606 0.1762999 0.6822302 0.175915 0.6820395 0.1773937 0.6693606 0.175915 0.6820395 0.1770659 0.6691382 0.1770659 0.6691382 0.175915 0.6820395 0.1766938 0.6690508 0.1766938 0.6690508 0.175915 0.6820395 0.1754707 0.6819718 0.1766938 0.6690508 0.1754707 0.6819718 0.1766562 0.66905 0.9467682 0.4349786 0.9666314 0.434934 0.966635 0.4355204 0.9467682 0.4349786 0.966635 0.4355204 0.9468092 0.4353621 0.9468092 0.4353621 0.966635 0.4355204 0.966639 0.4357721 0.9468092 0.4353621 0.966639 0.4357721 0.9469308 0.4357168 0.4099838 0.8904048 0.4286241 0.8968088 0.4100646 0.8907473 0.4100646 0.8907473 0.4286241 0.8968088 0.428546 0.8970352 0.4100646 0.8907473 0.428546 0.8970352 0.4101113 0.8909352 0.4283598 0.8975815 0.4102455 0.8914447 0.428546 0.8970352 0.428546 0.8970352 0.4102455 0.8914447 0.4101734 0.891176 0.428546 0.8970352 0.4101734 0.891176 0.4101113 0.8909352 0.966639 0.4357721 0.966635 0.4355204 0.9707919 0.4355486 0.429251 0.9284516 0.4290405 0.9279146 0.4328398 0.9265204 0.4328398 0.9265204 0.4290405 0.9279146 0.4325055 0.92605 0.4328398 0.9265204 0.4325055 0.92605 0.4358547 0.9237784 0.4358547 0.9237784 0.4325055 0.92605 0.4354164 0.9234025 0.4358547 0.9237784 0.4354164 0.9234025 0.4381167 0.9203884 0.4381167 0.9203884 0.4354164 0.9234025 0.4376004 0.9201294 0.4381167 0.9203884 0.4376004 0.9201294 0.4394914 0.9165518 0.4394914 0.9165518 0.4376004 0.9201294 0.4389278 0.9164251 0.4394914 0.9165518 0.4389278 0.9164251 0.4398972 0.9124966 0.4398972 0.9124966 0.4389278 0.9164251 0.4393196 0.9125097 0.4398972 0.9124966 0.4393196 0.9125097 0.4393099 0.9084637 0.4393099 0.9084637 0.4393196 0.9125097 0.4387525 0.908616 0.4393099 0.9084637 0.4387525 0.908616 0.4377644 0.9046927 0.4377644 0.9046927 0.4387525 0.908616 0.4372603 0.9049749 0.4377644 0.9046927 0.4372603 0.9049749 0.4353526 0.9014075 0.4353526 0.9014075 0.4372603 0.9049749 0.4349317 0.9018031 0.4353526 0.9014075 0.4349317 0.9018031 0.4322177 0.8988035 0.4322177 0.8988035 0.4349317 0.9018031 0.4319049 0.8992888 0.4322177 0.8988035 0.4319049 0.8992888 0.428546 0.8970352 0.428546 0.8970352 0.4319049 0.8992888 0.4283598 0.8975815 0.428546 0.8970352 0.4286241 0.8968088 0.4322177 0.8988035 0.9706987 0.4359999 0.966639 0.4357721 0.9707919 0.4355486 0.9706987 0.4359999 0.9707919 0.4355486 0.974533 0.4360989 0.974533 0.4360989 0.9707919 0.4355486 0.9747231 0.4356501 0.4353526 0.9014075 0.4356632 0.9011176 0.4377644 0.9046927 0.4377644 0.9046927 0.4356632 0.9011176 0.4381359 0.9044857 0.4377644 0.9046927 0.4381359 0.9044857 0.4393099 0.9084637 0.4393099 0.9084637 0.4381359 0.9044857 0.4397204 0.9083519 0.7166703 0.478417 0.7171205 0.4782378 0.7167986 0.4823005 0.7167986 0.4823005 0.7171205 0.4782378 0.717252 0.4822193 0.7167986 0.4823005 0.717252 0.4822193 0.7168498 0.4863676 0.7168498 0.4863676 0.717252 0.4822193 0.7173045 0.4863891 0.7168498 0.4863676 0.7173045 0.4863891 0.716821 0.4903766 0.716821 0.4903766 0.7173045 0.4863891 0.7172749 0.4904993 0.4381167 0.9203884 0.4384971 0.9205776 0.4358547 0.9237784 0.4358547 0.9237784 0.4384971 0.9205776 0.436178 0.9240531 0.4358547 0.9237784 0.436178 0.9240531 0.4328398 0.9265204 0.4328398 0.9265204 0.436178 0.9240531 0.4330869 0.9268644 0.4328398 0.9265204 0.4330869 0.9268644 0.429251 0.9284516 0.429251 0.9284516 0.4330869 0.9268644 0.4294077 0.9288443 0.9724828 0.4983383 0.97238 0.4977548 0.9753257 0.4980884 0.9753257 0.4980884 0.97238 0.4977548 0.9751974 0.4975072 0.7175657 0.4976881 0.7169814 0.4975824 0.717751 0.4943819 0.717751 0.4943819 0.7169814 0.4975824 0.7171651 0.4943058 0.717751 0.4943819 0.7171651 0.4943058 0.7178618 0.4905411 0.7178618 0.4905411 0.7171651 0.4943058 0.7172749 0.4904993 0.7178618 0.4905411 0.7172749 0.4904993 0.7178916 0.4863938 0.7178916 0.4863938 0.7172749 0.4904993 0.7173045 0.4863891 0.7178916 0.4863938 0.7173045 0.4863891 0.7178387 0.4821864 0.7178387 0.4821864 0.7173045 0.4863891 0.717252 0.4822193 0.7178387 0.4821864 0.717252 0.4822193 0.717706 0.478169 0.717706 0.478169 0.717252 0.4822193 0.7171205 0.4782378 0.717706 0.478169 0.7171205 0.4782378 0.7175016 0.4745802 0.7175016 0.4745802 0.7171205 0.4782378 0.7169179 0.474681 0.9782955 0.4352351 0.978195 0.4358187 0.9747923 0.4350649 0.9747923 0.4350649 0.978195 0.4358187 0.9747231 0.4356501 0.9747923 0.4350649 0.9747231 0.4356501 0.9708257 0.4349625 0.9708257 0.4349625 0.9747231 0.4356501 0.9707919 0.4355486 0.9708257 0.4349625 0.9707919 0.4355486 0.9666314 0.434934 0.9666314 0.434934 0.9707919 0.4355486 0.966635 0.4355204 0.4112198 0.9348574 0.4290405 0.9279146 0.4111571 0.9351417 0.4111571 0.9351417 0.4290405 0.9279146 0.429251 0.9284516 0.4294077 0.9288443 0.4110075 0.9358931 0.429251 0.9284516 0.429251 0.9284516 0.4110075 0.9358931 0.411071 0.9355592 0.429251 0.9284516 0.411071 0.9355592 0.4111571 0.9351417 0.9573981 0.4993889 0.9573978 0.4993513 0.9724828 0.4983383 0.9724828 0.4983383 0.9573978 0.4993513 0.9573825 0.4989736 0.9724828 0.4983383 0.9573825 0.4989736 0.97238 0.4977548 0.97238 0.4977548 0.9573825 0.4989736 0.9573671 0.4987983 0.97238 0.4977548 0.9573671 0.4987983 0.9573469 0.498631 0.2388128 0.9241775 0.2579539 0.924223 0.238864 0.9245592 0.238864 0.9245592 0.2579539 0.924223 0.2579728 0.9246668 0.238864 0.9245592 0.2579728 0.9246668 0.2389407 0.9247609 0.2389407 0.9247609 0.2579728 0.9246668 0.2579893 0.924804 0.2389407 0.9247609 0.2579893 0.924804 0.2390243 0.9249069 0.2390243 0.9249069 0.2579893 0.924804 0.2580359 0.9250483 0.3473784 0.8904423 0.3657668 0.8975393 0.3474482 0.8907852 0.3656333 0.8978869 0.365476 0.8982985 0.347604 0.8914874 0.3657668 0.8975393 0.3656815 0.897761 0.3474482 0.8907852 0.3474482 0.8907852 0.3656815 0.897761 0.3656333 0.8978869 0.3474482 0.8907852 0.3656333 0.8978869 0.3475418 0.8912164 0.3475418 0.8912164 0.3656333 0.8978869 0.347604 0.8914874 0.3656815 0.897761 0.3657668 0.8975393 0.3708226 0.9005606 0.2579893 0.924804 0.2579728 0.9246668 0.2639214 0.9247118 0.2639214 0.9247118 0.2579728 0.9246668 0.2579539 0.924223 0.2579539 0.924223 0.2639328 0.9242683 0.2639214 0.9247118 0.2639214 0.9247118 0.2639328 0.9242683 0.2663196 0.9243032 0.2639214 0.9247118 0.2663196 0.9243032 0.2697083 0.9248145 0.2697083 0.9248145 0.2663196 0.9243032 0.2697492 0.9243714 0.2697083 0.9248145 0.2697492 0.9243714 0.2746353 0.9249624 0.2697492 0.9243714 0.2738109 0.9244875 0.2746353 0.9249624 0.8736555 0.1736422 0.8725979 0.17325 0.8736081 0.1731968 0.8736555 0.1736422 0.8736081 0.1731968 0.8792273 0.1734581 0.8736081 0.1731968 0.8792083 0.1730118 0.8792273 0.1734581 0.8792273 0.1734581 0.8792083 0.1730118 0.8804 0.1729922 0.8792273 0.1734581 0.8804 0.1729922 0.8852027 0.1734222 0.8955834 0.173349 0.8955193 0.1737936 0.8909012 0.1730927 0.8909012 0.1730927 0.8955193 0.1737936 0.8908608 0.1735387 0.8909012 0.1730927 0.8908608 0.1735387 0.8887103 0.173028 0.8887103 0.173028 0.8908608 0.1735387 0.8852027 0.1734222 0.8887103 0.173028 0.8852027 0.1734222 0.8852141 0.1729756 0.8852141 0.1729756 0.8852027 0.1734222 0.8804 0.1729922 0.8955193 0.1737936 0.8953329 0.1741796 0.8908608 0.1735387 0.8908608 0.1735387 0.8953329 0.1741796 0.8907421 0.1739284 0.8908608 0.1735387 0.8907421 0.1739284 0.8852027 0.1734222 0.8852027 0.1734222 0.8907421 0.1739284 0.8851661 0.1738136 0.8852027 0.1734222 0.8851661 0.1738136 0.8792273 0.1734581 0.8792273 0.1734581 0.8851661 0.1738136 0.8792776 0.1738491 0.8792273 0.1734581 0.8792776 0.1738491 0.8736555 0.1736422 0.8736555 0.1736422 0.8792776 0.1738491 0.8737867 0.1740304 0.2746353 0.9249624 0.2744564 0.9253396 0.2697083 0.9248145 0.2697083 0.9248145 0.2744564 0.9253396 0.2696009 0.9251939 0.2697083 0.9248145 0.2696009 0.9251939 0.2639214 0.9247118 0.2639214 0.9247118 0.2696009 0.9251939 0.2638981 0.9250927 0.2639214 0.9247118 0.2638981 0.9250927 0.2579893 0.924804 0.2579893 0.924804 0.2638981 0.9250927 0.2580359 0.9250483 0.3652867 0.9294078 0.3651638 0.9290524 0.3704313 0.9265401 0.3704313 0.9265401 0.3651638 0.9290524 0.3701949 0.9262479 0.3704313 0.9265401 0.3701949 0.9262479 0.3742848 0.9220858 0.3742848 0.9220858 0.3701949 0.9262479 0.3739634 0.9218919 0.3742848 0.9220858 0.3739634 0.9218919 0.3763824 0.9165822 0.3763824 0.9165822 0.3739634 0.9218919 0.3760148 0.9165097 0.3763824 0.9165822 0.3760148 0.9165097 0.3764711 0.9106931 0.3764711 0.9106931 0.3760148 0.9165097 0.3761015 0.9107505 0.3764711 0.9106931 0.3761015 0.9107505 0.3745402 0.9051289 0.3745402 0.9051289 0.3761015 0.9107505 0.3742132 0.905309 0.3745402 0.9051289 0.3742132 0.905309 0.3708226 0.9005606 0.3708226 0.9005606 0.3742132 0.905309 0.3705776 0.9008415 0.3708226 0.9005606 0.3705776 0.9008415 0.3656815 0.897761 0.3656815 0.897761 0.3705776 0.9008415 0.3656333 0.8978869 0.3651638 0.9290524 0.3650191 0.9286348 0.3701949 0.9262479 0.3701949 0.9262479 0.3650191 0.9286348 0.3699163 0.9259049 0.3701949 0.9262479 0.3699163 0.9259049 0.3739634 0.9218919 0.3739634 0.9218919 0.3699163 0.9259049 0.3735845 0.9216648 0.3739634 0.9218919 0.3735845 0.9216648 0.3760148 0.9165097 0.3760148 0.9165097 0.3735845 0.9216648 0.3755813 0.9164258 0.3760148 0.9165097 0.3755813 0.9164258 0.3761015 0.9107505 0.3761015 0.9107505 0.3755813 0.9164258 0.3756657 0.9108199 0.3761015 0.9107505 0.3756657 0.9108199 0.3742132 0.905309 0.3742132 0.905309 0.3756657 0.9108199 0.3738277 0.9055232 0.3742132 0.905309 0.3738277 0.9055232 0.3705776 0.9008415 0.3705776 0.9008415 0.3738277 0.9055232 0.3702889 0.9011746 0.3705776 0.9008415 0.3702889 0.9011746 0.3656333 0.8978869 0.3656333 0.8978869 0.3702889 0.9011746 0.365476 0.8982985 0.3469501 0.9349048 0.3650191 0.9286348 0.3468765 0.9351868 0.3468765 0.9351868 0.3650191 0.9286348 0.3651638 0.9290524 0.3468765 0.9351868 0.3651638 0.9290524 0.3467738 0.935602 0.3467738 0.935602 0.3651638 0.9290524 0.3652867 0.9294078 0.3467738 0.935602 0.3652867 0.9294078 0.3466961 0.9359354 0.9520965 0.1273228 0.9690353 0.1269285 0.9691511 0.1273221 0.9520965 0.1273228 0.9691511 0.1273221 0.9520817 0.1276662 0.9520817 0.1276662 0.9691511 0.1273221 0.9520694 0.1280441 0.9520694 0.1280441 0.9691511 0.1273221 0.9691828 0.1277692 0.9520694 0.1280441 0.9691828 0.1277692 0.9520683 0.1280817 0.3331444 0.822999 0.3132784 0.8228672 0.3132809 0.8224205 0.3331444 0.822999 0.3132809 0.8224205 0.3331072 0.822615 0.3331072 0.822615 0.3132809 0.8224205 0.3132812 0.8220283 0.3331072 0.822615 0.3132812 0.8220283 0.3329906 0.8222589 0.4696753 0.9354816 0.4510813 0.9289404 0.4512019 0.9285873 0.4696753 0.9354816 0.4512019 0.9285873 0.4695928 0.9351391 0.4513459 0.9281705 0.4694143 0.9344407 0.4512019 0.9285873 0.4512019 0.9285873 0.4694143 0.9344407 0.4694849 0.9347099 0.4512019 0.9285873 0.4694849 0.9347099 0.4695928 0.9351391 0.3073854 0.8223019 0.3132809 0.8224205 0.3132784 0.8228672 0.3132784 0.8228672 0.3073529 0.822748 0.3073854 0.8223019 0.3073854 0.8223019 0.3073529 0.822748 0.3051391 0.8226581 0.3073854 0.8223019 0.3051391 0.8226581 0.3021811 0.8220384 0.3021811 0.8220384 0.3051391 0.8226581 0.3021221 0.8224831 0.3021811 0.8220384 0.3021221 0.8224831 0.2982957 0.8216618 0.3021221 0.8224831 0.2988664 0.8221874 0.2982957 0.8216618 0.779336 0.6940004 0.7789151 0.6948763 0.7788929 0.6940613 0.779336 0.6940004 0.7788929 0.6940613 0.7792559 0.6891371 0.7788929 0.6940613 0.7788124 0.6891732 0.7792559 0.6891371 0.7792559 0.6891371 0.7788124 0.6891732 0.7788031 0.6880663 0.7792559 0.6891371 0.7788031 0.6880663 0.7792332 0.6833789 0.7789201 0.6719286 0.779363 0.67198 0.7788269 0.6773966 0.7788269 0.6773966 0.779363 0.67198 0.7792703 0.6774203 0.7788269 0.6773966 0.7792703 0.6774203 0.7788048 0.6797696 0.7788048 0.6797696 0.7792703 0.6774203 0.7792332 0.6833789 0.7788048 0.6797696 0.7792332 0.6833789 0.7787895 0.6833856 0.7787895 0.6833856 0.7792332 0.6833789 0.7788031 0.6880663 0.779363 0.67198 0.7797423 0.672123 0.7792703 0.6774203 0.7792703 0.6774203 0.7797423 0.672123 0.779651 0.6774842 0.7792703 0.6774203 0.779651 0.6774842 0.7792332 0.6833789 0.7792332 0.6833789 0.779651 0.6774842 0.7796143 0.6833562 0.7792332 0.6833789 0.7796143 0.6833562 0.7792559 0.6891371 0.7792559 0.6891371 0.7796143 0.6833562 0.7796368 0.6890308 0.7792559 0.6891371 0.7796368 0.6890308 0.779336 0.6940004 0.779336 0.6940004 0.7796368 0.6890308 0.7797157 0.6938235 0.2982957 0.8216618 0.2985137 0.8212807 0.3021811 0.8220384 0.3021811 0.8220384 0.2985137 0.8212807 0.3023427 0.8216518 0.3021811 0.8220384 0.3023427 0.8216518 0.3073854 0.8223019 0.3073854 0.8223019 0.3023427 0.8216518 0.3074714 0.8219114 0.3073854 0.8223019 0.3074714 0.8219114 0.3132809 0.8224205 0.3132809 0.8224205 0.3074714 0.8219114 0.3132812 0.8220283 0.4506012 0.8970708 0.4507325 0.8974208 0.4455455 0.9000923 0.4455455 0.9000923 0.4507325 0.8974208 0.4457883 0.9003755 0.4455455 0.9000923 0.4457883 0.9003755 0.441828 0.9046607 0.441828 0.9046607 0.4457883 0.9003755 0.4421528 0.9048432 0.441828 0.9046607 0.4421528 0.9048432 0.4398972 0.9102251 0.4398972 0.9102251 0.4421528 0.9048432 0.4402645 0.9102848 0.4398972 0.9102251 0.4402645 0.9102848 0.4399859 0.9161143 0.4399859 0.9161143 0.4402645 0.9102848 0.4403513 0.9160442 0.4399859 0.9161143 0.4403513 0.9160442 0.4420835 0.9216181 0.4420835 0.9216181 0.4403513 0.9160442 0.4424026 0.9214265 0.4420835 0.9216181 0.4424026 0.9214265 0.4459368 0.9260725 0.4459368 0.9260725 0.4424026 0.9214265 0.4461709 0.9257827 0.4459368 0.9260725 0.4461709 0.9257827 0.4510813 0.9289404 0.4510813 0.9289404 0.4461709 0.9257827 0.4512019 0.9285873 0.4507325 0.8974208 0.4508889 0.8978332 0.4457883 0.9003755 0.4457883 0.9003755 0.4508889 0.8978332 0.4460763 0.9007093 0.4457883 0.9003755 0.4460763 0.9007093 0.4421528 0.9048432 0.4421528 0.9048432 0.4460763 0.9007093 0.4425376 0.9050581 0.4421528 0.9048432 0.4425376 0.9050581 0.4402645 0.9102848 0.4402645 0.9102848 0.4425376 0.9050581 0.4406995 0.910355 0.4402645 0.9102848 0.4406995 0.910355 0.4403513 0.9160442 0.4403513 0.9160442 0.4406995 0.910355 0.440784 0.9159611 0.4403513 0.9160442 0.440784 0.9159611 0.4424026 0.9214265 0.4424026 0.9214265 0.440784 0.9159611 0.4427807 0.9212003 0.4424026 0.9214265 0.4427807 0.9212003 0.4461709 0.9257827 0.4461709 0.9257827 0.4427807 0.9212003 0.4464488 0.9254406 0.4461709 0.9257827 0.4464488 0.9254406 0.4512019 0.9285873 0.4512019 0.9285873 0.4464488 0.9254406 0.4513459 0.9281705 0.4687603 0.891022 0.4508889 0.8978332 0.4688256 0.8907381 0.4688256 0.8907381 0.4508889 0.8978332 0.4507325 0.8974208 0.4688256 0.8907381 0.4507325 0.8974208 0.4689171 0.890321 0.4689171 0.890321 0.4507325 0.8974208 0.4506012 0.8970708 0.4689171 0.890321 0.4506012 0.8970708 0.4689869 0.8899869 0.7800465 0.6558365 0.7797423 0.672123 0.779363 0.67198 0.7800465 0.6558365 0.779363 0.67198 0.7797182 0.6556299 0.7797182 0.6556299 0.779363 0.67198 0.7793454 0.6555484 0.7793454 0.6555484 0.779363 0.67198 0.7789201 0.6719286 0.7793454 0.6555484 0.7789201 0.6719286 0.7793077 0.6555476 0.9818661 0.001471877 0.9809011 0.001443505 0.9808713 0.001059353 0.1779693 0.7140321 0.1779375 0.7130871 0.1787288 0.7129459 0.9825563 0.001532137 0.9818661 0.001471877 0.9818457 9.41583e-4 0.9818457 9.41583e-4 0.9818661 0.001471877 0.9808713 0.001059353 0.9818457 9.41583e-4 0.9808713 0.001059353 0.9817886 4.59649e-4 0.9817886 4.59649e-4 0.9808713 0.001059353 0.9808298 8.53334e-4 0.9808298 8.53334e-4 0.980785 7.0242e-4 0.9817886 4.59649e-4 0.9817886 4.59649e-4 0.980785 7.0242e-4 0.9806466 4.15903e-4 0.4076229 0.9363545 0.4065864 0.9355847 0.407603 0.9358893 0.407603 0.9358893 0.4065864 0.9355847 0.4064722 0.9351561 0.407603 0.9358893 0.4064722 0.9351561 0.4075701 0.9353305 0.4075701 0.9353305 0.4064722 0.9351561 0.4063973 0.934888 0.4075701 0.9353305 0.4063973 0.934888 0.4075447 0.9349955 0.9825563 0.001532137 0.9818457 9.41583e-4 0.9825431 7.2693e-4 0.1787288 0.7129459 0.1783964 0.7123392 0.1788476 0.7120589 0.1787288 0.7129459 0.1788476 0.7120589 0.1794262 0.7125293 0.1794262 0.7125293 0.1788476 0.7120589 0.1791644 0.7116279 0.1794262 0.7125293 0.1791644 0.7116279 0.1799353 0.711882 0.1799353 0.711882 0.1791644 0.7116279 0.1792995 0.7111107 0.1799353 0.711882 0.1792995 0.7111107 0.1801827 0.7110917 0.1801827 0.7110917 0.1792995 0.7111107 0.1792883 0.7108015 0.1801827 0.7110917 0.1792883 0.7108015 0.1801933 0.7106098 0.1779693 0.7140321 0.1787288 0.7129459 0.1791028 0.7138394 0.1791028 0.7138394 0.1787288 0.7129459 0.1794262 0.7125293 0.1791028 0.7138394 0.1794262 0.7125293 0.1801171 0.713267 0.1801171 0.713267 0.1794262 0.7125293 0.1799353 0.711882 0.1801171 0.713267 0.1799353 0.711882 0.1808872 0.7123663 0.1808872 0.7123663 0.1799353 0.711882 0.1801827 0.7110917 0.1808872 0.7123663 0.1801827 0.7110917 0.1813071 0.711243 0.1813071 0.711243 0.1801827 0.7110917 0.1801933 0.7106098 0.1813071 0.711243 0.1801933 0.7106098 0.1813663 0.7105415 0.405008 0.8914878 0.4061461 0.8913022 0.407482 0.9015648 0.4061461 0.8913022 0.4069784 0.8911613 0.4083209 0.9014744 0.1791043 0.6694794 0.1802753 0.6693376 0.1806059 0.6786898 0.1791043 0.6694794 0.1806059 0.6786898 0.1794343 0.678815 0.1794343 0.678815 0.1806059 0.6786898 0.1810158 0.6930946 0.1794343 0.678815 0.1810158 0.6930946 0.1798434 0.693194 0.1798434 0.693194 0.1810158 0.6930946 0.1813239 0.7079595 0.1798434 0.693194 0.1813239 0.7079595 0.1801511 0.7080323 0.1801511 0.7080323 0.1813239 0.7079595 0.1813663 0.7105415 0.1801511 0.7080323 0.1813663 0.7105415 0.1801933 0.7106098 0.4061461 0.8913022 0.4083209 0.9014744 0.407482 0.9015648 0.1785329 0.6791621 0.1794343 0.678815 0.1798434 0.693194 0.1785329 0.6791621 0.1798434 0.693194 0.1789401 0.693471 0.1789401 0.693471 0.1798434 0.693194 0.1801511 0.7080323 0.1789401 0.693471 0.1801511 0.7080323 0.1792462 0.7082367 0.1792462 0.7082367 0.1801511 0.7080323 0.1801933 0.7106098 0.1792462 0.7082367 0.1801933 0.7106098 0.1792883 0.7108015 0.405008 0.8914878 0.407482 0.9015648 0.406335 0.9016817 0.406335 0.9016817 0.407482 0.9015648 0.4083209 0.9169587 0.406335 0.9016817 0.4083209 0.9169587 0.4071682 0.9169722 0.4071682 0.9169722 0.4083209 0.9169587 0.4077764 0.9323658 0.4071682 0.9169722 0.4077764 0.9323658 0.4066274 0.9322759 0.4066274 0.9322759 0.4077764 0.9323658 0.4075447 0.9349955 0.4066274 0.9322759 0.4075447 0.9349955 0.4063973 0.934888 0.4061461 0.8913022 0.405008 0.8914878 0.4050683 0.8912032 0.1791043 0.6694794 0.1782045 0.6698723 0.1781973 0.6695378 0.1802753 0.6693376 0.1791043 0.6694794 0.1790649 0.66901 0.4061461 0.8913022 0.4050683 0.8912032 0.4061501 0.8909503 0.4061501 0.8909503 0.4050683 0.8912032 0.4051518 0.8907859 0.4061501 0.8909503 0.4051518 0.8907859 0.4061472 0.8904126 0.4061472 0.8904126 0.4051518 0.8907859 0.4052144 0.8904531 0.4061472 0.8904126 0.4052144 0.8904531 0.406138 0.8899677 0.1777165 0.6686068 0.1773937 0.6693606 0.1770659 0.6691382 0.1777165 0.6686068 0.1770659 0.6691382 0.177272 0.6683229 0.177272 0.6683229 0.1770659 0.6691382 0.1766938 0.6690508 0.177272 0.6683229 0.1766938 0.6690508 0.1767576 0.6682101 0.1767576 0.6682101 0.1766938 0.6690508 0.1766562 0.66905 0.1767576 0.6682101 0.1766562 0.66905 0.1767055 0.668209 0.1791043 0.6694794 0.1781973 0.6695378 0.1790649 0.66901 0.1790649 0.66901 0.1781973 0.6695378 0.1780382 0.6690281 0.1790649 0.66901 0.1780382 0.6690281 0.1787843 0.6683029 0.1787843 0.6683029 0.1780382 0.6690281 0.1777165 0.6686068 0.1787843 0.6683029 0.1777165 0.6686068 0.1782704 0.6677243 0.1782704 0.6677243 0.1777165 0.6686068 0.177272 0.6683229 0.1782704 0.6677243 0.177272 0.6683229 0.1775839 0.6673366 0.1775839 0.6673366 0.177272 0.6683229 0.1767576 0.6682101 0.1775839 0.6673366 0.1767576 0.6682101 0.176801 0.6671828 0.176801 0.6671828 0.1767576 0.6682101 0.1767055 0.668209 0.176801 0.6671828 0.1767055 0.668209 0.176722 0.6671814 0.1802753 0.6693376 0.1790649 0.66901 0.1801729 0.6686717 0.1801729 0.6686717 0.1790649 0.66901 0.1787843 0.6683029 0.1801729 0.6686717 0.1787843 0.6683029 0.1797088 0.6676916 0.1797088 0.6676916 0.1787843 0.6683029 0.1782704 0.6677243 0.1797088 0.6676916 0.1782704 0.6677243 0.1789347 0.6669054 0.1789347 0.6669054 0.1782704 0.6677243 0.1775839 0.6673366 0.1789347 0.6669054 0.1775839 0.6673366 0.1779367 0.6663849 0.1779367 0.6663849 0.1775839 0.6673366 0.176801 0.6671828 0.1779367 0.6663849 0.176801 0.6671828 0.176815 0.6661796 0.176815 0.6661796 0.176801 0.6671828 0.176722 0.6671814 0.176815 0.6661796 0.176722 0.6671814 0.1767023 0.6661777 0.3341636 0.8230239 0.3331444 0.822999 0.3331072 0.822615 0.3349785 0.8230798 0.3341636 0.8230239 0.3341319 0.8224938 0.7799969 0.6942312 0.7799808 0.6934329 0.7807751 0.6933071 0.3341636 0.8230239 0.3331072 0.822615 0.3341319 0.8224938 0.3341319 0.8224938 0.3331072 0.822615 0.3329906 0.8222589 0.3341319 0.8224938 0.3329906 0.8222589 0.33403 0.8220129 0.33403 0.8220129 0.3329906 0.8222589 0.3328014 0.8219738 0.4706161 0.9359263 0.4695928 0.9351391 0.4706017 0.9354639 0.4706017 0.9354639 0.4695928 0.9351391 0.4694849 0.9347099 0.4706017 0.9354639 0.4694849 0.9347099 0.4705773 0.934906 0.4705773 0.934906 0.4694849 0.9347099 0.4694143 0.9344407 0.4705773 0.934906 0.4694143 0.9344407 0.4705576 0.9345706 0.3349785 0.8230798 0.3341319 0.8224938 0.334949 0.8222749 0.334949 0.8222749 0.3341319 0.8224938 0.33403 0.8220129 0.334949 0.8222749 0.33403 0.8220129 0.3348497 0.8215377 0.3348497 0.8215377 0.33403 0.8220129 0.3338655 0.8216499 0.3348497 0.8215377 0.3338655 0.8216499 0.3346882 0.8209665 0.4712805 0.9359782 0.4706017 0.9354639 0.4705773 0.934906 0.4712805 0.9359782 0.4705773 0.934906 0.4713495 0.9351639 0.4713495 0.9351639 0.4705773 0.934906 0.4705576 0.9345706 0.4713495 0.9351639 0.4705576 0.9345706 0.4713897 0.9346663 0.7799969 0.6942312 0.7807751 0.6933071 0.7811342 0.6940579 0.7811342 0.6940579 0.7807751 0.6933071 0.7814768 0.6929329 0.7811342 0.6940579 0.7814768 0.6929329 0.7821537 0.693539 0.7821537 0.693539 0.7814768 0.6929329 0.7819914 0.6923513 0.7821537 0.693539 0.7819914 0.6923513 0.7829301 0.6927219 0.7829301 0.6927219 0.7819914 0.6923513 0.7822448 0.6916419 0.7829301 0.6927219 0.7822448 0.6916419 0.7833569 0.6917037 0.7833569 0.6917037 0.7822448 0.6916419 0.7822589 0.6912099 0.7833569 0.6917037 0.7822589 0.6912099 0.78342 0.6910684 0.7828305 0.6552569 0.7831082 0.6692129 0.7816706 0.6554624 0.7816706 0.6554624 0.7831082 0.6692129 0.7819477 0.6693935 0.470728 0.8907395 0.4723598 0.9088087 0.4698992 0.8908584 0.4698992 0.8908584 0.4723598 0.9088087 0.471523 0.9088394 0.4698992 0.8908584 0.471523 0.9088394 0.4687603 0.891022 0.4687603 0.891022 0.471523 0.9088394 0.4703732 0.9088822 0.7831082 0.6692129 0.7832769 0.6798792 0.7819477 0.6693935 0.7819477 0.6693935 0.7832769 0.6798792 0.7821161 0.6800407 0.4723598 0.9088087 0.4723598 0.9217557 0.471523 0.9088394 0.471523 0.9088394 0.4723598 0.9217557 0.471523 0.9217231 0.471523 0.9088394 0.471523 0.9217231 0.4703732 0.9088822 0.4703732 0.9088822 0.471523 0.9217231 0.4703732 0.9216794 0.7832769 0.6798792 0.78342 0.6910684 0.7821161 0.6800407 0.7821161 0.6800407 0.78342 0.6910684 0.7822589 0.6912099 0.4723598 0.9217557 0.4713897 0.9346663 0.471523 0.9217231 0.471523 0.9217231 0.4713897 0.9346663 0.4705576 0.9345706 0.471523 0.9217231 0.4705576 0.9345706 0.4703732 0.9216794 0.4703732 0.9216794 0.4705576 0.9345706 0.4694143 0.9344407 0.4698992 0.8908584 0.4687603 0.891022 0.4688256 0.8907381 0.470728 0.8907395 0.4698992 0.8908584 0.4699092 0.8905068 0.7828305 0.6552569 0.7816706 0.6554624 0.7816394 0.6550681 0.4698992 0.8908584 0.4688256 0.8907381 0.4699092 0.8905068 0.4699092 0.8905068 0.4688256 0.8907381 0.4689171 0.890321 0.4699092 0.8905068 0.4689171 0.890321 0.4699164 0.8899676 0.3436931 0.3466347 0.3436931 0.3475634 0.343342 0.3473676 0.343342 0.3464333 0.343742 0.3455941 0.343742 0.3466348 0.7803311 0.6549229 0.7800465 0.6558365 0.7797182 0.6556299 0.7803311 0.6549229 0.7797182 0.6556299 0.7798889 0.6546753 0.7798889 0.6546753 0.7797182 0.6556299 0.7793454 0.6555484 0.7798889 0.6546753 0.7793454 0.6555484 0.7793747 0.6545764 0.7793747 0.6545764 0.7793454 0.6555484 0.7793077 0.6555476 0.7793747 0.6545764 0.7793077 0.6555476 0.7793225 0.6545754 0.470728 0.8907395 0.4699092 0.8905068 0.4706704 0.8902201 0.7816394 0.6550681 0.7808028 0.6557382 0.7806488 0.6552909 0.7816394 0.6550681 0.7806488 0.6552909 0.7813708 0.6544753 0.7813708 0.6544753 0.7806488 0.6552909 0.7803311 0.6549229 0.7813708 0.6544753 0.7803311 0.6549229 0.7808663 0.6539908 0.7808663 0.6539908 0.7803311 0.6549229 0.7798889 0.6546753 0.7808663 0.6539908 0.7798889 0.6546753 0.7801854 0.653666 0.7801854 0.653666 0.7798889 0.6546753 0.7793747 0.6545764 0.7801854 0.653666 0.7793747 0.6545764 0.7794033 0.6535363 0.7794033 0.6535363 0.7793747 0.6545764 0.7793225 0.6545754 0.7794033 0.6535363 0.7793225 0.6545754 0.7793242 0.6535349 0.7828305 0.6552569 0.7816394 0.6550681 0.782741 0.6547049 0.782741 0.6547049 0.7816394 0.6550681 0.7813708 0.6544753 0.782741 0.6547049 0.7813708 0.6544753 0.7822954 0.6538935 0.7822954 0.6538935 0.7813708 0.6544753 0.7808663 0.6539908 0.7822954 0.6538935 0.7808663 0.6539908 0.7815355 0.6532433 0.7815355 0.6532433 0.7808663 0.6539908 0.7801854 0.653666 0.7815355 0.6532433 0.7801854 0.653666 0.7805457 0.6528126 0.7805457 0.6528126 0.7801854 0.653666 0.7794033 0.6535363 0.7805457 0.6528126 0.7794033 0.6535363 0.7794255 0.6526413 0.7794255 0.6526413 0.7794033 0.6535363 0.7793242 0.6535349 0.7794255 0.6526413 0.7793242 0.6535349 0.7793124 0.6526395 0.2377697 0.9241679 0.2388128 0.9241775 0.238864 0.9245592 0.8638992 0.1759883 0.8648393 0.1759506 0.8649854 0.1767411 0.2368139 0.9241461 0.2377697 0.9241679 0.2378236 0.9246947 0.2378236 0.9246947 0.2377697 0.9241679 0.238864 0.9245592 0.2378236 0.9246947 0.238864 0.9245592 0.2379933 0.9251632 0.2379933 0.9251632 0.238864 0.9245592 0.2389407 0.9247609 0.2389407 0.9247609 0.2390243 0.9249069 0.2379933 0.9251632 0.2379933 0.9251632 0.2390243 0.9249069 0.2392826 0.9251781 0.3464491 0.8899676 0.3474482 0.8907852 0.3464465 0.890428 0.3464465 0.890428 0.3474482 0.8907852 0.3475418 0.8912164 0.3464465 0.890428 0.3475418 0.8912164 0.3464527 0.8909852 0.3464527 0.8909852 0.3475418 0.8912164 0.347604 0.8914874 0.3464527 0.8909852 0.347604 0.8914874 0.3464623 0.8913211 0.2368139 0.9241461 0.2378236 0.9246947 0.2368767 0.9249461 0.2368767 0.9249461 0.2378236 0.9246947 0.2379933 0.9251632 0.2368767 0.9249461 0.2379933 0.9251632 0.2370784 0.9256653 0.2370784 0.9256653 0.2379933 0.9251632 0.2382628 0.9255062 0.2370784 0.9256653 0.2382628 0.9255062 0.2374004 0.926207 0.8660545 0.1779406 0.8662948 0.1771702 0.8668106 0.1773021 0.8660545 0.1779406 0.8668106 0.1773021 0.8668442 0.1781827 0.8668442 0.1781827 0.8668106 0.1773021 0.8671182 0.1772889 0.8668442 0.1781827 0.8671182 0.1772889 0.8673248 0.1781902 0.8638992 0.1759883 0.8649854 0.1767411 0.8640992 0.1771207 0.8640992 0.1771207 0.8649854 0.1767411 0.8654056 0.1774358 0.8640992 0.1771207 0.8654056 0.1774358 0.8646771 0.1781313 0.8646771 0.1781313 0.8654056 0.1774358 0.8660545 0.1779406 0.8646771 0.1781313 0.8660545 0.1779406 0.8655808 0.1788952 0.8655808 0.1788952 0.8660545 0.1779406 0.8668442 0.1781827 0.8655808 0.1788952 0.8668442 0.1781827 0.8667041 0.1793076 0.8667041 0.1793076 0.8668442 0.1781827 0.8673248 0.1781902 0.8667041 0.1793076 0.8673248 0.1781902 0.8674042 0.1793619 0.908433 0.1780064 0.8968126 0.1784824 0.9082803 0.176837 0.9082803 0.176837 0.8968126 0.1784824 0.8966807 0.1773123 0.3449643 0.9351198 0.3439941 0.9222096 0.3458039 0.9350318 0.3458039 0.9350318 0.3439941 0.9222096 0.3448385 0.9221847 0.3458039 0.9350318 0.3448385 0.9221847 0.3469501 0.9349048 0.3469501 0.9349048 0.3448385 0.9221847 0.3459911 0.9221439 0.8968126 0.1784824 0.8847932 0.178895 0.8966807 0.1773123 0.8966807 0.1773123 0.8847932 0.178895 0.8846827 0.1777241 0.3439941 0.9222096 0.3439941 0.9092629 0.3448385 0.9221847 0.3448385 0.9221847 0.3439941 0.9092629 0.3448385 0.9093014 0.3448385 0.9221847 0.3448385 0.9093014 0.3459911 0.9221439 0.3459911 0.9221439 0.3448385 0.9093014 0.3459911 0.9093471 0.8847932 0.178895 0.8674042 0.1793619 0.8846827 0.1777241 0.8846827 0.1777241 0.8674042 0.1793619 0.8673248 0.1781902 0.8846827 0.1777241 0.8673248 0.1781902 0.8843913 0.1768251 0.8843913 0.1768251 0.8673248 0.1781902 0.8671182 0.1772889 0.3448385 0.9093014 0.3464623 0.8913211 0.3459911 0.9093471 0.3459911 0.9093471 0.3464623 0.8913211 0.347604 0.8914874 0.3458039 0.9350318 0.3469501 0.9349048 0.3468765 0.9351868 0.9082803 0.176837 0.9078735 0.1759424 0.9082068 0.1759329 0.908433 0.1780064 0.9082803 0.176837 0.9087471 0.1767948 0.3458039 0.9350318 0.3468765 0.9351868 0.3457834 0.935383 0.3457834 0.935383 0.3468765 0.9351868 0.3467738 0.935602 0.3457834 0.935383 0.3467738 0.935602 0.3457612 0.9359228 0.3457612 0.9359228 0.3467738 0.935602 0.3466961 0.9359354 0.3457612 0.9359228 0.3466961 0.9359354 0.3457501 0.9363726 0.909131 0.175446 0.9083673 0.175131 0.9085872 0.1748015 0.909131 0.175446 0.9085872 0.1748015 0.9094107 0.1749995 0.9094107 0.1749995 0.9085872 0.1748015 0.9086719 0.1744288 0.9094107 0.1749995 0.9086719 0.1744288 0.9095196 0.1744843 0.9095196 0.1744843 0.9086719 0.1744288 0.9086724 0.1743912 0.9095196 0.1744843 0.9086724 0.1743912 0.9095202 0.1744322 0.9082803 0.176837 0.9082068 0.1759329 0.9087471 0.1767948 0.9087471 0.1767948 0.9082068 0.1759329 0.9087135 0.1757705 0.9087471 0.1767948 0.9087135 0.1757705 0.9094485 0.1765098 0.9094485 0.1765098 0.9087135 0.1757705 0.909131 0.175446 0.9094485 0.1765098 0.909131 0.175446 0.9100205 0.1759924 0.9100205 0.1759924 0.909131 0.175446 0.9094107 0.1749995 0.9100205 0.1759924 0.9094107 0.1749995 0.9104014 0.1753035 0.9104014 0.1753035 0.9094107 0.1749995 0.9095196 0.1744843 0.9104014 0.1753035 0.9095196 0.1744843 0.910549 0.1745194 0.910549 0.1745194 0.9095196 0.1744843 0.9095202 0.1744322 0.910549 0.1745194 0.9095202 0.1744322 0.9105499 0.1744404 0.908433 0.1780064 0.9087471 0.1767948 0.9090943 0.1779 0.9090943 0.1779 0.9087471 0.1767948 0.9094485 0.1765098 0.9090943 0.1779 0.9094485 0.1765098 0.9100657 0.17743 0.9100657 0.17743 0.9094485 0.1765098 0.9100205 0.1759924 0.9100657 0.17743 0.9100205 0.1759924 0.9108421 0.1766511 0.9108421 0.1766511 0.9100205 0.1759924 0.9104014 0.1753035 0.9108421 0.1766511 0.9104014 0.1753035 0.9113526 0.1756499 0.9113526 0.1756499 0.9104014 0.1753035 0.910549 0.1745194 0.9113526 0.1756499 0.910549 0.1745194 0.9115492 0.1745268 0.9115492 0.1745268 0.910549 0.1745194 0.9105499 0.1744404 0.9115492 0.1745268 0.9105499 0.1744404 0.9115503 0.1744139 0.9449244 0.4349167 0.9457466 0.4349635 0.9457836 0.4354931 0.714827 0.4628993 0.7148565 0.4639067 0.714065 0.4640595 0.9471254 0.4359993 0.9458924 0.4359723 0.9469308 0.4357168 0.9469308 0.4357168 0.9458924 0.4359723 0.9457836 0.4354931 0.9469308 0.4357168 0.9457836 0.4354931 0.9468092 0.4353621 0.9468092 0.4353621 0.9457836 0.4354931 0.9457466 0.4349635 0.9468092 0.4353621 0.9457466 0.4349635 0.9467682 0.4349786 0.4101113 0.8909352 0.4090741 0.8909888 0.4100646 0.8907473 0.4100646 0.8907473 0.4090741 0.8909888 0.409048 0.8904308 0.4100646 0.8907473 0.409048 0.8904308 0.4090356 0.8899676 0.4101113 0.8909352 0.4101734 0.891176 0.4090741 0.8909888 0.4090741 0.8909888 0.4101734 0.891176 0.4102455 0.8914447 0.4090741 0.8909888 0.4102455 0.8914447 0.4090963 0.8913241 0.9449244 0.4349167 0.9457836 0.4354931 0.9449619 0.435721 0.714065 0.4640595 0.7143978 0.4647951 0.713946 0.4650938 0.714065 0.4640595 0.713946 0.4650938 0.7133665 0.4644948 0.7133665 0.4644948 0.713946 0.4650938 0.713628 0.4655504 0.7133665 0.4644948 0.713628 0.4655504 0.7128554 0.4651661 0.7128554 0.4651661 0.713628 0.4655504 0.7134916 0.4660975 0.7128554 0.4651661 0.7134916 0.4660975 0.7126055 0.4659829 0.7126055 0.4659829 0.7134916 0.4660975 0.7135021 0.4664247 0.7126055 0.4659829 0.7135021 0.4664247 0.7125933 0.4664801 0.714827 0.4628993 0.714065 0.4640595 0.7136932 0.4631074 0.7136932 0.4631074 0.714065 0.4640595 0.7133665 0.4644948 0.7136932 0.4631074 0.7133665 0.4644948 0.7126772 0.4637027 0.7126772 0.4637027 0.7133665 0.4644948 0.7128554 0.4651661 0.7126772 0.4637027 0.7128554 0.4651661 0.7119044 0.464632 0.7119044 0.464632 0.7128554 0.4651661 0.7126055 0.4659829 0.7119044 0.464632 0.7126055 0.4659829 0.7114808 0.4657869 0.7114808 0.4657869 0.7126055 0.4659829 0.7125933 0.4664801 0.7114808 0.4657869 0.7125933 0.4664801 0.7114194 0.4665068 0.7123123 0.5072237 0.7118879 0.4921983 0.7130611 0.4921258 0.7123954 0.5097581 0.7123123 0.5072237 0.7135677 0.5096542 0.7135677 0.5096542 0.7123123 0.5072237 0.7130611 0.4921258 0.7135677 0.5096542 0.7130611 0.4921258 0.7144716 0.5093876 0.7144716 0.5093876 0.7130611 0.4921258 0.7139675 0.4919449 0.4100772 0.9350302 0.4083209 0.9170618 0.4112198 0.9348574 0.4112198 0.9348574 0.4083209 0.9170618 0.4094753 0.9170097 0.7118879 0.4921983 0.7115707 0.4768849 0.7130611 0.4921258 0.7130611 0.4921258 0.7115707 0.4768849 0.7127445 0.4768397 0.7130611 0.4921258 0.7127445 0.4768397 0.7139675 0.4919449 0.7139675 0.4919449 0.7127445 0.4768397 0.7136524 0.4767335 0.4083209 0.9170618 0.4083209 0.9016446 0.4094753 0.9170097 0.4094753 0.9170097 0.4083209 0.9016446 0.4094753 0.901696 0.7115707 0.4768849 0.7114194 0.4665068 0.7127445 0.4768397 0.7127445 0.4768397 0.7114194 0.4665068 0.7125933 0.4664801 0.7127445 0.4768397 0.7125933 0.4664801 0.7136524 0.4767335 0.7136524 0.4767335 0.7125933 0.4664801 0.7135021 0.4664247 0.4083209 0.9016446 0.4090963 0.8913241 0.4094753 0.901696 0.4094753 0.901696 0.4090963 0.8913241 0.4102455 0.8914447 0.4100772 0.9350302 0.4112198 0.9348574 0.4111571 0.9351417 0.7135677 0.5096542 0.7144716 0.5093876 0.7144779 0.5097358 0.7123954 0.5097581 0.7135677 0.5096542 0.7136059 0.5101559 0.4100772 0.9350302 0.4111571 0.9351417 0.4100699 0.935382 0.4100699 0.935382 0.4111571 0.9351417 0.411071 0.9355592 0.4100699 0.935382 0.411071 0.9355592 0.410069 0.9359207 0.410069 0.9359207 0.411071 0.9355592 0.4110075 0.9358931 0.410069 0.9359207 0.4110075 0.9358931 0.4100769 0.9363678 0.7149559 0.5107052 0.7152845 0.510084 0.7154427 0.5102126 0.7149559 0.5107052 0.7154427 0.5102126 0.7153995 0.5109988 0.7154427 0.5102126 0.7156114 0.5103058 0.7153995 0.5109988 0.7153995 0.5109988 0.7156114 0.5103058 0.715983 0.5103906 0.7153995 0.5109988 0.715983 0.5103906 0.7159134 0.5111122 0.7159134 0.5111122 0.715983 0.5103906 0.7160206 0.5103911 0.7159134 0.5111122 0.7160206 0.5103911 0.7159655 0.5111128 0.7135677 0.5096542 0.7144779 0.5097358 0.7136059 0.5101559 0.7136059 0.5101559 0.7144779 0.5097358 0.7146354 0.5102669 0.7136059 0.5101559 0.7146354 0.5102669 0.7138849 0.5109105 0.7138849 0.5109105 0.7146354 0.5102669 0.7149559 0.5107052 0.7138849 0.5109105 0.7149559 0.5107052 0.7143973 0.5115259 0.7143973 0.5115259 0.7149559 0.5107052 0.7153995 0.5109988 0.7143973 0.5115259 0.7153995 0.5109988 0.7150827 0.5119352 0.7150827 0.5119352 0.7153995 0.5109988 0.7159134 0.5111122 0.7150827 0.5119352 0.7159134 0.5111122 0.715865 0.5120925 0.715865 0.5120925 0.7159134 0.5111122 0.7159655 0.5111128 0.715865 0.5120925 0.7159655 0.5111128 0.7159439 0.5120933 0.7123954 0.5097581 0.7136059 0.5101559 0.7124963 0.5104742 0.7124963 0.5104742 0.7136059 0.5101559 0.7138849 0.5109105 0.7124963 0.5104742 0.7138849 0.5109105 0.7129582 0.5115264 0.7129582 0.5115264 0.7138849 0.5109105 0.7143973 0.5115259 0.7129582 0.5115264 0.7143973 0.5115259 0.7137304 0.5123675 0.7137304 0.5123675 0.7143973 0.5115259 0.7150827 0.5119352 0.7137304 0.5123675 0.7150827 0.5119352 0.7147269 0.5129199 0.7147269 0.5129199 0.7150827 0.5119352 0.715865 0.5120925 0.7147269 0.5129199 0.715865 0.5120925 0.7158478 0.5131306 0.7158478 0.5131306 0.715865 0.5120925 0.7159439 0.5120933 0.7158478 0.5131306 0.7159439 0.5120933 0.7159606 0.5131315 0.3369665 0.7099509 0.3369665 0.704554 0.3387767 0.7048949 0.2801833 0.8778416 0.2811015 0.8725621 0.2831085 0.872718 0.2801833 0.8778416 0.2831085 0.872718 0.2796346 0.8834651 0.2796346 0.8834651 0.2831085 0.872718 0.2812376 0.8835896 0.2796346 0.8834651 0.2812376 0.8835896 0.2794677 0.8890993 0.2794677 0.8890993 0.2812376 0.8835896 0.2815234 0.8945636 0.2794677 0.8890993 0.2815234 0.8945636 0.2796955 0.8944216 0.2796955 0.8944216 0.2815234 0.8945636 0.2803375 0.8991691 0.2803375 0.8991691 0.2815234 0.8945636 0.2839041 0.9032671 0.2835493 0.7815226 0.281182 0.7776607 0.2839298 0.7776607 0.2839298 0.7776607 0.281182 0.7776607 0.2842828 0.7729482 0.2842828 0.7729482 0.281182 0.7776607 0.2811641 0.7676169 0.2842828 0.7729482 0.2811641 0.7676169 0.2845318 0.7676169 0.2845318 0.7676169 0.2811641 0.7676169 0.2846212 0.7619864 0.2846212 0.7619864 0.2811641 0.7676169 0.2811641 0.7563561 0.2846212 0.7619864 0.2811641 0.7563561 0.2845319 0.7563561 0.3387767 0.7048949 0.3369665 0.704554 0.3374406 0.6959736 0.6991954 0.3413255 0.7039762 0.3433986 0.7081319 0.3478862 0.281182 0.7463134 0.2835488 0.7424482 0.2839298 0.7463134 0.281182 0.7463134 0.2839298 0.7463134 0.2811641 0.7563561 0.2811641 0.7563561 0.2839298 0.7463134 0.2842836 0.7510386 0.2811641 0.7563561 0.2842836 0.7510386 0.2845319 0.7563561 0.6938419 0.3401913 0.6993373 0.3424609 0.6882087 0.3400411 0.3298682 0.6004418 0.3299411 0.611383 0.3282552 0.6005297 0.3298682 0.6004418 0.3282552 0.6005297 0.3299411 0.5948149 0.8873022 0.586048 0.8874104 0.5917547 0.8840157 0.5810692 0.2751983 0.6935182 0.2760027 0.6989073 0.2739812 0.6988416 0.2831085 0.872718 0.2811015 0.8725621 0.2839041 0.8541283 0.2839041 0.8541283 0.2811015 0.8725621 0.2818971 0.8539723 0.2760027 0.7175183 0.2739812 0.7174527 0.2760027 0.6989073 0.2760027 0.6989073 0.2739812 0.7174527 0.2739812 0.6988416 0.8790759 0.5780616 0.8780374 0.576339 0.877277 0.5624958 0.877277 0.5624958 0.8829954 0.5624958 0.8790759 0.5780616 0.8790759 0.5780616 0.8829954 0.5624958 0.8840157 0.5810692 0.8790759 0.5780616 0.8840157 0.5810692 0.8814644 0.5866745 0.8814644 0.5866745 0.8840157 0.5810692 0.8874104 0.5917547 0.8814644 0.5866745 0.8874104 0.5917547 0.8813693 0.59008 0.8544031 0.5624958 0.8551635 0.576339 0.8486846 0.5624958 0.8486846 0.5624958 0.8551635 0.576339 0.8543142 0.5780616 0.8813693 0.59008 0.8874104 0.5917547 0.8815071 0.5984306 0.8815071 0.5984306 0.8874104 0.5917547 0.8865087 0.6028139 0.8815071 0.5984306 0.8865087 0.6028139 0.8781501 0.6058714 0.8781501 0.6058714 0.8865087 0.6028139 0.8815059 0.6118556 0.8781501 0.6058714 0.8815059 0.6118556 0.8720752 0.6101384 0.8720752 0.6101384 0.8815059 0.6118556 0.8734834 0.6169244 0.8720752 0.6101384 0.8734834 0.6169244 0.864839 0.6101384 0.864839 0.6101384 0.8734834 0.6169244 0.8641763 0.6169244 0.864839 0.6101384 0.8641763 0.6169244 0.8582955 0.6058714 0.8582955 0.6058714 0.8641763 0.6169244 0.8555971 0.6118556 0.8582955 0.6058714 0.8555971 0.6118556 0.8541209 0.5984306 0.8541209 0.5984306 0.8555971 0.6118556 0.8496009 0.6028139 0.8541209 0.5984306 0.8496009 0.6028139 0.8533413 0.59008 0.8533413 0.59008 0.8496009 0.6028139 0.8474842 0.5917547 0.8533413 0.59008 0.8474842 0.5917547 0.8528721 0.5866745 0.8528721 0.5866745 0.8474842 0.5917547 0.8543142 0.5780616 0.8543142 0.5780616 0.8474842 0.5917547 0.8497049 0.5810692 0.8543142 0.5780616 0.8497049 0.5810692 0.8486846 0.5624958 0.9776229 0.6858279 0.9776176 0.696146 0.9634729 0.696206 0.9340533 0.6981329 0.929764 0.7056811 0.9232387 0.7022872 0.9634729 0.696206 0.9617435 0.6950868 0.9776229 0.6858279 0.9776229 0.6858279 0.9617435 0.6950868 0.9530945 0.6928377 0.9776229 0.6858279 0.9530945 0.6928377 0.9246007 0.6860532 0.9232387 0.7022872 0.9242948 0.6863796 0.9340533 0.6981329 0.9340533 0.6981329 0.9242948 0.6863796 0.924316 0.6862764 0.9340533 0.6981329 0.924316 0.6862764 0.9243777 0.6861674 0.9530945 0.6928377 0.9497948 0.6931649 0.9246007 0.6860532 0.9246007 0.6860532 0.9497948 0.6931649 0.9415286 0.6936066 0.9246007 0.6860532 0.9415286 0.6936066 0.9245401 0.6860609 0.9245401 0.6860609 0.9415286 0.6936066 0.9340533 0.6981329 0.9245401 0.6860609 0.9340533 0.6981329 0.9244573 0.6860966 0.9244573 0.6860966 0.9340533 0.6981329 0.9243777 0.6861674 0.9415116 0.726292 0.9245758 0.7339892 0.934041 0.7218292 0.934041 0.7218292 0.9245758 0.7339892 0.924551 0.7339881 0.9634587 0.7235059 0.9776034 0.7234458 0.9617281 0.7246398 0.9617281 0.7246398 0.9776034 0.7234458 0.977598 0.7337639 0.9617281 0.7246398 0.977598 0.7337639 0.9530767 0.7269625 0.9530767 0.7269625 0.977598 0.7337639 0.9245758 0.7339892 0.9530767 0.7269625 0.9245758 0.7339892 0.9497774 0.7266634 0.9497774 0.7266634 0.9245758 0.7339892 0.9415116 0.726292 0.924551 0.7339881 0.9244696 0.7339667 0.934041 0.7218292 0.934041 0.7218292 0.9244696 0.7339667 0.9244325 0.7339471 0.934041 0.7218292 0.9244325 0.7339471 0.9243445 0.7338664 0.9243445 0.7338664 0.924289 0.7337618 0.934041 0.7218292 0.934041 0.7218292 0.924289 0.7337618 0.9242702 0.7336655 0.934041 0.7218292 0.9242702 0.7336655 0.9297595 0.7143174 0.9297595 0.7143174 0.9242702 0.7336655 0.9233028 0.7191267 0.9297595 0.7143174 0.9233028 0.7191267 0.929764 0.7056811 0.929764 0.7056811 0.9233028 0.7191267 0.9230272 0.7100279 0.929764 0.7056811 0.9230272 0.7100279 0.9232387 0.7022872 0.3324214 0.541858 0.3322455 0.5947582 0.3303149 0.5418515 0.3303149 0.5418515 0.3322455 0.5947582 0.3301391 0.5947518 0.3303149 0.5418515 0.3301391 0.5947518 0.3284311 0.5419147 0.3284311 0.5419147 0.3301391 0.5947518 0.3282552 0.594815 0.9246156 0.6841092 0.9776379 0.6838838 0.9246007 0.6860532 0.9246007 0.6860532 0.9776379 0.6838838 0.9776229 0.6858279 0.9246156 0.6841092 0.9246007 0.6860532 0.9245401 0.6860609 0.3303149 0.5418515 0.3284311 0.5419147 0.3283987 0.5413684 0.3324214 0.541858 0.330254 0.5409189 0.3322818 0.5403682 0.3322818 0.5403682 0.330254 0.5409189 0.3299854 0.5398173 0.9246156 0.6841092 0.9245401 0.6860609 0.924063 0.6841855 0.924063 0.6841855 0.9245401 0.6860609 0.9244573 0.6860966 0.924063 0.6841855 0.9244573 0.6860966 0.9233956 0.6845039 0.9233956 0.6845039 0.9244573 0.6860966 0.9243777 0.6861674 0.9233956 0.6845039 0.9243777 0.6861674 0.9228771 0.6850306 0.9228771 0.6850306 0.9243777 0.6861674 0.924316 0.6862764 0.9228771 0.6850306 0.924316 0.6862764 0.9225609 0.6857305 0.9225609 0.6857305 0.9211322 0.6854098 0.9228771 0.6850306 0.9228771 0.6850306 0.9211322 0.6854098 0.9216835 0.6842496 0.9228771 0.6850306 0.9216835 0.6842496 0.9233956 0.6845039 0.3282552 0.5407239 0.329538 0.5389895 0.3299854 0.5398173 0.3282552 0.5407239 0.3299854 0.5398173 0.3283987 0.5413684 0.3283987 0.5413684 0.3299854 0.5398173 0.330254 0.5409189 0.3283987 0.5413684 0.330254 0.5409189 0.3303149 0.5418515 0.3303149 0.5418515 0.330254 0.5409189 0.3324214 0.541858 0.2756088 0.7296001 0.2756173 0.729854 0.2740061 0.7293295 0.2740061 0.7293295 0.2756173 0.729854 0.275661 0.7310413 0.2740061 0.7293295 0.275661 0.7310413 0.2739812 0.7305304 0.329538 0.5389895 0.3312416 0.5381177 0.3318727 0.5390769 0.329538 0.5389895 0.3318727 0.5390769 0.3299854 0.5398173 0.3299854 0.5398173 0.3318727 0.5390769 0.331991 0.5393554 0.3299854 0.5398173 0.331991 0.5393554 0.3322818 0.5403682 0.275577 0.7285149 0.2756088 0.7296001 0.2740316 0.7282649 0.2740316 0.7282649 0.2756088 0.7296001 0.2740061 0.7293295 0.9210149 0.686438 0.9211322 0.6854098 0.9225004 0.6863454 0.9225004 0.6863454 0.9211322 0.6854098 0.9225609 0.6857305 0.9225004 0.6863454 0.9225609 0.6857305 0.9242948 0.6863796 0.9242948 0.6863796 0.9225609 0.6857305 0.924316 0.6862764 0.9245758 0.7339892 0.977598 0.7337639 0.9245886 0.7360912 0.9245886 0.7360912 0.977598 0.7337639 0.9776109 0.7358658 0.9245886 0.7360912 0.9776109 0.7358658 0.9246267 0.7379127 0.9246267 0.7379127 0.9776109 0.7358658 0.9776489 0.7376872 0.3330479 0.7488618 0.3332088 0.6959735 0.3344455 0.7489868 0.3344455 0.7489868 0.3332088 0.6959735 0.3346064 0.6960984 0.9210149 0.686438 0.9225004 0.6863454 0.922051 0.7022596 0.3300713 0.6058111 0.329941 0.5948149 0.3316156 0.6055548 0.9209902 0.734101 0.9200201 0.7234333 0.9209584 0.7193742 0.9209902 0.734101 0.9209584 0.7193742 0.9224758 0.7338363 0.9200201 0.7234333 0.9200141 0.7195585 0.9209584 0.7193742 0.9209584 0.7193742 0.9200141 0.7195585 0.920011 0.7102301 0.9209584 0.7193742 0.920011 0.7102301 0.9209059 0.7101231 0.9209059 0.7101231 0.920011 0.7102301 0.9200208 0.7023632 0.9209059 0.7101231 0.9200208 0.7023632 0.9209535 0.7022855 0.9209535 0.7022855 0.9200208 0.7023632 0.9200337 0.6972069 0.9242702 0.7336655 0.9224758 0.7338363 0.9220817 0.7192267 0.9220817 0.7192267 0.9224758 0.7338363 0.9209584 0.7193742 0.9220817 0.7192267 0.9209584 0.7193742 0.921931 0.7100544 0.921931 0.7100544 0.9209584 0.7193742 0.9209059 0.7101231 0.921931 0.7100544 0.9209059 0.7101231 0.922051 0.7022596 0.922051 0.7022596 0.9209059 0.7101231 0.9209535 0.7022855 0.922051 0.7022596 0.9209535 0.7022855 0.9210149 0.686438 0.9210149 0.686438 0.9209535 0.7022855 0.9200337 0.6972069 0.2740316 0.7282649 0.275661 0.7175182 0.275577 0.7285149 0.9242702 0.7336655 0.9220817 0.7192267 0.9233028 0.7191267 0.9233028 0.7191267 0.9220817 0.7192267 0.921931 0.7100544 0.9233028 0.7191267 0.921931 0.7100544 0.9230272 0.7100279 0.9230272 0.7100279 0.921931 0.7100544 0.922051 0.7022596 0.9230272 0.7100279 0.922051 0.7022596 0.9232387 0.7022872 0.9232387 0.7022872 0.922051 0.7022596 0.9225004 0.6863454 0.9232387 0.7022872 0.9225004 0.6863454 0.9242948 0.6863796 0.9245886 0.7360912 0.9246267 0.7379127 0.9242356 0.7378928 0.9209902 0.734101 0.9224758 0.7338363 0.9225258 0.7344188 0.3300713 0.6058111 0.3316438 0.6065488 0.33003 0.607372 0.33003 0.607372 0.3316438 0.6065488 0.3316727 0.6076956 0.33003 0.607372 0.3316727 0.6076956 0.3299931 0.6084725 0.9245758 0.7339892 0.9243595 0.7360794 0.924551 0.7339881 0.924551 0.7339881 0.9243595 0.7360794 0.9236521 0.7358711 0.924551 0.7339881 0.9236521 0.7358711 0.9244696 0.7339667 0.9244696 0.7339667 0.9236521 0.7358711 0.923369 0.7357 0.9244696 0.7339667 0.923369 0.7357 0.9244325 0.7339471 0.9244325 0.7339471 0.923369 0.7357 0.9228029 0.7350952 0.9244325 0.7339471 0.9228029 0.7350952 0.9243445 0.7338664 0.9243445 0.7338664 0.9228029 0.7350952 0.9225258 0.7344188 0.9243445 0.7338664 0.9225258 0.7344188 0.924289 0.7337618 0.924289 0.7337618 0.9225258 0.7344188 0.9224758 0.7338363 0.924289 0.7337618 0.9224758 0.7338363 0.9242702 0.7336655 0.9245758 0.7339892 0.9245886 0.7360912 0.9243595 0.7360794 0.9243595 0.7360794 0.9245886 0.7360912 0.9242356 0.7378928 0.9243595 0.7360794 0.9242356 0.7378928 0.9236521 0.7358711 0.9236521 0.7358711 0.9242356 0.7378928 0.9230282 0.7375422 0.9236521 0.7358711 0.9230282 0.7375422 0.923369 0.7357 0.923369 0.7357 0.9230282 0.7375422 0.9225444 0.7372541 0.923369 0.7357 0.9225444 0.7372541 0.9228029 0.7350952 0.9228029 0.7350952 0.9225444 0.7372541 0.9215734 0.736236 0.9228029 0.7350952 0.9215734 0.736236 0.9225258 0.7344188 0.9225258 0.7344188 0.9215734 0.736236 0.9210889 0.7350929 0.9225258 0.7344188 0.9210889 0.7350929 0.9209902 0.734101 0.3316156 0.6055548 0.3316438 0.6065488 0.3300713 0.6058111 0.3299931 0.6084725 0.3316727 0.6076956 0.3299826 0.6087564 0.3299826 0.6087564 0.3316727 0.6076956 0.3316963 0.6087189 0.3299826 0.6087564 0.3316963 0.6087189 0.329941 0.6098015 0.9222826 0.7384014 0.9225444 0.7372541 0.9230282 0.7375422 0.3346064 0.7513268 0.3331598 0.7504281 0.3345482 0.7509046 0.3345482 0.7509046 0.3331598 0.7504281 0.3330534 0.7492503 0.3345482 0.7509046 0.3330534 0.7492503 0.3344672 0.7499276 0.3344672 0.7499276 0.3330534 0.7492503 0.3330479 0.7488618 0.3344672 0.7499276 0.3330479 0.7488618 0.3344455 0.7489868 0.8355885 0.308773 0.8351672 0.3057522 0.8355885 0.3056749 0.8355885 0.3056749 0.8351672 0.3057522 0.8353043 0.3036494 0.8355885 0.3056749 0.8353043 0.3036494 0.8357282 0.3035329 0.8242228 0.3033626 0.8246475 0.3034246 0.8247727 0.3064405 0.8242228 0.3033626 0.8247727 0.3064405 0.8243502 0.3064346 0.8243502 0.3064346 0.8247727 0.3064405 0.8247727 0.3096204 0.8243502 0.3064346 0.8247727 0.3096204 0.8243502 0.3096737 0.8243502 0.3096737 0.8247727 0.3096204 0.8246475 0.3121121 0.8243502 0.3096737 0.8246475 0.3121121 0.8242228 0.3122117 0.7979605 0.3033794 0.7983904 0.3034701 0.7984368 0.3060926 0.7979605 0.3033794 0.7984368 0.3060926 0.7980077 0.3060507 0.7980077 0.3060507 0.7984368 0.3060926 0.7984368 0.3093006 0.7980077 0.3060507 0.7984368 0.3093006 0.7980077 0.3093184 0.7980077 0.3093184 0.7984368 0.3093006 0.7983904 0.3122344 0.7980077 0.3093184 0.7983904 0.3122344 0.7979605 0.3123068 0.798982 0.3122956 0.7985569 0.312232 0.7984368 0.3092281 0.798982 0.3122956 0.7984368 0.3092281 0.7988597 0.3092358 0.7988597 0.3092358 0.7984368 0.3092281 0.7984368 0.3060429 0.7988597 0.3092358 0.7984368 0.3060429 0.7988597 0.3059913 0.7988597 0.3059913 0.7984368 0.3060429 0.7985569 0.3035299 0.7988597 0.3059913 0.7985569 0.3035299 0.798982 0.3034315 0.8357282 0.3119972 0.8353043 0.311959 0.8351672 0.3087937 0.8357282 0.3119972 0.8351672 0.3087937 0.8355885 0.308773 0.8355885 0.308773 0.8351672 0.3087937 0.8351672 0.3057522 0.8485755 0.3033909 0.8472687 0.3062637 0.846964 0.3061821 0.846964 0.3061821 0.8472687 0.3062637 0.8472687 0.3093228 0.846964 0.3061821 0.8472687 0.3093228 0.846964 0.3094051 0.846964 0.3094051 0.8472687 0.3093228 0.8487982 0.3119722 0.846964 0.3094051 0.8487982 0.3119722 0.8485755 0.3121963 0.8485755 0.3121963 0.8487982 0.3119722 0.8514475 0.3135017 0.8485755 0.3121963 0.8514475 0.3135017 0.8513667 0.3138078 0.8513667 0.3138078 0.8514475 0.3135017 0.8545067 0.3135017 0.8513667 0.3138078 0.8545067 0.3135017 0.8545897 0.3138078 0.8545897 0.3138078 0.8545067 0.3135017 0.857156 0.3119722 0.8545897 0.3138078 0.857156 0.3119722 0.8573809 0.3121963 0.8573809 0.3121963 0.857156 0.3119722 0.8586856 0.3093228 0.8573809 0.3121963 0.8586856 0.3093228 0.8589924 0.3094051 0.8589924 0.3094051 0.8586856 0.3093228 0.8586856 0.3062636 0.8589924 0.3094051 0.8586856 0.3062636 0.8589924 0.306182 0.8589924 0.306182 0.8586856 0.3062636 0.857156 0.3036143 0.8589924 0.306182 0.857156 0.3036143 0.8573809 0.3033908 0.8573809 0.3033908 0.857156 0.3036143 0.8545067 0.3020848 0.8573809 0.3033908 0.8545067 0.3020848 0.8545897 0.3017793 0.8545897 0.3017793 0.8545067 0.3020848 0.8514475 0.3020848 0.8545897 0.3017793 0.8514475 0.3020848 0.8513667 0.3017793 0.8513667 0.3017793 0.8514475 0.3020848 0.8487983 0.3036144 0.8513667 0.3017793 0.8487983 0.3036144 0.8485755 0.3033909 0.8485755 0.3033909 0.8487983 0.3036144 0.8472687 0.3062637 0.8487983 0.3036144 0.847686 0.3063755 0.8472687 0.3062637 0.8472687 0.3062637 0.847686 0.3063755 0.8476859 0.3092108 0.8472687 0.3062637 0.8476859 0.3092108 0.8472687 0.3093228 0.8472687 0.3093228 0.8476859 0.3092108 0.8491036 0.3116663 0.8472687 0.3093228 0.8491036 0.3116663 0.8487982 0.3119722 0.8487982 0.3119722 0.8491036 0.3116663 0.8515591 0.3130839 0.8487982 0.3119722 0.8515591 0.3130839 0.8514475 0.3135017 0.8514475 0.3135017 0.8515591 0.3130839 0.8543944 0.3130839 0.8514475 0.3135017 0.8543944 0.3130839 0.8545067 0.3135017 0.8545067 0.3135017 0.8543944 0.3130839 0.8568498 0.3116663 0.8545067 0.3135017 0.8568498 0.3116663 0.857156 0.3119722 0.857156 0.3119722 0.8568498 0.3116663 0.8582675 0.3092108 0.857156 0.3119722 0.8582675 0.3092108 0.8586856 0.3093228 0.8586856 0.3093228 0.8582675 0.3092108 0.8582675 0.3063755 0.8586856 0.3093228 0.8582675 0.3063755 0.8586856 0.3062636 0.8586856 0.3062636 0.8582675 0.3063755 0.8568499 0.30392 0.8586856 0.3062636 0.8568499 0.30392 0.857156 0.3036143 0.857156 0.3036143 0.8568499 0.30392 0.8543944 0.3025023 0.857156 0.3036143 0.8543944 0.3025023 0.8545067 0.3020848 0.8545067 0.3020848 0.8543944 0.3025023 0.8515591 0.3025023 0.8545067 0.3020848 0.8515591 0.3025023 0.8514475 0.3020848 0.8514475 0.3020848 0.8515591 0.3025023 0.8491036 0.30392 0.8514475 0.3020848 0.8491036 0.30392 0.8487983 0.3036144 0.8487983 0.3036144 0.8491036 0.30392 0.847686 0.3063755 0.7980077 0.3060507 0.791909 0.3033626 0.7979605 0.3033794 0.8242228 0.3122117 0.8181871 0.3122884 0.8183145 0.3097504 0.8242228 0.3122117 0.8183145 0.3097504 0.8243502 0.3096737 0.8243502 0.3096737 0.8183145 0.3097504 0.8183145 0.3065114 0.8243502 0.3096737 0.8183145 0.3065114 0.8243502 0.3064346 0.8243502 0.3064346 0.8183145 0.3065114 0.8181871 0.3034393 0.8243502 0.3064346 0.8181871 0.3034393 0.8242228 0.3033626 0.8357282 0.3035329 0.8417602 0.3033626 0.8416206 0.3055045 0.8357282 0.3035329 0.8416206 0.3055045 0.8355885 0.3056749 0.8355885 0.3056749 0.8416206 0.3055045 0.8416206 0.3086026 0.8355885 0.3056749 0.8416206 0.3086026 0.8355885 0.308773 0.8355885 0.308773 0.8416206 0.3086026 0.8417602 0.3118268 0.8355885 0.308773 0.8417602 0.3118268 0.8357282 0.3119972 0.798982 0.3034315 0.8050192 0.3033626 0.8048969 0.3059225 0.798982 0.3034315 0.8048969 0.3059225 0.7988597 0.3059913 0.7988597 0.3059913 0.8048969 0.3059225 0.8048969 0.3091669 0.7988597 0.3059913 0.8048969 0.3091669 0.7988597 0.3092358 0.7988597 0.3092358 0.8048969 0.3091669 0.8050192 0.3122267 0.7988597 0.3092358 0.8050192 0.3122267 0.798982 0.3122956 0.7979605 0.3123068 0.791909 0.31229 0.7919563 0.3093016 0.7979605 0.3123068 0.7919563 0.3093016 0.7980077 0.3093184 0.7980077 0.3093184 0.7919563 0.3093016 0.7919563 0.3060339 0.7980077 0.3093184 0.7919563 0.3060339 0.7980077 0.3060507 0.7980077 0.3060507 0.7919563 0.3060339 0.791909 0.3033626 0.8476859 0.3092108 0.847686 0.3063755 0.8529767 0.3077932 0.8529767 0.3077932 0.847686 0.3063755 0.8491036 0.30392 0.8529767 0.3077932 0.8491036 0.30392 0.8515591 0.3025023 0.8543944 0.3130839 0.8515591 0.3130839 0.8529767 0.3077932 0.8529767 0.3077932 0.8515591 0.3130839 0.8491036 0.3116663 0.8529767 0.3077932 0.8491036 0.3116663 0.8476859 0.3092108 0.8582675 0.3063755 0.8582675 0.3092108 0.8529767 0.3077932 0.8529767 0.3077932 0.8582675 0.3092108 0.8568498 0.3116663 0.8529767 0.3077932 0.8568498 0.3116663 0.8543944 0.3130839 0.8515591 0.3025023 0.8543944 0.3025023 0.8529767 0.3077932 0.8529767 0.3077932 0.8543944 0.3025023 0.8568499 0.30392 0.8529767 0.3077932 0.8568499 0.30392 0.8582675 0.3063755 0.7761426 0.2391232 0.7669175 0.2391232 0.7669153 0.2368168 0.7761426 0.2391232 0.7669153 0.2368168 0.7761404 0.2368168 0.7761404 0.2368168 0.7669153 0.2368168 0.7669094 0.2351283 0.7761404 0.2368168 0.7669094 0.2351283 0.7761345 0.2351283 0.3351051 0.8674808 0.3435052 0.8677729 0.3437606 0.8700293 0.3351051 0.8674808 0.3437606 0.8700293 0.3353606 0.8697372 0.3353606 0.9134278 0.3437606 0.91372 0.3435052 0.9160625 0.3353606 0.9134278 0.3435052 0.9160625 0.3351051 0.9157704 0.7761427 0.2351282 0.7853677 0.2351282 0.785376 0.2368056 0.7761427 0.2351282 0.785376 0.2368056 0.776151 0.2368056 0.776151 0.2368056 0.785376 0.2368056 0.7853792 0.2391079 0.776151 0.2368056 0.7853792 0.2391079 0.7761541 0.2391079 0.8237095 0.9307287 0.8321496 0.9310029 0.832399 0.9332613 0.8237095 0.9307287 0.832399 0.9332613 0.8239589 0.9329871 0.7761344 0.3099997 0.7669094 0.3099997 0.7669153 0.3083116 0.7761344 0.3099997 0.7669153 0.3083116 0.7761404 0.3083116 0.7761404 0.3083116 0.7669153 0.3083116 0.7669175 0.3060054 0.7761404 0.3083116 0.7669175 0.3060054 0.7761425 0.3060054 0.7761563 0.3059887 0.7853813 0.3059887 0.7853783 0.308299 0.7761563 0.3059887 0.7853783 0.308299 0.7761533 0.308299 0.7761533 0.308299 0.7853783 0.308299 0.7853701 0.3099981 0.7761533 0.308299 0.7853701 0.3099981 0.7761451 0.3099981 0.8239589 0.8846867 0.832399 0.8849609 0.8321496 0.8873025 0.8239589 0.8846867 0.8321496 0.8873025 0.8237095 0.8870283 0.7669175 0.3060054 0.7669175 0.2391232 0.7761425 0.3060054 0.7761425 0.3060054 0.7669175 0.2391232 0.7761426 0.2391232 0.8321496 0.8873025 0.8321496 0.9310029 0.8237095 0.8870283 0.8237095 0.8870283 0.8321496 0.9310029 0.8237095 0.9307287 0.7761563 0.3059887 0.7761541 0.2391079 0.7853813 0.3059887 0.7853813 0.3059887 0.7761541 0.2391079 0.7853792 0.2391079 0.3353606 0.9134278 0.3353606 0.8697372 0.3437606 0.91372 0.3437606 0.91372 0.3353606 0.8697372 0.3437606 0.8700293 0.1235247 0.8922977 0.1252051 0.89081 0.1275005 0.8901731 0.1406989 0.9332805 0.1493065 0.934723 0.1275005 0.9530762 0.1229097 0.8942376 0.1235247 0.8922977 0.1406989 0.9085188 0.1406989 0.9085188 0.1235247 0.8922977 0.1275005 0.8901731 0.1406989 0.9085188 0.1275005 0.8901731 0.1493065 0.9061306 0.1493065 0.9061306 0.1275005 0.8901731 0.1711127 0.8877774 0.1493065 0.9061306 0.1711127 0.8877774 0.1579142 0.9075731 0.1275005 0.9530762 0.1493065 0.934723 0.1711127 0.9506805 0.1711127 0.9506805 0.1493065 0.934723 0.1579142 0.9323348 0.1711127 0.9506805 0.1579142 0.9323348 0.173408 0.9500436 0.1406989 0.9085188 0.1343976 0.9140977 0.1229097 0.8942376 0.1229097 0.8942376 0.1343976 0.9140977 0.1320912 0.9213725 0.1229097 0.8942376 0.1320912 0.9213725 0.1229097 0.9495161 0.1229097 0.9495161 0.1320912 0.9213725 0.1343976 0.9283939 0.1229097 0.9495161 0.1343976 0.9283939 0.1235247 0.9513884 0.1235247 0.9513884 0.1343976 0.9283939 0.1406989 0.9332805 0.1235247 0.9513884 0.1406989 0.9332805 0.1252051 0.9526916 0.1252051 0.9526916 0.1406989 0.9332805 0.1275005 0.9530762 0.1711127 0.8877774 0.173408 0.8881621 0.1579142 0.9075731 0.1579142 0.9075731 0.173408 0.8881621 0.1750884 0.8894652 0.1579142 0.9075731 0.1750884 0.8894652 0.1642155 0.9124597 0.1642155 0.9124597 0.1750884 0.8894652 0.1757035 0.8913375 0.1642155 0.9124597 0.1757035 0.8913375 0.1665219 0.9194811 0.1665219 0.9194811 0.1757035 0.8913375 0.1757034 0.946616 0.1665219 0.9194811 0.1757034 0.946616 0.1642155 0.9267559 0.1642155 0.9267559 0.1757034 0.946616 0.1579142 0.9323348 0.1579142 0.9323348 0.1757034 0.946616 0.1750884 0.948556 0.1579142 0.9323348 0.1750884 0.948556 0.173408 0.9500436 0.6108465 1 0.6085402 0.999382 0.6068519 0.9976937 0.6068519 0.8869928 0.6085402 0.8853045 0.606234 0.8892991 0.606234 0.8892991 0.6085402 0.8853045 0.6108465 0.8846865 0.606234 0.8892991 0.6108465 0.8846865 0.606234 0.9953874 0.6938727 0.8846866 0.696179 0.8853046 0.6978673 0.8869929 0.6978673 0.9976938 0.696179 0.9993821 0.6984853 0.9953875 0.6984853 0.9953875 0.696179 0.9993821 0.6938727 1 0.6984853 0.9953875 0.6938727 1 0.6108465 1 0.6068519 0.9976937 0.606234 0.9953874 0.6108465 1 0.6108465 1 0.606234 0.9953874 0.6108465 0.8846865 0.6108465 1 0.6108465 0.8846865 0.6984853 0.9953875 0.6984853 0.9953875 0.6108465 0.8846865 0.6938727 0.8846866 0.6984853 0.9953875 0.6938727 0.8846866 0.6984853 0.8892992 0.6984853 0.8892992 0.6938727 0.8846866 0.6978673 0.8869929 0.3132765 0.5958635 0.3132765 0.5992844 0.306657 0.5958222 0.306657 0.5958222 0.3132765 0.5992844 0.306657 0.599289 0.306657 0.5958222 0.306657 0.599289 0.3046277 0.5957908 0.3046277 0.5957908 0.306657 0.599289 0.3046276 0.5992925 0.3046277 0.5957908 0.3046276 0.5992925 0.301045 0.5957044 0.301045 0.5957044 0.3046276 0.5992925 0.301045 0.5993022 0.7101623 0.2289134 0.7101806 0.232194 0.706855 0.2301345 0.706855 0.2301345 0.7101806 0.232194 0.706874 0.233529 0.706855 0.2301345 0.706874 0.233529 0.7049292 0.2305989 0.7049292 0.2305989 0.706874 0.233529 0.7049485 0.234058 0.7049292 0.2305989 0.7049485 0.234058 0.6984638 0.2313181 0.6984638 0.2313181 0.7049485 0.234058 0.6984843 0.2349877 0.6984638 0.2313181 0.6984843 0.2349877 0.6917504 0.2309615 0.6917504 0.2309615 0.6984843 0.2349877 0.6917721 0.2348418 0.6917504 0.2309615 0.6917721 0.2348418 0.6896361 0.2306082 0.6896361 0.2306082 0.6917721 0.2348418 0.6896581 0.2345532 0.6896361 0.2306082 0.6896581 0.2345532 0.6858111 0.2295834 0.6858111 0.2295834 0.6896581 0.2345532 0.6858337 0.2336423 0.2960023 0.5961092 0.2958976 0.6005595 0.2924407 0.5959426 0.2924407 0.5959426 0.2958976 0.6005595 0.2923337 0.6004889 0.2924407 0.5959426 0.2923337 0.6004889 0.2904192 0.5958648 0.2904192 0.5958648 0.2923337 0.6004889 0.2903114 0.600446 0.2904192 0.5958648 0.2903114 0.600446 0.2838113 0.5956692 0.2838113 0.5956692 0.2903114 0.600446 0.2837024 0.6002964 0.2838113 0.5956692 0.2837024 0.6002964 0.2771846 0.5955522 0.2771846 0.5955522 0.2837024 0.6002964 0.2770767 0.6001334 0.2771846 0.5955522 0.2770767 0.6001334 0.2751488 0.5955342 0.2751488 0.5955342 0.2770767 0.6001334 0.2750418 0.6000804 0.2751488 0.5955342 0.2750418 0.6000804 0.2715478 0.5955316 0.2715478 0.5955316 0.2750418 0.6000804 0.2714431 0.5999819 0.6838492 0.2306645 0.6836704 0.2347334 0.6801218 0.2295552 0.6801218 0.2295552 0.6836704 0.2347334 0.6799481 0.2335098 0.6801218 0.2295552 0.6799481 0.2335098 0.6780412 0.2291525 0.6780412 0.2291525 0.6799481 0.2335098 0.6778702 0.2330424 0.6780412 0.2291525 0.6778702 0.2330424 0.6713611 0.2286287 0.6713611 0.2286287 0.6778702 0.2330424 0.6711995 0.2323074 0.6713611 0.2286287 0.6711995 0.2323074 0.664826 0.2291728 0.664826 0.2291728 0.6711995 0.2323074 0.6646736 0.2326403 0.664826 0.2291728 0.6646736 0.2326403 0.6628555 0.2295818 0.6628555 0.2295818 0.6646736 0.2326403 0.6627059 0.2329846 0.6628555 0.2295818 0.6627059 0.2329846 0.6594308 0.2307021 0.6594308 0.2307021 0.6627059 0.2329846 0.6592863 0.2339906 0.3255068 0.5957044 0.3255068 0.5993022 0.3219248 0.5957908 0.3219248 0.5957908 0.3255068 0.5993022 0.3219248 0.5992926 0.3219248 0.5957908 0.3219248 0.5992926 0.3198956 0.5958222 0.3198956 0.5958222 0.3219248 0.5992926 0.3198956 0.5992891 0.3198956 0.5958222 0.3198956 0.5992891 0.3132765 0.5958635 0.3132765 0.5958635 0.3198956 0.5992891 0.3132765 0.5992844 0.3198956 0.5992891 0.3219248 0.6131302 0.3132765 0.6131221 0.3198956 0.5992891 0.3219248 0.5992926 0.3219248 0.6131302 0.3219248 0.6131302 0.3219248 0.5992926 0.3255068 0.5993022 0.3219248 0.6131302 0.3255068 0.5993022 0.3282552 0.6131524 0.6592863 0.2339906 0.6627059 0.2329846 0.6619093 0.2456263 0.6619093 0.2456263 0.6627059 0.2329846 0.6646736 0.2326403 0.6619093 0.2456263 0.6646736 0.2326403 0.6704028 0.2449491 0.6646736 0.2326403 0.6711995 0.2323074 0.6704028 0.2449491 0.6704028 0.2449491 0.6711995 0.2323074 0.6778702 0.2330424 0.6704028 0.2449491 0.6778702 0.2330424 0.6791515 0.2461515 0.6778702 0.2330424 0.6799481 0.2335098 0.6791515 0.2461515 0.6791515 0.2461515 0.6799481 0.2335098 0.6836704 0.2347334 0.6791515 0.2461515 0.6836704 0.2347334 0.6858111 0.2489114 0.2714431 0.5999819 0.2750418 0.6000804 0.2747146 0.6139141 0.2747146 0.6139141 0.2750418 0.6000804 0.2770767 0.6001334 0.2747146 0.6139141 0.2770767 0.6001334 0.2833752 0.61413 0.2770767 0.6001334 0.2837024 0.6002964 0.2833752 0.61413 0.2833752 0.61413 0.2837024 0.6002964 0.2903114 0.600446 0.2833752 0.61413 0.2903114 0.600446 0.2920065 0.6143225 0.2903114 0.600446 0.2923337 0.6004889 0.2920065 0.6143225 0.2920065 0.6143225 0.2923337 0.6004889 0.2958976 0.6005595 0.2920065 0.6143225 0.2958976 0.6005595 0.2982957 0.61444 0.6858337 0.2336423 0.6896581 0.2345532 0.6899689 0.2471569 0.6899689 0.2471569 0.6896581 0.2345532 0.6917721 0.2348418 0.6899689 0.2471569 0.6917721 0.2348418 0.6987951 0.2475915 0.6917721 0.2348418 0.6984843 0.2349877 0.6987951 0.2475915 0.6987951 0.2475915 0.6984843 0.2349877 0.7049485 0.234058 0.6987951 0.2475915 0.7049485 0.234058 0.7071847 0.2461327 0.7049485 0.234058 0.706874 0.233529 0.7071847 0.2461327 0.7071847 0.2461327 0.706874 0.233529 0.7101806 0.232194 0.2982957 0.6131524 0.301045 0.5993022 0.3046276 0.6131302 0.301045 0.5993022 0.3046276 0.5992925 0.3046276 0.6131302 0.3046276 0.6131302 0.3046276 0.5992925 0.306657 0.599289 0.3046276 0.6131302 0.306657 0.599289 0.3132765 0.6131221 0.3132765 0.6131221 0.306657 0.599289 0.3132765 0.5992844 0.3132765 0.6131221 0.3132765 0.5992844 0.3198956 0.5992891 0.8114894 0.8892734 0.7551855 0.8912316 0.7551336 0.8888765 0.8114894 0.8892734 0.7551336 0.8888765 0.8114374 0.8869183 0.8114374 0.8869183 0.7551336 0.8888765 0.7549916 0.8866449 0.8114374 0.8869183 0.7549916 0.8866449 0.8112955 0.8846867 0.7106661 0.2380942 0.7669095 0.2351283 0.7668461 0.2366881 0.7106661 0.2380942 0.7668461 0.2366881 0.7106026 0.239654 0.7104521 0.3082754 0.7666956 0.3053095 0.7667506 0.307562 0.7104521 0.3082754 0.7667506 0.307562 0.7105072 0.3105279 0.7105072 0.3105279 0.7667506 0.307562 0.7669095 0.3099036 0.7105072 0.3105279 0.7669095 0.3099036 0.7106661 0.3128696 0.698535 0.8865165 0.7548558 0.8846865 0.7548061 0.8865497 0.698535 0.8865165 0.7548061 0.8865497 0.6984853 0.8883796 0.6984853 0.9854915 0.7548061 0.9836615 0.7548558 0.9860206 0.6984853 0.9854915 0.7548558 0.9860206 0.698535 0.9878506 0.698535 0.9878506 0.7548558 0.9860206 0.7549916 0.9882436 0.698535 0.9878506 0.7549916 0.9882436 0.6986708 0.9900735 0.1228451 0.9761695 0.06636488 0.9764076 0.06638401 0.9742341 0.1228451 0.9761695 0.06638401 0.9742341 0.1228643 0.9739959 0.1229097 0.8920964 0.06642943 0.8923345 0.0664128 0.8899581 0.1229097 0.8920964 0.0664128 0.8899581 0.122893 0.88972 0.122893 0.88972 0.0664128 0.8899581 0.06636488 0.8880156 0.122893 0.88972 0.06636488 0.8880156 0.1228451 0.8877775 0.8114374 0.987779 0.7551336 0.9897372 0.7551855 0.9878897 0.8114374 0.987779 0.7551855 0.9878897 0.8114894 0.9859315 0.06642943 0.8923345 0.1229097 0.8920964 0.06638401 0.9742341 0.06638401 0.9742341 0.1229097 0.8920964 0.1228643 0.9739959 0.7548061 0.9836615 0.6984853 0.9854915 0.7548061 0.8865497 0.7548061 0.8865497 0.6984853 0.9854915 0.6984853 0.8883796 0.7551855 0.8912316 0.8114894 0.8892734 0.7551855 0.9878897 0.7551855 0.9878897 0.8114894 0.8892734 0.8114894 0.9859315 0.7650727 0.2415464 0.7633952 0.2402396 0.7668461 0.2366881 0.7668461 0.2366881 0.7633952 0.2402396 0.7611007 0.2398499 0.7668461 0.2366881 0.7611007 0.2398499 0.7106026 0.239654 0.7106026 0.239654 0.7611007 0.2398499 0.7174833 0.24215 0.7106026 0.239654 0.7174833 0.24215 0.7151865 0.2427818 0.7632595 0.3021211 0.7649431 0.3006371 0.7666956 0.3053095 0.7666956 0.3053095 0.7649431 0.3006371 0.7655624 0.2986985 0.7666956 0.3053095 0.7655624 0.2986985 0.7668461 0.2366881 0.7668461 0.2366881 0.7655624 0.2986985 0.7656836 0.2434201 0.7668461 0.2366881 0.7656836 0.2434201 0.7650727 0.2415464 0.7151865 0.2427818 0.713503 0.2442659 0.7106026 0.239654 0.7106026 0.239654 0.713503 0.2442659 0.7128836 0.2462044 0.7106026 0.239654 0.7128836 0.2462044 0.7104521 0.3082754 0.7104521 0.3082754 0.7128836 0.2462044 0.7127624 0.3014828 0.7104521 0.3082754 0.7127624 0.3014828 0.7133734 0.3033565 0.7133734 0.3033565 0.7150508 0.3046633 0.7104521 0.3082754 0.7104521 0.3082754 0.7150508 0.3046633 0.7173454 0.3050529 0.7104521 0.3082754 0.7173454 0.3050529 0.7666956 0.3053095 0.7666956 0.3053095 0.7173454 0.3050529 0.7609627 0.3027529 0.7666956 0.3053095 0.7609627 0.3027529 0.7632595 0.3021211 0.2719907 0.9305723 0.2642512 0.9307674 0.2642135 0.9264968 0.2757099 0.9262071 0.2757477 0.9304777 0.2719907 0.9305723 0.2719907 0.9305723 0.2642135 0.9264968 0.2757099 0.9262071 0.9513266 0.2494288 0.9398385 0.2498049 0.9395049 0.2464373 0.9513266 0.2494288 0.9395049 0.2464373 0.950993 0.2460613 0.950993 0.2460613 0.9395049 0.2464373 0.9392918 0.242164 0.950993 0.2460613 0.9392918 0.242164 0.9507798 0.2417879 0.8437303 0.5627634 0.8474842 0.5628933 0.8471276 0.5659394 0.8467807 0.5744051 0.8352934 0.5740076 0.8353867 0.5696901 0.8467807 0.5744051 0.8353867 0.5696901 0.8468741 0.5700876 0.8468741 0.5700876 0.8353867 0.5696901 0.8356402 0.565542 0.8468741 0.5700876 0.8356402 0.565542 0.8471276 0.5659394 0.8471276 0.5659394 0.8356402 0.565542 0.8359969 0.5624958 0.8471276 0.5659394 0.8359969 0.5624958 0.8437303 0.5627634 0.533636 0.9381553 0.525906 0.9385059 0.5258613 0.9344803 0.5373437 0.9339594 0.5373884 0.9379851 0.533636 0.9381553 0.533636 0.9381553 0.5258613 0.9344803 0.5373437 0.9339594 0.2850287 0.7885376 0.296523 0.7882658 0.2968448 0.7911034 0.2850287 0.7885376 0.2968448 0.7911034 0.2853505 0.7913753 0.2853505 0.7913753 0.2968448 0.7911034 0.2970662 0.7951548 0.2853505 0.7913753 0.2970662 0.7951548 0.2855719 0.7954266 0.8152419 0.9353725 0.8114894 0.9351838 0.8118631 0.9316459 0.8122264 0.9231927 0.8237094 0.9237702 0.8236117 0.9279026 0.8122264 0.9231927 0.8236117 0.9279026 0.8121287 0.9273251 0.8121287 0.9273251 0.8236117 0.9279026 0.8233461 0.9322234 0.8121287 0.9273251 0.8233461 0.9322234 0.8118631 0.9316459 0.8118631 0.9316459 0.8233461 0.9322234 0.8229724 0.9357613 0.8118631 0.9316459 0.8229724 0.9357613 0.8152419 0.9353725 0.5929076 0.9469742 0.6006419 0.9466743 0.6007309 0.9509339 0.5892421 0.9513794 0.5891531 0.9471198 0.5929076 0.9469742 0.5929076 0.9469742 0.6007309 0.9509339 0.5892421 0.9513794 0.5892421 0.9513794 0.6007309 0.9509339 0.6006419 0.954263 0.5892421 0.9513794 0.6006419 0.954263 0.5891531 0.9547085 0.2859991 0.6144888 0.2975257 0.61444 0.2976158 0.6179342 0.2859991 0.6144888 0.2976158 0.6179342 0.2860893 0.6179831 0.7188115 0.5904853 0.7150456 0.5903999 0.7151826 0.5863112 0.7152782 0.5783455 0.7268019 0.5786066 0.7267901 0.5822286 0.7152782 0.5783455 0.7267901 0.5822286 0.7152664 0.5819675 0.7152664 0.5819675 0.7267901 0.5822286 0.7267063 0.5865723 0.7152664 0.5819675 0.7267063 0.5865723 0.7151826 0.5863112 0.7151826 0.5863112 0.7267063 0.5865723 0.7265693 0.5906611 0.7151826 0.5863112 0.7265693 0.5906611 0.7188115 0.5904853 0.878991 0.3017793 0.8827491 0.3017793 0.8825639 0.3053584 0.8826299 0.3138101 0.8711298 0.3138101 0.8710209 0.3096935 0.8826299 0.3138101 0.8710209 0.3096935 0.882521 0.3096935 0.882521 0.3096935 0.8710209 0.3096935 0.8710638 0.3053584 0.882521 0.3096935 0.8710638 0.3053584 0.8825639 0.3053584 0.8825639 0.3053584 0.8710638 0.3053584 0.871249 0.3017793 0.8825639 0.3053584 0.871249 0.3017793 0.878991 0.3017793 0.9407133 0.2917016 0.9484729 0.2916549 0.9485033 0.2960268 0.9369769 0.2960963 0.9369465 0.2917243 0.9407133 0.2917016 0.9407133 0.2917016 0.9485033 0.2960268 0.9369769 0.2960963 0.9369769 0.2960963 0.9485033 0.2960268 0.9484729 0.299972 0.9369769 0.2960963 0.9484729 0.299972 0.9369465 0.3000415 0.9509875 0.1267282 0.9394891 0.1269285 0.9392949 0.1228934 0.9509875 0.1267282 0.9392949 0.1228934 0.9507933 0.1226933 0.9507798 0.2417879 0.9392918 0.242164 0.9386764 0.2163052 0.9507798 0.2417879 0.9386764 0.2163052 0.9501644 0.2159292 0.9501644 0.2159292 0.9386764 0.2163052 0.9384214 0.1912456 0.9501644 0.2159292 0.9384214 0.1912456 0.9499095 0.1908696 0.9499095 0.1908696 0.9384214 0.1912456 0.9385338 0.1676505 0.9499095 0.1908696 0.9385338 0.1676505 0.9500218 0.1672745 0.9500218 0.1672745 0.9385338 0.1676505 0.9390103 0.1461465 0.9500218 0.1672745 0.9390103 0.1461465 0.9504984 0.1457705 0.9504984 0.1457705 0.9390103 0.1461465 0.9398385 0.1273044 0.9504984 0.1457705 0.9398385 0.1273044 0.9513266 0.1269285 0.8114893 0.8846866 0.8229723 0.8852641 0.8235326 0.9031003 0.8114893 0.8846866 0.8235326 0.9031003 0.8120496 0.9025228 0.8120496 0.9025228 0.8235326 0.9031003 0.8237094 0.9237702 0.8120496 0.9025228 0.8237094 0.9237702 0.8122264 0.9231927 0.2860893 0.6179831 0.2976158 0.6179342 0.2979581 0.6426001 0.2860893 0.6179831 0.2979581 0.6426001 0.2864315 0.642649 0.2864315 0.642649 0.2979581 0.6426001 0.2981867 0.6682862 0.2864315 0.642649 0.2981867 0.6682862 0.2866601 0.6683351 0.2866601 0.6683351 0.2981867 0.6682862 0.2982957 0.6943104 0.2866601 0.6683351 0.2982957 0.6943104 0.2867691 0.6943593 0.2867691 0.6943593 0.2982957 0.6943104 0.2982821 0.7199817 0.2867691 0.6943593 0.2982821 0.7199817 0.2867555 0.7200306 0.2867555 0.7200306 0.2982821 0.7199817 0.2981463 0.7446185 0.2867555 0.7200306 0.2981463 0.7446185 0.2866197 0.7446674 0.2866197 0.7446674 0.2981463 0.7446185 0.2978919 0.7675666 0.2866197 0.7446674 0.2978919 0.7675666 0.2863653 0.7676155 0.2863653 0.7676155 0.2978919 0.7675666 0.2975257 0.7882168 0.2863653 0.7676155 0.2975257 0.7882168 0.2859991 0.7882657 0.2855719 0.7954266 0.2970662 0.7951548 0.2978063 0.821117 0.2855719 0.7954266 0.2978063 0.821117 0.286312 0.8213889 0.286312 0.8213889 0.2978063 0.821117 0.2982197 0.8470091 0.286312 0.8213889 0.2982197 0.8470091 0.2867255 0.847281 0.2867255 0.847281 0.2982197 0.8470091 0.2982957 0.8721436 0.2867255 0.847281 0.2982957 0.8721436 0.2868014 0.8724155 0.2868014 0.8724155 0.2982957 0.8721436 0.2980321 0.8958532 0.2868014 0.8724155 0.2980321 0.8958532 0.2865378 0.896125 0.2865378 0.896125 0.2980321 0.8958532 0.2974359 0.9175081 0.2865378 0.896125 0.2974359 0.9175081 0.2859416 0.91778 0.2859416 0.91778 0.2974359 0.9175081 0.296523 0.9365336 0.2859416 0.91778 0.296523 0.9365336 0.2850287 0.9368055 0.7150456 0.5624959 0.7265693 0.562757 0.7268019 0.5786066 0.7150456 0.5624959 0.7268019 0.5786066 0.7152782 0.5783455 0.9507933 0.1226933 0.9392949 0.1228934 0.9387019 0.09694629 0.9507933 0.1226933 0.9387019 0.09694629 0.9502002 0.09674608 0.9502002 0.09674608 0.9387019 0.09694629 0.9384215 0.07102644 0.9502002 0.09674608 0.9384215 0.07102644 0.9499199 0.07082623 0.9499199 0.07082623 0.9384215 0.07102644 0.9384614 0.04582208 0.9499199 0.07082623 0.9384614 0.04582208 0.9499598 0.04562193 0.9499598 0.04562193 0.9384614 0.04582208 0.9388204 0.02200251 0.9499598 0.04562193 0.9388204 0.02200251 0.9503188 0.02180236 0.9503188 0.02180236 0.9388204 0.02200251 0.9394891 2.00176e-4 0.9503188 0.02180236 0.9394891 2.00176e-4 0.9509875 0 0.8474842 0.6183293 0.8359969 0.6179319 0.8354622 0.5970954 0.8474842 0.6183293 0.8354622 0.5970954 0.8469495 0.5974929 0.8469495 0.5974929 0.8354622 0.5970954 0.8352934 0.5740076 0.8469495 0.5974929 0.8352934 0.5740076 0.8467807 0.5744051 0.5652769 0.5952831 0.6318723 0.5373132 0.6335138 0.5401563 0.6441246 0.4086561 0.6441246 0.4053731 0.6485054 0.4124632 0.63964 0.5417978 0.636972 0.5535521 0.636357 0.5417978 0.636357 0.5417978 0.636972 0.5535521 0.6218029 0.5746985 0.636357 0.5417978 0.6218029 0.5746985 0.6335138 0.5401563 0.6335138 0.5401563 0.6218029 0.5746985 0.6034008 0.5931006 0.3966902 0.5931019 0.4824315 0.6115529 0.47729 0.6198886 0.5632091 0.5964769 0.5652769 0.5952831 0.5589254 0.6198034 0.5589254 0.6198034 0.5652769 0.5952831 0.6335138 0.5401563 0.5589254 0.6198034 0.6335138 0.5401563 0.5822545 0.6082699 0.5822545 0.6082699 0.6335138 0.5401563 0.6034008 0.5931006 0.5096369 0.6059352 0.5000455 0.6039549 0.4837377 0.5202676 0.4837377 0.5202676 0.5000455 0.6039549 0.4904541 0.6059353 0.6485054 0.4124632 0.6441246 0.4053731 0.636972 0.3891342 0.3782882 0.3679894 0.3966902 0.3495873 0.3515011 0.4485894 0.5632091 0.5964769 0.5589254 0.6198034 0.5608215 0.5964769 0.5608215 0.5964769 0.5589254 0.6198034 0.5340329 0.6273951 0.5608215 0.5964769 0.5340329 0.6273951 0.52966 0.6272861 0.5096369 0.6059352 0.4837377 0.5202676 0.5176596 0.6115527 0.5176596 0.6115527 0.4837377 0.5202676 0.5587537 0.5952831 0.5176596 0.6115527 0.5587537 0.5952831 0.5228011 0.6198883 0.5228011 0.6198883 0.5587537 0.5952831 0.5608215 0.5964769 0.5228011 0.6198883 0.5608215 0.5964769 0.523401 0.6215365 0.523401 0.6215365 0.5608215 0.5964769 0.52966 0.6272861 0.523401 0.6215365 0.52966 0.6272861 0.5258289 0.6251751 0.63964 0.5417978 0.6424831 0.5401563 0.636972 0.5535521 0.636972 0.5535521 0.6424831 0.5401563 0.6441246 0.5373131 0.636972 0.5535521 0.6441246 0.5373131 0.6485054 0.5302229 0.6485054 0.5302229 0.6441246 0.5373131 0.6441246 0.5340301 0.6485054 0.5302229 0.6441246 0.5340301 0.6560969 0.5053303 0.6560969 0.5053303 0.6441246 0.5340301 0.6424831 0.5311869 0.6560969 0.5053303 0.6424831 0.5311869 0.6559879 0.5009575 0.6559879 0.5009575 0.6424831 0.5311869 0.63964 0.5295454 0.6559879 0.5009575 0.63964 0.5295454 0.6538769 0.4971264 0.6538769 0.4971264 0.63964 0.5295454 0.6502383 0.4946985 0.6326564 0.4713432 0.6346369 0.4809346 0.636357 0.5295455 0.636357 0.5295455 0.6346369 0.4809346 0.6402544 0.4889571 0.636357 0.5295455 0.6402544 0.4889571 0.63964 0.5295454 0.63964 0.5295454 0.6402544 0.4889571 0.64859 0.4940986 0.63964 0.5295454 0.64859 0.4940986 0.6502383 0.4946985 0.3515011 0.4941004 0.3598366 0.4889588 0.4825438 0.5181999 0.4766901 0.6215368 0.4742622 0.6251754 0.470431 0.6272865 0.6441246 0.4053731 0.6424831 0.40253 0.636972 0.3891342 0.636972 0.3891342 0.6424831 0.40253 0.63964 0.4008885 0.636972 0.3891342 0.63964 0.4008885 0.6218029 0.3679879 0.6218029 0.3679879 0.63964 0.4008885 0.636357 0.4008885 0.6218029 0.3679879 0.636357 0.4008885 0.6034008 0.349586 0.6034008 0.349586 0.636357 0.4008885 0.6335138 0.40253 0.6034008 0.349586 0.6335138 0.40253 0.5822545 0.3344171 0.5000455 0.3387331 0.5096369 0.3367526 0.6318723 0.4053732 0.6318723 0.4053732 0.5096369 0.3367526 0.5176595 0.3311351 0.6318723 0.4053732 0.5176595 0.3311351 0.6335138 0.40253 0.6335138 0.40253 0.5176595 0.3311351 0.522801 0.3227995 0.6335138 0.40253 0.522801 0.3227995 0.5234009 0.3211511 0.5469013 0.4538421 0.5445137 0.4538421 0.3966902 0.3495873 0.470431 0.6272865 0.4660581 0.6273955 0.4766901 0.6215368 0.4766901 0.6215368 0.4660581 0.6273955 0.4411656 0.6198042 0.4766901 0.6215368 0.4411656 0.6198042 0.47729 0.6198886 0.47729 0.6198886 0.4411656 0.6198042 0.4178366 0.6082709 0.47729 0.6198886 0.4178366 0.6082709 0.3966902 0.5931019 0.5652769 0.5952831 0.6239851 0.5365746 0.6318723 0.5373132 0.6318723 0.5373132 0.6239851 0.5365746 0.6251789 0.5345067 0.6318723 0.5373132 0.6251789 0.5345067 0.6318723 0.5340301 0.6318723 0.5340301 0.6251789 0.5345067 0.6251789 0.5321192 0.6318723 0.5340301 0.6251789 0.5321192 0.6335138 0.531187 0.6538768 0.4455596 0.6502382 0.4479876 0.63964 0.4131408 0.63964 0.4131408 0.6502382 0.4479876 0.64859 0.4485875 0.63964 0.4131408 0.64859 0.4485875 0.636357 0.4131408 0.47729 0.3227998 0.4824315 0.3311353 0.3966902 0.3495873 0.3966902 0.3495873 0.4824315 0.3311353 0.4904541 0.3367527 0.5258288 0.3175126 0.52966 0.3154014 0.5234009 0.3211511 0.5234009 0.3211511 0.52966 0.3154014 0.5340328 0.3152925 0.5234009 0.3211511 0.5340328 0.3152925 0.6335138 0.40253 0.6335138 0.40253 0.5340328 0.3152925 0.5589254 0.3228838 0.6335138 0.40253 0.5589254 0.3228838 0.5822545 0.3344171 0.4825438 0.5181999 0.3598366 0.4889588 0.4825438 0.5158122 0.4825438 0.5158122 0.3598366 0.4889588 0.3654541 0.4809362 0.4825438 0.5158122 0.3654541 0.4809362 0.4837377 0.5137444 0.4837377 0.5137444 0.3654541 0.4809362 0.3674346 0.4713448 0.4837377 0.5137444 0.3674346 0.4713448 0.5424459 0.4550359 0.4904541 0.3367527 0.5000455 0.3387331 0.3966902 0.3495873 0.3966902 0.3495873 0.5000455 0.3387331 0.6318723 0.4053732 0.3966902 0.3495873 0.6318723 0.4053732 0.5469013 0.4538421 0.5469013 0.4538421 0.6318723 0.4053732 0.6318723 0.4086561 0.5469013 0.4538421 0.6318723 0.4086561 0.548969 0.4550358 0.548969 0.4550358 0.6318723 0.4086561 0.6335138 0.4114993 0.548969 0.4550358 0.6335138 0.4114993 0.6239851 0.5300514 0.5424459 0.4550359 0.3674346 0.4713448 0.5445137 0.4538421 0.5445137 0.4538421 0.3674346 0.4713448 0.3654541 0.4617534 0.5445137 0.4538421 0.3654541 0.4617534 0.3966902 0.3495873 0.3966902 0.3495873 0.3654541 0.4617534 0.3598366 0.4537308 0.3966902 0.3495873 0.3598366 0.4537308 0.3515011 0.4485894 0.64859 0.4485875 0.6402544 0.4537291 0.636357 0.4131408 0.636357 0.4131408 0.6402544 0.4537291 0.6346369 0.4617517 0.636357 0.4131408 0.6346369 0.4617517 0.6326564 0.4713432 0.6335138 0.4114993 0.636357 0.4131408 0.6239851 0.5300514 0.6239851 0.5300514 0.636357 0.4131408 0.6326564 0.4713432 0.6239851 0.5300514 0.6326564 0.4713432 0.6251789 0.5321192 0.6251789 0.5321192 0.6326564 0.4713432 0.636357 0.5295455 0.6251789 0.5321192 0.636357 0.5295455 0.6335138 0.531187 0.6441246 0.4086561 0.6485054 0.4124632 0.6424831 0.4114992 0.6424831 0.4114992 0.6485054 0.4124632 0.6560969 0.4373556 0.6424831 0.4114992 0.6560969 0.4373556 0.63964 0.4131408 0.63964 0.4131408 0.6560969 0.4373556 0.6559879 0.4417285 0.63964 0.4131408 0.6559879 0.4417285 0.6538768 0.4455596 0.3441031 0.5009594 0.3462142 0.4971283 0.3439942 0.5053323 0.3439942 0.5053323 0.3462142 0.4971283 0.3498528 0.4947003 0.3439942 0.5053323 0.3498528 0.4947003 0.3515856 0.5302248 0.3515856 0.5302248 0.3498528 0.4947003 0.3515011 0.4941004 0.3515856 0.5302248 0.3515011 0.4941004 0.3631191 0.5535538 0.3631191 0.5535538 0.3515011 0.4941004 0.4825438 0.5181999 0.3631191 0.5535538 0.4825438 0.5181999 0.3782882 0.5747001 0.3782882 0.5747001 0.4825438 0.5181999 0.4837377 0.5202676 0.3782882 0.5747001 0.4837377 0.5202676 0.3966902 0.5931019 0.3966902 0.5931019 0.4837377 0.5202676 0.4904541 0.6059353 0.3966902 0.5931019 0.4904541 0.6059353 0.4824315 0.6115529 0.470431 0.3154019 0.4742621 0.3175129 0.4660581 0.3152929 0.4660581 0.3152929 0.4742621 0.3175129 0.4766901 0.3211514 0.4660581 0.3152929 0.4766901 0.3211514 0.4411656 0.3228846 0.4411656 0.3228846 0.4766901 0.3211514 0.47729 0.3227998 0.4411656 0.3228846 0.47729 0.3227998 0.4178365 0.3344181 0.4178365 0.3344181 0.47729 0.3227998 0.3966902 0.3495873 0.3498528 0.4479895 0.3462142 0.4455616 0.3441031 0.4417305 0.3441031 0.4417305 0.3439942 0.4373576 0.3498528 0.4479895 0.3498528 0.4479895 0.3439942 0.4373576 0.3515856 0.412465 0.3498528 0.4479895 0.3515856 0.412465 0.3515011 0.4485894 0.3515011 0.4485894 0.3515856 0.412465 0.3631191 0.3891358 0.3515011 0.4485894 0.3631191 0.3891358 0.3782882 0.3679894 0.6005726 0.9449217 0.5928382 0.9452216 0.5926828 0.9403222 0.6005726 0.9449217 0.5926828 0.9403222 0.6003444 0.9353123 0.5926828 0.9403222 0.59261 0.9356122 0.6003444 0.9353123 0.6003444 0.9353123 0.59261 0.9356122 0.5926228 0.931286 0.6003444 0.9353123 0.5926228 0.931286 0.6004551 0.9272227 0.5926228 0.931286 0.5927207 0.9275225 0.6004551 0.9272227 0.6004551 0.9272227 0.5927207 0.9275225 0.5928996 0.9244773 0.7259417 0.6265332 0.7181382 0.6233965 0.7258865 0.6198776 0.7181382 0.6233965 0.7181287 0.6197018 0.7258865 0.6198776 0.7258865 0.6198776 0.7181287 0.6197018 0.7181556 0.6154261 0.7258865 0.6198776 0.7181556 0.6154261 0.7259758 0.6109219 0.7181556 0.6154261 0.718218 0.6107462 0.7259758 0.6109219 0.7259758 0.6109219 0.718218 0.6107462 0.7183131 0.6058551 0.7259758 0.6109219 0.7183131 0.6058551 0.726195 0.601131 0.726195 0.601131 0.7183131 0.6058551 0.7184371 0.6009553 0.726195 0.601131 0.7184371 0.6009553 0.7265082 0.5921064 0.7265082 0.5921064 0.7184371 0.6009553 0.7185849 0.5962489 0.7265082 0.5921064 0.7185849 0.5962489 0.7187503 0.5919306 0.5259615 0.9402357 0.5336915 0.9398851 0.5260935 0.9493793 0.5260935 0.9493793 0.5336915 0.9398851 0.5338031 0.9446347 0.5338031 0.9446347 0.5338235 0.9490286 0.5260935 0.9493793 0.5260935 0.9493793 0.5338235 0.9490286 0.5337519 0.9528854 0.5260935 0.9493793 0.5337519 0.9528854 0.5258613 0.9563962 0.8209163 0.9720324 0.8133136 0.9748346 0.8131858 0.9716436 0.8209163 0.9720324 0.8131858 0.9716436 0.8209325 0.9637397 0.8131858 0.9716436 0.8131482 0.9677622 0.8209325 0.9637397 0.8209325 0.9637397 0.8131482 0.9677622 0.813202 0.9633509 0.8209325 0.9637397 0.813202 0.9633509 0.8213024 0.9540706 0.8213024 0.9540706 0.813202 0.9633509 0.8133453 0.9585919 0.8133453 0.9585919 0.8135719 0.9536818 0.8213024 0.9540706 0.8213024 0.9540706 0.8135719 0.9536818 0.8138726 0.9488235 0.8213024 0.9540706 0.8138726 0.9488235 0.8219653 0.9446066 0.8150827 0.936507 0.8228131 0.9368958 0.8146439 0.940055 0.8146439 0.940055 0.8228131 0.9368958 0.8219653 0.9446066 0.8146439 0.940055 0.8219653 0.9446066 0.8142349 0.9442178 0.8142349 0.9442178 0.8219653 0.9446066 0.8138726 0.9488235 0.7188115 0.5904853 0.7265693 0.5906611 0.7187503 0.5919306 0.7187503 0.5919306 0.7265693 0.5906611 0.7265082 0.5921064 0.5928382 0.9452216 0.6005726 0.9449217 0.5929076 0.9469742 0.5929076 0.9469742 0.6005726 0.9449217 0.6006419 0.9466743 0.8152419 0.9353725 0.8229724 0.9357613 0.8150827 0.936507 0.8150827 0.936507 0.8229724 0.9357613 0.8228131 0.9368958 0.5336915 0.9398851 0.5259615 0.9402357 0.533636 0.9381553 0.533636 0.9381553 0.5259615 0.9402357 0.525906 0.9385059 0.9406161 0.2754567 0.9484092 0.270959 0.9406117 0.2802408 0.9406117 0.2802408 0.9484092 0.270959 0.9483714 0.2801941 0.9406117 0.2802408 0.9483714 0.2801941 0.9406366 0.2851603 0.9406366 0.2851603 0.9483714 0.2801941 0.9484493 0.2899651 0.9406366 0.2851603 0.9484493 0.2899651 0.9406896 0.2900119 0.9406161 0.2754567 0.9406495 0.2710058 0.9484092 0.270959 0.9484092 0.270959 0.9406495 0.2710058 0.9407106 0.2670717 0.5808513 0.8899676 0.5888304 0.8937877 0.5812653 0.8981935 0.5888304 0.8937877 0.5890071 0.8981721 0.5812653 0.8981935 0.5812653 0.8981935 0.5890071 0.8981721 0.5891162 0.9029185 0.5812653 0.8981935 0.5891162 0.9029185 0.5814112 0.9078519 0.5891162 0.9029185 0.5891531 0.9078305 0.5814112 0.9078519 0.5814112 0.9078519 0.5891531 0.9078305 0.5891162 0.9127054 0.5814112 0.9078519 0.5891162 0.9127054 0.5812652 0.9173631 0.5812652 0.9173631 0.5891162 0.9127054 0.5890071 0.9173417 0.5812652 0.9173631 0.5890071 0.9173417 0.5808513 0.9251713 0.5808513 0.9251713 0.5890071 0.9173417 0.5888304 0.9215478 0.8410264 0.6183292 0.8446255 0.6260119 0.8406593 0.6260585 0.2644096 0.9421513 0.2642981 0.9325205 0.2720376 0.9323254 0.2720376 0.9323254 0.2721319 0.9372308 0.2644096 0.9421513 0.2644096 0.9421513 0.2721319 0.9372308 0.2721491 0.9419562 0.2644096 0.9421513 0.2721491 0.9419562 0.2642135 0.9502964 0.2721491 0.9419562 0.2720887 0.9463063 0.2642135 0.9502964 0.2642135 0.9502964 0.2720887 0.9463063 0.2719529 0.9501014 0.5891531 0.8901079 0.5968898 0.8899677 0.5896153 0.8991635 0.5968898 0.8899677 0.5971546 0.8943052 0.5896153 0.8991635 0.5896153 0.8991635 0.5971546 0.8943052 0.597352 0.8990233 0.5896153 0.8991635 0.597352 0.8990233 0.5897783 0.9089543 0.597352 0.8990233 0.5974738 0.9039272 0.5897783 0.9089543 0.5897783 0.9089543 0.5974738 0.9039272 0.5975149 0.9088141 0.5897783 0.9089543 0.5975149 0.9088141 0.5896153 0.9178788 0.5975149 0.9088141 0.5974738 0.9134822 0.5896153 0.9178788 0.5896153 0.9178788 0.5974738 0.9134822 0.597352 0.9177386 0.5896153 0.9178788 0.597352 0.9177386 0.5891531 0.9244772 0.5891531 0.9244772 0.597352 0.9177386 0.5971546 0.9214074 0.8436021 0.3033626 0.8464995 0.3110358 0.8430953 0.3110861 0.839148 0.6260585 0.8395152 0.6183292 0.8406593 0.6260585 0.8406593 0.6260585 0.8395152 0.6183292 0.8410264 0.6183292 0.9406896 0.2900119 0.9484493 0.2899651 0.9407133 0.2917016 0.9407133 0.2917016 0.9484493 0.2899651 0.9484729 0.2916549 0.2720376 0.9323254 0.2642981 0.9325205 0.2719907 0.9305723 0.2719907 0.9305723 0.2642981 0.9325205 0.2642512 0.9307674 0.8417602 0.3110861 0.842267 0.3033626 0.8430953 0.3110861 0.8430953 0.3110861 0.842267 0.3033626 0.8436021 0.3033626 0.859717 0.3063748 0.8611346 0.3039193 0.8650077 0.3077925 0.8650077 0.3077925 0.8611346 0.3039193 0.8635901 0.3025017 0.8650077 0.3077925 0.8635901 0.3025017 0.8664254 0.3025017 0.8635901 0.3130832 0.8611346 0.3116655 0.8650077 0.3077925 0.8650077 0.3077925 0.8611346 0.3116655 0.859717 0.3092101 0.8650077 0.3077925 0.859717 0.3092101 0.859717 0.3063748 0.8702985 0.3092102 0.8688808 0.3116656 0.8650077 0.3077925 0.8650077 0.3077925 0.8688808 0.3116656 0.8664253 0.3130832 0.8650077 0.3077925 0.8664253 0.3130832 0.8635901 0.3130832 0.8664254 0.3025017 0.8688808 0.3039194 0.8650077 0.3077925 0.8650077 0.3077925 0.8688808 0.3039194 0.8702985 0.3063749 0.8650077 0.3077925 0.8702985 0.3063749 0.8702985 0.3092102 0.805442 0.3092358 0.8116015 0.3122267 0.8055644 0.3122956 0.7914327 0.3123068 0.7853812 0.31229 0.7854285 0.3093016 0.7914327 0.3123068 0.7854285 0.3093016 0.79148 0.3093184 0.79148 0.3093184 0.7854285 0.3093016 0.7854285 0.3060339 0.79148 0.3093184 0.7854285 0.3060339 0.79148 0.3060508 0.79148 0.3060508 0.7854285 0.3060339 0.7853812 0.3033626 0.79148 0.3060508 0.7853812 0.3033626 0.7914327 0.3033794 0.8176372 0.3122118 0.8116015 0.3122885 0.8117289 0.3097504 0.8176372 0.3122118 0.8117289 0.3097504 0.8177646 0.3096737 0.8177646 0.3096737 0.8117289 0.3097504 0.8117289 0.3065114 0.8177646 0.3096737 0.8117289 0.3065114 0.8177646 0.3064347 0.8177646 0.3064347 0.8117289 0.3065114 0.8116015 0.3034393 0.8177646 0.3064347 0.8116015 0.3034393 0.8176372 0.3033626 0.8291351 0.3035329 0.8351671 0.3033626 0.8350275 0.3055045 0.8291351 0.3035329 0.8350275 0.3055045 0.8289955 0.3056749 0.8289955 0.3056749 0.8350275 0.3055045 0.8350275 0.3086026 0.8289955 0.3056749 0.8350275 0.3086026 0.8289955 0.308773 0.8289955 0.308773 0.8350275 0.3086026 0.8351671 0.3118268 0.8289955 0.308773 0.8351671 0.3118268 0.8291351 0.3119972 0.8055644 0.3034315 0.8116015 0.3033626 0.8114792 0.3059224 0.8055644 0.3034315 0.8114792 0.3059224 0.805442 0.3059913 0.805442 0.3059913 0.8114792 0.3059224 0.8114792 0.3091669 0.805442 0.3059913 0.8114792 0.3091669 0.805442 0.3092358 0.805442 0.3092358 0.8114792 0.3091669 0.8116015 0.3122267 0.8177646 0.3064347 0.8181871 0.3096204 0.8177646 0.3096737 0.8177646 0.3096737 0.8181871 0.3096204 0.818062 0.3121121 0.8177646 0.3096737 0.818062 0.3121121 0.8176372 0.3122118 0.7914327 0.3033794 0.7918626 0.3034701 0.791909 0.3060926 0.7914327 0.3033794 0.791909 0.3060926 0.79148 0.3060508 0.79148 0.3060508 0.791909 0.3060926 0.791909 0.3093006 0.79148 0.3060508 0.791909 0.3093006 0.79148 0.3093184 0.79148 0.3093184 0.791909 0.3093006 0.7918626 0.3122344 0.79148 0.3093184 0.7918626 0.3122344 0.7914327 0.3123068 0.8055644 0.3122956 0.8051393 0.312232 0.8050191 0.3092281 0.8055644 0.3122956 0.8050191 0.3092281 0.805442 0.3092358 0.805442 0.3092358 0.8050191 0.3092281 0.8050191 0.3060429 0.805442 0.3092358 0.8050191 0.3060429 0.805442 0.3059913 0.805442 0.3059913 0.8050191 0.3060429 0.8051393 0.3035299 0.805442 0.3059913 0.8051393 0.3035299 0.8055644 0.3034315 0.8291351 0.3119972 0.8287112 0.311959 0.8285741 0.3087938 0.8291351 0.3119972 0.8285741 0.3087938 0.8289955 0.308773 0.8289955 0.308773 0.8285741 0.3087938 0.8285741 0.3057522 0.8289955 0.308773 0.8285741 0.3057522 0.8289955 0.3056749 0.8289955 0.3056749 0.8285741 0.3057522 0.8287112 0.3036494 0.8289955 0.3056749 0.8287112 0.3036494 0.8291351 0.3035329 0.8176372 0.3033626 0.818062 0.3034247 0.8181871 0.3064406 0.8176372 0.3033626 0.8181871 0.3064406 0.8177646 0.3064347 0.8177646 0.3064347 0.8181871 0.3064406 0.8181871 0.3096204 0.8633951 0.3017793 0.8608285 0.3036139 0.8606039 0.3033908 0.8606039 0.3033908 0.8608285 0.3036139 0.859299 0.3062632 0.8606039 0.3033908 0.859299 0.3062632 0.8589924 0.306182 0.8589924 0.306182 0.859299 0.3062632 0.859299 0.3093223 0.8589924 0.306182 0.859299 0.3093223 0.8589923 0.309405 0.8589923 0.309405 0.859299 0.3093223 0.8608285 0.3119716 0.8589923 0.309405 0.8608285 0.3119716 0.8606039 0.3121962 0.8606039 0.3121962 0.8608285 0.3119716 0.8634778 0.3135012 0.8606039 0.3121962 0.8634778 0.3135012 0.8633951 0.3138077 0.8633951 0.3138077 0.8634778 0.3135012 0.866537 0.3135012 0.8633951 0.3138077 0.866537 0.3135012 0.8666181 0.3138077 0.8666181 0.3138077 0.866537 0.3135012 0.8691863 0.3119717 0.8666181 0.3138077 0.8691863 0.3119717 0.8694093 0.3121963 0.8694093 0.3121963 0.8691863 0.3119717 0.8707159 0.3093224 0.8694093 0.3121963 0.8707159 0.3093224 0.8710209 0.3094051 0.8710209 0.3094051 0.8707159 0.3093224 0.8707159 0.3062632 0.8710209 0.3094051 0.8707159 0.3062632 0.8710209 0.306182 0.8710209 0.306182 0.8707159 0.3062632 0.8691863 0.3036139 0.8710209 0.306182 0.8691863 0.3036139 0.8694093 0.3033908 0.8694093 0.3033908 0.8691863 0.3036139 0.866537 0.3020843 0.8694093 0.3033908 0.866537 0.3020843 0.8666181 0.3017793 0.8666181 0.3017793 0.866537 0.3020843 0.8634778 0.3020843 0.8666181 0.3017793 0.8634778 0.3020843 0.8633951 0.3017793 0.8633951 0.3017793 0.8634778 0.3020843 0.8608285 0.3036139 0.8634778 0.3020843 0.8611346 0.3039193 0.8608285 0.3036139 0.8608285 0.3036139 0.8611346 0.3039193 0.859717 0.3063748 0.8608285 0.3036139 0.859717 0.3063748 0.859299 0.3062632 0.859299 0.3062632 0.859717 0.3063748 0.859717 0.3092101 0.859299 0.3062632 0.859717 0.3092101 0.859299 0.3093223 0.859299 0.3093223 0.859717 0.3092101 0.8611346 0.3116655 0.859299 0.3093223 0.8611346 0.3116655 0.8608285 0.3119716 0.8608285 0.3119716 0.8611346 0.3116655 0.8635901 0.3130832 0.8608285 0.3119716 0.8635901 0.3130832 0.8634778 0.3135012 0.8634778 0.3135012 0.8635901 0.3130832 0.8664253 0.3130832 0.8634778 0.3135012 0.8664253 0.3130832 0.866537 0.3135012 0.866537 0.3135012 0.8664253 0.3130832 0.8688808 0.3116656 0.866537 0.3135012 0.8688808 0.3116656 0.8691863 0.3119717 0.8691863 0.3119717 0.8688808 0.3116656 0.8702985 0.3092102 0.8691863 0.3119717 0.8702985 0.3092102 0.8707159 0.3093224 0.8707159 0.3093224 0.8702985 0.3092102 0.8702985 0.3063749 0.8707159 0.3093224 0.8702985 0.3063749 0.8707159 0.3062632 0.8707159 0.3062632 0.8702985 0.3063749 0.8688808 0.3039194 0.8707159 0.3062632 0.8688808 0.3039194 0.8691863 0.3036139 0.8691863 0.3036139 0.8688808 0.3039194 0.8664254 0.3025017 0.8691863 0.3036139 0.8664254 0.3025017 0.866537 0.3020843 0.866537 0.3020843 0.8664254 0.3025017 0.8635901 0.3025017 0.866537 0.3020843 0.8635901 0.3025017 0.8634778 0.3020843 0.8634778 0.3020843 0.8635901 0.3025017 0.8611346 0.3039193 0.5762327 0.8899676 0.5762327 0.933769 0.5711827 0.8899816 0.5711827 0.8899816 0.5762327 0.933769 0.5711827 0.933783 0.5711827 0.8899816 0.5711827 0.933783 0.5670545 0.8900662 0.5670545 0.8900662 0.5711827 0.933783 0.5670545 0.9338675 0.4985116 0.9336581 0.4985116 0.8899675 0.5024312 0.933905 0.5024312 0.933905 0.4985116 0.8899675 0.5024312 0.8902143 0.5024312 0.933905 0.5024312 0.8902143 0.5074365 0.9339686 0.5074365 0.9339686 0.5024312 0.8902143 0.5074365 0.8902779 0.5074365 0.9339686 0.5074365 0.8902779 0.5121864 0.9338319 0.5121864 0.9338319 0.5074365 0.8902779 0.5121864 0.8901413 0.4723598 0.9336457 0.4723598 0.8899677 0.4756627 0.9339548 0.4756627 0.9339548 0.4723598 0.8899677 0.4756627 0.8902769 0.4756627 0.9339548 0.4756627 0.8902769 0.4804487 0.93409 0.4804487 0.93409 0.4756627 0.8902769 0.4804487 0.890412 0.4804487 0.93409 0.4804487 0.890412 0.4854357 0.934015 0.4854357 0.934015 0.4804487 0.890412 0.4854357 0.890337 0.5532577 0.890259 0.5532577 0.9339595 0.549304 0.8900249 0.549304 0.8900249 0.5532577 0.9339595 0.549304 0.9337253 0.549304 0.8900249 0.549304 0.9337253 0.5442901 0.8899677 0.5442901 0.8899677 0.549304 0.9337253 0.5442901 0.9336681 0.5442901 0.8899677 0.5442901 0.9336681 0.5395595 0.8901028 0.5395595 0.8901028 0.5442901 0.9336681 0.5395595 0.9338032 0.5808513 0.8900278 0.5808513 0.9338291 0.5762327 0.8899676 0.5762327 0.8899676 0.5808513 0.9338291 0.5762327 0.933769 0.5202315 0.9436842 0.5230161 0.9429381 0.5202315 0.948758 0.5202315 0.948758 0.5230161 0.9429381 0.5230161 0.9495041 0.5202315 0.948758 0.5230161 0.9495041 0.5176947 0.953152 0.5176947 0.953152 0.5230161 0.9495041 0.5197331 0.9551904 0.5176947 0.953152 0.5197331 0.9551904 0.5133007 0.9556888 0.5133007 0.9556888 0.5197331 0.9551904 0.5140469 0.9584734 0.5133007 0.9556888 0.5140469 0.9584734 0.508227 0.9556888 0.508227 0.9556888 0.5140469 0.9584734 0.5074809 0.9584734 0.508227 0.9556888 0.5074809 0.9584734 0.503833 0.9531519 0.503833 0.9531519 0.5074809 0.9584734 0.5017945 0.9551904 0.503833 0.9531519 0.5017945 0.9551904 0.5012962 0.948758 0.5012962 0.948758 0.5017945 0.9551904 0.4985116 0.9495041 0.5012962 0.948758 0.4985116 0.9495041 0.5012962 0.9436842 0.5012962 0.9436842 0.4985116 0.9495041 0.4985115 0.942938 0.5012962 0.9436842 0.4985115 0.942938 0.503833 0.9392902 0.503833 0.9392902 0.4985115 0.942938 0.5017945 0.9372518 0.503833 0.9392902 0.5017945 0.9372518 0.5082269 0.9367533 0.5082269 0.9367533 0.5017945 0.9372518 0.5074808 0.9339687 0.5082269 0.9367533 0.5074808 0.9339687 0.5133007 0.9367533 0.5133007 0.9367533 0.5074808 0.9339687 0.5140467 0.9339687 0.5133007 0.9367533 0.5140467 0.9339687 0.5176946 0.9392902 0.5176946 0.9392902 0.5140467 0.9339687 0.5197331 0.9372518 0.5176946 0.9392902 0.5197331 0.9372518 0.5202315 0.9436842 0.5202315 0.9436842 0.5197331 0.9372518 0.5230161 0.9429381 0.3153892 0.8078607 0.3292212 0.8078992 0.3153892 0.814396 0.3153892 0.814396 0.3292212 0.8078992 0.3292212 0.8144345 0.3153892 0.814396 0.3292212 0.8144345 0.3154838 0.8197387 0.3154838 0.8197387 0.3292212 0.8144345 0.3293157 0.8197771 0.376726 0.9365297 0.390522 0.9363544 0.3764711 0.9416058 0.3764711 0.9416058 0.390522 0.9363544 0.390267 0.9414305 0.3764711 0.9416058 0.390267 0.9414305 0.3764711 0.9480839 0.3764711 0.9480839 0.390267 0.9414305 0.390267 0.9479085 0.3764711 0.9480839 0.390267 0.9479085 0.376726 0.954228 0.376726 0.954228 0.390267 0.9479085 0.390522 0.9540527 0.3577871 0.9532942 0.3439941 0.9532942 0.3581872 0.94902 0.3581872 0.94902 0.3439941 0.9532942 0.3443942 0.94902 0.3581872 0.94902 0.3443942 0.94902 0.3583621 0.9428262 0.3583621 0.9428262 0.3443942 0.94902 0.3445691 0.9428262 0.3583621 0.9428262 0.3445691 0.9428262 0.3582651 0.9363725 0.3582651 0.9363725 0.3445691 0.9428262 0.3444721 0.9363725 0.4536964 0.9537065 0.4398971 0.9538639 0.453941 0.9485868 0.453941 0.9485868 0.4398971 0.9538639 0.4401417 0.9487443 0.453941 0.9485868 0.4401417 0.9487443 0.453941 0.9420979 0.453941 0.9420979 0.4401417 0.9487443 0.4401417 0.9422553 0.453941 0.9420979 0.4401417 0.9422553 0.4536964 0.9359782 0.4536964 0.9359782 0.4401417 0.9422553 0.4398971 0.9361357 0.3154838 0.8018839 0.3293157 0.8019224 0.3153892 0.8078607 0.3153892 0.8078607 0.3293157 0.8019224 0.3292212 0.8078992 0.816878 0.5624958 0.816878 0.6201292 0.811828 0.5625098 0.811828 0.5625098 0.816878 0.6201292 0.811828 0.6201432 0.811828 0.5625098 0.811828 0.6201432 0.8076998 0.5625944 0.8076998 0.5625944 0.811828 0.6201432 0.8076998 0.6202278 0.7529537 0.6199834 0.7529537 0.5624958 0.7568733 0.6202302 0.7568733 0.6202302 0.7529537 0.5624958 0.7568733 0.5627426 0.7568733 0.6202302 0.7568733 0.5627426 0.7618786 0.6202938 0.7618786 0.6202938 0.7568733 0.5627426 0.7618786 0.5628062 0.7618786 0.6202938 0.7618786 0.5628062 0.7666285 0.6201572 0.7666285 0.6201572 0.7618786 0.5628062 0.7666285 0.5626695 0.7268019 0.6199668 0.7268019 0.5624958 0.7301048 0.620276 0.7301048 0.620276 0.7268019 0.5624958 0.7301048 0.5628049 0.7301048 0.620276 0.7301048 0.5628049 0.7348909 0.6204112 0.7348909 0.6204112 0.7301048 0.5628049 0.7348909 0.5629401 0.7348909 0.6204112 0.7348909 0.5629401 0.7398778 0.6203361 0.7398778 0.6203361 0.7348909 0.5629401 0.7398778 0.5628651 0.7940016 0.5627872 0.7940016 0.6202878 0.790048 0.5625531 0.790048 0.5625531 0.7940016 0.6202878 0.790048 0.6200537 0.790048 0.5625531 0.790048 0.6200537 0.7850341 0.5624959 0.7850341 0.5624959 0.790048 0.6200537 0.7850341 0.6199964 0.7850341 0.5624959 0.7850341 0.6199964 0.7803034 0.562631 0.7803034 0.562631 0.7850341 0.6199964 0.7803034 0.6201315 0.8214966 0.562556 0.8214966 0.6201894 0.816878 0.5624958 0.816878 0.5624958 0.8214966 0.6201894 0.816878 0.6201292 0.5624359 0.8899676 0.5624359 0.933769 0.557386 0.8899816 0.557386 0.8899816 0.5624359 0.933769 0.557386 0.933783 0.557386 0.8899816 0.557386 0.933783 0.5532578 0.8900662 0.5532578 0.8900662 0.557386 0.933783 0.5532578 0.9338675 0.5121864 0.9336582 0.5121864 0.8899676 0.5161061 0.933905 0.5161061 0.933905 0.5121864 0.8899676 0.5161061 0.8902144 0.5161061 0.933905 0.5161061 0.8902144 0.5211114 0.9339686 0.5211114 0.9339686 0.5161061 0.8902144 0.5211114 0.890278 0.5211114 0.9339686 0.5211114 0.890278 0.5258613 0.933832 0.5258613 0.933832 0.5211114 0.890278 0.5258613 0.8901414 0.4854357 0.9336456 0.4854357 0.8899677 0.4887385 0.9339548 0.4887385 0.9339548 0.4854357 0.8899677 0.4887385 0.8902769 0.4887385 0.9339548 0.4887385 0.8902769 0.4935246 0.93409 0.4935246 0.93409 0.4887385 0.8902769 0.4935246 0.890412 0.4935246 0.93409 0.4935246 0.890412 0.4985116 0.934015 0.4985116 0.934015 0.4935246 0.890412 0.4985116 0.890337 0.5395596 0.890259 0.5395596 0.9339594 0.5356059 0.8900249 0.5356059 0.8900249 0.5395596 0.9339594 0.5356059 0.9337253 0.5356059 0.8900249 0.5356059 0.9337253 0.530592 0.8899677 0.530592 0.8899677 0.5356059 0.9337253 0.530592 0.9336681 0.530592 0.8899677 0.530592 0.9336681 0.5258613 0.8901028 0.5258613 0.8901028 0.530592 0.9336681 0.5258613 0.9338032 0.5670546 0.8900278 0.5670546 0.9338291 0.5624359 0.8899676 0.5624359 0.8899676 0.5670546 0.9338291 0.5624359 0.933769 0.5560423 0.9435831 0.5532577 0.942837 0.5585791 0.9391891 0.5585791 0.9391891 0.5532577 0.942837 0.5565406 0.9371507 0.5585791 0.9391891 0.5565406 0.9371507 0.5629731 0.9366523 0.5629731 0.9366523 0.5565406 0.9371507 0.562227 0.9338676 0.5629731 0.9366523 0.562227 0.9338676 0.5680468 0.9366523 0.5680468 0.9366523 0.562227 0.9338676 0.5687929 0.9338676 0.5680468 0.9366523 0.5687929 0.9338676 0.5724407 0.9391891 0.5724407 0.9391891 0.5687929 0.9338676 0.5744792 0.9371506 0.5724407 0.9391891 0.5744792 0.9371506 0.5749776 0.9435831 0.5749776 0.9435831 0.5744792 0.9371506 0.5777622 0.9428369 0.5749776 0.9435831 0.5777622 0.9428369 0.5749776 0.9486569 0.5749776 0.9486569 0.5777622 0.9428369 0.5777622 0.9494029 0.5749776 0.9486569 0.5777622 0.9494029 0.5724407 0.9530508 0.5724407 0.9530508 0.5777622 0.9494029 0.5744792 0.9550893 0.5724407 0.9530508 0.5744792 0.9550893 0.5680468 0.9555877 0.5680468 0.9555877 0.5744792 0.9550893 0.5687929 0.9583723 0.5680468 0.9555877 0.5687929 0.9583723 0.562973 0.9555877 0.562973 0.9555877 0.5687929 0.9583723 0.5622269 0.9583724 0.562973 0.9555877 0.5622269 0.9583724 0.5585791 0.9530509 0.5585791 0.9530509 0.5622269 0.9583724 0.5565406 0.9550893 0.5585791 0.9530509 0.5565406 0.9550893 0.5560423 0.9486569 0.5560423 0.9486569 0.5565406 0.9550893 0.5532577 0.9494031 0.5560423 0.9486569 0.5532577 0.9494031 0.5560423 0.9435831 0.5560423 0.9435831 0.5532577 0.9494031 0.5532577 0.942837 0.5373884 0.9399363 0.5512204 0.9399747 0.5373884 0.9464716 0.5373884 0.9464716 0.5512204 0.9399747 0.5512204 0.94651 0.5373884 0.9464716 0.5512204 0.94651 0.5374829 0.9518142 0.5374829 0.9518142 0.5512204 0.94651 0.5513148 0.9518527 0.4541959 0.9361535 0.4679918 0.9359782 0.453941 0.9412297 0.453941 0.9412297 0.4679918 0.9359782 0.467737 0.9410543 0.453941 0.9412297 0.467737 0.9410543 0.453941 0.9477077 0.453941 0.9477077 0.467737 0.9410543 0.467737 0.9475323 0.453941 0.9477077 0.467737 0.9475323 0.4541959 0.9538518 0.4541959 0.9538518 0.467737 0.9475323 0.4679918 0.9536765 0.9507395 0.2670717 0.9369464 0.2670717 0.9511396 0.2627974 0.9511396 0.2627974 0.9369464 0.2670717 0.9373465 0.2627974 0.9511396 0.2627974 0.9373465 0.2627974 0.9513145 0.2566036 0.9513145 0.2566036 0.9373465 0.2627974 0.9375215 0.2566036 0.9513145 0.2566036 0.9375215 0.2566036 0.9512174 0.2501499 0.9512174 0.2501499 0.9375215 0.2566036 0.9374244 0.25015 0.486159 0.9518182 0.4723597 0.9519757 0.4864036 0.9466986 0.4864036 0.9466986 0.4723597 0.9519757 0.4726043 0.946856 0.4864036 0.9466986 0.4726043 0.946856 0.4864036 0.9402096 0.4864036 0.9402096 0.4726043 0.946856 0.4726043 0.9403671 0.4864036 0.9402096 0.4726043 0.9403671 0.486159 0.93409 0.486159 0.93409 0.4726043 0.9403671 0.4723597 0.9342474 0.5374829 0.9339595 0.5513148 0.933998 0.5373884 0.9399363 0.5373884 0.9399363 0.5513148 0.933998 0.5512204 0.9399747 0.8306747 0.5624958 0.8306747 0.6201292 0.8256247 0.5625098 0.8256247 0.5625098 0.8306747 0.6201292 0.8256247 0.6201433 0.8256247 0.5625098 0.8256247 0.6201433 0.8214965 0.5625944 0.8214965 0.5625944 0.8256247 0.6201433 0.8214965 0.6202278 0.7666285 0.6199834 0.7666285 0.5624958 0.7705481 0.6202302 0.7705481 0.6202302 0.7666285 0.5624958 0.7705481 0.5627425 0.7705481 0.6202302 0.7705481 0.5627425 0.7755534 0.6202938 0.7755534 0.6202938 0.7705481 0.5627425 0.7755534 0.5628062 0.7755534 0.6202938 0.7755534 0.5628062 0.7803033 0.6201571 0.7803033 0.6201571 0.7755534 0.5628062 0.7803033 0.5626695 0.7398778 0.6199668 0.7398778 0.5624958 0.7431807 0.620276 0.7431807 0.620276 0.7398778 0.5624958 0.7431806 0.562805 0.7431807 0.620276 0.7431806 0.562805 0.7479668 0.6204112 0.7479668 0.6204112 0.7431806 0.562805 0.7479668 0.5629401 0.7479668 0.6204112 0.7479668 0.5629401 0.7529537 0.6203361 0.7529537 0.6203361 0.7479668 0.5629401 0.7529537 0.5628651 0.8076997 0.5627872 0.8076997 0.6202878 0.8037461 0.5625531 0.8037461 0.5625531 0.8076997 0.6202878 0.8037461 0.6200536 0.8037461 0.5625531 0.8037461 0.6200536 0.7987322 0.5624958 0.7987322 0.5624958 0.8037461 0.6200536 0.7987322 0.6199964 0.7987322 0.5624958 0.7987322 0.6199964 0.7940015 0.5626309 0.7940015 0.5626309 0.7987322 0.6199964 0.7940015 0.6201314 0.8352933 0.562556 0.8352933 0.6201894 0.8306747 0.5624958 0.8306747 0.5624958 0.8352933 0.6201894 0.8306747 0.6201292 0.4555451 0.6287418 0.4821095 0.6273954 0.4754512 0.7586813 0.3848817 0.6634013 0.4059152 0.647121 0.4754512 0.7586813 0.4754512 0.7586813 0.4059152 0.647121 0.4297956 0.635408 0.4754512 0.7586813 0.4297956 0.635408 0.4555451 0.6287418 0.3466851 0.732216 0.3546477 0.7068379 0.4754512 0.7586813 0.4754512 0.7586813 0.3546477 0.7068379 0.367556 0.6835823 0.4754512 0.7586813 0.367556 0.6835823 0.3848817 0.6634013 0.3546476 0.8105179 0.346685 0.7851393 0.4754512 0.7586813 0.4754512 0.7586813 0.346685 0.7851393 0.3439941 0.7586776 0.4754512 0.7586813 0.3439941 0.7586776 0.3466851 0.732216 0.4059151 0.8702377 0.3848816 0.8539562 0.4754512 0.7586813 0.4754512 0.7586813 0.3848816 0.8539562 0.367556 0.8337742 0.4754512 0.7586813 0.367556 0.8337742 0.3546476 0.8105179 0.4821094 0.8899676 0.4555449 0.8886196 0.4754512 0.7586813 0.4754512 0.7586813 0.4555449 0.8886196 0.4297954 0.881952 0.4754512 0.7586813 0.4297954 0.881952 0.4059151 0.8702377 0.5559169 0.8626348 0.5333442 0.8767036 0.4754512 0.7586813 0.4754512 0.7586813 0.5333442 0.8767036 0.5084012 0.8859406 0.4754512 0.7586813 0.5084012 0.8859406 0.4821094 0.8899676 0.6008797 0.7980375 0.5903903 0.8224798 0.4754512 0.7586813 0.4754512 0.7586813 0.5903903 0.8224798 0.5751954 0.8443101 0.4754512 0.7586813 0.5751954 0.8443101 0.5559169 0.8626348 0.6008797 0.7193321 0.606234 0.7453859 0.4754512 0.7586813 0.4754512 0.7586813 0.606234 0.7453859 0.606234 0.7719841 0.4754512 0.7586813 0.606234 0.7719841 0.6008797 0.7980375 0.555917 0.6547323 0.5751955 0.673058 0.4754512 0.7586813 0.4754512 0.7586813 0.5751955 0.673058 0.5903904 0.6948893 0.4754512 0.7586813 0.5903904 0.6948893 0.6008797 0.7193321 0.4821095 0.6273954 0.5084014 0.6314238 0.4754512 0.7586813 0.4754512 0.7586813 0.5084014 0.6314238 0.5333443 0.6406622 0.4754512 0.7586813 0.5333443 0.6406622 0.555917 0.6547323 0.6052244 0.8899677 0.6052244 0.9137582 0.6027644 0.9069667 0.9471826 0.4563832 0.9449064 0.4365497 0.9471826 0.4360989 0.3323383 0.7461605 0.3298586 0.7452967 0.3299807 0.7390903 0.3323383 0.7461605 0.3299807 0.7390903 0.3326708 0.7202674 0.3299807 0.7390903 0.3301852 0.71985 0.3326708 0.7202674 0.3326708 0.7202674 0.3301852 0.71985 0.330199 0.7132843 0.3326708 0.7202674 0.330199 0.7132843 0.3325596 0.6933194 0.330199 0.7132843 0.330076 0.6933666 0.3325596 0.6933194 0.3325596 0.6933194 0.330076 0.6933666 0.3299807 0.6867105 0.3325596 0.6933194 0.3299807 0.6867105 0.3320093 0.6664199 0.3299807 0.6867105 0.3295353 0.6669309 0.3320093 0.6664199 0.3320093 0.6664199 0.3295353 0.6669309 0.3293349 0.660457 0.3320093 0.6664199 0.3293349 0.660457 0.3310426 0.6406702 0.3293349 0.660457 0.3285852 0.6416252 0.3310426 0.6406702 0.8120334 0.6273393 0.8098567 0.6265225 0.8120334 0.6202278 0.8348602 0.9348695 0.832399 0.9296488 0.8348602 0.9112854 0.3330478 0.8059326 0.3335536 0.7859749 0.3358749 0.7858626 0.3358749 0.7858626 0.3335536 0.7859749 0.3330478 0.7793338 0.2836279 0.8027916 0.2811641 0.7964217 0.2836279 0.7815226 0.275084 0.8845363 0.2755897 0.8645788 0.2779098 0.86447 0.2779098 0.86447 0.2755897 0.8645788 0.275084 0.8579377 0.6027643 0.9141613 0.6003185 0.9073023 0.6027643 0.8899677 0.9471871 0.4766439 0.9449063 0.4568108 0.9471871 0.4563832 0.9443057 0.4476205 0.9418464 0.4467995 0.9420051 0.4405192 0.9443057 0.4476205 0.9420051 0.4405192 0.9448053 0.4214891 0.9420051 0.4405192 0.9423374 0.4211186 0.9448053 0.4214891 0.9448053 0.4214891 0.9423374 0.4211186 0.9423994 0.4145204 0.9448053 0.4214891 0.9423994 0.4145204 0.9449062 0.3944737 0.9423994 0.4145204 0.9424366 0.3945689 0.9449062 0.3944737 0.9449062 0.3944737 0.9424366 0.3945689 0.9423994 0.387923 0.9449062 0.3944737 0.9423994 0.387923 0.9446045 0.3676802 0.9423994 0.387923 0.94214 0.3682374 0.9446045 0.3676802 0.9446045 0.3676802 0.94214 0.3682374 0.942005 0.3618158 0.9446045 0.3676802 0.942005 0.3618158 0.9439122 0.3422058 0.942005 0.3618158 0.9414597 0.3432021 0.9439122 0.3422058 0.8098567 0.6273488 0.8076998 0.626529 0.8098567 0.6202278 0.8376417 0.9344218 0.8351899 0.9293668 0.8376417 0.9112851 0.275084 0.9111343 0.2755897 0.8911773 0.2778913 0.8910791 0.2778913 0.8910791 0.2755897 0.8911773 0.275084 0.8845363 0.6027644 0.9137582 0.6051302 0.9204679 0.6027644 0.9365431 0.5975149 0.9165657 0.5980207 0.8966086 0.6003186 0.8965098 0.6003186 0.8965098 0.5980207 0.8966086 0.5975149 0.8899677 0.3346064 0.6959735 0.3369665 0.7030059 0.3346064 0.7212316 0.9471648 0.476644 0.9471648 0.4968959 0.9449063 0.4770606 0.3286489 0.392179 0.3310146 0.3927991 0.3284931 0.4054146 0.3284931 0.4054146 0.3310146 0.3927991 0.3309335 0.3992666 0.3368496 0.8343865 0.3349784 0.8412202 0.3349784 0.8209665 0.3309335 0.3992666 0.3307452 0.4190356 0.3283748 0.4188758 0.3283748 0.4188758 0.3307452 0.4190356 0.3307012 0.4256909 0.3283748 0.4188758 0.3307012 0.4256909 0.3282552 0.4459218 0.3307012 0.4256909 0.3306277 0.4456152 0.3282552 0.4459218 0.3282552 0.4459218 0.3306277 0.4456152 0.3306227 0.4521859 0.3282552 0.4459218 0.3306227 0.4521859 0.3282952 0.4722097 0.3306227 0.4521859 0.330667 0.4714499 0.3282952 0.4722097 0.7803034 0.6202878 0.7824485 0.6210868 0.7803034 0.6273923 0.3346064 0.7212315 0.3369682 0.7267081 0.3346064 0.745686 0.8351899 0.8846864 0.8346842 0.904644 0.832399 0.904756 0.832399 0.904756 0.8346842 0.904644 0.8351899 0.9112852 0.3400313 0.9160625 0.3424003 0.9205286 0.3400313 0.9376835 0.1353694 0.3500133 0.115463 0.3515294 0.1151168 0.3492683 0.1151168 0.3492683 0.115463 0.3515294 0.1089072 0.3527045 0.1151168 0.3492683 0.1089072 0.3527045 0.0889154 0.3560523 0.1089072 0.3527045 0.08971339 0.3581966 0.0889154 0.3560523 0.0889154 0.3560523 0.08971339 0.3581966 0.08352822 0.3606672 0.0889154 0.3560523 0.08352822 0.3606672 0.0646159 0.3679717 0.08352822 0.3606672 0.06583291 0.3699104 0.0646159 0.3679717 0.0646159 0.3679717 0.06583291 0.3699104 0.06027168 0.3735755 0.3351052 0.9160626 0.3375653 0.9226827 0.3351052 0.938757 0.837983 0.8846866 0.8374773 0.9046441 0.8351899 0.9047707 0.8351899 0.9047707 0.8374773 0.9046441 0.837983 0.9112852 0.29933 0.6532701 0.3015751 0.6603181 0.2986097 0.678451 0.3015751 0.6603181 0.3010803 0.6790714 0.2986097 0.678451 0.2986097 0.678451 0.3010803 0.6790714 0.3009649 0.6855269 0.2986097 0.678451 0.3009649 0.6855269 0.2982957 0.7051137 0.3009649 0.6855269 0.3007717 0.7052745 0.2982957 0.7051137 0.2982957 0.7051137 0.3007717 0.7052745 0.3007587 0.7119278 0.2982957 0.7051137 0.3007587 0.7119278 0.2984007 0.732167 0.3007587 0.7119278 0.3008749 0.7318613 0.2984007 0.732167 0.2984007 0.732167 0.3008749 0.7318613 0.3009649 0.7384401 0.2984007 0.732167 0.3009649 0.7384401 0.2989205 0.7585031 0.3009649 0.7384401 0.3013858 0.7577434 0.2989205 0.7585031 0.2989205 0.7585031 0.3013858 0.7577434 0.3015751 0.7639783 0.2989205 0.7585031 0.3015751 0.7639783 0.2998338 0.7830439 0.8902192 0.5890939 0.8897135 0.6090509 0.8874103 0.6091864 0.8874103 0.6091864 0.8897135 0.6090509 0.8902192 0.6156919 0.3375652 0.9160627 0.3400313 0.9206672 0.3375652 0.9378405 0.0081079 0.5144178 0.01456505 0.5333082 0.0124486 0.5342361 0.0124486 0.5342361 0.01456505 0.5333082 0.01734578 0.5393601 0.0124486 0.5342361 0.01734578 0.5393601 0.0255835 0.5578998 0.01734578 0.5393601 0.02747344 0.5565639 0.0255835 0.5578998 0.0255835 0.5578998 0.02747344 0.5565639 0.03141558 0.5619321 0.5874382 0.9458938 0.5849571 0.9396416 0.5874382 0.9251712 0.8874103 0.5825851 0.8902299 0.5624957 0.8897241 0.5824529 0.8874103 0.5825851 0.8897241 0.5824529 0.8902299 0.5890939 0.3140617 0.6373152 0.3130726 0.6602997 0.3017881 0.6543248 0.3017881 0.6543248 0.3025642 0.6373335 0.3140617 0.6373152 0.3140617 0.6373152 0.3025642 0.6373335 0.3028662 0.6320477 0.3140617 0.6373152 0.3028662 0.6320477 0.3153892 0.6174958 0.3028662 0.6320477 0.3038917 0.6175142 0.3153892 0.6174958 0.3153892 0.6174958 0.3038917 0.6175142 0.3042704 0.6131523 0.343342 0.5381178 0.3316781 0.5343165 0.3428366 0.5215618 0.3316781 0.5343165 0.3313101 0.5214984 0.3428366 0.5215618 0.3428366 0.5215618 0.3313101 0.5214984 0.3312032 0.5167274 0.3428366 0.5215618 0.3312032 0.5167274 0.34246 0.5011541 0.3312032 0.5167274 0.3309335 0.5010907 0.34246 0.5011541 0.34246 0.5011541 0.3309335 0.5010907 0.3308615 0.4954819 0.34246 0.5011541 0.3308615 0.4954819 0.3422278 0.4777303 0.3308615 0.4954819 0.3307012 0.4776669 0.3422278 0.4777303 0.3422278 0.4777303 0.3307012 0.4776669 0.330667 0.4714499 0.3422278 0.4777303 0.330667 0.4714499 0.3421493 0.4522493 0.330667 0.4714499 0.3306227 0.4521859 0.3421493 0.4522493 0.3421493 0.4522493 0.3306227 0.4521859 0.3306277 0.4456152 0.3421493 0.4522493 0.3306277 0.4456152 0.3422278 0.4257543 0.3306277 0.4456152 0.3307012 0.4256909 0.3422278 0.4257543 0.3422278 0.4257543 0.3307012 0.4256909 0.3307452 0.4190356 0.3422278 0.4257543 0.3307452 0.4190356 0.34246 0.39933 0.3307452 0.4190356 0.3309335 0.3992666 0.34246 0.39933 0.34246 0.39933 0.3309335 0.3992666 0.3310146 0.3927991 0.34246 0.39933 0.3310146 0.3927991 0.3428366 0.3740583 0.3310146 0.3927991 0.3313101 0.3739948 0.3428366 0.3740583 0.3428366 0.3740583 0.3313101 0.3739948 0.3314251 0.3679799 0.3428366 0.3740583 0.3314251 0.3679799 0.343342 0.3509737 0.3314251 0.3679799 0.3318155 0.3509103 0.343342 0.3509737 0.343342 0.3509737 0.3318155 0.3509103 0.3319597 0.3455941 0.9286136 0.3152924 0.9404236 0.320488 0.9297325 0.3372763 0.9404236 0.320488 0.9412326 0.3372678 0.9297325 0.3372763 0.9297325 0.3372763 0.9412326 0.3372678 0.9414597 0.3432021 0.9297325 0.3372763 0.9414597 0.3432021 0.930505 0.3618244 0.9414597 0.3432021 0.942005 0.3618158 0.930505 0.3618244 0.930505 0.3618244 0.942005 0.3618158 0.94214 0.3682374 0.930505 0.3618244 0.94214 0.3682374 0.9308993 0.3879316 0.94214 0.3682374 0.9423994 0.387923 0.9308993 0.3879316 0.9308993 0.3879316 0.9423994 0.387923 0.9424366 0.3945689 0.9308993 0.3879316 0.9424366 0.3945689 0.9308993 0.414529 0.9424366 0.3945689 0.9423994 0.4145204 0.9308993 0.414529 0.9308993 0.414529 0.9423994 0.4145204 0.9423374 0.4211186 0.9308993 0.414529 0.9423374 0.4211186 0.930505 0.4405278 0.9423374 0.4211186 0.9420051 0.4405192 0.930505 0.4405278 0.930505 0.4405278 0.9420051 0.4405192 0.9418464 0.4467995 0.930505 0.4405278 0.9418464 0.4467995 0.9297326 0.4648635 0.9418464 0.4467995 0.9412326 0.464855 0.9297326 0.4648635 0.9297326 0.4648635 0.9412326 0.464855 0.9409838 0.4705602 0.9297326 0.4648635 0.9409838 0.4705602 0.9286136 0.48654 0.9409838 0.4705602 0.9401137 0.4865314 0.9286136 0.48654 0.3153892 0.6132862 0.3268827 0.6131523 0.3272646 0.6184853 0.3153892 0.6132862 0.3272646 0.6184853 0.3167945 0.6357322 0.3272646 0.6184853 0.3282879 0.6355983 0.3167945 0.6357322 0.3167945 0.6357322 0.3282879 0.6355983 0.3285852 0.6416252 0.3167945 0.6357322 0.3285852 0.6416252 0.3178414 0.6605908 0.3285852 0.6416252 0.3293349 0.660457 0.3178414 0.6605908 0.3178414 0.6605908 0.3293349 0.660457 0.3295353 0.6669309 0.3178414 0.6605908 0.3295353 0.6669309 0.3184872 0.6868444 0.3295353 0.6669309 0.3299807 0.6867105 0.3184872 0.6868444 0.3184872 0.6868444 0.3299807 0.6867105 0.330076 0.6933666 0.3184872 0.6868444 0.330076 0.6933666 0.3187055 0.7134182 0.330076 0.6933666 0.330199 0.7132843 0.3187055 0.7134182 0.3187055 0.7134182 0.330199 0.7132843 0.3301852 0.71985 0.3187055 0.7134182 0.3301852 0.71985 0.3184872 0.7392241 0.3301852 0.71985 0.3299807 0.7390903 0.3184872 0.7392241 0.3184872 0.7392241 0.3299807 0.7390903 0.3298586 0.7452967 0.3184872 0.7392241 0.3298586 0.7452967 0.3178414 0.7632058 0.3298586 0.7452967 0.3293349 0.7630719 0.3178414 0.7632058 0.3178414 0.7632058 0.3293349 0.7630719 0.3291093 0.768665 0.3178414 0.7632058 0.3291093 0.768665 0.3167945 0.7843813 0.3291093 0.768665 0.3282879 0.7842475 0.3167945 0.7843813 0.3167945 0.7843813 0.3282879 0.7842475 0.3279681 0.7889983 0.3167945 0.7843813 0.3279681 0.7889983 0.3153892 0.8018839 0.3050773 0.8209664 0.3038917 0.808033 0.3153892 0.8080146 0.3153892 0.8080146 0.3038917 0.808033 0.3035309 0.803227 0.3153892 0.8080146 0.3035309 0.803227 0.3140617 0.7874786 0.3035309 0.803227 0.3025642 0.7874969 0.3140617 0.7874786 0.3140617 0.7874786 0.3025642 0.7874969 0.3022833 0.781861 0.3140617 0.7874786 0.3022833 0.781861 0.3130726 0.76396 0.3022833 0.781861 0.3015751 0.7639783 0.3130726 0.76396 0.3130726 0.76396 0.3015751 0.7639783 0.3013858 0.7577434 0.3130726 0.76396 0.3013858 0.7577434 0.3124625 0.7384218 0.3013858 0.7577434 0.3009649 0.7384401 0.3124625 0.7384218 0.3124625 0.7384218 0.3009649 0.7384401 0.3008749 0.7318613 0.3124625 0.7384218 0.3008749 0.7318613 0.3122562 0.7119095 0.3008749 0.7318613 0.3007587 0.7119278 0.3122562 0.7119095 0.3122562 0.7119095 0.3007587 0.7119278 0.3007717 0.7052745 0.3122562 0.7119095 0.3007717 0.7052745 0.3124625 0.6855085 0.3007717 0.7052745 0.3009649 0.6855269 0.3124625 0.6855085 0.3124625 0.6855085 0.3009649 0.6855269 0.3010803 0.6790714 0.3124625 0.6855085 0.3010803 0.6790714 0.3130726 0.6602997 0.3130726 0.6602997 0.3010803 0.6790714 0.3015751 0.6603181 0.3130726 0.6602997 0.3015751 0.6603181 0.3017881 0.6543248 0.2605426 0.9549425 0.2541845 0.9595953 0.2505137 0.943005 0.2505137 0.943005 0.2541845 0.9595953 0.2468428 0.9598028 0.2505137 0.943005 0.2468428 0.9598028 0.2404847 0.9555093 0.2605426 0.9305008 0.2642135 0.9381448 0.2505137 0.943005 0.2505137 0.943005 0.2642135 0.9381448 0.2642135 0.9470911 0.2505137 0.943005 0.2642135 0.9470911 0.2605426 0.9549425 0.2404847 0.9310675 0.2468428 0.9264147 0.2505137 0.943005 0.2505137 0.943005 0.2468428 0.9264147 0.2541846 0.9262073 0.2505137 0.943005 0.2541846 0.9262073 0.2605426 0.9305008 0.2404847 0.9555093 0.2368139 0.9478653 0.2505137 0.943005 0.2505137 0.943005 0.2368139 0.9478653 0.2368139 0.938919 0.2505137 0.943005 0.2368139 0.938919 0.2404847 0.9310675</float_array>
          <technique_common>
            <accessor source="#GBT-C7A-J0_001-mesh-map-0-array" count="16488" stride="2">
              <param name="S" type="float"/>
              <param name="T" type="float"/>
            </accessor>
          </technique_common>
        </source>
        <vertices id="GBT-C7A-J0_001-mesh-vertices">
          <input semantic="POSITION" source="#GBT-C7A-J0_001-mesh-positions"/>
        </vertices>
        <triangles material="材质_003-material" count="5496">
          <input semantic="VERTEX" source="#GBT-C7A-J0_001-mesh-vertices" offset="0"/>
          <input semantic="NORMAL" source="#GBT-C7A-J0_001-mesh-normals" offset="1"/>
          <input semantic="TEXCOORD" source="#GBT-C7A-J0_001-mesh-map-0" offset="2" set="0"/>
          <p>0 0 0 1 0 1 2 0 2 0 1 3 2 1 4 3 1 5 4 2 6 5 2 7 6 2 8 2 3 9 7 3 10 3 3 11 3 4 12 7 4 13 8 4 14 3 5 15 8 5 16 9 5 17 10 6 18 11 6 19 12 6 20 12 7 21 11 7 22 13 7 23 6 8 24 14 8 25 4 8 26 4 9 27 14 9 28 10 9 29 4 10 30 10 10 31 15 10 32 15 11 33 10 11 34 12 11 35 16 12 36 17 12 37 18 12 38 18 13 39 17 13 40 19 13 41 20 14 42 21 14 43 22 14 44 23 15 45 24 15 46 25 15 47 26 16 48 27 16 49 28 16 50 28 17 51 27 17 52 20 17 53 28 18 54 20 18 55 29 18 56 29 19 57 20 19 58 22 19 59 17 20 60 30 20 61 19 20 62 19 21 63 30 21 64 23 21 65 19 22 66 23 22 67 31 22 68 31 23 69 23 23 70 25 23 71 8 24 72 32 24 73 9 24 74 9 25 75 32 25 76 33 25 77 9 26 78 33 26 79 13 26 80 13 27 81 33 27 82 34 27 83 13 28 84 34 28 85 12 28 86 12 29 87 34 29 88 35 29 89 12 30 90 35 30 91 36 30 92 0 31 93 6 31 94 1 31 95 1 32 96 6 32 97 5 32 98 1 33 99 5 33 100 37 33 101 37 34 102 5 34 103 38 34 104 37 35 105 38 35 106 39 35 107 39 36 108 38 36 109 40 36 110 40 37 111 38 37 112 41 37 113 40 38 114 41 38 115 42 38 116 42 39 117 41 39 118 43 39 119 43 40 120 41 40 121 44 40 122 43 41 123 44 41 124 45 41 125 45 42 126 44 42 127 46 42 128 46 43 129 44 43 130 25 43 131 46 44 132 25 44 133 26 44 134 26 45 135 25 45 136 24 45 137 26 46 138 24 46 139 27 46 140 35 47 141 47 47 142 36 47 143 36 48 144 47 48 145 48 48 146 36 49 147 48 49 148 18 49 149 18 50 150 48 50 151 49 50 152 18 51 153 49 51 154 16 51 155 16 52 156 49 52 157 50 52 158 16 53 159 50 53 160 21 53 161 21 54 162 50 54 163 51 54 164 21 55 165 51 55 166 22 55 167 52 56 168 53 56 169 54 56 170 55 57 171 56 57 172 57 57 173 57 58 174 56 58 175 58 58 176 57 59 177 58 59 178 59 59 179 59 60 180 58 60 181 60 60 182 59 61 183 60 61 184 61 61 185 61 62 186 60 62 187 62 62 188 61 63 189 62 63 190 63 63 191 63 64 192 62 64 193 64 64 194 63 65 195 64 65 196 65 65 197 65 66 198 64 66 199 66 66 200 65 67 201 66 67 202 67 67 203 67 68 204 66 68 205 68 68 206 67 69 207 68 69 208 69 69 209 69 70 210 68 70 211 70 70 212 69 71 213 70 71 214 71 71 215 71 72 216 70 72 217 72 72 218 71 73 219 72 73 220 73 73 221 73 74 222 72 74 223 74 74 224 73 75 225 74 75 226 75 75 227 75 76 228 74 76 229 76 76 230 75 77 231 76 77 232 77 77 233 77 78 234 76 78 235 78 78 236 77 79 237 78 79 238 54 79 239 54 80 240 78 80 241 79 80 242 54 81 243 79 81 244 52 81 245 80 82 246 81 82 247 82 82 248 83 83 249 84 83 250 85 83 251 85 84 252 84 84 253 86 84 254 85 85 255 86 85 256 87 85 257 87 86 258 86 86 259 88 86 260 87 87 261 88 87 262 89 87 263 89 88 264 88 88 265 90 88 266 89 89 267 90 89 268 91 89 269 91 90 270 90 90 271 92 90 272 91 91 273 92 91 274 93 91 275 93 92 276 92 92 277 94 92 278 93 93 279 94 93 280 95 93 281 95 94 282 94 94 283 96 94 284 95 95 285 96 95 286 97 95 287 97 96 288 96 96 289 98 96 290 97 97 291 98 97 292 99 97 293 99 98 294 98 98 295 100 98 296 99 99 297 100 99 298 101 99 299 101 100 300 100 100 301 102 100 302 101 101 303 102 101 304 103 101 305 103 102 306 102 102 307 104 102 308 103 103 309 104 103 310 105 103 311 105 104 312 104 104 313 106 104 314 105 105 315 106 105 316 82 105 317 82 106 318 106 106 319 107 106 320 82 107 321 107 107 322 80 107 323 108 108 324 109 108 325 110 108 326 111 109 327 112 109 328 113 109 329 113 110 330 112 110 331 114 110 332 113 111 333 114 111 334 115 111 335 115 112 336 114 112 337 116 112 338 115 113 339 116 113 340 117 113 341 117 114 342 116 114 343 118 114 344 117 115 345 118 115 346 119 115 347 119 116 348 118 116 349 120 116 350 119 117 351 120 117 352 121 117 353 121 118 354 120 118 355 122 118 356 121 119 357 122 119 358 123 119 359 123 120 360 122 120 361 124 120 362 123 121 363 124 121 364 125 121 365 125 122 366 124 122 367 126 122 368 125 123 369 126 123 370 127 123 371 127 124 372 126 124 373 128 124 374 127 125 375 128 125 376 129 125 377 129 126 378 128 126 379 130 126 380 129 127 381 130 127 382 131 127 383 131 128 384 130 128 385 132 128 386 131 129 387 132 129 388 133 129 389 133 130 390 132 130 391 134 130 392 133 131 393 134 131 394 110 131 395 110 132 396 134 132 397 135 132 398 110 133 399 135 133 400 108 133 401 136 134 402 137 134 403 138 134 404 139 135 405 140 135 406 141 135 407 141 136 408 140 136 409 142 136 410 141 137 411 142 137 412 143 137 413 143 138 414 142 138 415 144 138 416 143 139 417 144 139 418 145 139 419 145 140 420 144 140 421 146 140 422 145 141 423 146 141 424 147 141 425 147 142 426 146 142 427 148 142 428 147 143 429 148 143 430 149 143 431 149 144 432 148 144 433 150 144 434 149 145 435 150 145 436 151 145 437 151 146 438 150 146 439 152 146 440 151 147 441 152 147 442 153 147 443 153 148 444 152 148 445 154 148 446 153 149 447 154 149 448 155 149 449 155 150 450 154 150 451 156 150 452 155 151 453 156 151 454 157 151 455 157 152 456 156 152 457 158 152 458 157 153 459 158 153 460 159 153 461 159 154 462 158 154 463 160 154 464 159 155 465 160 155 466 161 155 467 161 156 468 160 156 469 162 156 470 161 157 471 162 157 472 138 157 473 138 158 474 162 158 475 163 158 476 138 159 477 163 159 478 136 159 479 164 160 480 165 160 481 111 160 482 111 161 483 165 161 484 112 161 485 166 162 486 167 162 487 55 162 488 55 163 489 167 163 490 56 163 491 168 164 492 169 164 493 139 164 494 139 165 495 169 165 496 140 165 497 170 166 498 171 166 499 83 166 500 83 167 501 171 167 502 84 167 503 6 168 504 0 168 505 172 168 506 172 169 507 0 169 508 173 169 509 172 170 510 173 170 511 174 170 512 174 171 513 173 171 514 175 171 515 174 172 516 175 172 517 176 172 518 176 173 519 175 173 520 177 173 521 176 174 522 177 174 523 178 174 524 178 175 525 177 175 526 179 175 527 178 176 528 179 176 529 180 176 530 180 177 531 179 177 532 181 177 533 180 178 534 181 178 535 182 178 536 182 179 537 181 179 538 183 179 539 182 180 540 183 180 541 24 180 542 24 181 543 183 181 544 27 181 545 184 182 546 185 182 547 11 182 548 11 183 549 185 183 550 13 183 551 186 184 552 187 184 553 16 184 554 16 185 555 187 185 556 17 185 557 188 186 558 189 186 559 190 186 560 191 187 561 192 187 562 193 187 563 193 188 564 192 188 565 194 188 566 194 189 567 195 189 568 193 189 569 193 190 570 195 190 571 196 190 572 193 191 573 196 191 574 197 191 575 197 192 576 196 192 577 198 192 578 199 193 579 200 193 580 201 193 581 201 194 582 200 194 583 202 194 584 201 195 585 202 195 586 203 195 587 199 196 588 201 196 589 204 196 590 204 197 591 201 197 592 205 197 593 204 198 594 205 198 595 206 198 596 207 199 597 208 199 598 209 199 599 209 200 600 208 200 601 210 200 602 206 201 603 205 201 604 211 201 605 211 202 606 205 202 607 212 202 608 211 203 609 212 203 610 213 203 611 214 204 612 215 204 613 216 204 614 216 205 615 217 205 616 218 205 617 218 206 618 217 206 619 219 206 620 219 207 621 220 207 622 218 207 623 218 208 624 220 208 625 221 208 626 218 209 627 221 209 628 212 209 629 212 210 630 221 210 631 222 210 632 212 211 633 222 211 634 213 211 635 223 212 636 224 212 637 225 212 638 224 213 639 226 213 640 225 213 641 225 214 642 226 214 643 227 214 644 225 215 645 227 215 646 228 215 647 229 216 648 230 216 649 231 216 650 230 217 651 232 217 652 231 217 653 231 218 654 232 218 655 233 218 656 231 219 657 233 219 658 234 219 659 234 220 660 235 220 661 231 220 662 231 221 663 235 221 664 236 221 665 231 222 666 236 222 667 237 222 668 237 223 669 236 223 670 238 223 671 237 224 672 238 224 673 225 224 674 225 225 675 238 225 676 239 225 677 225 226 678 239 226 679 223 226 680 240 227 681 241 227 682 242 227 683 243 228 684 244 228 685 242 228 686 242 229 687 244 229 688 245 229 689 242 230 690 245 230 691 240 230 692 246 231 693 247 231 694 248 231 695 241 232 696 249 232 697 242 232 698 242 233 699 249 233 700 250 233 701 242 234 702 250 234 703 251 234 704 252 235 705 253 235 706 254 235 707 254 236 708 253 236 709 255 236 710 254 237 711 255 237 712 256 237 713 256 238 714 257 238 715 254 238 716 254 239 717 257 239 718 258 239 719 254 240 720 258 240 721 243 240 722 243 241 723 258 241 724 259 241 725 243 242 726 259 242 727 244 242 728 260 243 729 261 243 730 262 243 731 260 244 732 262 244 733 263 244 734 264 245 735 265 245 736 262 245 737 262 246 738 265 246 739 266 246 740 262 247 741 266 247 742 263 247 743 267 248 744 268 248 745 269 248 746 269 249 747 268 249 748 270 249 749 269 250 750 270 250 751 271 250 752 198 251 753 272 251 754 197 251 755 197 252 756 272 252 757 273 252 758 197 253 759 273 253 760 264 253 761 264 254 762 273 254 763 274 254 764 264 255 765 274 255 766 265 255 767 275 256 768 276 256 769 277 256 770 277 257 771 276 257 772 278 257 773 277 258 774 278 258 775 279 258 776 280 259 777 281 259 778 282 259 779 282 260 780 281 260 781 283 260 782 282 261 783 283 261 784 284 261 785 285 262 786 286 262 787 287 262 788 287 263 789 286 263 790 288 263 791 287 264 792 288 264 793 289 264 794 290 265 795 291 265 796 292 265 797 292 266 798 291 266 799 293 266 800 293 267 801 294 267 802 292 267 803 292 268 804 294 268 805 295 268 806 292 269 807 295 269 808 296 269 809 296 270 810 295 270 811 297 270 812 296 271 813 297 271 814 298 271 815 298 272 816 297 272 817 299 272 818 298 273 819 299 273 820 300 273 821 300 274 822 299 274 823 301 274 824 300 275 825 301 275 826 277 275 827 277 276 828 301 276 829 302 276 830 277 277 831 302 277 832 275 277 833 279 278 834 284 278 835 277 278 836 277 279 837 284 279 838 283 279 839 277 280 840 283 280 841 303 280 842 303 281 843 283 281 844 304 281 845 303 282 846 304 282 847 305 282 848 305 283 849 304 283 850 306 283 851 306 284 852 304 284 853 201 284 854 306 285 855 201 285 856 208 285 857 208 286 858 201 286 859 203 286 860 208 287 861 203 287 862 210 287 863 214 288 864 216 288 865 307 288 866 307 289 867 216 289 868 218 289 869 307 290 870 218 290 871 308 290 872 308 291 873 218 291 874 309 291 875 308 292 876 309 292 877 310 292 878 310 293 879 309 293 880 311 293 881 311 294 882 309 294 883 312 294 884 311 295 885 312 295 886 313 295 887 313 296 888 312 296 889 314 296 890 314 297 891 312 297 892 315 297 893 314 298 894 315 298 895 316 298 896 316 299 897 315 299 898 317 299 899 317 300 900 315 300 901 318 300 902 317 301 903 318 301 904 319 301 905 319 302 906 318 302 907 320 302 908 320 303 909 318 303 910 321 303 911 320 304 912 321 304 913 322 304 914 322 305 915 321 305 916 323 305 917 323 306 918 321 306 919 225 306 920 323 307 921 225 307 922 190 307 923 190 308 924 225 308 925 228 308 926 190 309 927 228 309 928 188 309 929 324 310 930 229 310 931 325 310 932 325 311 933 229 311 934 231 311 935 325 312 936 231 312 937 326 312 938 326 313 939 231 313 940 327 313 941 326 314 942 327 314 943 328 314 944 328 315 945 327 315 946 329 315 947 329 316 948 327 316 949 330 316 950 329 317 951 330 317 952 331 317 953 331 318 954 330 318 955 332 318 956 332 319 957 330 319 958 333 319 959 332 320 960 333 320 961 334 320 962 334 321 963 333 321 964 335 321 965 335 322 966 333 322 967 336 322 968 335 323 969 336 323 970 337 323 971 337 324 972 336 324 973 338 324 974 338 325 975 336 325 976 339 325 977 338 326 978 339 326 979 340 326 980 340 327 981 339 327 982 341 327 983 341 328 984 339 328 985 342 328 986 341 329 987 342 329 988 343 329 989 343 330 990 342 330 991 344 330 992 344 331 993 342 331 994 242 331 995 344 332 996 242 332 997 248 332 998 248 333 999 242 333 1000 251 333 1001 248 334 1002 251 334 1003 246 334 1004 345 335 1005 252 335 1006 346 335 1007 346 336 1008 252 336 1009 254 336 1010 346 337 1011 254 337 1012 347 337 1013 347 338 1014 254 338 1015 348 338 1016 347 339 1017 348 339 1018 349 339 1019 349 340 1020 348 340 1021 350 340 1022 350 341 1023 348 341 1024 351 341 1025 350 342 1026 351 342 1027 352 342 1028 352 343 1029 351 343 1030 353 343 1031 353 344 1032 351 344 1033 354 344 1034 353 345 1035 354 345 1036 355 345 1037 355 346 1038 354 346 1039 356 346 1040 356 347 1041 354 347 1042 357 347 1043 356 348 1044 357 348 1045 358 348 1046 358 349 1047 357 349 1048 359 349 1049 359 350 1050 357 350 1051 360 350 1052 359 351 1053 360 351 1054 361 351 1055 361 352 1056 360 352 1057 362 352 1058 362 353 1059 360 353 1060 262 353 1061 362 354 1062 262 354 1063 267 354 1064 267 355 1065 262 355 1066 261 355 1067 267 356 1068 261 356 1069 268 356 1070 363 357 1071 191 357 1072 364 357 1073 364 358 1074 191 358 1075 193 358 1076 364 359 1077 193 359 1078 365 359 1079 365 360 1080 193 360 1081 366 360 1082 365 361 1083 366 361 1084 367 361 1085 367 362 1086 366 362 1087 368 362 1088 368 363 1089 366 363 1090 287 363 1091 368 364 1092 287 364 1093 292 364 1094 292 365 1095 287 365 1096 289 365 1097 292 366 1098 289 366 1099 290 366 1100 165 367 1101 369 367 1102 370 367 1103 370 368 1104 369 368 1105 371 368 1106 370 369 1107 371 369 1108 372 369 1109 372 370 1110 371 370 1111 373 370 1112 372 371 1113 373 371 1114 374 371 1115 374 372 1116 373 372 1117 375 372 1118 369 373 1119 376 373 1120 371 373 1121 371 374 1122 376 374 1123 377 374 1124 371 375 1125 377 375 1126 373 375 1127 373 376 1128 377 376 1129 378 376 1130 373 377 1131 378 377 1132 375 377 1133 375 378 1134 378 378 1135 379 378 1136 375 379 1137 379 379 1138 380 379 1139 380 380 1140 379 380 1141 381 380 1142 380 381 1143 381 381 1144 382 381 1145 382 382 1146 381 382 1147 383 382 1148 382 383 1149 383 383 1150 384 383 1151 384 384 1152 383 384 1153 385 384 1154 384 385 1155 385 385 1156 386 385 1157 386 386 1158 385 386 1159 387 386 1160 386 387 1161 387 387 1162 388 387 1163 388 388 1164 387 388 1165 389 388 1166 388 389 1167 389 389 1168 390 389 1169 390 390 1170 389 390 1171 391 390 1172 390 391 1173 391 391 1174 392 391 1175 392 392 1176 391 392 1177 393 392 1178 392 393 1179 393 393 1180 394 393 1181 394 394 1182 393 394 1183 395 394 1184 394 395 1185 395 395 1186 396 395 1187 396 396 1188 395 396 1189 397 396 1190 396 397 1191 397 397 1192 398 397 1193 398 398 1194 397 398 1195 399 398 1196 398 399 1197 399 399 1198 400 399 1199 400 400 1200 399 400 1201 401 400 1202 400 401 1203 401 401 1204 402 401 1205 402 402 1206 401 402 1207 403 402 1208 402 403 1209 403 403 1210 404 403 1211 404 404 1212 403 404 1213 405 404 1214 404 405 1215 405 405 1216 406 405 1217 406 406 1218 405 406 1219 407 406 1220 374 407 1221 375 407 1222 408 407 1223 408 408 1224 375 408 1225 380 408 1226 408 409 1227 380 409 1228 409 409 1229 409 410 1230 380 410 1231 382 410 1232 409 411 1233 382 411 1234 410 411 1235 410 412 1236 382 412 1237 384 412 1238 410 413 1239 384 413 1240 411 413 1241 411 414 1242 384 414 1243 386 414 1244 411 415 1245 386 415 1246 412 415 1247 412 416 1248 386 416 1249 388 416 1250 412 417 1251 388 417 1252 413 417 1253 413 418 1254 388 418 1255 390 418 1256 413 419 1257 390 419 1258 414 419 1259 414 420 1260 390 420 1261 392 420 1262 414 421 1263 392 421 1264 415 421 1265 415 422 1266 392 422 1267 394 422 1268 415 423 1269 394 423 1270 416 423 1271 416 424 1272 394 424 1273 396 424 1274 416 425 1275 396 425 1276 417 425 1277 417 426 1278 396 426 1279 398 426 1280 417 427 1281 398 427 1282 418 427 1283 418 428 1284 398 428 1285 400 428 1286 418 429 1287 400 429 1288 419 429 1289 419 430 1290 400 430 1291 402 430 1292 419 431 1293 402 431 1294 420 431 1295 420 432 1296 402 432 1297 404 432 1298 420 433 1299 404 433 1300 421 433 1301 421 434 1302 404 434 1303 406 434 1304 422 435 1305 376 435 1306 369 435 1307 164 436 1308 423 436 1309 424 436 1310 369 437 1311 165 437 1312 164 437 1313 164 438 1314 424 438 1315 369 438 1316 369 439 1317 424 439 1318 425 439 1319 369 440 1320 425 440 1321 422 440 1322 426 441 1323 427 441 1324 428 441 1325 429 442 1326 430 442 1327 431 442 1328 421 443 1329 406 443 1330 432 443 1331 432 444 1332 406 444 1333 433 444 1334 432 445 1335 433 445 1336 431 445 1337 431 446 1338 433 446 1339 428 446 1340 431 447 1341 428 447 1342 429 447 1343 429 448 1344 428 448 1345 427 448 1346 406 449 1347 407 449 1348 433 449 1349 433 450 1350 407 450 1351 434 450 1352 433 451 1353 434 451 1354 428 451 1355 428 452 1356 434 452 1357 435 452 1358 428 453 1359 435 453 1360 426 453 1361 426 454 1362 435 454 1363 436 454 1364 422 455 1365 425 455 1366 437 455 1367 437 456 1368 425 456 1369 438 456 1370 437 457 1371 438 457 1372 439 457 1373 439 458 1374 438 458 1375 440 458 1376 439 459 1377 440 459 1378 441 459 1379 441 460 1380 440 460 1381 442 460 1382 442 461 1383 440 461 1384 443 461 1385 442 462 1386 443 462 1387 444 462 1388 444 463 1389 443 463 1390 445 463 1391 444 464 1392 445 464 1393 446 464 1394 446 465 1395 445 465 1396 447 465 1397 446 466 1398 447 466 1399 448 466 1400 448 467 1401 447 467 1402 449 467 1403 449 468 1404 447 468 1405 450 468 1406 449 469 1407 450 469 1408 451 469 1409 451 470 1410 450 470 1411 452 470 1412 451 471 1413 452 471 1414 453 471 1415 424 472 1416 423 472 1417 454 472 1418 454 473 1419 423 473 1420 455 473 1421 454 474 1422 455 474 1423 456 474 1424 456 475 1425 455 475 1426 457 475 1427 456 476 1428 457 476 1429 458 476 1430 458 477 1431 457 477 1432 459 477 1433 458 478 1434 459 478 1435 460 478 1436 460 479 1437 459 479 1438 461 479 1439 460 480 1440 461 480 1441 462 480 1442 462 481 1443 461 481 1444 463 481 1445 462 482 1446 463 482 1447 464 482 1448 464 483 1449 463 483 1450 465 483 1451 464 484 1452 465 484 1453 466 484 1454 466 485 1455 465 485 1456 467 485 1457 466 486 1458 467 486 1459 468 486 1460 468 487 1461 467 487 1462 469 487 1463 468 488 1464 469 488 1465 470 488 1466 470 489 1467 469 489 1468 471 489 1469 470 490 1470 471 490 1471 472 490 1472 472 491 1473 471 491 1474 473 491 1475 425 492 1476 424 492 1477 438 492 1478 438 493 1479 424 493 1480 454 493 1481 438 494 1482 454 494 1483 440 494 1484 440 495 1485 454 495 1486 456 495 1487 440 496 1488 456 496 1489 443 496 1490 443 497 1491 456 497 1492 458 497 1493 443 498 1494 458 498 1495 445 498 1496 445 499 1497 458 499 1498 460 499 1499 445 500 1500 460 500 1501 447 500 1502 447 501 1503 460 501 1504 462 501 1505 447 502 1506 462 502 1507 450 502 1508 450 503 1509 462 503 1510 464 503 1511 450 504 1512 464 504 1513 452 504 1514 452 505 1515 464 505 1516 466 505 1517 452 506 1518 466 506 1519 474 506 1520 474 507 1521 466 507 1522 468 507 1523 474 508 1524 468 508 1525 475 508 1526 475 509 1527 468 509 1528 470 509 1529 475 510 1530 470 510 1531 476 510 1532 476 511 1533 470 511 1534 472 511 1535 453 512 1536 452 512 1537 477 512 1538 477 513 1539 452 513 1540 474 513 1541 477 514 1542 474 514 1543 478 514 1544 478 515 1545 474 515 1546 475 515 1547 478 516 1548 475 516 1549 479 516 1550 479 517 1551 475 517 1552 476 517 1553 479 518 1554 476 518 1555 480 518 1556 473 519 1557 481 519 1558 482 519 1559 473 520 1560 482 520 1561 472 520 1562 472 521 1563 482 521 1564 483 521 1565 472 522 1566 483 522 1567 476 522 1568 476 523 1569 483 523 1570 484 523 1571 476 524 1572 484 524 1573 480 524 1574 481 525 1575 485 525 1576 486 525 1577 481 526 1578 486 526 1579 482 526 1580 482 527 1581 486 527 1582 487 527 1583 482 528 1584 487 528 1585 483 528 1586 483 529 1587 487 529 1588 488 529 1589 483 530 1590 488 530 1591 484 530 1592 489 531 1593 430 531 1594 429 531 1595 489 532 1596 429 532 1597 490 532 1598 436 533 1599 491 533 1600 426 533 1601 426 534 1602 491 534 1603 492 534 1604 426 535 1605 492 535 1606 427 535 1607 427 536 1608 492 536 1609 493 536 1610 427 537 1611 493 537 1612 429 537 1613 429 538 1614 493 538 1615 494 538 1616 429 539 1617 494 539 1618 490 539 1619 486 540 1620 485 540 1621 495 540 1622 495 541 1623 485 541 1624 496 541 1625 495 542 1626 496 542 1627 497 542 1628 486 543 1629 495 543 1630 487 543 1631 487 544 1632 495 544 1633 498 544 1634 487 545 1635 498 545 1636 488 545 1637 499 546 1638 500 546 1639 501 546 1640 501 547 1641 500 547 1642 502 547 1643 501 548 1644 502 548 1645 503 548 1646 503 549 1647 502 549 1648 504 549 1649 505 550 1650 506 550 1651 507 550 1652 507 551 1653 506 551 1654 508 551 1655 507 552 1656 508 552 1657 509 552 1658 509 553 1659 508 553 1660 510 553 1661 509 554 1662 510 554 1663 504 554 1664 504 555 1665 510 555 1666 511 555 1667 504 556 1668 511 556 1669 503 556 1670 512 557 1671 513 557 1672 514 557 1673 514 558 1674 513 558 1675 515 558 1676 514 559 1677 515 559 1678 505 559 1679 505 560 1680 515 560 1681 516 560 1682 505 561 1683 516 561 1684 506 561 1685 500 562 1686 517 562 1687 502 562 1688 502 563 1689 517 563 1690 518 563 1691 502 564 1692 518 564 1693 504 564 1694 504 565 1695 518 565 1696 519 565 1697 504 566 1698 519 566 1699 509 566 1700 509 567 1701 519 567 1702 520 567 1703 509 568 1704 520 568 1705 507 568 1706 507 569 1707 520 569 1708 521 569 1709 507 570 1710 521 570 1711 505 570 1712 505 571 1713 521 571 1714 522 571 1715 505 572 1716 522 572 1717 514 572 1718 514 573 1719 522 573 1720 523 573 1721 514 574 1722 523 574 1723 512 574 1724 512 575 1725 523 575 1726 524 575 1727 512 576 1728 524 576 1729 525 576 1730 525 577 1731 524 577 1732 526 577 1733 525 578 1734 526 578 1735 527 578 1736 527 579 1737 526 579 1738 528 579 1739 527 580 1740 528 580 1741 529 580 1742 530 581 1743 531 581 1744 529 581 1745 529 582 1746 531 582 1747 532 582 1748 529 583 1749 532 583 1750 527 583 1751 527 584 1752 532 584 1753 533 584 1754 527 585 1755 533 585 1756 525 585 1757 525 586 1758 533 586 1759 534 586 1760 525 587 1761 534 587 1762 512 587 1763 512 588 1764 534 588 1765 535 588 1766 512 589 1767 535 589 1768 513 589 1769 536 590 1770 537 590 1771 538 590 1772 537 591 1773 490 591 1774 494 591 1775 537 592 1776 494 592 1777 538 592 1778 538 593 1779 494 593 1780 493 593 1781 538 594 1782 493 594 1783 492 594 1784 528 595 1785 536 595 1786 529 595 1787 529 596 1788 536 596 1789 538 596 1790 529 597 1791 538 597 1792 530 597 1793 530 598 1794 538 598 1795 492 598 1796 530 599 1797 492 599 1798 491 599 1799 539 600 1800 540 600 1801 541 600 1802 541 601 1803 540 601 1804 542 601 1805 541 602 1806 542 602 1807 543 602 1808 543 603 1809 542 603 1810 544 603 1811 543 604 1812 544 604 1813 497 604 1814 497 605 1815 544 605 1816 495 605 1817 540 606 1818 545 606 1819 542 606 1820 542 607 1821 545 607 1822 546 607 1823 542 608 1824 546 608 1825 544 608 1826 544 609 1827 546 609 1828 547 609 1829 544 610 1830 547 610 1831 495 610 1832 495 611 1833 547 611 1834 498 611 1835 166 612 1836 517 612 1837 500 612 1838 167 613 1839 166 613 1840 548 613 1841 548 614 1842 166 614 1843 500 614 1844 548 615 1845 500 615 1846 549 615 1847 549 616 1848 500 616 1849 499 616 1850 550 617 1851 551 617 1852 552 617 1853 553 618 1854 554 618 1855 555 618 1856 551 619 1857 553 619 1858 552 619 1859 552 620 1860 553 620 1861 555 620 1862 552 621 1863 555 621 1864 556 621 1865 556 622 1866 555 622 1867 557 622 1868 556 623 1869 557 623 1870 558 623 1871 558 624 1872 557 624 1873 559 624 1874 558 625 1875 559 625 1876 560 625 1877 560 626 1878 559 626 1879 561 626 1880 560 627 1881 561 627 1882 562 627 1883 562 628 1884 561 628 1885 563 628 1886 562 629 1887 563 629 1888 564 629 1889 564 630 1890 563 630 1891 565 630 1892 564 631 1893 565 631 1894 566 631 1895 566 632 1896 565 632 1897 567 632 1898 566 633 1899 567 633 1900 568 633 1901 568 634 1902 567 634 1903 569 634 1904 568 635 1905 569 635 1906 570 635 1907 570 636 1908 569 636 1909 571 636 1910 570 637 1911 571 637 1912 572 637 1913 572 638 1914 571 638 1915 573 638 1916 572 639 1917 573 639 1918 574 639 1919 574 640 1920 573 640 1921 575 640 1922 574 641 1923 575 641 1924 576 641 1925 576 642 1926 575 642 1927 577 642 1928 576 643 1929 577 643 1930 578 643 1931 578 644 1932 577 644 1933 579 644 1934 578 645 1935 579 645 1936 540 645 1937 540 646 1938 579 646 1939 545 646 1940 580 647 1941 550 647 1942 581 647 1943 581 648 1944 550 648 1945 552 648 1946 581 649 1947 552 649 1948 582 649 1949 582 650 1950 552 650 1951 556 650 1952 582 651 1953 556 651 1954 583 651 1955 583 652 1956 556 652 1957 558 652 1958 583 653 1959 558 653 1960 584 653 1961 584 654 1962 558 654 1963 560 654 1964 584 655 1965 560 655 1966 585 655 1967 585 656 1968 560 656 1969 562 656 1970 585 657 1971 562 657 1972 586 657 1973 586 658 1974 562 658 1975 564 658 1976 586 659 1977 564 659 1978 587 659 1979 587 660 1980 564 660 1981 566 660 1982 587 661 1983 566 661 1984 588 661 1985 588 662 1986 566 662 1987 568 662 1988 588 663 1989 568 663 1990 589 663 1991 589 664 1992 568 664 1993 570 664 1994 589 665 1995 570 665 1996 590 665 1997 590 666 1998 570 666 1999 572 666 2000 590 667 2001 572 667 2002 591 667 2003 591 668 2004 572 668 2005 574 668 2006 591 669 2007 574 669 2008 592 669 2009 592 670 2010 574 670 2011 576 670 2012 592 671 2013 576 671 2014 593 671 2015 593 672 2016 576 672 2017 578 672 2018 593 673 2019 578 673 2020 539 673 2021 539 674 2022 578 674 2023 540 674 2024 167 675 2025 548 675 2026 594 675 2027 594 676 2028 548 676 2029 595 676 2030 594 677 2031 595 677 2032 596 677 2033 596 678 2034 595 678 2035 597 678 2036 596 679 2037 597 679 2038 598 679 2039 598 680 2040 597 680 2041 599 680 2042 548 681 2043 549 681 2044 595 681 2045 595 682 2046 549 682 2047 600 682 2048 595 683 2049 600 683 2050 597 683 2051 597 684 2052 600 684 2053 601 684 2054 597 685 2055 601 685 2056 599 685 2057 599 686 2058 601 686 2059 602 686 2060 603 687 2061 604 687 2062 605 687 2063 551 688 2064 550 688 2065 606 688 2066 169 689 2067 607 689 2068 608 689 2069 608 690 2070 607 690 2071 609 690 2072 608 691 2073 609 691 2074 610 691 2075 610 692 2076 609 692 2077 606 692 2078 610 693 2079 606 693 2080 580 693 2081 580 694 2082 606 694 2083 550 694 2084 607 695 2085 603 695 2086 609 695 2087 609 696 2088 603 696 2089 605 696 2090 609 697 2091 605 697 2092 606 697 2093 606 698 2094 605 698 2095 611 698 2096 606 699 2097 611 699 2098 551 699 2099 551 700 2100 611 700 2101 553 700 2102 604 701 2103 612 701 2104 605 701 2105 605 702 2106 612 702 2107 613 702 2108 605 703 2109 613 703 2110 611 703 2111 611 704 2112 613 704 2113 614 704 2114 611 705 2115 614 705 2116 553 705 2117 553 706 2118 614 706 2119 554 706 2120 599 707 2121 602 707 2122 615 707 2123 615 708 2124 602 708 2125 616 708 2126 615 709 2127 616 709 2128 617 709 2129 617 710 2130 616 710 2131 618 710 2132 617 711 2133 618 711 2134 619 711 2135 619 712 2136 618 712 2137 620 712 2138 619 713 2139 620 713 2140 621 713 2141 621 714 2142 620 714 2143 622 714 2144 621 715 2145 622 715 2146 623 715 2147 623 716 2148 622 716 2149 624 716 2150 623 717 2151 624 717 2152 625 717 2153 625 718 2154 624 718 2155 626 718 2156 625 719 2157 626 719 2158 627 719 2159 627 720 2160 626 720 2161 628 720 2162 627 721 2163 628 721 2164 629 721 2165 629 722 2166 628 722 2167 630 722 2168 629 723 2169 630 723 2170 631 723 2171 631 724 2172 630 724 2173 632 724 2174 631 725 2175 632 725 2176 633 725 2177 633 726 2178 632 726 2179 634 726 2180 633 727 2181 634 727 2182 635 727 2183 635 728 2184 634 728 2185 636 728 2186 635 729 2187 636 729 2188 637 729 2189 637 730 2190 636 730 2191 638 730 2192 637 731 2193 638 731 2194 639 731 2195 639 732 2196 638 732 2197 640 732 2198 639 733 2199 640 733 2200 641 733 2201 641 734 2202 640 734 2203 642 734 2204 598 735 2205 599 735 2206 643 735 2207 643 736 2208 599 736 2209 615 736 2210 643 737 2211 615 737 2212 644 737 2213 644 738 2214 615 738 2215 617 738 2216 644 739 2217 617 739 2218 645 739 2219 645 740 2220 617 740 2221 619 740 2222 645 741 2223 619 741 2224 646 741 2225 646 742 2226 619 742 2227 621 742 2228 646 743 2229 621 743 2230 647 743 2231 647 744 2232 621 744 2233 623 744 2234 647 745 2235 623 745 2236 648 745 2237 648 746 2238 623 746 2239 625 746 2240 648 747 2241 625 747 2242 649 747 2243 649 748 2244 625 748 2245 627 748 2246 649 749 2247 627 749 2248 650 749 2249 650 750 2250 627 750 2251 629 750 2252 650 751 2253 629 751 2254 651 751 2255 651 752 2256 629 752 2257 631 752 2258 651 753 2259 631 753 2260 652 753 2261 652 754 2262 631 754 2263 633 754 2264 652 755 2265 633 755 2266 653 755 2267 653 756 2268 633 756 2269 635 756 2270 653 757 2271 635 757 2272 654 757 2273 654 758 2274 635 758 2275 637 758 2276 654 759 2277 637 759 2278 655 759 2279 655 760 2280 637 760 2281 639 760 2282 655 761 2283 639 761 2284 656 761 2285 656 762 2286 639 762 2287 641 762 2288 657 763 2289 603 763 2290 607 763 2291 607 764 2292 169 764 2293 657 764 2294 657 765 2295 169 765 2296 168 765 2297 657 766 2298 168 766 2299 658 766 2300 603 767 2301 657 767 2302 604 767 2303 604 768 2304 657 768 2305 659 768 2306 604 769 2307 659 769 2308 612 769 2309 656 770 2310 641 770 2311 660 770 2312 660 771 2313 641 771 2314 661 771 2315 660 772 2316 661 772 2317 662 772 2318 662 773 2319 661 773 2320 663 773 2321 662 774 2322 663 774 2323 664 774 2324 664 775 2325 663 775 2326 665 775 2327 641 776 2328 642 776 2329 661 776 2330 661 777 2331 642 777 2332 666 777 2333 661 778 2334 666 778 2335 663 778 2336 663 779 2337 666 779 2338 667 779 2339 663 780 2340 667 780 2341 665 780 2342 665 781 2343 667 781 2344 668 781 2345 659 782 2346 657 782 2347 669 782 2348 669 783 2349 657 783 2350 670 783 2351 669 784 2352 670 784 2353 671 784 2354 671 785 2355 670 785 2356 672 785 2357 673 786 2358 674 786 2359 675 786 2360 675 787 2361 674 787 2362 676 787 2363 675 788 2364 676 788 2365 677 788 2366 677 789 2367 676 789 2368 678 789 2369 677 790 2370 678 790 2371 672 790 2372 672 791 2373 678 791 2374 679 791 2375 672 792 2376 679 792 2377 671 792 2378 680 793 2379 681 793 2380 682 793 2381 682 794 2382 681 794 2383 683 794 2384 682 795 2385 683 795 2386 673 795 2387 673 796 2388 683 796 2389 684 796 2390 673 797 2391 684 797 2392 674 797 2393 657 798 2394 658 798 2395 670 798 2396 670 799 2397 658 799 2398 685 799 2399 670 800 2400 685 800 2401 672 800 2402 672 801 2403 685 801 2404 686 801 2405 672 802 2406 686 802 2407 677 802 2408 677 803 2409 686 803 2410 687 803 2411 677 804 2412 687 804 2413 675 804 2414 675 805 2415 687 805 2416 688 805 2417 675 806 2418 688 806 2419 673 806 2420 673 807 2421 688 807 2422 689 807 2423 673 808 2424 689 808 2425 682 808 2426 682 809 2427 689 809 2428 690 809 2429 682 810 2430 690 810 2431 680 810 2432 680 811 2433 690 811 2434 691 811 2435 680 812 2436 691 812 2437 692 812 2438 692 813 2439 691 813 2440 693 813 2441 692 814 2442 693 814 2443 694 814 2444 694 815 2445 693 815 2446 695 815 2447 694 816 2448 695 816 2449 696 816 2450 697 817 2451 698 817 2452 696 817 2453 696 818 2454 698 818 2455 699 818 2456 696 819 2457 699 819 2458 694 819 2459 694 820 2460 699 820 2461 700 820 2462 694 821 2463 700 821 2464 692 821 2465 692 822 2466 700 822 2467 701 822 2468 692 823 2469 701 823 2470 680 823 2471 680 824 2472 701 824 2473 702 824 2474 680 825 2475 702 825 2476 681 825 2477 703 826 2478 704 826 2479 705 826 2480 704 827 2481 706 827 2482 707 827 2483 704 828 2484 707 828 2485 705 828 2486 705 829 2487 707 829 2488 708 829 2489 705 830 2490 708 830 2491 709 830 2492 695 831 2493 703 831 2494 696 831 2495 696 832 2496 703 832 2497 705 832 2498 696 833 2499 705 833 2500 697 833 2501 697 834 2502 705 834 2503 709 834 2504 697 835 2505 709 835 2506 710 835 2507 665 836 2508 711 836 2509 712 836 2510 712 837 2511 713 837 2512 665 837 2513 665 838 2514 713 838 2515 714 838 2516 665 839 2517 714 839 2518 664 839 2519 711 840 2520 665 840 2521 715 840 2522 715 841 2523 665 841 2524 668 841 2525 715 842 2526 668 842 2527 716 842 2528 717 843 2529 718 843 2530 719 843 2531 717 844 2532 719 844 2533 706 844 2534 720 845 2535 710 845 2536 721 845 2537 721 846 2538 710 846 2539 709 846 2540 721 847 2541 709 847 2542 722 847 2543 722 848 2544 709 848 2545 708 848 2546 722 849 2547 708 849 2548 719 849 2549 719 850 2550 708 850 2551 707 850 2552 719 851 2553 707 851 2554 706 851 2555 716 852 2556 723 852 2557 724 852 2558 725 853 2559 726 853 2560 727 853 2561 727 854 2562 726 854 2563 728 854 2564 727 855 2565 728 855 2566 729 855 2567 729 856 2568 728 856 2569 730 856 2570 729 857 2571 730 857 2572 731 857 2573 731 858 2574 730 858 2575 732 858 2576 732 859 2577 730 859 2578 733 859 2579 732 860 2580 733 860 2581 734 860 2582 734 861 2583 733 861 2584 735 861 2585 734 862 2586 735 862 2587 736 862 2588 736 863 2589 735 863 2590 737 863 2591 736 864 2592 737 864 2593 738 864 2594 738 865 2595 737 865 2596 739 865 2597 739 866 2598 737 866 2599 740 866 2600 739 867 2601 740 867 2602 741 867 2603 741 868 2604 740 868 2605 742 868 2606 741 869 2607 742 869 2608 743 869 2609 744 870 2610 745 870 2611 746 870 2612 746 871 2613 745 871 2614 747 871 2615 746 872 2616 747 872 2617 748 872 2618 748 873 2619 747 873 2620 749 873 2621 748 874 2622 749 874 2623 750 874 2624 750 875 2625 749 875 2626 751 875 2627 750 876 2628 751 876 2629 752 876 2630 752 877 2631 751 877 2632 753 877 2633 752 878 2634 753 878 2635 754 878 2636 754 879 2637 753 879 2638 755 879 2639 754 880 2640 755 880 2641 756 880 2642 756 881 2643 755 881 2644 757 881 2645 756 882 2646 757 882 2647 758 882 2648 758 883 2649 757 883 2650 759 883 2651 758 884 2652 759 884 2653 760 884 2654 760 885 2655 759 885 2656 761 885 2657 760 886 2658 761 886 2659 762 886 2660 762 887 2661 761 887 2662 763 887 2663 762 888 2664 763 888 2665 764 888 2666 764 889 2667 763 889 2668 765 889 2669 726 890 2670 744 890 2671 728 890 2672 728 891 2673 744 891 2674 746 891 2675 728 892 2676 746 892 2677 730 892 2678 730 893 2679 746 893 2680 748 893 2681 730 894 2682 748 894 2683 733 894 2684 733 895 2685 748 895 2686 750 895 2687 733 896 2688 750 896 2689 735 896 2690 735 897 2691 750 897 2692 752 897 2693 735 898 2694 752 898 2695 737 898 2696 737 899 2697 752 899 2698 754 899 2699 737 900 2700 754 900 2701 740 900 2702 740 901 2703 754 901 2704 756 901 2705 740 902 2706 756 902 2707 742 902 2708 742 903 2709 756 903 2710 758 903 2711 742 904 2712 758 904 2713 766 904 2714 766 905 2715 758 905 2716 760 905 2717 766 906 2718 760 906 2719 767 906 2720 767 907 2721 760 907 2722 762 907 2723 767 908 2724 762 908 2725 768 908 2726 768 909 2727 762 909 2728 764 909 2729 743 910 2730 742 910 2731 769 910 2732 769 911 2733 742 911 2734 766 911 2735 769 912 2736 766 912 2737 770 912 2738 770 913 2739 766 913 2740 767 913 2741 770 914 2742 767 914 2743 771 914 2744 771 915 2745 767 915 2746 768 915 2747 771 916 2748 768 916 2749 772 916 2750 765 917 2751 773 917 2752 774 917 2753 765 918 2754 774 918 2755 764 918 2756 764 919 2757 774 919 2758 724 919 2759 764 920 2760 724 920 2761 768 920 2762 768 921 2763 724 921 2764 723 921 2765 768 922 2766 723 922 2767 772 922 2768 773 923 2769 713 923 2770 712 923 2771 773 924 2772 712 924 2773 774 924 2774 774 925 2775 712 925 2776 711 925 2777 774 926 2778 711 926 2779 724 926 2780 724 927 2781 711 927 2782 715 927 2783 724 928 2784 715 928 2785 716 928 2786 721 929 2787 722 929 2788 775 929 2789 719 930 2790 718 930 2791 776 930 2792 777 931 2793 778 931 2794 779 931 2795 779 932 2796 778 932 2797 780 932 2798 779 933 2799 780 933 2800 776 933 2801 776 934 2802 780 934 2803 775 934 2804 776 935 2805 775 935 2806 719 935 2807 719 936 2808 775 936 2809 722 936 2810 778 937 2811 781 937 2812 780 937 2813 780 938 2814 781 938 2815 782 938 2816 780 939 2817 782 939 2818 775 939 2819 775 940 2820 782 940 2821 783 940 2822 775 941 2823 783 941 2824 721 941 2825 721 942 2826 783 942 2827 720 942 2828 725 943 2829 784 943 2830 785 943 2831 170 944 2832 745 944 2833 744 944 2834 785 945 2835 171 945 2836 170 945 2837 170 946 2838 744 946 2839 785 946 2840 785 947 2841 744 947 2842 726 947 2843 785 948 2844 726 948 2845 725 948 2846 786 949 2847 787 949 2848 788 949 2849 788 950 2850 787 950 2851 789 950 2852 788 951 2853 789 951 2854 790 951 2855 790 952 2856 789 952 2857 791 952 2858 790 953 2859 791 953 2860 792 953 2861 792 954 2862 791 954 2863 793 954 2864 792 955 2865 793 955 2866 794 955 2867 794 956 2868 793 956 2869 795 956 2870 794 957 2871 795 957 2872 796 957 2873 796 958 2874 795 958 2875 797 958 2876 796 959 2877 797 959 2878 798 959 2879 798 960 2880 797 960 2881 799 960 2882 798 961 2883 799 961 2884 800 961 2885 800 962 2886 799 962 2887 801 962 2888 800 963 2889 801 963 2890 802 963 2891 802 964 2892 801 964 2893 803 964 2894 802 965 2895 803 965 2896 804 965 2897 804 966 2898 803 966 2899 805 966 2900 804 967 2901 805 967 2902 806 967 2903 806 968 2904 805 968 2905 807 968 2906 806 969 2907 807 969 2908 808 969 2909 808 970 2910 807 970 2911 809 970 2912 808 971 2913 809 971 2914 810 971 2915 810 972 2916 809 972 2917 811 972 2918 810 973 2919 811 973 2920 812 973 2921 812 974 2922 811 974 2923 813 974 2924 812 975 2925 813 975 2926 778 975 2927 778 976 2928 813 976 2929 781 976 2930 814 977 2931 786 977 2932 815 977 2933 815 978 2934 786 978 2935 788 978 2936 815 979 2937 788 979 2938 816 979 2939 816 980 2940 788 980 2941 790 980 2942 816 981 2943 790 981 2944 817 981 2945 817 982 2946 790 982 2947 792 982 2948 817 983 2949 792 983 2950 818 983 2951 818 984 2952 792 984 2953 794 984 2954 818 985 2955 794 985 2956 819 985 2957 819 986 2958 794 986 2959 796 986 2960 819 987 2961 796 987 2962 820 987 2963 820 988 2964 796 988 2965 798 988 2966 820 989 2967 798 989 2968 821 989 2969 821 990 2970 798 990 2971 800 990 2972 821 991 2973 800 991 2974 822 991 2975 822 992 2976 800 992 2977 802 992 2978 822 993 2979 802 993 2980 823 993 2981 823 994 2982 802 994 2983 804 994 2984 823 995 2985 804 995 2986 824 995 2987 824 996 2988 804 996 2989 806 996 2990 824 997 2991 806 997 2992 825 997 2993 825 998 2994 806 998 2995 808 998 2996 825 999 2997 808 999 2998 826 999 2999 826 1000 3000 808 1000 3001 810 1000 3002 826 1001 3003 810 1001 3004 827 1001 3005 827 1002 3006 810 1002 3007 812 1002 3008 827 1003 3009 812 1003 3010 777 1003 3011 777 1004 3012 812 1004 3013 778 1004 3014 171 1005 3015 785 1005 3016 828 1005 3017 828 1006 3018 785 1006 3019 829 1006 3020 828 1007 3021 829 1007 3022 830 1007 3023 830 1008 3024 829 1008 3025 831 1008 3026 830 1009 3027 831 1009 3028 814 1009 3029 814 1010 3030 831 1010 3031 786 1010 3032 785 1011 3033 784 1011 3034 829 1011 3035 829 1012 3036 784 1012 3037 832 1012 3038 829 1013 3039 832 1013 3040 831 1013 3041 831 1014 3042 832 1014 3043 833 1014 3044 831 1015 3045 833 1015 3046 786 1015 3047 786 1016 3048 833 1016 3049 787 1016 3050 379 1017 3051 834 1017 3052 381 1017 3053 381 1018 3054 834 1018 3055 835 1018 3056 381 1019 3057 835 1019 3058 383 1019 3059 383 1020 3060 835 1020 3061 385 1020 3062 385 1021 3063 835 1021 3064 836 1021 3065 385 1022 3066 836 1022 3067 387 1022 3068 387 1023 3069 836 1023 3070 389 1023 3071 389 1024 3072 836 1024 3073 837 1024 3074 389 1025 3075 837 1025 3076 391 1025 3077 391 1026 3078 837 1026 3079 393 1026 3080 393 1027 3081 837 1027 3082 838 1027 3083 393 1028 3084 838 1028 3085 395 1028 3086 395 1029 3087 838 1029 3088 397 1029 3089 397 1030 3090 838 1030 3091 839 1030 3092 397 1031 3093 839 1031 3094 399 1031 3095 399 1032 3096 839 1032 3097 401 1032 3098 401 1033 3099 839 1033 3100 840 1033 3101 401 1034 3102 840 1034 3103 403 1034 3104 403 1035 3105 840 1035 3106 405 1035 3107 405 1036 3108 840 1036 3109 841 1036 3110 405 1037 3111 841 1037 3112 407 1037 3113 842 1038 3114 843 1038 3115 844 1038 3116 571 1039 3117 569 1039 3118 845 1039 3119 845 1040 3120 846 1040 3121 571 1040 3122 571 1041 3123 846 1041 3124 847 1041 3125 571 1042 3126 847 1042 3127 573 1042 3128 573 1043 3129 847 1043 3130 848 1043 3131 573 1044 3132 848 1044 3133 849 1044 3134 849 1045 3135 850 1045 3136 573 1045 3137 573 1046 3138 850 1046 3139 851 1046 3140 573 1047 3141 851 1047 3142 852 1047 3143 565 1048 3144 853 1048 3145 854 1048 3146 854 1049 3147 853 1049 3148 855 1049 3149 854 1050 3150 855 1050 3151 569 1050 3152 569 1051 3153 855 1051 3154 856 1051 3155 569 1052 3156 856 1052 3157 845 1052 3158 857 1053 3159 858 1053 3160 561 1053 3161 561 1054 3162 858 1054 3163 859 1054 3164 859 1055 3165 860 1055 3166 561 1055 3167 561 1056 3168 860 1056 3169 861 1056 3170 561 1057 3171 861 1057 3172 563 1057 3173 563 1058 3174 861 1058 3175 862 1058 3176 862 1059 3177 863 1059 3178 563 1059 3179 563 1060 3180 863 1060 3181 864 1060 3182 563 1061 3183 864 1061 3184 565 1061 3185 565 1062 3186 864 1062 3187 865 1062 3188 565 1063 3189 865 1063 3190 853 1063 3191 554 1064 3192 866 1064 3193 555 1064 3194 555 1065 3195 866 1065 3196 867 1065 3197 555 1066 3198 867 1066 3199 557 1066 3200 557 1067 3201 867 1067 3202 559 1067 3203 559 1068 3204 867 1068 3205 868 1068 3206 559 1069 3207 868 1069 3208 561 1069 3209 561 1070 3210 868 1070 3211 869 1070 3212 561 1071 3213 869 1071 3214 857 1071 3215 852 1072 3216 842 1072 3217 573 1072 3218 573 1073 3219 842 1073 3220 844 1073 3221 573 1074 3222 844 1074 3223 575 1074 3224 575 1075 3225 844 1075 3226 870 1075 3227 575 1076 3228 870 1076 3229 577 1076 3230 577 1077 3231 870 1077 3232 579 1077 3233 579 1078 3234 870 1078 3235 871 1078 3236 579 1079 3237 871 1079 3238 545 1079 3239 602 1080 3240 872 1080 3241 616 1080 3242 616 1081 3243 872 1081 3244 873 1081 3245 616 1082 3246 873 1082 3247 618 1082 3248 618 1083 3249 873 1083 3250 620 1083 3251 620 1084 3252 873 1084 3253 874 1084 3254 620 1085 3255 874 1085 3256 622 1085 3257 622 1086 3258 874 1086 3259 624 1086 3260 624 1087 3261 874 1087 3262 875 1087 3263 624 1088 3264 875 1088 3265 626 1088 3266 626 1089 3267 875 1089 3268 628 1089 3269 628 1090 3270 875 1090 3271 876 1090 3272 628 1091 3273 876 1091 3274 630 1091 3275 630 1092 3276 876 1092 3277 632 1092 3278 632 1093 3279 876 1093 3280 877 1093 3281 632 1094 3282 877 1094 3283 634 1094 3284 634 1095 3285 877 1095 3286 636 1095 3287 636 1096 3288 877 1096 3289 878 1096 3290 636 1097 3291 878 1097 3292 638 1097 3293 638 1098 3294 878 1098 3295 640 1098 3296 640 1099 3297 878 1099 3298 879 1099 3299 640 1100 3300 879 1100 3301 642 1100 3302 880 1101 3303 881 1101 3304 882 1101 3305 882 1102 3306 881 1102 3307 883 1102 3308 882 1103 3309 883 1103 3310 884 1103 3311 885 1104 3312 886 1104 3313 887 1104 3314 888 1105 3315 889 1105 3316 890 1105 3317 891 1106 3318 892 1106 3319 893 1106 3320 893 1107 3321 892 1107 3322 894 1107 3323 890 1108 3324 895 1108 3325 888 1108 3326 888 1109 3327 895 1109 3328 896 1109 3329 888 1110 3330 896 1110 3331 897 1110 3332 897 1111 3333 896 1111 3334 898 1111 3335 897 1112 3336 898 1112 3337 899 1112 3338 900 1113 3339 901 1113 3340 902 1113 3341 902 1114 3342 901 1114 3343 903 1114 3344 901 1115 3345 904 1115 3346 903 1115 3347 903 1116 3348 904 1116 3349 905 1116 3350 903 1117 3351 905 1117 3352 906 1117 3353 906 1118 3354 905 1118 3355 907 1118 3356 908 1119 3357 909 1119 3358 910 1119 3359 911 1120 3360 912 1120 3361 913 1120 3362 913 1121 3363 912 1121 3364 914 1121 3365 887 1122 3366 915 1122 3367 885 1122 3368 885 1123 3369 915 1123 3370 916 1123 3371 885 1124 3372 916 1124 3373 917 1124 3374 917 1125 3375 916 1125 3376 918 1125 3377 917 1126 3378 918 1126 3379 907 1126 3380 919 1127 3381 908 1127 3382 920 1127 3383 921 1128 3384 922 1128 3385 923 1128 3386 923 1129 3387 922 1129 3388 924 1129 3389 923 1130 3390 924 1130 3391 925 1130 3392 925 1131 3393 924 1131 3394 926 1131 3395 925 1132 3396 926 1132 3397 927 1132 3398 928 1133 3399 929 1133 3400 930 1133 3401 931 1134 3402 881 1134 3403 894 1134 3404 894 1135 3405 881 1135 3406 880 1135 3407 894 1136 3408 880 1136 3409 893 1136 3410 908 1137 3411 932 1137 3412 909 1137 3413 909 1138 3414 932 1138 3415 933 1138 3416 909 1139 3417 933 1139 3418 934 1139 3419 935 1140 3420 920 1140 3421 936 1140 3422 936 1141 3423 920 1141 3424 908 1141 3425 936 1142 3426 908 1142 3427 937 1142 3428 937 1143 3429 908 1143 3430 910 1143 3431 918 1144 3432 938 1144 3433 907 1144 3434 907 1145 3435 938 1145 3436 939 1145 3437 907 1146 3438 939 1146 3439 906 1146 3440 906 1147 3441 939 1147 3442 940 1147 3443 906 1148 3444 940 1148 3445 941 1148 3446 941 1149 3447 940 1149 3448 881 1149 3449 941 1150 3450 881 1150 3451 942 1150 3452 942 1151 3453 881 1151 3454 931 1151 3455 943 1152 3456 944 1152 3457 945 1152 3458 945 1153 3459 944 1153 3460 946 1153 3461 945 1154 3462 946 1154 3463 947 1154 3464 885 1155 3465 948 1155 3466 886 1155 3467 886 1156 3468 948 1156 3469 949 1156 3470 886 1157 3471 949 1157 3472 950 1157 3473 950 1158 3474 949 1158 3475 928 1158 3476 950 1159 3477 928 1159 3478 951 1159 3479 951 1160 3480 928 1160 3481 930 1160 3482 920 1161 3483 952 1161 3484 919 1161 3485 919 1162 3486 952 1162 3487 953 1162 3488 919 1163 3489 953 1163 3490 954 1163 3491 954 1164 3492 953 1164 3493 955 1164 3494 954 1165 3495 955 1165 3496 956 1165 3497 956 1166 3498 955 1166 3499 957 1166 3500 956 1167 3501 957 1167 3502 927 1167 3503 927 1168 3504 957 1168 3505 958 1168 3506 927 1169 3507 958 1169 3508 925 1169 3509 945 1170 3510 959 1170 3511 943 1170 3512 943 1171 3513 959 1171 3514 960 1171 3515 943 1172 3516 960 1172 3517 961 1172 3518 961 1173 3519 960 1173 3520 962 1173 3521 963 1174 3522 964 1174 3523 965 1174 3524 965 1175 3525 964 1175 3526 966 1175 3527 965 1176 3528 966 1176 3529 967 1176 3530 967 1177 3531 966 1177 3532 968 1177 3533 967 1178 3534 968 1178 3535 969 1178 3536 969 1179 3537 968 1179 3538 970 1179 3539 962 1180 3540 971 1180 3541 961 1180 3542 961 1181 3543 971 1181 3544 972 1181 3545 961 1182 3546 972 1182 3547 973 1182 3548 973 1183 3549 972 1183 3550 974 1183 3551 973 1184 3552 974 1184 3553 975 1184 3554 975 1185 3555 974 1185 3556 976 1185 3557 975 1186 3558 976 1186 3559 963 1186 3560 963 1187 3561 976 1187 3562 977 1187 3563 963 1188 3564 977 1188 3565 964 1188 3566 978 1189 3567 888 1189 3568 979 1189 3569 979 1190 3570 888 1190 3571 897 1190 3572 979 1191 3573 897 1191 3574 980 1191 3575 980 1192 3576 897 1192 3577 981 1192 3578 980 1193 3579 981 1193 3580 959 1193 3581 959 1194 3582 981 1194 3583 982 1194 3584 959 1195 3585 982 1195 3586 960 1195 3587 929 1196 3588 928 1196 3589 983 1196 3590 983 1197 3591 928 1197 3592 984 1197 3593 983 1198 3594 984 1198 3595 902 1198 3596 902 1199 3597 984 1199 3598 985 1199 3599 902 1200 3600 985 1200 3601 900 1200 3602 970 1201 3603 986 1201 3604 969 1201 3605 969 1202 3606 986 1202 3607 987 1202 3608 969 1203 3609 987 1203 3610 988 1203 3611 988 1204 3612 987 1204 3613 947 1204 3614 988 1205 3615 947 1205 3616 989 1205 3617 989 1206 3618 947 1206 3619 946 1206 3620 913 1207 3621 990 1207 3622 911 1207 3623 911 1208 3624 990 1208 3625 991 1208 3626 911 1209 3627 991 1209 3628 992 1209 3629 992 1210 3630 991 1210 3631 993 1210 3632 992 1211 3633 993 1211 3634 994 1211 3635 914 1212 3636 995 1212 3637 913 1212 3638 913 1213 3639 995 1213 3640 996 1213 3641 913 1214 3642 996 1214 3643 997 1214 3644 997 1215 3645 996 1215 3646 998 1215 3647 997 1216 3648 998 1216 3649 999 1216 3650 999 1217 3651 998 1217 3652 1000 1217 3653 999 1218 3654 1000 1218 3655 1001 1218 3656 1001 1219 3657 1000 1219 3658 1002 1219 3659 1001 1220 3660 1002 1220 3661 1003 1220 3662 1003 1221 3663 1002 1221 3664 1004 1221 3665 1003 1222 3666 1004 1222 3667 1005 1222 3668 1005 1223 3669 1004 1223 3670 1006 1223 3671 1005 1224 3672 1006 1224 3673 1007 1224 3674 1007 1225 3675 1008 1225 3676 1005 1225 3677 1005 1226 3678 1008 1226 3679 1009 1226 3680 1005 1227 3681 1009 1227 3682 1010 1227 3683 1010 1228 3684 1009 1228 3685 1011 1228 3686 1010 1229 3687 1011 1229 3688 1012 1229 3689 1012 1230 3690 1011 1230 3691 994 1230 3692 1012 1231 3693 994 1231 3694 1013 1231 3695 1013 1232 3696 994 1232 3697 993 1232 3698 1014 1233 3699 909 1233 3700 1015 1233 3701 1015 1234 3702 909 1234 3703 934 1234 3704 1015 1235 3705 934 1235 3706 921 1235 3707 921 1236 3708 934 1236 3709 1016 1236 3710 921 1237 3711 1016 1237 3712 922 1237 3713 986 1238 3714 1017 1238 3715 987 1238 3716 987 1239 3717 1017 1239 3718 1018 1239 3719 987 1240 3720 1018 1240 3721 1019 1240 3722 1019 1241 3723 1018 1241 3724 1020 1241 3725 1019 1242 3726 1020 1242 3727 1021 1242 3728 1021 1243 3729 1020 1243 3730 1022 1243 3731 1021 1244 3732 1022 1244 3733 1023 1244 3734 1023 1245 3735 1022 1245 3736 1024 1245 3737 1023 1246 3738 1024 1246 3739 1025 1246 3740 1025 1247 3741 1024 1247 3742 1026 1247 3743 1025 1248 3744 1026 1248 3745 1027 1248 3746 1027 1249 3747 1026 1249 3748 1028 1249 3749 1027 1250 3750 1028 1250 3751 992 1250 3752 992 1251 3753 1028 1251 3754 1029 1251 3755 992 1252 3756 1029 1252 3757 911 1252 3758 1008 1253 3759 1030 1253 3760 1009 1253 3761 1009 1254 3762 1030 1254 3763 1031 1254 3764 1009 1255 3765 1031 1255 3766 1032 1255 3767 1032 1256 3768 1031 1256 3769 1033 1256 3770 1032 1257 3771 1033 1257 3772 1034 1257 3773 1034 1258 3774 1033 1258 3775 1035 1258 3776 1034 1259 3777 1035 1259 3778 1036 1259 3779 1036 1260 3780 1035 1260 3781 1037 1260 3782 1036 1261 3783 1037 1261 3784 1038 1261 3785 1038 1262 3786 1037 1262 3787 1039 1262 3788 1038 1263 3789 1039 1263 3790 1015 1263 3791 1015 1264 3792 1039 1264 3793 1040 1264 3794 1015 1265 3795 1040 1265 3796 1014 1265 3797 958 1266 3798 1041 1266 3799 925 1266 3800 925 1267 3801 1041 1267 3802 1042 1267 3803 925 1268 3804 1042 1268 3805 1043 1268 3806 1043 1269 3807 1042 1269 3808 1044 1269 3809 1043 1270 3810 1044 1270 3811 1045 1270 3812 1045 1271 3813 1044 1271 3814 1046 1271 3815 1045 1272 3816 1046 1272 3817 1047 1272 3818 1047 1273 3819 1046 1273 3820 1048 1273 3821 1047 1274 3822 1048 1274 3823 1049 1274 3824 1049 1275 3825 1048 1275 3826 1050 1275 3827 1049 1276 3828 1050 1276 3829 1051 1276 3830 1051 1277 3831 1050 1277 3832 1052 1277 3833 1051 1278 3834 1052 1278 3835 1053 1278 3836 1053 1279 3837 1052 1279 3838 1054 1279 3839 1053 1280 3840 1054 1280 3841 902 1280 3842 902 1281 3843 1054 1281 3844 1055 1281 3845 902 1282 3846 1055 1282 3847 983 1282 3848 1056 1283 3849 1057 1283 3850 1058 1283 3851 1059 1284 3852 1060 1284 3853 1061 1284 3854 1062 1285 3855 1063 1285 3856 1064 1285 3857 1065 1286 3858 1066 1286 3859 1067 1286 3860 1068 1287 3861 1069 1287 3862 1070 1287 3863 1065 1288 3864 1067 1288 3865 1071 1288 3866 1072 1289 3867 1073 1289 3868 1074 1289 3869 1075 1290 3870 1076 1290 3871 1077 1290 3872 1077 1291 3873 1076 1291 3874 1074 1291 3875 1077 1292 3876 1074 1292 3877 1078 1292 3878 1078 1293 3879 1074 1293 3880 1073 1293 3881 1075 1294 3882 1079 1294 3883 1076 1294 3884 1076 1295 3885 1079 1295 3886 1080 1295 3887 1076 1296 3888 1080 1296 3889 1081 1296 3890 1080 1297 3891 1082 1297 3892 1081 1297 3893 1081 1298 3894 1082 1298 3895 1083 1298 3896 1081 1299 3897 1083 1299 3898 1084 1299 3899 1084 1300 3900 1085 1300 3901 1081 1300 3902 1081 1301 3903 1085 1301 3904 1086 1301 3905 1081 1302 3906 1086 1302 3907 1087 1302 3908 1087 1303 3909 1086 1303 3910 1088 1303 3911 1087 1304 3912 1088 1304 3913 1068 1304 3914 1068 1305 3915 1088 1305 3916 1089 1305 3917 1068 1306 3918 1089 1306 3919 1069 1306 3920 1090 1307 3921 1091 1307 3922 1092 1307 3923 1092 1308 3924 1091 1308 3925 1093 1308 3926 1093 1309 3927 1091 1309 3928 1094 1309 3929 1093 1310 3930 1094 1310 3931 1074 1310 3932 1074 1311 3933 1094 1311 3934 1095 1311 3935 1074 1312 3936 1095 1312 3937 1072 1312 3938 1096 1313 3939 1097 1313 3940 1098 1313 3941 1099 1314 3942 1100 1314 3943 1101 1314 3944 1098 1315 3945 1102 1315 3946 1096 1315 3947 1096 1316 3948 1102 1316 3949 1103 1316 3950 1096 1317 3951 1103 1317 3952 1101 1317 3953 1101 1318 3954 1103 1318 3955 1104 1318 3956 1101 1319 3957 1104 1319 3958 1099 1319 3959 1100 1320 3960 1105 1320 3961 1101 1320 3962 1101 1321 3963 1105 1321 3964 1106 1321 3965 1101 1322 3966 1106 1322 3967 1107 1322 3968 1062 1323 3969 1064 1323 3970 1108 1323 3971 1109 1324 3972 1110 1324 3973 1111 1324 3974 1110 1325 3975 1112 1325 3976 1111 1325 3977 1111 1326 3978 1112 1326 3979 1113 1326 3980 1111 1327 3981 1113 1327 3982 1114 1327 3983 1115 1328 3984 1116 1328 3985 1117 1328 3986 1117 1329 3987 1116 1329 3988 1111 1329 3989 1117 1330 3990 1111 1330 3991 1118 1330 3992 1118 1331 3993 1111 1331 3994 1114 1331 3995 1115 1332 3996 1119 1332 3997 1116 1332 3998 1116 1333 3999 1119 1333 4000 1120 1333 4001 1116 1334 4002 1120 1334 4003 1097 1334 4004 1097 1335 4005 1120 1335 4006 1121 1335 4007 1097 1336 4008 1121 1336 4009 1098 1336 4010 1122 1337 4011 1123 1337 4012 1124 1337 4013 1122 1338 4014 1124 1338 4015 1125 1338 4016 1124 1339 4017 1126 1339 4018 1125 1339 4019 1125 1340 4020 1126 1340 4021 1127 1340 4022 1125 1341 4023 1127 1341 4024 1128 1341 4025 1128 1342 4026 1127 1342 4027 1129 1342 4028 1128 1343 4029 1129 1343 4030 1130 1343 4031 1130 1344 4032 1131 1344 4033 1128 1344 4034 1128 1345 4035 1131 1345 4036 1132 1345 4037 1128 1346 4038 1132 1346 4039 1133 1346 4040 1133 1347 4041 1134 1347 4042 1128 1347 4043 1128 1348 4044 1134 1348 4045 1135 1348 4046 1128 1349 4047 1135 1349 4048 1136 1349 4049 1137 1350 4050 1138 1350 4051 1139 1350 4052 1140 1351 4053 1141 1351 4054 1142 1351 4055 1142 1352 4056 1141 1352 4057 1143 1352 4058 1142 1353 4059 1143 1353 4060 1144 1353 4061 1144 1354 4062 1145 1354 4063 1142 1354 4064 1142 1355 4065 1145 1355 4066 1146 1355 4067 1142 1356 4068 1146 1356 4069 1147 1356 4070 1147 1357 4071 1146 1357 4072 1148 1357 4073 1147 1358 4074 1148 1358 4075 1122 1358 4076 1122 1359 4077 1148 1359 4078 1149 1359 4079 1122 1360 4080 1149 1360 4081 1123 1360 4082 1056 1361 4083 1058 1361 4084 1150 1361 4085 1151 1362 4086 1152 1362 4087 1153 1362 4088 1153 1363 4089 1152 1363 4090 1154 1363 4091 1151 1364 4092 1155 1364 4093 1152 1364 4094 1152 1365 4095 1155 1365 4096 1156 1365 4097 1152 1366 4098 1156 1366 4099 1157 1366 4100 1156 1367 4101 1158 1367 4102 1157 1367 4103 1157 1368 4104 1158 1368 4105 1159 1368 4106 1157 1369 4107 1159 1369 4108 1160 1369 4109 1159 1370 4110 1161 1370 4111 1160 1370 4112 1160 1371 4113 1161 1371 4114 1162 1371 4115 1160 1372 4116 1162 1372 4117 1163 1372 4118 1163 1373 4119 1164 1373 4120 1160 1373 4121 1160 1374 4122 1164 1374 4123 1165 1374 4124 1160 1375 4125 1165 1375 4126 1166 1375 4127 1166 1376 4128 1167 1376 4129 1160 1376 4130 1160 1377 4131 1167 1377 4132 1168 1377 4133 1160 1378 4134 1168 1378 4135 1169 1378 4136 1170 1379 4137 1171 1379 4138 1172 1379 4139 1171 1380 4140 1173 1380 4141 1172 1380 4142 1172 1381 4143 1173 1381 4144 1174 1381 4145 1172 1382 4146 1174 1382 4147 1175 1382 4148 1154 1383 4149 1152 1383 4150 1175 1383 4151 1175 1384 4152 1152 1384 4153 1176 1384 4154 1175 1385 4155 1176 1385 4156 1172 1385 4157 1168 1386 4158 1150 1386 4159 1169 1386 4160 1169 1387 4161 1150 1387 4162 1058 1387 4163 1169 1388 4164 1058 1388 4165 1177 1388 4166 1177 1389 4167 1058 1389 4168 1178 1389 4169 1177 1390 4170 1178 1390 4171 1179 1390 4172 1179 1391 4173 1178 1391 4174 1180 1391 4175 1179 1392 4176 1180 1392 4177 1181 1392 4178 1181 1393 4179 1180 1393 4180 1182 1393 4181 1181 1394 4182 1182 1394 4183 1183 1394 4184 1183 1395 4185 1182 1395 4186 1184 1395 4187 1183 1396 4188 1184 1396 4189 1185 1396 4190 1185 1397 4191 1184 1397 4192 1186 1397 4193 1185 1398 4194 1186 1398 4195 1187 1398 4196 1187 1399 4197 1186 1399 4198 1188 1399 4199 1187 1400 4200 1188 1400 4201 1189 1400 4202 1189 1401 4203 1188 1401 4204 1190 1401 4205 1189 1402 4206 1190 1402 4207 1191 1402 4208 1191 1403 4209 1190 1403 4210 1192 1403 4211 1191 1404 4212 1192 1404 4213 1193 1404 4214 1193 1405 4215 1192 1405 4216 1194 1405 4217 1193 1406 4218 1194 1406 4219 1195 1406 4220 1195 1407 4221 1194 1407 4222 1196 1407 4223 1195 1408 4224 1196 1408 4225 1197 1408 4226 1197 1409 4227 1196 1409 4228 1198 1409 4229 1197 1410 4230 1198 1410 4231 1199 1410 4232 1199 1411 4233 1198 1411 4234 1200 1411 4235 1199 1412 4236 1200 1412 4237 1142 1412 4238 1142 1413 4239 1200 1413 4240 1137 1413 4241 1142 1414 4242 1137 1414 4243 1140 1414 4244 1140 1415 4245 1137 1415 4246 1139 1415 4247 1136 1416 4248 1059 1416 4249 1128 1416 4250 1128 1417 4251 1059 1417 4252 1061 1417 4253 1128 1418 4254 1061 1418 4255 1201 1418 4256 1201 1419 4257 1061 1419 4258 1202 1419 4259 1201 1420 4260 1202 1420 4261 1203 1420 4262 1203 1421 4263 1202 1421 4264 1204 1421 4265 1203 1422 4266 1204 1422 4267 1205 1422 4268 1205 1423 4269 1204 1423 4270 1206 1423 4271 1205 1424 4272 1206 1424 4273 1207 1424 4274 1207 1425 4275 1206 1425 4276 1208 1425 4277 1207 1426 4278 1208 1426 4279 1209 1426 4280 1209 1427 4281 1208 1427 4282 1210 1427 4283 1209 1428 4284 1210 1428 4285 1211 1428 4286 1211 1429 4287 1210 1429 4288 1212 1429 4289 1211 1430 4290 1212 1430 4291 1213 1430 4292 1213 1431 4293 1212 1431 4294 1214 1431 4295 1213 1432 4296 1214 1432 4297 1215 1432 4298 1215 1433 4299 1214 1433 4300 1216 1433 4301 1215 1434 4302 1216 1434 4303 1217 1434 4304 1217 1435 4305 1216 1435 4306 1218 1435 4307 1217 1436 4308 1218 1436 4309 1219 1436 4310 1219 1437 4311 1218 1437 4312 1220 1437 4313 1219 1438 4314 1220 1438 4315 1221 1438 4316 1221 1439 4317 1220 1439 4318 1222 1439 4319 1221 1440 4320 1222 1440 4321 1223 1440 4322 1223 1441 4323 1222 1441 4324 1224 1441 4325 1223 1442 4326 1224 1442 4327 1225 1442 4328 1225 1443 4329 1224 1443 4330 1226 1443 4331 1225 1444 4332 1226 1444 4333 1111 1444 4334 1111 1445 4335 1226 1445 4336 1227 1445 4337 1111 1446 4338 1227 1446 4339 1109 1446 4340 1109 1447 4341 1227 1447 4342 1228 1447 4343 1107 1448 4344 1108 1448 4345 1101 1448 4346 1101 1449 4347 1108 1449 4348 1064 1449 4349 1101 1450 4350 1064 1450 4351 1229 1450 4352 1229 1451 4353 1064 1451 4354 1230 1451 4355 1229 1452 4356 1230 1452 4357 1231 1452 4358 1231 1453 4359 1230 1453 4360 1232 1453 4361 1231 1454 4362 1232 1454 4363 1233 1454 4364 1233 1455 4365 1232 1455 4366 1234 1455 4367 1233 1456 4368 1234 1456 4369 1235 1456 4370 1235 1457 4371 1234 1457 4372 1236 1457 4373 1235 1458 4374 1236 1458 4375 1237 1458 4376 1237 1459 4377 1236 1459 4378 1238 1459 4379 1237 1460 4380 1238 1460 4381 1239 1460 4382 1239 1461 4383 1238 1461 4384 1240 1461 4385 1239 1462 4386 1240 1462 4387 1241 1462 4388 1241 1463 4389 1240 1463 4390 1242 1463 4391 1241 1464 4392 1242 1464 4393 1243 1464 4394 1243 1465 4395 1242 1465 4396 1244 1465 4397 1243 1466 4398 1244 1466 4399 1245 1466 4400 1245 1467 4401 1244 1467 4402 1246 1467 4403 1245 1468 4404 1246 1468 4405 1247 1468 4406 1247 1469 4407 1246 1469 4408 1248 1469 4409 1247 1470 4410 1248 1470 4411 1249 1470 4412 1249 1471 4413 1248 1471 4414 1250 1471 4415 1249 1472 4416 1250 1472 4417 1092 1472 4418 1092 1473 4419 1250 1473 4420 1251 1473 4421 1092 1474 4422 1251 1474 4423 1090 1474 4424 1090 1475 4425 1251 1475 4426 1252 1475 4427 1090 1476 4428 1252 1476 4429 1253 1476 4430 1070 1477 4431 1071 1477 4432 1068 1477 4433 1068 1478 4434 1071 1478 4435 1067 1478 4436 1068 1479 4437 1067 1479 4438 1254 1479 4439 1254 1480 4440 1067 1480 4441 1255 1480 4442 1254 1481 4443 1255 1481 4444 1256 1481 4445 1256 1482 4446 1255 1482 4447 1257 1482 4448 1256 1483 4449 1257 1483 4450 1258 1483 4451 1258 1484 4452 1257 1484 4453 1259 1484 4454 1258 1485 4455 1259 1485 4456 1260 1485 4457 1260 1486 4458 1259 1486 4459 1261 1486 4460 1260 1487 4461 1261 1487 4462 1262 1487 4463 1262 1488 4464 1261 1488 4465 1263 1488 4466 1262 1489 4467 1263 1489 4468 1264 1489 4469 1264 1490 4470 1263 1490 4471 1265 1490 4472 1264 1491 4473 1265 1491 4474 1266 1491 4475 1266 1492 4476 1265 1492 4477 1267 1492 4478 1266 1493 4479 1267 1493 4480 1268 1493 4481 1268 1494 4482 1267 1494 4483 1269 1494 4484 1268 1495 4485 1269 1495 4486 1270 1495 4487 1270 1496 4488 1269 1496 4489 1271 1496 4490 1270 1497 4491 1271 1497 4492 1272 1497 4493 1272 1498 4494 1271 1498 4495 1273 1498 4496 1272 1499 4497 1273 1499 4498 1274 1499 4499 1274 1500 4500 1273 1500 4501 1275 1500 4502 1274 1501 4503 1275 1501 4504 1172 1501 4505 1172 1502 4506 1275 1502 4507 1276 1502 4508 1172 1503 4509 1276 1503 4510 1170 1503 4511 1170 1504 4512 1276 1504 4513 1277 1504 4514 1278 1505 4515 1279 1505 4516 1280 1505 4517 1280 1506 4518 1279 1506 4519 1281 1506 4520 1282 1507 4521 1283 1507 4522 1284 1507 4523 1284 1508 4524 1283 1508 4525 1281 1508 4526 1284 1509 4527 1281 1509 4528 1285 1509 4529 1285 1510 4530 1281 1510 4531 1279 1510 4532 1286 1511 4533 1287 1511 4534 1288 1511 4535 1288 1512 4536 1287 1512 4537 1283 1512 4538 1288 1513 4539 1283 1513 4540 1289 1513 4541 1289 1514 4542 1283 1514 4543 1282 1514 4544 1286 1515 4545 1290 1515 4546 1287 1515 4547 1287 1516 4548 1290 1516 4549 1291 1516 4550 1287 1517 4551 1291 1517 4552 1292 1517 4553 1292 1518 4554 1291 1518 4555 1293 1518 4556 1292 1519 4557 1293 1519 4558 1294 1519 4559 1295 1520 4560 1296 1520 4561 1297 1520 4562 1297 1521 4563 1296 1521 4564 1292 1521 4565 1297 1522 4566 1292 1522 4567 1298 1522 4568 1298 1523 4569 1292 1523 4570 1294 1523 4571 1295 1524 4572 1299 1524 4573 1296 1524 4574 1296 1525 4575 1299 1525 4576 1300 1525 4577 1296 1526 4578 1300 1526 4579 1301 1526 4580 1301 1527 4581 1300 1527 4582 1302 1527 4583 1301 1528 4584 1302 1528 4585 1303 1528 4586 1303 1529 4587 1304 1529 4588 1301 1529 4589 1301 1530 4590 1304 1530 4591 1305 1530 4592 1301 1531 4593 1305 1531 4594 1306 1531 4595 1305 1532 4596 1307 1532 4597 1306 1532 4598 1306 1533 4599 1307 1533 4600 1308 1533 4601 1306 1534 4602 1308 1534 4603 1309 1534 4604 1309 1535 4605 1308 1535 4606 1310 1535 4607 1309 1536 4608 1310 1536 4609 1311 1536 4610 1312 1537 4611 1313 1537 4612 1314 1537 4613 1314 1538 4614 1313 1538 4615 1309 1538 4616 1314 1539 4617 1309 1539 4618 1315 1539 4619 1315 1540 4620 1309 1540 4621 1311 1540 4622 1312 1541 4623 1316 1541 4624 1313 1541 4625 1313 1542 4626 1316 1542 4627 1317 1542 4628 1313 1543 4629 1317 1543 4630 1318 1543 4631 1318 1544 4632 1317 1544 4633 1319 1544 4634 1318 1545 4635 1319 1545 4636 1320 1545 4637 1321 1546 4638 1322 1546 4639 1323 1546 4640 1323 1547 4641 1322 1547 4642 1318 1547 4643 1323 1548 4644 1318 1548 4645 1324 1548 4646 1324 1549 4647 1318 1549 4648 1320 1549 4649 1321 1550 4650 1325 1550 4651 1322 1550 4652 1322 1551 4653 1325 1551 4654 1326 1551 4655 1322 1552 4656 1326 1552 4657 1327 1552 4658 1327 1553 4659 1326 1553 4660 1328 1553 4661 1327 1554 4662 1328 1554 4663 1329 1554 4664 1329 1555 4665 1330 1555 4666 1327 1555 4667 1327 1556 4668 1330 1556 4669 1331 1556 4670 1327 1557 4671 1331 1557 4672 1332 1557 4673 1333 1558 4674 1334 1558 4675 1335 1558 4676 1335 1559 4677 1334 1559 4678 1332 1559 4679 1335 1560 4680 1332 1560 4681 1336 1560 4682 1336 1561 4683 1332 1561 4684 1331 1561 4685 1333 1562 4686 1337 1562 4687 1334 1562 4688 1334 1563 4689 1337 1563 4690 1338 1563 4691 1334 1564 4692 1338 1564 4693 1339 1564 4694 1338 1565 4695 1340 1565 4696 1339 1565 4697 1339 1566 4698 1340 1566 4699 1341 1566 4700 1339 1567 4701 1341 1567 4702 1342 1567 4703 1342 1568 4704 1343 1568 4705 1339 1568 4706 1339 1569 4707 1343 1569 4708 1344 1569 4709 1339 1570 4710 1344 1570 4711 1345 1570 4712 1346 1571 4713 1347 1571 4714 1348 1571 4715 1348 1572 4716 1347 1572 4717 1345 1572 4718 1348 1573 4719 1345 1573 4720 1349 1573 4721 1349 1574 4722 1345 1574 4723 1344 1574 4724 1346 1575 4725 1350 1575 4726 1347 1575 4727 1347 1576 4728 1350 1576 4729 1351 1576 4730 1347 1577 4731 1351 1577 4732 1352 1577 4733 1352 1578 4734 1351 1578 4735 1353 1578 4736 1352 1579 4737 1353 1579 4738 1354 1579 4739 1355 1580 4740 1356 1580 4741 1357 1580 4742 1357 1581 4743 1356 1581 4744 1352 1581 4745 1357 1582 4746 1352 1582 4747 1358 1582 4748 1358 1583 4749 1352 1583 4750 1354 1583 4751 1359 1584 4752 1360 1584 4753 1361 1584 4754 1361 1585 4755 1360 1585 4756 1356 1585 4757 1361 1586 4758 1356 1586 4759 1362 1586 4760 1362 1587 4761 1356 1587 4762 1355 1587 4763 1363 1588 4764 1364 1588 4765 1365 1588 4766 1365 1589 4767 1364 1589 4768 1360 1589 4769 1365 1590 4770 1360 1590 4771 1366 1590 4772 1366 1591 4773 1360 1591 4774 1359 1591 4775 1363 1592 4776 1367 1592 4777 1364 1592 4778 1364 1593 4779 1367 1593 4780 1368 1593 4781 1364 1594 4782 1368 1594 4783 1369 1594 4784 1369 1595 4785 1368 1595 4786 1370 1595 4787 1369 1596 4788 1370 1596 4789 1371 1596 4790 1371 1597 4791 1372 1597 4792 1369 1597 4793 1369 1598 4794 1372 1598 4795 1373 1598 4796 1369 1599 4797 1373 1599 4798 1374 1599 4799 1374 1600 4800 1373 1600 4801 1375 1600 4802 1374 1601 4803 1375 1601 4804 1376 1601 4805 1376 1602 4806 1377 1602 4807 1374 1602 4808 1374 1603 4809 1377 1603 4810 1378 1603 4811 1374 1604 4812 1378 1604 4813 1379 1604 4814 1378 1605 4815 1380 1605 4816 1379 1605 4817 1379 1606 4818 1380 1606 4819 1381 1606 4820 1379 1607 4821 1381 1607 4822 1382 1607 4823 1382 1608 4824 1381 1608 4825 1383 1608 4826 1382 1609 4827 1383 1609 4828 1384 1609 4829 1385 1610 4830 1386 1610 4831 1387 1610 4832 1387 1611 4833 1386 1611 4834 1382 1611 4835 1387 1612 4836 1382 1612 4837 1388 1612 4838 1388 1613 4839 1382 1613 4840 1384 1613 4841 1385 1614 4842 1389 1614 4843 1386 1614 4844 1386 1615 4845 1389 1615 4846 1390 1615 4847 1386 1616 4848 1390 1616 4849 1391 1616 4850 1391 1617 4851 1390 1617 4852 1392 1617 4853 1391 1618 4854 1392 1618 4855 1393 1618 4856 1393 1619 4857 1394 1619 4858 1391 1619 4859 1391 1620 4860 1394 1620 4861 1395 1620 4862 1391 1621 4863 1395 1621 4864 1396 1621 4865 1397 1622 4866 1398 1622 4867 1399 1622 4868 1399 1623 4869 1398 1623 4870 1396 1623 4871 1399 1624 4872 1396 1624 4873 1400 1624 4874 1400 1625 4875 1396 1625 4876 1395 1625 4877 1397 1626 4878 1401 1626 4879 1398 1626 4880 1398 1627 4881 1401 1627 4882 1402 1627 4883 1398 1628 4884 1402 1628 4885 1403 1628 4886 1403 1629 4887 1402 1629 4888 1404 1629 4889 1403 1630 4890 1404 1630 4891 1405 1630 4892 1405 1631 4893 1406 1631 4894 1403 1631 4895 1403 1632 4896 1406 1632 4897 1407 1632 4898 1403 1633 4899 1407 1633 4900 1280 1633 4901 1280 1634 4902 1407 1634 4903 1408 1634 4904 1280 1635 4905 1408 1635 4906 1278 1635 4907 1409 1636 4908 1410 1636 4909 1411 1636 4910 1411 1637 4911 1410 1637 4912 1412 1637 4913 1411 1638 4914 1412 1638 4915 1403 1638 4916 1403 1639 4917 1412 1639 4918 1413 1639 4919 1403 1640 4920 1413 1640 4921 1398 1640 4922 1398 1641 4923 1413 1641 4924 1414 1641 4925 1398 1642 4926 1414 1642 4927 1396 1642 4928 1396 1643 4929 1414 1643 4930 1415 1643 4931 1396 1644 4932 1415 1644 4933 1391 1644 4934 1391 1645 4935 1415 1645 4936 1416 1645 4937 1391 1646 4938 1416 1646 4939 1386 1646 4940 1386 1647 4941 1416 1647 4942 1417 1647 4943 1386 1648 4944 1417 1648 4945 1382 1648 4946 1382 1649 4947 1417 1649 4948 1418 1649 4949 1382 1650 4950 1418 1650 4951 1379 1650 4952 1379 1651 4953 1418 1651 4954 1419 1651 4955 1379 1652 4956 1419 1652 4957 1374 1652 4958 1374 1653 4959 1419 1653 4960 1420 1653 4961 1374 1654 4962 1420 1654 4963 1369 1654 4964 1369 1655 4965 1420 1655 4966 1421 1655 4967 1369 1656 4968 1421 1656 4969 1364 1656 4970 1364 1657 4971 1421 1657 4972 1422 1657 4973 1364 1658 4974 1422 1658 4975 1360 1658 4976 1360 1659 4977 1422 1659 4978 1423 1659 4979 1360 1660 4980 1423 1660 4981 1356 1660 4982 1356 1661 4983 1423 1661 4984 1424 1661 4985 1356 1662 4986 1424 1662 4987 1352 1662 4988 1352 1663 4989 1424 1663 4990 1425 1663 4991 1352 1664 4992 1425 1664 4993 1347 1664 4994 1347 1665 4995 1425 1665 4996 1426 1665 4997 1347 1666 4998 1426 1666 4999 1345 1666 5000 1345 1667 5001 1426 1667 5002 1427 1667 5003 1345 1668 5004 1427 1668 5005 1339 1668 5006 1339 1669 5007 1427 1669 5008 1428 1669 5009 1339 1670 5010 1428 1670 5011 1334 1670 5012 1334 1671 5013 1428 1671 5014 1429 1671 5015 1334 1672 5016 1429 1672 5017 1332 1672 5018 1332 1673 5019 1429 1673 5020 1430 1673 5021 1332 1674 5022 1430 1674 5023 1327 1674 5024 1327 1675 5025 1430 1675 5026 1431 1675 5027 1327 1676 5028 1431 1676 5029 1322 1676 5030 1322 1677 5031 1431 1677 5032 1432 1677 5033 1322 1678 5034 1432 1678 5035 1318 1678 5036 1318 1679 5037 1432 1679 5038 1433 1679 5039 1318 1680 5040 1433 1680 5041 1313 1680 5042 1313 1681 5043 1433 1681 5044 1434 1681 5045 1313 1682 5046 1434 1682 5047 1309 1682 5048 1309 1683 5049 1434 1683 5050 1435 1683 5051 1309 1684 5052 1435 1684 5053 1306 1684 5054 1306 1685 5055 1435 1685 5056 1436 1685 5057 1306 1686 5058 1436 1686 5059 1301 1686 5060 1301 1687 5061 1436 1687 5062 1437 1687 5063 1301 1688 5064 1437 1688 5065 1296 1688 5066 1296 1689 5067 1437 1689 5068 1438 1689 5069 1296 1690 5070 1438 1690 5071 1292 1690 5072 1292 1691 5073 1438 1691 5074 1439 1691 5075 1292 1692 5076 1439 1692 5077 1287 1692 5078 1287 1693 5079 1439 1693 5080 1440 1693 5081 1287 1694 5082 1440 1694 5083 1283 1694 5084 1283 1695 5085 1440 1695 5086 1441 1695 5087 1283 1696 5088 1441 1696 5089 1281 1696 5090 1281 1697 5091 1441 1697 5092 1409 1697 5093 1281 1698 5094 1409 1698 5095 1411 1698 5096 787 1699 5097 1442 1699 5098 789 1699 5099 789 1700 5100 1442 1700 5101 1443 1700 5102 789 1701 5103 1443 1701 5104 791 1701 5105 791 1702 5106 1443 1702 5107 793 1702 5108 793 1703 5109 1443 1703 5110 1444 1703 5111 793 1704 5112 1444 1704 5113 795 1704 5114 795 1705 5115 1444 1705 5116 797 1705 5117 797 1706 5118 1444 1706 5119 1445 1706 5120 797 1707 5121 1445 1707 5122 799 1707 5123 799 1708 5124 1445 1708 5125 801 1708 5126 801 1709 5127 1445 1709 5128 1446 1709 5129 801 1710 5130 1446 1710 5131 803 1710 5132 803 1711 5133 1446 1711 5134 805 1711 5135 805 1712 5136 1446 1712 5137 1447 1712 5138 805 1713 5139 1447 1713 5140 807 1713 5141 807 1714 5142 1447 1714 5143 809 1714 5144 809 1715 5145 1447 1715 5146 1448 1715 5147 809 1716 5148 1448 1716 5149 811 1716 5150 811 1717 5151 1448 1717 5152 813 1717 5153 813 1718 5154 1448 1718 5155 1449 1718 5156 813 1719 5157 1449 1719 5158 781 1719 5159 1260 1720 5160 1405 1720 5161 1258 1720 5162 1258 1721 5163 1405 1721 5164 1404 1721 5165 1258 1722 5166 1404 1722 5167 1256 1722 5168 1256 1723 5169 1404 1723 5170 1402 1723 5171 1256 1724 5172 1402 1724 5173 1254 1724 5174 1402 1725 5175 1401 1725 5176 1254 1725 5177 1254 1726 5178 1401 1726 5179 1397 1726 5180 1254 1727 5181 1397 1727 5182 1068 1727 5183 1068 1728 5184 1397 1728 5185 1399 1728 5186 1068 1729 5187 1399 1729 5188 1087 1729 5189 1399 1730 5190 1400 1730 5191 1087 1730 5192 1087 1731 5193 1400 1731 5194 1395 1731 5195 1087 1732 5196 1395 1732 5197 1081 1732 5198 1081 1733 5199 1395 1733 5200 1394 1733 5201 1081 1734 5202 1394 1734 5203 1076 1734 5204 1394 1735 5205 1393 1735 5206 1076 1735 5207 1076 1736 5208 1393 1736 5209 1392 1736 5210 1076 1737 5211 1392 1737 5212 1074 1737 5213 1074 1738 5214 1392 1738 5215 1390 1738 5216 1074 1739 5217 1390 1739 5218 1093 1739 5219 1390 1740 5220 1389 1740 5221 1093 1740 5222 1093 1741 5223 1389 1741 5224 1385 1741 5225 1093 1742 5226 1385 1742 5227 1092 1742 5228 1092 1743 5229 1385 1743 5230 1387 1743 5231 1092 1744 5232 1387 1744 5233 1249 1744 5234 1249 1745 5235 1387 1745 5236 1388 1745 5237 1249 1746 5238 1388 1746 5239 1247 1746 5240 1388 1747 5241 1384 1747 5242 1247 1747 5243 1247 1748 5244 1384 1748 5245 1383 1748 5246 1247 1749 5247 1383 1749 5248 1245 1749 5249 1245 1750 5250 1383 1750 5251 1381 1750 5252 1245 1751 5253 1381 1751 5254 1243 1751 5255 1381 1752 5256 1380 1752 5257 1243 1752 5258 1243 1753 5259 1380 1753 5260 1378 1753 5261 1243 1754 5262 1378 1754 5263 1241 1754 5264 1241 1755 5265 1378 1755 5266 1377 1755 5267 1241 1756 5268 1377 1756 5269 1239 1756 5270 1377 1757 5271 1376 1757 5272 1239 1757 5273 1239 1758 5274 1376 1758 5275 1375 1758 5276 1239 1759 5277 1375 1759 5278 1237 1759 5279 1237 1760 5280 1375 1760 5281 1373 1760 5282 1237 1761 5283 1373 1761 5284 1235 1761 5285 1373 1762 5286 1372 1762 5287 1235 1762 5288 1235 1763 5289 1372 1763 5290 1371 1763 5291 1235 1764 5292 1371 1764 5293 1233 1764 5294 1233 1765 5295 1371 1765 5296 1370 1765 5297 1233 1766 5298 1370 1766 5299 1231 1766 5300 1231 1767 5301 1370 1767 5302 1368 1767 5303 1231 1768 5304 1368 1768 5305 1229 1768 5306 1368 1769 5307 1367 1769 5308 1229 1769 5309 1229 1770 5310 1367 1770 5311 1363 1770 5312 1229 1771 5313 1363 1771 5314 1101 1771 5315 1101 1772 5316 1363 1772 5317 1365 1772 5318 1101 1773 5319 1365 1773 5320 1096 1773 5321 1365 1774 5322 1366 1774 5323 1096 1774 5324 1096 1775 5325 1366 1775 5326 1359 1775 5327 1096 1776 5328 1359 1776 5329 1097 1776 5330 1097 1777 5331 1359 1777 5332 1361 1777 5333 1097 1778 5334 1361 1778 5335 1116 1778 5336 1361 1779 5337 1362 1779 5338 1116 1779 5339 1116 1780 5340 1362 1780 5341 1355 1780 5342 1116 1781 5343 1355 1781 5344 1111 1781 5345 1111 1782 5346 1355 1782 5347 1357 1782 5348 1111 1783 5349 1357 1783 5350 1225 1783 5351 1357 1784 5352 1358 1784 5353 1225 1784 5354 1225 1785 5355 1358 1785 5356 1354 1785 5357 1225 1786 5358 1354 1786 5359 1223 1786 5360 1223 1787 5361 1354 1787 5362 1353 1787 5363 1223 1788 5364 1353 1788 5365 1221 1788 5366 1221 1789 5367 1353 1789 5368 1351 1789 5369 1221 1790 5370 1351 1790 5371 1219 1790 5372 1351 1791 5373 1350 1791 5374 1219 1791 5375 1219 1792 5376 1350 1792 5377 1346 1792 5378 1219 1793 5379 1346 1793 5380 1217 1793 5381 1217 1794 5382 1346 1794 5383 1348 1794 5384 1217 1795 5385 1348 1795 5386 1215 1795 5387 1348 1796 5388 1349 1796 5389 1215 1796 5390 1215 1797 5391 1349 1797 5392 1344 1797 5393 1215 1798 5394 1344 1798 5395 1213 1798 5396 1213 1799 5397 1344 1799 5398 1343 1799 5399 1213 1800 5400 1343 1800 5401 1211 1800 5402 1343 1801 5403 1342 1801 5404 1211 1801 5405 1211 1802 5406 1342 1802 5407 1341 1802 5408 1211 1803 5409 1341 1803 5410 1209 1803 5411 1209 1804 5412 1341 1804 5413 1340 1804 5414 1209 1805 5415 1340 1805 5416 1207 1805 5417 1340 1806 5418 1338 1806 5419 1207 1806 5420 1207 1807 5421 1338 1807 5422 1337 1807 5423 1207 1808 5424 1337 1808 5425 1205 1808 5426 1205 1809 5427 1337 1809 5428 1333 1809 5429 1205 1810 5430 1333 1810 5431 1203 1810 5432 1203 1811 5433 1333 1811 5434 1335 1811 5435 1203 1812 5436 1335 1812 5437 1201 1812 5438 1335 1813 5439 1336 1813 5440 1201 1813 5441 1201 1814 5442 1336 1814 5443 1331 1814 5444 1201 1815 5445 1331 1815 5446 1128 1815 5447 1128 1816 5448 1331 1816 5449 1330 1816 5450 1128 1817 5451 1330 1817 5452 1125 1817 5453 1330 1818 5454 1329 1818 5455 1125 1818 5456 1125 1819 5457 1329 1819 5458 1328 1819 5459 1125 1820 5460 1328 1820 5461 1122 1820 5462 1122 1821 5463 1328 1821 5464 1326 1821 5465 1122 1822 5466 1326 1822 5467 1147 1822 5468 1326 1823 5469 1325 1823 5470 1147 1823 5471 1147 1824 5472 1325 1824 5473 1321 1824 5474 1147 1825 5475 1321 1825 5476 1142 1825 5477 1142 1826 5478 1321 1826 5479 1323 1826 5480 1142 1827 5481 1323 1827 5482 1199 1827 5483 1323 1828 5484 1324 1828 5485 1199 1828 5486 1199 1829 5487 1324 1829 5488 1320 1829 5489 1199 1830 5490 1320 1830 5491 1197 1830 5492 1197 1831 5493 1320 1831 5494 1319 1831 5495 1197 1832 5496 1319 1832 5497 1195 1832 5498 1195 1833 5499 1319 1833 5500 1317 1833 5501 1195 1834 5502 1317 1834 5503 1193 1834 5504 1317 1835 5505 1316 1835 5506 1193 1835 5507 1193 1836 5508 1316 1836 5509 1312 1836 5510 1193 1837 5511 1312 1837 5512 1191 1837 5513 1191 1838 5514 1312 1838 5515 1314 1838 5516 1191 1839 5517 1314 1839 5518 1189 1839 5519 1314 1840 5520 1315 1840 5521 1189 1840 5522 1189 1841 5523 1315 1841 5524 1311 1841 5525 1189 1842 5526 1311 1842 5527 1187 1842 5528 1187 1843 5529 1311 1843 5530 1310 1843 5531 1187 1844 5532 1310 1844 5533 1185 1844 5534 1310 1845 5535 1308 1845 5536 1185 1845 5537 1185 1846 5538 1308 1846 5539 1307 1846 5540 1185 1847 5541 1307 1847 5542 1183 1847 5543 1183 1848 5544 1307 1848 5545 1305 1848 5546 1183 1849 5547 1305 1849 5548 1181 1849 5549 1305 1850 5550 1304 1850 5551 1181 1850 5552 1181 1851 5553 1304 1851 5554 1303 1851 5555 1181 1852 5556 1303 1852 5557 1179 1852 5558 1179 1853 5559 1303 1853 5560 1302 1853 5561 1179 1854 5562 1302 1854 5563 1177 1854 5564 1177 1855 5565 1302 1855 5566 1300 1855 5567 1177 1856 5568 1300 1856 5569 1169 1856 5570 1300 1857 5571 1299 1857 5572 1169 1857 5573 1169 1858 5574 1299 1858 5575 1295 1858 5576 1169 1859 5577 1295 1859 5578 1160 1859 5579 1160 1860 5580 1295 1860 5581 1297 1860 5582 1160 1861 5583 1297 1861 5584 1157 1861 5585 1297 1862 5586 1298 1862 5587 1157 1862 5588 1157 1863 5589 1298 1863 5590 1294 1863 5591 1157 1864 5592 1294 1864 5593 1152 1864 5594 1152 1865 5595 1294 1865 5596 1293 1865 5597 1152 1866 5598 1293 1866 5599 1176 1866 5600 1293 1867 5601 1291 1867 5602 1176 1867 5603 1176 1868 5604 1291 1868 5605 1290 1868 5606 1176 1869 5607 1290 1869 5608 1172 1869 5609 1172 1870 5610 1290 1870 5611 1286 1870 5612 1172 1871 5613 1286 1871 5614 1274 1871 5615 1286 1872 5616 1288 1872 5617 1274 1872 5618 1274 1873 5619 1288 1873 5620 1289 1873 5621 1274 1874 5622 1289 1874 5623 1272 1874 5624 1272 1875 5625 1289 1875 5626 1282 1875 5627 1272 1876 5628 1282 1876 5629 1270 1876 5630 1270 1877 5631 1282 1877 5632 1284 1877 5633 1270 1878 5634 1284 1878 5635 1268 1878 5636 1284 1879 5637 1285 1879 5638 1268 1879 5639 1268 1880 5640 1285 1880 5641 1279 1880 5642 1268 1881 5643 1279 1881 5644 1266 1881 5645 1266 1882 5646 1279 1882 5647 1278 1882 5648 1266 1883 5649 1278 1883 5650 1450 1883 5651 1450 1884 5652 1278 1884 5653 1451 1884 5654 1450 1885 5655 1451 1885 5656 1262 1885 5657 1262 1886 5658 1451 1886 5659 1407 1886 5660 1262 1887 5661 1407 1887 5662 1260 1887 5663 1260 1888 5664 1407 1888 5665 1406 1888 5666 1260 1889 5667 1406 1889 5668 1405 1889 5669 729 1890 5670 731 1890 5671 1452 1890 5672 716 1891 5673 1453 1891 5674 723 1891 5675 723 1892 5676 1453 1892 5677 1454 1892 5678 723 1893 5679 1454 1893 5680 772 1893 5681 772 1894 5682 1454 1894 5683 771 1894 5684 1455 1895 5685 769 1895 5686 1454 1895 5687 1454 1896 5688 769 1896 5689 770 1896 5690 1454 1897 5691 770 1897 5692 771 1897 5693 738 1898 5694 739 1898 5695 1456 1898 5696 1456 1899 5697 739 1899 5698 741 1899 5699 1456 1900 5700 741 1900 5701 1455 1900 5702 1455 1901 5703 741 1901 5704 743 1901 5705 1455 1902 5706 743 1902 5707 769 1902 5708 731 1903 5709 732 1903 5710 1452 1903 5711 1452 1904 5712 732 1904 5713 734 1904 5714 1452 1905 5715 734 1905 5716 1456 1905 5717 1456 1906 5718 734 1906 5719 736 1906 5720 1456 1907 5721 736 1907 5722 738 1907 5723 729 1908 5724 1452 1908 5725 727 1908 5726 727 1909 5727 1452 1909 5728 1457 1909 5729 727 1910 5730 1457 1910 5731 725 1910 5732 725 1911 5733 1458 1911 5734 784 1911 5735 784 1912 5736 1458 1912 5737 1459 1912 5738 668 1913 5739 1460 1913 5740 716 1913 5741 716 1914 5742 1460 1914 5743 1461 1914 5744 1462 1915 5745 480 1915 5746 1463 1915 5747 1463 1916 5748 480 1916 5749 484 1916 5750 1463 1917 5751 484 1917 5752 488 1917 5753 453 1918 5754 477 1918 5755 1464 1918 5756 1464 1919 5757 477 1919 5758 478 1919 5759 1464 1920 5760 478 1920 5761 1462 1920 5762 1462 1921 5763 478 1921 5764 479 1921 5765 1462 1922 5766 479 1922 5767 480 1922 5768 446 1923 5769 448 1923 5770 1465 1923 5771 1465 1924 5772 448 1924 5773 449 1924 5774 1465 1925 5775 449 1925 5776 1464 1925 5777 1464 1926 5778 449 1926 5779 451 1926 5780 1464 1927 5781 451 1927 5782 453 1927 5783 1466 1928 5784 442 1928 5785 1465 1928 5786 1465 1929 5787 442 1929 5788 444 1929 5789 1465 1930 5790 444 1930 5791 446 1930 5792 422 1931 5793 437 1931 5794 1467 1931 5795 1467 1932 5796 437 1932 5797 439 1932 5798 1467 1933 5799 439 1933 5800 1466 1933 5801 1466 1934 5802 439 1934 5803 441 1934 5804 1466 1935 5805 441 1935 5806 442 1935 5807 422 1936 5808 1468 1936 5809 376 1936 5810 376 1937 5811 1468 1937 5812 1469 1937 5813 498 1938 5814 1470 1938 5815 488 1938 5816 488 1939 5817 1470 1939 5818 1471 1939 5819 710 1940 5820 1472 1940 5821 697 1940 5822 697 1941 5823 1472 1941 5824 1473 1941 5825 697 1942 5826 1473 1942 5827 698 1942 5828 698 1943 5829 1473 1943 5830 699 1943 5831 699 1944 5832 1473 1944 5833 700 1944 5834 700 1945 5835 1473 1945 5836 1474 1945 5837 700 1946 5838 1474 1946 5839 701 1946 5840 1475 1947 5841 674 1947 5842 684 1947 5843 684 1948 5844 683 1948 5845 1475 1948 5846 1475 1949 5847 683 1949 5848 681 1949 5849 1475 1950 5850 681 1950 5851 1474 1950 5852 1474 1951 5853 681 1951 5854 702 1951 5855 1474 1952 5856 702 1952 5857 701 1952 5858 671 1953 5859 679 1953 5860 1476 1953 5861 1476 1954 5862 679 1954 5863 678 1954 5864 1476 1955 5865 678 1955 5866 1475 1955 5867 1475 1956 5868 678 1956 5869 676 1956 5870 1475 1957 5871 676 1957 5872 674 1957 5873 671 1958 5874 1476 1958 5875 669 1958 5876 669 1959 5877 1476 1959 5878 1477 1959 5879 669 1960 5880 1477 1960 5881 659 1960 5882 659 1961 5883 1478 1961 5884 612 1961 5885 612 1962 5886 1478 1962 5887 1479 1962 5888 720 1963 5889 1480 1963 5890 710 1963 5891 710 1964 5892 1480 1964 5893 1481 1964 5894 436 1965 5895 1482 1965 5896 491 1965 5897 491 1966 5898 1482 1966 5899 1483 1966 5900 530 1967 5901 491 1967 5902 1484 1967 5903 530 1968 5904 1484 1968 5905 531 1968 5906 531 1969 5907 1484 1969 5908 1485 1969 5909 531 1970 5910 1485 1970 5911 532 1970 5912 1486 1971 5913 534 1971 5914 1485 1971 5915 1485 1972 5916 534 1972 5917 533 1972 5918 1485 1973 5919 533 1973 5920 532 1973 5921 515 1974 5922 513 1974 5923 1486 1974 5924 1486 1975 5925 513 1975 5926 535 1975 5927 1486 1976 5928 535 1976 5929 534 1976 5930 515 1977 5931 1486 1977 5932 516 1977 5933 516 1978 5934 1486 1978 5935 1487 1978 5936 516 1979 5937 1487 1979 5938 506 1979 5939 506 1980 5940 1487 1980 5941 508 1980 5942 508 1981 5943 1487 1981 5944 1488 1981 5945 508 1982 5946 1488 1982 5947 510 1982 5948 499 1983 5949 501 1983 5950 1489 1983 5951 1489 1984 5952 501 1984 5953 503 1984 5954 1489 1985 5955 503 1985 5956 1488 1985 5957 1488 1986 5958 503 1986 5959 511 1986 5960 1488 1987 5961 511 1987 5962 510 1987 5963 499 1988 5964 1490 1988 5965 549 1988 5966 549 1989 5967 1490 1989 5968 1491 1989 5969 781 1990 5970 1492 1990 5971 782 1990 5972 782 1991 5973 1492 1991 5974 1493 1991 5975 782 1992 5976 1493 1992 5977 783 1992 5978 783 1993 5979 1493 1993 5980 1494 1993 5981 783 1994 5982 1494 1994 5983 720 1994 5984 720 1995 5985 1494 1995 5986 1495 1995 5987 612 1996 5988 1496 1996 5989 613 1996 5990 613 1997 5991 1496 1997 5992 1497 1997 5993 613 1998 5994 1497 1998 5995 614 1998 5996 614 1999 5997 1497 1999 5998 1498 1999 5999 614 2000 6000 1498 2000 6001 554 2000 6002 554 2001 6003 1498 2001 6004 1499 2001 6005 545 2002 6006 1500 2002 6007 546 2002 6008 546 2003 6009 1500 2003 6010 1501 2003 6011 546 2004 6012 1501 2004 6013 547 2004 6014 547 2005 6015 1501 2005 6016 1502 2005 6017 547 2006 6018 1502 2006 6019 498 2006 6020 498 2007 6021 1502 2007 6022 1503 2007 6023 376 2008 6024 1504 2008 6025 377 2008 6026 377 2009 6027 1504 2009 6028 1505 2009 6029 377 2010 6030 1505 2010 6031 378 2010 6032 378 2011 6033 1505 2011 6034 1506 2011 6035 378 2012 6036 1506 2012 6037 379 2012 6038 379 2013 6039 1506 2013 6040 1507 2013 6041 407 2014 6042 1508 2014 6043 434 2014 6044 434 2015 6045 1508 2015 6046 1509 2015 6047 434 2016 6048 1509 2016 6049 435 2016 6050 435 2017 6051 1509 2017 6052 1510 2017 6053 435 2018 6054 1510 2018 6055 436 2018 6056 436 2019 6057 1510 2019 6058 1511 2019 6059 549 2020 6060 1512 2020 6061 600 2020 6062 600 2021 6063 1512 2021 6064 1513 2021 6065 600 2022 6066 1513 2022 6067 601 2022 6068 601 2023 6069 1513 2023 6070 1514 2023 6071 601 2024 6072 1514 2024 6073 602 2024 6074 602 2025 6075 1514 2025 6076 1515 2025 6077 642 2026 6078 1516 2026 6079 666 2026 6080 666 2027 6081 1516 2027 6082 1517 2027 6083 666 2028 6084 1517 2028 6085 667 2028 6086 667 2029 6087 1517 2029 6088 1518 2029 6089 667 2030 6090 1518 2030 6091 668 2030 6092 668 2031 6093 1518 2031 6094 1519 2031 6095 784 2032 6096 1520 2032 6097 832 2032 6098 832 2033 6099 1520 2033 6100 1521 2033 6101 832 2034 6102 1521 2034 6103 833 2034 6104 833 2035 6105 1521 2035 6106 1522 2035 6107 833 2036 6108 1522 2036 6109 787 2036 6110 787 2037 6111 1522 2037 6112 1523 2037 6113 374 2038 6114 118 2038 6115 372 2038 6116 372 2039 6117 118 2039 6118 116 2039 6119 372 2040 6120 116 2040 6121 370 2040 6122 370 2041 6123 116 2041 6124 114 2041 6125 370 2042 6126 114 2042 6127 165 2042 6128 165 2043 6129 114 2043 6130 112 2043 6131 421 2044 6132 132 2044 6133 420 2044 6134 420 2045 6135 132 2045 6136 130 2045 6137 420 2046 6138 130 2046 6139 419 2046 6140 419 2047 6141 130 2047 6142 418 2047 6143 418 2048 6144 130 2048 6145 128 2048 6146 418 2049 6147 128 2049 6148 417 2049 6149 417 2050 6150 128 2050 6151 416 2050 6152 416 2051 6153 128 2051 6154 126 2051 6155 416 2052 6156 126 2052 6157 415 2052 6158 415 2053 6159 126 2053 6160 1524 2053 6161 1524 2054 6162 126 2054 6163 124 2054 6164 1524 2055 6165 124 2055 6166 413 2055 6167 413 2056 6168 124 2056 6169 412 2056 6170 412 2057 6171 124 2057 6172 122 2057 6173 412 2058 6174 122 2058 6175 411 2058 6176 411 2059 6177 122 2059 6178 410 2059 6179 410 2060 6180 122 2060 6181 120 2060 6182 410 2061 6183 120 2061 6184 409 2061 6185 409 2062 6186 120 2062 6187 408 2062 6188 408 2063 6189 120 2063 6190 118 2063 6191 408 2064 6192 118 2064 6193 374 2064 6194 430 2065 6195 108 2065 6196 431 2065 6197 431 2066 6198 108 2066 6199 135 2066 6200 431 2067 6201 135 2067 6202 432 2067 6203 432 2068 6204 135 2068 6205 134 2068 6206 432 2069 6207 134 2069 6208 421 2069 6209 421 2070 6210 134 2070 6211 132 2070 6212 108 2071 6213 430 2071 6214 109 2071 6215 109 2072 6216 430 2072 6217 489 2072 6218 136 2073 6219 497 2073 6220 137 2073 6221 137 2074 6222 497 2074 6223 496 2074 6224 497 2075 6225 136 2075 6226 543 2075 6227 543 2076 6228 136 2076 6229 163 2076 6230 543 2077 6231 163 2077 6232 541 2077 6233 541 2078 6234 163 2078 6235 162 2078 6236 541 2079 6237 162 2079 6238 539 2079 6239 539 2080 6240 162 2080 6241 160 2080 6242 580 2081 6243 146 2081 6244 610 2081 6245 610 2082 6246 146 2082 6247 144 2082 6248 610 2083 6249 144 2083 6250 608 2083 6251 608 2084 6252 144 2084 6253 142 2084 6254 608 2085 6255 142 2085 6256 169 2085 6257 169 2086 6258 142 2086 6259 140 2086 6260 539 2087 6261 160 2087 6262 593 2087 6263 593 2088 6264 160 2088 6265 158 2088 6266 593 2089 6267 158 2089 6268 592 2089 6269 592 2090 6270 158 2090 6271 591 2090 6272 591 2091 6273 158 2091 6274 156 2091 6275 591 2092 6276 156 2092 6277 590 2092 6278 590 2093 6279 156 2093 6280 589 2093 6281 589 2094 6282 156 2094 6283 154 2094 6284 589 2095 6285 154 2095 6286 588 2095 6287 588 2096 6288 154 2096 6289 1525 2096 6290 1525 2097 6291 154 2097 6292 152 2097 6293 1525 2098 6294 152 2098 6295 586 2098 6296 586 2099 6297 152 2099 6298 585 2099 6299 585 2100 6300 152 2100 6301 150 2100 6302 585 2101 6303 150 2101 6304 584 2101 6305 584 2102 6306 150 2102 6307 583 2102 6308 583 2103 6309 150 2103 6310 148 2103 6311 583 2104 6312 148 2104 6313 582 2104 6314 582 2105 6315 148 2105 6316 581 2105 6317 581 2106 6318 148 2106 6319 146 2106 6320 581 2107 6321 146 2107 6322 580 2107 6323 598 2108 6324 62 2108 6325 596 2108 6326 596 2109 6327 62 2109 6328 60 2109 6329 596 2110 6330 60 2110 6331 594 2110 6332 594 2111 6333 60 2111 6334 58 2111 6335 594 2112 6336 58 2112 6337 167 2112 6338 167 2113 6339 58 2113 6340 56 2113 6341 656 2114 6342 76 2114 6343 655 2114 6344 655 2115 6345 76 2115 6346 74 2115 6347 655 2116 6348 74 2116 6349 654 2116 6350 654 2117 6351 74 2117 6352 653 2117 6353 653 2118 6354 74 2118 6355 72 2118 6356 653 2119 6357 72 2119 6358 652 2119 6359 652 2120 6360 72 2120 6361 651 2120 6362 651 2121 6363 72 2121 6364 70 2121 6365 651 2122 6366 70 2122 6367 650 2122 6368 650 2123 6369 70 2123 6370 649 2123 6371 649 2124 6372 70 2124 6373 68 2124 6374 649 2125 6375 68 2125 6376 648 2125 6377 648 2126 6378 68 2126 6379 647 2126 6380 647 2127 6381 68 2127 6382 66 2127 6383 647 2128 6384 66 2128 6385 646 2128 6386 646 2129 6387 66 2129 6388 645 2129 6389 645 2130 6390 66 2130 6391 64 2130 6392 645 2131 6393 64 2131 6394 644 2131 6395 644 2132 6396 64 2132 6397 643 2132 6398 643 2133 6399 64 2133 6400 62 2133 6401 643 2134 6402 62 2134 6403 598 2134 6404 664 2135 6405 52 2135 6406 662 2135 6407 662 2136 6408 52 2136 6409 79 2136 6410 662 2137 6411 79 2137 6412 660 2137 6413 660 2138 6414 79 2138 6415 78 2138 6416 660 2139 6417 78 2139 6418 656 2139 6419 656 2140 6420 78 2140 6421 76 2140 6422 52 2141 6423 664 2141 6424 53 2141 6425 53 2142 6426 664 2142 6427 714 2142 6428 80 2143 6429 718 2143 6430 81 2143 6431 81 2144 6432 718 2144 6433 717 2144 6434 718 2145 6435 80 2145 6436 776 2145 6437 776 2146 6438 80 2146 6439 107 2146 6440 776 2147 6441 107 2147 6442 779 2147 6443 779 2148 6444 107 2148 6445 106 2148 6446 779 2149 6447 106 2149 6448 777 2149 6449 777 2150 6450 106 2150 6451 104 2150 6452 814 2151 6453 90 2151 6454 830 2151 6455 830 2152 6456 90 2152 6457 88 2152 6458 830 2153 6459 88 2153 6460 828 2153 6461 828 2154 6462 88 2154 6463 86 2154 6464 828 2155 6465 86 2155 6466 171 2155 6467 171 2156 6468 86 2156 6469 84 2156 6470 777 2157 6471 104 2157 6472 827 2157 6473 827 2158 6474 104 2158 6475 102 2158 6476 827 2159 6477 102 2159 6478 826 2159 6479 826 2160 6480 102 2160 6481 825 2160 6482 825 2161 6483 102 2161 6484 100 2161 6485 825 2162 6486 100 2162 6487 824 2162 6488 824 2163 6489 100 2163 6490 823 2163 6491 823 2164 6492 100 2164 6493 98 2164 6494 823 2165 6495 98 2165 6496 822 2165 6497 822 2166 6498 98 2166 6499 1526 2166 6500 1526 2167 6501 98 2167 6502 96 2167 6503 1526 2168 6504 96 2168 6505 820 2168 6506 820 2169 6507 96 2169 6508 819 2169 6509 819 2170 6510 96 2170 6511 94 2170 6512 819 2171 6513 94 2171 6514 818 2171 6515 818 2172 6516 94 2172 6517 817 2172 6518 817 2173 6519 94 2173 6520 92 2173 6521 817 2174 6522 92 2174 6523 816 2174 6524 816 2175 6525 92 2175 6526 815 2175 6527 815 2176 6528 92 2176 6529 90 2176 6530 815 2177 6531 90 2177 6532 814 2177 6533 1527 2178 6534 1528 2178 6535 1529 2178 6536 1529 2179 6537 1528 2179 6538 1530 2179 6539 1531 2180 6540 1532 2180 6541 1533 2180 6542 1533 2181 6543 1532 2181 6544 1534 2181 6545 1533 2182 6546 1534 2182 6547 1530 2182 6548 1530 2183 6549 1534 2183 6550 1535 2183 6551 1530 2184 6552 1535 2184 6553 1529 2184 6554 1536 2185 6555 1537 2185 6556 1531 2185 6557 1531 2186 6558 1537 2186 6559 1538 2186 6560 1531 2187 6561 1538 2187 6562 1532 2187 6563 1539 2188 6564 1540 2188 6565 1536 2188 6566 1536 2189 6567 1540 2189 6568 1541 2189 6569 1536 2190 6570 1541 2190 6571 1537 2190 6572 1542 2191 6573 1543 2191 6574 1544 2191 6575 1544 2192 6576 1543 2192 6577 1545 2192 6578 1546 2193 6579 1540 2193 6580 1547 2193 6581 1547 2194 6582 1540 2194 6583 1539 2194 6584 1547 2195 6585 1539 2195 6586 1548 2195 6587 1548 2196 6588 1539 2196 6589 1549 2196 6590 1548 2197 6591 1549 2197 6592 1550 2197 6593 1550 2198 6594 1549 2198 6595 1544 2198 6596 1550 2199 6597 1544 2199 6598 1551 2199 6599 1551 2200 6600 1544 2200 6601 1545 2200 6602 1552 2201 6603 1553 2201 6604 1554 2201 6605 1554 2202 6606 1553 2202 6607 1555 2202 6608 1552 2203 6609 1556 2203 6610 1553 2203 6611 1553 2204 6612 1556 2204 6613 1557 2204 6614 1553 2205 6615 1557 2205 6616 1558 2205 6617 1558 2206 6618 1557 2206 6619 1559 2206 6620 1558 2207 6621 1559 2207 6622 1542 2207 6623 1542 2208 6624 1559 2208 6625 1560 2208 6626 1542 2209 6627 1560 2209 6628 1543 2209 6629 1527 2210 6630 1561 2210 6631 1528 2210 6632 1528 2211 6633 1561 2211 6634 1562 2211 6635 1528 2212 6636 1562 2212 6637 1563 2212 6638 1563 2213 6639 1564 2213 6640 1528 2213 6641 1528 2214 6642 1564 2214 6643 1565 2214 6644 1528 2215 6645 1565 2215 6646 1566 2215 6647 1567 2216 6648 1554 2216 6649 1555 2216 6650 1568 2217 6651 1569 2217 6652 1555 2217 6653 1555 2218 6654 1569 2218 6655 1570 2218 6656 1570 2219 6657 1571 2219 6658 1555 2219 6659 1555 2220 6660 1571 2220 6661 1572 2220 6662 1555 2221 6663 1572 2221 6664 1567 2221 6665 1573 2222 6666 1574 2222 6667 1575 2222 6668 1575 2223 6669 1574 2223 6670 1576 2223 6671 1575 2224 6672 1576 2224 6673 1577 2224 6674 1577 2225 6675 1576 2225 6676 1578 2225 6677 1577 2226 6678 1578 2226 6679 1579 2226 6680 1579 2227 6681 1578 2227 6682 1580 2227 6683 1579 2228 6684 1580 2228 6685 1581 2228 6686 1581 2229 6687 1580 2229 6688 1582 2229 6689 1581 2230 6690 1582 2230 6691 1583 2230 6692 1584 2231 6693 1585 2231 6694 1586 2231 6695 1586 2232 6696 1585 2232 6697 1587 2232 6698 1586 2233 6699 1587 2233 6700 1573 2233 6701 1573 2234 6702 1587 2234 6703 1588 2234 6704 1573 2235 6705 1588 2235 6706 1574 2235 6707 1583 2236 6708 1582 2236 6709 1589 2236 6710 1589 2237 6711 1582 2237 6712 1590 2237 6713 1589 2238 6714 1590 2238 6715 1591 2238 6716 1591 2239 6717 1590 2239 6718 1592 2239 6719 1591 2240 6720 1592 2240 6721 1593 2240 6722 1593 2241 6723 1592 2241 6724 1594 2241 6725 1593 2242 6726 1594 2242 6727 1595 2242 6728 1595 2243 6729 1594 2243 6730 1596 2243 6731 1595 2244 6732 1596 2244 6733 1584 2244 6734 1584 2245 6735 1596 2245 6736 1597 2245 6737 1584 2246 6738 1597 2246 6739 1585 2246 6740 1598 2247 6741 1599 2247 6742 1600 2247 6743 1600 2248 6744 1599 2248 6745 1601 2248 6746 1600 2249 6747 1601 2249 6748 1602 2249 6749 1602 2250 6750 1601 2250 6751 1603 2250 6752 1604 2251 6753 1605 2251 6754 1603 2251 6755 1603 2252 6756 1605 2252 6757 1606 2252 6758 1603 2253 6759 1606 2253 6760 1602 2253 6761 1607 2254 6762 1608 2254 6763 1604 2254 6764 1604 2255 6765 1608 2255 6766 1609 2255 6767 1604 2256 6768 1609 2256 6769 1605 2256 6770 1610 2257 6771 1611 2257 6772 1612 2257 6773 1612 2258 6774 1611 2258 6775 1613 2258 6776 1612 2259 6777 1613 2259 6778 1607 2259 6779 1607 2260 6780 1613 2260 6781 1614 2260 6782 1607 2261 6783 1614 2261 6784 1608 2261 6785 1615 2262 6786 1616 2262 6787 1617 2262 6788 1617 2263 6789 1616 2263 6790 1618 2263 6791 1618 2264 6792 1619 2264 6793 1617 2264 6794 1617 2265 6795 1619 2265 6796 1620 2265 6797 1617 2266 6798 1620 2266 6799 1612 2266 6800 1612 2267 6801 1620 2267 6802 1621 2267 6803 1612 2268 6804 1621 2268 6805 1610 2268 6806 1622 2269 6807 1623 2269 6808 1624 2269 6809 1624 2270 6810 1625 2270 6811 1622 2270 6812 1622 2271 6813 1625 2271 6814 1626 2271 6815 1622 2272 6816 1626 2272 6817 1615 2272 6818 1615 2273 6819 1626 2273 6820 1627 2273 6821 1615 2274 6822 1627 2274 6823 1616 2274 6824 1628 2275 6825 1629 2275 6826 1623 2275 6827 1623 2276 6828 1629 2276 6829 1630 2276 6830 1623 2277 6831 1630 2277 6832 1624 2277 6833 1598 2278 6834 1631 2278 6835 1599 2278 6836 1599 2279 6837 1631 2279 6838 1632 2279 6839 1599 2280 6840 1632 2280 6841 1633 2280 6842 1633 2281 6843 1634 2281 6844 1599 2281 6845 1599 2282 6846 1634 2282 6847 1635 2282 6848 1599 2283 6849 1635 2283 6850 1636 2283 6851 1637 2284 6852 1629 2284 6853 1628 2284 6854 1638 2285 6855 1639 2285 6856 1628 2285 6857 1628 2286 6858 1639 2286 6859 1640 2286 6860 1640 2287 6861 1641 2287 6862 1628 2287 6863 1628 2288 6864 1641 2288 6865 1642 2288 6866 1628 2289 6867 1642 2289 6868 1637 2289 6869 1643 2290 6870 1644 2290 6871 1645 2290 6872 1645 2291 6873 1644 2291 6874 1646 2291 6875 1644 2292 6876 1647 2292 6877 1646 2292 6878 1646 2293 6879 1647 2293 6880 1648 2293 6881 1646 2294 6882 1648 2294 6883 1649 2294 6884 1649 2295 6885 1648 2295 6886 1650 2295 6887 1649 2296 6888 1650 2296 6889 1651 2296 6890 1652 2297 6891 1653 2297 6892 1654 2297 6893 1645 2298 6894 1655 2298 6895 1643 2298 6896 1643 2299 6897 1655 2299 6898 1656 2299 6899 1643 2300 6900 1656 2300 6901 1654 2300 6902 1654 2301 6903 1656 2301 6904 1657 2301 6905 1654 2302 6906 1657 2302 6907 1652 2302 6908 1650 2303 6909 1658 2303 6910 1651 2303 6911 1651 2304 6912 1658 2304 6913 1659 2304 6914 1651 2305 6915 1659 2305 6916 1660 2305 6917 1660 2306 6918 1659 2306 6919 1661 2306 6920 1660 2307 6921 1661 2307 6922 1662 2307 6923 1662 2308 6924 1661 2308 6925 1663 2308 6926 1652 2309 6927 1664 2309 6928 1653 2309 6929 1653 2310 6930 1664 2310 6931 1665 2310 6932 1653 2311 6933 1665 2311 6934 1666 2311 6935 1665 2312 6936 1667 2312 6937 1666 2312 6938 1666 2313 6939 1667 2313 6940 1668 2313 6941 1666 2314 6942 1668 2314 6943 1663 2314 6944 1663 2315 6945 1668 2315 6946 1669 2315 6947 1663 2316 6948 1669 2316 6949 1662 2316 6950 1670 2317 6951 1671 2317 6952 1672 2317 6953 1673 2318 6954 1674 2318 6955 1672 2318 6956 1672 2319 6957 1674 2319 6958 1675 2319 6959 1675 2320 6960 1676 2320 6961 1672 2320 6962 1672 2321 6963 1676 2321 6964 1677 2321 6965 1672 2322 6966 1677 2322 6967 1670 2322 6968 1678 2323 6969 1679 2323 6970 1680 2323 6971 1680 2324 6972 1679 2324 6973 1681 2324 6974 1682 2325 6975 1683 2325 6976 1684 2325 6977 1684 2326 6978 1683 2326 6979 1685 2326 6980 1684 2327 6981 1685 2327 6982 1681 2327 6983 1681 2328 6984 1685 2328 6985 1686 2328 6986 1681 2329 6987 1686 2329 6988 1680 2329 6989 1687 2330 6990 1688 2330 6991 1682 2330 6992 1682 2331 6993 1688 2331 6994 1689 2331 6995 1682 2332 6996 1689 2332 6997 1683 2332 6998 1690 2333 6999 1691 2333 7000 1687 2333 7001 1687 2334 7002 1691 2334 7003 1692 2334 7004 1687 2335 7005 1692 2335 7006 1688 2335 7007 1693 2336 7008 1694 2336 7009 1695 2336 7010 1695 2337 7011 1694 2337 7012 1696 2337 7013 1697 2338 7014 1691 2338 7015 1698 2338 7016 1698 2339 7017 1691 2339 7018 1690 2339 7019 1698 2340 7020 1690 2340 7021 1699 2340 7022 1699 2341 7023 1690 2341 7024 1700 2341 7025 1699 2342 7026 1700 2342 7027 1701 2342 7028 1701 2343 7029 1700 2343 7030 1695 2343 7031 1701 2344 7032 1695 2344 7033 1702 2344 7034 1702 2345 7035 1695 2345 7036 1696 2345 7037 1703 2346 7038 1704 2346 7039 1671 2346 7040 1671 2347 7041 1704 2347 7042 1672 2347 7043 1703 2348 7044 1705 2348 7045 1704 2348 7046 1704 2349 7047 1705 2349 7048 1706 2349 7049 1704 2350 7050 1706 2350 7051 1707 2350 7052 1707 2351 7053 1706 2351 7054 1708 2351 7055 1707 2352 7056 1708 2352 7057 1693 2352 7058 1693 2353 7059 1708 2353 7060 1709 2353 7061 1693 2354 7062 1709 2354 7063 1694 2354 7064 1678 2355 7065 1710 2355 7066 1679 2355 7067 1679 2356 7068 1710 2356 7069 1711 2356 7070 1679 2357 7071 1711 2357 7072 1712 2357 7073 1712 2358 7074 1713 2358 7075 1679 2358 7076 1679 2359 7077 1713 2359 7078 1714 2359 7079 1679 2360 7080 1714 2360 7081 1715 2360 7082 1716 2361 7083 1717 2361 7084 1718 2361 7085 1718 2362 7086 1717 2362 7087 1719 2362 7088 1719 2363 7089 1717 2363 7090 1720 2363 7091 1719 2364 7092 1720 2364 7093 1721 2364 7094 1721 2365 7095 1720 2365 7096 1722 2365 7097 1721 2366 7098 1722 2366 7099 1723 2366 7100 1724 2367 7101 1725 2367 7102 1726 2367 7103 1726 2368 7104 1725 2368 7105 1727 2368 7106 1726 2369 7107 1727 2369 7108 1728 2369 7109 1722 2370 7110 1729 2370 7111 1723 2370 7112 1723 2371 7113 1729 2371 7114 1730 2371 7115 1723 2372 7116 1730 2372 7117 1731 2372 7118 1731 2373 7119 1730 2373 7120 1732 2373 7121 1731 2374 7122 1732 2374 7123 1733 2374 7124 1733 2375 7125 1732 2375 7126 1734 2375 7127 1733 2376 7128 1734 2376 7129 1735 2376 7130 1735 2377 7131 1734 2377 7132 1728 2377 7133 1735 2378 7134 1728 2378 7135 1736 2378 7136 1736 2379 7137 1728 2379 7138 1727 2379 7139 1716 2380 7140 1718 2380 7141 1737 2380 7142 1737 2381 7143 1718 2381 7144 1738 2381 7145 1737 2382 7146 1738 2382 7147 1724 2382 7148 1724 2383 7149 1738 2383 7150 1739 2383 7151 1724 2384 7152 1739 2384 7153 1725 2384 7154 1740 2385 7155 1741 2385 7156 1742 2385 7157 1742 2386 7158 1741 2386 7159 1743 2386 7160 1744 2387 7161 1745 2387 7162 1746 2387 7163 1746 2388 7164 1745 2388 7165 1747 2388 7166 1746 2389 7167 1747 2389 7168 1743 2389 7169 1743 2390 7170 1747 2390 7171 1748 2390 7172 1743 2391 7173 1748 2391 7174 1742 2391 7175 1749 2392 7176 1750 2392 7177 1744 2392 7178 1744 2393 7179 1750 2393 7180 1751 2393 7181 1744 2394 7182 1751 2394 7183 1745 2394 7184 1752 2395 7185 1753 2395 7186 1749 2395 7187 1749 2396 7188 1753 2396 7189 1754 2396 7190 1749 2397 7191 1754 2397 7192 1750 2397 7193 1755 2398 7194 1756 2398 7195 1757 2398 7196 1757 2399 7197 1756 2399 7198 1758 2399 7199 1759 2400 7200 1753 2400 7201 1760 2400 7202 1760 2401 7203 1753 2401 7204 1752 2401 7205 1760 2402 7206 1752 2402 7207 1761 2402 7208 1761 2403 7209 1752 2403 7210 1762 2403 7211 1761 2404 7212 1762 2404 7213 1763 2404 7214 1763 2405 7215 1762 2405 7216 1757 2405 7217 1763 2406 7218 1757 2406 7219 1764 2406 7220 1764 2407 7221 1757 2407 7222 1758 2407 7223 1765 2408 7224 1766 2408 7225 1767 2408 7226 1767 2409 7227 1766 2409 7228 1768 2409 7229 1765 2410 7230 1769 2410 7231 1766 2410 7232 1766 2411 7233 1769 2411 7234 1770 2411 7235 1766 2412 7236 1770 2412 7237 1771 2412 7238 1771 2413 7239 1770 2413 7240 1772 2413 7241 1771 2414 7242 1772 2414 7243 1755 2414 7244 1755 2415 7245 1772 2415 7246 1773 2415 7247 1755 2416 7248 1773 2416 7249 1756 2416 7250 1740 2417 7251 1774 2417 7252 1741 2417 7253 1741 2418 7254 1774 2418 7255 1775 2418 7256 1741 2419 7257 1775 2419 7258 1776 2419 7259 1776 2420 7260 1777 2420 7261 1741 2420 7262 1741 2421 7263 1777 2421 7264 1778 2421 7265 1741 2422 7266 1778 2422 7267 1779 2422 7268 1780 2423 7269 1767 2423 7270 1768 2423 7271 1781 2424 7272 1782 2424 7273 1768 2424 7274 1768 2425 7275 1782 2425 7276 1783 2425 7277 1783 2426 7278 1784 2426 7279 1768 2426 7280 1768 2427 7281 1784 2427 7282 1785 2427 7283 1768 2428 7284 1785 2428 7285 1780 2428 7286 1786 2429 7287 1787 2429 7288 1788 2429 7289 1788 2430 7290 1787 2430 7291 1789 2430 7292 1790 2431 7293 1791 2431 7294 1792 2431 7295 1792 2432 7296 1791 2432 7297 1793 2432 7298 1792 2433 7299 1793 2433 7300 1794 2433 7301 1794 2434 7302 1793 2434 7303 1795 2434 7304 1794 2435 7305 1795 2435 7306 1796 2435 7307 1796 2436 7308 1795 2436 7309 1797 2436 7310 1787 2437 7311 1798 2437 7312 1789 2437 7313 1789 2438 7314 1798 2438 7315 1799 2438 7316 1789 2439 7317 1799 2439 7318 1800 2439 7319 1800 2440 7320 1799 2440 7321 1801 2440 7322 1800 2441 7323 1801 2441 7324 1802 2441 7325 1802 2442 7326 1801 2442 7327 1803 2442 7328 1802 2443 7329 1803 2443 7330 1790 2443 7331 1790 2444 7332 1803 2444 7333 1804 2444 7334 1790 2445 7335 1804 2445 7336 1791 2445 7337 1788 2446 7338 1805 2446 7339 1786 2446 7340 1786 2447 7341 1805 2447 7342 1806 2447 7343 1786 2448 7344 1806 2448 7345 1807 2448 7346 1807 2449 7347 1806 2449 7348 1808 2449 7349 1807 2450 7350 1808 2450 7351 1797 2450 7352 1797 2451 7353 1808 2451 7354 1809 2451 7355 1797 2452 7356 1809 2452 7357 1796 2452 7358 1810 2453 7359 345 2453 7360 346 2453 7361 1810 2454 7362 346 2454 7363 1811 2454 7364 1064 2455 7365 1063 2455 7366 1811 2455 7367 269 2456 7368 271 2456 7369 1812 2456 7370 1811 2457 7371 1813 2457 7372 1064 2457 7373 1064 2458 7374 1813 2458 7375 1814 2458 7376 1064 2459 7377 1814 2459 7378 1230 2459 7379 1230 2460 7380 1814 2460 7381 1815 2460 7382 1230 2461 7383 1815 2461 7384 1232 2461 7385 1232 2462 7386 1815 2462 7387 1816 2462 7388 1232 2463 7389 1816 2463 7390 1234 2463 7391 1234 2464 7392 1816 2464 7393 1817 2464 7394 1234 2465 7395 1817 2465 7396 1236 2465 7397 1236 2466 7398 1817 2466 7399 1818 2466 7400 1236 2467 7401 1818 2467 7402 1238 2467 7403 1238 2468 7404 1818 2468 7405 1819 2468 7406 1238 2469 7407 1819 2469 7408 1240 2469 7409 1240 2470 7410 1819 2470 7411 1820 2470 7412 1240 2471 7413 1820 2471 7414 1242 2471 7415 1242 2472 7416 1820 2472 7417 1821 2472 7418 1242 2473 7419 1821 2473 7420 1244 2473 7421 1244 2474 7422 1821 2474 7423 1822 2474 7424 1244 2475 7425 1822 2475 7426 1246 2475 7427 1246 2476 7428 1822 2476 7429 1823 2476 7430 1246 2477 7431 1823 2477 7432 1248 2477 7433 1248 2478 7434 1823 2478 7435 1824 2478 7436 1248 2479 7437 1824 2479 7438 1250 2479 7439 1250 2480 7440 1824 2480 7441 1825 2480 7442 1250 2481 7443 1825 2481 7444 1251 2481 7445 1251 2482 7446 1825 2482 7447 1826 2482 7448 1251 2483 7449 1826 2483 7450 1252 2483 7451 1811 2484 7452 346 2484 7453 1813 2484 7454 1813 2485 7455 346 2485 7456 347 2485 7457 1813 2486 7458 347 2486 7459 1814 2486 7460 1814 2487 7461 347 2487 7462 349 2487 7463 1814 2488 7464 349 2488 7465 1815 2488 7466 1815 2489 7467 349 2489 7468 350 2489 7469 1815 2490 7470 350 2490 7471 1816 2490 7472 1816 2491 7473 350 2491 7474 352 2491 7475 1816 2492 7476 352 2492 7477 1817 2492 7478 1817 2493 7479 352 2493 7480 353 2493 7481 1817 2494 7482 353 2494 7483 1818 2494 7484 1818 2495 7485 353 2495 7486 355 2495 7487 1818 2496 7488 355 2496 7489 1819 2496 7490 1819 2497 7491 355 2497 7492 356 2497 7493 1819 2498 7494 356 2498 7495 1820 2498 7496 1820 2499 7497 356 2499 7498 358 2499 7499 1820 2500 7500 358 2500 7501 1821 2500 7502 1821 2501 7503 358 2501 7504 359 2501 7505 1821 2502 7506 359 2502 7507 1822 2502 7508 1822 2503 7509 359 2503 7510 361 2503 7511 1822 2504 7512 361 2504 7513 1823 2504 7514 1823 2505 7515 361 2505 7516 362 2505 7517 1823 2506 7518 362 2506 7519 1824 2506 7520 1824 2507 7521 362 2507 7522 267 2507 7523 1824 2508 7524 267 2508 7525 1825 2508 7526 1825 2509 7527 267 2509 7528 269 2509 7529 1825 2510 7530 269 2510 7531 1826 2510 7532 1826 2511 7533 269 2511 7534 1812 2511 7535 1826 2512 7536 1812 2512 7537 1252 2512 7538 1252 2513 7539 1812 2513 7540 1827 2513 7541 1252 2514 7542 1827 2514 7543 1253 2514 7544 1828 2515 7545 363 2515 7546 364 2515 7547 1828 2516 7548 364 2516 7549 1829 2516 7550 1067 2517 7551 1066 2517 7552 1829 2517 7553 208 2518 7554 207 2518 7555 1830 2518 7556 1829 2519 7557 1831 2519 7558 1067 2519 7559 1067 2520 7560 1831 2520 7561 1832 2520 7562 1067 2521 7563 1832 2521 7564 1255 2521 7565 1255 2522 7566 1832 2522 7567 1833 2522 7568 1255 2523 7569 1833 2523 7570 1257 2523 7571 1257 2524 7572 1833 2524 7573 1834 2524 7574 1257 2525 7575 1834 2525 7576 1259 2525 7577 1259 2526 7578 1834 2526 7579 1835 2526 7580 1259 2527 7581 1835 2527 7582 1261 2527 7583 1261 2528 7584 1835 2528 7585 1836 2528 7586 1261 2529 7587 1836 2529 7588 1263 2529 7589 1263 2530 7590 1836 2530 7591 1837 2530 7592 1263 2531 7593 1837 2531 7594 1838 2531 7595 1838 2532 7596 1837 2532 7597 1839 2532 7598 1838 2533 7599 1839 2533 7600 1267 2533 7601 1267 2534 7602 1839 2534 7603 1840 2534 7604 1267 2535 7605 1840 2535 7606 1269 2535 7607 1269 2536 7608 1840 2536 7609 1841 2536 7610 1269 2537 7611 1841 2537 7612 1271 2537 7613 1271 2538 7614 1841 2538 7615 1842 2538 7616 1271 2539 7617 1842 2539 7618 1273 2539 7619 1273 2540 7620 1842 2540 7621 1843 2540 7622 1273 2541 7623 1843 2541 7624 1275 2541 7625 1275 2542 7626 1843 2542 7627 1844 2542 7628 1275 2543 7629 1844 2543 7630 1276 2543 7631 1829 2544 7632 364 2544 7633 1831 2544 7634 1831 2545 7635 364 2545 7636 365 2545 7637 1831 2546 7638 365 2546 7639 1832 2546 7640 1832 2547 7641 365 2547 7642 367 2547 7643 1832 2548 7644 367 2548 7645 1833 2548 7646 1833 2549 7647 367 2549 7648 368 2549 7649 1833 2550 7650 368 2550 7651 1834 2550 7652 1834 2551 7653 368 2551 7654 292 2551 7655 1834 2552 7656 292 2552 7657 1835 2552 7658 1835 2553 7659 292 2553 7660 296 2553 7661 1835 2554 7662 296 2554 7663 1836 2554 7664 1836 2555 7665 296 2555 7666 1845 2555 7667 1836 2556 7668 1845 2556 7669 1837 2556 7670 1837 2557 7671 1845 2557 7672 300 2557 7673 1837 2558 7674 300 2558 7675 1839 2558 7676 1839 2559 7677 300 2559 7678 277 2559 7679 1839 2560 7680 277 2560 7681 1840 2560 7682 1840 2561 7683 277 2561 7684 303 2561 7685 1840 2562 7686 303 2562 7687 1841 2562 7688 1841 2563 7689 303 2563 7690 305 2563 7691 1841 2564 7692 305 2564 7693 1842 2564 7694 1842 2565 7695 305 2565 7696 306 2565 7697 1842 2566 7698 306 2566 7699 1843 2566 7700 1843 2567 7701 306 2567 7702 208 2567 7703 1843 2568 7704 208 2568 7705 1844 2568 7706 1844 2569 7707 208 2569 7708 1830 2569 7709 1844 2570 7710 1830 2570 7711 1276 2570 7712 1276 2571 7713 1830 2571 7714 1846 2571 7715 1276 2572 7716 1846 2572 7717 1277 2572 7718 1847 2573 7719 324 2573 7720 325 2573 7721 1061 2574 7722 1060 2574 7723 1848 2574 7724 1226 2575 7725 1849 2575 7726 1227 2575 7727 1227 2576 7728 1849 2576 7729 1228 2576 7730 1848 2577 7731 1850 2577 7732 1061 2577 7733 1061 2578 7734 1850 2578 7735 1851 2578 7736 1061 2579 7737 1851 2579 7738 1202 2579 7739 1202 2580 7740 1851 2580 7741 1852 2580 7742 1202 2581 7743 1852 2581 7744 1204 2581 7745 1204 2582 7746 1852 2582 7747 1853 2582 7748 1204 2583 7749 1853 2583 7750 1206 2583 7751 1206 2584 7752 1853 2584 7753 1854 2584 7754 1206 2585 7755 1854 2585 7756 1208 2585 7757 1208 2586 7758 1854 2586 7759 1855 2586 7760 1208 2587 7761 1855 2587 7762 1210 2587 7763 1210 2588 7764 1855 2588 7765 1856 2588 7766 1210 2589 7767 1856 2589 7768 1212 2589 7769 1212 2590 7770 1856 2590 7771 1857 2590 7772 1212 2591 7773 1857 2591 7774 1858 2591 7775 1858 2592 7776 1857 2592 7777 1859 2592 7778 1858 2593 7779 1859 2593 7780 1216 2593 7781 1216 2594 7782 1859 2594 7783 1860 2594 7784 1216 2595 7785 1860 2595 7786 1218 2595 7787 1218 2596 7788 1860 2596 7789 1861 2596 7790 1218 2597 7791 1861 2597 7792 1220 2597 7793 1220 2598 7794 1861 2598 7795 1862 2598 7796 1220 2599 7797 1862 2599 7798 1222 2599 7799 1222 2600 7800 1862 2600 7801 1863 2600 7802 1222 2601 7803 1863 2601 7804 1224 2601 7805 1224 2602 7806 1863 2602 7807 1864 2602 7808 1224 2603 7809 1864 2603 7810 1226 2603 7811 1226 2604 7812 1864 2604 7813 1865 2604 7814 1226 2605 7815 1865 2605 7816 1849 2605 7817 247 2606 7818 1865 2606 7819 248 2606 7820 248 2607 7821 1865 2607 7822 1864 2607 7823 248 2608 7824 1864 2608 7825 344 2608 7826 344 2609 7827 1864 2609 7828 1863 2609 7829 344 2610 7830 1863 2610 7831 343 2610 7832 343 2611 7833 1863 2611 7834 1862 2611 7835 343 2612 7836 1862 2612 7837 341 2612 7838 341 2613 7839 1862 2613 7840 1861 2613 7841 341 2614 7842 1861 2614 7843 340 2614 7844 340 2615 7845 1861 2615 7846 1860 2615 7847 340 2616 7848 1860 2616 7849 338 2616 7850 338 2617 7851 1860 2617 7852 1859 2617 7853 338 2618 7854 1859 2618 7855 337 2618 7856 337 2619 7857 1859 2619 7858 1857 2619 7859 337 2620 7860 1857 2620 7861 1866 2620 7862 1866 2621 7863 1857 2621 7864 1856 2621 7865 1866 2622 7866 1856 2622 7867 334 2622 7868 334 2623 7869 1856 2623 7870 1855 2623 7871 334 2624 7872 1855 2624 7873 332 2624 7874 332 2625 7875 1855 2625 7876 1854 2625 7877 332 2626 7878 1854 2626 7879 331 2626 7880 331 2627 7881 1854 2627 7882 1853 2627 7883 331 2628 7884 1853 2628 7885 329 2628 7886 329 2629 7887 1853 2629 7888 1852 2629 7889 329 2630 7890 1852 2630 7891 328 2630 7892 328 2631 7893 1852 2631 7894 1851 2631 7895 328 2632 7896 1851 2632 7897 326 2632 7898 326 2633 7899 1851 2633 7900 1850 2633 7901 326 2634 7902 1850 2634 7903 325 2634 7904 325 2635 7905 1850 2635 7906 1848 2635 7907 325 2636 7908 1848 2636 7909 1847 2636 7910 1867 2637 7911 215 2637 7912 214 2637 7913 190 2638 7914 189 2638 7915 1868 2638 7916 1867 2639 7917 214 2639 7918 1869 2639 7919 1058 2640 7920 1057 2640 7921 1869 2640 7922 1869 2641 7923 1870 2641 7924 1058 2641 7925 1058 2642 7926 1870 2642 7927 1871 2642 7928 1058 2643 7929 1871 2643 7930 1178 2643 7931 1178 2644 7932 1871 2644 7933 1872 2644 7934 1178 2645 7935 1872 2645 7936 1180 2645 7937 1180 2646 7938 1872 2646 7939 1873 2646 7940 1180 2647 7941 1873 2647 7942 1182 2647 7943 1182 2648 7944 1873 2648 7945 1874 2648 7946 1182 2649 7947 1874 2649 7948 1184 2649 7949 1184 2650 7950 1874 2650 7951 1875 2650 7952 1184 2651 7953 1875 2651 7954 1186 2651 7955 1186 2652 7956 1875 2652 7957 1876 2652 7958 1186 2653 7959 1876 2653 7960 1188 2653 7961 1188 2654 7962 1876 2654 7963 1877 2654 7964 1188 2655 7965 1877 2655 7966 1190 2655 7967 1190 2656 7968 1877 2656 7969 1878 2656 7970 1190 2657 7971 1878 2657 7972 1192 2657 7973 1192 2658 7974 1878 2658 7975 1879 2658 7976 1192 2659 7977 1879 2659 7978 1194 2659 7979 1194 2660 7980 1879 2660 7981 1880 2660 7982 1194 2661 7983 1880 2661 7984 1196 2661 7985 1196 2662 7986 1880 2662 7987 1881 2662 7988 1196 2663 7989 1881 2663 7990 1198 2663 7991 1198 2664 7992 1881 2664 7993 1882 2664 7994 1198 2665 7995 1882 2665 7996 1200 2665 7997 1200 2666 7998 1882 2666 7999 1883 2666 8000 1200 2667 8001 1883 2667 8002 1137 2667 8003 1869 2668 8004 214 2668 8005 1870 2668 8006 1870 2669 8007 214 2669 8008 307 2669 8009 1870 2670 8010 307 2670 8011 1871 2670 8012 1871 2671 8013 307 2671 8014 308 2671 8015 1871 2672 8016 308 2672 8017 1872 2672 8018 1872 2673 8019 308 2673 8020 310 2673 8021 1872 2674 8022 310 2674 8023 1873 2674 8024 1873 2675 8025 310 2675 8026 311 2675 8027 1873 2676 8028 311 2676 8029 1874 2676 8030 1874 2677 8031 311 2677 8032 313 2677 8033 1874 2678 8034 313 2678 8035 1875 2678 8036 1875 2679 8037 313 2679 8038 314 2679 8039 1875 2680 8040 314 2680 8041 1876 2680 8042 1876 2681 8043 314 2681 8044 316 2681 8045 1876 2682 8046 316 2682 8047 1877 2682 8048 1877 2683 8049 316 2683 8050 317 2683 8051 1877 2684 8052 317 2684 8053 1878 2684 8054 1878 2685 8055 317 2685 8056 319 2685 8057 1878 2686 8058 319 2686 8059 1879 2686 8060 1879 2687 8061 319 2687 8062 320 2687 8063 1879 2688 8064 320 2688 8065 1880 2688 8066 1880 2689 8067 320 2689 8068 322 2689 8069 1880 2690 8070 322 2690 8071 1881 2690 8072 1881 2691 8073 322 2691 8074 323 2691 8075 1881 2692 8076 323 2692 8077 1882 2692 8078 1882 2693 8079 323 2693 8080 190 2693 8081 1882 2694 8082 190 2694 8083 1883 2694 8084 1883 2695 8085 190 2695 8086 1868 2695 8087 1883 2696 8088 1868 2696 8089 1137 2696 8090 1137 2697 8091 1868 2697 8092 1884 2697 8093 1137 2698 8094 1884 2698 8095 1138 2698 8096 1569 2699 8097 1568 2699 8098 1885 2699 8099 1569 2700 8100 1885 2700 8101 1886 2700 8102 1886 2701 8103 1885 2701 8104 1887 2701 8105 1886 2702 8106 1887 2702 8107 1888 2702 8108 1888 2703 8109 1887 2703 8110 216 2703 8111 1888 2704 8112 216 2704 8113 215 2704 8114 1570 2705 8115 1569 2705 8116 1889 2705 8117 1889 2706 8118 1569 2706 8119 1886 2706 8120 1889 2707 8121 1886 2707 8122 1890 2707 8123 1890 2708 8124 1886 2708 8125 1888 2708 8126 1890 2709 8127 1888 2709 8128 1867 2709 8129 1867 2710 8130 1888 2710 8131 215 2710 8132 1571 2711 8133 1570 2711 8134 1891 2711 8135 1891 2712 8136 1570 2712 8137 1889 2712 8138 1891 2713 8139 1889 2713 8140 1892 2713 8141 1892 2714 8142 1889 2714 8143 1890 2714 8144 1892 2715 8145 1890 2715 8146 1869 2715 8147 1869 2716 8148 1890 2716 8149 1867 2716 8150 1572 2717 8151 1571 2717 8152 1893 2717 8153 1893 2718 8154 1571 2718 8155 1891 2718 8156 1893 2719 8157 1891 2719 8158 1894 2719 8159 1894 2720 8160 1891 2720 8161 1892 2720 8162 1894 2721 8163 1892 2721 8164 1057 2721 8165 1057 2722 8166 1892 2722 8167 1869 2722 8168 1567 2723 8169 1572 2723 8170 1895 2723 8171 1895 2724 8172 1572 2724 8173 1893 2724 8174 1895 2725 8175 1893 2725 8176 1896 2725 8177 1896 2726 8178 1893 2726 8179 1894 2726 8180 1896 2727 8181 1894 2727 8182 1056 2727 8183 1056 2728 8184 1894 2728 8185 1057 2728 8186 1554 2729 8187 1567 2729 8188 1897 2729 8189 1897 2730 8190 1567 2730 8191 1895 2730 8192 1897 2731 8193 1895 2731 8194 1898 2731 8195 1898 2732 8196 1895 2732 8197 1896 2732 8198 1898 2733 8199 1896 2733 8200 1150 2733 8201 1150 2734 8202 1896 2734 8203 1056 2734 8204 1898 2735 8205 1150 2735 8206 1168 2735 8207 1897 2736 8208 1898 2736 8209 1899 2736 8210 1554 2737 8211 1897 2737 8212 1900 2737 8213 1554 2738 8214 1900 2738 8215 1552 2738 8216 1552 2739 8217 1900 2739 8218 1901 2739 8219 1552 2740 8220 1901 2740 8221 1556 2740 8222 1556 2741 8223 1901 2741 8224 1902 2741 8225 1556 2742 8226 1902 2742 8227 1557 2742 8228 1557 2743 8229 1902 2743 8230 1559 2743 8231 1559 2744 8232 1902 2744 8233 1903 2744 8234 1559 2745 8235 1903 2745 8236 1560 2745 8237 1560 2746 8238 1903 2746 8239 1904 2746 8240 1560 2747 8241 1904 2747 8242 1543 2747 8243 1543 2748 8244 1904 2748 8245 1905 2748 8246 1543 2749 8247 1905 2749 8248 1545 2749 8249 1545 2750 8250 1905 2750 8251 1906 2750 8252 1545 2751 8253 1906 2751 8254 1551 2751 8255 1551 2752 8256 1906 2752 8257 1907 2752 8258 1551 2753 8259 1907 2753 8260 1550 2753 8261 1550 2754 8262 1907 2754 8263 1908 2754 8264 1550 2755 8265 1908 2755 8266 1548 2755 8267 1548 2756 8268 1908 2756 8269 1909 2756 8270 1548 2757 8271 1909 2757 8272 1547 2757 8273 1547 2758 8274 1909 2758 8275 1910 2758 8276 1547 2759 8277 1910 2759 8278 1546 2759 8279 1546 2760 8280 1910 2760 8281 1911 2760 8282 1546 2761 8283 1911 2761 8284 1540 2761 8285 1540 2762 8286 1911 2762 8287 1912 2762 8288 1540 2763 8289 1912 2763 8290 1541 2763 8291 1541 2764 8292 1912 2764 8293 1913 2764 8294 1541 2765 8295 1913 2765 8296 1537 2765 8297 1537 2766 8298 1913 2766 8299 1914 2766 8300 1537 2767 8301 1914 2767 8302 1538 2767 8303 1538 2768 8304 1914 2768 8305 1915 2768 8306 1538 2769 8307 1915 2769 8308 1532 2769 8309 1898 2770 8310 1168 2770 8311 1899 2770 8312 1899 2771 8313 1168 2771 8314 1167 2771 8315 1899 2772 8316 1167 2772 8317 1916 2772 8318 1916 2773 8319 1167 2773 8320 1166 2773 8321 1916 2774 8322 1166 2774 8323 1917 2774 8324 1917 2775 8325 1166 2775 8326 1165 2775 8327 1917 2776 8328 1165 2776 8329 1918 2776 8330 1918 2777 8331 1165 2777 8332 1164 2777 8333 1918 2778 8334 1164 2778 8335 1919 2778 8336 1919 2779 8337 1164 2779 8338 1163 2779 8339 1919 2780 8340 1163 2780 8341 1920 2780 8342 1920 2781 8343 1163 2781 8344 1162 2781 8345 1920 2782 8346 1162 2782 8347 1921 2782 8348 1921 2783 8349 1162 2783 8350 1161 2783 8351 1921 2784 8352 1161 2784 8353 1922 2784 8354 1922 2785 8355 1161 2785 8356 1159 2785 8357 1922 2786 8358 1159 2786 8359 1923 2786 8360 1923 2787 8361 1159 2787 8362 1158 2787 8363 1923 2788 8364 1158 2788 8365 1924 2788 8366 1924 2789 8367 1158 2789 8368 1156 2789 8369 1924 2790 8370 1156 2790 8371 1925 2790 8372 1925 2791 8373 1156 2791 8374 1155 2791 8375 1925 2792 8376 1155 2792 8377 1926 2792 8378 1926 2793 8379 1155 2793 8380 1151 2793 8381 1926 2794 8382 1151 2794 8383 1927 2794 8384 1927 2795 8385 1151 2795 8386 1153 2795 8387 1927 2796 8388 1153 2796 8389 1928 2796 8390 1928 2797 8391 1153 2797 8392 1154 2797 8393 1928 2798 8394 1154 2798 8395 1929 2798 8396 1929 2799 8397 1154 2799 8398 1175 2799 8399 1929 2800 8400 1175 2800 8401 1930 2800 8402 1930 2801 8403 1175 2801 8404 1174 2801 8405 1930 2802 8406 1174 2802 8407 1931 2802 8408 1931 2803 8409 1174 2803 8410 1173 2803 8411 1931 2804 8412 1173 2804 8413 1932 2804 8414 1932 2805 8415 1173 2805 8416 1171 2805 8417 1932 2806 8418 1171 2806 8419 1933 2806 8420 1897 2807 8421 1899 2807 8422 1900 2807 8423 1900 2808 8424 1899 2808 8425 1916 2808 8426 1900 2809 8427 1916 2809 8428 1901 2809 8429 1901 2810 8430 1916 2810 8431 1917 2810 8432 1901 2811 8433 1917 2811 8434 1902 2811 8435 1902 2812 8436 1917 2812 8437 1918 2812 8438 1902 2813 8439 1918 2813 8440 1903 2813 8441 1903 2814 8442 1918 2814 8443 1919 2814 8444 1903 2815 8445 1919 2815 8446 1904 2815 8447 1904 2816 8448 1919 2816 8449 1920 2816 8450 1904 2817 8451 1920 2817 8452 1905 2817 8453 1905 2818 8454 1920 2818 8455 1921 2818 8456 1905 2819 8457 1921 2819 8458 1906 2819 8459 1906 2820 8460 1921 2820 8461 1922 2820 8462 1906 2821 8463 1922 2821 8464 1907 2821 8465 1907 2822 8466 1922 2822 8467 1923 2822 8468 1907 2823 8469 1923 2823 8470 1908 2823 8471 1908 2824 8472 1923 2824 8473 1924 2824 8474 1908 2825 8475 1924 2825 8476 1909 2825 8477 1909 2826 8478 1924 2826 8479 1925 2826 8480 1909 2827 8481 1925 2827 8482 1910 2827 8483 1910 2828 8484 1925 2828 8485 1926 2828 8486 1910 2829 8487 1926 2829 8488 1911 2829 8489 1911 2830 8490 1926 2830 8491 1927 2830 8492 1911 2831 8493 1927 2831 8494 1912 2831 8495 1912 2832 8496 1927 2832 8497 1928 2832 8498 1912 2833 8499 1928 2833 8500 1913 2833 8501 1913 2834 8502 1928 2834 8503 1929 2834 8504 1913 2835 8505 1929 2835 8506 1914 2835 8507 1914 2836 8508 1929 2836 8509 1930 2836 8510 1914 2837 8511 1930 2837 8512 1915 2837 8513 1915 2838 8514 1930 2838 8515 1931 2838 8516 1915 2839 8517 1931 2839 8518 1934 2839 8519 1934 2840 8520 1931 2840 8521 1932 2840 8522 1934 2841 8523 1932 2841 8524 1935 2841 8525 1935 2842 8526 1932 2842 8527 1933 2842 8528 1935 2843 8529 1933 2843 8530 1936 2843 8531 1532 2844 8532 1915 2844 8533 1534 2844 8534 1534 2845 8535 1915 2845 8536 1934 2845 8537 1534 2846 8538 1934 2846 8539 1535 2846 8540 1535 2847 8541 1934 2847 8542 1935 2847 8543 1535 2848 8544 1935 2848 8545 1529 2848 8546 1529 2849 8547 1935 2849 8548 1936 2849 8549 1529 2850 8550 1936 2850 8551 1527 2850 8552 1561 2851 8553 1527 2851 8554 1937 2851 8555 1937 2852 8556 1527 2852 8557 1936 2852 8558 1937 2853 8559 1936 2853 8560 1938 2853 8561 1938 2854 8562 1936 2854 8563 1933 2854 8564 1938 2855 8565 1933 2855 8566 1170 2855 8567 1170 2856 8568 1933 2856 8569 1171 2856 8570 1562 2857 8571 1561 2857 8572 1939 2857 8573 1939 2858 8574 1561 2858 8575 1937 2858 8576 1939 2859 8577 1937 2859 8578 1940 2859 8579 1940 2860 8580 1937 2860 8581 1938 2860 8582 1940 2861 8583 1938 2861 8584 1277 2861 8585 1277 2862 8586 1938 2862 8587 1170 2862 8588 1563 2863 8589 1562 2863 8590 1941 2863 8591 1941 2864 8592 1562 2864 8593 1939 2864 8594 1941 2865 8595 1939 2865 8596 1942 2865 8597 1942 2866 8598 1939 2866 8599 1940 2866 8600 1942 2867 8601 1940 2867 8602 1846 2867 8603 1846 2868 8604 1940 2868 8605 1277 2868 8606 1564 2869 8607 1563 2869 8608 1943 2869 8609 1943 2870 8610 1563 2870 8611 1941 2870 8612 1943 2871 8613 1941 2871 8614 1944 2871 8615 1944 2872 8616 1941 2872 8617 1942 2872 8618 1944 2873 8619 1942 2873 8620 1830 2873 8621 1830 2874 8622 1942 2874 8623 1846 2874 8624 1565 2875 8625 1564 2875 8626 1945 2875 8627 1945 2876 8628 1564 2876 8629 1943 2876 8630 1945 2877 8631 1943 2877 8632 1946 2877 8633 1946 2878 8634 1943 2878 8635 1944 2878 8636 1946 2879 8637 1944 2879 8638 207 2879 8639 207 2880 8640 1944 2880 8641 1830 2880 8642 207 2881 8643 209 2881 8644 1947 2881 8645 207 2882 8646 1947 2882 8647 1946 2882 8648 1946 2883 8649 1947 2883 8650 1948 2883 8651 1946 2884 8652 1948 2884 8653 1945 2884 8654 1945 2885 8655 1948 2885 8656 1566 2885 8657 1945 2886 8658 1566 2886 8659 1565 2886 8660 271 2887 8661 270 2887 8662 1949 2887 8663 271 2888 8664 1949 2888 8665 1950 2888 8666 1950 2889 8667 1949 2889 8668 1951 2889 8669 1950 2890 8670 1951 2890 8671 1952 2890 8672 1952 2891 8673 1951 2891 8674 1636 2891 8675 1952 2892 8676 1636 2892 8677 1635 2892 8678 1633 2893 8679 1632 2893 8680 1953 2893 8681 1953 2894 8682 1632 2894 8683 1954 2894 8684 1953 2895 8685 1954 2895 8686 1955 2895 8687 1955 2896 8688 1954 2896 8689 1956 2896 8690 1955 2897 8691 1956 2897 8692 1827 2897 8693 1827 2898 8694 1956 2898 8695 1253 2898 8696 1634 2899 8697 1633 2899 8698 1957 2899 8699 1957 2900 8700 1633 2900 8701 1953 2900 8702 1957 2901 8703 1953 2901 8704 1958 2901 8705 1958 2902 8706 1953 2902 8707 1955 2902 8708 1958 2903 8709 1955 2903 8710 1812 2903 8711 1812 2904 8712 1955 2904 8713 1827 2904 8714 1635 2905 8715 1634 2905 8716 1952 2905 8717 1952 2906 8718 1634 2906 8719 1957 2906 8720 1952 2907 8721 1957 2907 8722 1950 2907 8723 1950 2908 8724 1957 2908 8725 1958 2908 8726 1950 2909 8727 1958 2909 8728 271 2909 8729 271 2910 8730 1958 2910 8731 1812 2910 8732 1631 2911 8733 1598 2911 8734 1959 2911 8735 1959 2912 8736 1598 2912 8737 1960 2912 8738 1959 2913 8739 1960 2913 8740 1961 2913 8741 1961 2914 8742 1960 2914 8743 1962 2914 8744 1961 2915 8745 1962 2915 8746 1090 2915 8747 1090 2916 8748 1962 2916 8749 1091 2916 8750 1632 2917 8751 1631 2917 8752 1954 2917 8753 1954 2918 8754 1631 2918 8755 1959 2918 8756 1954 2919 8757 1959 2919 8758 1956 2919 8759 1956 2920 8760 1959 2920 8761 1961 2920 8762 1956 2921 8763 1961 2921 8764 1253 2921 8765 1253 2922 8766 1961 2922 8767 1090 2922 8768 1963 2923 8769 1071 2923 8770 1070 2923 8771 1964 2924 8772 1963 2924 8773 1965 2924 8774 1629 2925 8775 1964 2925 8776 1966 2925 8777 1629 2926 8778 1966 2926 8779 1630 2926 8780 1630 2927 8781 1966 2927 8782 1967 2927 8783 1630 2928 8784 1967 2928 8785 1624 2928 8786 1624 2929 8787 1967 2929 8788 1968 2929 8789 1624 2930 8790 1968 2930 8791 1625 2930 8792 1625 2931 8793 1968 2931 8794 1626 2931 8795 1626 2932 8796 1968 2932 8797 1969 2932 8798 1626 2933 8799 1969 2933 8800 1627 2933 8801 1627 2934 8802 1969 2934 8803 1970 2934 8804 1627 2935 8805 1970 2935 8806 1616 2935 8807 1616 2936 8808 1970 2936 8809 1971 2936 8810 1616 2937 8811 1971 2937 8812 1618 2937 8813 1618 2938 8814 1971 2938 8815 1972 2938 8816 1618 2939 8817 1972 2939 8818 1619 2939 8819 1619 2940 8820 1972 2940 8821 1973 2940 8822 1619 2941 8823 1973 2941 8824 1620 2941 8825 1620 2942 8826 1973 2942 8827 1974 2942 8828 1620 2943 8829 1974 2943 8830 1621 2943 8831 1621 2944 8832 1974 2944 8833 1975 2944 8834 1621 2945 8835 1975 2945 8836 1610 2945 8837 1610 2946 8838 1975 2946 8839 1976 2946 8840 1610 2947 8841 1976 2947 8842 1611 2947 8843 1611 2948 8844 1976 2948 8845 1977 2948 8846 1611 2949 8847 1977 2949 8848 1613 2949 8849 1613 2950 8850 1977 2950 8851 1978 2950 8852 1613 2951 8853 1978 2951 8854 1614 2951 8855 1614 2952 8856 1978 2952 8857 1979 2952 8858 1614 2953 8859 1979 2953 8860 1608 2953 8861 1608 2954 8862 1979 2954 8863 1980 2954 8864 1608 2955 8865 1980 2955 8866 1609 2955 8867 1609 2956 8868 1980 2956 8869 1981 2956 8870 1609 2957 8871 1981 2957 8872 1605 2957 8873 1963 2958 8874 1070 2958 8875 1965 2958 8876 1965 2959 8877 1070 2959 8878 1069 2959 8879 1965 2960 8880 1069 2960 8881 1982 2960 8882 1982 2961 8883 1069 2961 8884 1089 2961 8885 1982 2962 8886 1089 2962 8887 1983 2962 8888 1983 2963 8889 1089 2963 8890 1088 2963 8891 1983 2964 8892 1088 2964 8893 1984 2964 8894 1984 2965 8895 1088 2965 8896 1086 2965 8897 1984 2966 8898 1086 2966 8899 1985 2966 8900 1985 2967 8901 1086 2967 8902 1085 2967 8903 1985 2968 8904 1085 2968 8905 1986 2968 8906 1986 2969 8907 1085 2969 8908 1084 2969 8909 1986 2970 8910 1084 2970 8911 1987 2970 8912 1987 2971 8913 1084 2971 8914 1083 2971 8915 1987 2972 8916 1083 2972 8917 1988 2972 8918 1988 2973 8919 1083 2973 8920 1082 2973 8921 1988 2974 8922 1082 2974 8923 1989 2974 8924 1989 2975 8925 1082 2975 8926 1080 2975 8927 1989 2976 8928 1080 2976 8929 1990 2976 8930 1990 2977 8931 1080 2977 8932 1079 2977 8933 1990 2978 8934 1079 2978 8935 1991 2978 8936 1991 2979 8937 1079 2979 8938 1075 2979 8939 1991 2980 8940 1075 2980 8941 1992 2980 8942 1992 2981 8943 1075 2981 8944 1077 2981 8945 1992 2982 8946 1077 2982 8947 1993 2982 8948 1993 2983 8949 1077 2983 8950 1078 2983 8951 1993 2984 8952 1078 2984 8953 1994 2984 8954 1994 2985 8955 1078 2985 8956 1073 2985 8957 1994 2986 8958 1073 2986 8959 1995 2986 8960 1995 2987 8961 1073 2987 8962 1072 2987 8963 1995 2988 8964 1072 2988 8965 1996 2988 8966 1996 2989 8967 1072 2989 8968 1095 2989 8969 1996 2990 8970 1095 2990 8971 1997 2990 8972 1997 2991 8973 1095 2991 8974 1094 2991 8975 1997 2992 8976 1094 2992 8977 1998 2992 8978 1998 2993 8979 1094 2993 8980 1091 2993 8981 1998 2994 8982 1091 2994 8983 1962 2994 8984 1964 2995 8985 1965 2995 8986 1966 2995 8987 1966 2996 8988 1965 2996 8989 1982 2996 8990 1966 2997 8991 1982 2997 8992 1967 2997 8993 1967 2998 8994 1982 2998 8995 1983 2998 8996 1967 2999 8997 1983 2999 8998 1968 2999 8999 1968 3000 9000 1983 3000 9001 1984 3000 9002 1968 3001 9003 1984 3001 9004 1969 3001 9005 1969 3002 9006 1984 3002 9007 1985 3002 9008 1969 3003 9009 1985 3003 9010 1970 3003 9011 1970 3004 9012 1985 3004 9013 1986 3004 9014 1970 3005 9015 1986 3005 9016 1971 3005 9017 1971 3006 9018 1986 3006 9019 1987 3006 9020 1971 3007 9021 1987 3007 9022 1972 3007 9023 1972 3008 9024 1987 3008 9025 1988 3008 9026 1972 3009 9027 1988 3009 9028 1973 3009 9029 1973 3010 9030 1988 3010 9031 1989 3010 9032 1973 3011 9033 1989 3011 9034 1974 3011 9035 1974 3012 9036 1989 3012 9037 1990 3012 9038 1974 3013 9039 1990 3013 9040 1975 3013 9041 1975 3014 9042 1990 3014 9043 1991 3014 9044 1975 3015 9045 1991 3015 9046 1976 3015 9047 1976 3016 9048 1991 3016 9049 1992 3016 9050 1976 3017 9051 1992 3017 9052 1977 3017 9053 1977 3018 9054 1992 3018 9055 1993 3018 9056 1977 3019 9057 1993 3019 9058 1978 3019 9059 1978 3020 9060 1993 3020 9061 1994 3020 9062 1978 3021 9063 1994 3021 9064 1979 3021 9065 1979 3022 9066 1994 3022 9067 1995 3022 9068 1979 3023 9069 1995 3023 9070 1980 3023 9071 1980 3024 9072 1995 3024 9073 1996 3024 9074 1980 3025 9075 1996 3025 9076 1981 3025 9077 1981 3026 9078 1996 3026 9079 1997 3026 9080 1981 3027 9081 1997 3027 9082 1999 3027 9083 1999 3028 9084 1997 3028 9085 1998 3028 9086 1999 3029 9087 1998 3029 9088 2000 3029 9089 2000 3030 9090 1998 3030 9091 1962 3030 9092 2000 3031 9093 1962 3031 9094 1960 3031 9095 1605 3032 9096 1981 3032 9097 1606 3032 9098 1606 3033 9099 1981 3033 9100 1999 3033 9101 1606 3034 9102 1999 3034 9103 1602 3034 9104 1602 3035 9105 1999 3035 9106 2000 3035 9107 1602 3036 9108 2000 3036 9109 1600 3036 9110 1600 3037 9111 2000 3037 9112 1960 3037 9113 1600 3038 9114 1960 3038 9115 1598 3038 9116 1637 3039 9117 1642 3039 9118 2001 3039 9119 2001 3040 9120 1642 3040 9121 2002 3040 9122 2001 3041 9123 2002 3041 9124 2003 3041 9125 2003 3042 9126 2002 3042 9127 2004 3042 9128 2003 3043 9129 2004 3043 9130 1065 3043 9131 1065 3044 9132 2004 3044 9133 1066 3044 9134 1629 3045 9135 1637 3045 9136 1964 3045 9137 1964 3046 9138 1637 3046 9139 2001 3046 9140 1964 3047 9141 2001 3047 9142 1963 3047 9143 1963 3048 9144 2001 3048 9145 2003 3048 9146 1963 3049 9147 2003 3049 9148 1071 3049 9149 1071 3050 9150 2003 3050 9151 1065 3050 9152 1640 3051 9153 1639 3051 9154 2005 3051 9155 2005 3052 9156 1639 3052 9157 2006 3052 9158 2005 3053 9159 2006 3053 9160 2007 3053 9161 2007 3054 9162 2006 3054 9163 2008 3054 9164 2007 3055 9165 2008 3055 9166 1828 3055 9167 1828 3056 9168 2008 3056 9169 363 3056 9170 1641 3057 9171 1640 3057 9172 2009 3057 9173 2009 3058 9174 1640 3058 9175 2005 3058 9176 2009 3059 9177 2005 3059 9178 2010 3059 9179 2010 3060 9180 2005 3060 9181 2007 3060 9182 2010 3061 9183 2007 3061 9184 1829 3061 9185 1829 3062 9186 2007 3062 9187 1828 3062 9188 1642 3063 9189 1641 3063 9190 2002 3063 9191 2002 3064 9192 1641 3064 9193 2009 3064 9194 2002 3065 9195 2009 3065 9196 2004 3065 9197 2004 3066 9198 2009 3066 9199 2010 3066 9200 2004 3067 9201 2010 3067 9202 1066 3067 9203 1066 3068 9204 2010 3068 9205 1829 3068 9206 1639 3069 9207 1638 3069 9208 2011 3069 9209 1639 3070 9210 2011 3070 9211 2006 3070 9212 2006 3071 9213 2011 3071 9214 2012 3071 9215 2006 3072 9216 2012 3072 9217 2008 3072 9218 2008 3073 9219 2012 3073 9220 191 3073 9221 2008 3074 9222 191 3074 9223 363 3074 9224 1674 3075 9225 1673 3075 9226 2013 3075 9227 1674 3076 9228 2013 3076 9229 2014 3076 9230 2014 3077 9231 2013 3077 9232 2015 3077 9233 2014 3078 9234 2015 3078 9235 2016 3078 9236 2016 3079 9237 2015 3079 9238 252 3079 9239 2016 3080 9240 252 3080 9241 345 3080 9242 1675 3081 9243 1674 3081 9244 2017 3081 9245 2017 3082 9246 1674 3082 9247 2014 3082 9248 2017 3083 9249 2014 3083 9250 2018 3083 9251 2018 3084 9252 2014 3084 9253 2016 3084 9254 2018 3085 9255 2016 3085 9256 1810 3085 9257 1810 3086 9258 2016 3086 9259 345 3086 9260 1676 3087 9261 1675 3087 9262 2019 3087 9263 2019 3088 9264 1675 3088 9265 2017 3088 9266 2019 3089 9267 2017 3089 9268 2020 3089 9269 2020 3090 9270 2017 3090 9271 2018 3090 9272 2020 3091 9273 2018 3091 9274 1811 3091 9275 1811 3092 9276 2018 3092 9277 1810 3092 9278 1677 3093 9279 1676 3093 9280 2021 3093 9281 2021 3094 9282 1676 3094 9283 2019 3094 9284 2021 3095 9285 2019 3095 9286 2022 3095 9287 2022 3096 9288 2019 3096 9289 2020 3096 9290 2022 3097 9291 2020 3097 9292 1063 3097 9293 1063 3098 9294 2020 3098 9295 1811 3098 9296 1670 3099 9297 1677 3099 9298 2023 3099 9299 2023 3100 9300 1677 3100 9301 2021 3100 9302 2023 3101 9303 2021 3101 9304 2024 3101 9305 2024 3102 9306 2021 3102 9307 2022 3102 9308 2024 3103 9309 2022 3103 9310 1062 3103 9311 1062 3104 9312 2022 3104 9313 1063 3104 9314 1671 3105 9315 1670 3105 9316 2025 3105 9317 2025 3106 9318 1670 3106 9319 2023 3106 9320 2025 3107 9321 2023 3107 9322 2026 3107 9323 2026 3108 9324 2023 3108 9325 2024 3108 9326 2026 3109 9327 2024 3109 9328 1108 3109 9329 1108 3110 9330 2024 3110 9331 1062 3110 9332 2026 3111 9333 1108 3111 9334 1107 3111 9335 2025 3112 9336 2026 3112 9337 2027 3112 9338 1671 3113 9339 2025 3113 9340 2028 3113 9341 1671 3114 9342 2028 3114 9343 1703 3114 9344 1703 3115 9345 2028 3115 9346 2029 3115 9347 1703 3116 9348 2029 3116 9349 1705 3116 9350 1705 3117 9351 2029 3117 9352 2030 3117 9353 1705 3118 9354 2030 3118 9355 1706 3118 9356 1706 3119 9357 2030 3119 9358 1708 3119 9359 1708 3120 9360 2030 3120 9361 2031 3120 9362 1708 3121 9363 2031 3121 9364 1709 3121 9365 1709 3122 9366 2031 3122 9367 2032 3122 9368 1709 3123 9369 2032 3123 9370 1694 3123 9371 1694 3124 9372 2032 3124 9373 2033 3124 9374 1694 3125 9375 2033 3125 9376 1696 3125 9377 1696 3126 9378 2033 3126 9379 2034 3126 9380 1696 3127 9381 2034 3127 9382 1702 3127 9383 1702 3128 9384 2034 3128 9385 2035 3128 9386 1702 3129 9387 2035 3129 9388 1701 3129 9389 1701 3130 9390 2035 3130 9391 2036 3130 9392 1701 3131 9393 2036 3131 9394 1699 3131 9395 1699 3132 9396 2036 3132 9397 2037 3132 9398 1699 3133 9399 2037 3133 9400 1698 3133 9401 1698 3134 9402 2037 3134 9403 2038 3134 9404 1698 3135 9405 2038 3135 9406 1697 3135 9407 1697 3136 9408 2038 3136 9409 2039 3136 9410 1697 3137 9411 2039 3137 9412 1691 3137 9413 1691 3138 9414 2039 3138 9415 2040 3138 9416 1691 3139 9417 2040 3139 9418 1692 3139 9419 1692 3140 9420 2040 3140 9421 2041 3140 9422 1692 3141 9423 2041 3141 9424 1688 3141 9425 1688 3142 9426 2041 3142 9427 2042 3142 9428 1688 3143 9429 2042 3143 9430 1689 3143 9431 1689 3144 9432 2042 3144 9433 2043 3144 9434 1689 3145 9435 2043 3145 9436 1683 3145 9437 2026 3146 9438 1107 3146 9439 2027 3146 9440 2027 3147 9441 1107 3147 9442 1106 3147 9443 2027 3148 9444 1106 3148 9445 2044 3148 9446 2044 3149 9447 1106 3149 9448 1105 3149 9449 2044 3150 9450 1105 3150 9451 2045 3150 9452 2045 3151 9453 1105 3151 9454 1100 3151 9455 2045 3152 9456 1100 3152 9457 2046 3152 9458 2046 3153 9459 1100 3153 9460 1099 3153 9461 2046 3154 9462 1099 3154 9463 2047 3154 9464 2047 3155 9465 1099 3155 9466 1104 3155 9467 2047 3156 9468 1104 3156 9469 2048 3156 9470 2048 3157 9471 1104 3157 9472 1103 3157 9473 2048 3158 9474 1103 3158 9475 2049 3158 9476 2049 3159 9477 1103 3159 9478 1102 3159 9479 2049 3160 9480 1102 3160 9481 2050 3160 9482 2050 3161 9483 1102 3161 9484 1098 3161 9485 2050 3162 9486 1098 3162 9487 2051 3162 9488 2051 3163 9489 1098 3163 9490 1121 3163 9491 2051 3164 9492 1121 3164 9493 2052 3164 9494 2052 3165 9495 1121 3165 9496 1120 3165 9497 2052 3166 9498 1120 3166 9499 2053 3166 9500 2053 3167 9501 1120 3167 9502 1119 3167 9503 2053 3168 9504 1119 3168 9505 2054 3168 9506 2054 3169 9507 1119 3169 9508 1115 3169 9509 2054 3170 9510 1115 3170 9511 2055 3170 9512 2055 3171 9513 1115 3171 9514 1117 3171 9515 2055 3172 9516 1117 3172 9517 2056 3172 9518 2056 3173 9519 1117 3173 9520 1118 3173 9521 2056 3174 9522 1118 3174 9523 2057 3174 9524 2057 3175 9525 1118 3175 9526 1114 3175 9527 2057 3176 9528 1114 3176 9529 2058 3176 9530 2058 3177 9531 1114 3177 9532 1113 3177 9533 2058 3178 9534 1113 3178 9535 2059 3178 9536 2059 3179 9537 1113 3179 9538 1112 3179 9539 2059 3180 9540 1112 3180 9541 2060 3180 9542 2060 3181 9543 1112 3181 9544 1110 3181 9545 2060 3182 9546 1110 3182 9547 2061 3182 9548 2025 3183 9549 2027 3183 9550 2028 3183 9551 2028 3184 9552 2027 3184 9553 2044 3184 9554 2028 3185 9555 2044 3185 9556 2029 3185 9557 2029 3186 9558 2044 3186 9559 2045 3186 9560 2029 3187 9561 2045 3187 9562 2030 3187 9563 2030 3188 9564 2045 3188 9565 2046 3188 9566 2030 3189 9567 2046 3189 9568 2031 3189 9569 2031 3190 9570 2046 3190 9571 2047 3190 9572 2031 3191 9573 2047 3191 9574 2032 3191 9575 2032 3192 9576 2047 3192 9577 2048 3192 9578 2032 3193 9579 2048 3193 9580 2033 3193 9581 2033 3194 9582 2048 3194 9583 2049 3194 9584 2033 3195 9585 2049 3195 9586 2034 3195 9587 2034 3196 9588 2049 3196 9589 2050 3196 9590 2034 3197 9591 2050 3197 9592 2035 3197 9593 2035 3198 9594 2050 3198 9595 2051 3198 9596 2035 3199 9597 2051 3199 9598 2036 3199 9599 2036 3200 9600 2051 3200 9601 2052 3200 9602 2036 3201 9603 2052 3201 9604 2037 3201 9605 2037 3202 9606 2052 3202 9607 2053 3202 9608 2037 3203 9609 2053 3203 9610 2038 3203 9611 2038 3204 9612 2053 3204 9613 2054 3204 9614 2038 3205 9615 2054 3205 9616 2039 3205 9617 2039 3206 9618 2054 3206 9619 2055 3206 9620 2039 3207 9621 2055 3207 9622 2040 3207 9623 2040 3208 9624 2055 3208 9625 2056 3208 9626 2040 3209 9627 2056 3209 9628 2041 3209 9629 2041 3210 9630 2056 3210 9631 2057 3210 9632 2041 3211 9633 2057 3211 9634 2042 3211 9635 2042 3212 9636 2057 3212 9637 2058 3212 9638 2042 3213 9639 2058 3213 9640 2043 3213 9641 2043 3214 9642 2058 3214 9643 2059 3214 9644 2043 3215 9645 2059 3215 9646 2062 3215 9647 2062 3216 9648 2059 3216 9649 2060 3216 9650 2062 3217 9651 2060 3217 9652 2063 3217 9653 2063 3218 9654 2060 3218 9655 2061 3218 9656 2063 3219 9657 2061 3219 9658 2064 3219 9659 1683 3220 9660 2043 3220 9661 1685 3220 9662 1685 3221 9663 2043 3221 9664 2062 3221 9665 1685 3222 9666 2062 3222 9667 1686 3222 9668 1686 3223 9669 2062 3223 9670 2063 3223 9671 1686 3224 9672 2063 3224 9673 1680 3224 9674 1680 3225 9675 2063 3225 9676 2064 3225 9677 1680 3226 9678 2064 3226 9679 1678 3226 9680 1710 3227 9681 1678 3227 9682 2065 3227 9683 2065 3228 9684 1678 3228 9685 2064 3228 9686 2065 3229 9687 2064 3229 9688 2066 3229 9689 2066 3230 9690 2064 3230 9691 2061 3230 9692 2066 3231 9693 2061 3231 9694 1109 3231 9695 1109 3232 9696 2061 3232 9697 1110 3232 9698 1711 3233 9699 1710 3233 9700 2067 3233 9701 2067 3234 9702 1710 3234 9703 2065 3234 9704 2067 3235 9705 2065 3235 9706 2068 3235 9707 2068 3236 9708 2065 3236 9709 2066 3236 9710 2068 3237 9711 2066 3237 9712 1228 3237 9713 1228 3238 9714 2066 3238 9715 1109 3238 9716 1712 3239 9717 1711 3239 9718 2069 3239 9719 2069 3240 9720 1711 3240 9721 2067 3240 9722 2069 3241 9723 2067 3241 9724 2070 3241 9725 2070 3242 9726 2067 3242 9727 2068 3242 9728 2070 3243 9729 2068 3243 9730 1849 3243 9731 1849 3244 9732 2068 3244 9733 1228 3244 9734 1713 3245 9735 1712 3245 9736 2071 3245 9737 2071 3246 9738 1712 3246 9739 2069 3246 9740 2071 3247 9741 2069 3247 9742 2072 3247 9743 2072 3248 9744 2069 3248 9745 2070 3248 9746 2072 3249 9747 2070 3249 9748 1865 3249 9749 1865 3250 9750 2070 3250 9751 1849 3250 9752 1714 3251 9753 1713 3251 9754 2073 3251 9755 2073 3252 9756 1713 3252 9757 2071 3252 9758 2073 3253 9759 2071 3253 9760 2074 3253 9761 2074 3254 9762 2071 3254 9763 2072 3254 9764 2074 3255 9765 2072 3255 9766 247 3255 9767 247 3256 9768 2072 3256 9769 1865 3256 9770 247 3257 9771 246 3257 9772 2075 3257 9773 247 3258 9774 2075 3258 9775 2074 3258 9776 2074 3259 9777 2075 3259 9778 2076 3259 9779 2074 3260 9780 2076 3260 9781 2073 3260 9782 2073 3261 9783 2076 3261 9784 1715 3261 9785 2073 3262 9786 1715 3262 9787 1714 3262 9788 189 3263 9789 188 3263 9790 2077 3263 9791 189 3264 9792 2077 3264 9793 2078 3264 9794 2078 3265 9795 2077 3265 9796 2079 3265 9797 2078 3266 9798 2079 3266 9799 2080 3266 9800 2080 3267 9801 2079 3267 9802 1779 3267 9803 2080 3268 9804 1779 3268 9805 1778 3268 9806 1776 3269 9807 1775 3269 9808 2081 3269 9809 2081 3270 9810 1775 3270 9811 2082 3270 9812 2081 3271 9813 2082 3271 9814 2083 3271 9815 2083 3272 9816 2082 3272 9817 2084 3272 9818 2083 3273 9819 2084 3273 9820 1884 3273 9821 1884 3274 9822 2084 3274 9823 1138 3274 9824 1777 3275 9825 1776 3275 9826 2085 3275 9827 2085 3276 9828 1776 3276 9829 2081 3276 9830 2085 3277 9831 2081 3277 9832 2086 3277 9833 2086 3278 9834 2081 3278 9835 2083 3278 9836 2086 3279 9837 2083 3279 9838 1868 3279 9839 1868 3280 9840 2083 3280 9841 1884 3280 9842 1778 3281 9843 1777 3281 9844 2080 3281 9845 2080 3282 9846 1777 3282 9847 2085 3282 9848 2080 3283 9849 2085 3283 9850 2078 3283 9851 2078 3284 9852 2085 3284 9853 2086 3284 9854 2078 3285 9855 2086 3285 9856 189 3285 9857 189 3286 9858 2086 3286 9859 1868 3286 9860 1774 3287 9861 1740 3287 9862 2087 3287 9863 2087 3288 9864 1740 3288 9865 2088 3288 9866 2087 3289 9867 2088 3289 9868 2089 3289 9869 2089 3290 9870 2088 3290 9871 2090 3290 9872 2089 3291 9873 2090 3291 9874 1139 3291 9875 1139 3292 9876 2090 3292 9877 1140 3292 9878 1775 3293 9879 1774 3293 9880 2082 3293 9881 2082 3294 9882 1774 3294 9883 2087 3294 9884 2082 3295 9885 2087 3295 9886 2084 3295 9887 2084 3296 9888 2087 3296 9889 2089 3296 9890 2084 3297 9891 2089 3297 9892 1138 3297 9893 1138 3298 9894 2089 3298 9895 1139 3298 9896 2091 3299 9897 1136 3299 9898 1135 3299 9899 2092 3300 9900 2091 3300 9901 2093 3300 9902 1767 3301 9903 2092 3301 9904 2094 3301 9905 1767 3302 9906 2094 3302 9907 1765 3302 9908 1765 3303 9909 2094 3303 9910 2095 3303 9911 1765 3304 9912 2095 3304 9913 1769 3304 9914 1769 3305 9915 2095 3305 9916 2096 3305 9917 1769 3306 9918 2096 3306 9919 1770 3306 9920 1770 3307 9921 2096 3307 9922 1772 3307 9923 1772 3308 9924 2096 3308 9925 2097 3308 9926 1772 3309 9927 2097 3309 9928 1773 3309 9929 1773 3310 9930 2097 3310 9931 2098 3310 9932 1773 3311 9933 2098 3311 9934 1756 3311 9935 1756 3312 9936 2098 3312 9937 2099 3312 9938 1756 3313 9939 2099 3313 9940 1758 3313 9941 1758 3314 9942 2099 3314 9943 2100 3314 9944 1758 3315 9945 2100 3315 9946 1764 3315 9947 1764 3316 9948 2100 3316 9949 2101 3316 9950 1764 3317 9951 2101 3317 9952 1763 3317 9953 1763 3318 9954 2101 3318 9955 2102 3318 9956 1763 3319 9957 2102 3319 9958 1761 3319 9959 1761 3320 9960 2102 3320 9961 2103 3320 9962 1761 3321 9963 2103 3321 9964 1760 3321 9965 1760 3322 9966 2103 3322 9967 2104 3322 9968 1760 3323 9969 2104 3323 9970 1759 3323 9971 1759 3324 9972 2104 3324 9973 2105 3324 9974 1759 3325 9975 2105 3325 9976 1753 3325 9977 1753 3326 9978 2105 3326 9979 2106 3326 9980 1753 3327 9981 2106 3327 9982 1754 3327 9983 1754 3328 9984 2106 3328 9985 2107 3328 9986 1754 3329 9987 2107 3329 9988 1750 3329 9989 1750 3330 9990 2107 3330 9991 2108 3330 9992 1750 3331 9993 2108 3331 9994 1751 3331 9995 1751 3332 9996 2108 3332 9997 2109 3332 9998 1751 3333 9999 2109 3333 10000 1745 3333 10001 2091 3334 10002 1135 3334 10003 2093 3334 10004 2093 3335 10005 1135 3335 10006 1134 3335 10007 2093 3336 10008 1134 3336 10009 2110 3336 10010 2110 3337 10011 1134 3337 10012 1133 3337 10013 2110 3338 10014 1133 3338 10015 2111 3338 10016 2111 3339 10017 1133 3339 10018 1132 3339 10019 2111 3340 10020 1132 3340 10021 2112 3340 10022 2112 3341 10023 1132 3341 10024 1131 3341 10025 2112 3342 10026 1131 3342 10027 2113 3342 10028 2113 3343 10029 1131 3343 10030 1130 3343 10031 2113 3344 10032 1130 3344 10033 2114 3344 10034 2114 3345 10035 1130 3345 10036 1129 3345 10037 2114 3346 10038 1129 3346 10039 2115 3346 10040 2115 3347 10041 1129 3347 10042 1127 3347 10043 2115 3348 10044 1127 3348 10045 2116 3348 10046 2116 3349 10047 1127 3349 10048 1126 3349 10049 2116 3350 10050 1126 3350 10051 2117 3350 10052 2117 3351 10053 1126 3351 10054 1124 3351 10055 2117 3352 10056 1124 3352 10057 2118 3352 10058 2118 3353 10059 1124 3353 10060 1123 3353 10061 2118 3354 10062 1123 3354 10063 2119 3354 10064 2119 3355 10065 1123 3355 10066 1149 3355 10067 2119 3356 10068 1149 3356 10069 2120 3356 10070 2120 3357 10071 1149 3357 10072 1148 3357 10073 2120 3358 10074 1148 3358 10075 2121 3358 10076 2121 3359 10077 1148 3359 10078 1146 3359 10079 2121 3360 10080 1146 3360 10081 2122 3360 10082 2122 3361 10083 1146 3361 10084 1145 3361 10085 2122 3362 10086 1145 3362 10087 2123 3362 10088 2123 3363 10089 1145 3363 10090 1144 3363 10091 2123 3364 10092 1144 3364 10093 2124 3364 10094 2124 3365 10095 1144 3365 10096 1143 3365 10097 2124 3366 10098 1143 3366 10099 2125 3366 10100 2125 3367 10101 1143 3367 10102 1141 3367 10103 2125 3368 10104 1141 3368 10105 2126 3368 10106 2126 3369 10107 1141 3369 10108 1140 3369 10109 2126 3370 10110 1140 3370 10111 2090 3370 10112 2092 3371 10113 2093 3371 10114 2094 3371 10115 2094 3372 10116 2093 3372 10117 2110 3372 10118 2094 3373 10119 2110 3373 10120 2095 3373 10121 2095 3374 10122 2110 3374 10123 2111 3374 10124 2095 3375 10125 2111 3375 10126 2096 3375 10127 2096 3376 10128 2111 3376 10129 2112 3376 10130 2096 3377 10131 2112 3377 10132 2097 3377 10133 2097 3378 10134 2112 3378 10135 2113 3378 10136 2097 3379 10137 2113 3379 10138 2098 3379 10139 2098 3380 10140 2113 3380 10141 2114 3380 10142 2098 3381 10143 2114 3381 10144 2099 3381 10145 2099 3382 10146 2114 3382 10147 2115 3382 10148 2099 3383 10149 2115 3383 10150 2100 3383 10151 2100 3384 10152 2115 3384 10153 2116 3384 10154 2100 3385 10155 2116 3385 10156 2101 3385 10157 2101 3386 10158 2116 3386 10159 2117 3386 10160 2101 3387 10161 2117 3387 10162 2102 3387 10163 2102 3388 10164 2117 3388 10165 2118 3388 10166 2102 3389 10167 2118 3389 10168 2103 3389 10169 2103 3390 10170 2118 3390 10171 2119 3390 10172 2103 3391 10173 2119 3391 10174 2104 3391 10175 2104 3392 10176 2119 3392 10177 2120 3392 10178 2104 3393 10179 2120 3393 10180 2105 3393 10181 2105 3394 10182 2120 3394 10183 2121 3394 10184 2105 3395 10185 2121 3395 10186 2106 3395 10187 2106 3396 10188 2121 3396 10189 2122 3396 10190 2106 3397 10191 2122 3397 10192 2107 3397 10193 2107 3398 10194 2122 3398 10195 2123 3398 10196 2107 3399 10197 2123 3399 10198 2108 3399 10199 2108 3400 10200 2123 3400 10201 2124 3400 10202 2108 3401 10203 2124 3401 10204 2109 3401 10205 2109 3402 10206 2124 3402 10207 2125 3402 10208 2109 3403 10209 2125 3403 10210 2127 3403 10211 2127 3404 10212 2125 3404 10213 2126 3404 10214 2127 3405 10215 2126 3405 10216 2128 3405 10217 2128 3406 10218 2126 3406 10219 2090 3406 10220 2128 3407 10221 2090 3407 10222 2088 3407 10223 1745 3408 10224 2109 3408 10225 1747 3408 10226 1747 3409 10227 2109 3409 10228 2127 3409 10229 1747 3410 10230 2127 3410 10231 1748 3410 10232 1748 3411 10233 2127 3411 10234 2128 3411 10235 1748 3412 10236 2128 3412 10237 1742 3412 10238 1742 3413 10239 2128 3413 10240 2088 3413 10241 1742 3414 10242 2088 3414 10243 1740 3414 10244 1780 3415 10245 1785 3415 10246 2129 3415 10247 2129 3416 10248 1785 3416 10249 2130 3416 10250 2129 3417 10251 2130 3417 10252 2131 3417 10253 2131 3418 10254 2130 3418 10255 2132 3418 10256 2131 3419 10257 2132 3419 10258 1059 3419 10259 1059 3420 10260 2132 3420 10261 1060 3420 10262 1767 3421 10263 1780 3421 10264 2092 3421 10265 2092 3422 10266 1780 3422 10267 2129 3422 10268 2092 3423 10269 2129 3423 10270 2091 3423 10271 2091 3424 10272 2129 3424 10273 2131 3424 10274 2091 3425 10275 2131 3425 10276 1136 3425 10277 1136 3426 10278 2131 3426 10279 1059 3426 10280 1783 3427 10281 1782 3427 10282 2133 3427 10283 2133 3428 10284 1782 3428 10285 2134 3428 10286 2133 3429 10287 2134 3429 10288 2135 3429 10289 2135 3430 10290 2134 3430 10291 2136 3430 10292 2135 3431 10293 2136 3431 10294 1847 3431 10295 1847 3432 10296 2136 3432 10297 324 3432 10298 1784 3433 10299 1783 3433 10300 2137 3433 10301 2137 3434 10302 1783 3434 10303 2133 3434 10304 2137 3435 10305 2133 3435 10306 2138 3435 10307 2138 3436 10308 2133 3436 10309 2135 3436 10310 2138 3437 10311 2135 3437 10312 1848 3437 10313 1848 3438 10314 2135 3438 10315 1847 3438 10316 1785 3439 10317 1784 3439 10318 2130 3439 10319 2130 3440 10320 1784 3440 10321 2137 3440 10322 2130 3441 10323 2137 3441 10324 2132 3441 10325 2132 3442 10326 2137 3442 10327 2138 3442 10328 2132 3443 10329 2138 3443 10330 1060 3443 10331 1060 3444 10332 2138 3444 10333 1848 3444 10334 1782 3445 10335 1781 3445 10336 2139 3445 10337 1782 3446 10338 2139 3446 10339 2134 3446 10340 2134 3447 10341 2139 3447 10342 2140 3447 10343 2134 3448 10344 2140 3448 10345 2136 3448 10346 2136 3449 10347 2140 3449 10348 229 3449 10349 2136 3450 10350 229 3450 10351 324 3450 10352 1568 3451 10353 1555 3451 10354 2141 3451 10355 2141 3452 10356 1555 3452 10357 2142 3452 10358 2141 3453 10359 2142 3453 10360 2143 3453 10361 2143 3454 10362 2142 3454 10363 2144 3454 10364 2143 3455 10365 2144 3455 10366 2145 3455 10367 2145 3456 10368 2144 3456 10369 2146 3456 10370 2145 3457 10371 2146 3457 10372 2147 3457 10373 2148 3458 10374 1596 3458 10375 1594 3458 10376 2146 3459 10377 2149 3459 10378 2147 3459 10379 2147 3460 10380 2149 3460 10381 2148 3460 10382 2147 3461 10383 2148 3461 10384 2150 3461 10385 2150 3462 10386 2148 3462 10387 1594 3462 10388 2149 3463 10389 2146 3463 10390 2151 3463 10391 2144 3464 10392 2142 3464 10393 2152 3464 10394 2152 3465 10395 2142 3465 10396 1555 3465 10397 1555 3466 10398 1553 3466 10399 2152 3466 10400 2152 3467 10401 1553 3467 10402 1558 3467 10403 2152 3468 10404 1558 3468 10405 2153 3468 10406 2153 3469 10407 1558 3469 10408 1542 3469 10409 2153 3470 10410 1542 3470 10411 2154 3470 10412 1542 3471 10413 1544 3471 10414 2154 3471 10415 2154 3472 10416 1544 3472 10417 1549 3472 10418 2154 3473 10419 1549 3473 10420 2155 3473 10421 1549 3474 10422 1539 3474 10423 2155 3474 10424 2155 3475 10425 1539 3475 10426 1536 3475 10427 2155 3476 10428 1536 3476 10429 2156 3476 10430 1528 3477 10431 2157 3477 10432 1530 3477 10433 1530 3478 10434 2157 3478 10435 2158 3478 10436 1530 3479 10437 2158 3479 10438 1533 3479 10439 1533 3480 10440 2158 3480 10441 2156 3480 10442 1533 3481 10443 2156 3481 10444 1531 3481 10445 1531 3482 10446 2156 3482 10447 1536 3482 10448 2157 3483 10449 2159 3483 10450 2158 3483 10451 2158 3484 10452 2159 3484 10453 2160 3484 10454 2158 3485 10455 2160 3485 10456 2156 3485 10457 2156 3486 10458 2160 3486 10459 2161 3486 10460 2156 3487 10461 2161 3487 10462 2155 3487 10463 2155 3488 10464 2161 3488 10465 2162 3488 10466 2155 3489 10467 2162 3489 10468 2154 3489 10469 2154 3490 10470 2162 3490 10471 2163 3490 10472 2154 3491 10473 2163 3491 10474 2153 3491 10475 2153 3492 10476 2163 3492 10477 2164 3492 10478 2153 3493 10479 2164 3493 10480 2152 3493 10481 2152 3494 10482 2164 3494 10483 2151 3494 10484 2152 3495 10485 2151 3495 10486 2144 3495 10487 2144 3496 10488 2151 3496 10489 2146 3496 10490 2159 3497 10491 2165 3497 10492 2160 3497 10493 2160 3498 10494 2165 3498 10495 2166 3498 10496 2160 3499 10497 2166 3499 10498 2161 3499 10499 2161 3500 10500 2166 3500 10501 2167 3500 10502 2161 3501 10503 2167 3501 10504 2162 3501 10505 2162 3502 10506 2167 3502 10507 2168 3502 10508 2162 3503 10509 2168 3503 10510 2163 3503 10511 2163 3504 10512 2168 3504 10513 2169 3504 10514 2163 3505 10515 2169 3505 10516 2164 3505 10517 2164 3506 10518 2169 3506 10519 2170 3506 10520 2164 3507 10521 2170 3507 10522 2151 3507 10523 2151 3508 10524 2170 3508 10525 2171 3508 10526 2151 3509 10527 2171 3509 10528 2149 3509 10529 2149 3510 10530 2171 3510 10531 2148 3510 10532 2165 3511 10533 1578 3511 10534 2166 3511 10535 2166 3512 10536 1578 3512 10537 1576 3512 10538 2166 3513 10539 1576 3513 10540 2167 3513 10541 2167 3514 10542 1576 3514 10543 1574 3514 10544 2167 3515 10545 1574 3515 10546 2168 3515 10547 2168 3516 10548 1574 3516 10549 1588 3516 10550 2168 3517 10551 1588 3517 10552 2169 3517 10553 2169 3518 10554 1588 3518 10555 1587 3518 10556 2169 3519 10557 1587 3519 10558 2170 3519 10559 2170 3520 10560 1587 3520 10561 1585 3520 10562 2170 3521 10563 1585 3521 10564 2171 3521 10565 2171 3522 10566 1585 3522 10567 1597 3522 10568 2171 3523 10569 1597 3523 10570 2148 3523 10571 2148 3524 10572 1597 3524 10573 1596 3524 10574 1580 3525 10575 1578 3525 10576 2172 3525 10577 2172 3526 10578 1578 3526 10579 2165 3526 10580 2172 3527 10581 2165 3527 10582 2173 3527 10583 2173 3528 10584 2165 3528 10585 2159 3528 10586 2173 3529 10587 2159 3529 10588 2174 3529 10589 2174 3530 10590 2159 3530 10591 2157 3530 10592 2174 3531 10593 2157 3531 10594 2175 3531 10595 2175 3532 10596 2157 3532 10597 2176 3532 10598 2176 3533 10599 2157 3533 10600 1528 3533 10601 2176 3534 10602 1528 3534 10603 1566 3534 10604 1638 3535 10605 1628 3535 10606 2177 3535 10607 1638 3536 10608 2177 3536 10609 2178 3536 10610 2178 3537 10611 2177 3537 10612 2179 3537 10613 2178 3538 10614 2179 3538 10615 2180 3538 10616 2180 3539 10617 2179 3539 10618 2181 3539 10619 2181 3540 10620 2179 3540 10621 2182 3540 10622 2181 3541 10623 2182 3541 10624 2183 3541 10625 1655 3542 10626 1645 3542 10627 2182 3542 10628 2182 3543 10629 1645 3543 10630 2184 3543 10631 2182 3544 10632 2184 3544 10633 2183 3544 10634 2179 3545 10635 2177 3545 10636 2185 3545 10637 2186 3546 10638 1660 3546 10639 2187 3546 10640 2187 3547 10641 1660 3547 10642 1662 3547 10643 2187 3548 10644 1662 3548 10645 2188 3548 10646 2188 3549 10647 1662 3549 10648 1669 3549 10649 2188 3550 10650 1669 3550 10651 2189 3550 10652 2189 3551 10653 1669 3551 10654 1668 3551 10655 2189 3552 10656 1668 3552 10657 2190 3552 10658 2190 3553 10659 1668 3553 10660 1667 3553 10661 2190 3554 10662 1667 3554 10663 2191 3554 10664 2191 3555 10665 1667 3555 10666 1665 3555 10667 2191 3556 10668 1665 3556 10669 2192 3556 10670 2192 3557 10671 1665 3557 10672 1664 3557 10673 2192 3558 10674 1664 3558 10675 2193 3558 10676 2193 3559 10677 1664 3559 10678 1652 3559 10679 2193 3560 10680 1652 3560 10681 2194 3560 10682 2194 3561 10683 1652 3561 10684 1657 3561 10685 2194 3562 10686 1657 3562 10687 2195 3562 10688 2195 3563 10689 1657 3563 10690 1656 3563 10691 2195 3564 10692 1656 3564 10693 2182 3564 10694 2182 3565 10695 1656 3565 10696 1655 3565 10697 2182 3566 10698 2179 3566 10699 2195 3566 10700 2195 3567 10701 2179 3567 10702 2185 3567 10703 2195 3568 10704 2185 3568 10705 2194 3568 10706 2194 3569 10707 2185 3569 10708 2196 3569 10709 2194 3570 10710 2196 3570 10711 2193 3570 10712 2193 3571 10713 2196 3571 10714 2197 3571 10715 2193 3572 10716 2197 3572 10717 2192 3572 10718 2192 3573 10719 2197 3573 10720 2198 3573 10721 2192 3574 10722 2198 3574 10723 2191 3574 10724 2191 3575 10725 2198 3575 10726 2199 3575 10727 2191 3576 10728 2199 3576 10729 2190 3576 10730 2190 3577 10731 2199 3577 10732 2200 3577 10733 2190 3578 10734 2200 3578 10735 2189 3578 10736 2189 3579 10737 2200 3579 10738 2201 3579 10739 2189 3580 10740 2201 3580 10741 2188 3580 10742 2188 3581 10743 2201 3581 10744 2202 3581 10745 2188 3582 10746 2202 3582 10747 2187 3582 10748 2187 3583 10749 2202 3583 10750 2203 3583 10751 2187 3584 10752 2203 3584 10753 2186 3584 10754 2186 3585 10755 2203 3585 10756 2204 3585 10757 1599 3586 10758 2204 3586 10759 1601 3586 10760 1601 3587 10761 2204 3587 10762 2203 3587 10763 1601 3588 10764 2203 3588 10765 1603 3588 10766 1603 3589 10767 2203 3589 10768 2202 3589 10769 1603 3590 10770 2202 3590 10771 1604 3590 10772 1604 3591 10773 2202 3591 10774 2201 3591 10775 1604 3592 10776 2201 3592 10777 1607 3592 10778 1607 3593 10779 2201 3593 10780 2200 3593 10781 1607 3594 10782 2200 3594 10783 1612 3594 10784 1612 3595 10785 2200 3595 10786 2199 3595 10787 1612 3596 10788 2199 3596 10789 1617 3596 10790 1617 3597 10791 2199 3597 10792 2198 3597 10793 1617 3598 10794 2198 3598 10795 1615 3598 10796 1615 3599 10797 2198 3599 10798 2197 3599 10799 1615 3600 10800 2197 3600 10801 1622 3600 10802 1622 3601 10803 2197 3601 10804 2196 3601 10805 1622 3602 10806 2196 3602 10807 1623 3602 10808 1623 3603 10809 2196 3603 10810 2185 3603 10811 1623 3604 10812 2185 3604 10813 1628 3604 10814 1628 3605 10815 2185 3605 10816 2177 3605 10817 1651 3606 10818 1660 3606 10819 2205 3606 10820 2205 3607 10821 1660 3607 10822 2186 3607 10823 2204 3608 10824 2206 3608 10825 2186 3608 10826 2186 3609 10827 2206 3609 10828 2207 3609 10829 2186 3610 10830 2207 3610 10831 2205 3610 10832 1636 3611 10833 2208 3611 10834 1599 3611 10835 1599 3612 10836 2208 3612 10837 2209 3612 10838 1599 3613 10839 2209 3613 10840 2204 3613 10841 2204 3614 10842 2209 3614 10843 2210 3614 10844 2204 3615 10845 2210 3615 10846 2206 3615 10847 1673 3616 10848 1672 3616 10849 2211 3616 10850 2211 3617 10851 1672 3617 10852 2212 3617 10853 2211 3618 10854 2212 3618 10855 2213 3618 10856 2213 3619 10857 2212 3619 10858 2214 3619 10859 2213 3620 10860 2214 3620 10861 2215 3620 10862 2215 3621 10863 2214 3621 10864 2216 3621 10865 2215 3622 10866 2216 3622 10867 2217 3622 10868 2218 3623 10869 1738 3623 10870 1718 3623 10871 2216 3624 10872 2219 3624 10873 2217 3624 10874 2217 3625 10875 2219 3625 10876 2218 3625 10877 2217 3626 10878 2218 3626 10879 2220 3626 10880 2220 3627 10881 2218 3627 10882 1718 3627 10883 2219 3628 10884 2216 3628 10885 2221 3628 10886 2214 3629 10887 2212 3629 10888 2222 3629 10889 2222 3630 10890 2212 3630 10891 1672 3630 10892 1672 3631 10893 1704 3631 10894 2222 3631 10895 2222 3632 10896 1704 3632 10897 1707 3632 10898 2222 3633 10899 1707 3633 10900 2223 3633 10901 2223 3634 10902 1707 3634 10903 1693 3634 10904 2223 3635 10905 1693 3635 10906 2224 3635 10907 1693 3636 10908 1695 3636 10909 2224 3636 10910 2224 3637 10911 1695 3637 10912 1700 3637 10913 2224 3638 10914 1700 3638 10915 2225 3638 10916 1700 3639 10917 1690 3639 10918 2225 3639 10919 2225 3640 10920 1690 3640 10921 1687 3640 10922 2225 3641 10923 1687 3641 10924 2226 3641 10925 1679 3642 10926 2227 3642 10927 1681 3642 10928 1681 3643 10929 2227 3643 10930 2228 3643 10931 1681 3644 10932 2228 3644 10933 1684 3644 10934 1684 3645 10935 2228 3645 10936 2226 3645 10937 1684 3646 10938 2226 3646 10939 1682 3646 10940 1682 3647 10941 2226 3647 10942 1687 3647 10943 2227 3648 10944 2229 3648 10945 2228 3648 10946 2228 3649 10947 2229 3649 10948 2230 3649 10949 2228 3650 10950 2230 3650 10951 2226 3650 10952 2226 3651 10953 2230 3651 10954 2231 3651 10955 2226 3652 10956 2231 3652 10957 2225 3652 10958 2225 3653 10959 2231 3653 10960 2232 3653 10961 2225 3654 10962 2232 3654 10963 2224 3654 10964 2224 3655 10965 2232 3655 10966 2233 3655 10967 2224 3656 10968 2233 3656 10969 2223 3656 10970 2223 3657 10971 2233 3657 10972 2234 3657 10973 2223 3658 10974 2234 3658 10975 2222 3658 10976 2222 3659 10977 2234 3659 10978 2221 3659 10979 2222 3660 10980 2221 3660 10981 2214 3660 10982 2214 3661 10983 2221 3661 10984 2216 3661 10985 2229 3662 10986 2235 3662 10987 2230 3662 10988 2230 3663 10989 2235 3663 10990 2236 3663 10991 2230 3664 10992 2236 3664 10993 2231 3664 10994 2231 3665 10995 2236 3665 10996 2237 3665 10997 2231 3666 10998 2237 3666 10999 2232 3666 11000 2232 3667 11001 2237 3667 11002 2238 3667 11003 2232 3668 11004 2238 3668 11005 2233 3668 11006 2233 3669 11007 2238 3669 11008 2239 3669 11009 2233 3670 11010 2239 3670 11011 2234 3670 11012 2234 3671 11013 2239 3671 11014 2240 3671 11015 2234 3672 11016 2240 3672 11017 2221 3672 11018 2221 3673 11019 2240 3673 11020 2241 3673 11021 2221 3674 11022 2241 3674 11023 2219 3674 11024 2219 3675 11025 2241 3675 11026 2218 3675 11027 2235 3676 11028 1731 3676 11029 2236 3676 11030 2236 3677 11031 1731 3677 11032 1733 3677 11033 2236 3678 11034 1733 3678 11035 2237 3678 11036 2237 3679 11037 1733 3679 11038 1735 3679 11039 2237 3680 11040 1735 3680 11041 2238 3680 11042 2238 3681 11043 1735 3681 11044 1736 3681 11045 2238 3682 11046 1736 3682 11047 2239 3682 11048 2239 3683 11049 1736 3683 11050 1727 3683 11051 2239 3684 11052 1727 3684 11053 2240 3684 11054 2240 3685 11055 1727 3685 11056 1725 3685 11057 2240 3686 11058 1725 3686 11059 2241 3686 11060 2241 3687 11061 1725 3687 11062 1739 3687 11063 2241 3688 11064 1739 3688 11065 2218 3688 11066 2218 3689 11067 1739 3689 11068 1738 3689 11069 1723 3690 11070 1731 3690 11071 2242 3690 11072 2242 3691 11073 1731 3691 11074 2235 3691 11075 2242 3692 11076 2235 3692 11077 2243 3692 11078 2243 3693 11079 2235 3693 11080 2229 3693 11081 2243 3694 11082 2229 3694 11083 2244 3694 11084 2244 3695 11085 2229 3695 11086 2227 3695 11087 2244 3696 11088 2227 3696 11089 2245 3696 11090 2245 3697 11091 2227 3697 11092 2246 3697 11093 2246 3698 11094 2227 3698 11095 1679 3698 11096 2246 3699 11097 1679 3699 11098 1715 3699 11099 1781 3700 11100 1768 3700 11101 2247 3700 11102 1781 3701 11103 2247 3701 11104 2248 3701 11105 2248 3702 11106 2247 3702 11107 2249 3702 11108 2248 3703 11109 2249 3703 11110 2250 3703 11111 2250 3704 11112 2249 3704 11113 2251 3704 11114 2250 3705 11115 2251 3705 11116 2252 3705 11117 1788 3706 11118 1789 3706 11119 2251 3706 11120 2251 3707 11121 1789 3707 11122 2253 3707 11123 2251 3708 11124 2253 3708 11125 2252 3708 11126 2254 3709 11127 2247 3709 11128 1768 3709 11129 1768 3710 11130 1766 3710 11131 2254 3710 11132 2254 3711 11133 1766 3711 11134 1771 3711 11135 2254 3712 11136 1771 3712 11137 2255 3712 11138 2255 3713 11139 1771 3713 11140 1755 3713 11141 2255 3714 11142 1755 3714 11143 2256 3714 11144 1755 3715 11145 1757 3715 11146 2256 3715 11147 2256 3716 11148 1757 3716 11149 1762 3716 11150 2256 3717 11151 1762 3717 11152 2257 3717 11153 1762 3718 11154 1752 3718 11155 2257 3718 11156 2257 3719 11157 1752 3719 11158 1749 3719 11159 2257 3720 11160 1749 3720 11161 2258 3720 11162 1741 3721 11163 2259 3721 11164 1743 3721 11165 1743 3722 11166 2259 3722 11167 2260 3722 11168 1743 3723 11169 2260 3723 11170 1746 3723 11171 1746 3724 11172 2260 3724 11173 2258 3724 11174 1746 3725 11175 2258 3725 11176 1744 3725 11177 1744 3726 11178 2258 3726 11179 1749 3726 11180 2259 3727 11181 2261 3727 11182 2260 3727 11183 2260 3728 11184 2261 3728 11185 2262 3728 11186 2260 3729 11187 2262 3729 11188 2258 3729 11189 2258 3730 11190 2262 3730 11191 2263 3730 11192 2258 3731 11193 2263 3731 11194 2257 3731 11195 2257 3732 11196 2263 3732 11197 2264 3732 11198 2257 3733 11199 2264 3733 11200 2256 3733 11201 2256 3734 11202 2264 3734 11203 2265 3734 11204 2256 3735 11205 2265 3735 11206 2255 3735 11207 2255 3736 11208 2265 3736 11209 2266 3736 11210 2255 3737 11211 2266 3737 11212 2254 3737 11213 2254 3738 11214 2266 3738 11215 2267 3738 11216 2254 3739 11217 2267 3739 11218 2247 3739 11219 2247 3740 11220 2267 3740 11221 2249 3740 11222 2261 3741 11223 2268 3741 11224 2262 3741 11225 2262 3742 11226 2268 3742 11227 2269 3742 11228 2262 3743 11229 2269 3743 11230 2263 3743 11231 2263 3744 11232 2269 3744 11233 2270 3744 11234 2263 3745 11235 2270 3745 11236 2264 3745 11237 2264 3746 11238 2270 3746 11239 2271 3746 11240 2264 3747 11241 2271 3747 11242 2265 3747 11243 2265 3748 11244 2271 3748 11245 2272 3748 11246 2265 3749 11247 2272 3749 11248 2266 3749 11249 2266 3750 11250 2272 3750 11251 2273 3750 11252 2266 3751 11253 2273 3751 11254 2267 3751 11255 2267 3752 11256 2273 3752 11257 2274 3752 11258 2267 3753 11259 2274 3753 11260 2249 3753 11261 2249 3754 11262 2274 3754 11263 2251 3754 11264 2268 3755 11265 1792 3755 11266 2269 3755 11267 2269 3756 11268 1792 3756 11269 1794 3756 11270 2269 3757 11271 1794 3757 11272 2270 3757 11273 2270 3758 11274 1794 3758 11275 1796 3758 11276 2270 3759 11277 1796 3759 11278 2271 3759 11279 2271 3760 11280 1796 3760 11281 1809 3760 11282 2271 3761 11283 1809 3761 11284 2272 3761 11285 2272 3762 11286 1809 3762 11287 1808 3762 11288 2272 3763 11289 1808 3763 11290 2273 3763 11291 2273 3764 11292 1808 3764 11293 1806 3764 11294 2273 3765 11295 1806 3765 11296 2274 3765 11297 2274 3766 11298 1806 3766 11299 1805 3766 11300 2274 3767 11301 1805 3767 11302 2251 3767 11303 2251 3768 11304 1805 3768 11305 1788 3768 11306 1790 3769 11307 1792 3769 11308 2275 3769 11309 2275 3770 11310 1792 3770 11311 2268 3770 11312 2275 3771 11313 2268 3771 11314 2276 3771 11315 2276 3772 11316 2268 3772 11317 2261 3772 11318 2276 3773 11319 2261 3773 11320 2277 3773 11321 2277 3774 11322 2261 3774 11323 2259 3774 11324 2277 3775 11325 2259 3775 11326 2278 3775 11327 2278 3776 11328 2259 3776 11329 2279 3776 11330 2279 3777 11331 2259 3777 11332 1741 3777 11333 2279 3778 11334 1741 3778 11335 1779 3778 11336 1885 3779 11337 1568 3779 11338 2141 3779 11339 216 3780 11340 1887 3780 11341 2280 3780 11342 1887 3781 11343 1885 3781 11344 2281 3781 11345 2281 3782 11346 1885 3782 11347 2141 3782 11348 2281 3783 11349 2141 3783 11350 2282 3783 11351 2282 3784 11352 2141 3784 11353 2143 3784 11354 2143 3785 11355 2145 3785 11356 2282 3785 11357 2282 3786 11358 2145 3786 11359 2147 3786 11360 2282 3787 11361 2147 3787 11362 2283 3787 11363 2283 3788 11364 2147 3788 11365 2150 3788 11366 2283 3789 11367 2150 3789 11368 2284 3789 11369 2284 3790 11370 2150 3790 11371 1594 3790 11372 2284 3791 11373 1594 3791 11374 2285 3791 11375 1887 3792 11376 2281 3792 11377 2280 3792 11378 2280 3793 11379 2281 3793 11380 2282 3793 11381 2280 3794 11382 2282 3794 11383 2286 3794 11384 2286 3795 11385 2282 3795 11386 2283 3795 11387 2286 3796 11388 2283 3796 11389 2287 3796 11390 2287 3797 11391 2283 3797 11392 2284 3797 11393 2287 3798 11394 2284 3798 11395 2288 3798 11396 2288 3799 11397 2284 3799 11398 2285 3799 11399 2288 3800 11400 2285 3800 11401 2289 3800 11402 216 3801 11403 2280 3801 11404 217 3801 11405 217 3802 11406 2280 3802 11407 2286 3802 11408 217 3803 11409 2286 3803 11410 219 3803 11411 219 3804 11412 2286 3804 11413 2287 3804 11414 219 3805 11415 2287 3805 11416 220 3805 11417 220 3806 11418 2287 3806 11419 2288 3806 11420 220 3807 11421 2288 3807 11422 221 3807 11423 221 3808 11424 2288 3808 11425 2289 3808 11426 221 3809 11427 2289 3809 11428 222 3809 11429 1580 3810 11430 2290 3810 11431 2291 3810 11432 2290 3811 11433 2292 3811 11434 2293 3811 11435 2292 3812 11436 204 3812 11437 206 3812 11438 2292 3813 11439 206 3813 11440 2293 3813 11441 2293 3814 11442 206 3814 11443 211 3814 11444 2293 3815 11445 211 3815 11446 2294 3815 11447 2294 3816 11448 211 3816 11449 213 3816 11450 2294 3817 11451 213 3817 11452 2295 3817 11453 2295 3818 11454 213 3818 11455 222 3818 11456 2295 3819 11457 222 3819 11458 2289 3819 11459 2290 3820 11460 2293 3820 11461 2291 3820 11462 2291 3821 11463 2293 3821 11464 2294 3821 11465 2291 3822 11466 2294 3822 11467 2296 3822 11468 2296 3823 11469 2294 3823 11470 2295 3823 11471 2296 3824 11472 2295 3824 11473 2297 3824 11474 2297 3825 11475 2295 3825 11476 2289 3825 11477 2297 3826 11478 2289 3826 11479 2285 3826 11480 1580 3827 11481 2291 3827 11482 1582 3827 11483 1582 3828 11484 2291 3828 11485 2296 3828 11486 1582 3829 11487 2296 3829 11488 1590 3829 11489 1590 3830 11490 2296 3830 11491 2297 3830 11492 1590 3831 11493 2297 3831 11494 1592 3831 11495 1592 3832 11496 2297 3832 11497 2285 3832 11498 1592 3833 11499 2285 3833 11500 1594 3833 11501 2290 3834 11502 1580 3834 11503 2172 3834 11504 2292 3835 11505 2290 3835 11506 2298 3835 11507 204 3836 11508 2292 3836 11509 2299 3836 11510 2290 3837 11511 2172 3837 11512 2298 3837 11513 2298 3838 11514 2172 3838 11515 2173 3838 11516 2298 3839 11517 2173 3839 11518 2300 3839 11519 2300 3840 11520 2173 3840 11521 2174 3840 11522 2300 3841 11523 2174 3841 11524 2301 3841 11525 2301 3842 11526 2174 3842 11527 2175 3842 11528 2301 3843 11529 2175 3843 11530 2302 3843 11531 2302 3844 11532 2175 3844 11533 2176 3844 11534 2302 3845 11535 2176 3845 11536 2303 3845 11537 2303 3846 11538 2176 3846 11539 1566 3846 11540 2303 3847 11541 1566 3847 11542 1948 3847 11543 2292 3848 11544 2298 3848 11545 2299 3848 11546 2299 3849 11547 2298 3849 11548 2300 3849 11549 2299 3850 11550 2300 3850 11551 2304 3850 11552 2304 3851 11553 2300 3851 11554 2301 3851 11555 2304 3852 11556 2301 3852 11557 2305 3852 11558 2305 3853 11559 2301 3853 11560 2302 3853 11561 2305 3854 11562 2302 3854 11563 2306 3854 11564 2306 3855 11565 2302 3855 11566 2303 3855 11567 2306 3856 11568 2303 3856 11569 2307 3856 11570 2307 3857 11571 2303 3857 11572 1948 3857 11573 2307 3858 11574 1948 3858 11575 1947 3858 11576 204 3859 11577 2299 3859 11578 199 3859 11579 199 3860 11580 2299 3860 11581 2304 3860 11582 199 3861 11583 2304 3861 11584 200 3861 11585 200 3862 11586 2304 3862 11587 2305 3862 11588 200 3863 11589 2305 3863 11590 202 3863 11591 202 3864 11592 2305 3864 11593 2306 3864 11594 202 3865 11595 2306 3865 11596 203 3865 11597 203 3866 11598 2306 3866 11599 2307 3866 11600 203 3867 11601 2307 3867 11602 210 3867 11603 210 3868 11604 2307 3868 11605 1947 3868 11606 210 3869 11607 1947 3869 11608 209 3869 11609 2139 3870 11610 1781 3870 11611 2248 3870 11612 2140 3871 11613 2139 3871 11614 2308 3871 11615 229 3872 11616 2140 3872 11617 2309 3872 11618 2139 3873 11619 2248 3873 11620 2308 3873 11621 2308 3874 11622 2248 3874 11623 2250 3874 11624 2308 3875 11625 2250 3875 11626 2310 3875 11627 2310 3876 11628 2250 3876 11629 2252 3876 11630 2310 3877 11631 2252 3877 11632 2311 3877 11633 2311 3878 11634 2252 3878 11635 2253 3878 11636 2311 3879 11637 2253 3879 11638 2312 3879 11639 2312 3880 11640 2253 3880 11641 1789 3880 11642 2312 3881 11643 1789 3881 11644 2313 3881 11645 2140 3882 11646 2308 3882 11647 2309 3882 11648 2309 3883 11649 2308 3883 11650 2310 3883 11651 2309 3884 11652 2310 3884 11653 2314 3884 11654 2314 3885 11655 2310 3885 11656 2311 3885 11657 2314 3886 11658 2311 3886 11659 2315 3886 11660 2315 3887 11661 2311 3887 11662 2312 3887 11663 2315 3888 11664 2312 3888 11665 2316 3888 11666 2316 3889 11667 2312 3889 11668 2313 3889 11669 2316 3890 11670 2313 3890 11671 2317 3890 11672 229 3891 11673 2309 3891 11674 230 3891 11675 230 3892 11676 2309 3892 11677 2314 3892 11678 230 3893 11679 2314 3893 11680 232 3893 11681 232 3894 11682 2314 3894 11683 2315 3894 11684 232 3895 11685 2315 3895 11686 233 3895 11687 233 3896 11688 2315 3896 11689 2316 3896 11690 233 3897 11691 2316 3897 11692 234 3897 11693 234 3898 11694 2316 3898 11695 2317 3898 11696 234 3899 11697 2317 3899 11698 235 3899 11699 239 3900 11700 238 3900 11701 2318 3900 11702 2318 3901 11703 238 3901 11704 2319 3901 11705 2318 3902 11706 2319 3902 11707 2320 3902 11708 2320 3903 11709 2319 3903 11710 2321 3903 11711 2320 3904 11712 2321 3904 11713 1790 3904 11714 1790 3905 11715 2321 3905 11716 1802 3905 11717 238 3906 11718 236 3906 11719 2319 3906 11720 2319 3907 11721 236 3907 11722 2322 3907 11723 2319 3908 11724 2322 3908 11725 2321 3908 11726 2321 3909 11727 2322 3909 11728 2323 3909 11729 2321 3910 11730 2323 3910 11731 1802 3910 11732 1802 3911 11733 2323 3911 11734 1800 3911 11735 236 3912 11736 235 3912 11737 2322 3912 11738 2322 3913 11739 235 3913 11740 2317 3913 11741 2322 3914 11742 2317 3914 11743 2323 3914 11744 2323 3915 11745 2317 3915 11746 2313 3915 11747 2323 3916 11748 2313 3916 11749 1800 3916 11750 1800 3917 11751 2313 3917 11752 1789 3917 11753 2320 3918 11754 1790 3918 11755 2275 3918 11756 2318 3919 11757 2320 3919 11758 2324 3919 11759 239 3920 11760 2318 3920 11761 2325 3920 11762 2320 3921 11763 2275 3921 11764 2324 3921 11765 2324 3922 11766 2275 3922 11767 2276 3922 11768 2324 3923 11769 2276 3923 11770 2326 3923 11771 2326 3924 11772 2276 3924 11773 2277 3924 11774 2326 3925 11775 2277 3925 11776 2327 3925 11777 2327 3926 11778 2277 3926 11779 2278 3926 11780 2327 3927 11781 2278 3927 11782 2328 3927 11783 2328 3928 11784 2278 3928 11785 2279 3928 11786 2328 3929 11787 2279 3929 11788 2329 3929 11789 2329 3930 11790 2279 3930 11791 1779 3930 11792 2329 3931 11793 1779 3931 11794 2079 3931 11795 2318 3932 11796 2324 3932 11797 2325 3932 11798 2325 3933 11799 2324 3933 11800 2326 3933 11801 2325 3934 11802 2326 3934 11803 2330 3934 11804 2330 3935 11805 2326 3935 11806 2327 3935 11807 2330 3936 11808 2327 3936 11809 2331 3936 11810 2331 3937 11811 2327 3937 11812 2328 3937 11813 2331 3938 11814 2328 3938 11815 2332 3938 11816 2332 3939 11817 2328 3939 11818 2329 3939 11819 2332 3940 11820 2329 3940 11821 2333 3940 11822 2333 3941 11823 2329 3941 11824 2079 3941 11825 2333 3942 11826 2079 3942 11827 2077 3942 11828 239 3943 11829 2325 3943 11830 223 3943 11831 223 3944 11832 2325 3944 11833 2330 3944 11834 223 3945 11835 2330 3945 11836 224 3945 11837 224 3946 11838 2330 3946 11839 2331 3946 11840 224 3947 11841 2331 3947 11842 226 3947 11843 226 3948 11844 2331 3948 11845 2332 3948 11846 226 3949 11847 2332 3949 11848 227 3949 11849 227 3950 11850 2332 3950 11851 2333 3950 11852 227 3951 11853 2333 3951 11854 228 3951 11855 228 3952 11856 2333 3952 11857 2077 3952 11858 228 3953 11859 2077 3953 11860 188 3953 11861 2013 3954 11862 1673 3954 11863 2211 3954 11864 252 3955 11865 2015 3955 11866 2334 3955 11867 2015 3956 11868 2013 3956 11869 2335 3956 11870 2335 3957 11871 2013 3957 11872 2211 3957 11873 2335 3958 11874 2211 3958 11875 2336 3958 11876 2336 3959 11877 2211 3959 11878 2213 3959 11879 2213 3960 11880 2215 3960 11881 2336 3960 11882 2336 3961 11883 2215 3961 11884 2217 3961 11885 2336 3962 11886 2217 3962 11887 2337 3962 11888 2337 3963 11889 2217 3963 11890 2220 3963 11891 2337 3964 11892 2220 3964 11893 2338 3964 11894 2338 3965 11895 2220 3965 11896 1718 3965 11897 2338 3966 11898 1718 3966 11899 2339 3966 11900 2015 3967 11901 2335 3967 11902 2334 3967 11903 2334 3968 11904 2335 3968 11905 2336 3968 11906 2334 3969 11907 2336 3969 11908 2340 3969 11909 2340 3970 11910 2336 3970 11911 2337 3970 11912 2340 3971 11913 2337 3971 11914 2341 3971 11915 2341 3972 11916 2337 3972 11917 2338 3972 11918 2341 3973 11919 2338 3973 11920 2342 3973 11921 2342 3974 11922 2338 3974 11923 2339 3974 11924 2342 3975 11925 2339 3975 11926 2343 3975 11927 252 3976 11928 2334 3976 11929 253 3976 11930 253 3977 11931 2334 3977 11932 2340 3977 11933 253 3978 11934 2340 3978 11935 255 3978 11936 255 3979 11937 2340 3979 11938 2341 3979 11939 255 3980 11940 2341 3980 11941 256 3980 11942 256 3981 11943 2341 3981 11944 2342 3981 11945 256 3982 11946 2342 3982 11947 257 3982 11948 257 3983 11949 2342 3983 11950 2343 3983 11951 257 3984 11952 2343 3984 11953 258 3984 11954 245 3985 11955 244 3985 11956 2344 3985 11957 2344 3986 11958 244 3986 11959 2345 3986 11960 2344 3987 11961 2345 3987 11962 2346 3987 11963 2346 3988 11964 2345 3988 11965 2347 3988 11966 2346 3989 11967 2347 3989 11968 1723 3989 11969 1723 3990 11970 2347 3990 11971 1721 3990 11972 244 3991 11973 259 3991 11974 2345 3991 11975 2345 3992 11976 259 3992 11977 2348 3992 11978 2345 3993 11979 2348 3993 11980 2347 3993 11981 2347 3994 11982 2348 3994 11983 2349 3994 11984 2347 3995 11985 2349 3995 11986 1721 3995 11987 1721 3996 11988 2349 3996 11989 1719 3996 11990 259 3997 11991 258 3997 11992 2348 3997 11993 2348 3998 11994 258 3998 11995 2343 3998 11996 2348 3999 11997 2343 3999 11998 2349 3999 11999 2349 4000 12000 2343 4000 12001 2339 4000 12002 2349 4001 12003 2339 4001 12004 1719 4001 12005 1719 4002 12006 2339 4002 12007 1718 4002 12008 2346 4003 12009 1723 4003 12010 2242 4003 12011 2344 4004 12012 2346 4004 12013 2350 4004 12014 245 4005 12015 2344 4005 12016 2351 4005 12017 2346 4006 12018 2242 4006 12019 2350 4006 12020 2350 4007 12021 2242 4007 12022 2243 4007 12023 2350 4008 12024 2243 4008 12025 2352 4008 12026 2352 4009 12027 2243 4009 12028 2244 4009 12029 2352 4010 12030 2244 4010 12031 2353 4010 12032 2353 4011 12033 2244 4011 12034 2245 4011 12035 2353 4012 12036 2245 4012 12037 2354 4012 12038 2354 4013 12039 2245 4013 12040 2246 4013 12041 2354 4014 12042 2246 4014 12043 2355 4014 12044 2355 4015 12045 2246 4015 12046 1715 4015 12047 2355 4016 12048 1715 4016 12049 2076 4016 12050 2344 4017 12051 2350 4017 12052 2351 4017 12053 2351 4018 12054 2350 4018 12055 2352 4018 12056 2351 4019 12057 2352 4019 12058 2356 4019 12059 2356 4020 12060 2352 4020 12061 2353 4020 12062 2356 4021 12063 2353 4021 12064 2357 4021 12065 2357 4022 12066 2353 4022 12067 2354 4022 12068 2357 4023 12069 2354 4023 12070 2358 4023 12071 2358 4024 12072 2354 4024 12073 2355 4024 12074 2358 4025 12075 2355 4025 12076 2359 4025 12077 2359 4026 12078 2355 4026 12079 2076 4026 12080 2359 4027 12081 2076 4027 12082 2075 4027 12083 245 4028 12084 2351 4028 12085 240 4028 12086 240 4029 12087 2351 4029 12088 2356 4029 12089 240 4030 12090 2356 4030 12091 241 4030 12092 241 4031 12093 2356 4031 12094 2357 4031 12095 241 4032 12096 2357 4032 12097 249 4032 12098 249 4033 12099 2357 4033 12100 2358 4033 12101 249 4034 12102 2358 4034 12103 250 4034 12104 250 4035 12105 2358 4035 12106 2359 4035 12107 250 4036 12108 2359 4036 12109 251 4036 12110 251 4037 12111 2359 4037 12112 2075 4037 12113 251 4038 12114 2075 4038 12115 246 4038 12116 2012 4039 12117 2011 4039 12118 2360 4039 12119 191 4040 12120 2012 4040 12121 2361 4040 12122 2181 4041 12123 2362 4041 12124 2180 4041 12125 2180 4042 12126 2362 4042 12127 2360 4042 12128 2180 4043 12129 2360 4043 12130 2178 4043 12131 2178 4044 12132 2360 4044 12133 2011 4044 12134 2178 4045 12135 2011 4045 12136 1638 4045 12137 2183 4046 12138 2363 4046 12139 2181 4046 12140 2181 4047 12141 2363 4047 12142 2364 4047 12143 2181 4048 12144 2364 4048 12145 2362 4048 12146 2183 4049 12147 2184 4049 12148 2363 4049 12149 2363 4050 12150 2184 4050 12151 1645 4050 12152 2363 4051 12153 1645 4051 12154 2365 4051 12155 2012 4052 12156 2360 4052 12157 2361 4052 12158 2361 4053 12159 2360 4053 12160 2362 4053 12161 2361 4054 12162 2362 4054 12163 2366 4054 12164 2366 4055 12165 2362 4055 12166 2364 4055 12167 2366 4056 12168 2364 4056 12169 2367 4056 12170 2367 4057 12171 2364 4057 12172 2363 4057 12173 2367 4058 12174 2363 4058 12175 2368 4058 12176 2368 4059 12177 2363 4059 12178 2365 4059 12179 2368 4060 12180 2365 4060 12181 2369 4060 12182 191 4061 12183 2361 4061 12184 192 4061 12185 192 4062 12186 2361 4062 12187 2366 4062 12188 192 4063 12189 2366 4063 12190 194 4063 12191 194 4064 12192 2366 4064 12193 2367 4064 12194 194 4065 12195 2367 4065 12196 195 4065 12197 195 4066 12198 2367 4066 12199 2368 4066 12200 195 4067 12201 2368 4067 12202 196 4067 12203 196 4068 12204 2368 4068 12205 2369 4068 12206 196 4069 12207 2369 4069 12208 198 4069 12209 274 4070 12210 273 4070 12211 2370 4070 12212 265 4071 12213 274 4071 12214 2371 4071 12215 2371 4072 12216 274 4072 12217 2370 4072 12218 2371 4073 12219 2370 4073 12220 2372 4073 12221 2372 4074 12222 2370 4074 12223 2373 4074 12224 2372 4075 12225 2373 4075 12226 1651 4075 12227 1651 4076 12228 2373 4076 12229 1649 4076 12230 273 4077 12231 272 4077 12232 2370 4077 12233 2370 4078 12234 272 4078 12235 2374 4078 12236 2370 4079 12237 2374 4079 12238 2373 4079 12239 2373 4080 12240 2374 4080 12241 2375 4080 12242 2373 4081 12243 2375 4081 12244 1649 4081 12245 1649 4082 12246 2375 4082 12247 1646 4082 12248 272 4083 12249 198 4083 12250 2374 4083 12251 2374 4084 12252 198 4084 12253 2369 4084 12254 2374 4085 12255 2369 4085 12256 2375 4085 12257 2375 4086 12258 2369 4086 12259 2365 4086 12260 2375 4087 12261 2365 4087 12262 1646 4087 12263 1646 4088 12264 2365 4088 12265 1645 4088 12266 2372 4089 12267 1651 4089 12268 2205 4089 12269 2371 4090 12270 2372 4090 12271 2376 4090 12272 265 4091 12273 2371 4091 12274 2377 4091 12275 2372 4092 12276 2205 4092 12277 2376 4092 12278 2376 4093 12279 2205 4093 12280 2207 4093 12281 2376 4094 12282 2207 4094 12283 2378 4094 12284 2378 4095 12285 2207 4095 12286 2206 4095 12287 2378 4096 12288 2206 4096 12289 2379 4096 12290 2379 4097 12291 2206 4097 12292 2210 4097 12293 2379 4098 12294 2210 4098 12295 2380 4098 12296 2210 4099 12297 2209 4099 12298 2380 4099 12299 2380 4100 12300 2209 4100 12301 2208 4100 12302 2380 4101 12303 2208 4101 12304 2381 4101 12305 2381 4102 12306 2208 4102 12307 1636 4102 12308 2381 4103 12309 1636 4103 12310 1951 4103 12311 2371 4104 12312 2376 4104 12313 2377 4104 12314 2377 4105 12315 2376 4105 12316 2378 4105 12317 2377 4106 12318 2378 4106 12319 2382 4106 12320 2382 4107 12321 2378 4107 12322 2379 4107 12323 2382 4108 12324 2379 4108 12325 2383 4108 12326 2383 4109 12327 2379 4109 12328 2380 4109 12329 2383 4110 12330 2380 4110 12331 2384 4110 12332 2384 4111 12333 2380 4111 12334 2381 4111 12335 2384 4112 12336 2381 4112 12337 2385 4112 12338 2385 4113 12339 2381 4113 12340 1951 4113 12341 2385 4114 12342 1951 4114 12343 1949 4114 12344 265 4115 12345 2377 4115 12346 266 4115 12347 266 4116 12348 2377 4116 12349 2382 4116 12350 266 4117 12351 2382 4117 12352 263 4117 12353 263 4118 12354 2382 4118 12355 2383 4118 12356 263 4119 12357 2383 4119 12358 260 4119 12359 260 4120 12360 2383 4120 12361 2384 4120 12362 260 4121 12363 2384 4121 12364 261 4121 12365 261 4122 12366 2384 4122 12367 2385 4122 12368 261 4123 12369 2385 4123 12370 268 4123 12371 268 4124 12372 2385 4124 12373 1949 4124 12374 268 4125 12375 1949 4125 12376 270 4125 12377 279 4126 12378 278 4126 12379 2386 4126 12380 288 4127 12381 286 4127 12382 2387 4127 12383 288 4128 12384 2387 4128 12385 289 4128 12386 289 4129 12387 2387 4129 12388 2388 4129 12389 289 4130 12390 2388 4130 12391 290 4130 12392 290 4131 12393 2388 4131 12394 2389 4131 12395 290 4132 12396 2389 4132 12397 291 4132 12398 291 4133 12399 2389 4133 12400 293 4133 12401 293 4134 12402 2389 4134 12403 2390 4134 12404 293 4135 12405 2390 4135 12406 294 4135 12407 294 4136 12408 2390 4136 12409 295 4136 12410 295 4137 12411 2390 4137 12412 2391 4137 12413 295 4138 12414 2391 4138 12415 297 4138 12416 297 4139 12417 2391 4139 12418 2392 4139 12419 2392 4140 12420 2391 4140 12421 2393 4140 12422 2392 4141 12423 2393 4141 12424 301 4141 12425 2386 4142 12426 278 4142 12427 2394 4142 12428 278 4143 12429 276 4143 12430 2394 4143 12431 2394 4144 12432 276 4144 12433 275 4144 12434 2394 4145 12435 275 4145 12436 2393 4145 12437 2393 4146 12438 275 4146 12439 302 4146 12440 2393 4147 12441 302 4147 12442 301 4147 12443 279 4148 12444 2386 4148 12445 284 4148 12446 284 4149 12447 2386 4149 12448 2395 4149 12449 284 4150 12450 2395 4150 12451 282 4150 12452 282 4151 12453 2395 4151 12454 2396 4151 12455 282 4152 12456 2396 4152 12457 280 4152 12458 2387 4153 12459 286 4153 12460 2397 4153 12461 2397 4154 12462 286 4154 12463 285 4154 12464 2398 4155 12465 2399 4155 12466 2396 4155 12467 2396 4156 12468 2399 4156 12469 280 4156 12470 30 4157 12471 17 4157 12472 2400 4157 12473 2400 4158 12474 2398 4158 12475 30 4158 12476 30 4159 12477 2398 4159 12478 2396 4159 12479 30 4160 12480 2396 4160 12481 23 4160 12482 23 4161 12483 2396 4161 12484 2395 4161 12485 23 4162 12486 2395 4162 12487 24 4162 12488 2401 4163 12489 11 4163 12490 2402 4163 12491 2402 4164 12492 11 4164 12493 10 4164 12494 24 4165 12495 2395 4165 12496 182 4165 12497 182 4166 12498 2395 4166 12499 2386 4166 12500 182 4167 12501 2386 4167 12502 180 4167 12503 180 4168 12504 2386 4168 12505 2394 4168 12506 180 4169 12507 2394 4169 12508 178 4169 12509 178 4170 12510 2394 4170 12511 2393 4170 12512 178 4171 12513 2393 4171 12514 176 4171 12515 176 4172 12516 2393 4172 12517 2391 4172 12518 176 4173 12519 2391 4173 12520 174 4173 12521 174 4174 12522 2391 4174 12523 2390 4174 12524 174 4175 12525 2390 4175 12526 172 4175 12527 172 4176 12528 2390 4176 12529 2389 4176 12530 172 4177 12531 2389 4177 12532 6 4177 12533 6 4178 12534 2389 4178 12535 2388 4178 12536 6 4179 12537 2388 4179 12538 14 4179 12539 14 4180 12540 2388 4180 12541 10 4180 12542 10 4181 12543 2388 4181 12544 2387 4181 12545 10 4182 12546 2387 4182 12547 2402 4182 12548 2403 4183 12549 2404 4183 12550 16 4183 12551 181 4184 12552 179 4184 12553 2405 4184 12554 16 4185 12555 21 4185 12556 2403 4185 12557 2403 4186 12558 21 4186 12559 20 4186 12560 2403 4187 12561 20 4187 12562 2406 4187 12563 2405 4188 12564 2407 4188 12565 181 4188 12566 181 4189 12567 2407 4189 12568 2408 4189 12569 181 4190 12570 2408 4190 12571 2409 4190 12572 20 4191 12573 27 4191 12574 2406 4191 12575 2406 4192 12576 27 4192 12577 183 4192 12578 2406 4193 12579 183 4193 12580 2410 4193 12581 2410 4194 12582 183 4194 12583 181 4194 12584 2410 4195 12585 181 4195 12586 2411 4195 12587 2411 4196 12588 181 4196 12589 2409 4196 12590 173 4197 12591 2412 4197 12592 175 4197 12593 175 4198 12594 2412 4198 12595 2413 4198 12596 13 4199 12597 2414 4199 12598 9 4199 12599 9 4200 12600 2414 4200 12601 2415 4200 12602 9 4201 12603 2415 4201 12604 3 4201 12605 3 4202 12606 2415 4202 12607 2412 4202 12608 3 4203 12609 2412 4203 12610 0 4203 12611 0 4204 12612 2412 4204 12613 173 4204 12614 2413 4205 12615 2416 4205 12616 175 4205 12617 175 4206 12618 2416 4206 12619 2417 4206 12620 175 4207 12621 2417 4207 12622 2418 4207 12623 2418 4208 12624 2419 4208 12625 175 4208 12626 175 4209 12627 2419 4209 12628 2420 4209 12629 175 4210 12630 2420 4210 12631 177 4210 12632 177 4211 12633 2420 4211 12634 2421 4211 12635 177 4212 12636 2421 4212 12637 179 4212 12638 179 4213 12639 2421 4213 12640 2422 4213 12641 179 4214 12642 2422 4214 12643 2405 4214 12644 857 4215 12645 2423 4215 12646 2424 4215 12647 2424 4216 12648 2423 4216 12649 2425 4216 12650 2424 4217 12651 2425 4217 12652 2426 4217 12653 2426 4218 12654 2425 4218 12655 2427 4218 12656 2426 4219 12657 2427 4219 12658 2406 4219 12659 2406 4220 12660 2427 4220 12661 2403 4220 12662 2426 4221 12663 2406 4221 12664 2410 4221 12665 2424 4222 12666 2426 4222 12667 2428 4222 12668 857 4223 12669 2429 4223 12670 858 4223 12671 858 4224 12672 2429 4224 12673 2430 4224 12674 2426 4225 12675 2410 4225 12676 2428 4225 12677 2428 4226 12678 2410 4226 12679 2411 4226 12680 2428 4227 12681 2411 4227 12682 2431 4227 12683 2431 4228 12684 2411 4228 12685 2409 4228 12686 2431 4229 12687 2409 4229 12688 2432 4229 12689 2432 4230 12690 2409 4230 12691 2408 4230 12692 2432 4231 12693 2408 4231 12694 2433 4231 12695 2433 4232 12696 2434 4232 12697 2432 4232 12698 2432 4233 12699 2434 4233 12700 2435 4233 12701 2432 4234 12702 2435 4234 12703 2431 4234 12704 2431 4235 12705 2435 4235 12706 2430 4235 12707 2431 4236 12708 2430 4236 12709 2428 4236 12710 2428 4237 12711 2430 4237 12712 2429 4237 12713 2428 4238 12714 2429 4238 12715 2424 4238 12716 2424 4239 12717 2429 4239 12718 857 4239 12719 863 4240 12720 862 4240 12721 2434 4240 12722 2434 4241 12723 862 4241 12724 861 4241 12725 2434 4242 12726 861 4242 12727 2435 4242 12728 2435 4243 12729 861 4243 12730 860 4243 12731 2435 4244 12732 860 4244 12733 2430 4244 12734 2430 4245 12735 860 4245 12736 859 4245 12737 2430 4246 12738 859 4246 12739 858 4246 12740 864 4247 12741 863 4247 12742 2436 4247 12743 2436 4248 12744 863 4248 12745 2434 4248 12746 2436 4249 12747 2434 4249 12748 2437 4249 12749 2437 4250 12750 2434 4250 12751 2433 4250 12752 2437 4251 12753 2433 4251 12754 2407 4251 12755 2407 4252 12756 2433 4252 12757 2408 4252 12758 2412 4253 12759 2415 4253 12760 2438 4253 12761 2438 4254 12762 2415 4254 12763 2439 4254 12764 2438 4255 12765 2439 4255 12766 2440 4255 12767 2440 4256 12768 2439 4256 12769 2441 4256 12770 2440 4257 12771 2441 4257 12772 842 4257 12773 842 4258 12774 2441 4258 12775 2442 4258 12776 2436 4259 12777 2437 4259 12778 2443 4259 12779 846 4260 12780 845 4260 12781 2444 4260 12782 2444 4261 12783 845 4261 12784 2445 4261 12785 2444 4262 12786 2445 4262 12787 2446 4262 12788 845 4263 12789 856 4263 12790 2445 4263 12791 2445 4264 12792 856 4264 12793 855 4264 12794 2445 4265 12795 855 4265 12796 2447 4265 12797 2447 4266 12798 855 4266 12799 853 4266 12800 2447 4267 12801 853 4267 12802 2448 4267 12803 2448 4268 12804 853 4268 12805 865 4268 12806 2420 4269 12807 2446 4269 12808 2449 4269 12809 2449 4270 12810 2446 4270 12811 2445 4270 12812 2449 4271 12813 2445 4271 12814 2450 4271 12815 2450 4272 12816 2445 4272 12817 2447 4272 12818 2450 4273 12819 2447 4273 12820 2443 4273 12821 2443 4274 12822 2447 4274 12823 2448 4274 12824 2443 4275 12825 2448 4275 12826 2436 4275 12827 2436 4276 12828 2448 4276 12829 865 4276 12830 2436 4277 12831 865 4277 12832 864 4277 12833 2420 4278 12834 2449 4278 12835 2421 4278 12836 2421 4279 12837 2449 4279 12838 2450 4279 12839 2421 4280 12840 2450 4280 12841 2451 4280 12842 2451 4281 12843 2450 4281 12844 2443 4281 12845 2451 4282 12846 2443 4282 12847 2405 4282 12848 2405 4283 12849 2443 4283 12850 2437 4283 12851 2405 4284 12852 2437 4284 12853 2407 4284 12854 2438 4285 12855 2440 4285 12856 2452 4285 12857 2444 4286 12858 2446 4286 12859 2453 4286 12860 846 4287 12861 2454 4287 12862 847 4287 12863 847 4288 12864 2454 4288 12865 2455 4288 12866 847 4289 12867 2455 4289 12868 848 4289 12869 2412 4290 12870 2456 4290 12871 2413 4290 12872 2413 4291 12873 2456 4291 12874 2457 4291 12875 2413 4292 12876 2457 4292 12877 2416 4292 12878 2416 4293 12879 2457 4293 12880 2458 4293 12881 2416 4294 12882 2458 4294 12883 2417 4294 12884 2417 4295 12885 2458 4295 12886 2459 4295 12887 2417 4296 12888 2459 4296 12889 2418 4296 12890 2418 4297 12891 2459 4297 12892 2453 4297 12893 2418 4298 12894 2453 4298 12895 2419 4298 12896 2419 4299 12897 2453 4299 12898 2446 4299 12899 2419 4300 12900 2446 4300 12901 2420 4300 12902 2412 4301 12903 2438 4301 12904 2456 4301 12905 2456 4302 12906 2438 4302 12907 2452 4302 12908 2456 4303 12909 2452 4303 12910 2457 4303 12911 2457 4304 12912 2452 4304 12913 2460 4304 12914 2457 4305 12915 2460 4305 12916 2458 4305 12917 2458 4306 12918 2460 4306 12919 2461 4306 12920 2458 4307 12921 2461 4307 12922 2459 4307 12923 2459 4308 12924 2461 4308 12925 2455 4308 12926 2459 4309 12927 2455 4309 12928 2453 4309 12929 2453 4310 12930 2455 4310 12931 2454 4310 12932 2453 4311 12933 2454 4311 12934 2444 4311 12935 2444 4312 12936 2454 4312 12937 846 4312 12938 848 4313 12939 2455 4313 12940 849 4313 12941 849 4314 12942 2455 4314 12943 2461 4314 12944 849 4315 12945 2461 4315 12946 850 4315 12947 850 4316 12948 2461 4316 12949 2460 4316 12950 850 4317 12951 2460 4317 12952 851 4317 12953 851 4318 12954 2460 4318 12955 2452 4318 12956 851 4319 12957 2452 4319 12958 852 4319 12959 852 4320 12960 2452 4320 12961 2440 4320 12962 852 4321 12963 2440 4321 12964 842 4321 12965 2462 4322 12966 2463 4322 12967 2464 4322 12968 2464 4323 12969 2463 4323 12970 2465 4323 12971 2464 4324 12972 2465 4324 12973 2466 4324 12974 2466 4325 12975 2465 4325 12976 2467 4325 12977 2466 4326 12978 2467 4326 12979 2468 4326 12980 2468 4327 12981 2467 4327 12982 2469 4327 12983 2468 4328 12984 2469 4328 12985 2470 4328 12986 2470 4329 12987 2469 4329 12988 2471 4329 12989 2470 4330 12990 2471 4330 12991 2472 4330 12992 2472 4331 12993 2471 4331 12994 2473 4331 12995 2472 4332 12996 2473 4332 12997 2474 4332 12998 2474 4333 12999 2473 4333 13000 2475 4333 13001 2474 4334 13002 2475 4334 13003 2476 4334 13004 2476 4335 13005 2475 4335 13006 2477 4335 13007 2476 4336 13008 2477 4336 13009 2478 4336 13010 2478 4337 13011 2477 4337 13012 2479 4337 13013 2478 4338 13014 2479 4338 13015 2480 4338 13016 2480 4339 13017 2479 4339 13018 2481 4339 13019 2480 4340 13020 2481 4340 13021 2482 4340 13022 2482 4341 13023 2481 4341 13024 2483 4341 13025 2482 4342 13026 2483 4342 13027 2484 4342 13028 2484 4343 13029 2483 4343 13030 2485 4343 13031 2484 4344 13032 2485 4344 13033 2462 4344 13034 2462 4345 13035 2485 4345 13036 2463 4345 13037 2485 4346 13038 2486 4346 13039 2463 4346 13040 2463 4347 13041 2486 4347 13042 2487 4347 13043 2463 4348 13044 2487 4348 13045 2465 4348 13046 2465 4349 13047 2487 4349 13048 2488 4349 13049 2465 4350 13050 2488 4350 13051 2467 4350 13052 2467 4351 13053 2488 4351 13054 2489 4351 13055 2467 4352 13056 2489 4352 13057 2469 4352 13058 2469 4353 13059 2489 4353 13060 2490 4353 13061 2469 4354 13062 2490 4354 13063 2471 4354 13064 2471 4355 13065 2490 4355 13066 2491 4355 13067 2471 4356 13068 2491 4356 13069 2473 4356 13070 2473 4357 13071 2491 4357 13072 2492 4357 13073 2473 4358 13074 2492 4358 13075 2475 4358 13076 2475 4359 13077 2492 4359 13078 2493 4359 13079 2475 4360 13080 2493 4360 13081 2477 4360 13082 2477 4361 13083 2493 4361 13084 2494 4361 13085 2477 4362 13086 2494 4362 13087 2479 4362 13088 2479 4363 13089 2494 4363 13090 2495 4363 13091 2479 4364 13092 2495 4364 13093 2481 4364 13094 2481 4365 13095 2495 4365 13096 2496 4365 13097 2481 4366 13098 2496 4366 13099 2483 4366 13100 2483 4367 13101 2496 4367 13102 2497 4367 13103 2483 4368 13104 2497 4368 13105 2485 4368 13106 2485 4369 13107 2497 4369 13108 2486 4369 13109 2497 4370 13110 2498 4370 13111 2486 4370 13112 2486 4371 13113 2498 4371 13114 2499 4371 13115 2486 4372 13116 2499 4372 13117 2487 4372 13118 2487 4373 13119 2499 4373 13120 2500 4373 13121 2487 4374 13122 2500 4374 13123 2488 4374 13124 2488 4375 13125 2500 4375 13126 2501 4375 13127 2488 4376 13128 2501 4376 13129 2489 4376 13130 2489 4377 13131 2501 4377 13132 2502 4377 13133 2489 4378 13134 2502 4378 13135 2490 4378 13136 2490 4379 13137 2502 4379 13138 2503 4379 13139 2490 4380 13140 2503 4380 13141 2491 4380 13142 2491 4381 13143 2503 4381 13144 2504 4381 13145 2491 4382 13146 2504 4382 13147 2492 4382 13148 2492 4383 13149 2504 4383 13150 2505 4383 13151 2492 4384 13152 2505 4384 13153 2493 4384 13154 2493 4385 13155 2505 4385 13156 2506 4385 13157 2493 4386 13158 2506 4386 13159 2494 4386 13160 2494 4387 13161 2506 4387 13162 2507 4387 13163 2494 4388 13164 2507 4388 13165 2495 4388 13166 2495 4389 13167 2507 4389 13168 2508 4389 13169 2495 4390 13170 2508 4390 13171 2496 4390 13172 2496 4391 13173 2508 4391 13174 2509 4391 13175 2496 4392 13176 2509 4392 13177 2497 4392 13178 2497 4393 13179 2509 4393 13180 2498 4393 13181 2474 4394 13182 2510 4394 13183 2472 4394 13184 2472 4395 13185 2510 4395 13186 2511 4395 13187 2472 4396 13188 2511 4396 13189 2470 4396 13190 2470 4397 13191 2511 4397 13192 2512 4397 13193 2470 4398 13194 2512 4398 13195 2468 4398 13196 2468 4399 13197 2512 4399 13198 2513 4399 13199 2468 4400 13200 2513 4400 13201 2466 4400 13202 2466 4401 13203 2513 4401 13204 2514 4401 13205 2466 4402 13206 2514 4402 13207 2464 4402 13208 2464 4403 13209 2514 4403 13210 2515 4403 13211 2464 4404 13212 2515 4404 13213 2462 4404 13214 2462 4405 13215 2515 4405 13216 2516 4405 13217 2462 4406 13218 2516 4406 13219 2484 4406 13220 2484 4407 13221 2516 4407 13222 2517 4407 13223 2484 4408 13224 2517 4408 13225 2482 4408 13226 2482 4409 13227 2517 4409 13228 2518 4409 13229 2482 4410 13230 2518 4410 13231 2480 4410 13232 2480 4411 13233 2518 4411 13234 2519 4411 13235 2480 4412 13236 2519 4412 13237 2478 4412 13238 2478 4413 13239 2519 4413 13240 2520 4413 13241 2478 4414 13242 2520 4414 13243 2476 4414 13244 2476 4415 13245 2520 4415 13246 2521 4415 13247 2476 4416 13248 2521 4416 13249 2474 4416 13250 2474 4417 13251 2521 4417 13252 2510 4417 13253 2499 4418 13254 2498 4418 13255 2522 4418 13256 2522 4419 13257 2498 4419 13258 2509 4419 13259 2522 4420 13260 2509 4420 13261 2508 4420 13262 2502 4421 13263 2501 4421 13264 2522 4421 13265 2522 4422 13266 2501 4422 13267 2500 4422 13268 2522 4423 13269 2500 4423 13270 2499 4423 13271 2505 4424 13272 2504 4424 13273 2522 4424 13274 2522 4425 13275 2504 4425 13276 2503 4425 13277 2522 4426 13278 2503 4426 13279 2502 4426 13280 2508 4427 13281 2507 4427 13282 2522 4427 13283 2522 4428 13284 2507 4428 13285 2506 4428 13286 2522 4429 13287 2506 4429 13288 2505 4429 13289 2523 4430 13290 2524 4430 13291 2525 4430 13292 2523 4431 13293 2525 4431 13294 2526 4431 13295 2526 4432 13296 2525 4432 13297 2527 4432 13298 2526 4433 13299 2527 4433 13300 2528 4433 13301 2528 4434 13302 2527 4434 13303 2529 4434 13304 2528 4435 13305 2529 4435 13306 2530 4435 13307 2531 4436 13308 2532 4436 13309 2533 4436 13310 2531 4437 13311 2533 4437 13312 2534 4437 13313 2534 4438 13314 2533 4438 13315 2535 4438 13316 2534 4439 13317 2535 4439 13318 2536 4439 13319 2536 4440 13320 2535 4440 13321 2537 4440 13322 2536 4441 13323 2537 4441 13324 2538 4441 13325 2539 4442 13326 2540 4442 13327 2541 4442 13328 2539 4443 13329 2541 4443 13330 2542 4443 13331 2542 4444 13332 2541 4444 13333 2543 4444 13334 2542 4445 13335 2543 4445 13336 2544 4445 13337 2544 4446 13338 2543 4446 13339 2545 4446 13340 2544 4447 13341 2545 4447 13342 2546 4447 13343 2547 4448 13344 2548 4448 13345 2549 4448 13346 2547 4449 13347 2549 4449 13348 2550 4449 13349 2550 4450 13350 2549 4450 13351 2551 4450 13352 2550 4451 13353 2551 4451 13354 2552 4451 13355 2552 4452 13356 2551 4452 13357 2553 4452 13358 2552 4453 13359 2553 4453 13360 2554 4453 13361 2545 4454 13362 2524 4454 13363 2546 4454 13364 2546 4455 13365 2524 4455 13366 2523 4455 13367 2553 4456 13368 2540 4456 13369 2554 4456 13370 2554 4457 13371 2540 4457 13372 2539 4457 13373 2547 4458 13374 2538 4458 13375 2548 4458 13376 2548 4459 13377 2538 4459 13378 2537 4459 13379 2531 4460 13380 2530 4460 13381 2532 4460 13382 2532 4461 13383 2530 4461 13384 2529 4461 13385 2526 4462 13386 2528 4462 13387 2530 4462 13388 2555 4463 13389 2556 4463 13390 2539 4463 13391 2523 4464 13392 2526 4464 13393 2557 4464 13394 2557 4465 13395 2526 4465 13396 2530 4465 13397 2557 4466 13398 2530 4466 13399 2558 4466 13400 2558 4467 13401 2530 4467 13402 2531 4467 13403 2558 4468 13404 2531 4468 13405 2559 4468 13406 2539 4469 13407 2556 4469 13408 2554 4469 13409 2554 4470 13410 2556 4470 13411 2560 4470 13412 2554 4471 13413 2560 4471 13414 2552 4471 13415 2557 4472 13416 2561 4472 13417 2523 4472 13418 2523 4473 13419 2561 4473 13420 2562 4473 13421 2523 4474 13422 2562 4474 13423 2546 4474 13424 2546 4475 13425 2562 4475 13426 2563 4475 13427 2546 4476 13428 2563 4476 13429 2544 4476 13430 2544 4477 13431 2563 4477 13432 2555 4477 13433 2544 4478 13434 2555 4478 13435 2542 4478 13436 2542 4479 13437 2555 4479 13438 2539 4479 13439 2531 4480 13440 2534 4480 13441 2559 4480 13442 2559 4481 13443 2534 4481 13444 2536 4481 13445 2559 4482 13446 2536 4482 13447 2564 4482 13448 2564 4483 13449 2536 4483 13450 2538 4483 13451 2564 4484 13452 2538 4484 13453 2565 4484 13454 2565 4485 13455 2538 4485 13456 2547 4485 13457 2565 4486 13458 2547 4486 13459 2566 4486 13460 2566 4487 13461 2547 4487 13462 2560 4487 13463 2560 4488 13464 2547 4488 13465 2550 4488 13466 2560 4489 13467 2550 4489 13468 2552 4489 13469 2567 4490 13470 2568 4490 13471 2569 4490 13472 2570 4491 13473 2571 4491 13474 2572 4491 13475 2572 4492 13476 2571 4492 13477 2573 4492 13478 2572 4493 13479 2573 4493 13480 2574 4493 13481 2575 4494 13482 2576 4494 13483 2577 4494 13484 2578 4495 13485 2579 4495 13486 2580 4495 13487 2580 4496 13488 2579 4496 13489 2581 4496 13490 2580 4497 13491 2581 4497 13492 2567 4497 13493 2569 4498 13494 2574 4498 13495 2567 4498 13496 2567 4499 13497 2574 4499 13498 2573 4499 13499 2567 4500 13500 2573 4500 13501 2580 4500 13502 2580 4501 13503 2573 4501 13504 2575 4501 13505 2580 4502 13506 2575 4502 13507 2582 4502 13508 2582 4503 13509 2575 4503 13510 2577 4503 13511 2583 4504 13512 2584 4504 13513 48 4504 13514 48 4505 13515 2584 4505 13516 2585 4505 13517 48 4506 13518 2585 4506 13519 49 4506 13520 49 4507 13521 2585 4507 13522 2586 4507 13523 49 4508 13524 2586 4508 13525 50 4508 13526 50 4509 13527 2586 4509 13528 2587 4509 13529 50 4510 13530 2587 4510 13531 51 4510 13532 51 4511 13533 2587 4511 13534 2588 4511 13535 51 4512 13536 2588 4512 13537 22 4512 13538 22 4513 13539 2588 4513 13540 2589 4513 13541 22 4514 13542 2589 4514 13543 29 4514 13544 29 4515 13545 2589 4515 13546 2590 4515 13547 29 4516 13548 2590 4516 13549 28 4516 13550 28 4517 13551 2590 4517 13552 2591 4517 13553 28 4518 13554 2591 4518 13555 26 4518 13556 26 4519 13557 2591 4519 13558 2592 4519 13559 26 4520 13560 2592 4520 13561 46 4520 13562 46 4521 13563 2592 4521 13564 2593 4521 13565 46 4522 13566 2593 4522 13567 45 4522 13568 45 4523 13569 2593 4523 13570 2594 4523 13571 45 4524 13572 2594 4524 13573 43 4524 13574 43 4525 13575 2594 4525 13576 2595 4525 13577 43 4526 13578 2595 4526 13579 2596 4526 13580 2596 4527 13581 2595 4527 13582 2597 4527 13583 2596 4528 13584 2597 4528 13585 40 4528 13586 40 4529 13587 2597 4529 13588 2598 4529 13589 40 4530 13590 2598 4530 13591 39 4530 13592 39 4531 13593 2598 4531 13594 2599 4531 13595 39 4532 13596 2599 4532 13597 37 4532 13598 37 4533 13599 2599 4533 13600 2600 4533 13601 37 4534 13602 2600 4534 13603 1 4534 13604 1 4535 13605 2600 4535 13606 2601 4535 13607 1 4536 13608 2601 4536 13609 2 4536 13610 2 4537 13611 2601 4537 13612 2602 4537 13613 2 4538 13614 2602 4538 13615 7 4538 13616 7 4539 13617 2602 4539 13618 2603 4539 13619 7 4540 13620 2603 4540 13621 8 4540 13622 8 4541 13623 2603 4541 13624 2604 4541 13625 8 4542 13626 2604 4542 13627 32 4542 13628 32 4543 13629 2604 4543 13630 2605 4543 13631 32 4544 13632 2605 4544 13633 33 4544 13634 33 4545 13635 2605 4545 13636 2606 4545 13637 33 4546 13638 2606 4546 13639 34 4546 13640 34 4547 13641 2606 4547 13642 2607 4547 13643 34 4548 13644 2607 4548 13645 35 4548 13646 35 4549 13647 2607 4549 13648 2608 4549 13649 35 4550 13650 2608 4550 13651 2583 4550 13652 2583 4551 13653 2608 4551 13654 2584 4551 13655 2608 4552 13656 2563 4552 13657 2609 4552 13658 2608 4553 13659 2607 4553 13660 2563 4553 13661 2563 4554 13662 2607 4554 13663 2606 4554 13664 2563 4555 13665 2606 4555 13666 2555 4555 13667 2606 4556 13668 2605 4556 13669 2555 4556 13670 2555 4557 13671 2605 4557 13672 2604 4557 13673 2555 4558 13674 2604 4558 13675 2556 4558 13676 2604 4559 13677 2603 4559 13678 2556 4559 13679 2556 4560 13680 2603 4560 13681 2602 4560 13682 2556 4561 13683 2602 4561 13684 2560 4561 13685 2602 4562 13686 2601 4562 13687 2560 4562 13688 2560 4563 13689 2601 4563 13690 2600 4563 13691 2560 4564 13692 2600 4564 13693 2566 4564 13694 2600 4565 13695 2599 4565 13696 2566 4565 13697 2566 4566 13698 2599 4566 13699 2598 4566 13700 2566 4567 13701 2598 4567 13702 2565 4567 13703 2598 4568 13704 2610 4568 13705 2565 4568 13706 2565 4569 13707 2610 4569 13708 2595 4569 13709 2565 4570 13710 2595 4570 13711 2564 4570 13712 2595 4571 13713 2594 4571 13714 2564 4571 13715 2564 4572 13716 2594 4572 13717 2593 4572 13718 2564 4573 13719 2593 4573 13720 2559 4573 13721 2593 4574 13722 2592 4574 13723 2559 4574 13724 2559 4575 13725 2592 4575 13726 2591 4575 13727 2559 4576 13728 2591 4576 13729 2558 4576 13730 2591 4577 13731 2590 4577 13732 2558 4577 13733 2558 4578 13734 2590 4578 13735 2589 4578 13736 2558 4579 13737 2589 4579 13738 2557 4579 13739 2589 4580 13740 2588 4580 13741 2557 4580 13742 2557 4581 13743 2588 4581 13744 2587 4581 13745 2557 4582 13746 2587 4582 13747 2561 4582 13748 2587 4583 13749 2586 4583 13750 2561 4583 13751 2561 4584 13752 2586 4584 13753 2585 4584 13754 2561 4585 13755 2585 4585 13756 2609 4585 13757 2609 4586 13758 2585 4586 13759 2611 4586 13760 2609 4587 13761 2611 4587 13762 2608 4587 13763 2572 4588 13764 2612 4588 13765 2613 4588 13766 2572 4589 13767 2613 4589 13768 2570 4589 13769 2570 4590 13770 2613 4590 13771 2614 4590 13772 2570 4591 13773 2614 4591 13774 2571 4591 13775 2571 4592 13776 2614 4592 13777 2615 4592 13778 2571 4593 13779 2615 4593 13780 2573 4593 13781 2575 4594 13782 2616 4594 13783 2617 4594 13784 2575 4595 13785 2617 4595 13786 2576 4595 13787 2576 4596 13788 2617 4596 13789 2618 4596 13790 2576 4597 13791 2618 4597 13792 2577 4597 13793 2577 4598 13794 2618 4598 13795 2619 4598 13796 2577 4599 13797 2619 4599 13798 2582 4599 13799 2580 4600 13800 2620 4600 13801 2621 4600 13802 2580 4601 13803 2621 4601 13804 2578 4601 13805 2578 4602 13806 2621 4602 13807 2622 4602 13808 2578 4603 13809 2622 4603 13810 2579 4603 13811 2579 4604 13812 2622 4604 13813 2623 4604 13814 2579 4605 13815 2623 4605 13816 2581 4605 13817 2567 4606 13818 2624 4606 13819 2625 4606 13820 2567 4607 13821 2625 4607 13822 2568 4607 13823 2568 4608 13824 2625 4608 13825 2626 4608 13826 2568 4609 13827 2626 4609 13828 2569 4609 13829 2569 4610 13830 2626 4610 13831 2627 4610 13832 2569 4611 13833 2627 4611 13834 2574 4611 13835 2624 4612 13836 2567 4612 13837 2623 4612 13838 2623 4613 13839 2567 4613 13840 2581 4613 13841 2620 4614 13842 2580 4614 13843 2619 4614 13844 2619 4615 13845 2580 4615 13846 2582 4615 13847 2612 4616 13848 2572 4616 13849 2627 4616 13850 2627 4617 13851 2572 4617 13852 2574 4617 13853 2535 4618 13854 2533 4618 13855 2615 4618 13856 2615 4619 13857 2533 4619 13858 2532 4619 13859 2615 4620 13860 2532 4620 13861 2573 4620 13862 2573 4621 13863 2532 4621 13864 2529 4621 13865 2573 4622 13866 2529 4622 13867 2527 4622 13868 2551 4623 13869 2549 4623 13870 2616 4623 13871 2616 4624 13872 2549 4624 13873 2548 4624 13874 2616 4625 13875 2548 4625 13876 2615 4625 13877 2615 4626 13878 2548 4626 13879 2537 4626 13880 2615 4627 13881 2537 4627 13882 2535 4627 13883 2527 4628 13884 2525 4628 13885 2573 4628 13886 2573 4629 13887 2525 4629 13888 2524 4629 13889 2573 4630 13890 2524 4630 13891 2575 4630 13892 2575 4631 13893 2524 4631 13894 2545 4631 13895 2575 4632 13896 2545 4632 13897 2543 4632 13898 2543 4633 13899 2541 4633 13900 2575 4633 13901 2575 4634 13902 2541 4634 13903 2540 4634 13904 2575 4635 13905 2540 4635 13906 2616 4635 13907 2616 4636 13908 2540 4636 13909 2553 4636 13910 2616 4637 13911 2553 4637 13912 2551 4637 13913 496 4638 13914 2628 4638 13915 2629 4638 13916 138 4639 13917 137 4639 13918 496 4639 13919 496 4640 13920 2629 4640 13921 138 4640 13922 138 4641 13923 2629 4641 13924 2630 4641 13925 138 4642 13926 2630 4642 13927 161 4642 13928 161 4643 13929 2630 4643 13930 2631 4643 13931 161 4644 13932 2631 4644 13933 159 4644 13934 164 4645 13935 111 4645 13936 113 4645 13937 117 4646 13938 2632 4646 13939 2633 4646 13940 117 4647 13941 2633 4647 13942 115 4647 13943 115 4648 13944 2633 4648 13945 2634 4648 13946 115 4649 13947 2634 4649 13948 113 4649 13949 113 4650 13950 2634 4650 13951 2635 4650 13952 113 4651 13953 2635 4651 13954 164 4651 13955 717 4652 13956 2636 4652 13957 2637 4652 13958 82 4653 13959 81 4653 13960 717 4653 13961 717 4654 13962 2637 4654 13963 82 4654 13964 82 4655 13965 2637 4655 13966 2638 4655 13967 82 4656 13968 2638 4656 13969 105 4656 13970 105 4657 13971 2638 4657 13972 2639 4657 13973 105 4658 13974 2639 4658 13975 103 4658 13976 168 4659 13977 139 4659 13978 141 4659 13979 145 4660 13980 2640 4660 13981 2641 4660 13982 145 4661 13983 2641 4661 13984 143 4661 13985 143 4662 13986 2641 4662 13987 2642 4662 13988 143 4663 13989 2642 4663 13990 141 4663 13991 141 4664 13992 2642 4664 13993 2643 4664 13994 141 4665 13995 2643 4665 13996 168 4665 13997 714 4666 13998 2644 4666 13999 2645 4666 14000 54 4667 14001 53 4667 14002 714 4667 14003 714 4668 14004 2645 4668 14005 54 4668 14006 54 4669 14007 2645 4669 14008 2646 4669 14009 54 4670 14010 2646 4670 14011 77 4670 14012 77 4671 14013 2646 4671 14014 2647 4671 14015 77 4672 14016 2647 4672 14017 75 4672 14018 170 4673 14019 83 4673 14020 85 4673 14021 89 4674 14022 2648 4674 14023 2649 4674 14024 89 4675 14025 2649 4675 14026 87 4675 14027 87 4676 14028 2649 4676 14029 2650 4676 14030 87 4677 14031 2650 4677 14032 85 4677 14033 85 4678 14034 2650 4678 14035 2651 4678 14036 85 4679 14037 2651 4679 14038 170 4679 14039 166 4680 14040 55 4680 14041 57 4680 14042 61 4681 14043 2652 4681 14044 2653 4681 14045 61 4682 14046 2653 4682 14047 59 4682 14048 59 4683 14049 2653 4683 14050 2654 4683 14051 59 4684 14052 2654 4684 14053 57 4684 14054 57 4685 14055 2654 4685 14056 2655 4685 14057 57 4686 14058 2655 4686 14059 166 4686 14060 489 4687 14061 2656 4687 14062 2657 4687 14063 110 4688 14064 109 4688 14065 489 4688 14066 489 4689 14067 2657 4689 14068 110 4689 14069 110 4690 14070 2657 4690 14071 2658 4690 14072 110 4691 14073 2658 4691 14074 133 4691 14075 133 4692 14076 2658 4692 14077 2659 4692 14078 133 4693 14079 2659 4693 14080 131 4693 14081 159 4694 14082 2631 4694 14083 2660 4694 14084 159 4695 14085 2660 4695 14086 157 4695 14087 157 4696 14088 2660 4696 14089 2661 4696 14090 157 4697 14091 2661 4697 14092 155 4697 14093 155 4698 14094 2661 4698 14095 2662 4698 14096 155 4699 14097 2662 4699 14098 153 4699 14099 153 4700 14100 2662 4700 14101 2663 4700 14102 153 4701 14103 2663 4701 14104 151 4701 14105 151 4702 14106 2663 4702 14107 2664 4702 14108 151 4703 14109 2664 4703 14110 149 4703 14111 149 4704 14112 2664 4704 14113 2665 4704 14114 149 4705 14115 2665 4705 14116 147 4705 14117 147 4706 14118 2665 4706 14119 2640 4706 14120 147 4707 14121 2640 4707 14122 145 4707 14123 75 4708 14124 2647 4708 14125 2666 4708 14126 75 4709 14127 2666 4709 14128 73 4709 14129 73 4710 14130 2666 4710 14131 2667 4710 14132 73 4711 14133 2667 4711 14134 71 4711 14135 71 4712 14136 2667 4712 14137 2668 4712 14138 71 4713 14139 2668 4713 14140 69 4713 14141 69 4714 14142 2668 4714 14143 2669 4714 14144 69 4715 14145 2669 4715 14146 67 4715 14147 67 4716 14148 2669 4716 14149 2670 4716 14150 67 4717 14151 2670 4717 14152 65 4717 14153 65 4718 14154 2670 4718 14155 2671 4718 14156 65 4719 14157 2671 4719 14158 63 4719 14159 63 4720 14160 2671 4720 14161 2652 4720 14162 63 4721 14163 2652 4721 14164 61 4721 14165 103 4722 14166 2639 4722 14167 2672 4722 14168 103 4723 14169 2672 4723 14170 101 4723 14171 101 4724 14172 2672 4724 14173 2673 4724 14174 101 4725 14175 2673 4725 14176 99 4725 14177 99 4726 14178 2673 4726 14179 2674 4726 14180 99 4727 14181 2674 4727 14182 97 4727 14183 97 4728 14184 2674 4728 14185 2675 4728 14186 97 4729 14187 2675 4729 14188 95 4729 14189 95 4730 14190 2675 4730 14191 2676 4730 14192 95 4731 14193 2676 4731 14194 93 4731 14195 93 4732 14196 2676 4732 14197 2677 4732 14198 93 4733 14199 2677 4733 14200 91 4733 14201 91 4734 14202 2677 4734 14203 2648 4734 14204 91 4735 14205 2648 4735 14206 89 4735 14207 131 4736 14208 2659 4736 14209 2678 4736 14210 131 4737 14211 2678 4737 14212 129 4737 14213 129 4738 14214 2678 4738 14215 2679 4738 14216 129 4739 14217 2679 4739 14218 127 4739 14219 127 4740 14220 2679 4740 14221 2680 4740 14222 127 4741 14223 2680 4741 14224 125 4741 14225 125 4742 14226 2680 4742 14227 2681 4742 14228 125 4743 14229 2681 4743 14230 123 4743 14231 123 4744 14232 2681 4744 14233 2682 4744 14234 123 4745 14235 2682 4745 14236 121 4745 14237 121 4746 14238 2682 4746 14239 2683 4746 14240 121 4747 14241 2683 4747 14242 119 4747 14243 119 4748 14244 2683 4748 14245 2632 4748 14246 119 4749 14247 2632 4749 14248 117 4749 14249 2624 4750 14250 2512 4750 14251 2511 4750 14252 2684 4751 14253 2685 4751 14254 2678 4751 14255 2521 4752 14256 2670 4752 14257 2510 4752 14258 2510 4753 14259 2670 4753 14260 2669 4753 14261 2510 4754 14262 2669 4754 14263 2511 4754 14264 2511 4755 14265 2669 4755 14266 2668 4755 14267 2675 4756 14268 2686 4756 14269 2687 4756 14270 2625 4757 14271 2624 4757 14272 2666 4757 14273 2666 4758 14274 2624 4758 14275 2511 4758 14276 2666 4759 14277 2511 4759 14278 2667 4759 14279 2667 4760 14280 2511 4760 14281 2668 4760 14282 2688 4761 14283 2689 4761 14284 2612 4761 14285 2612 4762 14286 2689 4762 14287 2690 4762 14288 2678 4763 14289 2685 4763 14290 2679 4763 14291 2663 4764 14292 2662 4764 14293 2691 4764 14294 2625 4765 14295 2666 4765 14296 2626 4765 14297 2626 4766 14298 2666 4766 14299 2647 4766 14300 2626 4767 14301 2647 4767 14302 2646 4767 14303 2688 4768 14304 2612 4768 14305 2692 4768 14306 2692 4769 14307 2612 4769 14308 2627 4769 14309 2692 4770 14310 2627 4770 14311 2693 4770 14312 2693 4771 14313 2627 4771 14314 2626 4771 14315 2693 4772 14316 2626 4772 14317 2644 4772 14318 2644 4773 14319 2626 4773 14320 2646 4773 14321 2644 4774 14322 2646 4774 14323 2645 4774 14324 2521 4775 14325 2520 4775 14326 2670 4775 14327 2670 4776 14328 2520 4776 14329 2519 4776 14330 2670 4777 14331 2519 4777 14332 2671 4777 14333 2671 4778 14334 2519 4778 14335 2518 4778 14336 2671 4779 14337 2518 4779 14338 2652 4779 14339 2652 4780 14340 2518 4780 14341 2517 4780 14342 2652 4781 14343 2517 4781 14344 2653 4781 14345 2653 4782 14346 2517 4782 14347 2516 4782 14348 2653 4783 14349 2516 4783 14350 2654 4783 14351 2654 4784 14352 2516 4784 14353 2655 4784 14354 2694 4785 14355 2695 4785 14356 2515 4785 14357 2515 4786 14358 2695 4786 14359 2696 4786 14360 2515 4787 14361 2696 4787 14362 2516 4787 14363 2516 4788 14364 2696 4788 14365 2697 4788 14366 2516 4789 14367 2697 4789 14368 2655 4789 14369 2698 4790 14370 2699 4790 14371 2613 4790 14372 2651 4791 14373 2650 4791 14374 2649 4791 14375 2685 4792 14376 2700 4792 14377 2679 4792 14378 2679 4793 14379 2700 4793 14380 2701 4793 14381 2679 4794 14382 2701 4794 14383 2680 4794 14384 2680 4795 14385 2701 4795 14386 2702 4795 14387 2680 4796 14388 2702 4796 14389 2681 4796 14390 2681 4797 14391 2702 4797 14392 2703 4797 14393 2681 4798 14394 2703 4798 14395 2682 4798 14396 2704 4799 14397 2705 4799 14398 2706 4799 14399 2706 4800 14400 2705 4800 14401 2707 4800 14402 2706 4801 14403 2707 4801 14404 2703 4801 14405 2703 4802 14406 2707 4802 14407 2708 4802 14408 2703 4803 14409 2708 4803 14410 2635 4803 14411 2618 4804 14412 2617 4804 14413 2662 4804 14414 2649 4805 14415 2648 4805 14416 2651 4805 14417 2651 4806 14418 2648 4806 14419 2677 4806 14420 2651 4807 14421 2677 4807 14422 2687 4807 14423 2687 4808 14424 2677 4808 14425 2676 4808 14426 2687 4809 14427 2676 4809 14428 2675 4809 14429 2624 4810 14430 2623 4810 14431 2512 4810 14432 2512 4811 14433 2623 4811 14434 2622 4811 14435 2512 4812 14436 2622 4812 14437 2513 4812 14438 2513 4813 14439 2622 4813 14440 2621 4813 14441 2513 4814 14442 2621 4814 14443 2514 4814 14444 2657 4815 14445 2656 4815 14446 2709 4815 14447 2709 4816 14448 2656 4816 14449 2710 4816 14450 2709 4817 14451 2710 4817 14452 2711 4817 14453 2712 4818 14454 2713 4818 14455 2662 4818 14456 2662 4819 14457 2713 4819 14458 2714 4819 14459 2634 4820 14460 2633 4820 14461 2635 4820 14462 2635 4821 14463 2633 4821 14464 2632 4821 14465 2635 4822 14466 2632 4822 14467 2703 4822 14468 2703 4823 14469 2632 4823 14470 2683 4823 14471 2703 4824 14472 2683 4824 14473 2682 4824 14474 2613 4825 14475 2699 4825 14476 2614 4825 14477 2614 4826 14478 2699 4826 14479 2715 4826 14480 2614 4827 14481 2715 4827 14482 2615 4827 14483 2615 4828 14484 2715 4828 14485 2716 4828 14486 2615 4829 14487 2716 4829 14488 2616 4829 14489 2714 4830 14490 2704 4830 14491 2662 4830 14492 2662 4831 14493 2704 4831 14494 2706 4831 14495 2662 4832 14496 2706 4832 14497 2618 4832 14498 2618 4833 14499 2706 4833 14500 2717 4833 14501 2618 4834 14502 2717 4834 14503 2619 4834 14504 2619 4835 14505 2717 4835 14506 2718 4835 14507 2619 4836 14508 2718 4836 14509 2620 4836 14510 2616 4837 14511 2716 4837 14512 2617 4837 14513 2617 4838 14514 2716 4838 14515 2719 4838 14516 2617 4839 14517 2719 4839 14518 2662 4839 14519 2662 4840 14520 2719 4840 14521 2720 4840 14522 2662 4841 14523 2720 4841 14524 2691 4841 14525 2710 4842 14526 2721 4842 14527 2711 4842 14528 2711 4843 14529 2721 4843 14530 2722 4843 14531 2711 4844 14532 2722 4844 14533 2694 4844 14534 2718 4845 14535 2711 4845 14536 2620 4845 14537 2620 4846 14538 2711 4846 14539 2694 4846 14540 2620 4847 14541 2694 4847 14542 2621 4847 14543 2621 4848 14544 2694 4848 14545 2515 4848 14546 2621 4849 14547 2515 4849 14548 2514 4849 14549 2684 4850 14550 2678 4850 14551 2723 4850 14552 2723 4851 14553 2678 4851 14554 2659 4851 14555 2723 4852 14556 2659 4852 14557 2709 4852 14558 2709 4853 14559 2659 4853 14560 2658 4853 14561 2709 4854 14562 2658 4854 14563 2657 4854 14564 2638 4855 14565 2637 4855 14566 2639 4855 14567 2639 4856 14568 2637 4856 14569 2636 4856 14570 2639 4857 14571 2636 4857 14572 2672 4857 14573 2672 4858 14574 2636 4858 14575 2698 4858 14576 2672 4859 14577 2698 4859 14578 2673 4859 14579 2673 4860 14580 2698 4860 14581 2613 4860 14582 2673 4861 14583 2613 4861 14584 2674 4861 14585 2674 4862 14586 2613 4862 14587 2612 4862 14588 2674 4863 14589 2612 4863 14590 2675 4863 14591 2675 4864 14592 2612 4864 14593 2690 4864 14594 2675 4865 14595 2690 4865 14596 2686 4865 14597 2630 4866 14598 2629 4866 14599 2631 4866 14600 2631 4867 14601 2629 4867 14602 2628 4867 14603 2631 4868 14604 2628 4868 14605 2660 4868 14606 2660 4869 14607 2628 4869 14608 2712 4869 14609 2660 4870 14610 2712 4870 14611 2661 4870 14612 2661 4871 14613 2712 4871 14614 2662 4871 14615 2643 4872 14616 2642 4872 14617 2641 4872 14618 2641 4873 14619 2640 4873 14620 2643 4873 14621 2643 4874 14622 2640 4874 14623 2665 4874 14624 2643 4875 14625 2665 4875 14626 2691 4875 14627 2691 4876 14628 2665 4876 14629 2664 4876 14630 2691 4877 14631 2664 4877 14632 2663 4877 14633 2693 4878 14634 713 4878 14635 773 4878 14636 2693 4879 14637 773 4879 14638 2692 4879 14639 773 4880 14640 765 4880 14641 2692 4880 14642 2692 4881 14643 765 4881 14644 763 4881 14645 2692 4882 14646 763 4882 14647 2688 4882 14648 763 4883 14649 761 4883 14650 2688 4883 14651 2688 4884 14652 761 4884 14653 759 4884 14654 2688 4885 14655 759 4885 14656 2689 4885 14657 759 4886 14658 757 4886 14659 2689 4886 14660 2689 4887 14661 757 4887 14662 755 4887 14663 2689 4888 14664 755 4888 14665 2690 4888 14666 755 4889 14667 753 4889 14668 2690 4889 14669 2690 4890 14670 753 4890 14671 751 4890 14672 2690 4891 14673 751 4891 14674 2686 4891 14675 2686 4892 14676 751 4892 14677 749 4892 14678 2686 4893 14679 749 4893 14680 2687 4893 14681 2687 4894 14682 749 4894 14683 747 4894 14684 2687 4895 14685 747 4895 14686 745 4895 14687 2698 4896 14688 706 4896 14689 2699 4896 14690 2699 4897 14691 706 4897 14692 704 4897 14693 704 4898 14694 703 4898 14695 2699 4898 14696 2699 4899 14697 703 4899 14698 695 4899 14699 2699 4900 14700 695 4900 14701 2715 4900 14702 2715 4901 14703 695 4901 14704 693 4901 14705 2715 4902 14706 693 4902 14707 2716 4902 14708 693 4903 14709 691 4903 14710 2716 4903 14711 2716 4904 14712 691 4904 14713 690 4904 14714 2716 4905 14715 690 4905 14716 2719 4905 14717 2719 4906 14718 690 4906 14719 689 4906 14720 689 4907 14721 688 4907 14722 2719 4907 14723 2719 4908 14724 688 4908 14725 687 4908 14726 2719 4909 14727 687 4909 14728 2720 4909 14729 658 4910 14730 2691 4910 14731 685 4910 14732 685 4911 14733 2691 4911 14734 2720 4911 14735 685 4912 14736 2720 4912 14737 686 4912 14738 686 4913 14739 2720 4913 14740 687 4913 14741 170 4914 14742 2651 4914 14743 745 4914 14744 745 4915 14745 2651 4915 14746 2687 4915 14747 713 4916 14748 2693 4916 14749 714 4916 14750 714 4917 14751 2693 4917 14752 2644 4917 14753 168 4918 14754 2643 4918 14755 658 4918 14756 658 4919 14757 2643 4919 14758 2691 4919 14759 706 4920 14760 2698 4920 14761 717 4920 14762 717 4921 14763 2698 4921 14764 2636 4921 14765 528 4922 14766 2722 4922 14767 536 4922 14768 536 4923 14769 2722 4923 14770 2721 4923 14771 536 4924 14772 2721 4924 14773 537 4924 14774 537 4925 14775 2721 4925 14776 2710 4925 14777 537 4926 14778 2710 4926 14779 490 4926 14780 528 4927 14781 526 4927 14782 2722 4927 14783 2722 4928 14784 526 4928 14785 524 4928 14786 2722 4929 14787 524 4929 14788 2694 4929 14789 524 4930 14790 523 4930 14791 2694 4930 14792 2694 4931 14793 523 4931 14794 522 4931 14795 2694 4932 14796 522 4932 14797 2695 4932 14798 522 4933 14799 521 4933 14800 2695 4933 14801 2695 4934 14802 521 4934 14803 520 4934 14804 2695 4935 14805 520 4935 14806 2696 4935 14807 2696 4936 14808 520 4936 14809 519 4936 14810 2696 4937 14811 519 4937 14812 2697 4937 14813 2697 4938 14814 519 4938 14815 518 4938 14816 2697 4939 14817 518 4939 14818 517 4939 14819 2713 4940 14820 2712 4940 14821 485 4940 14822 485 4941 14823 481 4941 14824 2713 4941 14825 2713 4942 14826 481 4942 14827 473 4942 14828 2713 4943 14829 473 4943 14830 2714 4943 14831 473 4944 14832 471 4944 14833 2714 4944 14834 2714 4945 14835 471 4945 14836 469 4945 14837 2714 4946 14838 469 4946 14839 2704 4946 14840 469 4947 14841 467 4947 14842 2704 4947 14843 2704 4948 14844 467 4948 14845 465 4948 14846 2704 4949 14847 465 4949 14848 2705 4949 14849 465 4950 14850 463 4950 14851 2705 4950 14852 2705 4951 14853 463 4951 14854 461 4951 14855 2705 4952 14856 461 4952 14857 2707 4952 14858 461 4953 14859 459 4953 14860 2707 4953 14861 2707 4954 14862 459 4954 14863 457 4954 14864 2707 4955 14865 457 4955 14866 2708 4955 14867 2708 4956 14868 457 4956 14869 455 4956 14870 2708 4957 14871 455 4957 14872 423 4957 14873 166 4958 14874 2655 4958 14875 517 4958 14876 517 4959 14877 2655 4959 14878 2697 4959 14879 490 4960 14880 2710 4960 14881 489 4960 14882 489 4961 14883 2710 4961 14884 2656 4961 14885 485 4962 14886 2712 4962 14887 496 4962 14888 496 4963 14889 2712 4963 14890 2628 4963 14891 164 4964 14892 2635 4964 14893 423 4964 14894 423 4965 14895 2635 4965 14896 2708 4965 14897 2724 4966 14898 2725 4966 14899 2726 4966 14900 2726 4967 14901 2725 4967 14902 2727 4967 14903 2726 4968 14904 2727 4968 14905 2728 4968 14906 2729 4969 14907 2730 4969 14908 2726 4969 14909 2726 4970 14910 2730 4970 14911 2731 4970 14912 2726 4971 14913 2731 4971 14914 2724 4971 14915 2732 4972 14916 2733 4972 14917 2726 4972 14918 2726 4973 14919 2733 4973 14920 2734 4973 14921 2726 4974 14922 2734 4974 14923 2729 4974 14924 2728 4975 14925 2735 4975 14926 2726 4975 14927 2726 4976 14928 2735 4976 14929 2736 4976 14930 2726 4977 14931 2736 4977 14932 2732 4977 14933 2737 4978 14934 2684 4978 14935 2738 4978 14936 2738 4979 14937 2684 4979 14938 2723 4979 14939 2738 4980 14940 2723 4980 14941 2739 4980 14942 2739 4981 14943 2723 4981 14944 2709 4981 14945 2739 4982 14946 2709 4982 14947 2740 4982 14948 2740 4983 14949 2709 4983 14950 2711 4983 14951 2740 4984 14952 2711 4984 14953 2741 4984 14954 2741 4985 14955 2711 4985 14956 2718 4985 14957 2741 4986 14958 2718 4986 14959 2742 4986 14960 2742 4987 14961 2718 4987 14962 2717 4987 14963 2742 4988 14964 2717 4988 14965 2743 4988 14966 2743 4989 14967 2717 4989 14968 2706 4989 14969 2743 4990 14970 2706 4990 14971 2744 4990 14972 2744 4991 14973 2706 4991 14974 2703 4991 14975 2744 4992 14976 2703 4992 14977 2745 4992 14978 2745 4993 14979 2703 4993 14980 2702 4993 14981 2745 4994 14982 2702 4994 14983 2746 4994 14984 2746 4995 14985 2702 4995 14986 2701 4995 14987 2746 4996 14988 2701 4996 14989 2747 4996 14990 2747 4997 14991 2701 4997 14992 2700 4997 14993 2747 4998 14994 2700 4998 14995 2748 4998 14996 2748 4999 14997 2700 4999 14998 2685 4999 14999 2748 5000 15000 2685 5000 15001 2737 5000 15002 2737 5001 15003 2685 5001 15004 2684 5001 15005 2743 5002 15006 2749 5002 15007 2742 5002 15008 2742 5003 15009 2749 5003 15010 2750 5003 15011 2742 5004 15012 2750 5004 15013 2741 5004 15014 2741 5005 15015 2750 5005 15016 2751 5005 15017 2741 5006 15018 2751 5006 15019 2740 5006 15020 2740 5007 15021 2751 5007 15022 2752 5007 15023 2740 5008 15024 2752 5008 15025 2739 5008 15026 2739 5009 15027 2752 5009 15028 2753 5009 15029 2739 5010 15030 2753 5010 15031 2738 5010 15032 2738 5011 15033 2753 5011 15034 2754 5011 15035 2738 5012 15036 2754 5012 15037 2737 5012 15038 2737 5013 15039 2754 5013 15040 2755 5013 15041 2737 5014 15042 2755 5014 15043 2748 5014 15044 2748 5015 15045 2755 5015 15046 2756 5015 15047 2748 5016 15048 2756 5016 15049 2747 5016 15050 2747 5017 15051 2756 5017 15052 2757 5017 15053 2747 5018 15054 2757 5018 15055 2746 5018 15056 2746 5019 15057 2757 5019 15058 2758 5019 15059 2746 5020 15060 2758 5020 15061 2745 5020 15062 2745 5021 15063 2758 5021 15064 2759 5021 15065 2745 5022 15066 2759 5022 15067 2744 5022 15068 2744 5023 15069 2759 5023 15070 2760 5023 15071 2744 5024 15072 2760 5024 15073 2743 5024 15074 2743 5025 15075 2760 5025 15076 2749 5025 15077 2760 5026 15078 2761 5026 15079 2749 5026 15080 2749 5027 15081 2761 5027 15082 2762 5027 15083 2749 5028 15084 2762 5028 15085 2750 5028 15086 2750 5029 15087 2762 5029 15088 2763 5029 15089 2750 5030 15090 2763 5030 15091 2751 5030 15092 2751 5031 15093 2763 5031 15094 2764 5031 15095 2751 5032 15096 2764 5032 15097 2752 5032 15098 2752 5033 15099 2764 5033 15100 2765 5033 15101 2752 5034 15102 2765 5034 15103 2753 5034 15104 2753 5035 15105 2765 5035 15106 2766 5035 15107 2753 5036 15108 2766 5036 15109 2754 5036 15110 2754 5037 15111 2766 5037 15112 2767 5037 15113 2754 5038 15114 2767 5038 15115 2755 5038 15116 2755 5039 15117 2767 5039 15118 2768 5039 15119 2755 5040 15120 2768 5040 15121 2756 5040 15122 2756 5041 15123 2768 5041 15124 2769 5041 15125 2756 5042 15126 2769 5042 15127 2757 5042 15128 2757 5043 15129 2769 5043 15130 2770 5043 15131 2757 5044 15132 2770 5044 15133 2758 5044 15134 2758 5045 15135 2770 5045 15136 2771 5045 15137 2758 5046 15138 2771 5046 15139 2759 5046 15140 2759 5047 15141 2771 5047 15142 2772 5047 15143 2759 5048 15144 2772 5048 15145 2760 5048 15146 2760 5049 15147 2772 5049 15148 2761 5049 15149 2772 5050 15150 2725 5050 15151 2761 5050 15152 2761 5051 15153 2725 5051 15154 2724 5051 15155 2761 5052 15156 2724 5052 15157 2762 5052 15158 2762 5053 15159 2724 5053 15160 2731 5053 15161 2762 5054 15162 2731 5054 15163 2763 5054 15164 2763 5055 15165 2731 5055 15166 2730 5055 15167 2763 5056 15168 2730 5056 15169 2764 5056 15170 2764 5057 15171 2730 5057 15172 2729 5057 15173 2764 5058 15174 2729 5058 15175 2765 5058 15176 2765 5059 15177 2729 5059 15178 2734 5059 15179 2765 5060 15180 2734 5060 15181 2766 5060 15182 2766 5061 15183 2734 5061 15184 2733 5061 15185 2766 5062 15186 2733 5062 15187 2767 5062 15188 2767 5063 15189 2733 5063 15190 2732 5063 15191 2767 5064 15192 2732 5064 15193 2768 5064 15194 2768 5065 15195 2732 5065 15196 2736 5065 15197 2768 5066 15198 2736 5066 15199 2769 5066 15200 2769 5067 15201 2736 5067 15202 2735 5067 15203 2769 5068 15204 2735 5068 15205 2770 5068 15206 2770 5069 15207 2735 5069 15208 2728 5069 15209 2770 5070 15210 2728 5070 15211 2771 5070 15212 2771 5071 15213 2728 5071 15214 2727 5071 15215 2771 5072 15216 2727 5072 15217 2772 5072 15218 2772 5073 15219 2727 5073 15220 2725 5073 15221 1795 5074 15222 2773 5074 15223 1797 5074 15224 1797 5075 15225 2773 5075 15226 2774 5075 15227 1797 5076 15228 2774 5076 15229 1807 5076 15230 1807 5077 15231 2774 5077 15232 2775 5077 15233 1807 5078 15234 2775 5078 15235 1786 5078 15236 1786 5079 15237 2775 5079 15238 2776 5079 15239 1786 5080 15240 2776 5080 15241 1787 5080 15242 1787 5081 15243 2776 5081 15244 2777 5081 15245 1787 5082 15246 2777 5082 15247 1798 5082 15248 1798 5083 15249 2777 5083 15250 2778 5083 15251 1798 5084 15252 2778 5084 15253 1799 5084 15254 1799 5085 15255 2778 5085 15256 2779 5085 15257 1799 5086 15258 2779 5086 15259 1801 5086 15260 1801 5087 15261 2779 5087 15262 2780 5087 15263 1801 5088 15264 2780 5088 15265 1803 5088 15266 1803 5089 15267 2780 5089 15268 2781 5089 15269 1803 5090 15270 2781 5090 15271 1804 5090 15272 1804 5091 15273 2781 5091 15274 2782 5091 15275 1804 5092 15276 2782 5092 15277 1791 5092 15278 1791 5093 15279 2782 5093 15280 2783 5093 15281 1791 5094 15282 2783 5094 15283 1793 5094 15284 1793 5095 15285 2783 5095 15286 2784 5095 15287 1793 5096 15288 2784 5096 15289 1795 5096 15290 1795 5097 15291 2784 5097 15292 2773 5097 15293 2773 5098 15294 2785 5098 15295 2774 5098 15296 2774 5099 15297 2785 5099 15298 2786 5099 15299 2774 5100 15300 2786 5100 15301 2775 5100 15302 2775 5101 15303 2786 5101 15304 2787 5101 15305 2775 5102 15306 2787 5102 15307 2776 5102 15308 2776 5103 15309 2787 5103 15310 2788 5103 15311 2776 5104 15312 2788 5104 15313 2777 5104 15314 2777 5105 15315 2788 5105 15316 2789 5105 15317 2777 5106 15318 2789 5106 15319 2778 5106 15320 2778 5107 15321 2789 5107 15322 2790 5107 15323 2778 5108 15324 2790 5108 15325 2779 5108 15326 2779 5109 15327 2790 5109 15328 2791 5109 15329 2779 5110 15330 2791 5110 15331 2780 5110 15332 2780 5111 15333 2791 5111 15334 2792 5111 15335 2780 5112 15336 2792 5112 15337 2781 5112 15338 2781 5113 15339 2792 5113 15340 2793 5113 15341 2781 5114 15342 2793 5114 15343 2782 5114 15344 2782 5115 15345 2793 5115 15346 2794 5115 15347 2782 5116 15348 2794 5116 15349 2783 5116 15350 2783 5117 15351 2794 5117 15352 2795 5117 15353 2783 5118 15354 2795 5118 15355 2784 5118 15356 2784 5119 15357 2795 5119 15358 2796 5119 15359 2784 5120 15360 2796 5120 15361 2773 5120 15362 2773 5121 15363 2796 5121 15364 2785 5121 15365 2785 5122 15366 2797 5122 15367 2786 5122 15368 2786 5123 15369 2797 5123 15370 2798 5123 15371 2786 5124 15372 2798 5124 15373 2787 5124 15374 2787 5125 15375 2798 5125 15376 2799 5125 15377 2787 5126 15378 2799 5126 15379 2788 5126 15380 2788 5127 15381 2799 5127 15382 2800 5127 15383 2788 5128 15384 2800 5128 15385 2789 5128 15386 2789 5129 15387 2800 5129 15388 2801 5129 15389 2789 5130 15390 2801 5130 15391 2790 5130 15392 2790 5131 15393 2801 5131 15394 2802 5131 15395 2790 5132 15396 2802 5132 15397 2791 5132 15398 2791 5133 15399 2802 5133 15400 2803 5133 15401 2791 5134 15402 2803 5134 15403 2792 5134 15404 2792 5135 15405 2803 5135 15406 2804 5135 15407 2792 5136 15408 2804 5136 15409 2793 5136 15410 2793 5137 15411 2804 5137 15412 2805 5137 15413 2793 5138 15414 2805 5138 15415 2794 5138 15416 2794 5139 15417 2805 5139 15418 2806 5139 15419 2794 5140 15420 2806 5140 15421 2795 5140 15422 2795 5141 15423 2806 5141 15424 2807 5141 15425 2795 5142 15426 2807 5142 15427 2796 5142 15428 2796 5143 15429 2807 5143 15430 2808 5143 15431 2796 5144 15432 2808 5144 15433 2785 5144 15434 2785 5145 15435 2808 5145 15436 2797 5145 15437 1724 5146 15438 2809 5146 15439 1737 5146 15440 1737 5147 15441 2809 5147 15442 2810 5147 15443 1737 5148 15444 2810 5148 15445 1716 5148 15446 1716 5149 15447 2810 5149 15448 2811 5149 15449 1716 5150 15450 2811 5150 15451 1717 5150 15452 1717 5151 15453 2811 5151 15454 2812 5151 15455 1717 5152 15456 2812 5152 15457 1720 5152 15458 1720 5153 15459 2812 5153 15460 2813 5153 15461 1720 5154 15462 2813 5154 15463 1722 5154 15464 1722 5155 15465 2813 5155 15466 2814 5155 15467 1722 5156 15468 2814 5156 15469 1729 5156 15470 1729 5157 15471 2814 5157 15472 2815 5157 15473 1729 5158 15474 2815 5158 15475 1730 5158 15476 1730 5159 15477 2815 5159 15478 2816 5159 15479 1730 5160 15480 2816 5160 15481 1732 5160 15482 1732 5161 15483 2816 5161 15484 2817 5161 15485 1732 5162 15486 2817 5162 15487 1734 5162 15488 1734 5163 15489 2817 5163 15490 2818 5163 15491 1734 5164 15492 2818 5164 15493 1728 5164 15494 1728 5165 15495 2818 5165 15496 2819 5165 15497 1728 5166 15498 2819 5166 15499 1726 5166 15500 1726 5167 15501 2819 5167 15502 2820 5167 15503 1726 5168 15504 2820 5168 15505 1724 5168 15506 1724 5169 15507 2820 5169 15508 2809 5169 15509 1647 5170 15510 2821 5170 15511 1648 5170 15512 1648 5171 15513 2821 5171 15514 2822 5171 15515 1648 5172 15516 2822 5172 15517 1650 5172 15518 1650 5173 15519 2822 5173 15520 2823 5173 15521 1650 5174 15522 2823 5174 15523 1658 5174 15524 1658 5175 15525 2823 5175 15526 2824 5175 15527 1658 5176 15528 2824 5176 15529 1659 5176 15530 1659 5177 15531 2824 5177 15532 2825 5177 15533 1659 5178 15534 2825 5178 15535 1661 5178 15536 1661 5179 15537 2825 5179 15538 2826 5179 15539 1661 5180 15540 2826 5180 15541 1663 5180 15542 1663 5181 15543 2826 5181 15544 2827 5181 15545 1663 5182 15546 2827 5182 15547 1666 5182 15548 1666 5183 15549 2827 5183 15550 2828 5183 15551 1666 5184 15552 2828 5184 15553 1653 5184 15554 1653 5185 15555 2828 5185 15556 2829 5185 15557 1653 5186 15558 2829 5186 15559 1654 5186 15560 1654 5187 15561 2829 5187 15562 2830 5187 15563 1654 5188 15564 2830 5188 15565 1643 5188 15566 1643 5189 15567 2830 5189 15568 2831 5189 15569 1643 5190 15570 2831 5190 15571 1644 5190 15572 1644 5191 15573 2831 5191 15574 2832 5191 15575 1644 5192 15576 2832 5192 15577 1647 5192 15578 1647 5193 15579 2832 5193 15580 2821 5193 15581 2821 5194 15582 2833 5194 15583 2822 5194 15584 2822 5195 15585 2833 5195 15586 2834 5195 15587 2822 5196 15588 2834 5196 15589 2823 5196 15590 2823 5197 15591 2834 5197 15592 2835 5197 15593 2823 5198 15594 2835 5198 15595 2824 5198 15596 2824 5199 15597 2835 5199 15598 2836 5199 15599 2824 5200 15600 2836 5200 15601 2825 5200 15602 2825 5201 15603 2836 5201 15604 2837 5201 15605 2825 5202 15606 2837 5202 15607 2826 5202 15608 2826 5203 15609 2837 5203 15610 2838 5203 15611 2826 5204 15612 2838 5204 15613 2827 5204 15614 2827 5205 15615 2838 5205 15616 2839 5205 15617 2827 5206 15618 2839 5206 15619 2828 5206 15620 2828 5207 15621 2839 5207 15622 2840 5207 15623 2828 5208 15624 2840 5208 15625 2829 5208 15626 2829 5209 15627 2840 5209 15628 2841 5209 15629 2829 5210 15630 2841 5210 15631 2830 5210 15632 2830 5211 15633 2841 5211 15634 2842 5211 15635 2830 5212 15636 2842 5212 15637 2831 5212 15638 2831 5213 15639 2842 5213 15640 2843 5213 15641 2831 5214 15642 2843 5214 15643 2832 5214 15644 2832 5215 15645 2843 5215 15646 2844 5215 15647 2832 5216 15648 2844 5216 15649 2821 5216 15650 2821 5217 15651 2844 5217 15652 2833 5217 15653 2833 5218 15654 2845 5218 15655 2834 5218 15656 2834 5219 15657 2845 5219 15658 2846 5219 15659 2834 5220 15660 2846 5220 15661 2835 5220 15662 2835 5221 15663 2846 5221 15664 2847 5221 15665 2835 5222 15666 2847 5222 15667 2836 5222 15668 2836 5223 15669 2847 5223 15670 2848 5223 15671 2836 5224 15672 2848 5224 15673 2837 5224 15674 2837 5225 15675 2848 5225 15676 2849 5225 15677 2837 5226 15678 2849 5226 15679 2838 5226 15680 2838 5227 15681 2849 5227 15682 2850 5227 15683 2838 5228 15684 2850 5228 15685 2839 5228 15686 2839 5229 15687 2850 5229 15688 2851 5229 15689 2839 5230 15690 2851 5230 15691 2840 5230 15692 2840 5231 15693 2851 5231 15694 2852 5231 15695 2840 5232 15696 2852 5232 15697 2841 5232 15698 2841 5233 15699 2852 5233 15700 2853 5233 15701 2841 5234 15702 2853 5234 15703 2842 5234 15704 2842 5235 15705 2853 5235 15706 2854 5235 15707 2842 5236 15708 2854 5236 15709 2843 5236 15710 2843 5237 15711 2854 5237 15712 2855 5237 15713 2843 5238 15714 2855 5238 15715 2844 5238 15716 2844 5239 15717 2855 5239 15718 2856 5239 15719 2844 5240 15720 2856 5240 15721 2833 5240 15722 2833 5241 15723 2856 5241 15724 2845 5241 15725 1581 5242 15726 2857 5242 15727 1579 5242 15728 1579 5243 15729 2857 5243 15730 2858 5243 15731 1579 5244 15732 2858 5244 15733 1577 5244 15734 1577 5245 15735 2858 5245 15736 2859 5245 15737 1577 5246 15738 2859 5246 15739 1575 5246 15740 1575 5247 15741 2859 5247 15742 2860 5247 15743 1575 5248 15744 2860 5248 15745 1573 5248 15746 1573 5249 15747 2860 5249 15748 2861 5249 15749 1573 5250 15750 2861 5250 15751 1586 5250 15752 1586 5251 15753 2861 5251 15754 2862 5251 15755 1586 5252 15756 2862 5252 15757 1584 5252 15758 1584 5253 15759 2862 5253 15760 2863 5253 15761 1584 5254 15762 2863 5254 15763 1595 5254 15764 1595 5255 15765 2863 5255 15766 2864 5255 15767 1595 5256 15768 2864 5256 15769 1593 5256 15770 1593 5257 15771 2864 5257 15772 2865 5257 15773 1593 5258 15774 2865 5258 15775 1591 5258 15776 1591 5259 15777 2865 5259 15778 2866 5259 15779 1591 5260 15780 2866 5260 15781 1589 5260 15782 1589 5261 15783 2866 5261 15784 2867 5261 15785 1589 5262 15786 2867 5262 15787 1583 5262 15788 1583 5263 15789 2867 5263 15790 2868 5263 15791 1583 5264 15792 2868 5264 15793 1581 5264 15794 1581 5265 15795 2868 5265 15796 2857 5265 15797 2869 5266 15798 2870 5266 15799 2871 5266 15800 2872 5267 15801 2873 5267 15802 2871 5267 15803 2871 5268 15804 2873 5268 15805 2874 5268 15806 2871 5269 15807 2874 5269 15808 2869 5269 15809 2875 5270 15810 2876 5270 15811 2871 5270 15812 2871 5271 15813 2876 5271 15814 2877 5271 15815 2871 5272 15816 2877 5272 15817 2872 5272 15818 2878 5273 15819 2879 5273 15820 2871 5273 15821 2871 5274 15822 2879 5274 15823 2880 5274 15824 2871 5275 15825 2880 5275 15826 2875 5275 15827 2881 5276 15828 2882 5276 15829 2871 5276 15830 2871 5277 15831 2882 5277 15832 2883 5277 15833 2871 5278 15834 2883 5278 15835 2878 5278 15836 2884 5279 15837 2885 5279 15838 2871 5279 15839 2871 5280 15840 2885 5280 15841 2886 5280 15842 2871 5281 15843 2886 5281 15844 2881 5281 15845 2887 5282 15846 2888 5282 15847 2871 5282 15848 2871 5283 15849 2888 5283 15850 2889 5283 15851 2871 5284 15852 2889 5284 15853 2884 5284 15854 2890 5285 15855 2891 5285 15856 2871 5285 15857 2871 5286 15858 2891 5286 15859 2892 5286 15860 2871 5287 15861 2892 5287 15862 2887 5287 15863 2893 5288 15864 2894 5288 15865 2871 5288 15866 2871 5289 15867 2894 5289 15868 2895 5289 15869 2871 5290 15870 2895 5290 15871 2890 5290 15872 2896 5291 15873 2897 5291 15874 2871 5291 15875 2871 5292 15876 2897 5292 15877 2898 5292 15878 2871 5293 15879 2898 5293 15880 2893 5293 15881 2870 5294 15882 2899 5294 15883 2871 5294 15884 2871 5295 15885 2899 5295 15886 2900 5295 15887 2871 5296 15888 2900 5296 15889 2896 5296 15890 1428 5297 15891 2901 5297 15892 2902 5297 15893 2902 5298 15894 2903 5298 15895 1428 5298 15896 1428 5299 15897 2903 5299 15898 2904 5299 15899 1428 5300 15900 2904 5300 15901 1429 5300 15902 2904 5301 15903 2905 5301 15904 1429 5301 15905 1429 5302 15906 2905 5302 15907 2906 5302 15908 1429 5303 15909 2906 5303 15910 1430 5303 15911 2906 5304 15912 2907 5304 15913 1430 5304 15914 1430 5305 15915 2907 5305 15916 2908 5305 15917 1430 5306 15918 2908 5306 15919 1431 5306 15920 2908 5307 15921 2909 5307 15922 1431 5307 15923 1431 5308 15924 2909 5308 15925 2910 5308 15926 1431 5309 15927 2910 5309 15928 1432 5309 15929 2910 5310 15930 2911 5310 15931 1432 5310 15932 1432 5311 15933 2911 5311 15934 2912 5311 15935 1432 5312 15936 2912 5312 15937 1433 5312 15938 2912 5313 15939 2913 5313 15940 1433 5313 15941 1433 5314 15942 2913 5314 15943 2914 5314 15944 1433 5315 15945 2914 5315 15946 1434 5315 15947 2914 5316 15948 2915 5316 15949 1434 5316 15950 1434 5317 15951 2915 5317 15952 2916 5317 15953 1434 5318 15954 2916 5318 15955 1435 5318 15956 2916 5319 15957 2917 5319 15958 1435 5319 15959 1435 5320 15960 2917 5320 15961 2918 5320 15962 1435 5321 15963 2918 5321 15964 1436 5321 15965 2918 5322 15966 2919 5322 15967 1436 5322 15968 1436 5323 15969 2919 5323 15970 2920 5323 15971 1436 5324 15972 2920 5324 15973 1437 5324 15974 2920 5325 15975 2921 5325 15976 1437 5325 15977 1437 5326 15978 2921 5326 15979 2922 5326 15980 1437 5327 15981 2922 5327 15982 1438 5327 15983 2922 5328 15984 2923 5328 15985 1438 5328 15986 1438 5329 15987 2923 5329 15988 2924 5329 15989 1438 5330 15990 2924 5330 15991 1439 5330 15992 2924 5331 15993 2925 5331 15994 1439 5331 15995 1439 5332 15996 2925 5332 15997 2926 5332 15998 1439 5333 15999 2926 5333 16000 1440 5333 16001 2926 5334 16002 2927 5334 16003 1440 5334 16004 1440 5335 16005 2927 5335 16006 2928 5335 16007 1440 5336 16008 2928 5336 16009 1441 5336 16010 2928 5337 16011 2929 5337 16012 1441 5337 16013 1441 5338 16014 2929 5338 16015 2930 5338 16016 1441 5339 16017 2930 5339 16018 1409 5339 16019 1409 5340 16020 2930 5340 16021 2931 5340 16022 1409 5341 16023 2931 5341 16024 2932 5341 16025 2932 5342 16026 2931 5342 16027 2933 5342 16028 2932 5343 16029 2933 5343 16030 1412 5343 16031 2933 5344 16032 2934 5344 16033 1412 5344 16034 1412 5345 16035 2934 5345 16036 2935 5345 16037 1412 5346 16038 2935 5346 16039 1413 5346 16040 2935 5347 16041 2936 5347 16042 1413 5347 16043 1413 5348 16044 2936 5348 16045 2937 5348 16046 1413 5349 16047 2937 5349 16048 1414 5349 16049 2937 5350 16050 2938 5350 16051 1414 5350 16052 1414 5351 16053 2938 5351 16054 2939 5351 16055 1414 5352 16056 2939 5352 16057 1415 5352 16058 2939 5353 16059 2940 5353 16060 1415 5353 16061 1415 5354 16062 2940 5354 16063 2941 5354 16064 1415 5355 16065 2941 5355 16066 1416 5355 16067 2941 5356 16068 2942 5356 16069 1416 5356 16070 1416 5357 16071 2942 5357 16072 2943 5357 16073 1416 5358 16074 2943 5358 16075 1417 5358 16076 2943 5359 16077 2944 5359 16078 1417 5359 16079 1417 5360 16080 2944 5360 16081 2945 5360 16082 1417 5361 16083 2945 5361 16084 1418 5361 16085 2945 5362 16086 2946 5362 16087 1418 5362 16088 1418 5363 16089 2946 5363 16090 2947 5363 16091 1418 5364 16092 2947 5364 16093 1419 5364 16094 2947 5365 16095 2948 5365 16096 1419 5365 16097 1419 5366 16098 2948 5366 16099 2949 5366 16100 1419 5367 16101 2949 5367 16102 1420 5367 16103 2949 5368 16104 2950 5368 16105 1420 5368 16106 1420 5369 16107 2950 5369 16108 2951 5369 16109 1420 5370 16110 2951 5370 16111 1421 5370 16112 2951 5371 16113 2952 5371 16114 1421 5371 16115 1421 5372 16116 2952 5372 16117 2953 5372 16118 1421 5373 16119 2953 5373 16120 1422 5373 16121 2953 5374 16122 2954 5374 16123 1422 5374 16124 1422 5375 16125 2954 5375 16126 2955 5375 16127 1422 5376 16128 2955 5376 16129 1423 5376 16130 2955 5377 16131 2956 5377 16132 1423 5377 16133 1423 5378 16134 2956 5378 16135 2957 5378 16136 1423 5379 16137 2957 5379 16138 1424 5379 16139 2957 5380 16140 2958 5380 16141 1424 5380 16142 1424 5381 16143 2958 5381 16144 2959 5381 16145 1424 5382 16146 2959 5382 16147 1425 5382 16148 2959 5383 16149 2960 5383 16150 1425 5383 16151 1425 5384 16152 2960 5384 16153 2961 5384 16154 1425 5385 16155 2961 5385 16156 1426 5385 16157 2961 5386 16158 2962 5386 16159 1426 5386 16160 1426 5387 16161 2962 5387 16162 2963 5387 16163 1426 5388 16164 2963 5388 16165 2901 5388 16166 2901 5389 16167 2963 5389 16168 2964 5389 16169 2901 5390 16170 2964 5390 16171 2902 5390 16172 2870 5391 16173 2869 5391 16174 2948 5391 16175 2948 5392 16176 2947 5392 16177 2870 5392 16178 2870 5393 16179 2947 5393 16180 2946 5393 16181 2870 5394 16182 2946 5394 16183 2899 5394 16184 2946 5395 16185 2945 5395 16186 2899 5395 16187 2899 5396 16188 2945 5396 16189 2944 5396 16190 2899 5397 16191 2944 5397 16192 2900 5397 16193 2944 5398 16194 2943 5398 16195 2900 5398 16196 2900 5399 16197 2943 5399 16198 2942 5399 16199 2900 5400 16200 2942 5400 16201 2896 5400 16202 2942 5401 16203 2941 5401 16204 2896 5401 16205 2896 5402 16206 2941 5402 16207 2940 5402 16208 2896 5403 16209 2940 5403 16210 2897 5403 16211 2940 5404 16212 2939 5404 16213 2897 5404 16214 2897 5405 16215 2939 5405 16216 2938 5405 16217 2897 5406 16218 2938 5406 16219 2898 5406 16220 2938 5407 16221 2937 5407 16222 2898 5407 16223 2898 5408 16224 2937 5408 16225 2936 5408 16226 2898 5409 16227 2936 5409 16228 2893 5409 16229 2936 5410 16230 2935 5410 16231 2893 5410 16232 2893 5411 16233 2935 5411 16234 2934 5411 16235 2893 5412 16236 2934 5412 16237 2894 5412 16238 2934 5413 16239 2933 5413 16240 2894 5413 16241 2894 5414 16242 2933 5414 16243 2931 5414 16244 2894 5415 16245 2931 5415 16246 2895 5415 16247 2931 5416 16248 2930 5416 16249 2895 5416 16250 2895 5417 16251 2930 5417 16252 2929 5417 16253 2895 5418 16254 2929 5418 16255 2890 5418 16256 2929 5419 16257 2928 5419 16258 2890 5419 16259 2890 5420 16260 2928 5420 16261 2927 5420 16262 2890 5421 16263 2927 5421 16264 2891 5421 16265 2927 5422 16266 2926 5422 16267 2891 5422 16268 2891 5423 16269 2926 5423 16270 2925 5423 16271 2891 5424 16272 2925 5424 16273 2892 5424 16274 2925 5425 16275 2924 5425 16276 2892 5425 16277 2892 5426 16278 2924 5426 16279 2923 5426 16280 2892 5427 16281 2923 5427 16282 2887 5427 16283 2923 5428 16284 2922 5428 16285 2887 5428 16286 2887 5429 16287 2922 5429 16288 2921 5429 16289 2887 5430 16290 2921 5430 16291 2888 5430 16292 2921 5431 16293 2920 5431 16294 2888 5431 16295 2888 5432 16296 2920 5432 16297 2919 5432 16298 2888 5433 16299 2919 5433 16300 2889 5433 16301 2919 5434 16302 2918 5434 16303 2889 5434 16304 2889 5435 16305 2918 5435 16306 2917 5435 16307 2889 5436 16308 2917 5436 16309 2884 5436 16310 2917 5437 16311 2916 5437 16312 2884 5437 16313 2884 5438 16314 2916 5438 16315 2915 5438 16316 2884 5439 16317 2915 5439 16318 2885 5439 16319 2915 5440 16320 2914 5440 16321 2885 5440 16322 2885 5441 16323 2914 5441 16324 2913 5441 16325 2885 5442 16326 2913 5442 16327 2886 5442 16328 2913 5443 16329 2912 5443 16330 2886 5443 16331 2886 5444 16332 2912 5444 16333 2911 5444 16334 2886 5445 16335 2911 5445 16336 2881 5445 16337 2911 5446 16338 2910 5446 16339 2881 5446 16340 2881 5447 16341 2910 5447 16342 2909 5447 16343 2881 5448 16344 2909 5448 16345 2882 5448 16346 2909 5449 16347 2908 5449 16348 2882 5449 16349 2882 5450 16350 2908 5450 16351 2907 5450 16352 2882 5451 16353 2907 5451 16354 2883 5451 16355 2907 5452 16356 2906 5452 16357 2883 5452 16358 2883 5453 16359 2906 5453 16360 2905 5453 16361 2883 5454 16362 2905 5454 16363 2878 5454 16364 2905 5455 16365 2904 5455 16366 2878 5455 16367 2878 5456 16368 2904 5456 16369 2903 5456 16370 2878 5457 16371 2903 5457 16372 2879 5457 16373 2903 5458 16374 2902 5458 16375 2879 5458 16376 2879 5459 16377 2902 5459 16378 2965 5459 16379 2879 5460 16380 2965 5460 16381 2880 5460 16382 2965 5461 16383 2963 5461 16384 2880 5461 16385 2880 5462 16386 2963 5462 16387 2962 5462 16388 2880 5463 16389 2962 5463 16390 2875 5463 16391 2962 5464 16392 2961 5464 16393 2875 5464 16394 2875 5465 16395 2961 5465 16396 2960 5465 16397 2875 5466 16398 2960 5466 16399 2876 5466 16400 2960 5467 16401 2959 5467 16402 2876 5467 16403 2876 5468 16404 2959 5468 16405 2958 5468 16406 2876 5469 16407 2958 5469 16408 2877 5469 16409 2958 5470 16410 2957 5470 16411 2877 5470 16412 2877 5471 16413 2957 5471 16414 2956 5471 16415 2877 5472 16416 2956 5472 16417 2872 5472 16418 2956 5473 16419 2955 5473 16420 2872 5473 16421 2872 5474 16422 2955 5474 16423 2954 5474 16424 2872 5475 16425 2954 5475 16426 2873 5475 16427 2954 5476 16428 2953 5476 16429 2873 5476 16430 2873 5477 16431 2953 5477 16432 2952 5477 16433 2873 5478 16434 2952 5478 16435 2874 5478 16436 2952 5479 16437 2951 5479 16438 2874 5479 16439 2874 5480 16440 2951 5480 16441 2950 5480 16442 2874 5481 16443 2950 5481 16444 2869 5481 16445 2869 5482 16446 2950 5482 16447 2966 5482 16448 2869 5483 16449 2966 5483 16450 2948 5483 16451 15 5484 16452 12 5484 16453 2967 5484 16454 2967 5485 16455 12 5485 16456 2968 5485 16457 2967 5486 16458 2968 5486 16459 18 5486 16460 38 5487 16461 5 5487 16462 2967 5487 16463 2967 5488 16464 5 5488 16465 4 5488 16466 2967 5489 16467 4 5489 16468 15 5489 16469 25 5490 16470 44 5490 16471 2967 5490 16472 2967 5491 16473 44 5491 16474 41 5491 16475 2967 5492 16476 41 5492 16477 38 5492 16478 18 5493 16479 19 5493 16480 2967 5493 16481 2967 5494 16482 19 5494 16483 31 5494 16484 2967 5495 16485 31 5495 16486 25 5495 16487</p>
        </triangles>
      </mesh>
    </geometry>
  </library_geometries>
  <library_visual_scenes>
    <visual_scene id="Scene" name="Scene">
      <node id="GBT-C7A-J0_001" name="GBT-C7A-J0.001" type="NODE">
        <matrix sid="transform">0.001 0 0 0 0 0.001 0 0 0 0 0.001 0 0 0 0 1</matrix>
        <instance_geometry url="#GBT-C7A-J0_001-mesh" name="GBT-C7A-J0.001">
          <bind_material>
            <technique_common>
              <instance_material symbol="材质_003-material" target="#材质_003-material">
                <bind_vertex_input semantic="UV 贴图" input_semantic="TEXCOORD" input_set="0"/>
              </instance_material>
            </technique_common>
          </bind_material>
        </instance_geometry>
      </node>
    </visual_scene>
  </library_visual_scenes>
  <scene>
    <instance_visual_scene url="#Scene"/>
  </scene>
</COLLADA>