<?xml version="1.0" encoding="utf-8"?>
<COLLADA xmlns="http://www.collada.org/2005/11/COLLADASchema" version="1.4.1" xmlns:xsi="http://www.w3.org/2001/XMLSchema-instance">
  <asset>
    <contributor>
      <author>Blender User</author>
      <authoring_tool>Blender 4.3.2 commit date:2024-12-16, commit time:21:10, hash:32f5fdce0a0a</authoring_tool>
    </contributor>
    <created>2025-04-23T11:13:37</created>
    <modified>2025-04-23T11:13:37</modified>
    <unit name="meter" meter="1"/>
    <up_axis>Z_UP</up_axis>
  </asset>
  <library_effects>
    <effect id="材质_003-effect">
      <profile_COMMON>
        <newparam sid="Image_Link_png-surface">
          <surface type="2D">
            <init_from>Image_Link_png</init_from>
          </surface>
        </newparam>
        <newparam sid="Image_Link_png-sampler">
          <sampler2D>
            <source>Image_Link_png-surface</source>
          </sampler2D>
        </newparam>
        <technique sid="common">
          <lambert>
            <emission>
              <color sid="emission">0 0 0 1</color>
            </emission>
            <diffuse>
              <texture texture="Image_Link_png-sampler"/>
            </diffuse>
            <index_of_refraction>
              <float sid="ior">1.45</float>
            </index_of_refraction>
          </lambert>
        </technique>
      </profile_COMMON>
    </effect>
  </library_effects>
  <library_images>
    <image id="Image_Link_png" name="Image_Link_png">
      <init_from>Image_Link.png</init_from>
    </image>
  </library_images>
  <library_materials>
    <material id="材质_003-material" name="材质.003">
      <instance_effect url="#材质_003-effect"/>
    </material>
  </library_materials>
  <library_geometries>
    <geometry id="GBT-C7A-J6_001-mesh" name="GBT-C7A-J6.001">
      <mesh>
        <source id="GBT-C7A-J6_001-mesh-positions">
          <float_array id="GBT-C7A-J6_001-mesh-positions-array" count="2724">-9.5 43.5 -3.799998 -10.4094 43.5 -3.689577 -9.5 43.5 1.56879e-6 -8.590601 43.5 -3.689577 -6.372662 43.5 -2.158644 -6.980133 43.5 -2.844339 -7.734053 43.5 -3.364731 -5.727705 43.5 0.458041 -5.727705 43.5 -0.4580378 -5.946939 43.5 -1.347497 -6.980133 43.5 2.844342 -6.372662 43.5 2.158648 -5.946939 43.5 1.3475 -9.5 43.5 3.800002 -8.590601 43.5 3.689581 -7.734053 43.5 3.364735 -12.01987 43.5 2.844342 -11.26595 43.5 3.364735 -10.4094 43.5 3.689581 -13.27229 43.5 0.458041 -13.05306 43.5 1.3475 -12.62734 43.5 2.158648 -12.62734 43.5 -2.158644 -13.05306 43.5 -1.347497 -13.27229 43.5 -0.4580378 -11.26595 43.5 -3.364731 -12.01987 43.5 -2.844339 -9.5 37 4.800002 -7.269329 37 4.25019 -8.351284 42.5 4.660522 -5.549677 37 2.726712 -6.317011 42.5 3.592853 -7.269329 42.5 4.25019 -4.734997 37 0.5785776 -5.011923 42.5 1.702105 -5.549677 42.5 2.726712 -5.011923 37 -1.702102 -4.734997 42.5 -0.5785745 -4.734997 42.5 0.5785776 -6.317011 37 -3.59285 -5.549677 42.5 -2.726709 -5.011923 42.5 -1.702102 -8.351284 37 -4.660519 -7.269329 42.5 -4.250187 -6.317011 42.5 -3.59285 -10.64872 37 -4.660519 -9.5 42.5 -4.799999 -8.351284 42.5 -4.660519 -12.68299 37 -3.59285 -11.73067 42.5 -4.250187 -10.64872 42.5 -4.660519 -13.98808 37 -1.702102 -13.45032 42.5 -2.726709 -12.68299 42.5 -3.59285 -14.265 37 0.5785776 -14.265 42.5 -0.5785745 -13.98808 42.5 -1.702102 -13.45032 37 2.726712 -13.98808 42.5 1.702105 -14.265 42.5 0.5785776 -11.73067 37 4.25019 -12.68299 42.5 3.592853 -13.45032 42.5 2.726712 -9.5 42.5 4.800002 -10.64872 42.5 4.660522 -11.73067 42.5 4.25019 -10.52906 43.36603 -4.175048 -11.49831 43.36603 -3.807459 -12.35143 43.36603 -3.218595 -13.03883 43.36603 -2.442677 -13.52057 43.36603 -1.524799 -13.76865 43.36603 -0.5183062 -13.76865 43.36603 0.5183093 -13.52057 43.36603 1.524803 -13.03883 43.36603 2.44268 -12.35143 43.36603 3.218598 -11.49831 43.36603 3.807462 -10.52906 43.36603 4.175051 -9.5 43.36603 4.300002 -8.470942 43.36603 4.175051 -7.50169 43.36603 3.807462 -6.648573 43.36603 3.218598 -5.96117 43.36603 2.44268 -5.479429 43.36603 1.524803 -5.231352 43.36603 0.5183093 -5.231352 43.36603 -0.5183062 -5.479429 43.36603 -1.524799 -5.96117 43.36603 -2.442677 -6.648573 43.36603 -3.218595 -7.50169 43.36603 -3.807459 -8.470942 43.36603 -4.175048 -9.5 43.36603 -4.299999 -10.61665 43 -4.530438 -11.66841 43 -4.131559 -12.59415 43 -3.492568 -13.34006 43 -2.650603 -13.86281 43 -1.654594 -14.132 43 -0.5624257 -14.132 43 0.5624288 -13.86281 43 1.654597 -13.34006 43 2.650606 -12.59415 43 3.492572 -11.66841 43 4.131562 -10.61665 43 4.530441 -9.5 43 4.666027 -8.383349 43 4.530441 -7.331591 43 4.131562 -6.405853 43 3.492572 -5.659937 43 2.650606 -5.137192 43 1.654597 -4.867996 43 0.5624288 -4.867996 43 -0.5624257 -5.137192 43 -1.654594 -5.659937 43 -2.650603 -6.405853 43 -3.492568 -7.331591 43 -4.131559 -8.383349 43 -4.530438 -9.5 43 -4.666024 -3.726498 37 1.56879e-6 -6.613249 37 5.000001 -3.726498 34 1.56879e-6 -6.613249 34 5.000001 -6.613249 37 -4.999999 -3.726498 37 1.56879e-6 -6.613249 34 -4.999999 -3.726498 34 1.56879e-6 -12.38675 37 -4.999999 -12.38675 34 -4.999999 -15.2735 37 1.56879e-6 -15.2735 34 1.56879e-6 -12.38675 37 5.000001 -15.2735 37 1.56879e-6 -12.38675 34 5.000001 -15.2735 34 1.56879e-6 -5.288542 34 6.801738 -3.115862 34 4.821078 -1.805395 34 2.189306 -3.726498 34 1.56879e-6 -8.030005 34 7.863787 -10.97 34 7.863787 -6.610067 34 -7.459776 -9.5 34 -7.999999 -1.534126 34 -0.7381454 -2.338694 34 -3.565905 -4.110434 34 -5.91207 -17.46587 34 -0.7381454 -17.19461 34 2.189306 -15.88414 34 4.821078 -13.71146 34 6.801738 -12.38993 34 -7.459776 -14.88957 34 -5.91207 -16.66131 34 -3.565905 -29 -18.92767 -19.84273 -29 -20.70237 -21.71202 -29 -19.84273 -18.92767 -29 -6.534212 -16.50353 -29 -2.224666 -17.61003 -29 -15.17767 -17.67767 -29 -15.51261 -18.92767 -29 -16.21923 -25.2376 -29 -17.67767 -20.17767 -29 -11.14987 -27.85104 -29 -9.03481e-7 -18.96383 -29 -5.677538 -29.45786 -29 -10.43319 -14.36005 -29 -15.51261 -16.42767 -29 -13.67661 -11.31427 -29 -16.42767 -15.5126 -29 -16.06068 -7.557581 -29 -17.67767 -15.17767 -29 -18.96384 -9.338833 -29 -18.92767 -15.5126 -29 -19.84273 -16.42767 -29 -20.17767 -17.67767 -29 -24.43728 -17.40171 -29 -27.28896 -12.46245 -29 -16.42767 -19.84273 -29 2.224664 -17.61003 -29 18.92767 -15.5126 -29 18.96384 -9.338833 -29 19.84273 -16.42767 -29 20.83884 -9.338833 -29 20.17767 -17.67767 -29 20.83884 -18.96383 -29 19.84273 -18.92767 -29 11.14987 -27.85104 -29 5.677536 -29.45786 -29 -9.03481e-7 -30 -29 18.92767 -19.84273 -29 20.70237 -21.71202 -29 17.67767 -20.17767 -29 16.21923 -25.2376 -29 16.42767 -19.84273 -29 15.5126 -18.92767 -29 15.17767 -17.67767 -29 6.53421 -16.50353 -29 15.5126 -16.42767 -29 10.43319 -14.36005 -29 16.42767 -15.5126 -29 13.67661 -11.31427 -29 17.67767 -15.17767 -29 16.06068 -7.557581 -29 -13.7468 26.66507 -29 -8.451978 28.78479 -29 -9.03481e-7 18.96384 -29 -9.03481e-7 17.75 -29 -15.17767 17.67767 -29 -15.51261 18.92767 -29 -16.42767 19.84274 -29 -18.54477 23.5816 -29 -18.96384 9.338837 -29 -17.67767 15.17767 -29 -14.98682 9.510929 -29 -16.42767 15.51261 -29 -12.15071 12.9392 -29 -15.51261 16.42767 -29 -8.551129 15.55445 -29 -4.414247 17.19235 -29 -17.67767 20.17767 -29 -18.92767 19.84274 -29 -22.67249 19.64582 -29 -19.84273 18.92767 -29 -25.98076 15 -29 -20.17767 17.67767 -29 -28.35003 9.812042 -29 -19.84273 16.42767 -29 -18.92767 15.51261 -29 -2.851682 29.86416 -29 -9.03481e-7 30 -29 2.85168 29.86416 -29 8.451976 28.78479 -29 13.74679 26.66507 -29 15.5126 18.92767 -29 22.67249 19.64582 -29 20.83884 18.96384 -29 18.99809 23.21794 -29 18.92767 19.84274 -29 18.54477 23.5816 -29 17.67767 20.17767 -29 16.42767 19.84274 -29 20.83884 9.338837 -29 20.17767 17.67767 -29 19.84273 18.92767 -29 16.42767 15.51261 -29 17.67767 15.17767 -29 18.96384 9.338837 -29 18.92767 15.51261 -29 19.84273 16.42767 -29 8.551127 15.55445 -29 15.17767 17.67767 -29 12.15071 12.9392 -29 15.5126 16.42767 -29 14.98682 9.510929 -29 4.414245 17.19235 -29 -29.15435 -7.072767 -29 -29.96602 -1.427456 -29 -29.69464 4.269447 -29 24.43728 -17.40171 -29 27.28896 -12.46245 -29 23.25 3.031091 -29 21.96891 1.750002 -29 29.96602 -1.427456 -29 28.5 1.56879e-6 -29 29.69464 4.269447 -29 28.03109 1.750002 -29 28.35003 9.812042 -29 26.75 3.031091 -29 25 3.500002 -29 21.5 1.56879e-6 -29 21.96891 -1.749998 -29 23.25 -3.031087 -29 25 -3.499998 -29 29.15435 -7.072767 -29 26.75 -3.031087 -29 28.03109 -1.749998 -29 25.98076 15 -29 17.4356 -3.326017 -29 16.88125 5.485053 -29 17.71497 1.114533 -29 -16.88125 5.485053 -29 -17.71497 1.114533 -29 -17.4356 -3.326017 -27.5 2.994264 31.35737 -27.5 -9.03481e-7 31.5 -22.5 -2.994266 31.35737 -27.5 -2.994266 31.35737 -27.5 -8.874577 30.22403 -22.5 -8.874577 30.22403 -27.5 -14.43414 27.99832 -22.5 -14.43414 27.99832 -27.5 -19.47201 24.76068 -22.5 -19.47201 24.76068 -27.5 -23.80611 20.62812 -22.5 -23.80611 20.62812 -27.5 -27.2798 15.75 -22.5 -27.2798 15.75 -27.5 -29.76753 10.30264 -22.5 -29.76753 10.30264 -27.5 -31.17938 4.482919 -22.5 -31.17938 4.482919 -27.5 -31.46432 -1.498829 -22.5 -31.46432 -1.498829 -27.5 -30.61207 -7.426405 -22.5 -30.61207 -7.426405 -27.5 -28.65341 -13.08557 -22.5 -28.65341 -13.08557 -27.5 -25.65914 -18.27179 -22.5 -25.65914 -18.27179 -27.5 -21.73749 -22.79762 -22.5 -21.73749 -22.79762 -27.5 -17.03019 -26.49948 -22.5 -17.03019 -26.49948 -27.5 -11.70737 -29.24359 -22.5 -11.70737 -29.24359 -27.5 -5.961415 -30.93075 -22.5 -5.961415 -30.93075 -27.5 -9.03481e-7 -31.5 -22.5 -9.03481e-7 -31.5 -27.5 5.961413 -30.93075 -22.5 5.961413 -30.93075 -27.5 11.70737 -29.24359 -22.5 11.70737 -29.24359 -27.5 17.03019 -26.49948 -22.5 17.03019 -26.49948 -27.5 21.73749 -22.79762 -22.5 21.73749 -22.79762 -27.5 25.65914 -18.27179 -22.5 25.65914 -18.27179 -27.5 28.65341 -13.08557 -22.5 28.65341 -13.08557 -27.5 30.61207 -7.426405 -22.5 30.61207 -7.426405 -27.5 31.46432 -1.498829 -22.5 31.46432 -1.498829 -27.5 31.17938 4.482919 -22.5 31.17938 4.482919 -27.5 29.76753 10.30264 -22.5 29.76753 10.30264 -27.5 27.2798 15.75 -22.5 27.2798 15.75 -27.5 23.80611 20.62812 -22.5 23.80611 20.62812 -27.5 19.47201 24.76068 -22.5 19.47201 24.76068 -27.5 14.43413 27.99832 -22.5 14.43413 27.99832 -27.5 8.874575 30.22403 -22.5 8.874575 30.22403 -22.5 2.994264 31.35737 -22.5 -37.32191 9.451193 -22.5 -35.25727 15.46528 -22.5 -32.23091 21.05751 -22.5 -28.32537 26.07534 -22.5 -23.64719 30.38191 -22.5 -18.32398 33.85974 -22.5 -12.50093 36.41396 -22.5 -23.64719 -30.38191 -22.5 -28.32537 -26.07534 -22.5 -32.23091 -21.0575 -22.5 -35.25727 -15.46527 -22.5 -37.32191 -9.451189 -22.5 -38.3685 -3.179303 -22.5 -38.3685 3.179306 -22.5 23.64719 -30.38191 -22.5 18.32398 -33.85974 -22.5 12.50093 -36.41396 -22.5 6.336891 -37.97491 -22.5 -9.03481e-7 -31.5 -22.5 -9.03481e-7 -38.5 -22.5 -6.336893 -37.97491 -22.5 -12.50093 -36.41396 -22.5 -18.32398 -33.85974 -22.5 -6.336893 37.97491 -22.5 -9.03481e-7 38.5 -22.5 6.336891 37.97491 -22.5 12.50093 36.41396 -22.5 18.32398 33.85974 -22.5 23.64719 30.38191 -22.5 28.32537 26.07534 -22.5 32.23091 21.05751 -22.5 35.25727 15.46528 -22.5 37.32191 9.451193 -22.5 38.3685 3.179306 -22.5 38.3685 -3.179303 -22.5 37.32191 -9.451189 -22.5 35.25727 -15.46527 -22.5 32.23091 -21.0575 -22.5 28.32537 -26.07534 -18.53865 39.8647 3.287137 -18.92029 39.95898 1.811026 -21 39.86338 3.303176 -19.07745 39.99887 0.3009113 -21 39.86338 -3.303172 -19.08187 40 3.5371e-4 -18.96845 39.97114 -1.519245 -18.69512 39.90291 -2.785221 -21 38.77601 9.819421 -12.85535 38.90951 9.276304 -13.17117 38.93996 9.147638 -14.18136 39.05553 8.640952 -14.49354 39.09681 8.452198 -14.82638 39.1437 8.232279 -15.69839 39.28059 7.55215 -16.27539 39.38225 7.002746 -16.74913 39.47225 6.476202 -16.96429 39.51507 6.209623 -17.80495 39.69385 4.939471 -18.44095 39.84116 3.561136 -8.31149 38.77412 9.826871 -9.764065 38.75562 9.899588 -21 36.63093 16.06782 -11.20259 38.79459 9.745755 -11.4455 38.80679 9.697068 -0.8784485 39.76589 4.321318 -1.014345 39.73465 4.599696 6 38.77601 9.819421 -1.53528 39.6193 5.505586 -1.803226 39.56268 5.89866 -2.773893 39.37322 7.05331 -2.917912 39.34722 7.196989 -4.059561 39.16046 8.152214 -5.421024 38.98329 8.961207 -5.822531 38.9406 9.144937 -6.778143 38.85663 9.495387 -7.624809 38.80309 9.711853 6 36.63093 16.06782 -0.1634845 39.93797 -2.226746 -0.1042003 39.95282 -1.942189 6 39.86338 -3.303172 0.07299613 39.99773 -0.4261084 6 39.86338 3.303176 0.08186912 40 1.56992e-6 0.02348899 39.9851 1.091571 -0.01548576 39.9752 1.408187 -0.1030769 39.9531 1.936377 -0.3386479 39.89461 2.90166 -0.469614 39.86271 3.311301 -0.651989 39.819 3.801014 6 36.63093 -16.06782 -7.947487 38.78786 -9.772486 6 38.77601 -9.819417 -6.538094 38.87538 -9.418324 -6.244627 38.90044 -9.314278 -5.823841 38.94047 -9.145495 -4.898798 39.04535 -8.686816 -4.168175 39.1445 -8.228507 -3.66704 39.22076 -7.856944 -3.381859 39.26715 -7.62173 -2.725254 39.38213 -7.003403 -2.312527 39.46021 -6.549203 -1.421799 39.64383 -5.326039 -1.26034 39.67931 -5.054932 -0.6041279 39.83038 -3.679742 -0.4689808 39.86286 -3.30945 -9.399363 38.7548 -9.9028 -21 36.63093 -16.06782 -11.00221 38.78575 -9.780881 -21 38.77601 -9.819417 -17.43664 39.61328 -5.548724 -17.28455 39.58102 -5.774311 -18.53006 39.86263 -3.312236 -18.34868 39.81916 -3.79934 -18.16873 39.77685 -4.219291 -16.33194 39.39268 -6.943802 -15.09562 39.18381 -8.039224 -13.84828 39.01437 -8.82489 -13.1704 38.93988 -9.147966 -12.41348 38.87147 -9.434446 -21 33.48666 21.87793 6 33.48666 21.87793 -21 29.42896 27.09127 6 29.42896 27.09127 -21 24.56851 31.56562 6 24.56851 31.56562 -21 19.0379 35.17895 6 19.0379 35.17895 -21 12.98798 37.83269 6 12.98798 37.83269 -21 6.583783 39.45445 6 6.583783 39.45445 -21 -9.03481e-7 40 6 -9.03481e-7 40 -21 -6.583785 39.45445 6 -6.583785 39.45445 -21 -12.98798 37.83269 6 -12.98798 37.83269 -21 -19.0379 35.17895 6 -19.0379 35.17895 -21 -24.56851 31.56562 6 -24.56851 31.56562 -21 -29.42896 27.09127 6 -29.42896 27.09127 -21 -33.48666 21.87793 6 -33.48666 21.87793 -21 -36.63093 16.06782 6 -36.63093 16.06782 -21 -38.77601 9.819421 6 -38.77601 9.819421 -21 -39.86338 3.303176 6 -39.86338 3.303176 -21 -39.86338 -3.303172 6 -39.86338 -3.303172 -21 -38.77601 -9.819417 6 -38.77601 -9.819417 -21 -36.63093 -16.06782 6 -36.63093 -16.06782 -21 -33.48666 -21.87792 6 -33.48666 -21.87792 -21 -29.42896 -27.09126 6 -29.42896 -27.09126 -21 -24.56851 -31.56562 6 -24.56851 -31.56562 -21 -19.0379 -35.17895 6 -19.0379 -35.17895 -21 -12.98798 -37.83269 6 -12.98798 -37.83269 -21 -6.583785 -39.45445 6 -6.583785 -39.45445 -21 -9.03481e-7 -40 6 -9.03481e-7 -40 -21 6.583783 -39.45445 6 6.583783 -39.45445 -21 12.98798 -37.83269 6 12.98798 -37.83269 -21 19.0379 -35.17895 6 19.0379 -35.17895 -21 24.56851 -31.56562 6 24.56851 -31.56562 -21 29.42896 -27.09126 6 29.42896 -27.09126 -21 33.48666 -21.87792 6 33.48666 -21.87792 6 31.35589 23.1907 6 26.98562 28.15629 6 21.83902 32.31187 6 16.06415 35.53791 6 9.827144 37.74158 6 3.30743 38.8595 6 -9.03481e-7 40 6 -3.307432 38.8595 6 -9.827146 37.74158 6 -16.06415 35.53791 6 -21.83902 32.31187 6 -26.98562 28.15629 6 -31.35589 23.1907 6 -34.82411 17.55795 6 -37.2905 11.42009 6 -38.68412 4.953696 6 -38.96486 -1.655205 6 -38.12465 -8.21649 6 -36.18767 -14.5414 6 -33.20964 -20.44798 6 -29.27622 -25.76631 6 -24.50058 -30.34339 6 -19.0201 -34.04755 6 -12.99245 -36.77222 6 -6.591033 -38.43902 6 -9.03481e-7 -39 6 -9.03481e-7 -40 6 6.591031 -38.43902 6 12.99245 -36.77222 6 19.0201 -34.04755 6 24.50058 -30.34339 6 29.27622 -25.76631 6 33.20964 -20.44798 6 36.18767 -14.5414 6 38.12465 -8.21649 6 38.96486 -1.655205 6 38.68412 4.953696 6 37.2905 11.42009 6 34.82411 17.55795 -8.723246 37.50817 7.962203 -8.029576 37.53797 7.863707 -11.71883 37.59069 -7.686141 -12.39054 37.65612 -7.459543 -17.43799 38.68322 -0.9941364 -17.46587 38.69144 -0.7382092 -16.71703 38.48009 -3.451731 -16.88786 38.52656 -3.069136 -17.16084 38.60297 -2.304661 -17.3441 38.65573 -1.571656 -14.88966 38.04824 -5.911981 -15.20848 38.11489 -5.604753 -16.03306 38.30438 -4.617259 -16.66122 38.46512 -3.566085 -12.56445 37.67584 -7.389797 -12.98583 37.72835 -7.200625 -14.16964 37.91145 -6.495722 -9.500067 37.49663 -7.999999 -10.39655 37.512 -7.949601 -11.06749 37.5436 -7.844932 -7.81986 37.55059 -7.82158 -9.055167 37.50041 -7.987622 -4.110424 38.04822 -5.912061 -4.327169 38.00504 -6.102607 -5.048405 37.87381 -6.64705 -5.43294 37.81172 -6.88905 -6.537643 37.66412 -7.431313 -2.338968 38.46508 -3.566457 -2.603699 38.39561 -4.054755 -2.849398 38.33339 -4.446289 -3.39492 38.20296 -5.169914 -3.843697 38.10373 -5.657403 -1.64262 38.6596 -1.503863 -2.008135 38.55537 -2.805702 -1.853294 38.59895 2.351146 -1.805447 38.61259 2.189486 -1.654413 38.65616 1.564221 -1.582462 38.6772 1.145693 -1.502369 38.70083 -0.1946627 -1.534147 38.69144 -0.7383833 -3.11594 38.26832 4.82118 -3.002233 38.29577 4.666802 -2.354902 38.46082 3.598274 -2.112705 38.52641 3.070489 -6.102285 37.71681 7.242621 -5.288145 37.83445 6.801493 -4.920792 37.89562 6.559792 -3.8878 38.09437 5.70116 -7.934383 37.54349 7.845309 -7.398308 37.58103 7.718997 -6.429646 37.67653 7.38735 -10.97028 37.53796 7.863732 -10.01249 37.50165 7.98357 -9.495049 37.49663 8 -13.70415 37.83322 6.806256 -12.50199 37.66862 7.415397 -11.33749 37.56116 7.786119 -15.68259 38.22084 5.076963 -15.15684 38.10384 5.656872 -14.72819 38.01591 6.055246 -13.94705 37.87304 6.650098 -17.5 38.70154 2.86032e-4 -17.38684 38.66821 1.340793 -17.19445 38.61256 2.189842 -17.02587 38.56486 2.713178 -16.8879 38.52658 3.069036 -16.4575 38.41145 3.948822 -15.88396 38.26829 4.821317 -22.5 -9.03481e-7 38.5 -21 -9.03481e-7 40 -29 2.85168 29.86416 -29 -9.03481e-7 30 -27.5 -9.03481e-7 31.5 -29 13.74679 26.66507 -29 8.451976 28.78479 -29 22.67249 19.64582 -29 18.54477 23.5816 -29 -2.851682 29.86416 -29 -8.451978 28.78479 -29 -13.7468 26.66507 -29 -18.54477 23.5816 -29 -22.67249 19.64582 -29 -25.98076 15 -29 -28.35003 9.812042 -29 -29.69464 4.269447 -29 -29.96602 -1.427456 -29 -29.15435 -7.072767 -29 -27.28896 -12.46245 -29 -24.43728 -17.40171 -29 -20.70237 -21.71202 -29 -16.21923 -25.2376 -29 -11.14987 -27.85104 -29 -5.677538 -29.45786 -29 -9.03481e-7 -30 -29 5.677536 -29.45786 -29 11.14987 -27.85104 -29 16.21923 -25.2376 -29 20.70237 -21.71202 -29 24.43728 -17.40171 -29 27.28896 -12.46245 -29 29.15435 -7.072767 -29 29.96602 -1.427456 -29 29.69464 4.269447 -29 28.35003 9.812042 -29 25.98076 15 5 6.42203 -37.45341 5 12.65931 -35.82934 5 18.53241 -33.17454 5 23.87236 -29.56536 5 28.52555 -25.10564 5 32.3581 -19.92368 5 35.25978 -14.16854 5 37.1471 -8.00581 5 37.96576 -1.612764 5 37.69221 4.826678 5 36.33433 11.12727 5 33.93118 17.10774 5 30.55189 22.59606 5 26.29368 27.43433 5 21.27904 31.48337 5 15.65225 34.62668 5 9.575166 36.77385 5 3.222624 37.8631 5 -3.222626 37.8631 5 -9.575168 36.77385 5 -15.65225 34.62668 5 -21.27904 31.48337 5 -26.29368 27.43433 5 -30.55189 22.59606 5 -33.93118 17.10774 5 -36.33433 11.12727 5 -37.69221 4.826678 5 -37.96576 -1.612764 5 -37.1471 -8.00581 5 -35.25978 -14.16854 5 -32.3581 -19.92368 5 -28.52555 -25.10564 5 -23.87236 -29.56536 5 -18.53241 -33.17454 5 -12.65931 -35.82934 5 -6.422032 -37.45341 5 -9.03481e-7 -38 -27 -4.076401 15.21333 -27 -7.587622 13.80183 -27 -7.875001 13.6399 -27 -10.78162 11.48126 -27 -11.13693 11.13693 -27 -13.29817 8.439274 -27 -13.6399 7.875001 -27 -14.97914 4.867019 -27 -15.21333 4.076401 -27 -15.71892 0.9889523 -27 -15.75 1.56879e-6 -27 -15.47103 -2.951254 -27 -15.21333 -4.076398 -27 -14.25103 -6.706023 -27 -13.6399 -7.874999 -27 -12.13558 -10.03943 -27 -11.13693 -11.13693 -27 -9.257618 -12.74202 -27 -7.875001 -13.6399 -27 -5.797963 -14.64398 -27 -4.076401 -15.21333 -27 -1.973999 -15.6258 -27 -9.03481e-7 -15.75 -27 1.973998 -15.6258 -27 4.076399 -15.21333 -27 5.797961 -14.64398 -27 7.874999 -13.6399 -27 9.257616 -12.74202 -27 11.13693 -11.13693 -27 12.13558 -10.03943 -27 13.6399 -7.874999 -27 14.25102 -6.706023 -27 15.21333 -4.076398 -27 15.47102 -2.951254 -27 15.75 1.56879e-6 -27 15.71892 0.9889523 -27 15.21333 4.076401 -27 14.97914 4.867019 -27 13.6399 7.875001 -27 13.29816 8.439274 -27 11.13693 11.13693 -27 10.78162 11.48126 -27 7.874999 13.6399 -27 7.58762 13.80183 -27 4.076399 15.21333 -27 3.916865 15.25519 -27 -9.03481e-7 15.75 -27 -3.916867 15.25519 -19 15.5126 18.92767 -19 16.42767 19.84274 -19 17.67767 17.67767 -19 17.67767 20.17767 -19 18.92767 19.84274 -19 16.42767 15.51261 -19 15.5126 16.42767 -19 15.17767 17.67767 -19 19.84273 16.42767 -19 18.92767 15.51261 -19 17.67767 15.17767 -19 19.84273 18.92767 -19 20.17767 17.67767 -19 -19.84273 18.92767 -19 -18.92767 19.84274 -19 -17.67767 17.67767 -19 -17.67767 20.17767 -19 -16.42767 19.84274 -19 -18.92767 15.51261 -19 -19.84273 16.42767 -19 -20.17767 17.67767 -19 -15.51261 16.42767 -19 -16.42767 15.51261 -19 -17.67767 15.17767 -19 -15.51261 18.92767 -19 -15.17767 17.67767 -28.5 26.5 2.598078 -28.5 27.59808 1.500002 -28.5 28 1.56879e-6 -29 28.5 1.56879e-6 -28.5 27.59808 -1.499998 -28.5 26.5 -2.598074 -28.5 25 -2.999998 -28.5 23.5 -2.598074 -28.5 22.40192 -1.499998 -28.5 22 1.56879e-6 -29 21.5 1.56879e-6 -28.5 22.40192 1.500002 -28.5 23.5 2.598078 -28.5 25 3.000002 -19 15.5126 -16.42767 -19 16.42767 -15.5126 -19 17.67767 -17.67767 -19 17.67767 -15.17767 -19 18.92767 -15.5126 -19 16.42767 -19.84273 -19 15.5126 -18.92767 -19 15.17767 -17.67767 -19 19.84273 -18.92767 -19 18.92767 -19.84273 -19 17.67767 -20.17767 -19 19.84273 -16.42767 -19 20.17767 -17.67767 -19 -19.84273 -16.42767 -19 -18.92767 -15.5126 -19 -17.67767 -17.67767 -19 -17.67767 -15.17767 -19 -16.42767 -15.5126 -19 -18.92767 -19.84273 -19 -19.84273 -18.92767 -19 -20.17767 -17.67767 -19 -15.51261 -18.92767 -19 -16.42767 -19.84273 -19 -17.67767 -20.17767 -19 -15.51261 -16.42767 -19 -15.17767 -17.67767 0 -9.03481e-7 -38 0 6.42203 -37.45341 0 -9.03481e-7 1.56879e-6 0 -18.53241 -33.17454 0 -12.65931 -35.82934 0 -6.422032 -37.45341 0 -32.3581 -19.92368 0 -28.52555 -25.10564 0 -23.87236 -29.56536 0 -37.96576 -1.612764 0 -37.1471 -8.00581 0 -35.25978 -14.16854 0 -33.93118 17.10774 0 -36.33433 11.12727 0 -37.69221 4.826678 0 -21.27904 31.48337 0 -26.29368 27.43433 0 -30.55189 22.59606 0 -3.222626 37.8631 0 -9.575168 36.77385 0 -15.65225 34.62668 0 15.65225 34.62668 0 9.575166 36.77385 0 3.222624 37.8631 0 30.55189 22.59606 0 26.29368 27.43433 0 21.27904 31.48337 0 37.69221 4.826678 0 36.33433 11.12727 0 33.93118 17.10774 0 35.25978 -14.16854 0 37.1471 -8.00581 0 37.96576 -1.612764 0 23.87236 -29.56536 0 28.52555 -25.10564 0 32.3581 -19.92368 0 12.65931 -35.82934 0 18.53241 -33.17454 0 -9.03481e-7 -38 5 -9.03481e-7 -38 -22.8 4.076399 15.21333 -22.8 -9.03481e-7 15.75 -22.8 7.874999 13.6399 -22.8 11.13693 11.13693 -22.8 13.6399 7.875001 -22.8 15.21333 4.076401 -22.8 15.75 1.56879e-6 -22.8 15.21333 -4.076398 -22.8 13.6399 -7.874999 -22.8 11.13693 -11.13693 -22.8 7.874999 -13.6399 -22.8 4.076399 -15.21333 -22.8 -9.03481e-7 -15.75 -22.8 -4.076401 -15.21333 -22.8 -7.875001 -13.6399 -22.8 -11.13693 -11.13693 -22.8 -13.6399 -7.874999 -22.8 -15.21333 -4.076398 -22.8 -15.75 1.56879e-6 -22.8 -15.21333 4.076401 -22.8 -13.6399 7.875001 -22.8 -11.13693 11.13693 -22.8 -7.875001 13.6399 -22.8 -4.076401 15.21333 -27 -9.03481e-7 15.75 -22.8 -9.03481e-7 1.56879e-6 -22.5 25 3.000002 -22.5 26.5 2.598078 -22.5 27.59808 1.500002 -22.5 28 1.56879e-6 -28.5 28 1.56879e-6 -22.5 27.59808 -1.499998 -22.5 26.5 -2.598074 -22.5 25 -2.999998 -22.5 23.5 -2.598074 -22.5 22.40192 -1.499998 -22.5 22 1.56879e-6 -28.5 22 1.56879e-6 -22.5 22.40192 1.500002 -22.5 23.5 2.598078 -22.5 25 1.56879e-6</float_array>
          <technique_common>
            <accessor source="#GBT-C7A-J6_001-mesh-positions-array" count="908" stride="3">
              <param name="X" type="float"/>
              <param name="Y" type="float"/>
              <param name="Z" type="float"/>
            </accessor>
          </technique_common>
        </source>
        <source id="GBT-C7A-J6_001-mesh-normals">
          <float_array id="GBT-C7A-J6_001-mesh-normals-array" count="5124">0 1 0 0 1 0 0 1 0 0 1 0 0 1 0 0 1 0 0 1 0 0 1 0 0 1 0 0 1 0 0 1 0 0 1 0 0 1 0 0 1 0 0 1 0 0 1 0 0 1 0 0 1 0 0 1 0 0 1 0 0 1 0 0 1 0 0 1 0 0 1 0 0 1 0 0 1 0 0.2392389 -0.0253517 0.9706297 0.6629093 -0.02535176 0.7482704 0.5680643 0 0.8229842 0.3546051 0 0.9350161 0.9347158 -0.02535146 0.3544909 0.8854566 0 0.4647222 0.7485107 0 0.6631228 0.9923897 -0.02535182 -0.1204985 1 0 0 0.9709416 0 0.2393168 0.8227196 -0.02535182 -0.5678818 0.8854565 0 -0.4647223 0.9709416 0 -0.2393168 0.4645739 -0.02535164 -0.8851714 0.5680646 0 -0.822984 0.7485107 0 -0.6631228 0 -0.02535176 -0.9996786 0.1205369 0 -0.9927089 0.3546051 0 -0.9350161 -0.4645739 -0.02535164 -0.8851714 -0.3546051 0 -0.9350161 -0.1205369 0 -0.9927089 -0.8227196 -0.02535164 -0.5678818 -0.7485111 0 -0.6631223 -0.5680646 0 -0.822984 -0.9923897 -0.02535176 -0.1204981 -0.9709417 0 -0.2393161 -0.8854562 0 -0.4647229 -0.9347158 -0.02535158 0.3544909 -0.9709417 0 0.2393161 -1 0 0 -0.6629094 -0.02535182 0.7482702 -0.7485111 0 0.6631223 -0.8854562 0 0.4647228 0.1205369 0 0.9927089 -0.1205369 0 0.9927089 -0.2392389 -0.0253517 0.9706297 -0.3546051 0 0.9350161 -0.5680643 0 0.8229842 -0.03141021 0.9654504 -0.2586869 -0.09240537 0.9654504 -0.243653 -0.09240537 0.9654505 -0.2436529 -0.1480299 0.9654504 -0.2144587 -0.1480299 0.9654504 -0.2144588 -0.1950522 0.9654505 -0.1728006 -0.1950524 0.9654504 -0.172801 -0.2307384 0.9654504 -0.121101 -0.2307385 0.9654503 -0.1211012 -0.2530151 0.9654503 -0.06236261 -0.2530149 0.9654503 -0.06236243 -0.2605871 0.9654504 0 -0.260587 0.9654504 0 -0.2530149 0.9654504 0.06236255 -0.2530151 0.9654503 0.06236249 -0.2307385 0.9654503 0.1211011 -0.2307384 0.9654503 0.1211011 -0.1950525 0.9654503 0.1728008 -0.195052 0.9654505 0.1728007 -0.1480299 0.9654504 0.2144587 -0.1480299 0.9654505 0.2144587 -0.0924052 0.9654504 0.2436529 -0.09240549 0.9654504 0.2436532 -0.03141033 0.9654503 0.2586871 -0.03141021 0.9654504 0.258687 0.03141027 0.9654504 0.258687 0.03141021 0.9654504 0.258687 0.09240537 0.9654505 0.2436529 0.09240537 0.9654505 0.2436529 0.1480302 0.9654505 0.2144586 0.1480302 0.9654503 0.2144592 0.1950525 0.9654503 0.1728013 0.1950524 0.9654504 0.172801 0.2307382 0.9654504 0.1211012 0.2307376 0.9654507 0.1211001 0.2530139 0.9654506 0.06236207 0.2530153 0.9654502 0.06236332 0.2605876 0.9654503 0 0.2605876 0.9654502 0 0.2530154 0.9654503 -0.06236243 0.2530136 0.9654507 -0.0623629 0.2307373 0.9654506 -0.1211007 0.2307386 0.9654504 -0.1211007 0.1950523 0.9654503 -0.1728011 0.1950526 0.9654503 -0.1728012 0.1480305 0.9654503 -0.214459 0.1480299 0.9654505 -0.2144587 0.09240543 0.9654504 -0.2436528 0.09240531 0.9654505 -0.2436527 0.03141027 0.9654504 -0.2586868 0.03141021 0.9654505 -0.2586867 -0.03141033 0.9654505 -0.2586867 -0.08554404 0.7045128 -0.7045168 -0.2516598 0.7045132 -0.6635726 -0.2516598 0.7045131 -0.6635727 -0.403151 0.7045131 -0.5840638 -0.403151 0.7045113 -0.584066 -0.5312126 0.7045111 -0.4706138 -0.5312119 0.7045134 -0.4706111 -0.6283997 0.7045136 -0.3298097 -0.6284001 0.704513 -0.3298104 -0.6890688 0.7045131 -0.1698397 -0.6890693 0.7045124 -0.1698403 -0.7096917 0.7045124 0 -0.7096917 0.7045124 0 -0.6890693 0.7045124 0.1698399 -0.6890687 0.7045131 0.1698402 -0.6284002 0.704513 0.3298099 -0.6283996 0.7045136 0.32981 -0.5312109 0.7045133 0.4706123 -0.5312138 0.704511 0.4706127 -0.4031518 0.7045114 0.5840654 -0.4031502 0.7045128 0.5840647 -0.25166 0.7045127 0.6635731 -0.2516595 0.7045132 0.6635727 -0.08554351 0.7045128 0.7045168 -0.0855441 0.7045121 0.7045176 0.08554375 0.7045121 0.7045176 0.08554393 0.7045124 0.7045172 0.2516603 0.7045118 0.6635738 0.2516604 0.704512 0.6635737 0.403151 0.7045117 0.5840654 0.403151 0.7045124 0.5840646 0.5312119 0.7045124 0.4706125 0.5312118 0.7045126 0.4706123 0.6284008 0.7045127 0.3298097 0.628402 0.7045105 0.3298119 0.6890712 0.7045104 0.1698409 0.6890703 0.7045115 0.1698399 0.7096927 0.7045115 0 0.7096926 0.7045115 0 0.6890702 0.7045115 -0.1698407 0.6890715 0.7045103 -0.1698402 0.6284026 0.7045106 -0.3298107 0.6284 0.7045127 -0.3298109 0.5312117 0.7045127 -0.4706124 0.531212 0.7045124 -0.4706125 0.4031508 0.7045124 -0.5840647 0.4031512 0.7045121 -0.584065 0.2516601 0.7045124 -0.6635733 0.2516607 0.7045118 -0.6635737 0.08554369 0.7045124 -0.7045173 0.08554399 0.7045121 -0.7045176 -0.08554357 0.7045121 -0.7045176 -0.1164858 0.2570565 -0.9593504 -0.3426891 0.2570567 -0.9035962 -0.3426889 0.257056 -0.9035965 -0.5489757 0.2570555 -0.795329 -0.5489763 0.257058 -0.7953278 -0.7233581 0.2570582 -0.6408387 -0.7233578 0.257056 -0.6408398 -0.8557018 0.2570558 -0.4491066 -0.8557018 0.2570548 -0.4491072 -0.938315 0.2570546 -0.2312743 -0.9383147 0.2570567 -0.2312732 -0.9663963 0.2570566 0 -0.9663964 0.2570566 0 -0.9383146 0.2570567 0.2312741 -0.9383152 0.2570546 0.2312734 -0.8557021 0.2570548 0.4491066 -0.8557016 0.2570558 0.4491069 -0.7233585 0.2570561 0.640839 -0.7233574 0.2570582 0.6408394 -0.548975 0.2570579 0.7953286 -0.5489764 0.2570554 0.7953285 -0.3426892 0.257056 0.9035964 -0.3426888 0.2570567 0.9035964 -0.1164864 0.2570565 0.9593502 -0.1164857 0.2570579 0.95935 0.1164864 0.2570579 0.9593498 0.116486 0.2570569 0.9593502 0.342689 0.2570579 0.9035959 0.3426887 0.2570572 0.9035961 0.5489751 0.2570574 0.7953287 0.5489752 0.257058 0.7953285 0.7233577 0.2570582 0.6408391 0.7233577 0.2570586 0.6408389 0.8557014 0.2570588 0.4491055 0.8557015 0.2570579 0.449106 0.938314 0.257058 0.2312748 0.9383137 0.25706 0.2312738 0.9663954 0.2570601 0 0.9663954 0.25706 0 0.9383135 0.2570599 -0.2312747 0.9383142 0.257058 -0.2312739 0.8557016 0.2570579 -0.4491057 0.8557012 0.2570588 -0.449106 0.7233576 0.2570586 -0.640839 0.7233578 0.2570582 -0.640839 0.5489753 0.257058 -0.7953284 0.5489756 0.2570574 -0.7953284 0.342689 0.2570572 -0.903596 0.3426887 0.2570579 -0.9035959 0.1164864 0.2570569 -0.9593501 0.1164859 0.2570579 -0.9593499 -0.1164864 0.2570579 -0.9593498 0.8660254 0 0.5 0.8660254 0 0.5 0.8660254 0 -0.5 0.8660254 0 -0.5 0 0 -1 0 0 -1 -0.8660254 0 -0.5000001 -0.8660254 0 -0.5000001 -0.8660254 0 0.5000001 -0.8660254 0 0.5000001 0 0 1 0 0 1 0 1 0 0 1 0 0 1 0 0 1 0 0 1 0 0 1 0 0 1 0 0 1 0 0 1 0 0 1 0 0 1 0 0 1 0 0 1 0 0 1 0 0 1 0 0 1 0 0 1 0 0 1 0 0 1 0 0 1 0 0 1 0 0 1 0 0 1 0 0 1 0 0 1 0 0 1 0 0 1 0 0 1 0 0 1 0 0 1 0 0 1 0 0 1 0 0 1 0 0 1 0 0 1 0 0 1 0 0 1 0 0 1 0 0 1 0 0 1 0 0 1 0 0 1 0 -1 0 0 -1 0 0 -1 0 0 -1 0 0 -1 0 0 -1 0 0 -1 0 0 -1 0 0 -1 0 0 -1 0 0 -1 0 0 -1 0 0 -1 0 0 -1 0 0 -1 0 0 -1 0 0 -1 0 0 -1 0 0 -1 0 0 -1 0 0 -1 0 0 -1 0 0 -1 0 0 -1 0 0 -1 0 0 -1 0 0 -1 0 0 -1 0 0 -1 0 0 -1 0 0 -1 0 0 -1 0 0 -1 0 0 -1 0 0 -1 0 0 -1 0 0 -1 0 0 -1 0 0 -1 0 0 -1 0 0 -1 0 0 -1 0 0 -1 0 0 -1 0 0 -1 0 0 -1 0 0 -1 0 0 -1 0 0 -1 0 0 -1 0 0 -1 0 0 -1 0 0 -1 0 0 -1 0 0 -1 0 0 -1 0 0 -1 0 0 -1 0 0 -1 0 0 -1 0 0 -1 0 0 -1 0 0 -1 0 0 -1 0 0 -1 0 0 -1 0 0 -1 0 0 -1 0 0 -1 0 0 -1 0 0 -1 0 0 -1 0 0 -1 0 0 -1 0 0 -1 0 0 -1 0 0 -1 0 0 -1 0 0 -1 0 0 -1 0 0 -1 0 0 -1 0 0 -1 0 0 -1 0 0 -1 0 0 -1 0 0 -1 0 0 -1 0 0 -1 0 0 -1 0 0 -1 0 0 -1 0 0 -1 0 0 -1 0 0 -1 0 0 -1 0 0 -1 0 0 -1 0 0 -1 0 0 -1 0 0 -1 0 0 -1 0 0 -1 0 0 -1 0 0 -1 0 0 -1 0 0 -1 0 0 -1 0 0 -1 0 0 -1 0 0 -1 0 0 -1 0 0 -1 0 0 -1 0 0 -1 0 0 -1 0 0 -1 0 0 -1 0 0 -1 0 0 -1 0 0 -1 0 0 -1 0 0 -1 0 0 -1 0 0 -1 0 0 -1 0 0 -1 0 0 -1 0 0 -1 0 0 -1 0 0 -1 0 0 -1 0 0 -1 0 0 -1 0 0 -1 0 0 -1 0 0 -1 0 0 -1 0 0 -1 0 0 -1 0 0 -1 0 0 -1 0 0 -1 0 0 -1 0 0 -1 0 0 -1 0 0 -1 0 0 -1 0 0 -1 0 0 -1 0 0 0.05689638 0.04750448 0.9972493 0 -0.04758155 0.9988673 0 -0.1892513 0.9819287 0 -0.1892513 0.9819287 0 -0.3716624 0.928368 0 -0.3716624 0.928368 0 -0.5406409 0.8412535 0 -0.5406409 0.8412535 0 -0.6900791 0.723734 0 -0.6900791 0.723734 0 -0.814576 0.5800569 0 -0.814576 0.5800569 0 -0.909632 0.4154151 0 -0.909632 0.4154151 0 -0.9718116 0.2357589 0 -0.9718116 0.2357589 0 -0.9988674 0.04758137 0 -0.9988674 0.04758137 0 -0.9898215 -0.1423145 0 -0.9898215 -0.1423145 0 -0.9450008 -0.3270679 0 -0.9450008 -0.3270679 0 -0.8660253 -0.5000001 0 -0.8660253 -0.5000001 0 -0.7557496 -0.6548608 0 -0.7557496 -0.6548608 0 -0.6181589 -0.7860532 0 -0.6181589 -0.7860532 0 -0.4582266 -0.8888354 0 -0.4582266 -0.8888354 0 -0.2817326 -0.9594929 0 -0.2817326 -0.9594929 0 -0.09505605 -0.995472 0 -0.09505605 -0.995472 0 0.09505605 -0.995472 0 0.09505605 -0.995472 0 0.2817326 -0.9594929 0 0.2817326 -0.9594929 0 0.4582266 -0.8888355 0 0.4582266 -0.8888355 0 0.6181589 -0.7860532 0 0.6181589 -0.7860532 0 0.7557496 -0.6548608 0 0.7557496 -0.6548608 0 0.8660253 -0.5000001 0 0.8660253 -0.5000001 0 0.9450008 -0.3270679 0 0.9450008 -0.3270679 0 0.9898215 -0.1423145 0 0.9898215 -0.1423145 0 0.9988674 0.04758137 0 0.9988674 0.04758137 0 0.9718116 0.2357589 0 0.9718116 0.2357589 0 0.909632 0.4154151 0 0.909632 0.4154151 0 0.814576 0.5800569 0 0.814576 0.5800569 0 0.6900791 0.723734 0 0.6900791 0.723734 0 0.5406408 0.8412536 0 0.5406408 0.8412536 0 0.3716624 0.928368 0 0.3716624 0.928368 0 0.1892513 0.9819287 0 0.1892513 0.9819287 0 0 1 -1 0 0 -1 0 0 -1 0 0 -1 0 0 -1 0 0 -1 0 0 -1 0 0 -1 0 0 -1 0 0 -1 0 0 -1 0 0 -1 0 0 -1 0 0 -1 0 0 -1 0 0 -1 0 0 -1 0 0 -1 0 0 -1 0 0 -1 0 0 -1 0 0 -1 0 0 -1 0 0 -1 0 0 -1 0 0 -1 0 0 -1 0 0 -1 0 0 -1 0 0 -1 0 0 -1 0 0 -1 0 0 -1 0 0 -1 0 0 -1 0 0 -1 0 0 -1 0 0 -1 0 0 -1 0 0 -1 0 0 -1 0 0 -1 0 0 -1 0 0 -1 0 0 -1 0 0 -1 0 0 -1 0 0 -1 0 0 -1 0 0 -1 0 0 -1 0 0 -1 0 0 -1 0 0 -1 0 0 -1 0 0 -1 0 0 -1 0 0 -1 0 0 -1 0 0 -1 0 0 -1 0 0 -1 0 0 -1 0 0 -1 0 0 -1 0 0 -1 0 0 -1 0 0 -1 0 0 -1 0 0 -1 0 0 -1 0 0 -1.21178e-4 0.9979647 0.0637694 -0.02512162 0.9992635 0.02900773 -0.07029783 0.9975261 0 -0.07948619 0.9968237 0.004927814 -0.03409934 0.9991866 -0.02152287 -0.004802405 0.9984834 -0.05484402 -5.10911e-4 0.9728401 0.2314776 -0.001141369 0.9744671 0.2245271 -0.002423882 0.9760608 0.2174845 -0.003333568 0.9769663 0.2133678 -0.005753636 0.9788714 0.2043957 -0.01086556 0.9811486 0.1929492 -0.01689594 0.9829273 0.1832169 -0.02255523 0.9840848 0.1762621 -0.03544908 0.9861108 0.1622617 -0.03194111 0.985858 0.164511 -0.002181529 0.9942276 0.1072693 2.18945e-5 0.9963303 0.08559149 0.00467813 0.9428158 0.3332812 -0.007745802 0.9497131 0.3130257 6.4724e-4 0.9458171 0.3246992 -1.26429e-5 0.9700158 0.243042 -8.86347e-5 0.9713984 0.2374557 0.03862887 0.9907547 0.13005 0.02903658 0.9893427 0.142681 0.02092319 0.9874587 0.1564849 0.012721 0.984961 0.1723081 0.008211076 0.9824999 0.1860819 0.004757225 0.9803211 0.1973525 0.00146687 0.9763292 0.2162851 5.7639e-4 0.9737735 0.2275189 2.12081e-4 0.9723434 0.2335556 3.32358e-5 0.9707223 0.240205 -7.90717e-7 0.9697098 0.2442599 4.42358e-5 0.9458173 0.3246993 0.002878904 0.9986054 -0.05271559 0.007840335 0.9995033 -0.03052181 0.02266156 0.9997433 0 0.02635473 0.9996354 -0.005873501 0.01501452 0.9997828 0.01445031 0.008412837 0.9994438 0.03227156 0.005134046 0.9990765 0.0426582 0.001071035 0.9981531 0.06073987 -5.93911e-6 0.9969806 0.0776509 1.04358e-4 0.9863613 0.164595 0.05643755 0.9923724 0.1095988 0.04585623 0.9915738 0.1211556 -2.88573e-4 0.9458172 -0.3246992 1.78186e-5 0.9707852 -0.2399505 1.95821e-4 0.9720669 -0.2347037 3.3396e-4 0.9728249 -0.2315419 7.65865e-4 0.9745029 -0.2243737 0.001869857 0.9767685 -0.214289 0.003332972 0.9786767 -0.2053796 0.004696786 0.9799963 -0.1989605 0.006910681 0.9817776 -0.1899074 0.01064223 0.9838302 -0.1787874 0.01783359 0.9867731 -0.1611235 0.02740532 0.9889444 -0.1457329 0.03948897 0.9910246 -0.1277137 0.004456877 0.9863514 -0.1645933 4.89653e-6 0.9961754 -0.08737635 -1.2852e-5 0.9976025 -0.06920397 -0.00572288 0.9487193 -0.3160681 3.30218e-4 0.9458172 -0.3246993 -0.03468233 0.985796 -0.1643271 2.36884e-5 0.9970915 -0.07621401 -2.31917e-5 0.9960404 -0.08890169 -0.01434838 0.9862598 -0.1645781 -0.0824238 0.9874387 -0.1348011 -0.05204468 0.9872948 -0.1501342 -0.02155959 0.9841448 -0.1760518 -0.008468031 0.9804643 -0.1965144 -0.002672314 0.9766409 -0.2148612 -9.55534e-4 0.9739939 -0.2265723 -3.5741e-4 0.9724367 -0.2331668 -1.94388e-5 0.9707047 -0.2402756 0 0.9457861 0.32479 0 0.8794739 0.4759472 0 0.8794739 0.4759472 0 0.7891405 0.6142127 0 0.7891405 0.6142127 0 0.6772818 0.7357237 0 0.6772818 0.7357237 0 0.5469473 0.837167 0 0.5469473 0.837167 0 0.4016954 0.9157733 0 0.4016954 0.9157733 0 0.2454859 0.9694002 0 0.2454859 0.9694002 0 0.08257925 0.9965844 0 0.08257925 0.9965844 0 -0.08257925 0.9965844 0 -0.08257925 0.9965844 0 -0.2454859 0.9694002 0 -0.2454859 0.9694002 0 -0.4016956 0.9157733 0 -0.4016956 0.9157733 0 -0.5469473 0.837167 0 -0.5469473 0.837167 0 -0.6772818 0.7357237 0 -0.6772818 0.7357237 0 -0.7891405 0.6142127 0 -0.7891405 0.6142127 0 -0.8794739 0.4759472 0 -0.8794739 0.4759472 0 -0.9458173 0.3246993 0 -0.9458173 0.3246993 0 -0.9863612 0.164595 0 -0.9863612 0.164595 0 -1 0 0 -1 0 0 -0.9863612 -0.164595 0 -0.9863612 -0.164595 0 -0.9458173 -0.3246993 0 -0.9458173 -0.3246993 0 -0.8794739 -0.4759472 0 -0.8794739 -0.4759472 0 -0.7891405 -0.6142127 0 -0.7891405 -0.6142127 0 -0.6772818 -0.7357237 0 -0.6772818 -0.7357237 0 -0.5469477 -0.8371667 0 -0.5469477 -0.8371667 0 -0.4016956 -0.9157733 0 -0.4016956 -0.9157733 0 -0.2454859 -0.9694002 0 -0.2454859 -0.9694002 0 -0.08257925 -0.9965844 0 -0.08257925 -0.9965844 0 0.08257925 -0.9965844 0 0.08257925 -0.9965844 0 0.2454859 -0.9694002 0 0.2454859 -0.9694002 0 0.4016954 -0.9157733 0 0.4016954 -0.9157733 0 0.5469477 -0.8371667 0 0.5469477 -0.8371667 0 0.6772818 -0.7357237 0 0.6772818 -0.7357237 0 0.7891405 -0.6142127 0 0.7891405 -0.6142127 0 0.8794739 -0.4759472 0 0.8794739 -0.4759472 0 0.9454675 -0.3257164 0.006323218 0.9502072 -0.3115547 1 0 0 1 0 0 1 0 0 1 0 0 1 0 0 1 0 0 1 0 0 1 0 0 1 0 0 1 0 0 1 0 0 1 0 0 1 0 0 1 0 0 1 0 0 1 0 0 1 0 0 1 0 0 1 0 0 1 0 0 1 0 0 1 0 0 1 0 0 1 0 0 1 0 0 1 0 0 1 0 0 1 0 0 1 0 0 1 0 0 1 0 0 1 0 0 1 0 0 1 0 0 1 0 0 1 0 0 1 0 0 1 0 0 1 0 0 1 0 0 1 0 0 1 0 0 1 0 0 1 0 0 1 0 0 1 0 0 1 0 0 1 0 0 1 0 0 1 0 0 1 0 0 1 0 0 1 0 0 1 0 0 1 0 0 1 0 0 1 0 0 1 0 0 1 0 0 1 0 0 1 0 0 1 0 0 1 0 0 1 0 0 1 0 0 1 0 0 1 0 0 1 0 0 1 0 0 1 0 0 1 0 0 1 0 0 1 0 0 1 0 0 1 0 0 -0.1405827 -5.36508e-6 -0.990069 0.3196485 -7.73526e-6 0.9475362 0.9941195 2.60974e-7 0.1082881 0.913161 9.70692e-4 0.4075977 0.9420338 0.01034361 0.3353585 0.9614103 0.02938371 0.2735449 0.970288 0.01782011 0.2412956 0.9870584 0.002887248 0.1603351 0.6938989 6.48463e-7 0.7200725 0.7686417 0.01180559 0.6395707 0.7976411 0.03070586 0.6023503 0.8584105 3.39019e-6 0.5129635 0.8986682 -4.06423e-7 0.438629 0.3722125 2.16693e-6 0.9281476 0.4097785 0.002089619 0.9121827 0.5262669 0.02503335 0.8499509 0.5151018 0.03299564 0.8564937 0.6297643 -2.12058e-6 0.7767863 0.05612784 1.07159e-6 0.9984236 0.1836507 0.03278481 0.9824447 0.1562058 0.04892951 0.9865119 0.2379615 0.01674699 0.9711301 -0.1836201 0.03752899 0.9822806 -0.1337417 0.01349222 0.9909244 -0.02780842 -5.31114e-7 0.9996132 -0.660256 -1.25404e-7 0.7510406 -0.6030949 0.005310654 0.7976517 -0.5358897 0.03032809 0.8437432 -0.5261047 0.03524708 0.8496891 -0.4408304 0.001740813 0.8975888 -0.2910432 -0.001679003 0.9567084 -0.8791146 4.78752e-6 0.4766106 -0.8475733 0.007912814 0.5306194 -0.8005718 0.0272665 0.5986163 -0.7976719 0.02942913 0.6023733 -0.7362981 0.005868256 0.6766319 -0.6905534 0 0.7232814 -0.9615806 0.02257049 0.2735933 -0.9629897 0.02509361 0.2683676 -0.9170387 -7.16057e-6 0.3987983 -0.9588813 4.13908e-7 -0.2838075 -0.9720442 -1.65324e-6 -0.2347981 -0.9855778 0.009274661 -0.168969 -0.9976651 0.0343858 -0.05900937 -0.9955835 0.01739174 -0.09225457 -0.9982964 -1.50532e-6 0.0583465 -0.9901086 2.68806e-6 0.1403039 -0.8051694 -5.73553e-7 -0.5930451 -0.8555601 0.004038631 -0.5176879 -0.8947468 0.03050315 -0.4455308 -0.9096022 0.01904368 -0.4150437 -0.9407673 0.002132952 -0.3390464 -0.4763952 -6.90973e-6 -0.8792313 -0.5496506 3.47158e-6 -0.8353946 -0.6735902 0.01769685 -0.7388931 -0.6435038 0.04294824 -0.7642371 -0.7517814 1.9923e-6 -0.6594125 -0.1897543 7.86022e-7 -0.9818316 -0.2294174 0.001115381 -0.9733275 -0.3611195 0.02601242 -0.9321567 -0.3278153 0.04853761 -0.9434942 -0.4062759 0.01941484 -0.9135442 0.12415 -5.20618e-6 -0.9922634 0 0.03418755 -0.9994155 0.03220158 0.05237394 -0.9981082 -0.04917836 0.01829677 -0.9986224 0.4520106 1.89956e-4 -0.8920125 0.3609963 0.0368573 -0.9318386 0.3042262 0.01062023 -0.9525406 0.2067909 1.69029e-6 -0.9783852 0.741371 0.005283117 -0.6710746 0.6835261 0.02741551 -0.7294111 0.6733248 0.03317636 -0.738602 0.6065012 0.005763232 -0.7950617 0.5407836 -3.91296e-5 -0.8411618 0.9989336 -5.90215e-7 0.04616898 0.9962918 0.02036106 -0.08359444 0.9954419 0.0242263 -0.09224146 0.9752753 -6.54958e-6 -0.2209931 0.9518325 4.18812e-6 -0.3066185 0.9326041 0.006936848 -0.3608343 0.899248 0.02395737 -0.4367827 0.8948072 0.02820068 -0.4455612 0.835622 -4.4135e-6 -0.549305 0.7855726 1.56508e-6 -0.6187695 -0.6299923 0.7734916 -0.06943082 0.6309582 0.7750719 -0.03398877 0.6350573 0.7711107 -0.04572165 0.6248764 0.7754287 -0.09077388 0.6264477 0.7712723 -0.1127052 0.6178624 0.7757439 -0.1283251 0.6100414 0.7774822 -0.1528757 0.6104018 0.7775959 -0.1508449 0.5977047 0.7782332 -0.1926192 0.5991678 0.7774114 -0.191389 0.343893 0.8202782 -0.4570354 0.5680962 0.7857999 -0.2445104 0.5643799 0.7823591 -0.2634187 0.5457433 0.7885461 -0.2834772 0.5318121 0.7911159 -0.302178 0.5214669 0.7939491 -0.3125972 0.5137382 0.7933464 -0.3266108 0.4898593 0.7980528 -0.3509269 0.4836757 0.7976094 -0.3603847 0.4454318 0.8051581 -0.3915494 0.439223 0.8037295 -0.401375 0.4056556 0.8094187 -0.4245997 0.3985652 0.8098056 -0.4305353 0.3760192 0.8132953 -0.4440273 0.3303357 0.8172578 -0.4721949 0.280918 0.8222563 -0.4949541 0.2379105 0.8283496 -0.507184 0.2165313 0.8234176 -0.5244975 0.1649152 0.8305065 -0.5320358 0.149195 0.83075 -0.5362792 0.09964716 0.8331492 -0.5439971 0.08161526 0.8290584 -0.5531736 0.02556288 0.8349362 -0.5497528 -0.03963822 0.8302961 -0.5559112 -0.03838467 0.8306522 -0.555467 -0.1126214 0.8334605 -0.5409806 -0.1257702 0.8312534 -0.5414792 -0.1516689 0.8308048 -0.5354998 -0.6009403 0.7790025 -0.1789578 -0.1826735 0.8287473 -0.5289692 -0.1875565 0.8277084 -0.528887 -0.2539713 0.8254649 -0.5040896 -0.2572999 0.8244458 -0.5040694 -0.3133281 0.8189557 -0.4807672 -0.3079025 0.8201077 -0.4823063 -0.3638736 0.8128739 -0.454788 -0.3746049 0.8088238 -0.4532939 -0.4111656 0.8089524 -0.4201653 -0.4563181 0.8003323 -0.3888986 -0.4640872 0.8037586 -0.3722836 -0.4921169 0.7975487 -0.3489081 -0.5305433 0.7891935 -0.30935 -0.5251536 0.791935 -0.311533 -0.5551925 0.7870123 -0.2690222 -0.5571699 0.786462 -0.2665318 -0.5769436 0.7842039 -0.2283864 -0.574396 0.7855192 -0.2302801 -0.5915911 0.7807355 -0.2011769 -0.6228952 0.7752211 -0.1050424 -0.6276004 0.7723715 -0.09777486 -0.6203309 0.7753865 -0.1181746 -0.614957 0.7767251 -0.1361101 -0.6119166 0.778032 -0.142212 -0.6090963 0.7773103 -0.1574505 -0.5993143 0.7797195 -0.1812727 -0.6290897 0.773997 -0.07193535 -0.6316612 0.7733905 -0.05358499 -0.631788 0.7747668 -0.02409034 -0.6322251 0.7744361 -0.02324187 -0.6356736 0.7715906 0.02381396 -0.6317648 0.7751076 0.009026646 -0.6364516 0.7691175 0.05820381 -0.6340269 0.7716109 0.05124849 -0.6257246 0.7748435 0.08992469 -0.6151332 0.7793141 0.1195023 -0.6216728 0.7751584 0.1124822 -0.6098231 0.7773546 0.154388 -0.6026328 0.7798066 0.169515 -0.5978486 0.7762573 0.2000039 -0.327234 0.8181075 0.4728827 -0.3366958 0.8200844 0.4627068 -0.3865435 0.8100107 0.4409838 -0.4002947 0.8101981 0.4281858 -0.4267471 0.8060342 0.4101169 -0.4427564 0.8063311 0.3921693 -0.450581 0.8041489 0.3877127 -0.4795849 0.7981332 0.3646665 -0.4817447 0.7974683 0.363272 -0.4955108 0.7970321 0.3452665 -0.5118033 0.7937649 0.3286253 -0.5191661 0.7939838 0.3163168 -0.5508627 0.7850443 0.2832945 -0.5527411 0.7867069 0.2748991 -0.5728389 0.7841908 0.238538 -0.5740094 0.7842315 0.235572 -0.5898808 0.7800158 0.2088439 -0.27748 0.8223396 0.4967519 -0.249341 0.826867 0.5041033 -0.2278807 0.8313718 0.5068445 -0.1855956 0.8242776 0.5349025 -0.1062299 0.83655 0.5374937 -0.06871151 0.8288555 0.5552272 0.05836081 0.8284901 0.5569545 0.04533857 0.8321777 0.5526525 -0.02240753 0.8344768 0.5505874 0.2647899 0.8226239 0.5031663 0.25087 0.8257156 0.5052307 0.1811171 0.8262743 0.5333549 0.1898883 0.8234151 0.5347243 0.123308 0.8333328 0.5388429 0.6029775 0.7784034 0.1746605 0.5966365 0.779896 0.189175 0.5824384 0.7812261 0.2246135 0.5795696 0.7827751 0.2266324 0.5582992 0.7865289 0.2639589 0.5350309 0.7917122 0.2948453 0.5322723 0.789151 0.3064751 0.4972784 0.7968369 0.3431692 0.4708445 0.796398 0.3795467 0.4620478 0.8001704 0.3824121 0.3860341 0.8119978 0.4377641 0.3862363 0.8119091 0.43775 0.3181449 0.8182003 0.4788863 0.3171068 0.8184535 0.4791422 0.2899803 0.8216195 0.4907675 0.6424573 0.7660805 0.01921463 0.6341287 0.7725375 0.03265821 0.6344531 0.7729346 -0.006427288 0.6003755 0.7794883 0.1787376 0.6090979 0.777312 0.1574354 0.6121777 0.7780771 0.1408355 0.61596 0.7763722 0.1335641 0.62467 0.7744036 0.1004307 0.6283705 0.7722074 0.09405404 0.6292545 0.7744389 0.06544566 0.6343013 0.7718155 0.04430198 -0.7058961 0.05849218 -0.7058962 -0.7058961 0.1738812 -0.6866411 -0.7058957 0.1738815 -0.6866415 -0.7058957 0.284527 -0.6486568 -0.7058951 0.2845274 -0.6486572 -0.7058952 0.3874125 -0.5929785 -0.7058964 0.3874113 -0.5929778 -0.7058964 0.4797288 -0.5211242 -0.7058962 0.4797291 -0.5211243 -0.7058962 0.5589603 -0.4350563 -0.7058961 0.5589604 -0.4350563 -0.705896 0.6229451 -0.3371206 -0.7058964 0.6229446 -0.3371206 -0.7058964 0.6699365 -0.2299898 -0.7058956 0.6699376 -0.2299897 -0.7058955 0.6986556 -0.116585 -0.7058961 0.6986548 -0.1165851 -0.7058961 0.7083153 0 -0.7058962 0.7083154 0 -0.7058961 0.6986548 0.1165848 -0.7058956 0.6986554 0.1165853 -0.7058956 0.6699374 0.2299901 -0.7058964 0.6699367 0.2299894 -0.7058964 0.6229447 0.3371204 -0.705896 0.622945 0.3371208 -0.705896 0.5589604 0.4350564 -0.7058962 0.5589603 0.4350562 -0.7058962 0.4797289 0.5211244 -0.7058965 0.4797289 0.5211241 -0.7058965 0.3874115 0.5929777 -0.7058952 0.3874117 0.592979 -0.7058951 0.2845272 0.6486574 -0.7058958 0.2845272 0.6486567 -0.7058957 0.1738813 0.6866415 -0.7058961 0.1738814 0.6866411 -0.7058961 0.05849212 0.7058962 -0.7058961 0.05849218 0.7058961 -0.7058961 -0.05849212 0.7058961 -0.7058961 -0.05849218 0.7058962 -0.7058961 -0.1738812 0.6866411 -0.7058957 -0.1738815 0.6866415 -0.7058957 -0.284527 0.6486567 -0.7058951 -0.2845275 0.6486572 -0.7058952 -0.3874122 0.5929787 -0.7058964 -0.387411 0.592978 -0.7058964 -0.4797288 0.5211242 -0.7058962 -0.4797291 0.5211243 -0.7058962 -0.5589603 0.4350563 -0.7058961 -0.5589604 0.4350563 -0.705896 -0.6229451 0.3371206 -0.7058964 -0.6229446 0.3371206 -0.7058964 -0.6699365 0.2299898 -0.7058956 -0.6699376 0.2299897 -0.7058955 -0.6986555 0.116585 -0.7058961 -0.6986548 0.1165851 -0.7058961 -0.7083153 0 -0.7058962 -0.7083154 0 -0.7058961 -0.6986548 -0.1165848 -0.7058956 -0.6986554 -0.1165853 -0.7058956 -0.6699374 -0.2299901 -0.7058964 -0.6699367 -0.2299894 -0.7058964 -0.6229447 -0.3371204 -0.705896 -0.622945 -0.3371208 -0.705896 -0.5589604 -0.4350564 -0.7058962 -0.5589603 -0.4350562 -0.7058962 -0.4797289 -0.5211244 -0.7058965 -0.4797289 -0.5211241 -0.7058965 -0.3874118 -0.5929775 -0.7058953 -0.387412 -0.5929788 -0.7058951 -0.2845273 -0.6486573 -0.7058957 -0.2845273 -0.6486567 -0.7058957 -0.1738813 -0.6866415 -0.7058961 -0.1738814 -0.6866411 -0.7058961 -0.05849212 -0.7058962 -0.7058961 -0.05849218 -0.7058961 -0.7058961 0.05849212 -0.7058961 -0.706706 0.03366428 0.706706 -0.7067061 -0.03366428 0.7067061 -0.7055006 0.3831572 0.5962044 -0.7055006 0.2634007 0.657943 -0.7055005 0.2634007 0.6579433 -0.7055004 0.1341242 0.6959022 -0.7055004 0.1341241 0.6959022 -0.7067059 0.03366428 0.706706 -0.6916576 0.5034323 0.517847 -0.7070904 0.442476 0.5515778 -0.7055007 0.3831571 0.5962041 -0.7067059 -0.03366428 0.7067061 -0.7055005 -0.1341242 0.6959022 -0.7055005 -0.1341242 0.6959022 -0.7055004 -0.2634007 0.6579431 -0.7055006 -0.2634006 0.657943 -0.7055006 -0.3831574 0.5962042 -0.7055007 -0.3831572 0.5962041 -0.7055007 -0.4890655 0.5129171 -0.7055007 -0.4890654 0.5129169 -0.7055007 -0.5772975 0.4110916 -0.7055007 -0.5772975 0.4110916 -0.7055008 -0.6446644 0.2944087 -0.7055005 -0.6446648 0.2944086 -0.7055004 -0.6887321 0.1670845 -0.7055007 -0.6887318 0.1670845 -0.7055007 -0.7079064 0.0337218 -0.7054998 -0.7079074 0.03372138 -0.7054999 -0.7014964 -0.1008601 -0.7055005 -0.7014958 -0.1008596 -0.7055006 -0.669731 -0.2317962 -0.7055006 -0.6697309 -0.231796 -0.7055006 -0.6137602 -0.3543546 -0.7055004 -0.6137604 -0.3543549 -0.7055004 -0.535607 -0.4641059 -0.7055002 -0.5356071 -0.4641062 -0.7055001 -0.4380953 -0.5570836 -0.7055002 -0.4380953 -0.5570836 -0.7055001 -0.3247497 -0.6299264 -0.7055003 -0.3247497 -0.6299262 -0.7055003 -0.1996666 -0.680002 -0.7055004 -0.1996666 -0.6800019 -0.7055004 -0.06736707 -0.7055004 -0.7055004 -0.06736713 -0.7055004 -0.7055004 0.06736707 -0.7055004 -0.7055004 0.06736713 -0.7055005 -0.7055003 0.1996665 -0.6800019 -0.7055003 0.1996666 -0.6800019 -0.7055003 0.3247495 -0.6299263 -0.7055001 0.3247497 -0.6299264 -0.7055001 0.4380953 -0.5570836 -0.7055002 0.4380952 -0.5570836 -0.7055002 0.5356072 -0.4641061 -0.7055005 0.5356069 -0.464106 -0.7055003 0.6137605 -0.3543547 -0.7055006 0.6137602 -0.3543547 -0.7055006 0.6697309 -0.2317961 -0.7055005 0.669731 -0.2317961 -0.7055006 0.7014957 -0.1008599 -0.7054998 0.7014964 -0.1008597 -0.7054998 0.7079073 0.03372186 -0.7055007 0.7079064 0.03372132 -0.7055007 0.6887319 0.1670844 -0.7055005 0.688732 0.1670846 -0.7055004 0.6446647 0.2944088 -0.7055009 0.6446645 0.2944085 -0.7055008 0.5772975 0.4110916 -0.7055007 0.5772975 0.4110917 -0.7055007 0.4890654 0.5129169 0.7058292 -0.1784971 0.6855245 0.7058301 -0.1784967 0.6855238 0.70583 -0.2917829 0.6454973 0.7058293 -0.2917834 0.6454979 0.7058294 -0.3966762 0.5869011 0.7058296 -0.3966759 0.5869009 0.7058296 -0.4901567 0.5114205 0.7058295 -0.4901568 0.5114206 0.7058295 -0.5695372 0.421227 0.7058305 -0.5695362 0.4212267 0.7058306 -0.6325313 0.318916 0.7058289 -0.632533 0.3189163 0.7058289 -0.6773318 0.2074302 0.7058295 -0.6773312 0.2074302 0.7058294 -0.7026444 0.08997702 0.7058299 -0.7026438 0.08997714 0.7058299 -0.7077431 -0.03006452 0.7058314 -0.7077417 -0.03006404 0.7058313 -0.6924806 -0.1492408 0.7058292 -0.6924825 -0.1492419 0.7058292 -0.6572999 -0.2641251 0.7058309 -0.6572985 -0.264124 0.7058308 -0.6032068 -0.3714087 0.7058297 -0.6032076 -0.3714096 0.7058296 -0.5317624 -0.46801 0.7058296 -0.5317624 -0.46801 0.7058296 -0.4450197 -0.5511462 0.7058283 -0.4450202 -0.5511474 0.705828 -0.3454745 -0.6184288 0.7058298 -0.3454741 -0.618427 0.7058297 -0.2359902 -0.6679169 0.7058292 -0.2359903 -0.6679175 0.7058292 -0.1197171 -0.6981927 0.7058289 -0.1197171 -0.698193 0.7058289 0 -0.7083825 0.7058289 0 -0.7083824 0.7058288 0.1197172 -0.698193 0.7058291 0.119717 -0.6981927 0.7058292 0.2359905 -0.6679175 0.7058295 0.2359902 -0.6679171 0.7058294 0.3454738 -0.6184275 0.705828 0.345475 -0.6184286 0.7058282 0.4450206 -0.5511472 0.7058296 0.4450194 -0.5511464 0.7058296 0.5317624 -0.46801 0.7058296 0.5317624 -0.46801 0.7058296 0.6032078 -0.3714093 0.7058308 0.6032066 -0.371409 0.7058309 0.6572983 -0.2641245 0.7058293 0.6573001 -0.2641246 0.7058292 0.6924827 -0.1492413 0.7058313 0.6924804 -0.1492415 0.7058314 0.7077416 -0.03006446 0.70583 0.7077431 -0.0300641 0.7058299 0.7026438 0.08997696 0.7058294 0.7026443 0.0899772 0.7058295 0.6773312 0.2074301 0.7058289 0.6773316 0.2074303 0.705829 0.6325328 0.3189167 0.7058305 0.6325316 0.3189156 0.7058305 0.5695363 0.4212265 0.7058295 0.569537 0.4212273 0.7058295 0.4901568 0.5114206 0.7058296 0.4901567 0.5114204 0.7058297 0.396676 0.5869008 0.7058293 0.3966761 0.5869011 0.7058293 0.2917832 0.6454979 0.70583 0.2917832 0.6454972 0.7058301 0.1784969 0.6855237 0.7058292 0.1784968 0.6855246 0.7058292 0.06007468 0.7058301 0.7058296 0.06007474 0.7058296 0.7058297 -0.06007462 0.7058297 0.7058292 -0.0600748 0.7058302 -0.7007313 0.2626292 -0.6633261 -0.7045323 0.264699 -0.6584594 -0.7070874 0.3471312 -0.6160579 -0.6974231 0.4212419 -0.5797898 -0.7047519 0.4229938 -0.5695619 -0.7070631 0.4921162 -0.5078222 -0.6943899 0.5544606 -0.4586896 -0.7049619 0.5535164 -0.4434505 -0.7070292 0.6049006 -0.3663402 -0.6916431 0.6535019 -0.3075146 -0.705162 0.647746 -0.2883951 -0.7069857 0.6781042 -0.2008637 -0.6891934 0.7117432 -0.1357719 -0.7053521 0.6995398 -0.1145536 -0.7069322 0.7069324 -0.02221709 -0.6870506 0.7251759 0.04562407 -0.7055321 0.7055328 0.06669241 -0.706869 0.6894921 0.1579146 -0.6852231 0.6926862 0.2250673 -0.7057028 0.6653558 0.2434856 -0.7067963 0.6269156 0.3277436 -0.6837179 0.6161453 0.3910176 -0.7058634 0.5816594 0.4042637 -0.7067138 0.5232883 0.4761565 -0.6825411 0.5002993 0.5327647 -0.7060144 0.4599375 0.5385175 -0.7066218 0.3853821 0.5934361 -0.681697 0.3524677 0.6411364 -0.7061554 0.3081682 0.6374769 -0.7065199 0.2222107 0.6719019 -0.6811891 0.1820676 0.7091072 -0.7062864 0.1362913 0.6946828 -0.7043021 0 0.7099004 -0.6513142 0.0476458 0.7573108 -0.7064079 -0.0444433 0.7064083 -0.7043021 -0.1765449 0.6875975 -0.6562037 -0.1452739 0.7404676 -0.7065198 -0.2222107 0.6719019 -0.7043024 -0.341997 0.6220902 -0.6610016 -0.3265904 0.6755853 -0.7066218 -0.3853821 0.5934361 -0.7043024 -0.48596 0.5174949 -0.6657103 -0.4846249 0.5674228 -0.7067137 -0.5232882 0.4761565 -0.7043022 -0.5993885 0.3803837 -0.6703305 -0.6093443 0.4235051 -0.7067966 -0.6269153 0.3277435 -0.7043025 -0.6751551 0.219371 -0.6748639 -0.6929974 0.2536011 -0.7068693 -0.6894918 0.1579146 -0.7043024 -0.7084993 0.04457485 -0.6793123 -0.7305925 0.06906121 -0.7069325 -0.706932 -0.02221709 -0.7043026 -0.6973257 -0.1330217 -0.6836774 -0.7201919 -0.1179355 -0.7069859 -0.6781038 -0.2008636 -0.7043026 -0.6423365 -0.3022609 -0.6879602 -0.6630042 -0.2951885 -0.7070292 -0.6049006 -0.3663402 -0.7043023 -0.5469875 -0.4525074 -0.6921629 -0.5632687 -0.4512636 -0.7070631 -0.4921162 -0.5078222 -0.7043023 -0.4172688 -0.5743213 -0.6962864 -0.4279487 -0.5762337 -0.7070875 -0.3471311 -0.6160579 -0.7043024 -0.2613314 -0.6600485 -0.7003321 -0.2662451 -0.6623054 -0.7071018 -0.179435 -0.6839665 -0.7043022 -0.08897417 -0.7043025 -0.7043024 -0.08897399 -0.7043024 -0.7043023 0.08897417 -0.7043023 -0.7043022 0.08897399 -0.7043026 -0.7071018 0.1794349 -0.6839665 -1 0 0 -1 0 0 -1 0 0 -1 0 0 -1 0 0 -1 0 0 -1 0 0 -1 0 0 -1 0 0 -1 0 0 -1 0 0 -1 0 0 0 -0.2588188 -0.9659259 0 -0.2588188 -0.9659259 0 -0.7071068 -0.7071068 0 -0.7071068 -0.7071068 0 -0.9659259 -0.2588188 0 -0.9659259 -0.2588188 0 -0.9659259 0.2588188 0 -0.9659259 0.2588188 0 -0.7071068 0.7071068 0 -0.7071068 0.7071068 0 -0.2588188 0.9659259 0 -0.2588188 0.9659259 0 0.2588188 0.9659259 0 0.2588188 0.9659259 0 0.7071064 0.7071072 0 0.7071064 0.7071072 0 0.9659259 0.2588188 0 0.9659259 0.2588188 0 0.9659259 -0.2588188 0 0.9659259 -0.2588188 0 0.7071064 -0.7071072 0 0.7071064 -0.7071072 0 0.2588188 -0.9659259 0 0.2588188 -0.9659259 -1 0 0 -1 0 0 -1 0 0 -1 0 0 -1 0 0 -1 0 0 -1 0 0 -1 0 0 -1 0 0 -1 0 0 -1 0 0 -1 0 0 0 -0.2588188 -0.9659259 0 -0.2588188 -0.9659259 0 -0.7071071 -0.7071064 0 -0.7071071 -0.7071064 0 -0.9659259 -0.2588188 0 -0.9659259 -0.2588188 0 -0.9659259 0.2588188 0 -0.9659259 0.2588188 0 -0.7071071 0.7071064 0 -0.7071071 0.7071064 0 -0.2588188 0.9659259 0 -0.2588188 0.9659259 0 0.2588188 0.9659259 0 0.2588188 0.9659259 0 0.7071068 0.7071068 0 0.7071068 0.7071068 0 0.9659259 0.2588188 0 0.9659259 0.2588188 0 0.9659259 -0.2588188 0 0.9659259 -0.2588188 0 0.7071068 -0.7071068 0 0.7071068 -0.7071068 0 0.2588188 -0.9659259 0 0.2588188 -0.9659259 -0.6947467 -0.5085898 -0.5085896 -0.6947463 -0.5085904 -0.5085898 -0.6947461 -0.694747 -0.1861571 -0.6947466 -0.6947466 -0.1861572 -0.6947466 -0.6947466 0.1861569 -0.6947461 -0.6947469 0.1861572 -0.6947462 -0.5085901 0.50859 -0.6947467 -0.5085899 0.5085895 -0.6947467 -0.1861568 0.6947463 -0.6947466 -0.1861567 0.6947466 -0.6947466 0.1861568 0.6947466 -0.6947468 0.1861566 0.6947465 -0.6947467 0.5085898 0.5085897 -0.6947472 0.5085892 0.5085896 -0.6947475 0.6947457 0.1861567 -0.6947466 0.6947466 0.1861564 -0.6947466 0.6947466 -0.1861569 -0.6947474 0.6947459 -0.1861562 -0.6947473 0.5085895 -0.5085893 -0.6947467 0.5085896 -0.5085898 -0.6947467 0.1861568 -0.6947463 -0.6947466 0.1861567 -0.6947466 -0.6947466 -0.1861568 -0.6947466 -0.6947468 -0.1861566 -0.6947465 -1 0 0 -1 0 0 -1 0 0 -1 0 0 -1 0 0 -1 0 0 -1 0 0 -1 0 0 -1 0 0 -1 0 0 -1 0 0 -1 0 0 0 -0.2588188 -0.9659259 0 -0.2588188 -0.9659259 0 -0.7071068 -0.7071068 0 -0.7071068 -0.7071068 0 -0.9659259 -0.2588188 0 -0.9659259 -0.2588188 0 -0.9659259 0.2588188 0 -0.9659259 0.2588188 0 -0.7071068 0.7071068 0 -0.7071068 0.7071068 0 -0.2588188 0.9659259 0 -0.2588188 0.9659259 0 0.2588188 0.9659259 0 0.2588188 0.9659259 0 0.7071064 0.7071072 0 0.7071064 0.7071072 0 0.9659259 0.2588188 0 0.9659259 0.2588188 0 0.9659259 -0.2588188 0 0.9659259 -0.2588188 0 0.7071064 -0.7071072 0 0.7071064 -0.7071072 0 0.2588188 -0.9659259 0 0.2588188 -0.9659259 -1 0 0 -1 0 0 -1 0 0 -1 0 0 -1 0 0 -1 0 0 -1 0 0 -1 0 0 -1 0 0 -1 0 0 -1 0 0 -1 0 0 0 -0.2588188 -0.9659259 0 -0.2588188 -0.9659259 0 -0.7071071 -0.7071064 0 -0.7071071 -0.7071064 0 -0.9659259 -0.2588188 0 -0.9659259 -0.2588188 0 -0.9659259 0.2588188 0 -0.9659259 0.2588188 0 -0.7071071 0.7071064 0 -0.7071071 0.7071064 0 -0.2588188 0.9659259 0 -0.2588188 0.9659259 0 0.2588188 0.9659259 0 0.2588188 0.9659259 0 0.7071068 0.7071068 0 0.7071068 0.7071068 0 0.9659259 0.2588188 0 0.9659259 0.2588188 0 0.9659259 -0.2588188 0 0.9659259 -0.2588188 0 0.7071068 -0.7071068 0 0.7071068 -0.7071068 0 0.2588188 -0.9659259 0 0.2588188 -0.9659259 1 0 0 1 0 0 1 0 0 1 0 0 1 0 0 1 0 0 1 0 0 1 0 0 1 0 0 1 0 0 1 0 0 1 0 0 1 0 0 1 0 0 1 0 0 1 0 0 1 0 0 1 0 0 1 0 0 1 0 0 1 0 0 1 0 0 1 0 0 1 0 0 1 0 0 1 0 0 1 0 0 1 0 0 1 0 0 1 0 0 1 0 0 1 0 0 1 0 0 1 0 0 1 0 0 1 0 0 1 0 0 0 -0.08480548 0.9963976 0 -0.08480548 0.9963976 0 -0.2519786 0.9677328 0 -0.2519786 0.9677328 0 -0.4119009 0.9112287 0 -0.4119009 0.9112287 0 -0.559975 0.8285095 0 -0.559975 0.8285095 0 -0.6919388 0.7219562 0 -0.6919388 0.7219562 0 -0.8039975 0.5946328 0 -0.8039975 0.5946328 0 -0.8929256 0.4502043 0 -0.8929256 0.4502043 0 -0.9561669 0.2928224 0 -0.9561669 0.2928224 0 -0.9919005 0.1270177 0 -0.9919005 0.1270177 0 -0.999099 -0.04244118 0 -0.999099 -0.04244118 0 -0.9775552 -0.2106791 0 -0.9775552 -0.2106791 0 -0.9278889 -0.3728569 0 -0.9278889 -0.3728569 0 -0.8515294 -0.5243068 0 -0.8515294 -0.5243068 0 -0.7506722 -0.6606749 0 -0.7506722 -0.6606749 0 -0.6282203 -0.7780356 0 -0.6282203 -0.7780356 0 -0.4876943 -0.8730145 0 -0.4876943 -0.8730145 0 -0.3331401 -0.9428774 0 -0.3331401 -0.9428774 0 -0.1690008 -0.9856159 0 -0.1690008 -0.9856159 0 0 -1 0 0 -1 0 0.1690008 -0.9856159 0 0.1690008 -0.9856159 0 0.3331401 -0.9428774 0 0.3331401 -0.9428774 0 0.4876944 -0.8730144 0 0.4876944 -0.8730144 0 0.6282203 -0.7780356 0 0.6282203 -0.7780356 0 0.7506722 -0.6606749 0 0.7506722 -0.6606749 0 0.8515294 -0.5243068 0 0.8515294 -0.5243068 0 0.9278889 -0.3728569 0 0.9278889 -0.3728569 0 0.9775552 -0.2106791 0 0.9775552 -0.2106791 0 0.999099 -0.04244118 0 0.999099 -0.04244118 0 0.9919005 0.1270177 0 0.9919005 0.1270177 0 0.9561669 0.2928224 0 0.9561669 0.2928224 0 0.8929256 0.4502043 0 0.8929256 0.4502043 0 0.8039975 0.5946328 0 0.8039975 0.5946328 0 0.6919388 0.7219562 0 0.6919388 0.7219562 0 0.559975 0.8285095 0 0.559975 0.8285095 0 0.411901 0.9112286 0 0.411901 0.9112286 0 0.2519786 0.9677328 0 0.2519786 0.9677328 0 0.08480548 0.9963976 0 0.08480548 0.9963976 -0.004921674 -0.1305245 -0.9914328 0 -0.2537575 -0.9672679 0 -0.3729878 -0.9278362 -0.009434938 -0.3826665 -0.9238384 0 -0.4909042 -0.8712136 0 -0.5962247 -0.8028176 -0.01353913 -0.6087058 -0.7932806 0 -0.6959145 -0.7181247 0 -0.7804303 -0.6252428 -0.01723331 -0.7932355 -0.6086711 0 -0.8553647 -0.5180263 0 -0.9135455 -0.4067367 -0.0205174 -0.923685 -0.3826029 0 -0.9588196 -0.2840155 0 -0.9868559 -0.1616033 -0.02339106 -0.9911737 -0.1304904 0 -0.9995065 -0.03141194 0 -0.995562 0.09410816 -0.02585488 -0.9911135 0.1304824 0 -0.9747613 0.22325 0 -0.9390943 0.3436598 -0.0279079 -0.9235196 0.3825344 0 -0.8862035 0.4632961 0 -0.8211493 0.5707135 -0.02955055 -0.7930067 0.6084957 0 -0.7396305 0.6730132 0 -0.6494482 0.760406 -0.03078204 -0.6084731 0.7929773 0 -0.5446392 0.8386705 0 -0.4352309 0.9003189 -0.03160315 -0.3824923 0.923418 0 -0.3139929 0.9494253 0 -0.1925219 0.9812926 -0.03201395 -0.1304591 0.9909367 0 -0.06279033 0.9980267 0 0.06279033 0.9980267 -0.03201395 0.1304591 0.9909367 0 0.1925219 0.9812926 0 0.3139929 0.9494253 -0.03160315 0.3824923 0.923418 0 0.4352309 0.9003189 0 0.5446392 0.8386705 -0.03078204 0.6084731 0.7929773 0 0.6494482 0.760406 0 0.7396305 0.6730132 -0.02955055 0.7930067 0.6084957 0 0.8211493 0.5707135 0 0.8862035 0.4632961 -0.0279079 0.9235196 0.3825344 0 0.9390943 0.3436598 0 0.9747613 0.22325 -0.02585488 0.9911135 0.1304824 0 0.995562 0.09410816 0 0.9995065 -0.03141194 -0.02339106 0.9911737 -0.1304904 0 0.9868559 -0.1616033 0 0.9588196 -0.2840155 -0.0205174 0.923685 -0.3826029 0 0.9135455 -0.4067367 0 0.8553647 -0.5180263 -0.01723331 0.7932355 -0.6086711 0 0.7804303 -0.6252428 0 0.6959145 -0.7181247 -0.01353913 0.6087058 -0.7932806 0 0.5962247 -0.8028176 0 0.4909042 -0.8712136 -0.009434938 0.3826665 -0.9238384 0 0.3729878 -0.9278362 0 0.2537575 -0.9672679 -0.004921674 0.1305245 -0.9914328 0 0.1253331 -0.9921147 0 -0.1253331 -0.9921147 -1 0 0 -1 0 0 -1 0 0 -1 0 0 -1 0 0 -1 0 0 -1 0 0 -1 0 0 -1 0 0 -1 0 0 -1 0 0 -1 0 0 -1 0 0 -1 0 0 -1 0 0 -1 0 0 -1 0 0 -1 0 0 -1 0 0 -1 0 0 -1 0 0 -1 0 0 -1 0 0 -1 0 0 0 -0.2588191 -0.9659258 0 -0.2588191 -0.9659258 0 -0.7071069 -0.7071067 0 -0.7071069 -0.7071067 0 -0.9659257 -0.2588192 0 -0.9659257 -0.2588192 0 -0.9659257 0.2588192 0 -0.9659257 0.2588192 0 -0.7071069 0.7071068 0 -0.7071069 0.7071068 0 -0.2588191 0.9659258 0 -0.2588191 0.9659258 0 0.2588191 0.9659258 0 0.2588191 0.9659258 0 0.7071069 0.7071068 0 0.7071069 0.7071068 0 0.9659257 0.2588192 0 0.9659257 0.2588192 0 0.9659257 -0.2588192 0 0.9659257 -0.2588192 0 0.7071069 -0.7071067 0 0.7071069 -0.7071067 0 0.2588191 -0.9659258 0 0.2588191 -0.9659258 -1 0 0 -1 0 0 -1 0 0 -1 0 0 -1 0 0 -1 0 0 -1 0 0 -1 0 0 -1 0 0 -1 0 0 -1 0 0 -1 0 0</float_array>
          <technique_common>
            <accessor source="#GBT-C7A-J6_001-mesh-normals-array" count="1708" stride="3">
              <param name="X" type="float"/>
              <param name="Y" type="float"/>
              <param name="Z" type="float"/>
            </accessor>
          </technique_common>
        </source>
        <vertices id="GBT-C7A-J6_001-mesh-vertices">
          <input semantic="POSITION" source="#GBT-C7A-J6_001-mesh-positions"/>
        </vertices>
        <triangles material="材质_003-material" count="1708">
          <input semantic="VERTEX" source="#GBT-C7A-J6_001-mesh-vertices" offset="0"/>
          <input semantic="NORMAL" source="#GBT-C7A-J6_001-mesh-normals" offset="1"/>
          <p>0 0 1 0 2 0 0 1 2 1 3 1 4 2 5 2 2 2 2 3 5 3 6 3 2 4 6 4 3 4 7 5 8 5 2 5 2 6 8 6 9 6 2 7 9 7 4 7 10 8 11 8 2 8 2 9 11 9 12 9 2 10 12 10 7 10 13 11 14 11 2 11 2 12 14 12 15 12 2 13 15 13 10 13 16 14 17 14 2 14 2 15 17 15 18 15 2 16 18 16 13 16 19 17 20 17 2 17 2 18 20 18 21 18 2 19 21 19 16 19 22 20 23 20 2 20 2 21 23 21 24 21 2 22 24 22 19 22 1 23 25 23 2 23 2 24 25 24 26 24 2 25 26 25 22 25 27 26 28 26 29 26 30 27 31 27 28 27 28 28 31 28 32 28 28 29 32 29 29 29 33 30 34 30 30 30 30 31 34 31 35 31 30 32 35 32 31 32 36 33 37 33 33 33 33 34 37 34 38 34 33 35 38 35 34 35 39 36 40 36 36 36 36 37 40 37 41 37 36 38 41 38 37 38 42 39 43 39 39 39 39 40 43 40 44 40 39 41 44 41 40 41 45 42 46 42 42 42 42 43 46 43 47 43 42 44 47 44 43 44 48 45 49 45 45 45 45 46 49 46 50 46 45 47 50 47 46 47 51 48 52 48 48 48 48 49 52 49 53 49 48 50 53 50 49 50 54 51 55 51 51 51 51 52 55 52 56 52 51 53 56 53 52 53 57 54 58 54 54 54 54 55 58 55 59 55 54 56 59 56 55 56 60 57 61 57 57 57 57 58 61 58 62 58 57 59 62 59 58 59 29 60 63 60 27 60 27 61 63 61 64 61 27 62 64 62 60 62 60 63 64 63 65 63 60 64 65 64 61 64 0 65 66 65 1 65 1 66 66 66 67 66 1 67 67 67 25 67 25 68 67 68 68 68 25 69 68 69 26 69 26 70 68 70 69 70 26 71 69 71 22 71 22 72 69 72 70 72 22 73 70 73 23 73 23 74 70 74 71 74 23 75 71 75 24 75 24 76 71 76 72 76 24 77 72 77 19 77 19 78 72 78 73 78 19 79 73 79 20 79 20 80 73 80 74 80 20 81 74 81 21 81 21 82 74 82 75 82 21 83 75 83 16 83 16 84 75 84 76 84 16 85 76 85 17 85 17 86 76 86 77 86 17 87 77 87 18 87 18 88 77 88 78 88 18 89 78 89 13 89 13 90 78 90 79 90 13 91 79 91 14 91 14 92 79 92 80 92 14 93 80 93 15 93 15 94 80 94 81 94 15 95 81 95 10 95 10 96 81 96 82 96 10 97 82 97 11 97 11 98 82 98 83 98 11 99 83 99 12 99 12 100 83 100 84 100 12 101 84 101 7 101 7 102 84 102 85 102 7 103 85 103 8 103 8 104 85 104 86 104 8 105 86 105 9 105 9 106 86 106 87 106 9 107 87 107 4 107 4 108 87 108 88 108 4 109 88 109 5 109 5 110 88 110 89 110 5 111 89 111 6 111 6 112 89 112 90 112 6 113 90 113 3 113 3 114 90 114 91 114 3 115 91 115 0 115 0 116 91 116 66 116 91 117 92 117 66 117 66 118 92 118 93 118 66 119 93 119 67 119 67 120 93 120 94 120 67 121 94 121 68 121 68 122 94 122 95 122 68 123 95 123 69 123 69 124 95 124 96 124 69 125 96 125 70 125 70 126 96 126 97 126 70 127 97 127 71 127 71 128 97 128 98 128 71 129 98 129 72 129 72 130 98 130 99 130 72 131 99 131 73 131 73 132 99 132 100 132 73 133 100 133 74 133 74 134 100 134 101 134 74 135 101 135 75 135 75 136 101 136 102 136 75 137 102 137 76 137 76 138 102 138 103 138 76 139 103 139 77 139 77 140 103 140 104 140 77 141 104 141 78 141 78 142 104 142 105 142 78 143 105 143 79 143 79 144 105 144 106 144 79 145 106 145 80 145 80 146 106 146 107 146 80 147 107 147 81 147 81 148 107 148 108 148 81 149 108 149 82 149 82 150 108 150 109 150 82 151 109 151 83 151 83 152 109 152 110 152 83 153 110 153 84 153 84 154 110 154 111 154 84 155 111 155 85 155 85 156 111 156 112 156 85 157 112 157 86 157 86 158 112 158 113 158 86 159 113 159 87 159 87 160 113 160 114 160 87 161 114 161 88 161 88 162 114 162 115 162 88 163 115 163 89 163 89 164 115 164 116 164 89 165 116 165 90 165 90 166 116 166 117 166 90 167 117 167 91 167 91 168 117 168 92 168 117 169 50 169 92 169 92 170 50 170 49 170 92 171 49 171 93 171 93 172 49 172 53 172 93 173 53 173 94 173 94 174 53 174 52 174 94 175 52 175 95 175 95 176 52 176 56 176 95 177 56 177 96 177 96 178 56 178 55 178 96 179 55 179 97 179 97 180 55 180 59 180 97 181 59 181 98 181 98 182 59 182 58 182 98 183 58 183 99 183 99 184 58 184 62 184 99 185 62 185 100 185 100 186 62 186 61 186 100 187 61 187 101 187 101 188 61 188 65 188 101 189 65 189 102 189 102 190 65 190 64 190 102 191 64 191 103 191 103 192 64 192 63 192 103 193 63 193 104 193 104 194 63 194 29 194 104 195 29 195 105 195 105 196 29 196 32 196 105 197 32 197 106 197 106 198 32 198 31 198 106 199 31 199 107 199 107 200 31 200 35 200 107 201 35 201 108 201 108 202 35 202 34 202 108 203 34 203 109 203 109 204 34 204 38 204 109 205 38 205 110 205 110 206 38 206 37 206 110 207 37 207 111 207 111 208 37 208 41 208 111 209 41 209 112 209 112 210 41 210 40 210 112 211 40 211 113 211 113 212 40 212 44 212 113 213 44 213 114 213 114 214 44 214 43 214 114 215 43 215 115 215 115 216 43 216 47 216 115 217 47 217 116 217 116 218 47 218 46 218 116 219 46 219 117 219 117 220 46 220 50 220 118 221 119 221 120 221 120 222 119 222 121 222 122 223 123 223 124 223 124 224 123 224 125 224 126 225 122 225 127 225 127 226 122 226 124 226 128 227 126 227 129 227 129 228 126 228 127 228 130 229 131 229 132 229 132 230 131 230 133 230 119 231 130 231 121 231 121 232 130 232 132 232 27 233 130 233 119 233 27 234 60 234 130 234 130 235 60 235 57 235 130 236 57 236 131 236 48 237 126 237 51 237 51 238 126 238 131 238 51 239 131 239 54 239 54 240 131 240 57 240 36 241 123 241 122 241 48 242 45 242 126 242 126 243 45 243 42 243 126 244 42 244 122 244 122 245 42 245 39 245 122 246 39 246 36 246 36 247 33 247 123 247 123 248 33 248 30 248 123 249 30 249 119 249 119 250 30 250 28 250 119 251 28 251 27 251 134 252 135 252 121 252 121 253 135 253 136 253 121 254 136 254 137 254 134 255 121 255 138 255 138 256 121 256 132 256 138 257 132 257 139 257 124 258 140 258 141 258 124 259 141 259 127 259 136 260 142 260 137 260 137 261 142 261 143 261 137 262 143 262 124 262 124 263 143 263 144 263 124 264 144 264 140 264 145 265 146 265 133 265 133 266 146 266 147 266 133 267 147 267 132 267 132 268 147 268 148 268 132 269 148 269 139 269 141 270 149 270 127 270 127 271 149 271 150 271 127 272 150 272 133 272 133 273 150 273 151 273 133 274 151 274 145 274 152 275 153 275 154 275 155 276 156 276 157 276 157 277 156 277 158 277 153 278 152 278 159 278 159 279 152 279 160 279 159 280 160 280 161 280 162 281 163 281 161 281 155 282 157 282 164 282 164 283 157 283 165 283 164 284 165 284 166 284 166 285 165 285 167 285 166 286 167 286 168 286 168 287 167 287 169 287 168 288 169 288 170 288 170 289 169 289 171 289 170 290 171 290 172 290 154 291 153 291 173 291 173 292 153 292 174 292 173 293 174 293 172 293 172 294 174 294 175 294 172 295 175 295 170 295 160 296 176 296 161 296 161 297 176 297 158 297 161 298 158 298 162 298 162 299 158 299 156 299 162 300 156 300 177 300 178 301 179 301 180 301 180 302 179 302 181 302 180 303 181 303 182 303 182 304 181 304 183 304 182 305 183 305 184 305 185 306 186 306 162 306 162 307 186 307 187 307 162 308 187 308 163 308 188 309 189 309 190 309 190 310 189 310 191 310 190 311 191 311 192 311 191 312 185 312 192 312 192 313 185 313 162 313 192 314 162 314 193 314 193 315 162 315 177 315 193 316 177 316 194 316 194 317 177 317 195 317 194 318 195 318 196 318 196 319 195 319 197 319 196 320 197 320 198 320 198 321 197 321 199 321 198 322 199 322 200 322 200 323 199 323 201 323 202 324 203 324 204 324 205 325 206 325 204 325 204 326 206 326 207 326 204 327 207 327 202 327 202 328 207 328 208 328 202 329 208 329 209 329 210 330 211 330 212 330 212 331 211 331 213 331 212 332 213 332 214 332 214 333 213 333 215 333 214 334 215 334 216 334 216 335 215 335 206 335 216 336 206 336 217 336 217 337 206 337 205 337 208 338 218 338 209 338 209 339 218 339 219 339 209 340 219 340 220 340 220 341 219 341 221 341 220 342 221 342 222 342 222 343 221 343 223 343 222 344 223 344 224 344 224 345 223 345 225 345 224 346 225 346 210 346 210 347 225 347 226 347 210 348 226 348 211 348 203 349 227 349 204 349 204 350 227 350 228 350 204 351 228 351 229 351 230 352 231 352 232 352 233 353 234 353 235 353 235 354 234 354 236 354 235 355 236 355 237 355 237 356 236 356 238 356 237 357 238 357 231 357 231 358 238 358 239 358 231 359 239 359 232 359 240 360 241 360 234 360 234 361 241 361 242 361 234 362 242 362 236 362 243 363 244 363 245 363 245 364 244 364 246 364 245 365 246 365 240 365 240 366 246 366 247 366 240 367 247 367 241 367 248 368 249 368 250 368 250 369 249 369 251 369 250 370 251 370 252 370 229 371 230 371 204 371 204 372 230 372 232 372 204 373 232 373 205 373 205 374 232 374 249 374 205 375 249 375 253 375 253 376 249 376 248 376 175 377 254 377 170 377 170 378 254 378 255 378 170 379 255 379 210 379 210 380 255 380 256 380 210 381 256 381 224 381 188 382 184 382 189 382 189 383 184 383 183 383 189 384 183 384 257 384 257 385 183 385 181 385 257 386 181 386 258 386 240 387 259 387 260 387 261 388 262 388 263 388 263 389 262 389 264 389 263 390 264 390 265 390 265 391 264 391 266 391 265 392 266 392 267 392 268 393 269 393 181 393 181 394 269 394 270 394 181 395 270 395 258 395 258 396 270 396 271 396 258 397 271 397 272 397 272 398 271 398 273 398 272 399 273 399 261 399 261 400 273 400 274 400 261 401 274 401 262 401 233 402 275 402 234 402 234 403 275 403 265 403 234 404 265 404 240 404 240 405 265 405 267 405 240 406 267 406 259 406 276 407 179 407 201 407 201 408 179 408 178 408 201 409 178 409 200 409 251 410 243 410 252 410 252 411 243 411 245 411 252 412 245 412 277 412 277 413 245 413 278 413 212 414 279 414 210 414 210 415 279 415 280 415 210 416 280 416 170 416 170 417 280 417 281 417 170 418 281 418 168 418 260 419 268 419 240 419 240 420 268 420 181 420 240 421 181 421 245 421 245 422 181 422 179 422 245 423 179 423 278 423 278 424 179 424 276 424 282 425 283 425 284 425 283 426 285 426 284 426 284 427 285 427 286 427 284 428 286 428 287 428 287 429 286 429 288 429 287 430 288 430 289 430 289 431 288 431 290 431 289 432 290 432 291 432 291 433 290 433 292 433 291 434 292 434 293 434 293 435 292 435 294 435 293 436 294 436 295 436 295 437 294 437 296 437 295 438 296 438 297 438 297 439 296 439 298 439 297 440 298 440 299 440 299 441 298 441 300 441 299 442 300 442 301 442 301 443 300 443 302 443 301 444 302 444 303 444 303 445 302 445 304 445 303 446 304 446 305 446 305 447 304 447 306 447 305 448 306 448 307 448 307 449 306 449 308 449 307 450 308 450 309 450 309 451 308 451 310 451 309 452 310 452 311 452 311 453 310 453 312 453 311 454 312 454 313 454 313 455 312 455 314 455 313 456 314 456 315 456 315 457 314 457 316 457 315 458 316 458 317 458 317 459 316 459 318 459 317 460 318 460 319 460 319 461 318 461 320 461 319 462 320 462 321 462 321 463 320 463 322 463 321 464 322 464 323 464 323 465 322 465 324 465 323 466 324 466 325 466 325 467 324 467 326 467 325 468 326 468 327 468 327 469 326 469 328 469 327 470 328 470 329 470 329 471 328 471 330 471 329 472 330 472 331 472 331 473 330 473 332 473 331 474 332 474 333 474 333 475 332 475 334 475 333 476 334 476 335 476 335 477 334 477 336 477 335 478 336 478 337 478 337 479 336 479 338 479 337 480 338 480 339 480 339 481 338 481 340 481 339 482 340 482 341 482 341 483 340 483 342 483 341 484 342 484 343 484 343 485 342 485 344 485 343 486 344 486 345 486 345 487 344 487 346 487 345 488 346 488 347 488 347 489 346 489 282 489 347 490 282 490 348 490 348 491 282 491 284 491 299 492 349 492 297 492 297 493 349 493 350 493 297 494 350 494 295 494 295 495 350 495 351 495 295 496 351 496 293 496 293 497 351 497 352 497 293 498 352 498 291 498 291 499 352 499 353 499 291 500 353 500 289 500 289 501 353 501 354 501 289 502 354 502 287 502 287 503 354 503 355 503 287 504 355 504 284 504 311 505 356 505 309 505 309 506 356 506 357 506 309 507 357 507 307 507 307 508 357 508 358 508 307 509 358 509 305 509 305 510 358 510 359 510 305 511 359 511 303 511 303 512 359 512 360 512 303 513 360 513 301 513 301 514 360 514 361 514 301 515 361 515 299 515 299 516 361 516 362 516 299 517 362 517 349 517 325 518 363 518 323 518 323 519 363 519 364 519 323 520 364 520 321 520 321 521 364 521 365 521 321 522 365 522 319 522 319 523 365 523 366 523 319 524 366 524 367 524 367 525 366 525 368 525 367 526 368 526 315 526 315 527 368 527 369 527 315 528 369 528 313 528 313 529 369 529 370 529 313 530 370 530 311 530 311 531 370 531 371 531 311 532 371 532 356 532 355 533 372 533 284 533 284 534 372 534 373 534 284 535 373 535 348 535 348 536 373 536 374 536 348 537 374 537 347 537 347 538 374 538 375 538 347 539 375 539 345 539 345 540 375 540 376 540 345 541 376 541 343 541 343 542 376 542 377 542 343 543 377 543 341 543 341 544 377 544 378 544 341 545 378 545 339 545 339 546 378 546 379 546 339 547 379 547 337 547 379 548 380 548 337 548 337 549 380 549 381 549 337 550 381 550 335 550 335 551 381 551 382 551 335 552 382 552 333 552 333 553 382 553 383 553 333 554 383 554 331 554 331 555 383 555 384 555 331 556 384 556 329 556 329 557 384 557 385 557 329 558 385 558 327 558 327 559 385 559 386 559 327 560 386 560 325 560 325 561 386 561 387 561 325 562 387 562 363 562 388 563 389 563 390 563 390 564 389 564 391 564 390 565 391 565 392 565 391 566 393 566 392 566 392 567 393 567 394 567 392 568 394 568 395 568 396 569 397 569 398 569 398 570 399 570 396 570 396 571 399 571 400 571 396 572 400 572 401 572 401 573 402 573 396 573 396 574 402 574 403 574 396 575 403 575 404 575 404 576 405 576 396 576 396 577 405 577 406 577 396 578 406 578 390 578 390 579 406 579 407 579 390 580 407 580 388 580 408 581 409 581 410 581 410 582 409 582 411 582 410 583 411 583 396 583 396 584 411 584 412 584 396 585 412 585 397 585 413 586 414 586 415 586 415 587 414 587 416 587 415 588 416 588 417 588 417 589 418 589 415 589 415 590 418 590 419 590 415 591 419 591 420 591 420 592 421 592 415 592 415 593 421 593 422 593 415 594 422 594 423 594 423 595 424 595 415 595 415 596 424 596 408 596 415 597 408 597 425 597 426 598 427 598 428 598 428 599 427 599 429 599 428 600 429 600 430 600 430 601 429 601 431 601 431 602 432 602 430 602 430 603 432 603 433 603 430 604 433 604 434 604 434 605 435 605 430 605 430 606 435 606 436 606 430 607 436 607 415 607 415 608 436 608 437 608 415 609 437 609 413 609 438 610 439 610 440 610 440 611 439 611 441 611 441 612 442 612 440 612 440 613 442 613 443 613 440 614 443 614 444 614 444 615 445 615 440 615 440 616 445 616 446 616 440 617 446 617 447 617 447 618 448 618 440 618 440 619 448 619 449 619 440 620 449 620 450 620 450 621 451 621 440 621 440 622 451 622 452 622 440 623 452 623 428 623 428 624 452 624 453 624 428 625 453 625 426 625 454 626 455 626 456 626 456 627 455 627 457 627 458 628 459 628 457 628 395 629 460 629 392 629 392 630 460 630 461 630 392 631 461 631 457 631 457 632 461 632 462 632 457 633 462 633 458 633 459 634 463 634 457 634 457 635 463 635 464 635 457 636 464 636 465 636 465 637 466 637 457 637 457 638 466 638 467 638 457 639 467 639 456 639 408 640 410 640 425 640 425 641 410 641 468 641 425 642 468 642 469 642 469 643 468 643 470 643 469 644 470 644 471 644 471 645 470 645 472 645 471 646 472 646 473 646 473 647 472 647 474 647 473 648 474 648 475 648 475 649 474 649 476 649 475 650 476 650 477 650 477 651 476 651 478 651 477 652 478 652 479 652 479 653 478 653 480 653 479 654 480 654 481 654 481 655 480 655 482 655 481 656 482 656 483 656 483 657 482 657 484 657 483 658 484 658 485 658 485 659 484 659 486 659 485 660 486 660 487 660 487 661 486 661 488 661 487 662 488 662 489 662 489 663 488 663 490 663 489 664 490 664 491 664 491 665 490 665 492 665 491 666 492 666 493 666 493 667 492 667 494 667 493 668 494 668 495 668 495 669 494 669 496 669 495 670 496 670 497 670 497 671 496 671 498 671 497 672 498 672 499 672 499 673 498 673 500 673 499 674 500 674 501 674 501 675 500 675 502 675 501 676 502 676 503 676 503 677 502 677 504 677 503 678 504 678 505 678 505 679 504 679 506 679 505 680 506 680 507 680 507 681 506 681 508 681 507 682 508 682 509 682 509 683 508 683 510 683 509 684 510 684 511 684 511 685 510 685 512 685 511 686 512 686 513 686 513 687 512 687 514 687 513 688 514 688 515 688 515 689 514 689 516 689 515 690 516 690 517 690 517 691 516 691 518 691 517 692 518 692 519 692 519 693 518 693 520 693 519 694 520 694 521 694 521 695 520 695 522 695 521 696 522 696 523 696 523 697 522 697 524 697 523 698 524 698 525 698 525 699 524 699 526 699 525 700 526 700 527 700 527 701 526 701 528 701 527 702 528 702 529 702 529 703 528 703 530 703 529 704 530 704 531 704 531 705 530 705 455 705 531 706 455 706 438 706 438 707 455 707 454 707 438 708 454 708 439 708 425 709 469 709 532 709 532 710 469 710 471 710 532 711 471 711 533 711 533 712 471 712 473 712 533 713 473 713 534 713 534 714 473 714 475 714 534 715 475 715 535 715 535 716 475 716 477 716 535 717 477 717 536 717 536 718 477 718 479 718 536 719 479 719 537 719 537 720 479 720 538 720 537 721 538 721 539 721 539 722 538 722 483 722 539 723 483 723 540 723 540 724 483 724 485 724 540 725 485 725 541 725 541 726 485 726 487 726 541 727 487 727 542 727 542 728 487 728 489 728 542 729 489 729 543 729 543 730 489 730 491 730 543 731 491 731 544 731 544 732 491 732 493 732 544 733 493 733 545 733 545 734 493 734 495 734 545 735 495 735 546 735 546 736 495 736 497 736 546 737 497 737 547 737 547 738 497 738 499 738 547 739 499 739 548 739 548 740 499 740 501 740 548 741 501 741 549 741 549 742 501 742 503 742 549 743 503 743 550 743 550 744 503 744 505 744 550 745 505 745 551 745 551 746 505 746 507 746 551 747 507 747 552 747 552 748 507 748 509 748 552 749 509 749 553 749 553 750 509 750 511 750 553 751 511 751 554 751 554 752 511 752 513 752 554 753 513 753 555 753 555 754 513 754 515 754 555 755 515 755 556 755 556 756 515 756 517 756 556 757 517 757 557 757 557 758 517 758 558 758 557 759 558 759 559 759 559 760 558 760 521 760 559 761 521 761 560 761 560 762 521 762 523 762 560 763 523 763 561 763 561 764 523 764 525 764 561 765 525 765 562 765 562 766 525 766 527 766 562 767 527 767 563 767 563 768 527 768 529 768 563 769 529 769 564 769 564 770 529 770 531 770 564 771 531 771 565 771 565 772 531 772 438 772 565 773 438 773 566 773 566 774 438 774 440 774 566 775 440 775 567 775 567 776 440 776 428 776 567 777 428 777 568 777 568 778 428 778 430 778 568 779 430 779 569 779 569 780 430 780 415 780 569 781 415 781 570 781 570 782 415 782 425 782 570 783 425 783 532 783 571 784 572 784 138 784 573 785 574 785 149 785 575 786 576 786 145 786 577 787 578 787 151 787 151 788 578 788 579 788 151 789 579 789 145 789 145 790 579 790 580 790 145 791 580 791 575 791 581 792 582 792 150 792 150 793 582 793 583 793 150 794 583 794 151 794 151 795 583 795 584 795 151 796 584 796 577 796 574 797 585 797 149 797 149 798 585 798 586 798 149 799 586 799 150 799 150 800 586 800 587 800 150 801 587 801 581 801 141 802 588 802 589 802 141 803 589 803 149 803 149 804 589 804 590 804 149 805 590 805 573 805 140 806 591 806 141 806 141 807 591 807 592 807 141 808 592 808 588 808 144 809 593 809 594 809 594 810 595 810 144 810 144 811 595 811 596 811 144 812 596 812 140 812 140 813 596 813 597 813 140 814 597 814 591 814 143 815 598 815 599 815 599 816 600 816 143 816 143 817 600 817 601 817 143 818 601 818 144 818 144 819 601 819 602 819 144 820 602 820 593 820 142 821 603 821 143 821 143 822 603 822 604 822 143 823 604 823 598 823 605 824 606 824 136 824 136 825 606 825 607 825 607 826 608 826 136 826 136 827 608 827 609 827 136 828 609 828 142 828 142 829 609 829 610 829 142 830 610 830 603 830 611 831 612 831 135 831 135 832 612 832 613 832 135 833 613 833 136 833 136 834 613 834 614 834 136 835 614 835 605 835 615 836 616 836 134 836 134 837 616 837 617 837 134 838 617 838 135 838 135 839 617 839 618 839 135 840 618 840 611 840 572 841 619 841 138 841 138 842 619 842 620 842 138 843 620 843 134 843 134 844 620 844 621 844 134 845 621 845 615 845 139 846 622 846 623 846 139 847 623 847 138 847 138 848 623 848 624 848 138 849 624 849 571 849 148 850 625 850 626 850 148 851 626 851 139 851 139 852 626 852 627 852 139 853 627 853 622 853 628 854 629 854 147 854 147 855 629 855 630 855 147 856 630 856 148 856 148 857 630 857 631 857 148 858 631 858 625 858 576 859 632 859 145 859 145 860 632 860 633 860 145 861 633 861 146 861 146 862 633 862 634 862 146 863 634 863 635 863 635 864 636 864 146 864 146 865 636 865 637 865 146 866 637 866 147 866 147 867 637 867 638 867 147 868 638 868 628 868 608 869 607 869 434 869 632 870 391 870 633 870 633 871 391 871 389 871 633 872 389 872 634 872 634 873 389 873 388 873 634 874 388 874 635 874 635 875 388 875 636 875 388 876 407 876 636 876 636 877 407 877 406 877 636 878 406 878 637 878 626 879 625 879 399 879 637 880 406 880 638 880 638 881 406 881 405 881 638 882 405 882 628 882 628 883 405 883 404 883 628 884 404 884 629 884 629 885 404 885 403 885 629 886 403 886 630 886 630 887 403 887 402 887 630 888 402 888 631 888 631 889 402 889 401 889 631 890 401 890 625 890 625 891 401 891 400 891 625 892 400 892 399 892 399 893 398 893 626 893 626 894 398 894 397 894 626 895 397 895 627 895 627 896 397 896 412 896 627 897 412 897 622 897 622 898 412 898 411 898 622 899 411 899 623 899 623 900 411 900 409 900 623 901 409 901 624 901 624 902 409 902 571 902 571 903 409 903 408 903 571 904 408 904 572 904 572 905 408 905 424 905 572 906 424 906 619 906 614 907 613 907 413 907 619 908 424 908 620 908 620 909 424 909 423 909 620 910 423 910 621 910 621 911 423 911 422 911 621 912 422 912 615 912 615 913 422 913 421 913 615 914 421 914 616 914 616 915 421 915 420 915 616 916 420 916 617 916 617 917 420 917 419 917 617 918 419 918 618 918 618 919 419 919 418 919 618 920 418 920 611 920 611 921 418 921 417 921 611 922 417 922 612 922 612 923 417 923 416 923 612 924 416 924 613 924 613 925 416 925 414 925 613 926 414 926 413 926 434 927 607 927 435 927 607 928 606 928 435 928 435 929 606 929 605 929 435 930 605 930 436 930 436 931 605 931 614 931 436 932 614 932 437 932 437 933 614 933 413 933 434 934 433 934 608 934 608 935 433 935 432 935 608 936 432 936 609 936 609 937 432 937 431 937 609 938 431 938 610 938 610 939 431 939 429 939 610 940 429 940 603 940 603 941 429 941 427 941 427 942 426 942 603 942 603 943 426 943 453 943 603 944 453 944 604 944 604 945 453 945 452 945 604 946 452 946 598 946 598 947 452 947 451 947 443 948 597 948 444 948 444 949 597 949 596 949 444 950 596 950 445 950 445 951 596 951 595 951 445 952 595 952 446 952 446 953 595 953 594 953 446 954 594 954 447 954 447 955 594 955 593 955 447 956 593 956 448 956 448 957 593 957 602 957 448 958 602 958 449 958 449 959 602 959 601 959 449 960 601 960 450 960 450 961 601 961 600 961 450 962 600 962 451 962 451 963 600 963 599 963 451 964 599 964 598 964 443 965 442 965 597 965 597 966 442 966 441 966 597 967 441 967 591 967 591 968 441 968 439 968 591 969 439 969 592 969 592 970 439 970 454 970 456 971 589 971 454 971 454 972 589 972 588 972 454 973 588 973 592 973 466 974 574 974 467 974 467 975 574 975 573 975 467 976 573 976 456 976 456 977 573 977 590 977 456 978 590 978 589 978 578 979 577 979 462 979 462 980 577 980 584 980 462 981 584 981 458 981 458 982 584 982 583 982 458 983 583 983 459 983 459 984 583 984 582 984 459 985 582 985 463 985 463 986 582 986 581 986 463 987 581 987 464 987 464 988 581 988 587 988 464 989 587 989 465 989 465 990 587 990 586 990 465 991 586 991 466 991 466 992 586 992 585 992 466 993 585 993 574 993 576 994 394 994 632 994 632 995 394 995 393 995 632 996 393 996 391 996 462 997 461 997 578 997 578 998 461 998 460 998 578 999 460 999 579 999 579 1000 460 1000 395 1000 579 1001 395 1001 580 1001 580 1002 395 1002 394 1002 580 1003 394 1003 575 1003 575 1004 394 1004 576 1004 518 1005 366 1005 520 1005 520 1006 366 1006 365 1006 520 1007 365 1007 522 1007 522 1008 365 1008 364 1008 522 1009 364 1009 524 1009 524 1010 364 1010 363 1010 524 1011 363 1011 526 1011 526 1012 363 1012 387 1012 526 1013 387 1013 528 1013 528 1014 387 1014 386 1014 528 1015 386 1015 530 1015 530 1016 386 1016 385 1016 530 1017 385 1017 455 1017 455 1018 385 1018 384 1018 455 1019 384 1019 457 1019 457 1020 384 1020 383 1020 457 1021 383 1021 392 1021 392 1022 383 1022 382 1022 392 1023 382 1023 390 1023 390 1024 382 1024 381 1024 390 1025 381 1025 396 1025 396 1026 381 1026 380 1026 396 1027 380 1027 410 1027 410 1028 380 1028 379 1028 410 1029 379 1029 468 1029 468 1030 379 1030 378 1030 468 1031 378 1031 470 1031 470 1032 378 1032 377 1032 470 1033 377 1033 472 1033 472 1034 377 1034 376 1034 472 1035 376 1035 474 1035 474 1036 376 1036 375 1036 474 1037 375 1037 476 1037 476 1038 375 1038 374 1038 476 1039 374 1039 478 1039 478 1040 374 1040 639 1040 478 1041 639 1041 640 1041 640 1042 639 1042 372 1042 640 1043 372 1043 482 1043 482 1044 372 1044 355 1044 482 1045 355 1045 484 1045 484 1046 355 1046 354 1046 484 1047 354 1047 486 1047 486 1048 354 1048 353 1048 486 1049 353 1049 488 1049 488 1050 353 1050 352 1050 488 1051 352 1051 490 1051 490 1052 352 1052 351 1052 490 1053 351 1053 492 1053 492 1054 351 1054 350 1054 492 1055 350 1055 494 1055 494 1056 350 1056 349 1056 494 1057 349 1057 496 1057 496 1058 349 1058 362 1058 496 1059 362 1059 498 1059 498 1060 362 1060 361 1060 498 1061 361 1061 500 1061 500 1062 361 1062 360 1062 500 1063 360 1063 502 1063 502 1064 360 1064 359 1064 502 1065 359 1065 504 1065 504 1066 359 1066 358 1066 504 1067 358 1067 506 1067 506 1068 358 1068 357 1068 506 1069 357 1069 508 1069 508 1070 357 1070 356 1070 508 1071 356 1071 510 1071 510 1072 356 1072 371 1072 510 1073 371 1073 512 1073 512 1074 371 1074 370 1074 512 1075 370 1075 514 1075 514 1076 370 1076 369 1076 514 1077 369 1077 516 1077 516 1078 369 1078 368 1078 516 1079 368 1079 518 1079 518 1080 368 1080 366 1080 641 1081 642 1081 643 1081 643 1082 642 1082 285 1082 342 1083 644 1083 344 1083 344 1084 644 1084 645 1084 344 1085 645 1085 346 1085 346 1086 645 1086 641 1086 346 1087 641 1087 282 1087 282 1088 641 1088 643 1088 646 1089 235 1089 342 1089 342 1090 235 1090 647 1090 342 1091 647 1091 644 1091 642 1092 648 1092 285 1092 285 1093 648 1093 649 1093 285 1094 649 1094 286 1094 286 1095 649 1095 650 1095 286 1096 650 1096 288 1096 288 1097 650 1097 651 1097 288 1098 651 1098 290 1098 290 1099 651 1099 652 1099 290 1100 652 1100 292 1100 292 1101 652 1101 653 1101 292 1102 653 1102 294 1102 294 1103 653 1103 654 1103 294 1104 654 1104 296 1104 296 1105 654 1105 655 1105 296 1106 655 1106 298 1106 298 1107 655 1107 656 1107 298 1108 656 1108 300 1108 300 1109 656 1109 657 1109 300 1110 657 1110 302 1110 302 1111 657 1111 658 1111 302 1112 658 1112 304 1112 304 1113 658 1113 659 1113 304 1114 659 1114 306 1114 306 1115 659 1115 660 1115 306 1116 660 1116 308 1116 308 1117 660 1117 661 1117 308 1118 661 1118 310 1118 310 1119 661 1119 662 1119 310 1120 662 1120 312 1120 312 1121 662 1121 663 1121 312 1122 663 1122 314 1122 314 1123 663 1123 664 1123 314 1124 664 1124 316 1124 316 1125 664 1125 665 1125 316 1126 665 1126 318 1126 318 1127 665 1127 666 1127 318 1128 666 1128 320 1128 320 1129 666 1129 667 1129 320 1130 667 1130 322 1130 322 1131 667 1131 668 1131 322 1132 668 1132 324 1132 324 1133 668 1133 669 1133 324 1134 669 1134 326 1134 326 1135 669 1135 670 1135 326 1136 670 1136 328 1136 328 1137 670 1137 671 1137 328 1138 671 1138 330 1138 330 1139 671 1139 672 1139 330 1140 672 1140 332 1140 332 1141 672 1141 673 1141 332 1142 673 1142 334 1142 334 1143 673 1143 674 1143 334 1144 674 1144 336 1144 336 1145 674 1145 675 1145 336 1146 675 1146 338 1146 338 1147 675 1147 646 1147 338 1148 646 1148 340 1148 340 1149 646 1149 342 1149 676 1150 559 1150 677 1150 677 1151 559 1151 560 1151 677 1152 560 1152 678 1152 678 1153 560 1153 561 1153 678 1154 561 1154 679 1154 679 1155 561 1155 562 1155 679 1156 562 1156 680 1156 680 1157 562 1157 563 1157 680 1158 563 1158 681 1158 681 1159 563 1159 564 1159 681 1160 564 1160 682 1160 682 1161 564 1161 565 1161 682 1162 565 1162 683 1162 683 1163 565 1163 566 1163 683 1164 566 1164 684 1164 684 1165 566 1165 567 1165 684 1166 567 1166 685 1166 685 1167 567 1167 568 1167 685 1168 568 1168 686 1168 686 1169 568 1169 569 1169 686 1170 569 1170 687 1170 687 1171 569 1171 570 1171 687 1172 570 1172 688 1172 688 1173 570 1173 532 1173 688 1174 532 1174 689 1174 689 1175 532 1175 533 1175 689 1176 533 1176 690 1176 690 1177 533 1177 534 1177 690 1178 534 1178 691 1178 691 1179 534 1179 535 1179 691 1180 535 1180 692 1180 692 1181 535 1181 536 1181 692 1182 536 1182 693 1182 693 1183 536 1183 537 1183 693 1184 537 1184 694 1184 694 1185 537 1185 539 1185 694 1186 539 1186 695 1186 695 1187 539 1187 540 1187 695 1188 540 1188 696 1188 696 1189 540 1189 541 1189 696 1190 541 1190 697 1190 697 1191 541 1191 542 1191 697 1192 542 1192 698 1192 698 1193 542 1193 543 1193 698 1194 543 1194 699 1194 699 1195 543 1195 544 1195 699 1196 544 1196 700 1196 700 1197 544 1197 545 1197 700 1198 545 1198 701 1198 701 1199 545 1199 546 1199 701 1200 546 1200 702 1200 702 1201 546 1201 547 1201 702 1202 547 1202 703 1202 703 1203 547 1203 548 1203 703 1204 548 1204 704 1204 704 1205 548 1205 549 1205 704 1206 549 1206 705 1206 705 1207 549 1207 550 1207 705 1208 550 1208 706 1208 706 1209 550 1209 551 1209 706 1210 551 1210 707 1210 707 1211 551 1211 552 1211 707 1212 552 1212 708 1212 708 1213 552 1213 553 1213 708 1214 553 1214 709 1214 709 1215 553 1215 554 1215 709 1216 554 1216 710 1216 710 1217 554 1217 555 1217 710 1218 555 1218 711 1218 711 1219 555 1219 556 1219 711 1220 556 1220 712 1220 712 1221 556 1221 557 1221 712 1222 557 1222 676 1222 676 1223 557 1223 559 1223 216 1224 217 1224 713 1224 713 1225 714 1225 216 1225 216 1226 714 1226 715 1226 216 1227 715 1227 214 1227 715 1228 716 1228 214 1228 214 1229 716 1229 717 1229 214 1230 717 1230 212 1230 717 1231 718 1231 212 1231 212 1232 718 1232 719 1232 212 1233 719 1233 279 1233 719 1234 720 1234 279 1234 279 1235 720 1235 721 1235 279 1236 721 1236 280 1236 721 1237 722 1237 280 1237 280 1238 722 1238 723 1238 280 1239 723 1239 281 1239 723 1240 724 1240 281 1240 281 1241 724 1241 725 1241 281 1242 725 1242 168 1242 725 1243 726 1243 168 1243 168 1244 726 1244 727 1244 168 1245 727 1245 166 1245 727 1246 728 1246 166 1246 166 1247 728 1247 729 1247 166 1248 729 1248 164 1248 729 1249 730 1249 164 1249 164 1250 730 1250 731 1250 164 1251 731 1251 155 1251 731 1252 732 1252 155 1252 155 1253 732 1253 733 1253 155 1254 733 1254 156 1254 156 1255 733 1255 734 1255 156 1256 734 1256 177 1256 734 1257 735 1257 177 1257 177 1258 735 1258 736 1258 177 1259 736 1259 195 1259 736 1260 737 1260 195 1260 195 1261 737 1261 738 1261 195 1262 738 1262 197 1262 738 1263 739 1263 197 1263 197 1264 739 1264 740 1264 197 1265 740 1265 199 1265 740 1266 741 1266 199 1266 199 1267 741 1267 742 1267 199 1268 742 1268 201 1268 742 1269 743 1269 201 1269 201 1270 743 1270 744 1270 201 1271 744 1271 276 1271 744 1272 745 1272 276 1272 276 1273 745 1273 746 1273 276 1274 746 1274 278 1274 746 1275 747 1275 278 1275 278 1276 747 1276 748 1276 278 1277 748 1277 277 1277 748 1278 749 1278 277 1278 277 1279 749 1279 750 1279 277 1280 750 1280 252 1280 750 1281 751 1281 252 1281 252 1282 751 1282 752 1282 252 1283 752 1283 250 1283 752 1284 753 1284 250 1284 250 1285 753 1285 754 1285 250 1286 754 1286 248 1286 754 1287 755 1287 248 1287 248 1288 755 1288 756 1288 248 1289 756 1289 253 1289 756 1290 757 1290 253 1290 253 1291 757 1291 758 1291 253 1292 758 1292 205 1292 205 1293 758 1293 759 1293 205 1294 759 1294 217 1294 217 1295 759 1295 760 1295 217 1296 760 1296 713 1296 761 1297 762 1297 763 1297 763 1298 762 1298 764 1298 763 1299 764 1299 765 1299 766 1300 767 1300 763 1300 763 1301 767 1301 768 1301 763 1302 768 1302 761 1302 769 1303 770 1303 763 1303 763 1304 770 1304 771 1304 763 1305 771 1305 766 1305 765 1306 772 1306 763 1306 763 1307 772 1307 773 1307 763 1308 773 1308 769 1308 764 1309 238 1309 765 1309 765 1310 238 1310 236 1310 765 1311 236 1311 772 1311 772 1312 236 1312 242 1312 772 1313 242 1313 773 1313 773 1314 242 1314 241 1314 773 1315 241 1315 769 1315 769 1316 241 1316 247 1316 769 1317 247 1317 770 1317 770 1318 247 1318 246 1318 770 1319 246 1319 771 1319 771 1320 246 1320 244 1320 771 1321 244 1321 766 1321 766 1322 244 1322 243 1322 766 1323 243 1323 767 1323 767 1324 243 1324 251 1324 767 1325 251 1325 768 1325 768 1326 251 1326 249 1326 768 1327 249 1327 761 1327 761 1328 249 1328 232 1328 761 1329 232 1329 762 1329 762 1330 232 1330 239 1330 762 1331 239 1331 764 1331 764 1332 239 1332 238 1332 774 1333 775 1333 776 1333 776 1334 775 1334 777 1334 776 1335 777 1335 778 1335 779 1336 780 1336 776 1336 776 1337 780 1337 781 1337 776 1338 781 1338 774 1338 782 1339 783 1339 776 1339 776 1340 783 1340 784 1340 776 1341 784 1341 779 1341 778 1342 785 1342 776 1342 776 1343 785 1343 786 1343 776 1344 786 1344 782 1344 777 1345 218 1345 778 1345 778 1346 218 1346 208 1346 778 1347 208 1347 785 1347 785 1348 208 1348 207 1348 785 1349 207 1349 786 1349 786 1350 207 1350 206 1350 786 1351 206 1351 782 1351 782 1352 206 1352 215 1352 782 1353 215 1353 783 1353 783 1354 215 1354 213 1354 783 1355 213 1355 784 1355 784 1356 213 1356 211 1356 784 1357 211 1357 779 1357 779 1358 211 1358 226 1358 779 1359 226 1359 780 1359 780 1360 226 1360 225 1360 780 1361 225 1361 781 1361 781 1362 225 1362 223 1362 781 1363 223 1363 774 1363 774 1364 223 1364 221 1364 774 1365 221 1365 775 1365 775 1366 221 1366 219 1366 775 1367 219 1367 777 1367 777 1368 219 1368 218 1368 787 1369 266 1369 788 1369 788 1370 266 1370 264 1370 788 1371 264 1371 789 1371 789 1372 264 1372 790 1372 789 1373 790 1373 791 1373 791 1374 790 1374 274 1374 791 1375 274 1375 792 1375 792 1376 274 1376 273 1376 792 1377 273 1377 793 1377 793 1378 273 1378 271 1378 793 1379 271 1379 794 1379 794 1380 271 1380 270 1380 794 1381 270 1381 795 1381 795 1382 270 1382 269 1382 795 1383 269 1383 796 1383 796 1384 269 1384 797 1384 796 1385 797 1385 798 1385 798 1386 797 1386 260 1386 798 1387 260 1387 799 1387 799 1388 260 1388 259 1388 799 1389 259 1389 800 1389 800 1390 259 1390 267 1390 800 1391 267 1391 787 1391 787 1392 267 1392 266 1392 801 1393 802 1393 803 1393 803 1394 802 1394 804 1394 803 1395 804 1395 805 1395 806 1396 807 1396 803 1396 803 1397 807 1397 808 1397 803 1398 808 1398 801 1398 809 1399 810 1399 803 1399 803 1400 810 1400 811 1400 803 1401 811 1401 806 1401 805 1402 812 1402 803 1402 803 1403 812 1403 813 1403 803 1404 813 1404 809 1404 804 1405 200 1405 805 1405 805 1406 200 1406 178 1406 805 1407 178 1407 812 1407 812 1408 178 1408 180 1408 812 1409 180 1409 813 1409 813 1410 180 1410 182 1410 813 1411 182 1411 809 1411 809 1412 182 1412 184 1412 809 1413 184 1413 810 1413 810 1414 184 1414 188 1414 810 1415 188 1415 811 1415 811 1416 188 1416 190 1416 811 1417 190 1417 806 1417 806 1418 190 1418 192 1418 806 1419 192 1419 807 1419 807 1420 192 1420 193 1420 807 1421 193 1421 808 1421 808 1422 193 1422 194 1422 808 1423 194 1423 801 1423 801 1424 194 1424 196 1424 801 1425 196 1425 802 1425 802 1426 196 1426 198 1426 802 1427 198 1427 804 1427 804 1428 198 1428 200 1428 814 1429 815 1429 816 1429 816 1430 815 1430 817 1430 816 1431 817 1431 818 1431 819 1432 820 1432 816 1432 816 1433 820 1433 821 1433 816 1434 821 1434 814 1434 822 1435 823 1435 816 1435 816 1436 823 1436 824 1436 816 1437 824 1437 819 1437 818 1438 825 1438 816 1438 816 1439 825 1439 826 1439 816 1440 826 1440 822 1440 817 1441 169 1441 818 1441 818 1442 169 1442 167 1442 818 1443 167 1443 825 1443 825 1444 167 1444 165 1444 825 1445 165 1445 826 1445 826 1446 165 1446 157 1446 826 1447 157 1447 822 1447 822 1448 157 1448 158 1448 822 1449 158 1449 823 1449 823 1450 158 1450 176 1450 823 1451 176 1451 824 1451 824 1452 176 1452 160 1452 824 1453 160 1453 819 1453 819 1454 160 1454 152 1454 819 1455 152 1455 820 1455 820 1456 152 1456 154 1456 820 1457 154 1457 821 1457 821 1458 154 1458 173 1458 821 1459 173 1459 814 1459 814 1460 173 1460 172 1460 814 1461 172 1461 815 1461 815 1462 172 1462 171 1462 815 1463 171 1463 817 1463 817 1464 171 1464 169 1464 827 1465 828 1465 829 1465 830 1466 831 1466 829 1466 829 1467 831 1467 832 1467 829 1468 832 1468 827 1468 833 1469 834 1469 829 1469 829 1470 834 1470 835 1470 829 1471 835 1471 830 1471 836 1472 837 1472 829 1472 829 1473 837 1473 838 1473 829 1474 838 1474 833 1474 839 1475 840 1475 829 1475 829 1476 840 1476 841 1476 829 1477 841 1477 836 1477 842 1478 843 1478 829 1478 829 1479 843 1479 844 1479 829 1480 844 1480 839 1480 845 1481 846 1481 829 1481 829 1482 846 1482 847 1482 829 1483 847 1483 842 1483 848 1484 849 1484 829 1484 829 1485 849 1485 850 1485 829 1486 850 1486 845 1486 851 1487 852 1487 829 1487 829 1488 852 1488 853 1488 829 1489 853 1489 848 1489 854 1490 855 1490 829 1490 829 1491 855 1491 856 1491 829 1492 856 1492 851 1492 857 1493 858 1493 829 1493 829 1494 858 1494 859 1494 829 1495 859 1495 854 1495 860 1496 861 1496 829 1496 829 1497 861 1497 862 1497 829 1498 862 1498 857 1498 828 1499 863 1499 829 1499 829 1500 863 1500 864 1500 829 1501 864 1501 860 1501 865 1502 866 1502 828 1502 828 1503 866 1503 676 1503 828 1504 676 1504 863 1504 863 1505 676 1505 677 1505 863 1506 677 1506 864 1506 864 1507 677 1507 678 1507 864 1508 678 1508 860 1508 860 1509 678 1509 679 1509 860 1510 679 1510 861 1510 861 1511 679 1511 680 1511 861 1512 680 1512 862 1512 862 1513 680 1513 681 1513 862 1514 681 1514 857 1514 857 1515 681 1515 682 1515 857 1516 682 1516 858 1516 858 1517 682 1517 683 1517 858 1518 683 1518 859 1518 859 1519 683 1519 684 1519 859 1520 684 1520 854 1520 854 1521 684 1521 685 1521 854 1522 685 1522 855 1522 855 1523 685 1523 686 1523 855 1524 686 1524 856 1524 856 1525 686 1525 687 1525 856 1526 687 1526 851 1526 851 1527 687 1527 688 1527 851 1528 688 1528 852 1528 852 1529 688 1529 689 1529 852 1530 689 1530 853 1530 853 1531 689 1531 690 1531 853 1532 690 1532 848 1532 848 1533 690 1533 691 1533 848 1534 691 1534 849 1534 849 1535 691 1535 692 1535 849 1536 692 1536 850 1536 850 1537 692 1537 693 1537 850 1538 693 1538 845 1538 845 1539 693 1539 694 1539 845 1540 694 1540 846 1540 846 1541 694 1541 695 1541 846 1542 695 1542 847 1542 847 1543 695 1543 696 1543 847 1544 696 1544 842 1544 842 1545 696 1545 697 1545 842 1546 697 1546 843 1546 843 1547 697 1547 698 1547 843 1548 698 1548 844 1548 844 1549 698 1549 699 1549 844 1550 699 1550 839 1550 839 1551 699 1551 700 1551 839 1552 700 1552 840 1552 840 1553 700 1553 701 1553 840 1554 701 1554 841 1554 841 1555 701 1555 702 1555 841 1556 702 1556 836 1556 836 1557 702 1557 703 1557 836 1558 703 1558 837 1558 837 1559 703 1559 704 1559 837 1560 704 1560 838 1560 838 1561 704 1561 705 1561 838 1562 705 1562 833 1562 833 1563 705 1563 706 1563 833 1564 706 1564 834 1564 834 1565 706 1565 707 1565 834 1566 707 1566 835 1566 835 1567 707 1567 708 1567 835 1568 708 1568 830 1568 830 1569 708 1569 709 1569 830 1570 709 1570 831 1570 831 1571 709 1571 710 1571 831 1572 710 1572 832 1572 832 1573 710 1573 711 1573 832 1574 711 1574 865 1574 865 1575 711 1575 866 1575 758 1576 867 1576 868 1576 758 1577 757 1577 867 1577 867 1578 757 1578 756 1578 867 1579 756 1579 869 1579 756 1580 755 1580 869 1580 869 1581 755 1581 754 1581 869 1582 754 1582 870 1582 754 1583 753 1583 870 1583 870 1584 753 1584 752 1584 870 1585 752 1585 871 1585 752 1586 751 1586 871 1586 871 1587 751 1587 750 1587 871 1588 750 1588 872 1588 750 1589 749 1589 872 1589 872 1590 749 1590 748 1590 872 1591 748 1591 873 1591 748 1592 747 1592 873 1592 873 1593 747 1593 746 1593 873 1594 746 1594 874 1594 746 1595 745 1595 874 1595 874 1596 745 1596 744 1596 874 1597 744 1597 875 1597 744 1598 743 1598 875 1598 875 1599 743 1599 742 1599 875 1600 742 1600 876 1600 742 1601 741 1601 876 1601 876 1602 741 1602 740 1602 876 1603 740 1603 877 1603 740 1604 739 1604 877 1604 877 1605 739 1605 738 1605 877 1606 738 1606 878 1606 738 1607 737 1607 878 1607 878 1608 737 1608 736 1608 878 1609 736 1609 879 1609 736 1610 735 1610 879 1610 879 1611 735 1611 734 1611 879 1612 734 1612 880 1612 734 1613 733 1613 880 1613 880 1614 733 1614 732 1614 880 1615 732 1615 881 1615 732 1616 731 1616 881 1616 881 1617 731 1617 730 1617 881 1618 730 1618 882 1618 730 1619 729 1619 882 1619 882 1620 729 1620 728 1620 882 1621 728 1621 883 1621 728 1622 727 1622 883 1622 883 1623 727 1623 726 1623 883 1624 726 1624 884 1624 726 1625 725 1625 884 1625 884 1626 725 1626 724 1626 884 1627 724 1627 885 1627 724 1628 723 1628 885 1628 885 1629 723 1629 722 1629 885 1630 722 1630 886 1630 722 1631 721 1631 886 1631 886 1632 721 1632 720 1632 886 1633 720 1633 887 1633 720 1634 719 1634 887 1634 887 1635 719 1635 718 1635 887 1636 718 1636 888 1636 718 1637 717 1637 888 1637 888 1638 717 1638 716 1638 888 1639 716 1639 889 1639 716 1640 715 1640 889 1640 889 1641 715 1641 714 1641 889 1642 714 1642 890 1642 714 1643 713 1643 890 1643 890 1644 713 1644 760 1644 890 1645 760 1645 868 1645 868 1646 760 1646 891 1646 868 1647 891 1647 758 1647 889 1648 890 1648 892 1648 892 1649 890 1649 868 1649 892 1650 868 1650 867 1650 886 1651 887 1651 892 1651 892 1652 887 1652 888 1652 892 1653 888 1653 889 1653 883 1654 884 1654 892 1654 892 1655 884 1655 885 1655 892 1656 885 1656 886 1656 880 1657 881 1657 892 1657 892 1658 881 1658 882 1658 892 1659 882 1659 883 1659 877 1660 878 1660 892 1660 892 1661 878 1661 879 1661 892 1662 879 1662 880 1662 874 1663 875 1663 892 1663 892 1664 875 1664 876 1664 892 1665 876 1665 877 1665 871 1666 872 1666 892 1666 892 1667 872 1667 873 1667 892 1668 873 1668 874 1668 867 1669 869 1669 892 1669 892 1670 869 1670 870 1670 892 1671 870 1671 871 1671 893 1672 800 1672 894 1672 894 1673 800 1673 787 1673 894 1674 787 1674 895 1674 895 1675 787 1675 788 1675 895 1676 788 1676 896 1676 896 1677 788 1677 897 1677 896 1678 897 1678 898 1678 898 1679 897 1679 791 1679 898 1680 791 1680 899 1680 899 1681 791 1681 792 1681 899 1682 792 1682 900 1682 900 1683 792 1683 793 1683 900 1684 793 1684 901 1684 901 1685 793 1685 794 1685 901 1686 794 1686 902 1686 902 1687 794 1687 795 1687 902 1688 795 1688 903 1688 903 1689 795 1689 904 1689 903 1690 904 1690 905 1690 905 1691 904 1691 798 1691 905 1692 798 1692 906 1692 906 1693 798 1693 799 1693 906 1694 799 1694 893 1694 893 1695 799 1695 800 1695 905 1696 906 1696 907 1696 907 1697 906 1697 893 1697 907 1698 893 1698 894 1698 901 1699 902 1699 907 1699 907 1700 902 1700 903 1700 907 1701 903 1701 905 1701 898 1702 899 1702 907 1702 907 1703 899 1703 900 1703 907 1704 900 1704 901 1704 894 1705 895 1705 907 1705 907 1706 895 1706 896 1706 907 1707 896 1707 898 1707</p>
        </triangles>
      </mesh>
    </geometry>
  </library_geometries>
  <library_visual_scenes>
    <visual_scene id="Scene" name="Scene">
      <node id="GBT-C7A-J6_001" name="GBT-C7A-J6.001" type="NODE">
        <matrix sid="transform">0.001 0 0 0 0 0.001 0 0 0 0 0.001 0 0 0 0 1</matrix>
        <instance_geometry url="#GBT-C7A-J6_001-mesh" name="GBT-C7A-J6.001">
          <bind_material>
            <technique_common>
              <instance_material symbol="材质_003-material" target="#材质_003-material"/>
            </technique_common>
          </bind_material>
        </instance_geometry>
      </node>
    </visual_scene>
  </library_visual_scenes>
  <scene>
    <instance_visual_scene url="#Scene"/>
  </scene>
</COLLADA>