<?xml version="1.0" encoding="utf-8"?>
<COLLADA xmlns="http://www.collada.org/2005/11/COLLADASchema" version="1.4.1" xmlns:xsi="http://www.w3.org/2001/XMLSchema-instance">
  <asset>
    <contributor>
      <author>Blender User</author>
      <authoring_tool>Blender 4.3.2 commit date:2024-12-16, commit time:21:10, hash:32f5fdce0a0a</authoring_tool>
    </contributor>
    <created>2025-04-23T10:50:29</created>
    <modified>2025-04-23T10:50:29</modified>
    <unit name="meter" meter="1"/>
    <up_axis>Z_UP</up_axis>
  </asset>
  <library_effects>
    <effect id="材质_001-effect">
      <profile_COMMON>
        <newparam sid="Image_Joint_png-surface">
          <surface type="2D">
            <init_from>Image_Joint_png</init_from>
          </surface>
        </newparam>
        <newparam sid="Image_Joint_png-sampler">
          <sampler2D>
            <source>Image_Joint_png-surface</source>
          </sampler2D>
        </newparam>
        <technique sid="common">
          <lambert>
            <emission>
              <color sid="emission">0 0 0 1</color>
            </emission>
            <diffuse>
              <texture texture="Image_Joint_png-sampler" texcoord="UVMap"/>
            </diffuse>
            <index_of_refraction>
              <float sid="ior">1.45</float>
            </index_of_refraction>
          </lambert>
        </technique>
      </profile_COMMON>
    </effect>
  </library_effects>
  <library_images>
    <image id="Image_Joint_png" name="Image_Joint_png">
      <init_from>Image_Joint.png</init_from>
    </image>
  </library_images>
  <library_materials>
    <material id="材质_001-material" name="材质.001">
      <instance_effect url="#材质_001-effect"/>
    </material>
  </library_materials>
  <library_geometries>
    <geometry id="GBT-C7A-J4_001-mesh" name="GBT-C7A-J4.001">
      <mesh>
        <source id="GBT-C7A-J4_001-mesh-positions">
          <float_array id="GBT-C7A-J4_001-mesh-positions-array" count="7734">-3.51101e-6 10.62185 46.67732 -3.51101e-6 10.62185 46.67732 -3.51101e-6 10.62185 46.67732 -18.73556 15.11516 44.77002 -18.73556 15.11516 44.77002 -19.15698 15.33359 44.67731 -19.15698 15.33359 44.67731 -33.26804 27.4494 39.53445 -33.26804 27.4494 39.53445 -41.01405 47.06967 31.20614 -41.01405 47.06967 31.20614 -37.3375 69.57227 21.65435 -37.3375 69.57227 21.65435 -22.07239 86.82912 14.32925 -22.07239 86.82912 14.32925 -18.74095 88.72351 13.52513 -18.74095 88.72351 13.52513 -9.51101e-6 93.22186 11.6157 -9.51101e-6 93.22186 11.6157 -9.51101e-6 93.22186 11.6157 -9.51101e-6 93.41425 11.63563 -9.51101e-6 93.41425 11.63563 -9.51101e-6 93.5 11.7998 -9.51101e-6 93.5 11.7998 -9.51101e-6 93.5 11.7998 -9.51101e-6 93.5 11.7998 -19.95554 88.38718 13.95969 -19.95554 88.38718 13.95969 -35.46936 73.54471 20.2296 -35.46936 73.54471 20.2296 -41.5 52.00251 29.32955 -41.5 52.00251 29.32955 -35.46788 30.45284 38.43265 -35.46788 30.45284 38.43265 -19.96144 15.61606 44.70016 -19.96144 15.61606 44.70016 -3.51101e-6 10.5 46.86142 -3.51101e-6 10.5 46.86142 -3.51101e-6 10.5 46.86142 -3.51101e-6 10.5 46.86142 -3.51101e-6 10.53262 46.75194 -3.51101e-6 10.53262 46.75194 -18.7285 87.34455 14.11046 -18.7285 87.34455 14.11046 0.002744436 92.00003 12.13433 0.002744436 92.00003 12.13433 11.31249 90.36701 12.82751 11.31249 90.36701 12.82751 11.30046 91.64559 12.28478 11.30046 91.64559 12.28478 19.15701 88.5102 13.61568 19.15701 88.5102 13.61568 19.24949 87.06351 14.22976 19.24949 87.06351 14.22976 34.19982 72.74524 20.30751 34.19982 72.74524 20.30751 40 52 29.11334 40 52 29.11334 40 52 29.11334 34.20048 31.25587 37.9187 34.20048 31.25587 37.9187 19.2471 16.93519 43.99747 19.2471 16.93519 43.99747 11.31249 13.63298 45.39917 11.31249 13.63298 45.39917 11.29951 12.1963 46.00901 11.29951 12.1963 46.00901 22.07234 17.01464 43.96374 22.07234 17.01464 43.96374 37.33749 34.27144 36.63866 37.33749 34.27144 36.63866 41.01407 56.77404 27.08688 41.01407 56.77404 27.08688 33.26803 76.3943 18.75857 33.26803 76.3943 18.75857 -0.002757489 11.99998 46.09234 -0.002757489 11.99998 46.09234 -18.72848 16.65544 44.11621 -18.72848 16.65544 44.11621 -19.2495 16.9365 43.99691 -19.2495 16.9365 43.99691 -34.19983 31.25477 37.91917 -34.19983 31.25477 37.91917 -40 52 29.11334 -40 52 29.11334 -40 52 29.11334 -34.2005 72.74413 20.30797 -34.2005 72.74413 20.30797 -19.24711 87.06481 14.22921 -19.24711 87.06481 14.22921 19.95552 15.61282 44.70153 19.95552 15.61282 44.70153 35.46935 30.45528 38.43162 35.46935 30.45528 38.43162 41.5 51.99748 29.33168 41.5 51.99748 29.33168 35.46787 73.54716 20.22858 35.46787 73.54716 20.22858 19.96143 88.38394 13.96106 19.96143 88.38394 13.96106 -4.51101e-6 10.5 50.81821 -4.51101e-6 10.5 50.81821 -4.51101e-6 10.5 50.81821 -4.51101e-6 10.5 50.81821 19.98953 15.63149 48.69241 19.98953 15.63149 48.69241 35.48502 30.4811 42.541 35.48502 30.4811 42.541 41.5 52.00234 33.62601 41.5 52.00234 33.62601 35.48659 73.51631 24.71404 35.48659 73.51631 24.71404 19.98368 88.37172 18.56021 19.98368 88.37172 18.56021 -9.51101e-6 93.5 16.43575 -9.51101e-6 93.5 16.43575 -9.51101e-6 93.5 16.43575 -9.51101e-6 93.5 16.43575 -19.98955 88.36851 18.56154 -19.98955 88.36851 18.56154 -35.48502 73.51891 24.71295 -35.48502 73.51891 24.71295 -41.5 51.99767 33.62794 -41.5 51.99767 33.62794 -35.48661 30.4837 42.53992 -35.48661 30.4837 42.53992 -19.9837 15.62828 48.69374 -19.9837 15.62828 48.69374 -9.51101e-6 93.33429 16.98708 -9.51101e-6 93.33429 16.98708 -9.51101e-6 92.89073 17.35625 -9.51101e-6 92.89073 17.35625 -9.51101e-6 92.89073 17.35625 -14.87877 90.05855 18.55844 -14.87877 90.05855 18.55844 -21.77735 86.53711 20.05321 -21.77735 86.53711 20.05321 -27.98523 81.66622 22.12077 -27.98523 81.66622 22.12077 -33.22326 75.55226 24.71599 -33.22326 75.55226 24.71599 -37.20787 68.38422 27.75864 -37.20787 68.38422 27.75864 -38.65061 64.48812 29.41244 -38.65061 64.48812 29.41244 -39.69121 60.44255 31.12968 -39.69121 60.44255 31.12968 -40.31103 56.29436 32.89049 -40.31103 56.29436 32.89049 -40.49894 52.09768 34.67187 -40.49894 52.09768 34.67187 -40.49894 52.09768 34.67187 -40.49894 52.09768 34.67187 -37.15371 35.88159 41.54174 -37.15371 35.88159 41.54174 -27.9265 22.66862 47.11927 -27.9265 22.66862 47.11927 -14.8428 14.31725 50.63418 -14.8428 14.31725 50.63418 -4.51101e-6 11.4999 51.81835 -4.51101e-6 11.4999 51.81835 -4.51101e-6 11.4999 51.81835 -4.51101e-6 10.78336 51.51441 -4.51101e-6 10.78336 51.51441 40.49893 52.09769 34.67187 40.49893 52.09769 34.67187 40.49893 52.09769 34.67187 40.49893 52.09769 34.67187 37.20786 68.38422 27.75865 37.20786 68.38422 27.75865 33.22325 75.55226 24.716 33.22325 75.55226 24.716 27.98522 81.66622 22.12078 27.98522 81.66622 22.12078 21.77734 86.5371 20.05321 21.77734 86.5371 20.05321 14.87876 90.05855 18.55844 14.87876 90.05855 18.55844 7.541933 92.18209 17.65706 7.541933 92.18209 17.65706 14.97124 14.36798 50.61282 14.97124 14.36798 50.61282 28.1399 22.87254 47.03317 28.1399 22.87254 47.03317 37.20785 36.00614 41.48903 37.20785 36.00614 41.48903 -40.15138 52.15047 34.80217 -40.15138 52.15047 34.80217 -39.99896 52.28943 35.13212 -39.99896 52.28943 35.13212 -39.99896 52.28943 35.13212 -36.74638 36.19799 42.02791 -36.74638 36.19799 42.02791 -27.64291 23.08858 47.61504 -27.64291 23.08858 47.61504 -14.69478 14.79699 51.13423 -14.69478 14.79699 51.13423 -4.51101e-6 12 52.31821 -4.51101e-6 12 52.31821 -4.51101e-6 12 52.31821 18.07352 16.316 50.49016 18.07352 16.316 50.49016 33.60618 30.30613 44.54242 33.60618 30.30613 44.54242 39.99895 52.28943 35.13212 39.99895 52.28943 35.13212 39.99895 52.28943 35.13212 40.1405 52.15465 34.81219 40.1405 52.15465 34.81219 36.57355 68.198 28.29483 36.57355 68.198 28.29483 27.43306 81.1106 22.74539 27.43306 81.1106 22.74539 14.56292 89.25482 19.24515 14.56292 89.25482 19.24515 -9.51101e-6 92 18.06529 -9.51101e-6 92 18.06529 -9.51101e-6 92 18.06529 -14.56294 89.25481 19.24515 -14.56294 89.25481 19.24515 -27.43308 81.1106 22.74538 -27.43308 81.1106 22.74538 -36.57357 68.19799 28.29483 -36.57357 68.19799 28.29483 -40.087 57.57715 32.34597 -40.087 57.57715 32.34597 -38.94611 62.91446 30.08042 -38.94611 62.91446 30.08042 -34.55669 72.92507 25.83117 -34.55669 72.92507 25.83117 -27.83093 81.22731 22.30708 -27.83093 81.22731 22.30708 -19.43674 87.33563 19.71425 -19.43674 87.33563 19.71425 -0.07458049 92.30456 17.60507 -0.07458049 92.30456 17.60507 9.846793 91.08933 18.1209 9.846793 91.08933 18.1209 19.3199 87.39925 19.68725 19.3199 87.39925 19.68725 27.75708 81.29701 22.2775 27.75708 81.29701 22.2775 34.51546 72.9924 25.80259 34.51546 72.9924 25.80259 -4.51101e-6 12 62.93434 -4.51101e-6 12 62.93434 -4.51101e-6 12 62.93434 10.00353 13.27109 62.93434 10.00353 13.27109 62.93434 20 17.35899 62.93434 20 17.35899 62.93434 34.64101 32 62.93434 34.64101 32 62.93434 39.99999 52 62.93434 39.99999 52 62.93434 34.64101 72 62.93434 34.64101 72 62.93434 19.99999 86.64102 62.93434 19.99999 86.64102 62.93434 10.00352 90.72891 62.93434 10.00352 90.72891 62.93434 -1.1511e-5 92 62.93434 -1.1511e-5 92 62.93434 -1.1511e-5 92 62.93434 -20.03078 86.62323 62.93434 -20.03078 86.62323 62.93434 -34.64102 72 62.93434 -34.64102 72 62.93434 -40.00001 52 62.93434 -40.00001 52 62.93434 -34.64102 32 62.93434 -34.64102 32 62.93434 -20.03078 17.37677 62.93434 -20.03078 17.37677 62.93434 -4.51101e-6 12 64.93435 -4.51101e-6 12 64.93435 -4.51101e-6 12 64.93435 -20.03078 17.37677 64.93435 -20.03078 17.37677 64.93435 -34.64102 32 64.93435 -34.64102 32 64.93435 -40.00001 52 64.93435 -40.00001 52 64.93435 -34.64102 72 64.93435 -34.64102 72 64.93435 -20.03078 86.62323 64.93435 -20.03078 86.62323 64.93435 -1.1511e-5 92 64.93435 -1.1511e-5 92 64.93435 -1.1511e-5 92 64.93435 -1.1511e-5 91.9607 65.82018 -1.1511e-5 91.9607 65.82018 -1.1511e-5 91.84307 66.69905 -1.1511e-5 91.84307 66.69905 -1.1511e-5 91.84307 66.69905 -1.1511e-5 91.84307 66.69905 -2.316902 91.77564 66.69905 -2.316902 91.77564 66.69905 -4.625953 91.57361 66.69905 -4.625953 91.57361 66.69905 -4.625953 91.57361 66.69905 -6.016983 91.24727 67.34207 -6.016983 91.24727 67.34207 -6.556622 90.55912 69.05185 -6.556622 90.55912 69.05185 -6.556622 90.55912 69.05185 -6.124315 88.0963 72.4363 -6.124315 88.0963 72.4363 -5.489983 84.47995 74.49256 -5.489983 84.47995 74.49256 -5.489983 84.47995 74.49256 -5.09047 83.04909 74.82666 -5.09047 83.04909 74.82666 -4.383449 81.67803 74.93434 -4.383449 81.67803 74.93434 -4.383449 81.67803 74.93434 -4.383449 81.67803 74.93434 -16.85316 76.81871 74.93434 -16.85316 76.81871 74.93434 -25.98064 66.99993 74.93434 -25.98064 66.99993 74.93434 -29.92022 54.18589 74.93434 -29.92022 54.18589 74.93434 -27.89365 40.95715 74.93434 -27.89365 40.95715 74.93434 -27.89365 40.95715 74.93434 -27.89365 40.95715 74.93434 -29.4306 40.88449 74.82723 -29.4306 40.88449 74.82723 -30.87335 40.51449 74.49223 -30.87335 40.51449 74.49223 -30.87335 40.51449 74.49223 -34.32247 39.25563 72.4363 -34.32247 39.25563 72.4363 -36.67177 38.39851 69.052 -36.67177 38.39851 69.052 -36.67177 38.39851 69.052 -36.99755 37.58567 67.34006 -36.99755 37.58567 67.34006 -36.58472 36.21938 66.69905 -36.58472 36.21938 66.69905 -36.58472 36.21938 66.69905 -34.5051 32.07847 66.69905 -34.5051 32.07847 66.69905 -31.95878 28.20702 66.69905 -31.95878 28.20702 66.69905 -31.95878 28.20702 66.69905 -30.98065 27.16552 67.34207 -30.98065 27.16552 67.34207 -30.11488 27.04225 69.05185 -30.11488 27.04225 69.05185 -30.11488 27.04225 69.05185 -28.19817 28.64805 72.4363 -28.19817 28.64805 72.4363 -25.38348 31.00557 74.49256 -25.38348 31.00557 74.49256 -25.38348 31.00557 74.49256 -24.34408 32.06699 74.82666 -24.34408 32.06699 74.82666 -23.51022 33.36481 74.93434 -23.51022 33.36481 74.93434 -23.51022 33.36481 74.93434 -23.51022 33.36481 74.93434 -13.0565 24.99024 74.93434 -13.0565 24.99024 74.93434 -6.51101e-6 22 74.93434 -6.51101e-6 22 74.93434 -6.51101e-6 22 74.93434 -5.51101e-6 14.92893 72.00541 -5.51101e-6 14.92893 72.00541 10.00352 90.72891 64.93435 10.00352 90.72891 64.93435 19.99999 86.64102 64.93435 19.99999 86.64102 64.93435 34.64101 72 64.93435 34.64101 72 64.93435 39.99999 52 64.93435 39.99999 52 64.93435 34.64101 32 64.93435 34.64101 32 64.93435 20 17.35899 64.93435 20 17.35899 64.93435 10.00353 13.27109 64.93435 10.00353 13.27109 64.93435 13.05649 24.99025 74.93434 13.05649 24.99025 74.93434 23.5102 33.36482 74.93434 23.5102 33.36482 74.93434 23.5102 33.36482 74.93434 23.5102 33.36482 74.93434 24.34159 32.07011 74.82723 24.34159 32.07011 74.82723 25.3834 31.00565 74.49223 25.3834 31.00565 74.49223 25.3834 31.00565 74.49223 28.19817 28.64806 72.4363 28.19817 28.64806 72.4363 30.11511 27.04206 69.052 30.11511 27.04206 69.052 30.11511 27.04206 69.052 30.98194 27.16635 67.34006 30.98194 27.16635 67.34006 31.95877 28.20702 66.69905 31.95877 28.20702 66.69905 31.95877 28.20702 66.69905 34.5051 32.07847 66.69905 34.5051 32.07847 66.69905 36.58471 36.21938 66.69905 36.58471 36.21938 66.69905 36.58471 36.21938 66.69905 36.99761 37.58722 67.34207 36.99761 37.58722 67.34207 36.67169 38.39858 69.05221 36.67169 38.39858 69.05221 36.67169 38.39858 69.05221 34.32246 39.25565 72.4363 34.32246 39.25565 72.4363 30.87335 40.51452 74.49223 30.87335 40.51452 74.49223 30.87335 40.51452 74.49223 29.43452 40.88393 74.82666 29.43452 40.88393 74.82666 27.89364 40.95715 74.93434 27.89364 40.95715 74.93434 27.89364 40.95715 74.93434 27.89364 40.95715 74.93434 29.9202 54.1859 74.93434 29.9202 54.1859 74.93434 25.98062 66.99993 74.93434 25.98062 66.99993 74.93434 16.85314 76.81871 74.93434 16.85314 76.81871 74.93434 4.383425 81.67803 74.93434 4.383425 81.67803 74.93434 4.383425 81.67803 74.93434 4.383425 81.67803 74.93434 5.088975 83.04539 74.82723 5.088975 83.04539 74.82723 5.489926 84.47985 74.49223 5.489926 84.47985 74.49223 5.489926 84.47985 74.49223 6.124271 88.09631 72.4363 6.124271 88.09631 72.4363 6.556639 90.55943 69.052 6.556639 90.55943 69.052 6.556639 90.55943 69.052 6.015589 91.24799 67.34006 6.015589 91.24799 67.34006 4.625929 91.57361 66.69905 4.625929 91.57361 66.69905 4.625929 91.57361 66.69905 2.316879 91.77564 66.69905 2.316879 91.77564 66.69905 -1.1511e-5 79.50006 74.93434 -1.1511e-5 79.50006 74.93434 23.81574 38.25006 74.93434 23.81574 38.25006 74.93434 -23.81569 38.24993 74.93434 -23.81569 38.24993 74.93434 -17.50001 72 74.93434 -17.50001 72 74.93434 -17.50001 72 74.93434 -19.35507 71.35323 74.93434 -19.35507 71.35323 74.93434 -20.00001 69.5 74.93434 -20.00001 69.5 74.93434 -20.00001 69.5 74.93434 -20.00001 52 74.93434 -20.00001 52 74.93434 -20.00001 34.5 74.93434 -20.00001 34.5 74.93434 -20.00001 34.5 74.93434 -19.35324 32.64494 74.93434 -19.35324 32.64494 74.93434 -17.50001 32 74.93434 -17.50001 32 74.93434 -17.50001 32 74.93434 -6.51101e-6 32 74.93434 -6.51101e-6 32 74.93434 17.49999 32 74.93434 17.49999 32 74.93434 17.49999 32 74.93434 19.35505 32.64677 74.93434 19.35505 32.64677 74.93434 19.99999 34.5 74.93434 19.99999 34.5 74.93434 19.99999 34.5 74.93434 19.99999 52 74.93434 19.99999 52 74.93434 19.99999 69.5 74.93434 19.99999 69.5 74.93434 19.99999 69.5 74.93434 19.35322 71.35506 74.93434 19.35322 71.35506 74.93434 17.49999 72 74.93434 17.49999 72 74.93434 17.49999 72 74.93434 -1.0511e-5 72 74.93434 -1.0511e-5 72 74.93434 3.187942 82.58403 73.43434 3.187942 82.58403 73.43434 3.187942 82.58403 73.43434 3.525526 82.32819 74.479 3.525526 82.32819 74.479 -3.550869 82.309 74.51078 -3.550869 82.309 74.51078 -3.187965 82.58403 73.43434 -3.187965 82.58403 73.43434 -3.187965 82.58403 73.43434 -1.779911 81.41783 73.43434 -1.779911 81.41783 73.43434 -1.1511e-5 81 73.43434 -1.1511e-5 81 73.43434 1.779888 81.41783 73.43434 1.779888 81.41783 73.43434 3.669872 83.40879 73.34568 3.669872 83.40879 73.34568 3.939219 84.30541 73.05855 3.939219 84.30541 73.05855 3.939219 84.30541 73.05855 3.939219 84.30541 73.05855 4.412924 84.53465 74.05973 4.412924 84.53465 74.05973 5.416376 84.49233 74.49063 5.416376 84.49233 74.49063 5.453183 84.48628 74.49205 5.453183 84.48628 74.49205 4.481158 87.37889 71.31101 4.481158 87.37889 71.31101 4.850283 89.47231 68.43434 4.850283 89.47231 68.43434 4.850283 89.47231 68.43434 4.850283 89.47231 68.43434 5.369753 90.29297 68.8403 5.369753 90.29297 68.8403 6.327241 90.58205 69.04406 6.327241 90.58205 69.04406 6.442206 90.5746 69.04977 6.442206 90.5746 69.04977 3.939219 84.30541 68.43434 3.939219 84.30541 68.43434 3.939219 84.30541 68.43434 3.939219 84.30541 68.43434 -3.939243 84.30541 68.43434 -3.939243 84.30541 68.43434 -3.939243 84.30541 68.43434 -3.939243 84.30541 68.43434 -2.571161 81.93582 68.43434 -2.571161 81.93582 68.43434 -1.0511e-5 81 68.43434 -1.0511e-5 81 68.43434 2.57114 81.93582 68.43434 2.57114 81.93582 68.43434 -3.670059 83.40917 73.34558 -3.670059 83.40917 73.34558 -3.939243 84.30541 73.05855 -3.939243 84.30541 73.05855 -3.939243 84.30541 73.05855 -3.939243 84.30541 73.05855 -4.850306 89.47231 68.43434 -4.850306 89.47231 68.43434 -4.850306 89.47231 68.43434 -4.850306 89.47231 68.43434 -4.481182 87.37889 71.31101 -4.481182 87.37889 71.31101 -4.45453 90.10713 67.93434 -4.45453 90.10713 67.93434 -4.45453 90.10713 67.93434 -4.45453 90.10713 67.93434 -3.446838 84.39223 67.93434 -3.446838 84.39223 67.93434 -3.446838 84.39223 67.93434 -3.795021 84.33084 68.08079 -3.795021 84.33084 68.08079 -4.817687 89.93399 68.11862 -4.817687 89.93399 68.11862 3.446815 84.39223 67.93434 3.446815 84.39223 67.93434 3.446815 84.39223 67.93434 -1.2511e-5 81.5 67.93434 -1.2511e-5 81.5 67.93434 -2.231045 90.30168 67.93434 -2.231045 90.30168 67.93434 -1.1511e-5 90.3666 67.93434 -1.1511e-5 90.3666 67.93434 -1.1511e-5 90.3666 67.93434 2.231023 90.30168 67.93434 2.231023 90.30168 67.93434 4.454506 90.10713 67.93434 4.454506 90.10713 67.93434 4.454506 90.10713 67.93434 4.454506 90.10713 67.93434 -1.1511e-5 86.5 67.93434 -1.1511e-5 86.5 67.93434 -1.1511e-5 86.5 67.93434 -1.500011 85 67.93434 -1.500011 85 67.93434 -1.1511e-5 83.5 67.93434 -1.1511e-5 83.5 67.93434 -1.1511e-5 83.5 67.93434 1.499989 85 67.93434 1.499989 85 67.93434 3.794997 84.33084 68.08079 3.794997 84.33084 68.08079 4.818195 89.93261 68.11956 4.818195 89.93261 68.11956 4.567665 91.07518 67.57456 4.567665 91.07518 67.57456 -1.1511e-5 91.32913 67.5848 -1.1511e-5 91.32913 67.5848 -4.564866 91.05103 67.5949 -4.564866 91.05103 67.5949 -6.327265 90.58208 69.04408 -6.327265 90.58208 69.04408 -6.442192 90.57465 69.04978 -6.442192 90.57465 69.04978 -5.344705 90.27422 68.82998 -5.344705 90.27422 68.82998 -5.4164 84.49231 74.4906 -5.4164 84.49231 74.4906 -5.453204 84.48627 74.49201 -5.453204 84.48627 74.49201 -4.383998 84.53096 74.0316 -4.383998 84.53096 74.0316 24.89256 33.94714 73.43434 24.89256 33.94714 73.43434 24.89256 33.94714 73.43434 24.5022 33.7827 74.479 24.5022 33.7827 74.479 28.02378 39.92064 74.51078 28.02378 39.92064 74.51078 28.08051 39.46884 73.43434 28.08051 39.46884 73.43434 28.08051 39.46884 73.43434 25.11473 37.5 73.43434 25.11473 37.5 73.43434 25.36586 33.11739 73.34568 25.36586 33.11739 73.34568 26.00768 32.43582 73.05855 26.00768 32.43582 73.05855 26.00768 32.43582 73.05855 26.00768 32.43582 73.05855 25.95782 31.88458 74.08612 25.95782 31.88458 74.08612 28.39843 30.42975 71.31101 28.39843 30.42975 71.31101 30.02682 29.06337 68.43434 30.02682 29.06337 68.43434 30.02682 29.06337 68.43434 30.02682 29.06337 68.43434 30.39323 28.55066 68.71009 30.39323 28.55066 68.71009 30.48028 27.91451 68.92499 30.48028 27.91451 68.92499 30.365 27.45402 69.01884 30.365 27.45402 69.01884 26.00768 32.43582 68.43434 26.00768 32.43582 68.43434 26.00768 32.43582 68.43434 26.00768 32.43582 68.43434 28.57883 39.5 68.43434 28.57883 39.5 68.43434 28.57883 39.5 68.43434 28.57883 39.5 68.43434 24.82006 36.86808 68.43434 24.82006 36.86808 68.43434 28.33118 39.49233 73.42873 28.33118 39.49233 73.42873 28.57883 39.5 73.41151 28.57883 39.5 73.41151 28.57883 39.5 73.41151 28.57883 39 67.93434 28.57883 39 67.93434 28.57883 39 67.93434 25.29035 36.69699 67.93434 25.29035 36.69699 67.93434 26.32908 32.81885 67.93434 26.32908 32.81885 67.93434 26.32908 32.81885 67.93434 26.10181 32.54801 68.08079 26.10181 32.54801 68.08079 28.57883 39.35355 68.08079 28.57883 39.35355 68.08079 29.1866 38.94681 67.93434 29.1866 38.94681 67.93434 29.7759 38.78892 67.93434 29.7759 38.78892 67.93434 29.7759 38.78892 67.93434 35.229 36.80416 67.93434 35.229 36.80416 67.93434 35.229 36.80416 67.93434 35.229 36.80416 67.93434 33.22642 32.81672 67.93434 33.22642 32.81672 67.93434 30.77448 29.08871 67.93434 30.77448 29.08871 67.93434 30.77448 29.08871 67.93434 30.77448 29.08871 67.93434 28.57883 37 67.93434 28.57883 37 67.93434 28.57883 37 67.93434 27.07883 35.5 67.93434 27.07883 35.5 67.93434 28.57883 34 67.93434 28.57883 34 67.93434 28.57883 34 67.93434 30.07883 35.5 67.93434 30.07883 35.5 67.93434 30.44149 28.86101 68.11956 30.44149 28.86101 68.11956 31.55625 28.50669 67.57456 31.55625 28.50669 67.57456 36.1016 36.42777 67.5949 36.1016 36.42777 67.5949 34.87711 37.46433 68.43434 34.87711 37.46433 68.43434 34.87711 37.46433 68.43434 34.87711 37.46433 68.43434 35.91331 37.5348 68.86343 35.91331 37.5348 68.86343 35.26063 37.20524 68.11862 35.26063 37.20524 68.11862 29.94691 39.25877 73.05855 29.94691 39.25877 73.05855 29.94691 39.25877 73.05855 29.94691 39.25877 73.05855 30.37981 39.55111 74.0558 30.37981 39.55111 74.0558 32.8796 38.19136 71.31101 32.8796 38.19136 71.31101 29.27504 39.43895 73.29216 29.27504 39.43895 73.29216 29.94691 39.25877 68.43434 29.94691 39.25877 68.43434 29.94691 39.25877 68.43434 29.94691 39.25877 68.43434 29.27342 39.43923 68.43434 29.27342 39.43923 68.43434 29.89682 39.12116 68.08079 29.89682 39.12116 68.08079 -28.08053 39.46883 73.43434 -28.08053 39.46883 73.43434 -28.08053 39.46883 73.43434 -28.02776 39.88911 74.479 -28.02776 39.88911 74.479 -24.47294 33.77037 74.51078 -24.47294 33.77037 74.51078 -24.89257 33.94713 73.43434 -24.89257 33.94713 73.43434 -24.89257 33.94713 73.43434 -25.11474 37.5 73.43434 -25.11474 37.5 73.43434 -28.33121 39.49232 73.42873 -28.33121 39.49232 73.42873 -28.57885 39.5 73.41151 -28.57885 39.5 73.41151 -28.57885 39.5 73.41151 -29.27522 39.43891 73.29219 -29.27522 39.43891 73.29219 -29.94693 39.25876 73.05855 -29.94693 39.25876 73.05855 -29.94693 39.25876 73.05855 -29.94693 39.25876 73.05855 -30.39938 39.57757 74.08612 -30.39938 39.57757 74.08612 -32.87961 38.19136 71.31101 -32.87961 38.19136 71.31101 -34.87712 37.46432 68.43434 -34.87712 37.46432 68.43434 -34.87712 37.46432 68.43434 -34.87712 37.46432 68.43434 -35.95101 37.55448 68.87639 -35.95101 37.55448 68.87639 -29.94693 39.25876 68.43434 -29.94693 39.25876 68.43434 -29.94693 39.25876 68.43434 -29.94693 39.25876 68.43434 -28.57885 39.5 68.43434 -28.57885 39.5 68.43434 -28.57885 39.5 68.43434 -28.57885 39.5 68.43434 -29.27344 39.43923 68.43434 -29.27344 39.43923 68.43434 -28.57885 39 67.93434 -28.57885 39 67.93434 -28.57885 39 67.93434 -29.18661 38.94681 67.93434 -29.18661 38.94681 67.93434 -29.77592 38.78892 67.93434 -29.77592 38.78892 67.93434 -29.77592 38.78892 67.93434 -29.89684 39.12115 68.08079 -29.89684 39.12115 68.08079 -28.57885 39.35355 68.08079 -28.57885 39.35355 68.08079 -25.29031 36.69685 67.93434 -25.29031 36.69685 67.93434 -26.32909 32.81884 67.93434 -26.32909 32.81884 67.93434 -26.32909 32.81884 67.93434 -30.77449 29.08871 67.93434 -30.77449 29.08871 67.93434 -30.77449 29.08871 67.93434 -30.77449 29.08871 67.93434 -33.22642 32.81671 67.93434 -33.22642 32.81671 67.93434 -35.229 36.80416 67.93434 -35.229 36.80416 67.93434 -35.229 36.80416 67.93434 -35.229 36.80416 67.93434 -28.57885 37 67.93434 -28.57885 37 67.93434 -28.57885 37 67.93434 -30.07885 35.5 67.93434 -30.07885 35.5 67.93434 -28.57885 34 67.93434 -28.57885 34 67.93434 -28.57885 34 67.93434 -27.07885 35.5 67.93434 -27.07885 35.5 67.93434 -35.25971 37.20638 68.11956 -35.25971 37.20638 68.11956 -36.12394 36.41813 67.57456 -36.12394 36.41813 67.57456 -31.53676 28.52121 67.5949 -31.53676 28.52121 67.5949 -30.02683 29.06337 68.43434 -30.02683 29.06337 68.43434 -30.02683 29.06337 68.43434 -30.02683 29.06337 68.43434 -30.4839 28.13076 68.86343 -30.4839 28.13076 68.86343 -30.44297 28.86078 68.11862 -30.44297 28.86078 68.11862 -26.0077 32.43582 73.05855 -26.0077 32.43582 73.05855 -26.0077 32.43582 73.05855 -26.0077 32.43582 73.05855 -25.97097 31.91475 74.0558 -25.97097 31.91475 74.0558 -28.39844 30.42975 71.31101 -28.39844 30.42975 71.31101 -25.36612 33.11706 73.34558 -25.36612 33.11706 73.34558 -26.0077 32.43582 68.43434 -26.0077 32.43582 68.43434 -26.0077 32.43582 68.43434 -26.0077 32.43582 68.43434 -24.82008 36.86808 68.43434 -24.82008 36.86808 68.43434 -26.10183 32.548 68.08079 -26.10183 32.548 68.08079 40 52 1.797335 40 52 1.797335 40 52 1.797335 40 52 1.797335 40 52 1.797335 40 52 5.827335 40 52 5.827335 32.36067 75.51142 5.827335 12.36067 90.04226 5.827334 -12.36069 90.04226 5.827333 -32.36069 75.51141 5.827332 -40 52 5.827331 -40 52 5.827331 -40 52 1.797331 -40 52 1.797331 -40 52 1.797331 -40 52 1.797331 -40 52 1.797331 -40 52 -24.20267 -40 52 -24.20267 -32.36068 75.51141 -24.20267 -12.36069 90.04226 -24.20267 12.36067 90.04226 -24.20267 32.36067 75.51142 -24.20267 40 52 -24.20267 40 52 -24.20267 40 52 -54.20267 40 52 -54.20267 40 52 -54.20267 -40 52 -54.20267 -40 52 -54.20267 -40 52 -54.20267 -38.72892 62.00352 -54.20267 -38.72892 62.00352 -54.20267 -34.64093 72.00015 -54.20267 -34.64093 72.00015 -54.20267 -20.00016 86.64093 -54.20267 -20.00016 86.64093 -54.20267 -6.51101e-6 92 -54.20267 -6.51101e-6 92 -54.20267 20.00015 86.64093 -54.20267 20.00015 86.64093 -54.20267 34.64093 72.00016 -54.20267 34.64093 72.00016 -54.20267 38.72891 62.00352 -54.20267 38.72891 62.00352 -54.20267 34.62323 31.96924 -54.20267 34.62323 31.96924 -54.20267 20.00015 17.35907 -54.20267 20.00015 17.35907 -54.20267 4.88988e-7 12 -54.20267 4.88988e-7 12 -54.20267 -20.00015 17.35907 -54.20267 -20.00015 17.35907 -54.20267 -34.62323 31.96923 -54.20267 -34.62323 31.96923 -54.20267 -32.57402 28.78506 -21.41761 -32.57402 28.78506 -21.41761 -16.86622 15.72976 -34.47291 -16.86622 15.72976 -34.47291 -0.004029452 12 -38.20267 -0.004029452 12 -38.20267 16.8578 15.72584 -34.47682 16.8578 15.72584 -34.47682 32.56911 28.77818 -21.42449 32.56911 28.77818 -21.42449 -33.35507 31.95778 -54.20267 -33.35507 31.95778 -54.20267 -33.6999 32.54315 -54.20267 -33.6999 32.54315 -54.20267 -38.9134 52 -54.20267 -38.9134 52 -54.20267 -38.9134 52 -54.20267 -37.60634 62.0008 -54.20267 -37.60634 62.0008 -54.20267 -33.69991 71.45684 -54.20267 -33.69991 71.45684 -54.20267 -19.45685 85.69991 -54.20267 -19.45685 85.69991 -54.20267 -6.51101e-6 90.9134 -54.20267 -6.51101e-6 90.9134 -54.20267 19.45684 85.69991 -54.20267 19.45684 85.69991 -54.20267 33.6999 71.45685 -54.20267 33.6999 71.45685 -54.20267 37.60633 62.0008 -54.20267 37.60633 62.0008 -54.20267 38.9134 52 -54.20267 38.9134 52 -54.20267 38.9134 52 -54.20267 33.6999 32.54316 -54.20267 33.6999 32.54316 -54.20267 33.35507 31.95779 -54.20267 33.35507 31.95779 -54.20267 19.45685 18.3001 -54.20267 19.45685 18.3001 -54.20267 4.88988e-7 13.0866 -54.20267 4.88988e-7 13.0866 -54.20267 -19.45685 18.3001 -54.20267 -19.45685 18.3001 -54.20267 38.74019 52 -54.50267 38.74019 52 -54.50267 38.74019 52 -54.50267 38.74019 52 -54.50267 33.54999 32.6299 -54.50267 33.54999 32.6299 -54.50267 19.3701 18.45001 -54.50267 19.3701 18.45001 -54.50267 4.88988e-7 13.25981 -54.50267 4.88988e-7 13.25981 -54.50267 -19.3701 18.45001 -54.50267 -19.3701 18.45001 -54.50267 -33.54999 32.6299 -54.50267 -33.54999 32.6299 -54.50267 -38.74019 52 -54.50267 -38.74019 52 -54.50267 -38.74019 52 -54.50267 -38.74019 52 -54.50267 -38.7 52 -54.65267 -38.7 52 -54.65267 -38.7 52 -54.65267 -38.71022 52 -54.57502 -38.71022 52 -54.57502 38.71022 52 -54.57502 38.71022 52 -54.57502 38.7 52 -54.65267 38.7 52 -54.65267 38.7 52 -54.65267 33.51518 32.65 -54.65267 33.51518 32.65 -54.65267 19.35 18.48482 -54.65267 19.35 18.48482 -54.65267 8.707942 14.29246 -54.65267 8.707942 14.29246 -54.65267 4.88988e-7 13.3 -54.65267 4.88988e-7 13.3 -54.65267 -19.35 18.48482 -54.65267 -19.35 18.48482 -54.65267 -21.3472 19.72022 -54.65267 -21.3472 19.72022 -54.65267 -33.51518 32.64999 -54.65267 -33.51518 32.64999 -54.65267 33.54999 71.3701 -54.50267 33.54999 71.3701 -54.50267 19.37009 85.54999 -54.50267 19.37009 85.54999 -54.50267 -6.51101e-6 90.74019 -54.50267 -6.51101e-6 90.74019 -54.50267 -19.3701 85.54999 -54.50267 -19.3701 85.54999 -54.50267 -33.54999 71.3701 -54.50267 -33.54999 71.3701 -54.50267 -33.51519 71.35 -54.65267 -33.51519 71.35 -54.65267 -21.3472 84.27979 -54.65267 -21.3472 84.27979 -54.65267 -19.35001 85.51519 -54.65267 -19.35001 85.51519 -54.65267 -6.51101e-6 90.7 -54.65267 -6.51101e-6 90.7 -54.65267 8.707935 89.70754 -54.65267 8.707935 89.70754 -54.65267 19.35 85.51519 -54.65267 19.35 85.51519 -54.65267 33.51518 71.35001 -54.65267 33.51518 71.35001 -54.65267 38.7 52 -60.45267 38.7 52 -60.45267 38.7 52 -60.45267 33.51518 71.35001 -60.45267 33.51518 71.35001 -60.45267 19.35 85.51519 -60.45267 19.35 85.51519 -60.45267 8.707935 89.70754 -60.45267 8.707935 89.70754 -60.45267 -6.51101e-6 90.7 -60.45267 -6.51101e-6 90.7 -60.45267 -19.35001 85.51519 -60.45267 -19.35001 85.51519 -60.45267 -21.3472 84.27979 -60.45267 -21.3472 84.27979 -60.45267 -33.51519 71.35 -60.45267 -33.51519 71.35 -60.45267 -38.7 52 -60.45267 -38.7 52 -60.45267 -38.7 52 -60.45267 -38.71022 52 -60.53031 -38.71022 52 -60.53031 -38.74019 52 -60.60267 -38.74019 52 -60.60267 -38.74019 52 -60.60267 -38.74019 52 -60.60267 -33.54999 71.3701 -60.60267 -33.54999 71.3701 -60.60267 -19.3701 85.54999 -60.60267 -19.3701 85.54999 -60.60267 -6.51101e-6 90.74019 -60.60267 -6.51101e-6 90.74019 -60.60267 19.37009 85.54999 -60.60267 19.37009 85.54999 -60.60267 33.54999 71.3701 -60.60267 33.54999 71.3701 -60.60267 38.74019 52 -60.60267 38.74019 52 -60.60267 38.74019 52 -60.60267 38.74019 52 -60.60267 38.71022 52 -60.53031 38.71022 52 -60.53031 -33.51518 32.64999 -60.45267 -33.51518 32.64999 -60.45267 -21.3472 19.72022 -60.45267 -21.3472 19.72022 -60.45267 -19.35 18.48482 -60.45267 -19.35 18.48482 -60.45267 4.88988e-7 13.3 -60.45267 4.88988e-7 13.3 -60.45267 8.707942 14.29246 -60.45267 8.707942 14.29246 -60.45267 19.35 18.48482 -60.45267 19.35 18.48482 -60.45267 33.51518 32.65 -60.45267 33.51518 32.65 -60.45267 33.54999 32.6299 -60.60267 33.54999 32.6299 -60.60267 19.3701 18.45001 -60.60267 19.3701 18.45001 -60.60267 4.88988e-7 13.25981 -60.60267 4.88988e-7 13.25981 -60.60267 -19.3701 18.45001 -60.60267 -19.3701 18.45001 -60.60267 -33.54999 32.6299 -60.60267 -33.54999 32.6299 -60.60267 38.9134 52 -60.90267 38.9134 52 -60.90267 38.9134 52 -60.90267 33.6999 32.54316 -60.90267 33.6999 32.54316 -60.90267 33.23225 31.75482 -60.90267 33.23225 31.75482 -60.90267 19.45685 18.3001 -60.90267 19.45685 18.3001 -60.90267 4.88988e-7 13.0866 -60.90267 4.88988e-7 13.0866 -60.90267 -19.45685 18.3001 -60.90267 -19.45685 18.3001 -60.90267 -33.23225 31.75481 -60.90267 -33.23225 31.75481 -60.90267 -33.6999 32.54315 -60.90267 -33.6999 32.54315 -60.90267 -38.9134 52 -60.90267 -38.9134 52 -60.90267 -38.9134 52 -60.90267 -37.65843 61.80279 -60.90267 -37.65843 61.80279 -60.90267 -33.69991 71.45684 -60.90267 -33.69991 71.45684 -60.90267 -19.45685 85.69991 -60.90267 -19.45685 85.69991 -60.90267 -6.51101e-6 90.9134 -60.90267 -6.51101e-6 90.9134 -60.90267 19.45684 85.69991 -60.90267 19.45684 85.69991 -60.90267 33.6999 71.45685 -60.90267 33.6999 71.45685 -60.90267 37.65842 61.8028 -60.90267 37.65842 61.8028 -60.90267 39.8 52 -60.90267 39.8 52 -60.90267 39.8 52 -60.90267 34.46772 32.09985 -60.90267 34.46772 32.09985 -60.90267 34.27061 31.7623 -60.90267 34.27061 31.7623 -60.90267 38.57339 61.80469 -60.90267 38.57339 61.80469 -60.90267 34.46772 71.90016 -60.90267 34.46772 71.90016 -60.90267 -38.5734 61.80468 -60.90267 -38.5734 61.80468 -60.90267 -34.46773 71.90015 -60.90267 -34.46773 71.90015 -60.90267 -19.90016 86.46773 -60.90267 -19.90016 86.46773 -60.90267 -6.51101e-6 91.80001 -60.90267 -6.51101e-6 91.80001 -60.90267 19.90015 86.46773 -60.90267 19.90015 86.46773 -60.90267 -39.8 52 -60.90267 -39.8 52 -60.90267 -39.8 52 -60.90267 -34.27061 31.76229 -60.90267 -34.27061 31.76229 -60.90267 -34.46772 32.09984 -60.90267 -34.46772 32.09984 -60.90267 -19.90015 17.53228 -60.90267 -19.90015 17.53228 -60.90267 19.90015 17.53228 -60.90267 19.90015 17.53228 -60.90267 4.88988e-7 12.2 -60.90267 4.88988e-7 12.2 -60.90267 -40 52 -61.10267 -40 52 -61.10267 -40 52 -61.10267 -40 52 -61.10267 -34.64093 72.00015 -61.10267 -34.64093 72.00015 -61.10267 -20.00016 86.64093 -61.10267 -20.00016 86.64093 -61.10267 -6.51101e-6 92 -61.10267 -6.51101e-6 92 -61.10267 20.00015 86.64093 -61.10267 20.00015 86.64093 -61.10267 34.64093 72.00016 -61.10267 34.64093 72.00016 -61.10267 40 52 -61.10267 40 52 -61.10267 40 52 -61.10267 40 52 -61.10267 34.64093 31.99985 -61.10267 34.64093 31.99985 -61.10267 20.00015 17.35907 -61.10267 20.00015 17.35907 -61.10267 4.88988e-7 12 -61.10267 4.88988e-7 12 -61.10267 -20.00015 17.35907 -61.10267 -20.00015 17.35907 -61.10267 -34.64093 31.99985 -61.10267 -34.64093 31.99985 -61.10267 40 52 -62.00267 40 52 -62.00267 40 52 -62.00267 40 52 -62.00267 34.64093 31.99985 -62.00267 34.64093 31.99985 -62.00267 20.00015 17.35907 -62.00267 20.00015 17.35907 -62.00267 4.88988e-7 12 -62.00267 4.88988e-7 12 -62.00267 -20.00015 17.35907 -62.00267 -20.00015 17.35907 -62.00267 -34.64093 31.99985 -62.00267 -34.64093 31.99985 -62.00267 -40 52 -62.00267 -40 52 -62.00267 -40 52 -62.00267 -40 52 -62.00267 -34.64093 72.00015 -62.00267 -34.64093 72.00015 -62.00267 -20.00016 86.64093 -62.00267 -20.00016 86.64093 -62.00267 -6.51101e-6 92 -62.00267 -6.51101e-6 92 -62.00267 20.00015 86.64093 -62.00267 20.00015 86.64093 -62.00267 34.64093 72.00016 -62.00267 34.64093 72.00016 -62.00267 -39.8 52 -62.20267 -39.8 52 -62.20267 -39.8 52 -62.20267 -38.52244 62.00307 -62.20267 -38.52244 62.00307 -62.20267 -34.46773 71.90015 -62.20267 -34.46773 71.90015 -62.20267 -19.90016 86.46773 -62.20267 -19.90016 86.46773 -62.20267 -6.51101e-6 91.80001 -62.20267 -6.51101e-6 91.80001 -62.20267 19.90015 86.46773 -62.20267 19.90015 86.46773 -62.20267 34.46772 71.90016 -62.20267 34.46772 71.90016 -62.20267 38.52244 62.00307 -62.20267 38.52244 62.00307 -62.20267 39.8 52 -62.20267 39.8 52 -62.20267 39.8 52 -62.20267 34.39054 31.96677 -62.20267 34.39054 31.96677 -62.20267 19.90015 17.53228 -62.20267 19.90015 17.53228 -62.20267 4.88988e-7 12.2 -62.20267 4.88988e-7 12.2 -62.20267 -19.90015 17.53228 -62.20267 -19.90015 17.53228 -62.20267 -34.39054 31.96676 -62.20267 -34.39054 31.96676 -62.20267 -40 52 -62.20267 -40 52 -62.20267 -40 52 -62.20267 -38.72891 62.00352 -62.20267 -38.72891 62.00352 -62.20267 -34.62323 31.96923 -62.20267 -34.62323 31.96923 -62.20267 -20.00015 17.35907 -62.20267 -20.00015 17.35907 -62.20267 34.62323 31.96924 -62.20267 34.62323 31.96924 -62.20267 20.00015 17.35907 -62.20267 20.00015 17.35907 -62.20267 4.88988e-7 12 -62.20267 4.88988e-7 12 -62.20267 40 52 -62.20267 40 52 -62.20267 40 52 -62.20267 38.72891 62.00352 -62.20267 38.72891 62.00352 -62.20267 34.64093 72.00016 -62.20267 34.64093 72.00016 -62.20267 -34.64093 72.00015 -62.20267 -34.64093 72.00015 -62.20267 -20.00016 86.64093 -62.20267 -20.00016 86.64093 -62.20267 -6.51101e-6 92 -62.20267 -6.51101e-6 92 -62.20267 20.00015 86.64093 -62.20267 20.00015 86.64093 -62.20267 40 52 -63.50267 40 52 -63.50267 40 52 -63.50267 34.62323 31.96924 -63.50267 34.62323 31.96924 -63.50267 20.00015 17.35907 -63.50267 20.00015 17.35907 -63.50267 4.88988e-7 12 -63.50267 4.88988e-7 12 -63.50267 -20.00015 17.35907 -63.50267 -20.00015 17.35907 -63.50267 -34.62323 31.96923 -63.50267 -34.62323 31.96923 -63.50267 -40 52 -63.50267 -40 52 -63.50267 -40 52 -63.50267 38.72891 62.00352 -63.50267 38.72891 62.00352 -63.50267 36.44895 62.01483 -63.50267 36.44895 62.01483 -63.50267 37.8 52 -63.50267 37.8 52 -63.50267 37.8 52 -63.50267 32.74506 33.11635 -63.50267 32.74506 33.11635 -63.50267 32.05546 31.96784 -63.50267 32.05546 31.96784 -63.50267 18.90877 19.26943 -63.50267 18.90877 19.26943 -63.50267 -6.2511e-5 14.2 -63.50267 -6.2511e-5 14.2 -63.50267 -18.90867 19.26938 -63.50267 -18.90867 19.26938 -63.50267 -32.05545 31.96783 -63.50267 -32.05545 31.96783 -63.50267 -32.7448 33.11587 -63.50267 -32.7448 33.11587 -63.50267 -37.8 52 -63.50267 -37.8 52 -63.50267 -37.8 52 -63.50267 -36.44895 62.01482 -63.50267 -36.44895 62.01482 -63.50267 -38.72891 62.00352 -63.50267 -38.72891 62.00352 -63.50267 -34.64093 72.00015 -63.50267 -34.64093 72.00015 -63.50267 -32.74507 70.88365 -63.50267 -32.74507 70.88365 -63.50267 -18.90878 84.73057 -63.50267 -18.90878 84.73057 -63.50267 5.7489e-5 89.80001 -63.50267 5.7489e-5 89.80001 -63.50267 18.90866 84.73062 -63.50267 18.90866 84.73062 -63.50267 32.74479 70.88413 -63.50267 32.74479 70.88413 -63.50267 34.64093 72.00016 -63.50267 34.64093 72.00016 -63.50267 20.00015 86.64093 -63.50267 20.00015 86.64093 -63.50267 -6.51101e-6 92 -63.50267 -6.51101e-6 92 -63.50267 -20.00016 86.64093 -63.50267 -20.00016 86.64093 -63.50267 37.6 52 -63.70267 37.6 52 -63.70267 37.6 52 -63.70267 37.6 52 -63.70267 32.56255 33.2 -63.70267 32.56255 33.2 -63.70267 18.8 19.43745 -63.70267 18.8 19.43745 -63.70267 4.88988e-7 14.4 -63.70267 4.88988e-7 14.4 -63.70267 -18.8 19.43745 -63.70267 -18.8 19.43745 -63.70267 -32.56255 33.2 -63.70267 -32.56255 33.2 -63.70267 -37.6 52 -63.70267 -37.6 52 -63.70267 -37.6 52 -63.70267 -37.6 52 -63.70267 -37.65858 52 -63.56125 -37.65858 52 -63.56125 37.65858 52 -63.56125 37.65858 52 -63.56125 -32.56256 70.8 -63.70267 -32.56256 70.8 -63.70267 -18.80001 84.56256 -63.70267 -18.80001 84.56256 -63.70267 -5.51101e-6 89.6 -63.70267 -5.51101e-6 89.6 -63.70267 18.79999 84.56256 -63.70267 18.79999 84.56256 -63.70267 32.56255 70.80001 -63.70267 32.56255 70.80001 -63.70267 -37.6 52 -64.50267 -37.6 52 -64.50267 -37.6 52 -64.50267 -37.6 52 -64.50267 -32.56256 70.8 -64.50267 -32.56256 70.8 -64.50267 -18.80001 84.56256 -64.50267 -18.80001 84.56256 -64.50267 -5.51101e-6 89.6 -64.50267 -5.51101e-6 89.6 -64.50267 18.79999 84.56256 -64.50267 18.79999 84.56256 -64.50267 32.56255 70.80001 -64.50267 32.56255 70.80001 -64.50267 37.6 52 -64.50267 37.6 52 -64.50267 37.6 52 -64.50267 37.6 52 -64.50267 32.56255 33.2 -64.50267 32.56255 33.2 -64.50267 18.8 19.43745 -64.50267 18.8 19.43745 -64.50267 4.88988e-7 14.4 -64.50267 4.88988e-7 14.4 -64.50267 -18.8 19.43745 -64.50267 -18.8 19.43745 -64.50267 -32.56255 33.2 -64.50267 -32.56255 33.2 -64.50267 37.65858 52 -64.64409 37.65858 52 -64.64409 37.8 52 -64.70267 37.8 52 -64.70267 37.8 52 -64.70267 32.7448 33.11588 -64.70267 32.7448 33.11588 -64.70267 22.1639 21.37989 -64.70267 22.1639 21.37989 -64.70267 18.90867 19.26938 -64.70267 18.90867 19.26938 -64.70267 6.3489e-5 14.2 -64.70267 6.3489e-5 14.2 -64.70267 -7.905372 15.03592 -64.70267 -7.905372 15.03592 -64.70267 -18.90877 19.26943 -64.70267 -18.90877 19.26943 -64.70267 -32.74506 33.11634 -64.70267 -32.74506 33.11634 -64.70267 -37.8 52 -64.70267 -37.8 52 -64.70267 -37.8 52 -64.70267 -37.65858 52 -64.64409 -37.65858 52 -64.64409 -32.7448 70.88412 -64.70267 -32.7448 70.88412 -64.70267 -18.90867 84.73062 -64.70267 -18.90867 84.73062 -64.70267 -7.905381 88.96408 -64.70267 -7.905381 88.96408 -64.70267 -6.8511e-5 89.80001 -64.70267 -6.8511e-5 89.80001 -64.70267 18.90876 84.73057 -64.70267 18.90876 84.73057 -64.70267 22.1639 82.62012 -64.70267 22.1639 82.62012 -64.70267 32.74506 70.88366 -64.70267 32.74506 70.88366 -64.70267 37.9 52 -64.70267 37.9 52 -64.70267 37.9 52 -64.70267 32.83169 33.06639 -64.70267 32.83169 33.06639 -64.70267 22.16424 21.25678 -64.70267 22.16424 21.25678 -64.70267 22.16424 82.74323 -64.70267 22.16424 82.74323 -64.70267 32.83142 70.93408 -64.70267 32.83142 70.93408 -64.70267 18.95869 84.81722 -64.70267 18.95869 84.81722 -64.70267 -7.905564 89.06629 -64.70267 -7.905564 89.06629 -64.70267 5.8489e-5 89.9 -64.70267 5.8489e-5 89.9 -64.70267 -18.9588 84.81716 -64.70267 -18.9588 84.81716 -64.70267 -7.905559 14.93371 -64.70267 -7.905559 14.93371 -64.70267 -18.95869 19.18279 -64.70267 -18.95869 19.18279 -64.70267 -32.83142 33.06592 -64.70267 -32.83142 33.06592 -64.70267 -37.9 52 -64.70267 -37.9 52 -64.70267 -37.9 52 -64.70267 -32.83169 70.93361 -64.70267 -32.83169 70.93361 -64.70267 -6.3511e-5 14.1 -64.70267 -6.3511e-5 14.1 -64.70267 18.95879 19.18284 -64.70267 18.95879 19.18284 -64.70267 -38 52 -64.80267 -38 52 -64.80267 -38 52 -64.80267 -38 52 -64.80267 -32.90897 71 -64.80267 -32.90897 71 -64.80267 -19.00001 84.90897 -64.80267 -19.00001 84.90897 -64.80267 -5.51101e-6 90 -64.80267 -5.51101e-6 90 -64.80267 19 84.90897 -64.80267 19 84.90897 -64.80267 32.90896 71 -64.80267 32.90896 71 -64.80267 38 52 -64.80267 38 52 -64.80267 38 52 -64.80267 38 52 -64.80267 37.97071 52 -64.73196 37.97071 52 -64.73196 -37.97071 52 -64.73196 -37.97071 52 -64.73196 32.90896 33 -64.80267 32.90896 33 -64.80267 19 19.09103 -64.80267 19 19.09103 -64.80267 4.88988e-7 14 -64.80267 4.88988e-7 14 -64.80267 -19 19.09103 -64.80267 -19 19.09103 -64.80267 -32.90896 33 -64.80267 -32.90896 33 -64.80267 38 52 -69.20267 38 52 -69.20267 38 52 -69.20267 38 52 -69.20267 32.90876 32.99965 -69.20267 32.90876 32.99965 -69.20267 19.00035 19.09124 -69.20267 19.00035 19.09124 -69.20267 4.88988e-7 14 -69.20267 4.88988e-7 14 -69.20267 -19.00035 19.09124 -69.20267 -19.00035 19.09124 -69.20267 -32.90876 32.99964 -69.20267 -32.90876 32.99964 -69.20267 -38 52 -69.20267 -38 52 -69.20267 -38 52 -69.20267 -38 52 -69.20267 37.7 52 -69.50267 37.7 52 -69.50267 37.7 52 -69.50267 32.64856 33.14917 -69.50267 32.64856 33.14917 -69.50267 30.29568 29.56219 -69.50267 30.29568 29.56219 -69.50267 18.85077 19.35141 -69.50267 18.85077 19.35141 -69.50267 -2.73511e-4 14.3 -69.50267 -2.73511e-4 14.3 -69.50267 -18.85092 19.35149 -69.50267 -18.85092 19.35149 -69.50267 -30.29567 29.56218 -69.50267 -30.29567 29.56218 -69.50267 -32.64853 33.14912 -69.50267 -32.64853 33.14912 -69.50267 -37.7 52 -69.50267 -37.7 52 -69.50267 -37.7 52 -69.50267 -2.224298 89.43398 -69.50267 -2.224298 89.43398 -69.50267 -2.224298 89.43398 -69.50267 -2.41302 89.6227 -69.50267 -2.41302 89.6227 -69.50267 -2.41302 89.6227 -69.50267 -27.49783 77.79069 -69.50267 -27.49783 77.79069 -69.50267 -36.92044 59.62691 -69.50267 -36.92044 59.62691 -69.50267 -11.56124 59.62269 -69.50267 11.56216 59.62269 -69.50267 36.92045 59.62689 -69.50267 36.92045 59.62689 -69.50267 27.50322 77.78493 -69.50267 27.50322 77.78493 -69.50267 2.428767 89.62168 -69.50267 2.428767 89.62168 -69.50267 2.428767 89.62168 -69.50267 2.223 89.43405 -69.50267 2.223 89.43405 -69.50267 2.223 89.43405 -69.50267 -6.50511e-4 89.5 -69.50267 -6.50511e-4 89.5 -69.50267 -1.7511e-5 29.5927 -69.50267 2.223 89.43405 -68.75267 2.223 89.43405 -68.75267 2.223 89.43405 -68.75267 -6.50511e-4 89.5 -68.75267 -6.50511e-4 89.5 -68.75267 -2.224298 89.43398 -68.75267 -2.224298 89.43398 -68.75267 -2.224298 89.43398 -68.75267 1.749994 82.75 -68.75267 1.749994 82.75 -68.75267 1.749994 82.75 -68.75267 1.227656 81.50322 -68.75267 1.227656 81.50322 -68.75267 -0.006918489 81.00003 -68.75267 -0.006918489 81.00003 -68.75267 -1.750005 82.75 -68.75267 -1.750005 82.75 -68.75267 -1.750005 82.75 -68.75267 -1.750005 88.95969 -68.75267 -1.750005 88.95969 -68.75267 -1.750005 88.95969 -68.75267 1.749994 89.00273 -68.75267 1.749994 89.00273 -68.75267 1.749994 89.00273 -68.75267 1.749994 89.00273 -67.90267 1.749994 89.00273 -67.90267 1.749994 89.00273 -67.90267 1.749994 82.75 -67.90267 1.749994 82.75 -67.90267 1.749994 82.75 -67.90267 2.582035 89.76145 -69.35305 2.582035 89.76145 -69.35305 2.735532 89.90142 -69.20267 2.735532 89.90142 -69.20267 2.735532 89.90142 -69.20267 2.735532 89.90142 -67.90267 2.735532 89.90142 -67.90267 2.735532 89.90142 -67.90267 27.8204 77.88484 -69.20267 27.8204 77.88484 -69.20267 -27.80645 77.89984 -69.20267 -27.80645 77.89984 -69.20267 -2.69466 89.90435 -69.20267 -2.69466 89.90435 -69.20267 -2.69466 89.90435 -69.20267 -2.69466 89.90435 -67.90267 -2.69466 89.90435 -67.90267 -2.69466 89.90435 -67.90267 0.02048748 89.99999 -67.90267 0.02048748 89.99999 -67.90267 -2.553716 89.7634 -69.35303 -2.553716 89.7634 -69.35303 -1.750005 88.95969 -67.90267 -1.750005 88.95969 -67.90267 -1.750005 88.95969 -67.90267 -1.750005 82.75 -67.90267 -1.750005 82.75 -67.90267 -1.750005 82.75 -67.90267 0.00690943 81.00003 -67.90267 0.00690943 81.00003 -67.90267 -1.227666 81.50322 -67.90267 -1.227666 81.50322 -67.90267 -40 -6.000004 1.797331 -40 -6.000004 1.797331 -40 -6.000004 1.797331 -34.62323 -6.000004 -18.23344 -34.62323 -6.000004 -18.23344 -20.00015 -6 -32.8436 -20.00015 -6 -32.8436 1.48899e-6 -6 -38.20267 1.48899e-6 -6 -38.20267 20.00015 -6 -32.8436 20.00015 -6 -32.8436 34.62324 -5.999996 -18.23343 34.62324 -5.999996 -18.23343 40 -5.999996 1.797335 40 -5.999996 1.797335 40 -5.999996 1.797335 33.4565 -5.999996 -18.24415 33.4565 -5.999996 -18.24415 33.77491 -5.999996 -17.70281 33.77491 -5.999996 -17.70281 39 -5.999996 1.797335 39 -5.999996 1.797335 39 -5.999996 1.797335 37.69588 -5.999996 11.79838 37.69588 -5.999996 11.79838 38.72891 -5.999996 11.80086 38.72891 -5.999996 11.80086 34.64093 -5.999996 21.79749 34.64093 -5.999996 21.79749 33.7749 -5.999996 21.29748 33.7749 -5.999996 21.29748 19.50015 -6 35.57224 19.50015 -6 35.57224 -2.51101e-6 -6 40.79733 -2.51101e-6 -6 40.79733 -19.50015 -6 35.57224 -19.50015 -6 35.57224 -33.7749 -6.000004 21.29748 -33.7749 -6.000004 21.29748 -37.69588 -6.000004 11.79837 -37.69588 -6.000004 11.79837 -38.72891 -6.000004 11.80085 -38.72891 -6.000004 11.80085 -34.64093 -6.000004 21.79748 -34.64093 -6.000004 21.79748 -20.00015 -6 36.43826 -20.00015 -6 36.43826 -2.51101e-6 -6 41.79733 -2.51101e-6 -6 41.79733 20.00015 -6 36.43826 20.00015 -6 36.43826 -39 -6.000004 1.797331 -39 -6.000004 1.797331 -39 -6.000004 1.797331 -33.7749 -6.000004 -17.70282 -33.7749 -6.000004 -17.70282 -33.4565 -6.000004 -18.24416 -33.4565 -6.000004 -18.24416 -19.50015 -6 -31.97757 -19.50015 -6 -31.97757 1.48899e-6 -6 -37.20267 1.48899e-6 -6 -37.20267 19.50015 -6 -31.97757 19.50015 -6 -31.97757 -32.56911 28.77817 25.01916 -32.56911 28.77817 25.01916 -16.8578 15.72584 38.07149 -16.8578 15.72584 38.07149 0.004025459 12 41.79733 0.004025459 12 41.79733 16.86621 15.72976 38.06758 16.86621 15.72976 38.06758 32.57401 28.78506 25.01228 32.57401 28.78506 25.01228 -38 -5.000004 1.797331 -38 -5.000004 1.797331 -38 -5.000004 1.797331 -38 -5.000004 1.797331 38 -4.999996 1.797335 38 -4.999996 1.797335 38 -4.999996 1.797335 38 -4.999996 1.797335 32.90876 -4.999996 20.79769 32.90876 -4.999996 20.79769 19.00035 -5 34.7061 19.00035 -5 34.7061 -2.51101e-6 -5 39.79733 -2.51101e-6 -5 39.79733 -19.00035 -5 34.7061 -19.00035 -5 34.7061 -32.90876 -5.000004 20.79768 -32.90876 -5.000004 20.79768 38 3.8147e-6 1.797335 38 3.8147e-6 1.797335 38 3.8147e-6 1.797335 37.14729 3.8147e-6 9.802187 37.14729 3.8147e-6 9.802187 32.90836 3.8147e-6 20.79817 32.90836 3.8147e-6 20.79817 19.00078 0 34.70573 19.00078 0 34.70573 -2.80511e-4 0 39.79733 -2.80511e-4 0 39.79733 -19.00093 0 34.70564 -19.00093 0 34.70564 -32.90833 -3.8147e-6 20.79822 -32.90833 -3.8147e-6 20.79822 -37.14729 -3.8147e-6 9.802183 -37.14729 -3.8147e-6 9.802183 -38 -3.8147e-6 1.797331 -38 -3.8147e-6 1.797331 -38 -3.8147e-6 1.797331 -11.95208 0 9.797333 11.95208 0 9.797334 32.90833 3.8147e-6 -17.20355 32.90833 3.8147e-6 -17.20355 30.93781 3.8147e-6 -20.26718 30.93781 3.8147e-6 -20.26718 1.6489e-5 0 -20.23267 -30.93781 -3.8147e-6 -20.26718 -30.93781 -3.8147e-6 -20.26718 -32.90836 -3.8147e-6 -17.20351 -32.90836 -3.8147e-6 -17.20351 -19.00078 0 -31.11106 -19.00078 0 -31.11106 19.00093 0 -31.11097 19.00093 0 -31.11097 2.78489e-4 0 -36.20267 2.78489e-4 0 -36.20267 32.90877 -4.999996 -17.20302 32.90877 -4.999996 -17.20302 19.00035 -5 -31.11143 19.00035 -5 -31.11143 1.48899e-6 -5 -36.20267 1.48899e-6 -5 -36.20267 -19.00035 -5 -31.11143 -19.00035 -5 -31.11143 -32.90876 -5.000004 -17.20302 -32.90876 -5.000004 -17.20302 8.495308 60.54926 73.93434 8.495308 60.54926 73.93434 8.495308 60.54926 73.93434 8.281959 60.13988 73.93434 8.281959 60.13988 73.93434 8.0851 59.7485 73.93434 8.0851 59.7485 73.93434 8.0851 59.7485 73.93434 6.072909 55.49311 73.93434 6.072909 55.49311 73.93434 4.128263 51.35198 73.93434 4.128263 51.35198 73.93434 4.128263 51.35198 73.93434 4.058082 51.23026 73.93434 4.058082 51.23026 73.93434 3.965878 51.12742 73.93434 3.965878 51.12742 73.93434 3.847676 51.0582 73.93434 3.847676 51.0582 73.93434 3.712289 51.03791 73.93434 3.712289 51.03791 73.93434 3.577694 51.05088 73.93434 3.577694 51.05088 73.93434 3.446444 51.08107 73.93434 3.446444 51.08107 73.93434 3.446444 51.08107 73.93434 1.723049 51.51385 73.93434 1.723049 51.51385 73.93434 -8.51101e-6 52 73.93434 -8.51101e-6 52 73.93434 -8.51101e-6 52 73.93434 -4.15228 53.6887 73.93434 -4.15228 53.6887 73.93434 -7.818743 55.71971 73.93434 -7.818743 55.71971 73.93434 -7.818743 55.71971 73.93434 -10.02406 51.4687 73.93434 -10.02406 51.4687 73.93434 -10.02406 51.4687 73.93434 1.261988 43.50183 73.93434 1.261988 43.50183 73.93434 14.41826 39.50074 73.93434 14.41826 39.50074 73.93434 14.41826 39.50074 73.93434 15.68045 39.31832 73.93434 15.68045 39.31832 73.93434 17.01864 39.14336 73.93434 17.01864 39.14336 73.93434 17.01864 39.14336 73.93434 12.74626 49.87322 73.93434 12.74626 49.87322 73.93434 -6.324535 57.73539 73.93434 -6.324535 57.73539 73.93434 -6.324535 57.73539 73.93434 -3.013931 55.9186 73.93434 -3.013931 55.9186 73.93434 0.4532925 54.39404 73.93434 0.4532925 54.39404 73.93434 0.4532925 54.39404 73.93434 6.115701 66.37755 73.93434 6.115701 66.37755 73.93434 6.115701 66.37755 73.93434 5.90837 66.40777 73.93434 5.90837 66.40777 73.93434 5.696776 66.42604 73.93434 5.696776 66.42604 73.93434 5.696776 66.42604 73.93434 1.870623 66.42749 73.93434 1.870623 66.42749 73.93434 -1.867226 66.43204 73.93434 -1.867226 66.43204 73.93434 -1.867226 66.43204 73.93434 -2.203831 66.35531 73.93434 -2.203831 66.35531 73.93434 -2.440813 66.10252 73.93434 -2.440813 66.10252 73.93434 -2.440813 66.10252 73.93434 -5.699889 59.80405 73.93434 -5.699889 59.80405 73.93434 -5.699889 59.80405 73.93434 -6.10445 59.02441 73.93434 -6.10445 59.02441 73.93434 -6.514139 58.23451 73.93434 -6.514139 58.23451 73.93434 -6.514139 58.23451 73.93434 -6.559463 58.09557 73.93434 -6.559463 58.09557 73.93434 -6.55006 57.95795 73.93434 -6.55006 57.95795 73.93434 -6.462419 57.8333 73.93434 -6.462419 57.8333 73.93434 -16.35027 39.19237 73.93434 -16.35027 39.19237 73.93434 -16.35027 39.19237 73.93434 -16.13088 39.16693 73.93434 -16.13088 39.16693 73.93434 -15.90798 39.15164 73.93434 -15.90798 39.15164 73.93434 -15.90798 39.15164 73.93434 -11.50064 39.1516 73.93434 -11.50064 39.1516 73.93434 -7.193241 39.14743 73.93434 -7.193241 39.14743 73.93434 -7.193241 39.14743 73.93434 -6.872092 39.21949 73.93434 -6.872092 39.21949 73.93434 -6.663636 39.45335 73.93434 -6.663636 39.45335 73.93434 -6.663636 39.45335 73.93434 -5.827759 41.27899 73.93434 -5.827759 41.27899 73.93434 -4.999464 43.03993 73.93434 -4.999464 43.03993 73.93434 -4.999464 43.03993 73.93434 -4.957998 43.19676 73.93434 -4.957998 43.19676 73.93434 -4.984448 43.35202 73.93434 -4.984448 43.35202 73.93434 -5.082874 43.47236 73.93434 -5.082874 43.47236 73.93434 -5.20607 43.56504 73.93434 -5.20607 43.56504 73.93434 -5.20607 43.56504 73.93434 -8.475328 45.99047 73.93434 -8.475328 45.99047 73.93434 -11.48727 48.64821 73.93434 -11.48727 48.64821 73.93434 -11.48727 48.64821 73.93434 -19.49968 18.22488 62.93434 -19.49968 18.22488 62.93434 -11.49934 48.65893 73.93434 -11.49934 48.65893 73.93434 -11.49934 48.65893 73.93434 -13.94754 43.88128 73.93434 -13.94754 43.88128 73.93434 -18.26796 36.23205 73.93434 -18.26796 36.23205 73.93434 -18.26796 36.23205 73.93434 -18.26796 52 73.93434 -18.26796 52 73.93434 -18.26796 67.76795 73.93434 -18.26796 67.76795 73.93434 -18.26796 67.76795 73.93434 -17.62302 69.62118 73.93434 -17.62302 69.62118 73.93434 -15.76796 70.26795 73.93434 -15.76796 70.26795 73.93434 -15.76796 70.26795 73.93434 -1.0511e-5 70.26795 73.93434 -1.0511e-5 70.26795 73.93434 15.76794 70.26795 73.93434 15.76794 70.26795 73.93434 15.76794 70.26795 73.93434 17.62117 69.62301 73.93434 17.62117 69.62301 73.93434 18.26794 67.76795 73.93434 18.26794 67.76795 73.93434 18.26794 67.76795 73.93434 18.26794 52 73.93434 18.26794 52 73.93434 18.26794 36.23205 73.93434 18.26794 36.23205 73.93434 18.26794 36.23205 73.93434 17.623 34.37882 73.93434 17.623 34.37882 73.93434 15.76794 33.73205 73.93434 15.76794 33.73205 73.93434 15.76794 33.73205 73.93434 -7.51101e-6 33.73205 73.93434 -7.51101e-6 33.73205 73.93434 -15.76796 33.73205 73.93434 -15.76796 33.73205 73.93434 -15.76796 33.73205 73.93434 -17.62119 34.37699 73.93434 -17.62119 34.37699 73.93434 -9.884128 51.48776 74.43434 -9.884128 51.48776 74.43434 -9.884128 51.48776 74.43434 -7.773849 55.55557 74.43434 -7.773849 55.55557 74.43434 -7.773849 55.55557 74.43434 -4.016373 53.49547 74.43434 -4.016373 53.49547 74.43434 -0.0364685 51.89048 74.43434 -0.0364685 51.89048 74.43434 -0.0364685 51.89048 74.43434 1.693323 51.40216 74.43434 1.693323 51.40216 74.43434 3.416423 50.96961 74.43434 3.416423 50.96961 74.43434 3.416423 50.96961 74.43434 3.569119 50.93521 74.43434 3.569119 50.93521 74.43434 3.727154 50.9225 74.43434 3.727154 50.9225 74.43434 3.8889 50.95049 74.43434 3.8889 50.95049 74.43434 4.034805 51.03445 74.43434 4.034805 51.03445 74.43434 4.148688 51.1585 74.43434 4.148688 51.1585 74.43434 4.232876 51.30319 74.43434 4.232876 51.30319 74.43434 4.232876 51.30319 74.43434 6.177395 55.44404 74.43434 6.177395 55.44404 74.43434 8.189454 59.69915 74.43434 8.189454 59.69915 74.43434 8.189454 59.69915 74.43434 8.329713 59.98132 74.43434 8.329713 59.98132 74.43434 8.481493 60.27191 74.43434 8.481493 60.27191 74.43434 8.481493 60.27191 74.43434 12.64956 49.80403 74.43434 12.64956 49.80403 74.43434 16.83834 39.28414 74.43434 16.83834 39.28414 74.43434 16.83834 39.28414 74.43434 15.60469 39.44471 74.43434 15.60469 39.44471 74.43434 14.43704 39.61463 74.43434 14.43704 39.61463 74.43434 14.43704 39.61463 74.43434 1.347718 43.58922 74.43434 1.347718 43.58922 74.43434 -11.46434 48.47411 74.43434 -11.46434 48.47411 74.43434 -11.46434 48.47411 74.43434 -8.494784 45.85626 74.43434 -8.494784 45.85626 74.43434 -5.272932 43.47095 74.43434 -5.272932 43.47095 74.43434 -5.272932 43.47095 74.43434 -5.153501 43.38084 74.43434 -5.153501 43.38084 74.43434 -5.08504 43.29475 74.43434 -5.08504 43.29475 74.43434 -5.074467 43.19076 74.43434 -5.074467 43.19076 74.43434 -5.103595 43.08975 74.43434 -5.103595 43.08975 74.43434 -5.103595 43.08975 74.43434 -5.932384 41.32776 74.43434 -5.932384 41.32776 74.43434 -6.768767 39.50102 74.43434 -6.768767 39.50102 74.43434 -6.768767 39.50102 74.43434 -6.902265 39.33797 74.43434 -6.902265 39.33797 74.43434 -7.192982 39.26286 74.43434 -7.192982 39.26286 74.43434 -7.192982 39.26286 74.43434 -11.50321 39.26704 74.43434 -11.50321 39.26704 74.43434 -15.90793 39.26708 74.43434 -15.90793 39.26708 74.43434 -15.90793 39.26708 74.43434 -16.03525 39.27337 74.43434 -16.03525 39.27337 74.43434 -16.17144 39.28823 74.43434 -16.17144 39.28823 74.43434 -16.17144 39.28823 74.43434 -13.83929 43.8394 74.43434 -13.83929 43.8394 74.43434 -2.338289 66.04947 74.43434 -2.338289 66.04947 74.43434 -2.338289 66.04947 74.43434 -2.148436 66.25431 74.43434 -2.148436 66.25431 74.43434 -1.867528 66.31661 74.43434 -1.867528 66.31661 74.43434 -1.867528 66.31661 74.43434 1.870407 66.31205 74.43434 1.870407 66.31205 74.43434 5.696658 66.31061 74.43434 5.696658 66.31061 74.43434 5.696658 66.31061 74.43434 5.821484 66.30239 74.43434 5.821484 66.30239 74.43434 5.944444 66.28531 74.43434 5.944444 66.28531 74.43434 5.944444 66.28531 74.43434 0.3944965 54.5398 74.43434 0.3944965 54.5398 74.43434 0.3944965 54.5398 74.43434 -3.011492 56.04644 74.43434 -3.011492 56.04644 74.43434 -6.265527 57.83461 74.43434 -6.265527 57.83461 74.43434 -6.265527 57.83461 74.43434 -6.376688 57.91153 74.43434 -6.376688 57.91153 74.43434 -6.43933 57.99125 74.43434 -6.43933 57.99125 74.43434 -6.443645 58.08852 74.43434 -6.443645 58.08852 74.43434 -6.411673 58.18135 74.43434 -6.411673 58.18135 74.43434 -6.411673 58.18135 74.43434 -6.00452 58.96636 74.43434 -6.00452 58.96636 74.43434 -5.597367 59.751 74.43434 -5.597367 59.751 74.43434 -5.597367 59.751 74.43434 8.488533 60.41076 74.18354 8.488533 60.41076 74.18354 -7.796338 55.63767 74.18412 -7.796338 55.63767 74.18412 -9.954042 51.47821 74.18458 -9.954042 51.47821 74.18458 16.92861 39.2137 74.18393 16.92861 39.2137 74.18393 0.4238755 54.46688 74.18435 0.4238755 54.46688 74.18435 6.030886 66.33148 74.18125 6.030886 66.33148 74.18125 -16.26159 39.24024 74.18163 -16.26159 39.24024 74.18163 -11.47995 48.55654 74.21132 -11.47995 48.55654 74.21132 -11.49556 48.63879 73.9887 -11.49556 48.63879 73.9887 -11.49556 48.63879 73.9887 -11.49747 48.64895 73.96128 -11.49747 48.64895 73.96128 -28.57885 37 57.93434 -28.57885 37 57.93434 -28.57885 37 57.93434 -27.07891 35.5 57.93434 -27.07891 35.5 57.93434 -28.57884 34 57.93434 -28.57884 34 57.93434 -28.57884 34 57.93434 -30.07878 35.5 57.93434 -30.07878 35.5 57.93434 -1.0511e-5 86.5 57.93434 -1.0511e-5 86.5 57.93434 -1.0511e-5 86.5 57.93434 1.499922 85 57.93434 1.499922 85 57.93434 -1.0511e-5 83.5 57.93434 -1.0511e-5 83.5 57.93434 -1.0511e-5 83.5 57.93434 -1.499943 85 57.93434 -1.499943 85 57.93434 28.57883 37 57.93434 28.57883 37 57.93434 28.57883 37 57.93434 30.07876 35.5 57.93434 30.07876 35.5 57.93434 28.57883 34 57.93434 28.57883 34 57.93434 28.57883 34 57.93434 27.0789 35.5 57.93434 27.0789 35.5 57.93434 -38 52 -60.45267 -38 52 -60.45267 -38 52 -60.45267 -32.90874 32.99964 -60.45267 -32.90874 32.99964 -60.45267 -21.34056 20.55831 -60.45267 -21.34056 20.55831 -60.45267 -21.34056 83.44168 -60.45267 -21.34056 83.44168 -60.45267 -32.90874 71.00035 -60.45267 -32.90874 71.00035 -60.45267 -18.99968 19.0909 -60.45267 -18.99968 19.0909 -60.45267 4.88988e-7 14.00006 -60.45267 4.88988e-7 14.00006 -60.45267 8.70241 15.0099 -60.45267 8.70241 15.0099 -60.45267 18.99968 19.0909 -60.45267 18.99968 19.0909 -60.45267 32.90874 32.99964 -60.45267 32.90874 32.99964 -60.45267 38 52 -60.45267 38 52 -60.45267 38 52 -60.45267 32.90873 71.00037 -60.45267 32.90873 71.00037 -60.45267 18.99968 84.9091 -60.45267 18.99968 84.9091 -60.45267 8.702403 88.99011 -60.45267 8.702403 88.99011 -60.45267 -18.99969 84.9091 -60.45267 -18.99969 84.9091 -60.45267 -6.51101e-6 89.99994 -60.45267 -6.51101e-6 89.99994 -60.45267 38 52 -54.65267 38 52 -54.65267 38 52 -54.65267 32.90873 71.00037 -54.65267 32.90873 71.00037 -54.65267 18.99968 84.9091 -54.65267 18.99968 84.9091 -54.65267 8.702403 88.99011 -54.65267 8.702403 88.99011 -54.65267 -6.51101e-6 89.99994 -54.65267 -6.51101e-6 89.99994 -54.65267 -18.99969 84.9091 -54.65267 -18.99969 84.9091 -54.65267 -21.34056 83.44168 -54.65267 -21.34056 83.44168 -54.65267 -32.90874 71.00035 -54.65267 -32.90874 71.00035 -54.65267 -38 52 -54.65267 -38 52 -54.65267 -38 52 -54.65267 -21.34056 20.55831 -54.65267 -21.34056 20.55831 -54.65267 -32.90874 32.99964 -54.65267 -32.90874 32.99964 -54.65267 32.90874 32.99964 -54.65267 32.90874 32.99964 -54.65267 18.99968 19.0909 -54.65267 18.99968 19.0909 -54.65267 8.70241 15.0099 -54.65267 8.70241 15.0099 -54.65267 -18.99968 19.0909 -54.65267 -18.99968 19.0909 -54.65267 4.88988e-7 14.00006 -54.65267 4.88988e-7 14.00006 -54.65267 -39.00001 52 62.93434 -39.00001 52 62.93434 -39.00001 52 62.93434 -33.77476 32.49962 62.93434 -33.77476 32.49962 62.93434 -20.03737 18.54108 62.93434 -20.03737 18.54108 62.93434 -20.03737 85.45893 62.93434 -20.03737 85.45893 62.93434 -33.77476 71.50037 62.93434 -33.77476 71.50037 62.93434 -19.49968 18.22488 62.93434 -19.49968 18.22488 62.93434 -4.51101e-6 13.00006 62.93434 -4.51101e-6 13.00006 62.93434 10.00959 14.30645 62.93434 10.00959 14.30645 62.93434 19.49967 18.22488 62.93434 19.49967 18.22488 62.93434 33.77475 32.49963 62.93434 33.77475 32.49963 62.93434 38.99999 52 62.93434 38.99999 52 62.93434 38.99999 52 62.93434 33.77475 71.50038 62.93434 33.77475 71.50038 62.93434 19.49967 85.77513 62.93434 19.49967 85.77513 62.93434 10.00958 89.69355 62.93434 10.00958 89.69355 62.93434 -19.49969 85.77513 62.93434 -19.49969 85.77513 62.93434 -1.1511e-5 90.99994 62.93434 -1.1511e-5 90.99994 62.93434 38.99999 52 64.93435 38.99999 52 64.93435 38.99999 52 64.93435 33.77475 71.50038 64.93435 33.77475 71.50038 64.93435 19.49967 85.77513 64.93435 19.49967 85.77513 64.93435 10.00958 89.69355 64.93435 10.00958 89.69355 64.93435 -1.1511e-5 90.99994 64.93435 -1.1511e-5 90.99994 64.93435 -19.49969 85.77513 64.93435 -19.49969 85.77513 64.93435 -20.03737 85.45893 64.93435 -20.03737 85.45893 64.93435 -33.77476 71.50037 64.93435 -33.77476 71.50037 64.93435 -39.00001 52 64.93435 -39.00001 52 64.93435 -39.00001 52 64.93435 -20.03737 18.54108 64.93435 -20.03737 18.54108 64.93435 -33.77476 32.49962 64.93435 -33.77476 32.49962 64.93435 33.77475 32.49963 64.93435 33.77475 32.49963 64.93435 19.49967 18.22488 64.93435 19.49967 18.22488 64.93435 10.00959 14.30645 64.93435 10.00959 14.30645 64.93435 -19.49968 18.22488 64.93435 -19.49968 18.22488 64.93435 -4.51101e-6 13.00006 64.93435 -4.51101e-6 13.00006 64.93435 -38 52 -60.45267 -38 52 -60.45267 -38 52 -60.45267 -38 52 -54.65267 -38 52 -54.65267 -38 52 -54.65267 -32.90874 71.00035 -54.65267 -32.90874 71.00035 -54.65267 -21.23819 83.51094 -54.65267 -21.23819 83.51094 -54.65267 -18.99969 84.9091 -54.65267 -18.99969 84.9091 -54.65267 -6.51101e-6 89.99994 -54.65267 -6.51101e-6 89.99994 -54.65267 8.803315 88.96622 -54.65267 8.803315 88.96622 -54.65267 18.99968 84.9091 -54.65267 18.99968 84.9091 -54.65267 32.90873 71.00037 -54.65267 32.90873 71.00037 -54.65267 38 52 -54.65267 38 52 -54.65267 38 52 -54.65267 38 52 -60.45267 38 52 -60.45267 38 52 -60.45267 32.90873 71.00037 -60.45267 32.90873 71.00037 -60.45267 18.99968 84.9091 -60.45267 18.99968 84.9091 -60.45267 8.803315 88.96622 -60.45267 8.803315 88.96622 -60.45267 -6.51101e-6 89.99994 -60.45267 -6.51101e-6 89.99994 -60.45267 -18.99969 84.9091 -60.45267 -18.99969 84.9091 -60.45267 -21.23819 83.51094 -60.45267 -21.23819 83.51094 -60.45267 -32.90874 71.00035 -60.45267 -32.90874 71.00035 -60.45267 -32.90874 32.99964 -54.65267 -32.90874 32.99964 -54.65267 -21.23819 20.48907 -54.65267 -21.23819 20.48907 -54.65267 -21.2486 19.53566 -54.65267 -21.2486 19.53566 -54.65267 -33.60263 32.60145 -54.65267 -33.60263 32.60145 -54.65267 -38.8 52 -54.65267 -38.8 52 -54.65267 -38.8 52 -54.65267 -33.60263 71.39854 -54.65267 -33.60263 71.39854 -54.65267 -21.2486 84.46434 -54.65267 -21.2486 84.46434 -54.65267 -19.40074 85.60137 -54.65267 -19.40074 85.60137 -54.65267 -8.51101e-6 90.80001 -54.65267 -8.51101e-6 90.80001 -54.65267 8.80785 89.78701 -54.65267 8.80785 89.78701 -54.65267 19.40072 85.60137 -54.65267 19.40072 85.60137 -54.65267 33.60262 71.39855 -54.65267 33.60262 71.39855 -54.65267 38.8 52 -54.65267 38.8 52 -54.65267 38.8 52 -54.65267 33.60263 32.60146 -54.65267 33.60263 32.60146 -54.65267 19.40073 18.39864 -54.65267 19.40073 18.39864 -54.65267 8.807857 14.21299 -54.65267 8.807857 14.21299 -54.65267 8.803321 15.03379 -54.65267 8.803321 15.03379 -54.65267 18.99968 19.0909 -54.65267 18.99968 19.0909 -54.65267 32.90874 32.99964 -54.65267 32.90874 32.99964 -54.65267 -18.99968 19.0909 -54.65267 -18.99968 19.0909 -54.65267 4.88988e-7 14.00006 -54.65267 4.88988e-7 14.00006 -54.65267 2.48899e-6 13.2 -54.65267 2.48899e-6 13.2 -54.65267 -19.40073 18.39863 -54.65267 -19.40073 18.39863 -54.65267 -39 52 -60.25267 -39 52 -60.25267 -39 52 -60.25267 -39 52 -60.25267 -33.77499 71.50001 -60.25267 -33.77499 71.50001 -60.25267 -19.5 85.775 -60.25267 -19.5 85.775 -60.25267 -6.51101e-6 91 -60.25267 -6.51101e-6 91 -60.25267 19.49999 85.775 -60.25267 19.49999 85.775 -60.25267 33.77498 71.50002 -60.25267 33.77498 71.50002 -60.25267 39 52 -60.25267 39 52 -60.25267 39 52 -60.25267 39 52 -60.25267 39 52 -54.85267 39 52 -54.85267 39 52 -54.85267 39 52 -54.85267 33.77498 71.50002 -54.85267 33.77498 71.50002 -54.85267 19.49999 85.775 -54.85267 19.49999 85.775 -54.85267 -6.51101e-6 91 -54.85267 -6.51101e-6 91 -54.85267 -19.5 85.775 -54.85267 -19.5 85.775 -54.85267 -33.77499 71.50001 -54.85267 -33.77499 71.50001 -54.85267 -39 52 -54.85267 -39 52 -54.85267 -39 52 -54.85267 -39 52 -54.85267 -21.2486 84.46434 -60.45267 -21.2486 84.46434 -60.45267 -33.60262 71.39855 -60.45267 -33.60262 71.39855 -60.45267 -38.8 52 -60.45267 -38.8 52 -60.45267 -38.8 52 -60.45267 -33.60263 32.60146 -60.45267 -33.60263 32.60146 -60.45267 -21.2486 19.53566 -60.45267 -21.2486 19.53566 -60.45267 -21.23819 20.48907 -60.45267 -21.23819 20.48907 -60.45267 -32.90874 32.99964 -60.45267 -32.90874 32.99964 -60.45267 -18.99968 19.0909 -60.45267 -18.99968 19.0909 -60.45267 -19.40074 18.39864 -60.45267 -19.40074 18.39864 -60.45267 -1.0511e-5 13.2 -60.45267 -1.0511e-5 13.2 -60.45267 8.807857 14.21299 -60.45267 8.807857 14.21299 -60.45267 8.803321 15.03379 -60.45267 8.803321 15.03379 -60.45267 4.88988e-7 14.00006 -60.45267 4.88988e-7 14.00006 -60.45267 18.99968 19.0909 -60.45267 18.99968 19.0909 -60.45267 19.40072 18.39863 -60.45267 19.40072 18.39863 -60.45267 33.60262 32.60145 -60.45267 33.60262 32.60145 -60.45267 38.8 52 -60.45267 38.8 52 -60.45267 38.8 52 -60.45267 33.60263 71.39854 -60.45267 33.60263 71.39854 -60.45267 19.40073 85.60137 -60.45267 19.40073 85.60137 -60.45267 8.80785 89.78701 -60.45267 8.80785 89.78701 -60.45267 32.90874 32.99964 -60.45267 32.90874 32.99964 -60.45267 4.48899e-6 90.80001 -60.45267 4.48899e-6 90.80001 -60.45267 -19.40072 85.60137 -60.45267 -19.40072 85.60137 -60.45267 33.77499 32.49999 -60.25267 33.77499 32.49999 -60.25267 19.5 18.22501 -60.25267 19.5 18.22501 -60.25267 4.88988e-7 13 -60.25267 4.88988e-7 13 -60.25267 -19.5 18.22501 -60.25267 -19.5 18.22501 -60.25267 -33.77499 32.49998 -60.25267 -33.77499 32.49998 -60.25267 -33.77499 32.49998 -54.85267 -33.77499 32.49998 -54.85267 -19.5 18.22501 -54.85267 -19.5 18.22501 -54.85267 4.88988e-7 13 -54.85267 4.88988e-7 13 -54.85267 19.5 18.22501 -54.85267 19.5 18.22501 -54.85267 33.77499 32.49999 -54.85267 33.77499 32.49999 -54.85267 38.94142 52 -60.39409 38.94142 52 -60.39409 -38.94142 52 -60.39409 -38.94142 52 -60.39409 38.94142 52 -54.71125 38.94142 52 -54.71125 -38.94142 52 -54.71125 -38.94142 52 -54.71125 -39.00001 52 62.93434 -39.00001 52 62.93434 -39.00001 52 62.93434 -39.00001 52 64.93435 -39.00001 52 64.93435 -39.00001 52 64.93435 -33.77476 71.50037 64.93435 -33.77476 71.50037 64.93435 -20.03737 85.45893 64.93435 -20.03737 85.45893 64.93435 -19.49969 85.77513 64.93435 -19.49969 85.77513 64.93435 -1.1511e-5 90.99994 64.93435 -1.1511e-5 90.99994 64.93435 10.00958 89.69355 64.93435 10.00958 89.69355 64.93435 19.49967 85.77513 64.93435 19.49967 85.77513 64.93435 33.77475 71.50038 64.93435 33.77475 71.50038 64.93435 38.99999 52 64.93435 38.99999 52 64.93435 38.99999 52 64.93435 38.99999 52 62.93434 38.99999 52 62.93434 38.99999 52 62.93434 33.77475 71.50038 62.93434 33.77475 71.50038 62.93434 19.49967 85.77513 62.93434 19.49967 85.77513 62.93434 10.00958 89.69355 62.93434 10.00958 89.69355 62.93434 -1.1511e-5 90.99994 62.93434 -1.1511e-5 90.99994 62.93434 -19.49969 85.77513 62.93434 -19.49969 85.77513 62.93434 -20.03737 85.45893 62.93434 -20.03737 85.45893 62.93434 -33.77476 71.50037 62.93434 -33.77476 71.50037 62.93434 -33.77476 32.49962 64.93435 -33.77476 32.49962 64.93435 -20.03737 18.54108 64.93435 -20.03737 18.54108 64.93435 -20.03056 17.3767 64.93435 -20.03056 17.3767 64.93435 -34.64078 31.99962 64.93435 -34.64078 31.99962 64.93435 -40.00001 52 64.93435 -40.00001 52 64.93435 -40.00001 52 64.93435 -34.64078 72.00038 64.93435 -34.64078 72.00038 64.93435 -20.03056 86.62331 64.93435 -20.03056 86.62331 64.93435 -1.1511e-5 91.99994 64.93435 -1.1511e-5 91.99994 64.93435 10.00871 90.72753 64.93435 10.00871 90.72753 64.93435 19.99966 86.64115 64.93435 19.99966 86.64115 64.93435 34.64077 72.00038 64.93435 34.64077 72.00038 64.93435 39.99999 52 64.93435 39.99999 52 64.93435 39.99999 52 64.93435 34.64077 31.99963 64.93435 34.64077 31.99963 64.93435 19.99966 17.35885 64.93435 19.99966 17.35885 64.93435 10.00872 13.27247 64.93435 10.00872 13.27247 64.93435 10.00959 14.30645 64.93435 10.00959 14.30645 64.93435 19.49967 18.22488 64.93435 19.49967 18.22488 64.93435 33.77475 32.49963 64.93435 33.77475 32.49963 64.93435 -19.49968 18.22488 64.93435 -19.49968 18.22488 64.93435 -4.51101e-6 13.00006 64.93435 -4.51101e-6 13.00006 64.93435 -4.51101e-6 12.00006 64.93435 -4.51101e-6 12.00006 64.93435 -40.00001 52 62.93434 -40.00001 52 62.93434 -40.00001 52 62.93434 -34.64078 72.00038 62.93434 -34.64078 72.00038 62.93434 -20.03056 86.62331 62.93434 -20.03056 86.62331 62.93434 -1.1511e-5 91.99994 62.93434 -1.1511e-5 91.99994 62.93434 10.00871 90.72753 62.93434 10.00871 90.72753 62.93434 19.99966 86.64115 62.93434 19.99966 86.64115 62.93434 34.64077 72.00038 62.93434 34.64077 72.00038 62.93434 39.99999 52 62.93434 39.99999 52 62.93434 39.99999 52 62.93434 -34.64078 31.99962 62.93434 -34.64078 31.99962 62.93434 -20.03056 17.3767 62.93434 -20.03056 17.3767 62.93434 -20.03737 18.54108 62.93434 -20.03737 18.54108 62.93434 -33.77476 32.49962 62.93434 -33.77476 32.49962 62.93434 33.77475 32.49963 62.93434 33.77475 32.49963 62.93434 19.49967 18.22488 62.93434 19.49967 18.22488 62.93434 10.00959 14.30645 62.93434 10.00959 14.30645 62.93434 10.00872 13.27247 62.93434 10.00872 13.27247 62.93434 19.99966 17.35885 62.93434 19.99966 17.35885 62.93434 34.64077 31.99963 62.93434 34.64077 31.99963 62.93434 -4.51101e-6 12.00006 62.93434 -4.51101e-6 12.00006 62.93434 -4.51101e-6 13.00006 62.93434 -4.51101e-6 13.00006 62.93434</float_array>
          <technique_common>
            <accessor source="#GBT-C7A-J4_001-mesh-positions-array" count="2578" stride="3">
              <param name="X" type="float"/>
              <param name="Y" type="float"/>
              <param name="Z" type="float"/>
            </accessor>
          </technique_common>
        </source>
        <source id="GBT-C7A-J4_001-mesh-normals">
          <float_array id="GBT-C7A-J4_001-mesh-normals-array" count="14277">-0.4810191 -0.8767101 -2.73287e-5 -0.001378893 -0.3930708 -0.9195072 -3.24249e-5 -0.3922986 -0.9198379 1.0885e-6 -0.3907319 -0.9205046 -6.95139e-6 -0.8359619 -0.5487875 -0.480991 -0.8767257 -1.88053e-5 1.9446e-5 -0.3922741 -0.9198484 6.75179e-4 -0.3928005 -0.9196235 -8.68365e-6 -0.8359525 -0.5488018 4.26173e-6 -0.3922706 -0.9198499 0 -0.3907321 -0.9205045 -0.4810154 -0.8767123 -5.9247e-5 -0.001373469 -0.3930371 -0.9195217 -0.001389324 -0.393038 -0.9195212 -1.3492e-5 -0.3907341 -0.9205037 -9.72844e-7 -0.3907335 -0.9205039 -0.481002 -0.8767195 -2.0355e-5 -0.003020167 -0.392589 -0.9197091 -0.001497447 -0.3931152 -0.9194881 0 -0.3907331 -0.920504 0 -0.3907328 -0.9205042 -0.8546611 -0.5191862 1.01924e-5 -0.00510478 -0.3911974 -0.9202927 -0.00307697 -0.3925798 -0.9197129 0 -0.3907296 -0.9205055 -0.4809291 -0.8767595 3.37437e-5 -0.8547206 -0.5190884 -8.30041e-7 -0.003018677 -0.3926112 -0.9196997 0 -0.3907309 -0.9205049 -1 1.04487e-4 -1.02408e-5 -0.006710827 -0.3880205 -0.9216263 -0.005088031 -0.3911912 -0.9202953 2.39478e-5 -0.3907319 -0.9205046 -0.8546999 -0.5191224 2.78354e-5 -1 -2.47061e-5 -5.31971e-6 -0.005103468 -0.3912115 -0.9202867 0 -0.3907313 -0.9205049 -0.8546753 0.5191629 4.67896e-6 -0.005289137 -0.3835278 -0.9235143 -0.006687521 -0.3879957 -0.921637 9.82901e-6 -0.3907277 -0.9205064 -1 8.01086e-5 1.29044e-5 -0.8546709 0.5191702 1.71959e-5 -0.006743788 -0.3880087 -0.921631 -1.2036e-6 -0.3907324 -0.9205043 -0.4808065 0.8768268 -3.89814e-5 -0.004565715 -0.3830986 -0.9236962 -0.005316019 -0.383517 -0.9235185 2.30664e-6 -0.3907349 -0.9205033 -0.854695 0.5191306 -2.67327e-5 -0.4808728 0.8767904 4.79817e-6 -0.005397319 -0.3835104 -0.9235209 2.28167e-6 -0.3907321 -0.9205046 2.17035e-5 0.5718951 -0.8203269 -2.525e-5 -0.382601 -0.9239137 -0.004624605 -0.3831091 -0.9236916 -3.06534e-7 -0.3907307 -0.920505 1.08778e-6 1 -1.26585e-5 -2.10758e-6 0.5719275 -0.8203042 -0.004672288 -0.3830788 -0.9237039 -0.480796 0.8768325 6.16908e-6 -6.6529e-6 1 2.07834e-5 -0.004658877 -0.3831231 -0.9236856 0 -0.3907302 -0.9205053 0 -0.3907267 -0.9205067 0.4809828 0.8767301 3.9354e-5 2.31862e-5 -0.3826844 -0.9238792 -8.64267e-6 0.5719256 -0.8203055 2.54399e-7 -0.3907315 -0.9205046 0.4809412 0.8767528 1.85966e-5 0.002799868 -0.3823633 -0.9240078 -1.18203e-5 -0.3826423 -0.9238966 0.4809821 0.8767305 6.25849e-6 -3.36021e-5 0.571895 -0.8203269 2.85637e-6 1 -1.96099e-5 -2.07126e-6 1 -7.58408e-7 -2.07103e-6 1 9.41753e-6 -0.4808967 0.8767774 -2.75224e-5 0.4815944 0.8763942 1.20167e-5 0.4810062 0.8767173 9.75095e-6 -9.56096e-6 1 -9.17912e-6 5.56908e-6 1 -2.30875e-5 0.4815301 0.8764297 1.84774e-5 5.57303e-6 1 -1.78784e-5 -0.4817236 0.8763232 4.72716e-6 -0.4807993 0.8768306 -8.13603e-6 -0.8546578 0.5191917 -9.0599e-6 -0.4816561 0.8763604 2.52873e-5 -2.25464e-5 1 -1.54451e-5 -0.4808995 0.8767758 5.90528e-6 -0.8550869 0.5184848 -1.78678e-5 -0.8547139 0.5190994 6.88434e-6 -1 -1.7399e-5 1.06394e-5 -0.8550724 0.5185087 -1.57282e-5 -0.4816622 0.8763571 2.33501e-5 -0.8546747 0.5191639 -5.06174e-6 -1 1.2219e-6 -1.63915e-5 -1 1.24425e-6 -9.58145e-6 -0.8546497 -0.5192051 8.56072e-6 -1 -1.63168e-5 -5.84125e-6 -0.8550804 0.5184955 2.37562e-5 -1 -1.63913e-5 -1.07508e-5 -0.4815393 -0.8764246 -1.04085e-5 -0.854677 -0.5191603 1.80081e-5 -0.4809929 -0.8767246 6.1373e-6 -0.8550726 -0.5185085 -8.3074e-6 -1 -1.82996e-5 -1.3411e-5 -0.8546497 -0.519205 1.14848e-5 -0.4814991 -0.8764467 1.19358e-5 -0.8551211 -0.5184283 -2.07918e-7 -0.8546485 -0.5192071 -6.28084e-6 -1.44541e-6 -0.8360002 -0.5487293 5.38304e-6 -1 1.00464e-4 -0.4810249 -0.876707 4.63426e-5 -0.4815291 -0.8764302 -7.46176e-6 -0.4810248 -0.8767071 -2.59094e-6 -1.41609e-5 -1 1.68718e-5 7.466e-4 -0.3927921 -0.919627 -3.59863e-6 -1 -8.23894e-6 -1.97552e-5 -0.8359377 -0.5488245 0.4807862 -0.8768379 4.02331e-6 3.14415e-5 -1 -4.97699e-6 6.89968e-4 -0.3927685 -0.9196372 2.02656e-6 -1 4.21059e-6 2.03191e-6 -1 5.27874e-6 0.4808967 -0.8767774 -2.61068e-5 -0.4815298 -0.8764297 -5.4203e-6 -5.31971e-6 -1 -2.98989e-6 -5.25662e-6 -1 2.31918e-5 -0.3090016 0.9510616 -1.36867e-5 -0.4683933 0.8835201 1.45733e-5 1.11163e-4 1 -3.51667e-6 -0.8090271 0.5877714 -8.91089e-6 -0.4812224 0.8765986 -6.67572e-6 -0.4683947 0.8835194 -4.69387e-6 -0.8090041 0.5878031 2.98619e-5 -0.4684098 0.8835113 1.58101e-5 -0.3089666 0.9510729 -1.62423e-6 0 -0.3907331 -0.9205041 -0.3090508 0.9510456 -7.62939e-6 -2.24207e-5 1 -1.20401e-5 0.2844311 0.9586965 -1.69873e-5 0 -0.3907281 -0.9205062 -6.28341e-7 -0.3907318 -0.9205046 0.3089902 0.9510652 4.08851e-6 0.2844198 0.9586998 7.4394e-6 0.4811992 0.8766112 7.72253e-6 -0.3089736 0.9510707 -2.90796e-5 0.2844087 0.9587032 1.78963e-5 0.3089678 0.9510725 1.19321e-5 0.4808271 0.8768155 -8.30293e-5 0.00478059 -0.3828503 -0.9237981 0.002803266 -0.3823518 -0.9240126 -3.63997e-7 -0.3907316 -0.9205047 0.4809156 0.876767 2.12491e-5 0.00679177 -0.3864659 -0.9222788 0.004908978 -0.3829199 -0.9237685 -6.8162e-7 -0.390734 -0.9205037 0.8089891 0.5878238 -6.69807e-6 0.4812949 0.8765588 5.24335e-6 0.8550077 0.5186154 0 0.3090139 0.9510576 1.40965e-5 0.4812019 0.8766099 1.46329e-5 0.8089907 0.5878214 -2.83122e-7 -2.30602e-6 -0.3907303 -0.9205052 0.8090061 0.5878003 -1.54376e-5 0.8550035 0.5186223 -1.33514e-5 1 2.15098e-5 6.48946e-6 -5.62743e-6 -0.3907381 -0.920502 -2.36135e-6 -0.3907313 -0.9205048 1 1.22786e-5 2.38694e-5 1 1.22637e-5 2.48775e-5 0.8550036 -0.5186222 -2.14502e-5 0 -0.3907321 -0.9205046 0.8090001 0.5878086 1.87755e-5 1 1.91927e-5 -1.28421e-5 1 1.91927e-5 1.47612e-5 0 -0.3907313 -0.9205049 0.8144016 -0.5803018 7.59959e-7 0.8550109 -0.5186101 -4.19654e-6 0.4812051 -0.8766081 -5.1409e-6 0 -0.3907281 -0.9205061 1 1.16676e-5 -1.03563e-6 0.8550032 -0.5186228 -8.367e-6 1 1.16527e-5 1.88621e-5 0.8143549 -0.5803673 5.14835e-6 1 -6.04987e-6 -2.68221e-7 0.8550173 -0.5185997 3.66569e-6 0 -0.3907306 -0.9205051 0.4216046 -0.9067798 -1.50055e-5 0.4812163 -0.876602 1.43703e-6 0.28439 -0.9587088 -2.68966e-6 0 -0.3907318 -0.9205046 0.8143579 -0.5803629 -1.41561e-5 0.4812194 -0.8766003 -1.51321e-5 0.4216156 -0.9067747 4.54113e-6 0 -0.3907301 -0.9205054 1.03335e-4 -1 -5.4799e-6 0.2844228 -0.958699 -1.02092e-5 7.45058e-6 -1 -1.1663e-5 0.4215738 -0.9067942 -3.8147e-6 0.2844059 -0.958704 3.41237e-6 1.0624e-4 -1 -2.57418e-5 0.4808332 -0.8768122 1.2964e-5 7.01033e-4 -0.3928215 -0.9196146 0.001785457 -0.3931192 -0.9194858 0.8546941 -0.519132 -1.61231e-5 0.001803636 -0.3931107 -0.9194895 0.003884077 -0.3922981 -0.91983 0.8546732 -0.5191665 -1.96397e-5 0.4808007 -0.8768299 2.78428e-5 0.001834213 -0.3931267 -0.9194825 1 1.01328e-5 2.08616e-5 0.003920197 -0.3923246 -0.9198186 0.006077349 -0.3901202 -0.920744 1 -3.24547e-5 -1.77249e-5 0.8547117 -0.5191031 7.68527e-6 0.003900468 -0.3923149 -0.9198228 0.8546528 0.5192002 2.36034e-5 0.006115734 -0.3901313 -0.9207389 0.006818175 -0.3864708 -0.9222765 0.854712 0.5191027 1.98185e-5 1 -9.14615e-5 1.02967e-5 0.006112515 -0.3901016 -0.9207516 0.4810013 0.8767199 -1.49906e-5 0.8546866 0.5191444 1.87755e-5 0.006754755 -0.3864969 -0.922266 -0.4213945 -0.9068775 -2.04984e-5 -7.59647e-5 -1 7.46548e-6 -0.4684006 -0.8835162 2.10628e-5 1.01432e-4 -1 2.55823e-7 5.38677e-6 -1 9.91672e-6 -0.4213984 -0.9068756 -4.85405e-6 -0.4213959 -0.9068769 -4.68828e-6 -0.4684022 -0.8835154 2.96161e-6 -0.4812111 -0.8766049 1.49081e-5 -0.8142418 -0.580526 1.05277e-5 -0.4812172 -0.8766015 9.19402e-6 -0.8550022 -0.5186245 1.19805e-5 -0.4214514 -0.906851 3.63588e-6 -0.4812151 -0.8766026 1.47894e-6 -0.8142359 -0.5805342 4.90248e-6 -0.8141919 -0.580596 4.00841e-6 -0.8550211 -0.5185934 5.51715e-6 -1 -4.64381e-6 -1.0957e-5 -1 -1.26362e-5 -1.88535e-5 -1 -1.26399e-5 -2.11671e-5 -0.8550038 0.5186219 5.53578e-6 -0.814238 -0.5805314 8.06525e-6 -1 -1.74344e-5 3.60996e-6 -1 -1.74567e-5 1.04755e-5 -0.8089999 0.587809 3.29688e-6 -0.8550165 0.518601 -1.51992e-6 -0.481194 0.8766141 -8.31485e-6 -1 1.82092e-5 -2.64943e-5 -0.8550126 0.5186074 1.38804e-5 -0.8090023 0.5878056 -4.4778e-6 0.4816606 -0.8763579 -8.85385e-6 0.4809042 -0.8767732 -1.5907e-5 0.8547171 -0.5190942 -5.13345e-6 0.481724 -0.8763231 -3.05101e-6 9.55723e-6 -1 1.99378e-5 0.4807993 -0.8768308 -1.95659e-5 0.8550838 -0.5184901 8.11066e-7 0.8547106 -0.5191047 5.93066e-6 1 9.34303e-6 -2.74554e-5 0.8550911 -0.5184777 1.99303e-5 0.4816535 -0.8763619 1.41039e-5 0.854718 -0.5190927 -9.89565e-6 1 -9.71556e-6 -1.16423e-5 1 -9.83849e-6 -1.61231e-5 0.8546541 0.5191977 -1.04308e-6 1 1.81906e-5 -1.86265e-6 0.8550814 -0.518494 2.68966e-5 1 1.81794e-5 -1.3181e-5 0.4815238 0.876433 -1.6911e-5 0.8546441 0.5192145 1.17123e-5 0.4810192 0.8767101 6.44859e-6 0.8551393 0.5183985 2.08914e-5 1 -1.70693e-5 5.7891e-6 0.8546417 0.5192183 -4.7402e-6 0.4815407 0.8764237 1.29268e-5 0.8550729 0.518508 2.05664e-5 0.8546497 0.5192051 1.46981e-5 -1.39624e-5 -0.7192909 0.6947091 -1.09778e-5 -1 1.80602e-5 0.481584 -0.8764 -3.03686e-5 -0.1423034 0.05403059 0.9883474 -0.4815279 -0.8764308 -2.01575e-5 1.20095e-5 -1 -2.96431e-5 -1.31065e-5 -0.7193868 0.6946098 -0.1423503 0.05410844 0.9883363 3.35127e-5 -1 4.50388e-6 0.2021875 0.1950241 0.9597322 0.4816644 -0.8763558 7.86781e-6 0.8550778 -0.5185 9.05991e-6 -2.57343e-5 -0.7192978 0.6947019 0.4817118 -0.8763297 1.80006e-5 -2.563e-5 -0.002094507 0.9999979 0.1433972 0.0549705 0.9881374 9.43095e-5 -0.002111375 0.9999979 0.4816654 -0.8763553 -8.43406e-6 0.2022532 0.1950131 0.9597205 0.1434047 0.05500096 0.9881346 0.4816322 -0.8763735 -1.15335e-5 0.1439062 0.3321978 0.9321672 0.8550996 -0.518464 1.28262e-5 1 -7.43568e-6 7.7039e-6 0.1439238 0.3322472 0.9321469 0.2023162 0.1950316 0.9597035 0.8550992 -0.5184644 -1.25468e-5 6.13779e-5 0.3907193 0.9205099 1 -2.21655e-5 6.72042e-6 0.8551378 0.5184007 -2.98023e-7 -1.09077e-5 0.3906906 0.9205221 8.69557e-5 0.3906836 0.920525 1 2.7813e-5 -1.01626e-5 0.1438837 0.3322189 0.9321632 1 -7.55414e-5 -2.5956e-6 2.19166e-4 0.3908199 0.9204671 3.35053e-5 0.3906927 0.9205212 0.8551313 0.5184116 -7.22706e-6 0.4815066 0.8764426 -1.99154e-5 -1.055e-5 0.3907229 0.9205085 4.32134e-6 0.3907932 0.9204785 0.8551203 0.5184297 5.99027e-6 1.69963e-4 0.3907362 0.9205028 0.4815027 0.8764447 7.92742e-6 -4.23705e-5 1 -1.36793e-5 2.82526e-5 0.3907086 0.9205145 1.91629e-5 0.3907192 0.9205099 0.4815022 0.8764449 -1.80602e-5 3.79682e-5 0.3906798 0.9205268 1.52588e-5 0.3906973 0.9205192 0.4814953 0.8764487 -2.4423e-5 -3.08454e-6 0.3907334 0.9205039 2.65837e-5 0.3907191 0.9205099 0.4815049 0.8764435 -1.62423e-5 1.00732e-5 0.8343762 0.5511955 -7.20099e-6 1 -3.48389e-5 -0.4816142 0.8763834 1.15931e-5 -8.35955e-5 0.3907155 0.9205115 -4.02331e-7 1 -2.90112e-5 -9.51067e-6 0.8343988 0.5511614 9.98378e-7 0.3906497 0.9205395 3.18438e-5 0.3907781 0.920485 2.43112e-5 1 1.28746e-5 2.80142e-6 0.3907076 0.9205148 -0.4817202 0.8763251 2.60584e-5 -0.8550722 0.518509 -2.24859e-5 9.70066e-6 0.3907063 0.9205154 -1.70916e-5 0.8343508 0.5512338 -0.4816239 0.8763781 1.90735e-6 2.14577e-5 0.390756 0.9204943 -3.55989e-5 0.3907452 0.9204989 -0.4817038 0.8763341 3.20673e-5 2.75671e-6 0.3907261 0.9205071 0 0.3907764 0.9204857 -0.4816428 0.8763676 -2.14577e-5 3.92646e-5 0.3907156 0.9205115 -0.8550672 0.5185172 -7.33137e-6 -1 5.05894e-6 2.864e-5 3.03388e-5 0.3906915 0.9205218 1.30534e-5 0.3906762 0.9205282 -0.8550813 0.518494 -1.66446e-5 1.51098e-5 0.3907408 0.9205008 -1.76132e-5 0.3906986 0.9205187 -0.8550728 0.5185082 2.08616e-7 -1.35899e-5 0.3907507 0.9204966 -1.01328e-5 0.3907573 0.9204937 -0.8550859 0.5184865 -2.65241e-6 -7.68907e-5 0.3906875 0.9205234 -1 5.84125e-6 2.17855e-5 -0.8551371 -0.5184021 -1.89245e-5 2.85506e-5 0.39072 0.9205096 2.53022e-5 0.3907153 0.9205116 -1 -4.72367e-5 5.57303e-6 7.01696e-5 0.3906925 0.9205213 -5.54323e-5 0.3907512 0.9204964 -1 -1.67787e-5 8.10623e-6 -1.508e-5 0.3907299 0.9205054 -1.59144e-5 0.3907278 0.9205062 -1 -2.5495e-5 1.84476e-5 -8.7589e-5 0.3907579 0.9204936 8.13603e-6 0.3907036 0.9205167 -1 -2.30372e-5 -8.76188e-6 -0.2018573 0.1926249 0.9602861 -0.8551132 -0.5184415 1.12057e-5 -0.4815291 -0.8764301 1.22786e-5 -0.1445269 0.3315572 0.9322992 -1.02043e-4 0.3906711 0.9205304 -0.8551258 -0.5184206 1.40071e-5 -0.2019019 0.1925523 0.9602913 -0.1444809 0.3313695 0.9323731 -0.855113 -0.5184417 2.45869e-5 -0.1423222 0.0541014 0.9883407 -0.2018619 0.1925945 0.9602912 -0.4815305 -0.8764293 4.55976e-6 6.48201e-7 0.390685 0.9205245 1.74195e-5 0.8343502 0.5512348 -1.79298e-5 0.3906874 0.9205234 0 0.3907365 0.9205026 -5.31373e-7 0.3907244 0.9205077 5.94529e-7 0.3907331 0.920504 0 0.3907333 0.920504 -9.34103e-7 0.3907333 0.9205039 -4.04041e-6 0.3907361 0.9205029 -3.69907e-6 0.3907305 0.9205051 0 0.3907403 0.920501 0 0.3907511 0.9204964 0 0.3907278 0.9205064 0 0.390726 0.920507 0 0.3907114 0.9205133 0 0.3907345 0.9205034 0 0.3907273 0.9205066 1.21434e-5 0.3907315 0.9205047 4.01836e-5 0.3907051 0.9205159 -0.6936059 0.2856739 0.6612877 1.75625e-4 0.3907009 0.9205177 -0.1443896 0.3314981 0.9323416 -0.9143512 0.4049224 -3.25441e-5 2.76824e-6 0.3907385 0.9205018 -0.6935859 0.2857084 0.6612937 1.00881e-5 0.3907083 0.9205146 1.04606e-5 0.3907134 0.9205124 -0.9143087 0.4050183 -7.56979e-6 -0.9186803 -0.3950019 -1.21351e-6 -0.1444053 0.3314942 0.9323405 -0.2022701 0.1922755 0.9602692 -0.9999742 0.007196724 1.21221e-5 -0.6935915 0.2857306 0.6612782 -0.1444005 0.3315811 0.9323103 -0.9186954 -0.394967 -2.33352e-5 -0.9999746 0.007128357 -1.12593e-4 -0.1443901 0.3315882 0.9323095 -0.6911135 -0.7227462 -2.03769e-5 -0.2023611 0.1923035 0.9602444 -0.1418794 0.0559982 0.9882988 -0.6910836 -0.7227749 -1.36793e-5 -0.9186858 -0.3949892 1.26958e-5 -0.2022781 0.1922733 0.960268 0 -0.719393 0.6946034 1.49459e-5 -0.002085268 0.9999979 -0.1423019 0.0540778 0.988345 -0.3679369 -0.9298508 -9.48228e-5 -0.1418681 0.05599194 0.9883008 -7.57277e-5 2.03878e-4 1 -0.3678994 -0.9298657 -8.40426e-5 -0.6911495 -0.7227118 -2.25306e-5 -0.1418631 0.0559777 0.9883024 -5.85616e-6 -1 -1.10539e-4 1.47149e-6 3.01212e-4 1 0.1428689 0.05699259 0.9880993 1.15078e-4 -1 1.15037e-5 -0.367866 -0.9298789 -1.24216e-4 5.1111e-6 3.08277e-4 1 0 0.3907309 0.9205049 0.8401395 -0.5423706 -2.65092e-5 0.1435238 0.3325062 0.9321162 -3.00244e-4 0.3907037 0.9205165 0.7184378 0.2761026 0.6384469 0.8401169 -0.5424055 -6.73532e-6 -2.96897e-4 0.3907281 0.9205061 -2.3663e-5 0.3907142 0.920512 0.718429 0.2761163 0.638451 -1.88649e-5 0.3907113 0.9205134 0 0.390718 0.9205104 -1.02001e-5 0.3907248 0.9205076 -4.12723e-6 0.3907348 0.9205034 -4.39939e-6 0.3907287 0.9205059 0 0.3907259 0.9205072 1.36424e-6 0.3907324 0.9205043 -2.24875e-6 0.3907145 0.920512 1.19659e-6 0.3907319 0.9205046 0.451685 -0.8921775 9.66713e-6 0.1428308 0.0570231 0.9881032 0.202404 0.1951769 0.9596555 0.4517263 -0.8921567 2.04891e-5 8.14795e-5 -1 -9.62168e-5 0.1427977 0.057006 0.9881089 0.8400987 -0.5424337 -1.81794e-6 0.2022972 0.1952241 0.9596683 0.1434897 0.3324149 0.9321541 0.8400947 -0.5424398 3.26447e-5 0.451685 -0.8921776 3.64063e-5 0.2022948 0.1951924 0.9596753 -0.9143095 0.4050164 -5.28991e-6 -0.6935204 0.2857314 0.6613525 -0.9999743 0.007175803 -1.05828e-4 -1 -5.03659e-6 -1.75221e-5 -0.9999742 0.007185637 2.0802e-5 -0.9186805 -0.3950015 -2.96533e-6 -0.8660293 0.4999935 2.79769e-6 -0.9143463 0.4049331 5.66244e-7 -0.9999741 0.007212698 1.28374e-5 -1 2.07503e-5 -2.93832e-7 -0.8660122 0.5000228 1.4089e-5 -0.9999741 0.007211863 -1.47857e-5 -0.8660079 -0.5000304 -6.61984e-6 -0.918685 -0.3949908 -1.33961e-5 -0.6910793 -0.722779 -1.41934e-5 -0.86601 -0.5000268 -1.6652e-6 -1 -1.90437e-5 -3.78489e-6 -0.9186843 -0.3949928 3.42727e-7 -0.5007895 -0.8655691 -5.24e-6 -0.6910907 -0.7227681 3.05474e-7 -0.3672886 -0.9301071 -6.14673e-6 -0.5006964 -0.865623 8.14348e-6 -0.8660129 -0.5000216 -1.46627e-5 -0.6910796 -0.7227787 -1.69389e-5 -0.5007804 -0.8655744 6.3777e-6 -0.3673751 -0.9300729 8.37445e-6 1.58837e-5 -1 6.97374e-6 -6.21378e-6 -1 6.68336e-6 -6.21914e-6 -1 2.15024e-5 0.451801 -0.8921188 -1.53482e-5 -0.5007928 -0.8655672 -1.84923e-5 -2.0802e-5 -1 -9.43656e-6 -2.0802e-5 -1 -1.23836e-5 0.5000041 -0.8660231 9.3244e-6 0.4518012 -0.8921186 1.29696e-5 0.8401105 -0.5424153 3.8594e-6 0.2501041 -0.9682191 -1.87606e-5 1.85519e-6 -1 -6.17281e-6 0.4518086 -0.892115 2.25306e-5 0.4999928 -0.8660296 8.56258e-6 0.2500965 -0.9682209 -2.16812e-6 0.451793 -0.8921229 -1.2964e-6 0.718486 0.2761884 0.6383557 0.9999741 0.0072124 -9.00626e-5 0.8401333 -0.54238 7.7486e-7 0.8660252 -0.5000004 -9.20705e-6 0.8401083 -0.5424188 -1.45137e-5 0.9999741 0.007202863 -1.13249e-5 0.8660236 -0.5000032 5.51343e-6 0.5000038 -0.8660233 1.11759e-6 0.840184 -0.5423015 -9.76399e-6 1.50502e-5 0.3907986 0.9204761 0.9999741 0.007193982 -1.28068e-4 0.7184485 0.2761756 0.6384034 -6.73831e-5 0.3906878 0.9205234 0.9143263 0.4049783 -3.01004e-6 0.9999747 0.007128715 -1.06439e-4 1 9.04501e-6 -1.65193e-6 0.9999741 0.007200181 -9.02265e-6 0.9143459 0.4049343 6.20633e-6 1 -2.21067e-5 9.82359e-6 0.8660123 -0.5000228 -1.05202e-5 0.999974 0.007217049 1.00699e-6 6.31809e-6 0.3907032 0.9205167 0.6858201 0.7277712 7.86781e-6 0.9143553 0.4049129 -5.75185e-6 0.8660276 0.4999961 5.69969e-7 0.9143439 0.4049385 -2.28733e-6 0.6857816 0.7278075 -9.32068e-6 0.8660105 0.5000259 -1.10585e-5 1 1.69724e-5 1.67415e-5 0.9143165 0.4050004 1.25133e-5 -1.05798e-6 0.3907045 0.9205162 0.3640887 0.9313643 -1.33216e-5 0.6858279 0.7277638 2.68221e-6 0.4999929 0.8660295 5.82635e-6 0.6858425 0.7277501 -2.86475e-6 0.3640848 0.9313659 -5.44824e-6 2.31564e-5 0.3906874 0.9205234 2.0802e-5 0.3906913 0.9205217 0.6858164 0.7277746 -1.95596e-5 -2.33352e-5 0.3907349 0.9205033 7.0706e-6 0.3907658 0.9204902 0.6857998 0.7277903 -1.48118e-5 0.5000224 0.8660126 1.85892e-5 0.8660122 0.500023 1.38059e-5 0.6858003 0.7277898 1.28029e-5 1.03842e-5 0.3906978 0.920519 -9.05991e-6 1 -8.03173e-5 0.3640542 0.9313778 1.68681e-5 0.2500851 0.9682239 2.48244e-6 0.3641039 0.9313584 3.15427e-6 -1.35601e-5 1 4.48525e-6 -1.00583e-5 0.3906788 0.9205271 -4.70579e-5 0.3906959 0.9205198 0.3640007 0.9313986 1.71391e-5 0.2500863 0.9682236 7.04452e-6 0.5000008 0.866025 5.34765e-6 0.3640906 0.9313637 3.42145e-7 1.15633e-5 0.390719 0.9205101 -0.3640905 0.9313636 -1.13249e-5 -2.2158e-5 1 -1.16926e-4 1.72555e-5 1 1.79636e-5 1.73036e-5 1 5.84871e-7 -0.36409 0.9313638 -1.40183e-5 -1.31093e-5 0.3907122 0.9205129 1.16229e-6 0.390711 0.9205134 9.045e-6 1 -1.13457e-4 2.10851e-5 1 -6.02057e-6 0.250116 0.9682159 -3.41982e-6 2.10851e-5 1 9.76947e-6 1.09822e-5 0.3907082 0.9205147 -0.6858299 0.727762 1.07884e-5 -0.3639971 0.9314001 -2.46465e-5 -0.500766 0.8655828 5.25499e-6 -0.3640971 0.9313611 1.25095e-5 -0.6858118 0.727779 -8.73581e-6 -2.98545e-5 0.3907359 0.9205029 -4.2066e-5 0.3907332 0.920504 -0.364054 0.9313779 -1.65254e-5 -0.5007674 0.8655819 1.73915e-5 -2.563e-6 1 1.70693e-5 -0.3641067 0.9313573 1.25729e-7 -6.58631e-6 0.3907189 0.9205101 -0.9143131 0.4050084 2.23517e-5 -0.6858321 0.7277599 -4.32134e-6 -0.8660283 0.4999952 -2.41213e-6 -0.6857818 0.7278072 -1.22786e-5 -0.9143443 0.4049381 -1.87941e-6 -7.86781e-6 0.3906922 0.9205215 -6.82473e-6 0.3907011 0.9205177 -0.6858092 0.7277814 4.66779e-6 5.57303e-6 0.3907749 0.9204863 -3.59043e-5 0.3906881 0.9205231 -0.6858024 0.7277878 -1.07884e-5 -0.8660225 0.5000053 -2.4803e-5 -0.5007705 0.8655802 1.58735e-5 -0.6857847 0.7278046 -1.90204e-5 -1.60038e-5 0.3907265 0.9205068 -2.55406e-5 0.390681 0.9205262 -0.9143083 0.4050189 -2.35438e-5 -1.14739e-5 0.3907721 0.9204876 2.41846e-5 0.3907325 0.9205043 -0.9143115 0.4050118 2.34917e-5 0 0 1 -3.6837e-7 0 1 6.10268e-6 0 1 -6.2607e-6 0 1 6.10262e-6 0 1 -4.30426e-6 0 1 -7.49612e-7 0 1 3.04689e-6 0 1 2.44556e-5 0 1 -1.18512e-6 0 1 7.21693e-6 0 1 -2.41496e-6 0 1 -1.58018e-6 0 1 6.95884e-6 -3.29316e-6 1 -0.5007613 -0.8655855 1.66595e-5 -3.35872e-5 -1 9.22382e-6 3.04689e-6 0 -1 -5.46873e-6 -0.7070848 0.7071289 6.92308e-5 -6.16163e-5 1 4.05014e-5 -1 4.45619e-5 0.2501394 -0.9682099 -1.2815e-6 2.22772e-6 -0.7070938 0.7071199 1.63279e-5 -1 -2.14279e-5 0 0 -1 -0.8523998 -0.4922087 0.1764799 -0.8660199 -0.5000097 6.28829e-6 -0.5007774 -0.8655762 -1.68309e-5 -0.7895686 -0.5877432 0.1764633 -0.8524376 -0.4921323 0.1765102 -0.5007865 -0.8655709 -2.52724e-5 -0.7572721 -0.6070944 0.2407807 -0.7895134 -0.5878087 0.1764926 -0.500779 -0.8655753 -1.84476e-5 -0.7016476 -0.5814853 0.4117835 -0.7573387 -0.6069957 0.2408207 -0.5007867 -0.8655708 2.9251e-5 -0.5092728 -0.4216863 0.7502146 -0.7015936 -0.5815196 0.411827 -0.5007385 -0.8655986 1.7494e-5 -0.2265875 -0.1873899 0.9557945 -0.509272 -0.4218068 0.7501474 -0.5008408 -0.8655395 6.91414e-6 -0.1131987 -0.09267765 0.9892407 -0.2266359 -0.1874167 0.9557778 -0.5007804 -0.8655745 -2.29515e-5 2.04742e-5 -1.46478e-5 1 -0.1132853 -0.09271401 0.9892272 -0.5006968 -0.8656228 1.46925e-5 -2.37226e-5 2.88785e-5 1 -4.8846e-5 4.95538e-5 1 -0.5007845 -0.865572 4.11505e-6 -1.18513e-6 0 -1 -0.9037928 -0.3898766 0.1765076 -1 -5.90458e-6 -2.00868e-5 -0.8660203 -0.500009 2.77162e-5 -1.22054e-5 0 -1 -0.8524369 -0.4921303 0.1765195 -0.9037855 -0.3899034 0.1764859 -0.8660148 -0.5000185 -2.23413e-5 5.21913e-6 -1.24201e-5 1 -0.8660323 0.4999881 5.51343e-6 -1 1.53482e-5 5.69224e-6 -9.29832e-6 3.27826e-6 1 -1.03116e-5 8.34465e-7 1 -1 5.95078e-5 2.50144e-5 -0.8544294 -0.3169177 0.4117202 -1.64676e-5 2.84016e-5 1 -1 -2.24113e-5 1.30832e-5 -0.904392 -0.3524126 0.2405835 -0.8544399 -0.3169187 0.4116977 -1 -2.8573e-6 -2.0355e-5 -0.9037923 -0.3898737 0.1765167 -0.904444 -0.352332 0.2405064 -1 -9.55071e-6 -3.78489e-6 9.07481e-6 3.54126e-5 1 -0.5007179 0.8656106 1.49012e-7 -0.8660417 0.4999718 -7.07805e-6 -2.53916e-5 -2.47359e-6 1 2.7325e-5 5.43892e-5 1 -0.8660505 0.4999566 -4.06988e-6 -8.99737e-6 0 -1 -1.51098e-5 0.9960682 0.08859038 -1.41879e-5 1 -1.20141e-5 -0.5007983 0.8655641 -1.55084e-5 3.04689e-6 0 -1 -8.70228e-6 0.9842987 0.1765108 -9.93401e-7 0.9960684 0.08858841 -0.5007791 0.8655751 4.73857e-6 -0.05715751 0.982636 0.1765211 3.94583e-5 0.9842975 0.1765176 -0.5007505 0.8655917 -1.3113e-6 -0.1142931 0.9776421 0.1765021 -0.05716496 0.9826399 0.1764968 -0.5007016 0.86562 9.26852e-6 -0.1471104 0.9593711 0.2407605 -0.1143105 0.9776434 0.1764837 -0.5007989 0.8655637 -9.90927e-6 -0.1528112 0.8983751 0.4117902 -0.1470746 0.9593682 0.2407945 -0.5007643 0.8655837 -3.68059e-6 -0.1105997 0.6519036 0.7501929 -0.1527149 0.8983846 0.411805 -0.5007414 0.8655969 1.44541e-5 -0.0490235 0.2899624 0.9557816 -0.1105979 0.6518866 0.750208 -0.5007417 0.8655969 1.70767e-5 -0.02360022 0.1443852 0.9892401 -0.04900026 0.2899231 0.9557948 -0.5007712 0.8655797 2.81446e-5 -1.51098e-5 3.14713e-5 1 -0.02356219 0.1443817 0.9892416 -0.5007549 0.8655892 3.8445e-6 4.55826e-5 2.84314e-5 1 2.87592e-6 1.20699e-5 1 -0.5008015 0.8655623 6.8238e-6 0.05720949 0.9826327 0.1765224 6.03497e-6 1 3.31942e-6 1.02259e-5 0.9960673 0.08860009 0.1142888 0.9776385 0.1765249 0.2501136 0.9682165 9.84967e-6 -2.13757e-5 1 1.45584e-5 0.05719876 0.9826359 0.1765075 0.114295 0.977649 0.176463 1.07009e-5 1 -4.85405e-6 0.05721396 0.9826335 0.1765167 6.64778e-6 0.9960677 0.08859711 -1.95438e-6 0.9843013 0.1764964 -0.07360541 0.6292839 0.7736822 2.72235e-5 0.9843047 0.176478 -0.05718851 0.9826426 0.1764737 1.94013e-5 0.641709 0.7669482 0.05722981 0.9826328 0.1765154 1.72742e-5 0.9842979 0.1765152 -0.07347911 0.6292752 0.7737013 1.1608e-5 0.6417072 0.7669498 2.08467e-5 0.9843009 0.1764992 -0.07349145 0.6292832 0.7736935 -0.05717587 0.9826369 0.1765101 -0.1142942 0.9776412 0.1765073 -0.07361578 0.6291964 0.7737523 -0.1142979 0.9776469 0.176473 -0.147096 0.9593863 0.2407092 0.763571 0.1347078 0.6315166 -0.1470806 0.959375 0.2407634 -0.1528052 0.8983871 0.4117658 0.7635995 0.1346101 0.6315029 -1.45137e-5 1.99676e-6 1 -0.1470943 0.9593718 0.2407681 -0.0736221 0.6291745 0.7737697 -0.1471191 0.9593576 0.240809 1.87829e-5 1.74362e-5 1 -0.02399146 0.2943905 0.9553841 -0.1533076 0.898307 0.4117541 -0.1106922 0.6519435 0.7501446 -0.07649445 0.9087734 0.4102191 0.7635664 0.1346451 0.6315355 -0.1528127 0.8984201 0.4116912 4.88997e-4 0.2983164 0.9544669 -0.07701885 0.9086937 0.4102974 -0.1532164 0.8983345 0.4117281 -0.02399849 0.2942919 0.9554143 4.99867e-4 0.2982639 0.9544833 -0.1532676 0.8983169 0.4117473 -0.02398228 0.2942671 0.9554224 -0.1107981 0.6519237 0.7501463 -0.04850572 0.2900449 0.9557831 2.36928e-5 -2.65092e-5 1 -0.0489946 0.289964 0.9557827 -0.02380424 0.1446009 0.9892037 0.5549898 0.4206078 0.7176877 -0.04900979 0.2898939 0.9558032 -1.97124e-5 2.16383e-5 1 -0.02471137 0.2942077 0.9554221 -0.04931354 0.2899716 0.9557639 0.5546887 0.4205555 0.717951 4.29877e-7 0 1 -2.78479e-6 0 1 0.5551242 0.4205832 0.717598 -3.12775e-5 2.32458e-6 1 -1.27256e-5 -7.21216e-6 1 -1.56332e-6 0 1 -2.04109e-6 0 1 -0.1365095 -0.05160683 0.9892936 7.78586e-6 6.17001e-6 1 9.08226e-6 -1.59931e-6 1 -0.2755832 -0.1024792 0.9557991 -0.1365107 -0.05159562 0.9892941 -1.10567e-5 -1.43703e-5 1 -0.6198179 -0.2302019 0.7502219 -0.2755829 -0.1024878 0.9557983 -7.48038e-6 1.39922e-5 1 -0.854414 -0.3169404 0.4117348 -0.6198901 -0.2301867 0.750167 -1.71959e-5 -3.01003e-6 1 -0.27557 -0.1024756 0.9558033 8.79913e-6 -1.4931e-5 1 -0.1363973 -0.0514841 0.9893155 0.04027611 -0.7271625 0.6852829 1.36644e-5 1.03414e-5 1 -0.2755988 -0.1025099 0.9557913 -0.8660118 -0.5000236 1.67601e-5 4.52697e-5 -3.90112e-5 1 5.28395e-5 -4.81755e-5 1 -0.8659957 -0.5000516 2.48998e-5 -2.96459e-5 1.12457e-6 1 -0.08940297 -0.7120301 0.6964341 0.04026216 -0.7271748 0.6852706 -0.08936953 -0.7121973 0.6962673 -3.14862e-5 1.02818e-5 1 0.0407136 -0.727608 0.6847839 -0.2756306 -0.1030111 0.9557283 -0.6199936 -0.2300962 0.7501091 0.04072386 -0.7275964 0.6847956 -0.6199584 -0.229988 0.7501714 -0.8546365 -0.3163918 0.411695 -0.3739814 -0.8793693 0.2946993 -0.8543886 -0.3169031 0.4118162 -0.9044714 -0.3523014 0.2404484 -0.3742763 -0.8792103 0.2947989 0.04068154 -0.7276301 0.6847623 -0.8545988 -0.3164666 0.4117159 0.2658797 -0.7301838 0.6293962 -0.9044063 -0.3524435 0.2404851 -0.9038193 -0.3898224 0.1764914 -0.3740026 -0.8793643 0.2946873 -0.9044235 -0.352322 0.2405982 0.3420146 -0.9396947 -1.70544e-5 0.2658826 -0.7301993 0.6293771 0.3420563 -0.9396795 8.59797e-5 -0.9044688 -0.3522692 0.2405049 -0.5082215 -0.3782939 0.7736956 -0.9038274 -0.3898078 0.176482 -0.8523839 -0.4922342 0.1764856 -0.596688 -0.2573067 0.7601031 0.2658398 -0.7302346 0.6293541 -0.9038128 -0.3898578 0.1764463 -0.5082058 -0.3783077 0.7736992 -0.5965802 -0.2573146 0.7601851 -0.9037893 -0.3898978 0.1764785 -0.5081792 -0.3782995 0.7737205 -0.8523957 -0.4922093 0.176498 -0.7894983 -0.5878236 0.1765104 -0.5080751 -0.3782941 0.7737915 -0.7895225 -0.58779 0.1765145 -0.7573056 -0.6070821 0.2407066 -0.4984495 0.5939158 0.6315159 -0.7573016 -0.6070657 0.2407603 -0.7016234 -0.5815286 0.4117634 -0.5080997 -0.3783087 0.7737682 -0.7572721 -0.6070887 0.240795 -3.6478e-5 1.78814e-7 1 -0.4983931 0.5939291 0.6315478 1.94013e-5 -1.63913e-6 1 -0.7572948 -0.6070445 0.2408351 -0.6185016 0.4191893 0.6646324 -0.7013298 -0.5819112 0.411723 -0.5092136 -0.4219001 0.7501345 -0.4984847 0.5939172 0.6314867 -0.7016699 -0.5814652 0.4117738 -0.9473134 0.144405 0.2859099 -0.6184899 0.4192095 0.6646305 -0.9473178 0.1438012 0.2861999 -0.7014054 -0.5818793 0.4116395 -0.6185185 0.4191861 0.6646186 -0.5092233 -0.4219319 0.7501101 -0.2270241 -0.1870999 0.9557478 -1.10865e-5 4.3273e-5 1 -0.2266356 -0.1874064 0.9557799 -0.1133095 -0.09285974 0.9892109 -0.6416598 0.2702777 0.7177902 -0.226598 -0.1874158 0.955787 -4.8615e-6 -2.9033e-5 1 -0.6184759 0.418869 0.6648581 -0.2266246 -0.1873941 0.955785 -0.6417287 0.2703314 0.7177084 -0.6418073 0.2703986 0.7176128 1.77324e-5 -2.53562e-5 1 1.72555e-5 -6.52671e-6 1 4.21171e-6 0 1 -1.34334e-5 -0.7071099 0.7071036 -1.93715e-6 1.78814e-6 1 -2.26349e-5 6.61612e-6 1 7.80144e-7 0 1 0.250058 -0.968231 1.61193e-5 0 3.81023e-5 1 -6.67572e-6 -0.7071263 0.7070872 1.78814e-6 1.35899e-5 1 2.86996e-5 1.96397e-5 1 0.2500592 -0.9682306 -1.63093e-5 -2.33735e-7 0 1 3.86871e-5 -2.35513e-5 1 0.5000512 0.865996 1.07884e-5 0.2500432 0.9682347 9.47714e-6 0.1528278 0.8984162 0.4116944 -3.76105e-5 5.90906e-5 1 0.2501031 0.9682192 -9.81986e-6 0.1469934 0.9594296 0.2405986 0.1527102 0.8983935 0.4117872 0.2501146 0.9682163 6.02007e-6 0.1143203 0.9776378 0.1765087 0.1470069 0.9594268 0.240602 0.2501071 0.9682182 1.4849e-5 -1.33663e-5 2.34693e-6 1 0.8660182 0.5000125 5.63264e-6 0.5000128 0.8660181 5.00679e-6 7.98702e-6 5.93066e-6 1 5.96046e-6 7.38353e-6 1 0.5000393 0.8660028 -1.98307e-5 -1.49922e-6 0 -1 2.79951e-5 -2.63005e-5 1 1 6.49691e-6 -1.58548e-5 0.8659979 0.5000477 1.05798e-6 1.22054e-5 0 -1 1.0848e-5 2.34395e-5 1 3.38554e-5 -5.07236e-5 1 0.8660001 0.5000437 -4.57279e-6 2.73907e-6 0 -1 0.8524057 -0.4922001 0.176476 0.86602 -0.5000095 1.32695e-5 1 4.50155e-6 -1.36718e-6 0.9038109 -0.3898445 0.1764857 0.8524585 -0.4921039 0.1764896 1 4.04268e-5 -5.48363e-6 0.9043731 -0.3523043 0.2408134 0.903777 -0.3899219 0.1764887 1 -1.5106e-5 7.89761e-7 0.8543866 -0.3169076 0.4118169 0.9043982 -0.3523092 0.240712 1 -2.99215e-5 7.7486e-7 0.6198971 -0.2300991 0.750188 0.8544057 -0.3168838 0.411796 1 -5.75483e-5 2.01464e-5 0.275598 -0.1024808 0.9557947 0.6198696 -0.2301745 0.7501876 1 4.63128e-5 2.88188e-5 0.1369068 -0.05170923 0.9892334 0.2756151 -0.1025186 0.9557858 1 6.24359e-5 3.26261e-5 1.17668e-5 -2.17855e-5 1 0.136913 -0.05170255 0.9892329 1 9.50694e-6 -2.18451e-5 -1.18613e-5 2.51085e-6 1 -1.99825e-5 -5.00977e-5 1 1 3.46899e-5 -1.0923e-5 0.7894988 -0.5878199 0.1765204 0.5000023 -0.8660241 -2.04444e-5 0.8660172 -0.5000145 -1.60038e-5 0.8524392 -0.4921351 0.176495 0.789514 -0.5878072 0.1764946 0.8660166 -0.5000154 8.84829e-6 1.25181e-5 0 -1 3.13035e-6 0 -1 3.54946e-5 9.15863e-6 1 0.250105 -0.9682188 -3.39747e-6 0.5000479 -0.8659979 7.1465e-6 0.7016558 -0.5814703 0.4117907 -1.66446e-5 -2.01613e-5 1 0.5000224 -0.8660126 2.12193e-5 0.7573586 -0.6070621 0.2405904 0.7016209 -0.5815063 0.4117991 0.4999961 -0.8660276 -1.97589e-5 0.7895128 -0.5877934 0.176546 0.7573677 -0.6070512 0.2405888 0.5000287 -0.8660088 -1.17421e-5 -1.49921e-6 0 -1 0.1130041 -0.0925008 0.9892795 -1.0442e-5 5.24148e-6 1 -2.13087e-6 1.16266e-5 1 0.2266141 -0.1873945 0.9557873 0.1129002 -0.0925076 0.9892907 -2.09361e-5 1.43498e-5 1 0.5092112 -0.4217194 0.7502378 0.2265961 -0.1873755 0.9557953 3.18773e-5 2.29478e-6 1 0.701705 -0.5815002 0.4116644 0.5093098 -0.4216808 0.7501926 2.02209e-5 1.69575e-5 1 0.2265837 -0.1874186 0.9557899 -5.12302e-5 2.30968e-5 1 0.1127801 -0.09232407 0.9893215 0.6095733 0.3984971 0.6852887 -4.67896e-6 2.68221e-6 1 0.2266067 -0.1873858 0.9557908 8.66086e-6 0 1 0.8660266 -0.4999979 -2.87332e-5 1.44541e-5 5.59799e-5 1 1.48118e-5 6.72936e-5 1 2.10834e-6 0 1 3.47758e-6 0 1 -3.97437e-6 0 1 0.8659521 -0.500127 -1.31875e-5 2.40095e-5 -9.02265e-6 1 0.6613408 0.2786029 0.6964257 0.6095614 0.3985126 0.6852902 0.6614835 0.2785952 0.6962932 0 -2.91467e-5 1 0.8680971 -0.3073959 0.3897631 0.2270375 -0.1870986 0.9557448 0.5091911 -0.4219161 0.7501409 0.9449444 -3.48985e-4 0.3272308 0.6097187 0.3991124 0.6848011 0.2270042 -0.1870667 0.9557589 0.8680767 -0.3073929 0.3898109 0.944961 -3.94702e-4 0.3271827 0.2269587 -0.1870378 0.9557755 0.8680729 -0.3073984 0.3898149 0.5092166 -0.421927 0.7501174 0.7013854 -0.5818876 0.4116618 0.8682115 -0.3071346 0.3897141 0.7016658 -0.5814722 0.4117709 0.7573138 -0.6071512 0.2405064 0.4993941 0.595394 0.629374 0.7573609 -0.6070988 0.2404905 0.7895081 -0.5878151 0.1764951 0.8867941 0.4240807 0.1837167 0.7573421 -0.6070929 0.2405641 0.6428066 0.7660285 -1.79857e-5 0.4994255 0.5953458 0.6293947 0.6427245 0.7660974 2.17855e-5 0.7572941 -0.6071376 0.2406026 0.9450263 9.51141e-5 0.3269944 0.757373 -0.6070716 0.2405207 0.8867897 0.4240919 0.1837119 0.8682255 -0.307099 0.389711 0.7572891 -0.6071216 0.2406586 0.9450204 1.32444e-4 0.3270115 0.5817366 -0.2508852 0.7737178 0.7894974 -0.587831 0.1764899 0.8524466 -0.4921247 0.1764881 0.5211733 -0.3881093 0.7600983 0.4994816 0.5953261 0.6293688 0.7895358 -0.5877947 0.1764391 0.581705 -0.2509323 0.7737264 0.521196 -0.3879565 0.7601609 0.7894983 -0.5878254 0.1765044 0.5817276 -0.2509077 0.7737173 0.8523925 -0.492208 0.1765172 0.9037967 -0.3898675 0.1765075 0.5816733 -0.2508829 0.7737662 0.9038165 -0.3898358 0.1764764 0.9044018 -0.3523007 0.2407104 -0.2651054 -0.7285992 0.6315555 0.9044041 -0.3523001 0.2407035 0.8544167 -0.3169092 0.4117531 0.5817193 -0.2509151 0.773721 0.9043857 -0.3522703 0.2408159 -4.35859e-7 -2.36407e-5 1 -0.2651523 -0.7285898 0.6315467 1.41561e-6 1.01328e-5 1 0.9043824 -0.3523058 0.2407764 -0.05375337 -0.7452259 0.664642 0.8546409 -0.3164326 0.4116545 0.6200389 -0.2299897 0.7501043 -0.2651872 -0.7286254 0.6314909 0.8544098 -0.316905 0.411771 0.3485579 -0.8926183 0.2859022 -0.05380672 -0.7452051 0.6646611 0.3490722 -0.8923105 0.2862351 0.8546141 -0.3164021 0.4117336 -0.05379766 -0.7452334 0.6646299 0.6199995 -0.2300118 0.7501301 0.275533 -0.1029778 0.95576 3.5204e-5 1.19507e-5 1 0.2756156 -0.1025106 0.9557865 0.137086 -0.05160319 0.9892142 0.08669286 -0.690867 0.7177655 0.2755957 -0.1024938 0.9557939 2.34023e-5 -4.59794e-6 1 -0.05351114 -0.745064 0.664843 0.2756283 -0.1025012 0.9557837 0.08679574 -0.690897 0.7177241 0.08673071 -0.6910192 0.7176144 1.13249e-5 2.97725e-5 1 -4.61936e-6 1.98483e-5 1 0.0235958 0.1440214 0.9892933 1.00769e-6 -1.3195e-5 1 -6.34789e-6 -1.04271e-5 1 -1.07184e-6 0 1 0.049003 0.2898935 0.9558036 0.02359956 0.1440021 0.989296 -2.43783e-5 -1.30683e-5 1 0.1105872 0.6518936 0.7502034 0.04899835 0.2898753 0.9558094 1.64211e-5 -3.60608e-6 1 0.1528065 0.8984211 0.4116914 0.1106119 0.6518855 0.7502068 2.23517e-6 1.169e-5 1 0.04896992 0.2899984 0.9557735 -8.9407e-6 1.55419e-5 1 0.02349108 0.1439219 0.9893103 0.02468383 0.2941108 0.9554526 2.70579e-4 2.38456e-5 1 0.04926633 0.2899267 0.9557801 1.28964e-6 0 1 -3.14415e-5 1 9.96143e-6 -4.83543e-5 -1.15931e-5 1 -8.82149e-5 2.31266e-5 1 -0.4449472 0.8955569 2.47555e-5 1.32471e-5 4.37498e-5 1 -0.5719124 0.4334926 0.6964198 -0.6692014 0.3264965 0.66751 -0.5720015 0.4335098 0.6963358 -8.49366e-6 1.58232e-5 1 -0.4450114 0.895525 -1.38283e-5 -4.67151e-6 1 1.23978e-5 -6.68764e-5 -1.33216e-5 1 -9.36873e-5 0.298186 0.9545079 -0.669202 0.326515 0.6675003 -2.20537e-6 -2.18824e-5 1 0.02439892 0.2941897 0.9554356 -8.49776e-5 0.298187 0.9545075 -6.25849e-7 -2.22959e-6 1 0.02437591 0.2942958 0.9554035 0.04888385 0.2900615 0.9557587 0.1110675 0.6519199 0.7501098 0.02397489 0.2943477 0.9553977 0.1107279 0.6519296 0.7501515 0.1533009 0.8983401 0.4116842 0.07642495 0.9087241 0.4103409 0.152619 0.8984023 0.4118019 0.1470348 0.9594361 0.2405473 0.07690137 0.9086983 0.4103091 0.02385812 0.2942958 0.9554166 0.1531728 0.8983401 0.411732 -0.7653 0.1348291 0.6293942 0.1470826 0.9594435 0.2404892 0.1143098 0.9776419 0.1764926 -0.6385835 0.7204844 0.2703949 0.1470935 0.9594234 0.2405624 -0.9848129 0.1736192 2.21878e-5 -0.7653194 0.1348254 0.6293714 -0.9848254 0.1735481 -6.91414e-6 0.1471116 0.9593968 0.2406578 -1.16527e-5 0.9136409 0.4065223 0.1470999 0.9594227 0.2405616 -0.6385724 0.7205045 0.2703675 0.07657223 0.9086915 0.4103859 0.1471883 0.959429 0.2404822 8.93408e-5 0.913653 0.4064951 -2.21133e-5 0.6417091 0.7669482 0.1143224 0.9776371 0.1765112 0.05717408 0.9826366 0.1765118 0.07551771 0.6454007 0.760102 -0.7653164 0.1348956 0.62936 0.1143252 0.9776471 0.176454 -1.07922e-5 0.6417126 0.7669453 0.07549661 0.6453973 0.7601071 0.1142799 0.9776412 0.1765164 0.7970057 0.6039718 -1.99769e-5 0.5551334 0.4205907 0.7175865 -1.11222e-4 9.90182e-6 1 0.4450184 0.8955215 9.47714e-6 0.7969834 0.6040013 -7.15256e-6 -7.06017e-5 2.52426e-5 1 -1.4022e-5 1 -6.28829e-6 0.4449124 0.8955742 2.23219e-5 6.06999e-5 -3.12794e-5 1 0.124481 -0.992222 3.39653e-5 0.08671003 -0.6910135 0.7176224 9.87798e-5 1.70469e-5 1 0.8660092 -0.500028 -1.57058e-5 0.1245921 -0.9922081 -4.94719e-6 -1.17868e-5 1.0103e-5 1 -0.9215847 0.3881774 -1.00825e-5 -0.6418243 0.2703392 0.71762 1.0699e-5 -9.85265e-5 1 -0.8659971 -0.5000492 1.99378e-5 -0.9215728 0.3882056 -1.27554e-5 4.16487e-6 5.61774e-6 1 7.45058e-7 -0.500014 0.8660174 1.13435e-6 -0.5000144 0.8660172 0.2674117 -0.2670977 0.9258239 0 -0.4999983 0.8660265 0 -0.5000003 0.8660253 0.267499 -0.2671028 0.9257972 0.2675091 -0.2671121 0.9257916 0.5000315 1.19805e-5 0.8660073 1.51247e-6 -0.5000129 0.866018 0.2674127 -0.2670966 0.9258239 0.2674128 -0.2670963 0.9258239 0.4999997 0 0.8660256 0.2674155 -0.2670925 0.9258244 0.5000176 2.06679e-5 0.8660153 0.5000235 1.47875e-5 0.866012 0.5000001 0 0.8660255 0.5000025 0 0.8660241 0.500017 0 0.8660156 0.5000171 5.10365e-7 0.8660157 0.2671012 0.2674114 0.925823 0.5000009 1.20963e-7 0.8660249 0.2670978 0.2674218 0.9258209 0.2670918 0.2674159 0.9258243 -1.10865e-5 0.5000281 0.8660091 0.2670993 0.2674154 0.9258223 0.5000087 -2.18302e-6 0.8660205 0.2670921 0.2674089 0.9258264 -3.1982e-7 0.5000028 0.8660238 0.2670897 0.2674168 0.9258248 -2.3827e-5 0.5000187 0.8660147 -1.74139e-5 0.5000246 0.8660113 0 0.4999982 0.8660265 0 0.5000005 0.8660252 -7.15256e-7 0.500014 0.8660175 -1.13249e-6 0.5000144 0.8660172 -0.2674117 0.2670977 0.9258239 -9.6771e-7 0.5000004 0.8660252 -0.267498 0.267104 0.9257971 -0.267508 0.2671132 0.9257916 -0.5000308 -1.07139e-5 0.8660077 -1.49757e-6 0.5000129 0.866018 -0.2674126 0.2670966 0.9258239 -0.2674128 0.2670964 0.9258239 -0.4999998 0 0.8660255 -0.267415 0.2670915 0.9258248 -0.5000171 -2.18302e-5 0.8660156 -0.5000228 -1.55941e-5 0.8660122 -0.4999999 0 0.8660255 -0.5000025 0 0.8660241 -0.5000164 -6.85453e-7 0.8660159 -0.5000166 -1.20699e-6 0.8660158 -0.2671005 -0.2674118 0.9258231 -0.5000013 0 0.8660248 -0.2670982 -0.2674197 0.9258214 -0.2670923 -0.2674134 0.925825 1.06096e-5 -0.5000262 0.8660103 -0.5000125 1.70246e-6 0.8660182 -0.2670964 -0.2674093 0.9258249 -0.2670961 -0.2674091 0.9258251 0 -0.4999982 0.8660265 -0.26709 -0.2674168 0.9258247 -1.26809e-5 -0.4999914 0.8660304 -1.90753e-5 -0.4999973 0.866027 0 -0.499998 0.8660266 -0.4450086 0.8955264 2.23815e-5 -0.5720008 0.4333883 0.6964121 -0.7969981 0.603982 2.14577e-6 -0.9173384 0.3981083 -1.1453e-4 -0.7969784 0.604008 2.46398e-5 -0.572066 0.4335079 0.6962841 -0.6428129 0.7660234 -1.49801e-5 -0.4449581 0.8955515 -3.84077e-6 -0.7969995 0.6039801 -7.94604e-6 -0.6428083 0.7660271 -1.85221e-5 -0.79698 0.6040057 -6.43916e-6 -0.9174711 0.3978026 2.68966e-6 -0.9848105 0.1736329 1.64658e-5 -0.9173315 0.3981245 1.1526e-5 -0.5720825 0.4334878 0.696283 -0.6692082 0.3265203 0.6674915 -0.9848173 0.1735938 2.49445e-5 -0.5720788 0.4334664 0.6962993 0.6886221 0.3239818 0.6487182 0.5549247 0.4206125 0.7177351 0.7969805 0.604005 -6.61612e-6 -0.02403801 0.2941795 0.9554479 0.5553422 0.4205404 0.7174544 4.41954e-4 0.298198 0.954504 0.6886787 0.3240932 0.6486027 8.42363e-5 0.2981734 0.9545118 0.5549174 0.4206069 0.7177441 0.6428124 0.7660236 -1.63921e-5 0.7969996 0.6039798 -1.30162e-5 0.4449586 0.8955512 -3.06219e-6 0.6428188 0.7660183 1.91629e-5 0.9848173 0.1735944 1.76802e-5 0.7969899 0.6039926 3.98792e-6 0.9175149 0.3977015 -5.50225e-6 0.7969868 0.6039968 -4.109e-6 0.9848178 0.1735913 1.42083e-5 0.6885756 0.3241333 0.6486921 0.7969969 0.6039835 -4.1984e-6 0.9176579 0.3973715 8.74656e-5 0.6428241 0.766014 3.37735e-5 0.4450296 0.8955159 -9.99123e-6 -8.40425e-6 1 -4.59701e-6 9.045e-6 1 -1.19211e-5 8.31485e-6 1 -3.25003e-6 -0.4450286 0.8955164 -1.32471e-5 -2.13683e-5 1 2.09614e-6 0.6428036 0.7660312 1.05053e-5 -2.20835e-5 1 1.68697e-5 -0.6428285 0.7660102 -2.59094e-5 7.83801e-6 1 -3.1665e-6 -0.4450177 0.8955219 -1.3547e-5 -0.6428021 0.7660323 2.93553e-6 -0.9174808 0.3977801 1.18315e-5 -0.9848154 0.1736052 4.69387e-7 -0.984831 0.1735166 1.69188e-4 -0.9848722 0.1732822 -8.18241e-5 -0.6694647 0.3264078 0.6672893 -0.9848079 0.1736481 0 -0.6428082 0.7660272 4.91738e-6 -0.9848116 0.1736268 1.61426e-5 -0.9848116 0.1736268 0 3.42369e-4 0.9136395 0.4065253 -0.669502 0.3263925 0.6672594 -4.5982e-4 0.2983969 0.9544418 -0.9847876 0.1737629 1.17511e-4 -0.9848299 0.1735227 2.05606e-4 -0.6694813 0.3264366 0.6672586 -0.637997 0.7208887 0.2707015 -0.9847796 0.1738081 8.44747e-5 -0.6695073 0.3264337 0.6672339 3.95926e-4 0.9136488 0.4065044 -0.6379801 0.720868 0.2707967 -0.6695149 0.3264079 0.667239 0.07709318 0.9087045 0.4102598 -4.30174e-4 0.2983363 0.9544607 0.02405643 0.2943627 0.955391 0.07702207 0.908689 0.4103071 4.27816e-4 0.9136289 0.406549 -5.03033e-4 0.2983619 0.9544528 -0.9848079 0.1736477 -5.05498e-7 -0.7651004 0.1349166 0.6296182 -0.9848127 0.1736204 1.49012e-6 -0.9848162 0.1736004 9.83477e-7 1.8172e-5 1.33961e-5 1 -0.6427815 0.7660496 -1.20252e-5 -0.9848023 0.1736798 -1.53184e-5 -0.6963852 0.1228213 0.7070804 -3.84003e-5 -3.13818e-5 1 -0.984815 0.1736074 -2.55704e-5 -0.7651432 0.1348904 0.6295719 -0.6958847 0.1255712 0.7070902 -0.9848213 0.1735721 1.5527e-5 0.696371 0.1228119 0.707096 0.9848141 0.1736123 -5.42402e-6 0.6428079 0.7660275 4.82798e-5 0.9848188 0.1735861 2.13459e-6 0.9175061 0.3977218 -3.29688e-6 0.9848188 0.1735861 -5.63514e-6 0.9848078 0.1736479 0 0.6963843 0.1227723 0.7070898 0.984816 0.1736018 7.15256e-7 0.984806 0.1736585 1.19209e-6 1.9297e-5 -1.30162e-5 1 0.6428447 0.7659965 -8.9854e-6 3.14713e-5 1 -1.90139e-5 0.696321 0.1227974 0.7071478 0.6427646 0.7660638 1.74046e-5 -3.85605e-5 6.76513e-6 1 -1.14888e-5 -5.51343e-6 1 1.74791e-5 1 -6.49691e-6 -0.6427715 0.7660581 -2.23517e-5 8.9705e-6 -8.01682e-6 1 -2.62558e-5 1.16229e-5 1 -5.1856e-6 1 -6.55651e-6 0.6885929 0.3241182 0.6486811 0.9176608 0.3973648 8.54433e-5 0.9848132 0.1736173 2.17035e-5 0.9848079 0.1736482 0 0.6547002 0.7083297 0.2638877 0.9848718 0.1732853 -1.1164e-4 0.9848316 0.1735132 8.67844e-5 0.6888154 0.3239302 0.648539 0.9848667 0.1733134 -1.055e-4 0.6546778 0.7083625 0.2638553 0.6547108 0.7083187 0.263891 0.9848322 0.1735096 1.34408e-4 0.984779 0.1738119 2.03036e-4 0.7636223 0.1345851 0.6314807 0.9848179 0.1735907 -8.55327e-6 0.6964005 0.1228262 0.7070644 0.6551554 0.7080091 0.2636181 0.984823 0.1735618 6.67572e-6 0.7635828 0.1346812 0.6315079 0.7635918 0.1345826 0.6315182 -8.01682e-6 5.8189e-6 1 -5.79655e-6 -1.21444e-6 1 -4.73029e-6 0 1 2.58759e-5 0.6416724 0.7669789 -2.026e-5 -4.29153e-6 1 2.44528e-5 -1.49012e-7 1 -0.07350867 0.6292697 0.773703 2.04444e-5 -4.47035e-6 1 -2.5332e-7 0.6416962 0.766959 0.7636194 0.13458 0.6314854 0.6969983 0.1192854 0.7070816 2.16663e-5 -1.14664e-5 1 5.66938e-6 0 1 -0.0764029 0.9086354 0.4105414 -1.60038e-5 0.9135884 0.4066404 0.7635411 0.134532 0.6315903 0.6551646 0.7079871 0.2636542 0.7635305 0.1346645 0.6315748 -1.56313e-5 0.9136458 0.4065113 -0.696363 0.1227973 0.7071064 1.70171e-5 2.43187e-5 1 -2.76864e-5 -1.36495e-5 1 4.73029e-6 0 1 -5.66938e-6 0 1 -0.6964039 0.1227797 0.7070692 -3.09944e-5 3.13558e-5 1 -2.70605e-5 4.45917e-6 1 2.21103e-6 0 1 -3.8445e-6 0.6417454 0.7669177 2.81855e-5 2.0355e-5 1 -1.03302e-5 1.91908e-5 1 -6.74491e-6 0 1 3.53342e-6 0 1 0.07547575 0.6454029 0.7601044 1.13426e-5 2.43187e-5 1 2.58088e-5 2.3365e-5 1 -1.29025e-5 0.6417456 0.7669177 1.3873e-5 1.2219e-5 1 0.07546907 0.6453922 0.7601141 0.07538193 0.6454162 0.7601023 -2.77851e-5 -1.65403e-5 1 -5.05801e-6 -1.89507e-5 1 -0.7651191 0.1349101 0.6295967 -6.70552e-6 -1.77696e-5 1 -0.6963893 0.122825 0.7070757 0.07552844 0.6453742 0.7601234 -3.08082e-5 -1.55568e-5 1 -0.7653165 0.1347948 0.6293816 -2.38717e-5 -1 2.69331e-5 -2.38121e-5 -1 0 1 -2.37525e-5 -3.27826e-7 -1 -2.36332e-5 3.33356e-5 -1 -2.39313e-5 3.05183e-6 2.38121e-5 -1 2.71201e-6 -1 -1.87755e-6 6.55651e-7 2.29478e-6 -1 -2.89565e-5 1.75834e-6 -1 3.36846e-7 1 -2.44677e-5 3.34323e-5 1 2.38717e-5 3.05183e-6 -2.37823e-5 1 2.80142e-6 1 -1.37091e-6 2.0346e-6 -2.35438e-6 -1 2.41399e-6 1 -2.83122e-6 -2.42472e-5 2.41995e-5 1 2.65245e-5 2.36928e-5 1 -5.08614e-7 -1 2.39909e-5 -8.49366e-7 1 1.99676e-6 8.04663e-7 -2.29478e-6 1 -2.88565e-5 -1.75834e-6 1 5.36847e-7 1.81794e-6 1 3.9041e-6 -1 1.78814e-6 -2.25907e-5 -1 1.78814e-6 3.44928e-6 0.6889253 0.3238735 0.6484505 -3.01283e-4 0.9136109 0.4065895 -0.07693272 0.9086727 0.4103601 0.6888355 0.3239425 0.6485114 0.6546487 0.7083727 0.2639001 -3.17559e-4 0.9136121 0.4065867 0.6888294 0.3239039 0.648537 -0.07691025 0.9086617 0.4103886 4.84839e-4 0.2983669 0.9544512 0.8660154 -0.5000174 -1.44243e-5 0.6613184 0.2786204 0.69644 0.9215789 0.3881911 6.31809e-6 0.803408 0.595429 -9.28641e-5 0.9215784 0.3881927 2.35485e-5 0.6614736 0.278586 0.6963064 0.9397029 -0.3419919 -3.14154e-5 0.8660182 -0.5000126 -2.87518e-5 0.9215826 0.3881821 -1.43498e-5 0.9397025 -0.341993 9.45628e-5 0.921576 0.3881981 -5.90086e-6 0.8032475 0.5956455 -1.00825e-5 0.6428444 0.7659968 -2.48849e-6 0.803467 0.5953494 -6.82995e-5 0.6614024 0.2786355 0.6963543 0.6095753 0.3985177 0.6852748 0.6427583 0.7660692 -2.32458e-5 0.6614639 0.2786217 0.6963013 -0.05348402 -0.7450122 0.6649033 0.08673024 -0.6909123 0.7177173 0.1246277 -0.9922035 4.52995e-6 9.47714e-6 -1 -2.63453e-5 0.1246119 -0.9922056 6.62357e-6 0.8660099 -0.5000269 7.95722e-6 0.06191664 -0.9980814 8.9244e-7 0.1246062 -0.9922063 -1.7155e-6 1.51172e-5 -1 3.69642e-6 -0.3419702 -0.9397109 -9.36091e-5 0.1246597 -0.9921996 -8.03769e-5 0.06242495 -0.9980497 -8.01683e-6 -0.05351513 -0.7450084 0.664905 0.124603 -0.9922067 2.56747e-5 -0.34202 -0.9396927 1.29119e-5 0.9396992 -0.342002 2.98284e-5 -6.94394e-6 -1 -5.83529e-5 0.8660097 -0.5000272 7.45431e-6 0.9396963 -0.34201 -3.16501e-5 0.8032466 0.5956466 1.17421e-5 0.6428335 0.7660061 -7.94977e-6 0.6427279 0.7660947 1.07557e-4 0.6424931 0.7662915 -1.08156e-4 0.6097193 0.3990451 0.6848397 0.6427881 0.7660441 0 0.9397044 -0.3419879 -2.53618e-5 0.6427776 0.7660529 4.8404e-5 0.6427776 0.7660529 0 0.642984 0.7658796 1.22875e-4 0.6427199 0.7661013 9.53674e-5 0.6097722 0.3990331 0.6847996 0.8869239 0.4236859 0.1840013 0.6429814 0.7658819 2.07722e-4 0.609745 0.3990131 0.6848355 0.9449512 -3.97563e-4 0.327211 0.8869144 0.4237141 0.1839815 0.609748 0.3990002 0.6848405 0.6427875 0.7660446 0 0.4993683 0.5951997 0.6295782 0.6427662 0.7660624 -2.11596e-6 0.6428284 0.7660104 -2.72691e-6 2.42847e-5 -1.87159e-5 1 0.9396967 -0.342009 6.64592e-6 0.6428031 0.7660315 1.16229e-6 0.4544926 0.5417099 0.7070975 1.65403e-5 -3.91044e-5 1 0.6428416 0.7659992 -1.14888e-5 0.4993702 0.5951808 0.6295945 0.4566733 0.5398508 0.7071143 0.6428007 0.7660335 -1.40071e-6 2.0951e-5 -0.7070935 0.7071201 9.62242e-6 -1 1.91778e-5 0.9397104 -0.3419715 4.45098e-5 1.4438e-5 -1 3.44822e-7 0.06191116 -0.9980817 3.01853e-6 1.44448e-5 -1 2.25933e-6 -0.1735863 -0.9848187 -2.74181e-6 -2.23815e-5 -1 -2.78491e-6 -2.23815e-5 -1 0 -0.1736056 -0.9848154 4.47035e-6 -6.51181e-6 -1 1.3266e-5 1.10269e-5 -0.7070953 0.7071183 -1.8239e-5 -8.25524e-6 1 -4.50015e-6 5.36442e-6 1 0.9396972 -0.3420076 2.39462e-5 5.05894e-6 -0.7071011 0.7071126 0.9396786 -0.3420589 1.46627e-5 -6.55651e-7 -1.49943e-5 1 -0.3420161 -0.9396942 3.8445e-5 0.06238645 -0.9980521 -1.0699e-4 7.73221e-5 -1 -9.94503e-5 -0.1739486 -0.9847548 -1.51992e-6 -0.341978 -0.939708 1.20401e-5 1.55628e-4 -1 3.57926e-5 -0.173601 -0.9848161 -4.34666e-6 -0.1740258 -0.9847411 1.71456e-6 1.06096e-5 -1 -4.56814e-6 -0.2418295 -0.6644604 0.7071145 -7.0408e-7 -0.7070989 0.7071148 -1.68048e-5 -1.09673e-5 1 -3.88917e-6 0 1 -0.2419099 -0.6644712 0.707077 -3.69474e-5 -2.03252e-5 1 -3.51667e-5 -2.49445e-5 1 0.4544618 0.5417031 0.7071226 -2.91765e-5 3.02494e-6 1 -3.56436e-5 2.23741e-5 1 8.51832e-7 0 1 -3.71784e-5 1.03712e-5 1 -5.73695e-6 -1.39475e-5 1 0.4544702 0.5417245 0.7071008 1.88882e-7 0 1 -5.95929e-7 0 1 0.4993743 0.595179 0.629593 -8.71718e-6 1.92225e-5 1 0.4544941 0.5416997 0.7071045 -0.1735865 -0.9848187 -3.90112e-5 -1.61929e-5 -0.7071319 0.7070816 -0.3419672 -0.9397119 -4.76837e-6 -0.2418072 -0.6644274 0.7071532 -0.3420112 -0.9396959 -5.69224e-6 4.1198e-5 -0.707116 0.7070975 -6.1794e-5 0 1 -0.2418773 -0.6644837 0.7070764 -4.84288e-6 1.11163e-5 1 5.32903e-6 1.051e-5 1 -0.2651948 -0.7286108 0.6315047 1.23382e-5 -2.07722e-5 1 9.43989e-6 -1.20644e-5 1 -0.2451762 -0.663219 0.7071274 -2.75224e-5 8.82149e-6 1 -0.2651753 -0.7286198 0.6315025 0.5211884 -0.387964 0.7601622 -2.58982e-5 -4.24981e-5 1 -2.38419e-6 4.60446e-6 1 5.9103e-7 0 1 0.5817289 -0.2509172 0.7737132 -2.26498e-6 -2.98023e-6 1 0.5211547 -0.3880118 0.760161 0.5211938 -0.3879778 0.7601516 1.46031e-5 2.23517e-7 1 2.34144e-5 1.45333e-5 1 0.5212101 -0.388089 0.7600836 -9.76026e-7 1.84327e-5 1 0.499391 0.5953776 0.6293919 -2.25306e-5 -1 2.69831e-5 -2.25306e-5 -1 0 1 -2.25008e-5 -2.98023e-7 -1 -2.23219e-5 3.36257e-5 -1 -2.25008e-5 3.30614e-6 2.25604e-5 -1 2.93553e-6 -1 5.96046e-7 3.57628e-7 -8.64267e-7 -1 -2.93433e-5 -5.66244e-7 -1 0 1 -2.40803e-5 3.3627e-5 1 -2.39611e-5 3.30599e-6 -2.39313e-5 1 3.02494e-6 1 -8.9407e-7 3.30622e-6 -9.53674e-7 -1 3.53158e-6 1 -1.01328e-6 -2.2698e-5 2.39611e-5 1 2.70784e-5 2.40803e-5 1 0 -1 -2.40207e-5 -5.06639e-7 1 2.11596e-6 2.23517e-7 -2.05636e-6 1 -2.94387e-5 -2.14577e-6 1 0 5.06639e-7 1 3.62098e-6 -1 2.08616e-7 -2.32259e-5 -1 1.49012e-7 3.11549e-6 -0.2651163 -0.7286103 0.6315382 0.3486107 -0.8925821 0.2859507 -0.3419963 -0.9397013 2.86102e-5 -0.3420752 -0.9396727 9.47863e-5 -0.3418051 -0.9397709 1.90593e-4 0.3490929 -0.8923213 0.2861764 -0.2418993 -0.6644806 0.7070717 -0.2652251 -0.7287083 0.6313794 -0.3420007 -0.9396998 2.20537e-6 -0.342022 -0.939692 5.79846e-6 -0.3420197 -0.9396928 0 -0.2418266 -0.6644364 0.707138 -0.3419923 -0.9397028 -3.09646e-5 -0.3420115 -0.9396958 -2.57194e-5 -0.05371028 -0.7451843 0.6646921 -0.3422952 -0.9395925 -9.7841e-5 0.3491008 -0.8923177 0.2861778 -0.3421071 -0.939661 1.61588e-4 0.3491048 -0.8923361 0.2861155 -0.3424026 -0.9395534 -1.52022e-4 -0.3420159 -0.9396942 -4.64239e-6 -0.3420159 -0.9396942 -5.15953e-7 -0.1741053 -0.984727 -3.89479e-6 -0.1736171 -0.9848133 3.0293e-5 -0.3420004 -0.9396998 1.87382e-6 -0.1739947 -0.9847466 -4.40124e-6 -0.8660151 -0.5000179 1.7941e-5 -0.08940166 -0.7120448 0.6964192 -0.1246021 -0.9922068 8.61287e-6 -0.06209444 -0.9980704 3.47197e-5 -0.1245856 -0.992209 -5.48337e-6 -0.0894218 -0.712105 0.6963549 -0.9396969 -0.3420084 -5.15878e-5 -0.8660138 -0.5000203 1.22711e-5 -0.1246016 -0.9922069 6.25849e-6 -0.9397012 -0.3419966 -8.69334e-5 -0.1245846 -0.992209 -1.01924e-5 -0.06188243 -0.9980835 4.09782e-6 0.001932442 -0.9999982 -1.8239e-5 -0.06204783 -0.9980732 -3.22405e-5 -0.08937144 -0.7121575 0.6963078 0.3420103 -0.9396963 2.34246e-5 0.001904785 -0.9999982 -4.60073e-7 -0.08939391 -0.7121189 0.6963443 0.04027807 -0.727166 0.685279 0.3419831 -0.9397061 -1.5527e-5 -0.08942198 -0.7121813 0.696277 -0.6184946 0.4187815 0.6648958 -0.6417384 0.2702735 0.7177215 -0.9215874 0.3881711 -5.1558e-6 -0.9397035 -0.3419902 -2.18526e-5 -0.921583 0.3881815 -6.77258e-6 -0.8660191 -0.5000109 -1.29417e-5 -0.8028993 0.5961148 9.51681e-5 -0.6185315 0.4187533 0.6648793 -0.9215725 0.3882067 1.1541e-5 -0.6427783 0.7660522 2.08244e-5 -0.8032057 0.5957018 -2.15694e-6 -0.9215704 0.3882114 4.49643e-6 -0.9397 -0.342 4.17531e-5 -0.6427692 0.76606 2.42591e-5 -0.9215741 0.3882026 -9.3393e-6 -0.9396899 -0.3420276 9.46224e-5 -0.06189817 -0.9980825 -6.52671e-6 3.36766e-6 -1 1.32471e-5 0.3419915 -0.9397031 -9.17315e-5 0.1735724 -0.9848212 -8.7738e-5 0.002006351 -0.999998 -5.11408e-5 6.31064e-6 -1 -1.99883e-6 6.32927e-6 -1 1.84681e-6 0.1740897 -0.9847298 -2.20258e-6 -0.9396974 -0.3420071 -2.35438e-5 1.24872e-5 -1 3.36346e-5 1.26362e-5 -1 0 0.1735954 -0.9848171 -4.27561e-6 0.1741148 -0.9847254 -5.14276e-6 0.3419799 -0.9397073 -1.65496e-6 0.1735821 -0.9848195 -3.3659e-5 1.80975e-5 -1 -5.89714e-6 0.1741014 -0.9847278 -7.71967e-6 0.3421655 -0.9396397 1.09255e-4 0.342304 -0.9395892 -8.27424e-5 0.0407232 -0.7275813 0.6848117 0.3420207 -0.9396924 0 0.1736207 -0.9848127 -2.38232e-6 0.3420039 -0.9396986 -4.44692e-6 0.3420039 -0.9396986 0 0.341811 -0.9397688 1.11282e-4 0.342127 -0.9396538 9.045e-5 0.04068928 -0.727591 0.6848034 -0.3742792 -0.8791972 0.2948347 0.3417887 -0.9397768 2.26721e-4 0.04073381 -0.7276021 0.6847891 0.3420208 -0.9396925 -1.011e-6 0.2657159 -0.7300806 0.6295851 0.3419859 -0.9397051 7.45058e-6 0.3419935 -0.9397024 5.97537e-6 0.2418895 -0.6644756 0.7070797 0.1736236 -0.9848122 2.22623e-5 0.3419969 -0.9397012 9.39774e-6 0.2657051 -0.7300825 0.6295874 0.2391889 -0.6654238 0.7071068 0.3420002 -0.9396999 -1.13547e-5 0.2418991 -0.6644483 0.707102 -5.93271e-5 -1 -1.2964e-5 0.173606 -0.9848152 -2.33054e-5 2.74181e-6 -0.7070952 0.7071184 -2.17706e-5 -1 1.63913e-5 0.2418773 -0.6644858 0.7070742 -2.14875e-5 3.13073e-5 1 -1.47521e-5 -1 -3.11881e-5 -2.65241e-6 -0.7071097 0.707104 -0.9397124 -0.341966 -3.33786e-6 -1.90884e-5 -1 -1.13249e-6 -3.13371e-5 -2.6077e-6 1 0 -0.707113 0.7071006 -1.15708e-5 -3.78489e-6 1 0 -1.77539e-6 1 1.08658e-6 0 1 2.62558e-5 -1.63913e-6 1 1.78665e-5 -0.707111 0.7071027 1.22637e-5 1.23382e-5 1 -3.27379e-5 -0.7070897 0.707124 -2.65986e-5 -8.07643e-6 1 -2.46763e-5 -9.41753e-6 1 -3.84714e-6 0 1 9.39518e-6 -0.7070977 0.707116 0.2418175 -0.6644271 0.7071499 1.38581e-6 -1.09375e-5 1 -3.58969e-5 -2.77162e-6 1 -3.79235e-6 8.82149e-6 1 0.2417955 -0.6644914 0.7070969 2.3732e-6 0 1 0.2656981 -0.7300795 0.629594 1.38432e-5 -7.15256e-7 1 0.2419175 -0.6644002 0.707141 -0.939702 -0.3419942 1.35601e-6 1.62125e-5 2.25157e-5 1 1.01924e-5 3.11434e-6 1 -2.23693e-6 0 1 -0.4984127 0.5940309 0.6314365 6.10948e-6 6.67572e-6 1 6.57886e-6 1.67117e-5 1 -0.4518234 0.5439553 0.7070843 4.39584e-6 3.05474e-5 1 -0.4983956 0.5940372 0.6314441 -0.45449 0.5417162 0.7070944 -0.9397078 -0.3419787 4.17232e-6 -1.69277e-5 2.17855e-5 1 -0.5966169 -0.2574175 0.7601214 -2.28286e-5 4.25577e-5 1 5.30481e-6 -1.43051e-6 1 -0.508194 -0.3783001 0.7737107 4.32134e-6 8.34465e-7 1 -0.5965864 -0.2572572 0.7601997 -0.5966109 -0.2572683 0.7601766 -2.20239e-5 -1.49459e-5 1 -1.35731e-5 -2.97707e-5 1 -0.5967023 -0.2573471 0.7600782 1.77026e-5 -2.20444e-5 1 0.2659121 -0.7301823 0.6293843 -2.54512e-5 -1 2.69831e-5 2.25008e-5 -1 0 1 2.25008e-5 -3.12924e-7 -1 2.25306e-5 3.3627e-5 -1 2.25306e-5 3.306e-6 -2.25008e-5 -1 2.99513e-6 -1 -3.03984e-6 3.12924e-7 3.18885e-6 -1 -2.96805e-5 3.12924e-6 -1 0 1 -1.46031e-6 3.30623e-6 -1.66893e-6 -1 3.8892e-6 1 -1.2517e-6 -2.30352e-5 -2.38121e-5 1 0 -1 2.38717e-5 -5.36442e-7 1 6.55651e-7 2.5332e-7 -1.19209e-7 1 -2.94387e-5 -6.55651e-7 1 0 1.84774e-6 1 3.62098e-6 -1 2.20537e-6 -2.32259e-5 -1 1.75834e-6 3.11548e-6 -0.4984327 0.5939339 0.6315121 -0.9473049 0.1443969 0.2859424 -0.6428029 0.7660316 1.18911e-5 -0.6426796 0.7661351 1.1991e-4 -0.6429076 0.7659438 2.01285e-4 -0.9473253 0.1437931 0.286179 -0.4545037 0.5416964 0.7071008 -0.4983791 0.593999 0.6314932 -0.642819 0.7660182 7.7486e-7 -0.6427906 0.7660421 -2.89921e-6 -0.6427885 0.7660438 0 -0.4545163 0.5417114 0.7070811 -0.6427422 0.7660827 -1.07288e-5 -0.6427822 0.7660492 -1.45137e-5 -0.6184839 0.4191748 0.6646579 -0.6425073 0.7662797 -9.4235e-5 -0.9473195 0.1438283 0.2861804 -0.6427039 0.7661147 1.99556e-4 -0.9473286 0.1436711 0.2862293 -0.6424919 0.7662926 -1.61618e-4 -0.8029065 0.5961052 1.13338e-4 -0.6428169 0.76602 -2.28398e-5 -0.6185099 0.4188482 0.6648396 -0.6427738 0.766056 -5.63285e-6 -0.6427738 0.766056 2.16812e-6 -0.8032171 0.5956866 -3.38256e-6 -0.4544921 0.5416931 0.7071107 -0.6428073 0.766028 -1.24127e-5 -0.9397093 -0.3419744 -4.12911e-5 0.8090001 0.5878087 3.8892e-6 1 1.92523e-5 -1.65625e-5 1 1.92821e-5 2.53767e-5 1 1.91331e-5 1.47612e-5 0.8090002 0.5878086 -6.4224e-6 1 1.91331e-5 -1.83674e-5 0.8142382 -0.580531 -1.0144e-5 1 -1.69575e-5 -1.62164e-5 1 -1.69426e-5 2.61366e-5 0.8655663 4.79445e-6 -0.5007943 0.8142315 -4.15742e-6 -0.5805402 1 1.34036e-5 8.40425e-6 1 1.25796e-5 -2.0653e-5 0.8655674 1.07288e-6 -0.5007926 1 -1.42196e-5 -2.05934e-5 0.8143549 2.40654e-5 0.5803673 1 2.64788e-5 7.689e-6 1 2.76119e-5 7.7188e-6 0.809 0.5878088 1.6631e-5 0.809 0.5878088 -1.46852e-5 1 1.93864e-5 0 0.3089895 0.9510655 1.6549e-5 0.3089895 0.9510655 -1.47753e-5 0.8090056 0.5878009 0 0.8090056 0.5878009 1.47851e-5 0.3089894 0.9510655 0 0.8090056 0.587801 -1.65307e-5 -0.3089988 0.9510625 1.65429e-5 -0.3089988 0.9510625 -1.47731e-5 0.3089988 0.9510625 0 0.3089988 0.9510625 1.47612e-5 -0.3089988 0.9510625 0 0.3089988 0.9510625 -1.65429e-5 -0.8090059 0.5878006 1.6218e-5 -0.8090059 0.5878006 -1.50978e-5 -0.3089898 0.9510654 -3.8743e-7 -0.3089897 0.9510655 1.51e-5 -0.8090058 0.5878008 3.72529e-7 -0.3089895 0.9510654 -1.62363e-5 -1 1.93119e-5 1.17002e-5 -1 1.92821e-5 -1.47731e-5 -0.809 0.5878087 4.8764e-6 -1 1.92821e-5 1.65625e-5 -1 1.92877e-5 -1.20848e-5 -0.809 0.5878088 9.83477e-6 -0.8090004 0.5878083 1.03619e-4 -1 1.87904e-5 0 -0.8090003 0.5878083 -1.6631e-5 -0.8142385 -0.5805306 1.80602e-5 -1 -1.65403e-5 1.36006e-5 -1 -1.65254e-5 -2.61515e-5 -0.8655673 -0.5007928 -8.48621e-6 -1 -2.06828e-5 9.74559e-6 -1 -2.06828e-5 1.30013e-5 -0.8143667 -0.5803508 1.4782e-5 -1 1.71065e-5 2.15173e-5 -0.8655737 -0.5007817 7.23824e-6 -1 2.63844e-5 -7.7188e-6 -1 2.75075e-5 -7.689e-6 -0.8143549 2.40505e-5 -0.5803673 -0.968216 4.09409e-6 0.2501158 -1 1.28666e-5 2.08467e-5 -1 5.91705e-6 2.08467e-5 -0.866013 -1.6354e-6 0.5000216 -1 -3.1516e-6 1.69873e-6 -0.9682164 2.83122e-6 0.2501142 -0.8142275 6.02007e-6 0.580546 -1 -7.6592e-6 -2.03252e-5 -0.8660289 -1.27908e-5 0.499994 -1 1.86265e-5 6.22719e-6 -1 1.86861e-5 1.62777e-4 -0.8090004 0.5878081 1.34856e-5 -0.8655675 -0.5007924 1.508e-5 -1 -2.03848e-5 -1.86952e-5 -1 -2.03848e-5 1.22889e-5 -0.4999997 0.8660256 -2.78652e-6 -0.8090147 0.5877884 5.88223e-6 -0.3089736 0.9510707 1.27107e-5 -0.9682239 0.2500852 7.28667e-6 -1 1.46301e-5 7.96979e-7 -0.8090228 0.5877772 -2.65539e-5 -0.8660287 0.4999942 1.3588e-5 -0.9682202 0.2500995 -3.36394e-6 -0.8090168 0.5877855 6.28456e-6 -0.4999949 0.8660284 2.22996e-5 -0.8660305 0.4999915 -9.72301e-6 -0.8089981 0.5878112 3.88175e-6 4.01027e-6 1 1.7303e-5 -0.3089994 0.9510623 -1.21109e-5 0.3090021 0.9510614 1.60933e-6 1.47649e-5 1 1.61678e-5 -0.5000175 0.8660153 1.0401e-5 -0.3089776 0.9510694 -5.28339e-6 0.499997 0.8660271 1.86078e-6 0.3089743 0.9510704 5.05522e-6 0.8090153 0.5877876 1.33812e-5 0.5000166 0.866016 1.6734e-5 -1.6883e-5 1 4.26918e-6 0.308979 0.9510689 -7.5046e-6 0.8660115 0.5000241 2.58721e-6 0.8089913 0.5878207 8.6762e-6 1 5.60284e-6 -3.35276e-6 0.8660307 0.4999909 -1.83545e-5 0.4999939 0.866029 1.61082e-5 0.8089984 0.5878108 -1.19582e-6 0.9682158 0.2501168 -7.12648e-6 1 2.18153e-5 1.25373e-5 1 2.18302e-5 6.17068e-6 0.8142377 -0.5805317 4.42564e-6 1 -1.7792e-5 5.67614e-6 1 -1.7798e-5 1.2517e-6 0.968221 0.2500964 -8.57562e-6 0.8660251 0.5000007 1.45286e-7 1 2.41101e-5 -5.49853e-6 0.8142283 -0.580545 -1.51508e-5 0.865619 -0.5007032 -6.30319e-6 1 1.86116e-5 -1.71438e-5 -1.0867e-5 0 -1 1.08698e-5 0 -1 -5.61709e-6 0 -1 5.77394e-6 0 -1 -1.44348e-6 0 -1 1.08263e-6 0 -1 3.46137e-7 0 -1 -2.23977e-6 0 -1 0.8141911 -0.5805971 1.23531e-5 0.5000175 -0.8660153 -1.58325e-5 0.8655724 -0.500784 8.72277e-6 -5.16617e-6 0 -1 0.4213981 -0.9068758 3.09944e-6 1.32215e-5 -1 -1.73599e-6 0.4999908 -0.8660308 1.1567e-5 0.8142348 -0.5805358 2.38419e-6 0.4213793 -0.9068846 -6.96257e-6 0.5000267 -0.86601 1.37612e-5 -0.4215938 -0.9067848 3.9041e-6 -0.5000021 -0.8660242 9.00775e-6 8.04663e-7 -1 -9.08971e-6 -1.05021e-4 -1 -7.63685e-6 -0.421586 -0.9067885 -1.57356e-5 -9.13441e-6 -1 5.29306e-6 0.4214985 -0.9068291 -1.14739e-5 -8.72463e-5 -1 1.45653e-5 8.59797e-6 -1 -2.04742e-5 -0.8143643 -0.580354 2.96906e-6 -0.8655748 -0.5007799 -2.92622e-6 -0.5000143 -0.8660172 0 -0.421693 -0.9067388 9.22382e-6 -0.8143616 -0.5803579 -2.2538e-5 -0.5000283 -0.866009 6.16535e-7 1.44347e-6 0 -1 3.22884e-6 0 -1 -2.73034e-6 0 -1 -0.5000101 -1.64695e-5 -0.8660197 -0.8143503 -1.4618e-5 -0.580374 -0.4215953 -5.07012e-6 -0.9067842 -0.8655787 2.24859e-5 -0.500773 -1 -7.89016e-6 0 -0.8143655 1.21072e-5 -0.5803524 -0.5000329 2.18116e-5 -0.8660064 -0.8655646 1.91685e-5 -0.5007973 -0.8143956 1.04681e-5 -0.5803101 -0.4999932 -2.63005e-6 -0.8660293 -0.4216014 5.94836e-6 -0.9067814 -1.2105e-4 3.36021e-6 -1 1.01328e-5 1.32997e-5 -1 -8.57534e-5 1.30162e-5 -1 0.4215 -1.56909e-5 -0.9068285 -1.01032e-5 -4.35717e-5 -1 -0.4999949 1.03265e-5 -0.8660284 -1.05947e-4 1.48737e-5 -1 0.5000079 -2.2687e-6 -0.8660208 0.4214996 2.04146e-6 -0.9068287 0.8142531 -2.08616e-6 -0.5805101 0.4999982 7.00355e-7 -0.8660265 6.15418e-6 -1.05798e-6 -1 0.4215024 2.57231e-6 -0.9068275 0.8655629 9.92976e-6 -0.5008003 0.4999923 -4.60446e-6 -0.86603 0.8142525 -3.43099e-6 -0.5805109 -0.4330592 -0.7499958 -0.499966 -0.7422769 -0.4461151 -0.5000064 -0.7499802 -0.4330862 -0.4999661 -0.4330006 -0.7499986 -0.5000126 -0.4330043 -0.7500016 -0.500005 -0.7423198 -0.4460262 -0.5000221 -0.7499874 -0.4330303 -0.5000038 -0.7499826 -0.433026 -0.5000146 -0.8660075 6.27153e-6 -0.5000311 -0.7500032 -0.4330278 -0.499982 -0.4330128 -0.7499997 -0.5000006 -0.7500039 -0.4330292 -0.4999799 -0.8660275 -3.05474e-7 -0.4999965 -0.8660249 -1.60321e-6 -0.5000011 -0.8369283 0.222608 -0.499997 -0.8660376 2.82885e-5 -0.499979 -0.750018 -0.4329986 -0.4999855 -0.8660201 2.87443e-5 -0.5000093 -0.7499994 0.4330011 -0.5000112 -0.8369061 0.2226281 -0.5000251 -0.7499986 0.4330003 -0.5000129 -0.7500109 0.4330087 -0.4999871 -0.8660297 -6.41718e-5 -0.4999924 -0.8368982 0.2226455 -0.5000304 -0.7500039 0.4330229 -0.4999854 -0.7500032 0.4330186 -0.49999 -0.4330251 0.7499924 -0.5000008 -0.4330106 0.7499474 -0.5000809 -0.4330084 0.7499597 -0.5000643 2.20365e-5 0.8659805 -0.5000779 -0.7499749 0.4330096 -0.5000405 -0.4329948 0.7499805 -0.5000449 -0.432998 0.7499964 -0.5000181 2.10553e-5 0.8660013 -0.500042 2.53913e-5 0.8660135 -0.5000208 0.4329953 0.7499823 -0.5000417 -0.4330026 0.7500171 -0.4999831 2.52426e-5 0.866021 -0.5000077 -2.48337e-5 0.8660227 -0.5000048 0.4330184 0.7499887 -0.5000119 0.4330164 0.7499868 -0.5000166 0.7499865 0.4330061 -0.500026 -1.87806e-5 0.8660135 -0.5000208 0.4329743 0.7500056 -0.5000249 0.4329779 0.7500079 -0.5000185 0.750005 0.4330025 -0.5000013 0.7500074 0.4330049 -0.4999957 0.8369136 0.222631 -0.5000113 0.4330157 0.7499975 -0.5000013 0.7499913 0.433018 -0.5000085 0.7499914 0.4330171 -0.5000091 0.7499882 0.4330586 -0.4999779 0.8369285 0.2225701 -0.5000132 0.8660177 -4.02182e-5 -0.5000134 0.8660156 -2.5019e-5 -0.5000171 0.8660111 -2.64912e-5 -0.5000249 0.7499973 -0.4329981 -0.5000168 0.7500181 0.4329989 -0.4999849 0.8660203 -2.84612e-5 -0.5000091 0.8660377 -2.79762e-5 -0.4999787 0.74999 -0.4330249 -0.5000045 0.7499899 -0.4330248 -0.5000046 0.7423431 -0.44599 -0.5000198 0.7500215 -0.4329826 -0.499994 0.8660269 1.30455e-5 -0.4999974 0.7500181 -0.432981 -0.5000004 0.7500062 -0.4330171 -0.4999871 0.7423336 -0.4459944 -0.5000299 0.4329954 -0.7499986 -0.5000171 0.4330233 -0.7499753 -0.5000279 0.4330279 -0.7499837 -0.5000113 -4.2459e-6 -0.86601 -0.5000267 0.433016 -0.7500072 -0.4999864 0.7499903 -0.4330199 -0.5000082 0.433009 -0.7499934 -0.5000132 -2.81483e-5 -0.86602 -0.5000095 -2.82843e-5 -0.8660323 -0.4999884 -0.4330003 -0.7500008 -0.5000095 1.3428e-5 -0.8660229 -0.5000045 0.4329926 -0.7500219 -0.4999846 1.26958e-5 -0.8660212 -0.5000075 -0.4330176 -0.7499986 -0.4999979 2.03184e-5 -0.8660048 -0.5000358 -0.4329743 -0.7500193 -0.5000043 0.9659323 9.68575e-7 -0.2587952 0.8660189 1.13267e-5 -0.5000113 0.7499956 -0.4330285 -0.4999929 0.8660458 0.4999647 7.00355e-6 0.8660337 -4.82202e-5 -0.4999857 0.965943 -3.92171e-5 -0.258755 0.8660178 0.5000134 -1.63689e-5 0.7499903 0.4330359 -0.4999945 0.8659973 4.16022e-5 -0.5000486 0.8660096 -0.5000274 -3.87523e-5 0.7500119 -0.4330123 -0.4999824 0.4329596 -0.7500156 -0.5000225 1 1.92225e-6 -6.57327e-6 0.9659296 6.30831e-6 -0.2588052 0.7500067 -0.4330027 -0.4999986 0.8660234 -0.5000035 -1.11461e-5 1 2.83867e-6 1.59442e-6 0.7499971 -0.4329903 -0.5000237 0.5000017 -0.8660244 -1.69575e-5 0.4330246 -0.7499977 -0.4999932 -2.06754e-5 -0.8660214 -0.500007 0.5000111 -0.866019 1.77473e-5 0.8660186 -0.5000117 -8.50856e-6 0.4330084 -0.7499815 -0.5000314 -2.91765e-5 -1 2.0368e-5 1.24406e-5 -0.8660301 -0.499992 -0.4330263 -0.7499884 -0.5000058 0.2250227 -0.9743535 -4.17232e-6 0.4999144 -0.8660748 -4.33624e-6 -8.22768e-5 -0.8660482 -0.4999606 1.33081e-5 -1 -2.40356e-5 0.224997 -0.9743595 -1.82241e-5 7.01845e-6 -0.8660171 -0.5000146 -0.5000056 -0.8660222 -3.53772e-5 -0.4330129 -0.7499902 -0.5000146 -0.7500032 -0.4329836 -0.5000205 -0.5000009 -0.8660249 9.98378e-7 4.66686e-6 -1 1.55121e-5 -0.4329913 -0.7500038 -0.5000128 -0.8660178 -0.5000134 -1.63689e-5 -0.7499903 -0.433036 -0.4999945 -0.8659973 -4.16469e-5 -0.5000486 -0.5516029 -0.8341068 1.51694e-5 -0.5000138 -0.8660175 1.44299e-5 -0.7500218 -0.432962 -0.5000111 -0.8659837 -0.5000724 -3.56138e-6 -0.5515956 -0.8341118 -3.12924e-6 -0.7499959 -0.4330243 -0.4999961 -0.8660458 -0.4999647 2.45571e-5 -0.8660421 4.72814e-5 -0.4999712 -0.9659473 3.66429e-5 -0.2587388 -0.749987 0.4330259 -0.5000082 -0.9659279 -3.91901e-6 -0.2588115 -0.8660105 -1.25952e-5 -0.500026 -0.8660131 -0.5000213 2.04146e-6 -0.9659307 -1.46627e-5 -0.2588009 -1 9.42545e-6 -4.08292e-6 -0.7500162 0.4330049 -0.4999826 -1 -6.25849e-7 1.12336e-5 -0.9659341 -6.87223e-6 -0.258788 -0.8660236 0.5000032 -1.11908e-5 -1 -3.15718e-6 1.62423e-6 -0.7499973 0.4329901 -0.5000237 0.8660131 0.5000213 2.06679e-5 0.9659353 1.43647e-5 -0.2587836 1 -7.86083e-6 1.37836e-5 -2.00801e-6 0 -1 -9.94618e-7 0 -1 4.50572e-6 0 -1 5.73688e-7 0 -1 -3.86963e-6 0 -1 0.500037 0.8660041 -1.1703e-5 0.4329848 0.7500208 -0.4999933 0.7499942 0.4330147 -0.500007 0.8659924 0.5000571 -3.5733e-5 0.4999923 0.8660299 -2.22921e-5 0.7499645 0.4330216 -0.5000457 3.36766e-5 1 1.81627e-5 2.78112e-5 0.8660454 -0.4999654 0.4330361 0.7500252 -0.4999421 0.2249693 0.9743659 2.36854e-5 5.25713e-5 1 2.04779e-5 0.4329866 0.7500234 -0.4999876 0.5000188 0.8660147 5.87404e-5 0.2249986 0.9743591 5.87106e-5 0.4329953 0.7500433 -0.4999502 -0.4999991 0.8660259 5.07273e-5 -0.4330356 0.7500305 -0.4999344 1.08238e-5 0.8660581 -0.4999434 -7.17118e-7 1 -3.20822e-5 -0.5000102 0.8660195 -1.85221e-5 -2.70307e-5 0.8660019 -0.5000407 -0.8660175 0.5000138 1.58459e-4 -0.7500765 0.4330239 -0.4998757 -0.4330745 0.7500486 -0.4998738 -0.5515913 0.8341146 3.47197e-6 -0.8660386 0.499977 7.43568e-6 -0.4329996 0.7499892 -0.5000275 -0.4999909 0.8660306 6.02901e-5 -0.5515838 0.8341196 1.20699e-5 -0.4329718 0.7500326 -0.4999864 1.26174e-5 0 -1 3.86955e-6 0 -1 2.29471e-6 0 -1 1.22093e-6 0 -1 -9.94623e-7 0 -1 1.72117e-6 0 -1 0.7500051 0.4329935 0.5000091 0.8660244 0.5000018 -5.61774e-6 1 -3.16557e-6 -2.0057e-5 0.9659248 2.44523e-5 0.2588229 0.7499792 0.4330257 0.50002 1 2.75224e-5 2.70633e-5 0.86602 -0.5000092 -1.71363e-7 0.9659304 -1.37091e-6 0.2588021 1 2.20472e-5 4.28408e-6 1.80211e-5 0 1 0.4330028 0.7499779 0.5000417 0.5000104 0.8660195 6.35386e-5 0.8660188 0.5000117 2.67476e-5 0.7500218 0.4329841 0.4999922 0.4330207 0.7499949 0.5000008 0.8660237 0.5000032 -2.40449e-5 -8.319e-6 0 1 -8.36924e-5 0.8660495 0.4999582 0.2250227 0.9743535 4.35859e-6 0.4999144 0.8660748 7.44313e-6 0.4330356 0.7500305 0.4999344 -1.08536e-5 0.8660581 0.4999434 0.4999991 0.8660259 -5.07236e-5 9.94623e-7 0 1 1.69128e-6 0.8660218 0.5000064 8.23941e-6 1 1.37538e-5 0.2249916 0.9743608 8.82149e-6 -0.4329991 0.7499806 0.500041 -0.5000235 0.8660119 2.83122e-5 -1.67275e-5 1 2.42889e-5 2.86158e-5 0.866063 0.4999351 -0.433018 0.7500359 0.4999416 -1.55121e-5 1 -8.91648e-5 -0.7500256 0.4329618 0.5000058 -0.5516024 0.8341073 -1.79186e-5 -0.5000131 0.8660178 -1.33887e-5 -0.4330319 0.7500362 0.4999291 -0.750038 0.4330163 0.49994 -0.500068 0.8659861 -5.78146e-5 -5.73674e-7 0 1 -0.7500298 0.4330103 0.4999574 -0.8659974 0.5000486 -4.59999e-5 -0.5516235 0.8340933 -4.00245e-5 -0.9659304 1.37091e-6 0.258802 -1 -4.00841e-6 -3.24249e-5 -0.8660201 0.5000093 -2.6077e-7 -1.8021e-5 0 1 -0.8659911 1.71363e-6 0.5000596 -0.9659245 -5.58887e-6 0.2588245 -0.8660037 0.5000376 5.16176e-5 -0.7499905 0.4330357 0.4999945 -0.8659973 4.13861e-5 0.5000488 -0.8660178 0.5000131 1.64323e-5 -0.7499702 -0.4330227 0.500036 -1 -2.52873e-5 4.48255e-5 -0.9659202 -2.41422e-5 0.25884 -0.750001 -0.4329921 0.5000163 -0.8660239 -0.5000028 2.71201e-6 -1 2.85357e-6 -1.08182e-5 -0.7500004 -0.4330068 0.5000045 -0.9659329 -1.16229e-6 0.2587931 -0.8660293 1.86712e-5 0.4999933 -0.8660182 1.89692e-5 0.5000126 -0.8660199 1.88798e-5 0.5000097 -0.750016 0.4329981 0.4999887 -0.75003 -0.4329754 0.4999874 -0.7500345 -0.4329749 0.499981 -0.8660356 2.1264e-5 0.4999824 -0.8660278 2.14493e-5 0.499996 -0.7499973 -0.4329981 0.5000168 -0.8660156 2.29031e-5 0.5000171 -0.7499811 0.4329979 0.5000413 -0.749984 0.4329921 0.5000418 -0.432969 0.7500018 0.5000353 -0.8381078 0.2181648 0.4999796 -0.8660381 8.52942e-5 0.4999781 -0.7500244 0.4329912 0.4999822 -0.7499755 0.4330116 0.5000377 -0.8380631 0.2182142 0.500033 -0.7499762 0.4330153 0.5000336 -0.4329792 0.7500053 0.5000214 -0.4330237 0.7499837 0.500015 1.34576e-5 0.8659934 0.5000556 -0.433021 0.7500181 0.4999656 -0.7500302 0.4329957 0.4999693 -0.4330178 0.7500038 0.49999 -2.67327e-5 0.866021 0.5000076 -2.45681e-5 0.8660228 0.5000048 0.4330012 0.7500178 0.4999833 3.17127e-5 0.8660134 0.5000208 -0.4329866 0.7499861 0.5000436 3.60757e-5 0.8660013 0.500042 0.4330189 0.7499852 0.5000168 0.4330265 0.7499988 0.49999 0.7499975 0.4330077 0.5000081 0.4330084 0.7499596 0.5000643 -2.20011e-5 0.8659803 0.5000783 0.4330106 0.7499473 0.500081 0.9659328 1.10269e-6 0.2587932 0.8660293 -1.87652e-5 0.4999934 0.7500004 0.4330067 0.5000047 0.8381109 0.2180835 0.5000098 0.749983 0.4330295 0.500011 0.8660201 5.1409e-7 0.5000093 0.7500199 0.4329862 0.4999932 0.4330108 0.7500057 0.4999932 0.7500088 0.4329772 0.5000175 0.8380739 0.2182142 0.500015 0.7499923 0.4330159 0.5000088 0.7499902 0.4330161 0.5000118 0.8660034 -0.500038 1.66297e-5 0.8660254 1.44094e-5 0.5000001 0.9659331 -2.41213e-7 0.2587922 0.7499903 -0.433036 0.4999945 0.8659973 -4.16469e-5 0.5000486 0.8660178 -0.5000134 1.63689e-5 0.8660201 -1.91927e-5 0.5000093 0.8660218 -1.96376e-5 0.5000064 0.750018 -0.4329986 0.4999855 0.8381144 0.2181045 0.4999947 0.8660196 1.82241e-5 0.5000101 0.8660233 1.84408e-5 0.5000038 -0.4330022 -0.7499891 0.5000256 -0.5515921 -0.8341141 -7.01845e-6 -0.86604 -0.4999747 -1.05202e-5 -1.18703e-5 0 1 -0.7500219 -0.4329838 0.4999923 -0.4329831 -0.749997 0.5000302 -0.8660246 -0.5000014 4.54728e-5 -1.83526e-5 0 1 1.31657e-6 0 1 -0.4330438 -0.7499984 0.4999755 -0.5000538 -0.8659944 1.94907e-5 -0.5516164 -0.834098 -3.14415e-5 -8.80659e-6 -0.8660181 0.5000129 1.62311e-5 -1 -3.14415e-6 -0.4999916 -0.8660303 -1.26809e-5 -0.4330246 -0.7499977 0.4999932 2.06754e-5 -0.8660214 0.500007 -0.5000017 -0.8660244 1.69575e-5 -5.73688e-7 0 1 0.4329842 -0.7500223 0.4999914 0.2249697 -0.9743658 -2.29515e-5 5.27948e-5 -1 -2.33836e-5 -3.23039e-5 -0.8660293 0.4999933 0.4330081 -0.7499991 0.5000053 9.26852e-6 -1 -2.18749e-5 0.4330253 -0.7500115 0.4999719 0.5000182 -0.8660149 -1.28299e-5 0.2249987 -0.9743591 -9.31323e-6 6.10453e-7 0 1 0.7499715 -0.4330263 0.5000311 0.8659919 -0.5000581 1.89543e-5 0.4999926 -0.8660297 4.00841e-6 0.4329903 -0.7500243 0.4999829 0.7500008 -0.4330215 0.4999911 0.5000365 -0.8660044 -2.23517e-7 0.7499992 -0.4330114 0.5000025 0.7500125 -0.4330193 0.4999756 0.4329853 -0.7500178 0.4999971 0.7500329 -0.4329872 0.4999728 0.8660377 1.45654e-5 0.4999787 0.7500244 -0.4329812 0.4999908 0.4329913 -0.750012 0.5000007 0.4330339 -0.7499917 0.4999942 -5.62519e-7 -0.8660048 0.5000358 0.7396076 -0.4505817 0.4999568 0.7499772 -0.4330593 0.4999939 0.4330837 -0.7499779 0.4999716 0.4329913 -0.7500047 0.5000116 0.7395892 -0.450569 0.4999955 0.432989 -0.7500037 0.500015 1.68085e-5 -0.8660212 0.5000074 1.60129e-5 -0.8660229 0.5000044 -0.4330102 -0.7500141 0.4999811 -2.88209e-5 -0.8660322 0.4999884 0.4329916 -0.7500046 0.5000115 -2.89977e-5 -0.86602 0.5000095 -0.433022 -0.7499884 0.5000095 -0.4330297 -0.7500019 0.4999826 -0.7500002 -0.4330101 0.500002 -0.4330195 -0.7499874 0.5000132 1.40788e-5 -0.8660099 0.500027 -0.4330151 -0.7499788 0.5000298 -0.7395778 -0.4505915 0.499992 -0.4330179 -0.7499971 0.4999998 -0.7500094 -0.4330006 0.4999963 -0.7500067 -0.4329942 0.500006 -0.7396102 -0.4505148 0.5000131 -0.7500071 -0.4329943 0.5000054 9.36029e-6 0 1 -2.38527e-6 0 1 -3.53817e-6 0 1 1.72967e-6 0 1 -9.36034e-6 0 1 2.38527e-6 0 1 -1.36063e-5 0 1 -4.88388e-6 0 1 7.07644e-6 0 1 -4.7567e-6 0 1 3.53822e-6 0 1 -3.4593e-6 0 1 -2.16214e-6 0 1 2.32751e-6 0 1 0.7070826 -5.52833e-6 0.707131 0.7070891 -4.65335e-6 0.7071244 0.6123453 -0.3535978 0.7071081 0.6124042 0.3535633 0.7070744 0.6853672 0.1741865 0.7070578 0.7071554 6.10948e-5 0.7070582 0.7071122 5.82216e-6 0.7071014 0.6124077 0.3535207 0.7070926 0.7071164 5.81145e-6 0.7070971 0.612425 -0.3535004 0.7070878 0.6124252 -0.3535006 0.7070875 0.6089215 -0.3595039 0.7070866 0.6123985 -0.3535158 0.7071031 0.7071179 -5.09247e-6 0.7070958 0.6124021 -0.353518 0.7070989 0.6123223 -0.3536051 0.7071244 0.608929 -0.3595045 0.70708 0.3535065 -0.6124098 0.707098 0.612419 0.3535024 0.7070921 0.6124204 0.3535026 0.7070906 0.6853301 0.1742046 0.7070894 0.3535334 0.6124091 0.7070851 0.3535384 0.612412 0.70708 0.6124154 0.3535794 0.7070565 0.6123881 0.3535175 0.7071112 0.3534945 0.6123847 0.7071257 0.6123769 0.3535089 0.7071251 -0.7071323 -1.28746e-5 0.7070813 -0.6853492 0.1742254 0.7070658 -0.6123874 0.3536098 0.7070656 -0.7070857 2.53469e-5 0.7071279 -0.7070903 2.53452e-5 0.7071232 -0.6852905 0.1742141 0.7071255 -0.6124007 0.3535302 0.707094 -0.6123883 0.3535254 0.7071071 -0.3535714 0.612412 0.7070635 -0.6124014 0.3535168 0.7071 -0.7071204 5.79469e-6 0.7070932 -0.6124052 0.3535189 0.7070958 -0.3535324 0.6124193 0.7070767 -0.3535313 0.6124258 0.7070716 -2.37944e-5 0.7071366 0.707077 -0.353601 0.6123484 0.7071038 -0.6124197 0.3534566 0.7071143 -0.3535985 0.612353 0.7071011 1.75387e-5 0.7071133 0.7071003 1.73841e-5 0.7071183 0.7070953 0.353527 0.6124014 0.707095 2.70084e-6 0.7071162 0.7070974 -0.3534995 0.6123926 0.7071163 3.15905e-6 0.7071023 0.7071114 0.3535153 0.6124271 0.7070785 2.23704e-6 0.70712 0.7070937 0.3536069 0.6124002 0.7070561 -0.6123582 -0.3536054 0.7070931 -0.6123773 -0.3535069 0.707126 -0.707077 -4.74742e-6 0.7071367 -0.6124054 -0.3535197 0.7070951 -0.707114 -4.61936e-6 0.7070996 -0.7071098 -5.04311e-6 0.7071038 -0.3535991 -0.6123837 0.7070743 -0.6089158 -0.3596006 0.7070424 -0.612356 -0.3535208 0.7071374 -0.3535766 -0.612385 0.7070843 -0.3534876 -0.6124232 0.7070957 -0.6088669 -0.3596025 0.7070837 -0.6123926 -0.3535213 0.7071054 -0.3535108 -0.6124106 0.707095 -0.6123965 -0.3535229 0.7071012 -4.96209e-6 -0.7071079 0.7071058 -5.004e-6 -0.7071129 0.7071007 -0.3535147 -0.6123993 0.7071028 -0.3535071 -0.6124022 0.7071042 4.68781e-6 -0.7070938 0.7071198 -0.3536016 -0.6123736 0.7070817 0.3535137 -0.6123973 0.7071051 0.3535159 -0.612402 0.7071 5.06407e-6 -0.7071103 0.7071033 0.3536099 -0.6123892 0.707064 0.6124237 -0.353484 0.7070972 0.3536013 -0.6123747 0.7070809 -4.21517e-6 -0.7071109 0.7071027 0.3534982 -0.6123874 0.7071215 -4.44055e-6 -0.7070969 0.7071167 -1 1.14292e-5 -1.29386e-5 -1 1.14292e-5 -1.23637e-5 -0.8660277 0.4999963 -2.03541e-5 -0.8660277 -0.4999961 -1.29386e-5 -0.8660277 -0.4999961 -1.23637e-5 -1 -1.15585e-5 -2.01678e-5 -1 -1.1459e-5 8.68421e-5 -0.8660277 -0.4999963 2.01687e-5 -1 -1.14292e-5 1.29386e-5 -0.8660208 0.5000081 -1.3062e-5 -0.8660208 0.5000081 -1.23637e-5 -0.5000057 0.8660221 -2.00849e-5 -0.8660278 0.4999958 1.23637e-5 -1 1.11113e-5 2.01678e-5 -0.8660278 0.4999958 1.29386e-5 -0.4999935 0.8660293 -1.29386e-5 -0.4999935 0.8660293 -1.23637e-5 -8.28621e-6 1 -2.0355e-5 -0.5000059 0.8660221 1.23637e-5 -0.8660207 0.5000082 2.00849e-5 -0.5000059 0.8660221 1.3062e-5 8.38935e-6 1 -1.29386e-5 8.38935e-6 1 -1.23637e-5 0.4999933 0.8660293 -2.0355e-5 -1.18762e-5 1 1.23637e-5 -0.4999966 0.8660275 2.03559e-5 -1.18613e-5 1 1.29386e-5 0.5000057 0.8660221 -1.3062e-5 0.5000057 0.8660221 -1.23637e-5 0.8660207 0.5000082 -2.0083e-5 0.4999964 0.8660275 1.23637e-5 1.20277e-5 1 2.0355e-5 0.4999964 0.8660275 1.29386e-5 0.8660275 0.4999965 -1.29386e-5 0.8660275 0.4999965 -1.23637e-5 1 1.1968e-5 -2.03541e-5 0.8660233 0.5000039 8.68423e-5 0.5000103 0.8660196 2.00821e-5 0.8660233 0.5000038 1.3062e-5 1 -1.14292e-5 -1.29386e-5 1 -1.14292e-5 -1.23637e-5 0.8660277 -0.4999963 -2.01687e-5 0.8660277 0.4999963 2.01678e-5 1 1.14292e-5 1.29386e-5 1 1.14292e-5 1.23637e-5 0.8660208 -0.5000081 -1.3062e-5 0.8660208 -0.5000081 -1.23637e-5 0.5000057 -0.8660222 -2.0083e-5 0.8660277 -0.4999961 1.23637e-5 1 -1.15585e-5 2.01678e-5 0.8660277 -0.4999961 1.29386e-5 0.4999935 -0.8660292 -1.29386e-5 0.4999935 -0.8660292 -1.23637e-5 8.31604e-6 -1 -2.0355e-5 0.5000057 -0.8660221 1.23637e-5 0.8660207 -0.5000082 2.0084e-5 0.5000057 -0.8660221 1.3062e-5 -8.41916e-6 -1 -1.29386e-5 -8.41916e-6 -1 -1.23637e-5 -0.4999933 -0.8660293 -2.0355e-5 1.18464e-5 -1 1.23637e-5 0.4999966 -0.8660274 2.0355e-5 1.18464e-5 -1 1.29386e-5 -0.5000057 -0.8660221 -1.3062e-5 -0.5000057 -0.8660221 -1.23637e-5 -0.8660207 -0.5000082 -2.00812e-5 -0.4999964 -0.8660275 1.23637e-5 -1.19979e-5 -1 2.03541e-5 -0.4999964 -0.8660275 1.29386e-5 -0.8660233 -0.5000036 1.23637e-5 -0.5000105 -0.8660194 2.00802e-5 -0.8660233 -0.5000036 1.3062e-5 0.7071347 -1.19209e-7 -0.7070789 0.7071304 3.02214e-6 -0.7070832 0.6124274 -0.3535678 -0.7070521 0.6124217 0.3535628 -0.7070594 0.6124176 0.3535643 -0.7070622 0.7071413 -9.71835e-7 -0.7070723 0.6843813 0.177731 -0.7071309 0.612338 0.353567 -0.7071298 0.7070643 4.93005e-5 -0.7071493 0.7071111 -1.05153e-5 -0.7071025 0.684411 0.177683 -0.7071141 0.7071108 -1.05202e-5 -0.7071028 0.6110172 -0.3559021 -0.7071009 0.6124207 -0.3535758 -0.7070539 0.3535305 -0.6124112 -0.7070846 0.61101 -0.3559029 -0.7071067 0.7070958 -1.91564e-5 -0.7071179 0.6124066 -0.3534928 -0.7071075 0.3536217 -0.612368 -0.7070766 0.353528 -0.6123962 -0.707099 1.85715e-5 -0.7070938 -0.7071198 0.35348 -0.6124069 -0.7071137 0.6109924 -0.3558965 -0.7071252 0.3534849 -0.6124137 -0.7071053 -1.76281e-5 -0.7070969 -0.7071167 -1.78716e-5 -0.7071108 -0.7071027 -0.3535197 -0.612381 -0.7071163 5.0189e-6 -0.7071129 -0.7071008 0.3536103 -0.6123732 -0.7070777 4.97699e-6 -0.7071078 -0.7071058 -0.3535183 -0.6123865 -0.7071122 -0.3535246 -0.612399 -0.7070982 -0.6123669 -0.3536003 -0.7070882 -0.3535159 -0.612402 -0.7071 -5.06407e-6 -0.7071103 -0.7071033 -0.3536165 -0.6123836 -0.7070657 -0.6110196 -0.3559189 -0.7070903 -0.612414 -0.3536002 -0.7070474 -0.7071206 1.53044e-5 -0.7070931 -0.6110175 -0.3559044 -0.7070995 -0.3535237 -0.6123999 -0.707098 -0.6123932 -0.3535002 -0.7071155 -0.7071321 -7.89762e-7 -0.7070815 -0.7071278 -3.48082e-6 -0.7070858 -0.6124248 0.3535672 -0.7070546 -0.6109973 -0.3558934 -0.7071225 -0.7071129 1.8388e-5 -0.7071007 -0.7071118 1.97212e-5 -0.7071018 -0.6123734 0.3535875 -0.7070889 -0.6123874 0.3535941 -0.7070735 -0.3535316 0.6123753 -0.7071153 -0.6844176 0.1776791 -0.7071086 -0.7071042 8.74996e-5 -0.7071095 -0.612335 0.3535879 -0.707122 -0.6124233 0.3534866 -0.7070962 -0.6844021 0.1777231 -0.7071126 -0.612394 0.3535245 -0.7071027 -0.353617 0.6123974 -0.7070534 -0.3535257 0.6124241 -0.707076 -1.38744e-5 0.7071199 -0.7070937 -0.3536045 0.6123856 -0.7070699 -0.612387 0.353518 -0.7071119 -0.353605 0.6123831 -0.7070719 7.88271e-6 0.7071022 -0.7071114 8.37864e-6 0.7070966 -0.707117 0.3535104 0.6123893 -0.7071138 -6.33951e-6 0.7071183 -0.7070954 -0.3536117 0.6123785 -0.7070724 -6.482e-6 0.7071132 -0.7071004 0.3534725 0.6124078 -0.7071167 0.3535121 0.6123784 -0.7071223 0.6123631 0.3535965 -0.7070934 0.3535304 0.6124444 -0.7070561 1.21114e-5 0.7071366 -0.707077 0.3535832 0.6124325 -0.7070398 0.612404 0.3535348 -0.7070888 0.3536128 0.6123883 -0.7070634 0.6124006 0.3535306 -0.7070938 5.90855e-5 0 1 1.50873e-5 0 1 2.1457e-5 0 1 1.53365e-5 0 1 -1.52588e-5 0 1 9.05964e-6 0 1 -5.90859e-5 0 1 -1.50877e-5 0 1 -1.16249e-5 0 1 1.16249e-5 0 1 -1 2.10851e-5 2.17295e-6 -1 2.10851e-5 -6.02057e-6 -0.968216 0.2501161 -3.34904e-6 -0.8655673 -0.5007928 9.07559e-6 -0.8655673 -0.5007928 -1.23858e-5 -1 -2.07425e-5 2.05077e-5 -1 -2.10702e-5 1.23836e-5 -0.8655671 -0.5007931 -2.06325e-5 -1 -2.10702e-5 -9.07397e-6 -0.9682145 0.2501218 -7.02073e-6 -0.9682145 0.2501218 -6.44743e-6 -0.8660199 0.5000096 1.9744e-7 -0.9682163 0.2501149 6.02284e-6 -1 1.98602e-5 3.34717e-6 -0.9682163 0.2501149 -2.17377e-6 -0.4999986 -0.8660263 -8.63614e-6 -0.4999986 -0.8660263 -1.23438e-5 -0.8655609 -0.5008038 -1.56276e-6 -0.8655847 -0.5007625 1.23438e-5 -0.4999986 -0.8660263 1.5609e-6 -0.8655847 -0.5007625 8.63615e-6 -9.74536e-6 -1 2.97214e-7 -9.74536e-6 -1 -1.23637e-5 -0.4999945 -0.8660286 -1.50688e-5 -0.4999946 -0.8660286 1.23637e-5 -9.68424e-6 -1 1.50688e-5 -0.4999946 -0.8660286 -2.97214e-7 0.8655608 -0.5008039 -8.6346e-6 0.8655608 -0.5008039 -1.23416e-5 0.4999985 -0.8660262 -1.56462e-6 1 -2.10702e-5 9.07397e-6 1 -2.10702e-5 -1.23836e-5 0.8655671 -0.5007931 2.06325e-5 0.8655673 -0.5007928 1.23858e-5 1 -2.07425e-5 -2.05077e-5 0.8655673 -0.5007928 -9.07559e-6 0.4999946 -0.8660286 2.97214e-7 0.4999946 -0.8660286 -1.23637e-5 9.68424e-6 -1 -1.50688e-5 0.4999986 -0.8660263 1.23438e-5 0.8655608 -0.5008038 1.56648e-6 0.4999986 -0.8660263 8.63614e-6 9.74536e-6 -1 1.23637e-5 0.4999946 -0.8660286 1.50707e-5 9.74536e-6 -1 -2.97214e-7 0.9682163 0.2501149 2.17377e-6 0.9682163 0.2501149 -6.02284e-6 1 1.98602e-5 -3.34717e-6 0.968216 0.2501161 3.34904e-6 1 2.10851e-5 -2.17295e-6 1 2.10851e-5 6.02057e-6 0.8660197 0.5000101 -7.02319e-6 0.8660197 0.5000101 -4.53023e-5 0.9682143 0.2501223 1.95578e-7 0.8660179 0.5000131 -2.27243e-7 0.9682134 0.2501257 7.02073e-6 0.9682134 0.2501257 4.52864e-5 0.5000044 0.866023 1.73803e-7 0.5000044 0.866023 -8.68422e-5 0.8660199 0.5000097 -1.49217e-5 0.5000076 0.8660211 1.49217e-5 0.8660219 0.5000063 -1.73803e-7 0.8660219 0.5000063 1.23637e-5 -0.8660218 0.5000064 1.73803e-7 -0.8660218 0.5000063 -1.23637e-5 -0.5000076 0.8660211 -1.49254e-5 -0.8660184 0.5000122 6.44969e-6 -0.9682137 0.2501246 -2.64496e-7 -0.8660184 0.5000122 7.0232e-6 -0.4999946 0.8660286 2.97214e-7 -0.4999946 0.8660286 -1.23637e-5 -9.68424e-6 1 -1.50688e-5 -0.5000076 0.866021 8.68421e-5 -0.8660218 0.5000063 1.49254e-5 -0.5000076 0.866021 -1.73803e-7 9.74536e-6 1 2.97214e-7 9.74536e-6 1 -1.23637e-5 0.4999945 0.8660286 -1.50688e-5 -0.4999946 0.8660286 1.50707e-5 -9.74536e-6 1 -2.97214e-7 -9.74536e-6 1 1.23637e-5 9.68424e-6 1 1.50688e-5 0.4999946 0.8660286 -2.97214e-7 0.4999946 0.8660286 1.23637e-5 -1.17452e-6 0 -1 1.90123e-6 0 -1 -2.58817e-6 0 -1 6.94834e-7 0 -1 -6.97047e-7 0 -1 0.8659706 0.5000949 -1.27628e-5 -2.55406e-5 -3.71225e-6 -1 -2.54512e-5 -4.1835e-6 -1 0.8660129 0.5000218 -2.87681e-5 -3.98159e-5 7.32541e-5 -1 2.68221e-7 -1.4782e-5 -1 0.7071149 3.17395e-6 -0.7070987 2.27094e-5 8.89599e-6 -1 2.20835e-5 -2.10106e-6 -1 0.8660432 0.4999694 7.14064e-5 7.12043e-5 -2.01985e-5 -1 0.7071565 -2.97874e-5 -0.7070571 0.8660172 -0.5000143 -4.31412e-6 1.22189e-5 2.864e-5 -1 -1.11163e-5 -3.09348e-5 -1 0.8660439 -0.4999681 8.04663e-6 1 -6.41421e-5 2.12491e-5 1.01272e-5 -8.91089e-6 -1 0.70712 4.15035e-5 -0.7070936 1.7345e-5 1.56611e-5 -1 1 -2.85804e-5 -3.17395e-6 0.8660482 -0.4999606 1.21593e-5 1.49608e-5 1.88649e-5 -1 -7.25687e-6 -3.27826e-6 -1 0.5000406 -0.8660021 4.28781e-6 4.76837e-6 -2.2918e-5 -1 0.8283331 -0.293161 -0.4774106 0.4999981 -0.8660265 7.36117e-6 0.8660306 -0.4999909 -5.05149e-5 -1.73151e-5 -2.27615e-5 -1 2.39313e-5 -1 -2.55387e-5 1.51396e-5 -2.12193e-5 -1 -3.43472e-6 3.24845e-5 -1 4.05312e-5 -1 -6.64592e-6 0.4999974 -0.866027 -2.44677e-5 4.5225e-5 3.00296e-5 -1 -0.5000283 -0.866009 1.98269e-5 4.56572e-5 -1.14143e-5 -1 -6.55651e-7 -9.42051e-5 -1 -0.5000485 -0.8659974 4.17232e-7 6.59078e-5 -1 5.00679e-6 -1.08033e-5 -1.57058e-5 -1 -0.8660354 -0.4999828 1.27554e-5 -1.89543e-5 -1.3411e-5 -1 7.31647e-6 -3.52301e-5 -1 -0.8659923 -0.5000573 1.63913e-6 -0.4999521 -0.866053 -6.94394e-6 -1.90139e-5 -1.44094e-5 -1 -0.8660266 -0.4999979 -1.61836e-5 4.05908e-5 -5.40316e-5 -1 3.3319e-5 -2.99811e-5 -1 -0.7071048 2.50116e-5 -0.7071089 7.21216e-6 -1.57319e-5 -1 9.95398e-6 1.93343e-5 -1 -0.707154 3.07411e-5 -0.7070596 -0.8660432 -0.4999692 6.7383e-5 -6.7591e-5 2.11075e-5 -1 3.66866e-7 0 -1 -5.8269e-6 0 -1 -1 6.70254e-5 -1.4022e-5 6.81728e-6 -1.93901e-6 -1 7.18981e-6 -1.16602e-6 -1 -0.7071272 -2.09101e-5 -0.7070865 -9.05991e-6 -7.74767e-5 -1 -1 9.91672e-6 1.9033e-5 -1.38391e-6 0 -1 -0.8660048 0.5000357 -1.16974e-5 4.39882e-5 1.41263e-5 -1 -1.92523e-5 -5.34356e-5 -1 -0.8660439 0.499968 5.0962e-6 -1 6.28009e-5 1.73151e-5 -7.37794e-6 7.96467e-6 -1 -0.500042 0.8660013 -1.35321e-5 -2.5332e-7 5.0962e-6 -1 -0.82833 0.2931497 -0.477423 -0.4999995 0.8660257 2.45571e-5 -0.8660312 0.4999902 -2.7746e-5 4.72367e-6 3.53307e-5 -1 -2.3976e-5 1 -2.23629e-5 -1.30683e-5 2.42293e-5 -1 4.70132e-6 -2.44379e-5 -1 -6.93589e-7 0 -1 -3.96371e-5 1 -1.50502e-5 -0.4999974 0.866027 -3.22759e-5 -4.41968e-5 -3.85977e-5 -1 -2.93831e-6 0 -1 0.8660439 0.4999681 4.33922e-5 9.20892e-6 5.46873e-5 -1 5.14015e-5 2.11596e-6 -1 0.5000531 0.8659948 -1.03116e-5 -6.58408e-5 1 -1.07288e-5 4.69387e-6 7.18236e-6 -1 0.8660268 0.4999977 -2.03848e-5 0.5000366 0.8660044 -1.91331e-5 7.7188e-6 -3.06666e-5 -1 1.73e-6 0 -1 1 -8.37445e-6 8.83416e-7 1 -8.37445e-6 -1.23637e-5 0.8660292 -0.4999935 1.74297e-5 0.8660072 0.5000315 2.98023e-6 0.707086 3.96371e-6 -0.7071276 1 5.47618e-6 -2.3514e-5 0.866029 0.4999939 8.83416e-7 0.866029 0.4999939 -1.23637e-5 1 8.9127e-6 1.74297e-5 1 8.37445e-6 1.23637e-5 0.8660293 0.4999935 -1.74297e-5 1 8.37445e-6 -8.83416e-7 0.8660196 -0.5000101 8.83415e-7 0.8660195 -0.5000101 -1.23637e-5 0.5000035 -0.8660234 1.72434e-5 0.8660053 -0.500035 1.23659e-5 1 -8.40594e-6 -1.74297e-5 0.8660053 -0.500035 -8.83574e-7 0.4999929 -0.8660295 8.83416e-7 0.4999929 -0.8660295 -1.23637e-5 7.77992e-6 -1 1.74297e-5 0.500009 -0.8660202 1.23637e-5 0.8660227 -0.5000048 -1.74288e-5 0.500009 -0.8660202 -8.83415e-7 -7.79331e-6 -1 8.83416e-7 -7.80821e-6 -1 -1.23637e-5 -0.4999928 -0.8660295 1.74297e-5 7.83801e-6 -1 1.23637e-5 0.4999928 -0.8660295 -1.74297e-5 7.82311e-6 -1 -8.83416e-7 -0.5000038 -0.8660233 8.83417e-7 -0.5000039 -0.8660233 -8.68422e-5 -0.8660196 -0.5000103 1.74316e-5 -0.4999929 -0.8660295 1.23637e-5 -7.77992e-6 -1 -1.74297e-5 -0.4999929 -0.8660295 -8.83416e-7 -0.7070859 -3.93391e-6 -0.7071276 -1 -5.4501e-6 -2.35736e-5 -0.8660073 -0.5000316 2.98023e-6 -0.8660293 -0.4999935 8.83416e-7 -0.8660293 -0.4999935 -1.23637e-5 -1 -8.40594e-6 1.74297e-5 -0.8660225 -0.500005 1.23637e-5 -0.5000091 -0.8660202 -1.72462e-5 -0.8660225 -0.500005 -8.83416e-7 -1 8.40426e-6 8.83416e-7 -1 8.43406e-6 -8.68422e-5 -0.8660293 0.4999935 1.74306e-5 -0.8660292 -0.4999935 -1.74297e-5 -1 -8.37445e-6 -8.83416e-7 -1 -8.37445e-6 1.23637e-5 -0.8660196 0.5000101 8.83415e-7 -0.8660195 0.5000101 -1.23637e-5 -0.5000035 0.8660234 1.74297e-5 -0.8660055 0.5000346 1.23659e-5 -1 7.89916e-6 -1.74306e-5 -0.8660055 0.5000346 -8.83574e-7 -0.4999929 0.8660296 8.83416e-7 -0.4999929 0.8660296 -1.23637e-5 -7.80975e-6 1 1.74297e-5 -0.500009 0.8660202 1.23637e-5 -0.8660227 0.5000048 -1.74306e-5 -0.500009 0.8660202 -8.83415e-7 7.82311e-6 1 8.83416e-7 7.83801e-6 1 -1.23637e-5 0.4999928 0.8660295 1.74297e-5 -7.80821e-6 1 1.23637e-5 -0.4999929 0.8660296 -1.74297e-5 -7.80821e-6 1 -8.83416e-7 0.5000038 0.8660233 8.83417e-7 0.5000038 0.8660232 -1.23637e-5 0.8660194 0.5000104 1.74306e-5 0.4999929 0.8660295 1.23637e-5 7.77992e-6 1 -1.74297e-5 0.4999929 0.8660295 -8.83416e-7 0.8660225 0.500005 1.23637e-5 0.5000091 0.8660202 -1.74306e-5 0.8660225 0.500005 -8.83416e-7 -0.7071337 -2.59429e-5 0.70708 -1 -2.16663e-5 -8.52346e-6 -0.8660429 0.4999697 -3.97265e-5 -1.01272e-5 -8.91089e-6 1 -0.8660439 -0.4999681 -8.04663e-6 -1 -7.62567e-5 2.51532e-5 -0.70712 4.15035e-5 0.7070936 -1.7345e-5 1.56611e-5 1 -1 -2.85804e-5 3.17395e-6 -2.57492e-5 1.69873e-6 1 -0.8660219 0.5000063 -2.0653e-5 -0.5000302 0.866008 -2.48738e-5 -0.7071186 -1.97142e-5 0.7070949 -0.8660461 0.4999643 -1.59144e-5 -3.02121e-6 2.39909e-5 1 1.36495e-5 5.28842e-5 1 7.86781e-6 2.84314e-5 1 -0.8660321 0.4999884 -6.28643e-7 6.18398e-5 -1.00732e-5 1 7.71135e-6 -5.10216e-5 1 -0.8660365 0.4999808 3.77893e-5 6.33299e-6 1.53482e-6 1 -0.4999424 0.8660587 1.07437e-5 4.81531e-5 1 1.27256e-5 -5.07832e-5 3.56436e-5 1 -7.76202e-5 6.74725e-5 1 -0.5000225 0.8660125 -3.72529e-5 4.41968e-5 -3.86331e-5 1 3.96371e-5 1 1.508e-5 0.4999974 0.866027 3.22759e-5 3.55653e-5 -1.46627e-5 1 -1.77454e-5 -2.25306e-5 1 -3.03537e-5 1 1.36641e-5 -3.8445e-5 1.63168e-6 1 0.4999957 0.866028 2.16365e-5 0.8660368 0.4999805 4.25279e-5 2.5332e-7 5.0962e-6 1 0.82833 0.2931497 0.477423 0.500042 0.8660013 1.35321e-5 7.24755e-6 8.40426e-6 1 0.8660438 0.4999682 -5.36442e-6 1 7.65622e-5 2.89977e-5 1.61119e-5 1.35191e-5 1 1.30869e-5 1.55494e-5 1 0.8659784 0.5000816 -2.23629e-5 1.60635e-5 6.4075e-6 1 -5.57303e-6 3.74615e-5 1 0.8660036 0.500038 -1.8944e-5 0.7071394 2.46465e-5 0.7070742 1 2.05673e-5 -1.66893e-5 0.8660429 -0.49997 -4.90546e-5 2.66731e-5 -1.32769e-5 1 1 2.93553e-5 -5.0012e-6 0.7071258 -4.05498e-5 0.7070878 5.31971e-6 -4.60446e-6 1 0.866047 -0.4999626 1.25766e-5 0.500011 -0.8660191 7.03335e-6 6.51414e-6 -2.487e-5 1 0.7071211 1.89692e-5 0.7070924 0.866046 -0.4999644 -1.96397e-5 -1.07586e-5 -5.36442e-5 1 -3.9041e-6 -2.88039e-5 1 0.8660322 -0.4999884 -3.52226e-6 6.4671e-6 -3.73423e-5 1 1.04606e-5 -1.27703e-5 1 0.8660186 -0.5000119 -2.96831e-5 1.75983e-5 -1.18017e-5 1 0.5000557 -0.8659934 -5.81145e-6 -5.65126e-5 -1 3.57628e-7 1.72555e-5 1.15037e-5 1 4.46588e-5 3.3617e-5 1 0.5000217 -0.8660128 -1.02461e-5 -4.51952e-5 3.00836e-5 1 -4.05163e-5 -1 6.58631e-6 -0.4999973 -0.866027 2.44081e-5 -2.36332e-5 -1.84774e-5 1 -2.16812e-6 2.73287e-5 1 -3.24249e-5 -1 2.2877e-5 1.72481e-5 -2.28137e-5 1 -0.499998 -0.8660266 -7.21216e-6 -0.8660367 -0.4999803 4.02331e-6 -8.42381e-6 -1.73077e-5 1 -2.61515e-6 -1.79112e-5 1 -0.5000687 -0.8659859 -3.05474e-6 -1.16527e-5 2.563e-6 1 -4.03672e-5 1.66893e-6 1 -0.5000339 -0.8660058 -3.34065e-6 1.79112e-5 -4.04716e-5 1 -5.44488e-5 1.8537e-5 1 -0.86605 -0.4999573 1.19209e-6 1.42753e-5 0 1 0.7071101 -4.91738e-6 0.7071036 1.57356e-5 -1.06096e-5 1 -1.76111e-5 0 1 2.19325e-5 0 1 6.44704e-5 0 1 -3.0697e-5 0 1 -0.7071124 4.06802e-6 0.7071012 -1.92225e-5 9.82732e-6 1 -1.81198e-5 -1.04308e-6 1 1.30757e-5 0 1 2.19309e-5 0 1 9.65251e-6 0 1 -7.89079e-5 0 1 6.66033e-5 0 1 0.7071102 8.55327e-6 0.7071034 3.15905e-6 -1.4931e-5 1 8.9407e-7 -1.60262e-5 1 0.8660604 0.4999393 -1.0058e-4 8.72314e-5 5.19305e-5 1 5.63562e-5 -4.0777e-5 1 0.7069635 -7.24196e-6 0.7072501 0.8660038 0.5000374 9.06587e-5 -1.97132e-4 -9.84222e-6 1 0.8660348 -0.4999839 -6.27001e-5 2.73585e-5 -4.30346e-5 1 6.38068e-5 9.4533e-5 1 0.7070534 -3.85158e-5 0.7071603 -1.06961e-4 8.58381e-5 1 1 -4.09782e-5 1.11513e-4 0.8660299 -0.4999924 -2.81334e-5 1 1.57803e-5 -1.39475e-5 -3.06219e-5 -3.35574e-5 1 0.8659834 -0.5000727 -2.44677e-5 8.01869e-7 -8.98205e-5 1 -1.80677e-7 -8.96026e-5 1 0.8660263 0.4999986 -1.21892e-4 7.84695e-5 7.79331e-5 1 6.24582e-5 7.77496e-5 1 0.4999567 0.8660504 7.17957e-5 -9.197e-5 -5.21243e-5 1 -1.45435e-5 -8.05855e-5 1 0.8659829 0.5000739 -3.53158e-6 0.500068 0.8659863 1.92374e-5 1.86637e-5 1.65403e-6 1 -1.07586e-5 1 4.30271e-6 -1.13547e-5 2.78354e-5 1 6.98864e-5 -1.94311e-5 1 0.4999857 0.8660337 -5.16474e-5 -9.92417e-6 1 -6.66678e-5 -1.60113e-5 6.69081e-5 1 -0.5000186 0.8660146 1.29491e-5 -2.38838e-6 5.3905e-5 1 -4.7572e-6 5.36554e-5 1 -0.5000512 0.865996 -2.56721e-5 -9.07481e-6 5.04851e-5 1 -4.31389e-5 3.48985e-5 1 -1.75536e-5 1 -1.93715e-5 -0.4999847 0.8660343 -5.80251e-5 2.19494e-5 6.83256e-5 1 -0.8660386 0.4999772 6.61304e-5 -6.25849e-6 -4.24981e-5 1 3.91603e-5 -2.0206e-5 1 -0.4999593 0.8660489 7.92742e-5 -0.8659934 0.5000555 3.39448e-5 3.86089e-5 -4.6365e-5 1 -0.4999369 -0.8660618 1.37091e-6 3.42727e-5 2.3514e-5 1 2.34768e-5 -1.23922e-5 1 5.42365e-5 -1 4.26341e-5 -1.65477e-5 1.40667e-5 1 -1.38283e-5 1.97887e-5 1 -0.5000174 -0.8660154 1.38283e-5 6.51628e-5 -1 1.60187e-5 -6.67013e-6 -2.61366e-5 1 -0.8660021 -0.5000406 1.99676e-5 5.61774e-5 1.23382e-5 1 1.24294e-5 -3.21679e-6 1 -0.8660501 -0.4999572 -1.60336e-5 -0.5000467 -0.8659985 -1.78171e-5 -2.50041e-5 1.60933e-6 1 -0.8660573 -0.4999446 -1.00032e-4 -9.0003e-5 -4.63277e-5 1 -5.62966e-5 4.07994e-5 1 -0.7071039 -9.93162e-6 0.7071098 5.81145e-6 1.23456e-5 1 7.06315e-6 1.38134e-5 1 -0.8660038 -0.5000375 8.16882e-5 1.88018e-4 6.88434e-6 1 -0.7069699 5.55068e-6 0.7072438 -0.8660269 0.4999974 -1.76728e-5 -1 -1.58995e-5 -5.60284e-6 3.80725e-5 2.53618e-5 1 -0.7070534 3.85419e-5 0.7071603 1.07229e-4 -8.58381e-5 1 -1 4.09782e-5 1.11513e-4 0.5000246 -0.8660113 8.27573e-6 -6.4671e-6 1.12355e-5 1 2.61143e-5 1.48416e-5 1 8.23289e-6 -1 -7.59959e-6 0.4999847 -0.8660343 -1.14441e-5 -3.75807e-5 -1.01794e-5 1 0.4999709 -0.8660423 4.84288e-5 0.865987 -0.5000665 1.64211e-5 -1.9595e-5 2.14204e-5 1 -1 6.82473e-6 4.82331e-7 -1 6.82473e-6 -1.23637e-5 -0.86603 0.499992 1.26921e-5 -0.8660213 -0.5000072 8.40425e-6 -0.7071085 -9.045e-6 0.7071051 -1 1.70991e-5 1.60933e-6 -0.8660295 -0.499993 -6.29209e-6 -0.8660295 -0.499993 -1.98803e-5 -1 -7.9507e-6 -1.06655e-5 -1 -1.30981e-5 1.23637e-5 -0.8660269 -0.4999974 -1.21593e-5 -1 -1.30832e-5 -8.2171e-7 -0.7317185 0.681607 -8.9258e-6 -0.8660211 0.5000076 3.47793e-5 -0.5000118 0.8660187 3.2723e-5 -0.7317544 0.6815685 8.67248e-6 -1 5.56931e-6 6.13928e-6 -0.8660221 0.5000057 7.24196e-6 -0.07088643 0.9974845 -9.20892e-6 -0.499979 0.8660376 -1.7181e-5 -1.9595e-5 1 -1.28746e-5 -0.07094156 0.9974806 5.84125e-6 -0.7317501 0.6815731 -2.62856e-5 -0.5000321 0.866007 -1.80304e-5 4.92528e-4 1 1.20213e-5 1.24804e-5 1 1.64593e-5 0.5000295 0.8660084 6.1132e-6 5.98339e-4 0.9999999 -2.43845e-6 -0.07091248 0.9974826 -4.5076e-7 2.30148e-5 1 -1.14358e-6 0.7321056 0.6811912 4.32134e-6 0.5000078 0.8660209 1.73151e-5 0.8660103 0.5000264 -4.11272e-6 0.07197439 0.9974065 7.77841e-6 0.5000151 0.8660168 -1.47745e-5 0.07197439 0.9974065 -1.30603e-5 0.7321094 0.6811871 -8.01682e-6 0.07196879 0.997407 -2.64347e-5 0.4999902 0.8660312 2.22325e-5 5.07668e-4 0.9999999 -2.95043e-6 0.5000023 0.8660242 -2.262e-5 0.07191371 0.9974109 -7.00355e-6 0.7071231 1.45137e-5 0.7070906 1 -1.79224e-5 -1.88053e-5 0.8660209 0.5000078 -9.95398e-6 0.7320928 0.681205 -2.15471e-5 0.8660145 0.500019 -2.15769e-5 1 -2.16216e-5 -2.07424e-5 1 -6.78003e-6 4.82331e-7 1 -6.78003e-6 -1.23637e-5 0.86603 -0.499992 1.26958e-5 0.7320827 0.6812158 -1.14515e-5 1 1.49012e-6 -2.51575e-5 1 1.49012e-6 1.74833e-5 0.866022 -0.5000061 6.95868e-6 0.866022 -0.5000061 3.20206e-5 0.5000078 -0.866021 -1.21743e-5 0.8660264 -0.4999986 -3.27014e-5 1 -1.43014e-5 1.20178e-5 0.8660263 -0.4999985 -7.96715e-6 0.4999932 -0.8660293 -6.63269e-6 0.4999932 -0.8660293 -2.02209e-5 8.23289e-6 -1 -1.10008e-5 0.5000059 -0.8660221 2.02218e-5 0.8660207 -0.5000081 9.93162e-6 0.5000059 -0.8660221 7.35493e-6 -8.15094e-6 -1 4.8233e-7 -8.15094e-6 -1 -1.23637e-5 -0.4999933 -0.8660293 1.26995e-5 1.30981e-5 -1 1.23637e-5 0.4999974 -0.8660269 -1.21593e-5 1.30832e-5 -1 -8.2171e-7 -0.5000077 -0.866021 6.9587e-6 -0.5000078 -0.866021 3.20206e-5 -0.866022 -0.5000061 -1.21593e-5 -0.4999975 -0.8660269 -3.27014e-5 -1.30264e-5 -1 1.20848e-5 -0.4999974 -0.8660269 -7.9671e-6 -0.8660208 -0.500008 2.02219e-5 -0.5000058 -0.8660221 9.91672e-6 -0.8660208 -0.500008 7.35496e-6 0.7071149 -6.73532e-6 -0.7070987 0.7071001 -6.22915e-6 -0.7071135 0.6124102 -0.3535183 -0.7070917 0.6924945 0.1431028 -0.7070876 0.7071028 1.85519e-6 -0.7071108 0.7071101 1.80519e-6 -0.7071036 0.5177243 0.4816176 -0.7071111 0.7071048 2.5183e-6 -0.7071089 0.6924812 0.1430545 -0.7071105 0.6124135 -0.3534864 -0.7071048 0.6124171 -0.3534886 -0.7071005 0.3536052 -0.6123166 -0.7071292 0.6123822 -0.3535161 -0.7071171 0.7070845 1.27009e-5 -0.7071292 0.6123746 -0.3535088 -0.7071273 0.353501 -0.6124111 -0.7070996 0.3535031 -0.6124137 -0.7070962 -1.93575e-5 -0.7071089 -0.7071047 0.5681976 -0.4208454 -0.7071356 0.6123108 -0.3536048 -0.7071345 0.3535064 -0.6123751 -0.7071279 0.3535735 -0.6123961 -0.7070763 0.5682109 -0.4208296 -0.7071343 0.3535667 -0.6123839 -0.7070902 1.70469e-5 -0.7071206 -0.7070931 1.66828e-5 -0.7071217 -0.7070919 -0.3535048 -0.612422 -0.7070882 -8.34186e-6 -0.707107 -0.7071066 0.3535059 -0.6124231 -0.7070868 -8.38935e-6 -0.7071194 -0.7070943 -0.353493 -0.6124179 -0.7070975 -0.3534953 -0.6124204 -0.7070942 -0.6124067 -0.3535042 -0.7071017 -0.3535208 -0.6123872 -0.7071104 -3.07956e-5 -0.7070955 -0.7071182 -0.3535779 -0.6123892 -0.7070801 -0.6123798 -0.3535051 -0.7071246 -0.6123844 -0.3535057 -0.7071202 -0.7070827 -2.00705e-5 -0.707131 -0.5681887 -0.4208782 -0.7071232 -0.3535932 -0.6123313 -0.7071226 -0.6123226 -0.3535742 -0.7071396 -0.6123901 -0.3535227 -0.7071068 -0.5682156 -0.4208242 -0.7071337 -0.6123915 -0.3535235 -0.7071053 -0.707128 -1.40239e-5 -0.7070856 -0.612339 -0.3535348 -0.7071452 -0.7071166 -1.2219e-5 -0.7070971 -0.5174167 0.4819304 -0.7071231 -0.7071103 6.3777e-6 -0.7071034 -0.7071033 6.47083e-6 -0.7071104 1.94893e-6 0 -1 3.94167e-7 0 -1 -2.1172e-7 0 -1 2.11723e-7 0 -1 6.63775e-7 0 -1 -0.5173742 0.4819253 -0.7071577 -0.6925143 0.1431139 -0.7070661 -0.7071474 -1.25021e-5 -0.7070663 -3.71757e-5 0 -1 0.7070747 0.7071389 0 -9.53116e-6 1 -1.04208e-6 -9.53116e-6 1 1.41735e-6 -0.05932235 0.998239 1.27032e-6 -0.05932235 0.9982389 -1.41735e-6 -9.53232e-6 1 -1.27126e-6 -0.05932235 0.9982389 1.04208e-6 0.7071111 0.7071025 0 0.7072298 0.7069838 0 -0.04769629 0.7055131 -0.7070901 -0.04520583 0.7057141 -0.7070532 -0.515805 0.483727 -0.7070739 5.29981e-7 0 -1 -0.5174337 0.4819129 -0.7071226 -0.5157889 0.4837191 -0.7070909 -0.6925204 0.1429889 -0.7070854 -0.05009186 0.7053414 -0.7070958 -0.5158101 0.48371 -0.7070818 -0.5174035 0.482027 -0.7070669 -0.04768097 0.7054796 -0.7071245 -0.5158022 0.4836748 -0.7071117 -0.05009371 0.705304 -0.7071329 7.26617e-6 0 -1 0 0 -1 -3.79043e-7 0 -1 0.5176832 0.4817048 -0.7070817 0.6924944 0.1430045 -0.7071076 0.515839 0.4836119 -0.7071278 0.04816365 0.7054666 -0.7071048 0.5158867 0.4835852 -0.7071112 0.04546838 0.705614 -0.7071362 0.05088347 0.7052931 -0.7070873 0.5158089 0.4836024 -0.7071563 0.04820883 0.7054632 -0.7071051 0.5176882 0.4816872 -0.7070902 0.5158931 0.4836096 -0.70709 0.05090993 0.7052906 -0.7070881 -0.6737893 0.7389236 0 -0.6737984 0.7389153 -1.93412e-5 0.05919241 0.9982466 -1.03872e-6 0.05919241 0.9982466 1.41277e-6 2.31648e-5 1 1.2666e-6 2.31601e-5 1 -1.41506e-6 0.05919241 0.9982466 -1.2638e-6 2.31601e-5 1 1.0404e-6 -3.24979e-6 0 1 -2.12656e-7 0 1 -0.6737992 0.7389145 0 -0.6737931 0.7389202 -2.53025e-5 -0.6737892 0.7389236 0 0.7071076 0.7071059 0 0.7071073 0.7071064 0 -1 -2.563e-6 1.65784e-5 -1 -2.563e-6 0 -0.7015789 0.7125918 -4.39584e-6 -1 0 0 -0.003898322 0.9999924 -8.07643e-6 -0.7015901 0.7125809 -3.01474e-5 0.003916978 0.9999924 7.30203e-6 -0.003928184 0.9999924 6.91414e-6 -1 -2.51234e-5 -5.63264e-6 -0.7015796 0.7125911 -6.4671e-6 0.7015766 0.7125942 7.98702e-6 0.003925859 0.9999923 -5.39422e-6 1 -2.21208e-5 7.24196e-6 0.7015904 0.7125805 -4.10783e-5 -0.003868639 0.9999926 -1.29421e-5 0.003896951 0.9999924 3.17395e-6 -2.80829e-6 0 1 1 0 0 0.7015785 0.7125922 4.44055e-6 1 -1.99676e-6 -1.65784e-5 1 -1.99676e-6 0 0.7071071 0.7071065 0 -0.6737965 0.738917 0 0 0 -1 -0.07089281 0.997484 -1.62256e-5 -0.07089281 0.997484 1.74961e-5 -0.7317268 0.681598 -1.00546e-5 0 -1 -3.80884e-7 0 -1 0 0 -1 -9.03457e-7 0 -1 1.975e-7 0 -1 -1.51815e-6 1.74303e-7 -1 8.05073e-7 0 -1 9.03457e-7 1.74303e-7 -1 0 0 -1 -7.82496e-7 0 -1 3.80884e-7 0 -1 1.51814e-6 0 -1 -1.48124e-7 0.8143653 -3.02345e-5 0.5803527 0.9682237 1.30385e-6 0.2500857 1 2.89269e-6 2.24263e-6 -0.6123648 -0.7070799 0.3536205 -0.6066255 -0.7070841 0.36337 -0.6123647 -0.7070801 0.3536204 -0.3534839 -0.7071129 0.6124055 -0.3534832 -0.7071143 0.6124044 -0.6065974 -0.7070986 0.3633885 -0.3535846 -0.7070897 0.6123741 -0.6065863 -0.7070945 0.363415 -0.6123787 -0.7070816 0.353593 -0.6123862 -0.7070878 0.3535673 -0.6123982 -0.7070742 0.353574 -0.707103 -0.7071105 -2.30968e-6 -0.7071104 -0.7071032 0 -0.7071023 -0.7071113 0 -0.6834929 -0.7070874 -0.1812869 -0.612402 -0.7070994 0.3535171 -0.7071085 -0.7071052 5.48363e-6 -0.7071046 -0.707109 5.49527e-6 -0.7070939 -0.7071198 3.49749e-5 -0.683471 -0.7071037 -0.1813055 -0.6123976 -0.7071003 -0.3535229 0.8143632 -1.26008e-5 0.5803556 0.8660306 0 0.4999909 0.96822 6.13555e-6 0.2501003 0 -1 4.2916e-7 0.814355 -6.50063e-6 0.5803672 0.5000142 1.78795e-5 0.8660172 0.8660185 -1.42474e-5 0.5000121 1.6942e-7 -1 0 -0.6123895 -0.7070826 -0.3535723 -0.6123976 -0.7070734 -0.3535768 -0.3535788 -0.7070687 -0.6124019 -0.6123967 -0.7070749 -0.3535754 -0.7071212 -0.7070924 -9.17818e-7 -0.6124088 -0.7070614 -0.3535814 -0.3535672 -0.7070887 -0.6123854 -0.353574 -0.7070751 -0.6123971 2.32738e-6 -0.7071114 -0.7071022 0 -1 7.62934e-7 -0.353571 -0.707084 -0.6123886 -0.6123948 -0.7071043 -0.3535196 -0.3535185 -0.7071058 -0.6123938 0 -1 7.82496e-7 3.54648e-6 -0.7071155 -0.7070981 3.57069e-6 -0.707113 -0.7071006 0.3535078 -0.7071142 -0.6123902 -5.53857e-6 -0.7071019 -0.7071117 -0.3535171 -0.7070993 -0.612402 -5.51343e-6 -0.7071051 -0.7071086 1.69418e-7 -1 0 0.3535695 -0.7070885 -0.6123844 0.3535776 -0.7070724 -0.6123982 0.6124027 -0.7070676 -0.3535796 0.3535736 -0.7070795 -0.6123923 -4.0466e-7 -0.707097 -0.7071166 0.353519 -0.7071059 -0.6123934 0.6124219 -0.7070946 -0.353492 0.6124158 -0.707102 -0.353488 0.6834911 -0.7070804 -0.1813207 0 -1 -4.2916e-7 0.6123957 -0.7070758 -0.3535751 0.3535745 -0.7070784 -0.6123931 0.6123946 -0.7071048 -0.3535192 0.6124093 -0.7071127 -0.3534778 0.683506 -0.7070712 -0.1813008 0.7071085 -0.7071052 -3.84897e-5 -0.8142398 -1.42436e-5 0.5805288 -0.8660172 -2.34954e-5 0.5000144 -0.5000154 -1.26213e-5 0.8660165 -0.4215024 2.50712e-6 0.9068275 -0.4999982 5.43892e-7 0.8660265 -6.13928e-6 -1.05798e-6 1 -0.4214999 1.73599e-6 0.9068285 -0.8142532 -2.44379e-6 0.58051 -0.500008 -2.64123e-6 0.8660207 1.05977e-4 1.48715e-5 1 1.0133e-5 -4.35322e-5 1 0.499995 1.03861e-5 0.8660284 8.59005e-5 1.29752e-5 1 -0.4214999 -1.56984e-5 0.9068286 -9.99868e-6 1.32869e-5 1 0.4216014 5.98188e-6 0.9067814 1.21042e-4 3.39746e-6 1 0.4999932 -2.55555e-6 0.8660293 0.8143503 -1.44541e-5 0.5803737 0.4215954 -4.93228e-6 0.9067841 0.5000102 -1.63503e-5 0.8660196 0.7071031 -0.7071105 3.23355e-6 0.7070988 -0.7071148 2.93134e-6 0.6123883 -0.7071161 0.3535074 0.6124019 -0.7070994 -0.3535173 0.7071085 -0.7071052 -5.73695e-6 0.7071046 -0.707109 -5.80214e-6 0.6123648 -0.70708 0.3536204 0.6123613 -0.7070841 0.3536183 0.606616 -0.7070952 0.3633643 0.6123945 -0.7070772 0.3535746 0.707119 -0.7070946 4.99887e-7 0.6123892 -0.7070834 0.3535711 0.3534872 -0.707108 0.6124094 0.6065957 -0.7071011 0.3633864 0.3534828 -0.7071166 0.612402 0.6123787 -0.7070819 0.3535924 0.6065821 -0.7071028 0.3634061 0.3535878 -0.7070865 0.6123762 0.3535673 -0.7070887 0.6123854 0.353574 -0.7070751 0.6123971 -2.346e-6 -0.7071112 0.7071024 -3.54648e-6 -0.7071155 0.7070981 -3.56929e-6 -0.707113 0.7071006 -0.3535078 -0.7071143 0.6123901 0.3535171 -0.7070993 0.6124021 5.55813e-6 -0.707105 0.7071086 5.56931e-6 -0.7071018 0.7071117 3.60189e-7 -0.707097 0.7071166 -0.353519 -0.7071059 0.6123934 -0.3535736 -0.7070795 0.6123923 0.8660269 -1.5392e-5 -0.4999975 0.8660268 -5.51473e-5 -0.4999978 1 9.48459e-6 -1.32602e-5 0.9775769 1.99676e-6 -0.2105786 0.8660318 3.54648e-6 -0.4999889 1 1.45733e-5 1.75238e-5 1 0 1.14962e-5 0.9775776 1.05798e-6 -0.2105755 1 -4.53366e-7 1.14962e-5 0.8660267 1.17123e-5 0.4999978 1 -2.84154e-6 1.34408e-5 1 0 1.34408e-5 -1 -2.84154e-6 -1.3262e-5 -1 0 -1.3262e-5 -0.8660268 1.15894e-5 -0.4999976 -0.8660198 -1.17123e-5 0.50001 -1 9.9055e-7 -2.05338e-5 -1 0 -2.05636e-5 -0.8660269 -5.51473e-5 0.4999976 -1 1.1567e-5 1.30842e-5 -0.8660269 -1.53409e-5 0.4999974 -0.8660213 9.6258e-7 -0.500007 -0.8660214 1.07401e-5 -0.500007 -0.5000068 2.25268e-5 -0.8660215 -0.9775705 -1.81496e-5 -0.2106088 -1 -6.91414e-6 1.42157e-5 -0.8660317 9.17912e-6 -0.4999893 -0.8660256 -3.88858e-5 -0.4999997 -0.9775719 -1.57766e-5 -0.2106019 -0.8660257 -3.25337e-7 -0.4999996 -0.4999979 -8.67411e-6 -0.8660267 -0.4999979 -4.77294e-5 -0.8660267 -1.35293e-5 1.09971e-5 -1 -0.5000059 7.24419e-6 -0.866022 -0.8660208 -1.23195e-5 -0.500008 -0.5000059 1.39981e-5 -0.8660221 1.32173e-5 9.53666e-6 -1 1.32471e-5 1.39367e-5 -1 0.4999976 2.56337e-5 -0.8660268 -2.22325e-5 -1.39361e-5 -1 -0.5000055 -2.56561e-5 -0.8660224 -2.22325e-5 -1.1881e-5 -1 0.5000072 5.67185e-6 -0.8660214 0.5000071 1.61353e-5 -0.8660214 0.8660215 2.8003e-5 -0.5000068 0.5000137 -5.64948e-5 -0.8660176 -1.61687e-5 -2.05375e-5 -1 0.5000137 -1.18372e-5 -0.8660176 0.8660218 1.38388e-5 -0.5000063 0.5000077 -1.3724e-5 -0.8660211 0.8660218 2.06735e-5 -0.5000063 4.46359e-7 -1 1.72071e-7 1.51414e-7 -1 0 1.5141e-7 -1 0 2.13791e-7 -1 0 1.51394e-7 -1 0 1.51412e-7 -1 0 0.86602 -8.01173e-6 0.5000094 0.8660202 -5.15492e-5 0.5000092 1 -1.56052e-5 -2.11522e-5 1.23247e-7 -1 0 0 -1 0 1.23247e-7 -1 0 -0.8660275 -5.13696e-6 0.4999963 -0.8660275 -1.50629e-5 0.4999963 -0.8141856 1.32993e-6 0.5806047 1.23543e-7 -1 2.1579e-7 -0.8660203 9.83477e-6 0.5000089 -0.8141519 2.99513e-6 0.5806521 -0.5000138 2.84463e-5 0.8660176 1.23543e-7 -1 -2.15787e-7 0.5000047 -1.3113e-5 0.8660227 0.8142067 9.74536e-6 0.5805752 0.8659871 1.24276e-5 0.5000664 0.4999979 8.11986e-6 0.8660266 0.499998 1.42917e-6 0.8660266 0.8141168 -9.77516e-6 0.5807011 0.8660215 1.08405e-5 0.5000069 0.5000069 2.24374e-5 0.8660215 0.8660214 1.10221e-6 0.500007 2.22325e-5 -1.1856e-5 1 2.22325e-5 -1.38612e-5 1 0.5000054 -2.55778e-5 0.8660223 0.4999976 -4.77294e-5 0.8660268 1.3262e-5 1.10529e-5 1 0.4999976 -8.5507e-6 0.8660268 -0.5000137 -1.19121e-5 0.8660176 -0.5000137 -5.65698e-5 0.8660176 1.61668e-5 -2.06158e-5 1 -0.5000069 1.68351e-5 0.8660214 -0.8660214 2.84985e-5 0.500007 -0.5000069 6.51813e-6 0.8660215 -1.32918e-5 1.38618e-5 1 -0.4999976 2.55555e-5 0.8660268 -1.32769e-5 9.51173e-6 1 9.63816e-6 0 1 -0.8648655 0.4487311 0.2250515 -0.8666114 0.4454168 0.2249191 -0.8635584 0.4512429 0.2250485 0.9052414 0.3604592 0.2249603 8.23293e-7 0 1 1.97368e-6 0 1 -0.8660579 0.4464578 0.2249873 -0.8635586 0.4512696 0.2249943 -0.8808129 0.4166339 0.2249109 -0.8634037 0.4516224 0.2248804 -0.8635672 0.4512205 0.2250598 -0.866087 0.4463971 0.2249956 -0.8649462 0.4486635 0.2248759 -0.863541 0.4513722 0.224856 -0.86343 0.4515299 0.2249655 -0.8808549 0.4165198 0.2249578 -0.8660684 0.4464471 0.2249678 -0.8808598 0.4165419 0.2248976 -0.8808601 0.4165423 0.2248957 5.94011e-6 0 1 -0.8811795 0.4158622 0.2249029 -0.8811795 0.4158622 0.2249031 -0.8830087 0.411956 0.2249178 -0.8808571 0.4165193 0.2249501 -0.8810082 0.4162226 0.2249078 -0.8810081 0.4162226 0.2249078 -2.98091e-5 0 1 -0.8830295 0.4119179 0.2249059 -0.8830293 0.4119183 0.224906 -0.7952516 0.562987 0.2249901 -0.881208 0.4158135 0.2248815 -0.8830167 0.4119508 0.2248958 -0.8830168 0.4119509 0.2248955 1.94065e-5 0 1 -0.7905678 0.5695442 0.2249931 -0.7952755 0.5629512 0.2249956 -0.6340518 0.7398259 0.2250247 -0.8830255 0.4119262 0.224906 -0.7952798 0.5629451 0.2249952 -0.7905137 0.569615 0.2250042 -0.6224934 0.7495921 0.2249751 -0.6340344 0.7398489 0.2249981 -0.3123901 0.9229757 0.2247852 -0.7905254 0.5695973 0.2250082 -0.6340365 0.7398415 0.2250162 -0.6224951 0.7495821 0.2250036 -5.31576e-5 0 1 -0.02237313 0.9740825 0.2250839 -0.3124736 0.9233207 0.223247 -9.86293e-4 0.9743356 0.2250983 -0.3202244 0.9202561 0.2249112 -0.3124347 0.9229589 0.2247925 -0.02242022 0.9740765 0.2251054 -0.6224671 0.7496039 0.2250084 -0.3123964 0.9229698 0.2248008 -0.3201835 0.920269 0.2249168 0.1602861 0.9610887 0.2249822 -9.72293e-4 0.9743825 0.2248956 0.1705883 0.9593118 0.2249898 -0.02242428 0.9740767 0.2251039 -0.001039147 0.9743339 0.2251056 0.1602804 0.9610863 0.2249965 0.1603295 0.9610753 0.2250086 0.1707259 0.9592814 0.2250157 0.2534497 0.9408343 0.2249317 0.2534179 0.9408417 0.2249363 0.2534176 0.9408417 0.2249363 0.2359383 0.9453049 0.2252371 0.1602663 0.9610889 0.2249955 0.2534015 0.940851 0.2249156 0.2533737 0.9409383 0.2245817 0.2359877 0.9453 0.2252062 0.2359942 0.9453225 0.2251048 0.3077067 0.9245149 0.2249197 0.2534255 0.9408497 0.2248946 0.2360108 0.9452996 0.2251835 0.2360108 0.9452996 0.2251834 0.307783 0.9244966 0.2248904 0.3078507 0.9246796 0.224044 0.4239305 0.8773271 0.2249006 0.2359883 0.9453049 0.2251851 0.3077003 0.9245227 0.2248964 0.3078187 0.9245834 0.2244845 0.5161733 0.8264291 0.2249007 0.423888 0.8773466 0.2249044 0.5173875 0.8256673 0.2249083 0.4189403 0.8797218 0.2248972 0.4239265 0.877327 0.2249081 0.5149248 0.8272053 0.2249092 0.5161462 0.8264422 0.2249143 0.5148485 0.8272504 0.2249175 0.4239321 0.8773216 0.224919 0.3077996 0.9244652 0.2249968 0.4239013 0.877336 0.224921 0.4189129 0.8797312 0.2249113 -0.8649134 0.448688 0.2249535 3.25079e-6 0 1 -1.96833e-6 0 1 -1.42784e-6 0 1 -0.7134106 -0.6636812 0.2248837 -0.714301 -0.6627196 0.2248931 -0.4122992 -0.8828508 0.2249087 -8.62478e-6 0 1 6.71137e-4 0 0.9999998 6.71137e-4 0 0.9999998 6.71137e-4 0 0.9999998 -4.45464e-5 0 1 -0.864913 0.4486875 0.2249559 -0.8649123 0.4486946 0.2249442 -0.8649116 0.4486989 0.224938 -0.411603 -0.8831509 0.2250055 -0.4123153 -0.8828416 0.2249151 -0.1585227 -0.9613755 0.2250063 -0.4115105 -0.8832176 0.2249127 -0.7124987 -0.6646544 0.2249001 -0.4123412 -0.8828345 0.2248953 -0.7133792 -0.663704 0.2249156 -0.4123048 -0.8828411 0.2249366 -0.7124524 -0.6646965 0.2249228 -4.88338e-7 0 1 -0.1585166 -0.9614039 0.2248892 -0.1585168 -0.9614044 0.2248869 -0.1266027 -0.9661238 0.2248926 0 0 1 -0.4115949 -0.8831818 0.2248997 -0.1584826 -0.9614039 0.2249128 -0.1584823 -0.9614068 0.2249007 -0.1301102 -0.9656585 0.2248889 -0.1265035 -0.966126 0.2249389 -0.1314309 -0.9654856 0.2248634 -1.19695e-6 0 1 3.63068e-7 0 1 -0.1275495 -0.9659994 0.224892 -0.1263107 -0.966133 0.2250171 -0.1288897 -0.9658216 0.2248915 -0.1300671 -0.9656406 0.224991 -0.1287962 -0.9658085 0.2250016 -0.1265056 -0.9660951 0.2250705 -0.1584951 -0.9614042 0.2249028 -0.126602 -0.9661206 0.2249066 -0.1276136 -0.9659898 0.2248964 0.9052506 0.3604423 0.224951 0 0 1 2.86907e-7 0 1 6.19681e-6 0 1 0.905247 0.3604519 0.2249499 0.905255 0.360437 0.2249415 0.9052453 0.3604531 0.2249548 0.9052509 0.3604452 0.2249452 -0.4980788 -0.837457 0.2249074 -0.4980788 -0.8374576 0.224905 -0.4350093 -0.8718594 0.2250071 4.86496e-6 0 1 -0.638312 -0.7361943 0.2248907 -0.6571342 -0.7194091 0.2250006 -0.4980783 -0.8374625 0.2248879 -0.6382935 -0.7362066 0.2249029 -0.4981077 -0.83744 0.2249063 -0.498108 -0.8374394 0.2249088 -0.4349982 -0.8718722 0.2249791 -0.344086 -0.911608 0.2248905 -0.3455981 -0.9110341 0.2248976 -0.4360821 -0.8713236 0.2250061 -0.4349609 -0.8718858 0.2249981 -0.347095 -0.9104651 0.2248962 -0.4980682 -0.8374692 0.2248856 -0.4349991 -0.8718696 0.2249875 -0.4361206 -0.8713081 0.2249915 0.8809713 -0.4162902 0.2249273 -0.3456176 -0.9110237 0.2249096 -0.34708 -0.9104715 0.2248939 -0.434976 -0.8718788 0.2249962 -1.45501e-6 0 1 0.1414001 0.9640111 0.2251411 0.11607 0.9674558 0.224849 0.1388849 0.9642565 0.2256558 0.880976 -0.4162697 0.2249464 0.8809763 -0.416265 0.2249538 2.22754e-5 0 1 0.1117385 0.96781 0.2255181 0.1389283 0.9642356 0.2257186 9.06862e-4 0.9743804 0.2249045 0.1461584 0.9631994 0.2255762 0.1388552 0.9642525 0.2256909 0.1116394 0.9678292 0.2254849 0.1414211 0.9639962 0.2251923 0.139029 0.964226 0.2256973 0.1460456 0.9632333 0.2255049 -1.40843e-6 0 1 8.44487e-4 0.974382 0.2248978 8.4448e-4 0.9743821 0.2248978 3.68962e-4 0.9743687 0.2249571 0.1117138 0.9678245 0.2254684 0.001011312 0.9743903 0.2248612 9.17781e-4 0.9743916 0.2248562 -3.98537e-7 0 1 3.24662e-4 0.9743788 0.2249128 3.24672e-4 0.9743788 0.2249128 0.002574205 0.9743759 0.2249115 3.67198e-4 0.9743647 0.2249744 2.79175e-6 0 1 0.002574324 0.9743521 0.225014 0.002568244 0.9743739 0.2249194 -0.5009314 0.835906 0.2243412 2.78022e-4 0.97439 0.2248649 0.002480626 0.9743865 0.2248663 0.002528727 0.9743645 0.2249615 8.10328e-5 0 1 -0.5096842 0.830627 0.2242341 -0.5009062 0.8359232 0.224333 -0.8653753 0.4478053 0.224936 0.00256294 0.9743626 0.2249694 -0.5009155 0.8359279 0.224295 -0.509724 0.8305911 0.2242764 -0.8653821 0.4477833 0.2249537 -0.5097131 0.8305917 0.2242988 -0.8654024 0.4477761 0.2248895 -0.8654018 0.4477789 0.2248863 8.04124e-6 0 1 -0.8653802 0.447816 0.2248956 -0.8653802 0.447816 0.2248957 -0.8648625 0.4487879 0.2249499 -0.8653836 0.4477843 0.2249457 -1.13362e-5 0 1 -0.8649512 0.448614 0.2249554 -0.8654021 0.4477688 0.2249051 -0.8650933 0.4483674 0.224901 -0.8650932 0.4483674 0.224901 1.97723e-5 0 1 -0.8649281 0.4486921 0.2248888 -0.8649255 0.4486926 0.2248976 -0.9641162 0.1410974 0.2248808 -0.8649517 0.4486176 0.2249461 -1.48599e-5 0 1 -0.9584904 0.1751064 0.2250201 -0.9640859 0.1410856 0.225018 -0.9226043 -0.3134019 0.2249016 -0.8649194 0.4487028 0.2249007 -0.9641147 0.1410681 0.2249059 -0.9584852 0.1751805 0.2249846 1.3468e-5 0 1 -0.9117479 -0.3436962 0.2249189 -0.9226171 -0.313368 0.2248961 -0.6571291 -0.7194169 0.2249909 -0.9584846 0.1751828 0.2249853 -0.9225974 -0.3134154 0.2249109 -0.9117556 -0.3436987 0.2248842 -0.9116939 -0.3438442 0.224912 -0.6570948 -0.7194369 0.2250267 -0.6382737 -0.7362242 0.2249018 -2.73162e-6 0 1 -0.1133115 -0.9677106 0.2251592 -0.09239935 -0.9699794 0.22495 -0.1109349 -0.9679073 0.2254973 -0.8671581 0.4443366 0.2249485 3.50595e-5 0 1 -0.08543026 -0.9705316 0.2253226 -0.1109349 -0.9679252 0.2254201 -4.38415e-4 -0.9743797 0.224909 -0.1169995 -0.96724 0.2252954 -0.110866 -0.967938 0.2253996 -0.08541309 -0.970539 0.2252967 -0.1132705 -0.9677252 0.2251175 -0.11093 -0.967926 0.2254194 -0.1170914 -0.967202 0.2254105 -7.57598e-7 0 1 -1.00265e-5 -0.9743701 0.2249513 -0.08535933 -0.9705428 0.2253013 -3.44459e-4 -0.9743847 0.2248874 -3.44903e-4 -0.9743852 0.2248857 -1.27211e-6 0 1 -2.74965e-4 -0.9743801 0.2249075 -1.79027e-4 -0.974359 0.2249988 -0.002046048 -0.9743787 0.2249044 -3.43129e-4 -0.9743784 0.224915 -1.01262e-5 -0.9743691 0.2249554 -0.002184808 -0.9743754 0.2249177 -0.002184629 -0.974359 0.2249884 0.5111255 -0.8297507 0.2241978 -2.7396e-4 -0.9743804 0.2249064 -0.002044498 -0.9743805 0.2248967 -0.002044498 -0.9743805 0.2248967 0.5865914 -0.7781816 0.2243742 0.5111244 -0.8297539 0.224188 0.8874003 -0.4024133 0.2249099 -0.002191483 -0.9743813 0.224892 0.5111393 -0.8297398 0.2242066 0.5865582 -0.7781696 0.2245032 0.8873866 -0.4024493 0.2248991 0.8873771 -0.4024446 0.2249454 0.8841109 -0.4095956 0.2248986 0.5865874 -0.7781806 0.2243884 0.8874052 -0.4024162 0.224885 0.8874013 -0.4024129 0.2249063 0.8841106 -0.4095974 0.2248966 0.8841019 -0.4095931 0.2249386 0.8789618 -0.4205254 0.2249103 0.8873813 -0.4024574 0.2249059 0.8841437 -0.409516 0.224915 0.8841379 -0.4095135 0.2249424 0.8789673 -0.4205155 0.2249071 0.8789644 -0.4205136 0.224922 0.9720661 -0.06717848 0.2248882 0.8841024 -0.4096095 0.2249067 0.8789784 -0.420496 0.2249003 0.8789679 -0.4204913 0.2249501 0.9008326 0.3713809 0.2248934 0.9720769 -0.06709861 0.2248653 0.8772973 0.4239877 0.2249088 0.9676296 -0.1145008 0.2249057 0.9720506 -0.0670861 0.2249824 0.900824 0.3714029 0.2248911 0.8789183 -0.4206346 0.2248759 0.9720458 -0.06719619 0.2249703 0.9676342 -0.1145204 0.2248765 0.6460245 0.7294051 0.2249906 0.8772901 0.4240064 0.224902 0.6372201 0.7371098 0.2249883 0.9008027 0.3714357 0.2249226 0.8772885 0.4239957 0.2249279 0.6459957 0.729422 0.2250184 0.6460946 0.7293695 0.2249046 0.6372181 0.7371352 0.224911 0.5644208 0.7942607 0.2248985 0.5643904 0.7942802 0.2249056 0.5643957 0.7942872 0.2248676 0.6258355 0.7468203 0.2249209 0.6460928 0.729375 0.2248917 0.5643804 0.7942915 0.2248907 0.5643803 0.7942912 0.224892 0.6448972 0.730313 0.2252789 0.6258077 0.7468895 0.2247688 0.643862 0.7313415 0.2249034 0.6241277 0.7482475 0.2249233 0.6258355 0.7468214 0.2249173 0.6448147 0.7305015 0.2249036 0.5643966 0.7942826 0.2248821 0.6258882 0.7467898 0.2248758 0.6241416 0.7482451 0.2248923 0.6438807 0.7312933 0.2250067 0.6444011 0.730841 0.2249862 0.6434754 0.7316536 0.2249943 0.6438909 0.7312705 0.2250511 0.6487736 0.7269965 0.2248758 0.6438192 0.7313801 0.2248998 0.6442189 0.7310359 0.2248747 0.6487619 0.7269651 0.2250111 0.6438825 0.7312882 0.2250179 0.6438826 0.7312879 0.2250182 3.18784e-5 0 1 -0.86718 0.4443104 0.2249158 -0.8671463 0.4443555 0.2249574 -0.8671438 0.4443603 0.2249571 -0.8671499 0.4443542 0.2249454 -0.8671413 0.4443631 0.2249608 -0.8671665 0.4443248 0.2249398 -0.8670981 0.4443985 0.2250576 2.17743e-7 0 1 3.35603e-7 0 1 -3.35596e-7 0 1 9.788e-7 0 1 -2.33208e-6 0 1 9.90297e-7 0 1 3.34536e-6 0 1 1.03109e-6 0 1 -1.17783e-6 0 1 -4.92725e-6 0 1 -4.46277e-5 0 1 5.82394e-6 0 1 4.13062e-6 0 1 6.62565e-6 0 1 1.31781e-5 0 1 1.66583e-5 0 1 -2.35185e-6 0 1 1.88712e-6 0 1 -3.076e-6 0 1 3.59961e-6 0 1 -7.20739e-6 0 1 -3.1507e-5 0 1 1.24197e-5 0 1 1.22014e-4 0 1 1.97445e-6 0 1 -1.14995e-4 0 1 -3.39888e-5 0 1 -1.52871e-5 0 1 3.47933e-6 0 1 -5.25349e-6 0 1 9.35837e-7 0 1 -2.00939e-6 0 1 -1.38581e-6 0 1 1.06293e-4 0 1 0.8809694 -0.4162745 0.2249634 7.35462e-6 0 1 -1.49066e-5 0 1 -6.75721e-5 0 1 -3.39099e-6 0 1 6.78197e-6 0 1 -1 -1.40965e-5 7.69364e-6 -1 -1.40965e-5 1.23637e-5 -0.8660264 -0.4999983 -9.68575e-7 -0.8660261 0.4999989 7.72449e-6 -0.8660261 0.4999989 1.23637e-5 -1 1.47149e-5 -1.03563e-6 -1 1.40965e-5 -1.23637e-5 -0.8660264 0.4999983 1.04308e-6 -1 1.40965e-5 -7.72449e-6 -0.8660279 -0.4999956 1.85043e-5 -0.8660279 -0.4999956 7.50101e-5 -0.5616199 -0.8273954 4.86523e-6 -0.866026 -0.4999992 -1.23637e-5 -1 -1.4957e-5 9.68576e-7 -0.866026 -0.4999992 -7.69364e-6 -0.561604 -0.8274061 -2.74341e-6 -0.561604 -0.8274061 1.73778e-6 -0.5000016 -0.8660244 1.78441e-6 -0.8660282 -0.4999954 -4.85778e-6 -0.5616201 -0.8273953 -1.85004e-5 -0.5616201 -0.8273953 -1.0677e-5 -0.5616208 0.8273947 1.85004e-5 -0.5616209 0.8273948 7.49945e-5 -0.8660287 0.4999945 4.87268e-6 -0.500005 0.8660227 -2.74413e-6 -0.500005 0.8660227 1.73549e-6 -0.5616071 0.827404 1.79745e-6 -0.5616056 0.8274051 -1.73778e-6 -0.5000033 0.8660235 -1.79652e-6 -0.5616056 0.8274051 2.74775e-6 -0.8660277 0.4999962 -7.50101e-5 -0.5616194 0.8273959 -4.87268e-6 -0.8660277 0.4999962 -1.85043e-5 -0.5000303 -0.8660079 8.55905e-6 -0.5000303 -0.8660079 1.23659e-5 -3.00631e-6 -1 -2.39164e-6 -0.5000017 -0.8660245 -1.73549e-6 -0.561604 -0.8274062 -1.78721e-6 -0.5000017 -0.8660245 2.7398e-6 -6.88434e-6 -1 8.46999e-6 -6.87689e-6 -1 5.5068e-6 0.2290056 -0.9734252 4.09409e-6 -2.99513e-6 -1 -1.23637e-5 -0.5000303 -0.8660079 2.38419e-6 -2.98023e-6 -1 -8.55751e-6 0.2290188 -0.973422 -1.22714e-6 0.2290188 -0.973422 6.96212e-6 0.499992 -0.86603 2.11969e-6 -7.011e-6 -1 -4.09409e-6 0.2290055 -0.9734252 -8.46999e-6 0.2290055 -0.9734252 -5.5068e-6 0.4999978 -0.8660268 8.27984e-6 0.4999978 -0.8660268 1.23637e-5 0.8660163 -0.500016 -1.9595e-6 0.2290184 -0.9734222 -2.11597e-6 0.4999917 -0.8660303 1.22714e-6 0.4999917 -0.8660303 -6.96212e-6 0.8660263 -0.4999986 7.69364e-6 0.8660263 -0.4999986 1.23637e-5 1 -1.43535e-5 -9.68575e-7 0.499997 -0.8660272 2.03401e-6 0.8660157 -0.5000169 -8.27984e-6 0.8660157 -0.5000169 -1.23637e-5 1 1.40667e-5 7.69364e-6 1 1.40667e-5 1.23637e-5 0.8660264 0.4999983 -1.00583e-6 0.8660261 -0.4999989 9.76026e-7 1 -1.46925e-5 -7.69364e-6 1 -1.47223e-5 -8.68422e-5 0.866016 0.5000165 8.27984e-6 0.866016 0.5000165 1.23637e-5 0.4999975 0.8660269 -1.92225e-6 0.8660259 0.4999994 -1.23637e-5 1 1.52215e-5 1.01328e-6 0.8660259 0.4999994 -7.69364e-6 0.499992 0.86603 -1.22714e-6 0.499992 0.86603 6.96212e-6 0.2290188 0.973422 2.12714e-6 0.4999964 0.8660275 -1.23637e-5 0.8660153 0.5000175 1.9148e-6 0.4999964 0.8660275 -8.27984e-6 0.2290052 0.9734253 8.46999e-6 0.2290052 0.9734253 5.5068e-6 -7.30529e-6 1 4.08292e-6 0.2290183 0.9734222 -6.96212e-6 0.4999915 0.8660303 -2.12342e-6 0.2290183 0.9734222 1.22714e-6 -2.5034e-6 1 8.55751e-6 -2.48849e-6 1 1.23637e-5 -0.5000299 0.8660083 -2.45869e-6 -0.5000304 0.866008 -1.23659e-5 -3.03984e-6 1 2.45124e-6 -0.5000303 0.866008 -8.55905e-6 -7.47293e-6 1 -5.5068e-6 0.229005 0.9734253 -4.08292e-6 -7.47293e-6 1 -8.46999e-6 -1 -1.56164e-5 -9.73814e-6 -1 -1.56462e-5 8.68421e-5 -0.8660256 -0.4999998 -7.64616e-6 -0.866026 0.4999991 -9.73815e-6 -0.866026 0.4999991 1.23637e-5 -1 1.48937e-5 -7.64802e-6 -1 1.5229e-5 -1.23637e-5 -0.8660258 0.4999994 7.77468e-6 -1 1.52439e-5 9.73814e-6 -0.8660119 -0.5000236 -1.98026e-5 -0.8660119 -0.5000236 1.19939e-5 -0.5137509 -0.8579394 -1.43647e-5 -0.8660261 -0.499999 -8.68422e-5 -1 -1.48939e-5 7.64616e-6 -0.866026 -0.499999 9.73814e-6 -0.5138031 -0.8579082 3.40097e-7 -0.5138031 -0.8579082 3.82438e-7 -0.5000016 -0.8660246 2.48197e-7 -0.8660107 -0.5000255 1.42399e-5 -0.51379 -0.857916 1.98026e-5 -0.51379 -0.857916 -1.19939e-5 -0.513751 0.8579394 -1.98063e-5 -0.513751 0.8579394 1.19961e-5 -0.866012 0.5000234 -1.41766e-5 -0.4999988 0.8660262 3.40097e-7 -0.4999988 0.8660262 3.82438e-7 -0.5138005 0.8579098 2.4843e-7 -0.5138031 0.8579082 -3.82438e-7 -0.5000016 0.8660246 -2.48197e-7 -0.5138031 0.8579082 -3.40097e-7 -0.8660107 0.5000255 -1.19939e-5 -0.51379 0.8579161 1.41766e-5 -0.8660107 0.5000255 1.98026e-5 -0.5000301 -0.8660081 -9.4313e-6 -0.5000301 -0.8660081 1.23659e-5 -2.66614e-6 -1 -8.19936e-6 -0.4999988 -0.8660262 -3.82438e-7 -0.5138005 -0.8579098 -2.4843e-7 -0.4999988 -0.8660262 -3.40097e-7 1.15186e-5 -1 -1.22845e-6 1.15335e-5 -1 4.34209e-5 0.2565991 -0.9665179 -3.20375e-7 -2.77162e-6 -1 -1.23637e-5 -0.5000301 -0.8660081 8.26269e-6 -2.77162e-6 -1 9.42962e-6 0.2566025 -0.9665171 1.4029e-6 0.2566025 -0.9665171 6.29082e-6 0.4999992 -0.866026 -2.52575e-6 1.14911e-5 -1 3.241e-7 0.2565991 -0.966518 1.228e-6 0.2565991 -0.966518 -6.17957e-6 0.4999988 -0.8660261 -9.55302e-6 0.4999988 -0.8660261 1.23637e-5 0.8660169 -0.5000149 -7.99261e-6 0.2566012 -0.9665174 2.52761e-6 0.499998 -0.8660266 -1.4024e-6 0.499998 -0.8660266 -6.28855e-6 0.866026 -0.4999991 -9.73815e-6 0.866026 -0.4999991 1.23637e-5 1 -1.49235e-5 -7.65175e-6 0.4999946 -0.8660285 7.99261e-6 0.8660145 -0.500019 9.55302e-6 0.8660145 -0.500019 -1.23637e-5 1 1.48863e-5 -9.73814e-6 1 1.48863e-5 1.23637e-5 0.8660259 0.499999 -7.64802e-6 0.8660261 -0.4999987 7.65547e-6 1 -1.44988e-5 9.73814e-6 1 -1.45435e-5 -8.68422e-5 0.8660168 0.500015 -9.55304e-6 0.8660168 0.500015 1.23637e-5 0.499999 0.866026 -7.9982e-6 0.866026 0.4999991 -1.23637e-5 1 1.48937e-5 7.64802e-6 0.866026 0.4999991 9.73815e-6 0.4999993 0.8660259 1.4024e-6 0.4999993 0.8660259 6.28855e-6 0.2566027 0.966517 -2.52202e-6 0.4999947 0.8660285 -1.23637e-5 0.8660143 0.5000193 7.9982e-6 0.4999948 0.8660286 9.55304e-6 0.2565991 0.966518 -1.228e-6 0.2565991 0.966518 6.17957e-6 1.15214e-5 1 -3.25963e-7 0.256601 0.9665175 -6.29082e-6 0.4999978 0.8660267 2.52202e-6 0.256601 0.9665175 -1.4029e-6 -2.77162e-6 1 -9.42962e-6 -2.77162e-6 1 1.23637e-5 -0.5000301 0.8660081 -8.26642e-6 -0.5000301 0.8660081 -1.23659e-5 -2.76184e-6 1 8.26456e-6 -0.5000301 0.8660081 9.43131e-6 1.07139e-5 1 -6.18184e-6 0.2565984 0.9665181 2.90573e-7 1.07139e-5 1 1.22845e-6 0.8660262 -0.4999989 1.16751e-5 1 -1.46627e-5 -2.32043e-5 1 -1.46627e-5 0 0.8660262 0.4999989 -1.1541e-5 1 1.46627e-5 2.30809e-5 1 1.46627e-5 0 1.60499e-5 0 -1 0.8660263 0.4999986 0 1 1.43703e-5 1.15484e-5 0.8660263 0.4999986 -2.30809e-5 0.8660264 -0.4999983 2.32043e-5 0.8660264 -0.4999983 0 1 -1.41487e-5 -1.16825e-5 0.5589231 -0.8292195 1.80344e-5 0.5589231 -0.8292195 0 0.8660301 -0.499992 -9.44734e-6 0.8660306 -0.4999911 0 0.558924 -0.8292189 9.44734e-6 0.8660306 -0.4999911 -1.80381e-5 0.5000029 -0.8660238 -1.37294e-6 0.5000029 -0.8660238 0 0.5589051 -0.8292317 -1.42865e-6 0.5589056 -0.8292314 0 0.5000033 -0.8660235 1.42585e-6 0.5589056 -0.8292314 1.37484e-6 1.02455e-5 0 1 2.99513e-6 -1 2.56725e-5 2.98023e-6 -1 0 0.5000303 -0.866008 -1.16751e-5 0.5000299 -0.8660082 0 2.54065e-6 -1 1.15782e-5 0.5000299 -0.8660082 -2.56771e-5 -2.19842e-6 0 1 -0.2315927 -0.9728128 -3.61133e-6 -0.2315927 -0.9728128 0 -1.4998e-5 -1 1.87755e-6 -1.05517e-6 0 1 -1.51396e-5 -1 0 -0.2315928 -0.9728129 -1.88872e-6 -1.51396e-5 -1 3.6684e-6 1.08268e-6 0 1 -0.5000107 -0.8660193 -5.57598e-6 -0.5000107 -0.8660193 0 -0.2316989 -0.9727876 -1.39698e-6 3.51351e-6 0 1 -0.2316997 -0.9727874 0 -0.5000115 -0.8660189 1.40816e-6 -0.2316997 -0.9727874 5.57415e-6 -0.8660153 -0.5000177 2.48087e-5 -0.8660153 -0.5000177 0 -0.4999962 -0.8660276 -1.16304e-5 -0.4999976 -0.8660268 0 -0.8660159 -0.5000163 1.16229e-5 -0.4999976 -0.8660268 -2.48087e-5 -2.94813e-6 0 1 -1 -1.46627e-5 2.30809e-5 -1 -1.46627e-5 0 -0.8660261 -0.4999988 -1.16453e-5 -1.60498e-5 0 1 -0.8660262 -0.4999989 0 -1 -1.45994e-5 1.16453e-5 -0.8660262 -0.4999989 -2.30809e-5 -0.8660264 0.4999984 1.15335e-5 -1 1.41263e-5 -2.30809e-5 -1 1.41263e-5 0 -0.866026 0.4999991 2.30809e-5 -0.866026 0.4999991 0 -1 1.48416e-5 -1.15484e-5 -1.60499e-5 0 -1 3.50233e-6 0 -1 4.01677e-6 0 -1 -1.47464e-6 0 -1 -2.19838e-6 0 -1 5.76319e-6 0 -1 -9.15894e-6 0 1 0.86603 0.499992 1.80381e-5 0.86603 0.499992 0 0.5589233 0.8292195 -9.50694e-6 5.76313e-6 0 1 -3.5506e-6 0 1 0.5589044 0.8292322 -1.35827e-6 0.5589044 0.8292322 0 0.5000022 0.8660243 -1.42306e-6 0.8660305 0.4999914 9.42498e-6 0.5589239 0.8292191 -1.80344e-5 0.5589239 0.8292191 0 -0.8660321 -0.4999884 2.47359e-6 -6.31809e-6 -1.17123e-5 1 -7.21216e-6 -1.17198e-5 1 -0.500016 -0.8660163 9.22477e-6 -3.3915e-5 1.90735e-5 1 -1.46627e-5 1.22786e-5 1 -0.4999921 -0.8660301 1.0252e-5 -3.27826e-7 4.61936e-6 1 -0.8660218 -0.5000063 7.92742e-6 -0.866024 -0.5000024 -2.67643e-5 -2.39015e-5 1.87755e-6 1 -2.33352e-5 4.44502e-5 1 -0.7070975 3.17842e-5 0.7071161 2.07126e-5 1.40369e-5 1 1.17123e-5 -1.58101e-5 1 -0.7070278 1.55345e-5 0.7071858 -0.8660508 -0.4999562 3.59714e-5 8.67913e-5 3.51667e-6 1 -0.8660416 0.4999721 -7.94418e-7 -2.54512e-5 -1.67489e-5 1 1.24872e-5 -3.35276e-5 1 -1 5.84275e-5 2.23517e-6 -1.62423e-5 -9.49204e-6 1 -0.8660252 0.5000004 -3.94881e-5 -0.7071052 -3.00407e-5 0.7071085 -1.25468e-5 8.17329e-5 1 -1 -1.47671e-5 2.67904e-5 -0.8660345 0.4999842 -1.91852e-6 -4.82053e-6 -1.37128e-5 1 -7.35186e-6 -1.8917e-5 1 -0.4999796 0.8660372 2.2741e-5 -1.35899e-5 -2.53022e-5 1 3.00482e-5 -7.33137e-6 1 -0.8659993 0.5000454 -5.17666e-5 -1.32397e-5 4.00022e-5 1 -0.5000566 0.8659928 -6.06477e-5 1.22599e-5 1 -3.95768e-5 -1.25542e-6 4.08292e-5 1 -4.47184e-5 1.3113e-6 1 -0.4999414 0.8660593 3.63588e-6 -3.69996e-5 -2.30633e-5 1 -1.18315e-5 1 -3.56436e-5 0.5000478 0.8659979 6.61612e-5 -1.66297e-5 -5.01573e-5 1 6.25849e-6 -7.2943e-5 1 -2.08765e-5 1 1.66893e-6 1.12355e-5 -6.51032e-5 1 0.5000032 0.8660236 3.27826e-7 0.8659944 0.5000537 7.15256e-6 -2.72989e-5 2.08914e-5 1 -4.67151e-5 3.1136e-5 1 0.4999624 0.8660472 3.59528e-5 -5.18858e-5 6.25849e-7 1 0.8659952 0.5000525 8.34465e-6 0.8660241 0.5000023 -2.19662e-5 1.92225e-5 -3.24845e-6 1 1.96099e-5 -4.55379e-5 1 0.7071006 -3.23802e-5 0.707113 -1.63317e-5 -1.51396e-5 1 -7.77841e-6 1.48192e-5 1 0.7070341 -1.48043e-5 0.7071796 0.8660508 0.499956 2.89083e-5 -7.81943e-5 -1.67638e-6 1 0.8659954 -0.5000522 -1.51563e-5 -1.93715e-5 -3.62098e-5 1 -4.1306e-5 1.10269e-5 1 8.03652e-6 0 1 0.8660319 -0.4999889 5.93066e-6 1 -5.74589e-5 0 1.81943e-5 9.86457e-6 1 0.7071052 3.00668e-5 0.7071085 1.26362e-5 -8.16956e-5 1 1 1.48267e-5 2.67066e-5 0.4999843 -0.8660345 -3.45078e-5 -2.25455e-5 -3.46303e-5 1 1.98781e-5 -2.35438e-5 1 0.8659992 -0.5000455 -1.76728e-5 -1.79857e-5 -8.81404e-6 1 0.5000585 -0.8659917 -1.81794e-5 -2.7067e-7 0 1 0.5000209 -0.8660134 7.94232e-6 1.97906e-6 -1.24276e-5 1 1.45473e-6 -1.17719e-5 1 -0.2316984 0.9727877 -5.50531e-6 -0.2316984 0.9727877 0 -0.5000103 0.8660195 -1.40443e-6 -1.58772e-5 1 -3.6684e-6 -1.58772e-5 1 0 -0.2315935 0.9728127 1.89617e-6 -1.59182e-5 1 -1.89245e-6 -0.2315935 0.9728127 3.66691e-6 -0.2315935 0.9728127 0 -0.4999971 0.8660271 2.48087e-5 -0.4999971 0.8660271 0 -0.8660158 0.5000167 -1.15782e-5 -0.5000108 0.8660193 0 -0.2316989 0.9727876 1.40816e-6 -0.5000108 0.8660193 5.50712e-6 -0.866016 0.5000163 0 -0.4999975 0.8660269 1.15782e-5 -0.866016 0.5000163 -2.48087e-5 0.5000303 0.8660079 2.56771e-5 0.5000303 0.8660079 0 3.00631e-6 1 -1.15335e-5 0.5000033 0.8660235 0 0.5589055 0.8292313 1.42399e-6 0.5000033 0.8660235 1.35639e-6 -1.96613e-6 0 1 2.99513e-6 1 0 0.5000303 0.866008 1.15484e-5 2.98023e-6 1 -2.56725e-5 1.54227e-5 -1 1.0835e-5 -1.01328e-5 5.38528e-5 1 -3.22312e-5 1.00136e-5 1 0.4999424 -0.8660587 3.10838e-5 2.98023e-5 5.65182e-5 1 1.38283e-5 -1 -1.37091e-6 -5.79506e-5 -1 -2.29776e-5 -1.2666e-7 -2.20127e-5 1 -0.5000362 -0.8660045 1.04308e-6 -0.8660297 0.4999925 -1.27e-5 -0.8660297 0.4999925 1.23637e-5 -1 7.30343e-6 1.33738e-5 -0.7071198 -2.95043e-6 -0.7070938 -1 -1.81235e-5 7.15256e-6 -0.8660284 0.4999948 7.51019e-6 -1 8.27014e-6 -1.23637e-5 -0.8660293 0.4999934 -1.33738e-5 -1 8.27014e-6 1.27e-5 -0.8660297 -0.4999925 1.33812e-5 -1 -7.31647e-6 -1.27e-5 -1 -7.31647e-6 1.23637e-5 -0.8660277 -0.499996 0 -1 -6.96927e-5 -3.87132e-5 1.77063e-5 2.7433e-5 -1 -0.7071362 4.26732e-5 -0.7070775 -6.00815e-5 -1.02811e-4 -1 -1 4.39733e-5 1.7371e-5 -0.5000066 0.8660216 -1.27e-5 -0.5000066 0.8660216 1.23637e-5 -0.8660212 0.5000073 1.33365e-5 1.78814e-7 8.52346e-6 -1 -0.8660218 0.5000064 3.72529e-5 -0.4999994 0.8660258 6.79493e-6 -0.8660212 0.5000075 -1.23637e-5 -0.5000063 0.8660218 -1.33291e-5 -0.8660212 0.5000076 1.27e-5 3.09497e-5 -1.14217e-5 -1 -0.8660363 0.4999811 -4.73857e-5 1.8239e-5 -1.33812e-5 -1 -4.50611e-5 -3.52636e-5 -1 -0.8660212 0.5000073 4.86653e-5 -3.71635e-5 1.38581e-5 -1 -0.7070278 -1.58772e-5 -0.7071858 -0.8660509 0.4999559 -3.6329e-5 8.68621e-5 -3.82215e-6 -1 -8.01682e-6 1 -1.27e-5 -8.01682e-6 1 1.23637e-5 -0.499993 0.8660294 1.33216e-5 4.99934e-6 2.31117e-5 -1 -0.5000506 0.8659963 4.58956e-5 -7.50124e-5 1 1.12653e-5 -0.499993 0.8660295 -1.23637e-5 -7.9833e-6 1 -1.33216e-5 -0.499993 0.8660295 1.27e-5 -1.05202e-5 -2.39611e-5 -1 -3.9041e-6 -1.19805e-5 -1 -0.5000169 0.8660157 -1.9204e-5 0.499993 0.8660295 -1.27e-5 0.499993 0.8660295 1.23637e-5 7.9833e-6 1 1.33216e-5 5.87106e-5 3.80799e-5 -1 -6.10948e-7 1 5.21243e-5 0.5000646 0.8659881 1.90139e-5 7.92742e-6 1 -1.23637e-5 0.499993 0.8660295 -1.33142e-5 7.92742e-6 1 1.27e-5 -1.14888e-5 -6.53863e-5 -1 8.44896e-6 1 -8.11573e-5 1.20997e-5 -8.22246e-5 -1 0.8660215 0.5000067 -1.27e-5 0.8660215 0.5000067 1.23637e-5 0.5000072 0.8660213 1.33216e-5 -1.394e-5 1.08331e-5 -1 0.4999602 0.8660485 -3.66569e-6 0.8659906 0.5000603 -2.5332e-5 0.5000057 0.8660222 -1.23637e-5 0.8660207 0.5000082 -1.33216e-5 0.5000057 0.8660221 1.27e-5 -1.08182e-5 -2.37823e-5 -1 0.5000554 0.8659936 -4.56851e-5 -4.9144e-5 -1.46031e-5 -1 -1.12131e-6 1.31875e-5 -1 0.5000214 0.8660131 -1.21444e-5 -8.6613e-7 1.19582e-5 -1 1 7.92742e-6 -1.27e-5 1 7.92742e-6 1.23637e-5 0.8660295 0.499993 1.33887e-5 -1.76914e-5 -2.73138e-5 -1 0.8660276 0.4999962 0 1 6.99162e-5 -3.87132e-5 0.8660292 0.4999936 -1.23637e-5 1 8.54023e-6 -1.33812e-5 0.8660292 0.4999936 1.27e-5 4.73857e-6 3.2872e-5 -1 0.8659865 0.5000674 -8.58866e-6 4.76837e-7 4.39286e-5 -1 0.8660292 -0.4999937 -1.33738e-5 1 -8.56817e-6 1.27e-5 1 -8.56817e-6 -1.23637e-5 0.707136 -4.27291e-5 -0.7070775 6.00815e-5 1.02751e-4 -1 1 -4.39733e-5 1.7371e-5 0.8660297 -0.4999927 -1.27e-5 0.8660297 -0.4999927 1.23637e-5 1 -7.55861e-6 1.33738e-5 0.7071198 2.68221e-6 -0.7070938 1 1.78665e-5 7.21216e-6 0.8660283 -0.4999952 7.56979e-6 0.7071199 -2.14577e-6 0.7070938 1 -4.32879e-5 -4.74155e-5 0.8660278 0.4999957 -7.83801e-6 -0.866029 -0.4999938 -1.23637e-5 -1 -8.86992e-6 -1.33812e-5 -0.866029 -0.4999938 1.27e-5 -0.7071198 2.68221e-6 0.7070938 -1 4.38988e-5 -4.75049e-5 -0.8660283 -0.4999952 -7.56979e-6 -0.7070569 1.28448e-5 -0.7071567 6.26147e-5 -2.77907e-6 -1 5.40316e-5 2.71797e-5 -1 1.02455e-5 0 -1 -0.8660311 -0.4999903 -7.52788e-6 -2.28882e-5 1.33812e-5 -1 -5.60284e-6 5.66244e-7 -1 -9.15902e-6 0 -1 -3.55058e-6 0 -1 -4.39682e-6 0 -1 -0.8660354 -0.4999828 7.61822e-6 -8.81031e-7 8.77306e-6 -1 4.2785e-6 1.25915e-5 -1 -5.02115e-7 0 -1 -0.4999774 -0.8660385 4.81326e-5 -2.14428e-5 -4.02331e-6 -1 3.29241e-5 -1.0252e-5 -1 -0.8659975 -0.5000484 -3.45707e-6 -9.11206e-6 -1.51694e-5 -1 -0.4999682 -0.8660438 3.57628e-6 1.08268e-6 0 -1 1.98223e-5 -1 3.88762e-5 -8.706e-6 -3.99947e-5 -1 -4.62458e-5 2.5928e-6 -1 -0.5000703 -0.8659848 -9.92417e-6 -5.39571e-5 2.40095e-6 -1 -6.98119e-6 -1 7.98702e-6 -1.05518e-6 0 -1 -8.75576e-7 0 -1 0.4999569 -0.8660503 -1.74046e-5 -1.72853e-5 2.11596e-5 -1 2.30223e-6 2.22977e-5 -1 -2.05785e-5 -1 -2.74181e-6 9.18284e-6 6.78748e-5 -1 0.5000035 -0.8660234 -4.30644e-6 1.96539e-6 0 -1 0.8660004 -0.5000434 1.85072e-5 -1.06692e-5 -3.77297e-5 -1 3.76701e-5 1.15186e-5 -1 0.4999814 -0.8660362 -7.34255e-6 -2.56896e-5 -2.70307e-5 -1 0.8660017 -0.500041 2.73287e-5 0.866023 -0.5000044 5.03696e-5 8.90791e-5 -2.4423e-5 -1 4.66406e-5 3.81917e-5 -1 0.70706 -1.22637e-5 -0.7071536 -5.82933e-5 3.8594e-6 -1 -5.02169e-5 -2.62335e-5 -1 0.7070309 1.48788e-5 -0.7071828 0.8660508 -0.4999562 -3.20375e-5 -8.24658e-5 2.29478e-6 -1 0.5000066 -0.8660216 -1.27e-5 0.5000066 -0.8660217 8.68422e-5 0.8660212 -0.5000073 1.33365e-5 0.8660212 -0.5000076 -1.23637e-5 0.5000063 -0.8660218 -1.33365e-5 0.8660212 -0.5000075 1.27e-5 8.01682e-6 -1 -1.27e-5 8.01682e-6 -1 1.23637e-5 0.499993 -0.8660294 1.33216e-5 0.499993 -0.8660295 -1.23637e-5 7.9833e-6 -1 -1.33216e-5 0.499993 -0.8660295 1.27e-5 -0.499993 -0.8660295 -1.27e-5 -0.499993 -0.8660295 1.23637e-5 -7.9833e-6 -1 1.33216e-5 -7.92742e-6 -1 -1.23637e-5 -0.499993 -0.8660295 -1.33142e-5 -7.92742e-6 -1 1.27e-5 -0.8660215 -0.5000067 -1.27e-5 -0.8660215 -0.5000067 1.23637e-5 -0.5000072 -0.8660213 1.33142e-5 -0.5000059 -0.8660221 -1.23637e-5 -0.8660209 -0.5000081 -1.33142e-5 -0.5000059 -0.8660221 1.27e-5 0.8660258 -0.4999992 6.72601e-6 1 -1.51247e-5 2.92453e-5 1 -1.51098e-5 0 0.8660258 0.4999995 -6.56955e-6 1 1.54972e-5 -2.92453e-5 1 1.54972e-5 0 0.8660261 0.499999 0 1 1.48199e-5 6.55651e-6 0.8660261 0.499999 2.92453e-5 0.8660261 -0.4999989 -2.92453e-5 0.8660261 -0.4999989 0 1 -1.47894e-5 -6.55837e-6 1.25198e-5 0 1 0.5137901 -0.8579159 -2.25043e-5 0.5137901 -0.8579159 0 0.8660109 -0.5000253 -6.47642e-6 0.8660119 -0.5000237 0 0.5137507 -0.8579396 6.46338e-6 0.8660119 -0.5000237 2.25043e-5 1.22068e-5 0 1 0.4999988 -0.8660262 -4.4272e-7 0.4999988 -0.8660262 0 0.5138005 -0.8579098 -2.85218e-7 -1.22282e-5 0 1 0.5138031 -0.8579082 0 0.5000015 -0.8660246 2.85218e-7 0.5138031 -0.8579082 4.4272e-7 -7.21761e-6 0 1 2.80142e-6 -1 -2.8258e-5 2.80142e-6 -1 0 0.5000302 -0.8660081 -6.68317e-6 0.5000302 -0.866008 0 2.79117e-6 -1 6.68317e-6 0.5000302 -0.866008 2.82631e-5 -0.2565984 -0.9665182 -3.69941e-6 -0.2565984 -0.9665182 0 -1.07372e-5 -1 -5.3253e-6 -1.14739e-5 -1 0 -0.2565991 -0.966518 5.36628e-6 -1.14739e-5 -1 3.70077e-6 -0.499998 -0.8660265 4.20719e-6 -0.499998 -0.8660265 0 -0.2566013 -0.9665174 -5.41843e-6 -0.2566024 -0.966517 0 -0.499999 -0.8660259 5.38863e-6 -0.2566024 -0.966517 -4.20871e-6 -1.47758e-6 0 1 -0.8660147 -0.5000187 -2.86283e-5 -0.8660147 -0.5000187 0 -0.4999954 -0.8660282 -6.59935e-6 -0.4999985 -0.8660264 0 -0.8660165 -0.5000156 6.84708e-6 -0.4999985 -0.8660264 2.86283e-5 3.0518e-6 0 1 -1 -1.47969e-5 -2.92453e-5 -1 -1.47969e-5 0 -0.8660261 -0.4999989 -6.56955e-6 -1.25198e-5 0 1 -0.8660261 -0.4999989 0 -1 -1.47894e-5 6.55837e-6 -0.8660261 -0.4999989 2.92453e-5 -0.8660262 0.4999986 6.577e-6 -1 1.4469e-5 2.92453e-5 -1 1.44839e-5 0 -0.8660261 0.4999989 -2.92453e-5 -0.8660261 0.4999989 0 -1 1.47603e-5 -6.57327e-6 -1.90732e-7 0 -1 3.43328e-6 0 -1 3.04711e-6 0 -1 -7.62279e-7 0 -1 -6.43925e-6 0 1 0.8660107 0.5000255 -2.25043e-5 0.8660107 0.5000255 0 0.5137901 0.857916 -6.59749e-6 1.80447e-6 0 1 0.5138031 0.8579082 -4.4272e-7 0.5138031 0.8579082 0 0.5000015 0.8660246 -2.85218e-7 0.8660117 0.5000237 6.76326e-6 0.5137507 0.8579396 2.25085e-5 0.5137507 0.8579396 0 -0.5007973 -0.8655646 1.34164e-5 -0.5007973 -0.8655646 -1.23416e-5 -0.8660225 -0.5000053 -3.66941e-7 1.58016e-6 0 1 -3.04712e-6 0 1 -1.59442e-5 -1 2.27545e-6 -1.59442e-5 -1 -1.23836e-5 -0.5007056 -0.8656178 6.86757e-6 -1.91005e-5 -1 -6.80424e-6 -0.5007082 -0.8656162 -2.27504e-6 -0.5007082 -0.8656162 8.69665e-5 -0.8660256 -0.4999998 -1.08715e-5 -0.8660256 -0.4999998 -1.23637e-5 -1 -1.57927e-5 2.71816e-5 -0.5007994 -0.8655634 3.66941e-7 -0.8660237 -0.5000031 -1.34188e-5 -0.8660237 -0.5000031 1.23438e-5 -1 1.49459e-5 -1.08715e-5 -1 1.49459e-5 -1.23637e-5 -0.866026 0.4999991 2.7243e-5 -0.8660268 -0.4999976 -2.71853e-5 -1 -1.32769e-5 1.08715e-5 -1 -1.32769e-5 1.23637e-5 -0.8660225 0.5000051 1.34188e-5 -0.8660225 0.5000051 -1.23438e-5 -0.5007973 0.8655647 -5.01051e-7 -0.8660266 0.499998 1.23637e-5 -1 1.35892e-5 -2.7243e-5 -0.8660266 0.499998 1.08715e-5 -0.5007056 0.8656176 2.27504e-6 -0.5007056 0.8656176 -1.23814e-5 -1.58313e-5 1 6.80983e-6 -0.5007992 0.8655635 1.23416e-5 -0.8660236 0.500003 5.01051e-7 -0.5007992 0.8655635 -1.34164e-5 -1.01626e-5 1 -2.77199e-6 -1.01626e-5 1 -6.02512e-6 0.2501786 0.9681997 6.72042e-6 -1.90437e-5 1 1.23836e-5 -0.5007084 0.865616 -6.68317e-6 -1.90437e-5 1 -2.27544e-6 0.2501846 0.9681982 -7.72865e-6 0.2501846 0.9681982 -6.44742e-6 0.5000243 0.8660115 -8.45641e-6 0.2501794 0.9681996 6.02285e-6 -9.38494e-6 1 -6.72787e-6 0.2501794 0.9681996 2.77095e-6 0.4999951 0.8660283 -1.10566e-5 0.4999951 0.8660283 -1.23637e-5 0.8660146 0.5000189 2.75709e-5 0.5000243 0.8660115 6.44742e-6 0.2501846 0.9681981 8.45641e-6 0.5000243 0.8660115 7.72865e-6 0.8660258 0.4999995 -1.08715e-5 0.8660258 0.4999995 -1.23637e-5 1 1.53149e-5 2.71853e-5 0.8660158 0.5000167 8.68422e-5 0.4999971 0.8660271 -2.7569e-5 0.8660158 0.5000167 1.10566e-5 -1.22068e-5 0 1 1 -1.49459e-5 -1.08715e-5 1 -1.49459e-5 -1.23637e-5 0.8660259 -0.4999992 2.7243e-5 1 1.32769e-5 1.23637e-5 0.8660268 0.4999977 -2.71853e-5 1 1.32769e-5 1.08715e-5 -6.10355e-6 0 1 0.8660158 -0.5000168 -1.10566e-5 0.8660158 -0.5000168 -8.68422e-5 0.4999971 -0.8660271 2.74442e-5 0.8660268 -0.4999977 1.23637e-5 1 -1.32313e-5 -2.7243e-5 0.8660268 -0.4999977 1.08715e-5 0.5000243 -0.8660115 -7.72865e-6 0.5000243 -0.8660115 -6.44742e-6 0.2501846 -0.9681981 -8.45454e-6 0.8660158 -0.5000168 2.14297e-5 0.4999971 -0.8660271 1.10566e-5 0.4999971 -0.8660271 1.23637e-5 -1.47448e-6 0 1 7.62276e-7 0 1 0.2501786 -0.9681997 -2.77095e-6 0.2501786 -0.9681997 -6.02284e-6 -1.01845e-5 -1 6.72415e-6 0.5000244 -0.8660114 8.48435e-6 0.2501847 -0.9681982 7.72865e-6 0.2501847 -0.9681982 6.44742e-6 -0.2566012 0.9665175 4.2087e-6 -0.2566012 0.9665175 0 -0.499998 0.8660266 -5.37932e-6 -1.14888e-5 1 -3.70077e-6 -1.14888e-5 1 0 -0.2565991 0.9665179 -5.38863e-6 -1.14795e-5 1 5.38863e-6 -0.2565991 0.966518 3.69941e-6 -0.2565991 0.966518 0 -0.4999952 0.8660282 -2.86282e-5 -0.4999952 0.8660282 0 -0.8660147 0.5000185 -6.59563e-6 -0.2566025 0.9665171 5.41843e-6 -0.4999992 0.8660259 -4.20719e-6 -0.4999992 0.8660259 0 -0.4999985 0.8660264 6.59376e-6 -0.8660166 0.5000153 2.86282e-5 -0.8660166 0.5000153 0 0.5000301 0.8660081 -2.82631e-5 0.5000301 0.8660081 0 2.8098e-6 1 -6.55465e-6 0.4999988 0.8660262 0 0.5138005 0.8579098 2.85218e-7 0.4999988 0.8660262 4.4272e-7 0.5000302 0.8660081 6.67945e-6 2.80142e-6 1 2.8258e-5 2.80142e-6 1 0 -9.37283e-6 -1 6.02511e-6 0.2501794 -0.9681995 -6.75581e-6 -9.38773e-6 -1 2.77199e-6 3.16032e-6 0 -1 3.43325e-6 0 -1</float_array>
          <technique_common>
            <accessor source="#GBT-C7A-J4_001-mesh-normals-array" count="4759" stride="3">
              <param name="X" type="float"/>
              <param name="Y" type="float"/>
              <param name="Z" type="float"/>
            </accessor>
          </technique_common>
        </source>
        <source id="GBT-C7A-J4_001-mesh-map-0">
          <float_array id="GBT-C7A-J4_001-mesh-map-0-array" count="13548">0.324993 0.878732 0.325422 0.881755 0.324993 0.926279 0.14268 0.588641 0.1405259 0.586124 0.147352 0.56663 0.116902 0.713955 0.116902 0.66635 0.117118 0.713893 0.270445 0.724198 0.270445 0.697923 0.270668 0.697954 0.14268 0.588641 0.123065 0.605718 0.1405259 0.586124 0.117027 0.771347 0.117164 0.773226 0.117027 0.774216 0.1497409 0.569458 0.147352 0.56663 0.1484349 0.566406 0.1497409 0.569458 0.14268 0.588641 0.147352 0.56663 0.878686 0.773851 0.879438 0.731874 0.879438 0.775655 0.1510969 0.569202 0.1484349 0.566406 0.192197 0.567698 0.1510969 0.569202 0.1497409 0.569458 0.1484349 0.566406 0.07757198 0.645309 0.07389795 0.75759 0.07975697 0.653837 0.199773 0.573281 0.192197 0.567698 0.236441 0.592134 0.881214 0.750162 0.881214 0.699901 0.882709 0.708492 0.199773 0.573281 0.1510969 0.569202 0.192197 0.567698 0.931417 0.908987 0.928499 0.952178 0.928499 0.897495 0.242341 0.602653 0.236441 0.592134 0.265046 0.638739 0.24569 0.785536 0.24569 0.732864 0.24768 0.744316 0.242341 0.602653 0.199773 0.573281 0.236441 0.592134 0.943037 0.906906 0.940196 0.951072 0.940196 0.896922 0.264462 0.649181 0.265046 0.638739 0.265046 0.692888 0.255227 0.732864 0.255227 0.785061 0.25351 0.775023 0.264462 0.649181 0.242341 0.602653 0.265046 0.638739 0.860125 0.744333 0.85947 0.747169 0.85947 0.738283 0.260433 0.697499 0.265046 0.692888 0.262127 0.701282 0.900378 0.699901 0.900378 0.749332 0.899542 0.743347 0.260433 0.697499 0.264462 0.649181 0.265046 0.692888 0.970123 0.926887 0.969704 0.926775 0.970123 0.882398 0.234199 0.735002 0.262127 0.701282 0.236109 0.737233 0.674513 0.969959 0.674147 0.970009 0.673818 0.926865 0.674513 0.923983 0.674513 0.969959 0.673818 0.926865 0.234199 0.735002 0.259955 0.698778 0.262127 0.701282 0.260433 0.697499 0.262127 0.701282 0.259955 0.698778 0.270866 0.697923 0.270445 0.650421 0.270866 0.650313 0.213733 0.751065 0.234199 0.735002 0.236109 0.737233 0.266774 0.955135 0.264123 0.9338 0.266774 0.907626 0.315228 0.715044 0.324993 0.926279 0.325359 0.926321 0.350061 0.97369 0.339752 0.976405 0.333498 0.930856 0.730036 0.937014 0.719798 0.934358 0.725898 0.888222 0.736229 0.890849 0.730036 0.937014 0.725898 0.888222 0.343714 0.928086 0.333498 0.930856 0.340098 0.893046 0.343714 0.928086 0.350061 0.97369 0.333498 0.930856 0.955394 0.70536 0.945971 0.709355 0.947582 0.654763 0.350061 0.890386 0.343714 0.928086 0.340098 0.893046 0.95663 0.650977 0.947582 0.654763 0.940111 0.75619 0.95663 0.650977 0.955394 0.70536 0.947582 0.654763 0.962378 0.907202 0.974538 0.868114 0.971348 0.906029 0.948794 0.752646 0.95663 0.650977 0.940111 0.75619 0.962378 0.907202 0.965307 0.869329 0.974538 0.868114 0.117381 0.822286 0.117148 0.822305 0.117148 0.775787 0.962378 0.907202 0.971348 0.906029 0.974538 0.952438 0.270668 0.72376 0.270668 0.697923 0.270902 0.697929 0.966306 0.660866 0.966306 0.613638 0.96902 0.639702 0.412773 0.890386 0.421659 0.891519 0.418305 0.936842 0.962378 0.907202 0.974538 0.952438 0.965663 0.953651 0.725005 0.399599 0.710619 0.380164 0.753435 0.385507 0.679792 0.397748 0.709443 0.379854 0.710619 0.380164 0.679792 0.397748 0.710619 0.380164 0.725005 0.399599 0.213733 0.751065 0.211719 0.748744 0.234199 0.735002 0.725005 0.399599 0.753435 0.385507 0.77956 0.383931 0.194997 0.75695 0.211719 0.748744 0.213733 0.751065 0.192578 0.75444 0.211719 0.748744 0.194997 0.75695 0.781891 0.400011 0.77956 0.383931 0.798028 0.380495 0.725005 0.399599 0.77956 0.383931 0.781891 0.400011 0.67461 0.922123 0.674199 0.92014 0.67461 0.901584 0.151235 0.755658 0.192578 0.75444 0.194997 0.75695 0.878686 0.733527 0.877729 0.775655 0.877729 0.731874 0.151235 0.755658 0.143903 0.750361 0.192578 0.75444 0.828722 0.398829 0.798028 0.380495 0.833314 0.365275 0.781891 0.400011 0.798028 0.380495 0.828722 0.398829 0.1401939 0.731223 0.1345379 0.720989 0.143903 0.750361 0.266999 0.234732 0.273465 0.203202 0.321522 0.186239 0.151235 0.755658 0.1401939 0.731223 0.143903 0.750361 0.111589 0.684618 0.112417 0.674461 0.1345379 0.720989 0.104433 0.359442 0.113543 0.342953 0.1400499 0.416712 0.1401939 0.731223 0.111589 0.684618 0.1345379 0.720989 0.266999 0.234732 0.321522 0.186239 0.321522 0.238436 0.111589 0.630468 0.116445 0.626143 0.112417 0.674461 0.07783401 0.415688 0.07688397 0.423325 0.06909197 0.39042 0.111589 0.684618 0.111589 0.630468 0.112417 0.674461 0.104433 0.359442 0.1400499 0.416712 0.110631 0.366013 0.118444 0.411792 0.110631 0.366013 0.1400499 0.416712 0.123065 0.605718 0.125282 0.608366 0.116445 0.626143 0.05372095 0.381049 0.06909197 0.39042 0.03799796 0.368608 0.111589 0.630468 0.123065 0.605718 0.116445 0.626143 0.07783401 0.415688 0.06909197 0.39042 0.05372095 0.381049 0.14268 0.588641 0.125282 0.608366 0.123065 0.605718 0.04683196 0.342694 0.03799796 0.368608 0.03710895 0.342755 0.05372095 0.381049 0.03799796 0.368608 0.04683196 0.342694 0.265937 0.71749 0.266971 0.696036 0.266971 0.723316 0.943037 0.941297 0.945734 0.896922 0.945734 0.951072 0.89851 0.749332 0.89851 0.699901 0.899543 0.705633 0.931417 0.940942 0.934321 0.897495 0.934321 0.952178 0.251753 0.785061 0.251753 0.732864 0.25351 0.742583 0.260869 0.741163 0.258571 0.783407 0.258571 0.732864 0.249543 0.732864 0.249543 0.785536 0.24768 0.774377 0.883947 0.699901 0.883947 0.750162 0.882709 0.741762 0.061526 0.426539 0.03710895 0.342755 0.076752 0.426161 0.04683196 0.342694 0.03710895 0.342755 0.061526 0.426539 0.045901 0.408961 0.03182995 0.404677 0.03198295 0.403449 0.08563399 0.388922 0.07690495 0.424934 0.055399 0.385162 0.061526 0.426539 0.07690495 0.424934 0.08563399 0.388922 0.662927 0.295394 0.696322 0.401894 0.708079 0.325894 0.04492199 0.07462096 0.04492199 0.02148395 0.092844 0.04324698 0.662927 0.295394 0.708079 0.325894 0.669588 0.362527 0.679792 0.397748 0.675917 0.364132 0.709443 0.379854 0.04492199 0.07462096 0.092844 0.04324698 0.09926897 0.07683497 0.409325 0.935774 0.418305 0.936842 0.421659 0.971749 0.409325 0.935774 0.412773 0.890386 0.418305 0.936842 0.950427 0.776241 0.958967 0.77967 0.962378 0.834265 0.412415 0.970604 0.409325 0.935774 0.421659 0.971749 0.953464 0.830632 0.962378 0.834265 0.959697 0.887102 0.953464 0.830632 0.950427 0.776241 0.962378 0.834265 0.730036 0.937014 0.726241 0.973656 0.719798 0.934358 0.950427 0.883233 0.953464 0.830632 0.959697 0.887102 0.730036 0.937014 0.736229 0.976241 0.726241 0.973656 0.972167 0.645553 0.973852 0.64573 0.972167 0.691218 0.489976 0.936486 0.493128 0.924302 0.493128 0.970867 0.491436 0.970949 0.489976 0.936486 0.493128 0.970867 0.953956 0.695857 0.957223 0.678121 0.957223 0.713088 0.321444 0.890435 0.321444 0.937535 0.319888 0.890863 0.975328 0.86898 0.977793 0.834901 0.977793 0.880733 0.930708 0.714101 0.930708 0.678121 0.9344 0.689287 0.664947 0.856136 0.666748 0.84321 0.669342 0.897623 0.863828 0.715038 0.863828 0.678121 0.867649 0.702201 0.664947 0.936905 0.669342 0.897623 0.665875 0.950198 0.664947 0.936905 0.666591 0.89677 0.669342 0.897623 0.664947 0.856136 0.669342 0.897623 0.666591 0.89677 0.113717 0.770173 0.111804 0.775142 0.111804 0.735429 0.09283 0.634927 0.09283 0.654223 0.090595 0.641551 0.948339 0.744099 0.94597 0.755702 0.950618 0.709355 0.883415 0.756541 0.881709 0.775542 0.881709 0.731874 0.948603 0.760607 0.950618 0.775946 0.94597 0.755702 0.948339 0.744099 0.948603 0.760607 0.94597 0.755702 0.978864 0.73718 0.977587 0.737324 0.977587 0.69128 0.974538 0.953119 0.974538 0.935447 0.975804 0.935669 0.252437 0.706363 0.251528 0.724014 0.261293 0.946461 0.902508 0.732989 0.900378 0.737961 0.903974 0.699901 0.112859 0.903602 0.111821 0.903826 0.111821 0.856563 0.935421 0.909836 0.934321 0.944674 0.934321 0.897495 0.902508 0.732989 0.903974 0.749063 0.900378 0.737961 0.940196 0.937446 0.938204 0.951319 0.938204 0.896922 0.877488 0.757676 0.87582 0.776001 0.87582 0.731874 0.106509 0.64035 0.104787 0.653698 0.104787 0.635552 0.266552 0.955135 0.266552 0.974153 0.264123 0.967588 0.956695 0.896711 0.959086 0.896351 0.95452 0.948707 0.115406 0.765092 0.114495 0.774962 0.114495 0.734708 0.320675 0.957979 0.319888 0.968199 0.319888 0.937536 0.32136 0.947558 0.320675 0.957979 0.319888 0.937536 0.956695 0.896711 0.95452 0.887102 0.959086 0.896351 0.915425 0.751159 0.918673 0.731874 0.918673 0.76986 0.251753 0.745163 0.249543 0.785085 0.249543 0.732864 0.918673 0.769745 0.918673 0.731874 0.922661 0.744373 0.896826 0.714304 0.896826 0.678121 0.90062 0.702447 0.952169 0.963415 0.952169 0.945796 0.953212 0.945997 0.266421 0.657732 0.265046 0.65788 0.271692 0.623784 0.269273 0.680594 0.266709 0.67525 0.265046 0.65788 0.269273 0.680594 0.265046 0.65788 0.266421 0.657732 0.278083 0.613413 0.271692 0.623784 0.279957 0.608064 0.266421 0.657732 0.271692 0.623784 0.278083 0.613413 0.292418 0.594359 0.279957 0.608064 0.291388 0.593986 0.278083 0.613413 0.279957 0.608064 0.292418 0.594359 0.292418 0.594359 0.291388 0.593986 0.305737 0.582189 0.311902 0.579229 0.305737 0.582189 0.322559 0.573316 0.292418 0.594359 0.305737 0.582189 0.311902 0.579229 0.311902 0.579229 0.322559 0.573316 0.331703 0.570156 0.335396 0.56954 0.331703 0.570156 0.341197 0.567927 0.311902 0.579229 0.331703 0.570156 0.335396 0.56954 0.347922 0.567132 0.341197 0.567927 0.350932 0.566669 0.335396 0.56954 0.341197 0.567927 0.347922 0.567132 0.347922 0.567132 0.350932 0.566669 0.360781 0.566406 0.893006 0.731944 0.893824 0.731874 0.893824 0.770834 0.896561 0.770529 0.895785 0.731874 0.896561 0.73214 0.893947 0.744622 0.895785 0.731874 0.896561 0.770529 0.300632 0.893126 0.301808 0.892903 0.308319 0.93021 0.116182 0.774792 0.115406 0.774744 0.115406 0.734708 0.116594 0.735043 0.116182 0.774792 0.115406 0.734708 0.307176 0.930066 0.308319 0.93021 0.300632 0.965567 0.307176 0.930066 0.300632 0.893126 0.308319 0.93021 0.953956 0.7133 0.952379 0.712958 0.953956 0.678121 0.670767 0.750459 0.672089 0.750113 0.67168 0.78457 0.670767 0.750459 0.6743 0.719694 0.672089 0.750113 0.670339 0.784574 0.67168 0.78457 0.6743 0.818637 0.670339 0.784574 0.670767 0.750459 0.67168 0.78457 0.311744 0.738045 0.360781 0.752646 0.322559 0.744421 0.241553 0.732864 0.24569 0.747946 0.242363 0.786194 0.241553 0.78609 0.241553 0.732864 0.242363 0.786194 0.257829 0.732864 0.258571 0.783687 0.257829 0.784028 0.311744 0.738045 0.322559 0.744421 0.305737 0.73497 0.311744 0.738045 0.305737 0.73497 0.291388 0.72268 0.292255 0.72217 0.291388 0.72268 0.279957 0.70821 0.311744 0.738045 0.291388 0.72268 0.292255 0.72217 0.277933 0.702524 0.279957 0.70821 0.271692 0.692206 0.292255 0.72217 0.279957 0.70821 0.277933 0.702524 0.269273 0.680594 0.271692 0.692206 0.266709 0.67525 0.277933 0.702524 0.271692 0.692206 0.269273 0.680594 0.927832 0.947778 0.929424 0.940997 0.929424 0.970752 0.888674 0.774479 0.888674 0.731874 0.891343 0.766485 0.959593 0.696939 0.960686 0.678121 0.960686 0.712532 0.937751 0.748 0.937751 0.699901 0.942021 0.727124 0.113717 0.775007 0.113717 0.734708 0.114495 0.734727 0.908562 0.761033 0.850407 0.786395 0.849523 0.746654 0.925166 0.804169 0.849472 0.826671 0.850407 0.786395 0.908562 0.761033 0.925166 0.804169 0.850407 0.786395 0.889104 0.719461 0.849523 0.746654 0.847018 0.715247 0.889104 0.719461 0.908562 0.761033 0.849523 0.746654 0.352566 0.925829 0.38656 0.910881 0.378959 0.9409 0.352566 0.925829 0.350061 0.890386 0.38656 0.910881 0.352566 0.925829 0.378959 0.9409 0.373988 0.974654 0.445381 0.890386 0.469231 0.893352 0.466158 0.934421 0.352566 0.925829 0.373988 0.974654 0.350061 0.972398 0.437202 0.935181 0.466158 0.934421 0.469231 0.969398 0.441855 0.913003 0.445381 0.890386 0.466158 0.934421 0.437202 0.935181 0.441855 0.913003 0.466158 0.934421 0.07757198 0.628973 0.076725 0.628897 0.07171297 0.727214 0.916399 0.895187 0.875569 0.896311 0.854258 0.84454 0.916399 0.895187 0.922033 0.928525 0.875569 0.896311 0.257829 0.784203 0.256978 0.732893 0.257829 0.732864 0.255228 0.732864 0.256978 0.745363 0.255228 0.78445 0.916399 0.849356 0.854258 0.84454 0.843008 0.80691 0.916399 0.849356 0.916399 0.895187 0.854258 0.84454 0.966306 0.68596 0.968799 0.660866 0.968799 0.698055 0.922033 0.803312 0.843008 0.80691 0.83722 0.776241 0.922033 0.803312 0.916399 0.849356 0.843008 0.80691 0.950108 0.689694 0.952379 0.678121 0.952379 0.713632 0.893336 0.861824 0.910845 0.953657 0.88079 0.962558 0.109965 0.756164 0.111804 0.735429 0.111264 0.755926 0.111804 0.774417 0.109965 0.756164 0.111264 0.755926 0.893336 0.861824 0.927832 0.86029 0.910845 0.953657 0.960686 0.700754 0.962889 0.678121 0.962889 0.712331 0.870108 0.862252 0.88079 0.962558 0.847131 0.965559 0.930052 0.963353 0.930052 0.940997 0.930831 0.952267 0.870108 0.862252 0.893336 0.861824 0.88079 0.962558 0.922033 0.930834 0.924477 0.897495 0.923131 0.930967 0.162934 0.983864 0.161553 0.8807 0.194952 0.88329 0.924477 0.953637 0.922033 0.930834 0.923131 0.930967 0.847018 0.862385 0.870108 0.862252 0.847131 0.965559 0.957223 0.701283 0.959593 0.678121 0.959593 0.713073 0.208737 0.983864 0.194952 0.88329 0.224237 0.891832 0.977342 0.914152 0.977342 0.868114 0.978798 0.880103 0.208737 0.983864 0.162934 0.983864 0.194952 0.88329 0.894228 0.689818 0.896826 0.678121 0.896826 0.714708 0.925166 0.804169 0.847018 0.86029 0.849472 0.826671 0.971899 0.756168 0.9738 0.738767 0.97321 0.756581 0.9738 0.776181 0.971899 0.756168 0.97321 0.756581 0.925166 0.804169 0.934458 0.837269 0.847018 0.86029 0.893824 0.757377 0.893947 0.744622 0.896561 0.770529 0.663597 0.962368 0.663597 0.936723 0.664525 0.94982 0.512859 0.591885 0.514482 0.590258 0.528665 0.608609 0.512859 0.591885 0.47322 0.566406 0.514482 0.590258 0.526994 0.610304 0.528665 0.608609 0.538262 0.631533 0.526994 0.610304 0.512859 0.591885 0.528665 0.608609 0.536044 0.632128 0.538262 0.631533 0.538267 0.679193 0.536044 0.632128 0.526994 0.610304 0.538262 0.631533 0.536049 0.678596 0.538267 0.679193 0.514496 0.720468 0.536049 0.678596 0.536044 0.632128 0.538267 0.679193 0.512872 0.718841 0.514496 0.720468 0.473317 0.744299 0.512872 0.718841 0.536049 0.678596 0.514496 0.720468 0.426359 0.742075 0.473317 0.744299 0.425766 0.744299 0.472722 0.742075 0.512872 0.718841 0.473317 0.744299 0.426359 0.742075 0.472722 0.742075 0.473317 0.744299 0.404584 0.733006 0.425766 0.744299 0.402893 0.734682 0.404584 0.733006 0.426359 0.742075 0.425766 0.744299 0.386206 0.718841 0.402893 0.734682 0.384582 0.720468 0.386206 0.718841 0.404584 0.733006 0.402893 0.734682 0.386206 0.718841 0.384582 0.720468 0.360781 0.679114 0.362661 0.677208 0.360781 0.679114 0.360798 0.631533 0.363021 0.678598 0.360781 0.679114 0.362661 0.677208 0.386206 0.718841 0.360781 0.679114 0.363021 0.678598 0.363016 0.63213 0.360798 0.631533 0.384569 0.590258 0.363016 0.63213 0.362661 0.677208 0.360798 0.631533 0.386193 0.591885 0.384569 0.590258 0.425748 0.566427 0.363016 0.63213 0.384569 0.590258 0.386193 0.591885 0.471319 0.568291 0.425748 0.566427 0.47322 0.566406 0.426343 0.568651 0.386193 0.591885 0.425748 0.566427 0.471319 0.568291 0.426343 0.568651 0.425748 0.566427 0.472706 0.568651 0.471319 0.568291 0.47322 0.566406 0.512859 0.591885 0.472706 0.568651 0.47322 0.566406 0.942021 0.714127 0.968546 0.699901 0.968546 0.746537 0.563623 0.592385 0.562005 0.590771 0.603141 0.5667 0.951346 0.745553 0.942021 0.714127 0.968546 0.746537 0.873126 0.951413 0.856219 0.928525 0.873448 0.928525 0.563623 0.592385 0.547862 0.609175 0.562005 0.590771 0.90062 0.678121 0.90458 0.678927 0.90062 0.714237 0.605036 0.568568 0.603141 0.5667 0.65046 0.566406 0.496375 0.931849 0.498506 0.921472 0.498506 0.968272 0.982435 0.662272 0.984589 0.660866 0.976003 0.689284 0.978128 0.661862 0.982435 0.662272 0.976003 0.689284 0.968799 0.660866 0.978128 0.661862 0.976003 0.689284 0.973813 0.679 0.982246 0.678121 0.986603 0.708623 0.970395 0.678941 0.973813 0.679 0.986603 0.708623 0.966943 0.678129 0.970395 0.678941 0.986603 0.708623 0.962889 0.708623 0.966943 0.678129 0.986603 0.708623 0.603654 0.568937 0.603141 0.5667 0.605036 0.568568 0.563623 0.592385 0.603141 0.5667 0.603654 0.568937 0.973478 0.576223 0.969208 0.612307 0.969208 0.566406 0.649866 0.568628 0.65046 0.566406 0.691497 0.589909 0.973184 0.566738 0.973478 0.576223 0.969208 0.566406 0.649866 0.568628 0.605036 0.568568 0.65046 0.566406 0.051669 0.742454 0.02734398 0.739822 0.05503296 0.953505 0.689878 0.591544 0.691497 0.589909 0.715177 0.630933 0.06222599 0.713476 0.051669 0.742454 0.05503296 0.953505 0.08061999 0.933091 0.06222599 0.713476 0.05503296 0.953505 0.974954 0.579412 0.978693 0.581433 0.969208 0.612307 0.973478 0.576223 0.974954 0.579412 0.969208 0.612307 0.649866 0.568628 0.691497 0.589909 0.689878 0.591544 0.06062299 0.61886 0.03967297 0.632665 0.02734398 0.739822 0.713304 0.676518 0.715177 0.630933 0.715177 0.678407 0.051669 0.742454 0.06062299 0.61886 0.02734398 0.739822 0.712966 0.631543 0.715177 0.630933 0.713304 0.676518 0.689878 0.591544 0.715177 0.630933 0.712966 0.631543 0.976956 0.868089 0.974915 0.868114 0.974915 0.822312 0.689821 0.718212 0.715177 0.678407 0.691439 0.719825 0.978989 0.868068 0.976956 0.868089 0.974915 0.822312 0.948992 0.939338 0.947862 0.944551 0.947862 0.896922 0.949819 0.934068 0.948992 0.939338 0.947862 0.896922 0.870486 0.708702 0.867649 0.710795 0.881143 0.678121 0.874586 0.709528 0.870486 0.708702 0.881143 0.678121 0.881143 0.714315 0.874586 0.709528 0.881143 0.678121 0.07073497 0.648726 0.06424295 0.654526 0.03967297 0.632665 0.073502 0.64665 0.07073497 0.648726 0.03967297 0.632665 0.07671397 0.645117 0.073502 0.64665 0.03967297 0.632665 0.06062299 0.61886 0.07671397 0.645117 0.03967297 0.632665 0.712945 0.677907 0.715177 0.678407 0.689821 0.718212 0.713304 0.676518 0.715177 0.678407 0.712945 0.677907 0.877499 0.933888 0.873448 0.928525 0.875489 0.928537 0.877489 0.939213 0.873448 0.951615 0.873448 0.928525 0.689821 0.718212 0.691439 0.719825 0.673183 0.734128 0.877499 0.933888 0.877489 0.939213 0.873448 0.928525 0.877499 0.933888 0.875489 0.928537 0.877522 0.928553 0.19631 0.776232 0.1942189 0.786705 0.1942 0.781377 0.848594 0.738309 0.84651 0.743618 0.846503 0.738283 0.19631 0.776232 0.19631 0.786721 0.1942189 0.786705 0.19631 0.776232 0.1942 0.781377 0.194195 0.776075 0.260693 0.786701 0.258571 0.786701 0.259829 0.783407 0.486229 0.752573 0.482807 0.752573 0.484058 0.748583 0.478255 0.748504 0.47737 0.748744 0.478255 0.744299 0.476092 0.746921 0.478255 0.744299 0.47737 0.748744 0.249963 0.706748 0.249963 0.725016 0.247927 0.715912 0.484272 0.748736 0.486229 0.752573 0.484058 0.748583 0.975753 0.823042 0.973763 0.808292 0.974024 0.80824 0.975837 0.823028 0.975753 0.823042 0.974024 0.80824 0.117339 0.675058 0.117339 0.66635 0.117424 0.675055 0.403993 0.751282 0.404104 0.744299 0.404397 0.747746 0.401712 0.750544 0.404104 0.744299 0.403993 0.751282 0.404019 0.744315 0.404104 0.744299 0.401712 0.750544 0.877686 0.73067 0.869908 0.707536 0.908312 0.954026 0.877686 0.73067 0.865932 0.718053 0.869908 0.707536 0.844328 0.739292 0.846503 0.738283 0.846503 0.749527 0.921096 0.959308 0.908312 0.954026 0.939088 0.956272 0.921096 0.959308 0.916955 0.961121 0.908312 0.954026 0.877686 0.73067 0.908312 0.954026 0.916955 0.961121 0.973362 0.739276 0.939088 0.956272 0.956047 0.713855 0.97073 0.750206 0.939088 0.956272 0.973362 0.739276 0.970174 0.76248 0.939088 0.956272 0.97073 0.750206 0.925087 0.961417 0.921096 0.959308 0.939088 0.956272 0.942748 0.733042 0.925087 0.961417 0.939088 0.956272 0.970174 0.76248 0.942748 0.733042 0.939088 0.956272 0.914563 0.684827 0.917907 0.686018 0.90458 0.713739 0.911595 0.683064 0.914563 0.684827 0.90458 0.713739 0.90458 0.678121 0.911595 0.683064 0.90458 0.713739 0.902646 0.770167 0.896561 0.766119 0.902646 0.731874 0.407594 0.744299 0.407471 0.751266 0.407194 0.747728 0.409813 0.745076 0.407471 0.751266 0.407594 0.744299 0.22878 0.783288 0.224755 0.785779 0.224755 0.776075 0.217416 0.786029 0.217416 0.776075 0.2192 0.777728 0.409813 0.745076 0.409813 0.750614 0.407471 0.751266 0.232298 0.785291 0.230131 0.784379 0.232298 0.776075 0.102608 0.654226 0.09984999 0.644806 0.102608 0.635552 0.429 0.748019 0.42756 0.746795 0.431026 0.744299 0.980128 0.936792 0.977995 0.950569 0.977995 0.935447 0.437239 0.74844 0.43661 0.744299 0.439599 0.745415 0.429 0.748019 0.431026 0.744299 0.431026 0.749773 0.437239 0.74844 0.43661 0.749307 0.43661 0.744299 0.969928 0.82952 0.969928 0.80824 0.971164 0.818812 0.465811 0.750798 0.466617 0.748872 0.466617 0.752538 0.108327 0.635552 0.108327 0.653641 0.106509 0.653029 0.85947 0.739186 0.857624 0.747151 0.857624 0.738283 0.425196 0.752323 0.423151 0.752511 0.423151 0.749872 0.472077 0.748321 0.470741 0.744299 0.474389 0.744299 0.488512 0.746805 0.490704 0.744299 0.489787 0.748591 0.490704 0.748334 0.489787 0.748591 0.490704 0.744299 0.239564 0.961176 0.239564 0.976419 0.236753 0.968848 0.472077 0.748321 0.474389 0.744299 0.4739 0.746764 0.981017 0.929131 0.978654 0.915705 0.981017 0.914468 0.236513 0.785126 0.236513 0.776075 0.238896 0.784211 0.412176 0.751223 0.412252 0.744299 0.412586 0.747701 0.409813 0.750534 0.412252 0.744299 0.412176 0.751223 0.409813 0.745054 0.412252 0.744299 0.409813 0.750534 0.97785 0.612315 0.977871 0.758901 0.979231 0.635036 0.970174 0.76248 0.97073 0.750206 0.977871 0.758901 0.844328 0.74842 0.842134 0.749534 0.842134 0.738283 0.97785 0.612315 0.970174 0.76248 0.977871 0.758901 0.935501 0.769281 0.922661 0.759851 0.935501 0.731874 0.975737 0.616297 0.979231 0.635036 0.961905 0.66048 0.975737 0.616297 0.97785 0.612315 0.979231 0.635036 0.973801 0.767708 0.973801 0.738767 0.986072 0.748926 0.541809 0.920271 0.541809 0.890505 0.569053 0.913052 0.946233 0.643659 0.961905 0.66048 0.935207 0.675864 0.946233 0.643659 0.975737 0.616297 0.961905 0.66048 0.863828 0.715224 0.847581 0.696874 0.863828 0.678121 0.671498 0.732467 0.673183 0.734128 0.650382 0.743875 0.935501 0.763666 0.944917 0.731874 0.944917 0.769424 0.878979 0.942436 0.88298 0.943737 0.873448 0.951615 0.877489 0.939213 0.878979 0.942436 0.873448 0.951615 0.689821 0.718212 0.673183 0.734128 0.671498 0.732467 0.937751 0.743062 0.915482 0.747452 0.915482 0.699901 0.649791 0.74166 0.650382 0.743875 0.602984 0.74419 0.883947 0.719291 0.897328 0.699901 0.897328 0.749439 0.671498 0.732467 0.650382 0.743875 0.649791 0.74166 0.09104597 0.94754 0.06344795 0.953434 0.065481 0.907091 0.603579 0.741968 0.602984 0.74419 0.561948 0.720687 0.09261196 0.917818 0.09104597 0.94754 0.065481 0.907091 0.649791 0.74166 0.602984 0.74419 0.603579 0.741968 0.924492 0.906372 0.928499 0.906806 0.924477 0.952461 0.563567 0.719053 0.561948 0.720687 0.538267 0.679664 0.945734 0.907322 0.947862 0.896922 0.947862 0.944648 0.947616 0.680361 0.950108 0.678121 0.939049 0.713023 0.943201 0.680233 0.947616 0.680361 0.939049 0.713023 0.9344 0.678121 0.943201 0.680233 0.939049 0.713023 0.908116 0.736031 0.915425 0.739637 0.902646 0.769588 0.905239 0.734275 0.908116 0.736031 0.902646 0.769588 0.902646 0.731874 0.905239 0.734275 0.902646 0.769588 0.09104597 0.94754 0.09261196 0.977855 0.06344795 0.953434 0.603579 0.741968 0.561948 0.720687 0.563567 0.719053 0.560897 0.962525 0.568297 0.9357 0.563551 0.968191 0.540499 0.63269 0.538267 0.679664 0.538288 0.632111 0.924492 0.906372 0.924477 0.897495 0.928499 0.906806 0.540478 0.679053 0.563567 0.719053 0.538267 0.679664 0.540499 0.63269 0.540478 0.679053 0.538267 0.679664 0.541809 0.920271 0.569053 0.913052 0.568297 0.9357 0.549528 0.610855 0.538288 0.632111 0.547862 0.609175 0.555889 0.958644 0.541809 0.920271 0.568297 0.9357 0.559791 0.960434 0.555889 0.958644 0.568297 0.9357 0.560897 0.962525 0.559791 0.960434 0.568297 0.9357 0.549528 0.610855 0.540499 0.63269 0.538288 0.632111 0.563623 0.592385 0.549528 0.610855 0.547862 0.609175 0.921244 0.707283 0.917907 0.706169 0.930708 0.678121 0.91673 0.67102 0.935207 0.675864 0.904458 0.678121 0.924155 0.708978 0.921244 0.707283 0.930708 0.678121 0.930708 0.713763 0.924155 0.708978 0.930708 0.678121 0.555889 0.958644 0.547378 0.954494 0.541809 0.920271 0.91673 0.67102 0.946233 0.643659 0.935207 0.675864 0.417497 0.751147 0.417615 0.744299 0.417907 0.747804 0.415225 0.750282 0.417615 0.744299 0.417497 0.751147 0.853745 0.611848 0.904458 0.678121 0.896287 0.670381 0.832675 0.74 0.836742 0.738283 0.836742 0.74951 0.912589 0.672833 0.91673 0.67102 0.904458 0.678121 0.908597 0.670724 0.912589 0.672833 0.904458 0.678121 0.881171 0.641286 0.908597 0.670724 0.904458 0.678121 0.853745 0.611848 0.881171 0.641286 0.904458 0.678121 0.206022 0.786382 0.206022 0.776075 0.20777 0.777795 0.415225 0.750282 0.415225 0.744849 0.417615 0.744299 0.258272 0.977559 0.256725 0.960562 0.259298 0.968381 0.257199 0.977375 0.254406 0.96085 0.256725 0.960562 0.258272 0.977559 0.257199 0.977375 0.256725 0.960562 0.258272 0.977559 0.259298 0.968381 0.259209 0.977755 0.46762 0.747951 0.467882 0.748872 0.463583 0.748872 0.492035 0.748506 0.493758 0.752569 0.490704 0.752569 0.466761 0.745473 0.463583 0.748872 0.466262 0.744299 0.467882 0.745088 0.468519 0.744299 0.468519 0.749015 0.467286 0.746915 0.463583 0.748872 0.466761 0.745473 0.46762 0.747951 0.463583 0.748872 0.467286 0.746915 0.664947 0.971336 0.664947 0.950198 0.666102 0.9608 0.455932 0.74711 0.456769 0.744299 0.456769 0.749259 0.102608 0.635552 0.104787 0.653563 0.102608 0.654244 0.217416 0.776075 0.217416 0.786059 0.215229 0.776831 0.42756 0.749773 0.429844 0.750144 0.42756 0.752595 0.486385 0.746278 0.482807 0.748583 0.482807 0.744299 0.488512 0.746011 0.486385 0.748636 0.487237 0.744299 0.486385 0.744607 0.487237 0.744299 0.486385 0.748636 0.09735095 0.635552 0.09822696 0.654225 0.09500598 0.645095 0.434991 0.752486 0.434991 0.7495 0.43585 0.751247 0.09735095 0.635552 0.09984999 0.653355 0.09822696 0.654225 0.854471 0.738283 0.854471 0.747187 0.852242 0.739347 0.412951 0.744299 0.412908 0.751168 0.412586 0.747814 0.415225 0.744888 0.412908 0.751168 0.412951 0.744299 0.415225 0.750313 0.412908 0.751168 0.415225 0.744888 0.84758 0.625405 0.88517 0.672203 0.861021 0.653119 0.896287 0.670381 0.88517 0.672203 0.84758 0.625405 0.842134 0.748465 0.84005 0.749549 0.84005 0.738283 0.846069 0.762013 0.84758 0.625405 0.841721 0.748914 0.853745 0.611848 0.896287 0.670381 0.84758 0.625405 0.846069 0.762013 0.853745 0.611848 0.84758 0.625405 0.890882 0.685259 0.894228 0.686433 0.881143 0.714258 0.848182 0.758031 0.841721 0.748914 0.855128 0.721243 0.887938 0.683454 0.890882 0.685259 0.881143 0.714258 0.881143 0.678121 0.887938 0.683454 0.881143 0.714258 0.253816 0.696494 0.261126 0.699953 0.253816 0.725146 0.848182 0.758031 0.846069 0.762013 0.841721 0.748914 0.406809 0.751259 0.40684 0.744299 0.407194 0.747827 0.406725 0.751242 0.40684 0.744299 0.406809 0.751259 0.848182 0.758031 0.855128 0.721243 0.865932 0.718053 0.836742 0.739753 0.84005 0.738283 0.84005 0.749547 0.41959 0.744299 0.41959 0.750462 0.417907 0.748557 0.404397 0.750501 0.404397 0.745002 0.40684 0.744299 0.19631 0.779922 0.19765 0.776075 0.19765 0.786674 0.406641 0.751224 0.404397 0.750501 0.40684 0.744299 0.406725 0.751242 0.406641 0.751224 0.40684 0.744299 0.117339 0.67506 0.117424 0.675058 0.117424 0.683695 0.09283 0.634927 0.09481698 0.644374 0.09283 0.653853 0.490954 0.74842 0.490704 0.748506 0.490704 0.744299 0.846677 0.977089 0.846943 0.96238 0.846943 0.97709 0.459118 0.745334 0.460954 0.749004 0.45759 0.749004 0.455932 0.745428 0.454214 0.749306 0.454214 0.744299 0.459118 0.745334 0.459487 0.744299 0.460954 0.749004 0.491202 0.748326 0.490704 0.744299 0.493152 0.747244 0.490954 0.74842 0.490704 0.744299 0.491202 0.748326 0.848594 0.738309 0.846532 0.748943 0.84651 0.743618 0.456769 0.747043 0.45759 0.744299 0.45759 0.749195 0.848594 0.738309 0.848597 0.748834 0.846532 0.748943 0.877686 0.73067 0.848182 0.758031 0.865932 0.718053 0.539221 0.744627 0.54182 0.74419 0.54182 0.752611 0.538844 0.747911 0.539221 0.744627 0.54182 0.752611 0.538267 0.75199 0.538844 0.747911 0.54182 0.752611 0.223752 0.785815 0.221132 0.785588 0.221132 0.776075 0.224755 0.779209 0.223752 0.785815 0.221132 0.776075 0.204537 0.786392 0.202175 0.786392 0.203124 0.776075 0.212599 0.783824 0.215229 0.776075 0.215229 0.786156 0.375962 0.752437 0.370492 0.752437 0.368527 0.748366 0.437202 0.930508 0.433333 0.930624 0.433333 0.890386 0.437202 0.930508 0.433333 0.890386 0.437202 0.894252 0.373996 0.748366 0.368527 0.748366 0.370486 0.744299 0.375962 0.752437 0.368527 0.748366 0.373996 0.748366 0.312194 0.967042 0.308319 0.970902 0.308319 0.930668 0.373996 0.748366 0.370486 0.744299 0.375956 0.744299 0.312194 0.93079 0.308319 0.930668 0.308319 0.890435 0.312194 0.967042 0.308319 0.930668 0.312194 0.93079 0.375962 0.744299 0.381605 0.744299 0.383683 0.748306 0.312194 0.93079 0.308319 0.890435 0.312194 0.894538 0.378039 0.748306 0.383683 0.748306 0.381828 0.752415 0.378039 0.748306 0.375962 0.744299 0.383683 0.748306 0.236753 0.884584 0.240848 0.8807 0.240848 0.920938 0.378039 0.748306 0.381828 0.752415 0.376185 0.752415 0.236753 0.92084 0.240848 0.920938 0.240848 0.961176 0.236753 0.884584 0.240848 0.920938 0.236753 0.92084 0.360785 0.744299 0.366566 0.744299 0.368527 0.748372 0.236753 0.92084 0.240848 0.961176 0.236753 0.957095 0.362746 0.748372 0.368527 0.748372 0.366562 0.752437 0.360785 0.744299 0.368527 0.748372 0.362746 0.748372 0.967809 0.695366 0.971899 0.69128 0.971899 0.731514 0.362746 0.748372 0.366562 0.752437 0.360781 0.752437 0.967809 0.731618 0.971899 0.731514 0.971899 0.771748 0.967809 0.695366 0.971899 0.731514 0.967809 0.731618 0.391173 0.752415 0.385536 0.752415 0.383683 0.7483 0.967809 0.731618 0.971899 0.771748 0.967809 0.767869 0.38932 0.7483 0.383683 0.7483 0.385761 0.744299 0.391173 0.752415 0.383683 0.7483 0.38932 0.7483 0.437202 0.966763 0.433333 0.970862 0.433333 0.930624 0.38932 0.7483 0.385761 0.744299 0.391398 0.744299 0.437202 0.966763 0.433333 0.930624 0.437202 0.930508 0.476092 0.744299 0.476092 0.748885 0.474389 0.746982 0.432127 0.747331 0.432019 0.74539 0.434104 0.744299 0.266999 0.977991 0.27855 0.976186 0.278428 0.979363 0.820872 0.749589 0.821556 0.738283 0.823489 0.738486 0.431894 0.749516 0.432127 0.747331 0.434104 0.744299 0.434104 0.749547 0.431894 0.749516 0.434104 0.744299 0.434104 0.7495 0.434104 0.744299 0.43661 0.74524 0.404019 0.744315 0.401712 0.750544 0.403935 0.744332 0.401712 0.745024 0.403935 0.744332 0.401712 0.750544 0.266999 0.966158 0.278428 0.964691 0.27855 0.967995 0.820872 0.749848 0.815344 0.749162 0.819346 0.738326 0.817421 0.738283 0.819346 0.738326 0.815344 0.749162 0.434104 0.7495 0.43661 0.74524 0.436321 0.747144 0.266999 0.966158 0.27855 0.967995 0.278594 0.972114 0.267097 0.972126 0.278594 0.972114 0.27855 0.976186 0.267097 0.972126 0.266999 0.966158 0.278594 0.972114 0.266999 0.977991 0.267097 0.972126 0.27855 0.976186 0.820872 0.749589 0.823489 0.738486 0.825609 0.739065 0.236513 0.785149 0.234592 0.777167 0.236513 0.776075 0.745188 0.738508 0.755738 0.738283 0.751751 0.74546 0.820872 0.749589 0.825609 0.739065 0.826382 0.749589 0.846412 0.977071 0.844505 0.96221 0.846857 0.962383 0.93163 0.958171 0.930831 0.949996 0.93163 0.940997 0.110184 0.653572 0.108327 0.65269 0.110184 0.635552 0.846412 0.977071 0.844294 0.976135 0.844505 0.96221 0.846677 0.977089 0.846857 0.962383 0.846943 0.96238 0.846677 0.977089 0.846412 0.977071 0.846857 0.962383 0.745188 0.738508 0.751751 0.74546 0.745188 0.750431 0.724022 0.751279 0.724706 0.738283 0.724706 0.750206 0.812694 0.738933 0.815344 0.744363 0.812694 0.750076 0.854471 0.746824 0.855251 0.738283 0.855251 0.747233 0.724022 0.751279 0.723944 0.738353 0.724706 0.738283 0.431026 0.744355 0.431894 0.744299 0.431894 0.749869 0.815344 0.738796 0.817421 0.738283 0.815344 0.749162 0.778268 0.738283 0.788627 0.749872 0.778268 0.75023 0.724706 0.751244 0.725481 0.739311 0.725576 0.751258 0.07783401 0.921834 0.08045196 0.927302 0.07783401 0.933018 0.078498 0.921386 0.08045196 0.927302 0.07783401 0.921834 0.812694 0.738933 0.813711 0.738283 0.815344 0.744363 0.395883 0.751262 0.397099 0.744299 0.397099 0.752319 0.434104 0.7495 0.436321 0.747144 0.436565 0.74927 0.784713 0.742901 0.788627 0.749872 0.778268 0.738283 0.158688 0.974125 0.158688 0.957626 0.15946 0.96561 0.975804 0.935447 0.977995 0.93659 0.975804 0.952829 0.315161 0.639601 0.315161 0.631145 0.317201 0.638806 0.724706 0.738283 0.725481 0.739311 0.724706 0.751244 0.256718 0.78445 0.257616 0.786447 0.256329 0.786447 0.722167 0.738555 0.721292 0.751619 0.721292 0.738283 0.847018 0.970683 0.847317 0.965559 0.860517 0.967463 0.199925 0.786591 0.2021459 0.776225 0.202011 0.781356 0.199925 0.776075 0.2021459 0.776225 0.199925 0.786591 0.722167 0.738555 0.722092 0.75164 0.721292 0.751619 0.85925 0.971981 0.860517 0.967463 0.867393 0.975176 0.85925 0.971981 0.847018 0.970683 0.860517 0.967463 0.484272 0.748736 0.484482 0.748896 0.486229 0.752573 0.486108 0.750557 0.486229 0.752573 0.484482 0.748896 0.862797 0.975321 0.867393 0.975176 0.860978 0.983307 0.320817 0.76771 0.320205 0.767149 0.320817 0.75681 0.847913 0.986035 0.847317 0.980939 0.860978 0.983307 0.859451 0.978876 0.860978 0.983307 0.847317 0.980939 0.721207 0.738283 0.720376 0.751641 0.720376 0.738294 0.859451 0.978876 0.862797 0.975321 0.860978 0.983307 0.862797 0.975321 0.85925 0.971981 0.867393 0.975176 0.855904 0.975537 0.847018 0.975816 0.847018 0.970683 0.199925 0.786591 0.202011 0.781356 0.202175 0.786486 0.85925 0.971981 0.855904 0.975537 0.847018 0.970683 0.859451 0.978876 0.847317 0.980939 0.847018 0.975816 0.19765 0.786591 0.199897 0.776232 0.199762 0.781362 0.859451 0.978876 0.847018 0.975816 0.855904 0.975537 0.19765 0.776075 0.199897 0.776232 0.19765 0.786591 0.19765 0.786591 0.199762 0.781362 0.199925 0.786491 0.721292 0.751376 0.720376 0.751641 0.721207 0.738283 0.422414 0.749872 0.423151 0.752027 0.422414 0.752632 0.670892 0.841856 0.670892 0.819441 0.674262 0.818637 0.897073 0.928525 0.897073 0.951164 0.893474 0.951761 0.897073 0.928525 0.893474 0.951761 0.893474 0.929122 0.918152 0.951677 0.918127 0.928682 0.921661 0.928525 0.674262 0.841053 0.670892 0.841856 0.674262 0.818637 0.886478 0.951344 0.886478 0.928525 0.889976 0.928972 0.918152 0.951677 0.921661 0.928525 0.921686 0.95152 0.886478 0.951344 0.889976 0.928972 0.889976 0.951792 0.973508 0.823664 0.973508 0.808361 0.973763 0.808292 0.725576 0.751094 0.725576 0.738283 0.7279 0.738287 0.973508 0.823664 0.973763 0.808292 0.975753 0.823042 0.848597 0.747223 0.848597 0.738283 0.850917 0.739395 0.461318 0.746802 0.461066 0.744834 0.463583 0.744299 0.790065 0.749489 0.788627 0.738443 0.796791 0.738283 0.790065 0.749489 0.796791 0.738283 0.798726 0.738719 0.460954 0.748641 0.461318 0.746802 0.463583 0.744299 0.463583 0.749032 0.460954 0.748641 0.463583 0.744299 0.422414 0.749872 0.422414 0.744299 0.424946 0.745008 0.736283 0.739445 0.73514 0.750743 0.728515 0.74987 0.735714 0.750744 0.73514 0.750743 0.736283 0.739445 0.116594 0.775633 0.116594 0.771347 0.116699 0.771916 0.422414 0.749872 0.424946 0.745008 0.424949 0.749414 0.7279 0.738283 0.736283 0.739445 0.728515 0.74987 0.790065 0.749489 0.798726 0.738719 0.80033 0.73969 0.393532 0.752549 0.391398 0.745883 0.393532 0.744299 0.175691 0.786701 0.176077 0.776075 0.181547 0.780091 0.790065 0.749489 0.80033 0.73969 0.80033 0.750055 0.669102 0.967108 0.668271 0.959103 0.669102 0.950198 0.255678 0.977171 0.254406 0.977068 0.254406 0.96085 0.257199 0.977375 0.255678 0.977171 0.254406 0.96085 0.175691 0.786701 0.181547 0.780091 0.185131 0.786701 0.204631 0.786455 0.2053689 0.776075 0.2053689 0.785516 0.208759 0.776569 0.210099 0.776075 0.210099 0.786355 0.2092429 0.786149 0.208759 0.776569 0.210099 0.786355 0.204631 0.786455 0.204537 0.776255 0.2053689 0.776075 0.318057 0.639504 0.317201 0.639608 0.317201 0.631145 0.736283 0.750713 0.735714 0.750744 0.736283 0.739445 0.831108 0.738346 0.829504 0.749626 0.829504 0.738359 0.43661 0.750911 0.436636 0.749307 0.437496 0.749342 0.542992 0.745314 0.541821 0.752624 0.541821 0.74419 0.2053689 0.786437 0.2053689 0.776075 0.206022 0.78598 0.116594 0.775633 0.116699 0.771916 0.116771 0.772481 0.116898 0.77297 0.116771 0.774605 0.116771 0.771347 0.831108 0.738346 0.831112 0.749343 0.829504 0.749626 0.873321 0.977981 0.870797 0.981824 0.867393 0.973233 0.432675 0.752623 0.432675 0.749547 0.433463 0.749668 0.88633 0.986028 0.872031 0.982492 0.870797 0.981824 0.432675 0.752623 0.433463 0.749668 0.43334 0.751065 0.873321 0.977981 0.88633 0.986028 0.870797 0.981824 0.117433 0.771347 0.116812 0.770816 0.117433 0.761612 0.872336 0.973198 0.867393 0.973233 0.874281 0.967096 0.872336 0.973198 0.873321 0.977981 0.867393 0.973233 0.723047 0.75161 0.723047 0.738283 0.723863 0.738305 0.88752 0.965559 0.88752 0.975829 0.874281 0.967096 0.877108 0.972216 0.874281 0.967096 0.88752 0.975829 0.877108 0.972216 0.872336 0.973198 0.874281 0.967096 0.723944 0.751389 0.723047 0.75161 0.723863 0.738305 0.43661 0.750911 0.437496 0.749342 0.436636 0.752478 0.437496 0.752397 0.436636 0.752478 0.437496 0.749342 0.88633 0.986028 0.873361 0.982935 0.872031 0.982492 0.432675 0.752623 0.43334 0.751065 0.433463 0.752462 0.722167 0.751396 0.723047 0.738283 0.723047 0.751616 0.722243 0.738305 0.723047 0.738283 0.722167 0.751396 0.878093 0.976998 0.88752 0.975829 0.88633 0.986028 0.668271 0.950198 0.666153 0.970949 0.666724 0.960696 0.878093 0.976998 0.88633 0.986028 0.873321 0.977981 0.668271 0.971215 0.666153 0.970949 0.668271 0.950198 0.668271 0.950198 0.666724 0.960696 0.666102 0.950445 0.878093 0.976998 0.877108 0.972216 0.88752 0.975829 0.425933 0.752485 0.425196 0.75043 0.425933 0.749872 0.90427 0.951744 0.90427 0.929329 0.907639 0.928525 0.900671 0.928525 0.900671 0.951164 0.897073 0.951761 0.900671 0.928525 0.897073 0.951761 0.897073 0.929122 0.911034 0.951677 0.911009 0.928682 0.914543 0.928525 0.907639 0.950941 0.90427 0.951744 0.907639 0.928525 0.889976 0.951344 0.889976 0.928525 0.893474 0.928972 0.911034 0.951677 0.914543 0.928525 0.914568 0.95152 0.889976 0.951344 0.893474 0.928972 0.893474 0.951791 0.421992 0.750082 0.421992 0.752432 0.420774 0.750152 0.232298 0.776075 0.234592 0.783979 0.232298 0.785172 0.767829 0.738283 0.767829 0.750823 0.767059 0.749877 0.759687 0.74537 0.755738 0.738283 0.766189 0.750415 0.766189 0.73888 0.766189 0.750415 0.755738 0.738283 0.767829 0.738283 0.767059 0.749877 0.766966 0.738342 0.09735095 0.635552 0.09984999 0.636175 0.09984999 0.653355 0.977401 0.922295 0.976778 0.931231 0.976778 0.914468 0.832675 0.738283 0.832675 0.748751 0.831112 0.749343 0.831108 0.738346 0.832675 0.738283 0.831112 0.749343 0.397099 0.751983 0.397099 0.744299 0.399426 0.74532 0.427323 0.748689 0.427427 0.749258 0.424948 0.749825 0.745188 0.738283 0.744448 0.74986 0.737432 0.750625 0.745188 0.738283 0.737432 0.750625 0.736853 0.750618 0.427253 0.748122 0.427323 0.748689 0.424948 0.749825 0.42756 0.74488 0.427253 0.748122 0.424948 0.749825 0.424948 0.744299 0.42756 0.74488 0.424948 0.749825 0.478255 0.7487 0.478309 0.744343 0.48067 0.744299 0.80033 0.74852 0.81175 0.741795 0.811831 0.749966 0.480447 0.746212 0.478255 0.7487 0.48067 0.744299 0.800671 0.738283 0.811687 0.73987 0.81175 0.741795 0.80033 0.74852 0.800671 0.738283 0.81175 0.741795 0.745188 0.738283 0.736853 0.750618 0.736283 0.750578 0.116898 0.771347 0.117027 0.772962 0.116898 0.774578 0.829504 0.738408 0.829504 0.749675 0.827909 0.749367 0.745188 0.738283 0.736283 0.750578 0.736283 0.73931 0.827913 0.73837 0.827909 0.749367 0.826382 0.748751 0.827913 0.73837 0.829504 0.738408 0.827909 0.749367 0.855251 0.738283 0.857624 0.745916 0.855251 0.747151 0.778268 0.749474 0.767829 0.750255 0.771774 0.743303 0.827913 0.73837 0.826382 0.748751 0.826382 0.738283 0.766966 0.750871 0.766189 0.744709 0.766966 0.738283 0.110184 0.635552 0.112664 0.636568 0.110184 0.653444 0.778268 0.749474 0.771774 0.743303 0.778268 0.738283 0.812694 0.738283 0.811831 0.75038 0.811926 0.73919 0.434991 0.749595 0.434104 0.751033 0.43413 0.7495 0.812694 0.738283 0.812694 0.750452 0.811831 0.75038 0.434991 0.749595 0.43413 0.752625 0.434104 0.751033 0.434991 0.752605 0.43413 0.752625 0.434991 0.749595 0.852242 0.746329 0.850917 0.738283 0.851771 0.738396 0.850917 0.747247 0.850917 0.738283 0.852242 0.746329 0.431894 0.752625 0.432553 0.751072 0.432675 0.75247 0.907688 0.975739 0.890931 0.969726 0.892167 0.969062 0.229501 0.785762 0.229501 0.776075 0.230131 0.776562 0.89346 0.973566 0.88752 0.978293 0.890931 0.969726 0.89346 0.973566 0.890931 0.969726 0.907688 0.975739 0.431894 0.752625 0.432675 0.749674 0.432553 0.751072 0.907688 0.975739 0.892167 0.969062 0.8935 0.968622 0.431894 0.752625 0.431894 0.749547 0.432675 0.749674 0.324455 0.904084 0.324455 0.917437 0.323664 0.917447 0.906496 0.965559 0.907688 0.975739 0.8935 0.968622 0.323589 0.904347 0.324455 0.904084 0.323664 0.917447 0.897255 0.979325 0.894422 0.984429 0.88752 0.978293 0.208759 0.786415 0.20777 0.785761 0.208059 0.77653 0.892473 0.978336 0.88752 0.978293 0.89346 0.973566 0.892473 0.978336 0.897255 0.979325 0.88752 0.978293 0.897255 0.979325 0.907688 0.985987 0.894422 0.984429 0.720376 0.738532 0.719457 0.75164 0.719457 0.738283 0.720291 0.751642 0.719457 0.75164 0.720376 0.738532 0.208759 0.776075 0.208759 0.786415 0.208059 0.77653 0.897255 0.979325 0.907688 0.975739 0.907688 0.985987 0.976778 0.914468 0.974593 0.935248 0.975163 0.925016 0.976778 0.935447 0.974593 0.935248 0.976778 0.914468 0.976778 0.914468 0.975163 0.925016 0.974538 0.914786 0.898242 0.974555 0.89346 0.973566 0.907688 0.975739 0.897255 0.979325 0.898242 0.974555 0.907688 0.975739 0.257829 0.784028 0.258548 0.786174 0.257829 0.786724 0.907639 0.951744 0.907639 0.929329 0.911009 0.928525 0.90427 0.928525 0.90427 0.951164 0.900671 0.951761 0.90427 0.928525 0.900671 0.951761 0.900671 0.929122 0.914593 0.951677 0.914568 0.928682 0.918102 0.928525 0.911009 0.950941 0.907639 0.951744 0.911009 0.928525 0.88298 0.951344 0.88298 0.928525 0.886478 0.928972 0.914593 0.951677 0.918102 0.928525 0.918127 0.95152 0.88298 0.951344 0.886478 0.928972 0.886478 0.951792 0.472077 0.748321 0.4739 0.746764 0.472637 0.748841 0.399426 0.744299 0.401712 0.750773 0.399426 0.751601 0.2192 0.785873 0.219292 0.776075 0.220033 0.776993 0.188796 0.779883 0.194183 0.776075 0.185131 0.786355 0.194195 0.786708 0.185131 0.786355 0.194183 0.776075 0.2192 0.785873 0.220033 0.776993 0.220033 0.786063 0.717083 0.738283 0.719457 0.739241 0.717083 0.752013 0.15946 0.965556 0.1602939 0.957626 0.1602939 0.972679 0.480447 0.746212 0.48067 0.74785 0.478255 0.7487 0.800671 0.738283 0.811223 0.738283 0.811687 0.73987 0.21183 0.776356 0.212599 0.776075 0.212599 0.786318 0.266999 0.302046 0.321522 0.238436 0.321522 0.247469 0.321522 0.30575 0.266999 0.302046 0.321522 0.247469 0.09404599 0.364597 0.04101598 0.375001 0.04101598 0.316721 0.26917 0.153109 0.263093 0.072932 0.307348 0.383443 0.311255 0.153632 0.26917 0.153109 0.307348 0.383443 0.904578 0.239557 0.848654 0.319709 0.848654 0.186239 0.266999 0.302046 0.266999 0.234732 0.321522 0.238436 0.773653 0.346015 0.781891 0.400011 0.828722 0.398829 0.820484 0.344833 0.773653 0.346015 0.828722 0.398829 0.716766 0.345603 0.725005 0.399599 0.781891 0.400011 0.773653 0.346015 0.716766 0.345603 0.781891 0.400011 0.671553 0.343752 0.679792 0.397748 0.725005 0.399599 0.716766 0.345603 0.671553 0.343752 0.725005 0.399599 0.04492199 0.083817 0.04492199 0.07462096 0.09926897 0.07683497 0.04492199 0.143146 0.04492199 0.083817 0.09926897 0.07683497 0.09926897 0.145361 0.04492199 0.143146 0.09926897 0.07683497 0.662927 0.295394 0.669588 0.362527 0.662927 0.368866 0.270359 0.283123 0.316298 0.153632 0.316298 0.212962 0.263093 0.208943 0.316298 0.153632 0.270359 0.283123 0.950681 0.04882794 0.950681 0.182323 0.895462 0.129021 0.289442 0.373074 0.259186 0.383443 0.266999 0.372996 0.311018 0.373235 0.259186 0.383443 0.289442 0.373074 0.309931 0.33031 0.259186 0.383443 0.311018 0.373235 0.04492199 0.2116039 0.04492199 0.143146 0.09926897 0.145361 0.270359 0.283123 0.316298 0.212962 0.316298 0.281419 0.685279 0.09964895 0.671553 0.343752 0.716766 0.345603 0.06798499 0.211948 0.04492199 0.2116039 0.09926897 0.145361 0.09111797 0.213143 0.06798499 0.211948 0.09926897 0.145361 0.125261 0.217508 0.09111797 0.213143 0.09926897 0.145361 0.731003 0.100542 0.716766 0.345603 0.773653 0.346015 0.731003 0.100542 0.685279 0.09964895 0.716766 0.345603 0.777324 0.100317 0.773653 0.346015 0.820484 0.344833 0.777324 0.100317 0.731003 0.100542 0.773653 0.346015 0.275204 0.370441 0.266999 0.302046 0.321522 0.30575 0.811829 0.09903299 0.777324 0.100317 0.820484 0.344833 0.298432 0.372456 0.321522 0.30575 0.321522 0.372996 0.09404599 0.364597 0.03320294 0.319201 0.04101598 0.375001 0.298432 0.372456 0.275204 0.370441 0.321522 0.30575 0.101912 0.04086095 0.118402 0.05668997 0.145075 0.06412297 0.09404599 0.364597 0.07900297 0.316138 0.03320294 0.319201 0.101912 0.04086095 0.145075 0.06412297 0.117449 0.386312 0.231792 0.399908 0.23355 0.398131 0.247685 0.41634 0.231792 0.399908 0.192425 0.374625 0.23355 0.398131 0.2380509 0.295124 0.247685 0.41634 0.249437 0.316098 0.2380509 0.295124 0.231792 0.399908 0.247685 0.41634 0.247034 0.316761 0.249437 0.316098 0.249437 0.363649 0.247034 0.316761 0.2380509 0.295124 0.249437 0.316098 0.247034 0.363021 0.249437 0.363649 0.229644 0.04171895 0.247034 0.363021 0.247034 0.316761 0.249437 0.363649 0.227885 0.03996598 0.229644 0.04171895 0.188597 0.065786 0.227885 0.03996598 0.247034 0.363021 0.229644 0.04171895 0.141844 0.063708 0.188597 0.065786 0.1412 0.066123 0.1879529 0.06338095 0.227885 0.03996598 0.188597 0.065786 0.141844 0.063708 0.1879529 0.06338095 0.188597 0.065786 0.1202149 0.05484896 0.1412 0.066123 0.118402 0.05668997 0.1202149 0.05484896 0.141844 0.063708 0.1412 0.066123 0.101912 0.04086095 0.1202149 0.05484896 0.118402 0.05668997 0.09404599 0.364597 0.119634 0.431352 0.07900297 0.316138 0.119483 0.384219 0.117449 0.386312 0.11747 0.338838 0.119872 0.385727 0.101912 0.04086095 0.117449 0.386312 0.119483 0.384219 0.119872 0.385727 0.117449 0.386312 0.111439 0.360118 0.157647 0.321359 0.155413 0.366839 0.119872 0.339467 0.11747 0.338838 0.104059 0.39905 0.1213729 0.416712 0.111439 0.360118 0.155413 0.366839 0.119872 0.339467 0.119483 0.384219 0.11747 0.338838 0.111429 0.282561 0.155413 0.274848 0.157647 0.321359 0.105818 0.400803 0.104059 0.39905 0.145107 0.374983 0.1214269 0.321632 0.111429 0.282561 0.157647 0.321359 0.111439 0.360118 0.1214269 0.321632 0.157647 0.321359 0.105818 0.400803 0.119872 0.339467 0.104059 0.39905 0.1213549 0.266898 0.1493239 0.2398149 0.155413 0.274848 0.190353 0.376681 0.145107 0.374983 0.192425 0.374625 0.111429 0.282561 0.1213549 0.266898 0.155413 0.274848 0.14575 0.377388 0.145107 0.374983 0.190353 0.376681 0.14575 0.377388 0.105818 0.400803 0.145107 0.374983 0.191859 0.377061 0.190353 0.376681 0.192425 0.374625 0.231792 0.399908 0.191859 0.377061 0.192425 0.374625 0.161739 0.267798 0.238013 0.2398149 0.211842 0.275072 0.903348 0.04890996 0.950681 0.04882794 0.895462 0.129021 0.865589 0.04928898 0.903348 0.04890996 0.895462 0.129021 0.161739 0.267798 0.211842 0.275072 0.204365 0.313619 0.16324 0.313494 0.204365 0.313619 0.211834 0.352671 0.16324 0.313494 0.161739 0.267798 0.204365 0.313619 0.161739 0.359839 0.211834 0.352671 0.237999 0.38971 0.161739 0.359839 0.16324 0.313494 0.211834 0.352671 0.157647 0.394372 0.161739 0.359839 0.237999 0.38971 0.317474 0.362414 0.31707 0.317973 0.317474 0.316474 0.941762 0.350819 0.941011 0.351067 0.941011 0.319765 0.929644 0.406407 0.930387 0.40626 0.920747 0.32783 0.929644 0.406407 0.927824 0.373962 0.930387 0.40626 0.834514 0.325061 0.835251 0.325061 0.834731 0.348115 0.920012 0.327778 0.929644 0.406407 0.920747 0.32783 0.316839 0.236887 0.316299 0.215125 0.317586 0.237 0.974958 0.325047 0.974958 0.279171 0.978349 0.301844 0.316839 0.236887 0.317586 0.237 0.317043 0.270482 0.266132 0.318032 0.266809 0.317832 0.265724 0.362309 0.316839 0.236887 0.317043 0.270482 0.316299 0.27022 0.265052 0.362311 0.265724 0.362309 0.265724 0.407372 0.266132 0.318032 0.265724 0.362309 0.265052 0.362311 0.265052 0.407173 0.265724 0.407372 0.258996 0.317899 0.265052 0.362311 0.265724 0.407372 0.265052 0.407173 0.952148 0.342252 0.952722 0.342009 0.952722 0.364068 0.265052 0.407173 0.258996 0.317899 0.25832 0.317551 0.955405 0.182323 0.958646 0.205506 0.972983 0.179486 0.494508 0.357126 0.495087 0.357175 0.494992 0.401762 0.938101 0.361765 0.92501 0.09221595 0.924429 0.09223896 0.494412 0.401514 0.494992 0.401762 0.495087 0.4031 0.494412 0.401514 0.494508 0.357126 0.494992 0.401762 0.952148 0.343447 0.951303 0.341998 0.951692 0.297246 0.253021 0.298032 0.252404 0.298251 0.262389 0.377053 0.952148 0.297392 0.952148 0.343447 0.951692 0.297246 0.262996 0.377031 0.262389 0.377053 0.260216 0.331806 0.262996 0.377031 0.253021 0.298032 0.262389 0.377053 0.260833 0.331986 0.262996 0.377031 0.260216 0.331806 0.229628 0.318079 0.2297739 0.31809 0.2297739 0.362478 0.262456 0.098845 0.262771 0.14371 0.262625 0.143716 0.262456 0.098845 0.262771 0.09878295 0.262771 0.14371 0.649336 0.356738 0.649016 0.356858 0.651561 0.325158 0.229459 0.318067 0.229628 0.318079 0.2297739 0.362478 0.229459 0.362409 0.229459 0.318067 0.2297739 0.362478 0.651878 0.325071 0.651561 0.325158 0.656828 0.404177 0.651878 0.325071 0.649336 0.356738 0.651561 0.325158 0.26308 0.1898 0.262757 0.189796 0.262031 0.1447049 0.970354 0.29541 0.96744 0.321568 0.96744 0.275468 0.26308 0.1898 0.262031 0.209707 0.262757 0.189796 0.26073 0.04903596 0.260375 0.04906898 0.256468 0.379854 0.262355 0.144756 0.26308 0.1898 0.262031 0.1447049 0.834159 0.308429 0.834514 0.308408 0.832929 0.352835 0.975763 0.273131 0.974533 0.278383 0.974533 0.232376 0.834159 0.308429 0.840388 0.401894 0.834514 0.308408 0.834159 0.308429 0.832929 0.352835 0.832755 0.352823 0.494412 0.401863 0.492649 0.357139 0.492822 0.357126 0.834159 0.308429 0.832755 0.352823 0.832576 0.35281 0.494412 0.401863 0.492469 0.357151 0.492649 0.357139 0.7964 0.211892 0.796816 0.210336 0.836529 0.233058 0.494057 0.401842 0.492469 0.357151 0.494412 0.401863 0.835396 0.234203 0.836529 0.233058 0.859457 0.272738 0.7964 0.211892 0.836529 0.233058 0.835396 0.234203 0.262456 0.098845 0.262625 0.143716 0.262456 0.143725 0.712379 0.358496 0.711246 0.359641 0.688318 0.319961 0.751375 0.380807 0.750959 0.382363 0.711246 0.359641 0.751375 0.380807 0.711246 0.359641 0.712379 0.358496 0.689866 0.274358 0.688318 0.319961 0.688318 0.273954 0.689865 0.319533 0.712379 0.358496 0.688318 0.319961 0.689866 0.274358 0.689865 0.319533 0.688318 0.319961 0.699928 0.250937 0.688318 0.273954 0.698757 0.2497889 0.699928 0.250937 0.689866 0.274358 0.688318 0.273954 0.712379 0.235076 0.698757 0.2497889 0.711246 0.233948 0.712379 0.235076 0.699928 0.250937 0.698757 0.2497889 0.712379 0.235076 0.711246 0.233948 0.750959 0.210662 0.751373 0.212212 0.750959 0.210662 0.756191 0.209388 0.712379 0.235076 0.750959 0.210662 0.751373 0.212212 0.757537 0.21075 0.756191 0.209388 0.796816 0.210336 0.751373 0.212212 0.756191 0.209388 0.757537 0.21075 0.7964 0.211892 0.757537 0.21075 0.796816 0.210336 0.124714 0.242226 0.125054 0.242283 0.125238 0.275725 0.124898 0.275633 0.124714 0.242226 0.125238 0.275725 0.312819 0.29872 0.313159 0.298717 0.313703 0.343576 0.968563 0.248849 0.971509 0.228919 0.971509 0.274998 0.124714 0.242226 0.125238 0.217508 0.125054 0.242283 0.321174 0.377524 0.321516 0.377475 0.313159 0.298717 0.312819 0.29872 0.321174 0.377524 0.313159 0.298717 0.494057 0.401842 0.494412 0.401863 0.484656 0.312097 0.483424 0.355779 0.484603 0.314927 0.484603 0.361062 0.321174 0.377524 0.321304 0.372996 0.321516 0.377475 0.859323 0.312146 0.859457 0.272738 0.86069 0.313487 0.85791 0.273166 0.859457 0.272738 0.859323 0.312146 0.835396 0.234203 0.859457 0.272738 0.85791 0.273166 0.857909 0.318341 0.86069 0.313487 0.859457 0.318745 0.859323 0.312146 0.86069 0.313487 0.857909 0.318341 0.835396 0.357623 0.859457 0.318745 0.836529 0.358751 0.857909 0.318341 0.859457 0.318745 0.835396 0.357623 0.835396 0.357623 0.836529 0.358751 0.820827 0.371393 0.819675 0.370227 0.820827 0.371393 0.796816 0.382037 0.835396 0.357623 0.820827 0.371393 0.819675 0.370227 0.796402 0.380487 0.796816 0.382037 0.750959 0.382363 0.819675 0.370227 0.796816 0.382037 0.796402 0.380487 0.796402 0.380487 0.750959 0.382363 0.751375 0.380807 0.256791 0.397298 0.257149 0.397298 0.252404 0.319027 0.837116 0.185193 0.838253 0.186332 0.798413 0.209388 0.252226 0.319049 0.256791 0.397298 0.252404 0.319027 0.654995 0.417239 0.652025 0.461493 0.651847 0.461469 0.8597 0.14598 0.861252 0.146398 0.838253 0.186332 0.837116 0.185193 0.8597 0.14598 0.838253 0.186332 0.27744 0.343721 0.277795 0.343757 0.274727 0.377767 0.752822 0.207831 0.798413 0.209388 0.752407 0.209388 0.274369 0.377767 0.27744 0.343721 0.274727 0.377767 0.797996 0.207832 0.837116 0.185193 0.798413 0.209388 0.752822 0.207831 0.797996 0.207832 0.798413 0.209388 0.968531 0.348573 0.971422 0.368547 0.968531 0.394652 0.711894 0.217245 0.734829 0.228919 0.710738 0.218421 0.512317 0.428431 0.512317 0.383568 0.512666 0.42839 0.711894 0.217245 0.735244 0.227362 0.734829 0.228919 0.257421 0.394062 0.25777 0.394058 0.262109 0.05086594 0.713699 0.185193 0.728316 0.19889 0.712562 0.186332 0.690262 0.325818 0.706035 0.338338 0.704879 0.339515 0.257239 0.34977 0.257589 0.349813 0.25777 0.394058 0.713699 0.185193 0.712562 0.186332 0.689555 0.146398 0.274999 0.105 0.274817 0.06070798 0.275348 0.104996 0.970354 0.275468 0.971573 0.316215 0.970354 0.321476 0.667671 0.286607 0.666118 0.287023 0.66488 0.281762 0.257239 0.34977 0.258203 0.317899 0.257589 0.349813 0.713699 0.185193 0.689555 0.146398 0.691108 0.145982 0.121001 0.361486 0.121329 0.361419 0.119634 0.391719 0.689689 0.139784 0.688318 0.141137 0.689551 0.100287 0.667671 0.286607 0.66488 0.281762 0.666252 0.280409 0.119789 0.316732 0.119963 0.316721 0.121329 0.361419 0.685244 0.255002 0.683691 0.254584 0.70669 0.21465 0.119634 0.316741 0.119789 0.316732 0.121329 0.361419 0.121001 0.361486 0.119634 0.316741 0.121329 0.361419 0.661806 0.395627 0.666252 0.280409 0.660254 0.395209 0.229129 0.318067 0.229459 0.362536 0.229285 0.362529 0.229129 0.318067 0.229459 0.318127 0.229459 0.362536 0.707827 0.215789 0.70669 0.21465 0.756296 0.449407 0.685244 0.255002 0.70669 0.21465 0.707827 0.215789 0.25452 0.421583 0.254676 0.466045 0.25452 0.466038 0.965165 0.396086 0.965797 0.39607 0.957985 0.317789 0.156825 0.397032 0.157456 0.39726 0.149569 0.318669 0.148938 0.318639 0.156825 0.397032 0.149569 0.318669 0.258487 0.320754 0.25919 0.321095 0.258095 0.352962 0.953395 0.118554 0.956647 0.09605997 0.956647 0.142273 0.917705 0.353992 0.917705 0.331622 0.918333 0.353764 0.257387 0.352764 0.258095 0.352962 0.258095 0.397254 0.257387 0.352764 0.258487 0.320754 0.258095 0.352962 0.257387 0.397254 0.258095 0.397254 0.251377 0.319056 0.257387 0.397254 0.257387 0.352764 0.258095 0.397254 0.925717 0.361765 0.926485 0.361974 0.925233 0.396135 0.250674 0.319257 0.257387 0.397254 0.251377 0.319056 0.252226 0.319049 0.25205 0.319073 0.256791 0.397298 0.971123 0.256006 0.974533 0.232376 0.974533 0.278454 0.924459 0.396078 0.925717 0.361765 0.925233 0.396135 0.912813 0.104051 0.924459 0.396078 0.925233 0.396135 0.629605 0.313723 0.626811 0.358 0.626635 0.357977 0.629962 0.313724 0.626811 0.358 0.629605 0.313723 0.623292 0.358095 0.622535 0.358 0.625686 0.313724 0.267514 0.329814 0.268277 0.35242 0.267514 0.352447 0.976749 0.409977 0.97557 0.40475 0.976749 0.364132 0.791796 0.03743195 0.75239 0.03729695 0.793146 0.03605794 0.495099 0.19473 0.495099 0.229212 0.494742 0.1947489 0.756713 0.450963 0.707827 0.215789 0.756296 0.449407 0.791796 0.03743195 0.752807 0.038854 0.75239 0.03729695 0.260285 0.149379 0.259931 0.149421 0.25946 0.1447049 0.797981 0.038854 0.793146 0.03605794 0.798396 0.03729695 0.797981 0.038854 0.791796 0.03743195 0.793146 0.03605794 0.262031 0.194442 0.261675 0.194438 0.259931 0.149421 0.831244 0.21579 0.802302 0.449407 0.832381 0.21465 0.260285 0.149379 0.262031 0.194442 0.259931 0.149421 0.837104 0.06149297 0.797981 0.038854 0.798396 0.03729695 0.974061 0.232376 0.971122 0.206197 0.974061 0.186239 0.837104 0.06149297 0.838241 0.06035298 0.850771 0.07614195 0.262031 0.194442 0.25946 0.238468 0.261675 0.194438 0.08532696 0.188287 0.08497101 0.188261 0.08532696 0.164129 0.814441 0.14566 0.815615 0.144501 0.826091 0.168646 0.849597 0.07730096 0.837104 0.06149297 0.850771 0.07614195 0.629962 0.313724 0.629605 0.313723 0.634269 0.40421 0.859695 0.100703 0.861248 0.100287 0.861252 0.146398 0.634624 0.404177 0.629962 0.313724 0.634269 0.40421 0.859695 0.100703 0.849597 0.07730096 0.861248 0.100287 0.8597 0.14598 0.859695 0.100703 0.861252 0.146398 0.626457 0.313621 0.625686 0.313724 0.630347 0.404177 0.626457 0.313621 0.623292 0.358095 0.625686 0.313724 0.30012 0.406575 0.299389 0.406331 0.303663 0.362437 0.121322 0.233907 0.120786 0.235947 0.120786 0.189682 0.149716 0.318669 0.149716 0.349762 0.148938 0.318838 0.304413 0.362485 0.303663 0.362437 0.303663 0.31734 0.304413 0.362485 0.30012 0.406575 0.303663 0.362437 0.304413 0.317186 0.303663 0.31734 0.299389 0.283123 0.304413 0.317186 0.304413 0.362485 0.303663 0.31734 0.950421 0.353843 0.949531 0.398057 0.949531 0.351945 0.156825 0.397032 0.15675 0.395227 0.157456 0.39726 0.511771 0.148607 0.486674 0.18823 0.509804 0.148078 0.4702 0.203633 0.468717 0.202141 0.486674 0.18823 0.511771 0.148607 0.488114 0.189673 0.486674 0.18823 0.4702 0.203633 0.486674 0.18823 0.488114 0.189673 0.511999 0.147736 0.509804 0.148078 0.510325 0.146034 0.511999 0.147736 0.511771 0.148607 0.509804 0.148078 0.511771 0.101185 0.510325 0.146034 0.509804 0.101713 0.511771 0.101185 0.511999 0.147736 0.510325 0.146034 0.511771 0.101185 0.509804 0.101713 0.486674 0.06155699 0.488114 0.06011396 0.486674 0.06155699 0.446612 0.03836899 0.488114 0.06011396 0.511771 0.101185 0.486674 0.06155699 0.447139 0.03639799 0.446612 0.03836899 0.402392 0.03784298 0.488114 0.06011396 0.446612 0.03836899 0.447139 0.03639799 0.400694 0.03616499 0.402392 0.03784298 0.400353 0.03836494 0.447139 0.03639799 0.402392 0.03784298 0.400694 0.03616499 0.400694 0.03616499 0.400353 0.03836494 0.36029 0.061544 0.34492 0.07805401 0.36029 0.061544 0.346409 0.07953995 0.35885 0.06009995 0.36029 0.061544 0.34492 0.07805401 0.399826 0.03639298 0.36029 0.061544 0.35885 0.06009995 0.399826 0.03639298 0.400694 0.03616499 0.36029 0.061544 0.335193 0.101167 0.346409 0.07953995 0.33716 0.101696 0.335193 0.101167 0.34492 0.07805401 0.346409 0.07953995 0.335193 0.148589 0.33716 0.101696 0.33716 0.148061 0.335193 0.148589 0.335193 0.101167 0.33716 0.101696 0.335193 0.148589 0.33716 0.148061 0.36029 0.188217 0.35885 0.18966 0.36029 0.188217 0.400353 0.211404 0.35885 0.18966 0.335193 0.148589 0.36029 0.188217 0.399826 0.213376 0.400353 0.211404 0.446612 0.211409 0.399826 0.213376 0.35885 0.18966 0.400353 0.211404 0.447139 0.21338 0.446612 0.211409 0.468717 0.202141 0.399826 0.213376 0.446612 0.211409 0.447139 0.21338 0.447139 0.21338 0.468717 0.202141 0.4702 0.203633 0.508251 0.360168 0.507702 0.360103 0.510939 0.314615 0.950681 0.04882794 0.953583 0.07367795 0.950681 0.09605997 0.494421 0.148617 0.494421 0.1022289 0.494972 0.148576 0.511505 0.314452 0.510939 0.314615 0.510938 0.313842 0.511505 0.314452 0.508251 0.360168 0.510939 0.314615 0.511505 0.314452 0.510938 0.313842 0.515515 0.404177 0.666433 0.332309 0.666986 0.332495 0.666433 0.356033 0.124714 0.32333 0.12516 0.32348 0.12516 0.370793 0.124714 0.37088 0.124714 0.32333 0.12516 0.370793 0.96826 0.186239 0.971122 0.2086549 0.96826 0.233444 0.486796 0.324915 0.487275 0.324964 0.486796 0.347683 0.235301 0.231752 0.2357749 0.231872 0.2356449 0.279293 0.235301 0.231752 0.25919 0.190544 0.2357749 0.231872 0.23517 0.279411 0.2356449 0.279293 0.25919 0.320429 0.23517 0.279411 0.235301 0.231752 0.2356449 0.279293 0.08756995 0.13845 0.08805 0.138466 0.08805 0.184556 0.258833 0.320754 0.23517 0.279411 0.25919 0.320429 0.08756995 0.184771 0.08756995 0.13845 0.08805 0.184556 0.971009 0.410137 0.970541 0.410164 0.958472 0.36439 0.971009 0.410137 0.958472 0.36439 0.958879 0.364132 0.125151 0.322954 0.124931 0.27659 0.125151 0.275725 0.494864 0.1022289 0.494421 0.102139 0.494864 0.05569595 0.971009 0.410137 0.950659 0.332958 0.970541 0.410164 0.262975 0.286325 0.262439 0.28631 0.260217 0.240032 0.260741 0.2398149 0.262975 0.286325 0.260217 0.240032 0.260741 0.331806 0.260217 0.331563 0.262439 0.28631 0.266952 0.190544 0.266952 0.238204 0.266539 0.190662 0.262975 0.286325 0.260741 0.331806 0.262439 0.28631 0.923926 0.374113 0.925974 0.373962 0.920012 0.2971 0.956647 0.09605997 0.958699 0.09613597 0.958699 0.142037 0.956647 0.141961 0.956647 0.09605997 0.958699 0.142037 0.917964 0.29725 0.920012 0.2971 0.918161 0.331471 0.917964 0.29725 0.923926 0.374113 0.920012 0.2971 0.122645 0.217508 0.124714 0.217531 0.123599 0.26325 0.916113 0.331622 0.917964 0.29725 0.918161 0.331471 0.121529 0.263227 0.123599 0.26325 0.123599 0.309572 0.121529 0.263227 0.122645 0.217508 0.123599 0.26325 0.121529 0.309549 0.123599 0.309572 0.124714 0.344083 0.121529 0.309549 0.121529 0.263227 0.123599 0.309572 0.48141 0.315038 0.483424 0.314927 0.483424 0.361315 0.122645 0.34406 0.121529 0.309549 0.124714 0.344083 0.489287 0.360777 0.487288 0.3605 0.490542 0.314784 0.48141 0.315038 0.483424 0.361315 0.48141 0.361426 0.49254 0.315061 0.490542 0.314784 0.495101 0.404177 0.49254 0.315061 0.489287 0.360777 0.490542 0.314784 0.117117 0.344804 0.115081 0.344722 0.119493 0.299401 0.497099 0.404454 0.49254 0.315061 0.495101 0.404177 0.121529 0.299483 0.119493 0.299401 0.119493 0.252837 0.121529 0.299483 0.117117 0.344804 0.119493 0.299401 0.121529 0.252919 0.119493 0.252837 0.115081 0.217508 0.121529 0.252919 0.121529 0.299483 0.119493 0.252837 0.117117 0.21759 0.121529 0.252919 0.115081 0.217508 0.171784 0.374153 0.171728 0.374625 0.126033 0.362146 0.224592 0.317084 0.225035 0.317143 0.212518 0.362747 0.967993 0.303572 0.970874 0.279171 0.970874 0.326658 0.258938 0.2331939 0.259397 0.210165 0.259397 0.233317 0.1260139 0.361557 0.126033 0.362146 0.1375049 0.349833 0.1260139 0.361557 0.171784 0.374153 0.126033 0.362146 0.137957 0.349592 0.1375049 0.349833 0.125261 0.303772 0.137957 0.349592 0.1260139 0.361557 0.1375049 0.349833 0.125774 0.303762 0.125261 0.303772 0.1375049 0.257791 0.125774 0.303762 0.137957 0.349592 0.125261 0.303772 0.137957 0.258011 0.1375049 0.257791 0.126033 0.202727 0.137957 0.258011 0.125774 0.303762 0.1375049 0.257791 0.1260139 0.2032909 0.126033 0.202727 0.171728 0.190544 0.1260139 0.2032909 0.137957 0.258011 0.126033 0.202727 0.120786 0.23597 0.121302 0.235947 0.121302 0.282169 0.317586 0.270482 0.317586 0.316474 0.31707 0.316455 0.256963 0.320907 0.257357 0.320754 0.257357 0.368306 0.96337 0.371581 0.966282 0.348573 0.966282 0.39607 0.31707 0.385342 0.317585 0.362415 0.317585 0.385552 0.250133 0.319497 0.250575 0.319257 0.250014 0.364986 0.256963 0.368221 0.256963 0.320907 0.257357 0.368306 0.249575 0.364998 0.250014 0.364986 0.254481 0.04802298 0.249575 0.364998 0.250133 0.319497 0.250014 0.364986 0.2203299 0.394542 0.220712 0.394372 0.225035 0.317143 0.25404 0.04780298 0.249575 0.364998 0.254481 0.04802298 0.224592 0.317084 0.2203299 0.394542 0.225035 0.317143 0.331114 0.228442 0.345618 0.210416 0.33145 0.228777 0.38655 0.186239 0.386932 0.186614 0.345618 0.210416 0.331114 0.228442 0.345293 0.2100909 0.345618 0.210416 0.38655 0.186239 0.345618 0.210416 0.345293 0.2100909 0.321522 0.251366 0.33145 0.228777 0.321965 0.251485 0.321522 0.251366 0.331114 0.228442 0.33145 0.228777 0.321526 0.299026 0.321965 0.251485 0.32197 0.298907 0.321526 0.299026 0.321522 0.251366 0.321965 0.251485 0.321526 0.299026 0.32197 0.298907 0.345631 0.339976 0.345306 0.340302 0.345631 0.339976 0.386609 0.363687 0.345306 0.340302 0.321526 0.299026 0.345631 0.339976 0.38649 0.364132 0.386609 0.363687 0.433922 0.363687 0.38649 0.364132 0.345306 0.340302 0.386609 0.363687 0.434041 0.364132 0.433922 0.363687 0.456578 0.354178 0.38649 0.364132 0.433922 0.363687 0.434041 0.364132 0.456912 0.354515 0.456578 0.354178 0.474895 0.339976 0.434041 0.364132 0.456578 0.354178 0.456912 0.354515 0.499012 0.298947 0.474895 0.339976 0.498638 0.298565 0.47522 0.340302 0.474895 0.339976 0.499012 0.298947 0.456912 0.354515 0.474895 0.339976 0.47522 0.340302 0.498986 0.251366 0.498638 0.298565 0.498543 0.251485 0.498986 0.251366 0.499012 0.298947 0.498638 0.298565 0.498986 0.251366 0.498543 0.251485 0.474882 0.210416 0.475206 0.2100909 0.474882 0.210416 0.433904 0.1867049 0.475206 0.2100909 0.498986 0.251366 0.474882 0.210416 0.434023 0.18626 0.433904 0.1867049 0.386932 0.186614 0.475206 0.2100909 0.433904 0.1867049 0.434023 0.18626 0.434023 0.18626 0.386932 0.186614 0.38655 0.186239 0.665435 0.357099 0.668394 0.356882 0.669741 0.379908 0.248978 0.319073 0.251943 0.319183 0.251943 0.365154 0.248978 0.365044 0.248978 0.319073 0.251943 0.365154 0.666783 0.380125 0.669741 0.379908 0.670245 0.403066 0.666783 0.380125 0.665435 0.357099 0.669741 0.379908 0.266535 0.225947 0.263594 0.225829 0.25919 0.190544 0.26213 0.190662 0.266535 0.225947 0.25919 0.190544 0.266539 0.27251 0.263598 0.272392 0.263594 0.225829 0.266535 0.225947 0.266539 0.27251 0.263594 0.225829 0.477746 0.314994 0.474859 0.314594 0.479418 0.404058 0.474492 0.360781 0.471606 0.360381 0.474859 0.314594 0.477746 0.314994 0.474492 0.360781 0.474859 0.314594 0.26213 0.317832 0.25919 0.317714 0.263598 0.272392 0.482305 0.404458 0.477746 0.314994 0.479418 0.404058 0.266539 0.27251 0.26213 0.317832 0.263598 0.272392 0.964922 0.252383 0.967831 0.252223 0.968563 0.275307 0.964922 0.252383 0.968563 0.275307 0.965654 0.275468 0.965654 0.229079 0.968563 0.228919 0.967831 0.252223 0.965654 0.229079 0.967831 0.252223 0.964922 0.252383 0.255283 0.05021494 0.258273 0.05024796 0.259388 0.08476001 0.255283 0.05021494 0.259388 0.08476001 0.256399 0.08472698 0.667286 0.403284 0.670245 0.403066 0.660581 0.314391 0.667286 0.403284 0.666783 0.380125 0.670245 0.403066 0.252493 0.321456 0.255482 0.321489 0.254366 0.367208 0.657623 0.314608 0.667286 0.403284 0.660581 0.314391 0.251377 0.367175 0.254366 0.367208 0.258273 0.05024796 0.252493 0.321456 0.254366 0.367208 0.251377 0.367175 0.251377 0.367175 0.258273 0.05024796 0.255283 0.05021494 0.526293 0.336982 0.522732 0.34058 0.499012 0.299488 0.526293 0.336982 0.540981 0.354632 0.522732 0.34058 0.503166 0.295286 0.499012 0.299488 0.499033 0.252015 0.503909 0.298266 0.526293 0.336982 0.499012 0.299488 0.503166 0.295286 0.503909 0.298266 0.499012 0.299488 0.503892 0.25331 0.499033 0.252015 0.522732 0.210664 0.503892 0.25331 0.503166 0.295286 0.499033 0.252015 0.526293 0.214212 0.522732 0.210664 0.563779 0.186596 0.526293 0.214212 0.503892 0.25331 0.522732 0.210664 0.606939 0.190437 0.563779 0.186596 0.611098 0.186239 0.565105 0.191462 0.526293 0.214212 0.563779 0.186596 0.606939 0.190437 0.565105 0.191462 0.563779 0.186596 0.648662 0.213343 0.611098 0.186239 0.652223 0.209745 0.609913 0.19116 0.606939 0.190437 0.611098 0.186239 0.648662 0.213343 0.609913 0.19116 0.611098 0.186239 0.666358 0.227954 0.648662 0.213343 0.652223 0.209745 0.526293 0.336982 0.54469 0.350921 0.540981 0.354632 0.563779 0.364065 0.540981 0.354632 0.54469 0.350921 0.321337 0.324198 0.318931 0.34607 0.310079 0.367386 0.563779 0.364065 0.54469 0.350921 0.565042 0.359165 0.321337 0.324198 0.32178 0.324297 0.318931 0.34607 0.113504 0.363851 0.113183 0.363922 0.113183 0.319201 0.321337 0.324198 0.310079 0.367386 0.309803 0.367207 0.06764698 0.362791 0.06729698 0.363144 0.065171 0.360928 0.06764698 0.362791 0.106144 0.385162 0.06729698 0.363144 0.882257 0.319789 0.881971 0.363073 0.881971 0.319765 0.06764698 0.362791 0.065171 0.360928 0.04492795 0.324148 0.04541999 0.324009 0.04492795 0.324148 0.04492199 0.279087 0.04541999 0.324009 0.06764698 0.362791 0.04492795 0.324148 0.04541999 0.279209 0.04492199 0.279087 0.06728297 0.24005 0.04541999 0.279209 0.04541999 0.324009 0.04492199 0.279087 0.06764698 0.2403939 0.06728297 0.24005 0.103069 0.2183589 0.06764698 0.2403939 0.04541999 0.279209 0.06728297 0.24005 0.106144 0.217966 0.103069 0.2183589 0.106009 0.217508 0.106144 0.217966 0.06764698 0.2403939 0.103069 0.2183589 0.881453 0.319945 0.881971 0.319765 0.881971 0.363105 0.666358 0.227954 0.662686 0.231701 0.648662 0.213343 0.494421 0.194957 0.494737 0.1948969 0.494737 0.217998 0.230175 0.316306 0.22986 0.360753 0.22986 0.316236 0.675922 0.250758 0.662686 0.231701 0.666358 0.227954 0.671046 0.252059 0.662686 0.231701 0.675922 0.250758 0.980239 0.232376 0.983395 0.255147 0.980239 0.276927 0.910308 0.393369 0.896636 0.102004 0.909967 0.393374 0.675922 0.29831 0.671046 0.252059 0.675922 0.250758 0.675922 0.29831 0.671063 0.297015 0.671046 0.252059 0.148415 0.315604 0.148938 0.315757 0.14697 0.348251 0.148415 0.315604 0.1547819 0.395227 0.148938 0.315757 0.652223 0.339661 0.648662 0.336113 0.671063 0.297015 0.258731 0.318159 0.259173 0.317899 0.258642 0.361133 0.675922 0.29831 0.652223 0.339661 0.671063 0.297015 0.952148 0.341943 0.952547 0.297246 0.952547 0.342009 0.611176 0.363728 0.60985 0.358863 0.648662 0.336113 0.258203 0.361144 0.258642 0.361133 0.263079 0.04164195 0.652223 0.339661 0.611176 0.363728 0.648662 0.336113 0.258203 0.361144 0.258731 0.318159 0.258642 0.361133 0.611176 0.363728 0.565042 0.359165 0.60985 0.358863 0.321337 0.324198 0.318008 0.404058 0.32178 0.324297 0.262637 0.04140198 0.258203 0.361144 0.263079 0.04164195 0.321337 0.324198 0.317615 0.40421 0.318008 0.404058 0.611176 0.363728 0.563779 0.364065 0.565042 0.359165 0.27056 0.357979 0.268784 0.357733 0.271842 0.31476 0.880284 0.319765 0.88057 0.363357 0.880284 0.363369 0.876012 0.319864 0.877803 0.319765 0.877803 0.363369 0.876012 0.363468 0.876012 0.319864 0.877803 0.363369 0.273619 0.315006 0.271842 0.31476 0.276597 0.406172 0.273619 0.315006 0.27056 0.357979 0.271842 0.31476 0.932362 0.348573 0.930552 0.3485 0.9347 0.305899 0.278373 0.406419 0.273619 0.315006 0.276597 0.406172 0.93651 0.305971 0.9347 0.305899 0.9347 0.262129 0.93651 0.305971 0.932362 0.348573 0.9347 0.305899 0.93651 0.262202 0.9347 0.262129 0.930552 0.228919 0.93651 0.262202 0.93651 0.305971 0.9347 0.262129 0.884421 0.362924 0.884081 0.36291 0.884421 0.319765 0.882257 0.319765 0.884081 0.319832 0.884081 0.362979 0.932362 0.228992 0.93651 0.262202 0.930552 0.228919 0.653268 0.404311 0.655088 0.404177 0.649016 0.324543 0.882257 0.319765 0.884081 0.362979 0.882257 0.362911 0.647195 0.324677 0.649016 0.324543 0.647276 0.356853 0.647195 0.324677 0.653268 0.404311 0.649016 0.324543 0.318792 0.372996 0.320631 0.373016 0.319583 0.415992 0.645455 0.356987 0.647195 0.324677 0.647276 0.356853 0.317743 0.415972 0.319583 0.415992 0.31177 0.336487 0.317743 0.415972 0.318792 0.372996 0.319583 0.415992 0.309931 0.336467 0.31177 0.336487 0.312819 0.368928 0.309931 0.336467 0.317743 0.415972 0.31177 0.336487 0.310979 0.368908 0.309931 0.336467 0.312819 0.368928 0.880844 0.319773 0.881149 0.319765 0.881149 0.363213 0.832575 0.321967 0.832108 0.32204 0.828327 0.401894 0.881149 0.36311 0.881453 0.319765 0.881453 0.363126 0.276597 0.367121 0.27712 0.322224 0.277077 0.367024 0.299389 0.283354 0.27712 0.322224 0.299151 0.283123 0.276656 0.322064 0.299151 0.283123 0.27712 0.322224 0.276597 0.367121 0.276656 0.322064 0.27712 0.322224 0.287566 0.391933 0.277077 0.367024 0.299389 0.405847 0.287566 0.391933 0.276597 0.367121 0.277077 0.367024 0.875531 0.319765 0.876012 0.319781 0.876012 0.363323 0.299033 0.406173 0.287566 0.391933 0.299389 0.405847 0.97763 0.275468 0.978082 0.275595 0.978082 0.320293 0.875531 0.363559 0.875531 0.319765 0.876012 0.363323 0.25528 0.311593 0.25584 0.311719 0.257853 0.355277 0.975767 0.284181 0.97763 0.275468 0.978082 0.320293 0.25528 0.311593 0.265666 0.406648 0.25584 0.311719 0.884421 0.319765 0.884768 0.319787 0.884421 0.362868 0.25528 0.311593 0.257853 0.355277 0.257508 0.355316 0.922289 0.336468 0.920012 0.372631 0.920012 0.32783 0.230166 0.316236 0.22986 0.316144 0.237978 0.394372 0.267514 0.310524 0.265101 0.353731 0.266951 0.31066 0.272913 0.406648 0.267514 0.310524 0.266951 0.31066 0.08623695 0.131163 0.08571296 0.130903 0.08765 0.088144 0.08623695 0.131163 0.08538496 0.13845 0.08571296 0.130903 0.08818596 0.08815699 0.08765 0.088144 0.08147895 0.407714 0.08818596 0.08815699 0.08623695 0.131163 0.08765 0.088144 0.820932 0.365389 0.820514 0.365209 0.832108 0.32204 0.97482 0.359755 0.971798 0.377778 0.971798 0.332958 0.258938 0.210165 0.258938 0.235938 0.2584 0.210366 0.832575 0.321967 0.820932 0.365389 0.832108 0.32204 0.670394 0.370338 0.670703 0.415181 0.670394 0.415256 0.335193 0.322716 0.335416 0.322657 0.357885 0.361613 0.335193 0.277678 0.335415 0.277739 0.335416 0.322657 0.335193 0.277678 0.335416 0.322657 0.335193 0.322716 0.357721 0.361774 0.357885 0.361613 0.388381 0.381434 0.357721 0.361774 0.335193 0.322716 0.357885 0.361613 0.370875 0.401239 0.370803 0.400965 0.379293 0.403732 0.370875 0.401239 0.340143 0.381305 0.370803 0.400965 0.396811 0.384423 0.396871 0.384201 0.441908 0.384305 0.396811 0.384423 0.388453 0.381708 0.396871 0.384201 0.459041 0.378012 0.441908 0.384305 0.45898 0.377785 0.441968 0.384527 0.441908 0.384305 0.459041 0.378012 0.396811 0.384423 0.441908 0.384305 0.441968 0.384527 0.481077 0.362055 0.45898 0.377785 0.480915 0.361892 0.481077 0.362055 0.459041 0.378012 0.45898 0.377785 0.503648 0.323041 0.480915 0.361892 0.503426 0.32298 0.503648 0.323041 0.481077 0.362055 0.480915 0.361892 0.256472 0.363344 0.256791 0.363252 0.256791 0.40817 0.503648 0.323041 0.503426 0.32298 0.503426 0.278062 0.503648 0.278003 0.503426 0.278062 0.480957 0.2391059 0.503648 0.278003 0.503648 0.323041 0.503426 0.278062 0.48112 0.238945 0.480957 0.2391059 0.44197 0.216518 0.48112 0.238945 0.503648 0.278003 0.480957 0.2391059 0.418593 0.356921 0.418533 0.357143 0.391561 0.354232 0.48112 0.238945 0.44197 0.216518 0.44203 0.216296 0.39736 0.232912 0.397421 0.233139 0.379355 0.2359459 0.44203 0.216296 0.414999 0.213607 0.414938 0.21338 0.357764 0.238663 0.396933 0.216414 0.357927 0.238826 0.396873 0.216192 0.396933 0.216414 0.357764 0.238663 0.379295 0.235723 0.39736 0.232912 0.379355 0.2359459 0.351874 0.24516 0.357927 0.238826 0.351948 0.245434 0.357764 0.238663 0.357927 0.238826 0.351874 0.24516 0.335193 0.277678 0.351948 0.245434 0.335415 0.277739 0.335193 0.277678 0.351874 0.24516 0.351948 0.245434 0.266962 0.408156 0.266809 0.40811 0.266962 0.363022 0.121054 0.125441 0.121327 0.125575 0.121054 0.169489 0.266809 0.363022 0.266809 0.317832 0.266964 0.362984 0.124624 0.380722 0.124406 0.380713 0.124624 0.344083 0.880744 0.319775 0.880844 0.363165 0.88057 0.319765 0.88057 0.363305 0.88057 0.319765 0.880844 0.363165 0.957353 0.318133 0.96337 0.404664 0.965165 0.39607 0.312819 0.380114 0.313052 0.343576 0.313052 0.380123 0.23517 0.365888 0.235408 0.365877 0.2376469 0.374356 0.979117 0.231268 0.979117 0.186239 0.980723 0.194902 0.873582 0.319765 0.873823 0.319774 0.873582 0.363683 0.23517 0.365888 0.2376469 0.320754 0.235408 0.365877 0.969064 0.332958 0.971798 0.360084 0.969064 0.378175 0.234859 0.327655 0.235081 0.327549 0.248634 0.351187 0.117148 0.353887 0.12496 0.43168 0.117384 0.353835 0.238013 0.405664 0.2382619 0.405656 0.235081 0.327549 0.234859 0.327655 0.238013 0.405664 0.235081 0.327549 0.335028 0.101357 0.335028 0.1273159 0.334759 0.101429 0.317441 0.171875 0.317173 0.171875 0.316299 0.153632 0.962775 0.09605997 0.962775 0.141264 0.960131 0.123156 0.14697 0.31579 0.135055 0.359297 0.146736 0.315763 0.17236 0.419306 0.160637 0.462932 0.160446 0.462812 0.14697 0.31579 0.146736 0.315763 0.142868 0.395313 0.08980399 0.04333996 0.08996498 0.04338097 0.08980399 0.08846896 0.17236 0.419306 0.160446 0.375781 0.160588 0.375696 0.238013 0.405664 0.256446 0.36434 0.2382619 0.405656 0.24988 0.066123 0.24988 0.10988 0.249728 0.066127 0.316566 0.215125 0.316299 0.215031 0.317173 0.171875 0.317441 0.171875 0.316566 0.215125 0.317173 0.171875 0.257112 0.379854 0.261018 0.048693 0.256824 0.380005 0.09261196 0.319699 0.10264 0.319201 0.103357 0.363105 0.24988 0.10988 0.24988 0.153493 0.249728 0.153486 0.86188 0.319765 0.871914 0.320137 0.871914 0.363743 0.86188 0.363371 0.86188 0.319765 0.871914 0.363743 0.937066 0.240425 0.947766 0.228919 0.946692 0.260178 0.09261196 0.379695 0.09261196 0.319699 0.103357 0.363105 0.939499 0.297523 0.946692 0.260178 0.946692 0.303623 0.939499 0.297523 0.937066 0.240425 0.946692 0.260178 0.939565 0.303766 0.946692 0.303623 0.947766 0.347615 0.939565 0.303766 0.939499 0.297523 0.946692 0.303623 0.517861 0.299424 0.537903 0.404177 0.527078 0.314526 0.106346 0.319262 0.113183 0.357112 0.103357 0.319201 0.103357 0.377599 0.103357 0.319201 0.113183 0.357112 0.960131 0.09605997 0.960131 0.141629 0.958699 0.10214 0.495038 0.09975296 0.494864 0.09976398 0.494864 0.05569595 0.517861 0.299424 0.527078 0.314526 0.530091 0.358491 0.619444 0.357885 0.609674 0.356531 0.612765 0.313101 0.517861 0.299424 0.530091 0.358491 0.520303 0.359706 0.622535 0.314455 0.612765 0.313101 0.617487 0.404177 0.622535 0.314455 0.619444 0.357885 0.612765 0.313101 0.920267 0.362339 0.910314 0.361938 0.914506 0.318884 0.627256 0.405532 0.622535 0.314455 0.617487 0.404177 0.924459 0.319284 0.914506 0.318884 0.922319 0.397695 0.924459 0.319284 0.920267 0.362339 0.914506 0.318884 0.932271 0.398094 0.922319 0.397695 0.918127 0.364132 0.932271 0.398094 0.924459 0.319284 0.922319 0.397695 0.92808 0.364532 0.932271 0.398094 0.918127 0.364132 0.820514 0.365662 0.819858 0.365942 0.808509 0.322396 0.121166 0.170709 0.121166 0.188388 0.120476 0.188207 0.942802 0.351945 0.92913 0.101391 0.938708 0.398581 0.809255 0.322458 0.808509 0.322396 0.828327 0.401894 0.809255 0.322458 0.820514 0.365662 0.808509 0.322396 0.09244298 0.382586 0.09178495 0.382982 0.07783401 0.339907 0.975586 0.264323 0.973735 0.274021 0.973735 0.228919 0.09244298 0.382586 0.117148 0.407714 0.09178495 0.382982 0.07860195 0.339849 0.07783401 0.339907 0.094931 0.418713 0.07860195 0.339849 0.09244298 0.382586 0.07783401 0.339907 0.09562599 0.419004 0.094931 0.418713 0.12496 0.385162 0.09562599 0.419004 0.07860195 0.339849 0.094931 0.418713 0.879509 0.320088 0.880284 0.319765 0.880284 0.363371 0.977072 0.238677 0.975586 0.27387 0.975586 0.228919 0.2255949 0.363983 0.224874 0.373763 0.224874 0.363966 0.879509 0.363352 0.879509 0.320088 0.880284 0.363371 0.255255 0.07978898 0.250575 0.383121 0.251349 0.383074 0.560716 0.404177 0.544196 0.398369 0.510165 0.36947 0.560716 0.404177 0.510165 0.36947 0.505046 0.36107 0.534638 0.297952 0.505046 0.36107 0.495101 0.327263 0.560716 0.404177 0.505046 0.36107 0.585425 0.351317 0.534638 0.297952 0.585425 0.351317 0.505046 0.36107 0.534638 0.297952 0.495101 0.327263 0.503037 0.283048 0.534638 0.297952 0.503037 0.283048 0.53185 0.248679 0.534638 0.297952 0.53185 0.248679 0.564105 0.234775 0.607963 0.303119 0.564105 0.234775 0.573811 0.233366 0.534638 0.297952 0.564105 0.234775 0.607963 0.303119 0.63269 0.250265 0.573811 0.233366 0.617689 0.241208 0.607963 0.303119 0.573811 0.233366 0.63269 0.250265 0.951303 0.361017 0.946712 0.314268 0.951303 0.297246 0.607963 0.303119 0.661041 0.351423 0.660467 0.351633 0.465872 0.185885 0.466648 0.186195 0.466203 0.186214 0.658436 0.356332 0.607963 0.303119 0.660467 0.351633 0.207917 0.369079 0.206192 0.369081 0.206199 0.363968 0.207924 0.363966 0.207917 0.369079 0.206199 0.363968 0.465539 0.185554 0.466646 0.1844699 0.466648 0.186195 0.465872 0.185885 0.465539 0.185554 0.466648 0.186195 0.607963 0.303119 0.661041 0.287607 0.661041 0.351423 0.250961 0.382908 0.250575 0.383074 0.250575 0.319257 0.607963 0.303119 0.63269 0.250265 0.661041 0.287607 0.888225 0.362147 0.887437 0.361942 0.888225 0.319765 0.262772 0.09878295 0.262109 0.04237395 0.262772 0.04164195 0.250961 0.382908 0.250575 0.319257 0.251348 0.382742 0.656319 0.361515 0.585425 0.351317 0.607963 0.303119 0.534638 0.297952 0.607963 0.303119 0.585425 0.351317 0.656132 0.360903 0.656319 0.361515 0.607963 0.303119 0.658436 0.356332 0.656132 0.360903 0.607963 0.303119 0.607418 0.402244 0.560716 0.404177 0.585425 0.351317 0.656319 0.361515 0.607418 0.402244 0.585425 0.351317 0.237673 0.394589 0.229129 0.318067 0.2369419 0.394372 0.08107298 0.407924 0.08457398 0.108073 0.08066797 0.407714 0.08147895 0.408135 0.08457398 0.108073 0.08107298 0.407924 0.257132 0.379854 0.256468 0.379116 0.257132 0.321456 0.473761 0.1844339 0.474226 0.186179 0.473763 0.186159 0.474571 0.185849 0.474226 0.186179 0.473761 0.1844339 0.207924 0.3742 0.206199 0.374202 0.206192 0.369081 0.207917 0.369079 0.207924 0.3742 0.206192 0.369081 0.07106399 0.129068 0.06084299 0.129371 0.065948 0.129068 0.06196099 0.13033 0.06084299 0.129371 0.07106399 0.129068 0.472694 0.182435 0.473761 0.1844339 0.472696 0.1843889 0.474916 0.185518 0.473761 0.1844339 0.472694 0.182435 0.474916 0.185518 0.474571 0.185849 0.473761 0.1844339 0.06196099 0.13033 0.07106399 0.129068 0.07000899 0.13019 0.465536 0.182565 0.467764 0.18442 0.466646 0.1844699 0.465536 0.182565 0.466646 0.1844699 0.465539 0.185554 0.07635295 0.289224 0.07347899 0.288152 0.072187 0.285323 0.48476 0.182006 0.482836 0.182251 0.482623 0.17937 0.08023101 0.285084 0.07635295 0.289224 0.072187 0.285323 0.07172697 0.270955 0.08023101 0.285084 0.072187 0.285323 0.329448 0.09425997 0.327509 0.09425699 0.327509 0.07986497 0.329448 0.07986897 0.329448 0.09425997 0.327509 0.07986497 0.424367 0.1802459 0.424249 0.183676 0.422727 0.181309 0.48476 0.177892 0.48476 0.182006 0.482623 0.17937 0.472694 0.180779 0.470472 0.182512 0.470472 0.178295 0.422727 0.177892 0.424367 0.1802459 0.422727 0.181309 0.06196099 0.13033 0.07000899 0.13019 0.07046496 0.144459 0.719036 0.186177 0.71713 0.186166 0.71713 0.171877 0.472694 0.180779 0.470472 0.178295 0.472334 0.177892 0.467762 0.182466 0.467764 0.18442 0.465536 0.182565 0.719036 0.186177 0.71713 0.171877 0.719036 0.171887 0.23229 0.35342 0.240343 0.353603 0.2397969 0.367879 0.474913 0.182529 0.474916 0.185518 0.472694 0.182435 0.230201 0.351187 0.242688 0.351631 0.240343 0.353603 0.23229 0.35342 0.230201 0.351187 0.240343 0.353603 0.231748 0.367597 0.23229 0.35342 0.2397969 0.367879 0.261027 0.47525 0.257139 0.471113 0.265188 0.471394 0.2364529 0.351187 0.242688 0.351631 0.230201 0.351187 0.939499 0.297523 0.93651 0.297563 0.937066 0.240425 0.258231 0.474001 0.257139 0.471113 0.261027 0.47525 0.520236 0.08032798 0.518629 0.07868295 0.55946 0.05558896 0.520236 0.08032798 0.504596 0.09672498 0.518629 0.07868295 0.561352 0.057491 0.55946 0.05558896 0.606438 0.05634897 0.55997 0.05782997 0.520236 0.08032798 0.55946 0.05558896 0.561352 0.057491 0.55997 0.05782997 0.55946 0.05558896 0.60585 0.05855196 0.606438 0.05634897 0.64719 0.080706 0.60585 0.05855196 0.561352 0.057491 0.606438 0.05634897 0.645583 0.08230096 0.64719 0.080706 0.653141 0.170982 0.645583 0.08230096 0.60585 0.05855196 0.64719 0.080706 0.668882 0.1675699 0.653141 0.170982 0.67074 0.169506 0.650945 0.17154 0.653141 0.170982 0.668882 0.1675699 0.650945 0.17154 0.645583 0.08230096 0.653141 0.170982 0.645583 0.2086459 0.67074 0.169506 0.64719 0.210291 0.668524 0.1689569 0.668882 0.1675699 0.67074 0.169506 0.645583 0.2086459 0.668524 0.1689569 0.67074 0.169506 0.629072 0.224151 0.645583 0.2086459 0.64719 0.210291 0.904578 0.239557 0.871742 0.319765 0.848654 0.319709 0.210314 0.339158 0.213337 0.339745 0.212341 0.340775 0.232558 0.299973 0.23517 0.300558 0.213337 0.339745 0.232558 0.299973 0.213337 0.339745 0.210314 0.339158 0.210314 0.339158 0.212341 0.340775 0.172797 0.363966 0.629072 0.224151 0.627416 0.222448 0.645583 0.2086459 0.975767 0.320168 0.97351 0.321073 0.971573 0.29834 0.210314 0.339158 0.172797 0.363966 0.171784 0.361755 0.606438 0.233366 0.627416 0.222448 0.629072 0.224151 0.60585 0.231144 0.627416 0.222448 0.606438 0.233366 0.975767 0.320168 0.971573 0.29834 0.975767 0.275468 0.904578 0.239557 0.89629 0.319674 0.871742 0.319765 0.559382 0.232625 0.60585 0.231144 0.606438 0.233366 0.904578 0.239557 0.936772 0.31909 0.89629 0.319674 0.559382 0.232625 0.55997 0.230422 0.60585 0.231144 0.969064 0.377858 0.96708 0.378843 0.96708 0.332958 0.973735 0.2299129 0.971509 0.274754 0.971509 0.228919 0.518629 0.208268 0.520236 0.206674 0.55997 0.230422 0.666433 0.355605 0.663945 0.356882 0.661041 0.312398 0.559382 0.232625 0.518629 0.208268 0.55997 0.230422 0.969064 0.33315 0.969064 0.377858 0.96708 0.332958 0.495101 0.166821 0.497296 0.166262 0.520236 0.206674 0.663602 0.312262 0.661041 0.312398 0.661041 0.267188 0.518629 0.208268 0.495101 0.166821 0.520236 0.206674 0.663602 0.312262 0.666433 0.355605 0.661041 0.312398 0.495101 0.166821 0.497296 0.120017 0.497296 0.166262 0.663602 0.268211 0.661041 0.267188 0.663946 0.233366 0.663602 0.268211 0.663602 0.312262 0.661041 0.267188 0.495101 0.11939 0.50626 0.09841996 0.497296 0.120017 0.979117 0.231902 0.977107 0.2320809 0.974061 0.2088969 0.495101 0.166821 0.495101 0.11939 0.497296 0.120017 0.666433 0.235257 0.663602 0.268211 0.663946 0.233366 0.495101 0.11939 0.504596 0.09672498 0.50626 0.09841996 0.520236 0.08032798 0.50626 0.09841996 0.504596 0.09672498 0.979117 0.231902 0.974061 0.2088969 0.977107 0.186239 0.04101598 0.189682 0.120786 0.189682 0.120093 0.224951 0.06993895 0.229147 0.120093 0.224951 0.117606 0.27145 0.06993895 0.229147 0.04101598 0.189682 0.120093 0.224951 0.07630699 0.268808 0.117606 0.27145 0.11399 0.316721 0.07630699 0.268808 0.06993895 0.229147 0.117606 0.27145 0.06478399 0.306517 0.07630699 0.268808 0.11399 0.316721 0.904578 0.239557 0.942064 0.268942 0.936772 0.31909 0.966282 0.349095 0.968531 0.348573 0.968531 0.395018 0.979117 0.231902 0.977107 0.186239 0.979117 0.1872349 0.171784 0.19278 0.172797 0.190544 0.174166 0.190931 0.966282 0.394349 0.966282 0.349095 0.968531 0.395018 0.210312 0.21546 0.174166 0.190931 0.212339 0.2138209 0.171784 0.19278 0.174166 0.190931 0.210312 0.21546 0.210312 0.21546 0.212339 0.2138209 0.23517 0.254089 0.232558 0.254696 0.23517 0.254089 0.23517 0.300558 0.210312 0.21546 0.23517 0.254089 0.232558 0.254696 0.232558 0.254696 0.23517 0.300558 0.232558 0.299973 0.10622 0.345044 0.117725 0.344902 0.117725 0.38483 0.106144 0.367476 0.10622 0.345044 0.117725 0.38483 0.10622 0.384973 0.106144 0.367476 0.117725 0.38483 0.397322 0.326346 0.393913 0.404058 0.405418 0.404139 0.421448 0.361911 0.40994 0.361849 0.410106 0.316953 0.917435 0.175314 0.888349 0.182385 0.899857 0.182323 0.905927 0.1753759 0.888349 0.182385 0.917435 0.175314 0.421614 0.317015 0.410106 0.316953 0.417752 0.404058 0.421554 0.343387 0.421448 0.361911 0.410106 0.316953 0.421614 0.317015 0.421554 0.343387 0.410106 0.316953 0.938708 0.361434 0.927289 0.361765 0.924459 0.318422 0.42926 0.404121 0.421614 0.317015 0.417752 0.404058 0.935878 0.318089 0.924459 0.318422 0.932272 0.397418 0.935878 0.318089 0.938708 0.361434 0.924459 0.318422 0.94369 0.397084 0.932272 0.397418 0.935102 0.364463 0.94369 0.397084 0.935878 0.318089 0.932272 0.397418 0.946521 0.364132 0.94369 0.397084 0.935102 0.364463 0.843348 0.195252 0.822396 0.169023 0.804408 0.171877 0.7218 0.195125 0.804408 0.171877 0.777904 0.168974 0.772091 0.164668 0.804408 0.171877 0.7218 0.195125 0.843348 0.195252 0.804408 0.171877 0.772091 0.164668 0.772091 0.164668 0.7218 0.195125 0.699552 0.155888 0.758096 0.111505 0.699552 0.155888 0.699552 0.110609 0.772091 0.164668 0.699552 0.155888 0.758096 0.111505 0.758096 0.111505 0.699552 0.110609 0.721794 0.07142698 0.758096 0.111505 0.721794 0.07142698 0.743335 0.05547499 0.804816 0.048877 0.743335 0.05547499 0.760324 0.04882794 0.812663 0.05144095 0.758096 0.111505 0.743335 0.05547499 0.804816 0.048877 0.812663 0.05144095 0.743335 0.05547499 0.397322 0.326346 0.385816 0.326266 0.393913 0.404058 0.8307 0.120267 0.772091 0.164668 0.758096 0.111505 0.812663 0.05144095 0.8307 0.120267 0.758096 0.111505 0.848888 0.189052 0.843348 0.195252 0.772091 0.164668 0.8307 0.120267 0.848888 0.189052 0.772091 0.164668 0.905927 0.1753759 0.917435 0.175314 0.917399 0.18171 0.865589 0.1560699 0.848888 0.189052 0.8307 0.120267 0.31704 0.404107 0.305263 0.399119 0.304413 0.370494 0.843342 0.07155495 0.8307 0.120267 0.812663 0.05144095 0.865589 0.110791 0.8307 0.120267 0.843342 0.07155495 0.865589 0.110791 0.865589 0.1560699 0.8307 0.120267 0.397606 0.364805 0.385826 0.334165 0.385816 0.326266 0.397606 0.364805 0.3861 0.364724 0.385826 0.334165 0.397322 0.326346 0.397606 0.364805 0.385816 0.326266 0.315907 0.326377 0.304413 0.326255 0.305545 0.283123 0.31704 0.283247 0.315907 0.326377 0.305545 0.283123 0.315907 0.370615 0.304413 0.370494 0.304413 0.326255 0.315907 0.370615 0.31704 0.404107 0.304413 0.370494 0.315907 0.326377 0.315907 0.370615 0.304413 0.326255 0.772724 0.931364 0.759514 0.949394 0.758573 0.949887 0.255776 0.786136 0.255227 0.786491 0.255229 0.785541 0.778228 0.972313 0.758573 0.949887 0.783118 0.959605 0.897917 0.700171 0.897328 0.724789 0.897328 0.699901 0.745173 0.944446 0.772724 0.931364 0.758573 0.949887 0.741977 0.972395 0.745173 0.944446 0.758573 0.949887 0.778228 0.972313 0.741977 0.972395 0.758573 0.949887 0.772724 0.931364 0.760414 0.94894 0.759514 0.949394 0.256328 0.785105 0.255229 0.785541 0.255227 0.784632 0.256328 0.78578 0.255229 0.785541 0.256328 0.785105 0.255776 0.786136 0.255229 0.785541 0.256328 0.78578 0.772724 0.931364 0.770197 0.944291 0.760414 0.94894 0.96235 0.952693 0.96125 0.952869 0.961252 0.942996 0.256328 0.785105 0.255227 0.784632 0.256327 0.78445 0.779346 0.934268 0.779718 0.939798 0.770197 0.944291 0.962352 0.94282 0.961252 0.942996 0.96125 0.933388 0.778228 0.930309 0.779346 0.934268 0.770197 0.944291 0.772724 0.931364 0.778228 0.930309 0.770197 0.944291 0.96235 0.952693 0.961252 0.942996 0.962352 0.94282 0.780341 0.938228 0.779998 0.939636 0.779718 0.939798 0.111159 0.774536 0.111159 0.775651 0.110881 0.775603 0.779346 0.934268 0.780341 0.938228 0.779718 0.939798 0.962352 0.94282 0.96125 0.933388 0.96235 0.933213 0.780341 0.938228 0.780234 0.939423 0.779998 0.939636 0.110828 0.774479 0.110881 0.775603 0.110645 0.775552 0.111159 0.774536 0.110881 0.775603 0.110828 0.774479 0.780341 0.938228 0.780394 0.939151 0.780234 0.939423 0.252913 0.78648 0.251753 0.786322 0.251759 0.786054 0.110828 0.774479 0.110645 0.775552 0.110544 0.774417 0.78041 0.93853 0.78044 0.938839 0.780394 0.939151 0.252922 0.785778 0.251759 0.786054 0.25176 0.785744 0.780341 0.938228 0.78041 0.93853 0.780394 0.939151 0.252921 0.786149 0.251759 0.786054 0.252922 0.785778 0.252913 0.78648 0.251759 0.786054 0.252921 0.786149 0.252919 0.785414 0.25176 0.785744 0.251758 0.785433 0.252922 0.785778 0.25176 0.785744 0.252919 0.785414 0.252919 0.785414 0.251758 0.785433 0.251753 0.78513 0.39588 0.752295 0.394718 0.752346 0.394721 0.748356 0.252919 0.785414 0.251753 0.78513 0.252914 0.785061 0.395883 0.748306 0.394721 0.748356 0.394718 0.744364 0.39588 0.752295 0.394721 0.748356 0.395883 0.748306 0.772724 0.931364 0.774346 0.92077 0.778228 0.930309 0.251126 0.724895 0.249963 0.724949 0.249993 0.715299 0.395883 0.748306 0.394718 0.744364 0.39588 0.744299 0.772724 0.931364 0.769676 0.912351 0.774346 0.92077 0.250545 0.706816 0.249993 0.715299 0.249963 0.706748 0.251156 0.715647 0.249993 0.715299 0.251127 0.706884 0.250545 0.706816 0.251127 0.706884 0.249993 0.715299 0.251126 0.724895 0.249993 0.715299 0.251156 0.715647 0.778228 0.888305 0.77945 0.907258 0.769676 0.912351 0.220582 0.785747 0.220033 0.785972 0.220033 0.776099 0.769219 0.9234 0.765042 0.915797 0.769676 0.912351 0.778228 0.888305 0.769676 0.912351 0.765042 0.915797 0.772724 0.931364 0.769219 0.9234 0.769676 0.912351 0.797621 0.918294 0.797766 0.933166 0.77945 0.907258 0.959667 0.887216 0.96025 0.887102 0.96125 0.914009 0.792045 0.91079 0.797621 0.918294 0.77945 0.907258 0.785934 0.903878 0.792045 0.91079 0.77945 0.907258 0.528269 0.802221 0.512502 0.819022 0.526651 0.800608 0.78591 0.903851 0.785934 0.903878 0.77945 0.907258 0.81448 0.888222 0.78591 0.903851 0.77945 0.907258 0.778228 0.888305 0.81448 0.888222 0.77945 0.907258 0.221132 0.785522 0.220033 0.776099 0.220583 0.776087 0.220583 0.776087 0.221132 0.776075 0.221132 0.785522 0.220582 0.785747 0.220033 0.776099 0.221132 0.785522 0.802877 0.916853 0.806965 0.963395 0.797766 0.933166 0.960069 0.914105 0.96125 0.914009 0.960264 0.944679 0.798828 0.918766 0.802877 0.916853 0.797766 0.933166 0.798468 0.918863 0.798828 0.918766 0.797766 0.933166 0.798111 0.918803 0.798468 0.918863 0.797766 0.933166 0.797834 0.918577 0.798111 0.918803 0.797766 0.933166 0.797621 0.918294 0.797834 0.918577 0.797766 0.933166 0.960069 0.914105 0.959086 0.887331 0.96125 0.914009 0.959667 0.887216 0.96125 0.914009 0.959086 0.887331 0.807074 0.914921 0.807384 0.966296 0.806965 0.963395 0.41959 0.74431 0.42077 0.744299 0.420774 0.74722 0.802877 0.916853 0.807074 0.914921 0.806965 0.963395 0.960069 0.914105 0.960264 0.944679 0.959086 0.944618 0.807777 0.913702 0.807787 0.969372 0.807384 0.966296 0.420181 0.750091 0.420774 0.74722 0.42077 0.750315 0.807612 0.914441 0.807777 0.913702 0.807384 0.966296 0.807074 0.914921 0.807612 0.914441 0.807384 0.966296 0.419594 0.747013 0.420774 0.74722 0.41959 0.749866 0.420181 0.750091 0.41959 0.749866 0.420774 0.74722 0.41959 0.74431 0.420774 0.74722 0.419594 0.747013 0.778228 0.972313 0.783118 0.959605 0.807787 0.969372 0.897918 0.749586 0.897328 0.749803 0.897328 0.724789 0.81448 0.888222 0.807787 0.969372 0.807777 0.913702 0.81448 0.97223 0.807787 0.969372 0.81448 0.888222 0.81448 0.97223 0.778228 0.972313 0.807787 0.969372 0.89851 0.724844 0.897328 0.724789 0.89851 0.700441 0.897917 0.700171 0.89851 0.700441 0.897328 0.724789 0.89851 0.749369 0.897328 0.724789 0.89851 0.724844 0.897918 0.749586 0.897328 0.724789 0.89851 0.749369 0.977401 0.9145 0.978581 0.914468 0.978654 0.922292 0.778228 0.888305 0.765042 0.915797 0.764817 0.91548 0.260922 0.781596 0.260869 0.780415 0.261198 0.780415 0.260922 0.781596 0.261198 0.780415 0.261187 0.781596 0.978654 0.922292 0.978576 0.930437 0.977988 0.930315 0.977473 0.922191 0.978654 0.922292 0.977401 0.930193 0.977401 0.9145 0.978654 0.922292 0.977473 0.922191 0.261716 0.696596 0.262306 0.696493 0.262306 0.723936 0.977988 0.930315 0.977401 0.930193 0.978654 0.922292 0.741977 0.972395 0.745104 0.94397 0.745173 0.944446 0.251051 0.785673 0.251242 0.786246 0.250763 0.786247 0.261716 0.696596 0.262306 0.723936 0.261126 0.696699 0.261723 0.723767 0.261126 0.696699 0.262306 0.723936 0.741977 0.972395 0.745062 0.943483 0.745104 0.94397 0.250573 0.785085 0.250763 0.786247 0.250275 0.786247 0.250857 0.785085 0.250763 0.786247 0.250573 0.785085 0.251051 0.785673 0.250763 0.786247 0.250857 0.785085 0.741977 0.972395 0.745058 0.934686 0.745062 0.943483 0.973508 0.825651 0.972346 0.825647 0.972346 0.816842 0.250573 0.785085 0.250275 0.786247 0.250285 0.785085 0.741977 0.972395 0.745048 0.926091 0.745058 0.934686 0.973508 0.816846 0.972346 0.816842 0.972346 0.80824 0.973508 0.825651 0.972346 0.816842 0.973508 0.816846 0.741977 0.888388 0.745224 0.925317 0.745048 0.926091 0.236521 0.786288 0.236513 0.785126 0.237283 0.785126 0.741977 0.972395 0.741977 0.888388 0.745048 0.926091 0.973508 0.816846 0.972346 0.80824 0.973508 0.808245 0.778228 0.888305 0.745806 0.924771 0.745224 0.925317 0.110434 0.774524 0.110544 0.775666 0.109965 0.775533 0.741977 0.888388 0.778228 0.888305 0.745224 0.925317 0.236521 0.786288 0.237283 0.785126 0.237164 0.786288 0.778228 0.888305 0.760286 0.917244 0.745806 0.924771 0.161435 0.973765 0.160335 0.973956 0.160335 0.959329 0.110434 0.774524 0.109965 0.775533 0.109965 0.774417 0.778228 0.888305 0.762079 0.91631 0.760286 0.917244 0.477192 0.75239 0.476092 0.752582 0.476092 0.750771 0.161435 0.959137 0.161435 0.973765 0.160335 0.959329 0.778228 0.888305 0.763895 0.915364 0.762079 0.91631 0.477192 0.750568 0.476092 0.750771 0.476092 0.748936 0.477192 0.75239 0.476092 0.750771 0.477192 0.750568 0.778228 0.888305 0.764214 0.915259 0.763895 0.915364 0.238107 0.785142 0.238205 0.786254 0.237884 0.786234 0.477192 0.750568 0.476092 0.748936 0.477192 0.748744 0.778228 0.888305 0.764531 0.91528 0.764214 0.915259 0.237892 0.785128 0.237884 0.786234 0.237568 0.786232 0.238107 0.785142 0.237884 0.786234 0.237892 0.785128 0.778228 0.888305 0.764817 0.91548 0.764531 0.91528 0.237669 0.785126 0.237568 0.786232 0.237283 0.786254 0.237892 0.785128 0.237568 0.786232 0.237669 0.785126 0.237669 0.785126 0.237283 0.786254 0.237487 0.785142 0.81448 0.888222 0.807732 0.893151 0.807674 0.892647 0.254118 0.785646 0.253923 0.785064 0.25443 0.785061 0.81448 0.888222 0.807674 0.892647 0.796894 0.898196 0.969372 0.808318 0.968828 0.819128 0.968828 0.80824 0.81448 0.888222 0.807768 0.893664 0.807732 0.893151 0.254631 0.78624 0.25443 0.785061 0.254944 0.785062 0.254316 0.786242 0.25443 0.785061 0.254631 0.78624 0.254118 0.785646 0.25443 0.785061 0.254316 0.786242 0.81448 0.888222 0.807768 0.903798 0.807768 0.893664 0.971164 0.80824 0.972344 0.808242 0.972344 0.818378 0.254631 0.78624 0.254944 0.785062 0.254925 0.786242 0.81448 0.888222 0.807777 0.913702 0.807768 0.903798 0.971164 0.81837 0.972344 0.818378 0.972346 0.828284 0.971164 0.80824 0.972344 0.818378 0.971164 0.81837 0.250228 0.785089 0.250275 0.786268 0.249543 0.786268 0.971164 0.81837 0.972346 0.828284 0.971166 0.828283 0.111666 0.774423 0.111698 0.77559 0.111159 0.77559 0.250228 0.785089 0.249543 0.786268 0.249566 0.785085 0.393538 0.744299 0.394718 0.744315 0.394712 0.748496 0.111666 0.774423 0.111159 0.77559 0.111291 0.774417 0.393532 0.748482 0.394712 0.748496 0.394718 0.752528 0.393538 0.744299 0.394712 0.748496 0.393532 0.748482 0.253763 0.785061 0.253923 0.786231 0.253565 0.786266 0.393532 0.748482 0.394718 0.752528 0.393538 0.752517 0.253293 0.785089 0.253565 0.786266 0.253206 0.786266 0.253533 0.785085 0.253565 0.786266 0.253293 0.785089 0.253763 0.785061 0.253565 0.786266 0.253533 0.785085 0.25309 0.785061 0.253206 0.786266 0.252922 0.786226 0.253293 0.785089 0.253206 0.786266 0.25309 0.785061 0.117306 0.774242 0.117315 0.775412 0.117027 0.775385 0.260462 0.975211 0.259298 0.975319 0.25932 0.967659 0.117306 0.774242 0.117027 0.775385 0.117027 0.774216 0.260463 0.96068 0.25932 0.967659 0.259298 0.960576 0.260485 0.967662 0.25932 0.967659 0.260463 0.96068 0.260462 0.975211 0.25932 0.967659 0.260485 0.967662 0.528269 0.802221 0.514174 0.820691 0.512502 0.819022 0.259943 0.960621 0.260463 0.96068 0.259298 0.960576 0.259424 0.960562 0.259943 0.960621 0.259298 0.960576 0.265027 0.757013 0.264998 0.756954 0.265027 0.75695 0.265027 0.757013 0.265027 0.757078 0.264998 0.756954 0.81448 0.888222 0.796894 0.898196 0.78591 0.903851 0.968887 0.830196 0.968828 0.830223 0.968828 0.819128 0.969928 0.818964 0.969928 0.829726 0.968828 0.819128 0.969437 0.829947 0.968828 0.819128 0.969928 0.829726 0.969928 0.818964 0.968828 0.819128 0.969928 0.808395 0.969372 0.808318 0.969928 0.808395 0.968828 0.819128 0.968948 0.830169 0.968828 0.819128 0.969437 0.829947 0.968887 0.830196 0.968828 0.819128 0.968948 0.830169 0.818745 0.8897 0.81448 0.97223 0.81448 0.888222 0.737712 0.970918 0.737716 0.889881 0.741977 0.888388 0.741977 0.972395 0.737712 0.970918 0.741977 0.888388 0.736229 0.930405 0.736229 0.89415 0.737716 0.889881 0.736229 0.96666 0.736229 0.930405 0.737716 0.889881 0.737712 0.970918 0.736229 0.96666 0.737716 0.889881 0.818745 0.8897 0.818741 0.970737 0.81448 0.97223 0.820228 0.930213 0.820228 0.966468 0.818741 0.970737 0.820228 0.893957 0.820228 0.930213 0.818741 0.970737 0.818745 0.8897 0.820228 0.893957 0.818741 0.970737 0.982712 0.960863 0.992026 0.927586 1 0.934488 0.982712 0.960863 0.985747 0.935166 0.992026 0.927586 0.982712 0.960863 0.978604 0.941963 0.985747 0.935166 0.982712 0.960863 0.975322 0.94447 0.978604 0.941963 0.958112 0.980431 0.972007 0.946852 0.975322 0.94447 0.982712 0.960863 0.958112 0.980431 0.975322 0.94447 0.958112 0.980431 0.971709 0.947055 0.972007 0.946852 0.958112 0.980431 0.971382 0.947216 0.971709 0.947055 0.958112 0.980431 0.971013 0.947293 0.971382 0.947216 0.958112 0.980431 0.970629 0.947237 0.971013 0.947293 0.958112 0.980431 0.97028 0.947069 0.970629 0.947237 0.958112 0.980431 0.969977 0.946831 0.97028 0.947069 0.958112 0.980431 0.962295 0.939633 0.969977 0.946831 0.958112 0.980431 0.954372 0.932249 0.962295 0.939633 0.958112 0.980431 0.953832 0.931765 0.954372 0.932249 0.958112 0.980431 0.95326 0.931273 0.953832 0.931765 0.958112 0.980431 0.95326 0.957157 0.95326 0.931273 0.95576 0.981782 0.95326 0.98317 0.95326 0.957157 0.958112 0.980431 0.95576 0.981782 0.95326 0.957157 0.855602 0.937922 0.846033 0.950046 0.83722 0.952278 0.846786 0.933395 0.855602 0.937922 0.83722 0.952278 0.83722 0.940294 0.846786 0.933395 0.83722 0.952278 0.856016 0.943474 0.855119 0.948555 0.846033 0.950046 0.856219 0.938856 0.856016 0.943474 0.846033 0.950046 0.856117 0.938382 0.856219 0.938856 0.846033 0.950046 0.855602 0.937922 0.856117 0.938382 0.846033 0.950046 0.855864 0.947953 0.855457 0.948496 0.855119 0.948555 0.856016 0.943474 0.855864 0.947953 0.855119 0.948555 0.855864 0.947953 0.855687 0.948392 0.855457 0.948496 0.855864 0.947953 0.855818 0.94819 0.855687 0.948392 0.83722 0.940294 0.837781 0.928759 0.846786 0.933395 0.83722 0.928525 0.837514 0.928638 0.837781 0.928759 0.83722 0.940294 0.83722 0.928525 0.837781 0.928759 0.952169 0.946023 0.93539 0.96787 0.935197 0.967257 0.943616 0.945796 0.952169 0.946023 0.935197 0.967257 0.934609 0.950947 0.943616 0.945796 0.935197 0.967257 0.952169 0.946023 0.935912 0.968276 0.93539 0.96787 0.952169 0.946023 0.943681 0.971954 0.935912 0.968276 0.952169 0.975916 0.951629 0.975724 0.943681 0.971954 0.952169 0.946023 0.952169 0.975916 0.943681 0.971954 0.952169 0.975916 0.951897 0.97583 0.951629 0.975724 0.261723 0.723767 0.261126 0.723597 0.261126 0.696699 0.934533 0.948914 0.935102 0.946304 0.943616 0.945796 0.934609 0.950947 0.934533 0.948914 0.943616 0.945796 0.934458 0.946881 0.934796 0.946354 0.935102 0.946304 0.934533 0.948914 0.934458 0.946881 0.935102 0.946304 0.934458 0.946881 0.934587 0.946458 0.934796 0.946354 0.934458 0.946881 0.934483 0.946656 0.934587 0.946458 0.444471 0.744299 0.444471 0.749182 0.439599 0.749182 0.439599 0.744299 0.444471 0.744299 0.439599 0.749182 0.449342 0.744299 0.449342 0.749182 0.444471 0.749181 0.444471 0.744299 0.449342 0.744299 0.444471 0.749181 0.454214 0.744299 0.454214 0.749181 0.449343 0.749181 0.449342 0.744299 0.454214 0.744299 0.449343 0.749181 0.07170295 0.478131 0.05850195 0.477183 0.06001299 0.433603 0.313704 0.430527 0.300499 0.431416 0.299009 0.387531 0.312214 0.386641 0.313704 0.430527 0.299009 0.387531 0.07321399 0.43455 0.06001299 0.433603 0.05850195 0.405138 0.07321399 0.43455 0.07170295 0.478131 0.06001299 0.433603 0.952724 0.186256 0.965854 0.186239 0.96643 0.191768 0.07321399 0.43455 0.05850195 0.405138 0.07170295 0.406086 0.312214 0.45968 0.299009 0.46057 0.300499 0.431416 0.07135999 0.102595 0.05802398 0.102471 0.05823194 0.09716695 0.07156896 0.09729099 0.07135999 0.102595 0.05823194 0.09716695 0.313704 0.430527 0.312214 0.45968 0.300499 0.431416 0.953299 0.191784 0.96643 0.191768 0.96826 0.235964 0.953299 0.191784 0.952724 0.186256 0.96643 0.191768 0.95513 0.235981 0.96826 0.235964 0.967708 0.255878 0.95513 0.235981 0.953299 0.191784 0.96826 0.235964 0.954578 0.255894 0.967708 0.255878 0.965854 0.279155 0.95513 0.235981 0.967708 0.255878 0.954578 0.255894 0.611591 0.384646 0.624469 0.386431 0.627559 0.418401 0.954578 0.255894 0.965854 0.279155 0.952724 0.279171 0.614681 0.416617 0.627559 0.418401 0.624469 0.461832 0.611591 0.384646 0.627559 0.418401 0.614681 0.416617 0.98973 0.408201 0.976749 0.408917 0.976749 0.364848 0.614681 0.416617 0.624469 0.461832 0.611591 0.460047 0.07547497 0.129068 0.06213897 0.128944 0.06102198 0.09615898 0.98973 0.364132 0.98973 0.408201 0.976749 0.364848 0.07435798 0.09628295 0.06102198 0.09615898 0.06084299 0.072236 0.07435798 0.09628295 0.07547497 0.129068 0.06102198 0.09615898 0.101523 0.113376 0.08818596 0.113252 0.08828896 0.093171 0.07417899 0.07235997 0.07435798 0.09628295 0.06084299 0.072236 0.07428199 0.05227899 0.06094497 0.05215495 0.05802398 0.102471 0.07135999 0.102595 0.07428199 0.05227899 0.05802398 0.102471 0.101625 0.09329497 0.101523 0.113376 0.08828896 0.093171 0.982354 0.879824 0.977793 0.879655 0.977793 0.834901 0.575348 0.935538 0.570796 0.935866 0.569053 0.890834 0.573605 0.890505 0.575348 0.935538 0.569053 0.890834 0.489976 0.71924 0.4945 0.719421 0.498731 0.752596 0.982354 0.83507 0.982354 0.879824 0.977793 0.834901 0.494207 0.752415 0.498731 0.752596 0.498802 0.753868 0.489976 0.71924 0.498731 0.752596 0.494207 0.752415 0.573605 0.968294 0.569053 0.968622 0.570796 0.935866 0.324871 0.919868 0.320272 0.919819 0.320319 0.9186 0.324918 0.918649 0.324871 0.919868 0.320319 0.9186 0.575348 0.935538 0.573605 0.968294 0.570796 0.935866 0.494278 0.753686 0.498802 0.753868 0.498802 0.799267 0.494278 0.753686 0.494207 0.752415 0.498802 0.753868 0.494278 0.799085 0.498802 0.799267 0.49716 0.822108 0.494278 0.799085 0.494278 0.753686 0.498802 0.799267 0.492636 0.821927 0.49716 0.822108 0.4945 0.843454 0.494278 0.799085 0.49716 0.822108 0.492636 0.821927 0.575348 0.890505 0.579789 0.891121 0.582961 0.923933 0.492636 0.821927 0.4945 0.843454 0.489976 0.843272 0.57852 0.923317 0.582961 0.923933 0.579789 0.968507 0.575348 0.890505 0.582961 0.923933 0.57852 0.923317 0.978747 0.74513 0.974271 0.745376 0.974271 0.700148 0.57852 0.923317 0.579789 0.968507 0.575348 0.967891 0.321012 0.631145 0.316413 0.631096 0.309453 0.751745 0.978747 0.699901 0.978747 0.74513 0.974271 0.700148 0.314052 0.751794 0.309453 0.751745 0.309301 0.729688 0.314052 0.751794 0.321012 0.631145 0.309453 0.751745 0.3139 0.729737 0.309301 0.729688 0.309436 0.706582 0.3139 0.729737 0.314052 0.751794 0.309301 0.729688 0.314034 0.706631 0.309436 0.706582 0.320272 0.919819 0.324871 0.919868 0.314034 0.706631 0.320272 0.919819 0.314034 0.706631 0.3139 0.729737 0.309436 0.706582 0.05586498 0.450249 0.04560697 0.405138 0.05850195 0.406789 0.670846 0.42864 0.655353 0.386119 0.66827 0.384646 0.847503 0.249665 0.845736 0.250158 0.823223 0.211193 0.657929 0.430113 0.655353 0.386119 0.670846 0.42864 0.824518 0.209885 0.847503 0.249665 0.823223 0.211193 0.784228 0.188881 0.824518 0.209885 0.823223 0.211193 0.05586498 0.450249 0.04296898 0.448599 0.04560697 0.405138 0.118226 0.07085895 0.119525 0.07216095 0.09693896 0.111372 0.158167 0.04774695 0.158647 0.04952496 0.119525 0.07216095 0.118226 0.07085895 0.158167 0.04774695 0.119525 0.07216095 0.05850195 0.478966 0.04560697 0.477315 0.04296898 0.448599 0.09516596 0.110891 0.09693896 0.111372 0.09557598 0.15073 0.05586498 0.450249 0.05850195 0.478966 0.04296898 0.448599 0.09516596 0.110891 0.118226 0.07085895 0.09693896 0.111372 0.08901399 0.102594 0.07589095 0.102152 0.07668095 0.09716695 0.094011 0.152265 0.09557598 0.15073 0.09694099 0.1566489 0.08980399 0.09760797 0.08901399 0.102594 0.07668095 0.09716695 0.094011 0.152265 0.09516596 0.110891 0.09557598 0.15073 0.08901 0.05192399 0.07588696 0.05148196 0.07589095 0.102152 0.09516596 0.157123 0.09694099 0.1566489 0.119529 0.195861 0.08901399 0.102594 0.08901 0.05192399 0.07589095 0.102152 0.09516596 0.157123 0.094011 0.152265 0.09694099 0.1566489 0.115941 0.113285 0.102819 0.112843 0.103231 0.092498 0.1341789 0.209852 0.119529 0.195861 0.135504 0.208508 0.116354 0.09293997 0.115941 0.113285 0.103231 0.092498 0.11823 0.197163 0.09516596 0.157123 0.119529 0.195861 0.1341789 0.209852 0.11823 0.197163 0.119529 0.195861 0.116643 0.1371729 0.10352 0.136732 0.102819 0.112843 0.158178 0.220282 0.135504 0.208508 0.1586509 0.2185029 0.115941 0.113285 0.116643 0.1371729 0.102819 0.112843 0.158178 0.220282 0.1341789 0.209852 0.135504 0.208508 0.09371 0.129693 0.08058798 0.129251 0.07617598 0.09571599 0.2043049 0.220284 0.1586509 0.2185029 0.2038249 0.218506 0.08929896 0.09615796 0.09371 0.129693 0.07617598 0.09571599 0.2043049 0.220284 0.158178 0.220282 0.1586509 0.2185029 0.848654 0.319765 0.86188 0.320255 0.86188 0.363861 0.2043049 0.220284 0.2038249 0.218506 0.242947 0.19587 0.848654 0.363371 0.848654 0.319765 0.86188 0.363861 0.596633 0.418269 0.611591 0.461175 0.598391 0.462145 0.244246 0.197172 0.2043049 0.220284 0.242947 0.19587 0.265533 0.156659 0.244246 0.197172 0.242947 0.19587 0.596633 0.418269 0.609832 0.417299 0.611591 0.461175 0.698907 0.336791 0.700202 0.335483 0.739197 0.357795 0.698907 0.336791 0.675922 0.297011 0.700202 0.335483 0.67769 0.296519 0.700202 0.335483 0.675922 0.297011 0.738718 0.359572 0.739197 0.357795 0.784224 0.357476 0.738718 0.359572 0.698907 0.336791 0.739197 0.357795 0.784696 0.359248 0.784224 0.357476 0.807296 0.347343 0.802274 0.265498 0.756297 0.265822 0.801802 0.263726 0.808617 0.348674 0.807296 0.347343 0.823219 0.334613 0.808617 0.348674 0.784696 0.359248 0.807296 0.347343 0.847503 0.295793 0.823219 0.334613 0.845734 0.295332 0.824514 0.335903 0.808617 0.348674 0.823219 0.334613 0.865081 0.2020429 0.842092 0.242153 0.840797 0.240863 0.848654 0.290937 0.845734 0.295332 0.847094 0.289417 0.847503 0.295793 0.845734 0.295332 0.848654 0.290937 0.847503 0.249665 0.847094 0.289417 0.845736 0.250158 0.847503 0.249665 0.848654 0.290937 0.847094 0.289417 0.158167 0.04774695 0.197915 0.04815995 0.158647 0.04952496 0.657929 0.430113 0.670846 0.42864 0.66827 0.458553 0.158167 0.04774695 0.199446 0.04659199 0.197915 0.04815995 0.203821 0.04952895 0.197915 0.04815995 0.199446 0.04659199 0.966932 0.329056 0.980268 0.329042 0.980415 0.33427 0.657929 0.430113 0.66827 0.458553 0.655353 0.460027 0.963902 0.324207 0.952724 0.364102 0.963434 0.32422 0.204294 0.04774898 0.203821 0.04952895 0.199446 0.04659199 0.260415 0.05501997 0.259887 0.05522894 0.25946 0.05086594 0.835257 0.32506 0.834514 0.320152 0.843069 0.401894 0.963902 0.324207 0.963434 0.32422 0.952724 0.279334 0.511999 0.129086 0.51232 0.129168 0.511999 0.175366 0.953013 0.279171 0.963902 0.324207 0.952724 0.279334 0.374841 0.326136 0.37533 0.326113 0.385816 0.366153 0.393629 0.404058 0.37533 0.326113 0.374841 0.326136 0.485863 0.404058 0.478051 0.325844 0.485558 0.404066 0.659691 0.404177 0.652977 0.322481 0.651878 0.327348 0.110631 0.317015 0.1111209 0.317022 0.122847 0.361718 0.130659 0.395227 0.1111209 0.317022 0.110631 0.317015 0.951303 0.343447 0.951783 0.343471 0.951303 0.36379 0.110631 0.317015 0.122847 0.361718 0.122418 0.361939 0.257853 0.308789 0.272913 0.406648 0.258315 0.308874 0.952921 0.182323 0.955405 0.202638 0.970499 0.179888 0.264672 0.354648 0.258315 0.308874 0.265101 0.354499 0.257853 0.308789 0.258315 0.308874 0.264672 0.354648 0.120672 0.391719 0.121221 0.39192 0.120672 0.436909 0.265533 0.156659 0.267306 0.157141 0.244246 0.197172 0.263077 0.134303 0.262772 0.134212 0.263077 0.088014 0.262772 0.088014 0.262772 0.04164195 0.263082 0.08793896 0.265531 0.111382 0.267306 0.110908 0.267306 0.157141 0.317594 0.120888 0.317181 0.120772 0.317182 0.074539 0.265533 0.156659 0.265531 0.111382 0.267306 0.157141 0.970462 0.278129 0.970462 0.233444 0.971014 0.277923 0.970809 0.233463 0.971014 0.277923 0.970462 0.233444 0.25556 0.08818197 0.2569 0.08685296 0.267306 0.110908 0.121323 0.3064 0.120786 0.306185 0.121323 0.282169 0.265531 0.111382 0.25556 0.08818197 0.267306 0.110908 0.317594 0.120888 0.317182 0.074539 0.317594 0.07441896 0.242943 0.07216995 0.2569 0.08685296 0.25556 0.08818197 0.244242 0.07086795 0.2569 0.08685296 0.242943 0.07216995 0.965624 0.379312 0.962819 0.35317 0.965624 0.332958 0.942113 0.294971 0.955449 0.294956 0.955024 0.318197 0.950033 0.397816 0.96337 0.397802 0.955449 0.294956 0.950033 0.397816 0.955449 0.294956 0.942113 0.294971 0.598391 0.385616 0.611591 0.384646 0.609832 0.417299 0.941688 0.318211 0.942113 0.294971 0.955024 0.318197 0.596633 0.418269 0.598391 0.385616 0.609832 0.417299 0.204294 0.04774898 0.242943 0.07216995 0.203821 0.04952895 0.967078 0.334284 0.980415 0.33427 0.980948 0.378271 0.967078 0.334284 0.966932 0.329056 0.980415 0.33427 0.204294 0.04774898 0.244242 0.07086795 0.242943 0.07216995 0.967611 0.378285 0.967078 0.334284 0.980948 0.378271 0.262109 0.100388 0.261573 0.1003659 0.259887 0.05522894 0.25946 0.1447049 0.261573 0.1003659 0.262109 0.100388 0.262109 0.100388 0.259887 0.05522894 0.260415 0.05501997 0.471606 0.326041 0.459317 0.326944 0.465325 0.404961 0.687972 0.305754 0.688312 0.305741 0.688312 0.350807 0.477614 0.404058 0.471606 0.326041 0.465325 0.404961 0.975083 0.410202 0.979585 0.332365 0.967271 0.331909 0.970462 0.233444 0.970462 0.278197 0.969945 0.233663 0.970122 0.278186 0.969945 0.233663 0.970462 0.278197 0.469801 0.359554 0.457512 0.360457 0.459317 0.326944 0.91003 0.08937597 0.924444 0.362339 0.910772 0.09435498 0.471606 0.326041 0.469801 0.359554 0.459317 0.326944 0.888225 0.319907 0.888623 0.319765 0.888623 0.361193 0.29664 0.406172 0.288827 0.328171 0.288314 0.327954 0.495048 0.148617 0.495048 0.19473 0.494742 0.148717 0.275509 0.327836 0.263093 0.327699 0.26418 0.283123 0.256027 0.321694 0.256468 0.321456 0.255921 0.366042 0.276597 0.28326 0.275509 0.327836 0.26418 0.283123 0.266539 0.317063 0.266941 0.312089 0.266941 0.317089 0.275509 0.372999 0.263093 0.372862 0.263093 0.327699 0.255482 0.366053 0.255921 0.366042 0.260374 0.04791998 0.275509 0.327836 0.275509 0.372999 0.263093 0.327699 0.256027 0.321694 0.255921 0.366042 0.255482 0.366053 0.276597 0.406648 0.26418 0.406511 0.263093 0.372862 0.130659 0.3954 0.13104 0.395227 0.135055 0.316855 0.275509 0.372999 0.276597 0.406648 0.263093 0.372862 0.08497101 0.164129 0.08497101 0.188969 0.08453696 0.188735 0.97368 0.279171 0.97368 0.325473 0.970874 0.299357 0.970555 0.317199 0.958469 0.317866 0.966282 0.395684 0.134613 0.3168 0.135055 0.316855 0.122847 0.361317 0.978368 0.395018 0.970555 0.317199 0.966282 0.395684 0.130659 0.3954 0.135055 0.316855 0.134613 0.3168 0.495712 0.313943 0.50453 0.360177 0.49254 0.358516 0.121054 0.08073198 0.117148 0.399016 0.12134 0.08072 0.495712 0.313943 0.507702 0.315604 0.50453 0.360177 0.121054 0.08073198 0.12134 0.080756 0.121054 0.125441 0.262456 0.143989 0.262109 0.144011 0.262109 0.09878295 0.987397 0.410659 0.979585 0.332365 0.975083 0.410202 0.248965 0.329891 0.24866 0.329876 0.256777 0.408171 0.772509 0.390053 0.772988 0.388276 0.818659 0.25676 0.670394 0.279336 0.670708 0.279405 0.670394 0.325272 0.745087 0.187794 0.743561 0.186239 0.784707 0.187104 0.888623 0.319765 0.8891 0.319827 0.888623 0.360979 0.784228 0.188881 0.745087 0.187794 0.784707 0.187104 0.739201 0.1892 0.743561 0.186239 0.745087 0.187794 0.73873 0.1874279 0.743561 0.186239 0.739201 0.1892 0.275327 0.406648 0.268624 0.324956 0.267514 0.329814 0.700206 0.212063 0.73873 0.1874279 0.739201 0.1892 0.700206 0.212063 0.698911 0.210773 0.73873 0.1874279 0.947766 0.27183 0.948268 0.271852 0.954839 0.317539 0.964922 0.228919 0.948268 0.271852 0.947766 0.27183 0.700206 0.212063 0.686294 0.226811 0.698911 0.210773 0.954372 0.31775 0.954839 0.317539 0.964922 0.335281 0.947766 0.27183 0.954839 0.317539 0.954372 0.31775 0.700206 0.212063 0.68763 0.228127 0.686294 0.226811 0.675922 0.250884 0.686294 0.226811 0.68763 0.228127 0.935836 0.371104 0.949354 0.348573 0.936306 0.371307 0.964922 0.275468 0.96744 0.295743 0.964922 0.321912 0.675922 0.250884 0.68763 0.228127 0.677692 0.251344 0.675922 0.297011 0.675922 0.250884 0.677692 0.251344 0.67769 0.296519 0.675922 0.297011 0.677692 0.251344 0.92274 0.294119 0.936306 0.371307 0.923238 0.294088 0.935836 0.371104 0.936306 0.371307 0.92274 0.294119 0.92274 0.294119 0.923238 0.294088 0.941541 0.336228 0.670707 0.279336 0.670394 0.279233 0.670707 0.233366 0.941274 0.336421 0.92274 0.294119 0.941541 0.336228 0.500353 0.404177 0.512342 0.405839 0.507702 0.315604 0.495712 0.313943 0.500353 0.404177 0.507702 0.315604 0.2423149 0.319661 0.25453 0.320152 0.250228 0.36434 0.238013 0.363849 0.2423149 0.319661 0.250228 0.36434 0.2423149 0.274262 0.25453 0.274752 0.25453 0.320152 0.2423149 0.319661 0.2423149 0.274262 0.25453 0.320152 0.238013 0.2398149 0.250228 0.240306 0.25453 0.274752 0.2423149 0.274262 0.238013 0.2398149 0.25453 0.274752 0.61833 0.935691 0.616951 0.890505 0.621393 0.89111 0.984145 0.689714 0.979669 0.644732 0.984145 0.644486 0.679824 0.840769 0.677612 0.841378 0.654523 0.801379 0.979669 0.689961 0.979669 0.644732 0.984145 0.689714 0.679824 0.840769 0.654523 0.801379 0.656143 0.799744 0.614511 0.778463 0.656143 0.799744 0.654523 0.801379 0.61833 0.935691 0.613887 0.935087 0.616951 0.890505 0.349225 0.800082 0.350849 0.80171 0.327667 0.841952 0.390408 0.776256 0.391002 0.77848 0.350849 0.80171 0.349225 0.800082 0.390408 0.776256 0.350849 0.80171 0.621393 0.967765 0.616951 0.967161 0.613887 0.935087 0.325449 0.841356 0.327667 0.841952 0.327308 0.887031 0.61833 0.935691 0.621393 0.967765 0.613887 0.935087 0.325449 0.841356 0.349225 0.800082 0.327667 0.841952 0.257247 0.726758 0.252723 0.726583 0.252911 0.725384 0.325428 0.888937 0.327308 0.887031 0.327667 0.88842 0.257435 0.725559 0.257247 0.726758 0.252911 0.725384 0.325428 0.888937 0.325449 0.841356 0.327308 0.887031 0.258872 0.616655 0.254347 0.61648 0.252723 0.726583 0.325428 0.888937 0.327667 0.88842 0.350848 0.928665 0.257247 0.726758 0.258872 0.616655 0.252723 0.726583 0.25834 0.6398 0.253816 0.639625 0.254347 0.61648 0.367543 0.944515 0.350848 0.928665 0.369224 0.942833 0.258872 0.616655 0.25834 0.6398 0.254347 0.61648 0.349224 0.930293 0.325428 0.888937 0.350848 0.928665 0.367543 0.944515 0.349224 0.930293 0.350848 0.928665 0.25894 0.662053 0.254416 0.661878 0.253816 0.639625 0.390404 0.954128 0.369224 0.942833 0.390998 0.951904 0.25834 0.6398 0.25894 0.662053 0.253816 0.639625 0.390404 0.954128 0.367543 0.944515 0.369224 0.942833 0.263294 0.696493 0.25877 0.696318 0.254416 0.661878 0.437955 0.954134 0.390998 0.951904 0.437361 0.95191 0.25894 0.662053 0.263294 0.696493 0.254416 0.661878 0.437955 0.954134 0.390404 0.954128 0.390998 0.951904 0.982256 0.69128 0.986816 0.691449 0.986816 0.736203 0.437955 0.954134 0.437361 0.95191 0.477513 0.92868 0.982256 0.736035 0.982256 0.69128 0.986816 0.736203 0.523224 0.924352 0.52958 0.969048 0.525028 0.969383 0.479137 0.930308 0.437955 0.954134 0.477513 0.92868 0.500695 0.888438 0.479137 0.930308 0.477513 0.92868 0.523224 0.924352 0.527775 0.924017 0.52958 0.969048 0.526595 0.930523 0.528214 0.928889 0.568226 0.951804 0.502914 0.889499 0.528214 0.928889 0.526595 0.930523 0.502914 0.889499 0.505125 0.88889 0.528214 0.928889 0.567632 0.954026 0.568226 0.951804 0.614438 0.951495 0.526595 0.930523 0.568226 0.951804 0.567632 0.954026 0.61503 0.953709 0.614438 0.951495 0.636146 0.942302 0.567632 0.954026 0.614438 0.951495 0.61503 0.953709 0.63782 0.943969 0.636146 0.942302 0.654468 0.928047 0.61503 0.953709 0.636146 0.942302 0.63782 0.943969 0.679824 0.888242 0.654468 0.928047 0.677592 0.887741 0.656086 0.92966 0.654468 0.928047 0.679824 0.888242 0.63782 0.943969 0.654468 0.928047 0.656086 0.92966 0.679824 0.888242 0.677592 0.887741 0.677951 0.886352 0.679824 0.840769 0.677951 0.886352 0.677612 0.841378 0.679824 0.888242 0.677951 0.886352 0.679824 0.840769 0.390408 0.776256 0.435978 0.778125 0.391002 0.77848 0.258436 0.726143 0.263035 0.726194 0.264105 0.758588 0.390408 0.776256 0.43788 0.776241 0.435978 0.778125 0.437364 0.778486 0.435978 0.778125 0.43788 0.776241 0.259506 0.758537 0.264105 0.758588 0.264123 0.759843 0.258436 0.726143 0.264105 0.758588 0.259506 0.758537 0.107264 0.643572 0.10274 0.64339 0.09247297 0.76243 0.477515 0.801725 0.437364 0.778486 0.43788 0.776241 0.479138 0.800097 0.477515 0.801725 0.43788 0.776241 0.107268 0.690207 0.102744 0.690026 0.10274 0.64339 0.107268 0.690207 0.10274 0.64339 0.107264 0.643572 0.974915 0.776241 0.979476 0.77641 0.979476 0.822312 0.107264 0.643572 0.09247297 0.76243 0.09699696 0.762612 0.489976 0.843788 0.494528 0.843454 0.496375 0.889639 0.974915 0.776241 0.979476 0.822312 0.974915 0.822143 0.491823 0.889973 0.496375 0.889639 0.494528 0.923968 0.491823 0.889973 0.489976 0.843788 0.496375 0.889639 0.264359 0.729941 0.268958 0.729992 0.267841 0.77578 0.489976 0.924302 0.491823 0.889973 0.494528 0.923968 0.263242 0.775729 0.267841 0.77578 0.267694 0.798882 0.263242 0.775729 0.264359 0.729941 0.267841 0.77578 0.263096 0.798831 0.267694 0.798882 0.267842 0.8221 0.263096 0.798831 0.263242 0.775729 0.267694 0.798882 0.263243 0.82205 0.267842 0.8221 0.268958 0.856612 0.263243 0.82205 0.263096 0.798831 0.267842 0.8221 0.669342 0.92423 0.673818 0.923983 0.673818 0.970372 0.264359 0.856562 0.263243 0.82205 0.268958 0.856612 0.500695 0.888438 0.502914 0.889034 0.479137 0.930308 0.316634 0.97042 0.312194 0.969805 0.315447 0.924088 0.669342 0.970619 0.669342 0.92423 0.673818 0.970372 0.500695 0.84197 0.502914 0.841374 0.502914 0.889034 0.319888 0.924703 0.315447 0.924088 0.312194 0.890435 0.500695 0.888438 0.500695 0.84197 0.502914 0.889034 0.319888 0.924703 0.316634 0.97042 0.315447 0.924088 0.491648 0.820144 0.493325 0.81846 0.502914 0.841374 0.102856 0.735527 0.09833198 0.735346 0.101116 0.712869 0.500695 0.84197 0.491648 0.820144 0.502914 0.841374 0.319888 0.924703 0.312194 0.890435 0.316634 0.89105 0.477515 0.801725 0.493325 0.81846 0.491648 0.820144 0.479138 0.800097 0.493325 0.81846 0.477515 0.801725 0.10564 0.713051 0.101116 0.712869 0.102744 0.690026 0.102856 0.735527 0.101116 0.712869 0.10564 0.713051 0.259109 0.827913 0.263708 0.827964 0.263035 0.849581 0.259524 0.804955 0.264123 0.805005 0.263708 0.827964 0.259524 0.804955 0.263708 0.827964 0.259109 0.827913 0.525028 0.89084 0.52958 0.890505 0.527775 0.924017 0.259109 0.827913 0.263035 0.849581 0.258436 0.84953 0.525028 0.89084 0.527775 0.924017 0.523224 0.924352 0.259524 0.759792 0.264123 0.759843 0.264123 0.805005 0.259524 0.759792 0.259506 0.758537 0.264123 0.759843 0.259524 0.759792 0.264123 0.805005 0.259524 0.804955 0.107268 0.690207 0.10564 0.713051 0.102744 0.690026 0.614511 0.778463 0.615105 0.776241 0.656143 0.799744 0.569681 0.778403 0.567787 0.776536 0.615105 0.776241 0.614511 0.778463 0.569681 0.778403 0.615105 0.776241 0.568299 0.778772 0.567787 0.776536 0.569681 0.778403 0.528269 0.802221 0.526651 0.800608 0.567787 0.776536 0.568299 0.778772 0.528269 0.802221 0.567787 0.776536 0.502914 0.889499 0.505146 0.842526 0.505125 0.88889 0.502935 0.841946 0.514174 0.820691 0.505146 0.842526 0.502914 0.889499 0.502935 0.841946 0.505146 0.842526 0.502935 0.841946 0.512502 0.819022 0.514174 0.820691</float_array>
          <technique_common>
            <accessor source="#GBT-C7A-J4_001-mesh-map-0-array" count="6774" stride="2">
              <param name="S" type="float"/>
              <param name="T" type="float"/>
            </accessor>
          </technique_common>
        </source>
        <vertices id="GBT-C7A-J4_001-mesh-vertices">
          <input semantic="POSITION" source="#GBT-C7A-J4_001-mesh-positions"/>
        </vertices>
        <triangles material="材质_001-material" count="2258">
          <input semantic="VERTEX" source="#GBT-C7A-J4_001-mesh-vertices" offset="0"/>
          <input semantic="NORMAL" source="#GBT-C7A-J4_001-mesh-normals" offset="1"/>
          <input semantic="TEXCOORD" source="#GBT-C7A-J4_001-mesh-map-0" offset="2" set="0"/>
          <p>34 0 0 3 1 1 0 2 2 75 3 3 1 3 4 4 3 5 40 4 6 34 5 7 0 6 8 66 7 9 41 8 10 2 9 11 75 10 12 65 10 13 1 10 14 34 11 15 5 12 16 3 13 17 77 14 18 4 14 19 6 14 20 77 15 21 75 15 22 4 15 23 34 16 24 7 17 25 5 18 26 79 19 27 6 19 28 8 19 29 79 20 30 77 20 31 6 20 32 32 21 33 9 22 34 7 23 35 81 24 36 8 24 37 10 24 38 34 25 39 32 26 40 7 27 41 81 28 42 79 28 43 8 28 44 30 29 45 11 30 46 9 31 47 83 32 48 10 32 49 12 32 50 32 33 51 30 34 52 9 35 53 83 36 54 81 36 55 10 36 56 28 37 57 13 38 58 11 39 59 86 40 60 12 40 61 14 40 62 30 41 63 28 42 64 11 43 65 86 44 66 83 44 67 12 44 68 26 45 69 15 46 70 13 47 71 88 48 72 14 48 73 16 48 74 28 49 75 26 50 76 13 51 77 88 52 78 86 52 79 14 52 80 20 53 81 17 54 82 15 55 83 44 56 84 16 56 85 18 56 86 22 57 87 20 58 88 15 59 89 26 60 90 22 61 91 15 62 92 44 63 93 42 63 94 16 63 95 88 64 96 16 64 97 42 64 98 98 65 99 19 66 100 21 67 101 48 68 102 44 68 103 18 68 104 98 69 105 49 70 106 19 71 107 98 72 108 21 73 109 23 74 110 115 75 111 25 76 112 27 77 113 112 78 114 99 79 115 24 80 116 114 81 117 112 82 118 24 83 119 118 84 120 27 85 121 29 86 122 118 87 123 115 88 124 27 89 125 120 90 126 29 91 127 31 92 128 120 93 129 118 94 130 29 95 131 122 96 132 31 97 133 33 98 134 122 99 135 120 100 136 31 101 137 126 102 138 33 103 139 35 104 140 124 105 141 122 106 142 33 107 143 126 108 144 124 109 145 33 110 146 40 111 147 36 112 148 34 113 149 126 114 150 35 115 151 39 116 152 66 117 153 37 118 154 41 119 155 90 120 156 37 121 157 66 122 158 100 123 159 38 124 160 91 125 161 126 126 162 39 127 163 101 128 164 861 129 165 43 130 166 45 131 167 862 132 168 89 133 169 43 134 170 862 135 171 43 136 172 861 137 173 48 138 174 46 138 175 44 138 176 861 139 177 45 140 178 47 141 179 50 142 180 46 142 181 48 142 182 52 143 183 46 143 184 50 143 185 860 144 186 47 145 187 53 146 188 861 147 189 47 148 190 860 149 191 98 150 192 51 151 193 49 152 194 73 153 195 52 153 196 50 153 197 98 154 198 74 155 199 51 156 200 73 157 201 54 157 202 52 157 203 859 158 204 53 159 205 55 160 206 860 161 207 53 162 208 859 163 209 71 164 210 56 164 211 54 164 212 859 165 213 55 166 214 57 167 215 73 168 216 71 168 217 54 168 218 69 169 219 59 169 220 56 169 221 858 170 222 58 171 223 60 172 224 71 173 225 69 173 226 56 173 227 859 174 228 57 175 229 857 176 230 67 177 231 61 177 232 59 177 233 1694 178 234 60 179 235 62 180 236 69 181 237 67 181 238 59 181 239 858 182 240 60 183 241 856 184 242 1694 185 243 856 186 244 60 187 245 65 188 246 63 188 247 61 188 248 1692 189 249 62 190 250 64 191 251 67 192 252 65 192 253 61 192 254 1694 193 255 62 194 256 1692 195 257 75 196 258 63 196 259 65 196 260 1690 197 261 64 198 262 76 199 263 1692 200 264 64 201 265 1690 202 266 90 203 267 66 204 268 68 205 269 92 206 270 68 207 271 70 208 272 92 209 273 90 210 274 68 211 275 94 212 276 70 213 277 72 214 278 94 215 279 92 216 280 70 217 281 96 218 282 72 219 283 74 220 284 96 221 285 94 222 286 72 223 287 98 224 288 96 225 289 74 226 290 1688 227 291 76 228 292 78 229 293 1690 230 294 76 231 295 1688 232 296 1688 233 297 78 234 298 80 235 299 1686 236 300 80 237 301 82 238 302 1688 239 303 80 240 304 1686 241 305 1686 242 306 82 243 307 85 244 308 863 245 309 84 246 310 87 247 311 1686 248 312 85 249 313 864 250 314 862 251 315 87 252 316 89 253 317 863 254 318 87 255 319 862 256 320 104 257 321 91 258 322 93 259 323 104 260 324 100 261 325 91 262 326 106 263 327 93 264 328 95 265 329 106 266 330 104 267 331 93 268 332 108 269 333 95 270 334 97 271 335 108 272 336 106 273 337 95 274 338 112 275 339 97 276 340 99 277 341 110 278 342 108 279 343 97 280 344 112 281 345 110 282 346 97 283 347 163 284 348 103 285 349 105 286 350 157 287 351 127 288 352 102 289 353 162 290 354 157 291 355 102 292 356 182 293 357 105 294 358 107 295 359 163 296 360 105 297 361 160 298 362 180 299 363 160 300 364 105 301 365 182 302 366 180 303 367 105 304 368 184 305 369 107 306 370 109 307 371 184 308 372 182 309 373 107 310 374 168 311 375 109 312 376 111 313 377 168 314 378 164 315 379 109 316 380 184 317 381 109 318 382 164 319 383 170 320 384 111 321 385 113 322 386 170 323 387 168 324 388 111 325 389 176 326 390 113 327 391 117 328 392 172 329 393 170 330 394 113 331 395 174 332 396 172 333 397 113 334 398 176 335 399 174 336 400 113 337 401 128 338 402 116 339 403 119 340 404 178 341 405 117 342 406 129 343 407 178 344 408 176 345 409 117 346 410 135 347 411 119 348 412 121 349 413 130 350 414 128 351 415 119 352 416 133 353 417 130 354 418 119 355 419 135 356 420 133 357 421 119 358 422 141 359 423 121 360 424 123 361 425 137 362 426 135 363 427 121 364 428 139 365 429 137 366 430 121 367 431 141 368 432 139 369 433 121 370 434 149 371 435 123 372 436 125 373 437 143 374 438 141 375 439 123 376 440 145 377 441 143 378 442 123 379 443 147 380 444 145 381 445 123 382 446 149 383 447 147 384 448 123 385 449 155 386 450 125 387 451 127 388 452 153 389 453 149 390 454 125 391 455 155 392 456 153 393 457 125 394 458 157 395 459 155 396 460 127 397 461 178 398 462 129 399 463 131 400 464 235 401 465 132 401 466 134 401 467 237 402 468 179 402 469 132 402 470 237 403 471 132 403 472 235 403 473 233 404 474 134 404 475 136 404 476 235 405 477 134 405 478 233 405 479 231 406 480 136 406 481 138 406 482 233 407 483 136 407 484 231 407 485 231 408 486 138 408 487 140 408 488 229 409 489 140 409 490 142 409 491 231 410 492 140 410 493 229 410 494 229 411 495 142 411 496 144 411 497 227 412 498 144 412 499 146 412 500 229 413 501 144 413 502 227 413 503 225 414 504 146 414 505 148 414 506 227 415 507 146 415 508 225 415 509 225 416 510 148 416 511 152 416 512 186 417 513 150 418 514 154 419 515 222 420 516 151 421 517 187 422 518 224 423 519 151 424 520 222 425 521 191 426 522 154 427 523 156 428 524 188 429 525 186 430 526 154 431 527 191 432 528 188 433 529 154 434 530 193 435 531 156 436 532 158 437 533 193 438 534 191 439 535 156 440 536 162 441 537 159 442 538 157 443 539 195 444 540 158 445 541 161 446 542 195 447 543 193 448 544 158 449 545 197 450 546 161 451 547 181 452 548 197 453 549 195 454 550 161 455 551 243 456 552 167 456 553 169 456 554 202 457 555 185 458 556 165 459 557 207 460 558 202 461 559 165 462 560 242 463 561 208 464 562 166 465 563 243 466 564 169 466 565 171 466 566 243 467 567 171 467 568 173 467 569 241 468 570 173 468 571 175 468 572 243 469 573 173 469 574 241 469 575 239 470 576 175 470 577 177 470 578 241 471 579 175 471 580 239 471 581 237 472 582 177 472 583 179 472 584 239 473 585 177 473 586 237 473 587 200 474 588 181 475 589 183 476 590 200 477 591 197 478 592 181 479 593 202 480 594 183 481 595 185 482 596 202 483 597 200 484 598 183 485 599 222 486 600 187 487 601 189 488 602 268 489 603 190 490 604 192 491 605 266 492 606 223 493 607 190 494 608 268 495 609 266 496 610 190 497 611 270 498 612 192 499 613 194 500 614 270 501 615 268 502 616 192 503 617 272 504 618 194 505 619 196 506 620 272 507 621 270 508 622 194 509 623 272 510 624 196 511 625 199 512 626 244 513 627 198 514 628 201 515 629 272 516 630 199 517 631 245 518 632 249 519 633 201 520 634 203 521 635 247 522 636 244 523 637 201 524 638 249 525 639 247 526 640 201 527 641 207 528 642 204 529 643 202 530 644 251 531 645 203 532 646 206 533 647 251 534 648 249 535 649 203 536 650 242 537 651 205 538 652 208 539 653 242 540 654 209 541 655 205 542 656 253 543 657 206 544 658 210 545 659 253 546 660 251 547 661 206 548 662 242 549 663 211 550 664 209 551 665 255 552 666 210 553 667 212 554 668 255 555 669 253 556 670 210 557 671 238 558 672 213 559 673 211 560 674 257 561 675 212 562 676 214 563 677 240 564 678 238 565 679 211 566 680 242 567 681 240 568 682 211 569 683 257 570 684 255 571 685 212 572 686 236 573 687 215 574 688 213 575 689 259 576 690 214 577 691 216 578 692 238 579 693 236 580 694 213 581 695 259 582 696 257 583 697 214 584 698 234 585 699 218 586 700 215 587 701 262 588 702 217 589 703 219 590 704 236 591 705 234 592 706 215 593 707 261 594 708 259 595 709 216 596 710 232 597 711 220 598 712 218 599 713 264 600 714 219 601 715 221 602 716 234 603 717 232 604 718 218 605 719 264 606 720 262 607 721 219 608 722 228 609 723 222 610 724 220 611 725 266 612 726 221 613 727 223 614 728 230 615 729 228 616 730 220 617 731 232 618 732 230 619 733 220 620 734 266 621 735 264 622 736 221 623 737 226 624 738 224 625 739 222 626 740 228 627 741 226 628 742 222 629 743 2197 630 744 246 630 745 248 630 746 2197 630 747 273 630 748 246 630 749 2199 630 750 248 630 751 250 630 752 2199 631 753 2197 631 754 248 631 755 2201 632 756 250 632 757 252 632 758 2201 630 759 2199 630 760 250 630 761 2203 630 762 252 630 763 254 630 764 2203 633 765 2201 633 766 252 633 767 2205 630 768 254 630 769 256 630 770 2205 630 771 2203 630 772 254 630 773 2210 634 774 256 634 775 258 634 776 2208 630 777 2205 630 778 256 630 779 2210 635 780 2208 635 781 256 635 782 2212 630 783 258 630 784 260 630 785 2212 636 786 2210 636 787 258 636 788 2216 630 789 260 630 790 263 630 791 2216 630 792 2212 630 793 260 630 794 2216 637 795 263 637 796 265 637 797 2191 630 798 265 630 799 267 630 800 2214 638 801 265 638 802 2191 638 803 2216 639 804 265 639 805 2214 639 806 2193 630 807 267 630 808 269 630 809 2193 630 810 2191 630 811 267 630 812 2184 630 813 269 630 814 271 630 815 2193 630 816 269 630 817 2184 630 818 2189 640 819 271 640 820 273 640 821 2187 630 822 2184 630 823 271 630 824 2189 641 825 2187 641 826 271 641 827 2195 630 828 2189 630 829 273 630 830 2197 642 831 2195 642 832 273 642 833 363 643 834 277 644 835 274 645 836 2250 646 837 276 646 838 278 646 839 368 647 840 363 648 841 274 649 842 382 650 843 369 651 844 275 652 845 2250 653 846 383 653 847 276 653 848 342 654 849 279 655 850 277 656 851 2238 653 852 278 653 853 280 653 854 344 657 855 342 658 856 277 659 857 347 660 858 344 661 859 277 662 860 349 663 861 347 664 862 277 665 863 352 666 864 349 667 865 277 668 866 354 669 867 352 670 868 277 671 869 357 672 870 354 673 871 277 674 872 359 675 873 357 676 874 277 677 875 363 678 876 359 679 877 277 680 878 2248 653 879 278 653 880 2238 653 881 2250 681 882 278 681 883 2248 681 884 339 682 885 281 683 886 279 684 887 2240 685 888 280 685 889 282 685 890 342 686 891 339 687 892 279 688 893 2240 653 894 2238 653 895 280 653 896 319 689 897 283 690 898 281 691 899 2236 653 900 282 653 901 284 653 902 321 692 903 319 693 904 281 694 905 334 695 906 321 696 907 281 697 908 337 698 909 334 699 910 281 700 911 339 701 912 337 702 913 281 703 914 2240 653 915 282 653 916 2236 653 917 317 704 918 285 705 919 283 706 920 2232 653 921 284 653 922 286 653 923 319 707 924 317 708 925 283 709 926 2234 653 927 284 653 928 2232 653 929 2236 710 930 284 710 931 2234 710 932 290 711 933 287 712 934 285 713 935 2228 714 936 286 714 937 289 714 938 292 715 939 290 716 940 285 717 941 296 718 942 292 719 943 285 720 944 298 721 945 296 722 946 285 723 947 301 724 948 298 725 949 285 726 950 303 727 951 301 728 952 285 729 953 306 730 954 303 731 955 285 732 956 308 733 957 306 734 958 285 735 959 311 736 960 308 737 961 285 738 962 313 739 963 311 740 964 285 741 965 317 742 966 313 743 967 285 744 968 2230 653 969 286 653 970 2228 653 971 2232 653 972 286 653 973 2230 653 974 451 745 975 288 746 976 291 747 977 448 748 978 370 749 979 288 750 980 2228 653 981 289 653 982 371 653 983 451 751 984 448 752 985 288 753 986 451 754 987 291 755 988 293 756 989 610 757 990 295 758 991 297 759 992 608 760 993 452 761 994 294 762 995 610 763 996 609 764 997 295 765 998 610 766 999 297 767 1000 299 768 1001 611 769 1002 300 770 1003 302 771 1004 575 772 1005 302 773 1006 304 774 1007 575 775 1008 568 776 1009 302 777 1010 611 778 1011 302 779 1012 568 780 1013 620 781 1014 305 782 1015 307 783 1016 614 784 1017 575 785 1018 304 786 1019 618 787 1020 615 788 1021 305 789 1022 620 790 1023 618 791 1024 305 792 1025 620 793 1026 307 794 1027 309 795 1028 316 796 1029 310 797 1030 312 798 1031 505 799 1032 310 800 1033 316 801 1034 621 802 1035 310 803 1036 505 804 1037 497 805 1038 314 805 1039 318 805 1040 497 806 1041 453 806 1042 314 806 1043 504 807 1044 315 808 1045 454 809 1046 462 630 1047 318 630 1048 320 630 1049 462 630 1050 459 630 1051 318 630 1052 497 630 1053 318 630 1054 459 630 1055 324 810 1056 320 810 1057 322 810 1058 457 630 1059 320 630 1060 324 630 1061 469 630 1062 320 630 1063 457 630 1064 464 630 1065 462 630 1066 320 630 1067 467 811 1068 464 811 1069 320 811 1070 469 630 1071 467 630 1072 320 630 1073 327 812 1074 323 813 1075 321 814 1076 329 815 1077 327 816 1078 321 817 1079 332 818 1080 329 819 1081 321 820 1082 334 821 1083 332 822 1084 321 823 1085 330 824 1086 326 825 1087 328 826 1088 763 827 1089 326 828 1090 330 829 1091 750 830 1092 458 831 1093 325 832 1094 750 833 1095 325 834 1096 743 835 1097 763 836 1098 744 837 1099 326 838 1100 764 839 1101 331 840 1102 333 841 1103 764 842 1104 333 843 1105 335 844 1106 772 845 1107 336 846 1108 338 847 1109 771 848 1110 764 849 1111 335 850 1112 821 851 1113 338 852 1114 340 853 1115 772 854 1116 338 855 1117 770 856 1118 821 857 1119 770 858 1120 338 859 1121 824 860 1122 341 861 1123 343 862 1124 822 863 1125 821 864 1126 340 865 1127 824 866 1128 823 867 1129 341 868 1130 824 869 1131 343 870 1132 345 871 1133 825 872 1134 346 873 1135 348 874 1136 832 875 1137 348 876 1138 350 877 1139 825 878 1140 348 879 1141 802 880 1142 832 881 1143 802 882 1144 348 883 1145 838 884 1146 351 885 1147 353 886 1148 832 887 1149 350 888 1150 830 889 1151 838 890 1152 831 891 1153 351 892 1154 838 893 1155 353 894 1156 355 895 1157 362 896 1158 356 897 1159 358 898 1160 746 899 1161 356 900 1162 362 901 1163 839 902 1164 356 903 1165 746 904 1166 472 630 1167 360 630 1168 364 630 1169 469 630 1170 457 630 1171 360 630 1172 745 905 1173 361 906 1174 458 907 1175 472 908 1176 469 908 1177 360 908 1178 368 909 1179 365 910 1180 363 911 1181 474 912 1182 364 912 1183 367 912 1184 474 630 1185 472 630 1186 364 630 1187 382 913 1188 366 914 1189 369 915 1190 384 916 1191 366 917 1192 382 918 1193 477 919 1194 367 919 1195 385 919 1196 477 630 1197 474 630 1198 367 630 1199 430 920 1200 372 921 1201 370 922 1202 2226 653 1203 371 653 1204 373 653 1205 443 923 1206 430 924 1207 370 925 1208 446 926 1209 443 927 1210 370 928 1211 448 929 1212 446 930 1213 370 931 1214 2228 653 1215 371 653 1216 2226 653 1217 428 932 1218 374 933 1219 372 934 1220 2224 653 1221 373 653 1222 375 653 1223 430 935 1224 428 936 1225 372 937 1226 2226 938 1227 373 938 1228 2224 938 1229 426 939 1230 376 940 1231 374 941 1232 2222 942 1233 375 942 1234 377 942 1235 428 943 1236 426 944 1237 374 945 1238 2224 946 1239 375 946 1240 2222 946 1241 405 947 1242 378 948 1243 376 949 1244 2219 653 1245 377 653 1246 379 653 1247 407 950 1248 405 951 1249 376 952 1250 410 953 1251 407 954 1252 376 955 1253 412 956 1254 410 957 1255 376 958 1256 415 959 1257 412 960 1258 376 961 1259 417 962 1260 415 963 1261 376 964 1262 420 965 1263 417 966 1264 376 967 1265 422 968 1266 420 969 1267 376 970 1268 426 971 1269 422 972 1270 376 973 1271 2222 653 1272 377 653 1273 2219 653 1274 402 974 1275 380 975 1276 378 976 1277 2244 653 1278 379 653 1279 381 653 1280 405 977 1281 402 978 1282 378 979 1283 2242 980 1284 2219 980 1285 379 980 1286 2244 981 1287 2242 981 1288 379 981 1289 384 982 1290 382 983 1291 380 984 1292 2246 653 1293 381 653 1294 383 653 1295 397 985 1296 384 986 1297 380 987 1298 400 988 1299 397 989 1300 380 990 1301 402 991 1302 400 992 1303 380 993 1304 2246 994 1305 2244 994 1306 381 994 1307 2250 653 1308 2246 653 1309 383 653 1310 390 995 1311 386 996 1312 384 997 1313 479 630 1314 385 630 1315 387 630 1316 392 998 1317 390 999 1318 384 1000 1319 395 1001 1320 392 1002 1321 384 1003 1322 397 1004 1323 395 1005 1324 384 1006 1325 479 630 1326 477 630 1327 385 630 1328 393 1007 1329 389 1008 1330 391 1009 1331 642 1010 1332 389 1011 1333 393 1012 1334 489 1013 1335 387 1013 1336 455 1013 1337 634 1014 1338 456 1015 1339 388 1016 1340 482 630 1341 479 630 1342 387 630 1343 484 1017 1344 482 1017 1345 387 1017 1346 487 1018 1347 484 1018 1348 387 1018 1349 489 1019 1350 487 1019 1351 387 1019 1352 634 1020 1353 388 1021 1354 627 1022 1355 642 1023 1356 628 1024 1357 389 1025 1358 654 1026 1359 394 1027 1360 396 1028 1361 652 1029 1362 643 1030 1363 394 1031 1364 654 1032 1365 652 1033 1366 394 1034 1367 654 1035 1368 396 1036 1369 398 1037 1370 655 1038 1371 399 1039 1372 401 1040 1373 709 1041 1374 401 1042 1375 403 1043 1376 651 1044 1377 401 1045 1378 649 1046 1379 709 1047 1380 649 1048 1381 401 1049 1382 653 1050 1383 401 1051 1384 651 1052 1385 655 1053 1386 401 1054 1387 653 1055 1388 712 1056 1389 404 1057 1390 406 1058 1391 710 1059 1392 709 1060 1393 403 1061 1394 712 1062 1395 711 1063 1396 404 1064 1397 712 1065 1398 406 1066 1399 408 1067 1400 713 1068 1401 409 1069 1402 411 1070 1403 720 1071 1404 411 1072 1405 413 1073 1406 713 1074 1407 411 1075 1408 690 1076 1409 720 1077 1410 690 1078 1411 411 1079 1412 726 1080 1413 414 1081 1414 416 1082 1415 720 1083 1416 413 1084 1417 718 1085 1418 726 1086 1419 719 1087 1420 414 1088 1421 726 1089 1422 416 1090 1423 418 1091 1424 425 1092 1425 419 1093 1426 421 1094 1427 630 1095 1428 419 1096 1429 425 1097 1430 727 1098 1431 419 1099 1432 630 1100 1433 429 630 1434 423 630 1435 427 630 1436 455 630 1437 423 630 1438 429 630 1439 629 1101 1440 424 1102 1441 456 1103 1442 492 630 1443 429 630 1444 431 630 1445 489 630 1446 455 630 1447 429 630 1448 492 630 1449 489 630 1450 429 630 1451 436 1104 1452 432 1105 1453 430 1106 1454 494 1107 1455 431 1107 1456 433 1107 1457 438 1108 1458 436 1109 1459 430 1110 1460 441 1111 1461 438 1112 1462 430 1113 1463 443 1114 1464 441 1115 1465 430 1116 1466 494 630 1467 492 630 1468 431 630 1469 439 1117 1470 435 1118 1471 437 1119 1472 525 1120 1473 435 1121 1474 439 1122 1475 494 1123 1476 433 1123 1477 453 1123 1478 511 1124 1479 454 1125 1480 434 1126 1481 513 1127 1482 434 1128 1483 502 1129 1484 521 1130 1485 503 1131 1486 435 1132 1487 513 1133 1488 511 1134 1489 434 1135 1490 523 1136 1491 521 1137 1492 435 1138 1493 525 1139 1494 523 1140 1495 435 1141 1496 526 1142 1497 440 1143 1498 442 1144 1499 526 1145 1500 442 1146 1501 444 1147 1502 538 1148 1503 445 1149 1504 447 1150 1505 537 1151 1506 526 1152 1507 444 1153 1508 605 1154 1509 447 1155 1510 449 1156 1511 534 1157 1512 447 1158 1513 532 1159 1514 605 1160 1515 532 1161 1516 447 1162 1517 536 1163 1518 447 1164 1519 534 1165 1520 538 1166 1521 447 1167 1522 536 1168 1523 608 1169 1524 450 1170 1525 452 1171 1526 606 1172 1527 605 1173 1528 449 1174 1529 608 1175 1530 607 1176 1531 450 1177 1532 497 630 1533 494 630 1534 453 630 1535 506 1178 1536 504 1179 1537 454 1180 1538 509 1181 1539 506 1182 1540 454 1183 1541 511 1184 1542 509 1185 1543 454 1186 1544 631 1187 1545 629 1188 1546 456 1189 1547 634 1190 1548 631 1191 1549 456 1192 1550 747 1193 1551 745 1194 1552 458 1195 1553 750 1196 1554 747 1197 1555 458 1198 1556 1907 1199 1557 461 1200 1558 463 1201 1559 1909 1202 1560 498 1202 1561 460 1202 1562 1909 1203 1563 460 1203 1564 1906 1203 1565 1904 1204 1566 463 1205 1567 466 1206 1568 1907 1207 1569 463 1208 1570 1904 1209 1571 1901 1210 1572 465 1210 1573 468 1210 1574 1904 1211 1575 466 1212 1576 1902 1213 1577 1899 1214 1578 468 1214 1579 470 1214 1580 1901 1215 1581 468 1215 1582 1899 1215 1583 1897 1216 1584 471 1217 1585 473 1218 1586 1899 1219 1587 470 1219 1588 1896 1219 1589 1934 1220 1590 473 1221 1591 476 1222 1592 1934 1223 1593 1897 1224 1594 473 1225 1595 1931 1226 1596 475 1226 1597 478 1226 1598 1934 1227 1599 476 1228 1600 1932 1229 1601 1929 1230 1602 478 1230 1603 480 1230 1604 1931 1231 1605 478 1231 1606 1929 1231 1607 1927 1232 1608 481 1233 1609 483 1234 1610 1929 1235 1611 480 1235 1612 1926 1235 1613 1924 1236 1614 483 1237 1615 486 1238 1616 1927 1239 1617 483 1240 1618 1924 1241 1619 1921 1242 1620 485 1242 1621 488 1242 1622 1924 1243 1623 486 1244 1624 1922 1245 1625 1919 1246 1626 488 1246 1627 490 1246 1628 1921 1247 1629 488 1247 1630 1919 1247 1631 1917 1248 1632 491 1249 1633 493 1250 1634 1919 1251 1635 490 1251 1636 1916 1251 1637 1914 1252 1638 493 1253 1639 496 1254 1640 1917 1255 1641 493 1256 1642 1914 1257 1643 1911 1258 1644 495 1258 1645 498 1258 1646 1914 1259 1647 496 1260 1648 1912 1261 1649 1911 1262 1650 498 1262 1651 1909 1262 1652 513 1263 1653 502 1264 1654 499 1265 1655 515 1266 1656 500 1267 1657 503 1268 1658 551 1269 1659 514 1270 1660 501 1271 1661 551 1272 1662 501 1273 1663 516 1274 1664 517 1275 1665 515 1276 1666 503 1277 1667 521 1278 1668 517 1279 1669 503 1280 1670 623 1281 1671 505 1282 1672 508 1283 1673 621 1284 1674 505 1285 1675 619 1286 1676 623 1287 1677 619 1288 1678 505 1289 1679 547 1290 1680 507 1291 1681 510 1292 1682 547 1293 1683 543 1294 1684 507 1295 1685 553 1296 1686 507 1297 1687 543 1298 1688 623 1299 1689 508 1300 1690 554 1301 1691 547 1302 1692 510 1303 1693 512 1304 1694 549 1305 1695 512 1306 1696 514 1307 1697 549 1308 1698 547 1309 1699 512 1310 1700 551 1311 1701 549 1312 1702 514 1313 1703 551 1314 1704 516 1315 1705 520 1316 1706 527 1317 1707 518 1318 1708 522 1319 1709 539 1320 1710 519 1320 1711 528 1320 1712 551 1321 1713 520 1322 1714 540 1323 1715 535 1324 1716 522 1325 1717 524 1326 1718 529 1327 1719 527 1328 1720 522 1329 1721 533 1330 1722 529 1331 1723 522 1332 1724 535 1333 1725 533 1334 1726 522 1335 1727 537 1336 1728 524 1337 1729 526 1338 1730 537 1339 1731 535 1340 1732 524 1341 1733 539 1342 1734 528 1342 1735 530 1342 1736 604 1343 1737 541 1344 1738 531 1345 1739 580 1346 1740 552 1347 1741 542 1348 1742 603 1349 1743 580 1350 1744 542 1351 1745 604 1352 1746 602 1353 1747 541 1354 1748 573 1355 1749 546 1356 1750 548 1357 1751 555 1358 1752 553 1359 1753 543 1360 1754 559 1361 1755 556 1361 1756 544 1361 1757 572 1362 1758 560 1363 1759 545 1364 1760 571 1365 1761 548 1366 1762 550 1367 1763 573 1368 1764 548 1369 1765 571 1370 1766 580 1371 1767 550 1372 1768 552 1373 1769 580 1374 1770 571 1375 1771 550 1376 1772 623 1377 1773 554 1378 1774 558 1379 1775 563 1380 1776 556 1380 1777 559 1380 1778 617 1381 1779 557 1382 1780 564 1383 1781 622 1384 1782 557 1385 1783 617 1386 1784 617 1387 1785 564 1388 1786 562 1389 1787 574 1390 1788 560 1391 1789 572 1392 1790 616 1393 1791 561 1394 1792 575 1395 1793 574 1396 1794 569 1397 1795 565 1398 1796 581 1399 1797 566 1399 1798 570 1399 1799 609 1400 1800 567 1401 1801 582 1402 1802 610 1403 1803 567 1404 1804 609 1405 1805 574 1406 1806 572 1407 1807 569 1408 1808 595 630 1809 570 630 1810 579 630 1811 595 1409 1812 581 1409 1813 570 1409 1814 614 1410 1815 612 1411 1816 575 1412 1817 616 1413 1818 575 1414 1819 612 1415 1820 597 630 1821 579 630 1822 576 630 1823 603 1416 1824 578 1417 1825 580 1418 1826 588 1419 1827 586 1419 1828 576 1419 1829 600 1420 1830 576 1420 1831 586 1420 1832 602 1421 1833 589 1422 1834 577 1423 1835 600 630 1836 597 630 1837 576 630 1838 597 630 1839 595 630 1840 579 630 1841 592 1424 1842 583 1424 1843 581 1424 1844 609 1425 1845 582 1426 1846 585 1427 1847 595 1428 1848 592 1428 1849 581 1428 1850 600 1429 1851 586 1429 1852 583 1429 1853 607 1430 1854 584 1431 1855 587 1432 1856 600 630 1857 583 630 1858 592 630 1859 608 1433 1860 584 1434 1861 607 1435 1862 607 1436 1863 587 1437 1864 591 1438 1865 604 1439 1866 589 1440 1867 602 1441 1868 606 1442 1869 590 1443 1870 605 1444 1871 2097 1445 1872 593 1446 1873 596 1447 1874 2100 1448 1875 601 1449 1876 594 1450 1877 2100 1451 1878 594 1452 1879 2098 1453 1880 2105 1454 1881 596 1455 1882 598 1456 1883 2105 1457 1884 2097 1458 1885 596 1459 1886 2103 1460 1887 599 1461 1888 601 1462 1889 2105 1463 1890 598 1464 1891 2102 1465 1892 2103 1466 1893 601 1467 1894 2100 1468 1895 622 1469 1896 613 1470 1897 615 1471 1898 622 1472 1899 617 1473 1900 613 1474 1901 622 1475 1902 615 1476 1903 618 1477 1904 634 1478 1905 627 1479 1906 624 1480 1907 636 1481 1908 625 1482 1909 628 1483 1910 664 1484 1911 635 1485 1912 626 1486 1913 664 1487 1914 626 1488 1915 637 1489 1916 638 1490 1917 636 1491 1918 628 1492 1919 642 1493 1920 638 1494 1921 628 1495 1922 727 1496 1923 630 1497 1924 633 1498 1925 660 1499 1926 632 1500 1927 635 1501 1928 666 1502 1929 632 1503 1930 660 1504 1931 723 1505 1932 633 1506 1933 667 1507 1934 727 1508 1935 633 1509 1936 723 1510 1937 664 1511 1938 660 1512 1939 635 1513 1940 664 1514 1941 637 1515 1942 641 1516 1943 644 1517 1944 639 1518 1945 643 1519 1946 656 1520 1947 640 1520 1948 645 1520 1949 664 1521 1950 641 1522 1951 657 1523 1952 646 1524 1953 644 1525 1954 643 1526 1955 650 1527 1956 646 1528 1957 643 1529 1958 652 1530 1959 650 1531 1960 643 1532 1961 656 1533 1962 645 1533 1963 647 1533 1964 708 1534 1965 659 1535 1966 648 1536 1967 674 1537 1968 665 1538 1969 658 1539 1970 679 1540 1971 674 1541 1972 658 1542 1973 708 1543 1974 680 1544 1975 659 1545 1976 681 1546 1977 661 1547 1978 665 1548 1979 668 1549 1980 666 1550 1981 660 1551 1982 736 1552 1983 670 1553 1984 662 1554 1985 737 1555 1986 663 1556 1987 682 1557 1988 674 1558 1989 671 1559 1990 665 1560 1991 681 1561 1992 665 1562 1993 671 1563 1994 723 1564 1995 667 1565 1996 669 1566 1997 730 1567 1998 723 1568 1999 669 1569 2000 736 1570 2001 731 1571 2002 670 1572 2003 698 630 2004 672 630 2005 675 630 2006 739 1573 2007 682 1574 2008 673 1575 2009 688 1576 2010 683 1576 2011 672 1576 2012 739 1577 2013 673 1578 2014 684 1579 2015 698 630 2016 688 630 2017 672 630 2018 679 1580 2019 676 1581 2020 674 1582 2021 701 630 2022 675 630 2023 677 630 2024 701 1583 2025 698 1583 2026 675 1583 2027 695 1584 2028 678 1585 2029 680 1586 2030 694 1587 2031 692 1587 2032 677 1587 2033 703 1588 2034 677 1588 2035 692 1588 2036 703 630 2037 701 630 2038 677 630 2039 708 1589 2040 695 1590 2041 680 1591 2042 737 1592 2043 682 1593 2044 735 1594 2045 739 1595 2046 735 1596 2047 682 1597 2048 688 1598 2049 685 1598 2050 683 1598 2051 739 1599 2052 684 1600 2053 687 1601 2054 721 1602 2055 686 1603 2056 691 1604 2057 738 1605 2058 686 1606 2059 721 1607 2060 706 630 2061 692 630 2062 688 630 2063 711 1608 2064 689 1609 2065 693 1610 2066 706 1611 2067 688 1611 2068 698 1611 2069 712 1612 2070 689 1613 2071 711 1614 2072 711 1615 2073 693 1616 2074 697 1617 2075 706 630 2076 703 630 2077 692 630 2078 710 1618 2079 696 1619 2080 709 1620 2081 2107 1621 2082 699 1622 2083 702 1623 2084 2110 1624 2085 707 1625 2086 700 1626 2087 2110 1627 2088 700 1628 2089 2108 1629 2090 2115 1630 2091 702 1631 2092 704 1632 2093 2115 1633 2094 2107 1634 2095 702 1635 2096 2113 1636 2097 705 1637 2098 707 1638 2099 2115 1639 2100 704 1640 2101 2112 1641 2102 2113 1642 2103 707 1643 2104 2110 1644 2105 720 1645 2106 718 1646 2107 714 1647 2108 728 1648 2109 715 1649 2110 719 1650 2111 738 1651 2112 721 1652 2113 717 1653 2114 729 1654 2115 725 1654 2116 716 1654 2117 733 1655 2118 716 1655 2119 725 1655 2120 738 1656 2121 717 1657 2122 734 1658 2123 726 1659 2124 722 1660 2125 719 1661 2126 728 1662 2127 719 1663 2128 722 1664 2129 732 1665 2130 724 1666 2131 731 1667 2132 736 1668 2133 732 1669 2134 731 1670 2135 750 1671 2136 743 1672 2137 740 1673 2138 752 1674 2139 741 1675 2140 744 1676 2141 848 1677 2142 751 1678 2143 742 1679 2144 848 1680 2145 742 1681 2146 753 1682 2147 754 1683 2148 752 1684 2149 744 1685 2150 759 1686 2151 754 1687 2152 744 1688 2153 763 1689 2154 759 1690 2155 744 1691 2156 839 1692 2157 746 1693 2158 748 1694 2159 848 1695 2160 749 1696 2161 751 1697 2162 842 1698 2163 839 1699 2164 748 1700 2165 844 1701 2166 843 1702 2167 749 1703 2168 848 1704 2169 844 1705 2170 749 1706 2171 848 1707 2172 753 1708 2173 756 1709 2174 759 1710 2175 757 1711 2176 754 1712 2177 777 1713 2178 755 1714 2179 758 1715 2180 848 1716 2181 756 1717 2182 779 1718 2183 781 1719 2184 758 1720 2185 762 1721 2186 781 1722 2187 777 1723 2188 758 1724 2189 765 1725 2190 760 1726 2191 764 1727 2192 773 1728 2193 761 1728 2194 766 1728 2195 781 1729 2196 762 1730 2197 774 1731 2198 767 1732 2199 765 1733 2200 764 1734 2201 771 1735 2202 767 1736 2203 764 1737 2204 773 1738 2205 766 1738 2206 768 1738 2207 820 1739 2208 776 1740 2209 769 1741 2210 791 1742 2211 782 1743 2212 775 1744 2213 820 1745 2214 792 1746 2215 776 1747 2216 791 1748 2217 778 1749 2218 782 1750 2219 793 1751 2220 778 1752 2221 791 1753 2222 796 1754 2223 780 1755 2224 794 1756 2225 849 1757 2226 780 1758 2227 796 1759 2228 793 1760 2229 786 1761 2230 783 1762 2231 804 1763 2232 784 1763 2233 787 1763 2234 796 1764 2235 794 1765 2236 785 1766 2237 810 630 2238 795 630 2239 784 630 2240 810 630 2241 784 630 2242 804 630 2243 793 1767 2244 788 1768 2245 786 1769 2246 804 1770 2247 787 1770 2248 789 1770 2249 793 1771 2250 791 1772 2251 788 1773 2252 807 1774 2253 790 1775 2254 792 1776 2255 806 1777 2256 804 1777 2257 789 1777 2258 820 1778 2259 807 1779 2260 792 1780 2261 815 630 2262 797 630 2263 795 630 2264 849 1781 2265 796 1782 2266 799 1783 2267 818 630 2268 795 630 2269 810 630 2270 818 630 2271 815 630 2272 795 630 2273 815 1784 2274 800 1784 2275 797 1784 2276 833 1785 2277 798 1786 2278 803 1787 2279 850 1788 2280 798 1789 2281 833 1790 2282 851 1791 2283 849 1792 2284 799 1793 2285 815 630 2286 804 630 2287 800 630 2288 823 1794 2289 801 1795 2290 805 1796 2291 824 1797 2292 801 1798 2293 823 1799 2294 823 1800 2295 805 1801 2296 809 1802 2297 813 630 2298 810 630 2299 804 630 2300 815 630 2301 813 630 2302 804 630 2303 822 1803 2304 808 1804 2305 821 1805 2306 2087 1806 2307 811 1807 2308 814 1808 2309 2090 1809 2310 819 1810 2311 812 1811 2312 2090 1812 2313 812 1813 2314 2088 1814 2315 2095 1630 2316 814 1631 2317 816 1632 2318 2095 1815 2319 2087 1816 2320 814 1817 2321 2093 1636 2322 817 1818 2323 819 1819 2324 2095 1820 2325 816 1821 2326 2092 1822 2327 2093 1823 2328 819 1824 2329 2090 1825 2330 832 1826 2331 830 1827 2332 826 1828 2333 840 1829 2334 827 1830 2335 831 1831 2336 850 1832 2337 833 1833 2338 829 1834 2339 841 1835 2340 837 1835 2341 828 1835 2342 845 1836 2343 828 1836 2344 837 1836 2345 850 1837 2346 829 1838 2347 846 1839 2348 838 1840 2349 834 1841 2350 831 1842 2351 840 1843 2352 831 1844 2353 834 1845 2354 842 1846 2355 835 1847 2356 839 1848 2357 844 1849 2358 836 1850 2359 843 1851 2360 851 1852 2361 847 1853 2362 849 1854 2363 875 1855 2364 857 1856 2365 852 1857 2366 876 1858 2367 875 1859 2368 852 1860 2369 916 1861 2370 877 1862 2371 853 1863 2372 1632 1864 2373 917 1865 2374 854 1866 2375 1634 1867 2376 1632 1868 2377 854 1869 2378 1693 1870 2379 1636 1871 2380 855 1872 2381 875 1873 2382 859 1874 2383 857 1875 2384 874 1876 2385 860 1877 2386 859 1878 2387 875 1879 2388 874 1880 2389 859 1881 2390 873 1882 2391 861 1883 2392 860 1884 2393 874 1885 2394 873 1886 2395 860 1887 2396 872 1888 2397 862 1889 2398 861 1890 2399 873 1891 2400 872 1892 2401 861 1893 2402 865 1894 2403 863 1895 2404 862 1896 2405 870 1897 2406 865 1898 2407 862 1899 2408 872 1900 2409 870 1901 2410 862 1902 2411 1686 1903 2412 864 1904 2413 869 1905 2414 906 1906 2415 866 1907 2416 871 1908 2417 908 1909 2418 866 1910 2419 906 1911 2420 1621 1912 2421 867 1913 2422 909 1914 2423 1663 1915 2424 868 1916 2425 1623 1917 2426 1665 1918 2427 868 1919 2428 1663 1920 2429 1685 1921 2430 868 1922 2431 1665 1923 2432 881 1924 2433 870 1925 2434 872 1926 2435 906 1927 2436 871 1928 2437 882 1929 2438 888 1930 2439 872 1931 2440 873 1932 2441 884 1933 2442 881 1934 2443 872 1935 2444 886 1936 2445 884 1937 2446 872 1938 2447 888 1939 2448 886 1940 2449 872 1941 2450 890 1942 2451 873 1943 2452 874 1944 2453 890 1945 2454 888 1946 2455 873 1947 2456 892 1948 2457 874 1949 2458 875 1950 2459 892 1951 2460 890 1952 2461 874 1953 2462 894 1954 2463 875 1955 2464 876 1956 2465 894 1957 2466 892 1958 2467 875 1959 2468 896 1960 2469 876 1961 2470 878 1962 2471 916 1963 2472 879 1964 2473 877 1965 2474 896 1966 2475 894 1967 2476 876 1968 2477 939 653 2478 897 653 2479 880 653 2480 916 1969 2481 898 1970 2482 879 1971 2483 939 653 2484 880 653 2485 899 653 2486 922 653 2487 883 653 2488 885 653 2489 922 653 2490 907 653 2491 883 653 2492 925 1972 2493 885 1972 2494 887 1972 2495 925 1973 2496 922 1973 2497 885 1973 2498 927 1974 2499 887 1974 2500 889 1974 2501 927 653 2502 925 653 2503 887 653 2504 929 653 2505 889 653 2506 891 653 2507 929 1975 2508 927 1975 2509 889 1975 2510 931 653 2511 891 653 2512 893 653 2513 931 653 2514 929 653 2515 891 653 2516 935 653 2517 893 653 2518 895 653 2519 933 1976 2520 931 1976 2521 893 1976 2522 935 1977 2523 933 1977 2524 893 1977 2525 937 653 2526 895 653 2527 897 653 2528 937 1978 2529 935 1978 2530 895 1978 2531 939 1979 2532 937 1979 2533 897 1979 2534 916 1980 2535 900 1981 2536 898 1982 2537 944 653 2538 899 653 2539 901 653 2540 942 653 2541 939 653 2542 899 653 2543 944 1983 2544 942 1983 2545 899 1983 2546 914 1984 2547 902 1985 2548 900 1986 2549 946 653 2550 901 653 2551 903 653 2552 916 1987 2553 914 1988 2554 900 1989 2555 946 653 2556 944 653 2557 901 653 2558 910 1990 2559 904 1991 2560 902 1992 2561 948 653 2562 903 653 2563 905 653 2564 912 1993 2565 910 1994 2566 902 1995 2567 914 1996 2568 912 1997 2569 902 1998 2570 948 653 2571 946 653 2572 903 653 2573 908 1999 2574 906 2000 2575 904 2001 2576 918 653 2577 905 653 2578 907 653 2579 910 2002 2580 908 2003 2581 904 2004 2582 950 653 2583 905 653 2584 918 653 2585 950 2005 2586 948 2005 2587 905 2005 2588 920 2006 2589 918 2006 2590 907 2006 2591 922 2007 2592 920 2007 2593 907 2007 2594 1626 2008 2595 909 2009 2596 911 2010 2597 1624 2011 2598 1621 2012 2599 909 2013 2600 1626 2014 2601 1624 2015 2602 909 2016 2603 1626 2017 2604 911 2018 2605 913 2019 2606 1628 2020 2607 913 2021 2608 915 2022 2609 1628 2023 2610 1626 2024 2611 913 2025 2612 1630 2026 2613 915 2027 2614 917 2028 2615 1630 2029 2616 1628 2030 2617 915 2031 2618 1632 2032 2619 1630 2033 2620 917 2034 2621 962 2035 2622 919 2036 2623 921 2037 2624 962 2038 2625 951 2039 2626 919 2040 2627 964 2041 2628 921 2042 2629 923 2043 2630 964 2044 2631 962 2045 2632 921 2046 2633 969 2047 2634 924 2048 2635 926 2049 2636 966 2050 2637 964 2051 2638 923 2052 2639 1003 2053 2640 926 2054 2641 928 2055 2642 1003 2056 2643 969 2057 2644 926 2058 2645 1003 2059 2646 928 2060 2647 930 2061 2648 1001 2062 2649 930 2063 2650 932 2064 2651 1003 2065 2652 930 2066 2653 1001 2067 2654 999 2068 2655 932 2069 2656 934 2070 2657 1001 2071 2658 932 2072 2659 999 2073 2660 997 2074 2661 934 2075 2662 936 2076 2663 999 2077 2664 934 2078 2665 997 2079 2666 995 2080 2667 936 2081 2668 938 2082 2669 997 2083 2670 936 2084 2671 995 2085 2672 995 2086 2673 938 2087 2674 941 2088 2675 952 2089 2676 940 2090 2677 943 2091 2678 995 2092 2679 941 2093 2680 955 2094 2681 956 2095 2682 943 2096 2683 945 2097 2684 956 2098 2685 952 2099 2686 943 2100 2687 956 2101 2688 945 2102 2689 947 2103 2690 958 2104 2691 947 2105 2692 949 2106 2693 958 2107 2694 956 2108 2695 947 2109 2696 960 2110 2697 949 2111 2698 951 2112 2699 960 2113 2700 958 2114 2701 949 2115 2702 962 2116 2703 960 2117 2704 951 2118 2705 975 2119 2706 953 2120 2707 957 2121 2708 1016 2122 2709 954 2123 2710 976 2124 2711 1016 2125 2712 994 2126 2713 954 2127 2714 980 2128 2715 957 2129 2716 959 2130 2717 977 2131 2718 975 2132 2719 957 2133 2720 980 2134 2721 977 2135 2722 957 2136 2723 982 2137 2724 959 2138 2725 961 2139 2726 982 2140 2727 980 2141 2728 959 2142 2729 986 2143 2730 961 2144 2731 963 2145 2732 984 2146 2733 982 2147 2734 961 2148 2735 986 2149 2736 984 2150 2737 961 2151 2738 988 2152 2739 963 2153 2740 965 2154 2741 988 2155 2742 986 2156 2743 963 2157 2744 992 2158 2745 965 2159 2746 967 2160 2747 990 2161 2748 988 2162 2749 965 2163 2750 992 2164 2751 990 2165 2752 965 2166 2753 992 2167 2754 967 2168 2755 973 2169 2756 1002 2170 2757 974 2171 2758 968 2172 2759 992 2173 2760 973 2174 2761 970 2175 2762 1002 2176 2763 971 2177 2764 974 2178 2765 2172 653 2766 993 653 2767 972 653 2768 1004 2179 2769 971 2180 2770 1002 2181 2771 2168 653 2772 972 653 2773 1005 653 2774 2172 653 2775 972 653 2776 2168 653 2777 1016 2182 2778 976 2183 2779 978 2184 2780 2151 653 2781 979 653 2782 981 653 2783 2154 653 2784 1017 653 2785 979 653 2786 2154 653 2787 979 653 2788 2151 653 2789 2176 653 2790 981 653 2791 983 653 2792 2174 653 2793 2151 653 2794 981 653 2795 2176 2185 2796 2174 2185 2797 981 2185 2798 2178 653 2799 983 653 2800 985 653 2801 2178 2186 2802 2176 2186 2803 983 2186 2804 2182 653 2805 985 653 2806 987 653 2807 2182 653 2808 2178 653 2809 985 653 2810 2182 2187 2811 987 2187 2812 989 2187 2813 2180 653 2814 989 653 2815 991 653 2816 2182 2188 2817 989 2188 2818 2180 2188 2819 2170 653 2820 991 653 2821 993 653 2822 2180 2189 2823 991 2189 2824 2170 2189 2825 2172 653 2826 2170 653 2827 993 653 2828 1014 2190 2829 996 2191 2830 994 2192 2831 1016 2193 2832 1014 2194 2833 994 2195 2834 1010 2196 2835 998 2197 2836 996 2198 2837 1012 2199 2838 1010 2200 2839 996 2201 2840 1014 2202 2841 1012 2203 2842 996 2204 2843 1008 2205 2844 1000 2206 2845 998 2207 2846 1010 2208 2847 1008 2209 2848 998 2210 2849 1004 2211 2850 1002 2212 2851 1000 2213 2852 1006 2214 2853 1004 2215 2854 1000 2216 2855 1008 2217 2856 1006 2218 2857 1000 2219 2858 2164 653 2859 1005 653 2860 1007 653 2861 2166 653 2862 1005 653 2863 2164 653 2864 2168 2220 2865 1005 2220 2866 2166 2220 2867 2162 653 2868 1007 653 2869 1009 653 2870 2164 2221 2871 1007 2221 2872 2162 2221 2873 2160 653 2874 1009 653 2875 1011 653 2876 2162 2222 2877 1009 2222 2878 2160 2222 2879 2160 653 2880 1011 653 2881 1013 653 2882 2158 653 2883 1013 653 2884 1015 653 2885 2160 2223 2886 1013 2223 2887 2158 2223 2888 2156 653 2889 1015 653 2890 1017 653 2891 2158 2224 2892 1015 2224 2893 2156 2224 2894 2156 2225 2895 1017 2225 2896 2154 2225 2897 1052 2226 2898 1021 2227 2899 1018 2228 2900 2137 630 2901 1020 630 2902 1022 630 2903 1058 2229 2904 1052 2230 2905 1018 2231 2906 1072 2232 2907 1059 2233 2908 1019 2234 2909 2135 2235 2910 1073 2235 2911 1020 2235 2912 2137 630 2913 2135 630 2914 1020 630 2915 1050 2236 2916 1023 2237 2917 1021 2238 2918 2142 630 2919 1022 630 2920 1024 630 2921 1052 2239 2922 1050 2240 2923 1021 2241 2924 2140 630 2925 2137 630 2926 1022 630 2927 2142 2242 2928 2140 2242 2929 1022 2242 2930 1048 2243 2931 1025 2244 2932 1023 2245 2933 2144 630 2934 1024 630 2935 1026 630 2936 1050 2246 2937 1048 2247 2938 1023 2248 2939 2144 2249 2940 2142 2249 2941 1024 2249 2942 1048 2250 2943 1027 2251 2944 1025 2252 2945 2148 630 2946 1026 630 2947 1028 630 2948 2148 630 2949 2144 630 2950 1026 630 2951 1046 2253 2952 1029 2254 2953 1027 2255 2954 2148 630 2955 1028 630 2956 1030 630 2957 1048 2256 2958 1046 2257 2959 1027 2258 2960 1044 2259 2961 1031 2260 2962 1029 2261 2963 2146 630 2964 1030 630 2965 1032 630 2966 1046 2262 2967 1044 2263 2968 1029 2264 2969 2148 2265 2970 1030 2265 2971 2146 2265 2972 1044 2266 2973 1033 2267 2974 1031 2268 2975 2123 630 2976 1032 630 2977 1034 630 2978 2146 630 2979 1032 630 2980 2123 630 2981 1038 2269 2982 1035 2270 2983 1033 2271 2984 2125 2272 2985 1034 2272 2986 1037 2272 2987 1040 2273 2988 1038 2274 2989 1033 2275 2990 1044 2276 2991 1040 2277 2992 1033 2278 2993 2125 630 2994 2123 630 2995 1034 630 2996 1082 2279 2997 1036 2280 2998 1039 2281 2999 1082 2282 3000 1060 2283 3001 1036 2284 3002 2116 630 3003 1037 630 3004 1061 630 3005 2125 630 3006 1037 630 3007 2116 630 3008 1082 2285 3009 1039 2286 3010 1041 2287 3011 1102 2288 3012 1043 2289 3013 1045 2290 3014 1099 2291 3015 1083 2292 3016 1042 2293 3017 1101 2294 3018 1099 2295 3019 1042 2296 3020 1106 2297 3021 1045 2298 3022 1047 2299 3023 1104 2300 3024 1102 2301 3025 1045 2302 3026 1106 2303 3027 1104 2304 3028 1045 2305 3029 1108 2306 3030 1047 2307 3031 1049 2308 3032 1108 2309 3033 1106 2310 3034 1047 2311 3035 1110 2312 3036 1049 2313 3037 1051 2314 3038 1110 2315 3039 1108 2316 3040 1049 2317 3041 1112 2318 3042 1051 2319 3043 1053 2320 3044 1112 2321 3045 1110 2322 3046 1051 2323 3047 1058 2324 3048 1054 2325 3049 1052 2326 3050 1116 2327 3051 1053 2328 3052 1057 2329 3053 1114 2330 3054 1112 2331 3055 1053 2332 3056 1116 2333 3057 1114 2334 3058 1053 2335 3059 1072 2336 3060 1055 2337 3061 1059 2338 3062 1074 2339 3063 1055 2340 3064 1072 2341 3065 1084 2342 3066 1056 2343 3067 1075 2344 3068 1116 2345 3069 1057 2346 3070 1085 2347 3071 1080 2348 3072 1062 2349 3073 1060 2350 3074 2121 2351 3075 1061 2351 3076 1063 2351 3077 1082 2352 3078 1080 2353 3079 1060 2354 3080 2119 2355 3081 2116 2355 3082 1061 2355 3083 2121 2356 3084 2119 2356 3085 1061 2356 3086 1080 2357 3087 1064 2358 3088 1062 2359 3089 2127 630 3090 1063 630 3091 1065 630 3092 2127 630 3093 2121 630 3094 1063 630 3095 1078 2360 3096 1066 2361 3097 1064 2362 3098 2129 630 3099 1065 630 3100 1067 630 3101 1080 2363 3102 1078 2364 3103 1064 2365 3104 2129 2366 3105 2127 2366 3106 1065 2366 3107 1076 2367 3108 1068 2368 3109 1066 2369 3110 2129 630 3111 1067 630 3112 1069 630 3113 1078 2370 3114 1076 2371 3115 1066 2372 3116 1076 2373 3117 1070 2374 3118 1068 2375 3119 2131 630 3120 1069 630 3121 1071 630 3122 2131 2376 3123 2129 2376 3124 1069 2376 3125 1074 2377 3126 1072 2378 3127 1070 2379 3128 2133 630 3129 1071 630 3130 1073 630 3131 1076 2380 3132 1074 2381 3133 1070 2382 3134 2133 630 3135 2131 630 3136 1071 630 3137 2135 630 3138 2133 630 3139 1073 630 3140 1087 2383 3141 1075 2384 3142 1077 2385 3143 1087 2386 3144 1084 2387 3145 1075 2388 3146 1091 2389 3147 1077 2390 3148 1079 2391 3149 1089 2392 3150 1087 2393 3151 1077 2394 3152 1091 2395 3153 1089 2396 3154 1077 2397 3155 1093 2398 3156 1079 2399 3157 1081 2400 3158 1093 2401 3159 1091 2402 3160 1079 2403 3161 1095 2404 3162 1081 2405 3163 1083 2406 3164 1095 2407 3165 1093 2408 3166 1081 2409 3167 1097 2410 3168 1095 2411 3169 1083 2412 3170 1099 2413 3171 1097 2414 3172 1083 2415 3173 1121 630 3174 1086 630 3175 1088 630 3176 1125 630 3177 1117 630 3178 1086 630 3179 1121 630 3180 1118 630 3181 1086 630 3182 1125 630 3183 1086 630 3184 1118 630 3185 1123 2416 3186 1088 2416 3187 1090 2416 3188 1123 630 3189 1121 630 3190 1088 630 3191 1148 630 3192 1090 630 3193 1092 630 3194 1148 2417 3195 1123 2417 3196 1090 2417 3197 1148 2418 3198 1092 2418 3199 1094 2418 3200 1150 630 3201 1094 630 3202 1096 630 3203 1150 630 3204 1148 630 3205 1094 630 3206 1146 630 3207 1096 630 3208 1098 630 3209 1150 2419 3210 1096 2419 3211 1146 2419 3212 1142 2420 3213 1098 2420 3214 1100 2420 3215 1146 2421 3216 1098 2421 3217 1142 2421 3218 1142 630 3219 1100 630 3220 1103 630 3221 1129 2422 3222 1103 2422 3223 1105 2422 3224 1139 630 3225 1103 630 3226 1129 630 3227 1144 630 3228 1103 630 3229 1139 630 3230 1144 630 3231 1142 630 3232 1103 630 3233 1131 630 3234 1105 630 3235 1107 630 3236 1131 2423 3237 1129 2423 3238 1105 2423 3239 1133 2424 3240 1107 2424 3241 1109 2424 3242 1133 2425 3243 1131 2425 3244 1107 2425 3245 1133 630 3246 1109 630 3247 1111 630 3248 1135 2426 3249 1111 2426 3250 1113 2426 3251 1135 630 3252 1133 630 3253 1111 630 3254 1137 630 3255 1113 630 3256 1115 630 3257 1137 2427 3258 1135 2427 3259 1113 2427 3260 1127 630 3261 1115 630 3262 1117 630 3263 1137 2428 3264 1115 2428 3265 1127 2428 3266 1127 2429 3267 1117 2429 3268 1125 2429 3269 1167 2430 3270 1120 2431 3271 1122 2432 3272 1164 2433 3273 1126 2434 3274 1119 2435 3275 1166 2436 3276 1164 2437 3277 1119 2438 3278 1170 2439 3279 1122 2440 3280 1124 2441 3281 1170 2442 3282 1167 2443 3283 1122 2444 3284 1170 2445 3285 1124 2446 3286 1149 2447 3287 1164 2448 3288 1128 2449 3289 1126 2450 3290 1162 2451 3291 1138 2452 3292 1128 2453 3293 1164 2454 3294 1162 2455 3295 1128 2456 3296 1152 2457 3297 1130 2458 3298 1132 2459 3299 1152 2460 3300 1140 2461 3301 1130 2462 3302 1156 2463 3303 1132 2464 3304 1134 2465 3305 1156 2466 3306 1152 2467 3307 1132 2468 3308 1158 2469 3309 1134 2470 3310 1136 2471 3311 1158 2472 3312 1156 2473 3313 1134 2474 3314 1160 2475 3315 1136 2476 3316 1138 2477 3317 1160 2478 3318 1158 2479 3319 1136 2480 3320 1162 2481 3321 1160 2482 3322 1138 2483 3323 1178 2484 3324 1145 2485 3325 1141 2486 3326 1178 2487 3327 1141 2488 3328 1153 2489 3329 1176 2490 3330 1143 2491 3331 1145 2492 3332 1176 2493 3333 1147 2494 3334 1143 2495 3335 1178 2496 3336 1176 2497 3337 1145 2498 3338 1174 2499 3339 1151 2500 3340 1147 2501 3341 1176 2502 3342 1174 2503 3343 1147 2504 3344 1172 2505 3345 1149 2506 3346 1151 2507 3347 1172 2508 3348 1170 2509 3349 1149 2510 3350 1174 2511 3351 1172 2512 3352 1151 2513 3353 1195 2514 3354 1155 2515 3355 1157 2516 3356 1192 2517 3357 1179 2518 3358 1154 2519 3359 1194 2520 3360 1192 2521 3361 1154 2522 3362 1198 2523 3363 1157 2524 3364 1159 2525 3365 1198 2526 3366 1195 2527 3367 1157 2528 3368 1200 2529 3369 1159 2530 3370 1161 2531 3371 1200 2532 3372 1198 2533 3373 1159 2534 3374 1202 2535 3375 1161 2536 3376 1163 2537 3377 1202 2538 3378 1200 2539 3379 1161 2540 3380 1204 2541 3381 1163 2542 3382 1165 2543 3383 1204 2544 3384 1202 2545 3385 1163 2546 3386 1206 2547 3387 1165 2548 3388 1169 2549 3389 1206 2550 3390 1204 2551 3391 1165 2552 3392 1180 2553 3393 1168 2554 3394 1171 2555 3395 1206 2556 3396 1169 2557 3397 1181 2558 3398 1184 2559 3399 1171 2560 3400 1173 2561 3401 1184 2562 3402 1180 2563 3403 1171 2564 3404 1186 2565 3405 1173 2566 3406 1175 2567 3407 1186 2568 3408 1184 2569 3409 1173 2570 3410 1188 2571 3411 1175 2572 3412 1177 2573 3413 1188 2574 3414 1186 2575 3415 1175 2576 3416 1190 2577 3417 1177 2578 3418 1179 2579 3419 1190 2580 3420 1188 2581 3421 1177 2582 3422 1192 2583 3423 1190 2584 3424 1179 2585 3425 1226 2586 3426 1183 2587 3427 1185 2588 3428 1221 2589 3429 1207 2590 3430 1182 2591 3431 1223 2592 3432 1221 2593 3433 1182 2594 3434 1225 2595 3435 1223 2596 3436 1182 2597 3437 1228 2598 3438 1185 2599 3439 1187 2600 3440 1228 2601 3441 1226 2602 3442 1185 2603 3443 1230 2604 3444 1187 2605 3445 1189 2606 3446 1230 2607 3447 1228 2608 3448 1187 2609 3449 1232 2610 3450 1189 2611 3451 1191 2612 3452 1232 2613 3453 1230 2614 3454 1189 2615 3455 1234 2616 3456 1191 2617 3457 1193 2618 3458 1234 2619 3459 1232 2620 3460 1191 2621 3461 1236 2622 3462 1193 2623 3463 1197 2624 3464 1236 2625 3465 1234 2626 3466 1193 2627 3467 1208 2628 3468 1196 2629 3469 1199 2630 3470 1236 2631 3471 1197 2632 3472 1209 2633 3473 1213 2634 3474 1199 2635 3475 1201 2636 3476 1211 2637 3477 1208 2638 3478 1199 2639 3479 1213 2640 3480 1211 2641 3481 1199 2642 3482 1215 2643 3483 1201 2644 3484 1203 2645 3485 1215 2646 3486 1213 2647 3487 1201 2648 3488 1217 2649 3489 1203 2650 3490 1205 2651 3491 1217 2652 3492 1215 2653 3493 1203 2654 3494 1219 2655 3495 1205 2656 3496 1207 2657 3497 1219 2658 3498 1217 2659 3499 1205 2660 3500 1221 2661 3501 1219 2662 3502 1207 2663 3503 1241 2664 3504 1210 2664 3505 1212 2664 3506 1243 630 3507 1237 630 3508 1210 630 3509 1241 630 3510 1238 630 3511 1210 630 3512 1243 630 3513 1210 630 3514 1238 630 3515 1260 630 3516 1212 630 3517 1214 630 3518 1260 2665 3519 1241 2665 3520 1212 2665 3521 1262 630 3522 1214 630 3523 1216 630 3524 1262 2666 3525 1260 2666 3526 1214 2666 3527 1262 2667 3528 1216 2667 3529 1218 2667 3530 1264 630 3531 1218 630 3532 1220 630 3533 1264 2668 3534 1262 2668 3535 1218 2668 3536 1266 630 3537 1220 630 3538 1222 630 3539 1266 630 3540 1264 630 3541 1220 630 3542 1258 630 3543 1222 630 3544 1224 630 3545 1266 2669 3546 1222 2669 3547 1258 2669 3548 1256 2670 3549 1224 2670 3550 1227 2670 3551 1258 2671 3552 1224 2671 3553 1256 2671 3554 1247 630 3555 1227 630 3556 1229 630 3557 1253 630 3558 1227 630 3559 1247 630 3560 1256 630 3561 1227 630 3562 1253 630 3563 1249 630 3564 1229 630 3565 1231 630 3566 1249 2672 3567 1247 2672 3568 1229 2672 3569 1249 630 3570 1231 630 3571 1233 630 3572 1251 630 3573 1233 630 3574 1235 630 3575 1251 630 3576 1249 630 3577 1233 630 3578 1245 630 3579 1235 630 3580 1237 630 3581 1251 630 3582 1235 630 3583 1245 630 3584 1245 2673 3585 1237 2673 3586 1243 2673 3587 1283 2674 3588 1240 2675 3589 1242 2676 3590 1279 2677 3591 1244 2678 3592 1239 2679 3593 1281 2680 3594 1279 2681 3595 1239 2682 3596 1311 2683 3597 1242 2684 3598 1261 2685 3599 1311 2686 3600 1283 2687 3601 1242 2688 3602 1277 2689 3603 1246 2690 3604 1244 2691 3605 1279 2692 3606 1277 2693 3607 1244 2694 3608 1275 2695 3609 1252 2696 3610 1246 2697 3611 1277 2698 3612 1275 2699 3613 1246 2700 3614 1271 2701 3615 1248 2702 3616 1250 2703 3617 1268 2704 3618 1254 2705 3619 1248 2706 3620 1271 2707 3621 1268 2708 3622 1248 2709 3623 1273 2710 3624 1250 2711 3625 1252 2712 3626 1273 2713 3627 1271 2714 3628 1250 2715 3629 1275 2716 3630 1273 2717 3631 1252 2718 3632 1285 2719 3633 1257 2720 3634 1255 2721 3635 1285 2722 3636 1255 2723 3637 1270 2724 3638 1325 2725 3639 1259 2726 3640 1257 2727 3641 1325 2728 3642 1257 2729 3643 1285 2730 3644 1327 2731 3645 1267 2732 3646 1259 2733 3647 1327 2734 3648 1259 2735 3649 1325 2736 3650 1313 2737 3651 1261 2738 3652 1263 2739 3653 1313 2740 3654 1311 2741 3655 1261 2742 3656 1331 2743 3657 1263 2744 3658 1265 2745 3659 1331 2746 3660 1313 2747 3661 1263 2748 3662 1329 2749 3663 1265 2750 3664 1267 2751 3665 1331 2752 3666 1265 2753 3667 1329 2754 3668 1329 2755 3669 1267 2756 3670 1327 2757 3671 1288 653 3672 1269 653 3673 1272 653 3674 1288 653 3675 1284 653 3676 1269 653 3677 1293 653 3678 1272 653 3679 1274 653 3680 1291 653 3681 1288 653 3682 1272 653 3683 1293 653 3684 1291 653 3685 1272 653 3686 1295 653 3687 1274 653 3688 1276 653 3689 1295 653 3690 1293 653 3691 1274 653 3692 1297 653 3693 1276 653 3694 1278 653 3695 1297 653 3696 1295 653 3697 1276 653 3698 1301 653 3699 1278 653 3700 1280 653 3701 1299 653 3702 1297 653 3703 1278 653 3704 1301 2758 3705 1299 2758 3706 1278 2758 3707 1305 653 3708 1280 653 3709 1282 653 3710 1303 2759 3711 1301 2759 3712 1280 2759 3713 1305 2760 3714 1303 2760 3715 1280 2760 3716 1310 653 3717 1305 653 3718 1282 653 3719 1288 2761 3720 1286 2761 3721 1284 2761 3722 1324 2762 3723 1284 2762 3724 1286 2762 3725 1362 2763 3726 1287 2764 3727 1290 2765 3728 1324 653 3729 1286 653 3730 1322 653 3731 1362 2766 3732 1323 2767 3733 1287 2768 3734 1352 2769 3735 1289 2770 3736 1292 2771 3737 1362 2772 3738 1290 2773 3739 1353 2774 3740 1336 2775 3741 1292 2776 3742 1294 2777 3743 1336 2778 3744 1332 2779 3745 1292 2780 3746 1352 2781 3747 1292 2782 3748 1332 2783 3749 1336 2784 3750 1294 2785 3751 1296 2786 3752 1338 2787 3753 1296 2788 3754 1298 2789 3755 1338 2790 3756 1336 2791 3757 1296 2792 3758 1340 2793 3759 1298 2794 3760 1300 2795 3761 1340 2796 3762 1338 2797 3763 1298 2798 3764 1342 2799 3765 1300 2800 3766 1302 2801 3767 1342 2802 3768 1340 2803 3769 1300 2804 3770 1344 2805 3771 1302 2806 3772 1304 2807 3773 1344 2808 3774 1342 2809 3775 1302 2810 3776 1344 2811 3777 1304 2812 3778 1306 2813 3779 1310 653 3780 1308 653 3781 1305 653 3782 1351 2814 3783 1307 2815 3784 1309 2816 3785 1350 2817 3786 1344 2818 3787 1306 2819 3788 1312 2820 3789 1308 2820 3790 1310 2820 3791 1314 2821 3792 1308 2821 3793 1312 2821 3794 1347 2822 3795 1309 2823 3796 1315 2824 3797 1351 2825 3798 1309 2826 3799 1347 2827 3800 1330 2828 3801 1314 2828 3802 1312 2828 3803 1330 653 3804 1316 653 3805 1314 653 3806 1354 2829 3807 1315 2830 3808 1317 2831 3809 1354 2832 3810 1347 2833 3811 1315 2834 3812 1328 653 3813 1318 653 3814 1316 653 3815 1356 2835 3816 1317 2836 3817 1319 2837 3818 1330 653 3819 1328 653 3820 1316 653 3821 1356 2838 3822 1354 2839 3823 1317 2840 3824 1326 653 3825 1320 653 3826 1318 653 3827 1358 2841 3828 1319 2842 3829 1321 2843 3830 1328 2844 3831 1326 2844 3832 1318 2844 3833 1358 2845 3834 1356 2846 3835 1319 2847 3836 1326 2848 3837 1322 2848 3838 1320 2848 3839 1362 2849 3840 1321 2850 3841 1323 2851 3842 1360 2852 3843 1358 2853 3844 1321 2854 3845 1362 2855 3846 1360 2856 3847 1321 2857 3848 1326 2858 3849 1324 2858 3850 1322 2858 3851 1379 2859 3852 1335 2860 3853 1337 2861 3854 1362 2862 3855 1353 2863 3856 1333 2864 3857 1376 2865 3858 1363 2866 3859 1334 2867 3860 1378 2868 3861 1376 2869 3862 1334 2870 3863 1382 2871 3864 1337 2872 3865 1339 2873 3866 1382 2874 3867 1379 2875 3868 1337 2876 3869 1384 2877 3870 1339 2878 3871 1341 2879 3872 1384 2880 3873 1382 2881 3874 1339 2882 3875 1386 2883 3876 1341 2884 3877 1343 2885 3878 1386 2886 3879 1384 2887 3880 1341 2888 3881 1388 2889 3882 1343 2890 3883 1345 2891 3884 1388 2892 3885 1386 2893 3886 1343 2894 3887 1350 2895 3888 1346 2896 3889 1344 2897 3890 1390 2898 3891 1345 2899 3892 1349 2900 3893 1390 2901 3894 1388 2902 3895 1345 2903 3896 1364 2904 3897 1348 2905 3898 1355 2906 3899 1390 2907 3900 1349 2908 3901 1365 2909 3902 1368 2910 3903 1355 2911 3904 1357 2912 3905 1368 2913 3906 1364 2914 3907 1355 2915 3908 1370 2916 3909 1357 2917 3910 1359 2918 3911 1370 2919 3912 1368 2920 3913 1357 2921 3914 1372 2922 3915 1359 2923 3916 1361 2924 3917 1372 2925 3918 1370 2926 3919 1359 2927 3920 1374 2928 3921 1361 2929 3922 1363 2930 3923 1374 2931 3924 1372 2932 3925 1361 2933 3926 1376 2934 3927 1374 2935 3928 1363 2936 3929 1415 2937 3930 1367 2938 3931 1369 2939 3932 1409 2940 3933 1391 2941 3934 1366 2942 3935 1414 2943 3936 1409 2944 3937 1366 2945 3938 1418 2946 3939 1369 2947 3940 1371 2948 3941 1415 2949 3942 1369 2950 3943 1412 2951 3944 1416 2952 3945 1412 2953 3946 1369 2954 3947 1418 2955 3948 1416 2956 3949 1369 2957 3950 1420 2958 3951 1371 2959 3952 1373 2960 3953 1420 2961 3954 1418 2962 3955 1371 2963 3956 1422 2964 3957 1373 2965 3958 1375 2966 3959 1422 2967 3960 1420 2968 3961 1373 2969 3962 1424 2970 3963 1375 2971 3964 1377 2972 3965 1424 2973 3966 1422 2974 3967 1375 2975 3968 1428 2976 3969 1377 2977 3970 1381 2978 3971 1426 2979 3972 1424 2980 3973 1377 2981 3974 1428 2982 3975 1426 2983 3976 1377 2984 3977 1392 2985 3978 1380 2986 3979 1383 2987 3980 1428 2988 3981 1381 2989 3982 1393 2990 3983 1399 2991 3984 1383 2992 3985 1385 2993 3986 1394 2994 3987 1392 2995 3988 1383 2996 3989 1397 2997 3990 1394 2998 3991 1383 2999 3992 1399 3000 3993 1397 3001 3994 1383 3002 3995 1401 3003 3996 1385 3004 3997 1387 3005 3998 1401 3006 3999 1399 3007 4000 1385 3008 4001 1403 3009 4002 1387 3010 4003 1389 3011 4004 1403 3012 4005 1401 3013 4006 1387 3014 4007 1407 3015 4008 1389 3016 4009 1391 3017 4010 1405 3018 4011 1403 3019 4012 1389 3020 4013 1407 3021 4014 1405 3022 4015 1389 3023 4016 1409 3024 4017 1407 3025 4018 1391 3026 4019 1428 3027 4020 1393 3028 4021 1395 3029 4022 1430 630 4023 1396 630 4024 1398 630 4025 1439 630 4026 1429 630 4027 1396 630 4028 1439 630 4029 1396 630 4030 1430 630 4031 1433 630 4032 1398 630 4033 1400 630 4034 1433 630 4035 1430 630 4036 1398 630 4037 1435 630 4038 1400 630 4039 1402 630 4040 1435 630 4041 1433 630 4042 1400 630 4043 1462 630 4044 1402 630 4045 1404 630 4046 1462 630 4047 1435 630 4048 1402 630 4049 1449 630 4050 1404 630 4051 1406 630 4052 1460 630 4053 1404 630 4054 1449 630 4055 1462 3030 4056 1404 3030 4057 1460 3030 4058 1451 630 4059 1406 630 4060 1408 630 4061 1451 3031 4062 1449 3031 4063 1406 3031 4064 1453 3032 4065 1408 3032 4066 1410 3032 4067 1453 3033 4068 1451 3033 4069 1408 3033 4070 1414 3034 4071 1411 3035 4072 1409 3036 4073 1453 630 4074 1410 630 4075 1413 630 4076 1455 630 4077 1413 630 4078 1417 630 4079 1455 630 4080 1453 630 4081 1413 630 4082 1458 630 4083 1417 630 4084 1419 630 4085 1458 630 4086 1455 630 4087 1417 630 4088 1447 630 4089 1419 630 4090 1421 630 4091 1458 3037 4092 1419 3037 4093 1447 3037 4094 1443 630 4095 1421 630 4096 1423 630 4097 1447 3038 4098 1421 3038 4099 1443 3038 4100 1441 630 4101 1423 630 4102 1425 630 4103 1445 630 4104 1423 630 4105 1441 630 4106 1445 3039 4107 1443 3039 4108 1423 3039 4109 1437 630 4110 1425 630 4111 1427 630 4112 1441 630 4113 1425 630 4114 1437 630 4115 1439 3040 4116 1427 3040 4117 1429 3040 4118 1439 3041 4119 1437 3041 4120 1427 3041 4121 1483 3042 4122 1432 3043 4123 1434 3044 4124 1476 3045 4125 1440 3046 4126 1431 3047 4127 1482 3048 4128 1476 3049 4129 1431 3050 4130 1486 3051 4131 1434 3052 4132 1436 3053 4133 1483 3054 4134 1434 3055 4135 1479 3056 4136 1486 3057 4137 1479 3058 4138 1434 3059 4139 1486 3060 4140 1436 3061 4141 1463 3062 4142 1476 3063 4143 1438 3064 4144 1440 3065 4145 1474 3066 4146 1442 3067 4147 1438 3068 4148 1476 3069 4149 1474 3070 4150 1438 3071 4151 1472 3072 4152 1446 3073 4153 1442 3074 4154 1474 3075 4155 1472 3076 4156 1442 3077 4157 1470 3078 4158 1444 3079 4159 1446 3080 4160 1470 3081 4161 1448 3082 4162 1444 3083 4163 1472 3084 4164 1470 3085 4165 1446 3086 4166 1468 3087 4167 1459 3088 4168 1448 3089 4169 1470 3090 4170 1468 3091 4171 1448 3092 4172 1492 3093 4173 1450 3094 4174 1452 3095 4175 1490 3096 4176 1461 3097 4177 1450 3098 4178 1492 3099 4179 1490 3100 4180 1450 3101 4181 1494 3102 4182 1452 3103 4183 1454 3104 4184 1494 3105 4185 1492 3106 4186 1452 3107 4187 1494 3108 4188 1454 3109 4189 1457 3110 4190 1484 3111 4191 1456 3112 4192 1459 3113 4193 1494 3114 4194 1457 3115 4195 1485 3116 4196 1468 3117 4197 1464 3118 4198 1459 3119 4199 1484 3120 4200 1459 3121 4201 1464 3122 4202 1488 3123 4203 1463 3124 4204 1461 3125 4205 1490 3126 4206 1488 3127 4207 1461 3128 4208 1488 3129 4209 1486 3130 4210 1463 3131 4211 1512 3132 4212 1467 3133 4213 1469 3134 4214 1494 3135 4215 1485 3136 4216 1465 3137 4217 1508 3138 4218 1495 3139 4219 1466 3140 4220 1510 3141 4221 1508 3142 4222 1466 3143 4223 1599 3144 4224 1469 3145 4225 1471 3146 4226 1599 3147 4227 1512 3148 4228 1469 3149 4229 1604 3150 4230 1471 3151 4231 1473 3152 4232 1604 3153 4233 1599 3154 4234 1471 3155 4235 1607 3156 4236 1473 3157 4237 1475 3158 4238 1607 3159 4239 1604 3160 4240 1473 3161 4241 1598 3162 4242 1475 3163 4243 1477 3164 4244 1595 3165 4245 1475 3166 4246 1593 3167 4247 1598 3168 4248 1593 3169 4249 1475 3170 4250 1607 3171 4251 1475 3172 4252 1595 3173 4253 1482 3174 4254 1478 3175 4255 1476 3176 4256 1598 3177 4257 1477 3178 4258 1481 3179 4259 1496 3180 4260 1480 3181 4261 1487 3182 4262 1598 3183 4263 1481 3184 4264 1499 3185 4265 1500 3186 4266 1487 3187 4267 1489 3188 4268 1500 3189 4269 1496 3190 4270 1487 3191 4271 1502 3192 4272 1489 3193 4273 1491 3194 4274 1502 3195 4275 1500 3196 4276 1489 3197 4277 1504 3198 4278 1491 3199 4279 1493 3200 4280 1504 3201 4281 1502 3202 4282 1491 3203 4283 1506 3204 4284 1493 3205 4285 1495 3206 4286 1506 3207 4287 1504 3208 4288 1493 3209 4289 1508 3210 4290 1506 3211 4291 1495 3212 4292 1514 3213 4293 1497 3214 4294 1501 3215 4295 1547 3216 4296 1498 3217 4297 1516 3218 4298 1597 3219 4299 1498 3220 4300 1547 3221 4301 1517 3222 4302 1501 3223 4303 1503 3224 4304 1517 3225 4305 1514 3226 4306 1501 3227 4307 1521 3228 4308 1503 3229 4309 1505 3230 4310 1519 3231 4311 1517 3232 4312 1503 3233 4313 1521 3234 4314 1519 3235 4315 1503 3236 4316 1523 3237 4317 1505 3238 4318 1507 3239 4319 1523 3240 4320 1521 3241 4321 1505 3242 4322 1525 3243 4323 1507 3244 4324 1509 3245 4325 1525 3246 4326 1523 3247 4327 1507 3248 4328 1529 3249 4329 1509 3250 4330 1511 3251 4331 1527 3252 4332 1525 3253 4333 1509 3254 4334 1529 3255 4335 1527 3256 4336 1509 3257 4337 1531 3258 4338 1529 3259 4339 1511 3260 4340 1600 3261 4341 1533 3262 4342 1513 3263 4343 1546 653 4344 1515 653 4345 1518 653 4346 1546 3264 4347 1518 3264 4348 1520 3264 4349 1558 3265 4350 1520 3265 4351 1522 3265 4352 1546 653 4353 1520 653 4354 1545 653 4355 1558 653 4356 1545 653 4357 1520 653 4358 1558 3266 4359 1522 3266 4360 1524 3266 4361 1558 3267 4362 1524 3267 4363 1526 3267 4364 1558 653 4365 1526 653 4366 1528 653 4367 1544 3268 4368 1528 3268 4369 1530 3268 4370 1558 653 4371 1528 653 4372 1544 653 4373 1542 653 4374 1530 653 4375 1532 653 4376 1544 653 4377 1530 653 4378 1542 653 4379 1600 3269 4380 1543 3270 4381 1533 3271 4382 1544 3272 4383 1537 3272 4384 1534 3272 4385 1610 3273 4386 1536 3273 4387 1539 3273 4388 1556 653 4389 1544 653 4390 1534 653 4391 1562 3274 4392 1557 3275 4393 1535 3276 4394 1564 3277 4395 1562 3278 4396 1535 3279 4397 1603 3280 4398 1566 3280 4399 1536 3280 4400 1610 3281 4401 1603 3281 4402 1536 3281 4403 1544 653 4404 1540 653 4405 1537 653 4406 1609 3282 4407 1538 3283 4408 1541 3284 4409 1544 3285 4410 1542 3285 4411 1540 3285 4412 1600 3286 4413 1541 3287 4414 1543 3288 4415 1602 3289 4416 1541 3290 4417 1600 3291 4418 1609 3292 4419 1541 3293 4420 1602 3294 4421 1550 653 4422 1545 653 4423 1544 653 4424 1558 653 4425 1544 653 4426 1545 653 4427 1553 653 4428 1550 653 4429 1544 653 4430 1556 3295 4431 1553 3295 4432 1544 3295 4433 1548 3296 4434 1546 3296 4435 1545 3296 4436 1550 3297 4437 1548 3297 4438 1545 3297 4439 1597 3298 4440 1547 3299 4441 1549 3300 4442 1590 3301 4443 1549 3302 4444 1552 3303 4445 1592 3304 4446 1549 3305 4447 1590 3306 4448 1597 3307 4449 1549 3308 4450 1592 3309 4451 1561 3310 4452 1551 3310 4453 1555 3310 4454 1589 3311 4455 1551 3311 4456 1561 3311 4457 1559 3312 4458 1554 3313 4459 1557 3314 4460 1562 3315 4461 1559 3316 4462 1557 3317 4463 1565 3318 4464 1560 3318 4465 1563 3318 4466 1580 3319 4467 1560 3319 4468 1565 3319 4469 1584 3320 4470 1561 3320 4471 1582 3320 4472 1591 3321 4473 1561 3321 4474 1584 3321 4475 1591 3322 4476 1589 3322 4477 1561 3322 4478 1580 630 4479 1565 630 4480 1577 630 4481 1605 3323 4482 1578 3323 4483 1566 3323 4484 1605 3324 4485 1566 3324 4486 1603 3324 4487 1572 630 4488 1570 630 4489 1567 630 4490 1587 3325 4491 1569 3326 4492 1571 3327 4493 1574 630 4494 1572 630 4495 1567 630 4496 1580 630 4497 1574 630 4498 1567 630 4499 1583 3328 4500 1581 3328 4501 1568 3328 4502 1586 3328 4503 1583 3328 4504 1568 3328 4505 1617 3329 4506 1571 3330 4507 1573 3331 4508 1617 3332 4509 1587 3333 4510 1571 3334 4511 1619 3335 4512 1573 3336 4513 1576 3337 4514 1619 3338 4515 1617 3339 4516 1573 3340 4517 1580 3341 4518 1577 3341 4519 1574 3341 4520 1614 3342 4521 1575 3342 4522 1579 3342 4523 1619 3343 4524 1576 3344 4525 1615 3345 4526 1611 3346 4527 1578 3346 4528 1605 3346 4529 1614 3342 4530 1579 3342 4531 1612 3342 4532 1613 653 4533 1585 653 4534 1588 653 4535 1594 3347 4536 1591 3347 4537 1584 3347 4538 1606 653 4539 1596 653 4540 1585 653 4541 1613 653 4542 1606 653 4543 1585 653 4544 1616 653 4545 1613 653 4546 1588 653 4547 1618 653 4548 1616 653 4549 1588 653 4550 1608 3348 4551 1596 3348 4552 1606 3348 4553 1604 3349 4554 1601 3350 4555 1599 3351 4556 1620 653 4557 1616 653 4558 1618 653 4559 1672 3352 4560 1622 3352 4561 1625 3352 4562 1672 3353 4563 1662 3353 4564 1622 3353 4565 1677 3354 4566 1625 3354 4567 1627 3354 4568 1675 3355 4569 1672 3355 4570 1625 3355 4571 1677 3356 4572 1675 3356 4573 1625 3356 4574 1679 3353 4575 1627 3353 4576 1629 3353 4577 1679 3357 4578 1677 3357 4579 1627 3357 4580 1681 3353 4581 1629 3353 4582 1631 3353 4583 1681 3353 4584 1679 3353 4585 1629 3353 4586 1637 3358 4587 1631 3358 4588 1633 3358 4589 1683 3359 4590 1631 3359 4591 1637 3359 4592 1683 3360 4593 1681 3360 4594 1631 3360 4595 1641 3361 4596 1633 3361 4597 1635 3361 4598 1639 3362 4599 1637 3362 4600 1633 3362 4601 1641 3363 4602 1639 3363 4603 1633 3363 4604 1646 3353 4605 1641 3353 4606 1635 3353 4607 1693 3364 4608 1647 3365 4609 1636 3366 4610 1751 3367 4611 1638 3368 4612 1640 3369 4613 1753 3370 4614 1684 3371 4615 1638 3372 4616 1753 3373 4617 1638 3374 4618 1751 3375 4619 1751 3376 4620 1640 3377 4621 1643 3378 4622 1646 3353 4623 1644 3353 4624 1641 3353 4625 1699 3379 4626 1642 3380 4627 1645 3381 4628 1751 3382 4629 1643 3383 4630 1702 3384 4631 1648 3353 4632 1644 3353 4633 1646 3353 4634 1650 3353 4635 1644 3353 4636 1648 3353 4637 1699 3385 4638 1645 3386 4639 1651 3387 4640 1693 3388 4641 1649 3389 4642 1647 3390 4643 1670 3391 4644 1650 3391 4645 1648 3391 4646 1693 3392 4647 1671 3393 4648 1649 3394 4649 1670 3395 4650 1652 3395 4651 1650 3395 4652 1703 3396 4653 1651 3397 4654 1653 3398 4655 1703 3399 4656 1699 3400 4657 1651 3401 4658 1668 3353 4659 1654 3353 4660 1652 3353 4661 1705 3402 4662 1653 3403 4663 1655 3404 4664 1670 3405 4665 1668 3405 4666 1652 3405 4667 1705 3406 4668 1703 3407 4669 1653 3408 4670 1666 3409 4671 1656 3409 4672 1654 3409 4673 1707 3410 4674 1655 3411 4675 1657 3412 4676 1668 3353 4677 1666 3353 4678 1654 3353 4679 1707 3413 4680 1705 3414 4681 1655 3415 4682 1666 3416 4683 1658 3416 4684 1656 3416 4685 1709 3417 4686 1657 3418 4687 1659 3419 4688 1709 3420 4689 1707 3421 4690 1657 3422 4691 1664 3353 4692 1660 3353 4693 1658 3353 4694 1711 3423 4695 1659 3424 4696 1661 3425 4697 1666 3426 4698 1664 3426 4699 1658 3426 4700 1711 3427 4701 1709 3428 4702 1659 3429 4703 1664 3353 4704 1662 3353 4705 1660 3353 4706 1672 3353 4707 1660 3353 4708 1662 3353 4709 1711 3430 4710 1661 3431 4711 1673 3432 4712 1685 3433 4713 1665 3434 4714 1667 3435 4715 1687 3436 4716 1667 3437 4717 1669 3438 4718 1687 3439 4719 1685 3440 4720 1667 3441 4721 1689 3442 4722 1669 3443 4723 1671 3444 4724 1689 3445 4725 1687 3446 4726 1669 3447 4727 1691 3448 4728 1689 3449 4729 1671 3450 4730 1693 3451 4731 1691 3452 4732 1671 3453 4733 1698 3454 4734 1674 3455 4735 1676 3456 4736 1711 3457 4737 1673 3458 4738 1695 3459 4739 1759 3460 4740 1676 3461 4741 1678 3462 4742 1759 3463 4743 1698 3464 4744 1676 3465 4745 1757 3466 4746 1678 3467 4747 1680 3468 4748 1759 3469 4749 1678 3470 4750 1757 3471 4751 1757 3472 4752 1680 3473 4753 1682 3474 4754 1755 3475 4755 1682 3476 4756 1684 3477 4757 1757 3478 4758 1682 3479 4759 1755 3480 4760 1755 3481 4761 1684 3482 4762 1753 3483 4763 1726 3484 4764 1712 3485 4765 1696 3486 4766 1728 3487 4767 1726 3488 4768 1696 3489 4769 1730 3490 4770 1728 3491 4771 1696 3492 4772 1758 3493 4773 1732 3494 4774 1697 3495 4775 1713 3496 4776 1700 3497 4777 1704 3498 4778 1736 3499 4779 1701 3500 4780 1715 3501 4781 1750 3502 4782 1701 3503 4783 1736 3504 4784 1718 3505 4785 1704 3506 4786 1706 3507 4787 1716 3508 4788 1713 3509 4789 1704 3510 4790 1718 3511 4791 1716 3512 4792 1704 3513 4793 1720 3514 4794 1706 3515 4795 1708 3516 4796 1720 3517 4797 1718 3518 4798 1706 3519 4799 1722 3520 4800 1708 3521 4801 1710 3522 4802 1722 3523 4803 1720 3524 4804 1708 3525 4805 1724 3526 4806 1710 3527 4807 1712 3528 4808 1724 3529 4809 1722 3530 4810 1710 3531 4811 1726 3532 4812 1724 3533 4813 1712 3534 4814 1735 3353 4815 1714 3353 4816 1717 3353 4817 1721 3535 4818 1717 3535 4819 1719 3535 4820 1734 3536 4821 1717 3536 4822 1721 3536 4823 1735 3537 4824 1717 3537 4825 1734 3537 4826 1734 3353 4827 1721 3353 4828 1723 3353 4829 1733 3353 4830 1723 3353 4831 1725 3353 4832 1734 3353 4833 1723 3353 4834 1733 3353 4835 1733 3538 4836 1725 3538 4837 1727 3538 4838 1733 3539 4839 1727 3539 4840 1729 3539 4841 1742 3353 4842 1729 3353 4843 1731 3353 4844 1740 3540 4845 1733 3540 4846 1729 3540 4847 1742 3353 4848 1740 3353 4849 1729 3353 4850 1758 3541 4851 1743 3542 4852 1732 3543 4853 1739 3353 4854 1734 3353 4855 1733 3353 4856 1740 3544 4857 1739 3544 4858 1733 3544 4859 1737 3545 4860 1735 3545 4861 1734 3545 4862 1739 3546 4863 1737 3546 4864 1734 3546 4865 1750 3547 4866 1736 3548 4867 1738 3549 4868 1746 3550 4869 1737 3550 4870 1739 3550 4871 1750 3551 4872 1738 3552 4873 1747 3553 4874 1744 3554 4875 1739 3554 4876 1740 3554 4877 1748 3353 4878 1739 3353 4879 1744 3353 4880 1748 3353 4881 1746 3353 4882 1739 3353 4883 1756 3555 4884 1741 3556 4885 1743 3557 4886 1756 3558 4887 1745 3559 4888 1741 3560 4889 1758 3561 4890 1756 3562 4891 1743 3563 4892 1754 3564 4893 1749 3565 4894 1745 3566 4895 1756 3567 4896 1754 3568 4897 1745 3569 4898 1752 3570 4899 1747 3571 4900 1749 3572 4901 1752 3573 4902 1750 3574 4903 1747 3575 4904 1754 3576 4905 1752 3577 4906 1749 3578 4907 1816 3579 4908 1763 3579 4909 1760 3579 4910 2065 3580 4911 1761 3581 4912 1764 3582 4913 1918 630 4914 1760 630 4915 1809 630 4916 2066 3583 4917 1810 3583 4918 1762 3583 4919 1819 630 4920 1816 630 4921 1760 630 4922 1915 3584 4923 1819 3584 4924 1760 3584 4925 1918 630 4926 1915 630 4927 1760 630 4928 1816 3585 4929 1765 3585 4930 1763 3585 4931 1970 3586 4932 1764 3587 4933 1766 3588 4934 1972 3589 4935 1764 3590 4936 1970 3591 4937 2065 3592 4938 1764 3593 4939 1972 3594 4940 1816 630 4941 1768 630 4942 1765 630 4943 1968 3595 4944 1767 3595 4945 1769 3595 4946 1970 3596 4947 1766 3597 4948 1967 3598 4949 1786 3599 4950 1770 3599 4951 1768 3599 4952 1965 3600 4953 1769 3601 4954 1771 3602 4955 1788 630 4956 1786 630 4957 1768 630 4958 1816 630 4959 1788 630 4960 1768 630 4961 1968 3603 4962 1769 3604 4963 1965 3605 4964 1783 3606 4965 1773 3606 4966 1770 3606 4967 1963 3607 4968 1772 3608 4969 1774 3609 4970 1786 630 4971 1783 630 4972 1770 630 4973 1965 3610 4974 1771 3611 4975 1962 3612 4976 1783 3613 4977 1775 3613 4978 1773 3613 4979 1960 3614 4980 1774 3615 4981 1776 3616 4982 1963 3617 4983 1774 3618 4984 1960 3619 4985 1783 630 4986 1777 630 4987 1775 630 4988 1958 3620 4989 1776 3621 4990 1778 3622 4991 1960 3623 4992 1776 3624 4993 1958 3625 4994 1781 3626 4995 1779 3626 4996 1777 3626 4997 1954 3627 4998 1778 3628 4999 1780 3629 5000 1783 630 5001 1781 630 5002 1777 630 5003 1956 3630 5004 1778 3631 5005 1954 3632 5006 1958 3633 5007 1778 3634 5008 1956 3635 5009 1952 3636 5010 1780 3637 5011 1782 3638 5012 1954 3639 5013 1780 3640 5014 1952 3641 5015 1952 3642 5016 1782 3643 5017 1784 3644 5018 1950 3645 5019 1785 3646 5020 1787 3647 5021 1952 3648 5022 1784 3649 5023 1949 3650 5024 1947 3651 5025 1787 3652 5026 1789 3653 5027 1950 3654 5028 1787 3655 5029 1947 3656 5030 1816 630 5031 1791 630 5032 1788 630 5033 1945 3657 5034 1790 3658 5035 1792 3659 5036 1947 3660 5037 1789 3661 5038 1944 3662 5039 1816 630 5040 1793 630 5041 1791 630 5042 2067 3663 5043 1792 3664 5044 1794 3665 5045 1942 3666 5046 1792 3667 5047 1939 3668 5048 2067 3669 5049 1939 3670 5050 1792 3671 5051 1945 3672 5052 1792 3673 5053 1942 3674 5054 1898 630 5055 1796 630 5056 1793 630 5057 2068 3675 5058 1795 3675 5059 1797 3675 5060 1814 3676 5061 1811 3676 5062 1793 3676 5063 1898 3677 5064 1793 3677 5065 1811 3677 5066 1816 3678 5067 1814 3678 5068 1793 3678 5069 1880 630 5070 1799 630 5071 1796 630 5072 2070 3679 5073 1798 3680 5074 1800 3681 5075 1883 3682 5076 1880 3682 5077 1796 3682 5078 1885 630 5079 1883 630 5080 1796 630 5081 2576 653 5082 2568 653 5083 2574 653 5084 1890 3683 5085 1885 3684 5086 1796 3685 5087 1895 3686 5088 1890 3686 5089 1796 3686 5090 1898 630 5091 1895 630 5092 1796 630 5093 1940 3687 5094 1797 3687 5095 2069 3687 5096 2069 3688 5097 1936 3688 5098 1940 3688 5099 2068 3689 5100 1797 3689 5101 1940 3689 5102 1869 630 5103 1801 630 5104 1799 630 5105 1985 3690 5106 1800 3691 5107 1802 3692 5108 1871 630 5109 1869 630 5110 1799 630 5111 1874 630 5112 1871 630 5113 1799 630 5114 1876 630 5115 1874 630 5116 1799 630 5117 1878 630 5118 1876 630 5119 1799 630 5120 1880 630 5121 1878 630 5122 1799 630 5123 1985 3693 5124 1937 3694 5125 1800 3695 5126 2070 3696 5127 1800 3697 5128 1937 3698 5129 1866 3699 5130 1804 3699 5131 1801 3699 5132 1983 3700 5133 1803 3701 5134 1805 3702 5135 1869 3703 5136 1866 3703 5137 1801 3703 5138 1985 3704 5139 1802 3705 5140 1982 3706 5141 1861 630 5142 1806 630 5143 1804 630 5144 2071 3707 5145 1805 3708 5146 1807 3709 5147 1864 3710 5148 1861 3710 5149 1804 3710 5150 1866 3711 5151 1864 3711 5152 1804 3711 5153 1980 3712 5154 1805 3713 5155 1977 3714 5156 2071 3715 5157 1977 3716 5158 1805 3717 5159 1983 3718 5160 1805 3719 5161 1980 3720 5162 1918 630 5163 1809 630 5164 1806 630 5165 2072 3721 5166 1808 3721 5167 1810 3721 5168 1895 3722 5169 1806 3722 5170 1861 3722 5171 1920 3723 5172 1806 3723 5173 1895 3723 5174 1920 3724 5175 1918 3724 5176 1806 3724 5177 1975 3725 5178 1810 3725 5179 1973 3725 5180 2066 3726 5181 1973 3726 5182 1810 3726 5183 1978 3727 5184 1810 3727 5185 1975 3727 5186 2072 3728 5187 1810 3728 5188 1978 3728 5189 2049 3729 5190 1812 3730 5191 1815 3731 5192 1898 3732 5193 1811 3732 5194 1849 3732 5195 2052 3733 5196 1850 3734 5197 1813 3735 5198 2052 3736 5199 1813 3737 5200 2050 3738 5201 1815 3739 5202 1817 3740 5203 2073 3741 5204 2047 3742 5205 1815 3743 5206 2044 3744 5207 2049 3745 5208 1815 3746 5209 2047 3747 5210 2074 3748 5211 1818 3748 5212 1820 3748 5213 2073 3749 5214 2044 3750 5215 1815 3751 5216 1915 3752 5217 1822 3752 5218 1819 3752 5219 2076 3753 5220 1821 3754 5221 1823 3755 5222 2074 3756 5223 1820 3756 5224 2045 3756 5225 2075 3757 5226 2045 3757 5227 1820 3757 5228 1915 3758 5229 1824 3758 5230 1822 3758 5231 2039 3759 5232 1823 3760 5233 1825 3761 5234 2042 3762 5235 1823 3763 5236 2039 3764 5237 2076 3765 5238 1823 3766 5239 2042 3767 5240 1915 3768 5241 1827 3768 5242 1824 3768 5243 2037 3769 5244 1826 3770 5245 1828 3771 5246 2039 3772 5247 1825 3773 5248 2036 3774 5249 1915 3775 5250 1829 3775 5251 1827 3775 5252 2034 3776 5253 1828 3777 5254 1830 3778 5255 2037 3779 5256 1828 3779 5257 2034 3779 5258 1900 3780 5259 1832 3780 5260 1829 3780 5261 2032 3781 5262 1831 3782 5263 1833 3783 5264 1915 630 5265 1900 630 5266 1829 630 5267 2034 3784 5268 1830 3785 5269 2031 3786 5270 1898 3787 5271 1834 3787 5272 1832 3787 5273 2029 3788 5274 1833 3789 5275 1835 3790 5276 1900 630 5277 1898 630 5278 1832 630 5279 2032 3791 5280 1833 3792 5281 2029 3793 5282 1898 630 5283 1837 630 5284 1834 630 5285 2027 3794 5286 1836 3794 5287 1838 3794 5288 2029 3795 5289 1835 3796 5290 2026 3797 5291 1898 3798 5292 1840 3798 5293 1837 3798 5294 2064 3799 5295 1839 3800 5296 1841 3801 5297 2063 3802 5298 2027 3802 5299 1838 3802 5300 1898 3803 5301 1842 3803 5302 1840 3803 5303 2061 3804 5304 1841 3804 5305 1843 3804 5306 2064 3805 5307 1841 3806 5308 2061 3807 5309 1898 3808 5310 1845 3808 5311 1842 3808 5312 2059 3809 5313 1844 3810 5314 1846 3811 5315 2061 3812 5316 1843 3812 5317 2058 3812 5318 1898 3813 5319 1847 3813 5320 1845 3813 5321 2056 3814 5322 1846 3815 5323 1848 3816 5324 2059 3817 5325 1846 3818 5326 2056 3819 5327 1898 3820 5328 1849 3820 5329 1847 3820 5330 2054 3821 5331 1848 3822 5332 1850 3823 5333 2056 3824 5334 1848 3825 5335 2054 3826 5336 2054 3827 5337 1850 3828 5338 2052 3829 5339 1895 3830 5340 1854 3830 5341 1851 3830 5342 2077 3831 5343 1852 3832 5344 1855 3833 5345 1895 630 5346 1851 630 5347 1893 630 5348 2078 3834 5349 1894 3834 5350 1853 3834 5351 1895 3835 5352 1856 3835 5353 1854 3835 5354 2019 3836 5355 1855 3837 5356 1857 3838 5357 2021 3839 5358 1855 3840 5359 2019 3841 5360 2077 3842 5361 1855 3843 5362 2021 3844 5363 1895 3845 5364 1859 3845 5365 1856 3845 5366 2017 3846 5367 1858 3846 5368 1860 3846 5369 2019 3847 5370 1857 3848 5371 2016 3849 5372 1895 3850 5373 1861 3850 5374 1859 3850 5375 2014 3851 5376 1860 3852 5377 1862 3853 5378 2017 3854 5379 1860 3855 5380 2014 3855 5381 2012 3856 5382 1863 3857 5383 1865 3858 5384 2014 3859 5385 1862 3860 5386 2011 3861 5387 2009 3862 5388 1865 3863 5389 1867 3864 5390 2012 3865 5391 1865 3866 5392 2009 3867 5393 2007 3868 5394 1868 3869 5395 1870 3870 5396 2009 3871 5397 1867 3872 5398 2006 3873 5399 2004 3874 5400 1870 3875 5401 1872 3876 5402 2007 3877 5403 1870 3878 5404 2004 3879 5405 2002 3880 5406 1873 3881 5407 1875 3882 5408 2004 3883 5409 1872 3884 5410 2001 3885 5411 1997 3886 5412 1875 3887 5413 1877 3888 5414 1999 3889 5415 1875 3890 5416 1997 3891 5417 2002 3892 5418 1875 3893 5419 1999 3894 5420 1995 3895 5421 1877 3896 5422 1879 3897 5423 1997 3898 5424 1877 3899 5425 1995 3900 5426 1995 3901 5427 1879 3902 5428 1881 3903 5429 1993 3904 5430 1882 3905 5431 1884 3906 5432 1995 3907 5433 1881 3908 5434 1992 3909 5435 1987 3910 5436 1884 3911 5437 1886 3912 5438 1990 3913 5439 1884 3914 5440 1987 3915 5441 1993 3916 5442 1884 3917 5443 1990 3918 5444 2576 653 5445 2566 653 5446 2568 653 5447 2079 3919 5448 1987 3920 5449 1886 3921 5450 2081 3922 5451 2079 3922 5452 1886 3922 5453 2084 3923 5454 1887 3924 5455 1891 3925 5456 2084 3926 5457 2082 3927 5458 1887 3928 5459 1895 3929 5460 1893 3929 5461 1890 3929 5462 2085 3930 5463 1892 3930 5464 1894 3930 5465 2024 3931 5466 1988 3931 5467 1894 3931 5468 2080 3932 5469 1894 3932 5470 1988 3932 5471 2024 3933 5472 1894 3933 5473 2022 3933 5474 2078 3934 5475 2022 3934 5476 1894 3934 5477 2083 3935 5478 1894 3935 5479 2080 3935 5480 2085 3936 5481 1894 3936 5482 2083 3936 5483 1933 3937 5484 1920 3937 5485 1895 3937 5486 1913 630 5487 1903 630 5488 1900 630 5489 1915 630 5490 1913 630 5491 1900 630 5492 1908 630 5493 1905 630 5494 1903 630 5495 1910 630 5496 1908 630 5497 1903 630 5498 1913 3938 5499 1910 3938 5500 1903 3938 5501 1933 630 5502 1923 630 5503 1920 630 5504 1928 630 5505 1925 630 5506 1923 630 5507 1930 630 5508 1928 630 5509 1923 630 5510 1933 3939 5511 1930 3939 5512 1923 3939 5513 1984 3940 5514 1938 3940 5515 1935 3940 5516 1984 3941 5517 1941 3941 5518 1938 3941 5519 1984 3942 5520 1943 3942 5521 1941 3942 5522 1984 3943 5523 1946 3943 5524 1943 3943 5525 1981 3944 5526 1948 3944 5527 1946 3944 5528 1984 3945 5529 1981 3945 5530 1946 3945 5531 1981 3946 5532 1951 3946 5533 1948 3946 5534 1981 3947 5535 1953 3947 5536 1951 3947 5537 1981 3948 5538 1955 3948 5539 1953 3948 5540 1981 3949 5541 1957 3949 5542 1955 3949 5543 1981 3950 5544 1959 3950 5545 1957 3950 5546 1981 3951 5547 1961 3951 5548 1959 3951 5549 1981 630 5550 1964 630 5551 1961 630 5552 1981 630 5553 1966 630 5554 1964 630 5555 1981 3952 5556 1969 3952 5557 1966 3952 5558 1981 3953 5559 1971 3953 5560 1969 3953 5561 1981 630 5562 1974 630 5563 1971 630 5564 1979 630 5565 1976 630 5566 1974 630 5567 1981 630 5568 1979 630 5569 1974 630 5570 2010 3954 5571 1989 3954 5572 1986 3954 5573 2013 3955 5574 2010 3955 5575 1986 3955 5576 2023 630 5577 2013 630 5578 1986 630 5579 2003 3956 5580 1991 3956 5581 1989 3956 5582 2005 3957 5583 2003 3957 5584 1989 3957 5585 2008 630 5586 2005 630 5587 1989 630 5588 2010 630 5589 2008 630 5590 1989 630 5591 2000 3958 5592 1994 3958 5593 1991 3958 5594 2003 3959 5595 2000 3959 5596 1991 3959 5597 2000 3960 5598 1996 3960 5599 1994 3960 5600 2000 630 5601 1998 630 5602 1996 630 5603 2023 3961 5604 2015 3961 5605 2013 3961 5606 2020 3962 5607 2018 3962 5608 2015 3962 5609 2023 3963 5610 2020 3963 5611 2015 3963 5612 2043 3964 5613 2028 3964 5614 2025 3964 5615 2046 3965 5616 2043 3965 5617 2025 3965 5618 2062 630 5619 2046 630 5620 2025 630 5621 2043 3966 5622 2030 3966 5623 2028 3966 5624 2043 3967 5625 2033 3967 5626 2030 3967 5627 2040 3968 5628 2035 3968 5629 2033 3968 5630 2043 3969 5631 2040 3969 5632 2033 3969 5633 2040 3970 5634 2038 3970 5635 2035 3970 5636 2075 3971 5637 2041 3971 5638 2045 3971 5639 2060 3972 5640 2048 3972 5641 2046 3972 5642 2062 630 5643 2060 630 5644 2046 630 5645 2057 630 5646 2051 630 5647 2048 630 5648 2060 3973 5649 2057 3973 5650 2048 3973 5651 2057 3974 5652 2053 3974 5653 2051 3974 5654 2057 630 5655 2055 630 5656 2053 630 5657 2091 3975 5658 2089 3975 5659 2086 3975 5660 2094 3976 5661 2091 3976 5662 2086 3976 5663 2101 630 5664 2099 630 5665 2096 630 5666 2104 630 5667 2101 630 5668 2096 630 5669 2111 3975 5670 2109 3975 5671 2106 3975 5672 2114 630 5673 2111 630 5674 2106 630 5675 2169 3977 5676 2118 3978 5677 2120 3979 5678 2165 3980 5679 2126 3981 5680 2117 3982 5681 2167 3983 5682 2165 3984 5683 2117 3985 5684 2173 3986 5685 2120 3987 5686 2122 3988 5687 2173 3989 5688 2169 3990 5689 2120 3991 5690 2171 3992 5691 2122 3993 5692 2128 3994 5693 2173 3995 5694 2122 3996 5695 2171 3997 5696 2163 3998 5697 2124 3999 5698 2126 4000 5699 2161 4001 5700 2147 4002 5701 2124 4003 5702 2163 4004 5703 2161 4005 5704 2124 4006 5705 2165 4007 5706 2163 4008 5707 2126 4009 5708 2181 4010 5709 2128 4011 5710 2130 4012 5711 2181 4013 5712 2171 4014 5713 2128 4015 5714 2183 4016 5715 2130 4017 5716 2132 4018 5717 2183 4019 5718 2181 4020 5719 2130 4021 5720 2179 4022 5721 2132 4023 5722 2134 4024 5723 2183 4025 5724 2132 4026 5725 2179 4027 5726 2177 4028 5727 2134 4029 5728 2136 4030 5729 2179 4031 5730 2134 4032 5731 2177 4033 5732 2175 4034 5733 2136 4035 5734 2139 4036 5735 2177 4037 5736 2136 4038 5737 2175 4039 5738 2150 4040 5739 2138 4041 5740 2141 4042 5741 2175 4043 5742 2139 4044 5743 2152 4045 5744 2153 4046 5745 2141 4047 5746 2143 4048 5747 2153 4049 5748 2150 4050 5749 2141 4051 5750 2155 4052 5751 2143 4053 5752 2145 4054 5753 2155 4055 5754 2153 4056 5755 2143 4057 5756 2157 4058 5757 2145 4059 5758 2149 4060 5759 2157 4061 5760 2155 4062 5761 2145 4063 5762 2159 4064 5763 2149 4065 5764 2147 4066 5765 2161 4067 5766 2159 4068 5767 2147 4069 5768 2159 4070 5769 2157 4071 5770 2149 4072 5771 2237 4073 5772 2186 4074 5773 2188 4075 5774 2233 4076 5775 2194 4077 5776 2185 4078 5777 2235 4079 5778 2233 4080 5779 2185 4081 5780 2241 4082 5781 2188 4083 5782 2190 4084 5783 2241 4085 5784 2237 4086 5785 2188 4087 5786 2239 4088 5787 2190 4089 5788 2196 4090 5789 2241 4091 5790 2190 4092 5791 2239 4093 5792 2231 4094 5793 2192 4095 5794 2194 4096 5795 2229 4097 5796 2215 4098 5797 2192 4099 5798 2231 4100 5799 2229 4101 5800 2192 4102 5801 2233 4103 5802 2231 4104 5803 2194 4105 5804 2249 4106 5805 2196 4107 5806 2198 4108 5807 2249 4109 5808 2239 4110 5809 2196 4111 5810 2251 4112 5811 2198 4113 5812 2200 4114 5813 2251 4115 5814 2249 4116 5815 2198 4117 5816 2247 4118 5817 2200 4119 5818 2202 4120 5819 2251 4121 5820 2200 4122 5821 2247 4123 5822 2245 4124 5823 2202 4125 5824 2204 4126 5825 2247 4127 5826 2202 4128 5827 2245 4129 5828 2243 4130 5829 2204 4131 5830 2207 4132 5831 2245 4133 5832 2204 4134 5833 2243 4135 5834 2218 4136 5835 2206 4137 5836 2209 4138 5837 2243 4139 5838 2207 4140 5839 2220 4141 5840 2221 4142 5841 2209 4143 5842 2211 4144 5843 2221 4145 5844 2218 4146 5845 2209 4147 5846 2223 4148 5847 2211 4149 5848 2213 4150 5849 2223 4151 5850 2221 4152 5851 2211 4153 5852 2225 4154 5853 2213 4155 5854 2217 4156 5855 2225 4157 5856 2223 4158 5857 2213 4159 5858 2227 4160 5859 2217 4161 5860 2215 4162 5861 2229 4163 5862 2227 4164 5863 2215 4165 5864 2227 4166 5865 2225 4167 5866 2217 4168 5867 2290 4169 5868 2255 4170 5869 2252 4171 5870 2293 4172 5871 2254 4173 5872 2257 4174 5873 2378 4175 5874 2291 4175 5875 2253 4175 5876 2390 4176 5877 2254 4177 5878 2293 4178 5879 2380 653 5880 2378 653 5881 2253 653 5882 2389 653 5883 2380 653 5884 2253 653 5885 2290 4179 5886 2258 4180 5887 2255 4181 5888 2300 630 5889 2256 630 5890 2259 630 5891 2298 630 5892 2292 630 5893 2256 630 5894 2300 630 5895 2298 630 5896 2256 630 5897 2288 4182 5898 2260 4183 5899 2258 4184 5900 2303 630 5901 2259 630 5902 2261 630 5903 2290 4185 5904 2288 4186 5905 2258 4187 5906 2303 630 5907 2300 630 5908 2259 630 5909 2286 4188 5910 2262 4189 5911 2260 4190 5912 2305 630 5913 2261 630 5914 2263 630 5915 2288 4191 5916 2286 4192 5917 2260 4193 5918 2305 4194 5919 2303 4194 5920 2261 4194 5921 2284 4195 5922 2264 4196 5923 2262 4197 5924 2307 630 5925 2263 630 5926 2265 630 5927 2286 4198 5928 2284 4199 5929 2262 4200 5930 2307 4201 5931 2305 4201 5932 2263 4201 5933 2282 4202 5934 2266 4203 5935 2264 4204 5936 2311 4205 5937 2265 4205 5938 2267 4205 5939 2284 4206 5940 2282 4207 5941 2264 4208 5942 2309 630 5943 2307 630 5944 2265 630 5945 2311 4209 5946 2309 4209 5947 2265 4209 5948 2280 4210 5949 2268 4211 5950 2266 4212 5951 2313 4213 5952 2267 4213 5953 2269 4213 5954 2282 4214 5955 2280 4215 5956 2266 4216 5957 2313 630 5958 2311 630 5959 2267 630 5960 2278 4217 5961 2270 4218 5962 2268 4219 5963 2315 630 5964 2269 630 5965 2271 630 5966 2280 4220 5967 2278 4221 5968 2268 4222 5969 2315 4223 5970 2313 4223 5971 2269 4223 5972 2275 4224 5973 2272 4225 5974 2270 4226 5975 2315 4227 5976 2271 4227 5977 2273 4227 5978 2278 4228 5979 2275 4229 5980 2270 4230 5981 2419 4231 5982 2274 4232 5983 2277 4233 5984 2317 630 5985 2315 630 5986 2273 630 5987 2330 630 5988 2317 630 5989 2273 630 5990 2419 4234 5991 2331 4235 5992 2274 4236 5993 2409 653 5994 2276 653 5995 2279 653 5996 2409 653 5997 2407 653 5998 2276 653 5999 2418 4237 6000 2276 4237 6001 2407 4237 6002 2412 653 6003 2279 653 6004 2281 653 6005 2412 653 6006 2409 653 6007 2279 653 6008 2414 653 6009 2281 653 6010 2283 653 6011 2414 653 6012 2412 653 6013 2281 653 6014 2416 653 6015 2283 653 6016 2285 653 6017 2416 4238 6018 2414 4238 6019 2283 4238 6020 2422 4239 6021 2285 4239 6022 2287 4239 6023 2420 653 6024 2416 653 6025 2285 653 6026 2422 4240 6027 2420 4240 6028 2285 4240 6029 2376 653 6030 2287 653 6031 2289 653 6032 2422 4241 6033 2287 4241 6034 2376 4241 6035 2378 653 6036 2289 653 6037 2291 653 6038 2378 4242 6039 2376 4242 6040 2289 4242 6041 2298 4243 6042 2294 4243 6043 2292 4243 6044 2390 4244 6045 2293 4245 6046 2295 4246 6047 2298 4247 6048 2296 4247 6049 2294 4247 6050 2332 4248 6051 2294 4248 6052 2296 4248 6053 2388 4249 6054 2295 4250 6055 2333 4251 6056 2390 4252 6057 2295 4253 6058 2388 4254 6059 2435 4255 6060 2297 4256 6061 2299 4257 6062 2338 630 6063 2332 630 6064 2296 630 6065 2437 4258 6066 2339 4259 6067 2297 4260 6068 2437 4261 6069 2297 4262 6070 2435 4263 6071 2435 4264 6072 2299 4265 6073 2302 4266 6074 2450 4267 6075 2301 4268 6076 2304 4269 6077 2451 4270 6078 2435 4271 6079 2302 4272 6080 2371 4273 6081 2304 4274 6082 2306 4275 6083 2374 4276 6084 2304 4277 6085 2371 4278 6086 2450 4279 6087 2304 4280 6088 2374 4281 6089 2371 4282 6090 2306 4283 6091 2308 4284 6092 2369 4285 6093 2308 4286 6094 2310 4287 6095 2371 4288 6096 2308 4289 6097 2369 4290 6098 2367 4291 6099 2310 4292 6100 2312 4293 6101 2369 4294 6102 2310 4295 6103 2367 4296 6104 2365 4297 6105 2312 4298 6106 2314 4299 6107 2367 4300 6108 2312 4301 6109 2365 4302 6110 2363 4303 6111 2314 4304 6112 2316 4305 6113 2365 4306 6114 2314 4307 6115 2363 4308 6116 2363 4309 6117 2316 4310 6118 2318 4311 6119 2330 630 6120 2320 630 6121 2317 630 6122 2449 4312 6123 2319 4313 6124 2321 4314 6125 2448 4315 6126 2363 4316 6127 2318 4317 6128 2328 630 6129 2322 630 6130 2320 630 6131 2443 4318 6132 2321 4319 6133 2323 4320 6134 2330 4321 6135 2328 4321 6136 2320 4321 6137 2443 4322 6138 2361 4323 6139 2321 4324 6140 2449 4325 6141 2321 4326 6142 2361 4327 6143 2326 630 6144 2324 630 6145 2322 630 6146 2441 4328 6147 2323 4329 6148 2325 4330 6149 2328 630 6150 2326 630 6151 2322 630 6152 2443 4331 6153 2323 4332 6154 2441 4333 6155 2334 630 6156 2324 630 6157 2326 630 6158 2336 4334 6159 2324 4334 6160 2334 4334 6161 2441 4335 6162 2325 4336 6163 2337 4337 6164 2400 4338 6165 2327 4339 6166 2329 4340 6167 2402 4341 6168 2335 4342 6169 2327 4343 6170 2402 4344 6171 2327 4345 6172 2400 4346 6173 2404 4347 6174 2329 4348 6175 2331 4349 6176 2404 4350 6177 2400 4351 6178 2329 4352 6179 2419 4353 6180 2404 4354 6181 2331 4355 6182 2338 630 6183 2334 630 6184 2332 630 6185 2392 4356 6186 2333 4357 6187 2335 4358 6188 2392 4359 6189 2388 4360 6190 2333 4361 6191 2338 4362 6192 2336 4362 6193 2334 4362 6194 2402 4363 6195 2392 4364 6196 2335 4365 6197 2439 4366 6198 2337 4367 6199 2339 4368 6200 2441 4369 6201 2337 4370 6202 2439 4371 6203 2439 4372 6204 2339 4373 6205 2437 4374 6206 2370 4375 6207 2344 4376 6208 2340 4377 6209 2446 4378 6210 2342 4379 6211 2345 4380 6212 2372 4381 6213 2370 4382 6214 2340 4383 6215 2432 4384 6216 2373 4385 6217 2341 4386 6218 2433 4387 6219 2343 4388 6220 2384 4389 6221 2447 4390 6222 2384 4391 6223 2343 4392 6224 2368 4393 6225 2346 4394 6226 2344 4395 6227 2377 4396 6228 2345 4397 6229 2347 4398 6230 2370 4399 6231 2368 4400 6232 2344 4401 6233 2379 4402 6234 2345 4403 6235 2377 4404 6236 2381 4405 6237 2345 4406 6238 2379 4407 6239 2446 4408 6240 2345 4409 6241 2381 4410 6242 2366 4411 6243 2348 4412 6244 2346 4413 6245 2423 4414 6246 2347 4415 6247 2349 4416 6248 2368 4417 6249 2366 4418 6250 2346 4419 6251 2423 4420 6252 2377 4421 6253 2347 4422 6254 2364 4423 6255 2350 4424 6256 2348 4425 6257 2421 4426 6258 2349 4427 6259 2351 4428 6260 2366 4429 6261 2364 4430 6262 2348 4431 6263 2423 4432 6264 2349 4433 6265 2421 4434 6266 2362 4435 6267 2352 4436 6268 2350 4437 6269 2415 4438 6270 2351 4439 6271 2353 4440 6272 2364 4441 6273 2362 4442 6274 2350 4443 6275 2417 4444 6276 2351 4445 6277 2415 4446 6278 2421 4447 6279 2351 4448 6280 2417 4449 6281 2358 4450 6282 2354 4451 6283 2352 4452 6284 2413 4453 6285 2353 4454 6286 2356 4455 6287 2362 4456 6288 2358 4457 6289 2352 4458 6290 2415 4459 6291 2353 4460 6292 2413 4461 6293 2442 4462 6294 2355 4463 6295 2359 4464 6296 2444 4465 6297 2413 4466 6298 2356 4467 6299 2442 4468 6300 2424 4469 6301 2355 4470 6302 2445 4471 6303 2357 4472 6304 2425 4473 6305 2448 4474 6306 2360 4475 6307 2363 4476 6308 2434 4477 6309 2373 4478 6310 2432 4479 6311 2451 4480 6312 2375 4481 6313 2435 4482 6314 2389 653 6315 2383 653 6316 2380 653 6317 2447 4483 6318 2382 4484 6319 2384 4485 6320 2387 4486 6321 2385 4486 6322 2383 4486 6323 2433 4487 6324 2384 4488 6325 2386 4489 6326 2389 4490 6327 2387 4490 6328 2383 4490 6329 2391 4491 6330 2385 4491 6331 2387 4491 6332 2393 4492 6333 2385 4492 6334 2391 4492 6335 2433 4493 6336 2386 4494 6337 2394 4495 6338 2401 4496 6339 2393 4496 6340 2391 4496 6341 2401 653 6342 2395 653 6343 2393 653 6344 2431 4497 6345 2394 4498 6346 2396 4499 6347 2433 4500 6348 2394 4501 6349 2431 4502 6350 2401 4503 6351 2397 4503 6352 2395 4503 6353 2429 4504 6354 2396 4505 6355 2398 4506 6356 2431 4507 6357 2396 4508 6358 2429 4509 6359 2401 4510 6360 2399 4510 6361 2397 4510 6362 2405 4511 6363 2397 4511 6364 2399 4511 6365 2427 4512 6366 2398 4513 6367 2406 4514 6368 2429 4515 6369 2398 4516 6370 2427 4517 6371 2405 653 6372 2399 653 6373 2403 653 6374 2407 4518 6375 2405 4518 6376 2403 4518 6377 2418 653 6378 2407 653 6379 2403 653 6380 2425 4519 6381 2406 4520 6382 2408 4521 6383 2427 4522 6384 2406 4523 6385 2425 4524 6386 2425 4525 6387 2408 4526 6388 2411 4527 6389 2444 4528 6390 2410 4529 6391 2413 4530 6392 2445 4531 6393 2425 4532 6394 2411 4533 6395 2440 4534 6396 2426 4535 6397 2424 4536 6398 2442 4537 6399 2440 4538 6400 2424 4539 6401 2438 4540 6402 2428 4541 6403 2426 4542 6404 2440 4543 6405 2438 4544 6406 2426 4545 6407 2436 4546 6408 2430 4547 6409 2428 4548 6410 2438 4549 6411 2436 4550 6412 2428 4551 6413 2434 4552 6414 2432 4553 6415 2430 4554 6416 2436 4555 6417 2434 4556 6418 2430 4557 6419 2490 4558 6420 2455 4559 6421 2452 4560 6422 2493 4561 6423 2454 4562 6424 2457 4563 6425 2540 653 6426 2491 653 6427 2453 653 6428 2561 4564 6429 2454 4565 6430 2493 4566 6431 2540 653 6432 2453 653 6433 2537 653 6434 2560 653 6435 2537 653 6436 2453 653 6437 2490 4567 6438 2458 4568 6439 2455 4569 6440 2500 630 6441 2456 630 6442 2459 630 6443 2498 4570 6444 2492 4570 6445 2456 4570 6446 2500 630 6447 2498 630 6448 2456 630 6449 2488 4571 6450 2460 4572 6451 2458 4573 6452 2503 630 6453 2459 630 6454 2461 630 6455 2490 4574 6456 2488 4575 6457 2458 4576 6458 2503 4577 6459 2500 4577 6460 2459 4577 6461 2486 4578 6462 2462 4579 6463 2460 4580 6464 2505 4581 6465 2461 4581 6466 2463 4581 6467 2488 4582 6468 2486 4583 6469 2460 4584 6470 2505 4585 6471 2503 4585 6472 2461 4585 6473 2484 4586 6474 2464 4587 6475 2462 4588 6476 2505 630 6477 2463 630 6478 2465 630 6479 2486 4589 6480 2484 4590 6481 2462 4591 6482 2482 4592 6483 2466 4593 6484 2464 4594 6485 2509 630 6486 2465 630 6487 2467 630 6488 2484 4595 6489 2482 4596 6490 2464 4597 6491 2507 630 6492 2505 630 6493 2465 630 6494 2509 630 6495 2507 630 6496 2465 630 6497 2480 4598 6498 2468 4599 6499 2466 4600 6500 2511 630 6501 2467 630 6502 2469 630 6503 2482 4601 6504 2480 4602 6505 2466 4603 6506 2511 4604 6507 2509 4604 6508 2467 4604 6509 2478 4605 6510 2470 4606 6511 2468 4607 6512 2513 630 6513 2469 630 6514 2471 630 6515 2480 4608 6516 2478 4609 6517 2468 4610 6518 2513 4611 6519 2511 4611 6520 2469 4611 6521 2475 4612 6522 2472 4613 6523 2470 4614 6524 2513 4615 6525 2471 4615 6526 2473 4615 6527 2478 4616 6528 2475 4617 6529 2470 4618 6530 2563 4619 6531 2474 4620 6532 2477 4621 6533 2515 630 6534 2513 630 6535 2473 630 6536 2528 630 6537 2515 630 6538 2473 630 6539 2563 4622 6540 2529 4623 6541 2474 4624 6542 2552 653 6543 2476 653 6544 2479 653 6545 2572 653 6546 2476 653 6547 2552 653 6548 2572 653 6549 2562 653 6550 2476 653 6551 2550 653 6552 2479 653 6553 2481 653 6554 2552 4625 6555 2479 4625 6556 2550 4625 6557 2548 653 6558 2481 653 6559 2483 653 6560 2550 4626 6561 2481 4626 6562 2548 4626 6563 2546 653 6564 2483 653 6565 2485 653 6566 2548 653 6567 2483 653 6568 2546 653 6569 2542 653 6570 2485 653 6571 2487 653 6572 2544 4627 6573 2485 4627 6574 2542 4627 6575 2546 4628 6576 2485 4628 6577 2544 4628 6578 2542 653 6579 2487 653 6580 2489 653 6581 2540 653 6582 2489 653 6583 2491 653 6584 2542 653 6585 2489 653 6586 2540 653 6587 2498 4629 6588 2494 4629 6589 2492 4629 6590 2561 4630 6591 2493 4631 6592 2495 4632 6593 2498 4633 6594 2496 4633 6595 2494 4633 6596 2530 630 6597 2494 630 6598 2496 630 6599 2559 4634 6600 2495 4635 6601 2531 4636 6602 2561 4637 6603 2495 4638 6604 2559 4639 6605 2557 4640 6606 2497 4641 6607 2499 4642 6608 2532 4643 6609 2530 4643 6610 2496 4643 6611 2534 4644 6612 2532 4644 6613 2496 4644 6614 2575 4645 6615 2535 4646 6616 2497 4647 6617 2575 4648 6618 2497 4649 6619 2557 4650 6620 2555 4651 6621 2499 4652 6622 2502 4653 6623 2557 4654 6624 2499 4655 6625 2555 4656 6626 2536 4657 6627 2501 4658 6628 2504 4659 6629 2555 4660 6630 2502 4661 6631 2538 4662 6632 2539 4663 6633 2504 4664 6634 2506 4665 6635 2539 4666 6636 2536 4667 6637 2504 4668 6638 2541 4669 6639 2506 4670 6640 2508 4671 6641 2541 4672 6642 2539 4673 6643 2506 4674 6644 2543 4675 6645 2508 4676 6646 2510 4677 6647 2543 4678 6648 2541 4679 6649 2508 4680 6650 2545 4681 6651 2510 4682 6652 2512 4683 6653 2545 4684 6654 2543 4685 6655 2510 4686 6656 2547 4687 6657 2512 4688 6658 2514 4689 6659 2547 4690 6660 2545 4691 6661 2512 4692 6662 2549 4693 6663 2514 4694 6664 2516 4695 6665 2549 4696 6666 2547 4697 6667 2514 4698 6668 2528 4699 6669 2518 4699 6670 2515 4699 6671 2553 4700 6672 2517 4701 6673 2519 4702 6674 2551 4703 6675 2549 4704 6676 2516 4705 6677 2526 4706 6678 2520 4706 6679 2518 4706 6680 2573 4707 6681 2519 4708 6682 2521 4709 6683 2528 630 6684 2526 630 6685 2518 630 6686 2573 4710 6687 2553 4711 6688 2519 4712 6689 2524 630 6690 2522 630 6691 2520 630 6692 2571 4713 6693 2521 4714 6694 2523 4715 6695 2526 630 6696 2524 630 6697 2520 630 6698 2573 4716 6699 2521 4717 6700 2571 4718 6701 2532 4719 6702 2522 4719 6703 2524 4719 6704 2534 4720 6705 2522 4720 6706 2532 4720 6707 2569 4721 6708 2523 4722 6709 2535 4723 6710 2571 4724 6711 2523 4725 6712 2569 4726 6713 2567 4727 6714 2525 4728 6715 2527 4729 6716 2577 4730 6717 2533 4731 6718 2525 4732 6719 2577 4733 6720 2525 4734 6721 2567 4735 6722 2565 4736 6723 2527 4737 6724 2529 4738 6725 2567 4739 6726 2527 4740 6727 2565 4741 6728 2565 4742 6729 2529 4743 6730 2563 4744 6731 1889 4745 6732 2531 4746 6733 2533 4747 6734 1889 4748 6735 2559 4749 6736 2531 4750 6737 1889 4751 6738 2533 4752 6739 2577 4753 6740 2575 4754 6741 2569 4755 6742 2535 4756 6743 2560 653 6744 2554 653 6745 2537 653 6746 2558 653 6747 2556 653 6748 2554 653 6749 2560 653 6750 2558 653 6751 2554 653 6752 1888 653 6753 2556 653 6754 2558 653 6755 2576 653 6756 2574 653 6757 2556 653 6758 1888 4757 6759 2576 4757 6760 2556 4757 6761 2572 653 6762 2564 653 6763 2562 653 6764 2570 653 6765 2566 653 6766 2564 653 6767 2572 4758 6768 2570 4758 6769 2564 4758 6770 2570 653 6771 2568 653 6772 2566 653 6773</p>
        </triangles>
      </mesh>
    </geometry>
  </library_geometries>
  <library_visual_scenes>
    <visual_scene id="Scene" name="Scene">
      <node id="GBT-C7A-J4_001" name="GBT-C7A-J4.001" type="NODE">
        <matrix sid="transform">0.001 0 0 0 0 0.001 0 0 0 0 0.001 0 0 0 0 1</matrix>
        <instance_geometry url="#GBT-C7A-J4_001-mesh" name="GBT-C7A-J4.001">
          <bind_material>
            <technique_common>
              <instance_material symbol="材质_001-material" target="#材质_001-material">
                <bind_vertex_input semantic="UVMap" input_semantic="TEXCOORD" input_set="0"/>
              </instance_material>
            </technique_common>
          </bind_material>
        </instance_geometry>
      </node>
    </visual_scene>
  </library_visual_scenes>
  <scene>
    <instance_visual_scene url="#Scene"/>
  </scene>
</COLLADA>