<?xml version="1.0" encoding="utf-8"?>
<COLLADA xmlns="http://www.collada.org/2005/11/COLLADASchema" version="1.4.1" xmlns:xsi="http://www.w3.org/2001/XMLSchema-instance">
  <asset>
    <contributor>
      <author>Blender User</author>
      <authoring_tool>Blender 4.3.2 commit date:2024-12-16, commit time:21:10, hash:32f5fdce0a0a</authoring_tool>
    </contributor>
    <created>2025-04-23T15:52:16</created>
    <modified>2025-04-23T15:52:16</modified>
    <unit name="meter" meter="1"/>
    <up_axis>Z_UP</up_axis>
  </asset>
  <library_effects>
    <effect id="材质_001-effect">
      <profile_COMMON>
        <newparam sid="Image_Link_png-surface">
          <surface type="2D">
            <init_from>Image_Link_png</init_from>
          </surface>
        </newparam>
        <newparam sid="Image_Link_png-sampler">
          <sampler2D>
            <source>Image_Link_png-surface</source>
          </sampler2D>
        </newparam>
        <technique sid="common">
          <lambert>
            <emission>
              <color sid="emission">0 0 0 1</color>
            </emission>
            <diffuse>
              <texture texture="Image_Link_png-sampler"/>
            </diffuse>
            <index_of_refraction>
              <float sid="ior">1.45</float>
            </index_of_refraction>
          </lambert>
        </technique>
      </profile_COMMON>
    </effect>
  </library_effects>
  <library_images>
    <image id="Image_Link_png" name="Image_Link_png">
      <init_from>Image_Link.png</init_from>
    </image>
  </library_images>
  <library_materials>
    <material id="材质_001-material" name="材质.001">
      <instance_effect url="#材质_001-effect"/>
    </material>
  </library_materials>
  <library_geometries>
    <geometry id="GBT-C12A-400_00-7_002-mesh" name="GBT-C12A-400.00-7.002">
      <mesh>
        <source id="GBT-C12A-400_00-7_002-mesh-positions">
          <float_array id="GBT-C12A-400_00-7_002-mesh-positions-array" count="8337">13.21181 26.93414 42.5 9.338824 20.83884 42.5 18.71382 20.83885 42.5 17.67766 20.17768 42.5 18.92766 19.84275 42.5 18.92766 15.51262 42.5 17.67766 15.17768 42.5 17.25 10e-6 42.5 15.5126 16.42768 42.5 15.17766 17.67768 42.5 9.338825 18.71384 42.5 15.51259 18.92768 42.5 16.42766 19.84274 42.5 29.84608 -3.035033 42.5 30 1.7e-5 42.5 18.71384 10e-6 42.5 29.84608 3.035066 42.5 28.62417 8.98091 42.5 17.67768 -15.17766 42.5 18.92768 -15.51259 42.5 19.84274 -16.42766 42.5 11.77405 -12.60691 42.5 15.51261 -16.42766 42.5 14.73874 -8.962815 42.5 16.42768 -15.5126 42.5 16.61033 -4.653986 42.5 19.84272 16.42768 42.5 7.936131 -15.31602 42.5 9.338846 -18.71383 42.5 15.17768 -17.67766 42.5 15.51262 -18.92766 42.5 22.76276 -19.54116 42.5 18.92768 -19.84272 42.5 18.36319 -23.72326 42.5 17.67768 -20.17766 42.5 13.21184 -26.93413 42.5 16.42768 -19.84272 42.5 7.519592 -29.04231 42.5 1.519492 -29.9615 42.5 28.62418 -8.980877 42.5 26.23041 -14.55904 42.5 20.17768 -17.67766 42.5 19.84275 -18.92766 42.5 -15.82189 -6.872427 42.5 -17.67766 -15.17768 42.5 -13.38101 -10.88627 42.5 -16.42766 -15.51261 42.5 -9.947729 -14.09274 42.5 -15.5126 -16.42768 42.5 -9.338825 -18.71384 42.5 -15.17766 -17.67768 42.5 -15.51259 -18.92768 42.5 -20.669 -21.7438 42.5 -19.84272 -18.92768 42.5 -24.6229 -17.13806 42.5 -20.17766 -17.67768 42.5 -27.56873 -11.83069 42.5 -19.84272 -16.42768 42.5 -18.92766 -15.51262 42.5 -17.08933 -2.348884 42.5 -17.08934 2.348865 42.5 -18.71384 -10e-6 42.5 -10.41914 -28.13257 42.5 -16.42766 -19.84274 42.5 -15.86891 -25.45934 42.5 -17.67766 -20.17768 42.5 -18.92766 -19.84275 42.5 -9.947744 14.09272 42.5 -15.51261 16.42766 42.5 -13.38103 10.88626 42.5 -16.42768 15.5126 42.5 -15.8219 6.87241 42.5 -17.67768 15.17766 42.5 -29.3859 6.038939 42.5 -30 -1.7e-5 42.5 -29.3859 -6.038971 42.5 -18.92768 15.51259 42.5 -19.84274 16.42766 42.5 -27.56874 11.83066 42.5 -24.62291 17.13803 42.5 -20.17768 17.67766 42.5 -23.37532 18.80411 42.5 -19.84275 18.92766 42.5 -21.51972 20.9022 42.5 -18.92768 19.84272 42.5 -18.71385 20.83883 42.5 -17.67768 20.17766 42.5 -9.338847 20.83883 42.5 -16.42768 19.84272 42.5 -9.338846 18.71383 42.5 -15.51262 18.92766 42.5 -15.17768 17.67766 42.5 -4.542817 -29.65405 42.5 -3.031102 23.25 42.5 -1.750012 21.96891 42.5 -1.2e-5 21.5 42.5 -10.41917 28.13256 42.5 -15.86894 25.45932 42.5 -20.66902 21.74377 42.5 -3.500014 25 42.5 -3.031104 26.75 42.5 -4.54285 29.65405 42.5 -1.750016 28.03109 42.5 1.519458 29.9615 42.5 -1.6e-5 28.5 42.5 1.749984 28.03109 42.5 7.519559 29.04232 42.5 3.031074 26.75 42.5 3.499986 25 42.5 3.031076 23.25 42.5 1.749988 21.96891 42.5 20.17766 17.67768 42.5 26.23039 14.55907 42.5 19.84272 18.92768 42.5 22.76273 19.54119 42.5 21.48841 20.93438 42.5 18.36317 23.72328 42.5 -5.776682 16.254 42.5 -1.177191 17.20979 42.5 3.509607 16.8892 42.5 7.936113 15.31602 42.5 11.77404 12.60693 42.5 16.42766 15.51261 42.5 14.73873 8.962831 42.5 16.61032 4.654004 42.5 3.509625 -16.8892 42.5 -1.177172 -17.20979 42.5 -5.776664 -16.254 42.5 31.5 1.8e-5 41 31.33839 -3.186785 41 31.33839 -3.186785 36 30.05539 -9.429922 41 30.05539 -9.429922 36 27.54193 -15.287 41 27.54193 -15.287 36 23.90089 -20.51822 41 23.90089 -20.51822 36 19.28135 -24.90942 41 19.28135 -24.90942 36 13.87243 -28.28084 41 13.87243 -28.28084 36 7.895571 -30.49443 41 7.895571 -30.49443 36 1.595466 -31.45957 41 1.595466 -31.45957 36 -4.769958 -31.13676 41 -4.769958 -31.13676 36 -10.9401 -29.5392 41 -10.9401 -29.5392 36 -16.66235 -26.7323 41 -16.66235 -26.7323 36 -21.70244 -22.83098 41 -21.70244 -22.83098 36 -25.85404 -17.99497 41 -25.85404 -17.99497 36 -28.94716 -12.42223 41 -28.94717 -12.42223 36 -30.85519 -6.34092 41 -30.85519 -6.34092 36 -31.5 -1.8e-5 41 -31.5 -1.8e-5 36 -30.8552 6.340886 41 -30.8552 6.340886 36 -28.94718 12.42219 41 -28.94718 12.42219 36 -25.85406 17.99493 41 -25.85406 17.99493 36 -21.70247 22.83096 41 -21.70247 22.83096 36 -16.66238 26.73229 41 -16.66238 26.73229 36 -10.94013 29.53919 41 -10.94013 29.53919 36 -4.769992 31.13675 41 -4.769992 31.13675 36 1.595431 31.45957 41 1.595431 31.45957 36 7.895537 30.49443 41 7.895537 30.49443 36 13.8724 28.28085 41 13.8724 28.28085 36 19.28133 24.90945 41 19.28133 24.90945 36 23.90087 20.51825 41 23.90087 20.51825 36 27.54191 15.28703 41 27.54191 15.28703 36 30.05538 9.429955 41 30.05538 9.429955 36 31.33838 3.18682 41 31.33838 3.18682 36 36.04018 -24.35888 36 39.63845 -17.91768 36 42.09639 -10.96102 36 43.34329 -3.689034 36 43.5 2.4e-5 36 43.34329 3.689082 36 42.09637 10.96107 36 -1.846168 -43.4608 36 5.525299 -43.14766 36 12.73781 -41.59325 36 19.58388 -38.84226 36 25.86656 -34.97386 36 31.40511 -30.09933 36 39.63843 17.91773 36 36.04015 24.35893 36 31.40507 30.09936 36 25.86653 34.97389 36 19.58384 38.84229 36 12.73777 41.59326 36 -37.9761 -21.21475 36 -33.84454 -27.32759 36 -28.73933 -32.65426 36 -22.80735 -37.04153 36 -16.21924 -40.36318 36 -9.164525 -42.52365 36 -37.97612 21.21471 36 -41.01518 14.49156 36 -42.87429 7.351512 36 -31.5 -1.8e-5 36 -43.5 -2.4e-5 36 -42.87429 -7.35156 36 -41.01516 -14.4916 36 5.525251 43.14767 36 -1.846217 43.4608 36 -9.164573 42.52365 36 -16.21928 40.36317 36 -22.80739 37.04151 36 -28.73937 32.65423 36 -33.84457 27.32755 36 45 2.5e-5 34.5 44.83789 -3.816242 34.5 44.83789 -3.816242 -6.000004 43.54799 -11.33899 34.5 43.54799 -11.33899 -6 41.00529 -18.53553 34.5 41.00529 -18.53553 -6 37.28295 -25.19885 34.5 37.28294 -25.19885 -6 32.48804 -31.13723 34.5 32.48804 -31.13723 -6 26.75851 -36.17985 34.5 26.75851 -36.17985 -6 20.25919 -40.18165 34.5 20.25919 -40.18165 -6 13.17705 -43.02749 34.5 13.17705 -43.02749 -6 5.715826 -44.63552 34.5 5.715825 -44.63552 -6 -1.909829 -44.95945 34.5 -1.909831 -44.95945 -6 -9.480544 -43.98999 34.5 -9.480545 -43.98999 -6 -16.77852 -41.75501 34.5 -16.77852 -41.75501 -6 -23.59381 -38.31882 34.5 -23.59381 -38.31882 -6 -29.73034 -33.78027 34.5 -29.73035 -33.78027 -6 -35.01159 -28.26992 34.5 -35.01159 -28.26992 -6 -39.28562 -21.94629 34.5 -39.28562 -21.94629 -6 -42.42948 -14.99131 34.5 -42.42948 -14.99131 -6 -44.35271 -7.605062 34.5 -44.35271 -7.605062 -5.999996 -45 -2.5e-5 34.5 -45 -2.5e-5 -5.999996 -44.35272 7.605012 34.5 -44.35272 7.605012 -5.999996 -42.42949 14.99127 34.5 -42.4295 14.99127 -6 -39.28564 21.94625 34.5 -39.28565 21.94625 -6 -35.01162 28.26988 34.5 -35.01163 28.26988 -6 -29.73038 33.78024 34.5 -29.73038 33.78024 -6 -23.59385 38.3188 34.5 -23.59385 38.3188 -6 -16.77857 41.755 34.5 -16.77857 41.755 -6 -9.480592 43.98998 34.5 -9.480594 43.98998 -6 -1.90988 44.95945 34.5 -1.909881 44.95945 -6 5.715776 44.63552 34.5 5.715775 44.63552 -6 13.177 43.02751 34.5 13.177 43.02751 -6 20.25915 40.18167 34.5 20.25914 40.18167 -6 26.75847 36.17988 34.5 26.75847 36.17988 -6 32.48801 31.13727 34.5 32.48801 31.13727 -6 37.28292 25.19889 34.5 37.28292 25.19889 -6 41.00527 18.53558 34.5 41.00527 18.53558 -6 43.54798 11.33904 34.5 43.54798 11.33904 -6 44.83788 3.816292 34.5 44.83788 3.816292 -6.000004 19.80894 39.28875 -6 26.16384 35.37589 -6 31.76605 30.44533 -6 36.45441 24.63891 -6 40.09404 18.12368 -6 42.58024 11.08706 -6 43.84148 3.731485 -6.000004 43.84149 -3.731436 -6.000004 42.58025 -11.08701 -6 40.09406 -18.12363 -6 36.45444 -24.63887 -6 31.76608 -30.44529 -6 26.16388 -35.37586 -6 19.80899 -39.28873 -6 12.88422 -42.07133 -6 5.588806 -43.64361 -6 -1.867391 -43.96035 -6 -9.269866 -43.01243 -6 -16.40567 -40.82712 -6 -23.0695 -37.46729 -6 -29.06967 -33.0296 -6 -34.23356 -27.6417 -6 -38.41261 -21.4586 -6 -41.4866 -14.65818 -6 -43.36709 -7.43606 -6 -44 -2.4e-5 -5.999996 -45 -2.5e-5 -5.999996 -43.36711 7.436012 -6 -41.48662 14.65813 -6 -38.41263 21.45856 -6 -34.23359 27.64166 -6 -29.06971 33.02957 -6 -23.06954 37.46727 -6 -16.40571 40.82711 -6 -9.269914 43.01242 -6 -1.86744 43.96035 -6 5.588758 43.64362 -6 12.88418 42.07134 -6 -43 -2.4e-5 0 -43 -2.4e-5 -5 -42.38149 7.267012 0 -42.38149 7.267012 -5 -40.54374 14.32499 0 -40.54374 14.32499 -5 -37.53962 20.97086 0 -37.53962 20.97086 -5 -33.45555 27.01344 0 -33.45555 27.01344 -5 -28.40903 32.2789 0 -28.40904 32.2789 -5 -22.54524 36.61574 0 -22.54524 36.61574 -5 -16.03285 39.89922 0 -16.03285 39.89922 -5 -9.059234 42.03487 0 -9.059235 42.03487 -5 -1.824998 42.96125 0 -1.824998 42.96125 -5 5.46174 42.65172 0 5.46174 42.65172 -5 12.59135 41.11518 0 12.59135 41.11518 -5 19.35874 38.39582 0 19.35874 38.39582 -5 25.56921 34.57189 0 25.56921 34.57189 -5 31.04409 29.75339 0 31.04409 29.75339 -5 35.6259 24.07893 0 35.6259 24.07893 -5 39.18281 17.71178 0 39.18281 17.71178 -5 41.61251 10.83508 0 41.61251 10.83508 -5 42.84509 3.646679 0 42.84509 3.646679 -5 42.84509 -3.646631 0 42.84509 -3.646631 -5 41.61252 -10.83503 0 41.61252 -10.83503 -5 39.18283 -17.71173 0 39.18283 -17.71173 -5 35.62593 -24.0789 0 35.62593 -24.0789 -5 31.04413 -29.75336 0 31.04413 -29.75336 -5 25.56925 -34.57186 0 25.56925 -34.57186 -5 19.35878 -38.3958 0 19.35878 -38.3958 -5 12.5914 -41.11516 0 12.5914 -41.11516 -5 5.461788 -42.65172 0 5.461788 -42.65172 -5 -1.82495 -42.96125 0 -1.82495 -42.96125 -5 -9.059187 -42.03488 0 -9.059188 -42.03488 -5 -16.03281 -39.89924 0 -16.03281 -39.89924 -5 -22.5452 -36.61576 0 -22.5452 -36.61576 -5 -28.409 -32.27893 0 -28.409 -32.27893 -5 -33.45552 -27.01348 0 -33.45552 -27.01348 -5 -37.53959 -20.9709 0 -37.53959 -20.9709 -5 -40.54372 -14.32503 0 -40.54372 -14.32503 -5 -42.38148 -7.267058 0 -42.38148 -7.267058 -5 -43 -2.4e-5 0 -2e-6 0 0 17.67766 17.67768 28.99785 19.84272 18.92768 30.5 18.92766 19.84275 30.5 20.17766 17.67768 30.5 16.42766 19.84274 30.5 15.51259 18.92768 30.5 17.67766 20.17768 30.5 15.5126 16.42768 30.5 16.42766 15.51261 30.5 15.17766 17.67768 30.5 18.92766 15.51262 30.5 19.84272 16.42768 30.5 17.67766 15.17768 30.5 17.67768 -17.67766 28.99785 19.84274 -16.42766 30.5 18.92768 -15.51259 30.5 20.17768 -17.67766 30.5 16.42768 -15.5126 30.5 15.51261 -16.42766 30.5 17.67768 -15.17766 30.5 15.51261 -18.92766 30.5 16.42768 -19.84272 30.5 15.17768 -17.67766 30.5 18.92768 -19.84272 30.5 19.84274 -18.92766 30.5 17.67768 -20.17766 30.5 -17.67766 -17.67768 28.99785 -15.5126 -16.42768 30.5 -16.42766 -15.51261 30.5 -15.17766 -17.67768 30.5 -18.92766 -15.51262 30.5 -19.84272 -16.42768 30.5 -17.67766 -15.17768 30.5 -19.84272 -18.92768 30.5 -18.92766 -19.84275 30.5 -20.17766 -17.67768 30.5 -16.42766 -19.84274 30.5 -15.5126 -18.92768 30.5 -17.67766 -20.17768 30.5 -17.67768 17.67766 28.99785 -15.51262 18.92766 30.5 -16.42768 19.84272 30.5 -15.17768 17.67766 30.5 -18.92768 19.84272 30.5 -19.84275 18.92766 30.5 -17.67768 20.17766 30.5 -19.84274 16.42766 30.5 -18.92768 15.51259 30.5 -20.17768 17.67766 30.5 -16.42768 15.5126 30.5 -15.51261 16.42766 30.5 -17.67768 15.17766 30.5 -1.4e-5 25 34.49742 2.598061 26.5 36.3 1.499984 27.59808 36.3 2.999986 25 36.3 -1.500016 27.59808 36.3 -2.598091 26.5 36.3 -1.6e-5 28 36.3 -2.598089 23.5 36.3 -1.500013 22.40192 36.3 -3.000014 25 36.3 1.499987 22.40192 36.3 2.598063 23.5 36.3 -1.3e-5 22 36.3 2.999986 25 42 2.598061 26.5 42 1.499985 27.59808 42 -1.6e-5 28 36.3 -1.6e-5 28 42 -1.500015 27.59808 42 -2.598091 26.5 42 -3.000014 25 42 -2.598089 23.5 42 -1.500013 22.40192 42 -1.3e-5 22 36.3 -1.2e-5 22 42 1.499987 22.40192 42 2.598063 23.5 42 -1.6e-5 28 42 -1.6e-5 28.5 42.5 -1.2e-5 22 42 -1.2e-5 21.5 42.5 43.5 2.4e-5 36 45 2.5e-5 34.5 29.84608 3.035066 42.5 30 1.7e-5 42.5 31.5 1.8e-5 41 26.23039 14.55907 42.5 28.62417 8.98091 42.5 18.36317 23.72328 42.5 22.76273 19.54119 42.5 13.21181 26.93414 42.5 7.519559 29.04232 42.5 1.519458 29.9615 42.5 -4.54285 29.65405 42.5 -10.41917 28.13256 42.5 -15.86894 25.45932 42.5 -20.66902 21.74377 42.5 29.84608 -3.035033 42.5 28.62418 -8.980877 42.5 26.23041 -14.55904 42.5 22.76276 -19.54116 42.5 18.36319 -23.72326 42.5 13.21184 -26.93413 42.5 7.519592 -29.04231 42.5 1.519492 -29.9615 42.5 -4.542817 -29.65405 42.5 -10.41914 -28.13257 42.5 -15.86891 -25.45934 42.5 -20.669 -21.7438 42.5 -24.6229 -17.13806 42.5 -27.56873 -11.83069 42.5 -29.3859 -6.038971 42.5 -30 -1.7e-5 42.5 -29.3859 6.038939 42.5 -27.56874 11.83066 42.5 -24.62291 17.13803 42.5 -43 -2.4e-5 -5 15.16594 4.249308 41 15.11201 4.437296 36.3 15.75 9e-6 36.3 15.11201 4.437296 41 13.4571 8.183456 41 13.24974 8.5151 36.3 13.24974 8.5151 41 10.7502 11.51067 41 10.31405 11.90306 36.3 10.31405 11.90306 41 7.246017 13.9842 41 6.542778 14.32671 36.3 6.542778 14.32671 41 3.204424 15.42058 41 2.24145 15.58969 36.3 2.24145 15.58969 41 -1.074827 15.71328 41 -2.241468 15.58969 36.3 -2.241467 15.58969 41 -5.274362 14.84061 41 -6.542795 14.3267 36.3 -6.542795 14.3267 41 -9.082723 12.86727 41 -10.31406 11.90305 36.3 -10.31406 11.90305 41 -12.21746 9.939629 41 -13.24975 8.515086 36.3 -13.24975 8.515086 41 -14.44608 6.274809 41 -15.11202 4.437279 36.3 -15.11202 4.437279 41 -15.6033 2.144616 41 -15.75 -9e-6 36.3 -15.75 -9e-6 41 -15.6033 -2.144633 41 -15.11201 -4.437296 36.3 -15.11201 -4.437296 41 -14.44607 -6.274825 41 -13.24974 -8.5151 36.3 -13.24974 -8.5151 41 -12.21745 -9.939642 41 -10.31405 -11.90306 36.3 -10.31405 -11.90306 41 -9.082709 -12.86728 41 -6.542779 -14.32671 36.3 -6.542778 -14.32671 41 -5.274346 -14.84061 41 -2.24145 -15.58969 36.3 -2.24145 -15.58969 41 -1.074809 -15.71328 41 2.241467 -15.58969 36.3 2.241467 -15.58969 41 3.204441 -15.42057 41 6.542794 -14.3267 36.3 6.542795 -14.3267 41 7.246032 -13.98419 41 10.31406 -11.90305 36.3 10.31406 -11.90305 41 10.75022 -11.51066 41 13.24975 -8.515086 36.3 13.24975 -8.515086 41 13.45711 -8.183441 41 15.11202 -4.437279 36.3 15.11202 -4.437279 41 15.16595 -4.24929 41 15.75 9e-6 41 0 0 36.3 14.73874 -8.962815 42.5 16.61033 -4.653986 42.5 11.77405 -12.60691 42.5 7.936131 -15.31602 42.5 3.509625 -16.8892 42.5 -1.177172 -17.20979 42.5 -5.776664 -16.254 42.5 -9.947729 -14.09274 42.5 -13.38101 -10.88627 42.5 -15.82189 -6.872427 42.5 -17.08933 -2.348884 42.5 -17.08934 2.348865 42.5 -15.8219 6.87241 42.5 -13.38103 10.88626 42.5 -9.947744 14.09272 42.5 -5.776682 16.254 42.5 -1.177191 17.20979 42.5 3.509607 16.8892 42.5 7.936113 15.31602 42.5 11.77404 12.60693 42.5 14.73873 8.962831 42.5 16.61032 4.654004 42.5 17.25 10e-6 42.5 15.75 9e-6 41 -2.437083 31.5 9.328137 -1.846144 31.5 11.0013 -3.066377 31.5 9.93145 -2.064137 31.5 11.0013 -3.550019 31.5 10.65677 -2.064137 31.5 13.82158 -3.550019 31.5 14.34323 -0.866605 31.5 16.405 -1.692029 31.5 16.12451 -1.846144 31.5 13.82158 -2.437083 31.5 15.67186 -3.066377 31.5 15.06855 -1.69203 31.5 8.875485 -0.866606 31.5 8.595002 -1.9e-5 31.5 8.5 0.866568 31.5 8.595002 1.691992 31.5 8.875485 2.064099 31.5 11.0013 2.437045 31.5 9.328137 2.350214 31.5 11.0013 2.064099 31.5 13.82158 2.350214 31.5 13.82158 3.066339 31.5 15.06855 2.437046 31.5 15.67186 1.691992 31.5 16.12451 0.866568 31.5 16.405 -1.9e-5 31.5 16.5 3.066339 31.5 9.93145 3.549981 31.5 10.65677 3.549981 31.5 14.34323 3.549977 39 10.65677 3.066335 39 9.93145 2.437041 39 9.328137 1.691988 39 8.875485 0.866563 39 8.595002 -1.9e-5 31.5 8.5 -2.3e-5 39 8.5 -0.86661 39 8.595002 -1.692034 39 8.875485 -2.437088 39 9.328137 -3.066381 39 9.93145 -3.550023 39 10.65677 0.89006 41 16.39971 -2.4e-5 41 16.5 -2.4e-5 41 18.2735 -0.890108 41 8.600289 -2.4e-5 41 8.5 -2.4e-5 41 6.726494 3.127302 41 10.00604 3.603851 41 10.76446 4.999976 41 9.613251 0.890059 41 8.600289 1.735511 41 8.896122 2.493935 41 9.372673 -3.12735 41 14.99396 -3.603899 41 14.23553 -5.000024 41 15.38675 -3.603899 41 10.76446 -3.12735 41 10.00604 -5.000024 41 9.613251 -2.493984 41 9.372673 -1.735559 41 8.896122 -0.890108 41 16.39971 -1.735559 41 16.10388 -2.493983 41 15.62732 -3.899736 41 13.39008 -4.000024 41 12.5 -3.899736 41 11.60992 3.603851 41 14.23553 3.127302 41 14.99396 4.999976 41 15.38675 2.493935 41 15.62732 1.735511 41 16.10388 3.899688 41 11.60992 3.999976 41 12.5 3.899688 41 13.39008 -2.598103 46 14 -3.127353 46 14.99396 -2.121347 46 14.62132 -2.493986 46 15.62732 -1.500027 46 15.09808 -1.735562 46 16.10388 -0.776484 46 15.39778 -0.89011 46 16.39971 -2.7e-5 46 15.5 -2.7e-5 46 16.5 0.77643 46 15.39778 0.890057 46 16.39971 1.499973 46 15.09808 -2.121347 46 10.37868 -3.127353 46 10.00604 -2.598103 46 11 -3.603902 46 10.76446 -2.897804 46 11.72354 -3.899739 46 11.60992 -3.000027 46 12.5 -4.000027 46 12.5 -2.897804 46 13.27646 -3.899739 46 13.39008 -3.603902 46 14.23553 2.598049 46 11 3.127299 46 10.00604 2.121293 46 10.37868 2.493932 46 9.372673 1.499973 46 9.901925 1.735508 46 8.896122 0.77643 46 9.602223 0.890057 46 8.600289 -2.7e-5 46 9.5 -2.7e-5 46 8.5 -0.776484 46 9.602223 -0.890111 46 8.600289 -1.500027 46 9.901925 -1.735562 46 8.896122 -2.493986 46 9.372673 1.735508 46 16.10388 2.493932 46 15.62732 2.121294 46 14.62132 3.127299 46 14.99396 2.598049 46 14 3.603848 46 14.23553 2.897751 46 13.27646 3.899685 46 13.39008 2.999973 46 12.5 3.999973 46 12.5 2.897751 46 11.72354 3.899685 46 11.60992 3.603848 46 10.76446 -2.4e-5 41 8.5 -2.4e-5 41 16.5 4.999977 39 15.38675 4.999977 39 9.613251 -2.4e-5 41 18.2735 -2.3e-5 39 18.2735 -5.000023 39 15.38675 -2.4e-5 41 18.2735 -2.3e-5 39 18.2735 -5.000023 39 9.613251 -2.4e-5 41 6.726494 -2.3e-5 39 6.726494 -2.4e-5 41 6.726494 -2.3e-5 39 6.726494 -3.550023 39 14.34323 -3.066381 39 15.06855 -2.437087 39 15.67186 -1.692034 39 16.12451 -0.86661 39 16.405 -1.9e-5 31.5 16.5 -2.3e-5 39 16.5 0.866564 39 16.405 1.691988 39 16.12451 2.437042 39 15.67186 3.066335 39 15.06855 3.549977 39 14.34323 -2.3e-5 39 8.5 -2.3e-5 39 6.726494 -2.3e-5 39 16.5 -2.3e-5 39 18.2735 -2.4e-5 41 9.5 -0.776481 41 9.602223 -1.500024 41 9.901925 -2.121345 41 10.37868 -2.5981 41 11 -2.897802 41 11.72354 -2.902198 41 11.74014 -3.000024 41 12.5 0.776433 41 9.602223 1.152847 41 9.730366 1.499976 41 9.901925 2.121296 41 10.37868 2.598052 41 11 2.897753 41 11.72354 2.999976 41 12.5 2.897753 41 13.27646 2.598052 41 14 2.121296 41 14.62132 1.499976 41 15.09808 0.776433 41 15.39778 -2.7e-5 46 15.5 -2.4e-5 41 15.5 -0.776481 41 15.39778 -1.500024 41 15.09808 -2.121344 41 14.62132 -2.5981 41 14 -2.897802 41 13.27646 -2.902198 41 13.25986 2.299973 46 13 2.549976 41 12.93301 2.549973 46 12.93301 2.732989 41 12.75 2.732986 46 12.75 2.799976 41 12.5 2.799973 46 12.5 2.732989 41 12.25 2.732986 46 12.25 2.549976 41 12.06699 2.549973 46 12.06699 2.299976 41 12 2.299973 46 12 2.049976 41 12.06699 2.049973 46 12.06699 1.866963 41 12.25 1.86696 46 12.25 1.799976 41 12.5 1.799973 46 12.5 1.866963 41 12.75 1.86696 46 12.75 2.049976 41 12.93301 2.049973 46 12.93301 2.299976 41 13 1.149973 46 11.00814 1.399976 41 10.94115 1.399973 46 10.94115 1.582989 41 10.75814 1.582986 46 10.75814 1.649976 41 10.50814 1.649973 46 10.50814 1.582989 41 10.25814 1.582986 46 10.25814 1.399976 41 10.07513 1.399973 46 10.07513 1.149976 41 10.00814 1.149973 46 10.00814 0.899976 41 10.07513 0.899973 46 10.07513 0.716963 41 10.25814 0.71696 46 10.25814 0.649976 41 10.50814 0.649973 46 10.50814 0.716963 41 10.75814 0.71696 46 10.75814 0.899976 41 10.94115 0.899973 46 10.94115 1.149976 41 11.00814 -1.150027 46 11.00814 -0.900024 41 10.94115 -0.900027 46 10.94115 -0.717012 41 10.75814 -0.717014 46 10.75814 -0.650024 41 10.50814 -0.650027 46 10.50814 -0.717012 41 10.25814 -0.717014 46 10.25814 -0.900024 41 10.07513 -0.900027 46 10.07513 -1.150024 41 10.00814 -1.150027 46 10.00814 -1.400024 41 10.07513 -1.400027 46 10.07513 -1.583037 41 10.25814 -1.58304 46 10.25814 -1.650024 41 10.50814 -1.650027 46 10.50814 -1.583037 41 10.75814 -1.58304 46 10.75814 -1.400024 41 10.94115 -1.400027 46 10.94115 -1.150024 41 11.00814 1.149973 46 14.99186 1.399976 41 14.92487 1.399973 46 14.92487 1.582989 41 14.74186 1.582986 46 14.74186 1.649976 41 14.49186 1.649973 46 14.49186 1.582989 41 14.24186 1.582986 46 14.24186 1.399976 41 14.05885 1.399973 46 14.05885 1.149976 41 13.99186 1.149973 46 13.99186 0.899976 41 14.05885 0.899973 46 14.05885 0.716963 41 14.24186 0.71696 46 14.24186 0.649976 41 14.49186 0.649973 46 14.49186 0.716963 41 14.74186 0.71696 46 14.74186 0.899976 41 14.92487 0.899973 46 14.92487 1.149976 41 14.99186 -1.150027 46 14.99186 -0.900024 41 14.92487 -0.900027 46 14.92487 -0.717011 41 14.74186 -0.717014 46 14.74186 -0.650024 41 14.49186 -0.650027 46 14.49186 -0.717011 41 14.24186 -0.717014 46 14.24186 -0.900024 41 14.05885 -0.900027 46 14.05885 -1.150024 41 13.99186 -1.150027 46 13.99186 -1.400024 41 14.05885 -1.400027 46 14.05885 -1.583037 41 14.24186 -1.58304 46 14.24186 -1.650024 41 14.49186 -1.650027 46 14.49186 -1.583037 41 14.74186 -1.58304 46 14.74186 -1.400024 41 14.92487 -1.400027 46 14.92487 -1.150024 41 14.99186 -2.300027 46 13 -2.050024 41 12.93301 -2.050027 46 12.93301 -1.867011 41 12.75 -1.867014 46 12.75 -1.800024 41 12.5 -1.800027 46 12.5 -1.867011 41 12.25 -1.867014 46 12.25 -2.050024 41 12.06699 -2.050027 46 12.06699 -2.300024 41 12 -2.300027 46 12 -2.550024 41 12.06699 -2.550027 46 12.06699 -2.733037 41 12.25 -2.73304 46 12.25 -2.800024 41 12.5 -2.800027 46 12.5 -2.733037 41 12.75 -2.73304 46 12.75 -2.550024 41 12.93301 -2.550027 46 12.93301 -2.300024 41 13 -2.7e-5 46 13 0.249976 41 12.93301 0.2499729 46 12.93301 0.432989 41 12.75 0.432986 46 12.75 0.499976 41 12.5 0.499973 46 12.5 0.432989 41 12.25 0.432986 46 12.25 0.249976 41 12.06699 0.2499729 46 12.06699 -2.4e-5 41 12 -2.7e-5 46 12 -0.250024 41 12.06699 -0.250027 46 12.06699 -0.433037 41 12.25 -0.43304 46 12.25 -0.500024 41 12.5 -0.500027 46 12.5 -0.433037 41 12.75 -0.43304 46 12.75 -0.250024 41 12.93301 -0.250027 46 12.93301 -2.4e-5 41 13 1.724976 41 11.50407 -1.725024 41 13.49593 -2.4e-5 41 15.5 -0.575024 41 13.49593 -1.725024 41 11.50407 -0.575024 41 11.50407 -0.575024 41 9.754075 0.574976 41 9.754075 -2.4e-5 41 9.5 0.574976 41 11.50407 1.724976 41 13.49593 0.574976 41 13.49593 -2.4e-5 41 13 -2.4e-5 41 12 -2.300027 46 12.5 -1.150027 46 14.49186 1.149973 46 14.49186 -1.150027 46 10.50814 1.149973 46 10.50814 2.299973 46 12.5 -2.7e-5 46 12.5 -2.7e-5 46 13 2.0641 29.5 13.82158 2.350216 29.5 13.82158 2.0641 29.5 11.0013 2.350215 29.5 11.0013 -2.064136 29.5 13.82158 -1.846143 29.5 13.82158 -2.064136 29.5 11.0013 -1.846143 29.5 11.0013 3.456143 38.22382 16.13771 3.518757 38.40223 16.20362 3.073641 38.40223 16.58059 3.092487 38.6 16.6056 2.604325 38.6 16.93136 2.588454 38.79777 16.90436 2.069523 38.79777 17.17071 2.032696 38.97618 17.0876 1.4965 38.97618 17.28941 1.454272 39.11777 17.15427 0.914246 39.11777 17.28971 0.880794 39.20867 17.11446 0.349044 39.20867 17.18478 0.334349 39.24 16.98756 -0.179374 39.24 16.99642 -0.171491 39.20867 16.79881 -0.660401 39.20867 16.75124 -0.633016 39.11777 16.57495 -1.093398 39.11777 16.47623 -1.055858 38.97618 16.33971 -1.48667 38.97618 16.19433 -1.452733 38.79777 16.10999 -1.854772 38.79777 15.92086 -1.839841 38.6 15.89333 -2.214659 38.6 15.66149 -2.232631 38.40223 15.68714 -2.581385 38.40223 15.41187 -2.641688 38.22382 15.47989 -2.964151 38.22382 15.15934 -3.06954 38.08223 15.25389 -3.363453 38.08223 14.88604 -3.508967 37.99132 14.98927 -3.769851 37.99132 14.57306 -3.943148 37.95999 14.66836 -4.164619 37.95999 14.20474 -4.347649 37.99132 14.27966 -4.522176 37.99132 13.77247 -4.693918 38.08222 13.82079 -4.813882 38.08222 13.27712 -4.95366 38.22381 13.29969 -5.012528 38.22381 12.7298 -5.103339 38.40222 12.73396 -5.096744 38.40222 12.15071 -5.127995 38.6 12.14856 -5.054508 38.6 11.56631 -5.023705 38.79777 11.572 -4.885176 38.79777 11.00539 -4.798248 38.97618 11.03199 -4.599631 38.97618 10.4946 -4.469843 39.11777 10.55119 -4.218559 39.11777 10.05437 -4.06421 39.20867 10.14385 -3.769137 39.20867 9.695927 -3.610462 39.23999 9.813977 -3.280745 39.24 9.419926 -3.13656 39.20867 9.555291 -2.780443 39.20867 9.216946 -2.66514 39.11777 9.353093 -2.289048 39.11777 9.069806 -2.210456 38.97618 9.187581 -1.81846 38.97618 8.9572 -1.776949 38.79777 9.038075 -1.370737 38.79777 8.858086 -1.359703 38.6 8.887402 -0.939035 38.6 8.755955 -0.946655 38.40223 8.725575 -0.510233 38.40223 8.64227 -0.522152 38.22382 8.552147 -0.06872695 38.22382 8.518364 -0.07116997 38.08223 8.376797 0.399304 38.08223 8.395565 0.41658 37.99132 8.217991 0.901977 37.99132 8.293389 0.943442 37.96 8.100014 1.438852 37.96 8.236241 1.50209 37.99132 8.048855 1.999691 37.99132 8.249096 2.075636 38.08223 8.087655 2.565076 38.08223 8.35302 2.639558 38.22382 8.232609 3.108799 38.22382 8.561314 3.16512 38.40223 8.48996 3.601599 38.40223 8.876893 3.623682 38.6 8.85468 4.015597 38.6 9.291512 3.991125 38.79777 9.311066 4.328621 38.79777 9.786808 4.251596 38.97618 9.835087 4.52766 38.97618 10.3371 4.3999 39.11777 10.39814 4.610815 39.11777 10.91339 4.442111 39.20868 10.97144 4.587399 39.20868 11.48777 4.394274 39.24 11.53039 4.476158 39.24 12.03762 4.279434 39.20868 12.05794 4.301931 39.20868 12.54864 4.123531 39.11777 12.54662 4.091338 39.11777 13.01637 3.950864 38.97618 12.99864 3.86827 38.97618 13.44576 3.779966 38.79777 13.42417 3.64998 38.79777 13.84903 3.620598 38.6 13.83817 3.444458 38.6 14.24217 3.47241 38.40223 14.25631 3.249572 38.40223 14.64068 3.325486 38.22382 14.69069 3.054089 38.22382 15.05549 3.162678 38.08223 15.14635 2.840401 38.08223 15.48963 2.963289 37.99132 15.61897 2.588437 37.99132 15.93643 2.707428 37.96 16.0944 2.280049 37.96 16.3796 2.380256 37.99132 16.5501 1.903064 37.99132 16.79503 1.975339 38.08223 16.95815 1.454272 38.08223 17.15427 1.4965 38.22382 17.28941 0.940794 38.22382 17.42878 0.957838 38.40223 17.51807 0.379577 38.40223 17.59455 0.381905 38.6 17.62579 -0.204881 38.6 17.63592 -0.203633 38.79777 17.60462 -0.784188 38.79777 17.54813 -0.770234 38.97618 17.45831 -1.330418 38.97618 17.33819 -1.292878 39.11777 17.20167 -1.820401 39.11777 17.02365 -1.753796 39.20867 16.85813 -2.239154 39.20867 16.62981 -2.144889 39.24 16.45595 -2.581853 39.24 16.18567 -2.468384 39.20867 16.02369 -2.853965 39.20867 15.71935 -2.735613 39.11777 15.58584 -3.069541 39.11777 15.25389 -2.964151 38.97618 15.15934 -3.247972 38.97618 14.80412 -3.173829 38.79777 14.75152 -3.409796 38.79777 14.37506 -3.382348 38.6 14.35997 -3.572321 38.6 13.96229 -3.60131 38.40222 13.97415 -3.745877 38.40222 13.55403 -3.833384 38.22381 13.57865 -3.931354 38.22381 13.13465 -4.071132 38.08222 13.15722 -4.119513 38.08222 12.68886 -4.297738 37.99132 12.69703 -4.292183 37.99132 12.20584 -4.489492 37.95999 12.19232 -4.425156 37.95999 11.68257 -4.619636 37.99132 11.64664 -4.492249 37.99132 11.12561 -4.662854 38.08222 11.07341 -4.469842 38.08222 10.55119 -4.599631 38.22381 10.4946 -4.341051 38.22381 9.983357 -4.419696 38.40222 9.937764 -4.098814 38.40222 9.450657 -4.123946 38.6 9.431962 -3.747335 38.6 8.981869 -3.724499 38.79777 9.003308 -3.301629 38.79777 8.601544 -3.242879 38.97618 8.670914 -2.785259 38.97618 8.326214 -2.706667 39.11777 8.443989 -2.226674 39.11777 8.161892 -2.145204 39.20867 8.320614 -1.654807 39.20867 8.103325 -1.585143 39.24 8.288422 -1.094727 39.24 8.135186 -1.046615 39.20867 8.327015 -0.564109 39.20867 8.23491 -0.540716 39.11777 8.411786 -0.07116997 39.11777 8.376797 -0.06872695 38.97618 8.518364 0.385593 38.97618 8.536484 0.37679 38.79777 8.626965 0.815827 38.79777 8.695164 0.80926 38.6 8.725792 1.234212 38.6 8.842644 1.244228 38.40223 8.812966 3.848283 38.22382 15.72003 3.739694 38.08223 15.62917 4.072015 38.08223 15.18247 3.923026 37.99132 15.08433 4.192045 37.99132 14.62029 4.015564 37.96 14.53102 4.220909 37.96 14.06004 4.035403 37.99132 13.99148 4.179115 37.99132 13.52176 4.005808 38.08223 13.47939 4.091338 38.08223 13.01637 3.950864 38.22382 12.99864 3.981952 38.22382 12.54502 3.891052 38.40223 12.544 3.870705 38.40223 12.10016 3.839546 38.6 12.10338 3.769308 38.6 11.66829 3.799896 38.79777 11.66154 3.679549 38.79777 11.23384 3.765507 38.97618 11.20426 3.59326 38.97618 10.78347 3.721019 39.11777 10.72244 3.494138 39.11777 10.30986 3.645308 39.20868 10.21511 3.361089 39.20867 9.814465 3.515597 39.24 9.69101 3.172481 39.24 9.308571 3.31191 39.20867 9.168313 2.910538 39.20867 8.812497 3.021075 39.11777 8.672455 2.565075 39.11777 8.35302 2.639557 38.97618 8.232609 2.135906 38.97618 7.959534 2.174602 38.79777 7.877274 1.633476 38.79777 7.659519 1.643492 38.6 7.629841 1.077623 38.6 7.474239 1.071055 38.40223 7.504864 0.494672 38.40223 7.415333 0.485869 38.22382 7.50581 -0.08659297 38.22382 7.482975 -0.08414995 38.08223 7.624542 -0.639362 38.08223 7.665913 -0.615969 37.99132 7.842781 -1.142837 37.99132 7.943356 -1.094726 37.96 8.135186 -1.585142 37.96 8.288422 -1.515478 37.99132 8.473515 -1.964584 37.99132 8.672509 -1.883114 38.08223 8.831238 -2.289047 38.08223 9.069806 -2.210456 38.22382 9.187581 -2.573635 38.22382 9.461144 -2.514885 38.40223 9.53051 -2.836989 38.40223 9.836541 -2.814152 38.6 9.857979 -3.096977 38.6 10.19599 -3.122109 38.79777 10.17729 -3.366527 38.79777 10.54832 -3.445172 38.97618 10.50273 -3.650388 38.97618 10.90847 -3.780177 39.11777 10.85188 -3.943409 39.11777 11.29352 -4.114014 39.20867 11.24133 -4.230676 39.20867 11.71849 -4.425157 39.23999 11.68257 -4.489493 39.23999 12.19232 -4.686801 39.20867 12.1788 -4.692865 39.20867 12.71514 -4.871089 39.11777 12.72332 -4.813882 39.11777 13.27712 -4.95366 38.97618 13.29969 -4.830215 38.97618 13.85914 -4.917721 38.79777 13.88377 -4.727929 38.79777 14.43532 -4.756918 38.6 14.44719 -4.503948 38.6 14.97674 -4.4765 38.40222 14.96165 -4.166714 38.40222 15.45588 -4.092571 38.22381 15.40329 -3.734945 38.22381 15.85088 -3.629555 38.08222 15.75632 -3.234704 38.08223 16.14883 -3.116352 37.99132 16.01533 -2.695321 37.99132 16.34765 -2.581852 37.96 16.18567 -2.144889 37.96 16.45595 -2.050624 37.99132 16.28209 -1.606132 37.99132 16.49119 -1.539527 38.08223 16.32568 -1.093398 38.08223 16.47623 -1.055858 38.22382 16.33971 -0.611282 38.22382 16.43504 -0.597328 38.40223 16.34521 -0.1551139 38.40223 16.38823 -0.1538659 38.6 16.35693 0.286794 38.6 16.34933 0.289122 38.79777 16.38057 0.729588 38.79777 16.32231 0.746633 38.97618 16.41161 1.187655 38.97618 16.301 1.229883 39.11777 16.43614 1.670552 39.11777 16.27029 1.742828 39.20867 16.4334 2.179841 39.20867 16.20909 2.280048 39.24 16.3796 2.707427 39.24 16.0944 2.826417 39.20867 16.25237 3.235731 39.20867 15.90572 3.358619 39.11777 16.03507 3.739693 39.11777 15.62917 3.848282 38.97618 15.72003 4.190253 38.97618 15.26036 4.266168 38.79777 15.31037 4.558717 38.79777 14.80574 4.586669 38.6 14.81988 4.821219 38.6 14.28192 4.791838 38.40223 14.27106 4.962489 38.40223 13.71328 4.874184 38.22382 13.69169 4.978256 38.22382 13.12831 4.837782 38.08223 13.11058 4.875848 38.08223 12.55513 4.697448 37.99132 12.55311 4.672884 37.99132 12.0173 4.476159 37.96 12.03762 4.394275 37.96 11.53039 4.201149 37.99132 11.573 4.068095 37.99132 11.10014 3.899391 38.08223 11.15819 3.72102 38.08223 10.72244 3.59326 38.22382 10.78347 3.374169 38.22382 10.38506 3.297144 38.40223 10.43334 3.04007 38.40223 10.07096 3.015599 38.6 10.09051 2.721281 38.6 9.762463 2.743364 38.79777 9.74025 2.410894 38.79777 9.445515 2.467216 38.97618 9.374161 2.094814 38.97618 9.113289 2.169296 39.11777 8.992878 1.755374 39.11777 8.768456 1.831319 39.20867 8.60701 1.375615 39.20867 8.42363 1.438852 39.24 8.236241 0.943441 39.24 8.100014 0.984905 39.20867 7.906639 0.454881 39.20867 7.824306 0.472158 39.11777 7.646732 -0.08415096 39.11777 7.624542 -0.08659297 38.97618 7.482975 -0.657927 38.97618 7.525547 -0.669846 38.79777 7.435425 -1.242797 38.79777 7.544792 -1.250417 38.6 7.514408 -1.810582 38.6 7.689442 -1.799548 38.40223 7.718758 -2.332839 38.40223 7.955051 -2.291328 38.22382 8.035927 -2.785258 38.22382 8.326214 -2.706666 38.08223 8.443989 -3.151374 38.08223 8.778958 -3.036071 37.99132 8.915108 -3.424928 37.99132 9.284558 -3.280744 37.96 9.419926 -3.610461 37.95999 9.813977 -3.451786 37.99132 9.932023 -3.722014 37.99132 10.34223 -3.567664 38.08222 10.43171 -3.780176 38.08222 10.85188 -3.650387 38.22381 10.90847 -3.808015 38.22381 11.33495 -3.721087 38.40222 11.36154 -3.826606 38.40222 11.79313 -3.795804 38.6 11.79882 -3.85099 38.6 12.23608 -3.88224 38.79777 12.23394 -3.887264 38.79777 12.67821 -3.978074 38.97618 12.68238 -3.931354 38.97618 13.13465 -4.071133 39.11777 13.15722 -3.96968 39.11777 13.617 -4.141422 39.20867 13.66533 -3.98159 39.20867 14.12982 -4.164619 39.23999 14.20474 -3.943148 39.23999 14.66836 -4.116445 39.20867 14.76365 -3.831576 39.20867 15.21813 -3.97709 39.11777 15.32136 -3.629555 39.11777 15.75632 -3.734945 38.97618 15.85088 -3.328629 38.97618 16.25478 -3.388932 38.79777 16.32281 -2.931075 38.79777 16.6842 -2.949046 38.6 16.70985 -2.449937 38.6 17.01858 -2.435006 38.40223 16.99104 -1.907195 38.40223 17.23933 -1.873258 38.22382 17.155 -1.330418 38.22382 17.33819 -1.292878 38.08223 17.20167 -0.748501 38.08223 17.3184 -0.721115 37.99132 17.1421 -0.187255 37.99132 17.19404 -0.179373 37.96 16.99642 0.33435 37.96 16.98756 0.319654 37.99132 16.79034 0.806632 37.99132 16.72593 0.77318 38.08223 16.55068 1.229884 38.08223 16.43614 1.187655 38.22382 16.301 1.613195 38.22382 16.14084 1.576369 38.40223 16.05772 1.971643 38.40223 15.85484 1.955772 38.6 15.82783 2.322368 38.6 15.5832 2.341214 38.79777 15.60822 2.680263 38.79777 15.32108 2.742877 38.97618 15.38698 3.054089 38.97618 15.05549 3.162678 39.11777 15.14635 3.443724 39.11777 14.76858 3.592713 39.20868 14.86673 3.839082 39.20868 14.44176 4.015564 39.24 14.53102 4.220909 39.24 14.06004 4.406415 39.20868 14.12861 4.563339 39.20868 13.6157 4.736647 39.11777 13.65807 4.837781 39.11777 13.11058 4.978255 38.97618 13.12831 5.017427 38.97618 12.55673 5.108326 38.79777 12.55776 5.081613 38.79777 11.97507 5.112772 38.6 11.97186 5.019241 38.6 11.39248 4.988653 38.40223 11.39923 4.830657 38.40223 10.83774 4.744699 38.22382 10.86732 4.52766 38.22382 10.3371 4.399901 38.08223 10.39814 4.131627 38.08223 9.910286 3.980457 37.99132 10.00504 3.670106 37.99132 9.567559 3.515598 37.96 9.69101 3.172482 37.96 9.308571 3.033053 37.99132 9.448834 2.665476 37.99132 9.122975 2.554939 38.08223 9.26302 2.169297 38.08223 8.992878 2.094815 38.22382 9.113289 1.695104 38.22382 8.896569 1.656408 38.40223 8.978829 3.018947 38.22382 16.50797 2.588454 38.40223 16.90436 2.082212 38.6 17.19935 1.523612 38.79777 17.37618 0.940793 38.97618 17.42878 0.362301 39.11777 17.3627 -0.187256 39.20867 17.19404 -0.690758 39.24 16.94667 -1.140702 39.20867 16.64826 -1.539528 39.11777 16.32568 -1.898101 38.97618 16.00078 -2.232631 38.79777 15.68714 -2.560606 38.6 15.38843 -2.896487 38.40223 15.09863 -3.247972 38.22382 14.80412 -3.613518 38.08222 14.48709 -3.981589 37.99132 14.12982 -4.331799 37.95999 13.7189 -4.63775 37.99132 13.24869 -4.871089 38.08222 12.72332 -5.006051 38.22381 12.15692 -5.023705 38.40222 11.572 -4.915129 38.6 10.99623 -4.682961 38.79777 10.45827 -4.341051 38.97618 9.983357 -3.912281 39.11777 9.589432 -3.424929 39.20867 9.284558 -2.908258 39.24 9.066025 -2.38808 39.20867 8.921402 -1.883115 39.11777 8.831238 -1.402758 38.97618 8.773007 -0.946655 38.79777 8.725575 -0.506126 38.6 8.673321 -0.06715899 38.40223 8.609257 0.385593 38.22382 8.536484 0.864572 38.08223 8.467839 1.375615 37.99132 8.42363 1.915505 37.96 8.428051 2.471223 37.99132 8.504754 3.021076 38.08223 8.672455 3.537511 38.22382 8.941369 3.991126 38.40223 9.311066 4.355162 38.6 9.770173 4.609687 38.79777 10.29792 4.744699 38.97618 10.86732 4.761621 39.11777 11.44933 4.672883 39.20868 12.0173 4.499689 39.24 12.55088 4.268345 39.20868 13.03871 4.005807 39.11777 13.47939 3.735247 38.97618 13.88054 3.47241 38.79777 14.25631 3.223414 38.6 14.62345 2.984371 38.40223 14.99716 2.742877 38.22382 15.38698 2.481095 38.08223 15.79392 2.179842 37.99132 16.20909 1.822946 37.96 16.61422 1.401062 37.99132 16.98397 0.914247 38.08223 17.28971 0.372823 38.22382 17.5039 -0.2036319 38.40223 17.60462 -0.788996 38.6 17.57909 -1.354521 38.79777 17.42584 -1.873258 38.97618 17.155 -2.324192 39.11777 16.78665 -2.695322 39.20867 16.34765 -2.985158 39.24 15.86734 -3.20234 39.20867 15.37304 -3.363453 39.11777 14.88604 -3.489451 38.97618 14.41886 -3.60131 38.79777 13.97415 -3.715724 38.6 13.54554 -3.841611 38.40222 13.12016 -3.978073 38.22381 12.68238 -4.114189 38.08222 12.21804 -4.230675 37.99132 11.71849 -4.303131 37.95999 11.18347 -4.306298 37.99132 10.62249 -4.218558 38.08222 10.05437 -4.025879 38.22381 9.504921 -3.724499 38.40222 9.003308 -3.321873 38.6 8.577641 -2.835718 38.79777 8.250599 -2.291328 38.97618 8.035927 -1.717653 39.11777 7.936352 -1.142838 39.20867 7.943356 -0.590039 39.24 8.038849 -0.07424795 39.20867 8.19841 0.399303 39.11777 8.395565 0.834886 38.97618 8.606278 1.244228 38.79777 8.812966 1.643074 38.6 9.007176 3.358619 38.08223 16.03507 3.602864 37.99132 15.51467 3.75787 37.96 14.97553 3.839083 37.99132 14.44176 3.868056 38.08223 13.92963 3.86827 38.22382 13.44576 3.860674 38.40223 12.98726 3.85973 38.6 12.54364 3.870704 38.79777 12.10016 3.888665 38.97618 11.64195 3.899391 39.11777 11.15819 3.882005 39.20868 10.64554 3.812882 39.24 10.11007 3.670106 39.20868 9.567559 3.43769 39.11777 9.041783 3.108798 38.97618 8.561314 2.687378 38.79777 8.155297 2.187936 38.6 7.848934 1.633476 38.40223 7.659519 1.051997 38.22382 7.59375 0.472158 38.08223 7.646732 -0.08107197 37.99132 7.802929 -0.590039 37.96 8.038849 -1.046615 37.99132 8.327015 -1.452632 38.08223 8.640496 -1.81846 38.22382 8.9572 -2.159997 38.40223 9.263195 -2.494642 38.6 9.554417 -2.836989 38.79777 9.836541 -3.195044 38.97618 10.12303 -3.567665 39.11777 10.43171 -3.94372 39.20867 10.78057 -4.303132 39.23999 11.18347 -4.619637 39.20867 11.64664 -4.864794 39.11777 12.1666 -5.012529 38.97618 12.7298 -5.043404 38.79777 13.31417 -4.947874 38.6 13.89225 -4.727928 38.40222 14.43532 -4.396844 38.22381 14.91785 -3.97709 38.08222 15.32136 -3.496756 37.99132 15.63718 -2.985158 37.96 15.86734 -2.468383 37.99132 16.02369 -1.965586 38.08223 16.12525 -1.486669 38.22382 16.19433 -1.031756 38.40223 16.25206 -0.59252 38.6 16.31426 -0.1551139 38.79777 16.38823 0.295876 38.97618 16.47122 0.77318 39.11777 16.55068 1.283093 39.20867 16.60643 1.822945 39.24 16.61422 2.380255 39.20867 16.5501 2.933759 39.11777 16.39488 3.456143 38.97618 16.13771 3.918001 38.79777 15.77836 4.292325 38.6 15.3276 4.558718 38.40223 14.80574 4.70657 38.22382 14.23954 4.736647 38.08223 13.65807 4.660774 37.99132 13.08824 4.49969 37.96 12.55088 4.279435 37.99132 12.05794 4.026928 38.08223 11.61144 3.765508 38.22382 11.20426 3.511234 38.40223 10.82266 3.270603 38.6 10.44997 3.04007 38.79777 10.07096 2.807452 38.97618 9.675778 2.554938 39.11777 9.26302 2.263149 39.20867 8.841145 1.915504 39.24 8.428051 1.502089 39.20867 8.048855 1.022311 39.11777 7.732193 0.485869 38.97618 7.50581 -0.088162 38.79777 7.392086 -0.673953 38.6 7.404373 -1.242797 38.40223 7.544792 -1.767526 38.22382 7.803833 -2.226673 38.08223 8.161892 -2.607634 37.99132 8.592389 -2.908257 37.96 9.066025 -3.136559 37.99132 9.555291 -3.308643 38.08223 10.03852 -3.445172 38.22381 10.50273 -3.567058 38.40222 10.94479 -3.691134 38.6 11.37071 -3.826606 38.79777 11.79313 -3.972933 38.97618 12.22772 -4.119513 39.11777 12.68886 -4.247264 39.20867 13.18565 -4.3318 39.23999 13.7189 -4.34765 39.20867 14.27966 -4.272778 39.11777 14.84962 -4.092571 38.97618 15.40329 -3.802609 38.79777 15.91158 -3.409711 38.6 16.34625 -2.931074 38.40223 16.6842 -2.391678 38.22382 16.91112 -1.8204 38.08223 17.02365 -1.245574 37.99132 17.02964 -0.690758 37.96 16.94667 -0.171491 37.99132 16.79881 0.306397 38.08223 16.61242 0.746633 38.22382 16.41161 1.160543 38.40223 16.21423 1.563679 38.6 16.02908 1.971643 38.79777 15.85484 2.395907 38.97618 15.68083 2.840401 39.11777 15.48963 3.299508 39.20867 15.26085 3.757869 39.24 14.97553 4.192045 39.20868 14.62029 4.573762 39.11777 14.19046 4.874184 38.97618 13.69169 5.068445 38.79777 13.13969 5.139648 38.6 12.55811 5.081613 38.40223 11.97507 4.899883 38.22382 11.41882 4.610816 38.08223 10.91339 4.238915 37.99132 10.47504 3.812883 37.96 10.11007 3.36109 37.99132 9.814465 2.907273 38.08223 9.575364 2.467216 38.22382 9.374161 2.046994 38.40223 9.190602 2.542394 38.22382 16.82599 2.069523 38.40223 17.17071 1.532954 38.6 17.40608 0.957838 38.79777 17.51807 0.372822 38.97618 17.5039 -0.194367 39.11777 17.37231 -0.721116 39.20867 17.1421 -1.193138 39.24 16.83895 -1.606132 39.20867 16.49119 -1.965587 39.11777 16.12525 -2.284787 38.97618 15.76159 -2.581385 38.79777 15.41187 -2.873171 38.6 15.07771 -3.173829 38.40223 14.75152 -3.489451 38.22381 14.41886 -3.816475 38.08222 14.06223 -4.141421 37.99132 13.66533 -4.442507 37.95999 13.21717 -4.692864 37.99132 12.71514 -4.864794 38.08222 12.1666 -4.934312 38.22381 11.58851 -4.885176 38.40222 11.00539 -4.711674 38.6 10.44575 -4.419696 38.79777 9.937764 -4.025879 38.97618 9.504921 -3.555 39.11777 9.162442 -3.036072 39.20867 8.915108 -2.497858 39.24 8.756897 -1.964584 39.20867 8.672509 -1.452633 39.11777 8.640496 -0.96877 38.97618 8.637402 -0.510233 38.79777 8.64227 -0.06661796 38.6 8.640576 0.37679 38.40223 8.626965 0.834886 38.22382 8.606278 1.318568 38.08223 8.592675 1.83132 37.99132 8.60701 2.367186 37.96 8.672947 2.910538 37.99132 8.812497 3.437691 38.08223 9.041783 3.920106 38.22382 9.36781 4.328621 38.40223 9.786808 4.637951 38.6 10.28442 4.830657 38.79777 10.83774 4.899883 38.97618 11.41882 4.85035 39.11777 11.99896 4.697448 39.20868 12.55311 4.46456 39.24 13.06347 4.179114 39.20868 13.52176 3.868055 39.11777 13.92963 3.55353 38.97618 14.29734 3.249572 38.79777 14.64068 2.960347 38.6 14.97706 2.680263 38.40223 15.32108 2.395908 38.22382 15.68083 2.089443 38.08223 16.05528 1.742828 37.99132 16.4334 1.342078 37.96 16.7952 0.880795 37.99132 17.11446 0.362302 38.08223 17.3627 -0.200009 38.22382 17.51378 -0.784188 38.40223 17.54813 -1.362826 38.6 17.45604 -1.907195 38.79777 17.23933 -2.391678 38.97618 16.91112 -2.797684 39.11777 16.49378 -3.116353 39.20867 16.01533 -3.349549 39.24 15.50511 -3.508968 39.20867 14.98927 -3.613518 39.11777 14.48709 -3.68544 38.97618 14.00859 -3.745877 38.79777 13.55403 -3.810687 38.6 13.11517 -3.887264 38.40222 12.67821 -3.972933 38.22381 12.22772 -4.055232 38.08222 11.7509 -4.114013 37.99132 11.24133 -4.125009 37.95999 10.70153 -4.064209 37.99132 10.14385 -3.91228 38.08222 9.589432 -3.658224 38.22381 9.065529 -3.301629 38.40223 8.601544 -2.853105 38.6 8.224545 -2.332839 38.79777 7.955051 -1.767527 38.97618 7.803833 -1.18624 39.11777 7.770302 -0.61597 39.20867 7.842781 -0.07766097 39.24 8.000672 0.41658 39.20867 8.217991 0.864571 39.11777 8.467839 1.273295 38.97618 8.72683 1.656408 38.79777 8.978829 2.030516 38.6 9.21724 2.93376 38.08223 16.39488 3.235732 37.99132 15.90572 3.451186 37.96 15.38776 3.592714 37.99132 14.86673 3.679877 38.08223 14.36124 3.735248 38.22382 13.88054 3.779966 38.40223 13.42417 3.829597 38.6 12.98334 3.891052 38.79777 12.544 3.961128 38.97618 12.09082 4.026928 39.11777 11.61144 4.068094 39.20868 11.10014 4.06046 39.24 10.56029 3.980456 39.20868 10.00504 3.80949 39.11777 9.456192 3.53751 38.97618 8.941369 3.165119 38.79777 8.48996 2.703856 38.6 8.128659 2.174602 38.40223 7.877274 1.604409 38.22382 7.745651 1.022311 38.08223 7.732193 0.454882 37.99132 7.824306 -0.07765996 37.96 8.000672 -0.564108 37.99132 8.23491 -1.003213 38.08223 8.500065 -1.402758 38.22382 8.773007 -1.776949 38.40223 9.038075 -2.14261 38.6 9.28925 -2.514886 38.79777 9.53051 -2.903264 38.97618 9.774319 -3.308643 39.11777 10.03852 -3.722014 39.20867 10.34223 -4.12501 39.23999 10.70153 -4.492249 39.20867 11.12561 -4.79508 39.11777 11.61423 -5.006051 38.97618 12.15692 -5.103339 38.79777 12.73396 -5.074327 38.6 13.31917 -4.917721 38.40222 13.88377 -4.643798 38.22381 14.40089 -4.272778 38.08222 14.84962 -3.831575 37.99132 15.21813 -3.349548 37.96 15.50511 -2.853964 37.99132 15.71935 -2.366022 38.08223 15.87756 -1.8981 38.22382 16.00078 -1.452733 38.40223 16.10999 -1.023451 38.6 16.22186 -0.597328 38.79777 16.34521 -0.158737 38.97618 16.47907 0.306397 39.11777 16.61242 0.806631 39.20867 16.72593 1.342077 39.24 16.7952 1.903063 39.20867 16.79503 2.470654 39.11777 16.70392 3.018947 38.97618 16.50797 3.518757 38.79777 16.20362 3.942025 38.6 15.79846 4.266168 38.40223 15.31037 4.477598 38.22382 14.76472 4.573762 38.08223 14.19046 4.56334 37.99132 13.6157 4.46456 37.96 13.06347 4.301932 37.99132 12.54864 4.101968 38.08223 12.07627 3.888666 38.22382 11.64195 3.679549 38.40223 11.23384 3.482969 38.6 10.83616 3.297144 38.79777 10.43334 3.111089 38.97618 10.01422 2.907272 39.11777 9.575364 2.665475 39.20867 9.122975 2.367186 39.24 8.672947 1.99969 39.20867 8.249096 1.559136 39.11777 7.879806 1.051996 38.97618 7.59375 0.494671 38.79777 7.415333 -0.08870196 38.6 7.360764 -0.669845 38.40223 7.435425 -1.220683 38.22382 7.632965 -1.717652 38.08223 7.936352 -2.145203 37.99132 8.320614 -2.497857 37.96 8.756897 -2.780443 37.99132 9.216946 -3.006488 38.08223 9.677407 -3.195044 38.22382 10.12303 -3.366527 38.40223 10.54832 -3.538345 38.6 10.95732 -3.721087 38.79777 11.36154 -3.915999 38.97618 11.77662 -4.11419 39.11777 12.21804 -4.297738 39.20867 12.69703 -4.442507 39.23999 13.21717 -4.522177 39.20867 13.77247 -4.512764 39.11777 14.34725 -4.396845 38.97618 14.91785 -4.166715 38.79777 15.45588 -3.825925 38.6 15.9325 -3.388932 38.40223 16.32281 -2.878918 38.22382 16.60974 -2.324191 38.08223 16.78665 -1.753795 37.99132 16.85813 -1.193138 37.96 16.83895 -0.660401 37.99132 16.75124 -0.16438 38.08223 16.62054 0.295877 38.22382 16.47122 0.729588 38.40223 16.32231 1.151201 38.6 16.18433 1.576368 38.79777 16.05772 2.017703 38.97618 15.93321 2.481095 39.11777 15.79392 2.963288 39.20867 15.61897 3.451185 39.24 15.38776 3.923025 39.20868 15.08433 4.351251 39.11777 14.70081 4.70657 38.97618 14.23954 4.962489 38.79777 13.71328 5.099522 38.6 13.14361 5.108326 38.40223 12.55776 4.991189 38.22382 11.98441 4.761621 38.08223 11.44933 4.442112 37.99132 10.97144 4.060461 37.96 10.56029 3.645309 37.99132 10.21511 3.221706 38.08223 9.925835 2.807453 38.22382 9.675778 2.410894 38.40223 9.445515 2.032697 38.22382 17.0876 1.523612 38.40223 17.37618 0.963711 38.6 17.54884 0.379577 38.79777 17.59455 -0.20001 38.97618 17.51378 -0.748501 39.11777 17.3184 -1.245575 39.20867 17.02964 -1.679964 39.24 16.67466 -2.050625 39.20867 16.28209 -2.366022 39.11777 15.87756 -2.641688 38.97618 15.47989 -2.896487 38.79777 15.09863 -3.148281 38.6 14.7334 -3.409795 38.40223 14.37506 -3.68544 38.22381 14.00859 -3.969679 38.08222 13.617 -4.247264 37.99132 13.18565 -4.495301 37.95999 12.70609 -4.6868 37.99132 12.1788 -4.79508 38.08222 11.61423 -4.798247 38.22381 11.03199 -4.682961 38.40222 10.45827 -4.446795 38.6 9.922055 -4.098814 38.79777 9.450657 -3.658225 38.97618 9.065529 -3.151375 39.11777 8.778958 -2.607635 39.20867 8.592389 -2.054894 39.24 8.496563 -1.515478 39.20867 8.473515 -1.003214 39.11777 8.500065 -0.522152 38.97618 8.552147 -0.06715899 38.79777 8.609257 0.373757 38.6 8.658143 0.815827 38.40223 8.695164 1.273295 38.22382 8.72683 1.755375 38.08223 8.768456 2.26315 37.99132 8.841145 2.788007 37.96 8.967736 3.311911 37.99132 9.168313 3.80949 38.08223 9.456192 4.251596 38.22382 9.835087 4.609687 38.40223 10.29792 4.860277 38.6 10.82755 4.988653 38.79777 11.39923 4.991189 38.97618 11.98441 4.875848 39.11777 12.55513 4.660774 39.20868 13.08824 4.371227 39.24 13.56873 4.035402 39.20868 13.99148 3.679876 39.11777 14.36124 3.325486 38.97618 14.69069 2.98437 38.79777 14.99716 2.658688 38.6 15.29837 2.341214 38.40223 15.60822 2.017703 38.22382 15.93321 1.670553 38.08223 16.27029 1.283094 37.99132 16.60643 0.843714 37.96 16.92019 0.349045 37.99132 17.18478 -0.194366 38.08223 17.37231 -0.770234 38.22382 17.45831 -1.35452 38.40223 17.42584 -1.918889 38.6 17.26839 -2.435007 38.79777 16.99104 -2.878919 38.97618 16.60974 -3.234704 39.11777 16.14883 -3.496757 39.20867 15.63718 -3.670272 39.23999 15.1037 -3.769851 39.20867 14.57306 -3.816475 39.11777 14.06223 -3.833384 38.97618 13.57865 -3.841611 38.79777 13.12016 -3.855973 38.6 12.67678 -3.88224 38.40222 12.23394 -3.915999 38.22381 11.77662 -3.943408 38.08222 11.29352 -3.943719 37.99132 10.78057 -3.893111 37.95999 10.24304 -3.769137 37.99132 9.695927 -3.554999 38.08222 9.162442 -3.242879 38.22382 8.670914 -2.835718 38.40223 8.250599 -2.347142 38.6 7.927185 -1.799548 38.79777 7.718758 -1.220683 38.97618 7.632965 -0.639363 39.11777 7.665913 -0.08107298 39.20867 7.802929 0.43573 39.24 8.021149 0.901976 39.20867 8.293389 1.318567 39.11777 8.592675 1.695104 38.97618 8.896569 2.046994 38.79777 9.190602 2.391487 38.6 9.470101 2.470654 38.08223 16.70392 2.826417 37.99132 16.25237 3.099511 37.96 15.76235 3.299509 37.99132 15.26085 3.443725 38.08223 14.76858 3.55353 38.22382 14.29734 3.64998 38.40223 13.84903 3.749538 38.6 13.41673 3.860674 38.79777 12.98726 3.981951 38.97618 12.54502 4.101967 39.11777 12.07627 4.201149 39.20868 11.573 4.255103 39.24 11.03579 4.238914 39.20868 10.47504 4.131626 39.11777 9.910286 3.920105 38.97618 9.36781 3.601599 38.79777 8.876893 3.184527 38.6 8.465367 2.687378 38.40223 8.155297 2.135906 38.22382 7.959534 1.559137 38.08223 7.879806 0.984906 37.99132 7.906639 0.435731 37.96 8.021149 -0.07424795 37.99132 8.19841 -0.540716 38.08223 8.411786 -0.968769 38.22382 8.637402 -1.370737 38.40223 8.858086 -1.762645 38.6 9.065941 -2.159997 38.79777 9.263195 -2.573636 38.97618 9.461144 -3.006489 39.11777 9.677407 -3.451786 39.20867 9.932023 -3.893112 39.23999 10.24304 -4.306299 39.20867 10.62249 -4.662855 39.11777 11.07341 -4.934313 38.97618 11.58851 -5.096744 38.79777 12.15071 -5.13463 38.6 12.7354 -5.043404 38.40222 13.31417 -4.830214 38.22381 13.85914 -4.512763 38.08222 14.34725 -4.116444 37.99132 14.76365 -3.670271 37.95999 15.1037 -3.202339 37.99132 15.37304 -2.735612 38.08223 15.58584 -2.284787 38.22382 15.76159 -1.854771 38.40223 15.92086 -1.441039 38.6 16.08093 -1.031756 38.79777 16.25206 -0.611282 38.97618 16.43504 -0.164381 39.11777 16.62054 0.319654 39.20867 16.79034 0.843713 39.24 16.92019 1.401061 39.20867 16.98397 1.975338 39.11777 16.95815 2.542394 38.97618 16.82599 3.073641 38.79777 16.58059 3.540333 38.6 16.22632 3.918001 38.40223 15.77836 4.190254 38.22382 15.26036 4.351252 38.08223 14.70081 4.406415 37.99132 14.12861 4.371228 37.96 13.56873 4.268346 37.99132 13.03871 4.123531 38.08223 12.54662 3.961129 38.22382 12.09082 3.799896 38.40223 11.66154 3.64993 38.6 11.24404 3.511234 38.79777 10.82266 3.374169 38.97618 10.38506 3.221705 39.11777 9.925835 3.033052 39.20867 9.448834 2.788007 39.24 8.967736 2.471222 39.20867 8.504754 2.075635 39.11777 8.087655 1.604409 38.97618 7.745651 1.071055 38.79777 7.504864 0.497705 38.6 7.384155 -0.08816099 38.40223 7.392086 -0.657926 38.22382 7.525547 -1.186239 38.08223 7.770302 -1.654807 37.99132 8.103325 -2.054894 37.96 8.496563 -2.388079 37.99132 8.921402 -2.66514 38.08223 9.353093 -2.903263 38.22382 9.774319 -3.122109 38.40223 10.17729 -3.339428 38.6 10.56403 -3.567058 38.79777 10.94479 -3.808015 38.97618 11.33495 -4.055232 39.11777 11.7509 -4.292184 39.20867 12.20584 -4.495302 39.23999 12.70609 -4.637751 39.20867 13.24869 -4.693919 39.11777 13.82079 -4.643799 38.97618 14.40089 -4.476501 38.79777 14.96165 -4.192263 38.6 15.47401 -3.802609 38.40222 15.91158 -3.328628 38.22382 16.25478 -2.797683 38.08223 16.49378 -2.239154 37.99132 16.62981 -1.679963 37.96 16.67466 -1.140701 37.99132 16.64826 -0.633015 38.08223 16.57495 -0.158737 38.22382 16.47907 0.289122 38.40223 16.38057 0.723715 38.6 16.29154 1.160543 38.79777 16.21423 1.613194 38.97618 16.14084 2.089443 39.11777 16.05528 2.588437 39.20867 15.93643 3.09951 39.24 15.76235 3.602863 39.20868 15.51467 4.072015 39.11777 15.18247 4.477598 38.97618 14.76472 4.791838 38.79777 14.27106 4.992916 38.6 13.72072 5.068446 38.40223 13.13969 5.017427 38.22382 12.55673 4.850351 38.08223 11.99896 4.5874 37.99132 11.48777 4.255104 37.96 11.03579 3.882006 37.99132 10.64554 3.494138 38.08223 10.30986 3.11109 38.22382 10.01422 2.743364 38.40223 9.74025 0.351367 34 15.73095 -2e-5 34 15.75 -2e-5 34 18.85085 -2.1e-5 34 6.149147 -0.698674 34 9.325985 -2e-5 34 9.25 -0.351407 34 15.73095 -1.03775 34 15.57987 -5.50002 34 15.67543 -5.500021 34 9.324574 -1.966837 34 9.912701 -1.36466 34 9.550381 -1.67557 34 15.28479 -2.235043 34 14.85949 -2.690009 34 14.32386 0.698634 34 9.325985 1.364619 34 9.550381 5.499979 34 9.324574 1.966796 34 9.912701 2.477006 34 10.396 2.871394 34 10.97767 5.49998 34 15.67543 3.019154 34 13.70295 2.689969 34 14.32386 -3.131558 34 11.63053 -2.871434 34 10.97767 -2.477047 34 10.396 3.131517 34 11.63053 3.245213 34 12.32405 3.207166 34 13.02579 2.235003 34 14.85949 1.67553 34 15.28479 1.03771 34 15.57987 -3.019195 34 13.70295 -3.207206 34 13.02579 -3.245254 34 12.32405 0.698635 32 9.325985 -1.9e-5 32 9.25 -1.9e-5 32 6.149147 -0.698673 32 9.325985 -1.364659 32 9.550381 -5.500019 32 9.324574 -1.966835 32 9.912701 -2.477046 32 10.396 -2.871433 32 10.97767 -5.500019 32 15.67543 -3.019193 32 13.70295 -2.690008 32 14.32386 -3.131557 32 11.63053 -3.245253 32 12.32405 -3.207205 32 13.02579 -2.235042 32 14.85949 -1.675569 32 15.28479 -1.9e-5 32 18.85085 2.235004 32 14.85949 2.68997 32 14.32386 5.499981 32 15.67543 5.499981 32 9.324574 3.131518 32 11.63053 2.871395 32 10.97767 2.477007 32 10.396 1.966797 32 9.912701 1.36462 32 9.550381 -1.037749 32 15.57987 -0.351406 32 15.73095 -1.9e-5 32 15.75 0.351368 32 15.73095 1.037711 32 15.57987 1.675531 32 15.28479 3.019155 32 13.70295 3.207167 32 13.02579 3.245214 32 12.32405 -2.1e-5 34 6.149147 -1.9e-5 32 6.149147 -1.9e-5 32 6.149147 -2e-5 34 18.85085 -1.9e-5 32 18.85085 -1.9e-5 32 18.85085 -2e-5 34 9.25 -1.9e-5 32 9.25 -2e-5 34 15.75 -1.9e-5 32 15.75 -2.8e-5 47.5 16.3 0.458012 47.5 16.27229 -2.8e-5 47.5 12.5 -1.347526 47.5 16.05306 -0.909427 47.5 16.18958 -0.458067 47.5 16.27229 -2.519894 47.5 15.34434 -2.158674 47.5 15.62734 -1.765976 47.5 15.86473 -3.364761 47.5 14.26595 -3.127366 47.5 14.65865 -2.844368 47.5 15.01986 -3.772321 47.5 12.95804 -3.689607 47.5 13.4094 -3.553089 47.5 13.8475 -3.689607 47.5 11.5906 -3.772321 47.5 12.04196 -3.800028 47.5 12.5 -3.127367 47.5 10.34135 -3.364761 47.5 10.73405 -3.55309 47.5 11.1525 -2.158674 47.5 9.372662 -2.519894 47.5 9.655659 -2.844369 47.5 9.980134 -0.909427 47.5 8.810421 -1.347527 47.5 8.946942 -1.765976 47.5 9.13527 0.458011 47.5 8.727707 -2.8e-5 47.5 8.700001 -0.458067 47.5 8.727707 1.76592 47.5 9.13527 1.347471 47.5 8.946942 0.909372 47.5 8.810421 2.844313 47.5 9.980134 2.519838 47.5 9.655659 2.158618 47.5 9.372662 3.553034 47.5 11.1525 3.364705 47.5 10.73405 3.127311 47.5 10.34135 3.799972 47.5 12.5 3.772266 47.5 12.04196 3.689551 47.5 11.5906 3.553034 47.5 13.8475 3.689551 47.5 13.4094 3.772266 47.5 12.95804 2.844313 47.5 15.01986 3.127311 47.5 14.65865 3.364705 47.5 14.26595 1.765921 47.5 15.86473 2.158618 47.5 15.62734 2.519838 47.5 15.34434 0.909372 47.5 16.18958 1.347471 47.5 16.05306 -0.811228 41 7.769043 -0.811231 46.5 7.769043 -0.578603 46.5 7.734997 -2.4e-5 41 7.700001 -1.148743 46.5 7.839478 -1.599095 41 7.97419 -1.599098 46.5 7.97419 -1.702131 46.5 8.011921 -2.34096 41 8.309533 -2.230699 46.5 8.249814 -3.183016 46.5 8.907151 -3.015483 46.5 8.765431 -3.01548 41 8.765431 -2.726738 46.5 8.549679 -2.340963 46.5 8.309533 -4.087364 41 9.983326 -3.95035 46.5 9.773289 -3.603251 41 9.328759 -3.603254 46.5 9.328759 -3.592879 46.5 9.317009 -4.453892 41 10.71029 -4.250216 46.5 10.26933 -4.087367 46.5 9.983326 -4.692293 46.5 11.48874 -4.660548 46.5 11.35129 -4.69229 41 11.48874 -4.488105 46.5 10.7979 -4.453895 46.5 10.71029 -4.76503 46.5 11.92142 -4.7957 41 12.29628 -4.795702 46.5 12.29628 -4.800027 46.5 12.5 -4.761147 41 13.10969 -4.76503 46.5 13.07857 -4.589624 41 13.90555 -4.660548 46.5 13.64871 -4.761149 46.5 13.10969 -4.286068 41 14.66098 -4.488105 46.5 14.2021 -4.589628 46.5 13.90555 -3.859213 46.5 15.35424 -3.95035 46.5 15.22671 -3.85921 41 15.35424 -4.250216 46.5 14.73067 -4.286071 46.5 14.66098 -3.592879 46.5 15.68299 -3.321331 41 15.96539 -3.321333 46.5 15.96539 -3.183016 46.5 16.09285 -2.687903 41 16.47685 -2.726738 46.5 16.45032 -1.97715 41 16.8739 -2.230698 46.5 16.75019 -2.687906 46.5 16.47685 -1.209519 41 17.14512 -1.70213 46.5 16.98808 -1.977153 46.5 16.8739 -0.407095 46.5 17.28271 -0.578603 46.5 17.265 -0.407092 41 17.28271 -1.148742 46.5 17.16052 -1.209522 46.5 17.14512 -2.7e-5 46.5 17.3 0.407045 41 17.28271 0.407041 46.5 17.28271 0.578549 46.5 17.265 1.209471 41 17.14512 1.148688 46.5 17.16052 1.977102 41 16.8739 1.702076 46.5 16.98808 1.209468 46.5 17.14512 2.687855 41 16.47685 2.230644 46.5 16.75019 1.977099 46.5 16.8739 3.32128 46.5 15.96539 3.182962 46.5 16.09285 3.321282 41 15.96539 2.726684 46.5 16.45032 2.687852 46.5 16.47685 3.592825 46.5 15.68299 3.859162 41 15.35424 3.859159 46.5 15.35424 3.950296 46.5 15.22671 4.28602 41 14.66098 4.250162 46.5 14.73067 4.589577 41 13.90555 4.488051 46.5 14.2021 4.286017 46.5 14.66098 4.761098 41 13.10969 4.660493 46.5 13.64871 4.589573 46.5 13.90555 4.795648 46.5 12.29628 4.799973 46.5 12.5 4.795651 41 12.29628 4.764976 46.5 13.07857 4.761095 46.5 13.10969 4.764976 46.5 11.92142 4.692241 41 11.48874 4.692238 46.5 11.48874 4.660493 46.5 11.35129 4.453843 41 10.71029 4.488051 46.5 10.7979 4.087316 41 9.983326 4.250162 46.5 10.26933 4.45384 46.5 10.71029 3.603203 41 9.328759 3.950295 46.5 9.773289 4.087313 46.5 9.983326 3.015429 46.5 8.765431 3.182961 46.5 8.907151 3.015432 41 8.765431 3.592824 46.5 9.317009 3.603199 46.5 9.328759 2.726683 46.5 8.549679 2.340911 41 8.309533 2.340908 46.5 8.309533 2.230644 46.5 8.249814 1.599047 41 7.97419 1.702076 46.5 8.011921 0.81118 41 7.769043 1.148688 46.5 7.839478 1.599043 46.5 7.97419 -2.7e-5 46.5 7.700001 0.578549 46.5 7.734997 0.811177 46.5 7.769043 -2.474898 41 10.02512 -1.94452 41 9.589859 -1.339416 41 9.266423 -0.68284 41 9.067254 -2.4e-5 41 9 -2.4e-5 41 7.700001 0.682792 41 9.067254 1.339368 41 9.266423 1.944472 41 9.589859 -3.233602 41 13.83939 -3.432772 41 13.18282 -3.500024 41 12.5 -3.432772 41 11.81718 -3.233602 41 11.16061 -2.910168 41 10.55551 2.474849 41 10.02512 2.910119 41 10.55551 3.233554 41 11.16061 3.432724 41 11.81718 3.499976 41 12.5 3.432724 41 13.18282 -2.4e-5 41 16 -0.68284 41 15.93275 -1.339416 41 15.73358 -1.94452 41 15.41014 -2.474898 41 14.97487 -2.910168 41 14.4445 3.233554 41 13.83939 2.91012 41 14.4445 2.47485 41 14.97487 1.944472 41 15.41014 1.339368 41 15.73358 0.682792 41 15.93275 -2.7e-5 46.5 9 -2.4e-5 41 9 0.682789 46.5 9.067254 1.339365 46.5 9.266423 1.944468 46.5 9.589859 2.474847 46.5 10.02512 2.910116 46.5 10.55551 3.233551 46.5 11.16061 3.432721 46.5 11.81718 3.499973 46.5 12.5 3.432721 46.5 13.18282 3.233551 46.5 13.83939 2.910116 46.5 14.4445 2.474847 46.5 14.97487 1.944469 46.5 15.41014 1.339365 46.5 15.73358 0.682789 46.5 15.93275 -2.7e-5 46.5 16 -2.4e-5 41 16 -0.682843 46.5 15.93275 -1.339419 46.5 15.73358 -1.944523 46.5 15.41014 -2.474901 46.5 14.97487 -2.910171 46.5 14.4445 -3.233605 46.5 13.83939 -3.432775 46.5 13.18282 -3.500027 46.5 12.5 -3.432775 46.5 11.81718 -3.233605 46.5 11.16061 -2.910171 46.5 10.55551 -2.474901 46.5 10.02512 -1.944523 46.5 9.589859 -1.339419 46.5 9.266423 -0.682843 46.5 9.067254 3.982909 46.5 12.13093 3.847275 46.5 11.40535 3.580626 46.5 10.71704 3.192042 46.5 10.08946 2.694755 46.5 9.543965 2.105701 46.5 9.099133 1.444939 46.5 8.770112 0.734971 46.5 8.568108 -2.7e-5 46.5 9 -2.7e-5 46.5 8.5 -0.735025 46.5 8.568108 -1.444994 46.5 8.770112 -2.105756 46.5 9.099133 -2.69481 46.5 9.543965 -3.192096 46.5 10.08946 -3.58068 46.5 10.71704 -3.84733 46.5 11.40535 -3.982964 46.5 12.13093 -3.982964 46.5 12.86907 -3.84733 46.5 13.59465 -3.58068 46.5 14.28295 -3.192096 46.5 14.91054 -2.694809 46.5 15.45604 -2.105756 46.5 15.90087 -1.444994 46.5 16.22989 -0.735025 46.5 16.43189 -2.7e-5 46.5 16 -2.7e-5 46.5 16.5 0.734971 46.5 16.43189 1.44494 46.5 16.22989 2.105702 46.5 15.90087 2.694756 46.5 15.45604 3.192042 46.5 14.91054 3.580626 46.5 14.28295 3.847275 46.5 13.59465 3.982909 46.5 12.86907 -2.8e-5 47 8.5 -2.7e-5 46.5 8.5 0.73497 47 8.568108 1.444939 47 8.770112 2.105701 47 9.099133 2.694755 47 9.543965 3.192041 47 10.08946 3.580626 47 10.71704 3.847275 47 11.40535 3.982909 47 12.13093 3.982909 47 12.86907 3.847275 47 13.59465 3.580626 47 14.28295 3.192042 47 14.91054 2.694755 47 15.45604 2.105701 47 15.90087 1.444939 47 16.22989 0.734971 47 16.43189 -2.7e-5 47 16.5 -2.7e-5 46.5 16.5 -0.735025 47 16.43189 -1.444994 47 16.22989 -2.105756 47 15.90087 -2.69481 47 15.45604 -3.192096 47 14.91054 -3.580681 47 14.28295 -3.84733 47 13.59465 -3.982964 47 12.86907 -3.982964 47 12.13093 -3.84733 47 11.40535 -3.580681 47 10.71704 -3.192097 47 10.08946 -2.69481 47 9.543965 -2.105756 47 9.099133 -1.444994 47 8.770112 -0.735026 47 8.568108 -2.8e-5 47 8.5 -2.7e-5 47 12.5 -2.7e-5 47 16.5 0.574442 46.75882 17.23118 1.689993 46.75882 16.95622 2.707327 46.75882 16.42228 3.567319 46.75882 15.66039 4.456191 46.75882 14.19002 4.73115 46.75882 13.07447 4.73115 46.75882 11.92553 4.627409 46.75882 11.35944 4.21999 46.75882 10.28516 3.567319 46.75882 9.339608 2.707327 46.75882 8.577721 2.214809 46.75882 8.279984 1.140533 46.75882 7.872562 -1.140588 46.75882 7.872562 -1.690048 46.75882 8.043782 -2.707382 46.75882 8.577721 -3.922307 46.75881 9.792645 -4.220046 46.75881 10.28516 -4.456245 46.75881 10.80998 -4.731204 46.75881 11.92553 -4.627464 46.75881 13.64056 -4.456245 46.75881 14.19002 -4.220045 46.75881 14.71484 -3.567374 46.75881 15.66039 -2.214863 46.75882 16.72002 -1.690048 46.75882 16.95622 -1.439305 47.46592 16.29506 -0.971367 47.46592 16.44088 -1.029085 47.36603 16.67505 -0.489264 47.46592 16.52923 -0.518335 47.36603 16.76865 -0.543299 47.20711 16.97425 -2.8e-5 47.5 16.3 -2.8e-5 47.46592 16.55882 -2.7e-5 47.36603 16.8 -2.7e-5 47.20711 17.00711 -2.7e-5 47 17.16603 0.489209 47.46592 16.52923 0.51828 47.36603 16.76865 0.543244 47.20711 16.97425 0.5624 47 17.132 -0.562454 47 17.132 -0.574496 46.75882 17.23118 -2.7e-5 46.75882 17.26593 -1.140588 46.75882 17.12744 -1.11668 47 17.03044 -1.078649 47.20711 16.87614 -2.691522 47.46592 15.53807 -3.038097 47.46592 15.1915 -2.851455 47.36603 15.7186 -3.218624 47.36603 15.35143 -2.988792 47.20711 15.87362 -3.373645 47.20711 15.48876 -3.094175 47 15.99257 -3.492598 47 15.59415 -3.16042 46.75882 16.06735 -4.058847 47.46592 12.5 -4.029253 47.46592 12.01076 -4.300028 47.36602 12.5 -4.268676 47.36602 11.98169 -4.507134 47.2071 12.5 -4.474273 47.2071 11.95673 -4.666053 47 12.5 -4.632033 47 11.93757 -4.765953 46.75881 12.5 -2.691523 47.46592 9.461934 -2.3057 47.46592 9.159657 -2.851455 47.36603 9.281403 -2.442706 47.36603 8.961171 -2.988792 47.20711 9.126385 -2.560356 47.20711 8.790722 -3.094175 47 9.007431 -2.650632 47 8.659935 -3.160421 46.75882 8.932652 0.489209 47.46592 8.470772 0.971311 47.46592 8.559124 0.51828 47.36603 8.231354 1.029029 47.36603 8.324952 0.543244 47.20711 8.025753 1.078593 47.20711 8.123864 0.5624 47 7.867996 1.116625 47 7.969563 0.574441 46.75882 7.768826 3.340315 47.46592 10.19433 3.593878 47.46593 10.61377 3.538803 47.36603 10.05732 3.807433 47.36603 10.50169 3.709249 47.20711 9.939671 3.990817 47.20711 10.40544 3.840036 47 9.849396 4.131533 47 10.33159 3.922252 46.75882 9.792645 3.940849 47.46593 13.47134 3.795034 47.46593 13.93928 4.175022 47.36603 13.52906 4.020542 47.36603 14.0248 4.376111 47.20711 13.57862 4.21419 47.20711 14.09824 4.530412 47 13.61665 4.362782 47 14.1546 4.627409 46.75882 13.64056 3.340315 47.46592 14.80567 3.038042 47.46592 15.1915 3.538803 47.36603 14.94268 3.218569 47.36603 15.35143 3.709249 47.20711 15.06033 3.37359 47.20711 15.48876 3.840036 47 15.1506 3.492543 47 15.59415 3.922253 46.75882 15.20735 1.8862 47.46592 16.09391 1.43925 47.46592 16.29506 1.998282 47.36603 16.30746 1.524773 47.36603 16.52057 2.09453 47.20711 16.49085 1.598215 47.20711 16.71422 2.168383 47 16.63156 1.654568 47 16.86281 2.214809 46.75882 16.72002 -2.7e-5 46.5 17.3 -1.654623 47 16.86281 -1.598269 47.20711 16.71422 -1.524829 47.36603 16.52057 -2.168437 47 16.63156 -2.094584 47.20711 16.49085 -1.998337 47.36603 16.30746 -1.886255 47.46592 16.09391 -2.707382 46.75882 16.42228 -2.650632 47 16.34006 -2.560356 47.20711 16.20928 -2.442706 47.36603 16.03883 -2.3057 47.46592 15.84034 -3.922307 46.75881 15.20735 -3.840091 47 15.1506 -3.709304 47.2071 15.06033 -3.538858 47.36602 14.94268 -3.34037 47.46592 14.80567 -3.593934 47.46592 14.38623 -3.807488 47.36602 14.49831 -3.990872 47.2071 14.59456 -4.131588 47 14.66841 -4.362837 47 14.1546 -4.214245 47.2071 14.09824 -4.020597 47.36602 14.0248 -3.795089 47.46592 13.93928 -4.530467 47 13.61665 -4.376166 47.2071 13.57862 -4.175077 47.36602 13.52906 -3.940905 47.46592 13.47134 -4.731204 46.75881 13.07447 -4.632033 47 13.06243 -4.474273 47.2071 13.04327 -4.268676 47.36602 13.01831 -4.029253 47.46592 12.98924 -4.627464 46.75881 11.35944 -4.530467 47 11.38335 -4.376166 47.2071 11.42138 -4.175077 47.36602 11.47094 -3.940905 47.46592 11.52866 -3.79509 47.46592 11.06072 -4.020597 47.36602 10.9752 -4.214245 47.2071 10.90176 -4.362837 47 10.8454 -4.131588 47 10.33159 -3.990872 47.2071 10.40544 -3.807488 47.36602 10.50169 -3.593934 47.46592 10.61377 -3.840091 47 9.849396 -3.709304 47.2071 9.939671 -3.538858 47.36602 10.05732 -3.34037 47.46592 10.19433 -3.567374 46.75881 9.339608 -3.492598 47 9.405854 -3.373646 47.20711 9.511235 -3.218624 47.36603 9.648571 -3.038098 47.46592 9.808506 -2.214864 46.75882 8.279984 -2.168438 47 8.368439 -2.094585 47.20711 8.509156 -1.998338 47.36603 8.69254 -1.886255 47.46592 8.906098 -1.439305 47.46592 8.704937 -1.524829 47.36603 8.479432 -1.59827 47.20711 8.285782 -1.654623 47 8.137192 -1.116681 47 7.969563 -1.078649 47.20711 8.123864 -1.029085 47.36603 8.324952 -0.971367 47.46592 8.559124 -0.574496 46.75882 7.768826 -0.562455 47 7.867996 -0.543299 47.20711 8.025753 -0.518336 47.36603 8.231354 -0.489264 47.46592 8.470772 -2.8e-5 47.5 8.700001 -2.8e-5 47.46592 8.441182 -2.8e-5 47.36603 8.200001 -2.8e-5 47.20711 7.992893 -2.8e-5 47 7.833977 -2.8e-5 46.75882 7.734074 -2.7e-5 46.5 7.700001 1.689993 46.75882 8.043782 1.654568 47 8.137192 1.598214 47.20711 8.285782 1.524773 47.36603 8.479432 1.439249 47.46592 8.704937 1.886199 47.46592 8.906098 1.998282 47.36603 8.69254 2.094529 47.20711 8.509156 2.168383 47 8.368439 2.650577 47 8.659935 2.560301 47.20711 8.790722 2.442651 47.36603 8.961171 2.305644 47.46592 9.159657 3.160366 46.75882 8.932652 3.09412 47 9.007431 2.988737 47.20711 9.126385 2.8514 47.36603 9.281403 2.691467 47.46592 9.461934 3.038042 47.46592 9.808506 3.218568 47.36603 9.648571 3.37359 47.20711 9.511235 3.492543 47 9.405854 4.456191 46.75882 10.80998 4.362782 47 10.8454 4.21419 47.20711 10.90176 4.020542 47.36603 10.9752 3.795034 47.46593 11.06072 3.940849 47.46593 11.52866 4.175022 47.36603 11.47094 4.376111 47.20711 11.42138 4.530412 47 11.38335 4.631978 47 11.93757 4.474217 47.20711 11.95673 4.26862 47.36603 11.98169 4.029198 47.46593 12.01076 4.765899 46.75882 12.5 4.665998 47 12.5 4.507079 47.20711 12.5 4.299973 47.36603 12.5 4.058792 47.46593 12.5 4.029198 47.46593 12.98924 4.26862 47.36603 13.01831 4.474217 47.20711 13.04327 4.631978 47 13.06243 4.219991 46.75882 14.71484 4.131533 47 14.66841 3.990817 47.20711 14.59456 3.807433 47.36603 14.49831 3.593878 47.46593 14.38623 3.160366 46.75882 16.06735 3.09412 47 15.99257 2.988737 47.20711 15.87362 2.8514 47.36603 15.7186 2.691467 47.46592 15.53807 2.305644 47.46592 15.84034 2.442651 47.36603 16.03883 2.560301 47.20711 16.20928 2.650577 47 16.34006 1.140534 46.75882 17.12744 1.116626 47 17.03044 1.078594 47.20711 16.87614 1.02903 47.36603 16.67505 0.971311 47.46592 16.44088</float_array>
          <technique_common>
            <accessor source="#GBT-C12A-400_00-7_002-mesh-positions-array" count="2779" stride="3">
              <param name="X" type="float"/>
              <param name="Y" type="float"/>
              <param name="Z" type="float"/>
            </accessor>
          </technique_common>
        </source>
        <source id="GBT-C12A-400_00-7_002-mesh-normals">
          <float_array id="GBT-C12A-400_00-7_002-mesh-normals-array" count="14088">-3.33783e-7 0 1 6.1543e-7 0 1 -3.25068e-6 0 1 0 0 1 -1.09752e-6 0 1 -1.58092e-6 0 1 4.42752e-7 0 1 -3.26989e-6 0 1 4.04799e-6 0 1 -3.12427e-6 0 1 2.3997e-6 0 1 -6.15475e-7 0 1 1.09751e-6 0 1 -7.48413e-7 0 1 1.63664e-6 0 1 -2.98231e-6 0 1 6.13953e-6 0 1 -3.23561e-6 0 1 1.49874e-6 0 1 -5.05418e-7 0 1 -9.79433e-7 0 1 1.97884e-6 0 1 -1.10089e-6 0 1 -2.80354e-7 0 1 5.94827e-7 0 1 1.09752e-6 0 1 1.02132e-6 0 1 6.76585e-7 0 1 5.52078e-5 0 1 -5.62249e-6 0 1 3.08908e-6 0 1 1.04816e-6 0 1 -2.64619e-7 0 1 -8.18958e-7 0 1 -1.28895e-6 0 1 -1.1801e-6 0 1 2.60019e-6 0 1 -6.45155e-6 0 1 2.25239e-7 0 1 -3.94913e-7 0 1 3.26989e-6 0 1 8.38586e-7 0 1 -9.24007e-7 0 1 2.77809e-7 0 1 2.71656e-6 0 1 -6.15427e-7 0 1 -5.26977e-7 0 1 9.97884e-7 0 1 0 0 1 1.64659e-7 0 1 -2.33246e-6 0 1 3.57876e-7 0 1 -2.62893e-6 0 1 -1.12384e-6 0 1 -4.1349e-6 0 1 4.2365e-7 0 1 -1.25389e-6 0 1 6.83044e-7 0 1 -5.8989e-7 0 1 6.85065e-7 0 1 -1.89866e-6 0 1 5.7906e-7 0 1 -9.85947e-7 0 1 -1.46431e-6 0 1 8.84714e-7 0 1 -6.15475e-7 0 1 2.2059e-6 0 1 1.19336e-6 0 1 -2.60852e-6 0 1 1.83039e-7 0 1 -6.89058e-7 0 1 2.71585e-7 0 1 0.9987165 -0.05064868 0 0.97953 -0.2012982 0 0.9795302 -0.2012974 0 0.9189581 -0.3943553 0 0.9189579 -0.3943558 0 0.820764 -0.5712676 0 0.8207643 -0.5712673 0 0.6889673 -0.7247925 0 0.688967 -0.7247927 0 0.5289644 -0.848644 0 0.5289648 -0.8486438 0 0.3473058 -0.937752 0 0.3473058 -0.937752 0 0.1514284 -0.9884682 0 0.1514286 -0.9884683 0 -0.05064868 -0.9987166 0 -0.05064868 -0.9987165 0 -0.250652 -0.9680773 0 -0.250652 -0.9680773 0 -0.4403937 -0.8978048 0 -0.4403935 -0.8978049 0 -0.6121058 -0.790776 0 -0.6121056 -0.7907761 0 -0.7587572 -0.6513736 0 -0.8743466 -0.485302 0 -0.8743468 -0.4853016 1.88864e-7 -0.9541389 -0.2993646 2.39406e-7 -0.9541391 -0.2993637 0 -0.9948694 -0.1011681 0 -0.9948693 -0.1011691 0 -0.9948695 0.1011672 0 -0.9948694 0.1011681 0 -0.9541394 0.2993628 0 -0.9541394 0.2993626 0 -0.8743472 0.4853009 0 -0.8743468 0.4853016 0 -0.7587588 0.6513718 0 -0.7587582 0.6513726 0 -0.6121066 0.7907753 0 -0.4403945 0.8978045 0 -0.4403948 0.8978043 -1.47283e-7 -0.2506533 0.968077 -9.57624e-7 -0.2506532 0.968077 0 -0.05064928 0.9987165 0 -0.05064928 0.9987165 0 0.1514274 0.9884684 0 0.1514272 0.9884685 0 0.3473044 0.9377525 0 0.5289638 0.8486445 0 0.528963 0.848645 0 0.6889665 0.7247931 0 0.6889671 0.7247927 0 0.8207632 0.5712686 0 0.8207637 0.571268 -5.64157e-7 0.9189574 0.394357 -2.39406e-7 0.9189574 0.394357 0 0.97953 0.2012982 0 0.9795298 0.2012993 0 0.9987165 0.05064868 0 0.999478 9.57123e-7 -0.03230655 -7.87933e-7 0 1 3.48659e-7 0 1 6.94167e-7 0 1 -3.93707e-7 0 1 6.87867e-7 0 1 4.03711e-7 0 1 7.88272e-7 0 1 -3.48465e-7 0 1 -3.46726e-7 0 1 6.80855e-7 0 1 -3.93839e-7 0 1 6.97652e-7 0 1 -7.9048e-7 0 1 7.96396e-7 0 1 3.41726e-7 0 1 -8.18197e-7 0 1 1.96856e-7 0 1 -3.96521e-7 0 1 3.43492e-7 0 1 -3.39743e-7 0 1 6.98152e-7 0 1 -6.91864e-7 0 1 4.01068e-7 0 1 -3.49076e-7 0 1 6.75099e-7 0 1 3.47717e-7 0 1 -3.45495e-7 0 1 8.03802e-7 0 1 -3.42339e-7 0 1 -6.76607e-7 0 1 -3.49159e-7 0 1 0.999099 -0.04244178 0 0.9856162 -0.1689996 0 0.985616 -0.1690003 0 0.9428777 -0.3331394 0 0.9428779 -0.3331387 0 0.8730138 -0.4876955 0 0.8730142 -0.487695 0 0.778036 -0.6282199 0 0.7780368 -0.6282189 0 0.6606751 -0.7506721 0 0.6606751 -0.7506721 0 0.5243076 -0.851529 0 0.524308 -0.8515288 0 0.3728566 -0.9278891 0 0.3728566 -0.9278891 0 0.2106803 -0.977555 0 0.2106803 -0.9775551 0 0.04244154 -0.999099 0 0.04244148 -0.999099 0 -0.1270172 -0.9919005 0 -0.1270172 -0.9919005 0 -0.2928225 -0.9561668 0 -0.2928225 -0.9561668 0 -0.4502027 -0.8929264 0 -0.4502031 -0.8929263 1.19472e-7 -0.5946328 -0.8039975 0 -0.5946332 -0.8039972 0 -0.7219557 -0.6919393 0 -0.8285095 -0.5599751 0 -0.9112278 -0.4119027 0 -0.9112284 -0.4119014 0 -0.9677326 -0.2519797 0 -0.967733 -0.2519782 0 -0.9963976 -0.0848062 0 -0.9963976 -0.0848062 0 -0.9963976 0.08480542 0 -0.9963976 0.08480542 0 -0.9677332 0.2519773 0 -0.9677334 0.2519766 0 -0.9112282 0.4119018 0 -0.9112285 0.4119011 0 -0.8285104 0.5599738 0 -0.8285104 0.5599738 0 -0.7219561 0.6919388 0 -0.7219566 0.6919384 0 -0.5946342 0.8039964 0 -0.5946335 0.803997 0 -0.4502038 0.8929259 0 -0.4502038 0.8929259 1.20383e-7 -0.2928237 0.9561666 0 -0.2928235 0.9561666 0 -0.1270182 0.9919004 -1.9745e-7 -0.1270182 0.9919004 0 0.04244053 0.999099 0 0.04244053 0.999099 0 0.2106792 0.9775553 0 0.2106792 0.9775552 1.36086e-7 0.3728556 0.9278894 -1.9745e-7 0.3728559 0.9278894 0 0.5243066 0.8515297 0 0.5243067 0.8515295 0 0.6606748 0.7506723 0 0.660674 0.7506729 0 0.7780359 0.6282198 0 0.7780352 0.6282208 0 0.8730133 0.4876964 0 0.873014 0.4876952 0 0.9428771 0.3331408 0 0.9428774 0.3331401 0 0.9856159 0.1690011 0 0.9856159 0.1690011 0 0.999099 0.04244178 0 0.999992 7.89792e-7 -0.004002809 0 0 -1 -1.026e-6 4.96453e-7 -1 0 4.99795e-7 -1 -1.0032e-6 0 -1 1.026e-6 -5.11153e-7 -1 0 -4.8542e-7 -1 -1.0032e-6 0 -1 -1.0032e-6 0 -1 -1.026e-6 0 -1 -3.0096e-6 -4.70308e-7 -1 -4.104e-6 1.80943e-7 -1 1.0032e-6 0 -1 0 -5.13001e-7 -1 -4.0128e-6 3.24675e-7 -1 -4.104e-6 9.64693e-7 -1 -1.0032e-6 -4.72953e-7 -1 0.9963977 -0.0848037 -7.58409e-7 0.9963976 -0.08480536 0 0.9677329 -0.2519783 0 0.9677334 -0.2519768 0 0.9112284 -0.4119015 0 0.8285101 -0.5599741 0 0.8285097 -0.5599747 0 0.7219572 -0.6919378 0 0.7219568 -0.6919383 -8.36865e-7 0.5946335 -0.8039969 0 0.4502045 -0.8929256 0 0.2928228 -0.9561668 0 0.1270183 -0.9919005 0 0.1270183 -0.9919005 0 -0.04243999 -0.999099 0 -0.2106791 -0.9775553 0 -0.3728563 -0.9278892 0 -0.5243064 -0.8515297 0 -0.5243065 -0.8515297 0 -0.6606744 -0.7506726 0 -0.6606742 -0.7506728 0 -0.7780356 -0.6282202 0 -0.8730137 -0.4876956 0 -0.9428774 -0.3331401 0 -0.9428771 -0.3331409 0 -0.9856161 -0.1689999 0 -0.9856157 -0.1690024 0 -1 -8.36865e-7 0 -1 0 0 -0.985616 0.1690007 0 -0.9856161 0.1689999 0 -0.9428777 0.3331392 0 -0.8730146 0.4876942 0 -0.8730143 0.4876949 0 -0.7780362 0.6282194 0 -0.6606749 0.7506722 0 -0.5243075 0.8515291 0 -0.3728573 0.9278888 0 -0.2106803 0.9775551 0 -0.2106802 0.9775551 0 -0.04244107 0.999099 0 0.1270173 0.9919005 0 0.1270173 0.9919005 0 0.2928218 0.9561671 0 0.2928219 0.9561671 0 0.4502033 0.8929261 0 0.4502035 0.8929261 0 0.5946325 0.8039977 0 0.5946323 0.8039979 0 0.7219558 0.6919392 0 0.7219562 0.6919388 0 0.8285096 0.559975 0 0.9112284 0.4119017 0 0.9112277 0.411903 0 0.9677331 0.2519776 0 0.9677327 0.2519791 0 0.9963974 0.0848062 0 0.9963974 0.0848062 -7.58409e-7 -0.3734928 -0.3734959 0.8491196 -0.5102033 -0.136709 0.8491191 0.3734957 -0.3734925 0.8491198 0.136705 -0.5102028 0.8491201 -0.1367051 -0.5102033 0.8491199 0.3734958 0.3734947 0.8491188 0.5102028 0.1367073 0.8491198 0.5102012 -0.1367068 0.8491207 -0.3734939 0.3734939 0.8491199 -0.136709 0.5102025 0.8491197 0.1367051 0.5102033 0.8491199 -0.5102021 0.1367081 0.8491201 -0.965925 -0.258822 0 -0.9659261 -0.2588183 0 -0.7071056 -0.707108 0 -0.7071076 -0.7071061 0 -0.2588174 -0.9659263 0 0.2588188 -0.9659259 0 0.7071066 -0.7071071 0 0.7071066 -0.7071071 -2.45647e-7 0.9659267 -0.2588161 0 0.9659267 -0.2588161 -1.22824e-7 0.9659259 0.2588187 0 0.9659259 0.2588187 0 0.7071066 0.7071071 0 0.2588188 0.9659259 0 0.2588183 0.9659261 0 -0.2588195 0.9659258 0 -0.25882 0.9659256 0 -0.7071068 0.7071068 0 -0.707108 0.7071056 0 -0.9659256 0.2588202 0 -0.9659261 0.2588183 0 -0.3734931 -0.3734972 0.8491188 -0.5102034 -0.136707 0.8491194 0.3734962 -0.3734931 0.8491194 -0.1367049 -0.5102026 0.8491202 0.3734952 0.3734952 0.8491188 -0.3734941 0.3734941 0.8491198 -0.136705 0.5102028 0.8491201 0.136705 0.5102028 0.8491201 -0.5102021 0.1367071 0.8491201 -0.9659265 -0.2588165 0 -0.9659256 -0.2588202 0 -0.7071062 -0.7071074 0 -0.7071053 -0.7071083 0 -0.2588181 -0.9659262 0 0.2588188 -0.9659259 -2.45648e-7 0.7071076 -0.7071061 -1.22824e-7 0.7071076 -0.7071061 0 0.9659262 -0.258818 0 0.9659256 -0.2588198 0 0.9659255 0.2588205 0 0.7071056 0.707108 0 -0.2588202 0.9659256 0 -0.7071076 0.7071061 0 -0.9659256 0.2588202 1.22824e-7 -0.9659265 0.2588165 0 -0.3734955 -0.3734934 0.8491194 -0.5102035 -0.1367096 0.8491189 0.3734944 -0.3734934 0.84912 0.1367089 -0.5102021 0.84912 -0.1367052 -0.5102035 0.8491196 0.373492 0.3734961 0.8491198 0.5102034 0.136708 0.8491193 0.5102021 -0.1367081 0.8491201 -0.373496 0.3734929 0.8491195 0.1367051 0.5102033 0.8491199 -0.5102003 0.1367066 0.8491214 -0.9659259 -0.2588187 0 -0.9659259 -0.2588187 0 -0.7071066 -0.7071071 0 -0.7071056 -0.707108 1.22824e-7 -0.2588188 -0.9659259 2.45648e-7 -0.2588188 -0.9659259 0 0.2588195 -0.9659258 0 0.2588195 -0.9659258 -2.45648e-7 0.7071078 -0.7071058 -1.22824e-7 0.707108 -0.7071056 0 0.9659256 -0.2588202 0 0.9659261 -0.2588183 0 0.9659261 0.2588183 0 0.9659256 0.2588202 -1.84236e-7 0.7071046 0.707109 -2.45647e-7 0.7071076 0.7071061 0 0.2588174 0.9659263 0 -0.2588188 0.9659259 0 -0.9659256 0.2588198 0 -0.9659267 0.2588161 0 -0.3734959 -0.3734938 0.8491191 -0.5102027 -0.1367093 0.8491195 0.3734937 -0.3734937 0.8491201 -0.136705 -0.5102028 0.8491201 0.3734935 0.3734956 0.8491193 0.5102034 0.136707 0.8491194 0.5102021 -0.1367071 0.8491201 -0.3734956 0.3734945 0.849119 -0.1367051 0.5102033 0.8491199 0.136705 0.5102028 0.8491201 -0.5102012 0.1367068 0.8491207 -0.965925 -0.2588224 1.22824e-7 -0.7071066 -0.7071071 2.45647e-7 0.2588202 -0.9659256 0 0.7071056 -0.707108 0 0.9659265 -0.2588165 0 0.9659265 0.2588165 0 0.9659256 0.2588202 0 0.7071072 0.7071065 0 0.7071053 0.7071083 0 0.2588181 0.9659262 0 0.2588176 0.9659262 -2.45647e-7 -0.2588193 0.9659259 0 -0.7071066 0.7071071 0 -0.9659252 0.2588216 0 -0.3734943 -0.3734949 0.8491193 -0.5102025 -0.1367087 0.8491196 0.3734947 -0.3734933 0.84912 0.1367087 -0.5102025 0.8491196 -0.1367089 -0.5102031 0.8491193 0.3734948 0.3734951 0.849119 0.5102019 0.1367086 0.84912 0.5102031 -0.1367085 0.8491193 -0.3734947 0.3734935 0.8491199 -0.1367089 0.5102031 0.8491192 0.1367087 0.5102024 0.8491197 -0.5102018 0.1367081 0.8491201 -0.9659258 -0.2588192 0 -0.9659256 -0.25882 0 -0.707106 -0.7071076 0 -0.7071057 -0.7071079 4.30961e-7 -0.2588195 -0.9659258 0 -0.2588189 -0.9659259 0 0.2588195 -0.9659258 0 0.2588192 -0.9659258 8.61922e-7 0.707108 -0.7071056 0 0.7071073 -0.7071064 0 0.965926 -0.2588184 0 0.965926 -0.2588188 0 0.9659257 0.2588196 0 0.9659256 0.25882 0 0.7071064 0.7071073 0 0.7071059 0.7071077 0 0.2588195 0.9659258 0 0.2588189 0.9659259 8.61921e-7 -0.2588195 0.9659258 0 -0.2588192 0.9659259 0 -0.7071073 0.7071064 0 -0.965926 0.2588184 0 -0.9659259 0.2588186 0 -0.5085871 -0.5085907 0.694748 -0.5085922 -0.5085893 0.6947453 -0.1861559 -0.6947434 0.69475 -0.1861565 -0.6947467 0.6947467 0.1861545 -0.6947503 0.6947436 0.1861623 -0.6947458 0.6947458 0.5085949 -0.5085914 0.6947419 0.5085924 -0.5085888 0.6947455 0.6947462 -0.1861563 0.6947472 0.6947467 -0.1861562 0.6947467 0.6947466 0.1861574 0.6947466 0.6947466 0.1861572 0.6947466 0.5085871 0.5085907 0.694748 0.5085911 0.5085882 0.6947468 0.186156 0.6947469 0.6947465 0.1861564 0.6947467 0.6947466 -0.1861536 0.6947468 0.6947473 -0.1861594 0.6947463 0.6947463 -0.5085923 0.5085889 0.6947454 -0.508589 0.5085913 0.6947461 -0.6947466 0.1861565 0.6947467 -0.6947467 0.1861562 0.6947467 -0.6947466 -0.1861571 0.6947466 -0.6947473 -0.1861574 0.6947458 0.7067862 0.03002375 0.7067898 0.7067878 -0.03002327 0.7067883 0.7067888 -0.03002369 0.7067872 0.6981919 -0.1197163 0.7058302 0.6981923 -0.119717 0.7058296 0.667916 -0.235989 0.7058311 0.6679165 -0.2359896 0.7058304 0.6184257 -0.3454749 0.7058305 0.6184271 -0.3454732 0.7058302 0.5511451 -0.4450177 0.7058317 0.5511474 -0.4450201 0.7058284 0.4680095 -0.5317621 0.7058302 0.4680113 -0.5317621 0.7058289 0.3714097 -0.6032063 0.7058308 0.3714103 -0.6032074 0.7058295 0.2641241 -0.6572982 0.7058311 0.2641251 -0.6573004 0.7058287 0.1492412 -0.6924828 0.7058291 0.1492414 -0.6924802 0.7058317 0.03006494 -0.707742 0.705831 0.030065 -0.7077426 0.7058305 -0.08997732 -0.7026447 0.705829 -0.08997583 -0.7026422 0.7058317 -0.20743 -0.6773297 0.7058309 -0.2074295 -0.6773312 0.7058297 -0.3189163 -0.6325331 0.7058289 -0.3189148 -0.6325312 0.7058312 -0.421226 -0.569536 0.7058309 -0.4212273 -0.569538 0.7058287 -0.5114199 -0.4901576 0.7058296 -0.51142 -0.4901574 0.7058296 -0.5869007 -0.3966763 0.7058297 -0.5869004 -0.3966764 0.7058299 -0.645496 -0.2917844 0.7058307 -0.645498 -0.2917842 0.7058288 -0.6855232 -0.1784968 0.7058306 -0.6855231 -0.1784979 0.7058305 -0.705828 -0.06007432 0.7058314 -0.7058305 -0.06007522 0.7058288 -0.705829 0.06007438 0.7058303 -0.7058276 0.06007438 0.7058318 -0.6855243 0.1784961 0.7058298 -0.6855244 0.1784964 0.7058296 -0.6454991 0.291783 0.7058284 -0.6454968 0.2917838 0.7058301 -0.5869011 0.3966751 0.70583 -0.5869016 0.3966756 0.7058295 -0.5114193 0.4901565 0.7058307 -0.5114212 0.4901567 0.7058293 -0.4212285 0.5695357 0.7058298 -0.4212272 0.5695361 0.7058303 -0.3189165 0.6325325 0.7058293 -0.3189167 0.6325322 0.7058295 -0.2074301 0.6773295 0.7058311 -0.2074306 0.6773301 0.7058305 -0.08997708 0.7026427 0.7058309 -0.08997803 0.7026444 0.7058292 0.03006446 0.7077421 0.7058309 0.03006398 0.7077417 0.7058314 0.1492407 0.692481 0.705831 0.1492413 0.6924847 0.7058272 0.264124 0.6572983 0.705831 0.2641245 0.6573003 0.705829 0.3714106 0.6032083 0.7058286 0.37141 0.6032083 0.705829 0.4680102 0.5317628 0.7058292 0.4680085 0.5317631 0.7058301 0.5511469 0.4450196 0.7058291 0.5511459 0.4450209 0.7058292 0.6184288 0.3454735 0.7058286 0.6184257 0.3454748 0.7058307 0.6679171 0.2359902 0.7058296 0.6679158 0.2359903 0.7058308 0.6981925 0.1197177 0.7058293 0.6981909 0.1197177 0.7058308 0.70679 0.03002512 0.706786 0.7066515 0.03583747 0.7066537 0.7066532 -0.0358361 0.7066521 0.5818576 0.4049852 0.7052863 0.6514704 0.2795684 0.7052857 0.6514699 0.2795678 0.7052864 0.6944117 0.1427055 0.7052855 0.6944109 0.1427055 0.7052863 0.7066533 0.03583836 0.7066518 0.5038517 0.5646149 0.6537152 0.5218931 0.477364 0.7069309 0.5818576 0.4049855 0.7052862 0.488424 0.513823 0.7052858 0.3749952 0.6016227 0.7052863 0.3749942 0.6016234 0.7052863 0.2462123 0.6647943 0.7052859 0.246213 0.6647945 0.7052854 0.1073504 0.7007482 0.7052857 0.10735 0.7007495 0.7052845 -0.03590655 0.7080121 0.7052869 -0.03590571 0.7080153 0.7052838 -0.1776939 0.6862923 0.7052856 -0.1776936 0.6862912 0.7052868 -0.3122059 0.6364732 0.7052868 -0.3122054 0.636474 0.7052862 -0.433936 0.5605979 0.7052869 -0.4339367 0.5605995 0.7052851 0.7066529 -0.03583854 0.7066522 0.6944102 -0.142705 0.705287 0.6944108 -0.1427043 0.7052866 0.6514716 -0.2795673 0.705285 0.6514696 -0.279568 0.7052865 0.5818573 -0.4049857 0.7052863 0.581858 -0.4049845 0.7052865 0.488425 -0.5138211 0.7052864 0.4884257 -0.5138227 0.7052849 0.3749945 -0.6016243 0.7052853 0.3749938 -0.6016227 0.7052872 0.2462134 -0.6647935 0.7052862 0.2462123 -0.664794 0.7052861 0.1073515 -0.7007476 0.7052861 0.1073509 -0.7007473 0.7052866 -0.03590619 -0.7080129 0.7052861 -0.03590553 -0.7080146 0.7052845 -0.1776937 -0.6862919 0.705286 -0.1776925 -0.6862918 0.7052865 -0.3122045 -0.6364743 0.7052863 -0.3122055 -0.6364751 0.7052852 -0.4339356 -0.5606005 0.705285 -0.4339359 -0.5605996 0.7052856 -0.5379027 -0.4617729 0.7052847 -0.5379002 -0.4617733 0.7052863 -0.6198424 -0.3440418 0.7052876 -0.6198461 -0.3440414 0.7052847 -0.6764123 -0.212226 0.7052847 -0.6764104 -0.2122258 0.7052866 -0.705286 -0.07172089 0.7052856 -0.7052849 -0.07172107 0.7052867 -0.7052862 0.07171976 0.7052856 -0.7052855 0.07172042 0.7052862 -0.6764103 0.212225 0.7052869 -0.6764118 0.212225 0.7052855 -0.6198444 0.3440416 0.705286 -0.6198449 0.3440411 0.7052859 -0.5661756 0.4239645 0.7068942 -0.5632913 0.4835682 0.6699737 -0.544937 0.4819604 0.686118 -0.4973492 0.5027357 0.7070366 0.6855244 -0.178496 -0.7058296 0.6855252 -0.178496 -0.7058289 0.6454979 -0.2917837 -0.7058292 0.6454971 -0.2917828 -0.7058303 0.5869008 -0.3966755 -0.70583 0.5868996 -0.3966739 -0.705832 0.51142 -0.4901556 -0.7058309 0.511421 -0.4901565 -0.7058295 0.4212275 -0.569537 -0.7058293 0.4212265 -0.5695357 -0.7058311 0.3189181 -0.632535 -0.7058264 0.3189153 -0.6325295 -0.7058325 0.2074312 -0.6773338 -0.7058266 0.2074303 -0.677331 -0.7058296 0.0899775 -0.7026443 -0.7058294 0.08997762 -0.702644 -0.7058297 -0.03006374 -0.7077437 -0.7058293 -0.0300641 -0.7077434 -0.7058296 -0.1492419 -0.6924855 -0.7058263 -0.1492418 -0.692485 -0.7058268 -0.2641246 -0.6572999 -0.7058293 -0.2641241 -0.6572999 -0.7058296 -0.3714092 -0.6032082 -0.7058294 -0.3714086 -0.6032066 -0.7058311 -0.4680089 -0.5317618 -0.7058308 -0.4680106 -0.5317638 -0.7058281 -0.5511462 -0.4450203 -0.7058293 -0.5511455 -0.4450191 -0.7058306 -0.6184264 -0.3454744 -0.7058302 -0.6184272 -0.3454745 -0.7058295 -0.6679171 -0.235991 -0.7058294 -0.6679171 -0.2359898 -0.7058296 -0.6981925 -0.1197178 -0.7058292 -0.6981945 -0.1197166 -0.7058274 -0.7083833 -7.41025e-7 -0.705828 -0.7083839 -7.24183e-7 -0.7058274 -0.6981949 0.1197168 -0.7058271 -0.698193 0.1197161 -0.7058291 -0.6679173 0.2359899 -0.7058296 -0.6679179 0.2359899 -0.705829 -0.6184268 0.3454743 -0.7058299 -0.6184268 0.3454729 -0.7058306 -0.5511454 0.4450187 -0.7058308 -0.5511482 0.4450206 -0.7058274 -0.46801 0.5317627 -0.7058295 -0.4680093 0.5317612 -0.705831 -0.3714107 0.603209 -0.7058279 -0.3714101 0.6032074 -0.7058296 -0.2641243 0.6572968 -0.7058323 -0.2641249 0.6572995 -0.7058297 -0.1492421 0.6924824 -0.7058293 -0.1492419 0.6924821 -0.7058296 -0.03006446 0.7077437 -0.7058293 -0.03006482 0.7077434 -0.7058296 0.08997672 0.7026444 -0.7058293 0.08997684 0.7026441 -0.7058296 0.2074296 0.6773313 -0.7058295 0.2074305 0.6773338 -0.7058269 0.3189153 0.6325316 -0.7058306 0.3189159 0.6325322 -0.7058297 0.4212276 0.5695389 -0.7058277 0.4212267 0.5695371 -0.7058298 0.5114203 0.4901573 -0.7058293 0.5114193 0.4901562 -0.7058309 0.5869008 0.3966755 -0.70583 0.5869008 0.3966759 -0.7058299 0.6454958 0.2917831 -0.7058314 0.6454984 0.2917838 -0.7058287 0.6855244 0.1784975 -0.7058293 0.685525 0.1784974 -0.7058289 0.7058297 0.06007492 -0.7058296 0.7058285 0.06007593 -0.7058308 0.7058286 -0.06007343 -0.7058308 0.70583 -0.06007587 -0.7058292 -0.9898055 -0.1423134 0.005665779 -0.961225 -0.2757654 0 -0.9147199 -0.4040886 0 -0.9095788 -0.4153908 0.01081937 -0.8478991 -0.5301578 0 -0.7678151 -0.6406716 0 -0.7556591 -0.6547827 0.01545846 -0.6688221 -0.7434226 0 -0.5613631 -0.8275698 0 -0.5405372 -0.8410922 0.01958298 -0.4378744 -0.8990361 0 -0.3113774 -0.9502864 0 -0.2816563 -0.9592351 0.02319389 -0.1729673 -0.9849276 0 -0.03724282 -0.9993063 0 4.52472e-7 -0.9996545 0.02628803 0.1053516 -0.9944351 -1.41934e-7 0.2397798 -0.9708274 0 0.2816161 -0.9590929 0.02886652 0.3755022 -0.9268215 0 0.4982067 -0.8670583 0 0.5403831 -0.8408505 0.03092944 0.6165308 -0.7873308 0 0.7179974 -0.6960458 0 0.7553516 -0.6545145 0.03247731 0.8097466 -0.5867798 0 0.8821039 -0.4710548 0 0.9091215 -0.4151811 0.03350895 0.9401637 -0.3407232 0 0.9778022 -0.2095302 0 0.9892485 -0.1422317 0.03402453 0.9976689 -0.0682404 0 0.9976688 0.06824201 0 0.9892484 0.1422326 0.03402465 0.9778019 0.2095316 -2.05495e-7 0.9401632 0.3407247 -1.55727e-7 0.9091209 0.4151823 0.03350859 0.8821037 0.4710553 0 0.8097463 0.5867803 0 0.7553508 0.6545155 0.03247755 0.7179954 0.6960479 0 0.6165302 0.7873314 0 0.540382 0.8408512 0.03092974 0.498206 0.8670588 2.31809e-7 0.3755009 0.9268221 -5.9305e-7 0.2816147 0.9590933 0.02886706 0.2397788 0.9708276 0 0.1053506 0.9944351 0 -4.07224e-7 0.9996544 0.02628821 -0.03724366 0.9993062 0 -0.1729694 0.9849272 0 -0.2816576 0.9592347 0.02319288 -0.3113783 0.9502861 1.93298e-7 -0.4378757 0.8990356 0 -0.5405383 0.8410916 0.0195834 -0.5613642 0.8275689 0 -0.6688234 0.7434214 0 -0.7556601 0.6547815 0.01545828 -0.7678154 0.6406711 0 -0.8479 0.5301564 0 -0.9095793 0.4153898 0.01081943 -0.9147204 0.4040873 1.54851e-7 -0.9612256 0.2757635 1.94534e-7 -0.9898056 0.1423119 0.005665779 -0.990686 0.1361663 0 -0.9906859 -0.136167 0 4.36669e-7 0 1 -4.36669e-7 0 1 0 0 1 9.82504e-7 0 1 2.57367e-7 0 1 -4.36668e-7 0 1 2.18334e-7 0 1 -1.74667e-6 0 1 2.34709e-7 0 1 0 0 1 8.73337e-7 0 1 4.36668e-7 0 1 -0.6571392 0.2854354 0.6976351 -0.6495547 0.2869487 0.7040876 -0.5995769 0.3748933 0.7070804 -0.5600392 0.4556246 0.6919266 -0.5450218 0.4547702 0.7043689 -0.472971 0.5257233 0.7070456 -0.4192091 0.5938866 0.6867042 -0.3983278 0.5872159 0.7046365 -0.3096719 0.6358126 0.7069977 -0.2449138 0.6891211 0.6820039 -0.2208666 0.6740526 0.7048909 -0.1223394 0.6966166 0.706936 -0.05017149 0.7334785 0.6778585 -0.02640861 0.7085847 0.7051314 0.07452273 0.7034158 0.7068612 0.1502422 0.7230114 0.674301 0.1699672 0.6881732 0.7053573 0.2656433 0.6556719 0.7067731 0.3409721 0.6580467 0.6713514 0.3530489 0.6144332 0.7055696 0.4362235 0.5570694 0.7066702 0.5072931 0.5431798 0.6690363 0.5086601 0.4931087 0.7057682 0.5730245 0.4152406 0.7065537 0.6363087 0.3869485 0.6673696 0.6247586 0.3336281 0.7059525 0.6654355 0.2411612 0.7064254 0.7179768 0.2011679 0.666364 0.6923704 0.1483665 0.7061237 0.7062829 0.04831141 0.7062794 0.7459264 0 0.6660283 0.706279 -0.04831075 0.7062833 0.6840648 -0.1916646 0.7037898 0.7624527 -0.1633841 0.6260764 0.6654381 -0.2411599 0.7064235 0.6069868 -0.3691158 0.7037902 0.6814888 -0.3639235 0.6349274 0.5730227 -0.4152402 0.7065554 0.4848905 -0.5191912 0.703791 0.5495755 -0.5327742 0.6435205 0.4362235 -0.5570694 0.7066702 0.3268342 -0.63076 0.7037907 0.377807 -0.6575222 0.6518639 0.2656441 -0.6556714 0.7067732 0.1445388 -0.6955478 0.7037911 0.1801476 -0.7293823 0.6599609 0.07451885 -0.7034148 0.7068625 -0.04847925 -0.7087501 0.703792 -0.02772116 -0.7438027 0.6678242 -0.1223377 -0.6966172 0.7069357 -0.237901 -0.6693902 0.7037897 -0.2296097 -0.7007424 0.675455 -0.3096714 -0.6358115 0.7069988 -0.4096773 -0.5803817 0.7037909 -0.4101051 -0.6045801 0.6828594 -0.4729703 -0.5257255 0.7070444 -0.5510717 -0.4483293 0.7037904 -0.5557172 -0.4636958 0.6900468 -0.5995807 -0.3748897 0.7070791 -0.6515927 -0.2830276 0.7037914 -0.6559002 -0.2897515 0.6970216 -0.6796931 -0.1950078 0.7070993 -0.7037902 -0.0967341 0.7037912 -0.7037913 -0.09673416 0.70379 -0.7037904 0.09673333 0.703791 -0.7037897 0.09673392 0.7037916 -0.679696 0.1949896 0.7071014 0 -1 0 0 -1 4.08917e-6 -2.87988e-7 -1 -5.13372e-7 2.144e-6 -1 2.31749e-6 0 -1 -1.43406e-6 2.10775e-6 -1 -2.51947e-6 -3.12584e-7 -1 0 0 -1 3.82962e-6 -3.24165e-7 -1 -3.46722e-6 2.25469e-6 -1 2.69512e-6 0 -1 -9.96076e-7 9.75565e-7 -1 0 9.75565e-7 -1 -1.62169e-6 0 -1 0 0 -1 -2.74562e-6 2.28072e-6 -1 0 -2.9779e-7 -1 2.12338e-6 9.75565e-7 -1 1.5105e-6 0 -1 -1.52804e-6 0 -1 -1.77783e-6 0 -1 1.83957e-6 0 -1 -1.69919e-6 0.8320002 4.37575e-7 -0.5547754 0.8320005 4.37576e-7 -0.5547748 0.6920495 3.64647e-7 -0.7218502 0.6920482 3.64647e-7 -0.7218514 0.5192278 2.73485e-7 -0.8546359 0.5192289 2.55253e-7 -0.8546352 0.3217369 1.73208e-7 -0.9468291 0.3217366 2.18788e-7 -0.9468292 0.1089739 0 -0.9940447 0.108974 0 -0.9940447 -0.1089739 0 -0.9940447 -0.1089739 0 -0.9940447 -0.3217369 -1.73208e-7 -0.9468291 -0.3217371 -1.73208e-7 -0.9468291 -0.5192285 -2.73485e-7 -0.8546355 -0.5192286 -3.28182e-7 -0.8546354 -0.692048 -4.37577e-7 -0.7218516 -0.69205 -4.01112e-7 -0.7218496 -0.8320002 -4.37575e-7 -0.5547754 -0.8319995 -4.37576e-7 -0.5547763 0 1 0 -2.73196e-6 1 -9.49245e-6 0 1 -5.77596e-6 -1.41767e-6 1 0 -1.7967e-6 1 1.50809e-5 -1.68385e-6 1 0 -2.73197e-6 1 -9.49244e-6 -2.73196e-6 1 9.49246e-6 -1.68385e-6 1 0 -1.67363e-6 1 2.52988e-6 0 1 -9.32199e-6 0 1 5.77597e-6 0 1 -5.77599e-6 -1.41767e-6 1 0 -1.7967e-6 1 -7.54042e-6 -1.68385e-6 1 2.65857e-6 0 1 -1.61696e-6 0 1 1.61696e-6 0 1 -2.50814e-6 -2.73196e-6 1 9.49244e-6 -1.68385e-6 1 0 -1.67362e-6 1 2.52987e-6 0 1 -1.86441e-5 0 1 1.1552e-5 0 1 1.25407e-6 0 1 9.50457e-6 0 1 -8.44706e-6 0 1 5.02597e-6 -4.33299e-6 1 -4.35932e-6 -3.45734e-6 1 9.55672e-6 -3.66201e-6 1 -8.66284e-6 -3.75132e-6 1 0 -3.8147e-6 1 0 -3.75929e-6 1 0 -3.6365e-6 1 1.00519e-5 -3.50546e-6 1 0 -4.33299e-6 1 4.35932e-6 0 1 -9.50453e-6 0 1 -9.55668e-6 0 1 8.66287e-6 0 1 9.66267e-6 0 1 8.44706e-6 0 1 4.75228e-6 0 1 4.36871e-6 0 1 -4.75228e-6 -4.33299e-6 1 4.35932e-6 -3.45734e-6 1 0 -3.66201e-6 1 -4.33144e-6 -3.75132e-6 1 0 -3.8147e-6 1 -2.14288e-6 -3.7593e-6 1 2.11177e-6 -3.63651e-6 1 0 -3.50546e-6 1 4.14625e-6 -4.33299e-6 1 -4.35932e-6 0.1119647 0 -0.9937122 0.3302772 1.1978e-7 -0.943884 0.3302752 1.86324e-7 -0.9438848 0.5320346 3.72647e-7 -0.8467227 0.5320324 3.19412e-7 -0.846724 0.7071059 3.72648e-7 -0.7071077 0.7071067 4.25883e-7 -0.7071069 0.846725 5.32353e-7 -0.5320309 0.8467245 5.32353e-7 -0.5320318 0.9438833 6.38823e-7 -0.3302794 0.9438834 5.32352e-7 -0.3302791 0.9937123 5.32353e-7 -0.1119644 0.9937123 6.38824e-7 -0.1119639 0.9937123 5.32353e-7 0.1119642 0.9937124 5.32353e-7 0.1119638 0.943883 6.38825e-7 0.33028 0.943883 5.32354e-7 0.3302803 0.8467245 6.38824e-7 0.5320317 0.8467249 4.25882e-7 0.5320311 0.7071059 3.72648e-7 0.7071077 0.7071075 4.25882e-7 0.7071061 0.5320334 3.72648e-7 0.8467234 0.5320326 3.19412e-7 0.8467239 0.3302772 1.86324e-7 0.943884 0.3302807 1.99633e-7 0.9438827 0.111966 0 0.9937121 0.1119629 0 0.9937125 -0.111963 0 0.9937124 -0.1119661 0 0.9937121 -0.3302803 -1.33088e-7 0.943883 -0.3302772 -1.86324e-7 0.943884 -0.5320326 -3.19412e-7 0.8467239 -0.5320331 -3.19412e-7 0.8467236 -0.7071077 -4.25882e-7 0.7071059 -0.7071056 -3.72648e-7 0.707108 -0.8467248 -5.32353e-7 0.5320311 -0.8467241 -5.32354e-7 0.5320324 -0.9438829 -5.32354e-7 0.3302804 -0.943883 -6.38825e-7 0.3302803 -0.9937123 -6.38823e-7 0.1119642 -0.9937124 -6.38823e-7 0.1119638 -0.9937123 -5.32353e-7 -0.1119644 -0.9937123 -6.38824e-7 -0.1119641 -0.9438833 -5.32352e-7 -0.3302794 -0.9438832 -6.38822e-7 -0.3302795 -0.8467248 -6.38824e-7 -0.5320311 -0.8467251 -4.25882e-7 -0.5320308 -0.7071064 -4.25882e-7 -0.7071072 -0.7071062 -2.66177e-7 -0.7071075 -0.5320326 -1.59706e-7 -0.8467239 -0.5320339 -3.72647e-7 -0.8467231 -0.3302757 -2.12942e-7 -0.9438845 -0.3302774 -1.86324e-7 -0.943884 -0.1119644 0 -0.9937123 -0.1119645 0 -0.9937123 0.1119644 0 -0.9937123 1 3.30363e-7 0 1 6.60725e-7 0 0.5000009 2.47772e-7 0.8660249 0.4999992 1.65181e-7 0.866026 -0.5000002 -2.47772e-7 0.8660253 -0.4999985 -1.65181e-7 0.8660264 -1 -3.30363e-7 0 -1 -6.60725e-7 0 -0.4999997 -2.47771e-7 -0.8660256 -0.5000007 -1.65181e-7 -0.8660252 0.4999997 2.47771e-7 -0.8660258 0.500002 1.65182e-7 -0.8660244 -0.8319997 -4.37576e-7 0.5547761 -0.8319994 -5.10506e-7 0.5547767 -0.6920495 -3.64647e-7 0.7218502 -0.6920492 -4.01111e-7 0.7218504 -0.5192252 -2.55253e-7 0.8546375 -0.5192272 -3.28182e-7 0.8546363 -0.3217413 -2.09672e-7 0.9468277 -0.3217412 -2.18788e-7 0.9468277 -0.1089695 0 0.9940451 -0.1089739 0 0.9940446 0.1089739 0 0.9940447 0.1089693 0 0.9940451 0.3217412 1.73207e-7 0.9468278 0.3217414 1.73207e-7 0.9468277 0.5192271 2.55253e-7 0.8546363 0.5192251 2.73486e-7 0.8546376 0.69205 4.01112e-7 0.7218496 0.6920489 3.64648e-7 0.7218507 0.8319997 5.10506e-7 0.5547761 0.831999 3.64648e-7 0.5547773 2.55763e-6 -1 0 2.55764e-6 -1 -9.80388e-6 2.55763e-6 -1 9.80386e-6 1.68379e-6 -1 -2.7909e-6 1.66156e-6 -1 0 0 -1 4.56729e-6 0 -1 5.87215e-6 0 -1 5.87216e-6 1.39881e-6 -1 0 1.82204e-6 -1 0 1.68379e-6 -1 -2.7909e-6 2.55764e-6 -1 0 1.68379e-6 -1 2.7909e-6 0 -1 1.37019e-5 0 -1 -5.8722e-6 1.39881e-6 -1 -5.20731e-6 1.82204e-6 -1 1.61011e-5 1.68379e-6 -1 2.7909e-6 -1 -4.829e-7 0 -1 -6.20872e-7 0 1 5.51886e-7 0 1 5.51886e-7 0 -0.1305252 0 0.9914451 0.1305251 0 0.9914451 0.1305273 0 0.9914447 0.3826848 2.28324e-7 0.923879 0.3826831 2.28325e-7 0.9238798 0.6087625 3.65318e-7 0.7933526 0.6087618 2.43546e-7 0.7933531 0.7933524 3.04433e-7 0.6087626 0.7933532 4.87093e-7 0.6087616 0.923879 4.87093e-7 0.3826851 0.9238793 3.6532e-7 0.3826842 0.9666731 3.47129e-7 0.2560144 0.9914448 -4.37895e-4 0.1305263 0.9918144 4.97917e-7 0.1276882 -0.1305271 0 0.9914448 -0.322269 -1.94871e-7 0.9466481 -0.3826794 -0.00513184 0.923867 -0.4430624 -2.46295e-7 0.8964908 -0.608763 -3.65319e-7 0.7933523 -0.6087622 -3.65319e-7 0.7933527 -0.7933524 -4.26207e-7 0.6087626 -0.7933527 -4.87092e-7 0.6087622 -0.9238787 -5.47979e-7 0.3826855 -0.9238794 -3.6532e-7 0.3826838 -0.991445 -3.65318e-7 0.1305253 -0.9914449 -6.08864e-7 0.1305263 -0.991445 -6.08866e-7 -0.1305256 -0.9914449 -3.65318e-7 -0.1305266 -0.923879 -3.6532e-7 -0.3826851 -0.9238798 -5.47978e-7 -0.3826828 -0.7933537 -4.87093e-7 -0.6087611 -0.7933542 -3.04432e-7 -0.6087604 -0.6087597 -2.43546e-7 -0.7933548 -0.6087611 -3.6532e-7 -0.7933537 -0.3826828 -2.43546e-7 -0.9238799 -0.3826861 -2.28324e-7 -0.9238784 -0.1305251 0 -0.9914451 -0.1305252 0 -0.991445 0.1305251 0 -0.9914451 0.1305254 0 -0.9914451 0.3826861 2.28324e-7 -0.9238784 0.3826831 2.28325e-7 -0.9238798 0.6087605 3.65319e-7 -0.793354 0.7933542 4.26205e-7 -0.6087604 0.7933532 4.26206e-7 -0.6087616 0.9238801 4.87091e-7 -0.3826825 0.9238787 3.6532e-7 -0.3826855 0.9914449 3.65318e-7 -0.1305263 0.9664667 -0.01999515 -0.2560124 0.9918144 4.97917e-7 -0.1276882 0.2588145 1.38177e-7 0.9659271 0.7071086 4.60587e-7 0.707105 0.7071087 4.14529e-7 0.7071049 0.9659262 6.44825e-7 0.2588181 0.9659261 5.52707e-7 0.2588179 0.9659262 6.44825e-7 -0.2588181 0.9659261 5.52707e-7 -0.2588183 0.7071057 4.60589e-7 -0.7071079 0.7071056 4.1453e-7 -0.707108 0.2588202 1.61206e-7 -0.9659255 0.2588203 1.61206e-7 -0.9659255 -0.2588202 -1.61206e-7 -0.9659255 -0.2588203 -1.61206e-7 -0.9659255 -0.7071053 -5.06648e-7 -0.7071083 -0.7071056 -3.68471e-7 -0.707108 -0.9659262 -5.98766e-7 -0.2588181 -0.9659261 -5.52707e-7 -0.2588182 -0.9659262 -5.98766e-7 0.2588181 -0.9659262 -5.52707e-7 0.258818 -0.7071083 -4.60587e-7 0.7071053 -0.7071087 -4.14529e-7 0.7071049 -0.2588146 -1.84236e-7 0.965927 -0.2588145 -1.38177e-7 0.9659271 0.2588146 1.84236e-7 0.965927 0.2588202 1.61206e-7 0.9659255 0.7071057 4.1453e-7 0.7071079 0.7071058 4.1453e-7 0.7071079 0.9659262 5.52707e-7 0.2588181 0.9659262 5.98766e-7 0.258818 0.9659265 5.52704e-7 -0.2588166 0.9659265 5.98763e-7 -0.2588167 0.7071027 4.14532e-7 -0.7071108 0.7070997 4.60593e-7 -0.7071138 0.2588312 1.49691e-7 -0.9659227 0.2588257 1.61206e-7 -0.9659241 -0.2588257 -1.49691e-7 -0.965924 -0.258831 -1.61206e-7 -0.9659227 -0.7070998 -4.37564e-7 -0.7071138 -0.7071027 -4.14532e-7 -0.7071109 -0.9659267 -5.98763e-7 -0.2588163 -0.9659265 -5.75734e-7 -0.2588168 -0.9659262 -5.98766e-7 0.2588178 -0.9659262 -5.75737e-7 0.258818 -0.7071057 -4.3756e-7 0.7071079 -0.7071056 -4.1453e-7 0.707108 -0.2588202 -1.61206e-7 0.9659255 -0.2588202 -1.49691e-7 0.9659255 0.2588202 1.49691e-7 0.9659255 0.2588202 1.49691e-7 0.9659255 0.7071076 4.14532e-7 0.7071061 0.7071058 2.99383e-7 0.7071079 0.9659252 3.91501e-7 0.2588216 0.9659262 5.75737e-7 0.258818 0.9659256 5.75733e-7 -0.2588201 0.9659265 3.91499e-7 -0.2588167 0.7071046 2.76356e-7 -0.707109 0.7070997 4.14534e-7 -0.7071138 -0.2588257 -1.61206e-7 -0.965924 -0.2588312 -1.49691e-7 -0.9659226 -0.7070998 -4.14534e-7 -0.7071138 -0.9659265 -5.98763e-7 -0.2588166 -0.9659265 -5.52704e-7 -0.2588167 -0.7071057 -4.60589e-7 0.7071079 -0.7071058 -3.68472e-7 0.7071079 -0.2588202 -1.38177e-7 0.9659255 0.2588367 1.61205e-7 0.9659212 0.7071027 4.14532e-7 0.7071108 0.7071028 4.14532e-7 0.7071108 0.9659262 5.52707e-7 -0.2588181 0.9659253 5.98773e-7 -0.2588211 0.7071086 4.14529e-7 -0.707105 0.2588257 1.49691e-7 -0.965924 -0.2588256 -1.61206e-7 -0.9659242 -0.7071086 -4.37558e-7 -0.707105 -0.9659255 -5.98773e-7 -0.2588207 -0.9659261 -5.75737e-7 -0.2588182 -0.7071027 -4.37562e-7 0.7071108 -0.7071027 -4.14532e-7 0.707111 -0.2588367 -1.61205e-7 0.9659212 -0.2588257 -1.49691e-7 0.9659242 0.2588257 1.49691e-7 0.965924 0.7071027 4.60591e-7 0.7071108 0.7071027 4.14532e-7 0.707111 0.9659262 5.98766e-7 0.2588178 0.9659262 5.98766e-7 -0.2588178 0.9659253 5.75743e-7 -0.2588212 0.7071027 4.60591e-7 -0.7071108 -0.2588257 -1.49691e-7 -0.9659241 -0.7071086 -4.60587e-7 -0.707105 -0.7071027 -3.68473e-7 -0.7071109 -0.9659253 -5.98773e-7 -0.258821 -0.7071027 -4.60591e-7 0.7071108 -0.7071028 -3.68473e-7 0.7071108 0.2588145 1.61206e-7 0.9659271 0.7071083 4.14528e-7 0.7071053 0.7071091 4.14529e-7 0.7071045 0.9659263 5.52707e-7 0.2588174 0.9659263 5.52707e-7 -0.2588174 0.9659261 5.98766e-7 -0.2588183 0.7071053 4.1453e-7 -0.7071083 0.7071061 3.68472e-7 -0.7071076 0.2588204 1.38177e-7 -0.9659255 -0.2588204 -1.38177e-7 -0.9659255 -0.7071057 -3.68472e-7 -0.7071079 -0.7071049 -4.1453e-7 -0.7071087 -0.9659262 -5.52707e-7 -0.2588181 -0.9659263 -5.52707e-7 -0.2588174 -0.9659262 -5.52707e-7 0.2588181 -0.9659264 -5.52707e-7 0.2588173 -0.7071086 -3.6847e-7 0.707105 -0.7071079 -4.14528e-7 0.7071056 -0.2588146 -1.38177e-7 0.965927 -0.2588145 -1.61206e-7 0.9659271 0.2588146 1.38177e-7 0.965927 0.2588144 1.55449e-7 0.9659271 0.7071086 4.20286e-7 0.707105 0.7071088 4.31801e-7 0.7071049 0.9659262 5.87252e-7 0.2588181 0.9659262 5.87252e-7 0.2588179 0.9659262 5.87252e-7 -0.2588178 0.9659262 5.87252e-7 -0.258818 0.7071057 4.20288e-7 -0.7071079 0.7071058 4.31803e-7 -0.7071078 0.2588202 1.5401e-7 -0.9659255 0.2588201 1.55449e-7 -0.9659256 -0.2588198 -1.55449e-7 -0.9659256 -0.2588203 -1.55449e-7 -0.9659255 -0.7071053 -4.26045e-7 -0.7071083 -0.707106 -4.26045e-7 -0.7071076 -0.9659262 -5.75737e-7 -0.2588181 -0.9659262 -5.75737e-7 -0.2588179 -0.9659262 -5.75737e-7 0.2588178 -0.7071086 -4.14529e-7 0.707105 -0.7071088 -4.26043e-7 0.7071049 -0.2588143 -1.55449e-7 0.9659272 -0.2588148 -1.55449e-7 0.9659271 0.2588151 1.5401e-7 0.965927 0 1 9.74655e-6 0 1 -6.68873e-6 0 1 5.86876e-6 0 1 -2.77568e-6 0 1 1.04945e-5 0 1 -2.49467e-5 0 1 1.50776e-5 0 1 1.88893e-4 0 1 -4.03456e-6 0 1 2.3475e-5 0 1 -5.82138e-6 0 1 -8.29162e-6 0 1 7.40181e-6 0 1 7.35704e-5 0 1 7.36557e-5 0 1 7.3625e-5 0 1 1.11586e-5 0 1 -1.17376e-5 0 1 6.68873e-6 0 1 8.06589e-6 0 1 5.27749e-6 0 1 -4.87329e-6 0 1 4.18813e-6 0 1 -3.49466e-5 0 1 1.50775e-5 0 1 5.24724e-6 0 1 -2.29872e-5 0 1 -2.61115e-5 0 1 2.7543e-5 0 1 -1.37716e-5 0 1 1.17375e-5 0 1 -5.86877e-6 0 1 8.06587e-6 0 1 9.87064e-6 0 1 -1.96804e-5 0 1 -2.49473e-5 0 1 1.50775e-5 0 1 8.29166e-6 0 1 -7.53877e-6 0 1 7.53878e-6 0 1 -1.34487e-6 0 1 -5.57939e-6 0 1 -5.27647e-6 0 1 3.31039e-6 0 1 -5.57939e-6 0 1 1.17375e-5 0 1 -1.17375e-5 0 1 -5.27748e-6 0 1 -4.18813e-6 0 1 -1.50776e-5 0 1 5.24721e-6 0 1 -3.53256e-6 0 1 4.14583e-6 0 1 5.86876e-6 0 1 1.11587e-5 0 1 -1.17375e-5 0 1 -1.17376e-5 0 1 -1.33774e-5 0 1 1.17376e-5 0 1 1.17855e-5 0 1 -2.23175e-5 0 1 1.17375e-5 0 1 5.57938e-6 0 1 -1.11587e-5 0 1 -1.37688e-5 0 1 7.62939e-6 0 1 -7.62939e-6 0 1 1.52589e-5 0 1 -1.52588e-5 0 1 1.52589e-5 0 1 1.52587e-5 0 1 7.6294e-6 0 1 -7.6294e-6 0 1 -1.52588e-5 -1 -3.38149e-7 0 -1 -5.07223e-7 0 1 8.45371e-7 -3.38149e-7 1 5.07223e-7 0 0 -1 1.18186e-6 1 3.38149e-7 0 0.5760379 -0.4534148 0.6801437 0.6383451 -0.1561792 0.7537398 0.5482605 -0.1561775 0.8215954 0.5482492 0.1561788 0.8216028 0.4510358 0.1561844 0.8787339 0.4070015 0.4534026 0.792954 0.3139634 0.4534079 0.8341754 0.2492763 0.7065273 0.6623296 0.1721625 0.7065115 0.6864413 0.1105793 0.8907082 0.4409209 0.0596019 0.8907046 0.4506586 0.02054297 0.9876455 0.1553528 0.002701759 0.9876509 0.1566477 -0.002704083 0.9876508 -0.156648 0.01517271 0.9876525 -0.1559249 0.04401779 0.8907032 -0.4524493 0.09530627 0.8907058 -0.4444774 0.148374 0.7065278 -0.6919564 0.2262857 0.7065365 -0.6705229 0.2849961 0.4534097 -0.8445098 0.3793944 0.4534007 -0.8065282 0.4204452 0.1561943 -0.8937724 0.5195963 0.1561981 -0.840013 0.5195865 -0.1561784 -0.8400228 0.6119722 -0.1561809 -0.7753049 0.5522196 -0.4534172 -0.6996187 0.6283605 -0.4533997 -0.6321327 0.4989082 -0.7065085 -0.5019326 0.5528838 -0.7065253 -0.4417482 0.3551613 -0.8906986 -0.2837543 0.3851918 -0.8906923 -0.2414426 0.1327534 -0.9876472 -0.08324408 0.1413739 -0.98765 -0.06753462 -0.1413746 -0.9876499 0.06753492 -0.1481508 -0.9876497 0.05098664 -0.4298527 -0.890699 0.147926 -0.4439113 -0.8907006 0.09795552 -0.6910657 -0.7065255 0.1524795 -0.7039435 -0.7065248 0.07270747 -0.8865866 -0.4534056 0.0915842 -0.8912456 -0.453409 -0.01007682 -0.9876641 -0.1561893 -0.01116728 -0.9799544 -0.1561825 -0.1236792 -0.9799535 0.156189 -0.123677 -0.9594689 0.1561852 -0.2345758 -0.8658004 0.4534091 -0.2116835 -0.8360275 0.4534068 -0.3089989 -0.6638066 0.7065193 -0.2453392 -0.6315118 0.706519 -0.3194116 -0.4056413 0.8907094 -0.2051634 -0.379608 0.8907048 -0.2500854 -0.1308389 0.9876494 -0.08619689 -0.1201655 0.9876505 -0.1005318 0.1201564 0.9876479 0.1005696 0.1079181 0.9876523 0.113564 0.3131019 0.8907 0.3295769 0.2734959 0.8907054 0.3631031 0.4257851 0.7065351 0.5652569 0.3585801 0.7065418 0.6100975 0.4516131 0.4534148 0.7684143 0.3610712 0.453414 0.8148887 0.4001269 0.1561844 0.9030532 0.2945923 0.1561867 0.9427731 0.2945917 -0.1561717 0.9427757 0.1851978 -0.1561734 0.9702122 0.1671235 -0.4534306 0.875483 0.06622213 -0.4534004 0.8888436 0.05258321 -0.7065413 0.7057155 -0.02820944 -0.7065367 0.7071141 -0.01812064 -0.8906996 0.454231 -0.0697751 -0.8907096 0.4491858 -0.02404838 -0.9876593 0.1547606 -0.0415408 -0.9876433 0.1511133 0.04154145 -0.9876486 -0.1510785 0.05849123 -0.9876537 -0.1453235 0.1697071 -0.8907064 -0.4217128 0.2166716 -0.8907 -0.3996336 0.3373152 -0.7065253 -0.6221259 0.4060242 -0.7065006 -0.5796561 0.5113642 -0.4533882 -0.7300314 0.591267 -0.4534051 -0.6669538 0.6552079 -0.1561729 -0.7391296 0.7352105 -0.156176 -0.6596019 0.7352026 0.1561895 -0.6596075 0.8056024 0.1561905 -0.5714974 0.7269617 0.4534077 -0.5157017 0.7810017 0.4534052 -0.4294884 0.6201068 0.7065249 -0.3410136 0.65494 0.7065268 -0.2680923 0.420692 0.8907113 -0.1721964 0.4375808 0.8907075 -0.1231395 0.1508206 0.9876499 -0.04243791 0.1546747 0.9876497 -0.02497518 -0.1546754 0.9876499 0.02496606 -0.1565127 0.9876499 0.007183849 -0.4540988 0.8907079 0.02082449 -0.4535122 0.8907076 -0.03109169 -0.7060332 0.7065242 -0.04838001 -0.6959112 0.7065282 -0.1285516 -0.8764758 0.4534029 -0.1619141 -0.8523079 0.4534047 -0.2607597 -0.9445133 0.1561923 -0.2889612 -0.9054135 0.1561932 -0.3947533 -0.9054182 -0.1561849 -0.3947459 -0.854505 -0.1561828 -0.4954071 -0.7710885 -0.4534122 -0.4470345 -0.7151015 -0.4534043 -0.5320287 -0.567789 -0.7065205 -0.4224268 -0.5159463 -0.7065296 -0.484371 -0.3314156 -0.8906985 -0.3111592 -0.2937884 -0.8907097 -0.3468784 -0.1012566 -0.9876519 -0.1195453 -0.08696734 -0.987651 -0.1303164 0.08696889 -0.9876483 0.1303355 0.07154387 -0.9876509 0.1393814 0.2075793 -0.8907157 0.4043961 0.1601248 -0.890697 0.4254635 0.2492764 -0.7065176 0.6623399 0.1721594 -0.7065286 0.6864246 0.2168191 -0.4534022 0.8645322 0.1168674 -0.4533998 0.8836123 0.1295123 -0.1562003 0.9791977 0.01703828 -0.156185 0.9875808 0.01703935 0.156201 0.9875783 -0.09564065 0.1562007 0.9830841 -0.08630508 0.4533953 0.8871214 -0.1868705 0.4534116 0.8714915 -0.1483732 0.7065335 0.6919507 -0.2262791 0.7065293 0.6705327 -0.1453453 0.8907085 0.4307124 -0.1935018 0.8907107 0.4113292 -0.06669467 0.9876511 0.1417649 -0.08241975 0.9876493 0.1332513 0.08241927 0.9876495 -0.1332505 0.0970723 0.9876522 -0.1229644 0.2816351 0.8907089 -0.3568184 0.3204737 0.89071 -0.3223854 0.4989142 0.7065163 -0.5019158 0.5528834 0.7065253 -0.441749 0.6963396 0.4534097 -0.5563549 0.7552067 0.4533974 -0.4733854 0.8369134 0.1561866 -0.5245777 0.8912555 0.1561872 -0.4257573 0.8912597 -0.1561819 -0.4257504 0.9339767 -0.1561818 -0.3213952 0.8428032 -0.4534108 -0.2900028 0.8703696 -0.4534069 -0.1920393 0.6910677 -0.7065255 -0.1524704 0.7039415 -0.7065255 -0.07271897 0.4521823 -0.8907016 -0.04671162 0.4545592 -0.8907018 0.005146861 0.1566662 -0.9876501 0.001777112 0.1554434 -0.9876501 0.01961332 -0.1554448 -0.9876497 -0.01961815 -0.1521942 -0.9876496 -0.03721976 -0.441583 -0.8907012 -0.1079624 -0.4264001 -0.8907011 -0.1575904 -0.6637987 -0.7065246 -0.2453452 -0.6315113 -0.7065238 -0.3194019 -0.7953621 -0.4534121 -0.4022642 -0.7443159 -0.4534049 -0.4903242 -0.8248352 -0.1561831 -0.5433728 -0.7575285 -0.1561824 -0.6338437 -0.7575228 0.1561801 -0.6338509 -0.6803364 0.1561791 -0.716066 -0.6139046 0.453401 -0.6461801 -0.536253 0.4534016 -0.7119409 -0.425795 0.7065479 -0.5652334 -0.3585648 0.7065127 -0.6101403 -0.2303277 0.8907094 -0.3919004 -0.1841517 0.8907086 -0.4156039 -0.06347078 0.9876584 -0.1431869 -0.04672712 0.9876491 -0.1495529 0.04672735 0.9876489 0.1495537 0.02937781 0.987655 0.1538655 0.08523166 0.8906997 0.4465307 0.0337789 0.890718 0.4532995 0.05258494 0.7065076 0.7057492 -0.02820378 0.7065458 0.7071051 -0.03552085 0.453436 0.8905809 -0.136809 0.4534059 0.880742 -0.1516085 0.1561857 0.976023 -0.2618836 0.1561907 0.9523767 -0.2618781 -0.1561768 0.9523805 0.6498014 -0.4534103 0.6100633 0.5159422 -0.706532 0.4843721 0.5677924 -0.7065203 0.4224229 0.364726 -0.8907039 0.2713329 0.3932774 -0.8906977 0.2280145 0.1355458 -0.9876491 0.07859247 0.14362 -0.9876507 0.06260478 -0.1436204 -0.9876504 -0.06260871 -0.1498219 -0.9876495 -0.0458467 -0.4346984 -0.8907016 -0.1329963 -0.4470289 -0.8907003 -0.08257114 -0.695912 -0.7065264 -0.1285573 -0.7060322 -0.7065249 -0.04838603 -0.8892186 -0.453406 -0.06093788 -0.8903667 -0.4534108 0.04081553 -0.9866911 -0.156187 0.04523551 -0.9751046 -0.1561846 0.1574084 -0.975104 0.1561825 0.1574145 -0.9508044 0.1561831 0.2675403 -0.8579856 0.4534043 0.2414239 -0.8248724 0.453405 0.3376529 -0.654939 0.7065227 0.2681058 -0.6201144 0.7065256 0.3409982 -0.3983218 0.8907082 0.2190409 -0.37076 0.8907063 0.2630198 -0.127807 0.9876465 0.09066355 -0.1166385 0.9876492 0.1046169 0.1166157 0.9876508 -0.1046271 0.1039352 0.9876524 -0.1172184 0.30155 0.8907035 -0.3401691 0.2608135 0.8907124 -0.3723008 0.4060329 0.7065081 -0.579641 0.3373219 0.706532 -0.6221146 0.4248314 0.4534168 -0.7835378 0.332736 0.4534128 -0.8268638 0.3687371 0.1561832 -0.9163187 0.2618822 0.1561821 -0.9523786 0.2618702 -0.1561624 -0.9523851 0.1516118 -0.1561716 -0.9760248 0.1368107 -0.4534139 -0.8807376 0.03552663 -0.4534087 -0.8905944 0.02820652 -0.7065261 -0.7071247 -0.05258762 -0.7065386 -0.7057179 -0.03377944 -0.8906875 -0.4533594 -0.08523857 -0.8906949 -0.4465389 -0.02937835 -0.9876559 -0.1538595 -0.04672718 -0.9876434 -0.1495901 0.04672837 -0.9876458 0.1495736 0.06347066 -0.987653 0.1432237 0.1841536 -0.8907153 0.4155886 0.2303225 -0.8906959 0.391934 0.3585743 -0.7065365 0.610107 0.425782 -0.7065206 0.5652773 0.5362549 -0.4533901 0.7119468 0.6139304 -0.4534025 0.6461545 0.680344 -0.1561834 0.7160579 0.757516 -0.1561779 0.6338596 0.7575284 0.1561871 0.6338426 0.8248417 0.1561847 0.5433623 0.7443126 0.4534136 0.4903212 0.7953537 0.4534156 0.402277 0.6315026 0.7065209 0.3194257 0.6637994 0.7065282 0.2453334 0.4263842 0.8907071 0.1575993 0.4415717 0.8907087 0.1079476 0.1521947 0.9876497 0.03721332 0.1554434 0.9876501 0.01961332 -0.1554442 0.98765 -0.01960879 -0.1566672 0.9876499 -0.001772582 -0.4545472 0.8907079 -0.005138933 -0.4521686 0.8907092 0.0467 -0.7039421 0.7065256 0.07271242 -0.6910655 0.706524 0.1524876 -0.8703659 0.4534075 0.1920549 -0.8428037 0.4534065 0.290008 -0.9339794 0.1561886 0.3213838 -0.8912554 0.1561856 0.425758 -0.891259 -0.1561868 0.4257501 -0.836911 -0.1561849 0.524582 -0.7552049 -0.4534015 0.4733844 -0.6963349 -0.4534075 0.5563627 -0.5528874 -0.7065356 0.4417275 -0.4989185 -0.7065297 0.5018926 -0.3204805 -0.8906995 0.3224077 -0.2816514 -0.8907128 0.3567959 -0.09707123 -0.9876502 0.1229804 -0.08242118 -0.9876444 0.133287 0.08242094 -0.9876444 -0.1332867 0.06669342 -0.9876539 -0.1417459 0.1935063 -0.8906974 -0.4113559 0.1453574 -0.890697 -0.430732 0.2262881 -0.7065265 -0.6705328 0.1483722 -0.7065348 -0.6919497 0.1868576 -0.453382 -0.8715097 0.08630955 -0.4534246 -0.8871059 0.09564572 -0.1561815 -0.9830866 -0.01703101 -0.1561713 -0.9875832 -0.01704865 0.1561878 -0.9875803 -0.1294971 0.1561879 -0.9792017 -0.1168646 0.4533898 -0.8836178 -0.2168315 0.4534243 -0.8645175 -0.1721614 0.7065092 -0.686444 -0.2492833 0.7065283 -0.6623259 -0.1601215 0.8907131 -0.425431 -0.2075781 0.8907102 -0.4044091 -0.07154548 0.9876571 -0.1393375 -0.08696663 0.9876463 -0.1303524 0.0869674 0.9876463 0.1303519 0.1012558 0.9876496 0.1195642 0.29378 0.8907089 0.3468877 0.3314049 0.8907152 0.3111227 0.5159311 0.7065184 0.4844037 0.5677915 0.7065238 0.4224179 0.7151027 0.4534096 0.5320225 0.7710978 0.4534091 0.4470217 0.8545212 0.1561848 0.4953786 0.9054189 0.1561872 0.3947433 0.9054138 -0.1561829 0.3947566 0.9445099 -0.1561853 0.2889765 0.8523006 -0.4534111 0.2607723 0.876474 -0.4534096 0.1619043 0.6959138 -0.7065259 0.1285507 0.7060313 -0.7065257 0.04838716 0.4535262 -0.8907007 0.03108459 0.4541143 -0.8907002 -0.02082127 0.1565119 -0.9876501 -0.007168173 0.1546732 -0.9876502 -0.02497035 -0.1546747 -0.9876497 0.02497518 -0.1508196 -0.98765 0.04243791 -0.4375947 -0.8907006 0.1231395 -0.420706 -0.8907016 0.1722122 -0.6549368 -0.7065234 0.2681095 -0.6201044 -0.7065228 0.3410221 -0.7810145 -0.453412 0.4294578 -0.7269585 -0.4534054 0.5157082 -0.8056101 -0.1561838 0.5714885 -0.7352053 -0.1561831 0.659606 -0.7352 0.1561767 0.6596134 -0.6552267 0.1561779 0.7391119 -0.5912584 0.4534003 0.6669645 -0.5113862 0.4534066 0.7300046 -0.4060345 0.7065163 0.5796299 -0.337311 0.7065085 0.6221472 -0.2166624 0.8907171 0.3996003 -0.1696954 0.890705 0.4217205 -0.05849057 0.9876571 0.1453006 -0.04153984 0.9876435 0.151112 0.04154103 0.9876488 -0.1510769 0.02404958 0.9876554 -0.1547853 0.06977528 0.8907021 -0.4492008 0.01811754 0.8907213 -0.4541887 0.02820754 0.7065168 -0.707134 -0.0525881 0.7065281 -0.7057285 -0.06623196 0.453423 -0.8888312 -0.1671195 0.4534177 -0.8754905 -0.1851987 0.1561931 -0.9702089 -0.2945792 0.1561884 -0.942777 -0.2945832 -0.1561822 -0.9427767 -0.4001363 -0.1561858 -0.9030488 -0.3610727 -0.4534166 -0.8148865 -0.4516025 -0.4534081 -0.7684246 -0.3585708 -0.7065235 -0.6101241 -0.4257803 -0.7065321 -0.5652642 -0.2734987 -0.8906964 -0.3631232 -0.3131132 -0.8907067 -0.3295479 -0.1079168 -0.9876517 -0.1135709 -0.1201558 -0.9876518 -0.100532 0.1201673 -0.9876512 0.1005241 0.1308407 -0.987649 0.08619815 0.3796209 -0.8906993 0.2500856 0.4056539 -0.8907004 0.2051773 0.6315057 -0.7065247 0.3194112 0.6637997 -0.7065276 0.2453339 0.8360299 -0.4534064 0.308993 0.8658006 -0.4534113 0.2116782 0.9594681 -0.1561781 0.2345834 0.9799549 -0.1561824 0.123675 0.9799542 0.1561849 0.123677 0.9876649 0.1561839 0.011168 0.8912451 0.4534103 0.01007449 0.8865868 0.4534052 -0.0915848 0.7039389 0.7065283 -0.07271778 0.691065 0.7065261 -0.15248 0.4438981 0.8907081 -0.09794735 0.4298401 0.8907082 -0.1479068 0.1481519 0.9876493 -0.05099016 0.1413754 0.9876511 -0.06751674 -0.1413742 0.9876513 0.06751644 -0.1327543 0.9876486 0.08322602 -0.3851683 0.8907071 0.2414256 -0.355138 0.8907102 0.2837472 -0.5528804 0.7065337 0.4417393 -0.4989281 0.7065332 0.5018782 -0.6283658 0.4533981 0.6321287 -0.5521995 0.4533897 0.6996525 -0.6119621 0.1561864 0.7753118 -0.5195905 0.1561857 0.8400189 -0.5195956 -0.156194 0.8400142 -0.4204559 -0.1561945 0.8937674 -0.3794111 -0.4534093 0.8065156 -0.2849868 -0.4533969 0.8445199 -0.2262811 -0.7065215 0.6705403 -0.1483725 -0.7065219 0.6919627 -0.09531098 -0.8907023 0.4444834 -0.04402029 -0.8906934 0.4524683 -0.01517242 -0.9876528 0.1559219 0.002702891 -0.9876453 0.1566828 -0.002702891 -0.9876511 -0.1566462 -0.02054029 -0.9876477 -0.1553396 -0.05960488 -0.8907207 -0.4506264 -0.1105845 -0.8906978 -0.4409404 -0.1721619 -0.7065318 -0.6864206 -0.249283 -0.7065183 -0.6623367 -0.3139482 -0.4533884 -0.8341916 -0.407013 -0.4534105 -0.7929435 -0.4510403 -0.1561784 -0.8787327 -0.5482562 -0.1561785 -0.8215981 -0.5482714 0.1561898 -0.8215858 -0.6383455 0.1561867 -0.7537379 -0.5760188 0.453404 -0.680167 -0.6498046 0.4534109 -0.6100596 -0.5159429 0.706528 -0.4843772 -0.5677972 0.7065227 -0.4224123 -0.364723 0.8907199 -0.2712842 -0.3932682 0.8907075 -0.2279922 -0.1355457 0.9876499 -0.07858294 -0.1436196 0.9876502 -0.0626139 0.1436204 0.9876513 0.06259572 0.1498219 0.9876499 0.0458377 0.4346828 0.8907127 0.132973 0.4470119 0.8907089 0.08257257 0.6959168 0.7065244 0.1285423 0.70603 0.7065272 0.04838413 0.8892207 0.4534004 0.06094843 0.8903684 0.4534074 -0.04081767 0.9866911 0.1561876 -0.04523515 0.9751021 0.1561934 -0.1574149 0.9751042 -0.156183 -0.1574125 0.9508048 -0.1561805 -0.2675408 0.8579842 -0.4534032 -0.2414306 0.8248761 -0.453401 -0.3376495 0.6549451 -0.7065309 -0.2680691 0.6201117 -0.7065166 -0.3410217 0.3983337 -0.890703 -0.2190402 0.370771 -0.8906995 -0.2630271 0.1277879 -0.9876476 -0.09067851 0.1166253 -0.9876466 -0.1046547 -0.1166146 -0.987652 0.1046168 -0.1039331 -0.9876487 0.1172519 -0.3015608 -0.8907108 0.3401404 -0.2608109 -0.8906915 0.3723526 -0.4060283 -0.7065159 0.5796347 -0.3373194 -0.7065177 0.6221322 -0.4248177 -0.4534001 0.783555 -0.3327366 -0.4534182 0.8268606 -0.3687393 -0.1561822 0.9163179 0.4947332 -0.4534105 0.7413892 0.54827 -0.156181 0.8215885 0.4510309 -0.1561798 0.8787372 0.4510306 0.1561838 0.8787367 0.3479307 0.1561892 0.9244183 0.31396 0.4534065 0.8341773 0.2168324 0.4534214 0.864519 0.1721602 0.7065414 0.686411 0.09277993 0.7065149 0.7015901 0.05959987 0.8907056 0.4506567 0.00784409 0.890708 0.4545083 0.002703607 0.9876531 0.1566337 -0.01517063 0.9876441 0.1559773 0.01517188 0.9876441 -0.1559782 0.03284847 0.9876543 -0.1531667 0.09530353 0.8907169 -0.4444555 0.1453557 0.890712 -0.4307016 0.2262812 0.7065145 -0.6705476 0.3012458 0.7065263 -0.6403682 0.3794159 0.4534145 -0.8065103 0.468861 0.4533995 -0.7580227 0.5195981 0.1561828 -0.8400147 0.6119646 0.1561833 -0.7753105 0.6119537 -0.1561818 -0.7753193 0.696357 -0.1561853 -0.700495 0.628378 -0.4534074 -0.6321098 0.6963323 -0.4534024 -0.5563701 0.5528705 -0.7065129 -0.4417848 0.5996389 -0.7065227 -0.3758443 0.3851817 -0.8906978 -0.2414383 0.4101904 -0.8906957 -0.1959718 0.1413748 -0.98765 -0.06753242 0.1481518 -0.9876502 -0.05097174 -0.1481516 -0.9876503 0.05097186 -0.1529974 -0.9876498 0.03376013 -0.4439108 -0.8907024 0.09794199 -0.4521839 -0.8907014 0.04669934 -0.7039417 -0.7065251 0.07272094 -0.7076424 -0.7065255 -0.008004426 -0.8912475 -0.4534054 -0.01007479 -0.8842876 -0.4534075 -0.1116121 -0.9799522 -0.1561922 -0.1236836 -0.9594705 -0.1561839 -0.23457 -0.9594673 0.156186 -0.2345813 -0.9264731 0.1561868 -0.3424229 -0.8360289 0.4534176 -0.3089789 -0.7953485 0.4534127 -0.4022906 -0.631509 0.706519 -0.3194173 -0.5909909 0.7065255 -0.3892964 -0.379608 0.8907155 -0.2500476 -0.3486344 0.8907179 -0.2916774 -0.1201649 0.987647 -0.1005681 -0.1079169 0.9876457 -0.1136215 0.1079164 0.987648 0.113603 0.09426504 0.9876509 0.1251388 0.2734971 0.8907091 0.3630933 0.2303227 0.890707 0.391909 0.3585721 0.7065198 0.6101278 0.286702 0.706549 0.6469857 0.3610688 0.4534071 0.8148934 0.2658172 0.4533893 0.8507523 0.2945881 0.1561752 0.9427764 0.1851922 0.1561726 0.9702134 0.1851973 -0.1561764 0.9702119 0.07338619 -0.1561698 0.9850003 0.06622719 -0.4534302 0.8888279 -0.03551965 -0.4534125 0.8905928 -0.02820169 -0.7064724 0.7071785 -0.1086328 -0.7065419 0.6992836 -0.06977641 -0.8907012 0.4492024 -0.1205285 -0.8907083 0.4383057 -0.04154109 -0.9876561 0.1510294 -0.05849051 -0.987649 0.1453565 0.05849111 -0.9876485 -0.1453593 0.07467913 -0.9876532 -0.1377108 0.2166746 -0.8907166 -0.3995948 0.2608164 -0.8907018 -0.3723238 0.4060423 -0.7065479 -0.5795859 0.4694519 -0.7065212 -0.5295684 0.591262 -0.4534262 -0.6669439 0.6634267 -0.4534173 -0.5952123 0.735207 -0.1561862 -0.6596034 0.8056132 -0.1561849 -0.5714838 0.8055927 0.1561878 -0.5715119 0.8654892 0.156191 -0.4759547 0.7810127 0.4534091 -0.4294642 0.8248692 0.4534025 -0.3376641 0.6549373 0.7065267 -0.2680992 0.6812322 0.7065249 -0.1916908 0.4375779 0.8907109 -0.1231245 0.4487659 0.890708 -0.07244819 0.154673 0.9876501 -0.02497291 0.1565123 0.98765 -0.007173359 -0.156513 0.9876499 0.007176876 -0.1563112 0.9876498 -0.01070904 -0.4535096 0.8907092 -0.03108602 -0.4470128 0.8907085 -0.08257192 -0.6959154 0.7065248 -0.1285479 -0.6767231 0.7065248 -0.2070475 -0.852308 0.4533983 -0.2607703 -0.8170312 0.4534037 -0.3562096 -0.9054127 0.1561844 -0.3947587 -0.8545109 0.1561839 -0.4953966 -0.8545155 -0.1561791 -0.4953901 -0.7924821 -0.1561852 -0.5895577 -0.7151178 -0.4534128 -0.5319994 -0.6497979 -0.4534009 -0.6100742 -0.5159381 -0.7065201 -0.4843937 -0.4573635 -0.7065291 -0.5400328 -0.2937864 -0.8906897 -0.3469316 -0.2523319 -0.890704 -0.3781205 -0.08696752 -0.9876499 -0.1303245 -0.07154434 -0.9876463 -0.1394144 0.07154506 -0.9876486 0.1393972 0.0551905 -0.9876495 0.1466382 0.1601344 -0.8907164 0.4254189 0.1105871 -0.8906917 0.4409523 0.1721636 -0.7065238 0.6864283 0.09278869 -0.7065287 0.701575 0.1168636 -0.4533927 0.8836165 0.01537644 -0.4534019 0.8911736 0.0170421 -0.1562038 0.9875779 -0.09564173 -0.1561939 0.9830851 -0.09564888 0.1561945 0.9830843 -0.2070861 0.1561967 0.9657732 -0.1868593 0.4533875 0.8715064 -0.2849959 0.4534026 0.8445138 -0.2262915 0.7065323 0.6705254 -0.3012459 0.7065266 0.640368 -0.1934952 0.8907021 0.4113507 -0.2391286 0.890716 0.3865783 -0.08242052 0.9876526 0.1332265 -0.09706991 0.987648 0.1230002 0.0970723 0.9876477 -0.123001 0.1104584 0.9876519 -0.1110976 0.3204768 0.8907119 -0.3223772 0.3551378 0.8907133 -0.2837375 0.5528764 0.7065197 -0.4417666 0.5996373 0.7065305 -0.3758322 0.7552023 0.4534064 -0.4733839 0.8042485 0.4534101 -0.3841924 0.8912546 0.1561841 -0.4257602 0.9339811 0.156184 -0.3213812 0.9339824 -0.1561869 -0.3213761 0.9645251 -0.1561857 -0.2128321 0.870369 -0.4534061 -0.1920439 0.8865871 -0.4534053 -0.09158009 0.7039412 -0.7065254 -0.07272326 0.7076432 -0.7065246 0.008006989 0.4545609 -0.8907009 0.005135059 0.4510125 -0.8907003 0.05692929 0.1554431 -0.9876501 0.0196166 0.1521943 -0.9876502 0.03720253 -0.1521943 -0.9876503 -0.03719788 -0.1469613 -0.9876495 -0.05432194 -0.4263951 -0.8907005 -0.1576068 -0.405654 -0.890704 -0.2051616 -0.6315082 -0.7065192 -0.3194184 -0.5909876 -0.7065311 -0.389291 -0.7443166 -0.4534153 -0.4903137 -0.6835679 -0.4534119 -0.5719726 -0.7575143 -0.1561771 -0.6338619 -0.6803334 -0.1561775 -0.7160692 -0.6803263 0.1561847 -0.7160744 -0.5942687 0.1561825 -0.7889561 -0.5362613 0.4534083 -0.7119303 -0.4516157 0.453413 -0.7684139 -0.3585811 0.7065433 -0.6100953 -0.2866871 0.7065308 -0.6470121 -0.1841485 0.8906927 -0.4156394 -0.1355743 0.8907082 -0.4338876 -0.04672718 0.987654 -0.1495198 -0.02937692 0.9876443 -0.153935 0.02937698 0.9876495 0.1539013 0.01164156 0.9876509 0.1562373 0.03377538 0.8907164 0.453303 -0.01811969 0.8907163 0.4541985 -0.02820903 0.7065054 0.7071453 -0.1086318 0.7065229 0.699303 -0.136815 0.4534118 0.880738 -0.236316 0.4534102 0.8594033 -0.2618851 0.1561821 0.9523777 -0.3687403 0.1561824 0.9163175 -0.3687293 -0.156194 0.9163199 0.5760295 -0.4534146 0.680151 0.4573576 -0.7065005 0.5400753 0.5159454 -0.7065026 0.4844115 0.3314264 -0.8907076 0.3111215 0.3647261 -0.8906939 0.2713658 0.125705 -0.9876487 0.09353363 0.1355462 -0.9876512 0.07856476 -0.1355465 -0.9876511 -0.07856529 -0.1436206 -0.9876486 -0.06263768 -0.4167091 -0.8906998 -0.1816796 -0.4347023 -0.8906996 -0.1329964 -0.6767216 -0.7065251 -0.207051 -0.695913 -0.7065274 -0.1285467 -0.8764764 -0.4534057 -0.1619027 -0.8892164 -0.4534094 -0.06094372 -0.9854159 -0.1561871 -0.06753605 -0.9866918 -0.156184 0.0452336 -0.9866915 0.1561847 0.04523462 -0.9751042 0.1561871 0.1574092 -0.8799139 0.453404 0.142044 -0.8579861 0.4534027 0.241425 -0.6812318 0.7065255 0.19169 -0.6549391 0.7065284 0.2680903 -0.4206938 0.8907082 0.1722081 -0.398322 0.8907083 0.21904 -0.1372885 0.9876489 0.07550942 -0.1277879 0.9876516 0.09063452 0.1277884 0.9876508 -0.09064376 0.1166161 0.9876491 -0.1046425 0.3383406 0.8907115 -0.3035765 0.3015373 0.890722 -0.3401319 0.4694439 0.7065234 -0.5295726 0.4060331 0.7065399 -0.5796021 0.5113728 0.4534124 -0.7300103 0.4248305 0.4534124 -0.783541 0.4707967 0.1561673 -0.8683101 0.3687443 0.1561663 -0.9163187 0.3687376 -0.1561781 -0.9163193 0.2618927 -0.1561828 -0.9523757 0.2363249 -0.4534219 -0.8593947 0.1368036 -0.4533882 -0.880752 0.1086285 -0.7065236 -0.6993027 0.02820611 -0.7065324 -0.7071185 0.01811832 -0.8907077 -0.4542154 -0.03377574 -0.8907188 -0.4532983 -0.01164066 -0.9876562 -0.1562049 -0.02937597 -0.9876503 -0.153896 0.02937656 -0.9876499 0.153899 0.04672718 -0.9876548 0.1495154 0.135574 -0.8907123 0.4338795 0.184153 -0.8907022 0.4156169 0.2866932 -0.7065207 0.6470205 0.3585746 -0.7065126 0.6101346 0.4516074 -0.4534018 0.7684254 0.5362612 -0.453409 0.71193 0.5942725 -0.1561948 0.7889508 0.6803186 -0.1561881 0.716081 0.6803231 0.1561801 0.7160784 0.7575192 0.1561805 0.6338553 0.6835642 0.4534134 0.5719758 0.7443107 0.4534125 0.4903252 0.5909853 0.7065442 0.3892709 0.6315035 0.7065272 0.31941 0.4056419 0.8907101 0.2051593 0.4263828 0.8907083 0.1575958 0.1469612 0.9876504 0.05430537 0.1521938 0.9876503 0.03720253 -0.1521944 0.9876505 -0.03719323 -0.1554442 0.9876497 -0.0196281 -0.4510012 0.8907065 -0.05692028 -0.4545471 0.890708 -0.005141556 -0.7076425 0.7065253 -0.008004903 -0.7039427 0.7065239 0.07272404 -0.8865839 0.4534105 0.09158647 -0.870368 0.4534068 0.1920465 -0.9645262 0.1561884 0.2128253 -0.9339789 0.1561852 0.3213872 -0.9339803 -0.1561868 0.3213821 -0.891253 -0.1561884 0.425762 -0.8042513 -0.4534065 0.3841907 -0.755212 -0.4534124 0.4733625 -0.5996379 -0.7065323 0.3758277 -0.5528708 -0.706516 0.4417796 -0.355148 -0.890702 0.2837604 -0.320481 -0.890702 0.3224004 -0.1104513 -0.9876488 0.1111333 -0.09707003 -0.9876481 0.1229989 0.09707236 -0.9876523 -0.1229632 0.08241856 -0.9876537 -0.1332195 0.2391379 -0.8907102 -0.3865855 0.1935011 -0.890694 -0.4113654 0.3012518 -0.7065439 -0.6403461 0.2262758 -0.7065132 -0.6705508 0.2849972 -0.4533929 -0.8445185 0.1868653 -0.4534136 -0.8714916 0.2070716 -0.1561738 -0.9657801 0.09565234 -0.1561738 -0.9830872 0.09564161 0.1561778 -0.9830876 -0.01702821 0.156174 -0.9875828 -0.01537221 0.4534087 -0.8911702 -0.1168546 0.4533913 -0.8836183 -0.09279072 0.7065376 -0.7015658 -0.1721525 0.7065116 -0.6864437 -0.1105825 0.8907122 -0.440912 -0.1601192 0.8907009 -0.4254571 -0.05518853 0.9876547 -0.1466029 -0.07154512 0.987646 -0.1394159 0.07154494 0.987646 0.1394156 0.0869677 0.9876518 0.1303098 0.2523229 0.8907077 0.3781176 0.2937802 0.8907006 0.3469086 0.4573646 0.706548 0.5400069 0.5159338 0.7065355 0.4843759 0.6498026 0.4534069 0.6100645 0.7151147 0.4534102 0.5320059 0.7924719 0.1561794 0.589573 0.8545143 0.1561815 0.4953917 0.8545202 -0.1561748 0.4953834 0.9054098 -0.1561806 0.3947669 0.8170283 -0.4534036 0.3562162 0.8523089 -0.4534083 0.2607501 0.6767266 -0.7065222 0.207045 0.695915 -0.7065247 0.1285501 0.4470273 -0.8907012 0.08257222 0.4535256 -0.8907011 0.03108453 0.1563107 -0.9876498 0.01071673 0.156513 -0.9876499 -0.007183849 -0.156513 -0.9876499 0.007167577 -0.1546743 -0.98765 0.02496761 -0.448781 -0.8907006 0.07244336 -0.4375972 -0.8907008 0.1231301 -0.681235 -0.7065259 0.1916774 -0.6549413 -0.7065252 0.2680936 -0.8248713 -0.4534003 0.3376618 -0.7810103 -0.4534037 0.4294743 -0.8654949 -0.1561849 0.4759463 -0.8055958 -0.1561831 0.5715088 -0.8055994 0.1561847 0.5715032 -0.7352121 0.1561903 0.6595967 -0.6634244 0.4534047 0.5952247 -0.5912638 0.4534164 0.6669489 -0.4694559 0.7065361 0.529545 -0.4060198 0.706517 0.5796393 -0.2608053 0.8907151 0.3723 -0.2166686 0.8907178 0.3995958 -0.0746783 0.9876513 0.1377249 -0.05849051 0.9876435 0.1453936 0.05849111 0.9876485 -0.1453593 0.04154199 0.9876528 -0.1510509 0.1205267 0.8907153 -0.4382917 0.06977707 0.8907104 -0.449184 0.1086275 0.7065078 -0.699319 0.02820515 0.706542 -0.7071089 0.03552466 0.4534019 -0.8905981 -0.06622052 0.4533799 -0.8888542 -0.07338821 0.1561773 -0.984999 -0.1851935 0.1561793 -0.9702121 -0.1851854 -0.156184 -0.9702129 -0.2945919 -0.1561924 -0.9427723 -0.2658337 -0.4534032 -0.8507397 -0.3610621 -0.4533801 -0.8149115 -0.2866886 -0.7065267 -0.6470161 -0.3585788 -0.7065412 -0.6100991 -0.2303351 -0.8906949 -0.391929 -0.2735157 -0.8907101 -0.3630768 -0.09426695 -0.9876492 -0.1251512 -0.107918 -0.9876475 -0.1136048 0.1079176 -0.9876477 0.1136043 0.1201666 -0.9876524 0.100512 0.3486532 -0.8906931 0.2917305 0.3796379 -0.8906919 0.2500863 0.5909819 -0.7065315 0.389299 0.6315077 -0.7065293 0.3193968 0.7953643 -0.4534007 0.4022731 0.8360314 -0.4533972 0.3090026 0.9264723 -0.1561862 0.3424256 0.9594689 -0.1561849 0.2345758 0.959468 0.1561846 0.2345796 0.9799538 0.1561824 0.1236841 0.8842874 0.4534086 0.1116089 0.891247 0.4534064 0.01007664 0.7076448 0.7065231 0.007998764 0.7039453 0.7065217 -0.07271933 0.4521684 0.8907092 -0.0467019 0.4438987 0.8907076 -0.09794837 0.1529966 0.9876497 -0.03376603 0.1481511 0.9876503 -0.0509715 -0.1481505 0.9876505 0.05097013 -0.1413739 0.9876498 0.06753754 -0.4101745 0.8907074 0.1959518 -0.3851653 0.8907073 0.2414301 -0.599636 0.7065309 0.3758336 -0.5528773 0.7065194 0.441766 -0.6963278 0.453405 0.5563737 -0.6283729 0.4534082 0.6321144 -0.6963416 0.1561854 0.7005102 -0.6119729 0.1561878 0.7753029 -0.6119496 -0.1561808 0.7753228 -0.5195986 -0.1561888 0.8400133 -0.4688715 -0.4534102 0.7580099 -0.3793928 -0.4533901 0.806535 -0.3012409 -0.706512 0.6403865 -0.2262897 -0.7065406 0.6705173 -0.1453537 -0.8906937 0.43074 -0.095308 -0.8907076 0.444473 -0.03284871 -0.9876571 0.1531487 -0.01517075 -0.9876497 0.1559417 0.01517188 -0.987644 -0.1559785 -0.00270456 -0.9876546 -0.1566246 -0.007844388 -0.8907074 -0.4545096 -0.0596016 -0.8906822 -0.4507028 -0.09279602 -0.7065539 -0.7015486 -0.1721562 -0.7065102 -0.6864442 -0.2168151 -0.4533967 -0.8645361 -0.3139644 -0.4534139 -0.8341716 -0.3479271 -0.1561989 -0.9244181 -0.45102 -0.1561927 -0.8787405 -0.451034 0.1561825 -0.8787351 -0.5482617 0.1561821 -0.8215938 -0.4947295 0.4533971 -0.7414 -0.576034 0.4534099 -0.6801502 -0.4573653 0.7065315 -0.540028 -0.5159363 0.7065158 -0.4844021 -0.3314091 0.8907192 -0.3111065 -0.3647134 0.8906996 -0.271364 -0.1257104 0.9876511 -0.09350001 -0.1355463 0.9876496 -0.07858377 0.1355466 0.9876496 0.07858353 0.1436201 0.9876492 0.0626285 0.4166923 0.8907045 0.1816955 0.4346869 0.8907067 0.133 0.6767241 0.7065225 0.2070518 0.6959134 0.7065233 0.1285669 0.8764746 0.4534057 0.1619127 0.889215 0.4534127 0.06093978 0.9854152 0.1561927 0.06753402 0.9866909 0.1561899 -0.04523175 0.9866907 -0.1561907 -0.04523283 0.9751031 -0.1561849 -0.1574178 0.8799091 -0.4534114 -0.1420502 0.8579811 -0.4534103 -0.2414285 0.6812326 -0.7065249 -0.1916891 0.654939 -0.7065215 -0.268109 0.4207069 -0.8907 -0.1722186 0.3983336 -0.8906996 -0.2190541 0.1372877 -0.9876478 -0.07552444 0.1277885 -0.9876516 -0.09063452 -0.127772 -0.9876521 0.09065252 -0.1166055 -0.9876519 0.1046286 -0.3383721 -0.8907043 0.3035626 -0.3015584 -0.8906931 0.3401889 -0.4694574 -0.7065386 0.5295404 -0.4060295 -0.706528 0.5796191 -0.5113771 -0.45341 0.7300088 -0.4248405 -0.4534262 0.7835274 -0.4707895 -0.1561957 0.8683088 0.407011 -0.4534188 0.7929397 0.4510518 -0.156187 0.8787253 0.3479067 -0.1561773 0.9244294 0.3479242 0.1561829 0.9244219 0.24027 0.156184 0.958059 0.2168092 0.4533889 0.8645417 0.1168668 0.4534105 0.883607 0.09279173 0.7065366 0.7015666 0.01221275 0.706528 0.7075798 0.007841765 0.8907006 0.4545227 -0.04401892 0.8907074 0.4524409 -0.01517248 0.9876527 0.1559227 -0.03284835 0.9876501 0.1531935 0.03284817 0.9876445 -0.1532297 0.05009692 0.9876536 -0.1484274 0.1453492 0.8907123 -0.4307032 0.1934975 0.8907095 -0.4113336 0.3012406 0.7065151 -0.6403831 0.3722832 0.7065344 -0.6018426 0.4688736 0.4534136 -0.7580064 0.5522077 0.4533996 -0.6996396 0.6119548 0.1561846 -0.7753179 0.6963536 0.1561863 -0.7004981 0.6963371 -0.1561896 -0.7005138 0.7716774 -0.1561976 -0.6165358 0.6963319 -0.4534024 -0.5563707 0.7552121 -0.4533998 -0.4733744 0.5996358 -0.7065326 -0.3758305 0.6385664 -0.7065251 -0.3050497 0.4101886 -0.8907031 -0.1959421 0.4298533 -0.8907004 -0.1479153 0.1481507 -0.9876489 -0.05100309 0.1529964 -0.98765 -0.03375816 -0.152997 -0.9876499 0.03375816 -0.1558471 -0.98765 0.01610171 -0.4521831 -0.8907011 0.04671263 -0.4545606 -0.8907011 -0.005135297 -0.7076437 -0.7065243 -0.00799638 -0.702117 -0.7065266 -0.08861118 -0.8842879 -0.453408 -0.1116067 -0.8657999 -0.45341 -0.2116839 -0.9594668 -0.1561815 -0.2345867 -0.9264752 -0.1561831 -0.3424187 -0.9264736 0.1561815 -0.3424242 -0.8813973 0.1561797 -0.4458103 -0.7953631 0.4534097 -0.4022649 -0.7443143 0.4534043 -0.4903273 -0.5909805 0.7065122 -0.3893362 -0.5427555 0.7065215 -0.4541409 -0.3486369 0.8906959 -0.2917415 -0.3131163 0.8907044 -0.3295512 -0.1079182 0.9876533 -0.1135551 -0.09426635 0.9876487 -0.1251562 0.09426528 0.987649 0.1251547 0.07938653 0.9876515 0.1350643 0.2303213 0.8907116 0.3918992 0.1841452 0.8907039 0.4156165 0.2866919 0.7065241 0.6470174 0.2110601 0.7065065 0.6755015 0.2658371 0.4534211 0.8507291 0.1671158 0.4534019 0.8754994 0.1851951 0.1561775 0.9702121 0.07338535 0.1561772 0.9849992 0.07338482 -0.156177 0.9849992 -0.03936719 -0.1561849 0.986943 -0.03552353 -0.4534184 0.8905896 -0.1368145 -0.4534171 0.8807353 -0.1086278 -0.7065076 0.699319 -0.1876373 -0.7065389 0.6823452 -0.1205247 -0.8906869 0.4383501 -0.1697102 -0.8907132 0.4216973 -0.05849009 -0.9876488 0.1453576 -0.07467764 -0.9876487 0.137744 0.07467854 -0.9876485 -0.1377445 0.0898925 -0.9876507 -0.1283175 0.2608203 -0.890703 -0.3723187 0.3015666 -0.8907074 -0.3401443 0.4694538 -0.7065158 -0.5295741 0.5267569 -0.7065212 -0.4726046 0.6634388 -0.4534099 -0.5952047 0.7269555 -0.4534038 -0.5157137 0.8056007 -0.1561869 -0.5715008 0.8654994 -0.156183 -0.4759386 0.8654971 0.1561734 -0.4759462 0.9141082 0.1561844 -0.3741829 0.824875 0.4534066 -0.3376443 0.8579837 0.4534044 -0.2414298 0.6812332 0.7065235 -0.1916919 0.6986451 0.7065237 -0.1127804 0.4487655 0.8907084 -0.07244402 0.4540967 0.8907093 -0.02081704 0.1565119 0.98765 -0.007185935 0.1563094 0.98765 0.01071643 -0.1563103 0.9876499 -0.01071423 -0.1540695 0.9876502 -0.02845853 -0.4470137 0.8907073 -0.08257967 -0.434685 0.8907081 -0.1329966 -0.6767226 0.7065261 -0.2070448 -0.6487096 0.706525 -0.2828396 -0.8170205 0.4534104 -0.3562254 -0.7710999 0.4534132 -0.447014 -0.854518 0.1561862 -0.4953836 -0.7924729 0.1561867 -0.5895698 -0.7924664 -0.156186 -0.5895786 -0.7201004 -0.1561866 -0.676063 -0.6498148 -0.4534211 -0.6100412 -0.5760152 -0.4534043 -0.6801699 -0.4573647 -0.7065212 -0.5400421 -0.3928243 -0.7065318 -0.5886442 -0.2523333 -0.890693 -0.3781454 -0.2075816 -0.8907083 -0.4044113 -0.07154554 -0.9876515 -0.1393766 -0.05518925 -0.9876466 -0.1466577 0.05518889 -0.9876468 0.1466567 0.03811472 -0.9876548 0.1519386 0.1105848 -0.8907095 0.4409168 0.05960255 -0.890694 0.4506791 0.09278529 -0.70654 0.7015641 0.01220923 -0.7065272 0.7075806 0.01537573 -0.4533928 0.8911783 -0.08631408 -0.4534223 0.8871067 -0.09564882 -0.156197 0.9830839 -0.2070829 -0.1561883 0.9657754 -0.2070896 0.1561853 0.9657743 -0.3158208 0.1561864 0.9358755 -0.2849876 0.4533959 0.8445202 -0.3794053 0.4534073 0.8065194 -0.301244 0.7065268 0.6403687 -0.3722757 0.7065174 0.601867 -0.2391273 0.8907058 0.3866022 -0.2816334 0.8906995 0.3568434 -0.09707123 0.9876504 0.1229791 -0.1104556 0.9876482 0.1111333 0.1104576 0.9876499 -0.1111168 0.122399 0.9876495 -0.09781175 0.3551187 0.8907203 -0.2837396 0.3851495 0.8907163 -0.2414217 0.5996304 0.7065295 -0.3758453 0.6385669 0.7065225 -0.3050549 0.8042489 0.4534065 -0.3841957 0.8428021 0.4534074 -0.2900113 0.9339771 0.1561899 -0.3213902 0.964526 0.1561901 -0.2128249 0.9645271 -0.1561877 -0.2128216 0.9825004 -0.1561818 -0.1014912 0.8865885 -0.453401 -0.0915879 0.8912492 -0.4534023 0.01007503 0.7076449 -0.7065232 0.007988274 0.7021206 -0.7065218 0.08862078 0.4510145 -0.8907003 0.05691134 0.4415854 -0.8906996 0.1079657 0.1521948 -0.9876495 0.03721839 0.1469599 -0.9876506 0.05430465 -0.1469618 -0.98765 -0.05431163 -0.1398121 -0.9876493 -0.07072198 -0.4056544 -0.8906999 -0.2051789 -0.3796245 -0.8907036 -0.250065 -0.5909829 -0.706516 -0.3893254 -0.5427554 -0.706525 -0.4541355 -0.683578 -0.4534102 -0.5719619 -0.6139011 -0.453404 -0.6461814 -0.6803326 -0.1561823 -0.716069 -0.594263 -0.1561796 -0.788961 -0.5942705 0.1561828 -0.7889548 -0.5004686 0.156185 -0.8515501 -0.451598 0.4534021 -0.7684307 -0.3610804 0.4534192 -0.8148816 -0.2866911 0.7065511 -0.6469882 -0.2110591 0.7065289 -0.6754783 -0.1355741 0.8907046 -0.4338952 -0.08523595 0.8907142 -0.446501 -0.02937704 0.9876511 -0.1538912 -0.01164156 0.9876512 -0.1562358 0.01164215 0.9876389 0.1563136 -0.006245613 0.9876507 0.1565477 -0.01811921 0.8907007 0.454229 -0.06977587 0.8907151 0.4491747 -0.108626 0.7065061 0.6993207 -0.1876381 0.706528 0.6823564 -0.2363193 0.4534251 0.8593945 -0.3327241 0.4534059 0.8268724 -0.3687313 0.1562004 0.9163181 -0.4707837 0.1561998 0.8683112 -0.4707738 -0.1561748 0.8683211 0.4947395 -0.4534059 0.7413879 0.3928133 -0.706514 0.5886729 0.4573761 -0.7065417 0.5400054 0.293786 -0.8906943 0.3469199 0.3314238 -0.8907057 0.3111296 0.1142292 -0.9876477 0.1072561 0.1257048 -0.9876524 0.09349423 -0.1257054 -0.9876523 -0.09349465 -0.1355464 -0.9876497 -0.0785833 -0.3932794 -0.8906971 -0.2280132 -0.416707 -0.8907024 -0.1816717 -0.6487103 -0.7065251 -0.2828378 -0.6767247 -0.7065292 -0.207027 -0.8523067 -0.4534055 -0.260762 -0.8764756 -0.4534059 -0.161906 -0.9712954 -0.1561805 -0.1794238 -0.9854174 -0.1561788 -0.06753236 -0.9854162 0.1561865 -0.06753337 -0.9866907 0.1561895 0.04523622 -0.8903698 0.4534044 0.04081839 -0.8799114 0.4534076 0.1420474 -0.6986409 0.706527 0.1127853 -0.6812312 0.706527 0.1916865 -0.4375826 0.8907071 0.1231361 -0.4206946 0.8907079 0.1722078 -0.1449994 0.9876496 0.05936002 -0.1372879 0.987651 0.07548248 0.1372879 0.987651 -0.07548248 0.1277881 0.9876492 -0.09066087 0.3707575 0.8907071 -0.2630205 0.3383566 0.8907028 -0.3035843 0.5267638 0.7065312 -0.4725819 0.4694523 0.7065173 -0.5295734 0.5912599 0.4534007 -0.6669629 0.5113759 0.4533935 -0.73002 0.5667039 0.1561796 -0.8089838 0.4707906 0.1561845 -0.8683103 0.4707863 -0.1561645 -0.8683161 0.3687341 -0.1561611 -0.9163236 0.3327469 -0.453415 -0.8268581 0.236311 -0.4533869 -0.859417 0.1876328 -0.7065272 -0.6823586 0.1086299 -0.7065466 -0.6992793 0.06977778 -0.8906838 -0.4492365 0.01811712 -0.890692 -0.4542462 0.006244361 -0.987654 -0.1565269 -0.01164162 -0.9876394 -0.1563105 0.01164215 -0.9876388 0.1563138 0.02937829 -0.9876546 0.153868 0.08523762 -0.8906931 0.4465427 0.1355838 -0.8907004 0.4339008 0.2110736 -0.7065304 0.6754722 0.2866822 -0.7065021 0.6470458 0.361068 -0.4534111 0.8148916 0.4516116 -0.4534159 0.7684146 0.5004763 -0.1561841 0.8515456 0.5942665 -0.1561793 0.7889585 0.5942782 0.1562027 0.788945 0.6803351 0.1562005 0.7160626 0.6139093 0.4534016 0.6461752 0.6835747 0.453412 0.5719644 0.5427538 0.7065203 0.4541447 0.5909808 0.706525 0.3893126 0.3796046 0.8907045 0.250092 0.4056438 0.8907096 0.2051579 0.1398106 0.9876484 0.07073616 0.1469597 0.9876497 0.05432319 -0.1469624 0.9876488 -0.05433344 -0.1521949 0.9876495 -0.03721994 -0.4415709 0.8907082 -0.1079549 -0.4509966 0.8907081 -0.05693161 -0.7021172 0.7065264 -0.08861112 -0.7076435 0.7065244 -0.008000552 -0.8912458 0.4534087 -0.01007896 -0.8865855 0.4534088 0.09157937 -0.9825006 0.1561792 0.1014922 -0.9645258 0.156185 0.2128295 -0.9645285 -0.1561829 0.2128184 -0.9339742 -0.1561849 0.3214009 -0.8428002 -0.4534087 0.2900149 -0.8042519 -0.4534091 0.3841861 -0.6385712 -0.7065241 0.3050419 -0.599631 -0.7065185 0.3758647 -0.3851749 -0.8906993 0.2414439 -0.3551477 -0.890702 0.2837607 -0.12239 -0.9876558 0.097759 -0.1104444 -0.9876555 0.1110798 0.1104579 -0.9876499 -0.1111171 0.09707224 -0.9876521 -0.1229652 0.2816508 -0.8907099 -0.3568036 0.2391317 -0.890698 -0.3866175 0.3722846 -0.7065401 -0.6018349 0.3012424 -0.7065156 -0.6403818 0.3794044 -0.4534103 -0.806518 0.2850006 -0.4534188 -0.8445035 0.3158246 -0.1561814 -0.9358752 0.2070875 -0.1561884 -0.9657743 0.2070826 0.1561784 -0.9657769 0.09565109 0.1561776 -0.9830867 0.08630293 0.4533902 -0.8871241 -0.0153777 0.4534225 -0.8911631 -0.01221311 0.7065231 -0.7075847 -0.09278529 0.7065176 -0.7015866 -0.05960315 0.8907172 -0.4506335 -0.1105827 0.8907115 -0.4409135 -0.03811562 0.9876571 -0.1519236 -0.05518889 0.9876468 -0.1466568 0.05518925 0.9876466 0.1466577 0.07154417 0.9876559 0.1393464 0.2075713 0.8907028 0.4044291 0.2523273 0.8907176 0.3780915 0.3928142 0.7065113 0.5886756 0.4573514 0.7065199 0.5400551 0.576028 0.453413 0.6801533 0.6498061 0.4534132 0.6100562 0.7200918 0.1561898 0.6760715 0.792473 0.1561917 0.5895684 0.7924787 -0.1561803 0.5895636 0.8545123 -0.1561761 0.4953967 0.7710936 -0.4534026 0.4470356 0.8170282 -0.4534084 0.3562102 0.6487078 -0.7065308 0.2828295 0.6767235 -0.706526 0.2070418 0.4346993 -0.8907012 0.1329968 0.44703 -0.8906992 0.08257907 0.1540713 -0.9876496 0.02846843 0.1563103 -0.9876499 0.0107119 -0.1563103 -0.9876499 -0.01071423 -0.1565127 -0.9876499 0.007174193 -0.4541153 -0.8906998 0.02081465 -0.4487804 -0.8907015 0.07243764 -0.6986439 -0.7065225 0.1127954 -0.6812359 -0.7065246 0.1916787 -0.8579841 -0.4534069 0.2414244 -0.8248675 -0.4534116 0.337656 -0.9141101 -0.1561813 0.3741793 -0.8654884 -0.1561818 0.4759591 -0.8654963 0.1561896 0.4759421 -0.805606 0.1561877 0.5714932 -0.7269495 0.4533928 0.5157321 -0.6634414 0.4534059 0.5952048 -0.5267665 0.7065286 0.4725828 -0.4694561 0.7065253 0.5295593 -0.3015447 0.8907052 0.340169 -0.2608079 0.8907151 0.3722981 -0.08989101 0.9876501 0.1283237 -0.07467728 0.987649 0.1377422 0.07467877 0.9876458 -0.1377636 0.05849111 0.9876486 -0.1453588 0.1696993 0.8907092 -0.42171 0.1205208 0.8907054 -0.4383136 0.1876338 0.7065339 -0.6823514 0.1086258 0.7065277 -0.699299 0.1368164 0.453418 -0.8807347 0.0355224 0.4533958 -0.8906012 0.03936481 0.1562051 -0.9869399 -0.07339495 0.1562016 -0.9849946 -0.07339489 -0.1561723 -0.9849992 -0.1852031 -0.1561796 -0.9702102 -0.1671206 -0.4534056 -0.8754965 -0.2658218 -0.4533916 -0.8507496 -0.2110602 -0.7065404 -0.675466 -0.2866764 -0.7065262 -0.647022 -0.1841553 -0.8906919 -0.4156377 -0.2303354 -0.8907012 -0.3919146 -0.0793851 -0.9876526 -0.1350567 -0.09426409 -0.9876469 -0.1251717 0.09426492 -0.9876466 0.1251729 0.1079168 -0.9876503 0.1135821 0.3131176 -0.8907079 0.3295405 0.3486401 -0.890697 0.2917344 0.5427587 -0.7065247 0.4541321 0.5909878 -0.7065199 0.389311 0.7443224 -0.453398 0.4903209 0.7953579 -0.4533966 0.4022901 0.881401 -0.1561872 0.4458005 0.9264781 -0.156188 0.3424087 0.9264727 0.1561872 0.3424236 0.9594684 0.1561843 0.234578 0.8658036 0.4534102 0.2116683 0.8842878 0.4534083 0.1116067 0.7021173 0.7065256 0.08861643 0.7076407 0.7065272 0.00800383 0.4545469 0.8907082 0.005135059 0.4521675 0.8907093 -0.04670935 0.1558481 0.9876497 -0.01611095 0.1529964 0.9876503 -0.03374892 -0.1529984 0.98765 0.03374922 -0.1481515 0.9876495 0.05098706 -0.4298394 0.8907083 0.1479086 -0.4101749 0.8907082 0.1959479 -0.6385681 0.706525 0.3050463 -0.5996287 0.7065256 0.3758552 -0.7552135 0.4534092 0.4733634 -0.6963275 0.4534066 0.5563726 -0.7716557 0.1561831 0.6165667 -0.6963531 0.1561823 0.7004994 -0.6963564 -0.1561855 0.7004955 -0.6119695 -0.1561871 0.7753056 -0.5522255 -0.453408 0.6996201 -0.4688712 -0.4533973 0.7580177 -0.3722696 -0.7065087 0.6018811 -0.3012415 -0.7065286 0.6403678 -0.1935056 -0.8907001 0.4113502 -0.1453531 -0.8907078 0.4307114 -0.05009829 -0.9876549 0.1484184 -0.03284847 -0.9876444 0.1532311 0.03284704 -0.9876446 -0.1532299 0.01517266 -0.9876525 -0.1559243 0.0440182 -0.8907205 -0.4524153 -0.007839322 -0.8907027 -0.4545187 -0.01220375 -0.7065223 -0.7075856 -0.09277975 -0.7064989 -0.7016062 -0.1168638 -0.4534113 -0.883607 -0.2168334 -0.4534103 -0.8645243 -0.2402905 -0.1561866 -0.9580534 -0.3479302 -0.1561767 -0.9244207 -0.3479361 0.1561998 -0.9244145 -0.4510349 0.1561968 -0.8787321 -0.4069973 0.4534031 -0.7929558 -0.4947461 0.4534108 -0.7413805 -0.3928163 0.7065225 -0.5886608 -0.4573554 0.7065151 -0.5400578 -0.29378 0.8907125 -0.3468782 -0.3314051 0.8907052 -0.3111511 -0.1142399 0.9876469 -0.1072515 -0.1257205 0.9876451 -0.09355032 0.1257051 0.9876505 0.09351307 0.1355458 0.9876512 0.07856577 0.3932674 0.8907058 0.2279999 0.4166945 0.8907105 0.1816608 0.6487063 0.7065301 0.2828346 0.6767254 0.706525 0.2070392 0.8523001 0.4534119 0.2607724 0.8764731 0.4534107 0.1619064 0.971296 0.1561878 0.1794149 0.985417 0.1561812 0.06753391 0.9854164 -0.1561866 0.06753122 0.9866922 -0.1561805 -0.0452345 0.8903682 -0.4534072 -0.04082375 0.8799124 -0.4534074 -0.1420422 0.6986456 -0.7065225 -0.1127846 0.681232 -0.7065227 -0.1916999 0.437597 -0.890702 -0.1231218 0.4207044 -0.8907018 -0.1722155 0.1449997 -0.9876487 -0.05937373 0.1372891 -0.9876508 -0.07548284 -0.1372892 -0.9876522 0.07546436 -0.1277835 -0.9876494 0.0906645 -0.3707596 -0.8906965 0.2630532 -0.3383657 -0.8906998 0.3035829 -0.5267664 -0.7065269 0.4725854 -0.4694529 -0.706525 0.5295625 -0.5912497 -0.4533964 0.6669749 -0.5113717 -0.453399 0.7300194 -0.566717 -0.1561824 0.808974 0.31397 -0.4534107 0.8341712 0.3479381 -0.1561843 0.9244164 0.2402735 -0.1561782 0.958059 0.240292 0.1561955 0.9580516 0.1295 0.1561887 0.9792011 0.1168677 0.4533964 0.883614 0.01537626 0.4533976 0.8911759 0.01220971 0.7065333 0.7075745 -0.06853467 0.706516 0.7043708 -0.04401445 0.8907097 0.4524367 -0.09530609 0.8907071 0.4444744 -0.03284877 0.9876516 0.1531845 -0.05009931 0.9876514 0.148441 0.0500977 0.9876462 -0.1484768 0.06669366 0.9876539 -0.1417463 0.1934977 0.8907071 -0.4113388 0.2391275 0.8907074 -0.3865986 0.3722692 0.7065178 -0.6018707 0.4384624 0.7065363 -0.5554794 0.5522206 0.4534159 -0.6996188 0.6283608 0.4534032 -0.63213 0.6963505 0.1561956 -0.7004992 0.7716536 0.1561949 -0.6165664 0.7716614 -0.1561824 -0.6165596 0.8369091 -0.1561801 -0.5245864 0.755218 -0.4534005 -0.4733644 0.8042564 -0.4533988 -0.3841893 0.6385688 -0.7065247 -0.3050454 0.6691817 -0.7065246 -0.2302584 0.4298519 -0.8907014 -0.1479134 0.4439114 -0.8907014 -0.09794688 0.1529973 -0.9876493 -0.03377586 0.1558493 -0.9876499 -0.01609003 -0.1558479 -0.9876499 0.01609915 -0.1566672 -0.9876499 -0.001775085 -0.4545613 -0.8907006 -0.005138933 -0.4510105 -0.8907017 -0.05692261 -0.7021191 -0.706524 -0.08861565 -0.6874411 -0.7065248 -0.16807 -0.8658013 -0.4534131 -0.2116712 -0.8360279 -0.4534088 -0.3089948 -0.9264733 -0.15618 -0.3424252 -0.8814048 -0.156175 -0.445797 -0.8814003 0.1561778 -0.445805 -0.8248451 0.156184 -0.5433574 -0.7443189 0.4534142 -0.4903112 -0.6835617 0.4534099 -0.5719816 -0.5427462 0.7065166 -0.4541594 -0.4874517 0.706529 -0.5130376 -0.3131039 0.8907039 -0.3295646 -0.2734978 0.8907192 -0.3630679 -0.0942654 0.9876542 -0.1251136 -0.07938468 0.9876461 -0.1351049 0.07938563 0.9876457 0.1351075 0.06347119 0.987653 0.1432235 0.1841476 0.8907151 0.4155915 0.1355729 0.8907074 0.4338899 0.2110677 0.7065309 0.6754736 0.1326928 0.7065324 0.6951293 0.167123 0.4534109 0.8754933 0.06622207 0.4533983 0.8888447 0.07339233 0.1561895 0.9849967 -0.03936737 0.156183 0.9869434 -0.03936833 -0.1561832 0.9869433 -0.1516174 -0.1561938 0.9760203 -0.1368146 -0.4534174 0.8807352 -0.2363049 -0.4533949 0.8594144 -0.1876286 -0.7065139 0.6823736 -0.2642074 -0.7065431 0.6564993 -0.1697028 -0.8906837 0.4217624 -0.2166745 -0.8907183 0.3995912 -0.07467806 -0.9876488 0.1377428 -0.08989185 -0.9876518 0.12831 0.08989262 -0.9876468 -0.1283482 0.1039342 -0.9876526 -0.117218 0.3015681 -0.890687 -0.3401963 0.3383822 -0.8906942 -0.3035813 0.5267587 -0.7065266 -0.4725944 0.5771969 -0.7065251 -0.4094705 0.7269555 -0.4534083 -0.5157099 0.7810017 -0.4534028 -0.4294909 0.8654945 -0.1561771 -0.4759498 0.9141092 -0.1561821 -0.3741813 0.9141092 0.1561815 -0.3741815 0.9508047 0.1561872 -0.2675372 0.8579824 0.4534094 -0.2414255 0.8799097 0.4534102 -0.14205 0.6986421 0.7065252 -0.1127886 0.7069463 0.7065247 -0.03240293 0.4540995 0.8907079 -0.02081453 0.4535117 0.8907085 0.03107827 0.1563102 0.98765 0.01070785 0.1540712 0.98765 0.02845227 -0.1540702 0.9876497 -0.0284661 -0.1498217 0.98765 -0.04583716 -0.4346872 0.8907086 -0.1329859 -0.4166926 0.8907068 -0.1816833 -0.6487145 0.7065246 -0.2828295 -0.6122509 0.706523 -0.3549284 -0.77109 0.4534115 -0.4470327 -0.7151064 0.4534076 -0.5320191 -0.7924761 0.1561871 -0.5895652 -0.7201092 0.1561866 -0.6760537 -0.7200967 -0.1561737 -0.67607 -0.6383527 -0.1561778 -0.7537337 -0.576037 -0.453413 -0.6801456 -0.4947271 -0.4533968 -0.7414017 -0.3928163 -0.7065225 -0.5886608 -0.3231559 -0.7065243 -0.6295981 -0.207582 -0.890696 -0.4044384 -0.1601253 -0.8907012 -0.4254541 -0.05518817 -0.9876549 -0.1466021 -0.03811478 -0.9876447 -0.1520043 0.03811365 -0.9876447 0.1520044 0.02054327 -0.9876619 0.1552483 0.05960476 -0.8907017 0.4506636 0.007841765 -0.8906993 0.4545254 0.01221293 -0.7065172 0.7075906 -0.06853139 -0.7065204 0.7043667 -0.08630478 -0.4533934 0.8871223 -0.1868638 -0.4534074 0.8714951 -0.2070941 -0.1561895 0.9657727 -0.315818 -0.1561814 0.9358773 -0.3158338 0.1561862 0.9358713 -0.4204432 0.1561846 0.8937751 -0.3793982 0.4533951 0.8065295 -0.4688759 0.453413 0.7580054 -0.3722795 0.7065408 0.6018374 -0.4384601 0.7065224 0.555499 -0.2816399 0.8907098 0.3568124 -0.3204828 0.890712 0.3223708 -0.1104758 0.9876479 0.1111161 -0.122423 0.9876474 0.09780192 0.1224002 0.9876502 -0.09780263 0.1327549 0.9876486 -0.0832256 0.3851655 0.8907077 -0.241428 0.4101787 0.8907071 -0.1959446 0.6385694 0.7065283 -0.3050358 0.6691762 0.7065233 -0.2302783 0.8427991 0.4534064 -0.2900214 0.8703671 0.4534078 -0.1920489 0.9645258 0.1561893 -0.2128263 0.9824992 0.1561875 -0.1014926 0.9824997 -0.1561842 -0.1014931 0.9876649 -0.156184 0.01116913 0.891245 -0.4534103 0.01008522 0.8842861 -0.4534127 0.111602 0.702118 -0.7065263 0.08860605 0.687438 -0.7065256 0.168079 0.4415831 -0.8907017 0.107958 0.4263989 -0.890699 0.1576048 0.1469603 -0.9876497 0.05432087 0.1398111 -0.9876502 0.07071042 -0.1398102 -0.9876511 -0.07070034 -0.1308368 -0.9876482 -0.08621358 -0.3796201 -0.8907005 -0.2500823 -0.3486384 -0.8907063 -0.2917085 -0.5427478 -0.7065216 -0.4541498 -0.4874392 -0.7065254 -0.5130546 -0.613911 -0.4534056 -0.6461709 -0.5362609 -0.45341 -0.7119296 -0.5942909 -0.1561837 -0.7889392 -0.5004616 -0.1561789 -0.8515554 -0.5004681 0.156181 -0.8515511 -0.4001297 0.1561807 -0.9030525 -0.3610648 0.4533879 -0.8149061 -0.265836 0.4534105 -0.8507351 -0.2110627 0.7065321 -0.6754739 -0.1326841 0.7065027 -0.6951611 -0.08523261 0.8907067 -0.4465166 -0.03377366 0.8906997 -0.453336 -0.01164078 0.9876503 -0.1562419 0.006244301 0.9876527 -0.1565354 -0.006244301 0.9876469 0.1565719 -0.02404814 0.9876536 0.1547977 -0.06977206 0.8907118 0.4491819 -0.1205195 0.8907077 0.4383091 -0.1876286 0.706524 0.682363 -0.2641925 0.7065296 0.6565199 -0.3327416 0.4534232 0.8268558 -0.4248263 0.453411 0.7835441 -0.4708021 0.1561838 0.8683041 -0.5666909 0.1561805 0.8089927 -0.5666886 -0.1561741 0.8089955 0.4069936 -0.4533907 0.7929648 0.3231603 -0.7065151 0.6296062 0.3928259 -0.706542 0.5886309 0.2523304 -0.8906853 0.3781657 0.2937921 -0.8906985 0.346904 0.1012576 -0.9876514 0.1195484 0.1142312 -0.9876476 0.1072542 -0.1142077 -0.9876502 -0.1072548 -0.1256864 -0.9876504 -0.09353935 -0.3647267 -0.8907047 -0.2713297 -0.3932814 -0.8907024 -0.2279891 -0.6122434 -0.7065202 -0.3549469 -0.6487128 -0.7065259 -0.2828305 -0.8170298 -0.4534048 -0.3562114 -0.8523055 -0.4534034 -0.2607697 -0.9445092 -0.156189 -0.2889764 -0.9712948 -0.1561853 -0.1794231 -0.9712938 0.1561824 -0.1794313 -0.9854165 0.1561852 -0.06753188 -0.8892209 0.4534009 -0.06094098 -0.8903695 0.4534051 0.04081898 -0.7069461 0.7065242 0.03241467 -0.6986451 0.7065237 0.1127803 -0.4487649 0.8907084 0.07244855 -0.4375829 0.8907089 0.1231215 -0.15082 0.9876497 0.04244285 -0.1449982 0.9876506 0.05934596 0.1449998 0.98765 -0.05935013 0.1372891 0.987649 -0.0755071 0.3983211 0.8907089 -0.2190386 0.3707562 0.890704 -0.2630329 0.5772033 0.7065247 -0.4094622 0.5267561 0.7065222 -0.4726039 0.6634122 0.4534146 -0.5952307 0.5912429 0.4534208 -0.6669644 0.655227 0.156214 -0.7391041 0.5666905 0.1562126 -0.8089868 0.5666704 -0.1561719 -0.8090087 0.4708018 -0.1561827 -0.8683045 0.4248301 -0.4534136 -0.7835404 0.3327374 -0.4534087 -0.8268654 0.2641933 -0.7065178 -0.6565324 0.1876302 -0.706514 -0.6823729 0.1205276 -0.8907018 -0.4383189 0.06978017 -0.890729 -0.4491467 0.02404922 -0.9876502 -0.1548188 0.006244361 -0.9876527 -0.1565357 -0.006244421 -0.9876465 0.1565746 0.01164168 -0.987663 0.1561613 0.03377681 -0.8907033 0.4533286 0.08522909 -0.8907018 0.446527 0.1326843 -0.7065396 0.6951234 0.211057 -0.7065172 0.6754913 0.2658219 -0.4534034 0.8507432 0.361072 -0.4534102 0.8148904 0.4001438 -0.1561841 0.9030457 0.5004518 -0.1561759 0.8515616 0.5004714 0.1561853 0.8515483 0.594267 0.1561813 0.7889577 0.5362557 0.4533931 0.7119443 0.6139322 0.4534073 0.6461495 0.4874408 0.7065226 0.5130569 0.5427505 0.7065275 0.4541375 0.3486174 0.8907174 0.2916994 0.3795952 0.890715 0.2500692 0.1308394 0.9876493 0.08619731 0.1398116 0.9876515 0.07069206 -0.139811 0.9876502 -0.07071006 -0.1469607 0.9876501 -0.05431282 -0.4263833 0.8907106 -0.1575819 -0.4415653 0.8907112 -0.1079517 -0.6874423 0.7065258 -0.1680614 -0.7021183 0.7065237 -0.08862382 -0.8842851 0.4534129 -0.1116099 -0.8912472 0.4534057 -0.01007986 -0.9876635 0.1561924 -0.01116853 -0.9824987 0.1561939 0.1014889 -0.9824995 -0.1561867 0.1014909 -0.9645253 -0.1561843 0.2128319 -0.870367 -0.4534085 0.1920472 -0.8428047 -0.4534066 0.2900049 -0.6691827 -0.7065225 0.2302618 -0.63857 -0.7065229 0.3050472 -0.4101892 -0.890702 0.1959465 -0.3851799 -0.8907026 0.2414232 -0.1327539 -0.9876501 0.08320832 -0.1223993 -0.9876485 0.09782058 0.1224094 -0.9876509 -0.09778404 0.1104579 -0.987652 -0.111097 0.3204857 -0.8907036 -0.322391 0.2816427 -0.8906921 -0.3568542 0.4384611 -0.7065264 -0.555493 0.3722717 -0.7065205 -0.601866 0.4688518 -0.4533899 -0.7580341 0.3794134 -0.4534096 -0.8065143 0.4204549 -0.1561818 -0.89377 0.3158127 -0.1561732 -0.9358805 0.3158332 0.15619 -0.9358708 0.2070798 0.1561904 -0.9657756 0.1868504 0.4533883 -0.8715079 0.08631169 0.4534101 -0.8871131 0.06852489 0.7065275 -0.7043603 -0.01220375 0.7065219 -0.7075859 -0.007841885 0.8907017 -0.4545208 -0.05959975 0.8907024 -0.450663 -0.02054077 0.9876531 -0.1553046 -0.03811508 0.9876446 -0.1520056 0.03811478 0.9876447 0.1520043 0.05519014 0.9876496 0.1466372 0.1601264 0.8907196 0.4254153 0.2075751 0.8907149 0.4044004 0.3231573 0.7065193 0.6296029 0.3928169 0.70653 0.5886512 0.4947379 0.4534116 0.7413854 0.5760198 0.4534096 0.6801624 0.6383352 0.1561828 0.7537475 0.7201085 0.1561825 0.6760554 0.7201136 -0.1561871 0.6760488 0.7924677 -0.1561864 0.589577 0.7151029 -0.4534007 0.5320298 0.7710984 -0.4534083 0.4470215 0.612248 -0.7065296 0.3549205 0.6487128 -0.7065238 0.2828356 0.4167067 -0.8906999 0.1816844 0.4347026 -0.8906992 0.1329996 0.1498218 -0.98765 0.04583752 0.1540706 -0.98765 0.02845686 -0.1540705 -0.9876501 -0.02845209 -0.1563112 -0.9876498 -0.01071149 -0.4535211 -0.8907033 -0.03108549 -0.4541097 -0.8907026 0.02081984 -0.7069467 -0.7065241 0.03240519 -0.698643 -0.7065265 0.1127752 -0.8799114 -0.4534076 0.1420474 -0.8579845 -0.4534064 0.2414236 -0.9508024 -0.1561837 0.2675475 -0.9141069 -0.1561831 0.3741866 -0.914112 0.156184 0.3741738 -0.8654925 0.1561838 0.475951 -0.7810095 0.4534069 0.4294722 -0.7269546 0.4534068 0.5157123 -0.5771976 0.7065293 0.4094625 -0.5267595 0.7065227 0.4725995 -0.3383603 0.8907065 0.3035692 -0.3015493 0.8906995 0.34018 -0.1039352 0.9876529 0.1172147 -0.08989155 0.9876469 0.1283476 0.08989316 0.9876466 -0.128349 0.07467871 0.9876533 -0.13771 0.2166655 0.8907111 -0.3996122 0.1697023 0.8907118 -0.4217032 0.2641894 0.7065074 -0.656545 0.187638 0.7065397 -0.6823442 0.2363213 0.4534223 -0.8593955 0.136802 0.4533977 -0.8807474 0.1516073 0.1561921 -0.9760222 0.03936958 0.1561898 -0.9869422 0.03936946 -0.1562013 -0.9869404 -0.0733903 -0.1562074 -0.984994 -0.06622576 -0.4534235 -0.8888316 -0.1671099 -0.453408 -0.8754974 -0.1326832 -0.7065104 -0.6951534 -0.2110664 -0.706537 -0.6754676 -0.1355802 -0.8906857 -0.4339321 -0.1841606 -0.8907055 -0.4156064 -0.06347042 -0.9876507 -0.1432394 -0.07938516 -0.9876509 -0.1350696 0.07938617 -0.9876482 0.1350889 0.09426546 -0.9876533 0.12512 0.2735077 -0.890706 0.3630928 0.3131157 -0.890696 0.3295742 0.4874443 -0.7065223 0.513054 0.5427423 -0.7065205 0.4541582 0.6835634 -0.4534115 0.5719782 0.7443162 -0.4534167 0.4903129 0.8248472 -0.15618 0.5433554 0.8814083 -0.1561799 0.4457884 0.8813961 0.1561879 0.4458097 0.9264721 0.1561924 0.3424227 0.8360272 0.4534057 0.3090011 0.8657999 0.4534089 0.2116861 0.6874405 0.7065255 0.1680697 0.7021187 0.7065249 0.08861047 0.4509981 0.890708 0.05692166 0.4545457 0.8907086 0.005141496 0.1566669 0.98765 0.001767396 0.1558471 0.9876502 -0.01608979 -0.1558473 0.98765 0.01609915 -0.1529954 0.9876501 0.03375971 -0.4438983 0.8907085 0.09794265 -0.4298359 0.8907095 0.1479112 -0.669185 0.7065218 0.2302576 -0.6385661 0.7065227 0.305056 -0.8042494 0.4534094 0.3841912 -0.7552093 0.4534082 0.4733709 -0.8369134 0.1561884 0.5245774 -0.7716674 0.1561851 0.6165515 -0.7716647 -0.1561801 0.6165559 -0.6963502 -0.1561797 0.7005029 -0.6283596 -0.4534003 0.6321332 -0.5522106 -0.4534028 0.6996352 -0.4384592 -0.7065232 0.5554985 -0.372278 -0.7065364 0.6018434 -0.239131 -0.8906876 0.3866422 -0.1935061 -0.8907098 0.4113289 -0.06669354 -0.9876562 0.1417294 -0.05009746 -0.9876406 0.1485134 0.05009752 -0.9876462 -0.1484763 0.03284966 -0.9876543 -0.1531667 0.09530699 -0.8907005 -0.4444878 0.04401957 -0.8906841 -0.4524867 0.06852632 -0.7065313 -0.7043563 -0.01221275 -0.7065017 -0.707606 -0.0153824 -0.4533979 -0.8911756 -0.1168684 -0.4534208 -0.8836014 -0.1295073 -0.1561885 -0.9792003 -0.240266 -0.1561825 -0.9580602 -0.2402763 0.1561812 -0.9580578 -0.3479279 0.1561839 -0.9244202 -0.3139604 0.4533967 -0.8341825 -0.4070091 0.4534102 -0.7929456 -0.3231568 0.7065288 -0.6295926 -0.3928189 0.7065246 -0.5886564 -0.2523233 0.8907097 -0.3781128 -0.2937795 0.8907048 -0.3468987 -0.1012561 0.9876495 -0.1195649 -0.1142312 0.9876537 -0.1071984 0.1142206 0.987649 0.1072533 0.1257045 0.9876495 0.09352439 0.3647114 0.8907051 0.2713487 0.3932649 0.8907114 0.2279826 0.6122428 0.7065323 0.3549239 0.6487129 0.7065277 0.2828257 0.81702 0.4534015 0.3562381 0.8523092 0.4534075 0.2607504 0.944511 0.1561807 0.288975 0.9712949 0.1561817 0.1794256 0.9712967 -0.1561747 0.1794221 0.9854176 -0.1561776 0.06753283 0.8892185 -0.4534062 0.06093794 0.8903696 -0.4534052 -0.04081493 0.7069494 -0.7065209 -0.03241425 0.6986439 -0.7065248 -0.1127806 0.4487807 -0.8907004 -0.07244765 0.437597 -0.8906997 -0.1231384 0.150821 -0.9876497 -0.04244023 0.1450002 -0.9876502 -0.05934679 -0.1449989 -0.9876505 0.05934625 -0.1372878 -0.9876486 0.07551425 -0.3983343 -0.8907031 0.2190382 -0.3707643 -0.8907005 0.2630335 -0.577192 -0.7065261 0.4094758 -0.5267619 -0.7065277 0.4725892 -0.6634296 -0.4534096 0.5952152 -0.5912637 -0.4534164 0.666949 -0.6552342 -0.1561778 0.7391053 0.2168225 -0.453406 0.8645295 0.2402851 -0.1561911 0.958054 0.1294971 -0.1561777 0.9792033 0.1295135 0.1561992 0.9791977 0.01704156 0.156193 0.9875795 0.01537638 0.4534111 0.891169 -0.08631402 0.4534196 0.887108 -0.06852281 0.7065236 0.7043643 -0.1483735 0.7065171 0.6919674 -0.09530812 0.8907163 0.4444558 -0.1453509 0.890708 0.4307115 -0.05009669 0.9876499 0.1484525 -0.06669294 0.9876525 0.1417559 0.06669259 0.98765 -0.1417737 0.08242088 0.9876509 -0.1332388 0.2391278 0.8907114 -0.3865889 0.2816367 0.8907069 -0.3568221 0.4384595 0.7065131 -0.5555112 0.4989202 0.7065214 -0.5019027 0.628377 0.4534049 -0.6321126 0.6963328 0.4534002 -0.5563713 0.7716621 0.1561869 -0.6165577 0.8369218 0.1561869 -0.5245642 0.8369081 -0.1561786 -0.5245887 0.8912632 -0.1561793 -0.4257439 0.8042494 -0.4534063 -0.3841953 0.8428019 -0.4534052 -0.2900154 0.6691772 -0.7065219 -0.2302795 0.6910669 -0.706523 -0.1524855 0.4439115 -0.890702 -0.09794139 0.4521828 -0.8907012 -0.04671597 0.1558474 -0.9876499 -0.01610118 0.1566679 -0.9876499 0.001767218 -0.1566679 -0.9876499 -0.001763999 -0.1554435 -0.98765 -0.0196191 -0.4510136 -0.8907003 -0.05691927 -0.4415822 -0.890702 -0.1079597 -0.6874446 -0.7065196 -0.1680772 -0.6638055 -0.7065203 -0.2453395 -0.8360288 -0.4534158 -0.3089827 -0.7953483 -0.4534136 -0.4022901 -0.8814009 -0.1561775 -0.4458039 -0.8248425 -0.1561824 -0.5433619 -0.8248367 0.1561884 -0.5433688 -0.7575147 0.1561846 -0.6338595 -0.6835908 0.4534149 -0.5719428 -0.6139205 0.4534078 -0.6461603 -0.4874528 0.7065228 -0.5130452 -0.4257809 0.706506 -0.5652964 -0.2734963 0.8906991 -0.3631185 -0.2303282 0.8907019 -0.3919174 -0.07938456 0.9876502 -0.1350746 -0.06346946 0.9876455 -0.1432759 0.06347054 0.9876451 0.1432784 0.04672795 0.9876487 0.1495547 0.1355753 0.8907213 0.4338604 0.08522897 0.8906953 0.4465399 0.1326894 0.7065253 0.6951371 0.05258399 0.7065305 0.7057264 0.06622713 0.4534316 0.8888272 -0.03552228 0.4533944 0.890602 -0.03936547 0.1561852 0.9869431 -0.1516144 0.1561924 0.976021 -0.1516107 -0.1561841 0.976023 -0.2618898 -0.1561889 0.9523754 -0.2363265 -0.4534327 0.8593885 -0.3327293 -0.4534114 0.8268672 -0.264191 -0.7064948 0.656558 -0.3373164 -0.706511 0.6221414 -0.2166728 -0.8907054 0.399621 -0.2608143 -0.8907071 0.3723127 -0.08989131 -0.9876474 0.1283444 -0.1039344 -0.9876495 0.1172443 0.1039345 -0.9876495 -0.1172444 0.1166256 -0.987648 -0.1046426 0.3383784 -0.8907093 -0.303541 0.3707701 -0.8907035 -0.263015 0.5771967 -0.706523 -0.4094746 0.6201103 -0.7065289 -0.3409988 0.7810072 -0.4534084 -0.4294748 0.824866 -0.4534068 -0.337666 0.9141065 -0.1561766 -0.3741902 0.950803 -0.1561873 -0.2675433 0.9508037 0.1561867 -0.2675411 0.9751042 0.1561794 -0.1574165 0.8799113 0.4534084 -0.142046 0.8903694 0.453405 -0.04081904 0.7069463 0.7065241 -0.03241419 0.7060343 0.7065224 0.04839181 0.4535111 0.8907088 0.03107631 0.4470138 0.8907068 0.08258378 0.1540707 0.9876494 0.02847731 0.1498217 0.98765 0.04583722 -0.1498216 0.9876496 -0.04584646 -0.1436197 0.9876493 -0.06262785 -0.4166934 0.8907102 -0.1816642 -0.3932676 0.8907031 -0.2280102 -0.6122497 0.7065158 -0.3549447 -0.5677972 0.7065111 -0.4224317 -0.7151157 0.453414 -0.5320013 -0.6497986 0.4534071 -0.6100688 -0.7201068 0.156181 -0.6760576 -0.6383452 0.1561806 -0.7537394 -0.6383332 -0.1561818 -0.7537494 -0.5482687 -0.1561864 -0.8215883 -0.49474 -0.4534084 -0.7413861 -0.407001 -0.4534084 -0.7929508 -0.3231534 -0.7065176 -0.6296069 -0.2492892 -0.7065495 -0.6623011 -0.1601263 -0.8906868 -0.4254842 -0.1105882 -0.8907095 -0.440916 -0.03811591 -0.9876569 -0.1519249 -0.02054309 -0.9876463 -0.1553481 0.0205428 -0.9876406 0.1553834 0.002702534 -0.9876584 0.1566001 0.00784403 -0.8907095 0.4545055 -0.04401594 -0.8906958 0.4524639 -0.0685274 -0.7065376 0.7043498 -0.1483708 -0.7065126 0.6919726 -0.1868714 -0.4534032 0.8714957 -0.2849967 -0.4534006 0.8445145 -0.315838 -0.1561875 0.9358696 -0.4204337 -0.1561785 0.8937807 -0.4204575 0.1561955 0.8937665 -0.5195894 0.1561928 0.8400183 -0.4688661 0.453398 0.7580205 -0.5522378 0.453419 0.6996032 -0.4384528 0.7065252 0.5555009 -0.4989317 0.7065309 0.5018779 -0.320475 0.8907012 0.3224087 -0.3551355 0.8907061 0.2837634 -0.1224039 0.9876489 0.09781146 -0.1327538 0.9876503 0.0832073 0.1327538 0.9876506 -0.08320266 0.1413738 0.9876502 -0.06753194 0.410172 0.89071 -0.1959456 0.4298355 0.8907093 -0.1479139 0.6691799 0.7065255 -0.2302612 0.6910635 0.7065264 -0.1524852 0.8703686 0.4534038 -0.1920508 0.8865867 0.4534055 -0.09158289 0.9824996 0.156185 -0.1014933 0.9876641 0.1561892 0.01116943 0.9876649 -0.1561841 0.01116621 0.9799547 -0.1561791 0.1236816 0.8842896 -0.4534043 0.1116085 0.8658028 -0.4534078 0.2116764 0.6874418 -0.7065241 0.16807 0.6638002 -0.706524 0.2453429 0.4263987 -0.8907004 0.1575974 0.4056537 -0.8907014 0.2051738 0.1398122 -0.9876484 0.07073462 0.1308398 -0.9876508 0.08617895 -0.1308385 -0.9876502 -0.08618736 -0.1201565 -0.9876517 -0.1005325 -0.3486249 -0.8907049 -0.2917286 -0.3130962 -0.8906994 -0.3295836 -0.4874512 -0.7065249 -0.5130439 -0.4257856 -0.7065124 -0.5652848 -0.5362593 -0.453407 -0.7119327 -0.4516105 -0.4534094 -0.7684192 -0.5004625 -0.1561769 -0.8515551 -0.4001313 -0.1561778 -0.9030523 -0.4001242 0.1561838 -0.9030545 -0.2945865 0.1561866 -0.942775 -0.2658272 0.4533967 -0.8507452 -0.1671161 0.4534077 -0.8754963 -0.1326884 0.7065373 -0.6951251 -0.05258643 0.7065206 -0.7057361 -0.03377872 0.8907198 -0.4532959 0.0181173 0.8907072 -0.4542165 0.006244361 0.9876485 -0.1565619 0.02404874 0.9876433 -0.1548628 -0.02404904 0.9876488 0.1548276 -0.04154193 0.9876559 0.1510303 -0.1205255 0.8907051 0.4383128 -0.1697064 0.8907098 0.421706 -0.2642066 0.7065075 0.6565379 -0.3373212 0.7065095 0.6221405 -0.4248392 0.4534198 0.7835319 -0.5113713 0.4534069 0.7300149 -0.5666983 0.1561783 0.8089878 -0.6552214 0.1561782 0.7391166 -0.6552172 -0.1561733 0.7391213 0.3139533 -0.4534027 0.8341819 0.2492767 -0.7065261 0.6623308 0.323161 -0.7065345 0.6295841 0.2075828 -0.8906924 0.4044459 0.2523321 -0.8907064 0.3781148 0.08696717 -0.9876543 0.1302912 0.1012557 -0.9876496 0.1195645 -0.1012556 -0.9876496 -0.1195651 -0.1142255 -0.9876508 -0.1072316 -0.3314186 -0.8907074 -0.3111307 -0.3647163 -0.8907011 -0.2713553 -0.5677818 -0.7065383 -0.422407 -0.6122248 -0.7065348 -0.35495 -0.7710973 -0.4534157 -0.447016 -0.8170213 -0.4534146 -0.3562183 -0.905411 -0.1561867 -0.3947616 -0.9445093 -0.1561871 -0.2889773 -0.9445105 0.15619 -0.2889718 -0.9712953 0.1561893 -0.179417 -0.8764756 0.4534085 -0.1618996 -0.8892161 0.45341 -0.0609433 -0.7060294 0.7065273 -0.0483911 -0.7069417 0.7065292 0.03240621 -0.4540977 0.8907088 0.02081388 -0.4487645 0.8907089 0.07244384 -0.1546742 0.9876498 0.02497732 -0.1508195 0.98765 0.04243868 0.150821 0.9876497 -0.0424416 0.1450005 0.9876496 -0.05935627 0.4206933 0.890707 -0.172216 0.3983203 0.8907088 -0.2190411 0.6201134 0.7065271 -0.340997 0.5771966 0.7065351 -0.4094536 0.72695 0.4534027 -0.5157225 0.6634451 0.4534116 -0.5951963 0.7352093 0.1561816 -0.6596019 0.6552188 0.1561758 -0.7391194 0.6552237 -0.1562041 -0.7391092 0.5667082 -0.1562076 -0.8089754 0.5113967 -0.4534273 -0.7299844 0.4248207 -0.4534033 -0.7835514 0.3373035 -0.706512 -0.6221472 0.264201 -0.70654 -0.6565053 0.1697059 -0.8906996 -0.4217277 0.1205286 -0.8907039 -0.4383144 0.04154163 -0.987653 -0.1510496 0.02404892 -0.9876431 -0.154864 -0.02404874 -0.9876433 0.1548628 -0.006245553 -0.9876571 0.1565069 -0.01812034 -0.8907012 0.454228 0.03377944 -0.890682 0.4533702 0.05258721 -0.7065173 0.7057393 0.1326984 -0.706516 0.6951449 0.1671156 -0.4533812 0.8755102 0.265828 -0.4533984 0.850744 0.2945924 -0.1561865 0.9427731 0.4001306 -0.1561836 0.9030516 0.400134 0.156184 0.90305 0.5004612 0.1561819 0.8515551 0.4516059 0.4534021 0.7684262 0.5362597 0.4534073 0.7119323 0.4257833 0.7065352 0.565258 0.4874445 0.7065366 0.513034 0.3131056 0.8907132 0.3295376 0.3486301 0.8907238 0.2916645 0.120158 0.9876515 0.100532 0.1308398 0.9876508 0.08617895 -0.1308373 0.9876497 -0.08619624 -0.1398105 0.9876496 -0.0707212 -0.4056415 0.8907082 -0.205168 -0.4263847 0.8907068 -0.1575999 -0.663801 0.706525 -0.2453383 -0.6874401 0.7065238 -0.1680781 -0.8658049 0.4534036 -0.2116767 -0.8842929 0.4534 -0.1116 -0.9799522 0.156192 -0.1236847 -0.9876654 0.1561812 -0.01116532 -0.9876657 -0.1561787 -0.01116818 -0.9825004 -0.1561806 0.1014925 -0.8865823 -0.4534134 0.09158766 -0.8703689 -0.4534069 0.1920422 -0.6910635 -0.706526 0.1524871 -0.6691765 -0.7065235 0.2302768 -0.4298501 -0.890703 0.1479094 -0.4101874 -0.8907012 0.1959539 -0.1413749 -0.9876497 0.06753826 -0.1327549 -0.98765 0.08320766 0.1327549 -0.9876517 -0.08318942 0.1224091 -0.987652 -0.09777343 0.3551493 -0.8906923 -0.2837893 0.320484 -0.8906998 -0.3224033 0.4989389 -0.7065387 -0.5018597 0.4384621 -0.7065202 -0.5555 0.5522087 -0.4533993 -0.699639 0.4688827 -0.4534258 -0.7579935 0.5195918 -0.15619 -0.8400172 0.4204434 -0.1561871 -0.8937746 0.4204559 0.1561836 -0.8937693 0.3158279 0.1561843 -0.9358736 0.2849962 0.4533956 -0.8445175 0.1868721 0.4534066 -0.8714937 0.148367 0.7065358 -0.6919497 0.06852906 0.7065144 -0.7043729 0.04401838 0.8907183 -0.4524194 -0.007844209 0.8906931 -0.4545376 -0.002703309 0.9876548 -0.1566227 -0.02054274 0.9876466 -0.1553457 0.02054303 0.9876521 0.1553105 0.03811365 0.9876548 0.1519388 0.1105856 0.8907079 0.4409201 0.1601222 0.8907088 0.4254395 0.2492772 0.7065151 0.6623423 0.3231633 0.7065308 0.6295869 0.4070135 0.4534212 0.792937 0.4947348 0.4534048 0.7413916 0.5482671 0.1561814 0.8215903 0.6383451 0.1561803 0.7537396 0.6383357 -0.1561774 0.7537481 0.7201025 -0.1561796 0.6760624 0.649802 -0.4534022 0.6100687 0.7151111 -0.4534087 0.5320121 0.567789 -0.7065269 0.4224161 0.6122419 -0.7065248 0.3549404 0.3932786 -0.8907058 0.2279806 0.4167037 -0.8906997 0.1816927 0.1436201 -0.9876497 0.06262189 0.1498218 -0.9876499 0.0458374 -0.1498218 -0.9876499 -0.04583972 -0.1540696 -0.9876501 -0.02845871 -0.447025 -0.8907008 -0.08258831 -0.4535266 -0.8907011 -0.03107118 -0.7060329 -0.7065239 -0.04839009 -0.7069462 -0.7065242 0.03241598 -0.8903693 -0.453405 0.04082423 -0.8799114 -0.4534081 0.1420462 -0.9751035 -0.1561836 0.1574164 -0.9508029 -0.1561815 0.2675467 -0.9508032 0.1561878 0.2675421 -0.91411 0.1561877 0.3741772 -0.8248739 0.4534029 0.3376522 -0.7810178 0.4534066 0.4294577 -0.6201201 0.7065091 0.341022 -0.5771954 0.7065081 0.4095021 -0.3707605 0.8907161 0.2629859 -0.3383532 0.8907062 0.3035781 -0.1166198 0.9876522 0.1046089 -0.1039324 0.9876477 0.1172612 0.1039338 0.9876473 -0.1172628 0.0898922 0.9876508 -0.1283171 0.2608041 0.8907033 -0.3723292 0.2166616 0.8907027 -0.3996329 0.3373033 0.7065201 -0.6221382 0.2641981 0.7065358 -0.656511 0.3327485 0.4534109 -0.8268597 0.2363212 0.4534015 -0.8594064 0.2618874 0.1561731 -0.9523786 0.151616 0.1561731 -0.9760239 0.1516099 -0.1561824 -0.9760233 0.03936231 -0.1561831 -0.9869435 0.03552049 -0.4533894 -0.8906046 -0.06623059 -0.4534045 -0.8888407 -0.05258572 -0.7064934 -0.7057633 -0.1326893 -0.7065314 -0.6951309 -0.0852341 -0.8907112 -0.4465075 -0.1355777 -0.8907129 -0.4338771 -0.04672646 -0.987649 -0.1495532 -0.0634694 -0.9876456 -0.1432757 0.06347119 -0.9876477 0.14326 0.07938641 -0.9876514 0.1350651 0.2303361 -0.8907049 0.3919057 0.2735038 -0.8906967 0.3631188 0.4257815 -0.706541 0.5652521 0.4874349 -0.7065311 0.5130507 0.6139122 -0.4534044 0.6461704 0.683577 -0.4534107 0.5719628 0.7575234 -0.1561818 0.6338499 0.8248366 -0.1561813 0.5433709 0.8248318 0.1561807 0.5433784 0.8814056 0.1561838 0.4457924 0.7953522 0.4534 0.4022978 0.8360292 0.4534008 0.3090032 0.663799 0.7065215 0.2453536 0.687438 0.7065282 0.1680689 0.4415653 0.8907093 0.1079681 0.4509972 0.8907085 0.05692011 0.1554431 0.9876501 0.0196166 0.1566665 0.98765 0.001771867 -0.1566679 0.9876497 -0.001773297 -0.1558476 0.9876499 0.01610171 -0.452171 0.8907077 0.04670429 -0.4438979 0.8907081 0.09794825 -0.6910678 0.7065234 0.15248 -0.6691751 0.7065249 0.2302765 -0.8428006 0.4534044 0.2900201 -0.8042514 0.4534047 0.3841927 -0.8912503 0.1561867 0.4257685 -0.8369152 0.1561815 0.5245765 -0.836919 -0.1561873 0.5245687 -0.7716537 -0.1561855 0.6165685 -0.6963282 -0.453405 0.5563732 -0.6283591 -0.453404 0.632131 -0.4989318 -0.7065372 0.5018689 -0.4384628 -0.7065362 0.555479 -0.2816472 -0.8906965 0.3568397 -0.2391393 -0.8907118 0.3865813 -0.08241897 -0.9876526 0.1332276 -0.0666939 -0.9876472 0.1417927 0.06669265 -0.9876473 -0.1417924 0.0500968 -0.9876478 -0.148466 0.1453595 -0.8907251 -0.4306733 0.09530675 -0.8906902 -0.4445084 0.148373 -0.7065488 -0.6919352 0.06852775 -0.7065096 -0.704378 0.08631169 -0.4534102 -0.8871131 -0.01536613 -0.4534001 -0.8911747 -0.01704496 -0.1561838 -0.987581 -0.1295003 -0.1561759 -0.9792032 -0.1295164 0.1561966 -0.9791977 -0.2402902 0.1561943 -0.9580522 -0.2168248 0.4533988 -0.8645327 -0.3139579 0.4534115 -0.8341754 -0.2492827 0.7065192 -0.6623359 -0.3231478 0.706506 -0.6296228 -0.2075716 0.8906965 -0.4044426 -0.2523226 0.8907064 -0.378121 -0.08696782 0.9876497 -0.1303249 -0.1012563 0.9876495 -0.1195653 0.1012575 0.9876514 0.119548 0.114221 0.9876523 0.1072222 0.331399 0.890697 0.3111811 0.3647187 0.8907135 0.2713115 0.5677906 0.7065224 0.4224216 0.6122444 0.7065212 0.3549433 0.7710949 0.4533999 0.4470361 0.8170356 0.4534059 0.3561967 0.9054127 0.1561872 0.3947572 0.9445108 0.1561855 0.288973 0.9445164 -0.156175 0.2889605 0.9712939 -0.1561849 0.1794278 0.8764747 -0.4534075 0.1619067 0.8892196 -0.453404 0.060938 0.7060312 -0.7065262 0.04838019 0.706943 -0.7065278 -0.03240394 0.4541147 -0.8907001 -0.02081441 0.448782 -0.8907001 -0.07244348 0.1546744 -0.9876499 -0.02497315 0.1508203 -0.9876499 -0.0424391 -0.1508192 -0.9876504 0.04242932 -0.144999 -0.9876494 0.05936473 -0.4207087 -0.8907017 0.1722061 -0.3983334 -0.8906999 0.2190535 -0.6201028 -0.7065348 0.3410003 -0.5771878 -0.7065359 0.4094648 -0.7269558 -0.453406 0.5157113 -0.663426 -0.4534004 0.5952261 -0.7352102 -0.1561771 0.6596019 0 1 1.76083e-6 0 1 3.65351e-6 -8.4911e-7 1 0 -9.93272e-7 1 -1.05567e-6 0 1 4.91044e-6 -8.17061e-7 1 0 -8.79301e-7 1 4.13496e-6 -9.63784e-7 1 4.49839e-6 0 1 -1.76083e-6 0 1 -1.94732e-6 -9.02682e-7 1 0 -8.45709e-7 1 -9.3366e-6 -9.18305e-7 1 7.60036e-6 -1.01741e-6 1 -3.49819e-6 -1.0817e-6 1 -8.71064e-7 -1.16045e-6 1 0 -1.01741e-6 1 -1.7491e-6 -9.18305e-7 1 7.60036e-6 -1.16046e-6 1 0 -1.38893e-6 1 2.00274e-6 -1.69184e-6 1 -1.06558e-6 -1.56566e-6 1 7.25108e-6 -1.25961e-6 1 -6.04545e-6 -9.63784e-7 1 7.19742e-6 -9.51772e-7 1 -5.33794e-7 0 1 -2.143e-6 0 1 1.82675e-6 -1.0817e-6 1 -6.96851e-6 -1.25961e-6 1 -4.65035e-7 -1.66376e-6 1 1.0479e-6 -1.82335e-6 1 6.49579e-7 -1.38893e-6 1 -6.00821e-6 0 -1 -1.94731e-6 9.02682e-7 -1 0 1.10924e-6 -1 0 4.59152e-7 -1 -1.90009e-6 5.08706e-7 -1 6.12184e-6 5.40851e-7 -1 8.71064e-7 5.80226e-7 -1 0 6.94465e-7 -1 -2.50343e-7 8.45918e-7 -1 0 7.82832e-7 -1 1.39444e-7 6.29804e-7 -1 4.65034e-7 4.81892e-7 -1 -7.19742e-6 1.28312e-6 -1 8.26993e-6 9.51772e-7 -1 -1.60138e-6 9.63784e-7 -1 0 1.16046e-6 -1 0 1.01741e-6 -1 0 9.18305e-7 -1 -3.80018e-6 9.93272e-7 -1 0 0 -1 1.94732e-6 0 -1 -1.82675e-6 8.4911e-7 -1 0 8.17061e-7 -1 -1.10755e-5 8.79301e-7 -1 4.13496e-6 1.0817e-6 -1 0 1.25961e-6 -1 0 1.66376e-6 -1 0 1.82335e-6 -1 0 1.38893e-6 -1 0 1 6.00659e-7 -1.50165e-7 1 6.00659e-7 0 0.5 4.50494e-7 -0.8660255 0.4999999 4.50494e-7 -0.8660255 -0.5 -4.50494e-7 -0.8660256 -0.4999986 -4.50493e-7 -0.8660262 -1 -6.00659e-7 1.50165e-7 -1 -6.00659e-7 0 -0.5 -3.0033e-7 0.8660255 -0.499999 -1.50164e-7 0.866026 0.5000002 3.00329e-7 0.8660253 0.5000001 1.50165e-7 0.8660253 -0.1081212 0 0.9941377 -0.1081217 0 0.9941377 -0.3192997 -1.48423e-7 0.9476538 -0.3193005 -1.48424e-7 0.9476535 -0.5155562 -2.5444e-7 0.8568558 -0.6876972 -3.39254e-7 0.7259976 -0.6877 -3.39255e-7 0.7259951 -0.8276887 -5.0888e-7 0.5611875 -0.8276887 -3.39253e-7 0.5611875 -0.9289765 -6.78509e-7 0.3701388 -0.9289765 -5.08882e-7 0.3701388 -0.9868265 -3.39255e-7 0.1617823 -0.9985335 -6.78506e-7 -0.05413836 -0.9985335 -3.39253e-7 -0.05413836 -0.9635502 -6.78507e-7 -0.2675278 -0.96355 -3.39253e-7 -0.2675284 -0.8835117 -5.08881e-7 -0.468409 -0.8835123 -3.39254e-7 -0.4684079 -0.7621623 -5.08881e-7 -0.647386 -0.7621617 -3.39254e-7 -0.6473867 -0.6051758 -3.39255e-7 -0.796092 -0.6051744 -2.5444e-7 -0.7960929 -0.4198895 -2.5444e-7 -0.9075753 -0.4198905 -2.12034e-7 -0.9075748 -0.2149699 0 -0.9766207 -0.2149704 0 -0.9766206 -0.05413591 0 -0.9985336 -0.05413603 0 -0.9985337 0.05413573 0 -0.9985336 0.05413591 0 -0.9985336 0.2149704 0 -0.9766206 0.2149699 0 -0.9766207 0.4198895 2.12033e-7 -0.9075753 0.6051758 2.54441e-7 -0.796092 0.6051733 3.39253e-7 -0.7960939 0.7621623 3.39254e-7 -0.647386 0.7621622 5.08879e-7 -0.6473862 0.8835117 5.08881e-7 -0.468409 0.8835113 8.48134e-7 -0.4684101 0.9635505 1.01776e-6 -0.2675264 0.9635499 3.39253e-7 -0.267529 0.9985334 6.78506e-7 -0.05413967 0.9985334 3.39252e-7 -0.05413973 0.9868265 6.78509e-7 0.1617823 0.9868264 3.39255e-7 0.1617827 0.9289764 5.0888e-7 0.3701391 0.9289755 3.39254e-7 0.3701412 0.8276894 3.39254e-7 0.5611866 0.8276895 5.08879e-7 0.5611863 0.6876972 3.39254e-7 0.7259976 0.6876972 6.78508e-7 0.7259976 0.5155562 5.0888e-7 0.8568558 0.5155568 3.39253e-7 0.8568554 0.3193005 1.48424e-7 0.9476535 0.3192997 1.48423e-7 0.9476538 0.1081215 0 0.9941378 0.1081217 0 0.9941377 0 1 -4.38333e-6 0 1 2.19166e-6 0 1 2.19166e-6 0 1 6.57497e-6 0 1 4.38333e-6 0 1 2.19166e-6 -9.89229e-7 1 0 -9.60165e-7 1 -5.47916e-7 -3.87035e-6 1 2.19166e-6 -9.8923e-7 1 0 -1.00387e-6 1 1.50677e-6 -1.00387e-6 1 -1.50677e-6 -3.87035e-6 1 -7.67079e-6 -9.60165e-7 1 6.0271e-6 0 1 -2.19166e-6 0 1 -4.38331e-6 0 1 -4.38334e-6 0 1 -2.19167e-6 0 1 -2.19166e-6 0 1 -4.38333e-6 0 1 8.76667e-6 -3.87035e-6 1 0 0 1 5.47917e-6 -1.00387e-6 1 0 -9.89229e-7 1 -2.19165e-6 -9.60165e-7 1 2.73959e-6 -9.60165e-7 1 0 -9.89229e-7 1 2.19167e-6 -1.00387e-6 1 -2.32864e-6 0 1 -5.47917e-6 -3.87035e-6 1 7.67079e-6 0 1 -8.76666e-6 0 1 4.38333e-6 0 1 -2.19166e-6 0 1 -2.19166e-6 -0.1448132 0 -0.989459 -0.0848034 -0.002581059 -0.9963945 -0.2042866 0 -0.9789111 -0.2519803 -0.003070056 -0.9677276 -0.2865772 -1.49854e-7 -0.9580572 -0.3438693 -1.72843e-7 -0.9390175 -0.4118988 -0.001465201 -0.9112285 -0.4104176 -0.001673579 -0.9118962 -0.6458379 -3.45708e-7 -0.7634747 -0.598567 -3.00659e-7 -0.8010728 -0.559974 -0.003102362 -0.8285044 -0.5284747 -2.86184e-7 -0.8489492 -0.4762369 -2.59269e-7 -0.8793171 -0.8039956 -0.002679109 -0.5946292 -0.7881907 -4.61168e-7 -0.6154311 -0.6919357 -4.25963e-7 -0.7219592 -0.7495247 -0.01230984 -0.661862 -0.7070989 -0.003318786 -0.7071069 -0.8929207 -0.003028035 -0.4502039 -0.8690027 -6.58565e-7 -0.4948075 -0.8375459 -4.32142e-7 -0.546367 -0.9743522 -4.60927e-7 -0.2250286 -0.9547192 -0.001924991 -0.2975024 -0.9561662 -0.001283526 -0.2928217 -0.9315026 -2.30453e-7 -0.3637348 -0.9078341 -4.46228e-7 -0.4193297 -0.986163 -7.90392e-7 -0.1657788 -0.9918956 -0.003125786 -0.1270176 -0.9966692 -3.45769e-7 -0.08155113 -0.9997747 -3.1911e-7 -0.02122503 -0.9990962 -0.002358078 0.04244112 -0.9981756 -3.62997e-4 0.06037789 -0.9775511 -0.002767741 0.2106801 -0.9830262 -3.16221e-7 0.1834655 -0.9923091 -3.45658e-7 0.1237856 -0.9278857 -0.002976894 0.3728531 -0.9460948 -6.9148e-7 0.3238902 -0.9639258 -8.13467e-7 0.2661712 -0.8136012 -4.83965e-7 0.5814235 -0.8557789 -0.002185225 0.5173372 -0.8515293 -0.00109297 0.5243061 -0.8892167 -6.91382e-7 0.4574863 -0.9152206 -5.18751e-7 0.4029533 -0.7770092 -4.09825e-7 0.6294893 -0.7506698 -0.003139853 0.6606702 -0.7208213 -2.76619e-7 0.6931209 -0.6776748 -2.30464e-7 0.7353618 -0.628217 -0.002232372 0.7780351 -0.6167168 -5.58358e-4 0.787185 -0.4876928 -0.0028463 0.8730106 -0.5131362 -2.84823e-7 0.8583073 -0.5640481 -2.8806e-7 0.825742 -0.3331349 -0.002915978 0.9428747 -0.3834422 -2.00161e-7 0.9235649 -0.4385076 -2.30484e-7 0.8987275 -0.102674 0 0.9947151 -0.1802534 -0.002454876 0.9836172 -0.1690041 -8.92868e-4 0.985615 -0.2456573 -1.29629e-7 0.9693568 -0.3037288 -1.78163e-7 0.9527586 -0.04244196 0 0.999099 0 -0.003143966 0.9999951 0.04244196 0 0.999099 0.1026739 0 0.9947151 0.1690038 -0.002097249 0.9856132 0.1802539 -7.62708e-4 0.9836199 0.3331349 -0.002915561 0.9428747 0.3037288 1.78163e-7 0.9527586 0.245657 1.40431e-7 0.9693568 0.4876928 -0.002845704 0.8730106 0.4385082 2.68899e-7 0.8987273 0.3834422 2.00161e-7 0.9235649 0.6776716 2.30463e-7 0.7353647 0.6167121 -0.002732992 0.7871841 0.6282209 -6.83065e-4 0.7780349 0.5640459 3.45671e-7 0.8257434 0.5131362 2.44134e-7 0.8583073 0.7208229 2.7662e-7 0.6931193 0.7506686 -0.003139078 0.6606715 0.7770091 5.12282e-7 0.6294894 0.8136006 4.14827e-7 0.5814242 0.8515281 -0.00195235 0.5243056 0.8557804 -9.76154e-4 0.5173383 0.9278849 -0.002975821 0.3728549 0.9152206 5.18751e-7 0.4029533 0.8892167 5.53105e-7 0.4574863 0.9775516 -0.002766132 0.2106777 0.9639258 8.13467e-7 0.2661709 0.9460961 8.29777e-7 0.3238862 0.9997747 5.31849e-7 -0.02122503 0.998171 -0.003020763 0.06037765 0.9990989 -4.6431e-4 0.04244124 0.9923091 3.45658e-7 0.1237856 0.9830258 4.74331e-7 0.1834679 0.9966692 5.76281e-7 -0.08155113 0.9918956 -0.003124892 -0.127017 0.9861625 5.92794e-7 -0.165782 0.9743522 4.60927e-7 -0.2250286 0.9561653 -0.001798689 -0.2928221 0.9547209 -0.001199126 -0.2975004 0.8929212 -0.00302726 -0.4502029 0.9078352 4.46228e-7 -0.4193274 0.9314975 5.7613e-7 -0.363748 0.803996 -0.002678155 -0.5946288 0.8375441 4.32141e-7 -0.5463699 0.8690027 6.58565e-7 -0.4948075 0.6458401 3.45709e-7 -0.7634728 0.7070986 -0.003317892 -0.7071073 0.6919355 -2.36526e-4 -0.7219592 0.7495839 5.18547e-7 -0.6619094 0.7881907 6.1489e-7 -0.6154311 0.5985656 3.00659e-7 -0.8010738 0.5599732 -0.003101706 -0.828505 0.5284758 2.86185e-7 -0.8489484 0.4762358 2.59269e-7 -0.8793177 0.4118996 -0.001636087 -0.9112278 0.4104176 -0.001432299 -0.9118966 0.2519803 -0.003069698 -0.9677276 0.2865771 2.0749e-7 -0.9580573 0.3438698 2.46919e-7 -0.9390174 -0.06037491 0 -0.9981759 0.06037497 0 -0.9981758 0.08480352 -0.00258094 -0.9963945 0.1448132 0 -0.989459 0.2042872 0 -0.978911 0 -1 3.64783e-6 0 -1 -8.47551e-6 0 -1 2.20267e-6 3.05145e-6 -1 8.44422e-6 0 -1 -2.73871e-6 0 -1 -1.13872e-6 0 -1 5.44397e-6 1.40401e-6 -1 -8.54944e-6 2.80864e-6 -1 -1.80399e-6 2.61103e-6 -1 0 2.60267e-6 -1 8.95052e-6 2.31648e-6 -1 0 2.32125e-6 -1 0 4.5987e-6 -1 -3.65065e-6 0 -1 -3.65272e-6 0 -1 4.22256e-6 4.5987e-6 -1 0 2.24415e-6 -1 4.23119e-6 2.38362e-6 -1 -7.28305e-6 2.57223e-6 -1 0 2.63567e-6 -1 -1.8128e-6 4.73955e-6 -1 0 0 -1 1.80147e-6 0 -1 -2.68042e-6 0 -1 2.1117e-6 0 -1 4.23427e-6 0 -1 -2.12808e-6 0 -1 -3.62158e-6 5.42555e-6 -1 3.56735e-6 2.65775e-6 -1 -4.39222e-6 2.44793e-6 -1 -3.53103e-6 2.75906e-6 -1 0 0 -1 7.0775e-6 0 -1 -5.47743e-6 3.05144e-6 -1 -8.44421e-6 2.75906e-6 -1 7.30461e-6 2.55743e-6 -1 0 2.52764e-6 -1 0 2.24969e-6 -1 0 3.59834e-6 -1 3.63279e-6 0 -1 -8.53614e-6 0 -1 8.71213e-6 0 -1 -7.10704e-6 0 -1 -7.02984e-6 -0.09801852 0 0.9951846 -0.09802043 0 0.9951845 -0.2902829 -1.50052e-7 0.956941 -0.2902848 -1.65847e-7 0.9569404 -0.471399 -2.52719e-7 0.88192 -0.4713985 -3.47488e-7 0.8819203 -0.6343869 -4.42259e-7 0.7730157 -0.6343901 -2.2113e-7 0.7730132 -0.7730135 -2.52718e-7 0.6343896 -0.7730133 -3.79076e-7 0.6343899 -0.8819206 -4.42258e-7 0.4713982 -0.8819209 -5.05438e-7 0.4713975 -0.9569405 -5.05437e-7 0.2902843 -0.9569404 -5.05437e-7 0.2902845 -0.9951846 -6.31798e-7 0.09801834 -0.9951847 -5.05437e-7 0.09801757 -0.9951847 -5.05437e-7 -0.09801793 -0.9951847 -6.31796e-7 -0.09801757 -0.9569403 -5.05438e-7 -0.2902848 -0.9569402 -5.05438e-7 -0.290285 -0.8819216 -5.05436e-7 -0.4713962 -0.8819223 -5.68616e-7 -0.471395 -0.7730097 -5.68618e-7 -0.6343942 -0.7730097 -3.79079e-7 -0.6343942 -0.6343922 -3.15898e-7 -0.7730113 -0.6343927 -3.47488e-7 -0.773011 -0.4713985 -2.52718e-7 -0.8819203 -0.4714017 -2.52718e-7 -0.8819186 -0.2902795 -1.50052e-7 -0.956942 -0.2902826 -1.57949e-7 -0.9569411 -0.0980184 0 -0.9951846 -0.09801852 0 -0.9951846 0.09801828 0 -0.9951846 0.09801852 0 -0.9951846 0.2902829 1.57949e-7 -0.956941 0.2902789 1.65847e-7 -0.9569422 0.4714017 2.84308e-7 -0.8819186 0.4713985 2.21129e-7 -0.8819203 0.6343927 3.15898e-7 -0.773011 0.6343932 3.47488e-7 -0.7730106 0.7730088 3.79079e-7 -0.6343954 0.7730097 4.42259e-7 -0.6343942 0.8819224 4.42257e-7 -0.4713945 0.881922 4.42257e-7 -0.4713953 0.9569403 5.05438e-7 -0.2902848 0.9569403 5.05439e-7 -0.2902851 0.9951847 6.31796e-7 -0.09801757 0.9951847 5.05437e-7 -0.09801793 0.9951847 5.05437e-7 0.09801757 0.9951846 6.31798e-7 0.09801834 0.9569407 5.05436e-7 0.2902837 0.9569405 5.05438e-7 0.2902846 0.8819214 4.42259e-7 0.4713966 0.7730133 3.79076e-7 0.6343899 0.7730125 3.79076e-7 0.6343908 0.6343891 3.159e-7 0.773014 0.6343884 3.4749e-7 0.7730146 0.4713981 2.84308e-7 0.8819205 0.471399 2.21129e-7 0.88192 0.2902848 1.65847e-7 0.9569404 0.2902826 1.65847e-7 0.9569411 0.09802043 0 0.9951845 0.0980184 0 0.9951846 0 1 -5.34795e-6 -4.43529e-6 1 0 -7.35134e-6 1 0 -6.53017e-6 1 -1.07918e-5 -4.96557e-6 1 0 0 1 -2.16508e-5 0 1 2.1238e-5 0 1 -2.18552e-5 0 1 1.05181e-5 0 1 -2.09071e-5 0 1 1.12821e-5 0 1 -1.14053e-5 0 1 1.01104e-5 0 1 -1.00057e-5 0 1 -5.84951e-6 0 1 7.41976e-7 -1.04724e-5 1 0 -1.32712e-5 1 6.0316e-6 0 1 -4.82683e-6 0 1 2.67397e-6 -4.43526e-6 1 -1.07696e-5 -7.35135e-6 1 1.06804e-5 -6.53019e-6 1 0 -4.96556e-6 1 0 0 1 2.1651e-5 0 1 -2.12379e-5 0 1 -1.12821e-5 0 1 1.14054e-5 0 1 -1.01105e-5 0 1 1.15439e-5 0 1 -1.00057e-5 0 1 5.84951e-6 0 1 5.19382e-6 -1.04724e-5 1 0 -1.32712e-5 1 6.03163e-6 0 1 4.76282e-6 -0.09226614 -1.91774e-7 0.9957344 -0.09226995 -1.81688e-7 0.995734 -0.2736603 -5.65238e-7 0.9618265 -0.2736603 0 0.9618265 -0.4457411 0 0.8951619 -0.6026361 0 0.7980161 -0.6026312 0 0.79802 -0.7390087 0 0.6736959 -0.7390087 -1.29199e-6 0.6736959 -0.8502154 -1.29198e-6 0.5264351 -0.8502155 0 0.5264348 -0.9324735 0 0.3612385 -0.9324718 0 0.361243 -0.9829733 0 0.1837487 -0.9829733 0 -0.1837487 -0.9324735 0 -0.3612385 -0.9324718 0 -0.361243 -0.85022 0 -0.5264276 -0.8502155 0 -0.5264348 -0.7390099 0 -0.6736947 -0.7390047 -1.29198e-6 -0.6737003 -0.6026378 -1.29199e-6 -0.7980149 -0.6026328 -1.29198e-6 -0.7980187 -0.4457411 -6.45994e-7 -0.8951619 -0.445737 -9.68993e-7 -0.895164 -0.2736657 -4.84499e-7 -0.961825 -0.2736603 0 -0.9618265 -0.09226804 0 -0.9957343 0.09226804 0 -0.9957343 0.2736657 0 -0.961825 0.2736603 0 -0.9618265 0.445737 0 -0.895164 0.4457411 0 -0.8951619 0.6026378 0 -0.7980149 0.6026328 1.29198e-6 -0.7980187 0.7390099 1.29199e-6 -0.6736947 0.7390099 0 -0.6736947 0.8502154 0 -0.5264351 0.8502152 2.58396e-6 -0.5264353 0.9324735 2.58397e-6 -0.3612385 0.9324718 0 -0.361243 0.9829733 0 -0.1837487 0.9829729 0 -0.1837512 1 0 0 0.9829733 0 0.1837487 0.9829729 0 0.1837512 0.9324735 0 0.3612385 0.9324718 2.58396e-6 0.361243 0.8502154 2.58396e-6 0.5264351 0.8502199 1.29199e-6 0.5264278 0.7390087 1.29199e-6 0.6736959 0.7390035 0 0.6737017 0.6026361 0 0.7980161 0.6026312 0 0.79802 0.4457411 0 0.8951619 0.2736603 0 0.9618265 0.2736657 5.65249e-7 0.961825 0.09226614 1.81681e-7 0.9957344 0.09226995 1.91782e-7 0.995734 0 -1 -2.59504e-6 0 -1 2.59504e-6 3.12772e-6 -1 0 0 -1 -5.19009e-6 9.5776e-7 -1 0 9.41452e-7 -1 4.54132e-6 8.93085e-7 -1 -6.48758e-7 3.12772e-6 -1 1.03801e-5 8.93085e-7 -1 6.48759e-7 9.41452e-7 -1 -4.54132e-6 0 -1 -3.89256e-6 0 -1 -2.59504e-6 0 -1 5.19007e-6 0 -1 -3.89256e-6 0 -1 2.59504e-6 8.93085e-7 -1 0 3.12772e-6 -1 0 0 -1 -5.19008e-6 9.41452e-7 -1 -1.03802e-5 9.5776e-7 -1 0 9.41452e-7 -1 6.4876e-6 3.12772e-6 -1 2.59503e-6 8.93085e-7 -1 -1.94628e-6 0 -1 -5.19008e-6 0 -1 3.89256e-6 0 -1 -2.59504e-6 0.1018071 0.1305087 0.9862064 0.3011392 0.1303415 0.9446303 0.5591796 0.1305248 0.8187072 0.7146666 0.1304252 0.6871979 0.9074128 0.130344 0.3995156 0.9838188 0.1305305 0.1227297 0.9881556 0.1304278 -0.08085244 0.9660187 0.1305119 -0.2231022 0.9000912 0.1303653 -0.415741 0.7431482 0.1305345 -0.6562709 0.593461 0.1304346 -0.7942235 0.4721642 0.1305111 -0.8717958 0.2841305 0.1303743 -0.9498802 -0.2025428 0.1304467 -0.9705463 -0.3409334 0.1305193 -0.9309829 -0.523961 0.1303802 -0.8417043 -0.7814729 0.1303044 -0.610181 -0.8615761 0.1304478 -0.4905813 -0.923532 0.1305217 -0.3606284 -0.9777437 0.1303932 -0.1643623 -0.9746432 0.1303194 0.1819 -0.9380082 0.130452 0.3211278 -0.8816128 0.1305235 0.4535663 -0.7703776 0.1304035 0.6241099 -0.5087606 0.1303309 0.8509857 -0.3801482 0.1304634 0.9156783 -0.05367016 0.9914165 0.1192179 -0.03890323 0.9914149 0.1248318 -0.03890538 0.9914129 0.1248468 -0.1140255 0.9236366 0.365915 -0.02357333 0.9914128 0.1286276 -0.02357184 0.9914114 0.1286387 -0.06908535 0.9236471 0.3769658 -0.06908571 0.923638 0.3769881 -0.1098605 0.7928112 0.5994841 -0.007894635 0.9914157 0.1305096 -0.007895231 0.9914113 0.1305428 -0.02314043 0.9236451 0.3825497 -0.02314221 0.9236322 0.3825808 -0.03679579 0.7928211 0.6083427 -0.03680109 0.792811 0.6083555 -0.04793626 0.6080509 0.7924497 0.007894635 0.9914156 0.1305099 0.007895171 0.9914104 0.1305493 0.02314221 0.9236453 0.382549 0.0231406 0.9236363 0.3825711 0.03680211 0.7928087 0.6083585 0.03679507 0.7928201 0.608344 0.04793637 0.6080479 0.7924519 0.04793632 0.6080632 0.7924402 0.0557993 0.3820888 0.9224395 -0.05579704 0.3820831 0.9224421 -0.1665798 0.3820865 0.9089891 -0.166575 0.3820908 0.9089881 -0.143101 0.6080604 0.7808873 -0.09246933 0.9914143 0.09245139 -0.09246742 0.9914142 0.09245437 -0.2710084 0.9236367 0.2710158 -0.2710087 0.9236352 0.271021 -0.4309554 0.7928107 0.4309625 -0.4309598 0.7928135 0.4309531 -0.5613604 0.6080576 0.5613738 -0.5613803 0.6080633 0.5613479 -0.6534571 0.3820837 0.6534571 -0.6534545 0.3820813 0.6534609 -0.1305317 0.9914128 -0.007895708 -0.1305314 0.9914129 -0.007884979 -0.3825657 0.9236382 -0.02315706 -0.3825634 0.9236394 -0.02314049 -0.6083536 0.7928121 -0.03680926 -0.608352 0.7928138 -0.03679782 -0.7924445 0.608058 -0.04793024 -0.7924411 0.6080623 -0.04793274 -0.922441 0.3820852 -0.05579954 -0.9224405 0.3820868 -0.05579811 -0.08064901 0.9914119 -0.1029481 -0.08064877 0.9914137 -0.1029303 -0.2363644 0.9236368 -0.3017067 -0.2363646 0.9236314 -0.3017233 -0.3758727 0.7928141 -0.4797556 -0.3758679 0.7928088 -0.4797683 -0.4896152 0.6080709 -0.6249214 -0.4896144 0.6080653 -0.6249275 -0.5699204 0.3820917 -0.7274591 -0.5699221 0.3820784 -0.7274648 0.02357107 0.991413 -0.1286263 0.02357304 0.9914118 -0.1286362 0.06909006 0.9236447 -0.376971 0.0690838 0.9236289 -0.3770108 0.109856 0.792816 -0.5994786 0.1098641 0.7928091 -0.5994861 0.1431105 0.6080549 -0.7808898 0.1431022 0.6080588 -0.7808881 0.1665815 0.382086 -0.908989 0.1665711 0.382095 -0.9089871 0.1119103 0.9914129 -0.0676499 0.1118956 0.9914156 -0.06763541 0.3279754 0.9236426 -0.1982839 0.3279894 0.9236397 -0.1982741 0.5215637 0.792813 -0.315308 0.5215678 0.7928153 -0.3152953 0.6794 0.6080583 -0.4107075 0.6793968 0.6080591 -0.410712 0.7908434 0.3820896 -0.4780943 0.7908568 0.3820844 -0.4780767 0.1248491 0.9914134 0.03888839 0.1248493 0.9914122 0.0389173 0.3659081 0.9236379 0.114037 0.3659108 0.9236416 0.1139983 0.5818699 0.7928101 0.1813276 0.5818679 0.7928144 0.1813148 0.7579452 0.6080588 0.2361857 0.7579423 0.6080625 0.2361854 0.8822849 0.3820856 0.2749255 0.8822804 0.3820906 0.2749332 0.1029401 0.9914129 0.0806477 0.1029394 0.991411 0.08067154 0.3016895 0.9236466 0.2363484 0.301694 0.9236401 0.2363677 0.4797517 0.7928069 0.375893 0.4797591 0.7928102 0.3758765 0.6249318 0.6080561 0.4896205 0.6249352 0.6080704 0.4895985 0.7274551 0.382089 0.5699273 0.7274549 0.3820834 0.5699313 0.05366975 0.9914166 0.119217 0.05366939 0.9914113 0.1192616 0.1572981 0.9236409 0.3494925 0.1572926 0.923631 0.349521 0.2501335 0.7928183 0.555763 0.2501329 0.7928123 0.5557718 0.3258232 0.608057 0.7239516 0.3258224 0.608067 0.7239435 0.3792712 0.3820921 0.8427095 0.3792734 0.3820758 0.8427158 -0.2435433 0.1305204 0.9610677 -0.1787161 0.1302835 0.9752368 -0.1787187 0.1302971 0.9752345 -0.1018072 0.1305088 0.9862062 -0.05962651 0.1576876 0.9856873 -0.04207909 0.1304042 0.9905676 -0.3011345 0.1303385 0.9446322 -0.2944497 0.1429678 0.9449125 -0.2749404 0.3820912 0.8822779 -0.2749224 0.382088 0.8822849 -0.2361887 0.6080613 0.7579423 -0.2361816 0.6080572 0.7579477 -0.1813201 0.7928159 0.5818642 -0.4347611 0.1304743 0.891044 -0.4049251 0.1630203 0.8997001 -0.3792669 0.3820868 0.8427138 -0.3792784 0.3820803 0.8427115 -0.3258274 0.6080705 0.7239384 -0.325821 0.6080601 0.72395 -0.250131 0.7928065 0.5557809 -0.2501319 0.7928064 0.5557807 -0.1572984 0.923636 0.3495051 -0.5591799 0.1305212 0.8187077 -0.5122371 0.1400969 0.8473405 -0.4780736 0.3820854 0.7908581 -0.4780902 0.3820894 0.7908461 -0.410704 0.6080516 0.6794083 -0.4107119 0.6080598 0.6793961 -0.3153032 0.7928107 0.5215697 -0.3152955 0.7928127 0.5215716 -0.1982764 0.9236412 0.3279839 -0.1982781 0.9236433 0.327977 -0.06765258 0.9914091 0.1119432 -0.06765264 0.9914136 0.1119034 -0.0806483 0.9914153 0.1029159 -0.08064818 0.9914114 0.1029537 -0.2363663 0.9236392 0.3016979 -0.2363652 0.9236321 0.3017208 -0.3758729 0.7928167 0.4797514 -0.3758662 0.7928098 0.479768 -0.4896144 0.608066 0.6249268 -0.4896081 0.6080703 0.6249276 -0.5699191 0.3820889 0.7274616 -0.5699343 0.3820866 0.7274509 -0.6114631 0.1302883 0.7804729 -0.6114555 0.1302928 0.7804781 -0.7010914 0.1302977 0.701066 -0.7100194 0.1724846 0.682731 -0.671866 0.130504 0.7290849 -0.8066377 0.1305068 0.5764578 -0.7775191 0.1561665 0.6091603 -0.7274615 0.3820868 0.5699206 -0.7274575 0.3820862 0.569926 -0.6249418 0.608057 0.4896065 -0.6249405 0.6080542 0.4896116 -0.4797625 0.7928127 0.3758672 -0.4797635 0.7928081 0.3758755 -0.3017131 0.9236343 0.236366 -0.3017002 0.9236432 0.236348 -0.1029399 0.9914114 0.08066439 -0.1029396 0.9914116 0.08066332 -0.1119106 0.9914134 0.06764411 -0.1119263 0.9914101 0.06766468 -0.3280058 0.9236354 0.198267 -0.3279905 0.9236365 0.1982878 -0.5215684 0.7928176 0.3152887 -0.5215686 0.7928145 0.3152958 -0.6794018 0.608057 0.4107066 -0.6793956 0.6080608 0.4107113 -0.7908505 0.3820883 0.4780837 -0.7908496 0.382086 0.478087 -0.8484843 0.1302926 0.5129311 -0.8484829 0.1302918 0.5129337 -0.90741 0.1303498 0.3995198 -0.9021734 0.1456525 0.40604 -0.8427131 0.3820872 0.379268 -0.8427085 0.3820909 0.3792743 -0.7239466 0.6080624 0.3258242 -0.7239496 0.6080618 0.325819 -0.5557731 0.7928096 0.2501385 -0.5557717 0.7928135 0.2501291 -0.3495002 0.9236387 0.1572933 -0.3494992 0.9236394 0.1572921 -0.1192491 0.9914129 0.05366641 -0.1192674 0.9914112 0.05365884 -0.9556871 0.1304724 0.2638927 -0.9419808 0.1628247 0.2935308 -0.8822817 0.3820918 0.2749273 -0.8822836 0.3820842 0.2749316 -0.7579431 0.6080627 0.2361825 -0.7579417 0.6080634 0.2361847 -0.5818733 0.7928099 0.1813171 -0.581869 0.7928137 0.1813144 -0.3659113 0.9236392 0.1140161 -0.3659102 0.9236387 0.1140228 -0.124849 0.9914131 0.03889483 -0.1248484 0.9914128 0.03890413 -0.9838193 0.130526 0.1227298 -0.9743425 0.1370251 0.1785524 -0.9089905 0.3820842 0.1665779 -0.9089896 0.3820846 0.1665808 -0.7808856 0.6080619 0.1431028 -0.7808867 0.6080599 0.1431053 -0.599483 0.7928127 0.1098558 -0.5994787 0.7928149 0.1098644 -0.3769885 0.9236386 0.06907665 -0.376985 0.9236395 0.06908291 -0.1286281 0.9914126 0.02358043 -0.1286278 0.9914128 0.02357548 -0.1305315 0.9914129 0.007879734 -0.1305315 0.9914128 0.00789994 -0.382565 0.9236384 0.023157 -0.3825645 0.9236391 0.02314054 -0.6083522 0.7928138 0.03679507 -0.6083542 0.7928116 0.03681147 -0.7924436 0.6080592 0.04793059 -0.7924418 0.6080614 0.04793274 -0.9224417 0.3820835 0.05579978 -0.9224399 0.382088 0.05579805 -0.9896671 0.1302891 0.05986452 -0.9896671 0.1302912 0.05986231 -0.9896671 0.1302891 -0.05986452 -0.9811179 0.1759629 -0.08027946 -0.9912257 0.1304953 -0.02103972 -0.9660203 0.1305105 -0.2230961 -0.9718167 0.154452 -0.1780923 -0.9089905 0.3820824 -0.1665818 -0.9089901 0.3820832 -0.1665815 -0.7808851 0.6080641 -0.1430968 -0.7808877 0.6080585 -0.1431061 -0.5994809 0.7928143 -0.109856 -0.5994795 0.7928161 -0.1098504 -0.3769883 0.9236381 -0.06908428 -0.3769853 0.9236394 -0.06908261 -0.1286284 0.9914128 -0.02356559 -0.1286279 0.9914128 -0.0235753 -0.1248489 0.9914122 -0.0389204 -0.1248491 0.9914129 -0.03890228 -0.3659119 0.9236399 -0.1140084 -0.3659143 0.9236384 -0.1140129 -0.5818709 0.7928156 -0.1813003 -0.5818687 0.7928141 -0.181314 -0.7579436 0.6080615 -0.2361842 -0.7579444 0.6080622 -0.2361796 -0.8822838 0.3820883 -0.2749251 -0.8822849 0.3820837 -0.2749283 -0.9465817 0.1302891 -0.2949709 -0.9465816 0.1302944 -0.2949693 -0.90009 0.1303588 -0.4157461 -0.9018385 0.1481512 -0.40588 -0.842712 0.3820852 -0.3792725 -0.8427101 0.3820881 -0.3792735 -0.7239482 0.608061 -0.3258234 -0.7239471 0.6080609 -0.3258261 -0.5557699 0.7928118 -0.2501388 -0.5557678 0.7928127 -0.2501407 -0.3495005 0.9236413 -0.1572776 -0.3494998 0.9236365 -0.1573074 -0.119263 0.9914109 -0.05367219 -0.1192524 0.9914129 -0.05365854 -0.8303844 0.1304823 -0.5416976 -0.8444152 0.162438 -0.5104673 -0.7908505 0.3820916 -0.4780812 -0.7908481 0.3820872 -0.4780887 -0.6794055 0.6080632 -0.4106913 -0.6793949 0.6080572 -0.4107179 -0.521566 0.7928169 -0.3152942 -0.5215676 0.792815 -0.3152962 -0.3280006 0.9236329 -0.1982875 -0.3279947 0.9236376 -0.1982756 -0.1119151 0.9914125 -0.06765002 -0.1119231 0.9914106 -0.06766408 -0.7431766 0.1305395 -0.6562377 -0.7801018 0.1337636 -0.6111862 -0.7274596 0.382089 -0.5699216 -0.7274563 0.3820899 -0.5699251 -0.6249382 0.6080471 -0.4896233 -0.6249482 0.6080589 -0.4895959 -0.479762 0.7928074 -0.3758789 -0.4797601 0.7928155 -0.3758645 -0.3017054 0.9236441 -0.2363381 -0.3017088 0.9236293 -0.2363915 -0.102941 0.9914131 -0.08064287 -0.1029402 0.9914128 -0.08064776 -0.09246802 0.9914114 -0.09248352 -0.09246915 0.9914138 -0.0924561 -0.2710053 0.9236381 -0.2710146 -0.2710058 0.9236369 -0.2710182 -0.4309583 0.7928152 -0.4309512 -0.4309577 0.7928094 -0.4309628 -0.5613667 0.608049 -0.5613768 -0.5613688 0.6080665 -0.5613558 -0.6534551 0.3820844 -0.6534584 -0.6534577 0.3820924 -0.6534513 -0.7010801 0.1302998 -0.7010769 -0.7010878 0.1302841 -0.701072 -0.611457 0.1302906 -0.7804773 -0.5888696 0.179416 -0.7880625 -0.6403092 0.1304802 -0.7569539 -0.4721792 0.1305139 -0.8717872 -0.5112761 0.1525394 -0.845771 -0.4780856 0.3820815 -0.7908526 -0.4780811 0.3820801 -0.790856 -0.4107112 0.6080652 -0.6793916 -0.4107074 0.6080582 -0.6794003 -0.3152954 0.7928011 -0.5215893 -0.3152998 0.7928239 -0.5215519 -0.1982746 0.9236376 -0.327995 -0.1982776 0.9236447 -0.3279733 -0.06765156 0.9914091 -0.1119439 -0.06765168 0.9914137 -0.1119034 -0.05366986 0.9914165 -0.1192184 -0.05366998 0.9914125 -0.1192514 -0.1572963 0.9236338 -0.3495122 -0.157296 0.9236336 -0.3495128 -0.2501285 0.7928051 -0.555784 -0.2501333 0.7928184 -0.5557627 -0.3258217 0.6080618 -0.7239483 -0.3258241 0.6080618 -0.7239472 -0.379275 0.3820848 -0.8427109 -0.3792704 0.3820886 -0.8427113 -0.4069241 0.1302915 -0.9041222 -0.4069146 0.1302926 -0.9041264 -0.2841309 0.130374 -0.9498802 -0.294112 0.150429 -0.9438587 -0.2749297 0.3820963 -0.882279 -0.2749317 0.3820974 -0.8822779 -0.23618 0.6080477 -0.7579558 -0.2361873 0.6080679 -0.7579374 -0.1813138 0.7928048 -0.5818814 -0.1813162 0.7928121 -0.5818706 -0.1140224 0.9236393 -0.365909 -0.1140217 0.9236391 -0.36591 -0.03890407 0.9914131 -0.124847 -0.03890502 0.9914141 -0.1248375 -0.1435667 0.1304973 -0.9809991 -0.1778738 0.16188 -0.9706471 -0.166575 0.3820887 -0.908989 -0.1665793 0.3820966 -0.908985 -0.1431051 0.6080535 -0.7808918 -0.1431073 0.6080619 -0.7808849 -0.1098607 0.7928143 -0.5994801 -0.1098595 0.792811 -0.5994845 -0.06908559 0.9236364 -0.3769924 -0.06908881 0.9236477 -0.3769642 -0.02357256 0.9914115 -0.1286374 -0.02357155 0.9914126 -0.1286287 -0.007895588 0.9914157 -0.1305093 -0.007895231 0.9914102 -0.1305505 -0.02313888 0.923643 -0.3825551 -0.02314209 0.9236279 -0.3825912 -0.0367999 0.7928147 -0.6083509 -0.03679656 0.7928228 -0.6083405 -0.04792988 0.6080433 -0.7924558 -0.04793328 0.6080588 -0.7924438 -0.0557962 0.3820823 -0.9224424 -0.05580133 0.3820981 -0.9224356 -0.05986881 0.1303015 -0.9896652 -0.05986332 0.1302893 -0.9896672 0.007895708 0.9914155 -0.1305106 0.007895171 0.9914095 -0.1305564 0.02313941 0.9236454 -0.382549 0.0231418 0.9236351 -0.3825739 0.03680026 0.7928101 -0.6083568 0.03679591 0.792823 -0.6083403 0.04792976 0.6080464 -0.7924534 0.04793357 0.6080598 -0.7924429 0.05579423 0.3820963 -0.9224367 0.05580294 0.3820834 -0.9224416 0.05986583 0.1302825 -0.989668 0.05986464 0.1303054 -0.989665 0.1787146 0.1302959 -0.9752355 0.2008421 0.1828956 -0.9623989 0.1435667 0.1304979 -0.980999 0.3409255 0.1305162 -0.9309863 0.2941138 0.1504299 -0.943858 0.274936 0.3821031 -0.8822741 0.2749261 0.3820936 -0.8822813 0.2361835 0.6080579 -0.7579466 0.2361857 0.608065 -0.7579402 0.1813128 0.7928073 -0.5818783 0.1813164 0.7928064 -0.5818785 0.1140233 0.9236382 -0.3659117 0.1140204 0.9236378 -0.3659133 0.03890335 0.9914133 -0.1248446 0.03890591 0.9914143 -0.1248365 0.05366867 0.9914149 -0.1192316 0.05367106 0.9914122 -0.1192537 0.1573008 0.9236405 -0.3494923 0.1572926 0.9236317 -0.3495191 0.2501331 0.792819 -0.5557622 0.2501314 0.7928125 -0.5557722 0.3258247 0.6080566 -0.7239513 0.3258191 0.6080657 -0.7239462 0.3792647 0.382089 -0.8427138 0.3792762 0.3820796 -0.8427128 0.4069146 0.1302928 -0.9041263 0.4069194 0.1302899 -0.9041245 0.5239623 0.1303796 -0.8417034 0.5112788 0.1525414 -0.8457691 0.4780856 0.3820815 -0.7908526 0.4780889 0.3820844 -0.7908493 0.4107051 0.6080517 -0.6794075 0.4107026 0.608059 -0.6794025 0.3152953 0.7928171 -0.521565 0.3153002 0.7928113 -0.5215708 0.198278 0.9236356 -0.3279991 0.1982733 0.9236477 -0.3279678 0.06765103 0.9914092 -0.111943 0.06765228 0.9914135 -0.1119044 0.6403255 0.1304824 -0.7569397 0.608658 0.1611047 -0.7769047 0.5699207 0.3820942 -0.7274575 0.5699228 0.3820777 -0.7274646 0.4896106 0.6080669 -0.624929 0.4896154 0.6080636 -0.6249284 0.3758747 0.7928043 -0.4797703 0.3758659 0.7928184 -0.479754 0.2363607 0.9236362 -0.3017114 0.236369 0.9236386 -0.3016977 0.08064973 0.9914128 -0.102939 0.08064824 0.9914146 -0.1029232 0.09246939 0.9914135 -0.09246039 0.0924682 0.991414 -0.09245556 0.2710043 0.923639 -0.2710127 0.2710063 0.9236364 -0.2710195 0.4309623 0.792811 -0.4309552 0.4309541 0.7928132 -0.4309592 0.5613611 0.6080623 -0.5613679 0.5613634 0.6080688 -0.5613586 0.6534468 0.3820909 -0.653463 0.6534548 0.3820857 -0.653458 0.7010943 0.1302834 -0.7010657 0.7010738 0.1302989 -0.7010833 0.7814629 0.1303032 -0.6101943 0.78011 0.1337662 -0.6111751 0.7274591 0.3820905 -0.5699213 0.72746 0.3820884 -0.5699215 0.6249378 0.6080531 -0.4896163 0.6249324 0.6080703 -0.489602 0.4797524 0.7928137 -0.3758779 0.479759 0.7928144 -0.3758678 0.3016859 0.9236394 -0.2363809 0.3016975 0.9236406 -0.2363615 0.1029399 0.9914127 -0.08064985 0.1029406 0.9914115 -0.08066368 0.8484859 0.1302934 -0.5129281 0.8537871 0.1863407 -0.4861325 0.8303776 0.130483 -0.5417077 0.9235263 0.1305263 -0.3606414 0.9018347 0.1481498 -0.4058892 0.842711 0.382088 -0.379272 0.8427114 0.3820847 -0.3792741 0.7239482 0.608061 -0.3258234 0.7239481 0.6080596 -0.3258265 0.5557689 0.7928161 -0.2501273 0.55577 0.792811 -0.2501409 0.349498 0.92364 -0.1572905 0.349499 0.9236394 -0.1572921 0.1192488 0.9914129 -0.05366629 0.1192328 0.9914154 -0.05365896 0.1248487 0.9914121 -0.03892034 0.1248497 0.9914133 -0.03888756 0.3659109 0.9236394 -0.1140155 0.3659111 0.9236398 -0.114012 0.5818684 0.7928123 -0.1813224 0.5818659 0.7928133 -0.1813265 0.757946 0.6080601 -0.2361799 0.7579425 0.6080598 -0.236192 0.882283 0.382088 -0.2749281 0.8822812 0.3820837 -0.2749398 0.9465832 0.1302925 -0.294965 0.9465839 0.1302939 -0.2949621 0.9777422 0.1303989 -0.1643663 0.9718172 0.1544473 -0.178094 0.9089878 0.3820875 -0.1665847 0.90899 0.3820865 -0.166575 0.7808851 0.6080632 -0.1431006 0.7808886 0.6080574 -0.1431057 0.5994809 0.7928143 -0.109856 0.5994809 0.7928149 -0.1098507 0.376988 0.9236382 -0.06908392 0.3769848 0.9236384 -0.06909781 0.1286274 0.9914126 -0.02358031 0.1286283 0.9914127 -0.02357536 0.9912256 0.1304953 -0.02104812 0.9852899 0.1601619 -0.05959856 0.9224389 0.3820908 -0.05579483 0.9224399 0.3820888 -0.05579298 0.792443 0.6080598 -0.04793262 0.7924414 0.6080614 -0.04793697 0.6083523 0.7928137 -0.03679782 0.6083536 0.7928121 -0.03680926 0.3825632 0.9236395 -0.02314049 0.3825656 0.9236385 -0.02314209 0.1305315 0.9914129 -0.007884979 0.1305313 0.9914128 -0.007895648 0.1305312 0.9914128 0.007895648 0.1305317 0.9914128 0.007884979 0.3825637 0.9236392 0.02314198 0.3825649 0.9236388 0.02314054 0.6083539 0.7928126 0.03679519 0.6083526 0.7928128 0.03681141 0.7924432 0.6080597 0.04793035 0.7924408 0.6080628 0.04793292 0.9224397 0.3820892 0.05579322 0.922439 0.3820902 0.05579799 0.9896668 0.1302926 0.05986332 0.9896668 0.1302919 0.05986368 0.9746437 0.1303156 0.1819002 0.9743419 0.1370258 0.1785555 0.90899 0.382084 0.1665812 0.9089877 0.3820896 0.1665804 0.7808867 0.608062 0.1430971 0.7808862 0.6080608 0.1431046 0.5994802 0.7928167 0.1098425 0.5994831 0.7928133 0.1098505 0.3769862 0.9236389 0.06908357 0.3769876 0.9236385 0.06908303 0.1286281 0.9914122 0.02359539 0.1286278 0.9914128 0.02357548 0.9465835 0.1302894 0.294965 0.9289026 0.1897854 0.3179962 0.9556853 0.1304721 0.263899 0.8816181 0.1305192 0.4535574 0.902176 0.1456601 0.4060316 0.84271 0.382089 0.379273 0.8427059 0.3820915 0.3792796 0.7239496 0.6080589 0.325824 0.7239481 0.608063 0.3258198 0.5557692 0.7928124 0.2501385 0.5557733 0.7928123 0.2501298 0.3494994 0.9236419 0.1572771 0.3494982 0.9236372 0.1573066 0.1192361 0.9914142 0.05367225 0.1192465 0.9914137 0.0536586 0.1118985 0.9914155 0.06763237 0.1119067 0.9914134 0.06765002 0.3279845 0.9236352 0.1983038 0.327981 0.9236485 0.1982472 0.5215702 0.7928132 0.3152967 0.5215643 0.792813 0.3153067 0.6793954 0.6080609 0.4107115 0.6793994 0.6080562 0.4107117 0.7908453 0.382089 0.4780916 0.7908522 0.3820921 0.4780778 0.8484911 0.13029 0.5129205 0.8484809 0.1302954 0.5129361 0.7804787 0.1302982 0.6114535 0.7662953 0.1655239 0.6208006 0.806643 0.130509 0.5764499 0.6718659 0.1305052 0.7290848 0.6981183 0.1590226 0.6980994 0.6534575 0.3820875 0.6534543 0.6534525 0.3820826 0.6534622 0.5613642 0.6080659 0.561361 0.5613586 0.608064 0.5613687 0.4309569 0.7928129 0.4309569 0.4309583 0.7928113 0.4309583 0.2710095 0.9236388 0.2710077 0.2710078 0.9236328 0.2710302 0.09246891 0.9914153 0.09244 0.0924676 0.9914131 0.09246659 0.0806477 0.9914121 0.1029471 0.08064836 0.9914136 0.1029315 0.2363673 0.9236426 0.3016866 0.2363641 0.9236313 0.3017241 0.3758717 0.7928183 0.4797499 0.3758659 0.792806 0.4797744 0.4896019 0.6080605 0.624942 0.489613 0.6080642 0.6249297 0.5699208 0.3820819 0.7274639 0.5699225 0.3820905 0.7274581 0.6114588 0.1302934 0.7804754 0.61146 0.1302908 0.780475 0.5087583 0.1303315 0.850987 0.5122326 0.1400968 0.8473433 0.4780871 0.3820857 0.7908498 0.4780877 0.3820963 0.7908442 0.4107041 0.6080513 0.6794084 0.4107112 0.6080577 0.6793984 0.3152957 0.7928146 0.5215684 0.3153018 0.7928063 0.5215774 0.1982786 0.9236354 0.3279988 0.1982756 0.9236495 0.3279611 0.06765234 0.9914091 0.1119428 0.06765305 0.9914135 0.1119041 0.4069172 0.1302927 0.9041252 0.376195 0.1932395 0.9061655 0.4347611 0.1304734 0.891044 0.2435442 0.1305212 0.9610674 0.2944489 0.142967 0.9449129 0.2749333 0.3820901 0.8822805 0.2749227 0.3820781 0.882289 0.2361831 0.60806 0.7579451 0.2361925 0.6080717 0.7579328 0.1813127 0.7928076 0.5818779 0.1813185 0.7928139 0.5818675 0.1140233 0.9236382 0.3659118 0.1140232 0.9236463 0.3658911 0.03890305 0.9914095 0.1248752 0.0389055 0.9914147 0.1248326 0.02357351 0.9914169 0.1285966 0.02357178 0.9914076 0.1286682 0.06908494 0.923636 0.3769935 0.06908547 0.9236392 0.3769852 0.1098637 0.7928124 0.5994819 0.1098561 0.7928142 0.599481 0.1431061 0.6080628 0.7808843 0.1430975 0.6080557 0.7808914 0.1665785 0.3820847 0.90899 0.1665781 0.3820968 0.908985 0.1787135 0.1302848 0.9752371 0.1787193 0.1302942 0.9752348 -0.05366897 0.9914114 0.1192607 -0.1572929 0.9236429 0.3494893 -0.1140202 0.9236401 0.3659076 -0.1813125 0.7928109 0.5818736 -0.1098583 0.7928107 0.5994852 -0.1431033 0.6080603 0.7808869 -0.04793643 0.6080608 0.792442 -0.05579924 0.3820894 0.9224393 0.05579835 0.3820925 0.922438 0.05987209 0.1302855 0.9896672 0.04182362 0.1690077 0.984727</float_array>
          <technique_common>
            <accessor source="#GBT-C12A-400_00-7_002-mesh-normals-array" count="4696" stride="3">
              <param name="X" type="float"/>
              <param name="Y" type="float"/>
              <param name="Z" type="float"/>
            </accessor>
          </technique_common>
        </source>
        <vertices id="GBT-C12A-400_00-7_002-mesh-vertices">
          <input semantic="POSITION" source="#GBT-C12A-400_00-7_002-mesh-positions"/>
        </vertices>
        <triangles material="材质_001-material" count="5322">
          <input semantic="VERTEX" source="#GBT-C12A-400_00-7_002-mesh-vertices" offset="0"/>
          <input semantic="NORMAL" source="#GBT-C12A-400_00-7_002-mesh-normals" offset="1"/>
          <p>0 0 1 0 2 0 2 1 1 1 3 1 2 2 3 2 4 2 5 3 6 3 7 3 8 4 9 4 10 4 10 3 9 3 11 3 10 3 11 3 1 3 1 3 11 3 12 3 1 5 12 5 3 5 13 6 14 6 15 6 15 3 14 3 16 3 15 3 16 3 17 3 18 3 19 3 15 3 15 7 19 7 20 7 21 3 22 3 23 3 23 8 22 8 24 8 23 9 24 9 25 9 25 10 24 10 18 10 25 3 18 3 7 3 7 3 18 3 15 3 7 3 15 3 5 3 5 3 15 3 17 3 5 3 17 3 26 3 21 11 27 11 22 11 22 3 27 3 28 3 22 12 28 12 29 12 29 13 28 13 30 13 31 3 32 3 33 3 33 14 32 14 34 14 33 15 34 15 35 15 34 16 36 16 35 16 35 17 36 17 30 17 35 18 30 18 37 18 37 19 30 19 28 19 37 3 28 3 38 3 13 3 15 3 39 3 39 3 15 3 20 3 39 20 20 20 40 20 40 3 20 3 41 3 40 3 41 3 31 3 31 21 41 21 42 21 31 3 42 3 32 3 43 22 44 22 45 22 45 23 44 23 46 23 45 24 46 24 47 24 47 3 46 3 48 3 47 3 48 3 49 3 49 25 48 25 50 25 49 3 50 3 51 3 52 26 53 26 54 26 54 3 53 3 55 3 54 3 55 3 56 3 56 3 55 3 57 3 56 27 57 27 58 27 43 3 59 3 44 3 44 28 59 28 60 28 44 29 60 29 58 29 58 30 60 30 61 30 58 3 61 3 56 3 62 31 63 31 64 31 64 32 63 32 65 32 64 33 65 33 52 33 52 34 65 34 66 34 52 3 66 3 53 3 67 35 68 35 69 35 69 3 68 3 70 3 69 3 70 3 71 3 71 36 70 36 72 36 71 37 72 37 60 37 73 38 74 38 61 38 61 3 74 3 75 3 61 3 75 3 56 3 60 3 72 3 61 3 61 39 72 39 76 39 61 40 76 40 77 40 73 41 61 41 78 41 78 42 61 42 77 42 78 43 77 43 79 43 79 3 77 3 80 3 79 3 80 3 81 3 81 3 80 3 82 3 81 3 82 3 83 3 83 3 82 3 84 3 83 44 84 44 85 44 85 3 84 3 86 3 85 45 86 45 87 45 87 46 86 46 88 46 87 3 88 3 89 3 89 3 88 3 90 3 89 47 90 47 91 47 38 3 28 3 92 3 92 48 28 48 49 48 92 3 49 3 62 3 62 49 49 49 51 49 62 50 51 50 63 50 93 3 87 3 94 3 94 3 87 3 95 3 93 3 96 3 87 3 87 51 96 51 97 51 87 3 97 3 85 3 85 52 97 52 98 52 85 3 98 3 83 3 93 3 99 3 96 3 96 53 99 53 100 53 96 3 100 3 101 3 101 3 100 3 102 3 101 3 102 3 103 3 102 54 104 54 103 54 103 3 104 3 105 3 103 3 105 3 106 3 106 3 105 3 107 3 106 55 107 55 0 55 0 3 107 3 108 3 0 3 108 3 1 3 1 56 108 56 109 56 1 57 109 57 110 57 26 3 17 3 111 3 111 3 17 3 112 3 111 3 112 3 113 3 113 3 112 3 114 3 113 58 114 58 4 58 4 3 114 3 115 3 4 59 115 59 2 59 2 60 115 60 116 60 2 3 116 3 0 3 117 3 89 3 67 3 67 61 89 61 91 61 67 62 91 62 68 62 118 63 119 63 10 63 10 64 119 64 120 64 10 3 120 3 8 3 8 65 120 65 121 65 8 66 121 66 122 66 122 67 121 67 123 67 122 3 123 3 6 3 6 3 123 3 124 3 6 68 124 68 7 68 27 3 125 3 28 3 28 69 125 69 126 69 28 3 126 3 49 3 49 3 126 3 127 3 49 3 127 3 47 3 110 70 95 70 1 70 1 3 95 3 87 3 1 3 87 3 10 3 10 3 87 3 89 3 10 71 89 71 118 71 118 3 89 3 117 3 128 72 129 72 130 72 130 73 129 73 131 73 130 74 131 74 132 74 132 75 131 75 133 75 132 76 133 76 134 76 134 77 133 77 135 77 134 78 135 78 136 78 136 79 135 79 137 79 136 80 137 80 138 80 138 81 137 81 139 81 138 82 139 82 140 82 140 83 139 83 141 83 140 84 141 84 142 84 142 85 141 85 143 85 142 86 143 86 144 86 144 87 143 87 145 87 144 88 145 88 146 88 146 89 145 89 147 89 146 90 147 90 148 90 148 91 147 91 149 91 148 92 149 92 150 92 150 93 149 93 151 93 150 94 151 94 152 94 152 95 151 95 153 95 152 95 153 95 154 95 154 96 153 96 155 96 154 97 155 97 156 97 156 98 155 98 157 98 156 99 157 99 158 99 158 100 157 100 159 100 158 101 159 101 160 101 160 102 159 102 161 102 160 103 161 103 162 103 162 104 161 104 163 104 162 105 163 105 164 105 164 106 163 106 165 106 164 107 165 107 166 107 166 108 165 108 167 108 166 109 167 109 168 109 168 110 167 110 169 110 168 110 169 110 170 110 170 111 169 111 171 111 170 112 171 112 172 112 172 113 171 113 173 113 172 114 173 114 174 114 174 115 173 115 175 115 174 116 175 116 176 116 176 117 175 117 177 117 176 118 177 118 178 118 178 119 177 119 179 119 178 119 179 119 180 119 180 120 179 120 181 120 180 121 181 121 182 121 182 122 181 122 183 122 182 123 183 123 184 123 184 124 183 124 185 124 184 125 185 125 186 125 186 126 185 126 187 126 186 127 187 127 188 127 188 128 187 128 189 128 188 129 189 129 190 129 190 130 189 130 128 130 190 131 128 131 130 131 136 3 191 3 134 3 134 3 191 3 192 3 134 132 192 132 132 132 132 133 192 133 193 133 132 3 193 3 130 3 193 134 194 134 130 134 130 3 194 3 195 3 130 135 195 135 190 135 190 136 195 136 196 136 190 137 196 137 188 137 188 3 196 3 197 3 188 3 197 3 186 3 146 3 198 3 144 3 144 3 198 3 199 3 144 138 199 138 142 138 142 139 199 139 200 139 142 3 200 3 140 3 140 140 200 140 201 140 140 3 201 3 138 3 138 3 201 3 202 3 138 3 202 3 136 3 136 141 202 141 203 141 136 3 203 3 191 3 197 3 204 3 186 3 186 3 204 3 205 3 186 142 205 142 184 142 184 143 205 143 206 143 184 144 206 144 182 144 182 3 206 3 207 3 182 145 207 145 180 145 180 3 207 3 208 3 180 3 208 3 178 3 178 146 208 146 209 146 178 147 209 147 176 147 156 148 210 148 154 148 154 3 210 3 211 3 154 3 211 3 152 3 152 3 211 3 212 3 152 149 212 149 150 149 150 3 212 3 213 3 150 3 213 3 148 3 148 150 213 150 214 150 148 3 214 3 146 3 146 151 214 151 215 151 146 3 215 3 198 3 166 3 216 3 164 3 164 152 216 152 217 152 164 3 217 3 162 3 162 3 217 3 218 3 162 3 218 3 219 3 219 153 218 153 220 153 219 154 220 154 158 154 158 3 220 3 221 3 158 3 221 3 156 3 156 3 221 3 222 3 156 155 222 155 210 155 209 156 223 156 176 156 176 3 223 3 224 3 176 3 224 3 174 3 174 3 224 3 225 3 174 3 225 3 172 3 172 157 225 157 226 157 172 3 226 3 170 3 170 158 226 158 227 158 170 159 227 159 168 159 168 160 227 160 228 160 168 3 228 3 166 3 166 161 228 161 229 161 166 162 229 162 216 162 230 163 231 163 232 163 232 164 231 164 233 164 232 165 233 165 234 165 234 166 233 166 235 166 234 167 235 167 236 167 236 168 235 168 237 168 236 169 237 169 238 169 238 170 237 170 239 170 238 171 239 171 240 171 240 172 239 172 241 172 240 173 241 173 242 173 242 174 241 174 243 174 242 175 243 175 244 175 244 176 243 176 245 176 244 177 245 177 246 177 246 178 245 178 247 178 246 179 247 179 248 179 248 180 247 180 249 180 248 181 249 181 250 181 250 182 249 182 251 182 250 183 251 183 252 183 252 184 251 184 253 184 252 185 253 185 254 185 254 186 253 186 255 186 254 187 255 187 256 187 256 188 255 188 257 188 256 189 257 189 258 189 258 190 257 190 259 190 258 190 259 190 260 190 260 191 259 191 261 191 260 191 261 191 262 191 262 192 261 192 263 192 262 193 263 193 264 193 264 194 263 194 265 194 264 195 265 195 266 195 266 196 265 196 267 196 266 197 267 197 268 197 268 198 267 198 269 198 268 199 269 199 270 199 270 200 269 200 271 200 270 201 271 201 272 201 272 202 271 202 273 202 272 203 273 203 274 203 274 204 273 204 275 204 274 205 275 205 276 205 276 206 275 206 277 206 276 207 277 207 278 207 278 208 277 208 279 208 278 209 279 209 280 209 280 210 279 210 281 210 280 211 281 211 282 211 282 212 281 212 283 212 282 213 283 213 284 213 284 214 283 214 285 214 284 215 285 215 286 215 286 216 285 216 287 216 286 217 287 217 288 217 288 218 287 218 289 218 288 219 289 219 290 219 290 220 289 220 291 220 290 221 291 221 292 221 292 222 291 222 293 222 292 223 293 223 294 223 294 224 293 224 295 224 294 225 295 225 296 225 296 226 295 226 297 226 296 227 297 227 298 227 298 228 297 228 299 228 298 229 299 229 300 229 300 230 299 230 301 230 300 231 301 231 302 231 302 232 301 232 303 232 302 233 303 233 304 233 304 234 303 234 230 234 304 235 230 235 232 235 305 236 292 236 306 236 306 236 292 236 294 236 306 236 294 236 307 236 307 236 294 236 296 236 307 236 296 236 308 236 308 236 296 236 298 236 308 236 298 236 309 236 309 236 298 236 300 236 309 236 300 236 310 236 310 236 300 236 302 236 310 237 302 237 311 237 311 238 302 238 304 238 311 236 304 236 312 236 312 239 304 239 232 239 312 240 232 240 313 240 313 241 232 241 234 241 313 236 234 236 314 236 314 242 234 242 236 242 314 236 236 236 315 236 315 236 236 236 238 236 315 236 238 236 316 236 316 236 238 236 240 236 316 236 240 236 317 236 317 236 240 236 242 236 317 236 242 236 318 236 318 236 242 236 244 236 318 236 244 236 319 236 319 236 244 236 246 236 319 236 246 236 320 236 320 236 246 236 248 236 320 236 248 236 321 236 321 236 248 236 250 236 321 236 250 236 322 236 322 236 250 236 252 236 322 236 252 236 323 236 323 236 252 236 254 236 323 236 254 236 324 236 324 236 254 236 256 236 324 236 256 236 325 236 325 236 256 236 258 236 325 236 258 236 326 236 326 236 258 236 260 236 326 236 260 236 327 236 327 236 260 236 262 236 327 236 262 236 328 236 328 243 262 243 264 243 328 244 264 244 329 244 329 245 264 245 266 245 329 246 266 246 330 246 330 247 266 247 331 247 330 248 331 248 332 248 332 249 331 249 270 249 332 250 270 250 333 250 333 251 270 251 272 251 333 236 272 236 334 236 334 236 272 236 274 236 334 236 274 236 335 236 335 236 274 236 276 236 335 236 276 236 336 236 336 236 276 236 278 236 336 236 278 236 337 236 337 236 278 236 280 236 337 236 280 236 338 236 338 236 280 236 282 236 338 236 282 236 339 236 339 236 282 236 284 236 339 236 284 236 340 236 340 236 284 236 286 236 340 236 286 236 341 236 341 236 286 236 288 236 341 236 288 236 342 236 342 236 288 236 290 236 342 236 290 236 305 236 305 236 290 236 292 236 343 252 344 252 345 252 345 253 344 253 346 253 345 254 346 254 347 254 347 255 346 255 348 255 347 256 348 256 349 256 349 256 348 256 350 256 349 257 350 257 351 257 351 258 350 258 352 258 351 259 352 259 353 259 353 260 352 260 354 260 353 261 354 261 355 261 355 261 354 261 356 261 355 262 356 262 357 262 357 262 356 262 358 262 357 263 358 263 359 263 359 263 358 263 360 263 359 264 360 264 361 264 361 265 360 265 362 265 361 266 362 266 363 266 363 266 362 266 364 266 363 267 364 267 365 267 365 267 364 267 366 267 365 268 366 268 367 268 367 268 366 268 368 268 367 269 368 269 369 269 369 270 368 270 370 270 369 271 370 271 371 271 371 272 370 272 372 272 371 273 372 273 373 273 373 273 372 273 374 273 373 274 374 274 375 274 375 274 374 274 376 274 375 275 376 275 377 275 377 276 376 276 378 276 377 277 378 277 379 277 379 278 378 278 380 278 379 279 380 279 381 279 381 280 380 280 382 280 381 281 382 281 383 281 383 282 382 282 384 282 383 283 384 283 385 283 385 283 384 283 386 283 385 284 386 284 387 284 387 285 386 285 388 285 387 286 388 286 389 286 389 286 388 286 390 286 389 287 390 287 391 287 391 287 390 287 392 287 391 288 392 288 393 288 393 288 392 288 394 288 393 289 394 289 395 289 395 289 394 289 396 289 395 290 396 290 397 290 397 291 396 291 398 291 397 292 398 292 399 292 399 292 398 292 400 292 399 293 400 293 401 293 401 294 400 294 402 294 401 295 402 295 403 295 403 296 402 296 404 296 403 297 404 297 405 297 405 298 404 298 406 298 405 299 406 299 407 299 407 300 406 300 408 300 407 301 408 301 409 301 409 302 408 302 410 302 409 303 410 303 411 303 411 303 410 303 412 303 411 304 412 304 413 304 413 305 412 305 414 305 413 306 414 306 415 306 415 307 414 307 416 307 415 308 416 308 343 308 343 309 416 309 344 309 417 236 345 236 418 236 411 236 413 236 418 236 418 236 413 236 415 236 418 236 415 236 417 236 405 236 407 236 418 236 418 236 407 236 409 236 418 236 409 236 411 236 399 236 401 236 418 236 418 236 401 236 403 236 418 236 403 236 405 236 393 236 395 236 418 236 418 236 395 236 397 236 418 236 397 236 399 236 387 236 389 236 418 236 418 236 389 236 391 236 418 236 391 236 393 236 381 236 383 236 418 236 418 236 383 236 385 236 418 236 385 236 387 236 375 236 377 236 418 236 418 236 377 236 379 236 418 236 379 236 381 236 369 236 371 236 418 236 418 236 371 236 373 236 418 236 373 236 375 236 363 236 365 236 418 236 418 236 365 236 367 236 418 236 367 236 369 236 357 236 359 236 418 236 418 236 359 236 361 236 418 236 361 236 363 236 351 236 353 236 418 236 418 236 353 236 355 236 418 236 355 236 357 236 345 236 347 236 418 236 418 236 347 236 349 236 418 236 349 236 351 236 419 310 420 310 421 310 422 311 420 311 419 311 419 312 423 312 424 312 425 313 423 313 419 313 421 314 425 314 419 314 419 315 426 315 427 315 428 316 426 316 419 316 424 317 428 317 419 317 419 318 429 318 430 318 431 319 429 319 419 319 427 320 431 320 419 320 430 321 422 321 419 321 422 322 111 322 420 322 420 323 111 323 113 323 420 324 113 324 421 324 421 325 113 325 4 325 421 326 4 326 425 326 425 326 4 326 3 326 425 327 3 327 423 327 423 327 3 327 12 327 423 328 12 328 424 328 424 329 12 329 11 329 424 330 11 330 428 330 428 331 11 331 9 331 428 332 9 332 426 332 426 333 9 333 8 333 426 334 8 334 427 334 427 334 8 334 122 334 427 335 122 335 431 335 431 336 122 336 6 336 431 337 6 337 429 337 429 338 6 338 5 338 429 339 5 339 430 339 430 340 5 340 26 340 430 341 26 341 422 341 422 342 26 342 111 342 432 343 433 343 434 343 435 344 433 344 432 344 432 345 436 345 437 345 438 313 436 313 432 313 434 346 438 346 432 346 432 347 439 347 440 347 441 316 439 316 432 316 437 317 441 317 432 317 432 348 442 348 443 348 444 349 442 349 432 349 440 350 444 350 432 350 443 351 435 351 432 351 435 352 41 352 433 352 433 353 41 353 20 353 433 354 20 354 434 354 434 355 20 355 19 355 434 356 19 356 438 356 438 356 19 356 18 356 438 327 18 327 436 327 436 357 18 357 24 357 436 358 24 358 437 358 437 359 24 359 22 359 437 360 22 360 441 360 441 361 22 361 29 361 441 362 29 362 439 362 439 332 29 332 30 332 439 363 30 363 440 363 440 334 30 334 36 334 440 335 36 335 444 335 444 335 36 335 34 335 444 364 34 364 442 364 442 364 34 364 32 364 442 365 32 365 443 365 443 365 32 365 42 365 443 366 42 366 435 366 435 367 42 367 41 367 445 368 446 368 447 368 448 369 446 369 445 369 445 370 449 370 450 370 451 371 449 371 445 371 447 372 451 372 445 372 445 373 452 373 453 373 454 374 452 374 445 374 450 375 454 375 445 375 445 376 455 376 456 376 457 349 455 349 445 349 453 377 457 377 445 377 456 378 448 378 445 378 448 379 50 379 446 379 446 380 50 380 48 380 446 381 48 381 447 381 447 382 48 382 46 382 447 383 46 383 451 383 451 384 46 384 44 384 451 385 44 385 449 385 449 386 44 386 58 386 449 387 58 387 450 387 450 388 58 388 57 388 450 389 57 389 454 389 454 390 57 390 55 390 454 391 55 391 452 391 452 392 55 392 53 392 452 393 53 393 453 393 453 394 53 394 66 394 453 395 66 395 457 395 457 395 66 395 65 395 457 396 65 396 455 396 455 396 65 396 63 396 455 365 63 365 456 365 456 365 63 365 51 365 456 397 51 397 448 397 448 398 51 398 50 398 458 399 459 399 460 399 461 400 459 400 458 400 458 401 462 401 463 401 464 313 462 313 458 313 460 402 464 402 458 402 458 403 465 403 466 403 467 404 465 404 458 404 463 405 467 405 458 405 458 406 468 406 469 406 470 407 468 407 458 407 466 408 470 408 458 408 469 409 461 409 458 409 461 410 91 410 459 410 459 380 91 380 90 380 459 411 90 411 460 411 460 381 90 381 88 381 460 384 88 384 464 384 464 384 88 384 86 384 464 412 86 412 462 412 462 412 86 412 84 412 462 359 84 359 463 359 463 413 84 413 82 413 463 414 82 414 467 414 467 414 82 414 80 414 467 415 80 415 465 415 465 416 80 416 77 416 465 417 77 417 466 417 466 418 77 418 76 418 466 419 76 419 470 419 470 420 76 420 72 420 470 396 72 396 468 396 468 421 72 421 70 421 468 365 70 365 469 365 469 422 70 422 68 422 469 398 68 398 461 398 461 423 68 423 91 423 471 424 472 424 473 424 474 425 472 425 471 425 471 426 475 426 476 426 477 427 475 427 471 427 473 428 477 428 471 428 471 429 478 429 479 429 480 430 478 430 471 430 476 431 480 431 471 431 471 432 481 432 482 432 483 433 481 433 471 433 479 434 483 434 471 434 482 435 474 435 471 435 474 436 484 436 472 436 472 437 484 437 485 437 472 438 485 438 473 438 473 439 485 439 486 439 473 440 486 440 487 440 487 441 486 441 488 441 487 442 488 442 475 442 475 443 488 443 489 443 475 444 489 444 476 444 476 445 489 445 490 445 476 446 490 446 480 446 480 447 490 447 491 447 480 448 491 448 478 448 478 449 491 449 492 449 478 450 492 450 479 450 479 451 492 451 493 451 479 452 493 452 494 452 494 453 493 453 495 453 494 454 495 454 481 454 481 455 495 455 496 455 481 365 496 365 482 365 482 456 496 456 497 456 482 457 497 457 474 457 474 458 497 458 484 458 485 459 107 459 486 459 486 460 107 460 105 460 486 461 105 461 498 461 498 462 105 462 499 462 498 463 499 463 489 463 489 464 499 464 102 464 489 465 102 465 490 465 490 466 102 466 100 466 490 467 100 467 491 467 491 468 100 468 99 468 491 469 99 469 492 469 492 470 99 470 93 470 492 471 93 471 493 471 493 472 93 472 94 472 493 473 94 473 500 473 500 474 94 474 501 474 500 475 501 475 496 475 496 476 501 476 110 476 496 477 110 477 497 477 497 478 110 478 109 478 497 479 109 479 484 479 484 480 109 480 108 480 484 481 108 481 485 481 485 482 108 482 107 482 196 483 502 483 503 483 503 484 502 484 231 484 502 485 194 485 231 485 231 486 194 486 193 486 231 487 193 487 233 487 233 488 193 488 192 488 233 489 192 489 235 489 235 490 192 490 191 490 235 491 191 491 237 491 237 492 191 492 203 492 237 493 203 493 239 493 239 494 203 494 202 494 239 495 202 495 241 495 241 496 202 496 201 496 241 497 201 497 243 497 243 498 201 498 200 498 243 499 200 499 245 499 245 500 200 500 199 500 245 501 199 501 247 501 247 502 199 502 198 502 247 503 198 503 249 503 249 504 198 504 215 504 249 505 215 505 251 505 251 506 215 506 214 506 251 507 214 507 253 507 253 508 214 508 213 508 253 509 213 509 255 509 255 510 213 510 212 510 255 511 212 511 257 511 257 512 212 512 211 512 257 513 211 513 259 513 259 514 211 514 210 514 259 515 210 515 261 515 261 516 210 516 222 516 261 517 222 517 263 517 263 518 222 518 221 518 263 519 221 519 265 519 265 520 221 520 220 520 265 521 220 521 267 521 267 522 220 522 218 522 267 523 218 523 269 523 269 524 218 524 217 524 269 525 217 525 271 525 271 526 217 526 216 526 271 527 216 527 273 527 273 528 216 528 229 528 273 529 229 529 275 529 275 530 229 530 228 530 275 531 228 531 277 531 277 532 228 532 227 532 277 533 227 533 279 533 279 534 227 534 226 534 279 535 226 535 281 535 281 536 226 536 225 536 281 537 225 537 283 537 283 538 225 538 224 538 283 539 224 539 285 539 285 540 224 540 223 540 285 541 223 541 287 541 287 542 223 542 209 542 287 543 209 543 289 543 289 544 209 544 208 544 289 545 208 545 291 545 291 546 208 546 207 546 291 547 207 547 293 547 293 548 207 548 206 548 293 549 206 549 295 549 295 550 206 550 205 550 295 551 205 551 297 551 297 552 205 552 204 552 297 553 204 553 299 553 299 554 204 554 197 554 299 555 197 555 301 555 301 556 197 556 196 556 301 557 196 557 303 557 303 558 196 558 503 558 504 559 505 559 506 559 506 560 505 560 129 560 183 561 507 561 185 561 185 562 507 562 508 562 185 563 508 563 187 563 187 564 508 564 504 564 187 565 504 565 189 565 189 566 504 566 506 566 509 567 115 567 183 567 183 568 115 568 510 568 183 569 510 569 507 569 183 570 181 570 509 570 509 571 181 571 179 571 509 572 179 572 511 572 511 573 179 573 177 573 511 574 177 574 512 574 512 575 177 575 175 575 512 576 175 576 513 576 513 577 175 577 173 577 513 578 173 578 514 578 514 579 173 579 171 579 514 580 171 580 515 580 515 581 171 581 169 581 515 582 169 582 516 582 516 583 169 583 167 583 516 584 167 584 517 584 505 585 518 585 129 585 129 586 518 586 519 586 129 587 519 587 131 587 131 588 519 588 520 588 131 589 520 589 133 589 133 590 520 590 521 590 133 591 521 591 135 591 135 592 521 592 522 592 135 593 522 593 137 593 137 594 522 594 523 594 137 595 523 595 139 595 139 596 523 596 524 596 139 597 524 597 141 597 141 598 524 598 525 598 141 599 525 599 143 599 143 600 525 600 526 600 143 601 526 601 145 601 145 602 526 602 527 602 145 603 527 603 147 603 147 604 527 604 528 604 147 605 528 605 149 605 149 606 528 606 529 606 149 607 529 607 151 607 151 608 529 608 530 608 151 609 530 609 153 609 153 610 530 610 531 610 153 611 531 611 155 611 155 612 531 612 532 612 155 613 532 613 157 613 157 614 532 614 533 614 157 615 533 615 159 615 159 616 533 616 534 616 159 617 534 617 161 617 161 618 534 618 535 618 161 619 535 619 163 619 163 620 535 620 536 620 163 621 536 621 165 621 165 622 536 622 81 622 165 623 81 623 167 623 167 624 81 624 83 624 167 625 83 625 517 625 346 626 332 626 348 626 348 627 332 627 333 627 348 628 333 628 350 628 350 629 333 629 334 629 350 630 334 630 352 630 352 631 334 631 335 631 352 632 335 632 354 632 354 633 335 633 336 633 354 634 336 634 356 634 356 635 336 635 337 635 356 636 337 636 358 636 358 637 337 637 338 637 358 638 338 638 360 638 360 639 338 639 339 639 360 640 339 640 362 640 362 641 339 641 340 641 362 642 340 642 364 642 364 643 340 643 341 643 364 644 341 644 366 644 366 645 341 645 342 645 366 646 342 646 368 646 368 647 342 647 305 647 368 648 305 648 370 648 370 649 305 649 306 649 370 650 306 650 372 650 372 651 306 651 307 651 372 652 307 652 374 652 374 653 307 653 308 653 374 654 308 654 376 654 376 655 308 655 309 655 376 656 309 656 378 656 378 657 309 657 310 657 378 658 310 658 380 658 380 659 310 659 311 659 380 660 311 660 382 660 382 661 311 661 312 661 382 662 312 662 384 662 384 663 312 663 313 663 384 664 313 664 386 664 386 665 313 665 314 665 386 666 314 666 388 666 388 667 314 667 315 667 388 668 315 668 390 668 390 669 315 669 316 669 390 670 316 670 392 670 392 671 316 671 317 671 392 672 317 672 394 672 394 673 317 673 318 673 394 674 318 674 396 674 396 675 318 675 319 675 396 676 319 676 398 676 398 677 319 677 320 677 398 678 320 678 400 678 400 679 320 679 321 679 400 680 321 680 402 680 402 681 321 681 322 681 402 682 322 682 404 682 404 683 322 683 323 683 404 684 323 684 406 684 406 685 323 685 324 685 406 686 324 686 408 686 408 687 324 687 325 687 408 688 325 688 410 688 410 689 325 689 326 689 410 690 326 690 412 690 412 691 326 691 327 691 412 692 327 692 414 692 414 693 327 693 328 693 414 694 328 694 416 694 416 695 328 695 329 695 416 696 329 696 537 696 537 697 329 697 330 697 537 698 330 698 346 698 346 699 330 699 332 699 538 700 539 700 540 700 538 701 541 701 539 701 539 702 541 702 542 702 539 703 542 703 543 703 542 704 544 704 543 704 543 705 544 705 545 705 543 706 545 706 546 706 545 707 547 707 546 707 546 708 547 708 548 708 546 709 548 709 549 709 548 710 550 710 549 710 549 711 550 711 551 711 549 712 551 712 552 712 551 713 553 713 552 713 552 714 553 714 554 714 552 715 554 715 555 715 554 716 556 716 555 716 555 717 556 717 557 717 555 718 557 718 558 718 557 719 559 719 558 719 558 720 559 720 560 720 558 721 560 721 561 721 560 722 562 722 561 722 561 723 562 723 563 723 561 724 563 724 564 724 563 725 565 725 564 725 564 726 565 726 566 726 564 727 566 727 567 727 566 728 568 728 567 728 567 729 568 729 569 729 567 730 569 730 570 730 569 731 571 731 570 731 570 732 571 732 572 732 570 733 572 733 573 733 572 734 574 734 573 734 573 735 574 735 575 735 573 736 575 736 576 736 575 737 577 737 576 737 576 738 577 738 578 738 576 739 578 739 579 739 578 740 580 740 579 740 579 741 580 741 581 741 579 742 581 742 582 742 581 743 583 743 582 743 582 744 583 744 584 744 582 745 584 745 585 745 584 746 586 746 585 746 585 747 586 747 587 747 585 748 587 748 588 748 587 749 589 749 588 749 588 750 589 750 590 750 588 751 590 751 591 751 590 752 592 752 591 752 591 753 592 753 593 753 591 754 593 754 594 754 593 755 595 755 594 755 594 756 595 756 596 756 594 757 596 757 597 757 596 758 598 758 597 758 597 759 598 759 599 759 597 760 599 760 600 760 599 761 601 761 600 761 600 762 601 762 602 762 600 763 602 763 540 763 540 764 602 764 603 764 540 765 603 765 538 765 540 3 539 3 604 3 594 3 597 3 604 3 604 766 597 766 600 766 604 767 600 767 540 767 585 3 588 3 604 3 604 768 588 768 591 768 604 3 591 3 594 3 576 3 579 3 604 3 604 767 579 767 582 767 604 769 582 769 585 769 567 770 570 770 604 770 604 3 570 3 573 3 604 771 573 771 576 771 558 3 561 3 604 3 604 772 561 772 564 772 604 771 564 771 567 771 549 773 552 773 604 773 604 774 552 774 555 774 604 775 555 775 558 775 539 776 543 776 604 776 604 3 543 3 546 3 604 777 546 777 549 777 605 778 606 778 601 778 601 779 599 779 605 779 605 780 599 780 598 780 605 781 598 781 607 781 598 782 596 782 607 782 607 783 596 783 595 783 607 784 595 784 608 784 595 785 593 785 608 785 608 786 593 786 592 786 608 787 592 787 609 787 592 788 590 788 609 788 609 789 590 789 589 789 609 790 589 790 610 790 589 791 587 791 610 791 610 792 587 792 586 792 610 793 586 793 611 793 586 794 584 794 611 794 611 795 584 795 583 795 611 796 583 796 612 796 583 797 581 797 612 797 612 798 581 798 580 798 612 799 580 799 613 799 580 800 578 800 613 800 613 801 578 801 577 801 613 802 577 802 614 802 577 803 575 803 614 803 614 804 575 804 574 804 614 805 574 805 615 805 574 806 572 806 615 806 615 807 572 807 571 807 615 808 571 808 616 808 616 809 571 809 569 809 616 810 569 810 617 810 569 811 568 811 617 811 617 812 568 812 566 812 617 813 566 813 618 813 566 814 565 814 618 814 618 815 565 815 563 815 618 816 563 816 619 816 563 817 562 817 619 817 619 818 562 818 560 818 619 819 560 819 620 819 560 820 559 820 620 820 620 821 559 821 557 821 620 822 557 822 621 822 557 823 556 823 621 823 621 824 556 824 554 824 621 825 554 825 622 825 554 826 553 826 622 826 622 827 553 827 551 827 622 828 551 828 623 828 551 829 550 829 623 829 623 830 550 830 548 830 623 831 548 831 624 831 548 832 547 832 624 832 624 833 547 833 545 833 624 834 545 834 625 834 545 835 544 835 625 835 625 836 544 836 542 836 625 837 542 837 626 837 542 838 541 838 626 838 626 839 541 839 538 839 626 840 538 840 627 840 627 841 538 841 628 841 627 842 628 842 606 842 606 843 628 843 602 843 606 844 602 844 601 844 629 845 630 845 631 845 631 846 630 846 632 846 631 845 632 845 633 845 633 845 632 845 634 845 633 845 634 845 635 845 636 847 637 847 638 847 638 848 637 848 639 848 638 845 639 845 634 845 634 845 639 845 640 845 634 849 640 849 635 849 629 850 641 850 630 850 630 851 641 851 642 851 630 852 642 852 643 852 644 853 645 853 646 853 646 854 645 854 647 854 646 855 647 855 648 855 649 856 638 856 646 856 646 856 638 856 630 856 646 857 630 857 644 857 644 858 630 858 643 858 650 845 651 845 649 845 649 859 651 859 652 859 652 860 653 860 649 860 649 861 653 861 654 861 649 862 654 862 638 862 638 863 654 863 655 863 638 864 655 864 636 864 647 845 656 845 648 845 648 865 656 865 657 865 648 845 657 845 650 845 650 845 657 845 658 845 650 866 658 866 651 866 659 867 657 867 656 867 659 868 656 868 660 868 660 869 656 869 647 869 660 870 647 870 661 870 661 871 647 871 645 871 661 872 645 872 662 872 662 873 645 873 644 873 662 874 644 874 663 874 663 875 644 875 664 875 663 876 664 876 665 876 665 877 664 877 642 877 665 878 642 878 666 878 666 879 642 879 641 879 666 880 641 880 667 880 667 881 641 881 629 881 667 882 629 882 668 882 668 883 629 883 631 883 668 884 631 884 669 884 669 885 631 885 633 885 669 886 633 886 670 886 671 887 672 887 673 887 674 887 675 887 676 887 677 888 678 888 679 888 675 887 680 887 676 887 676 889 680 889 681 889 676 890 681 890 679 890 679 891 681 891 682 891 679 892 682 892 677 892 683 893 684 893 685 893 686 894 687 894 688 894 688 895 687 895 689 895 688 896 689 896 676 896 676 897 689 897 690 897 676 898 690 898 674 898 672 887 691 887 673 887 673 899 691 899 692 899 673 900 692 900 685 900 685 901 692 901 693 901 685 902 693 902 683 902 684 887 694 887 685 887 685 903 694 903 695 903 685 887 695 887 688 887 688 904 695 904 696 904 688 905 696 905 686 905 697 906 698 906 699 906 699 907 698 907 700 907 699 908 700 908 673 908 673 909 700 909 701 909 673 910 701 910 671 910 678 887 702 887 679 887 679 887 702 887 703 887 679 887 703 887 699 887 699 887 703 887 704 887 699 911 704 911 697 911 705 887 706 887 707 887 707 887 706 887 708 887 707 912 708 912 709 912 709 887 708 887 710 887 709 887 710 887 711 887 711 887 710 887 712 887 711 887 712 887 713 887 713 887 712 887 714 887 713 887 714 887 715 887 715 913 714 913 716 913 715 914 716 914 717 914 718 887 719 887 720 887 720 915 719 915 721 915 720 916 721 916 722 916 722 917 721 917 723 917 722 918 723 918 724 918 724 919 723 919 725 919 724 919 725 919 726 919 726 920 725 920 727 920 726 921 727 921 705 921 705 922 727 922 728 922 705 923 728 923 706 923 729 887 730 887 731 887 731 887 730 887 732 887 731 924 732 924 733 924 733 887 732 887 734 887 733 925 734 925 735 925 735 926 734 926 736 926 735 927 736 927 737 927 737 887 736 887 738 887 737 887 738 887 739 887 739 928 738 928 740 928 739 887 740 887 741 887 741 887 740 887 742 887 741 887 742 887 718 887 718 887 742 887 743 887 718 887 743 887 719 887 716 887 744 887 717 887 717 887 744 887 745 887 717 929 745 929 746 929 746 930 745 930 747 930 746 931 747 931 748 931 748 932 747 932 749 932 748 933 749 933 750 933 750 934 749 934 751 934 750 935 751 935 752 935 752 936 751 936 753 936 752 919 753 919 754 919 754 937 753 937 755 937 754 938 755 938 729 938 729 939 755 939 756 939 729 940 756 940 730 940 757 941 736 941 680 941 680 942 736 942 734 942 680 943 734 943 681 943 681 944 734 944 732 944 681 945 732 945 682 945 682 946 732 946 730 946 682 947 730 947 677 947 677 948 730 948 756 948 677 949 756 949 678 949 678 950 756 950 755 950 678 951 755 951 702 951 702 952 755 952 753 952 702 953 753 953 703 953 703 954 753 954 751 954 703 955 751 955 704 955 704 956 751 956 749 956 704 957 749 957 697 957 697 958 749 958 747 958 697 959 747 959 698 959 698 960 747 960 745 960 698 961 745 961 700 961 700 962 745 962 744 962 700 963 744 963 701 963 701 964 744 964 716 964 701 965 716 965 671 965 671 966 716 966 714 966 671 967 714 967 758 967 758 968 714 968 712 968 758 969 712 969 691 969 691 970 712 970 710 970 691 971 710 971 692 971 692 972 710 972 708 972 692 973 708 973 693 973 693 974 708 974 706 974 693 975 706 975 683 975 683 976 706 976 728 976 683 977 728 977 684 977 684 978 728 978 727 978 684 979 727 979 694 979 694 980 727 980 725 980 694 981 725 981 695 981 695 982 725 982 723 982 695 983 723 983 696 983 696 984 723 984 721 984 696 985 721 985 686 985 686 986 721 986 719 986 686 987 719 987 687 987 687 988 719 988 743 988 687 989 743 989 689 989 689 990 743 990 742 990 689 991 742 991 690 991 690 992 742 992 740 992 690 993 740 993 674 993 674 994 740 994 738 994 674 995 738 995 757 995 757 996 738 996 736 996 699 997 759 997 679 997 679 998 759 998 760 998 761 999 762 999 699 999 699 1000 762 1000 759 1000 685 1001 763 1001 764 1001 764 1002 763 1002 765 1002 688 1003 766 1003 685 1003 685 1004 766 1004 763 1004 767 1005 768 1005 688 1005 688 1006 768 1006 766 1006 679 1007 760 1007 769 1007 769 1008 760 1008 770 1008 771 1009 635 1009 640 1009 771 1010 640 1010 772 1010 772 1011 640 1011 639 1011 772 1012 639 1012 773 1012 773 1013 639 1013 637 1013 773 1014 637 1014 774 1014 774 1015 637 1015 636 1015 774 1016 636 1016 775 1016 775 1017 636 1017 776 1017 775 1018 776 1018 777 1018 777 1019 776 1019 654 1019 777 1020 654 1020 778 1020 778 1021 654 1021 653 1021 778 1022 653 1022 779 1022 779 1023 653 1023 652 1023 779 1024 652 1024 780 1024 780 1025 652 1025 651 1025 780 1026 651 1026 781 1026 781 1027 651 1027 658 1027 781 1028 658 1028 782 1028 663 845 783 845 784 845 771 845 763 845 670 845 670 845 763 845 766 845 670 1029 766 1029 669 1029 775 845 785 845 786 845 659 845 760 845 782 845 782 845 760 845 759 845 782 1030 759 1030 781 1030 659 1031 660 1031 760 1031 760 1032 660 1032 661 1032 760 1033 661 1033 784 1033 784 1034 661 1034 662 1034 784 1035 662 1035 663 1035 783 845 666 845 784 845 784 1036 666 1036 667 1036 784 1037 667 1037 766 1037 766 1038 667 1038 668 1038 766 1039 668 1039 669 1039 771 1040 772 1040 763 1040 763 1041 772 1041 773 1041 763 1033 773 1033 786 1033 786 1042 773 1042 774 1042 786 1043 774 1043 775 1043 785 845 778 845 786 845 786 1043 778 1043 779 1043 786 1044 779 1044 759 1044 759 1045 779 1045 780 1045 759 1046 780 1046 781 1046 670 1047 633 1047 771 1047 771 1048 633 1048 635 1048 782 1049 658 1049 659 1049 659 1050 658 1050 657 1050 735 1051 737 1051 787 1051 787 1052 737 1052 788 1052 788 1053 737 1053 739 1053 788 1054 739 1054 789 1054 789 1055 739 1055 741 1055 789 1056 741 1056 790 1056 790 1057 741 1057 718 1057 790 1058 718 1058 791 1058 791 1059 718 1059 720 1059 791 1060 720 1060 792 1060 792 1061 720 1061 722 1061 792 1062 722 1062 793 1062 793 1063 722 1063 724 1063 793 1064 724 1064 794 1064 787 1065 795 1065 735 1065 735 1066 795 1066 796 1066 735 1067 796 1067 733 1067 733 1068 796 1068 797 1068 733 1069 797 1069 731 1069 731 1070 797 1070 798 1070 731 1071 798 1071 729 1071 729 1072 798 1072 799 1072 729 1073 799 1073 754 1073 754 1074 799 1074 800 1074 754 1075 800 1075 752 1075 752 1076 800 1076 801 1076 752 1077 801 1077 750 1077 750 1078 801 1078 802 1078 750 1079 802 1079 748 1079 748 1080 802 1080 803 1080 748 1081 803 1081 746 1081 746 1082 803 1082 804 1082 746 1083 804 1083 717 1083 717 1084 804 1084 805 1084 717 1085 805 1085 715 1085 715 1086 805 1086 806 1086 715 1087 806 1087 807 1087 807 1088 806 1088 808 1088 807 1089 808 1089 711 1089 711 1090 808 1090 809 1090 711 1091 809 1091 709 1091 709 1092 809 1092 810 1092 709 1093 810 1093 707 1093 707 1093 810 1093 811 1093 707 1094 811 1094 705 1094 705 1095 811 1095 812 1095 705 1096 812 1096 726 1096 726 1097 812 1097 813 1097 726 1098 813 1098 724 1098 724 1099 813 1099 814 1099 724 1100 814 1100 794 1100 815 1101 816 1101 817 1101 817 1102 816 1102 818 1102 817 1103 818 1103 819 1103 819 1104 818 1104 820 1104 819 1105 820 1105 821 1105 821 1106 820 1106 822 1106 821 1107 822 1107 823 1107 823 1108 822 1108 824 1108 823 1109 824 1109 825 1109 825 1110 824 1110 826 1110 825 1111 826 1111 827 1111 827 1112 826 1112 828 1112 827 1113 828 1113 829 1113 829 1114 828 1114 830 1114 829 1115 830 1115 831 1115 831 1116 830 1116 832 1116 831 1117 832 1117 833 1117 833 1118 832 1118 834 1118 833 1119 834 1119 835 1119 835 1120 834 1120 836 1120 835 1121 836 1121 837 1121 837 1122 836 1122 838 1122 837 1123 838 1123 815 1123 815 1124 838 1124 816 1124 839 1125 840 1125 841 1125 841 1126 840 1126 842 1126 841 1127 842 1127 843 1127 843 1128 842 1128 844 1128 843 1129 844 1129 845 1129 845 1130 844 1130 846 1130 845 1131 846 1131 847 1131 847 1132 846 1132 848 1132 847 1133 848 1133 849 1133 849 1134 848 1134 850 1134 849 1135 850 1135 851 1135 851 1136 850 1136 852 1136 851 1137 852 1137 853 1137 853 1138 852 1138 854 1138 853 1139 854 1139 855 1139 855 1140 854 1140 856 1140 855 1141 856 1141 857 1141 857 1142 856 1142 858 1142 857 1143 858 1143 859 1143 859 1144 858 1144 860 1144 859 1145 860 1145 861 1145 861 1146 860 1146 862 1146 861 1147 862 1147 839 1147 839 1148 862 1148 840 1148 863 1149 864 1149 865 1149 865 1150 864 1150 866 1150 865 1151 866 1151 867 1151 867 1152 866 1152 868 1152 867 1153 868 1153 869 1153 869 1154 868 1154 870 1154 869 1155 870 1155 871 1155 871 1156 870 1156 872 1156 871 1157 872 1157 873 1157 873 1134 872 1134 874 1134 873 1135 874 1135 875 1135 875 1158 874 1158 876 1158 875 1159 876 1159 877 1159 877 1160 876 1160 878 1160 877 1139 878 1139 879 1139 879 1161 878 1161 880 1161 879 1162 880 1162 881 1162 881 1118 880 1118 882 1118 881 1119 882 1119 883 1119 883 1163 882 1163 884 1163 883 1164 884 1164 885 1164 885 1146 884 1146 886 1146 885 1165 886 1165 863 1165 863 1148 886 1148 864 1148 887 1166 888 1166 889 1166 889 1167 888 1167 890 1167 889 1168 890 1168 891 1168 891 1128 890 1128 892 1128 891 1129 892 1129 893 1129 893 1169 892 1169 894 1169 893 1170 894 1170 895 1170 895 1132 894 1132 896 1132 895 1171 896 1171 897 1171 897 1172 896 1172 898 1172 897 1135 898 1135 899 1135 899 1136 898 1136 900 1136 899 1173 900 1173 901 1173 901 1174 900 1174 902 1174 901 1139 902 1139 903 1139 903 1175 902 1175 904 1175 903 1176 904 1176 905 1176 905 1142 904 1142 906 1142 905 1143 906 1143 907 1143 907 1177 906 1177 908 1177 907 1178 908 1178 909 1178 909 1179 908 1179 910 1179 909 1180 910 1180 887 1180 887 1181 910 1181 888 1181 911 1166 912 1166 913 1166 913 1182 912 1182 914 1182 913 1183 914 1183 915 1183 915 1184 914 1184 916 1184 915 1153 916 1153 917 1153 917 1185 916 1185 918 1185 917 1186 918 1186 919 1186 919 1187 918 1187 920 1187 919 1171 920 1171 921 1171 921 1172 920 1172 922 1172 921 1135 922 1135 923 1135 923 1158 922 1158 924 1158 923 1188 924 1188 925 1188 925 1189 924 1189 926 1189 925 1190 926 1190 927 1190 927 1191 926 1191 928 1191 927 1117 928 1117 929 1117 929 1118 928 1118 930 1118 929 1119 930 1119 931 1119 931 1192 930 1192 932 1192 931 1193 932 1193 933 1193 933 1179 932 1179 934 1179 933 1180 934 1180 911 1180 911 1181 934 1181 912 1181 935 1194 936 1194 937 1194 937 1195 936 1195 938 1195 937 1196 938 1196 939 1196 939 1197 938 1197 940 1197 939 1129 940 1129 941 1129 941 1198 940 1198 942 1198 941 1199 942 1199 943 1199 943 1200 942 1200 944 1200 943 1201 944 1201 945 1201 945 1110 944 1110 946 1110 945 1202 946 1202 947 1202 947 1112 946 1112 948 1112 947 1203 948 1203 949 1203 949 1204 948 1204 950 1204 949 1205 950 1205 951 1205 951 1206 950 1206 952 1206 951 1207 952 1207 953 1207 953 1208 952 1208 954 1208 953 1209 954 1209 955 1209 955 1210 954 1210 956 1210 955 1211 956 1211 957 1211 957 1212 956 1212 958 1212 957 1213 958 1213 935 1213 935 1214 958 1214 936 1214 959 1215 960 1215 961 1215 961 1216 960 1216 962 1216 961 1217 962 1217 963 1217 963 1218 962 1218 964 1218 963 1219 964 1219 965 1219 965 1220 964 1220 966 1220 965 1221 966 1221 967 1221 967 1222 966 1222 968 1222 967 1223 968 1223 969 1223 969 1224 968 1224 970 1224 969 1225 970 1225 971 1225 971 1226 970 1226 972 1226 971 1227 972 1227 973 1227 973 1228 972 1228 974 1228 973 1229 974 1229 975 1229 975 1230 974 1230 976 1230 975 1231 976 1231 977 1231 977 1232 976 1232 978 1232 977 1143 978 1143 979 1143 979 1233 978 1233 980 1233 979 1234 980 1234 981 1234 981 1235 980 1235 982 1235 981 1236 982 1236 959 1236 959 1237 982 1237 960 1237 798 887 983 887 799 887 840 887 862 887 983 887 814 887 793 887 794 887 811 1238 984 1238 812 1238 924 887 922 887 984 887 916 887 914 887 985 887 984 1239 922 1239 986 1239 986 887 922 887 920 887 986 1240 920 1240 918 1240 985 1241 914 1241 809 1241 811 887 928 887 984 887 984 887 928 887 926 887 984 887 926 887 924 887 914 887 912 887 809 887 809 887 912 887 934 887 809 1242 934 1242 810 1242 810 887 934 887 932 887 810 887 932 887 811 887 811 1243 932 1243 930 1243 811 1244 930 1244 928 1244 944 887 942 887 987 887 814 887 952 887 793 887 793 887 952 887 950 887 793 1245 950 1245 792 1245 792 887 950 887 948 887 792 1246 948 1246 791 1246 944 1247 987 1247 946 1247 940 887 938 887 984 887 984 887 938 887 936 887 984 1248 936 1248 812 1248 812 1249 936 1249 958 1249 812 1250 958 1250 813 1250 813 887 958 887 956 887 813 1251 956 1252 814 1253 814 887 956 887 954 887 814 887 954 887 952 887 868 1254 866 1254 988 1254 866 1255 864 1255 988 1255 988 887 864 887 886 887 988 1256 886 1256 987 1256 987 887 886 887 884 887 987 887 884 887 882 887 874 887 872 887 989 887 989 1257 872 1257 870 1257 948 887 946 887 791 887 791 1258 946 1258 987 1258 791 1259 987 1259 790 1259 790 1260 987 1260 882 1260 882 1261 880 1261 790 1261 790 1262 880 1262 878 1262 790 1263 878 1263 789 1263 789 887 878 887 876 887 789 887 876 887 788 887 796 1264 795 1264 990 1264 990 887 795 887 991 887 990 1265 991 1265 989 1265 989 1266 991 1266 788 1266 989 1267 788 1267 874 1267 874 887 788 887 876 887 983 1256 862 1256 992 1256 992 1268 862 1268 860 1268 992 1269 860 1269 858 1269 798 887 844 887 983 887 983 887 844 887 842 887 983 887 842 887 840 887 856 887 854 887 990 887 990 1270 854 1270 852 1270 990 1271 852 1271 796 1271 796 887 852 887 850 887 796 1272 850 1272 797 1272 797 887 850 887 848 887 797 887 848 887 798 887 798 1273 848 1273 846 1273 798 1274 846 1274 844 1274 836 887 834 887 993 887 832 887 830 887 983 887 983 887 830 887 828 887 983 887 828 887 799 887 799 1275 828 1275 826 1275 799 887 826 887 800 887 826 887 824 887 800 887 800 1276 824 1276 822 1276 800 887 822 887 801 887 801 887 822 887 820 887 801 887 820 887 802 887 836 887 993 887 838 887 820 887 818 887 802 887 802 1277 818 1277 816 1277 802 1278 816 1278 803 1278 918 1279 916 1279 986 1279 986 1280 916 1280 985 1280 986 1281 985 1281 994 1281 994 887 985 887 904 887 994 1282 904 1282 902 1282 902 1283 900 1283 994 1283 994 1284 900 1284 898 1284 994 1239 898 1239 993 1239 993 887 898 887 896 887 993 887 896 887 894 887 816 887 838 887 803 887 803 1285 838 1285 993 1285 803 887 993 887 804 887 804 1286 993 1286 894 1286 894 887 892 887 804 887 804 1287 892 1287 890 1287 804 1288 890 1288 805 1288 805 887 890 887 888 887 805 887 888 887 806 887 888 887 910 887 806 887 806 887 910 887 908 887 806 887 908 887 985 887 985 1289 908 1289 906 1289 985 1290 906 1290 904 1290 968 1291 966 1291 992 1291 964 1292 962 1292 994 1292 962 1293 960 1293 994 1293 994 1294 960 1294 995 1294 994 1295 995 1295 986 1295 986 1296 995 1296 980 1296 986 887 980 887 978 887 976 887 974 887 988 887 988 887 974 887 972 887 988 1297 972 1297 992 1297 992 1298 972 1298 996 1298 992 1299 996 1299 968 1299 834 1300 832 1300 993 1300 993 887 832 887 983 887 993 887 983 887 994 887 994 887 983 887 992 887 994 887 992 887 964 887 964 1301 992 1301 966 1301 858 1300 856 1300 992 1300 992 887 856 887 990 887 992 887 990 887 988 887 988 887 990 887 989 887 988 887 989 887 868 887 868 1302 989 1302 870 1302 978 887 976 887 986 887 986 887 976 887 988 887 986 887 988 887 984 887 984 887 988 887 987 887 984 887 987 887 940 887 940 887 987 887 942 887 955 887 957 887 997 887 997 887 957 887 935 887 997 887 935 887 937 887 949 887 951 887 997 887 997 1303 951 1303 953 1303 997 1304 953 1304 955 1304 943 887 945 887 997 887 997 887 945 887 947 887 997 887 947 887 949 887 937 887 939 887 997 887 997 887 939 887 941 887 997 887 941 887 943 887 931 887 933 887 998 887 998 887 933 887 911 887 998 887 911 887 913 887 925 887 927 887 998 887 998 887 927 887 929 887 998 887 929 887 931 887 919 1305 921 1305 998 1305 998 887 921 887 923 887 998 887 923 887 925 887 913 887 915 887 998 887 998 887 915 887 917 887 998 887 917 887 919 887 907 1306 909 1306 999 1306 999 887 909 887 887 887 999 887 887 887 889 887 901 887 903 887 999 887 999 887 903 887 905 887 999 887 905 887 907 887 895 887 897 887 999 887 999 887 897 887 899 887 999 887 899 887 901 887 889 887 891 887 999 887 999 887 891 887 893 887 999 887 893 887 895 887 883 887 885 887 1000 887 1000 887 885 887 863 887 1000 887 863 887 865 887 877 887 879 887 1000 887 1000 887 879 887 881 887 1000 887 881 887 883 887 871 1307 873 1307 1000 1307 1000 887 873 887 875 887 1000 887 875 887 877 887 865 887 867 887 1000 887 1000 887 867 887 869 887 1000 887 869 887 871 887 859 1306 861 1306 1001 1306 1001 887 861 887 839 887 1001 887 839 887 841 887 853 887 855 887 1001 887 1001 887 855 887 857 887 1001 887 857 887 859 887 847 887 849 887 1001 887 1001 887 849 887 851 887 1001 887 851 887 853 887 841 887 843 887 1001 887 1001 887 843 887 845 887 1001 887 845 887 847 887 835 887 837 887 1002 887 1002 887 837 887 815 887 1002 887 815 887 817 887 829 887 831 887 1002 887 1002 887 831 887 833 887 1002 887 833 887 835 887 823 887 825 887 1002 887 1002 887 825 887 827 887 1002 887 827 887 829 887 817 887 819 887 1002 887 1002 887 819 887 821 887 1002 887 821 887 823 887 979 1308 981 1308 1003 1308 1003 887 981 887 1004 887 1003 887 1004 887 961 887 973 887 975 887 1003 887 1003 1309 975 1309 977 1309 1003 1310 977 1310 979 1310 967 1311 969 1311 1003 1311 1003 887 969 887 971 887 1003 887 971 887 973 887 961 887 963 887 1003 887 1003 1310 963 1310 965 1310 1003 1309 965 1309 967 1309 1005 3 1006 3 649 3 649 3 1006 3 650 3 1007 1312 1005 1312 646 1312 646 1313 1005 1313 649 1313 1008 236 1007 236 648 236 648 236 1007 236 646 236 1006 1314 1008 1314 650 1314 650 1315 1008 1315 648 1315 1007 845 1008 845 1005 845 1005 1316 1008 1316 1006 1316 1009 3 1010 3 634 3 634 3 1010 3 638 3 1011 1313 1009 1313 632 1313 632 1313 1009 1313 634 1313 1012 236 1011 236 630 236 630 236 1011 236 632 236 1010 1317 1012 1317 638 1317 638 1315 1012 1315 630 1315 1011 845 1012 845 1009 845 1009 845 1012 845 1010 845 1013 1318 1014 1318 1015 1318 1015 1319 1014 1319 1016 1319 1015 1320 1016 1320 1017 1320 1017 1321 1016 1321 1018 1321 1017 1322 1018 1322 1019 1322 1019 1323 1018 1323 1020 1323 1019 1324 1020 1324 1021 1324 1021 1325 1020 1325 1022 1325 1021 1326 1022 1326 1023 1326 1023 1327 1022 1327 1024 1327 1023 1328 1024 1328 1025 1328 1025 1329 1024 1329 1026 1329 1025 1330 1026 1330 1027 1330 1027 1331 1026 1331 1028 1331 1027 1332 1028 1332 1029 1332 1029 1333 1028 1333 1030 1333 1029 1334 1030 1334 1031 1334 1031 1335 1030 1335 1032 1335 1031 1336 1032 1336 1033 1336 1033 1337 1032 1337 1034 1337 1033 1338 1034 1338 1035 1338 1035 1339 1034 1339 1036 1339 1035 1340 1036 1340 1037 1340 1037 1341 1036 1341 1038 1341 1037 1342 1038 1342 1039 1342 1039 1343 1038 1343 1040 1343 1039 1344 1040 1344 1041 1344 1041 1345 1040 1345 1042 1345 1041 1346 1042 1346 1043 1346 1043 1347 1042 1347 1044 1347 1043 1348 1044 1348 1045 1348 1045 1349 1044 1349 1046 1349 1045 1350 1046 1350 1047 1350 1047 1351 1046 1351 1048 1351 1047 1352 1048 1352 1049 1352 1049 1353 1048 1353 1050 1353 1049 1354 1050 1354 1051 1354 1051 1355 1050 1355 1052 1355 1051 1356 1052 1356 1053 1356 1053 1357 1052 1357 1054 1357 1053 1358 1054 1358 1055 1358 1055 1359 1054 1359 1056 1359 1055 1360 1056 1360 1057 1360 1057 1361 1056 1361 1058 1361 1057 1362 1058 1362 1059 1362 1059 1363 1058 1363 1060 1363 1059 1364 1060 1364 1061 1364 1061 1365 1060 1365 1062 1365 1061 1366 1062 1366 1063 1366 1063 1367 1062 1367 1064 1367 1063 1368 1064 1368 1065 1368 1065 1369 1064 1369 1066 1369 1065 1370 1066 1370 1067 1370 1067 1371 1066 1371 1068 1371 1067 1372 1068 1372 1069 1372 1069 1373 1068 1373 1070 1373 1069 1374 1070 1374 1071 1374 1071 1375 1070 1375 1072 1375 1071 1376 1072 1376 1073 1376 1073 1377 1072 1377 1074 1377 1073 1378 1074 1378 1075 1378 1075 1379 1074 1379 1076 1379 1075 1380 1076 1380 1077 1380 1077 1381 1076 1381 1078 1381 1077 1382 1078 1382 1079 1382 1079 1383 1078 1383 1080 1383 1079 1384 1080 1384 1081 1384 1081 1385 1080 1385 1082 1385 1081 1386 1082 1386 1083 1386 1083 1387 1082 1387 1084 1387 1083 1388 1084 1388 1085 1388 1085 1389 1084 1389 1086 1389 1085 1390 1086 1390 1087 1390 1087 1391 1086 1391 1088 1391 1087 1392 1088 1392 1089 1392 1089 1393 1088 1393 1090 1393 1089 1394 1090 1394 1091 1394 1091 1395 1090 1395 1092 1395 1091 1396 1092 1396 1093 1396 1093 1397 1092 1397 1094 1397 1093 1398 1094 1398 1095 1398 1095 1399 1094 1399 1096 1399 1095 1400 1096 1400 1097 1400 1097 1401 1096 1401 1098 1401 1097 1402 1098 1402 1099 1402 1099 1403 1098 1403 1100 1403 1099 1404 1100 1404 1101 1404 1101 1405 1100 1405 1102 1405 1101 1406 1102 1406 1103 1406 1103 1407 1102 1407 1104 1407 1103 1408 1104 1408 1105 1408 1105 1409 1104 1409 1106 1409 1105 1410 1106 1410 1107 1410 1107 1411 1106 1411 1108 1411 1107 1412 1108 1412 1109 1412 1109 1413 1108 1413 1110 1413 1109 1414 1110 1414 1111 1414 1111 1415 1110 1415 1112 1415 1111 1416 1112 1416 1113 1416 1113 1417 1112 1417 1114 1417 1113 1418 1114 1418 1115 1418 1115 1419 1114 1419 1116 1419 1115 1420 1116 1420 1117 1420 1117 1421 1116 1421 1118 1421 1117 1422 1118 1422 1119 1422 1119 1423 1118 1423 1120 1423 1119 1424 1120 1424 1121 1424 1121 1425 1120 1425 1122 1425 1121 1426 1122 1426 1123 1426 1123 1427 1122 1427 1124 1427 1123 1428 1124 1428 1125 1428 1125 1429 1124 1429 1126 1429 1125 1430 1126 1430 1127 1430 1127 1431 1126 1431 1128 1431 1127 1432 1128 1432 1129 1432 1129 1433 1128 1433 1130 1433 1129 1434 1130 1434 1131 1434 1131 1435 1130 1435 1132 1435 1131 1436 1132 1436 1133 1436 1133 1437 1132 1437 1134 1437 1133 1438 1134 1438 1135 1438 1135 1439 1134 1439 1136 1439 1135 1440 1136 1440 1137 1440 1137 1441 1136 1441 1138 1441 1137 1442 1138 1442 1139 1442 1139 1443 1138 1443 1140 1443 1139 1444 1140 1444 1141 1444 1141 1445 1140 1445 1142 1445 1141 1446 1142 1446 1143 1446 1143 1447 1142 1447 1144 1447 1143 1448 1144 1448 1145 1448 1145 1449 1144 1449 1146 1449 1145 1450 1146 1450 1147 1450 1147 1451 1146 1451 1148 1451 1147 1452 1148 1452 1149 1452 1149 1453 1148 1453 1150 1453 1149 1454 1150 1454 1151 1454 1151 1455 1150 1455 1152 1455 1151 1456 1152 1456 1153 1456 1153 1457 1152 1457 1154 1457 1153 1458 1154 1458 1155 1458 1155 1459 1154 1459 1156 1459 1155 1460 1156 1460 1157 1460 1157 1461 1156 1461 1158 1461 1157 1462 1158 1462 1159 1462 1159 1463 1158 1463 1160 1463 1159 1464 1160 1464 1161 1464 1161 1465 1160 1465 1162 1465 1161 1466 1162 1466 1163 1466 1163 1467 1162 1467 1164 1467 1163 1468 1164 1468 1165 1468 1165 1469 1164 1469 1166 1469 1165 1470 1166 1470 1167 1470 1167 1471 1166 1471 1168 1471 1167 1472 1168 1472 1169 1472 1169 1473 1168 1473 1170 1473 1169 1474 1170 1474 1171 1474 1171 1475 1170 1475 1172 1475 1171 1476 1172 1476 1173 1476 1173 1477 1172 1477 1174 1477 1173 1478 1174 1478 1175 1478 1175 1479 1174 1479 1176 1479 1175 1480 1176 1480 1177 1480 1177 1481 1176 1481 1178 1481 1177 1482 1178 1482 1179 1482 1179 1483 1178 1483 1180 1483 1179 1484 1180 1484 1181 1484 1181 1485 1180 1485 1182 1485 1181 1486 1182 1486 1183 1486 1183 1487 1182 1487 1184 1487 1183 1488 1184 1488 1185 1488 1185 1489 1184 1489 1186 1489 1185 1490 1186 1490 1187 1490 1187 1491 1186 1491 1188 1491 1187 1492 1188 1492 1189 1492 1189 1493 1188 1493 1190 1493 1189 1494 1190 1494 1191 1494 1191 1495 1190 1495 1192 1495 1191 1496 1192 1496 1193 1496 1193 1497 1192 1497 1194 1497 1193 1498 1194 1498 1195 1498 1195 1499 1194 1499 1196 1499 1195 1500 1196 1500 1197 1500 1197 1501 1196 1501 1198 1501 1014 1502 1013 1502 1199 1502 1199 1503 1013 1503 1200 1503 1199 1504 1200 1504 1201 1504 1201 1505 1200 1505 1202 1505 1201 1506 1202 1506 1203 1506 1203 1507 1202 1507 1204 1507 1203 1508 1204 1508 1205 1508 1205 1509 1204 1509 1206 1509 1205 1510 1206 1510 1207 1510 1207 1511 1206 1511 1208 1511 1207 1512 1208 1512 1209 1512 1209 1513 1208 1513 1210 1513 1209 1514 1210 1514 1211 1514 1211 1515 1210 1515 1212 1515 1211 1516 1212 1516 1213 1516 1213 1517 1212 1517 1214 1517 1213 1518 1214 1518 1215 1518 1215 1519 1214 1519 1216 1519 1215 1520 1216 1520 1217 1520 1217 1521 1216 1521 1218 1521 1217 1522 1218 1522 1219 1522 1219 1523 1218 1523 1220 1523 1219 1524 1220 1524 1221 1524 1221 1525 1220 1525 1222 1525 1221 1526 1222 1526 1223 1526 1223 1527 1222 1527 1224 1527 1223 1528 1224 1528 1225 1528 1225 1529 1224 1529 1226 1529 1225 1530 1226 1530 1227 1530 1227 1531 1226 1531 1228 1531 1227 1532 1228 1532 1229 1532 1229 1533 1228 1533 1230 1533 1229 1534 1230 1534 1231 1534 1231 1535 1230 1535 1232 1535 1231 1536 1232 1536 1233 1536 1233 1537 1232 1537 1234 1537 1233 1538 1234 1538 1235 1538 1235 1539 1234 1539 1236 1539 1235 1540 1236 1540 1237 1540 1237 1541 1236 1541 1238 1541 1237 1542 1238 1542 1239 1542 1239 1543 1238 1543 1240 1543 1239 1544 1240 1544 1241 1544 1241 1545 1240 1545 1242 1545 1241 1546 1242 1546 1243 1546 1243 1547 1242 1547 1244 1547 1243 1548 1244 1548 1245 1548 1245 1549 1244 1549 1246 1549 1245 1550 1246 1550 1247 1550 1247 1551 1246 1551 1248 1551 1247 1552 1248 1552 1249 1552 1249 1553 1248 1553 1250 1553 1249 1554 1250 1554 1251 1554 1251 1555 1250 1555 1252 1555 1251 1556 1252 1556 1253 1556 1253 1557 1252 1557 1254 1557 1253 1558 1254 1558 1255 1558 1255 1559 1254 1559 1256 1559 1255 1560 1256 1560 1257 1560 1257 1561 1256 1561 1258 1561 1257 1562 1258 1562 1259 1562 1259 1563 1258 1563 1260 1563 1259 1564 1260 1564 1261 1564 1261 1565 1260 1565 1262 1565 1261 1566 1262 1566 1263 1566 1263 1567 1262 1567 1264 1567 1263 1568 1264 1568 1265 1568 1265 1569 1264 1569 1266 1569 1265 1570 1266 1570 1267 1570 1267 1571 1266 1571 1268 1571 1267 1572 1268 1572 1269 1572 1269 1573 1268 1573 1270 1573 1269 1574 1270 1574 1271 1574 1271 1575 1270 1575 1272 1575 1271 1576 1272 1576 1273 1576 1273 1577 1272 1577 1274 1577 1273 1578 1274 1578 1275 1578 1275 1579 1274 1579 1276 1579 1275 1580 1276 1580 1277 1580 1277 1581 1276 1581 1278 1581 1277 1582 1278 1582 1279 1582 1279 1583 1278 1583 1280 1583 1279 1584 1280 1584 1281 1584 1281 1585 1280 1585 1282 1585 1281 1586 1282 1586 1283 1586 1283 1587 1282 1587 1284 1587 1283 1588 1284 1588 1285 1588 1285 1589 1284 1589 1286 1589 1285 1590 1286 1590 1287 1590 1287 1591 1286 1591 1288 1591 1287 1592 1288 1592 1289 1592 1289 1593 1288 1593 1290 1593 1289 1594 1290 1594 1291 1594 1291 1595 1290 1595 1292 1595 1291 1596 1292 1596 1293 1596 1293 1597 1292 1597 1294 1597 1293 1598 1294 1598 1295 1598 1295 1599 1294 1599 1296 1599 1295 1600 1296 1600 1297 1600 1297 1601 1296 1601 1298 1601 1297 1602 1298 1602 1299 1602 1299 1603 1298 1603 1300 1603 1299 1604 1300 1604 1301 1604 1301 1605 1300 1605 1302 1605 1301 1606 1302 1606 1303 1606 1303 1607 1302 1607 1304 1607 1303 1608 1304 1608 1305 1608 1305 1609 1304 1609 1306 1609 1305 1610 1306 1610 1307 1610 1307 1611 1306 1611 1308 1611 1307 1612 1308 1612 1309 1612 1309 1613 1308 1613 1310 1613 1309 1614 1310 1614 1311 1614 1311 1615 1310 1615 1312 1615 1311 1616 1312 1616 1313 1616 1313 1617 1312 1617 1314 1617 1313 1618 1314 1618 1315 1618 1315 1619 1314 1619 1316 1619 1315 1620 1316 1620 1317 1620 1317 1621 1316 1621 1318 1621 1317 1622 1318 1622 1319 1622 1319 1623 1318 1623 1320 1623 1319 1624 1320 1624 1321 1624 1321 1625 1320 1625 1322 1625 1321 1626 1322 1626 1323 1626 1323 1627 1322 1627 1324 1627 1323 1628 1324 1628 1325 1628 1325 1629 1324 1629 1326 1629 1325 1630 1326 1630 1327 1630 1327 1631 1326 1631 1328 1631 1327 1632 1328 1632 1329 1632 1329 1633 1328 1633 1330 1633 1329 1634 1330 1634 1331 1634 1331 1635 1330 1635 1332 1635 1331 1636 1332 1636 1333 1636 1333 1637 1332 1637 1334 1637 1333 1638 1334 1638 1335 1638 1335 1639 1334 1639 1336 1639 1335 1640 1336 1640 1337 1640 1337 1641 1336 1641 1338 1641 1337 1642 1338 1642 1339 1642 1339 1643 1338 1643 1340 1643 1339 1644 1340 1644 1341 1644 1341 1645 1340 1645 1342 1645 1341 1646 1342 1646 1343 1646 1343 1647 1342 1647 1344 1647 1343 1648 1344 1648 1345 1648 1345 1649 1344 1649 1346 1649 1345 1650 1346 1650 1347 1650 1347 1651 1346 1651 1348 1651 1347 1652 1348 1652 1349 1652 1349 1653 1348 1653 1350 1653 1349 1654 1350 1654 1351 1654 1351 1655 1350 1655 1352 1655 1351 1656 1352 1656 1353 1656 1353 1657 1352 1657 1354 1657 1353 1658 1354 1658 1355 1658 1355 1659 1354 1659 1356 1659 1355 1660 1356 1660 1357 1660 1357 1661 1356 1661 1358 1661 1357 1662 1358 1662 1359 1662 1359 1663 1358 1663 1360 1663 1359 1664 1360 1664 1361 1664 1361 1665 1360 1665 1362 1665 1361 1666 1362 1666 1363 1666 1363 1667 1362 1667 1364 1667 1363 1668 1364 1668 1365 1668 1365 1669 1364 1669 1366 1669 1365 1670 1366 1670 1367 1670 1367 1671 1366 1671 1368 1671 1367 1672 1368 1672 1369 1672 1369 1673 1368 1673 1370 1673 1369 1674 1370 1674 1371 1674 1371 1675 1370 1675 1372 1675 1371 1676 1372 1676 1373 1676 1373 1677 1372 1677 1374 1677 1373 1678 1374 1678 1375 1678 1375 1679 1374 1679 1376 1679 1375 1680 1376 1680 1377 1680 1377 1681 1376 1681 1378 1681 1377 1682 1378 1682 1379 1682 1379 1683 1378 1683 1380 1683 1379 1684 1380 1684 1381 1684 1381 1685 1380 1685 1382 1685 1381 1686 1382 1686 1383 1686 1383 1687 1382 1687 1384 1687 1383 1688 1384 1688 1385 1688 1385 1689 1384 1689 1386 1689 1385 1690 1386 1690 1387 1690 1387 1691 1386 1691 1388 1691 1387 1692 1388 1692 1389 1692 1389 1693 1388 1693 1390 1693 1389 1694 1390 1694 1391 1694 1391 1695 1390 1695 1392 1695 1391 1696 1392 1696 1393 1696 1393 1697 1392 1697 1394 1697 1393 1698 1394 1698 1395 1698 1395 1699 1394 1699 1396 1699 1395 1700 1396 1700 1397 1700 1397 1701 1396 1701 1398 1701 1397 1702 1398 1702 1399 1702 1399 1703 1398 1703 1400 1703 1399 1704 1400 1704 1401 1704 1401 1705 1400 1705 1402 1705 1401 1706 1402 1706 1403 1706 1403 1707 1402 1707 1404 1707 1403 1708 1404 1708 1405 1708 1405 1709 1404 1709 1406 1709 1405 1710 1406 1710 1407 1710 1407 1711 1406 1711 1408 1711 1407 1712 1408 1712 1409 1712 1409 1713 1408 1713 1410 1713 1409 1714 1410 1714 1411 1714 1411 1715 1410 1715 1412 1715 1411 1716 1412 1716 1413 1716 1413 1717 1412 1717 1414 1717 1413 1718 1414 1718 1415 1718 1415 1719 1414 1719 1416 1719 1415 1720 1416 1720 1417 1720 1417 1721 1416 1721 1418 1721 1417 1722 1418 1722 1419 1722 1419 1723 1418 1723 1420 1723 1419 1724 1420 1724 1421 1724 1421 1725 1420 1725 1422 1725 1421 1726 1422 1726 1423 1726 1423 1727 1422 1727 1424 1727 1423 1728 1424 1728 1425 1728 1425 1729 1424 1729 1426 1729 1425 1730 1426 1730 1427 1730 1427 1731 1426 1731 1428 1731 1427 1732 1428 1732 1429 1732 1429 1733 1428 1733 1430 1733 1429 1734 1430 1734 1431 1734 1431 1735 1430 1735 1432 1735 1431 1736 1432 1736 1433 1736 1433 1737 1432 1737 1434 1737 1433 1738 1434 1738 1435 1738 1435 1739 1434 1739 1436 1739 1435 1740 1436 1740 1437 1740 1437 1741 1436 1741 1438 1741 1437 1742 1438 1742 1439 1742 1439 1743 1438 1743 1440 1743 1439 1744 1440 1744 1441 1744 1441 1745 1440 1745 1442 1745 1441 1746 1442 1746 1443 1746 1443 1747 1442 1747 1444 1747 1443 1748 1444 1748 1445 1748 1445 1749 1444 1749 1446 1749 1445 1750 1446 1750 1447 1750 1447 1751 1446 1751 1448 1751 1447 1752 1448 1752 1449 1752 1449 1753 1448 1753 1450 1753 1449 1754 1450 1754 1451 1754 1451 1755 1450 1755 1452 1755 1451 1756 1452 1756 1198 1756 1198 1757 1452 1757 1197 1757 1453 1758 1015 1758 1454 1758 1454 1759 1015 1759 1017 1759 1454 1760 1017 1760 1455 1760 1455 1761 1017 1761 1019 1761 1455 1762 1019 1762 1456 1762 1456 1763 1019 1763 1021 1763 1456 1764 1021 1764 1457 1764 1457 1765 1021 1765 1023 1765 1457 1766 1023 1766 1458 1766 1458 1767 1023 1767 1025 1767 1458 1768 1025 1768 1459 1768 1459 1769 1025 1769 1027 1769 1459 1770 1027 1770 1460 1770 1460 1771 1027 1771 1029 1771 1460 1772 1029 1772 1461 1772 1461 1773 1029 1773 1031 1773 1461 1774 1031 1774 1462 1774 1462 1775 1031 1775 1033 1775 1462 1776 1033 1776 1463 1776 1463 1777 1033 1777 1035 1777 1463 1778 1035 1778 1464 1778 1464 1779 1035 1779 1037 1779 1464 1780 1037 1780 1465 1780 1465 1781 1037 1781 1039 1781 1465 1782 1039 1782 1466 1782 1466 1783 1039 1783 1041 1783 1466 1784 1041 1784 1467 1784 1467 1785 1041 1785 1043 1785 1467 1786 1043 1786 1468 1786 1468 1787 1043 1787 1045 1787 1468 1788 1045 1788 1469 1788 1469 1789 1045 1789 1047 1789 1469 1790 1047 1790 1470 1790 1470 1791 1047 1791 1049 1791 1470 1792 1049 1792 1471 1792 1471 1793 1049 1793 1051 1793 1471 1794 1051 1794 1472 1794 1472 1795 1051 1795 1053 1795 1472 1796 1053 1796 1473 1796 1473 1797 1053 1797 1055 1797 1473 1798 1055 1798 1474 1798 1474 1799 1055 1799 1057 1799 1474 1800 1057 1800 1475 1800 1475 1801 1057 1801 1059 1801 1475 1802 1059 1802 1476 1802 1476 1803 1059 1803 1061 1803 1476 1804 1061 1804 1477 1804 1477 1805 1061 1805 1063 1805 1477 1806 1063 1806 1478 1806 1478 1807 1063 1807 1065 1807 1478 1808 1065 1808 1479 1808 1479 1809 1065 1809 1067 1809 1479 1810 1067 1810 1480 1810 1480 1811 1067 1811 1069 1811 1480 1812 1069 1812 1481 1812 1481 1813 1069 1813 1071 1813 1481 1814 1071 1814 1482 1814 1482 1815 1071 1815 1073 1815 1482 1816 1073 1816 1483 1816 1483 1817 1073 1817 1075 1817 1483 1818 1075 1818 1484 1818 1484 1819 1075 1819 1077 1819 1484 1820 1077 1820 1485 1820 1485 1821 1077 1821 1079 1821 1485 1822 1079 1822 1486 1822 1486 1823 1079 1823 1081 1823 1486 1824 1081 1824 1487 1824 1487 1825 1081 1825 1083 1825 1487 1826 1083 1826 1488 1826 1488 1827 1083 1827 1085 1827 1488 1828 1085 1828 1489 1828 1489 1829 1085 1829 1087 1829 1489 1830 1087 1830 1490 1830 1490 1831 1087 1831 1089 1831 1490 1832 1089 1832 1491 1832 1491 1833 1089 1833 1091 1833 1491 1834 1091 1834 1492 1834 1492 1835 1091 1835 1093 1835 1492 1836 1093 1836 1493 1836 1493 1837 1093 1837 1095 1837 1493 1838 1095 1838 1494 1838 1494 1839 1095 1839 1097 1839 1494 1840 1097 1840 1495 1840 1495 1841 1097 1841 1099 1841 1495 1842 1099 1842 1496 1842 1496 1843 1099 1843 1101 1843 1496 1844 1101 1844 1497 1844 1497 1845 1101 1845 1103 1845 1497 1846 1103 1846 1498 1846 1498 1847 1103 1847 1105 1847 1498 1848 1105 1848 1499 1848 1499 1849 1105 1849 1107 1849 1499 1850 1107 1850 1500 1850 1500 1851 1107 1851 1109 1851 1500 1852 1109 1852 1501 1852 1501 1853 1109 1853 1111 1853 1501 1854 1111 1854 1502 1854 1502 1855 1111 1855 1113 1855 1502 1856 1113 1856 1503 1856 1503 1857 1113 1857 1115 1857 1503 1858 1115 1858 1504 1858 1504 1859 1115 1859 1117 1859 1504 1860 1117 1860 1505 1860 1505 1861 1117 1861 1119 1861 1505 1862 1119 1862 1506 1862 1506 1863 1119 1863 1121 1863 1506 1864 1121 1864 1507 1864 1507 1865 1121 1865 1123 1865 1507 1866 1123 1866 1508 1866 1508 1867 1123 1867 1125 1867 1508 1868 1125 1868 1509 1868 1509 1869 1125 1869 1127 1869 1509 1870 1127 1870 1510 1870 1510 1871 1127 1871 1129 1871 1510 1872 1129 1872 1511 1872 1511 1873 1129 1873 1131 1873 1511 1874 1131 1874 1512 1874 1512 1875 1131 1875 1133 1875 1512 1876 1133 1876 1513 1876 1513 1877 1133 1877 1135 1877 1513 1878 1135 1878 1514 1878 1514 1879 1135 1879 1137 1879 1514 1880 1137 1880 1515 1880 1515 1881 1137 1881 1139 1881 1515 1882 1139 1882 1516 1882 1516 1883 1139 1883 1141 1883 1516 1884 1141 1884 1517 1884 1517 1885 1141 1885 1143 1885 1517 1886 1143 1886 1518 1886 1518 1887 1143 1887 1145 1887 1518 1888 1145 1888 1519 1888 1519 1889 1145 1889 1147 1889 1519 1890 1147 1890 1520 1890 1520 1891 1147 1891 1149 1891 1520 1892 1149 1892 1521 1892 1521 1893 1149 1893 1151 1893 1521 1894 1151 1894 1522 1894 1522 1895 1151 1895 1153 1895 1522 1896 1153 1896 1523 1896 1523 1897 1153 1897 1155 1897 1523 1898 1155 1898 1524 1898 1524 1899 1155 1899 1157 1899 1524 1900 1157 1900 1525 1900 1525 1901 1157 1901 1159 1901 1525 1902 1159 1902 1526 1902 1526 1903 1159 1903 1161 1903 1526 1904 1161 1904 1527 1904 1527 1905 1161 1905 1163 1905 1527 1906 1163 1906 1528 1906 1528 1907 1163 1907 1165 1907 1528 1908 1165 1908 1529 1908 1529 1909 1165 1909 1167 1909 1529 1910 1167 1910 1530 1910 1530 1911 1167 1911 1169 1911 1530 1912 1169 1912 1531 1912 1531 1913 1169 1913 1171 1913 1531 1914 1171 1914 1532 1914 1532 1915 1171 1915 1173 1915 1532 1916 1173 1916 1533 1916 1533 1917 1173 1917 1175 1917 1533 1918 1175 1918 1534 1918 1534 1919 1175 1919 1177 1919 1534 1920 1177 1920 1535 1920 1535 1921 1177 1921 1179 1921 1535 1922 1179 1922 1536 1922 1536 1923 1179 1923 1181 1923 1536 1924 1181 1924 1537 1924 1537 1925 1181 1925 1183 1925 1537 1926 1183 1926 1538 1926 1538 1927 1183 1927 1185 1927 1538 1928 1185 1928 1539 1928 1539 1929 1185 1929 1187 1929 1539 1930 1187 1930 1540 1930 1540 1931 1187 1931 1189 1931 1540 1932 1189 1932 1541 1932 1541 1933 1189 1933 1191 1933 1541 1934 1191 1934 1542 1934 1542 1935 1191 1935 1193 1935 1542 1936 1193 1936 1543 1936 1543 1937 1193 1937 1195 1937 1543 1938 1195 1938 1544 1938 1544 1939 1195 1939 1197 1939 1544 1940 1197 1940 1545 1940 1545 1941 1197 1941 1452 1941 1015 1942 1453 1942 1013 1942 1013 1943 1453 1943 1546 1943 1013 1944 1546 1944 1200 1944 1200 1945 1546 1945 1547 1945 1200 1946 1547 1946 1202 1946 1202 1947 1547 1947 1548 1947 1202 1948 1548 1948 1204 1948 1204 1949 1548 1949 1549 1949 1204 1950 1549 1950 1206 1950 1206 1951 1549 1951 1550 1951 1206 1952 1550 1952 1208 1952 1208 1953 1550 1953 1551 1953 1208 1954 1551 1954 1210 1954 1210 1955 1551 1955 1552 1955 1210 1956 1552 1956 1212 1956 1212 1957 1552 1957 1553 1957 1212 1958 1553 1958 1214 1958 1214 1959 1553 1959 1554 1959 1214 1960 1554 1960 1216 1960 1216 1961 1554 1961 1555 1961 1216 1962 1555 1962 1218 1962 1218 1963 1555 1963 1556 1963 1218 1964 1556 1964 1220 1964 1220 1965 1556 1965 1557 1965 1220 1966 1557 1966 1222 1966 1222 1967 1557 1967 1558 1967 1222 1968 1558 1968 1224 1968 1224 1969 1558 1969 1559 1969 1224 1970 1559 1970 1226 1970 1226 1971 1559 1971 1560 1971 1226 1972 1560 1972 1228 1972 1228 1973 1560 1973 1561 1973 1228 1974 1561 1974 1230 1974 1230 1975 1561 1975 1562 1975 1230 1976 1562 1976 1232 1976 1232 1977 1562 1977 1563 1977 1232 1978 1563 1978 1234 1978 1234 1979 1563 1979 1564 1979 1234 1980 1564 1980 1236 1980 1236 1981 1564 1981 1565 1981 1236 1982 1565 1982 1238 1982 1238 1983 1565 1983 1566 1983 1238 1984 1566 1984 1240 1984 1240 1985 1566 1985 1567 1985 1240 1986 1567 1986 1242 1986 1242 1987 1567 1987 1568 1987 1242 1988 1568 1988 1244 1988 1244 1989 1568 1989 1569 1989 1244 1990 1569 1990 1246 1990 1246 1991 1569 1991 1570 1991 1246 1992 1570 1992 1248 1992 1248 1993 1570 1993 1571 1993 1248 1994 1571 1994 1250 1994 1250 1995 1571 1995 1572 1995 1250 1996 1572 1996 1252 1996 1252 1997 1572 1997 1573 1997 1252 1998 1573 1998 1254 1998 1254 1999 1573 1999 1574 1999 1254 2000 1574 2000 1256 2000 1256 2001 1574 2001 1575 2001 1256 2002 1575 2002 1258 2002 1258 2003 1575 2003 1576 2003 1258 2004 1576 2004 1260 2004 1260 2005 1576 2005 1577 2005 1260 2006 1577 2006 1262 2006 1262 2007 1577 2007 1578 2007 1262 2008 1578 2008 1264 2008 1264 2009 1578 2009 1579 2009 1264 2010 1579 2010 1266 2010 1266 2011 1579 2011 1580 2011 1266 2012 1580 2012 1268 2012 1268 2013 1580 2013 1581 2013 1268 2014 1581 2014 1270 2014 1270 2015 1581 2015 1582 2015 1270 2016 1582 2016 1272 2016 1272 2017 1582 2017 1583 2017 1272 2018 1583 2018 1274 2018 1274 2019 1583 2019 1584 2019 1274 2020 1584 2020 1276 2020 1276 2021 1584 2021 1585 2021 1276 2022 1585 2022 1278 2022 1278 2023 1585 2023 1586 2023 1278 2024 1586 2024 1280 2024 1280 2025 1586 2025 1587 2025 1280 2026 1587 2026 1282 2026 1282 2027 1587 2027 1588 2027 1282 2028 1588 2028 1284 2028 1284 2029 1588 2029 1589 2029 1284 2030 1589 2030 1286 2030 1286 2031 1589 2031 1590 2031 1286 2032 1590 2032 1288 2032 1288 2033 1590 2033 1591 2033 1288 2034 1591 2034 1290 2034 1290 2035 1591 2035 1592 2035 1290 2036 1592 2036 1292 2036 1292 2037 1592 2037 1593 2037 1292 2038 1593 2038 1294 2038 1294 2039 1593 2039 1594 2039 1294 2040 1594 2040 1296 2040 1296 2041 1594 2041 1595 2041 1296 2042 1595 2042 1298 2042 1298 2043 1595 2043 1596 2043 1298 2044 1596 2044 1300 2044 1300 2045 1596 2045 1597 2045 1300 2046 1597 2046 1302 2046 1302 2047 1597 2047 1598 2047 1302 2048 1598 2048 1304 2048 1304 2049 1598 2049 1599 2049 1304 2050 1599 2050 1306 2050 1306 2051 1599 2051 1600 2051 1306 2052 1600 2052 1308 2052 1308 2053 1600 2053 1601 2053 1308 2054 1601 2054 1310 2054 1310 2055 1601 2055 1602 2055 1310 2056 1602 2056 1312 2056 1312 2057 1602 2057 1603 2057 1312 2058 1603 2058 1314 2058 1314 2059 1603 2059 1604 2059 1314 2060 1604 2060 1316 2060 1316 2061 1604 2061 1605 2061 1316 2062 1605 2062 1318 2062 1318 2063 1605 2063 1606 2063 1318 2064 1606 2064 1320 2064 1320 2065 1606 2065 1607 2065 1320 2066 1607 2066 1322 2066 1322 2067 1607 2067 1608 2067 1322 2068 1608 2068 1324 2068 1324 2069 1608 2069 1609 2069 1324 2070 1609 2070 1326 2070 1326 2071 1609 2071 1610 2071 1326 2072 1610 2072 1328 2072 1328 2073 1610 2073 1611 2073 1328 2074 1611 2074 1330 2074 1330 2075 1611 2075 1612 2075 1330 2076 1612 2076 1332 2076 1332 2077 1612 2077 1613 2077 1332 2078 1613 2078 1334 2078 1334 2079 1613 2079 1614 2079 1334 2080 1614 2080 1336 2080 1336 2081 1614 2081 1615 2081 1336 2082 1615 2082 1338 2082 1338 2083 1615 2083 1616 2083 1338 2084 1616 2084 1340 2084 1340 2085 1616 2085 1617 2085 1340 2086 1617 2086 1342 2086 1342 2087 1617 2087 1618 2087 1342 2088 1618 2088 1344 2088 1344 2089 1618 2089 1619 2089 1344 2090 1619 2090 1346 2090 1346 2091 1619 2091 1620 2091 1346 2092 1620 2092 1348 2092 1348 2093 1620 2093 1621 2093 1348 2094 1621 2094 1350 2094 1350 2095 1621 2095 1622 2095 1350 2096 1622 2096 1352 2096 1352 2097 1622 2097 1623 2097 1352 2098 1623 2098 1354 2098 1354 2099 1623 2099 1624 2099 1354 2100 1624 2100 1356 2100 1356 2101 1624 2101 1625 2101 1356 2102 1625 2102 1358 2102 1358 2103 1625 2103 1626 2103 1358 2104 1626 2104 1360 2104 1360 2105 1626 2105 1627 2105 1360 2106 1627 2106 1362 2106 1362 2107 1627 2107 1628 2107 1362 2108 1628 2108 1364 2108 1364 2109 1628 2109 1629 2109 1364 2110 1629 2110 1366 2110 1366 2111 1629 2111 1630 2111 1366 2112 1630 2112 1368 2112 1368 2113 1630 2113 1631 2113 1368 2114 1631 2114 1370 2114 1370 2115 1631 2115 1632 2115 1370 2116 1632 2116 1372 2116 1372 2117 1632 2117 1633 2117 1372 2118 1633 2118 1374 2118 1374 2119 1633 2119 1634 2119 1374 2120 1634 2120 1376 2120 1376 2121 1634 2121 1635 2121 1376 2122 1635 2122 1378 2122 1378 2123 1635 2123 1636 2123 1378 2124 1636 2124 1380 2124 1380 2125 1636 2125 1637 2125 1380 2126 1637 2126 1382 2126 1382 2127 1637 2127 1638 2127 1382 2128 1638 2128 1384 2128 1384 2129 1638 2129 1639 2129 1384 2130 1639 2130 1386 2130 1386 2131 1639 2131 1640 2131 1386 2132 1640 2132 1388 2132 1388 2133 1640 2133 1641 2133 1388 2134 1641 2134 1390 2134 1390 2135 1641 2135 1642 2135 1390 2136 1642 2136 1392 2136 1392 2137 1642 2137 1643 2137 1392 2138 1643 2138 1394 2138 1394 2139 1643 2139 1644 2139 1394 2140 1644 2140 1396 2140 1396 2141 1644 2141 1645 2141 1396 2142 1645 2142 1398 2142 1398 2143 1645 2143 1646 2143 1398 2144 1646 2144 1400 2144 1400 2145 1646 2145 1647 2145 1400 2146 1647 2146 1402 2146 1402 2147 1647 2147 1648 2147 1402 2148 1648 2148 1404 2148 1404 2149 1648 2149 1649 2149 1404 2150 1649 2150 1406 2150 1406 2151 1649 2151 1650 2151 1406 2152 1650 2152 1408 2152 1408 2153 1650 2153 1651 2153 1408 2154 1651 2154 1410 2154 1410 2155 1651 2155 1652 2155 1410 2156 1652 2156 1412 2156 1412 2157 1652 2157 1653 2157 1412 2158 1653 2158 1414 2158 1414 2159 1653 2159 1654 2159 1414 2160 1654 2160 1416 2160 1416 2161 1654 2161 1655 2161 1416 2162 1655 2162 1418 2162 1418 2163 1655 2163 1656 2163 1418 2164 1656 2164 1420 2164 1420 2165 1656 2165 1657 2165 1420 2166 1657 2166 1422 2166 1422 2167 1657 2167 1658 2167 1422 2168 1658 2168 1424 2168 1424 2169 1658 2169 1659 2169 1424 2170 1659 2170 1426 2170 1426 2171 1659 2171 1660 2171 1426 2172 1660 2172 1428 2172 1428 2173 1660 2173 1661 2173 1428 2174 1661 2174 1430 2174 1430 2175 1661 2175 1662 2175 1430 2176 1662 2176 1432 2176 1432 2177 1662 2177 1663 2177 1432 2178 1663 2178 1434 2178 1434 2179 1663 2179 1664 2179 1434 2180 1664 2180 1436 2180 1436 2181 1664 2181 1665 2181 1436 2182 1665 2182 1438 2182 1438 2183 1665 2183 1666 2183 1438 2184 1666 2184 1440 2184 1440 2185 1666 2185 1667 2185 1440 2186 1667 2186 1442 2186 1442 2187 1667 2187 1668 2187 1442 2188 1668 2188 1444 2188 1444 2189 1668 2189 1669 2189 1444 2190 1669 2190 1446 2190 1446 2191 1669 2191 1670 2191 1446 2192 1670 2192 1448 2192 1448 2193 1670 2193 1671 2193 1448 2194 1671 2194 1450 2194 1450 2195 1671 2195 1672 2195 1450 2196 1672 2196 1452 2196 1452 2197 1672 2197 1545 2197 1673 2198 1454 2198 1674 2198 1674 2199 1454 2199 1455 2199 1674 2200 1455 2200 1675 2200 1675 2201 1455 2201 1456 2201 1675 2202 1456 2202 1676 2202 1676 2203 1456 2203 1457 2203 1676 2204 1457 2204 1677 2204 1677 2205 1457 2205 1458 2205 1677 2206 1458 2206 1678 2206 1678 2207 1458 2207 1459 2207 1678 2208 1459 2208 1679 2208 1679 2209 1459 2209 1460 2209 1679 2210 1460 2210 1680 2210 1680 2211 1460 2211 1461 2211 1680 2212 1461 2212 1681 2212 1681 2213 1461 2213 1462 2213 1681 2214 1462 2214 1682 2214 1682 2215 1462 2215 1463 2215 1682 2216 1463 2216 1683 2216 1683 2217 1463 2217 1464 2217 1683 2218 1464 2218 1684 2218 1684 2219 1464 2219 1465 2219 1684 2220 1465 2220 1685 2220 1685 2221 1465 2221 1466 2221 1685 2222 1466 2222 1686 2222 1686 2223 1466 2223 1467 2223 1686 2224 1467 2224 1687 2224 1687 2225 1467 2225 1468 2225 1687 2226 1468 2226 1688 2226 1688 2227 1468 2227 1469 2227 1688 2228 1469 2228 1689 2228 1689 2229 1469 2229 1470 2229 1689 2230 1470 2230 1690 2230 1690 2231 1470 2231 1471 2231 1690 2232 1471 2232 1691 2232 1691 2233 1471 2233 1472 2233 1691 2234 1472 2234 1692 2234 1692 2235 1472 2235 1473 2235 1692 2236 1473 2236 1693 2236 1693 2237 1473 2237 1474 2237 1693 2238 1474 2238 1694 2238 1694 2239 1474 2239 1475 2239 1694 2240 1475 2240 1695 2240 1695 2241 1475 2241 1476 2241 1695 2242 1476 2242 1696 2242 1696 2243 1476 2243 1477 2243 1696 2244 1477 2244 1697 2244 1697 2245 1477 2245 1478 2245 1697 2246 1478 2246 1698 2246 1698 2247 1478 2247 1479 2247 1698 2248 1479 2248 1699 2248 1699 2249 1479 2249 1480 2249 1699 2250 1480 2250 1700 2250 1700 2251 1480 2251 1481 2251 1700 2252 1481 2252 1701 2252 1701 2253 1481 2253 1482 2253 1701 2254 1482 2254 1702 2254 1702 2255 1482 2255 1483 2255 1702 2256 1483 2256 1703 2256 1703 2257 1483 2257 1484 2257 1703 2258 1484 2258 1704 2258 1704 2259 1484 2259 1485 2259 1704 2260 1485 2260 1705 2260 1705 2261 1485 2261 1486 2261 1705 2262 1486 2262 1706 2262 1706 2263 1486 2263 1487 2263 1706 2264 1487 2264 1707 2264 1707 2265 1487 2265 1488 2265 1707 2266 1488 2266 1708 2266 1708 2267 1488 2267 1489 2267 1708 2268 1489 2268 1709 2268 1709 2269 1489 2269 1490 2269 1709 2270 1490 2270 1710 2270 1710 2271 1490 2271 1491 2271 1710 2272 1491 2272 1711 2272 1711 2273 1491 2273 1492 2273 1711 2274 1492 2274 1712 2274 1712 2275 1492 2275 1493 2275 1712 2276 1493 2276 1713 2276 1713 2277 1493 2277 1494 2277 1713 2278 1494 2278 1714 2278 1714 2279 1494 2279 1495 2279 1714 2280 1495 2280 1715 2280 1715 2281 1495 2281 1496 2281 1715 2282 1496 2282 1716 2282 1716 2283 1496 2283 1497 2283 1716 2284 1497 2284 1717 2284 1717 2285 1497 2285 1498 2285 1717 2286 1498 2286 1718 2286 1718 2287 1498 2287 1499 2287 1718 2288 1499 2288 1719 2288 1719 2289 1499 2289 1500 2289 1719 2290 1500 2290 1720 2290 1720 2291 1500 2291 1501 2291 1720 2292 1501 2292 1721 2292 1721 2293 1501 2293 1502 2293 1721 2294 1502 2294 1722 2294 1722 2295 1502 2295 1503 2295 1722 2296 1503 2296 1723 2296 1723 2297 1503 2297 1504 2297 1723 2298 1504 2298 1724 2298 1724 2299 1504 2299 1505 2299 1724 2300 1505 2300 1725 2300 1725 2301 1505 2301 1506 2301 1725 2302 1506 2302 1726 2302 1726 2303 1506 2303 1507 2303 1726 2304 1507 2304 1727 2304 1727 2305 1507 2305 1508 2305 1727 2306 1508 2306 1728 2306 1728 2307 1508 2307 1509 2307 1728 2308 1509 2308 1729 2308 1729 2309 1509 2309 1510 2309 1729 2310 1510 2310 1730 2310 1730 2311 1510 2311 1511 2311 1730 2312 1511 2312 1731 2312 1731 2313 1511 2313 1512 2313 1731 2314 1512 2314 1732 2314 1732 2315 1512 2315 1513 2315 1732 2316 1513 2316 1733 2316 1733 2317 1513 2317 1514 2317 1733 2318 1514 2318 1734 2318 1734 2319 1514 2319 1515 2319 1734 2320 1515 2320 1735 2320 1735 2321 1515 2321 1516 2321 1735 2322 1516 2322 1736 2322 1736 2323 1516 2323 1517 2323 1736 2324 1517 2324 1737 2324 1737 2325 1517 2325 1518 2325 1737 2326 1518 2326 1738 2326 1738 2327 1518 2327 1519 2327 1738 2328 1519 2328 1739 2328 1739 2329 1519 2329 1520 2329 1739 2330 1520 2330 1740 2330 1740 2331 1520 2331 1521 2331 1740 2332 1521 2332 1741 2332 1741 2333 1521 2333 1522 2333 1741 2334 1522 2334 1742 2334 1742 2335 1522 2335 1523 2335 1742 2336 1523 2336 1743 2336 1743 2337 1523 2337 1524 2337 1743 2338 1524 2338 1744 2338 1744 2339 1524 2339 1525 2339 1744 2340 1525 2340 1745 2340 1745 2341 1525 2341 1526 2341 1745 2342 1526 2342 1746 2342 1746 2343 1526 2343 1527 2343 1746 2344 1527 2344 1747 2344 1747 2345 1527 2345 1528 2345 1747 2346 1528 2346 1748 2346 1748 2347 1528 2347 1529 2347 1748 2348 1529 2348 1749 2348 1749 2349 1529 2349 1530 2349 1749 2350 1530 2350 1750 2350 1750 2351 1530 2351 1531 2351 1750 2352 1531 2352 1751 2352 1751 2353 1531 2353 1532 2353 1751 2354 1532 2354 1752 2354 1752 2355 1532 2355 1533 2355 1752 2356 1533 2356 1753 2356 1753 2357 1533 2357 1534 2357 1753 2358 1534 2358 1754 2358 1754 2359 1534 2359 1535 2359 1754 2360 1535 2360 1755 2360 1755 2361 1535 2361 1536 2361 1755 2362 1536 2362 1756 2362 1756 2363 1536 2363 1537 2363 1756 2364 1537 2364 1757 2364 1757 2365 1537 2365 1538 2365 1757 2366 1538 2366 1758 2366 1758 2367 1538 2367 1539 2367 1758 2368 1539 2368 1759 2368 1759 2369 1539 2369 1540 2369 1759 2370 1540 2370 1760 2370 1760 2371 1540 2371 1541 2371 1760 2372 1541 2372 1761 2372 1761 2373 1541 2373 1542 2373 1761 2374 1542 2374 1762 2374 1762 2375 1542 2375 1543 2375 1762 2376 1543 2376 1763 2376 1763 2377 1543 2377 1544 2377 1763 2378 1544 2378 1764 2378 1764 2379 1544 2379 1545 2379 1764 2380 1545 2380 1765 2380 1765 2381 1545 2381 1672 2381 1454 2382 1673 2382 1453 2382 1453 2383 1673 2383 1766 2383 1453 2384 1766 2384 1546 2384 1546 2385 1766 2385 1767 2385 1546 2386 1767 2386 1547 2386 1547 2387 1767 2387 1768 2387 1547 2388 1768 2388 1548 2388 1548 2389 1768 2389 1769 2389 1548 2390 1769 2390 1549 2390 1549 2391 1769 2391 1770 2391 1549 2392 1770 2392 1550 2392 1550 2393 1770 2393 1771 2393 1550 2394 1771 2394 1551 2394 1551 2395 1771 2395 1772 2395 1551 2396 1772 2396 1552 2396 1552 2397 1772 2397 1773 2397 1552 2398 1773 2398 1553 2398 1553 2399 1773 2399 1774 2399 1553 2400 1774 2400 1554 2400 1554 2401 1774 2401 1775 2401 1554 2402 1775 2402 1555 2402 1555 2403 1775 2403 1776 2403 1555 2404 1776 2404 1556 2404 1556 2405 1776 2405 1777 2405 1556 2406 1777 2406 1557 2406 1557 2407 1777 2407 1778 2407 1557 2408 1778 2408 1558 2408 1558 2409 1778 2409 1779 2409 1558 2410 1779 2410 1559 2410 1559 2411 1779 2411 1780 2411 1559 2412 1780 2412 1560 2412 1560 2413 1780 2413 1781 2413 1560 2414 1781 2414 1561 2414 1561 2415 1781 2415 1782 2415 1561 2416 1782 2416 1562 2416 1562 2417 1782 2417 1783 2417 1562 2418 1783 2418 1563 2418 1563 2419 1783 2419 1784 2419 1563 2420 1784 2420 1564 2420 1564 2421 1784 2421 1785 2421 1564 2422 1785 2422 1565 2422 1565 2423 1785 2423 1786 2423 1565 2424 1786 2424 1566 2424 1566 2425 1786 2425 1787 2425 1566 2426 1787 2426 1567 2426 1567 2427 1787 2427 1788 2427 1567 2428 1788 2428 1568 2428 1568 2429 1788 2429 1789 2429 1568 2430 1789 2430 1569 2430 1569 2431 1789 2431 1790 2431 1569 2432 1790 2432 1570 2432 1570 2433 1790 2433 1791 2433 1570 2434 1791 2434 1571 2434 1571 2435 1791 2435 1792 2435 1571 2436 1792 2436 1572 2436 1572 2437 1792 2437 1793 2437 1572 2438 1793 2438 1573 2438 1573 2439 1793 2439 1794 2439 1573 2440 1794 2440 1574 2440 1574 2441 1794 2441 1795 2441 1574 2442 1795 2442 1575 2442 1575 2443 1795 2443 1796 2443 1575 2444 1796 2444 1576 2444 1576 2445 1796 2445 1797 2445 1576 2446 1797 2446 1577 2446 1577 2447 1797 2447 1798 2447 1577 2448 1798 2448 1578 2448 1578 2449 1798 2449 1799 2449 1578 2450 1799 2450 1579 2450 1579 2451 1799 2451 1800 2451 1579 2452 1800 2452 1580 2452 1580 2453 1800 2453 1801 2453 1580 2454 1801 2454 1581 2454 1581 2455 1801 2455 1802 2455 1581 2456 1802 2456 1582 2456 1582 2457 1802 2457 1803 2457 1582 2458 1803 2458 1583 2458 1583 2459 1803 2459 1804 2459 1583 2460 1804 2460 1584 2460 1584 2461 1804 2461 1805 2461 1584 2462 1805 2462 1585 2462 1585 2463 1805 2463 1806 2463 1585 2464 1806 2464 1586 2464 1586 2465 1806 2465 1807 2465 1586 2466 1807 2466 1587 2466 1587 2467 1807 2467 1808 2467 1587 2468 1808 2468 1588 2468 1588 2469 1808 2469 1809 2469 1588 2470 1809 2470 1589 2470 1589 2471 1809 2471 1810 2471 1589 2472 1810 2472 1590 2472 1590 2473 1810 2473 1811 2473 1590 2474 1811 2474 1591 2474 1591 2475 1811 2475 1812 2475 1591 2476 1812 2476 1592 2476 1592 2477 1812 2477 1813 2477 1592 2478 1813 2478 1593 2478 1593 2479 1813 2479 1814 2479 1593 2480 1814 2480 1594 2480 1594 2481 1814 2481 1815 2481 1594 2482 1815 2482 1595 2482 1595 2483 1815 2483 1816 2483 1595 2484 1816 2484 1596 2484 1596 2485 1816 2485 1817 2485 1596 2486 1817 2486 1597 2486 1597 2487 1817 2487 1818 2487 1597 2488 1818 2488 1598 2488 1598 2489 1818 2489 1819 2489 1598 2490 1819 2490 1599 2490 1599 2491 1819 2491 1820 2491 1599 2492 1820 2492 1600 2492 1600 2493 1820 2493 1821 2493 1600 2494 1821 2494 1601 2494 1601 2495 1821 2495 1822 2495 1601 2496 1822 2496 1602 2496 1602 2497 1822 2497 1823 2497 1602 2498 1823 2498 1603 2498 1603 2499 1823 2499 1824 2499 1603 2500 1824 2500 1604 2500 1604 2501 1824 2501 1825 2501 1604 2502 1825 2502 1605 2502 1605 2503 1825 2503 1826 2503 1605 2504 1826 2504 1606 2504 1606 2505 1826 2505 1827 2505 1606 2506 1827 2506 1607 2506 1607 2507 1827 2507 1828 2507 1607 2508 1828 2508 1608 2508 1608 2509 1828 2509 1829 2509 1608 2510 1829 2510 1609 2510 1609 2511 1829 2511 1830 2511 1609 2512 1830 2512 1610 2512 1610 2513 1830 2513 1831 2513 1610 2514 1831 2514 1611 2514 1611 2515 1831 2515 1832 2515 1611 2516 1832 2516 1612 2516 1612 2517 1832 2517 1833 2517 1612 2518 1833 2518 1613 2518 1613 2519 1833 2519 1834 2519 1613 2520 1834 2520 1614 2520 1614 2521 1834 2521 1835 2521 1614 2522 1835 2522 1615 2522 1615 2523 1835 2523 1836 2523 1615 2524 1836 2524 1616 2524 1616 2525 1836 2525 1837 2525 1616 2526 1837 2526 1617 2526 1617 2527 1837 2527 1838 2527 1617 2528 1838 2528 1618 2528 1618 2529 1838 2529 1839 2529 1618 2530 1839 2530 1619 2530 1619 2531 1839 2531 1840 2531 1619 2532 1840 2532 1620 2532 1620 2533 1840 2533 1841 2533 1620 2534 1841 2534 1621 2534 1621 2535 1841 2535 1842 2535 1621 2536 1842 2536 1622 2536 1622 2537 1842 2537 1843 2537 1622 2538 1843 2538 1623 2538 1623 2539 1843 2539 1844 2539 1623 2540 1844 2540 1624 2540 1624 2541 1844 2541 1845 2541 1624 2542 1845 2542 1625 2542 1625 2543 1845 2543 1846 2543 1625 2544 1846 2544 1626 2544 1626 2545 1846 2545 1847 2545 1626 2546 1847 2546 1627 2546 1627 2547 1847 2547 1848 2547 1627 2548 1848 2548 1628 2548 1628 2549 1848 2549 1849 2549 1628 2550 1849 2550 1629 2550 1629 2551 1849 2551 1850 2551 1629 2552 1850 2552 1630 2552 1630 2553 1850 2553 1851 2553 1630 2554 1851 2554 1631 2554 1631 2555 1851 2555 1852 2555 1631 2556 1852 2556 1632 2556 1632 2557 1852 2557 1853 2557 1632 2558 1853 2558 1633 2558 1633 2559 1853 2559 1854 2559 1633 2560 1854 2560 1634 2560 1634 2561 1854 2561 1855 2561 1634 2562 1855 2562 1635 2562 1635 2563 1855 2563 1856 2563 1635 2564 1856 2564 1636 2564 1636 2565 1856 2565 1857 2565 1636 2566 1857 2566 1637 2566 1637 2567 1857 2567 1858 2567 1637 2568 1858 2568 1638 2568 1638 2569 1858 2569 1859 2569 1638 2570 1859 2570 1639 2570 1639 2571 1859 2571 1860 2571 1639 2572 1860 2572 1640 2572 1640 2573 1860 2573 1861 2573 1640 2574 1861 2574 1641 2574 1641 2575 1861 2575 1862 2575 1641 2576 1862 2576 1642 2576 1642 2577 1862 2577 1863 2577 1642 2578 1863 2578 1643 2578 1643 2579 1863 2579 1864 2579 1643 2580 1864 2580 1644 2580 1644 2581 1864 2581 1865 2581 1644 2582 1865 2582 1645 2582 1645 2583 1865 2583 1866 2583 1645 2584 1866 2584 1646 2584 1646 2585 1866 2585 1867 2585 1646 2586 1867 2586 1647 2586 1647 2587 1867 2587 1868 2587 1647 2588 1868 2588 1648 2588 1648 2589 1868 2589 1869 2589 1648 2590 1869 2590 1649 2590 1649 2591 1869 2591 1870 2591 1649 2592 1870 2592 1650 2592 1650 2593 1870 2593 1871 2593 1650 2594 1871 2594 1651 2594 1651 2595 1871 2595 1872 2595 1651 2596 1872 2596 1652 2596 1652 2597 1872 2597 1873 2597 1652 2598 1873 2598 1653 2598 1653 2599 1873 2599 1874 2599 1653 2600 1874 2600 1654 2600 1654 2601 1874 2601 1875 2601 1654 2602 1875 2602 1655 2602 1655 2603 1875 2603 1876 2603 1655 2604 1876 2604 1656 2604 1656 2605 1876 2605 1877 2605 1656 2606 1877 2606 1657 2606 1657 2607 1877 2607 1878 2607 1657 2608 1878 2608 1658 2608 1658 2609 1878 2609 1879 2609 1658 2610 1879 2610 1659 2610 1659 2611 1879 2611 1880 2611 1659 2612 1880 2612 1660 2612 1660 2613 1880 2613 1881 2613 1660 2614 1881 2614 1661 2614 1661 2615 1881 2615 1882 2615 1661 2616 1882 2616 1662 2616 1662 2617 1882 2617 1883 2617 1662 2618 1883 2618 1663 2618 1663 2619 1883 2619 1884 2619 1663 2620 1884 2620 1664 2620 1664 2621 1884 2621 1885 2621 1664 2622 1885 2622 1665 2622 1665 2623 1885 2623 1886 2623 1665 2624 1886 2624 1666 2624 1666 2625 1886 2625 1887 2625 1666 2626 1887 2626 1667 2626 1667 2627 1887 2627 1888 2627 1667 2628 1888 2628 1668 2628 1668 2629 1888 2629 1889 2629 1668 2630 1889 2630 1669 2630 1669 2631 1889 2631 1890 2631 1669 2632 1890 2632 1670 2632 1670 2633 1890 2633 1891 2633 1670 2634 1891 2634 1671 2634 1671 2635 1891 2635 1892 2635 1671 2636 1892 2636 1672 2636 1672 2637 1892 2637 1765 2637 1893 2638 1674 2638 1894 2638 1894 2639 1674 2639 1675 2639 1894 2640 1675 2640 1895 2640 1895 2641 1675 2641 1676 2641 1895 2642 1676 2642 1896 2642 1896 2643 1676 2643 1677 2643 1896 2644 1677 2644 1897 2644 1897 2645 1677 2645 1678 2645 1897 2646 1678 2646 1898 2646 1898 2647 1678 2647 1679 2647 1898 2648 1679 2648 1899 2648 1899 2649 1679 2649 1680 2649 1899 2650 1680 2650 1900 2650 1900 2651 1680 2651 1681 2651 1900 2652 1681 2652 1901 2652 1901 2653 1681 2653 1682 2653 1901 2654 1682 2654 1902 2654 1902 2655 1682 2655 1683 2655 1902 2656 1683 2656 1903 2656 1903 2657 1683 2657 1684 2657 1903 2658 1684 2658 1904 2658 1904 2659 1684 2659 1685 2659 1904 2660 1685 2660 1905 2660 1905 2661 1685 2661 1686 2661 1905 2662 1686 2662 1906 2662 1906 2663 1686 2663 1687 2663 1906 2664 1687 2664 1907 2664 1907 2665 1687 2665 1688 2665 1907 2666 1688 2666 1908 2666 1908 2667 1688 2667 1689 2667 1908 2668 1689 2668 1909 2668 1909 2669 1689 2669 1690 2669 1909 2670 1690 2670 1910 2670 1910 2671 1690 2671 1691 2671 1910 2672 1691 2672 1911 2672 1911 2673 1691 2673 1692 2673 1911 2674 1692 2674 1912 2674 1912 2675 1692 2675 1693 2675 1912 2676 1693 2676 1913 2676 1913 2677 1693 2677 1694 2677 1913 2678 1694 2678 1914 2678 1914 2679 1694 2679 1695 2679 1914 2680 1695 2680 1915 2680 1915 2681 1695 2681 1696 2681 1915 2682 1696 2682 1916 2682 1916 2683 1696 2683 1697 2683 1916 2684 1697 2684 1917 2684 1917 2685 1697 2685 1698 2685 1917 2686 1698 2686 1918 2686 1918 2687 1698 2687 1699 2687 1918 2688 1699 2688 1919 2688 1919 2689 1699 2689 1700 2689 1919 2690 1700 2690 1920 2690 1920 2691 1700 2691 1701 2691 1920 2692 1701 2692 1921 2692 1921 2693 1701 2693 1702 2693 1921 2694 1702 2694 1922 2694 1922 2695 1702 2695 1703 2695 1922 2696 1703 2696 1923 2696 1923 2697 1703 2697 1704 2697 1923 2698 1704 2698 1924 2698 1924 2699 1704 2699 1705 2699 1924 2700 1705 2700 1925 2700 1925 2701 1705 2701 1706 2701 1925 2702 1706 2702 1926 2702 1926 2703 1706 2703 1707 2703 1926 2704 1707 2704 1927 2704 1927 2705 1707 2705 1708 2705 1927 2706 1708 2706 1928 2706 1928 2707 1708 2707 1709 2707 1928 2708 1709 2708 1929 2708 1929 2709 1709 2709 1710 2709 1929 2710 1710 2710 1930 2710 1930 2711 1710 2711 1711 2711 1930 2712 1711 2712 1931 2712 1931 2713 1711 2713 1712 2713 1931 2714 1712 2714 1932 2714 1932 2715 1712 2715 1713 2715 1932 2716 1713 2716 1933 2716 1933 2717 1713 2717 1714 2717 1933 2718 1714 2718 1934 2718 1934 2719 1714 2719 1715 2719 1934 2720 1715 2720 1935 2720 1935 2721 1715 2721 1716 2721 1935 2722 1716 2722 1936 2722 1936 2723 1716 2723 1717 2723 1936 2724 1717 2724 1937 2724 1937 2725 1717 2725 1718 2725 1937 2726 1718 2726 1938 2726 1938 2727 1718 2727 1719 2727 1938 2728 1719 2728 1939 2728 1939 2729 1719 2729 1720 2729 1939 2730 1720 2730 1940 2730 1940 2731 1720 2731 1721 2731 1940 2732 1721 2732 1941 2732 1941 2733 1721 2733 1722 2733 1941 2734 1722 2734 1942 2734 1942 2735 1722 2735 1723 2735 1942 2736 1723 2736 1943 2736 1943 2737 1723 2737 1724 2737 1943 2738 1724 2738 1944 2738 1944 2739 1724 2739 1725 2739 1944 2740 1725 2740 1945 2740 1945 2741 1725 2741 1726 2741 1945 2742 1726 2742 1946 2742 1946 2743 1726 2743 1727 2743 1946 2744 1727 2744 1947 2744 1947 2745 1727 2745 1728 2745 1947 2746 1728 2746 1948 2746 1948 2747 1728 2747 1729 2747 1948 2748 1729 2748 1949 2748 1949 2749 1729 2749 1730 2749 1949 2750 1730 2750 1950 2750 1950 2751 1730 2751 1731 2751 1950 2752 1731 2752 1951 2752 1951 2753 1731 2753 1732 2753 1951 2754 1732 2754 1952 2754 1952 2755 1732 2755 1733 2755 1952 2756 1733 2756 1953 2756 1953 2757 1733 2757 1734 2757 1953 2758 1734 2758 1954 2758 1954 2759 1734 2759 1735 2759 1954 2760 1735 2760 1955 2760 1955 2761 1735 2761 1736 2761 1955 2762 1736 2762 1956 2762 1956 2763 1736 2763 1737 2763 1956 2764 1737 2764 1957 2764 1957 2765 1737 2765 1738 2765 1957 2766 1738 2766 1958 2766 1958 2767 1738 2767 1739 2767 1958 2768 1739 2768 1959 2768 1959 2769 1739 2769 1740 2769 1959 2770 1740 2770 1960 2770 1960 2771 1740 2771 1741 2771 1960 2772 1741 2772 1961 2772 1961 2773 1741 2773 1742 2773 1961 2774 1742 2774 1962 2774 1962 2775 1742 2775 1743 2775 1962 2776 1743 2776 1963 2776 1963 2777 1743 2777 1744 2777 1963 2778 1744 2778 1964 2778 1964 2779 1744 2779 1745 2779 1964 2780 1745 2780 1965 2780 1965 2781 1745 2781 1746 2781 1965 2782 1746 2782 1966 2782 1966 2783 1746 2783 1747 2783 1966 2784 1747 2784 1967 2784 1967 2785 1747 2785 1748 2785 1967 2786 1748 2786 1968 2786 1968 2787 1748 2787 1749 2787 1968 2788 1749 2788 1969 2788 1969 2789 1749 2789 1750 2789 1969 2790 1750 2790 1970 2790 1970 2791 1750 2791 1751 2791 1970 2792 1751 2792 1971 2792 1971 2793 1751 2793 1752 2793 1971 2794 1752 2794 1972 2794 1972 2795 1752 2795 1753 2795 1972 2796 1753 2796 1973 2796 1973 2797 1753 2797 1754 2797 1973 2798 1754 2798 1974 2798 1974 2799 1754 2799 1755 2799 1974 2800 1755 2800 1975 2800 1975 2801 1755 2801 1756 2801 1975 2802 1756 2802 1976 2802 1976 2803 1756 2803 1757 2803 1976 2804 1757 2804 1977 2804 1977 2805 1757 2805 1758 2805 1977 2806 1758 2806 1978 2806 1978 2807 1758 2807 1759 2807 1978 2808 1759 2808 1979 2808 1979 2809 1759 2809 1760 2809 1979 2810 1760 2810 1980 2810 1980 2811 1760 2811 1761 2811 1980 2812 1761 2812 1981 2812 1981 2813 1761 2813 1762 2813 1981 2814 1762 2814 1982 2814 1982 2815 1762 2815 1763 2815 1982 2816 1763 2816 1983 2816 1983 2817 1763 2817 1764 2817 1983 2818 1764 2818 1984 2818 1984 2819 1764 2819 1765 2819 1984 2820 1765 2820 1985 2820 1985 2821 1765 2821 1892 2821 1674 2822 1893 2822 1673 2822 1673 2823 1893 2823 1986 2823 1673 2824 1986 2824 1766 2824 1766 2825 1986 2825 1987 2825 1766 2826 1987 2826 1767 2826 1767 2827 1987 2827 1988 2827 1767 2828 1988 2828 1768 2828 1768 2829 1988 2829 1989 2829 1768 2830 1989 2830 1769 2830 1769 2831 1989 2831 1990 2831 1769 2832 1990 2832 1770 2832 1770 2833 1990 2833 1991 2833 1770 2834 1991 2834 1771 2834 1771 2835 1991 2835 1992 2835 1771 2836 1992 2836 1772 2836 1772 2837 1992 2837 1993 2837 1772 2838 1993 2838 1773 2838 1773 2839 1993 2839 1994 2839 1773 2840 1994 2840 1774 2840 1774 2841 1994 2841 1995 2841 1774 2842 1995 2842 1775 2842 1775 2843 1995 2843 1996 2843 1775 2844 1996 2844 1776 2844 1776 2845 1996 2845 1997 2845 1776 2846 1997 2846 1777 2846 1777 2847 1997 2847 1998 2847 1777 2848 1998 2848 1778 2848 1778 2849 1998 2849 1999 2849 1778 2850 1999 2850 1779 2850 1779 2851 1999 2851 2000 2851 1779 2852 2000 2852 1780 2852 1780 2853 2000 2853 2001 2853 1780 2854 2001 2854 1781 2854 1781 2855 2001 2855 2002 2855 1781 2856 2002 2856 1782 2856 1782 2857 2002 2857 2003 2857 1782 2858 2003 2858 1783 2858 1783 2859 2003 2859 2004 2859 1783 2860 2004 2860 1784 2860 1784 2861 2004 2861 2005 2861 1784 2862 2005 2862 1785 2862 1785 2863 2005 2863 2006 2863 1785 2864 2006 2864 1786 2864 1786 2865 2006 2865 2007 2865 1786 2866 2007 2866 1787 2866 1787 2867 2007 2867 2008 2867 1787 2868 2008 2868 1788 2868 1788 2869 2008 2869 2009 2869 1788 2870 2009 2870 1789 2870 1789 2871 2009 2871 2010 2871 1789 2872 2010 2872 1790 2872 1790 2873 2010 2873 2011 2873 1790 2874 2011 2874 1791 2874 1791 2875 2011 2875 2012 2875 1791 2876 2012 2876 1792 2876 1792 2877 2012 2877 2013 2877 1792 2878 2013 2878 1793 2878 1793 2879 2013 2879 2014 2879 1793 2880 2014 2880 1794 2880 1794 2881 2014 2881 2015 2881 1794 2882 2015 2882 1795 2882 1795 2883 2015 2883 2016 2883 1795 2884 2016 2884 1796 2884 1796 2885 2016 2885 2017 2885 1796 2886 2017 2886 1797 2886 1797 2887 2017 2887 2018 2887 1797 2888 2018 2888 1798 2888 1798 2889 2018 2889 2019 2889 1798 2890 2019 2890 1799 2890 1799 2891 2019 2891 2020 2891 1799 2892 2020 2892 1800 2892 1800 2893 2020 2893 2021 2893 1800 2894 2021 2894 1801 2894 1801 2895 2021 2895 2022 2895 1801 2896 2022 2896 1802 2896 1802 2897 2022 2897 2023 2897 1802 2898 2023 2898 1803 2898 1803 2899 2023 2899 2024 2899 1803 2900 2024 2900 1804 2900 1804 2901 2024 2901 2025 2901 1804 2902 2025 2902 1805 2902 1805 2903 2025 2903 2026 2903 1805 2904 2026 2904 1806 2904 1806 2905 2026 2905 2027 2905 1806 2906 2027 2906 1807 2906 1807 2907 2027 2907 2028 2907 1807 2908 2028 2908 1808 2908 1808 2909 2028 2909 2029 2909 1808 2910 2029 2910 1809 2910 1809 2911 2029 2911 2030 2911 1809 2912 2030 2912 1810 2912 1810 2913 2030 2913 2031 2913 1810 2914 2031 2914 1811 2914 1811 2915 2031 2915 2032 2915 1811 2916 2032 2916 1812 2916 1812 2917 2032 2917 2033 2917 1812 2918 2033 2918 1813 2918 1813 2919 2033 2919 2034 2919 1813 2920 2034 2920 1814 2920 1814 2921 2034 2921 2035 2921 1814 2922 2035 2922 1815 2922 1815 2923 2035 2923 2036 2923 1815 2924 2036 2924 1816 2924 1816 2925 2036 2925 2037 2925 1816 2926 2037 2926 1817 2926 1817 2927 2037 2927 2038 2927 1817 2928 2038 2928 1818 2928 1818 2929 2038 2929 2039 2929 1818 2930 2039 2930 1819 2930 1819 2931 2039 2931 2040 2931 1819 2932 2040 2932 1820 2932 1820 2933 2040 2933 2041 2933 1820 2934 2041 2934 1821 2934 1821 2935 2041 2935 2042 2935 1821 2936 2042 2936 1822 2936 1822 2937 2042 2937 2043 2937 1822 2938 2043 2938 1823 2938 1823 2939 2043 2939 2044 2939 1823 2940 2044 2940 1824 2940 1824 2941 2044 2941 2045 2941 1824 2942 2045 2942 1825 2942 1825 2943 2045 2943 2046 2943 1825 2944 2046 2944 1826 2944 1826 2945 2046 2945 2047 2945 1826 2946 2047 2946 1827 2946 1827 2947 2047 2947 2048 2947 1827 2948 2048 2948 1828 2948 1828 2949 2048 2949 2049 2949 1828 2950 2049 2950 1829 2950 1829 2951 2049 2951 2050 2951 1829 2952 2050 2952 1830 2952 1830 2953 2050 2953 2051 2953 1830 2954 2051 2954 1831 2954 1831 2955 2051 2955 2052 2955 1831 2956 2052 2956 1832 2956 1832 2957 2052 2957 2053 2957 1832 2958 2053 2958 1833 2958 1833 2959 2053 2959 2054 2959 1833 2960 2054 2960 1834 2960 1834 2961 2054 2961 2055 2961 1834 2962 2055 2962 1835 2962 1835 2963 2055 2963 2056 2963 1835 2964 2056 2964 1836 2964 1836 2965 2056 2965 2057 2965 1836 2966 2057 2966 1837 2966 1837 2967 2057 2967 2058 2967 1837 2968 2058 2968 1838 2968 1838 2969 2058 2969 2059 2969 1838 2970 2059 2970 1839 2970 1839 2971 2059 2971 2060 2971 1839 2972 2060 2972 1840 2972 1840 2973 2060 2973 2061 2973 1840 2974 2061 2974 1841 2974 1841 2975 2061 2975 2062 2975 1841 2976 2062 2976 1842 2976 1842 2977 2062 2977 2063 2977 1842 2978 2063 2978 1843 2978 1843 2979 2063 2979 2064 2979 1843 2980 2064 2980 1844 2980 1844 2981 2064 2981 2065 2981 1844 2982 2065 2982 1845 2982 1845 2983 2065 2983 2066 2983 1845 2984 2066 2984 1846 2984 1846 2985 2066 2985 2067 2985 1846 2986 2067 2986 1847 2986 1847 2987 2067 2987 2068 2987 1847 2988 2068 2988 1848 2988 1848 2989 2068 2989 2069 2989 1848 2990 2069 2990 1849 2990 1849 2991 2069 2991 2070 2991 1849 2992 2070 2992 1850 2992 1850 2993 2070 2993 2071 2993 1850 2994 2071 2994 1851 2994 1851 2995 2071 2995 2072 2995 1851 2996 2072 2996 1852 2996 1852 2997 2072 2997 2073 2997 1852 2998 2073 2998 1853 2998 1853 2999 2073 2999 2074 2999 1853 3000 2074 3000 1854 3000 1854 3001 2074 3001 2075 3001 1854 3002 2075 3002 1855 3002 1855 3003 2075 3003 2076 3003 1855 3004 2076 3004 1856 3004 1856 3005 2076 3005 2077 3005 1856 3006 2077 3006 1857 3006 1857 3007 2077 3007 2078 3007 1857 3008 2078 3008 1858 3008 1858 3009 2078 3009 2079 3009 1858 3010 2079 3010 1859 3010 1859 3011 2079 3011 2080 3011 1859 3012 2080 3012 1860 3012 1860 3013 2080 3013 2081 3013 1860 3014 2081 3014 1861 3014 1861 3015 2081 3015 2082 3015 1861 3016 2082 3016 1862 3016 1862 3017 2082 3017 2083 3017 1862 3018 2083 3018 1863 3018 1863 3019 2083 3019 2084 3019 1863 3020 2084 3020 1864 3020 1864 3021 2084 3021 2085 3021 1864 3022 2085 3022 1865 3022 1865 3023 2085 3023 2086 3023 1865 3024 2086 3024 1866 3024 1866 3025 2086 3025 2087 3025 1866 3026 2087 3026 1867 3026 1867 3027 2087 3027 2088 3027 1867 3028 2088 3028 1868 3028 1868 3029 2088 3029 2089 3029 1868 3030 2089 3030 1869 3030 1869 3031 2089 3031 2090 3031 1869 3032 2090 3032 1870 3032 1870 3033 2090 3033 2091 3033 1870 3034 2091 3034 1871 3034 1871 3035 2091 3035 2092 3035 1871 3036 2092 3036 1872 3036 1872 3037 2092 3037 2093 3037 1872 3038 2093 3038 1873 3038 1873 3039 2093 3039 2094 3039 1873 3040 2094 3040 1874 3040 1874 3041 2094 3041 2095 3041 1874 3042 2095 3042 1875 3042 1875 3043 2095 3043 2096 3043 1875 3044 2096 3044 1876 3044 1876 3045 2096 3045 2097 3045 1876 3046 2097 3046 1877 3046 1877 3047 2097 3047 2098 3047 1877 3048 2098 3048 1878 3048 1878 3049 2098 3049 2099 3049 1878 3050 2099 3050 1879 3050 1879 3051 2099 3051 2100 3051 1879 3052 2100 3052 1880 3052 1880 3053 2100 3053 2101 3053 1880 3054 2101 3054 1881 3054 1881 3055 2101 3055 2102 3055 1881 3056 2102 3056 1882 3056 1882 3057 2102 3057 2103 3057 1882 3058 2103 3058 1883 3058 1883 3059 2103 3059 2104 3059 1883 3060 2104 3060 1884 3060 1884 3061 2104 3061 2105 3061 1884 3062 2105 3062 1885 3062 1885 3063 2105 3063 2106 3063 1885 3064 2106 3064 1886 3064 1886 3065 2106 3065 2107 3065 1886 3066 2107 3066 1887 3066 1887 3067 2107 3067 2108 3067 1887 3068 2108 3068 1888 3068 1888 3069 2108 3069 2109 3069 1888 3070 2109 3070 1889 3070 1889 3071 2109 3071 2110 3071 1889 3072 2110 3072 1890 3072 1890 3073 2110 3073 2111 3073 1890 3074 2111 3074 1891 3074 1891 3075 2111 3075 2112 3075 1891 3076 2112 3076 1892 3076 1892 3077 2112 3077 1985 3077 1132 3078 1894 3078 1134 3078 1134 3079 1894 3079 1895 3079 1134 3080 1895 3080 1136 3080 1136 3081 1895 3081 1896 3081 1136 3082 1896 3082 1138 3082 1138 3083 1896 3083 1897 3083 1138 3084 1897 3084 1140 3084 1140 3085 1897 3085 1898 3085 1140 3086 1898 3086 1142 3086 1142 3087 1898 3087 1899 3087 1142 3088 1899 3088 1144 3088 1144 3089 1899 3089 1900 3089 1144 3090 1900 3090 1146 3090 1146 3091 1900 3091 1901 3091 1146 3092 1901 3092 1148 3092 1148 3093 1901 3093 1902 3093 1148 3094 1902 3094 1150 3094 1150 3095 1902 3095 1903 3095 1150 3096 1903 3096 1152 3096 1152 3097 1903 3097 1904 3097 1152 3098 1904 3098 1154 3098 1154 3099 1904 3099 1905 3099 1154 3100 1905 3100 1156 3100 1156 3101 1905 3101 1906 3101 1156 3102 1906 3102 1158 3102 1158 3103 1906 3103 1907 3103 1158 3104 1907 3104 1160 3104 1160 3105 1907 3105 1908 3105 1160 3106 1908 3106 1162 3106 1162 3107 1908 3107 1909 3107 1162 3108 1909 3108 1164 3108 1164 3109 1909 3109 1910 3109 1164 3110 1910 3110 1166 3110 1166 3111 1910 3111 1911 3111 1166 3112 1911 3112 1168 3112 1168 3113 1911 3113 1912 3113 1168 3114 1912 3114 1170 3114 1170 3115 1912 3115 1913 3115 1170 3116 1913 3116 1172 3116 1172 3117 1913 3117 1914 3117 1172 3118 1914 3118 1174 3118 1174 3119 1914 3119 1915 3119 1174 3120 1915 3120 1176 3120 1176 3121 1915 3121 1916 3121 1176 3122 1916 3122 1178 3122 1178 3123 1916 3123 1917 3123 1178 3124 1917 3124 1180 3124 1180 3125 1917 3125 1918 3125 1180 3126 1918 3126 1182 3126 1182 3127 1918 3127 1919 3127 1182 3128 1919 3128 1184 3128 1184 3129 1919 3129 1920 3129 1184 3130 1920 3130 1186 3130 1186 3131 1920 3131 1921 3131 1186 3132 1921 3132 1188 3132 1188 3133 1921 3133 1922 3133 1188 3134 1922 3134 1190 3134 1190 3135 1922 3135 1923 3135 1190 3136 1923 3136 1192 3136 1192 3137 1923 3137 1924 3137 1192 3138 1924 3138 1194 3138 1194 3139 1924 3139 1925 3139 1194 3140 1925 3140 1196 3140 1196 3141 1925 3141 1926 3141 1196 3142 1926 3142 1198 3142 1198 3143 1926 3143 1927 3143 1198 3144 1927 3144 1451 3144 1451 3145 1927 3145 1928 3145 1451 3146 1928 3146 1449 3146 1449 3147 1928 3147 1929 3147 1449 3148 1929 3148 1447 3148 1447 3149 1929 3149 1930 3149 1447 3150 1930 3150 1445 3150 1445 3151 1930 3151 1931 3151 1445 3152 1931 3152 1443 3152 1443 3153 1931 3153 1932 3153 1443 3154 1932 3154 1441 3154 1441 3155 1932 3155 1933 3155 1441 3156 1933 3156 1439 3156 1439 3157 1933 3157 1934 3157 1439 3158 1934 3158 1437 3158 1437 3159 1934 3159 1935 3159 1437 3160 1935 3160 1435 3160 1435 3161 1935 3161 1936 3161 1435 3162 1936 3162 1433 3162 1433 3163 1936 3163 1937 3163 1433 3164 1937 3164 1431 3164 1431 3165 1937 3165 1938 3165 1431 3166 1938 3166 1429 3166 1429 3167 1938 3167 1939 3167 1429 3168 1939 3168 1427 3168 1427 3169 1939 3169 1940 3169 1427 3170 1940 3170 1425 3170 1425 3171 1940 3171 1941 3171 1425 3172 1941 3172 1423 3172 1423 3173 1941 3173 1942 3173 1423 3174 1942 3174 1421 3174 1421 3175 1942 3175 1943 3175 1421 3176 1943 3176 1419 3176 1419 3177 1943 3177 1944 3177 1419 3178 1944 3178 1417 3178 1417 3179 1944 3179 1945 3179 1417 3180 1945 3180 1415 3180 1415 3181 1945 3181 1946 3181 1415 3182 1946 3182 1413 3182 1413 3183 1946 3183 1947 3183 1413 3184 1947 3184 1411 3184 1411 3185 1947 3185 1948 3185 1411 3186 1948 3186 1409 3186 1409 3187 1948 3187 1949 3187 1409 3188 1949 3188 1407 3188 1407 3189 1949 3189 1950 3189 1407 3190 1950 3190 1405 3190 1405 3191 1950 3191 1951 3191 1405 3192 1951 3192 1403 3192 1403 3193 1951 3193 1952 3193 1403 3194 1952 3194 1401 3194 1401 3195 1952 3195 1953 3195 1401 3196 1953 3196 1399 3196 1399 3197 1953 3197 1954 3197 1399 3198 1954 3198 1397 3198 1397 3199 1954 3199 1955 3199 1397 3200 1955 3200 1395 3200 1395 3201 1955 3201 1956 3201 1395 3202 1956 3202 1393 3202 1393 3203 1956 3203 1957 3203 1393 3204 1957 3204 1391 3204 1391 3205 1957 3205 1958 3205 1391 3206 1958 3206 1389 3206 1389 3207 1958 3207 1959 3207 1389 3208 1959 3208 1387 3208 1387 3209 1959 3209 1960 3209 1387 3210 1960 3210 1385 3210 1385 3211 1960 3211 1961 3211 1385 3212 1961 3212 1383 3212 1383 3213 1961 3213 1962 3213 1383 3214 1962 3214 1381 3214 1381 3215 1962 3215 1963 3215 1381 3216 1963 3216 1379 3216 1379 3217 1963 3217 1964 3217 1379 3218 1964 3218 1377 3218 1377 3219 1964 3219 1965 3219 1377 3220 1965 3220 1375 3220 1375 3221 1965 3221 1966 3221 1375 3222 1966 3222 1373 3222 1373 3223 1966 3223 1967 3223 1373 3224 1967 3224 1371 3224 1371 3225 1967 3225 1968 3225 1371 3226 1968 3226 1369 3226 1369 3227 1968 3227 1969 3227 1369 3228 1969 3228 1367 3228 1367 3229 1969 3229 1970 3229 1367 3230 1970 3230 1365 3230 1365 3231 1970 3231 1971 3231 1365 3232 1971 3232 1363 3232 1363 3233 1971 3233 1972 3233 1363 3234 1972 3234 1361 3234 1361 3235 1972 3235 1973 3235 1361 3236 1973 3236 1359 3236 1359 3237 1973 3237 1974 3237 1359 3238 1974 3238 1357 3238 1357 3239 1974 3239 1975 3239 1357 3240 1975 3240 1355 3240 1355 3241 1975 3241 1976 3241 1355 3242 1976 3242 1353 3242 1353 3243 1976 3243 1977 3243 1353 3244 1977 3244 1351 3244 1351 3245 1977 3245 1978 3245 1351 3246 1978 3246 1349 3246 1349 3247 1978 3247 1979 3247 1349 3248 1979 3248 1347 3248 1347 3249 1979 3249 1980 3249 1347 3250 1980 3250 1345 3250 1345 3251 1980 3251 1981 3251 1345 3252 1981 3252 1343 3252 1343 3253 1981 3253 1982 3253 1343 3254 1982 3254 1341 3254 1341 3255 1982 3255 1983 3255 1341 3256 1983 3256 1339 3256 1339 3257 1983 3257 1984 3257 1339 3258 1984 3258 1337 3258 1337 3259 1984 3259 1985 3259 1337 3260 1985 3260 1335 3260 1335 3261 1985 3261 2112 3261 1894 3262 1132 3262 1893 3262 1893 3263 1132 3263 1130 3263 1893 3264 1130 3264 1986 3264 1986 3265 1130 3265 1128 3265 1986 3266 1128 3266 1987 3266 1987 3267 1128 3267 1126 3267 1987 3268 1126 3268 1988 3268 1988 3269 1126 3269 1124 3269 1988 3270 1124 3270 1989 3270 1989 3271 1124 3271 1122 3271 1989 3272 1122 3272 1990 3272 1990 3273 1122 3273 1120 3273 1990 3274 1120 3274 1991 3274 1991 3275 1120 3275 1118 3275 1991 3276 1118 3276 1992 3276 1992 3277 1118 3277 1116 3277 1992 3278 1116 3278 1993 3278 1993 3279 1116 3279 1114 3279 1993 3280 1114 3280 1994 3280 1994 3281 1114 3281 1112 3281 1994 3282 1112 3282 1995 3282 1995 3283 1112 3283 1110 3283 1995 3284 1110 3284 1996 3284 1996 3285 1110 3285 1108 3285 1996 3286 1108 3286 1997 3286 1997 3287 1108 3287 1106 3287 1997 3288 1106 3288 1998 3288 1998 3289 1106 3289 1104 3289 1998 3290 1104 3290 1999 3290 1999 3291 1104 3291 1102 3291 1999 3292 1102 3292 2000 3292 2000 3293 1102 3293 1100 3293 2000 3294 1100 3294 2001 3294 2001 3295 1100 3295 1098 3295 2001 3296 1098 3296 2002 3296 2002 3297 1098 3297 1096 3297 2002 3298 1096 3298 2003 3298 2003 3299 1096 3299 1094 3299 2003 3300 1094 3300 2004 3300 2004 3301 1094 3301 1092 3301 2004 3302 1092 3302 2005 3302 2005 3303 1092 3303 1090 3303 2005 3304 1090 3304 2006 3304 2006 3305 1090 3305 1088 3305 2006 3306 1088 3306 2007 3306 2007 3307 1088 3307 1086 3307 2007 3308 1086 3308 2008 3308 2008 3309 1086 3309 1084 3309 2008 3310 1084 3310 2009 3310 2009 3311 1084 3311 1082 3311 2009 3312 1082 3312 2010 3312 2010 3313 1082 3313 1080 3313 2010 3314 1080 3314 2011 3314 2011 3315 1080 3315 1078 3315 2011 3316 1078 3316 2012 3316 2012 3317 1078 3317 1076 3317 2012 3318 1076 3318 2013 3318 2013 3319 1076 3319 1074 3319 2013 3320 1074 3320 2014 3320 2014 3321 1074 3321 1072 3321 2014 3322 1072 3322 2015 3322 2015 3323 1072 3323 1070 3323 2015 3324 1070 3324 2016 3324 2016 3325 1070 3325 1068 3325 2016 3326 1068 3326 2017 3326 2017 3327 1068 3327 1066 3327 2017 3328 1066 3328 2018 3328 2018 3329 1066 3329 1064 3329 2018 3330 1064 3330 2019 3330 2019 3331 1064 3331 1062 3331 2019 3332 1062 3332 2020 3332 2020 3333 1062 3333 1060 3333 2020 3334 1060 3334 2021 3334 2021 3335 1060 3335 1058 3335 2021 3336 1058 3336 2022 3336 2022 3337 1058 3337 1056 3337 2022 3338 1056 3338 2023 3338 2023 3339 1056 3339 1054 3339 2023 3340 1054 3340 2024 3340 2024 3341 1054 3341 1052 3341 2024 3342 1052 3342 2025 3342 2025 3343 1052 3343 1050 3343 2025 3344 1050 3344 2026 3344 2026 3345 1050 3345 1048 3345 2026 3346 1048 3346 2027 3346 2027 3347 1048 3347 1046 3347 2027 3348 1046 3348 2028 3348 2028 3349 1046 3349 1044 3349 2028 3350 1044 3350 2029 3350 2029 3351 1044 3351 1042 3351 2029 3352 1042 3352 2030 3352 2030 3353 1042 3353 1040 3353 2030 3354 1040 3354 2031 3354 2031 3355 1040 3355 1038 3355 2031 3356 1038 3356 2032 3356 2032 3357 1038 3357 1036 3357 2032 3358 1036 3358 2033 3358 2033 3359 1036 3359 1034 3359 2033 3360 1034 3360 2034 3360 2034 3361 1034 3361 1032 3361 2034 3362 1032 3362 2035 3362 2035 3363 1032 3363 1030 3363 2035 3364 1030 3364 2036 3364 2036 3365 1030 3365 1028 3365 2036 3366 1028 3366 2037 3366 2037 3367 1028 3367 1026 3367 2037 3368 1026 3368 2038 3368 2038 3369 1026 3369 1024 3369 2038 3370 1024 3370 2039 3370 2039 3371 1024 3371 1022 3371 2039 3372 1022 3372 2040 3372 2040 3373 1022 3373 1020 3373 2040 3374 1020 3374 2041 3374 2041 3375 1020 3375 1018 3375 2041 3376 1018 3376 2042 3376 2042 3377 1018 3377 1016 3377 2042 3378 1016 3378 2043 3378 2043 3379 1016 3379 1014 3379 2043 3380 1014 3380 2044 3380 2044 3381 1014 3381 1199 3381 2044 3382 1199 3382 2045 3382 2045 3383 1199 3383 1201 3383 2045 3384 1201 3384 2046 3384 2046 3385 1201 3385 1203 3385 2046 3386 1203 3386 2047 3386 2047 3387 1203 3387 1205 3387 2047 3388 1205 3388 2048 3388 2048 3389 1205 3389 1207 3389 2048 3390 1207 3390 2049 3390 2049 3391 1207 3391 1209 3391 2049 3392 1209 3392 2050 3392 2050 3393 1209 3393 1211 3393 2050 3394 1211 3394 2051 3394 2051 3395 1211 3395 1213 3395 2051 3396 1213 3396 2052 3396 2052 3397 1213 3397 1215 3397 2052 3398 1215 3398 2053 3398 2053 3399 1215 3399 1217 3399 2053 3400 1217 3400 2054 3400 2054 3401 1217 3401 1219 3401 2054 3402 1219 3402 2055 3402 2055 3403 1219 3403 1221 3403 2055 3404 1221 3404 2056 3404 2056 3405 1221 3405 1223 3405 2056 3406 1223 3406 2057 3406 2057 3407 1223 3407 1225 3407 2057 3408 1225 3408 2058 3408 2058 3409 1225 3409 1227 3409 2058 3410 1227 3410 2059 3410 2059 3411 1227 3411 1229 3411 2059 3412 1229 3412 2060 3412 2060 3413 1229 3413 1231 3413 2060 3414 1231 3414 2061 3414 2061 3415 1231 3415 1233 3415 2061 3416 1233 3416 2062 3416 2062 3417 1233 3417 1235 3417 2062 3418 1235 3418 2063 3418 2063 3419 1235 3419 1237 3419 2063 3420 1237 3420 2064 3420 2064 3421 1237 3421 1239 3421 2064 3422 1239 3422 2065 3422 2065 3423 1239 3423 1241 3423 2065 3424 1241 3424 2066 3424 2066 3425 1241 3425 1243 3425 2066 3426 1243 3426 2067 3426 2067 3427 1243 3427 1245 3427 2067 3428 1245 3428 2068 3428 2068 3429 1245 3429 1247 3429 2068 3430 1247 3430 2069 3430 2069 3431 1247 3431 1249 3431 2069 3432 1249 3432 2070 3432 2070 3433 1249 3433 1251 3433 2070 3434 1251 3434 2071 3434 2071 3435 1251 3435 1253 3435 2071 3436 1253 3436 2072 3436 2072 3437 1253 3437 1255 3437 2072 3438 1255 3438 2073 3438 2073 3439 1255 3439 1257 3439 2073 3440 1257 3440 2074 3440 2074 3441 1257 3441 1259 3441 2074 3442 1259 3442 2075 3442 2075 3443 1259 3443 1261 3443 2075 3444 1261 3444 2076 3444 2076 3445 1261 3445 1263 3445 2076 3446 1263 3446 2077 3446 2077 3447 1263 3447 1265 3447 2077 3448 1265 3448 2078 3448 2078 3449 1265 3449 1267 3449 2078 3450 1267 3450 2079 3450 2079 3451 1267 3451 1269 3451 2079 3452 1269 3452 2080 3452 2080 3453 1269 3453 1271 3453 2080 3454 1271 3454 2081 3454 2081 3455 1271 3455 1273 3455 2081 3456 1273 3456 2082 3456 2082 3457 1273 3457 1275 3457 2082 3458 1275 3458 2083 3458 2083 3459 1275 3459 1277 3459 2083 3460 1277 3460 2084 3460 2084 3461 1277 3461 1279 3461 2084 3462 1279 3462 2085 3462 2085 3463 1279 3463 1281 3463 2085 3464 1281 3464 2086 3464 2086 3465 1281 3465 1283 3465 2086 3466 1283 3466 2087 3466 2087 3467 1283 3467 1285 3467 2087 3468 1285 3468 2088 3468 2088 3469 1285 3469 1287 3469 2088 3470 1287 3470 2089 3470 2089 3471 1287 3471 1289 3471 2089 3472 1289 3472 2090 3472 2090 3473 1289 3473 1291 3473 2090 3474 1291 3474 2091 3474 2091 3475 1291 3475 1293 3475 2091 3476 1293 3476 2092 3476 2092 3477 1293 3477 1295 3477 2092 3478 1295 3478 2093 3478 2093 3479 1295 3479 1297 3479 2093 3480 1297 3480 2094 3480 2094 3481 1297 3481 1299 3481 2094 3482 1299 3482 2095 3482 2095 3483 1299 3483 1301 3483 2095 3484 1301 3484 2096 3484 2096 3485 1301 3485 1303 3485 2096 3486 1303 3486 2097 3486 2097 3487 1303 3487 1305 3487 2097 3488 1305 3488 2098 3488 2098 3489 1305 3489 1307 3489 2098 3490 1307 3490 2099 3490 2099 3491 1307 3491 1309 3491 2099 3492 1309 3492 2100 3492 2100 3493 1309 3493 1311 3493 2100 3494 1311 3494 2101 3494 2101 3495 1311 3495 1313 3495 2101 3496 1313 3496 2102 3496 2102 3497 1313 3497 1315 3497 2102 3498 1315 3498 2103 3498 2103 3499 1315 3499 1317 3499 2103 3500 1317 3500 2104 3500 2104 3501 1317 3501 1319 3501 2104 3502 1319 3502 2105 3502 2105 3503 1319 3503 1321 3503 2105 3504 1321 3504 2106 3504 2106 3505 1321 3505 1323 3505 2106 3506 1323 3506 2107 3506 2107 3507 1323 3507 1325 3507 2107 3508 1325 3508 2108 3508 2108 3509 1325 3509 1327 3509 2108 3510 1327 3510 2109 3510 2109 3511 1327 3511 1329 3511 2109 3512 1329 3512 2110 3512 2110 3513 1329 3513 1331 3513 2110 3514 1331 3514 2111 3514 2111 3515 1331 3515 1333 3515 2111 3516 1333 3516 2112 3516 2112 3517 1333 3517 1335 3517 2113 887 2114 887 2115 887 2116 3518 2117 3518 2118 3518 2114 887 2119 887 2115 887 2115 3519 2119 3519 2120 3519 2115 3520 2120 3520 2121 3520 2122 3521 2123 3521 2116 3521 2116 3522 2123 3522 2124 3522 2116 887 2124 887 2117 887 2120 3523 2125 3523 2121 3523 2121 3524 2125 3524 2126 3524 2121 3525 2126 3525 2127 3525 2118 3526 2128 3526 2116 3526 2116 3527 2128 3527 2129 3527 2116 3528 2129 3528 2130 3528 2129 3529 2131 3529 2130 3529 2130 3530 2131 3530 2132 3530 2130 3531 2132 3531 2133 3531 2134 3532 2135 3532 2136 3532 2137 3533 2138 3533 2122 3533 2122 3534 2138 3534 2139 3534 2122 3535 2139 3535 2123 3535 2133 3536 2140 3536 2130 3536 2130 3537 2140 3537 2141 3537 2130 3538 2141 3538 2134 3538 2134 3539 2141 3539 2142 3539 2134 3540 2142 3540 2135 3540 2136 3541 2143 3541 2134 3541 2134 3524 2143 3524 2144 3524 2134 3542 2144 3542 2115 3542 2115 3543 2144 3543 2145 3543 2115 3544 2145 3544 2113 3544 2127 3545 2146 3545 2121 3545 2121 3546 2146 3546 2147 3546 2121 3547 2147 3547 2122 3547 2122 3548 2147 3548 2148 3548 2122 3549 2148 3549 2137 3549 2149 845 2150 845 2151 845 2150 845 2152 845 2151 845 2151 3550 2152 3550 2153 3550 2151 3551 2153 3551 2154 3551 2153 3552 2155 3552 2154 3552 2154 3553 2155 3553 2156 3553 2154 3554 2156 3554 2157 3554 2158 3555 2159 3555 2160 3555 2157 3556 2161 3556 2154 3556 2154 3557 2161 3557 2162 3557 2154 3558 2162 3558 2158 3558 2158 3559 2162 3559 2163 3559 2158 3560 2163 3560 2159 3560 2160 3561 2164 3561 2158 3561 2158 3562 2164 3562 2165 3562 2158 3563 2165 3563 2166 3563 2167 3564 2168 3564 2169 3564 2170 3565 2171 3565 2172 3565 2172 3566 2173 3566 2170 3566 2170 3567 2173 3567 2174 3567 2170 3568 2174 3568 2151 3568 2151 845 2174 845 2175 845 2151 3569 2175 3569 2149 3569 2165 845 2176 845 2166 845 2166 845 2176 845 2177 845 2166 845 2177 845 2178 845 2178 845 2179 845 2166 845 2166 3570 2179 3570 2180 3570 2166 3571 2180 3571 2169 3571 2169 3572 2180 3572 2181 3572 2169 3573 2181 3573 2167 3573 2168 3574 2182 3574 2169 3574 2169 3575 2182 3575 2183 3575 2169 3576 2183 3576 2170 3576 2170 3577 2183 3577 2184 3577 2170 3578 2184 3578 2171 3578 2130 3579 2134 3579 2170 3579 2170 3580 2134 3580 2169 3580 2185 3581 2130 3581 2186 3581 2186 3582 2130 3582 2170 3582 2122 3583 2116 3583 2154 3583 2154 3584 2116 3584 2187 3584 2121 3585 2122 3585 2158 3585 2158 3586 2122 3586 2154 3586 2188 3587 2121 3587 2189 3587 2189 3588 2121 3588 2158 3588 2134 3589 2115 3589 2169 3589 2169 3590 2115 3590 2190 3590 2191 3591 2192 3591 2128 3591 2128 3592 2192 3592 2149 3592 2128 3593 2149 3593 2129 3593 2129 3594 2149 3594 2175 3594 2129 3595 2175 3595 2131 3595 2131 3595 2175 3595 2174 3595 2131 3596 2174 3596 2132 3596 2132 3597 2174 3597 2173 3597 2132 3598 2173 3598 2133 3598 2133 3599 2173 3599 2172 3599 2133 3600 2172 3600 2140 3600 2140 3601 2172 3601 2171 3601 2140 3602 2171 3602 2141 3602 2141 3602 2171 3602 2184 3602 2141 3603 2184 3603 2142 3603 2142 3604 2184 3604 2183 3604 2142 3605 2183 3605 2135 3605 2135 3606 2183 3606 2182 3606 2135 3607 2182 3607 2136 3607 2136 3608 2182 3608 2168 3608 2136 3609 2168 3609 2143 3609 2143 3610 2168 3610 2167 3610 2143 3611 2167 3611 2144 3611 2144 3612 2167 3612 2181 3612 2144 3613 2181 3613 2145 3613 2145 3614 2181 3614 2180 3614 2145 3615 2180 3615 2113 3615 2113 3616 2180 3616 2179 3616 2113 3617 2179 3617 2193 3617 2193 3618 2179 3618 2194 3618 2193 3619 2194 3619 2119 3619 2119 3620 2194 3620 2177 3620 2119 3621 2177 3621 2120 3621 2120 3622 2177 3622 2176 3622 2120 3623 2176 3623 2125 3623 2125 3623 2176 3623 2165 3623 2125 3624 2165 3624 2126 3624 2126 3625 2165 3625 2164 3625 2126 3626 2164 3626 2127 3626 2127 3627 2164 3627 2160 3627 2127 3628 2160 3628 2146 3628 2146 3629 2160 3629 2159 3629 2146 3630 2159 3630 2147 3630 2147 3631 2159 3631 2163 3631 2147 3632 2163 3632 2148 3632 2148 3633 2163 3633 2162 3633 2148 3634 2162 3634 2137 3634 2137 3635 2162 3635 2161 3635 2137 3636 2161 3636 2138 3636 2138 3637 2161 3637 2157 3637 2138 3638 2157 3638 2139 3638 2139 3639 2157 3639 2156 3639 2139 3640 2156 3640 2123 3640 2123 3641 2156 3641 2155 3641 2123 3642 2155 3642 2124 3642 2124 3643 2155 3643 2153 3643 2124 3644 2153 3644 2117 3644 2117 3645 2153 3645 2152 3645 2117 3646 2152 3646 2191 3646 2191 3647 2152 3647 2192 3647 2195 887 2196 887 2197 887 2198 3648 2199 3648 2197 3648 2197 3649 2199 3649 2200 3649 2197 887 2200 887 2195 887 2201 887 2202 887 2197 887 2197 3650 2202 3650 2203 3650 2197 3651 2203 3651 2198 3651 2204 887 2205 887 2197 887 2197 3652 2205 3652 2206 3652 2197 3653 2206 3653 2201 3653 2207 3654 2208 3654 2197 3654 2197 3655 2208 3655 2209 3655 2197 3656 2209 3656 2204 3656 2210 3657 2211 3657 2197 3657 2197 3658 2211 3658 2212 3658 2197 3659 2212 3659 2207 3659 2213 887 2214 887 2197 887 2197 3660 2214 3660 2215 3660 2197 3661 2215 3661 2210 3661 2216 887 2217 887 2197 887 2197 3662 2217 3662 2218 3662 2197 3663 2218 3663 2213 3663 2219 887 2220 887 2197 887 2197 3664 2220 3664 2221 3664 2197 3665 2221 3665 2216 3665 2222 887 2223 887 2197 887 2197 887 2223 887 2224 887 2197 3666 2224 3666 2219 3666 2225 887 2226 887 2197 887 2197 887 2226 887 2227 887 2197 887 2227 887 2222 887 2228 887 2229 887 2197 887 2197 3667 2229 3667 2230 3667 2197 3668 2230 3668 2225 3668 2231 3669 2232 3669 2197 3669 2197 3670 2232 3670 2233 3670 2197 3663 2233 3663 2228 3663 2234 3671 2235 3671 2197 3671 2197 3672 2235 3672 2236 3672 2197 3673 2236 3673 2231 3673 2237 3674 2238 3674 2197 3674 2197 3675 2238 3675 2239 3675 2197 3676 2239 3676 2234 3676 2240 887 2241 887 2197 887 2197 3677 2241 3677 2242 3677 2197 3678 2242 3678 2237 3678 2243 3679 2244 3679 2197 3679 2197 3680 2244 3680 2245 3680 2197 3681 2245 3681 2240 3681 2196 887 2246 887 2197 887 2197 887 2246 887 2247 887 2197 3682 2247 3682 2243 3682 2248 3683 2249 3683 2250 3683 2248 3684 2250 3684 2251 3684 2249 3685 2248 3685 2252 3685 2252 3686 2248 3686 2253 3686 2252 3687 2253 3687 2254 3687 2254 3688 2253 3688 2255 3688 2255 3689 2253 3689 2256 3689 2255 3690 2256 3690 2257 3690 2258 3691 2259 3691 2260 3691 2260 3692 2259 3692 2261 3692 2260 3693 2261 3693 2256 3693 2256 3694 2261 3694 2262 3694 2256 3695 2262 3695 2257 3695 2263 3696 2264 3696 2265 3696 2265 3697 2264 3697 2266 3697 2265 3698 2266 3698 2260 3698 2260 3699 2266 3699 2267 3699 2260 3700 2267 3700 2258 3700 2268 3701 2269 3701 2263 3701 2263 3702 2269 3702 2270 3702 2263 3703 2270 3703 2264 3703 2271 3704 2272 3704 2273 3704 2273 3705 2272 3705 2274 3705 2273 3706 2274 3706 2268 3706 2268 3707 2274 3707 2275 3707 2268 3708 2275 3708 2269 3708 2271 3709 2273 3709 2276 3709 2276 3710 2273 3710 2277 3710 2276 3711 2277 3711 2278 3711 2278 3712 2277 3712 2279 3712 2279 3713 2277 3713 2280 3713 2279 3714 2280 3714 2281 3714 2282 3715 2283 3715 2280 3715 2280 3716 2283 3716 2284 3716 2280 3717 2284 3717 2281 3717 2285 3718 2286 3718 2282 3718 2282 3719 2286 3719 2287 3719 2282 3720 2287 3720 2283 3720 2288 3721 2289 3721 2290 3721 2290 3722 2289 3722 2291 3722 2290 3723 2291 3723 2285 3723 2285 3724 2291 3724 2292 3724 2285 3725 2292 3725 2286 3725 2288 3726 2290 3726 2293 3726 2293 3727 2290 3727 2294 3727 2293 3728 2294 3728 2295 3728 2295 3729 2294 3729 2296 3729 2296 3730 2294 3730 2297 3730 2296 3731 2297 3731 2298 3731 2299 3732 2300 3732 2297 3732 2297 3733 2300 3733 2301 3733 2297 3734 2301 3734 2298 3734 2302 3735 2303 3735 2299 3735 2299 3736 2303 3736 2304 3736 2299 3737 2304 3737 2300 3737 2305 3738 2306 3738 2307 3738 2307 3739 2306 3739 2308 3739 2307 3740 2308 3740 2302 3740 2302 3741 2308 3741 2309 3741 2302 3742 2309 3742 2303 3742 2305 3743 2307 3743 2310 3743 2310 3744 2307 3744 2311 3744 2310 3745 2311 3745 2312 3745 2312 3746 2311 3746 2313 3746 2313 3747 2311 3747 2314 3747 2313 3748 2314 3748 2315 3748 2316 3749 2317 3749 2314 3749 2314 3750 2317 3750 2318 3750 2314 3751 2318 3751 2315 3751 2319 3752 2320 3752 2316 3752 2316 3753 2320 3753 2321 3753 2316 3754 2321 3754 2317 3754 2322 3755 2323 3755 2324 3755 2324 3756 2323 3756 2325 3756 2324 3757 2325 3757 2319 3757 2319 3758 2325 3758 2326 3758 2319 3759 2326 3759 2320 3759 2322 3760 2324 3760 2327 3760 2327 3761 2324 3761 2328 3761 2327 3762 2328 3762 2329 3762 2329 3763 2328 3763 2330 3763 2330 3764 2328 3764 2331 3764 2330 3765 2331 3765 2332 3765 2333 3766 2334 3766 2331 3766 2331 3767 2334 3767 2335 3767 2331 3768 2335 3768 2332 3768 2336 3769 2337 3769 2333 3769 2333 3770 2337 3770 2338 3770 2333 3771 2338 3771 2334 3771 2339 3772 2340 3772 2341 3772 2341 3773 2340 3773 2342 3773 2341 3774 2342 3774 2336 3774 2336 3775 2342 3775 2343 3775 2336 3776 2343 3776 2337 3776 2339 3777 2341 3777 2344 3777 2344 3778 2341 3778 2345 3778 2344 3779 2345 3779 2346 3779 2346 3780 2345 3780 2347 3780 2347 3781 2345 3781 2348 3781 2347 3782 2348 3782 2349 3782 2350 3783 2351 3783 2348 3783 2348 3784 2351 3784 2352 3784 2348 3785 2352 3785 2349 3785 2353 3786 2354 3786 2350 3786 2350 3787 2354 3787 2355 3787 2350 3788 2355 3788 2351 3788 2356 3789 2357 3789 2358 3789 2358 3790 2357 3790 2359 3790 2358 3791 2359 3791 2353 3791 2353 3792 2359 3792 2360 3792 2353 3793 2360 3793 2354 3793 2356 3794 2358 3794 2361 3794 2361 3795 2358 3795 2362 3795 2361 3796 2362 3796 2363 3796 2363 3797 2362 3797 2364 3797 2364 3798 2362 3798 2365 3798 2364 3799 2365 3799 2366 3799 2367 3800 2368 3800 2365 3800 2365 3801 2368 3801 2369 3801 2365 3802 2369 3802 2366 3802 2250 3803 2370 3803 2251 3803 2251 3804 2370 3804 2371 3804 2251 3805 2371 3805 2367 3805 2367 3806 2371 3806 2372 3806 2367 3807 2372 3807 2368 3807 2373 845 2260 845 2374 845 2374 845 2260 845 2256 845 2374 845 2256 845 2375 845 2375 3808 2256 3808 2253 3808 2375 3809 2253 3809 2376 3809 2376 845 2253 845 2248 845 2376 845 2248 845 2377 845 2377 845 2248 845 2378 845 2377 845 2378 845 2379 845 2379 845 2378 845 2367 845 2379 845 2367 845 2380 845 2380 845 2367 845 2365 845 2380 3810 2365 3810 2381 3810 2382 3811 2282 3811 2383 3811 2383 3812 2282 3812 2280 3812 2383 845 2280 845 2384 845 2384 3813 2280 3813 2277 3813 2384 845 2277 845 2385 845 2385 3814 2277 3814 2273 3814 2385 3815 2273 3815 2386 3815 2386 3816 2273 3816 2268 3816 2386 3817 2268 3817 2387 3817 2387 3818 2268 3818 2263 3818 2387 3819 2263 3819 2373 3819 2373 3820 2263 3820 2265 3820 2373 3821 2265 3821 2260 3821 2365 845 2362 845 2381 845 2381 3822 2362 3822 2358 3822 2381 3823 2358 3823 2388 3823 2388 3824 2358 3824 2353 3824 2388 3825 2353 3825 2389 3825 2389 3826 2353 3826 2350 3826 2389 3827 2350 3827 2390 3827 2390 3828 2350 3828 2348 3828 2390 3829 2348 3829 2391 3829 2391 3830 2348 3830 2345 3830 2391 845 2345 845 2392 845 2392 3831 2345 3831 2341 3831 2392 845 2341 845 2393 845 2394 3832 2307 3832 2395 3832 2395 845 2307 845 2302 845 2395 3833 2302 3833 2396 3833 2396 845 2302 845 2299 845 2396 3834 2299 3834 2397 3834 2397 3835 2299 3835 2297 3835 2397 845 2297 845 2398 845 2398 845 2297 845 2294 845 2398 845 2294 845 2399 845 2399 3836 2294 3836 2290 3836 2399 3837 2290 3837 2382 3837 2382 3838 2290 3838 2285 3838 2382 3839 2285 3839 2282 3839 2341 3840 2336 3840 2393 3840 2393 3841 2336 3841 2333 3841 2393 3842 2333 3842 2400 3842 2400 3843 2333 3843 2331 3843 2400 3844 2331 3844 2401 3844 2401 3845 2331 3845 2328 3845 2401 3846 2328 3846 2402 3846 2402 3847 2328 3847 2324 3847 2402 3848 2324 3848 2403 3848 2403 845 2324 845 2319 845 2403 845 2319 845 2404 845 2404 845 2319 845 2316 845 2404 3849 2316 3849 2405 3849 2405 3850 2316 3850 2314 3850 2405 845 2314 845 2394 845 2394 3851 2314 3851 2311 3851 2394 845 2311 845 2307 845 2406 3852 2407 3852 2408 3852 2408 3853 2407 3853 2379 3853 2408 3854 2379 3854 2409 3854 2409 3855 2379 3855 2380 3855 2409 3856 2380 3856 2410 3856 2410 3857 2380 3857 2381 3857 2410 3858 2381 3858 2411 3858 2411 3859 2381 3859 2388 3859 2411 3860 2388 3860 2412 3860 2412 3861 2388 3861 2389 3861 2412 3862 2389 3862 2413 3862 2413 3863 2389 3863 2390 3863 2413 3864 2390 3864 2414 3864 2414 3865 2390 3865 2391 3865 2414 3866 2391 3866 2415 3866 2415 3867 2391 3867 2392 3867 2415 3868 2392 3868 2416 3868 2416 3869 2392 3869 2393 3869 2416 3870 2393 3870 2417 3870 2417 3871 2393 3871 2400 3871 2417 3872 2400 3872 2418 3872 2418 3873 2400 3873 2401 3873 2418 3874 2401 3874 2419 3874 2419 3875 2401 3875 2402 3875 2419 3876 2402 3876 2420 3876 2420 3877 2402 3877 2403 3877 2420 3878 2403 3878 2421 3878 2421 3879 2403 3879 2404 3879 2421 3880 2404 3880 2422 3880 2422 3881 2404 3881 2405 3881 2422 3882 2405 3882 2423 3882 2423 3883 2405 3883 2424 3883 2423 3884 2424 3884 2425 3884 2425 3885 2424 3885 2395 3885 2425 3886 2395 3886 2426 3886 2426 3887 2395 3887 2396 3887 2426 3888 2396 3888 2427 3888 2427 3889 2396 3889 2397 3889 2427 3890 2397 3890 2428 3890 2428 3891 2397 3891 2398 3891 2428 3892 2398 3892 2429 3892 2429 3893 2398 3893 2399 3893 2429 3894 2399 3894 2430 3894 2430 3895 2399 3895 2382 3895 2430 3896 2382 3896 2431 3896 2431 3897 2382 3897 2383 3897 2431 3898 2383 3898 2432 3898 2432 3899 2383 3899 2384 3899 2432 3900 2384 3900 2433 3900 2433 3901 2384 3901 2385 3901 2433 3902 2385 3902 2434 3902 2434 3903 2385 3903 2386 3903 2434 3904 2386 3904 2435 3904 2435 3904 2386 3904 2387 3904 2435 3905 2387 3905 2436 3905 2436 3906 2387 3906 2373 3906 2436 3907 2373 3907 2437 3907 2437 3908 2373 3908 2374 3908 2437 3909 2374 3909 2438 3909 2438 3910 2374 3910 2375 3910 2438 3911 2375 3911 2439 3911 2439 3912 2375 3912 2376 3912 2439 3913 2376 3913 2406 3913 2406 3914 2376 3914 2407 3914 2415 887 2440 887 2414 887 2414 3915 2440 3915 2441 3915 2414 3916 2441 3916 2413 3916 2413 3917 2441 3917 2442 3917 2413 3918 2442 3918 2412 3918 2412 3919 2442 3919 2443 3919 2412 3920 2443 3920 2411 3920 2411 3921 2443 3921 2444 3921 2411 887 2444 887 2410 887 2410 887 2444 887 2445 887 2410 3922 2445 3922 2409 3922 2409 3923 2445 3923 2446 3923 2409 887 2446 887 2408 887 2408 3924 2446 3924 2447 3924 2408 887 2447 887 2448 887 2448 887 2447 887 2449 887 2448 887 2449 887 2439 887 2439 887 2449 887 2450 887 2439 3925 2450 3925 2438 3925 2438 887 2450 887 2451 887 2438 3926 2451 3926 2437 3926 2437 3927 2451 3927 2452 3927 2437 887 2452 887 2436 887 2436 3928 2452 3928 2453 3928 2436 3929 2453 3929 2435 3929 2435 887 2453 887 2454 887 2435 3930 2454 3930 2434 3930 2434 3931 2454 3931 2455 3931 2434 3932 2455 3932 2433 3932 2433 3933 2455 3933 2456 3933 2433 887 2456 887 2432 887 2456 887 2457 887 2432 887 2432 887 2457 887 2458 887 2432 887 2458 887 2431 887 2431 3934 2458 3934 2459 3934 2431 3935 2459 3935 2430 3935 2430 3936 2459 3936 2460 3936 2430 3937 2460 3937 2429 3937 2429 3938 2460 3938 2461 3938 2429 3939 2461 3939 2428 3939 2428 3940 2461 3940 2462 3940 2428 887 2462 887 2427 887 2427 887 2462 887 2463 887 2427 887 2463 887 2426 887 2426 887 2463 887 2464 887 2426 887 2464 887 2425 887 2425 887 2464 887 2465 887 2425 887 2465 887 2466 887 2466 887 2465 887 2467 887 2466 887 2467 887 2422 887 2422 887 2467 887 2468 887 2422 3941 2468 3941 2421 3941 2421 887 2468 887 2469 887 2421 3942 2469 3942 2420 3942 2420 3943 2469 3943 2470 3943 2420 3944 2470 3944 2419 3944 2419 3945 2470 3945 2471 3945 2419 3946 2471 3946 2418 3946 2418 887 2471 887 2472 887 2418 3947 2472 3947 2417 3947 2417 3948 2472 3948 2473 3948 2417 3949 2473 3949 2416 3949 2416 887 2473 887 2474 887 2416 887 2474 887 2415 887 2415 3950 2474 3950 2475 3950 2415 887 2475 887 2440 887 2476 3951 2477 3951 2478 3951 2478 3952 2477 3952 2447 3952 2478 3953 2447 3953 2479 3953 2479 3954 2447 3954 2446 3954 2479 3955 2446 3955 2480 3955 2480 3955 2446 3955 2445 3955 2480 3956 2445 3956 2481 3956 2481 3957 2445 3957 2444 3957 2481 3958 2444 3958 2482 3958 2482 3959 2444 3959 2443 3959 2482 3960 2443 3960 2483 3960 2483 3961 2443 3961 2442 3961 2483 3962 2442 3962 2484 3962 2484 3963 2442 3963 2441 3963 2484 3964 2441 3964 2485 3964 2485 3964 2441 3964 2440 3964 2485 280 2440 280 2486 280 2486 280 2440 280 2475 280 2486 3965 2475 3965 2487 3965 2487 3965 2475 3965 2474 3965 2487 3966 2474 3966 2488 3966 2488 3967 2474 3967 2473 3967 2488 3968 2473 3968 2489 3968 2489 3969 2473 3969 2472 3969 2489 3970 2472 3970 2490 3970 2490 3971 2472 3971 2471 3971 2490 3972 2471 3972 2491 3972 2491 3973 2471 3973 2470 3973 2491 3974 2470 3974 2492 3974 2492 3975 2470 3975 2469 3975 2492 3976 2469 3976 2493 3976 2493 3977 2469 3977 2468 3977 2493 3978 2468 3978 2494 3978 2494 3978 2468 3978 2495 3978 2494 3979 2495 3979 2496 3979 2496 3979 2495 3979 2465 3979 2496 3980 2465 3980 2497 3980 2497 3981 2465 3981 2464 3981 2497 3982 2464 3982 2498 3982 2498 3983 2464 3983 2463 3983 2498 3984 2463 3984 2499 3984 2499 3985 2463 3985 2462 3985 2499 3986 2462 3986 2500 3986 2500 3987 2462 3987 2461 3987 2500 3988 2461 3988 2501 3988 2501 3989 2461 3989 2460 3989 2501 3990 2460 3990 2502 3990 2502 3991 2460 3991 2459 3991 2502 3992 2459 3992 2503 3992 2503 3993 2459 3993 2458 3993 2503 3994 2458 3994 2504 3994 2504 3994 2458 3994 2457 3994 2504 3995 2457 3995 2505 3995 2505 3996 2457 3996 2456 3996 2505 3997 2456 3997 2506 3997 2506 3998 2456 3998 2455 3998 2506 3999 2455 3999 2507 3999 2507 4000 2455 4000 2454 4000 2507 4001 2454 4001 2508 4001 2508 4002 2454 4002 2453 4002 2508 4003 2453 4003 2509 4003 2509 4004 2453 4004 2452 4004 2509 4005 2452 4005 2510 4005 2510 4005 2452 4005 2451 4005 2510 4006 2451 4006 2511 4006 2511 4007 2451 4007 2450 4007 2511 4008 2450 4008 2476 4008 2476 4009 2450 4009 2477 4009 2512 4010 2478 4010 2513 4010 2509 845 2510 845 2513 845 2513 4011 2510 4011 2511 4011 2513 845 2511 845 2512 845 2506 4012 2507 4012 2513 4012 2513 4013 2507 4013 2508 4013 2513 845 2508 845 2509 845 2503 4014 2504 4014 2513 4014 2513 4015 2504 4015 2505 4015 2513 4016 2505 4016 2506 4016 2500 4017 2501 4017 2513 4017 2513 4018 2501 4018 2502 4018 2513 4019 2502 4019 2503 4019 2497 845 2498 845 2513 845 2513 845 2498 845 2499 845 2513 4020 2499 4020 2500 4020 2493 845 2514 845 2513 845 2513 845 2514 845 2496 845 2513 4021 2496 4021 2497 4021 2490 4022 2491 4022 2513 4022 2513 4023 2491 4023 2492 4023 2513 4024 2492 4024 2493 4024 2487 4025 2488 4025 2513 4025 2513 4026 2488 4026 2489 4026 2513 4027 2489 4027 2490 4027 2484 4028 2485 4028 2513 4028 2513 4029 2485 4029 2486 4029 2513 4030 2486 4030 2487 4030 2481 845 2482 845 2513 845 2513 4031 2482 4031 2483 4031 2513 4032 2483 4032 2484 4032 2478 4033 2479 4033 2513 4033 2513 4034 2479 4034 2480 4034 2513 4035 2480 4035 2481 4035 2312 4036 2313 4036 2515 4036 2318 4037 2317 4037 2516 4037 2326 4038 2325 4038 2517 4038 2322 4039 2327 4039 2518 4039 2335 4040 2334 4040 2519 4040 2343 4041 2342 4041 2520 4041 2339 4042 2344 4042 2521 4042 2346 4043 2347 4043 2522 4043 2352 4044 2351 4044 2523 4044 2360 4045 2359 4045 2524 4045 2356 4046 2361 4046 2525 4046 2363 4047 2364 4047 2526 4047 2369 4048 2368 4048 2527 4048 2249 4049 2252 4049 2528 4049 2254 4050 2255 4050 2529 4050 2262 4051 2261 4051 2530 4051 2266 4052 2264 4052 2531 4052 2270 4053 2269 4053 2532 4053 2275 4054 2274 4054 2533 4054 2271 4055 2276 4055 2534 4055 2284 4056 2283 4056 2535 4056 2287 4057 2286 4057 2536 4057 2292 4058 2291 4058 2537 4058 2288 4059 2293 4059 2538 4059 2301 4060 2300 4060 2539 4060 2304 4061 2303 4061 2540 4061 2541 4062 2198 4062 2203 4062 2199 4063 2198 4063 2542 4063 2542 4064 2198 4064 2541 4064 2542 4065 2541 4065 2543 4065 2200 4066 2199 4066 2544 4066 2544 4067 2199 4067 2542 4067 2544 4068 2542 4068 2545 4068 2545 4069 2542 4069 2543 4069 2545 4070 2543 4070 2546 4070 2547 4071 2200 4071 2548 4071 2548 4072 2200 4072 2544 4072 2548 4073 2544 4073 2549 4073 2549 4074 2544 4074 2545 4074 2549 4075 2545 4075 2550 4075 2550 4076 2545 4076 2546 4076 2550 4077 2546 4077 2551 4077 2196 4078 2547 4078 2552 4078 2552 4079 2547 4079 2548 4079 2552 4080 2548 4080 2553 4080 2553 4081 2548 4081 2549 4081 2553 4082 2549 4082 2554 4082 2554 4083 2549 4083 2550 4083 2554 4084 2550 4084 2555 4084 2555 4085 2550 4085 2551 4085 2555 4086 2551 4086 2515 4086 2556 4087 2557 4087 2558 4087 2559 4088 2557 4088 2560 4088 2560 4089 2557 4089 2556 4089 2560 4090 2556 4090 2561 4090 2201 4091 2206 4091 2562 4091 2562 4092 2206 4092 2563 4092 2562 4093 2563 4093 2564 4093 2564 4094 2563 4094 2565 4094 2564 4095 2565 4095 2566 4095 2566 4096 2565 4096 2567 4096 2566 4097 2567 4097 2568 4097 2568 4098 2567 4098 2569 4098 2568 4099 2569 4099 2570 4099 2570 4100 2569 4100 2538 4100 2212 4101 2211 4101 2571 4101 2571 4102 2211 4102 2572 4102 2571 4103 2572 4103 2573 4103 2573 4104 2572 4104 2574 4104 2573 4105 2574 4105 2575 4105 2575 4106 2574 4106 2576 4106 2575 4107 2576 4107 2577 4107 2577 4108 2576 4108 2578 4108 2577 4109 2578 4109 2579 4109 2579 4110 2578 4110 2534 4110 2217 4111 2216 4111 2580 4111 2580 4112 2216 4112 2581 4112 2580 4113 2581 4113 2582 4113 2582 4114 2581 4114 2583 4114 2582 4115 2583 4115 2584 4115 2584 4116 2583 4116 2585 4116 2584 4117 2585 4117 2586 4117 2586 4118 2585 4118 2587 4118 2586 4119 2587 4119 2588 4119 2588 4120 2587 4120 2530 4120 2222 4121 2227 4121 2589 4121 2589 4122 2227 4122 2590 4122 2589 4123 2590 4123 2591 4123 2591 4124 2590 4124 2592 4124 2591 4125 2592 4125 2593 4125 2593 4126 2592 4126 2594 4126 2593 4127 2594 4127 2595 4127 2595 4128 2594 4128 2596 4128 2595 4129 2596 4129 2597 4129 2597 4130 2596 4130 2527 4130 2233 4131 2232 4131 2598 4131 2598 4132 2232 4132 2599 4132 2598 4133 2599 4133 2600 4133 2600 4134 2599 4134 2601 4134 2600 4135 2601 4135 2602 4135 2602 4136 2601 4136 2603 4136 2602 4137 2603 4137 2604 4137 2604 4138 2603 4138 2605 4138 2604 4139 2605 4139 2606 4139 2606 4140 2605 4140 2523 4140 2238 4141 2237 4141 2607 4141 2607 4142 2237 4142 2608 4142 2607 4143 2608 4143 2609 4143 2609 4144 2608 4144 2610 4144 2609 4145 2610 4145 2611 4145 2611 4146 2610 4146 2612 4146 2611 4147 2612 4147 2613 4147 2613 4148 2612 4148 2614 4148 2613 4149 2614 4149 2615 4149 2615 4150 2614 4150 2519 4150 2241 4151 2240 4151 2616 4151 2616 4152 2240 4152 2617 4152 2616 4153 2617 4153 2618 4153 2618 4154 2617 4154 2619 4154 2618 4155 2619 4155 2620 4155 2620 4156 2619 4156 2621 4156 2620 4157 2621 4157 2622 4157 2622 4158 2621 4158 2623 4158 2622 4159 2623 4159 2624 4159 2624 4160 2623 4160 2518 4160 2243 4161 2247 4161 2625 4161 2625 4162 2247 4162 2626 4162 2625 4163 2626 4163 2627 4163 2627 4164 2626 4164 2628 4164 2627 4165 2628 4165 2629 4165 2629 4166 2628 4166 2630 4166 2629 4167 2630 4167 2631 4167 2631 4168 2630 4168 2632 4168 2631 4169 2632 4169 2633 4169 2633 4170 2632 4170 2516 4170 2309 4171 2308 4171 2559 4171 2559 4172 2308 4172 2306 4172 2559 4173 2306 4173 2557 4173 2557 4174 2306 4174 2305 4174 2557 4175 2305 4175 2558 4175 2558 4176 2305 4176 2634 4176 2303 4177 2309 4177 2540 4177 2540 4178 2309 4178 2559 4178 2540 4179 2559 4179 2635 4179 2635 4180 2559 4180 2560 4180 2635 4181 2560 4181 2636 4181 2636 4182 2560 4182 2561 4182 2636 4183 2561 4183 2637 4183 2300 4184 2304 4184 2539 4184 2539 4185 2304 4185 2540 4185 2539 4186 2540 4186 2638 4186 2638 4187 2540 4187 2635 4187 2638 4188 2635 4188 2639 4188 2639 4189 2635 4189 2636 4189 2639 4190 2636 4190 2640 4190 2640 4191 2636 4191 2637 4191 2640 4192 2637 4192 2641 4192 2298 4193 2301 4193 2642 4193 2642 4194 2301 4194 2539 4194 2642 4195 2539 4195 2643 4195 2643 4196 2539 4196 2638 4196 2643 4197 2638 4197 2644 4197 2644 4198 2638 4198 2639 4198 2644 4199 2639 4199 2645 4199 2645 4200 2639 4200 2640 4200 2645 4201 2640 4201 2646 4201 2646 4202 2640 4202 2641 4202 2646 4203 2641 4203 2202 4203 2202 4204 2641 4204 2203 4204 2202 4205 2201 4205 2646 4205 2646 4206 2201 4206 2562 4206 2646 4207 2562 4207 2645 4207 2645 4208 2562 4208 2564 4208 2645 4209 2564 4209 2644 4209 2644 4210 2564 4210 2566 4210 2644 4211 2566 4211 2643 4211 2643 4212 2566 4212 2568 4212 2643 4213 2568 4213 2642 4213 2642 4214 2568 4214 2570 4214 2642 4215 2570 4215 2298 4215 2298 4216 2570 4216 2296 4216 2538 4217 2293 4217 2570 4217 2570 4218 2293 4218 2295 4218 2570 4219 2295 4219 2296 4219 2289 4220 2288 4220 2647 4220 2647 4221 2288 4221 2538 4221 2647 4222 2538 4222 2648 4222 2648 4223 2538 4223 2569 4223 2648 4224 2569 4224 2649 4224 2649 4225 2569 4225 2567 4225 2649 4226 2567 4226 2650 4226 2650 4227 2567 4227 2565 4227 2650 4228 2565 4228 2651 4228 2651 4229 2565 4229 2563 4229 2651 4230 2563 4230 2205 4230 2205 4231 2563 4231 2206 4231 2205 4232 2204 4232 2651 4232 2651 4233 2204 4233 2652 4233 2651 4234 2652 4234 2650 4234 2650 4235 2652 4235 2653 4235 2650 4236 2653 4236 2649 4236 2649 4237 2653 4237 2654 4237 2649 4238 2654 4238 2648 4238 2648 4239 2654 4239 2655 4239 2648 4240 2655 4240 2647 4240 2647 4241 2655 4241 2537 4241 2647 4242 2537 4242 2289 4242 2289 4243 2537 4243 2291 4243 2286 4244 2292 4244 2536 4244 2536 4245 2292 4245 2537 4245 2536 4246 2537 4246 2656 4246 2656 4247 2537 4247 2655 4247 2656 4248 2655 4248 2657 4248 2657 4249 2655 4249 2654 4249 2657 4250 2654 4250 2658 4250 2658 4251 2654 4251 2653 4251 2658 4252 2653 4252 2659 4252 2659 4253 2653 4253 2652 4253 2659 4254 2652 4254 2209 4254 2209 4255 2652 4255 2204 4255 2283 4256 2287 4256 2535 4256 2535 4257 2287 4257 2536 4257 2535 4258 2536 4258 2660 4258 2660 4259 2536 4259 2656 4259 2660 4260 2656 4260 2661 4260 2661 4261 2656 4261 2657 4261 2661 4262 2657 4262 2662 4262 2662 4263 2657 4263 2658 4263 2662 4264 2658 4264 2663 4264 2663 4265 2658 4265 2659 4265 2663 4266 2659 4266 2208 4266 2208 4267 2659 4267 2209 4267 2281 4268 2284 4268 2664 4268 2664 4269 2284 4269 2535 4269 2664 4270 2535 4270 2665 4270 2665 4271 2535 4271 2660 4271 2665 4272 2660 4272 2666 4272 2666 4273 2660 4273 2661 4273 2666 4274 2661 4274 2667 4274 2667 4275 2661 4275 2662 4275 2667 4276 2662 4276 2668 4276 2668 4277 2662 4277 2663 4277 2668 4278 2663 4278 2207 4278 2207 4279 2663 4279 2208 4279 2207 4280 2212 4280 2668 4280 2668 4281 2212 4281 2571 4281 2668 4282 2571 4282 2667 4282 2667 4283 2571 4283 2573 4283 2667 4284 2573 4284 2666 4284 2666 4285 2573 4285 2575 4285 2666 4286 2575 4286 2665 4286 2665 4287 2575 4287 2577 4287 2665 4288 2577 4288 2664 4288 2664 4289 2577 4289 2579 4289 2664 4290 2579 4290 2281 4290 2281 4291 2579 4291 2279 4291 2534 4292 2276 4292 2579 4292 2579 4293 2276 4293 2278 4293 2579 4294 2278 4294 2279 4294 2272 4295 2271 4295 2669 4295 2669 4296 2271 4296 2534 4296 2669 4297 2534 4297 2670 4297 2670 4298 2534 4298 2578 4298 2670 4299 2578 4299 2671 4299 2671 4300 2578 4300 2576 4300 2671 4301 2576 4301 2672 4301 2672 4302 2576 4302 2574 4302 2672 4303 2574 4303 2673 4303 2673 4304 2574 4304 2572 4304 2673 4305 2572 4305 2210 4305 2210 4306 2572 4306 2211 4306 2210 4307 2215 4307 2673 4307 2673 4308 2215 4308 2674 4308 2673 4309 2674 4309 2672 4309 2672 4310 2674 4310 2675 4310 2672 4311 2675 4311 2671 4311 2671 4312 2675 4312 2676 4312 2671 4313 2676 4313 2670 4313 2670 4314 2676 4314 2677 4314 2670 4315 2677 4315 2669 4315 2669 4316 2677 4316 2533 4316 2669 4317 2533 4317 2272 4317 2272 4318 2533 4318 2274 4318 2269 4319 2275 4319 2532 4319 2532 4320 2275 4320 2533 4320 2532 4321 2533 4321 2678 4321 2678 4322 2533 4322 2677 4322 2678 4323 2677 4323 2679 4323 2679 4324 2677 4324 2676 4324 2679 4325 2676 4325 2680 4325 2680 4326 2676 4326 2675 4326 2680 4327 2675 4327 2681 4327 2681 4328 2675 4328 2674 4328 2681 4329 2674 4329 2214 4329 2214 4330 2674 4330 2215 4330 2264 4331 2270 4331 2531 4331 2531 4332 2270 4332 2532 4332 2531 4333 2532 4333 2682 4333 2682 4334 2532 4334 2678 4334 2682 4335 2678 4335 2683 4335 2683 4336 2678 4336 2679 4336 2683 4337 2679 4337 2684 4337 2684 4338 2679 4338 2680 4338 2684 4339 2680 4339 2685 4339 2685 4340 2680 4340 2681 4340 2685 4341 2681 4341 2213 4341 2213 4342 2681 4342 2214 4342 2267 4343 2266 4343 2686 4343 2686 4344 2266 4344 2531 4344 2686 4345 2531 4345 2687 4345 2687 4346 2531 4346 2682 4346 2687 4347 2682 4347 2688 4347 2688 4348 2682 4348 2683 4348 2688 4349 2683 4349 2689 4349 2689 4350 2683 4350 2684 4350 2689 4351 2684 4351 2690 4351 2690 4352 2684 4352 2685 4352 2690 4353 2685 4353 2218 4353 2218 4354 2685 4354 2213 4354 2218 4355 2217 4355 2690 4355 2690 4356 2217 4356 2580 4356 2690 4357 2580 4357 2689 4357 2689 4358 2580 4358 2582 4358 2689 4359 2582 4359 2688 4359 2688 4360 2582 4360 2584 4360 2688 4361 2584 4361 2687 4361 2687 4362 2584 4362 2586 4362 2687 4363 2586 4363 2686 4363 2686 4364 2586 4364 2588 4364 2686 4365 2588 4365 2267 4365 2267 4366 2588 4366 2258 4366 2530 4367 2261 4367 2588 4367 2588 4368 2261 4368 2259 4368 2588 4369 2259 4369 2258 4369 2257 4370 2262 4370 2691 4370 2691 4371 2262 4371 2530 4371 2691 4372 2530 4372 2692 4372 2692 4373 2530 4373 2587 4373 2692 4374 2587 4374 2693 4374 2693 4375 2587 4375 2585 4375 2693 4376 2585 4376 2694 4376 2694 4377 2585 4377 2583 4377 2694 4378 2583 4378 2695 4378 2695 4379 2583 4379 2581 4379 2695 4380 2581 4380 2221 4380 2221 4381 2581 4381 2216 4381 2221 4382 2220 4382 2695 4382 2695 4383 2220 4383 2696 4383 2695 4384 2696 4384 2694 4384 2694 4385 2696 4385 2697 4385 2694 4386 2697 4386 2693 4386 2693 4387 2697 4387 2698 4387 2693 4388 2698 4388 2692 4388 2692 4389 2698 4389 2699 4389 2692 4390 2699 4390 2691 4390 2691 4391 2699 4391 2529 4391 2691 4392 2529 4392 2257 4392 2257 4393 2529 4393 2255 4393 2252 4394 2254 4394 2528 4394 2528 4395 2254 4395 2529 4395 2528 4396 2529 4396 2700 4396 2700 4397 2529 4397 2699 4397 2700 4398 2699 4398 2701 4398 2701 4399 2699 4399 2698 4399 2701 4400 2698 4400 2702 4400 2702 4401 2698 4401 2697 4401 2702 4402 2697 4402 2703 4402 2703 4403 2697 4403 2696 4403 2703 4404 2696 4404 2219 4404 2219 4405 2696 4405 2220 4405 2250 4406 2249 4406 2704 4406 2704 4407 2249 4407 2528 4407 2704 4408 2528 4408 2705 4408 2705 4409 2528 4409 2700 4409 2705 4410 2700 4410 2706 4410 2706 4411 2700 4411 2701 4411 2706 4412 2701 4412 2707 4412 2707 4413 2701 4413 2702 4413 2707 4414 2702 4414 2708 4414 2708 4415 2702 4415 2703 4415 2708 4416 2703 4416 2224 4416 2224 4417 2703 4417 2219 4417 2224 4418 2709 4418 2708 4418 2708 4419 2709 4419 2710 4419 2708 4420 2710 4420 2707 4420 2707 4421 2710 4421 2711 4421 2707 4422 2711 4422 2706 4422 2706 4423 2711 4423 2712 4423 2706 4424 2712 4424 2705 4424 2705 4425 2712 4425 2713 4425 2705 4426 2713 4426 2704 4426 2704 4427 2713 4427 2714 4427 2704 4428 2714 4428 2250 4428 2250 4429 2714 4429 2715 4429 2709 4430 2222 4430 2710 4430 2710 4431 2222 4431 2589 4431 2710 4432 2589 4432 2711 4432 2711 4433 2589 4433 2591 4433 2711 4434 2591 4434 2712 4434 2712 4435 2591 4435 2593 4435 2712 4436 2593 4436 2713 4436 2713 4437 2593 4437 2595 4437 2713 4438 2595 4438 2714 4438 2714 4439 2595 4439 2597 4439 2714 4440 2597 4440 2715 4440 2715 4441 2597 4441 2371 4441 2527 4442 2368 4442 2597 4442 2597 4443 2368 4443 2372 4443 2597 4444 2372 4444 2371 4444 2366 4445 2369 4445 2716 4445 2716 4446 2369 4446 2527 4446 2716 4447 2527 4447 2717 4447 2717 4448 2527 4448 2596 4448 2717 4449 2596 4449 2718 4449 2718 4450 2596 4450 2594 4450 2718 4451 2594 4451 2719 4451 2719 4452 2594 4452 2592 4452 2719 4453 2592 4453 2720 4453 2720 4454 2592 4454 2590 4454 2720 4455 2590 4455 2226 4455 2226 4456 2590 4456 2227 4456 2226 4457 2225 4457 2720 4457 2720 4458 2225 4458 2721 4458 2720 4459 2721 4459 2719 4459 2719 4460 2721 4460 2722 4460 2719 4461 2722 4461 2718 4461 2718 4462 2722 4462 2723 4462 2718 4463 2723 4463 2717 4463 2717 4464 2723 4464 2724 4464 2717 4465 2724 4465 2716 4465 2716 4466 2724 4466 2526 4466 2716 4467 2526 4467 2366 4467 2366 4468 2526 4468 2364 4468 2361 4469 2363 4469 2525 4469 2525 4470 2363 4470 2526 4470 2525 4471 2526 4471 2725 4471 2725 4472 2526 4472 2724 4472 2725 4473 2724 4473 2726 4473 2726 4474 2724 4474 2723 4474 2726 4475 2723 4475 2727 4475 2727 4476 2723 4476 2722 4476 2727 4477 2722 4477 2728 4477 2728 4478 2722 4478 2721 4478 2728 4479 2721 4479 2230 4479 2230 4480 2721 4480 2225 4480 2357 4481 2356 4481 2729 4481 2729 4482 2356 4482 2525 4482 2729 4483 2525 4483 2730 4483 2730 4484 2525 4484 2725 4484 2730 4485 2725 4485 2731 4485 2731 4486 2725 4486 2726 4486 2731 4487 2726 4487 2732 4487 2732 4488 2726 4488 2727 4488 2732 4489 2727 4489 2733 4489 2733 4490 2727 4490 2728 4490 2733 4491 2728 4491 2229 4491 2229 4492 2728 4492 2230 4492 2229 4493 2228 4493 2733 4493 2733 4494 2228 4494 2734 4494 2733 4495 2734 4495 2732 4495 2732 4496 2734 4496 2735 4496 2732 4497 2735 4497 2731 4497 2731 4498 2735 4498 2736 4498 2731 4499 2736 4499 2730 4499 2730 4500 2736 4500 2737 4500 2730 4501 2737 4501 2729 4501 2729 4502 2737 4502 2524 4502 2729 4503 2524 4503 2357 4503 2357 4504 2524 4504 2359 4504 2354 4505 2360 4505 2606 4505 2606 4506 2360 4506 2524 4506 2606 4507 2524 4507 2604 4507 2604 4508 2524 4508 2737 4508 2604 4509 2737 4509 2602 4509 2602 4510 2737 4510 2736 4510 2602 4511 2736 4511 2600 4511 2600 4512 2736 4512 2735 4512 2600 4513 2735 4513 2598 4513 2598 4514 2735 4514 2734 4514 2598 4515 2734 4515 2233 4515 2233 4516 2734 4516 2228 4516 2523 4517 2351 4517 2606 4517 2606 4518 2351 4518 2355 4518 2606 4519 2355 4519 2354 4519 2349 4520 2352 4520 2738 4520 2738 4521 2352 4521 2523 4521 2738 4522 2523 4522 2739 4522 2739 4523 2523 4523 2605 4523 2739 4524 2605 4524 2740 4524 2740 4525 2605 4525 2603 4525 2740 4526 2603 4526 2741 4526 2741 4527 2603 4527 2601 4527 2741 4528 2601 4528 2742 4528 2742 4529 2601 4529 2599 4529 2742 4530 2599 4530 2231 4530 2231 4531 2599 4531 2232 4531 2231 4532 2236 4532 2742 4532 2742 4533 2236 4533 2743 4533 2742 4534 2743 4534 2741 4534 2741 4535 2743 4535 2744 4535 2741 4536 2744 4536 2740 4536 2740 4537 2744 4537 2745 4537 2740 4538 2745 4538 2739 4538 2739 4539 2745 4539 2746 4539 2739 4540 2746 4540 2738 4540 2738 4541 2746 4541 2522 4541 2738 4542 2522 4542 2349 4542 2349 4543 2522 4543 2347 4543 2344 4544 2346 4544 2521 4544 2521 4545 2346 4545 2522 4545 2521 4546 2522 4546 2747 4546 2747 4547 2522 4547 2746 4547 2747 4548 2746 4548 2748 4548 2748 4549 2746 4549 2745 4549 2748 4550 2745 4550 2749 4550 2749 4551 2745 4551 2744 4551 2749 4552 2744 4552 2750 4552 2750 4553 2744 4553 2743 4553 2750 4554 2743 4554 2235 4554 2235 4555 2743 4555 2236 4555 2340 4556 2339 4556 2751 4556 2751 4557 2339 4557 2521 4557 2751 4558 2521 4558 2752 4558 2752 4559 2521 4559 2747 4559 2752 4560 2747 4560 2753 4560 2753 4561 2747 4561 2748 4561 2753 4562 2748 4562 2754 4562 2754 4563 2748 4563 2749 4563 2754 4564 2749 4564 2755 4564 2755 4565 2749 4565 2750 4565 2755 4566 2750 4566 2234 4566 2234 4567 2750 4567 2235 4567 2234 4568 2239 4568 2755 4568 2755 4569 2239 4569 2756 4569 2755 4570 2756 4570 2754 4570 2754 4571 2756 4571 2757 4571 2754 4572 2757 4572 2753 4572 2753 4573 2757 4573 2758 4573 2753 4574 2758 4574 2752 4574 2752 4575 2758 4575 2759 4575 2752 4576 2759 4576 2751 4576 2751 4577 2759 4577 2520 4577 2751 4578 2520 4578 2340 4578 2340 4579 2520 4579 2342 4579 2337 4580 2343 4580 2615 4580 2615 4581 2343 4581 2520 4581 2615 4582 2520 4582 2613 4582 2613 4583 2520 4583 2759 4583 2613 4584 2759 4584 2611 4584 2611 4585 2759 4585 2758 4585 2611 4586 2758 4586 2609 4586 2609 4587 2758 4587 2757 4587 2609 4588 2757 4588 2607 4588 2607 4589 2757 4589 2756 4589 2607 4590 2756 4590 2238 4590 2238 4591 2756 4591 2239 4591 2519 4592 2334 4592 2615 4592 2615 4593 2334 4593 2338 4593 2615 4594 2338 4594 2337 4594 2332 4595 2335 4595 2760 4595 2760 4596 2335 4596 2519 4596 2760 4597 2519 4597 2761 4597 2761 4598 2519 4598 2614 4598 2761 4599 2614 4599 2762 4599 2762 4600 2614 4600 2612 4600 2762 4601 2612 4601 2763 4601 2763 4602 2612 4602 2610 4602 2763 4603 2610 4603 2764 4603 2764 4604 2610 4604 2608 4604 2764 4605 2608 4605 2242 4605 2242 4606 2608 4606 2237 4606 2242 4607 2241 4607 2764 4607 2764 4608 2241 4608 2616 4608 2764 4609 2616 4609 2763 4609 2763 4610 2616 4610 2618 4610 2763 4611 2618 4611 2762 4611 2762 4612 2618 4612 2620 4612 2762 4613 2620 4613 2761 4613 2761 4614 2620 4614 2622 4614 2761 4615 2622 4615 2760 4615 2760 4616 2622 4616 2624 4616 2760 4617 2624 4617 2332 4617 2332 4618 2624 4618 2330 4618 2518 4619 2327 4619 2624 4619 2624 4620 2327 4620 2329 4620 2624 4621 2329 4621 2330 4621 2323 4622 2322 4622 2765 4622 2765 4623 2322 4623 2518 4623 2765 4624 2518 4624 2766 4624 2766 4625 2518 4625 2623 4625 2766 4626 2623 4626 2767 4626 2767 4627 2623 4627 2621 4627 2767 4628 2621 4628 2768 4628 2768 4629 2621 4629 2619 4629 2768 4630 2619 4630 2769 4630 2769 4631 2619 4631 2617 4631 2769 4632 2617 4632 2245 4632 2245 4633 2617 4633 2240 4633 2245 4634 2244 4634 2769 4634 2769 4635 2244 4635 2770 4635 2769 4636 2770 4636 2768 4636 2768 4637 2770 4637 2771 4637 2768 4638 2771 4638 2767 4638 2767 4639 2771 4639 2772 4639 2767 4640 2772 4640 2766 4640 2766 4641 2772 4641 2773 4641 2766 4642 2773 4642 2765 4642 2765 4643 2773 4643 2517 4643 2765 4644 2517 4644 2323 4644 2323 4645 2517 4645 2325 4645 2320 4646 2326 4646 2633 4646 2633 4647 2326 4647 2517 4647 2633 4648 2517 4648 2631 4648 2631 4649 2517 4649 2773 4649 2631 4650 2773 4650 2629 4650 2629 4651 2773 4651 2772 4651 2629 4652 2772 4652 2627 4652 2627 4653 2772 4653 2771 4653 2627 4654 2771 4654 2625 4654 2625 4655 2771 4655 2770 4655 2625 4656 2770 4656 2243 4656 2243 4657 2770 4657 2244 4657 2516 4658 2317 4658 2633 4658 2633 4659 2317 4659 2321 4659 2633 4660 2321 4660 2320 4660 2315 4661 2318 4661 2774 4661 2774 4662 2318 4662 2516 4662 2774 4663 2516 4663 2775 4663 2775 4664 2516 4664 2632 4664 2775 4665 2632 4665 2776 4665 2776 4666 2632 4666 2630 4666 2776 4667 2630 4667 2777 4667 2777 4668 2630 4668 2628 4668 2777 4669 2628 4669 2778 4669 2778 4670 2628 4670 2626 4670 2778 4671 2626 4671 2246 4671 2246 4672 2626 4672 2247 4672 2246 4673 2196 4673 2778 4673 2778 4674 2196 4674 2552 4674 2778 4675 2552 4675 2777 4675 2777 4676 2552 4676 2553 4676 2777 4677 2553 4677 2776 4677 2776 4678 2553 4678 2554 4678 2776 4679 2554 4679 2775 4679 2775 4680 2554 4680 2555 4680 2775 4681 2555 4681 2774 4681 2774 4682 2555 4682 2515 4682 2774 4683 2515 4683 2315 4683 2315 4684 2515 4684 2313 4684 2203 4685 2641 4685 2541 4685 2541 4686 2641 4686 2637 4686 2541 4687 2637 4687 2543 4687 2543 4688 2637 4688 2561 4688 2543 4689 2561 4689 2546 4689 2546 4690 2561 4690 2556 4690 2546 4691 2556 4691 2551 4691 2551 4692 2556 4692 2558 4692 2551 4693 2558 4693 2515 4693 2515 4694 2558 4694 2634 4694 2515 4695 2634 4695 2312 4695</p>
        </triangles>
      </mesh>
    </geometry>
  </library_geometries>
  <library_visual_scenes>
    <visual_scene id="Scene" name="Scene">
      <node id="GBT-C16A-700" name="GBT-C16A-700" type="NODE">
        <matrix sid="transform">-0.001 8.74228e-11 0 0 -8.74228e-11 -0.001 0 0 0 0 0.001 0 0 0 0 1</matrix>
        <instance_geometry url="#GBT-C12A-400_00-7_002-mesh" name="GBT-C16A-700">
          <bind_material>
            <technique_common>
              <instance_material symbol="材质_001-material" target="#材质_001-material"/>
            </technique_common>
          </bind_material>
        </instance_geometry>
      </node>
    </visual_scene>
  </library_visual_scenes>
  <scene>
    <instance_visual_scene url="#Scene"/>
  </scene>
</COLLADA>