<?xml version="1.0" encoding="utf-8"?>
<COLLADA xmlns="http://www.collada.org/2005/11/COLLADASchema" version="1.4.1" xmlns:xsi="http://www.w3.org/2001/XMLSchema-instance">
  <asset>
    <contributor>
      <author>Blender User</author>
      <authoring_tool>Blender 4.3.2 commit date:2024-12-16, commit time:21:10, hash:32f5fdce0a0a</authoring_tool>
    </contributor>
    <created>2025-04-23T10:07:25</created>
    <modified>2025-04-23T10:07:25</modified>
    <unit name="meter" meter="1"/>
    <up_axis>Z_UP</up_axis>
  </asset>
  <library_effects>
    <effect id="材质_001-effect">
      <profile_COMMON>
        <newparam sid="Image_Link_png-surface">
          <surface type="2D">
            <init_from>Image_Link_png</init_from>
          </surface>
        </newparam>
        <newparam sid="Image_Link_png-sampler">
          <sampler2D>
            <source>Image_Link_png-surface</source>
          </sampler2D>
        </newparam>
        <technique sid="common">
          <lambert>
            <emission>
              <color sid="emission">0 0 0 1</color>
            </emission>
            <diffuse>
              <texture texture="Image_Link_png-sampler"/>
            </diffuse>
            <index_of_refraction>
              <float sid="ior">1.45</float>
            </index_of_refraction>
          </lambert>
        </technique>
      </profile_COMMON>
    </effect>
  </library_effects>
  <library_images>
    <image id="Image_Link_png" name="Image_Link_png">
      <init_from>Image_Link.png</init_from>
    </image>
  </library_images>
  <library_materials>
    <material id="材质_001-material" name="材质.001">
      <instance_effect url="#材质_001-effect"/>
    </material>
  </library_materials>
  <library_geometries>
    <geometry id="GBT-C12A-400_00-7_001-mesh" name="GBT-C12A-400.00-7.001">
      <mesh>
        <source id="GBT-C12A-400_00-7_001-mesh-positions">
          <float_array id="GBT-C12A-400_00-7_001-mesh-positions-array" count="8337">-42.5 26.93414 13.21182 -42.5 20.83884 9.338834 -42.5 20.83884 18.71384 -42.5 20.17767 17.67767 -42.5 19.84274 18.92767 -42.5 15.51261 18.92767 -42.5 15.17767 17.67767 -42.5 1.83412e-6 17.25 -42.5 16.42767 15.5126 -42.5 17.67767 15.17767 -42.5 18.71384 9.338834 -42.5 18.92767 15.5126 -42.5 19.84274 16.42767 -42.5 -3.035048 29.84608 -42.5 1.83412e-6 30 -42.5 1.83412e-6 18.71384 -42.5 3.035052 29.84608 -42.5 8.980895 28.62418 -42.5 -15.17767 17.67767 -42.5 -15.5126 18.92767 -42.5 -16.42767 19.84273 -42.5 -12.60692 11.77404 -42.5 -16.42767 15.5126 -42.5 -8.962821 14.73873 -42.5 -15.5126 16.42767 -42.5 -4.653993 16.61032 -42.5 16.42767 19.84273 -42.5 -15.31602 7.936121 -42.5 -18.71383 9.338834 -42.5 -17.67767 15.17767 -42.5 -18.92767 15.5126 -42.5 -19.54117 22.76274 -42.5 -19.84273 18.92767 -42.5 -23.72327 18.36318 -42.5 -20.17767 17.67767 -42.5 -26.93413 13.21182 -42.5 -19.84273 16.42767 -42.5 -29.04231 7.519575 -42.5 -29.96149 1.519474 -42.5 -8.980892 28.62418 -42.5 -14.55906 26.2304 -42.5 -17.67767 20.17767 -42.5 -18.92767 19.84273 -42.5 -6.872417 -15.8219 -42.5 -15.17767 -17.67767 -42.5 -10.88626 -13.38102 -42.5 -15.5126 -16.42767 -42.5 -14.09273 -9.947737 -42.5 -16.42767 -15.51261 -42.5 -18.71383 -9.338836 -42.5 -17.67767 -15.17767 -42.5 -18.92767 -15.51261 -42.5 -21.74378 -20.66901 -42.5 -18.92767 -19.84273 -42.5 -17.13805 -24.6229 -42.5 -17.67767 -20.17767 -42.5 -11.83067 -27.56874 -42.5 -16.42767 -19.84273 -42.5 -15.5126 -18.92767 -42.5 -2.348873 -17.08933 -42.5 2.348877 -17.08933 -42.5 1.83412e-6 -18.71384 -42.5 -28.13256 -10.41916 -42.5 -19.84273 -16.42767 -42.5 -25.45933 -15.86892 -42.5 -20.17767 -17.67767 -42.5 -19.84273 -18.92767 -42.5 14.09273 -9.947737 -42.5 16.42767 -15.51261 -42.5 10.88627 -13.38102 -42.5 15.51261 -16.42767 -42.5 6.872421 -15.8219 -42.5 15.17767 -17.67767 -42.5 6.038957 -29.3859 -42.5 1.83412e-6 -30 -42.5 -6.038953 -29.3859 -42.5 15.51261 -18.92767 -42.5 16.42767 -19.84273 -42.5 11.83068 -27.56874 -42.5 17.13805 -24.6229 -42.5 17.67767 -20.17767 -42.5 18.80413 -23.37531 -42.5 18.92767 -19.84273 -42.5 20.90221 -21.5197 -42.5 19.84274 -18.92767 -42.5 20.83884 -18.71384 -42.5 20.17767 -17.67767 -42.5 20.83884 -9.338836 -42.5 19.84274 -16.42767 -42.5 18.71384 -9.338836 -42.5 18.92767 -15.51261 -42.5 17.67767 -15.17767 -42.5 -29.65405 -4.542834 -42.5 23.25 -3.03109 -42.5 21.96891 -1.750001 -42.5 21.5 -9.05364e-7 -42.5 28.13257 -10.41916 -42.5 25.45933 -15.86892 -42.5 21.74379 -20.66901 -42.5 25 -3.500001 -42.5 26.75 -3.03109 -42.5 29.65405 -4.542834 -42.5 28.03109 -1.750001 -42.5 29.9615 1.519474 -42.5 28.5 -9.05364e-7 -42.5 28.03109 1.749999 -42.5 29.04232 7.519575 -42.5 26.75 3.031088 -42.5 25 3.499999 -42.5 23.25 3.031088 -42.5 21.96891 1.749999 -42.5 17.67767 20.17767 -42.5 14.55906 26.2304 -42.5 18.92767 19.84273 -42.5 19.54118 22.76274 -42.5 20.93437 21.48842 -42.5 23.72327 18.36318 -42.5 16.254 -5.776674 -42.5 17.20979 -1.177183 -42.5 16.8892 3.509615 -42.5 15.31602 7.936121 -42.5 12.60692 11.77404 -42.5 15.51261 16.42767 -42.5 8.962825 14.73873 -42.5 4.653996 16.61032 -42.5 -16.8892 3.509615 -42.5 -17.20979 -1.177183 -42.5 -16.254 -5.776674 -41 1.83412e-6 31.5 -41 -3.1868 31.33838 -36 -3.1868 31.33838 -41 -9.429937 30.05539 -36 -9.429937 30.05539 -41 -15.28701 27.54192 -36 -15.28701 27.54192 -41 -20.51823 23.90088 -36 -20.51823 23.90088 -41 -24.90943 19.28134 -36 -24.90943 19.28134 -41 -28.28084 13.87241 -36 -28.28084 13.87241 -41 -30.49443 7.895554 -36 -30.49443 7.895554 -41 -31.45957 1.595448 -36 -31.45957 1.595448 -41 -31.13675 -4.769976 -36 -31.13675 -4.769976 -41 -29.53919 -10.94012 -36 -29.53919 -10.94012 -41 -26.73229 -16.66237 -36 -26.73229 -16.66237 -41 -22.83097 -21.70246 -36 -22.83097 -21.70246 -41 -17.99495 -25.85405 -36 -17.99495 -25.85405 -41 -12.42221 -28.94717 -36 -12.42221 -28.94717 -41 -6.340901 -30.85519 -36 -6.340901 -30.85519 -41 1.83412e-6 -31.5 -36 1.83412e-6 -31.5 -41 6.340905 -30.85519 -36 6.340905 -30.85519 -41 12.42221 -28.94717 -36 12.42221 -28.94717 -41 17.99495 -25.85405 -36 17.99495 -25.85405 -41 22.83098 -21.70246 -36 22.83098 -21.70246 -41 26.7323 -16.66237 -36 26.7323 -16.66237 -41 29.53919 -10.94012 -36 29.53919 -10.94012 -41 31.13676 -4.769976 -36 31.13676 -4.769976 -41 31.45957 1.595448 -36 31.45957 1.595448 -41 30.49443 7.895554 -36 30.49443 7.895554 -41 28.28085 13.87241 -36 28.28085 13.87241 -41 24.90944 19.28134 -36 24.90944 19.28134 -41 20.51824 23.90088 -36 20.51824 23.90088 -41 15.28701 27.54192 -36 15.28701 27.54192 -41 9.429941 30.05539 -36 9.429941 30.05539 -41 3.186804 31.33838 -36 3.186804 31.33838 -36 -24.3589 36.04017 -36 -17.9177 39.63844 -36 -10.96104 42.09638 -36 -3.689056 43.34329 -36 1.83412e-6 43.5 -36 3.689059 43.34329 -36 10.96105 42.09638 -36 -43.4608 -1.846193 -36 -43.14767 5.525274 -36 -41.59325 12.73779 -36 -38.84228 19.58386 -36 -34.97387 25.86655 -36 -30.09934 31.40509 -36 17.91771 39.63844 -36 24.35891 36.04017 -36 30.09934 31.40509 -36 34.97387 25.86655 -36 38.84228 19.58386 -36 41.59325 12.73779 -36 -21.21473 -37.97611 -36 -27.32757 -33.84455 -36 -32.65424 -28.73935 -36 -37.04152 -22.80737 -36 -40.36317 -16.21926 -36 -42.52365 -9.16455 -36 21.21473 -37.97611 -36 14.49158 -41.01517 -36 7.351538 -42.87429 -36 1.83412e-6 -31.5 -36 1.83412e-6 -43.5 -36 -7.351534 -42.87429 -36 -14.49158 -41.01517 -36 43.14767 5.525274 -36 43.4608 -1.846193 -36 42.52365 -9.16455 -36 40.36317 -16.21926 -36 37.04152 -22.80737 -36 32.65424 -28.73935 -36 27.32757 -33.84455 -34.5 1.83412e-6 45 -34.5 -3.816265 44.83789 6 -3.816265 44.83789 -34.5 -11.33901 43.54798 6 -11.33901 43.54798 -34.5 -18.53556 41.00528 6 -18.53556 41.00528 -34.5 -25.19886 37.28293 6 -25.19886 37.28293 -34.5 -31.13725 32.48802 6 -31.13725 32.48802 -34.5 -36.17987 26.75849 6 -36.17987 26.75849 -34.5 -40.18166 20.25917 6 -40.18166 20.25917 -34.5 -43.0275 13.17702 6 -43.0275 13.17702 -34.5 -44.63552 5.715801 6 -44.63552 5.715801 -34.5 -44.95945 -1.909855 6 -44.95945 -1.909855 -34.5 -43.98999 -9.480568 6 -43.98999 -9.480568 -34.5 -41.755 -16.77854 6 -41.755 -16.77854 -34.5 -38.31881 -23.59383 6 -38.31881 -23.59383 -34.5 -33.78025 -29.73036 6 -33.78025 -29.73036 -34.5 -28.2699 -35.01161 6 -28.2699 -35.01161 -34.5 -21.94627 -39.28563 6 -21.94627 -39.28563 -34.5 -14.99129 -42.42948 6 -14.99129 -42.42948 -34.5 -7.605035 -44.35272 6 -7.605035 -44.35272 -34.5 1.83412e-6 -45 6 1.83412e-6 -45 -34.5 7.605039 -44.35272 6 7.605039 -44.35272 -34.5 14.99129 -42.42948 6 14.99129 -42.42948 -34.5 21.94627 -39.28563 6 21.94627 -39.28563 -34.5 28.2699 -35.01161 6 28.2699 -35.01161 -34.5 33.78025 -29.73036 6 33.78025 -29.73036 -34.5 38.31881 -23.59383 6 38.31881 -23.59383 -34.5 41.755 -16.77854 6 41.755 -16.77854 -34.5 43.98999 -9.480568 6 43.98999 -9.480568 -34.5 44.95945 -1.909855 6 44.95945 -1.909855 -34.5 44.63552 5.715801 6 44.63552 5.715801 -34.5 43.0275 13.17702 6 43.0275 13.17702 -34.5 40.18166 20.25917 6 40.18166 20.25917 -34.5 36.17987 26.75849 6 36.17987 26.75849 -34.5 31.13725 32.48802 6 31.13725 32.48802 -34.5 25.19887 37.28293 6 25.19887 37.28293 -34.5 18.53556 41.00528 6 18.53556 41.00528 -34.5 11.33901 43.54798 6 11.33901 43.54798 -34.5 3.816268 44.83789 6 3.816268 44.83789 6 39.28874 19.80897 6 35.37587 26.16386 6 30.44531 31.76607 6 24.63889 36.45442 6 18.12366 40.09405 6 11.08704 42.58025 6 3.731463 43.84149 6 -3.731459 43.84149 6 -11.08703 42.58025 6 -18.12365 40.09405 6 -24.63889 36.45442 6 -30.44531 31.76607 6 -35.37587 26.16386 6 -39.28874 19.80897 6 -42.07133 12.8842 6 -43.64362 5.588783 6 -43.96035 -1.867414 6 -43.01243 -9.269889 6 -40.82712 -16.40569 6 -37.46728 -23.06952 6 -33.02958 -29.06969 6 -27.64168 -34.23357 6 -21.45858 -38.41262 6 -14.65815 -41.48661 6 -7.436034 -43.3671 6 1.83412e-6 -44 6 1.83412e-6 -45 6 7.436038 -43.3671 6 14.65815 -41.48661 6 21.45858 -38.41262 6 27.64168 -34.23357 6 33.02958 -29.06969 6 37.46728 -23.06952 6 40.82712 -16.40569 6 43.01243 -9.269889 6 43.96035 -1.867414 6 43.64362 5.588783 6 42.07133 12.8842 0 1.83412e-6 -43 5 1.83412e-6 -43 0 7.267037 -42.38148 5 7.267037 -42.38148 0 14.32501 -40.54373 5 14.32501 -40.54373 0 20.97089 -37.5396 5 20.97089 -37.5396 0 27.01346 -33.45553 5 27.01346 -33.45553 0 32.27891 -28.40901 5 32.27891 -28.40901 0 36.61575 -22.54521 5 36.61575 -22.54521 0 39.89923 -16.03283 5 39.89923 -16.03283 0 42.03487 -9.05921 5 42.03487 -9.05921 0 42.96125 -1.824973 5 42.96125 -1.824973 0 42.65172 5.461765 5 42.65172 5.461765 0 41.11517 12.59138 5 41.11517 12.59138 0 38.39581 19.35876 5 38.39581 19.35876 0 34.57188 25.56923 5 34.57188 25.56923 0 29.75337 31.04411 5 29.75337 31.04411 0 24.07892 35.62591 5 24.07892 35.62591 0 17.71176 39.18283 5 17.71176 39.18283 0 10.83506 41.61252 5 10.83506 41.61252 0 3.646657 42.84509 5 3.646657 42.84509 0 -3.646653 42.84509 5 -3.646653 42.84509 0 -10.83505 41.61252 5 -10.83505 41.61252 0 -17.71175 39.18283 5 -17.71175 39.18283 0 -24.07891 35.62591 5 -24.07891 35.62591 0 -29.75337 31.04411 5 -29.75337 31.04411 0 -34.57188 25.56923 5 -34.57188 25.56923 0 -38.39581 19.35876 5 -38.39581 19.35876 0 -41.11517 12.59138 5 -41.11517 12.59138 0 -42.65172 5.461765 5 -42.65172 5.461765 0 -42.96125 -1.824973 5 -42.96125 -1.824973 0 -42.03487 -9.05921 5 -42.03487 -9.05921 0 -39.89923 -16.03283 5 -39.89923 -16.03283 0 -36.61575 -22.54521 5 -36.61575 -22.54521 0 -32.27891 -28.40901 5 -32.27891 -28.40901 0 -27.01346 -33.45553 5 -27.01346 -33.45553 0 -20.97088 -37.5396 5 -20.97088 -37.5396 0 -14.32501 -40.54373 5 -14.32501 -40.54373 0 -7.267033 -42.38148 5 -7.267033 -42.38148 0 1.83412e-6 -43 0 1.83412e-6 -9.05364e-7 -28.99785 17.67767 17.67767 -30.5 18.92767 19.84273 -30.5 19.84274 18.92767 -30.5 17.67767 20.17767 -30.5 19.84274 16.42767 -30.5 18.92767 15.5126 -30.5 20.17767 17.67767 -30.5 16.42767 15.5126 -30.5 15.51261 16.42767 -30.5 17.67767 15.17767 -30.5 15.51261 18.92767 -30.5 16.42767 19.84273 -30.5 15.17767 17.67767 -28.99785 -17.67767 17.67767 -30.5 -16.42767 19.84273 -30.5 -15.5126 18.92767 -30.5 -17.67767 20.17767 -30.5 -15.5126 16.42767 -30.5 -16.42767 15.5126 -30.5 -15.17767 17.67767 -30.5 -18.92767 15.5126 -30.5 -19.84273 16.42767 -30.5 -17.67767 15.17767 -30.5 -19.84273 18.92767 -30.5 -18.92767 19.84273 -30.5 -20.17767 17.67767 -28.99785 -17.67767 -17.67767 -30.5 -16.42767 -15.51261 -30.5 -15.5126 -16.42767 -30.5 -17.67767 -15.17767 -30.5 -15.5126 -18.92767 -30.5 -16.42767 -19.84273 -30.5 -15.17767 -17.67767 -30.5 -18.92767 -19.84273 -30.5 -19.84273 -18.92767 -30.5 -17.67767 -20.17767 -30.5 -19.84273 -16.42767 -30.5 -18.92767 -15.51261 -30.5 -20.17767 -17.67767 -28.99785 17.67767 -17.67767 -30.5 18.92767 -15.51261 -30.5 19.84274 -16.42767 -30.5 17.67767 -15.17767 -30.5 19.84274 -18.92767 -30.5 18.92767 -19.84273 -30.5 20.17767 -17.67767 -30.5 16.42767 -19.84273 -30.5 15.51261 -18.92767 -30.5 17.67767 -20.17767 -30.5 15.51261 -16.42767 -30.5 16.42767 -15.51261 -30.5 15.17767 -17.67767 -34.49742 25 -9.05364e-7 -36.3 26.5 2.598075 -36.3 27.59808 1.499999 -36.3 25 2.999999 -36.3 27.59808 -1.500001 -36.3 26.5 -2.598077 -36.3 28 -9.05364e-7 -36.3 23.5 -2.598077 -36.3 22.40193 -1.500001 -36.3 25 -3.000001 -36.3 22.40193 1.499999 -36.3 23.5 2.598075 -36.3 22 -9.05364e-7 -42 25 2.999999 -42 26.5 2.598075 -42 27.59808 1.499999 -36.3 28 -9.05364e-7 -42 28 -9.05364e-7 -42 27.59808 -1.500001 -42 26.5 -2.598077 -42 25 -3.000001 -42 23.5 -2.598077 -42 22.40193 -1.500001 -36.3 22 -9.05364e-7 -42 22 -9.05364e-7 -42 22.40193 1.499999 -42 23.5 2.598075 -42 28 -9.05364e-7 -42.5 28.5 -9.05364e-7 -42 22 -9.05364e-7 -42.5 21.5 -9.05364e-7 -36 1.83412e-6 43.5 -34.5 1.83412e-6 45 -42.5 3.035052 29.84608 -42.5 1.83412e-6 30 -41 1.83412e-6 31.5 -42.5 14.55906 26.2304 -42.5 8.980895 28.62418 -42.5 23.72327 18.36318 -42.5 19.54118 22.76274 -42.5 26.93414 13.21182 -42.5 29.04232 7.519575 -42.5 29.9615 1.519474 -42.5 29.65405 -4.542834 -42.5 28.13257 -10.41916 -42.5 25.45933 -15.86892 -42.5 21.74379 -20.66901 -42.5 -3.035048 29.84608 -42.5 -8.980892 28.62418 -42.5 -14.55906 26.2304 -42.5 -19.54117 22.76274 -42.5 -23.72327 18.36318 -42.5 -26.93413 13.21182 -42.5 -29.04231 7.519575 -42.5 -29.96149 1.519474 -42.5 -29.65405 -4.542834 -42.5 -28.13256 -10.41916 -42.5 -25.45933 -15.86892 -42.5 -21.74378 -20.66901 -42.5 -17.13805 -24.6229 -42.5 -11.83067 -27.56874 -42.5 -6.038953 -29.3859 -42.5 1.83412e-6 -30 -42.5 6.038957 -29.3859 -42.5 11.83068 -27.56874 -42.5 17.13805 -24.6229 5 1.83412e-6 -43 -41 4.249301 15.16595 -36.3 4.43729 15.11201 -36.3 1.83412e-6 15.75 -41 4.43729 15.11201 -41 8.18345 13.4571 -36.3 8.515095 13.24974 -41 8.515095 13.24974 -41 11.51067 10.75021 -36.3 11.90306 10.31406 -41 11.90306 10.31406 -41 13.98419 7.246024 -36.3 14.32671 6.542786 -41 14.32671 6.542786 -41 15.42058 3.204431 -36.3 15.58969 2.241458 -41 15.58969 2.241458 -41 15.71329 -1.074819 -36.3 15.58969 -2.24146 -41 15.58969 -2.24146 -41 14.84061 -5.274355 -36.3 14.32671 -6.542788 -41 14.32671 -6.542788 -41 12.86728 -9.082716 -36.3 11.90306 -10.31406 -41 11.90306 -10.31406 -41 9.939638 -12.21745 -36.3 8.515095 -13.24974 -41 8.515095 -13.24974 -41 6.274819 -14.44608 -36.3 4.43729 -15.11202 -41 4.43729 -15.11202 -41 2.144627 -15.6033 -36.3 1.83412e-6 -15.75 -41 1.83412e-6 -15.75 -41 -2.144623 -15.6033 -36.3 -4.437286 -15.11202 -41 -4.437286 -15.11202 -41 -6.274815 -14.44608 -36.3 -8.515091 -13.24974 -41 -8.515091 -13.24974 -41 -9.939634 -12.21745 -36.3 -11.90305 -10.31406 -41 -11.90305 -10.31406 -41 -12.86727 -9.082716 -36.3 -14.3267 -6.542788 -41 -14.3267 -6.542788 -41 -14.84061 -5.274355 -36.3 -15.58969 -2.24146 -41 -15.58969 -2.24146 -41 -15.71328 -1.074819 -36.3 -15.58969 2.241458 -41 -15.58969 2.241458 -41 -15.42057 3.204431 -36.3 -14.3267 6.542786 -41 -14.3267 6.542786 -41 -13.98419 7.246024 -36.3 -11.90305 10.31406 -41 -11.90305 10.31406 -41 -11.51066 10.75021 -36.3 -8.515091 13.24974 -41 -8.515091 13.24974 -41 -8.183446 13.4571 -36.3 -4.437286 15.11201 -41 -4.437286 15.11201 -41 -4.249297 15.16595 -41 1.83412e-6 15.75 -36.3 1.83412e-6 -9.05364e-7 -42.5 -8.962821 14.73873 -42.5 -4.653993 16.61032 -42.5 -12.60692 11.77404 -42.5 -15.31602 7.936121 -42.5 -16.8892 3.509615 -42.5 -17.20979 -1.177183 -42.5 -16.254 -5.776674 -42.5 -14.09273 -9.947737 -42.5 -10.88626 -13.38102 -42.5 -6.872417 -15.8219 -42.5 -2.348873 -17.08933 -42.5 2.348877 -17.08933 -42.5 6.872421 -15.8219 -42.5 10.88627 -13.38102 -42.5 14.09273 -9.947737 -42.5 16.254 -5.776674 -42.5 17.20979 -1.177183 -42.5 16.8892 3.509615 -42.5 15.31602 7.936121 -42.5 12.60692 11.77404 -42.5 8.962825 14.73873 -42.5 4.653996 16.61032 -42.5 1.83412e-6 17.25 -41 1.83412e-6 15.75 -9.328137 31.5 -2.437065 -11.0013 31.5 -1.846126 -9.93145 31.5 -3.066359 -11.0013 31.5 -2.064119 -10.65677 31.5 -3.550001 -13.82158 31.5 -2.064119 -14.34323 31.5 -3.550001 -16.405 31.5 -0.8665876 -16.12451 31.5 -1.692012 -13.82158 31.5 -1.846126 -15.67186 31.5 -2.437065 -15.06855 31.5 -3.066359 -8.875485 31.5 -1.692012 -8.595002 31.5 -0.8665876 -8.5 31.5 -9.05364e-7 -8.595002 31.5 0.8665858 -8.875485 31.5 1.69201 -11.0013 31.5 2.064117 -9.328137 31.5 2.437063 -11.0013 31.5 2.350232 -13.82158 31.5 2.064117 -13.82158 31.5 2.350232 -15.06855 31.5 3.066357 -15.67186 31.5 2.437063 -16.12451 31.5 1.69201 -16.405 31.5 0.8665858 -16.5 31.5 -9.05364e-7 -9.93145 31.5 3.066357 -10.65677 31.5 3.549999 -14.34323 31.5 3.549999 -10.65677 39 3.549999 -9.93145 39 3.066357 -9.328137 39 2.437063 -8.875485 39 1.69201 -8.595002 39 0.8665858 -8.5 31.5 -9.05364e-7 -8.5 39 -9.05364e-7 -8.595002 39 -0.8665876 -8.875485 39 -1.692012 -9.328137 39 -2.437065 -9.93145 39 -3.066359 -10.65677 39 -3.550001 -16.39971 41 0.8900828 -16.5 41 -9.05364e-7 -18.2735 41 -9.05364e-7 -8.600289 41 -0.8900846 -8.5 41 -9.05364e-7 -6.726494 41 -9.05364e-7 -10.00604 41 3.127325 -10.76446 41 3.603874 -9.613251 41 4.999999 -8.600289 41 0.8900828 -8.896122 41 1.735534 -9.372673 41 2.493958 -14.99396 41 -3.127327 -14.23553 41 -3.603876 -15.38675 41 -5.000001 -10.76446 41 -3.603876 -10.00604 41 -3.127327 -9.613251 41 -5.000001 -9.372673 41 -2.49396 -8.896122 41 -1.735536 -16.39971 41 -0.8900846 -16.10388 41 -1.735536 -15.62732 41 -2.49396 -13.39008 41 -3.899713 -12.5 41 -4.000001 -11.60992 41 -3.899713 -14.23553 41 3.603874 -14.99396 41 3.127325 -15.38675 41 4.999999 -15.62732 41 2.493958 -16.10388 41 1.735534 -11.60992 41 3.899711 -12.5 41 3.999999 -13.39008 41 3.899711 -14 46 -2.598077 -14.99396 46 -3.127327 -14.62132 46 -2.121321 -15.62732 46 -2.49396 -15.09808 46 -1.500001 -16.10388 46 -1.735536 -15.39778 46 -0.776458 -16.39971 46 -0.8900846 -15.5 46 -9.05364e-7 -16.5 46 -9.05364e-7 -15.39778 46 0.7764562 -16.39971 46 0.8900828 -15.09808 46 1.499999 -10.37868 46 -2.121321 -10.00604 46 -3.127327 -11 46 -2.598077 -10.76446 46 -3.603876 -11.72354 46 -2.897778 -11.60992 46 -3.899713 -12.5 46 -3.000001 -12.5 46 -4.000001 -13.27646 46 -2.897778 -13.39008 46 -3.899713 -14.23553 46 -3.603876 -11 46 2.598075 -10.00604 46 3.127325 -10.37868 46 2.121319 -9.372673 46 2.493958 -9.901925 46 1.499999 -8.896122 46 1.735534 -9.602223 46 0.7764562 -8.600289 46 0.8900828 -9.5 46 -9.05364e-7 -8.5 46 -9.05364e-7 -9.602223 46 -0.776458 -8.600289 46 -0.8900846 -9.901925 46 -1.500001 -8.896122 46 -1.735536 -9.372673 46 -2.49396 -16.10388 46 1.735534 -15.62732 46 2.493958 -14.62132 46 2.121319 -14.99396 46 3.127325 -14 46 2.598075 -14.23553 46 3.603874 -13.27646 46 2.897777 -13.39008 46 3.899711 -12.5 46 2.999999 -12.5 46 3.999999 -11.72354 46 2.897777 -11.60992 46 3.899711 -10.76446 46 3.603874 -8.5 41 -9.05364e-7 -16.5 41 -9.05364e-7 -15.38675 39 4.999999 -9.613251 39 4.999999 -18.2735 41 -9.05364e-7 -18.2735 39 -9.05364e-7 -15.38675 39 -5.000001 -18.2735 41 -9.05364e-7 -18.2735 39 -9.05364e-7 -9.613251 39 -5.000001 -6.726494 41 -9.05364e-7 -6.726494 39 -9.05364e-7 -6.726494 41 -9.05364e-7 -6.726494 39 -9.05364e-7 -14.34323 39 -3.550001 -15.06855 39 -3.066359 -15.67186 39 -2.437065 -16.12451 39 -1.692012 -16.405 39 -0.8665876 -16.5 31.5 -9.05364e-7 -16.5 39 -9.05364e-7 -16.405 39 0.8665858 -16.12451 39 1.69201 -15.67186 39 2.437063 -15.06855 39 3.066357 -14.34323 39 3.549999 -8.5 39 -9.05364e-7 -6.726494 39 -9.05364e-7 -16.5 39 -9.05364e-7 -18.2735 39 -9.05364e-7 -9.5 41 -9.05364e-7 -9.602223 41 -0.776458 -9.901925 41 -1.500001 -10.37868 41 -2.121321 -11 41 -2.598077 -11.72354 41 -2.897778 -11.74014 41 -2.902174 -12.5 41 -3.000001 -9.602223 41 0.7764562 -9.730366 41 1.15287 -9.901925 41 1.499999 -10.37868 41 2.121319 -11 41 2.598075 -11.72354 41 2.897777 -12.5 41 2.999999 -13.27646 41 2.897777 -14 41 2.598075 -14.62132 41 2.121319 -15.09808 41 1.499999 -15.39778 41 0.7764562 -15.5 46 -9.05364e-7 -15.5 41 -9.05364e-7 -15.39778 41 -0.776458 -15.09808 41 -1.500001 -14.62132 41 -2.121321 -14 41 -2.598077 -13.27646 41 -2.897778 -13.25986 41 -2.902174 -13 46 2.299999 -12.93301 41 2.549999 -12.93301 46 2.549999 -12.75 41 2.733012 -12.75 46 2.733012 -12.5 41 2.799999 -12.5 46 2.799999 -12.25 41 2.733012 -12.25 46 2.733012 -12.06699 41 2.549999 -12.06699 46 2.549999 -12 41 2.299999 -12 46 2.299999 -12.06699 41 2.049999 -12.06699 46 2.049999 -12.25 41 1.866986 -12.25 46 1.866986 -12.5 41 1.799999 -12.5 46 1.799999 -12.75 41 1.866986 -12.75 46 1.866986 -12.93301 41 2.049999 -12.93301 46 2.049999 -13 41 2.299999 -11.00814 46 1.149999 -10.94115 41 1.399999 -10.94115 46 1.399999 -10.75814 41 1.583012 -10.75814 46 1.583012 -10.50814 41 1.649999 -10.50814 46 1.649999 -10.25814 41 1.583012 -10.25814 46 1.583012 -10.07513 41 1.399999 -10.07513 46 1.399999 -10.00814 41 1.149999 -10.00814 46 1.149999 -10.07513 41 0.8999991 -10.07513 46 0.8999991 -10.25814 41 0.7169864 -10.25814 46 0.7169864 -10.50814 41 0.6499991 -10.50814 46 0.6499991 -10.75814 41 0.7169864 -10.75814 46 0.7169864 -10.94115 41 0.8999991 -10.94115 46 0.8999991 -11.00814 41 1.149999 -11.00814 46 -1.150001 -10.94115 41 -0.9000009 -10.94115 46 -0.9000009 -10.75814 41 -0.7169882 -10.75814 46 -0.7169882 -10.50814 41 -0.6500009 -10.50814 46 -0.6500009 -10.25814 41 -0.7169882 -10.25814 46 -0.7169882 -10.07513 41 -0.9000009 -10.07513 46 -0.9000009 -10.00814 41 -1.150001 -10.00814 46 -1.150001 -10.07513 41 -1.400001 -10.07513 46 -1.400001 -10.25814 41 -1.583014 -10.25814 46 -1.583014 -10.50814 41 -1.650001 -10.50814 46 -1.650001 -10.75814 41 -1.583014 -10.75814 46 -1.583014 -10.94115 41 -1.400001 -10.94115 46 -1.400001 -11.00814 41 -1.150001 -14.99186 46 1.149999 -14.92487 41 1.399999 -14.92487 46 1.399999 -14.74186 41 1.583012 -14.74186 46 1.583012 -14.49186 41 1.649999 -14.49186 46 1.649999 -14.24186 41 1.583012 -14.24186 46 1.583012 -14.05885 41 1.399999 -14.05885 46 1.399999 -13.99186 41 1.149999 -13.99186 46 1.149999 -14.05885 41 0.8999991 -14.05885 46 0.8999991 -14.24186 41 0.7169864 -14.24186 46 0.7169864 -14.49186 41 0.6499991 -14.49186 46 0.6499991 -14.74186 41 0.7169864 -14.74186 46 0.7169864 -14.92487 41 0.8999991 -14.92487 46 0.8999991 -14.99186 41 1.149999 -14.99186 46 -1.150001 -14.92487 41 -0.9000009 -14.92487 46 -0.9000009 -14.74186 41 -0.7169882 -14.74186 46 -0.7169882 -14.49186 41 -0.6500009 -14.49186 46 -0.6500009 -14.24186 41 -0.7169882 -14.24186 46 -0.7169882 -14.05885 41 -0.9000009 -14.05885 46 -0.9000009 -13.99186 41 -1.150001 -13.99186 46 -1.150001 -14.05885 41 -1.400001 -14.05885 46 -1.400001 -14.24186 41 -1.583014 -14.24186 46 -1.583014 -14.49186 41 -1.650001 -14.49186 46 -1.650001 -14.74186 41 -1.583014 -14.74186 46 -1.583014 -14.92487 41 -1.400001 -14.92487 46 -1.400001 -14.99186 41 -1.150001 -13 46 -2.300001 -12.93301 41 -2.050001 -12.93301 46 -2.050001 -12.75 41 -1.866988 -12.75 46 -1.866988 -12.5 41 -1.800001 -12.5 46 -1.800001 -12.25 41 -1.866988 -12.25 46 -1.866988 -12.06699 41 -2.050001 -12.06699 46 -2.050001 -12 41 -2.300001 -12 46 -2.300001 -12.06699 41 -2.550001 -12.06699 46 -2.550001 -12.25 41 -2.733014 -12.25 46 -2.733014 -12.5 41 -2.800001 -12.5 46 -2.800001 -12.75 41 -2.733014 -12.75 46 -2.733014 -12.93301 41 -2.550001 -12.93301 46 -2.550001 -13 41 -2.300001 -13 46 -9.05364e-7 -12.93301 41 0.2499991 -12.93301 46 0.2499991 -12.75 41 0.4330118 -12.75 46 0.4330118 -12.5 41 0.4999991 -12.5 46 0.4999991 -12.25 41 0.4330118 -12.25 46 0.4330118 -12.06699 41 0.2499991 -12.06699 46 0.2499991 -12 41 -9.05364e-7 -12 46 -9.05364e-7 -12.06699 41 -0.2500009 -12.06699 46 -0.2500009 -12.25 41 -0.4330136 -12.25 46 -0.4330136 -12.5 41 -0.5000009 -12.5 46 -0.5000009 -12.75 41 -0.4330136 -12.75 46 -0.4330136 -12.93301 41 -0.2500009 -12.93301 46 -0.2500009 -13 41 -9.05364e-7 -11.50407 41 1.724999 -13.49593 41 -1.725001 -15.5 41 -9.05364e-7 -13.49593 41 -0.5750009 -11.50407 41 -1.725001 -11.50407 41 -0.5750009 -9.754075 41 -0.5750009 -9.754075 41 0.5749991 -9.5 41 -9.05364e-7 -11.50407 41 0.5749991 -13.49593 41 1.724999 -13.49593 41 0.5749991 -13 41 -9.05364e-7 -12 41 -9.05364e-7 -12.5 46 -2.300001 -14.49186 46 -1.150001 -14.49186 46 1.149999 -10.50814 46 -1.150001 -10.50814 46 1.149999 -12.5 46 2.299999 -12.5 46 -9.05364e-7 -13 46 -9.05364e-7 -13.82158 29.5 2.064117 -13.82158 29.5 2.350232 -11.0013 29.5 2.064117 -11.0013 29.5 2.350232 -13.82158 29.5 -2.064119 -13.82158 29.5 -1.846126 -11.0013 29.5 -2.064119 -11.0013 29.5 -1.846126 -16.13771 38.22382 3.456165 -16.20362 38.40223 3.518779 -16.58059 38.40223 3.073662 -16.6056 38.6 3.092508 -16.93136 38.6 2.604347 -16.90436 38.79777 2.588476 -17.17071 38.79777 2.069545 -17.0876 38.97618 2.032718 -17.28941 38.97618 1.496521 -17.15427 39.11777 1.454294 -17.28971 39.11777 0.914268 -17.11446 39.20867 0.8808164 -17.18478 39.20867 0.3490665 -16.98756 39.24 0.3343712 -16.99642 39.24 -0.1793516 -16.79881 39.20867 -0.1714693 -16.75124 39.20867 -0.6603792 -16.57495 39.11777 -0.6329936 -16.47623 39.11777 -1.093376 -16.33971 38.97618 -1.055836 -16.19433 38.97618 -1.486648 -16.10999 38.79777 -1.452711 -15.92086 38.79777 -1.85475 -15.89333 38.6 -1.83982 -15.66149 38.6 -2.214637 -15.68714 38.40223 -2.232609 -15.41187 38.40223 -2.581363 -15.47989 38.22382 -2.641666 -15.15934 38.22382 -2.964129 -15.25389 38.08223 -3.069519 -14.88604 38.08223 -3.363431 -14.98927 37.99132 -3.508946 -14.57306 37.99132 -3.769829 -14.66836 37.96 -3.943126 -14.20474 37.96 -4.164597 -14.27966 37.99132 -4.347628 -13.77247 37.99132 -4.522155 -13.82079 38.08223 -4.693897 -13.27712 38.08223 -4.81386 -13.29969 38.22382 -4.953639 -12.7298 38.22382 -5.012507 -12.73396 38.40223 -5.103317 -12.15071 38.40223 -5.096722 -12.14856 38.6 -5.127973 -11.56631 38.6 -5.054486 -11.572 38.79777 -5.023684 -11.00539 38.79777 -4.885154 -11.03199 38.97618 -4.798226 -10.4946 38.97618 -4.599609 -10.55119 39.11777 -4.46982 -10.05437 39.11777 -4.218537 -10.14385 39.20867 -4.064188 -9.695927 39.20867 -3.769115 -9.813977 39.24 -3.61044 -9.419926 39.24 -3.280722 -9.555291 39.20867 -3.136537 -9.216946 39.20867 -2.780421 -9.353093 39.11777 -2.665118 -9.069806 39.11777 -2.289026 -9.187581 38.97618 -2.210434 -8.9572 38.97618 -1.818438 -9.038075 38.79777 -1.776927 -8.858086 38.79777 -1.370715 -8.887402 38.6 -1.359681 -8.755955 38.6 -0.9390131 -8.725575 38.40223 -0.9466332 -8.64227 38.40223 -0.5102106 -8.552147 38.22382 -0.5221297 -8.518364 38.22382 -0.0687052 -8.376797 38.08223 -0.07114797 -8.395565 38.08223 0.3993256 -8.217991 37.99132 0.4166019 -8.293389 37.99132 0.9019989 -8.100014 37.96 0.9434633 -8.236241 37.96 1.438874 -8.048855 37.99132 1.502111 -8.249096 37.99132 1.999712 -8.087655 38.08223 2.075658 -8.35302 38.08223 2.565098 -8.232609 38.22382 2.63958 -8.561314 38.22382 3.10882 -8.48996 38.40223 3.165142 -8.876893 38.40223 3.601621 -8.85468 38.6 3.623704 -9.291512 38.6 4.015619 -9.311066 38.79777 3.991147 -9.786808 38.79777 4.328643 -9.835087 38.97618 4.251618 -10.3371 38.97618 4.527682 -10.39814 39.11777 4.399923 -10.91339 39.11777 4.610837 -10.97144 39.20867 4.442134 -11.48777 39.20867 4.587421 -11.53039 39.24 4.394296 -12.03762 39.24 4.476181 -12.05794 39.20867 4.279457 -12.54864 39.20867 4.301953 -12.54662 39.11777 4.123553 -13.01637 39.11777 4.09136 -12.99864 38.97618 3.950886 -13.44576 38.97618 3.868292 -13.42417 38.79777 3.779988 -13.84903 38.79777 3.650002 -13.83817 38.6 3.62062 -14.24217 38.6 3.44448 -14.25631 38.40223 3.472432 -14.64068 38.40223 3.249594 -14.69069 38.22382 3.325508 -15.05549 38.22382 3.054111 -15.14635 38.08223 3.1627 -15.48963 38.08223 2.840423 -15.61897 37.99132 2.96331 -15.93643 37.99132 2.588459 -16.0944 37.96 2.707449 -16.3796 37.96 2.28007 -16.5501 37.99132 2.380277 -16.79503 37.99132 1.903085 -16.95815 38.08223 1.97536 -17.15427 38.08223 1.454294 -17.28941 38.22382 1.496521 -17.42878 38.22382 0.9408153 -17.51807 38.40223 0.9578598 -17.59455 38.40223 0.3795987 -17.62579 38.6 0.3819263 -17.63592 38.6 -0.2048593 -17.60462 38.79777 -0.2036109 -17.54813 38.79777 -0.7841662 -17.45831 38.97618 -0.7702126 -17.33819 38.97618 -1.330396 -17.20167 39.11777 -1.292856 -17.02365 39.11777 -1.820379 -16.85813 39.20867 -1.753774 -16.62981 39.20867 -2.239132 -16.45595 39.24 -2.144867 -16.18567 39.24 -2.581831 -16.02369 39.20867 -2.468362 -15.71935 39.20867 -2.853943 -15.58584 39.11777 -2.735591 -15.25389 39.11777 -3.069519 -15.15934 38.97618 -2.964129 -14.80412 38.97618 -3.24795 -14.75152 38.79777 -3.173807 -14.37506 38.79777 -3.409774 -14.35997 38.6 -3.382326 -13.96229 38.6 -3.572299 -13.97415 38.40223 -3.601289 -13.55403 38.40223 -3.745855 -13.57865 38.22382 -3.833362 -13.13465 38.22382 -3.931332 -13.15722 38.08223 -4.071111 -12.68886 38.08223 -4.119491 -12.69703 37.99132 -4.297716 -12.20584 37.99132 -4.292162 -12.19232 37.96 -4.48947 -11.68257 37.96 -4.425134 -11.64664 37.99132 -4.619615 -11.12561 37.99132 -4.492227 -11.07341 38.08223 -4.662833 -10.55119 38.08223 -4.46982 -10.4946 38.22382 -4.599609 -9.983357 38.22382 -4.341029 -9.937764 38.40223 -4.419674 -9.450657 38.40223 -4.098793 -9.431962 38.6 -4.123924 -8.981869 38.6 -3.747313 -9.003308 38.79777 -3.724477 -8.601544 38.79777 -3.301607 -8.670914 38.97618 -3.242857 -8.326214 38.97618 -2.785236 -8.443989 39.11777 -2.706644 -8.161892 39.11777 -2.226651 -8.320614 39.20867 -2.145182 -8.103325 39.20867 -1.654785 -8.288422 39.24 -1.58512 -8.135186 39.24 -1.094704 -8.327015 39.20867 -1.046593 -8.23491 39.20867 -0.5640864 -8.411786 39.11777 -0.540694 -8.376797 39.11777 -0.07114797 -8.518364 38.97618 -0.0687052 -8.536484 38.97618 0.385615 -8.626965 38.79777 0.3768122 -8.695164 38.79777 0.815849 -8.725792 38.6 0.8092817 -8.842644 38.6 1.234234 -8.812966 38.40223 1.24425 -15.72003 38.22382 3.848304 -15.62917 38.08223 3.739715 -15.18247 38.08223 4.072037 -15.08433 37.99132 3.923047 -14.62029 37.99132 4.192067 -14.53102 37.96 4.015586 -14.06004 37.96 4.220931 -13.99148 37.99132 4.035424 -13.52176 37.99132 4.179136 -13.47939 38.08223 4.005829 -13.01637 38.08223 4.09136 -12.99864 38.22382 3.950886 -12.54502 38.22382 3.981973 -12.544 38.40223 3.891074 -12.10016 38.40223 3.870726 -12.10338 38.6 3.839568 -11.66829 38.6 3.76933 -11.66154 38.79777 3.799917 -11.23384 38.79777 3.679571 -11.20426 38.97618 3.765529 -10.78347 38.97618 3.593282 -10.72244 39.11777 3.721041 -10.30986 39.11777 3.49416 -10.21511 39.20867 3.645331 -9.814465 39.20867 3.361111 -9.69101 39.24 3.51562 -9.308571 39.24 3.172503 -9.168313 39.20867 3.311932 -8.812497 39.20867 2.91056 -8.672455 39.11777 3.021097 -8.35302 39.11777 2.565098 -8.232609 38.97618 2.63958 -7.959534 38.97618 2.135928 -7.877274 38.79777 2.174624 -7.659519 38.79777 1.633498 -7.629841 38.6 1.643514 -7.474239 38.6 1.077645 -7.504864 38.40223 1.071077 -7.415333 38.40223 0.4946935 -7.50581 38.22382 0.4858908 -7.482975 38.22382 -0.08657109 -7.624542 38.08223 -0.08412832 -7.665913 38.08223 -0.6393402 -7.842781 37.99132 -0.6159477 -7.943356 37.99132 -1.142815 -8.135186 37.96 -1.094704 -8.288422 37.96 -1.58512 -8.473515 37.99132 -1.515456 -8.672509 37.99132 -1.964562 -8.831238 38.08223 -1.883093 -9.069806 38.08223 -2.289026 -9.187581 38.22382 -2.210434 -9.461144 38.22382 -2.573613 -9.53051 38.40223 -2.514863 -9.836541 38.40223 -2.836967 -9.857979 38.6 -2.814131 -10.19599 38.6 -3.096955 -10.17729 38.79777 -3.122087 -10.54832 38.79777 -3.366505 -10.50273 38.97618 -3.44515 -10.90847 38.97618 -3.650366 -10.85188 39.11777 -3.780154 -11.29352 39.11777 -3.943387 -11.24133 39.20867 -4.113992 -11.71849 39.20867 -4.230653 -11.68257 39.24 -4.425134 -12.19232 39.24 -4.48947 -12.1788 39.20867 -4.686779 -12.71514 39.20867 -4.692843 -12.72332 39.11777 -4.871067 -13.27712 39.11777 -4.81386 -13.29969 38.97618 -4.953639 -13.85914 38.97618 -4.830193 -13.88377 38.79777 -4.917699 -14.43532 38.79777 -4.727907 -14.44719 38.6 -4.756896 -14.97674 38.6 -4.503926 -14.96165 38.40223 -4.476479 -15.45588 38.40223 -4.166693 -15.40329 38.22382 -4.092549 -15.85088 38.22382 -3.734923 -15.75632 38.08223 -3.629534 -16.14883 38.08223 -3.234682 -16.01533 37.99132 -3.116331 -16.34765 37.99132 -2.6953 -16.18567 37.96 -2.581831 -16.45595 37.96 -2.144867 -16.28209 37.99132 -2.050603 -16.49119 37.99132 -1.60611 -16.32568 38.08223 -1.539506 -16.47623 38.08223 -1.093376 -16.33971 38.22382 -1.055836 -16.43504 38.22382 -0.6112602 -16.34521 38.40223 -0.5973066 -16.38823 38.40223 -0.1550924 -16.35693 38.6 -0.153844 -16.34933 38.6 0.286816 -16.38057 38.79777 0.2891435 -16.32231 38.79777 0.7296101 -16.41161 38.97618 0.7466545 -16.301 38.97618 1.187677 -16.43614 39.11777 1.229905 -16.27029 39.11777 1.670574 -16.4334 39.20867 1.74285 -16.20909 39.20867 2.179863 -16.3796 39.24 2.28007 -16.0944 39.24 2.707449 -16.25237 39.20867 2.826439 -15.90572 39.20867 3.235753 -16.03507 39.11777 3.358641 -15.62917 39.11777 3.739715 -15.72003 38.97618 3.848304 -15.26036 38.97618 4.190275 -15.31037 38.79777 4.26619 -14.80574 38.79777 4.558739 -14.81988 38.6 4.586691 -14.28192 38.6 4.821241 -14.27106 38.40223 4.79186 -13.71328 38.40223 4.962511 -13.69169 38.22382 4.874206 -13.12831 38.22382 4.978277 -13.11058 38.08223 4.837803 -12.55513 38.08223 4.87587 -12.55311 37.99132 4.69747 -12.0173 37.99132 4.672905 -12.03762 37.96 4.476181 -11.53039 37.96 4.394296 -11.573 37.99132 4.201171 -11.10014 37.99132 4.068116 -11.15819 38.08223 3.899413 -10.72244 38.08223 3.721041 -10.78347 38.22382 3.593282 -10.38506 38.22382 3.374191 -10.43334 38.40223 3.297166 -10.07096 38.40223 3.040092 -10.09051 38.6 3.01562 -9.762463 38.6 2.721303 -9.74025 38.79777 2.743386 -9.445515 38.79777 2.410916 -9.374161 38.97618 2.467238 -9.113289 38.97618 2.094836 -8.992878 39.11777 2.169318 -8.768456 39.11777 1.755396 -8.60701 39.20867 1.831341 -8.42363 39.20867 1.375637 -8.236241 39.24 1.438874 -8.100014 39.24 0.9434633 -7.906639 39.20867 0.9849277 -7.824306 39.20867 0.4549039 -7.646732 39.11777 0.4721803 -7.624542 39.11777 -0.08412832 -7.482975 38.97618 -0.08657109 -7.525547 38.97618 -0.6579045 -7.435425 38.79777 -0.6698235 -7.544792 38.79777 -1.242775 -7.514408 38.6 -1.250395 -7.689442 38.6 -1.810559 -7.718758 38.40223 -1.799526 -7.955051 38.40223 -2.332817 -8.035927 38.22382 -2.291306 -8.326214 38.22382 -2.785236 -8.443989 38.08223 -2.706644 -8.778958 38.08223 -3.151352 -8.915108 37.99132 -3.036049 -9.284558 37.99132 -3.424907 -9.419926 37.96 -3.280722 -9.813977 37.96 -3.61044 -9.932023 37.99132 -3.451764 -10.34223 37.99132 -3.721992 -10.43171 38.08223 -3.567642 -10.85188 38.08223 -3.780154 -10.90847 38.22382 -3.650366 -11.33495 38.22382 -3.807993 -11.36154 38.40223 -3.721065 -11.79313 38.40223 -3.826584 -11.79882 38.6 -3.795782 -12.23608 38.6 -3.850968 -12.23394 38.79777 -3.882218 -12.67821 38.79777 -3.887242 -12.68238 38.97618 -3.978052 -13.13465 38.97618 -3.931332 -13.15722 39.11777 -4.071111 -13.617 39.11777 -3.969658 -13.66533 39.20867 -4.1414 -14.12982 39.20867 -3.981567 -14.20474 39.24 -4.164597 -14.66836 39.24 -3.943126 -14.76365 39.20867 -4.116423 -15.21813 39.20867 -3.831554 -15.32136 39.11777 -3.977068 -15.75632 39.11777 -3.629534 -15.85088 38.97618 -3.734923 -16.25478 38.97618 -3.328607 -16.32281 38.79777 -3.38891 -16.6842 38.79777 -2.931053 -16.70985 38.6 -2.949025 -17.01858 38.6 -2.449915 -16.99104 38.40223 -2.434985 -17.23933 38.40223 -1.907173 -17.155 38.22382 -1.873237 -17.33819 38.22382 -1.330396 -17.20167 38.08223 -1.292856 -17.3184 38.08223 -0.7484792 -17.1421 37.99132 -0.7210936 -17.19404 37.99132 -0.187234 -16.99642 37.96 -0.1793516 -16.98756 37.96 0.3343712 -16.79034 37.99132 0.3196758 -16.72593 37.99132 0.8066535 -16.55068 38.08223 0.7732018 -16.43614 38.08223 1.229905 -16.301 38.22382 1.187677 -16.14084 38.22382 1.613216 -16.05772 38.40223 1.57639 -15.85484 38.40223 1.971665 -15.82783 38.6 1.955793 -15.5832 38.6 2.322389 -15.60822 38.79777 2.341235 -15.32108 38.79777 2.680285 -15.38698 38.97618 2.742899 -15.05549 38.97618 3.054111 -15.14635 39.11777 3.1627 -14.76858 39.11777 3.443746 -14.86673 39.20867 3.592736 -14.44176 39.20867 3.839104 -14.53102 39.24 4.015586 -14.06004 39.24 4.220931 -14.12861 39.20867 4.406436 -13.6157 39.20867 4.563361 -13.65807 39.11777 4.736669 -13.11058 39.11777 4.837803 -13.12831 38.97618 4.978277 -12.55673 38.97618 5.017449 -12.55776 38.79777 5.108348 -11.97507 38.79777 5.081635 -11.97186 38.6 5.112793 -11.39248 38.6 5.019263 -11.39923 38.40223 4.988675 -10.83774 38.40223 4.830679 -10.86732 38.22382 4.74472 -10.3371 38.22382 4.527682 -10.39814 38.08223 4.399923 -9.910286 38.08223 4.131649 -10.00504 37.99132 3.980478 -9.567559 37.99132 3.670128 -9.69101 37.96 3.51562 -9.308571 37.96 3.172503 -9.448834 37.99132 3.033075 -9.122975 37.99132 2.665498 -9.26302 38.08223 2.55496 -8.992878 38.08223 2.169318 -9.113289 38.22382 2.094836 -8.896569 38.22382 1.695126 -8.978829 38.40223 1.65643 -16.50797 38.22382 3.018969 -16.90436 38.40223 2.588476 -17.19935 38.6 2.082234 -17.37618 38.79777 1.523634 -17.42878 38.97618 0.9408153 -17.3627 39.11777 0.3623234 -17.19404 39.20867 -0.187234 -16.94667 39.24 -0.6907364 -16.64826 39.20867 -1.14068 -16.32568 39.11777 -1.539506 -16.00078 38.97618 -1.898079 -15.68714 38.79777 -2.232609 -15.38843 38.6 -2.560584 -15.09863 38.40223 -2.896465 -14.80412 38.22382 -3.24795 -14.48709 38.08223 -3.613496 -14.12982 37.99132 -3.981567 -13.7189 37.96 -4.331778 -13.24869 37.99132 -4.637729 -12.72332 38.08223 -4.871067 -12.15692 38.22382 -5.006029 -11.572 38.40223 -5.023684 -10.99623 38.6 -4.915107 -10.45827 38.79777 -4.682939 -9.983357 38.97618 -4.341029 -9.589432 39.11777 -3.912258 -9.284558 39.20867 -3.424907 -9.066025 39.24 -2.908235 -8.921402 39.20867 -2.388057 -8.831238 39.11777 -1.883093 -8.773007 38.97618 -1.402736 -8.725575 38.79777 -0.9466332 -8.673321 38.6 -0.5061036 -8.609257 38.40223 -0.06713682 -8.536484 38.22382 0.385615 -8.467839 38.08223 0.8645933 -8.42363 37.99132 1.375637 -8.428051 37.96 1.915527 -8.504754 37.99132 2.471245 -8.672455 38.08223 3.021097 -8.941369 38.22382 3.537533 -9.311066 38.40223 3.991147 -9.770173 38.6 4.355184 -10.29792 38.79777 4.609709 -10.86732 38.97618 4.74472 -11.44933 39.11777 4.761642 -12.0173 39.20867 4.672905 -12.55088 39.24 4.499711 -13.03871 39.20867 4.268367 -13.47939 39.11777 4.005829 -13.88054 38.97618 3.735269 -14.25631 38.79777 3.472432 -14.62345 38.6 3.223436 -14.99716 38.40223 2.984392 -15.38698 38.22382 2.742899 -15.79392 38.08223 2.481117 -16.20909 37.99132 2.179863 -16.61422 37.96 1.822967 -16.98397 37.99132 1.401083 -17.28971 38.08223 0.914268 -17.5039 38.22382 0.372844 -17.60462 38.40223 -0.2036109 -17.57909 38.6 -0.7889743 -17.42584 38.79777 -1.354499 -17.155 38.97618 -1.873237 -16.78665 39.11777 -2.32417 -16.34765 39.20867 -2.6953 -15.86734 39.24 -2.985136 -15.37304 39.20867 -3.202318 -14.88604 39.11777 -3.363431 -14.41886 38.97618 -3.489429 -13.97415 38.79777 -3.601289 -13.54554 38.6 -3.715702 -13.12016 38.40223 -3.841589 -12.68238 38.22382 -3.978052 -12.21804 38.08223 -4.114168 -11.71849 37.99132 -4.230653 -11.18347 37.96 -4.303109 -10.62249 37.99132 -4.306277 -10.05437 38.08223 -4.218537 -9.504921 38.22382 -4.025857 -9.003308 38.40223 -3.724477 -8.577641 38.6 -3.321851 -8.250599 38.79777 -2.835696 -8.035927 38.97618 -2.291306 -7.936352 39.11777 -1.71763 -7.943356 39.20867 -1.142815 -8.038849 39.24 -0.5900171 -8.19841 39.20867 -0.07422602 -8.395565 39.11777 0.3993256 -8.606278 38.97618 0.8349081 -8.812966 38.79777 1.24425 -9.007176 38.6 1.643096 -16.03507 38.08223 3.358641 -15.51467 37.99132 3.602885 -14.97553 37.96 3.757891 -14.44176 37.99132 3.839104 -13.92963 38.08223 3.868077 -13.44576 38.22382 3.868292 -12.98726 38.40223 3.860696 -12.54364 38.6 3.859752 -12.10016 38.79777 3.870726 -11.64195 38.97618 3.888687 -11.15819 39.11777 3.899413 -10.64554 39.20867 3.882028 -10.11007 39.24 3.812904 -9.567559 39.20867 3.670128 -9.041783 39.11777 3.437712 -8.561314 38.97618 3.10882 -8.155297 38.79777 2.6874 -7.848934 38.6 2.187958 -7.659519 38.40223 1.633498 -7.59375 38.22382 1.052018 -7.646732 38.08223 0.4721803 -7.802929 37.99132 -0.08105021 -8.038849 37.96 -0.5900171 -8.327015 37.99132 -1.046593 -8.640496 38.08223 -1.45261 -8.9572 38.22382 -1.818438 -9.263195 38.40223 -2.159975 -9.554417 38.6 -2.49462 -9.836541 38.79777 -2.836967 -10.12303 38.97618 -3.195022 -10.43171 39.11777 -3.567642 -10.78057 39.20867 -3.943698 -11.18347 39.24 -4.303109 -11.64664 39.20867 -4.619615 -12.1666 39.11777 -4.864772 -12.7298 38.97618 -5.012507 -13.31417 38.79777 -5.043382 -13.89225 38.6 -4.947852 -14.43532 38.40223 -4.727907 -14.91785 38.22382 -4.396823 -15.32136 38.08223 -3.977068 -15.63718 37.99132 -3.496735 -15.86734 37.96 -2.985136 -16.02369 37.99132 -2.468362 -16.12525 38.08223 -1.965565 -16.19433 38.22382 -1.486648 -16.25206 38.40223 -1.031734 -16.31426 38.6 -0.5924985 -16.38823 38.79777 -0.1550924 -16.47122 38.97618 0.2958983 -16.55068 39.11777 0.7732018 -16.60643 39.20867 1.283115 -16.61422 39.24 1.822967 -16.5501 39.20867 2.380277 -16.39488 39.11777 2.933781 -16.13771 38.97618 3.456165 -15.77836 38.79777 3.918023 -15.3276 38.6 4.292347 -14.80574 38.40223 4.558739 -14.23954 38.22382 4.706592 -13.65807 38.08223 4.736669 -13.08824 37.99132 4.660796 -12.55088 37.96 4.499711 -12.05794 37.99132 4.279457 -11.61144 38.08223 4.02695 -11.20426 38.22382 3.765529 -10.82266 38.40223 3.511255 -10.44997 38.6 3.270625 -10.07096 38.79777 3.040092 -9.675778 38.97618 2.807474 -9.26302 39.11777 2.55496 -8.841145 39.20867 2.263171 -8.428051 39.24 1.915527 -8.048855 39.20867 1.502111 -7.732193 39.11777 1.022333 -7.50581 38.97618 0.4858908 -7.392086 38.79777 -0.08813947 -7.404373 38.6 -0.6739305 -7.544792 38.40223 -1.242775 -7.803833 38.22382 -1.767505 -8.161892 38.08223 -2.226651 -8.592389 37.99132 -2.607613 -9.066025 37.96 -2.908235 -9.555291 37.99132 -3.136537 -10.03852 38.08223 -3.308621 -10.50273 38.22382 -3.44515 -10.94479 38.40223 -3.567036 -11.37071 38.6 -3.691112 -11.79313 38.79777 -3.826584 -12.22772 38.97618 -3.972911 -12.68886 39.11777 -4.119491 -13.18565 39.20867 -4.247242 -13.7189 39.24 -4.331778 -14.27966 39.20867 -4.347628 -14.84962 39.11777 -4.272756 -15.40329 38.97618 -4.092549 -15.91158 38.79777 -3.802588 -16.34625 38.6 -3.409689 -16.6842 38.40223 -2.931053 -16.91112 38.22382 -2.391656 -17.02365 38.08223 -1.820379 -17.02964 37.99132 -1.245553 -16.94667 37.96 -0.6907364 -16.79881 37.99132 -0.1714693 -16.61242 38.08223 0.3064189 -16.41161 38.22382 0.7466545 -16.21423 38.40223 1.160565 -16.02908 38.6 1.563701 -15.85484 38.79777 1.971665 -15.68083 38.97618 2.395929 -15.48963 39.11777 2.840423 -15.26085 39.20867 3.29953 -14.97553 39.24 3.757891 -14.62029 39.20867 4.192067 -14.19046 39.11777 4.573784 -13.69169 38.97618 4.874206 -13.13969 38.79777 5.068467 -12.55811 38.6 5.13967 -11.97507 38.40223 5.081635 -11.41882 38.22382 4.899905 -10.91339 38.08223 4.610837 -10.47504 37.99132 4.238936 -10.11007 37.96 3.812904 -9.814465 37.99132 3.361111 -9.575364 38.08223 2.907294 -9.374161 38.22382 2.467238 -9.190602 38.40223 2.047016 -16.82599 38.22382 2.542416 -17.17071 38.40223 2.069545 -17.40608 38.6 1.532976 -17.51807 38.79777 0.9578598 -17.5039 38.97618 0.372844 -17.37231 39.11777 -0.1943447 -17.1421 39.20867 -0.7210936 -16.83895 39.24 -1.193116 -16.49119 39.20867 -1.60611 -16.12525 39.11777 -1.965565 -15.76159 38.97618 -2.284765 -15.41187 38.79777 -2.581363 -15.07771 38.6 -2.873149 -14.75152 38.40223 -3.173807 -14.41886 38.22382 -3.489429 -14.06223 38.08223 -3.816453 -13.66533 37.99132 -4.1414 -13.21717 37.96 -4.442485 -12.71514 37.99132 -4.692843 -12.1666 38.08223 -4.864772 -11.58851 38.22382 -4.934291 -11.00539 38.40223 -4.885154 -10.44575 38.6 -4.711652 -9.937764 38.79777 -4.419674 -9.504921 38.97618 -4.025857 -9.162442 39.11777 -3.554978 -8.915108 39.20867 -3.036049 -8.756897 39.24 -2.497835 -8.672509 39.20867 -1.964562 -8.640496 39.11777 -1.45261 -8.637402 38.97618 -0.9687474 -8.64227 38.79777 -0.5102106 -8.640576 38.6 -0.06659638 -8.626965 38.40223 0.3768122 -8.606278 38.22382 0.8349081 -8.592675 38.08223 1.31859 -8.60701 37.99132 1.831341 -8.672947 37.96 2.367208 -8.812497 37.99132 2.91056 -9.041783 38.08223 3.437712 -9.36781 38.22382 3.920128 -9.786808 38.40223 4.328643 -10.28442 38.6 4.637973 -10.83774 38.79777 4.830679 -11.41882 38.97618 4.899905 -11.99896 39.11777 4.850372 -12.55311 39.20867 4.69747 -13.06347 39.24 4.464581 -13.52176 39.20867 4.179136 -13.92963 39.11777 3.868077 -14.29734 38.97618 3.553551 -14.64068 38.79777 3.249594 -14.97706 38.6 2.960369 -15.32108 38.40223 2.680285 -15.68083 38.22382 2.395929 -16.05528 38.08223 2.089465 -16.4334 37.99132 1.74285 -16.7952 37.96 1.342099 -17.11446 37.99132 0.8808164 -17.3627 38.08223 0.3623234 -17.51378 38.22382 -0.1999878 -17.54813 38.40223 -0.7841662 -17.45604 38.6 -1.362804 -17.23933 38.79777 -1.907173 -16.91112 38.97618 -2.391656 -16.49378 39.11777 -2.797662 -16.01533 39.20867 -3.116331 -15.50511 39.24 -3.349526 -14.98927 39.20867 -3.508946 -14.48709 39.11777 -3.613496 -14.00859 38.97618 -3.685418 -13.55403 38.79777 -3.745855 -13.11517 38.6 -3.810666 -12.67821 38.40223 -3.887242 -12.22772 38.22382 -3.972911 -11.7509 38.08223 -4.05521 -11.24133 37.99132 -4.113992 -10.70153 37.96 -4.124988 -10.14385 37.99132 -4.064188 -9.589432 38.08223 -3.912258 -9.065529 38.22382 -3.658202 -8.601544 38.40223 -3.301607 -8.224545 38.6 -2.853083 -7.955051 38.79777 -2.332817 -7.803833 38.97618 -1.767505 -7.770302 39.11777 -1.186217 -7.842781 39.20867 -0.6159477 -8.000672 39.24 -0.07763814 -8.217991 39.20867 0.4166019 -8.467839 39.11777 0.8645933 -8.72683 38.97618 1.273317 -8.978829 38.79777 1.65643 -9.21724 38.6 2.030538 -16.39488 38.08223 2.933781 -15.90572 37.99132 3.235753 -15.38776 37.96 3.451208 -14.86673 37.99132 3.592736 -14.36124 38.08223 3.679898 -13.88054 38.22382 3.735269 -13.42417 38.40223 3.779988 -12.98334 38.6 3.829619 -12.544 38.79777 3.891074 -12.09082 38.97618 3.96115 -11.61144 39.11777 4.02695 -11.10014 39.20867 4.068116 -10.56029 39.24 4.060482 -10.00504 39.20867 3.980478 -9.456192 39.11777 3.809512 -8.941369 38.97618 3.537533 -8.48996 38.79777 3.165142 -8.128659 38.6 2.703878 -7.877274 38.40223 2.174624 -7.745651 38.22382 1.604431 -7.732193 38.08223 1.022333 -7.824306 37.99132 0.4549039 -8.000672 37.96 -0.07763814 -8.23491 37.99132 -0.5640864 -8.500065 38.08223 -1.003191 -8.773007 38.22382 -1.402736 -9.038075 38.40223 -1.776927 -9.28925 38.6 -2.142588 -9.53051 38.79777 -2.514863 -9.774319 38.97618 -2.903242 -10.03852 39.11777 -3.308621 -10.34223 39.20867 -3.721992 -10.70153 39.24 -4.124988 -11.12561 39.20867 -4.492227 -11.61423 39.11777 -4.795058 -12.15692 38.97618 -5.006029 -12.73396 38.79777 -5.103317 -13.31917 38.6 -5.074306 -13.88377 38.40223 -4.917699 -14.40089 38.22382 -4.643777 -14.84962 38.08223 -4.272756 -15.21813 37.99132 -3.831554 -15.50511 37.96 -3.349526 -15.71935 37.99132 -2.853943 -15.87756 38.08223 -2.366 -16.00078 38.22382 -1.898079 -16.10999 38.40223 -1.452711 -16.22186 38.6 -1.023429 -16.34521 38.79777 -0.5973066 -16.47907 38.97618 -0.1587156 -16.61242 39.11777 0.3064189 -16.72593 39.20867 0.8066535 -16.7952 39.24 1.342099 -16.79503 39.20867 1.903085 -16.70392 39.11777 2.470675 -16.50797 38.97618 3.018969 -16.20362 38.79777 3.518779 -15.79846 38.6 3.942046 -15.31037 38.40223 4.26619 -14.76472 38.22382 4.47762 -14.19046 38.08223 4.573784 -13.6157 37.99132 4.563361 -13.06347 37.96 4.464581 -12.54864 37.99132 4.301953 -12.07627 38.08223 4.101989 -11.64195 38.22382 3.888687 -11.23384 38.40223 3.679571 -10.83616 38.6 3.482991 -10.43334 38.79777 3.297166 -10.01422 38.97618 3.111112 -9.575364 39.11777 2.907294 -9.122975 39.20867 2.665498 -8.672947 39.24 2.367208 -8.249096 39.20867 1.999712 -7.879806 39.11777 1.559158 -7.59375 38.97618 1.052018 -7.415333 38.79777 0.4946935 -7.360764 38.6 -0.08867985 -7.435425 38.40223 -0.6698235 -7.632965 38.22382 -1.220661 -7.936352 38.08223 -1.71763 -8.320614 37.99132 -2.145182 -8.756897 37.96 -2.497835 -9.216946 37.99132 -2.780421 -9.677407 38.08223 -3.006466 -10.12303 38.22382 -3.195022 -10.54832 38.40223 -3.366505 -10.95732 38.6 -3.538323 -11.36154 38.79777 -3.721065 -11.77662 38.97618 -3.915977 -12.21804 39.11777 -4.114168 -12.69703 39.20867 -4.297716 -13.21717 39.24 -4.442485 -13.77247 39.20867 -4.522155 -14.34725 39.11777 -4.512742 -14.91785 38.97618 -4.396823 -15.45588 38.79777 -4.166693 -15.9325 38.6 -3.825903 -16.32281 38.40223 -3.38891 -16.60974 38.22382 -2.878897 -16.78665 38.08223 -2.32417 -16.85813 37.99132 -1.753774 -16.83895 37.96 -1.193116 -16.75124 37.99132 -0.6603792 -16.62054 38.08223 -0.1643586 -16.47122 38.22382 0.2958983 -16.32231 38.40223 0.7296101 -16.18433 38.6 1.151223 -16.05772 38.79777 1.57639 -15.93321 38.97618 2.017725 -15.79392 39.11777 2.481117 -15.61897 39.20867 2.96331 -15.38776 39.24 3.451208 -15.08433 39.20867 3.923047 -14.70081 39.11777 4.351273 -14.23954 38.97618 4.706592 -13.71328 38.79777 4.962511 -13.14361 38.6 5.099544 -12.55776 38.40223 5.108348 -11.98441 38.22382 4.991211 -11.44933 38.08223 4.761642 -10.97144 37.99132 4.442134 -10.56029 37.96 4.060482 -10.21511 37.99132 3.645331 -9.925835 38.08223 3.221727 -9.675778 38.22382 2.807474 -9.445515 38.40223 2.410916 -17.0876 38.22382 2.032718 -17.37618 38.40223 1.523634 -17.54884 38.6 0.963733 -17.59455 38.79777 0.3795987 -17.51378 38.97618 -0.1999878 -17.3184 39.11777 -0.7484792 -17.02964 39.20867 -1.245553 -16.67466 39.24 -1.679942 -16.28209 39.20867 -2.050603 -15.87756 39.11777 -2.366 -15.47989 38.97618 -2.641666 -15.09863 38.79777 -2.896465 -14.7334 38.6 -3.148259 -14.37506 38.40223 -3.409774 -14.00859 38.22382 -3.685418 -13.617 38.08223 -3.969658 -13.18565 37.99132 -4.247242 -12.70609 37.96 -4.495279 -12.1788 37.99132 -4.686779 -11.61423 38.08223 -4.795058 -11.03199 38.22382 -4.798226 -10.45827 38.40223 -4.682939 -9.922055 38.6 -4.446774 -9.450657 38.79777 -4.098793 -9.065529 38.97618 -3.658202 -8.778958 39.11777 -3.151352 -8.592389 39.20867 -2.607613 -8.496563 39.24 -2.054872 -8.473515 39.20867 -1.515456 -8.500065 39.11777 -1.003191 -8.552147 38.97618 -0.5221297 -8.609257 38.79777 -0.06713682 -8.658143 38.6 0.3737791 -8.695164 38.40223 0.815849 -8.72683 38.22382 1.273317 -8.768456 38.08223 1.755396 -8.841145 37.99132 2.263171 -8.967736 37.96 2.788029 -9.168313 37.99132 3.311932 -9.456192 38.08223 3.809512 -9.835087 38.22382 4.251618 -10.29792 38.40223 4.609709 -10.82755 38.6 4.860299 -11.39923 38.79777 4.988675 -11.98441 38.97618 4.991211 -12.55513 39.11777 4.87587 -13.08824 39.20867 4.660796 -13.56873 39.24 4.371249 -13.99148 39.20867 4.035424 -14.36124 39.11777 3.679898 -14.69069 38.97618 3.325508 -14.99716 38.79777 2.984392 -15.29837 38.6 2.658709 -15.60822 38.40223 2.341235 -15.93321 38.22382 2.017725 -16.27029 38.08223 1.670574 -16.60643 37.99132 1.283115 -16.92019 37.96 0.8437349 -17.18478 37.99132 0.3490665 -17.37231 38.08223 -0.1943447 -17.45831 38.22382 -0.7702126 -17.42584 38.40223 -1.354499 -17.26839 38.6 -1.918867 -16.99104 38.79777 -2.434985 -16.60974 38.97618 -2.878897 -16.14883 39.11777 -3.234682 -15.63718 39.20867 -3.496735 -15.1037 39.24 -3.67025 -14.57306 39.20867 -3.769829 -14.06223 39.11777 -3.816453 -13.57865 38.97618 -3.833362 -13.12016 38.79777 -3.841589 -12.67678 38.6 -3.855951 -12.23394 38.40223 -3.882218 -11.77662 38.22382 -3.915977 -11.29352 38.08223 -3.943387 -10.78057 37.99132 -3.943698 -10.24304 37.96 -3.89309 -9.695927 37.99132 -3.769115 -9.162442 38.08223 -3.554978 -8.670914 38.22382 -3.242857 -8.250599 38.40223 -2.835696 -7.927185 38.6 -2.34712 -7.718758 38.79777 -1.799526 -7.632965 38.97618 -1.220661 -7.665913 39.11777 -0.6393402 -7.802929 39.20867 -0.08105021 -8.021149 39.24 0.4357529 -8.293389 39.20867 0.9019989 -8.592675 39.11777 1.31859 -8.896569 38.97618 1.695126 -9.190602 38.79777 2.047016 -9.470101 38.6 2.391509 -16.70392 38.08223 2.470675 -16.25237 37.99132 2.826439 -15.76235 37.96 3.099532 -15.26085 37.99132 3.29953 -14.76858 38.08223 3.443746 -14.29734 38.22382 3.553551 -13.84903 38.40223 3.650002 -13.41673 38.6 3.74956 -12.98726 38.79777 3.860696 -12.54502 38.97618 3.981973 -12.07627 39.11777 4.101989 -11.573 39.20867 4.201171 -11.03579 39.24 4.255125 -10.47504 39.20867 4.238936 -9.910286 39.11777 4.131649 -9.36781 38.97618 3.920128 -8.876893 38.79777 3.601621 -8.465367 38.6 3.184549 -8.155297 38.40223 2.6874 -7.959534 38.22382 2.135928 -7.879806 38.08223 1.559158 -7.906639 37.99132 0.9849277 -8.021149 37.96 0.4357529 -8.19841 37.99132 -0.07422602 -8.411786 38.08223 -0.540694 -8.637402 38.22382 -0.9687474 -8.858086 38.40223 -1.370715 -9.065941 38.6 -1.762624 -9.263195 38.79777 -2.159975 -9.461144 38.97618 -2.573613 -9.677407 39.11777 -3.006466 -9.932023 39.20867 -3.451764 -10.24304 39.24 -3.89309 -10.62249 39.20867 -4.306277 -11.07341 39.11777 -4.662833 -11.58851 38.97618 -4.934291 -12.15071 38.79777 -5.096722 -12.7354 38.6 -5.134608 -13.31417 38.40223 -5.043382 -13.85914 38.22382 -4.830193 -14.34725 38.08223 -4.512742 -14.76365 37.99132 -4.116423 -15.1037 37.96 -3.67025 -15.37304 37.99132 -3.202318 -15.58584 38.08223 -2.735591 -15.76159 38.22382 -2.284765 -15.92086 38.40223 -1.85475 -16.08093 38.6 -1.441017 -16.25206 38.79777 -1.031734 -16.43504 38.97618 -0.6112602 -16.62054 39.11777 -0.1643586 -16.79034 39.20867 0.3196758 -16.92019 39.24 0.8437349 -16.98397 39.20867 1.401083 -16.95815 39.11777 1.97536 -16.82599 38.97618 2.542416 -16.58059 38.79777 3.073662 -16.22632 38.6 3.540354 -15.77836 38.40223 3.918023 -15.26036 38.22382 4.190275 -14.70081 38.08223 4.351273 -14.12861 37.99132 4.406436 -13.56873 37.96 4.371249 -13.03871 37.99132 4.268367 -12.54662 38.08223 4.123553 -12.09082 38.22382 3.96115 -11.66154 38.40223 3.799917 -11.24404 38.6 3.649952 -10.82266 38.79777 3.511255 -10.38506 38.97618 3.374191 -9.925835 39.11777 3.221727 -9.448834 39.20867 3.033075 -8.967736 39.24 2.788029 -8.504754 39.20867 2.471245 -8.087655 39.11777 2.075658 -7.745651 38.97618 1.604431 -7.504864 38.79777 1.071077 -7.384155 38.6 0.4977268 -7.392086 38.40223 -0.08813947 -7.525547 38.22382 -0.6579045 -7.770302 38.08223 -1.186217 -8.103325 37.99132 -1.654785 -8.496563 37.96 -2.054872 -8.921402 37.99132 -2.388057 -9.353093 38.08223 -2.665118 -9.774319 38.22382 -2.903242 -10.17729 38.40223 -3.122087 -10.56403 38.6 -3.339406 -10.94479 38.79777 -3.567036 -11.33495 38.97618 -3.807993 -11.7509 39.11777 -4.05521 -12.20584 39.20867 -4.292162 -12.70609 39.24 -4.495279 -13.24869 39.20867 -4.637729 -13.82079 39.11777 -4.693897 -14.40089 38.97618 -4.643777 -14.96165 38.79777 -4.476479 -15.47401 38.6 -4.192241 -15.91158 38.40223 -3.802588 -16.25478 38.22382 -3.328607 -16.49378 38.08223 -2.797662 -16.62981 37.99132 -2.239132 -16.67466 37.96 -1.679942 -16.64826 37.99132 -1.14068 -16.57495 38.08223 -0.6329936 -16.47907 38.22382 -0.1587156 -16.38057 38.40223 0.2891435 -16.29154 38.6 0.723737 -16.21423 38.79777 1.160565 -16.14084 38.97618 1.613216 -16.05528 39.11777 2.089465 -15.93643 39.20867 2.588459 -15.76235 39.24 3.099532 -15.51467 39.20867 3.602885 -15.18247 39.11777 4.072037 -14.76472 38.97618 4.47762 -14.27106 38.79777 4.79186 -13.72072 38.6 4.992938 -13.13969 38.40223 5.068467 -12.55673 38.22382 5.017449 -11.99896 38.08223 4.850372 -11.48777 37.99132 4.587421 -11.03579 37.96 4.255125 -10.64554 37.99132 3.882028 -10.30986 38.08223 3.49416 -10.01422 38.22382 3.111112 -9.74025 38.40223 2.743386 -15.73095 34 0.3513859 -15.75 34 -9.05364e-7 -18.85085 34 -9.05364e-7 -6.149147 34 -9.05364e-7 -9.325985 34 -0.6986548 -9.25 34 -9.05364e-7 -15.73095 34 -0.3513877 -15.57987 34 -1.037731 -15.67543 34 -5.500001 -9.324574 34 -5.500001 -9.912701 34 -1.966817 -9.550381 34 -1.364641 -15.28479 34 -1.675551 -14.85949 34 -2.235024 -14.32386 34 -2.68999 -9.325985 34 0.6986531 -9.550381 34 1.364639 -9.324574 34 5.499999 -9.912701 34 1.966815 -10.396 34 2.477026 -10.97767 34 2.871413 -15.67543 34 5.499999 -13.70295 34 3.019173 -14.32386 34 2.689988 -11.63053 34 -3.131538 -10.97767 34 -2.871415 -10.396 34 -2.477028 -11.63053 34 3.131536 -12.32405 34 3.245233 -13.02579 34 3.207185 -14.85949 34 2.235022 -15.28479 34 1.675549 -15.57987 34 1.037729 -13.70295 34 -3.019175 -13.02579 34 -3.207187 -12.32405 34 -3.245234 -9.325985 32 0.6986531 -9.25 32 -9.05364e-7 -6.149147 32 -9.05364e-7 -9.325985 32 -0.6986548 -9.550381 32 -1.364641 -9.324574 32 -5.500001 -9.912701 32 -1.966817 -10.396 32 -2.477028 -10.97767 32 -2.871415 -15.67543 32 -5.500001 -13.70295 32 -3.019175 -14.32386 32 -2.68999 -11.63053 32 -3.131538 -12.32405 32 -3.245234 -13.02579 32 -3.207187 -14.85949 32 -2.235024 -15.28479 32 -1.675551 -18.85085 32 -9.05364e-7 -14.85949 32 2.235022 -14.32386 32 2.689988 -15.67543 32 5.499999 -9.324574 32 5.499999 -11.63053 32 3.131536 -10.97767 32 2.871413 -10.396 32 2.477026 -9.912701 32 1.966815 -9.550381 32 1.364639 -15.57987 32 -1.037731 -15.73095 32 -0.3513877 -15.75 32 -9.05364e-7 -15.73095 32 0.3513859 -15.57987 32 1.037729 -15.28479 32 1.675549 -13.70295 32 3.019173 -13.02579 32 3.207185 -12.32405 32 3.245233 -6.149147 34 -9.05364e-7 -6.149147 32 -9.05364e-7 -6.149147 32 -9.05364e-7 -18.85085 34 -9.05364e-7 -18.85085 32 -9.05364e-7 -18.85085 32 -9.05364e-7 -9.25 34 -9.05364e-7 -9.25 32 -9.05364e-7 -15.75 34 -9.05364e-7 -15.75 32 -9.05364e-7 -16.3 47.5 -9.05364e-7 -16.27229 47.5 0.4580385 -12.5 47.5 -9.05364e-7 -16.05306 47.5 -1.3475 -16.18958 47.5 -0.9094004 -16.27229 47.5 -0.4580402 -15.34434 47.5 -2.519867 -15.62734 47.5 -2.158647 -15.86473 47.5 -1.765949 -14.26595 47.5 -3.364734 -14.65865 47.5 -3.12734 -15.01986 47.5 -2.844342 -12.95804 47.5 -3.772294 -13.4094 47.5 -3.68958 -13.8475 47.5 -3.553063 -11.5906 47.5 -3.68958 -12.04196 47.5 -3.772294 -12.5 47.5 -3.800001 -10.34135 47.5 -3.12734 -10.73405 47.5 -3.364734 -11.1525 47.5 -3.553063 -9.372662 47.5 -2.158647 -9.655659 47.5 -2.519867 -9.980134 47.5 -2.844342 -8.810421 47.5 -0.9094004 -8.946942 47.5 -1.3475 -9.13527 47.5 -1.765949 -8.727707 47.5 0.4580385 -8.700001 47.5 -9.05364e-7 -8.727707 47.5 -0.4580402 -9.13527 47.5 1.765947 -8.946942 47.5 1.347498 -8.810421 47.5 0.9093986 -9.980134 47.5 2.84434 -9.655659 47.5 2.519865 -9.372662 47.5 2.158645 -11.1525 47.5 3.553061 -10.73405 47.5 3.364732 -10.34135 47.5 3.127338 -12.5 47.5 3.799999 -12.04196 47.5 3.772293 -11.5906 47.5 3.689578 -13.8475 47.5 3.553061 -13.4094 47.5 3.689578 -12.95804 47.5 3.772293 -15.01986 47.5 2.84434 -14.65865 47.5 3.127338 -14.26595 47.5 3.364732 -15.86473 47.5 1.765947 -15.62734 47.5 2.158645 -15.34434 47.5 2.519865 -16.18958 47.5 0.9093986 -16.05306 47.5 1.347498 -7.769043 41 -0.8112049 -7.769043 46.5 -0.8112049 -7.734997 46.5 -0.578577 -7.700001 41 -9.05364e-7 -7.839478 46.5 -1.148716 -7.97419 41 -1.599072 -7.97419 46.5 -1.599072 -8.011921 46.5 -1.702104 -8.309533 41 -2.340937 -8.249814 46.5 -2.230672 -8.907151 46.5 -3.18299 -8.765431 46.5 -3.015457 -8.765431 41 -3.015457 -8.549679 46.5 -2.726712 -8.309533 46.5 -2.340937 -9.983326 41 -4.087341 -9.773289 46.5 -3.950324 -9.328759 41 -3.603228 -9.328759 46.5 -3.603228 -9.317009 46.5 -3.592853 -10.71029 41 -4.453868 -10.26933 46.5 -4.25019 -9.983326 46.5 -4.087341 -11.48874 46.5 -4.692266 -11.35129 46.5 -4.660521 -11.48874 41 -4.692266 -10.7979 46.5 -4.488079 -10.71029 46.5 -4.453868 -11.92142 46.5 -4.765004 -12.29628 41 -4.795676 -12.29628 46.5 -4.795676 -12.5 46.5 -4.800001 -13.10969 41 -4.761123 -13.07857 46.5 -4.765004 -13.90555 41 -4.589601 -13.64871 46.5 -4.660521 -13.10969 46.5 -4.761123 -14.66098 41 -4.286045 -14.2021 46.5 -4.488079 -13.90555 46.5 -4.589601 -15.35424 46.5 -3.859187 -15.22671 46.5 -3.950324 -15.35424 41 -3.859187 -14.73067 46.5 -4.25019 -14.66098 46.5 -4.286045 -15.68299 46.5 -3.592853 -15.96539 41 -3.321307 -15.96539 46.5 -3.321307 -16.09285 46.5 -3.18299 -16.47685 41 -2.68788 -16.45032 46.5 -2.726712 -16.8739 41 -1.977127 -16.75019 46.5 -2.230672 -16.47685 46.5 -2.68788 -17.14512 41 -1.209496 -16.98808 46.5 -1.702104 -16.8739 46.5 -1.977127 -17.28271 46.5 -0.4070693 -17.265 46.5 -0.578577 -17.28271 41 -0.4070693 -17.16052 46.5 -1.148716 -17.14512 46.5 -1.209496 -17.3 46.5 -9.05364e-7 -17.28271 41 0.4070675 -17.28271 46.5 0.4070675 -17.265 46.5 0.5785752 -17.14512 41 1.209494 -17.16052 46.5 1.148714 -16.8739 41 1.977125 -16.98808 46.5 1.702102 -17.14512 46.5 1.209494 -16.47685 41 2.687878 -16.75019 46.5 2.23067 -16.8739 46.5 1.977125 -15.96539 46.5 3.321305 -16.09285 46.5 3.182988 -15.96539 41 3.321305 -16.45032 46.5 2.72671 -16.47685 46.5 2.687878 -15.68299 46.5 3.592851 -15.35424 41 3.859185 -15.35424 46.5 3.859185 -15.22671 46.5 3.950322 -14.66098 41 4.286043 -14.73067 46.5 4.250188 -13.90555 41 4.5896 -14.2021 46.5 4.488077 -14.66098 46.5 4.286043 -13.10969 41 4.761121 -13.64871 46.5 4.66052 -13.90555 46.5 4.5896 -12.29628 46.5 4.795674 -12.5 46.5 4.799999 -12.29628 41 4.795674 -13.07857 46.5 4.765002 -13.10969 46.5 4.761121 -11.92142 46.5 4.765002 -11.48874 41 4.692265 -11.48874 46.5 4.692265 -11.35129 46.5 4.66052 -10.71029 41 4.453866 -10.7979 46.5 4.488077 -9.983326 41 4.087339 -10.26933 46.5 4.250188 -10.71029 46.5 4.453866 -9.328759 41 3.603226 -9.773289 46.5 3.950322 -9.983326 46.5 4.087339 -8.765431 46.5 3.015455 -8.907151 46.5 3.182988 -8.765431 41 3.015455 -9.317009 46.5 3.592851 -9.328759 46.5 3.603226 -8.549679 46.5 2.72671 -8.309533 41 2.340935 -8.309533 46.5 2.340935 -8.249814 46.5 2.23067 -7.97419 41 1.59907 -8.011921 46.5 1.702102 -7.769043 41 0.8112031 -7.839478 46.5 1.148714 -7.97419 46.5 1.59907 -7.700001 46.5 -9.05364e-7 -7.734997 46.5 0.5785752 -7.769043 46.5 0.8112031 -10.02512 41 -2.474875 -9.589859 41 -1.944497 -9.266423 41 -1.339393 -9.067254 41 -0.6828171 -9 41 -9.05364e-7 -7.700001 41 -9.05364e-7 -9.067254 41 0.6828153 -9.266423 41 1.339391 -9.589859 41 1.944495 -13.83939 41 -3.233579 -13.18282 41 -3.432749 -12.5 41 -3.500001 -11.81718 41 -3.432749 -11.16061 41 -3.233579 -10.55551 41 -2.910145 -10.02512 41 2.474873 -10.55551 41 2.910143 -11.16061 41 3.233577 -11.81718 41 3.432747 -12.5 41 3.499999 -13.18282 41 3.432747 -16 41 -9.05364e-7 -15.93275 41 -0.6828171 -15.73358 41 -1.339393 -15.41014 41 -1.944497 -14.97487 41 -2.474875 -14.4445 41 -2.910145 -13.83939 41 3.233577 -14.4445 41 2.910143 -14.97487 41 2.474873 -15.41014 41 1.944495 -15.73358 41 1.339391 -15.93275 41 0.6828153 -9 46.5 -9.05364e-7 -9 41 -9.05364e-7 -9.067254 46.5 0.6828153 -9.266423 46.5 1.339391 -9.589859 46.5 1.944495 -10.02512 46.5 2.474873 -10.55551 46.5 2.910143 -11.16061 46.5 3.233577 -11.81718 46.5 3.432747 -12.5 46.5 3.499999 -13.18282 46.5 3.432747 -13.83939 46.5 3.233577 -14.4445 46.5 2.910143 -14.97487 46.5 2.474873 -15.41014 46.5 1.944495 -15.73358 46.5 1.339391 -15.93275 46.5 0.6828153 -16 46.5 -9.05364e-7 -16 41 -9.05364e-7 -15.93275 46.5 -0.6828171 -15.73358 46.5 -1.339393 -15.41014 46.5 -1.944497 -14.97487 46.5 -2.474875 -14.4445 46.5 -2.910145 -13.83939 46.5 -3.233579 -13.18282 46.5 -3.432749 -12.5 46.5 -3.500001 -11.81718 46.5 -3.432749 -11.16061 46.5 -3.233579 -10.55551 46.5 -2.910145 -10.02512 46.5 -2.474875 -9.589859 46.5 -1.944497 -9.266423 46.5 -1.339393 -9.067254 46.5 -0.6828171 -12.13093 46.5 3.982935 -11.40535 46.5 3.847302 -10.71704 46.5 3.580652 -10.08946 46.5 3.192068 -9.543965 46.5 2.694782 -9.099133 46.5 2.105728 -8.770112 46.5 1.444966 -8.568108 46.5 0.7349972 -9 46.5 -9.05364e-7 -8.5 46.5 -9.05364e-7 -8.568108 46.5 -0.734999 -8.770112 46.5 -1.444968 -9.099133 46.5 -2.10573 -9.543965 46.5 -2.694783 -10.08946 46.5 -3.19207 -10.71704 46.5 -3.580654 -11.40535 46.5 -3.847304 -12.13093 46.5 -3.982937 -12.86907 46.5 -3.982937 -13.59465 46.5 -3.847304 -14.28295 46.5 -3.580654 -14.91054 46.5 -3.19207 -15.45604 46.5 -2.694783 -15.90087 46.5 -2.10573 -16.22989 46.5 -1.444968 -16.43189 46.5 -0.734999 -16 46.5 -9.05364e-7 -16.5 46.5 -9.05364e-7 -16.43189 46.5 0.7349972 -16.22989 46.5 1.444966 -15.90087 46.5 2.105728 -15.45604 46.5 2.694782 -14.91054 46.5 3.192068 -14.28295 46.5 3.580652 -13.59465 46.5 3.847302 -12.86907 46.5 3.982935 -8.5 47 -9.05364e-7 -8.5 46.5 -9.05364e-7 -8.568108 47 0.7349972 -8.770112 47 1.444966 -9.099133 47 2.105728 -9.543965 47 2.694782 -10.08946 47 3.192068 -10.71704 47 3.580652 -11.40535 47 3.847302 -12.13093 47 3.982935 -12.86907 47 3.982935 -13.59465 47 3.847302 -14.28295 47 3.580652 -14.91054 47 3.192068 -15.45604 47 2.694782 -15.90087 47 2.105728 -16.22989 47 1.444966 -16.43189 47 0.7349972 -16.5 47 -9.05364e-7 -16.5 46.5 -9.05364e-7 -16.43189 47 -0.734999 -16.22989 47 -1.444968 -15.90087 47 -2.10573 -15.45604 47 -2.694783 -14.91054 47 -3.19207 -14.28295 47 -3.580654 -13.59465 47 -3.847304 -12.86907 47 -3.982937 -12.13093 47 -3.982937 -11.40535 47 -3.847304 -10.71704 47 -3.580654 -10.08946 47 -3.19207 -9.543965 47 -2.694783 -9.099133 47 -2.10573 -8.770112 47 -1.444968 -8.568108 47 -0.734999 -8.5 47 -9.05364e-7 -12.5 47 -9.05364e-7 -16.5 47 -9.05364e-7 -17.23118 46.75882 0.574468 -16.95622 46.75882 1.69002 -16.42228 46.75882 2.707354 -15.66039 46.75882 3.567346 -14.19002 46.75882 4.456217 -13.07447 46.75882 4.731176 -11.92553 46.75882 4.731176 -11.35944 46.75882 4.627436 -10.28516 46.75882 4.220017 -9.339608 46.75882 3.567346 -8.577721 46.75882 2.707354 -8.279984 46.75882 2.214835 -7.872562 46.75882 1.14056 -7.872562 46.75882 -1.140562 -8.043782 46.75882 -1.690021 -8.577721 46.75882 -2.707355 -9.792645 46.75882 -3.922281 -10.28516 46.75882 -4.220019 -10.80998 46.75882 -4.456219 -11.92553 46.75882 -4.731178 -13.64056 46.75882 -4.627438 -14.19002 46.75882 -4.456219 -14.71484 46.75882 -4.220019 -15.66039 46.75882 -3.567348 -16.72002 46.75882 -2.214837 -16.95622 46.75882 -1.690021 -16.29506 47.46592 -1.439278 -16.44088 47.46592 -0.9713399 -16.67505 47.36603 -1.029058 -16.52923 47.46592 -0.4892374 -16.76865 47.36603 -0.5183086 -16.97425 47.20711 -0.5432726 -16.3 47.5 -9.05364e-7 -16.55882 47.46592 -9.05364e-7 -16.8 47.36603 -9.05364e-7 -17.00711 47.20711 -9.05364e-7 -17.16603 47 -9.05364e-7 -16.52923 47.46592 0.4892356 -16.76865 47.36603 0.5183069 -16.97425 47.20711 0.5432708 -17.132 47 0.5624263 -17.132 47 -0.5624281 -17.23118 46.75882 -0.5744698 -17.26593 46.75882 -9.05364e-7 -17.12744 46.75882 -1.140562 -17.03044 47 -1.116654 -16.87614 47.20711 -1.078622 -15.53807 47.46592 -2.691496 -15.1915 47.46592 -3.038071 -15.7186 47.36603 -2.851428 -15.35143 47.36603 -3.218597 -15.87362 47.20711 -2.988765 -15.48876 47.20711 -3.373619 -15.99257 47 -3.094148 -15.59415 47 -3.492571 -16.06735 46.75882 -3.160394 -12.5 47.46592 -4.05882 -12.01076 47.46592 -4.029226 -12.5 47.36603 -4.300001 -11.98169 47.36603 -4.268649 -12.5 47.20711 -4.507108 -11.95673 47.20711 -4.474246 -12.5 47 -4.666026 -11.93757 47 -4.632006 -12.5 46.75882 -4.765927 -9.461934 47.46592 -2.691496 -9.159657 47.46592 -2.305673 -9.281403 47.36603 -2.851428 -8.961171 47.36603 -2.442679 -9.126385 47.20711 -2.988765 -8.790722 47.20711 -2.560329 -9.007431 47 -3.094148 -8.659935 47 -2.650605 -8.932652 46.75882 -3.160394 -8.470772 47.46592 0.4892356 -8.559124 47.46592 0.9713381 -8.231354 47.36603 0.5183069 -8.324952 47.36603 1.029056 -8.025753 47.20711 0.5432708 -8.123864 47.20711 1.07862 -7.867996 47 0.5624263 -7.969563 47 1.116652 -7.768826 46.75882 0.574468 -10.19433 47.46592 3.340342 -10.61377 47.46592 3.593905 -10.05732 47.36603 3.53883 -10.50169 47.36603 3.80746 -9.939671 47.20711 3.709275 -10.40544 47.20711 3.990844 -9.849396 47 3.840063 -10.33159 47 4.131559 -9.792645 46.75882 3.922279 -13.47134 47.46592 3.940876 -13.93928 47.46592 3.795061 -13.52906 47.36603 4.175049 -14.0248 47.36603 4.020569 -13.57862 47.20711 4.376138 -14.09824 47.20711 4.214217 -13.61665 47 4.530438 -14.1546 47 4.362809 -13.64056 46.75882 4.627436 -14.80567 47.46592 3.340342 -15.1915 47.46592 3.038069 -14.94268 47.36603 3.53883 -15.35143 47.36603 3.218595 -15.06033 47.20711 3.709275 -15.48876 47.20711 3.373617 -15.1506 47 3.840063 -15.59415 47 3.492569 -15.20735 46.75882 3.922279 -16.09391 47.46592 1.886226 -16.29506 47.46592 1.439276 -16.30746 47.36603 1.998309 -16.52057 47.36603 1.5248 -16.49085 47.20711 2.094556 -16.71422 47.20711 1.598241 -16.63156 47 2.168409 -16.86281 47 1.654594 -16.72002 46.75882 2.214835 -17.3 46.5 -9.05364e-7 -16.86281 47 -1.654596 -16.71422 47.20711 -1.598243 -16.52057 47.36603 -1.524802 -16.63156 47 -2.168411 -16.49085 47.20711 -2.094558 -16.30746 47.36603 -1.998311 -16.09391 47.46592 -1.886228 -16.42228 46.75882 -2.707355 -16.34006 47 -2.650605 -16.20928 47.20711 -2.560329 -16.03883 47.36603 -2.442679 -15.84034 47.46592 -2.305673 -15.20735 46.75882 -3.922281 -15.1506 47 -3.840065 -15.06033 47.20711 -3.709277 -14.94268 47.36603 -3.538832 -14.80567 47.46592 -3.340343 -14.38623 47.46592 -3.593907 -14.49831 47.36603 -3.807462 -14.59456 47.20711 -3.990846 -14.66841 47 -4.131561 -14.1546 47 -4.362811 -14.09824 47.20711 -4.214219 -14.0248 47.36603 -4.020571 -13.93928 47.46592 -3.795063 -13.61665 47 -4.53044 -13.57862 47.20711 -4.37614 -13.52906 47.36603 -4.175051 -13.47134 47.46592 -3.940878 -13.07447 46.75882 -4.731178 -13.06243 47 -4.632006 -13.04327 47.20711 -4.474246 -13.01831 47.36603 -4.268649 -12.98924 47.46592 -4.029226 -11.35944 46.75882 -4.627438 -11.38335 47 -4.53044 -11.42138 47.20711 -4.37614 -11.47094 47.36603 -4.175051 -11.52866 47.46592 -3.940878 -11.06072 47.46592 -3.795063 -10.9752 47.36603 -4.020571 -10.90176 47.20711 -4.214219 -10.8454 47 -4.362811 -10.33159 47 -4.131561 -10.40544 47.20711 -3.990846 -10.50169 47.36603 -3.807462 -10.61377 47.46592 -3.593907 -9.849396 47 -3.840065 -9.939671 47.20711 -3.709277 -10.05732 47.36603 -3.538832 -10.19433 47.46592 -3.340343 -9.339608 46.75882 -3.567348 -9.405854 47 -3.492571 -9.511235 47.20711 -3.373619 -9.648571 47.36603 -3.218597 -9.808506 47.46592 -3.038071 -8.279984 46.75882 -2.214837 -8.368439 47 -2.168411 -8.509156 47.20711 -2.094558 -8.69254 47.36603 -1.998311 -8.906098 47.46592 -1.886228 -8.704937 47.46592 -1.439278 -8.479432 47.36603 -1.524802 -8.285782 47.20711 -1.598243 -8.137192 47 -1.654596 -7.969563 47 -1.116654 -8.123864 47.20711 -1.078622 -8.324952 47.36603 -1.029058 -8.559124 47.46592 -0.9713399 -7.768826 46.75882 -0.5744698 -7.867996 47 -0.5624281 -8.025753 47.20711 -0.5432726 -8.231354 47.36603 -0.5183086 -8.470772 47.46592 -0.4892374 -8.700001 47.5 -9.05364e-7 -8.441182 47.46592 -9.05364e-7 -8.200001 47.36603 -9.05364e-7 -7.992893 47.20711 -9.05364e-7 -7.833977 47 -9.05364e-7 -7.734074 46.75882 -9.05364e-7 -7.700001 46.5 -9.05364e-7 -8.043782 46.75882 1.69002 -8.137192 47 1.654594 -8.285782 47.20711 1.598241 -8.479432 47.36603 1.5248 -8.704937 47.46592 1.439276 -8.906098 47.46592 1.886226 -8.69254 47.36603 1.998309 -8.509156 47.20711 2.094556 -8.368439 47 2.168409 -8.659935 47 2.650604 -8.790722 47.20711 2.560328 -8.961171 47.36603 2.442677 -9.159657 47.46592 2.305671 -8.932652 46.75882 3.160392 -9.007431 47 3.094146 -9.126385 47.20711 2.988764 -9.281403 47.36603 2.851427 -9.461934 47.46592 2.691494 -9.808506 47.46592 3.038069 -9.648571 47.36603 3.218595 -9.511235 47.20711 3.373617 -9.405854 47 3.492569 -10.80998 46.75882 4.456217 -10.8454 47 4.362809 -10.90176 47.20711 4.214217 -10.9752 47.36603 4.020569 -11.06072 47.46592 3.795061 -11.52866 47.46592 3.940876 -11.47094 47.36603 4.175049 -11.42138 47.20711 4.376138 -11.38335 47 4.530438 -11.93757 47 4.632004 -11.95673 47.20711 4.474244 -11.98169 47.36603 4.268647 -12.01076 47.46592 4.029224 -12.5 46.75882 4.765925 -12.5 47 4.666024 -12.5 47.20711 4.507106 -12.5 47.36603 4.299999 -12.5 47.46592 4.058818 -12.98924 47.46592 4.029224 -13.01831 47.36603 4.268647 -13.04327 47.20711 4.474244 -13.06243 47 4.632004 -14.71484 46.75882 4.220017 -14.66841 47 4.131559 -14.59456 47.20711 3.990844 -14.49831 47.36603 3.80746 -14.38623 47.46592 3.593905 -16.06735 46.75882 3.160392 -15.99257 47 3.094146 -15.87362 47.20711 2.988764 -15.7186 47.36603 2.851427 -15.53807 47.46592 2.691494 -15.84034 47.46592 2.305671 -16.03883 47.36603 2.442677 -16.20928 47.20711 2.560328 -16.34006 47 2.650604 -17.12744 46.75882 1.14056 -17.03044 47 1.116652 -16.87614 47.20711 1.07862 -16.67505 47.36603 1.029056 -16.44088 47.46592 0.9713381</float_array>
          <technique_common>
            <accessor source="#GBT-C12A-400_00-7_001-mesh-positions-array" count="2779" stride="3">
              <param name="X" type="float"/>
              <param name="Y" type="float"/>
              <param name="Z" type="float"/>
            </accessor>
          </technique_common>
        </source>
        <source id="GBT-C12A-400_00-7_001-mesh-normals">
          <float_array id="GBT-C12A-400_00-7_001-mesh-normals-array" count="15966">-1 0 0 -1 0 0 -1 0 0 -1 0 0 -1 0 0 -1 0 0 -1 0 0 -1 0 0 -1 0 0 -1 0 0 -1 0 0 -1 0 0 -1 0 0 -1 0 0 -1 0 0 -1 0 0 -1 0 0 -1 0 0 -1 0 0 -1 0 0 -1 0 0 -1 0 0 -1 0 0 -1 0 0 -1 0 0 -1 0 0 -1 0 0 -1 0 0 -1 0 0 -1 0 0 -1 0 0 -1 0 0 -1 0 0 -1 0 0 -1 0 0 -1 0 0 -1 0 0 -1 0 0 -1 0 0 -1 0 0 -1 0 0 -1 0 0 -1 0 0 -1 0 0 -1 0 0 -1 0 0 -1 0 0 -1 0 0 -1 0 0 -1 0 0 -1 0 0 -1 0 0 -1 0 0 -1 0 0 -1 0 0 -1 0 0 -1 0 0 -1 0 0 -1 0 0 -1 0 0 -1 0 0 -1 0 0 -1 0 0 -1 0 0 -1 0 0 -1 0 0 -1 0 0 -1 0 0 -1 0 0 -1 0 0 -1 0 0 -1 0 0 -1 0 0 -1 0 0 -1 0 0 -1 0 0 -1 0 0 -1 0 0 -1 0 0 -1 0 0 -1 0 0 -1 0 0 -1 0 0 -1 0 0 -1 0 0 -1 0 0 -1 0 0 -1 0 0 -1 0 0 -1 0 0 -1 0 0 -1 0 0 -1 0 0 -1 0 0 -1 0 0 -1 0 0 -1 0 0 -1 0 0 -1 0 0 -1 0 0 -1 0 0 -1 0 0 -1 0 0 -1 0 0 -1 0 0 -1 0 0 -1 0 0 -1 0 0 -1 0 0 -1 0 0 -1 0 0 -1 0 0 -1 0 0 -1 0 0 -1 0 0 -1 0 0 -1 0 0 -1 0 0 -1 0 0 -1 0 0 -1 0 0 -1 0 0 -1 0 0 -1 0 0 -1 0 0 -1 0 0 -1 0 0 -1 0 0 -1 0 0 -1 0 0 -1 0 0 -1 0 0 -1 0 0 -1 0 0 -1 0 0 -1 0 0 -1 0 0 -1 0 0 -1 0 0 -1 0 0 -1 0 0 -1 0 0 -1 0 0 -1 0 0 -1 0 0 -1 0 0 -1 0 0 -1 0 0 0 -0.05064946 0.9987165 0 -0.2012982 0.97953 0 -0.2012982 0.97953 0 -0.394356 0.9189578 0 -0.394356 0.9189578 0 -0.5712681 0.8207635 0 -0.5712681 0.8207635 0 -0.7247928 0.6889669 0 -0.7247928 0.6889669 0 -0.8486443 0.528964 0 -0.8486443 0.528964 0 -0.9377522 0.3473051 0 -0.9377522 0.3473051 0 -0.9884684 0.1514279 0 -0.9884684 0.1514279 0 -0.9987165 -0.05064898 0 -0.9987165 -0.05064898 0 -0.9680771 -0.2506526 0 -0.9680771 -0.2506526 0 -0.8978045 -0.4403942 0 -0.8978045 -0.4403942 0 -0.7907757 -0.6121061 0 -0.7907757 -0.6121061 0 -0.6513727 -0.758758 0 -0.6513727 -0.758758 0 -0.4853017 -0.8743467 0 -0.4853017 -0.8743467 0 -0.2993634 -0.9541392 0 -0.2993634 -0.9541392 0 -0.1011682 -0.9948694 0 -0.1011682 -0.9948694 0 0.1011682 -0.9948694 0 0.1011682 -0.9948694 0 0.2993634 -0.9541392 0 0.2993634 -0.9541392 0 0.4853017 -0.8743467 0 0.4853017 -0.8743467 0 0.6513727 -0.758758 0 0.6513727 -0.758758 0 0.7907757 -0.6121061 0 0.7907757 -0.6121061 0 0.8978045 -0.4403942 0 0.8978045 -0.4403942 0 0.9680771 -0.2506526 0 0.9680771 -0.2506526 0 0.9987165 -0.05064898 0 0.9987165 -0.05064898 0 0.9884684 0.1514279 0 0.9884684 0.1514279 0 0.9377522 0.3473051 0 0.9377522 0.3473051 0 0.8486443 0.528964 0 0.8486443 0.528964 0 0.7247928 0.6889669 0 0.7247928 0.6889669 0 0.5712681 0.8207635 0 0.5712681 0.8207635 0 0.394356 0.9189578 0 0.394356 0.9189578 0 0.2012982 0.97953 0 0.2012982 0.97953 0 0.05064946 0.9987165 0.03230655 0 0.999478 -1 0 0 -1 0 0 -1 0 0 -1 0 0 -1 0 0 -1 0 0 -1 0 0 -1 0 0 -1 0 0 -1 0 0 -1 0 0 -1 0 0 -1 0 0 -1 0 0 -1 0 0 -1 0 0 -1 0 0 -1 0 0 -1 0 0 -1 0 0 -1 0 0 -1 0 0 -1 0 0 -1 0 0 -1 0 0 -1 0 0 -1 0 0 -1 0 0 -1 0 0 -1 0 0 -1 0 0 -1 0 0 -1 0 0 -1 0 0 -1 0 0 -1 0 0 -1 0 0 -1 0 0 -1 0 0 -1 0 0 -1 0 0 -1 0 0 -1 0 0 -1 0 0 -1 0 0 -1 0 0 -1 0 0 -1 0 0 -1 0 0 -1 0 0 -1 0 0 -1 0 0 -1 0 0 -1 0 0 -1 0 0 -1 0 0 -1 0 0 -1 0 0 -1 0 0 -1 0 0 -1 0 0 -1 0 0 -1 0 0 -1 0 0 -1 0 0 -1 0 0 -1 0 0 -1 0 0 -1 0 0 0 -0.04244124 0.999099 0 -0.1690005 0.985616 0 -0.1690005 0.985616 0 -0.3331399 0.9428774 0 -0.3331399 0.9428774 0 -0.4876953 0.8730139 0 -0.4876953 0.8730139 0 -0.6282198 0.7780359 0 -0.6282198 0.7780359 0 -0.7506722 0.6606748 0 -0.7506722 0.6606748 0 -0.8515291 0.5243073 0 -0.8515291 0.5243073 0 -0.9278892 0.3728561 0 -0.9278892 0.3728561 0 -0.9775551 0.2106798 0 -0.9775551 0.2106798 0 -0.999099 0.04244101 0 -0.999099 0.04244101 0 -0.9919005 -0.1270177 0 -0.9919005 -0.1270177 0 -0.9561667 -0.292823 0 -0.9561667 -0.292823 0 -0.892926 -0.4502033 0 -0.892926 -0.4502033 0 -0.803997 -0.5946334 0 -0.803997 -0.5946334 0 -0.6919386 -0.7219563 0 -0.6919386 -0.7219563 0 -0.5599747 -0.8285098 0 -0.5599747 -0.8285098 0 -0.4119015 -0.9112283 0 -0.4119015 -0.9112283 0 -0.2519783 -0.9677329 0 -0.2519783 -0.9677329 0 -0.0848056 -0.9963976 0 -0.0848056 -0.9963976 0 0.0848056 -0.9963976 0 0.0848056 -0.9963976 0 0.2519783 -0.9677329 0 0.2519783 -0.9677329 0 0.4119015 -0.9112283 0 0.4119015 -0.9112283 0 0.5599747 -0.8285098 0 0.5599747 -0.8285098 0 0.6919389 -0.721956 0 0.6919389 -0.721956 0 0.803997 -0.5946334 0 0.803997 -0.5946334 0 0.892926 -0.4502033 0 0.892926 -0.4502033 0 0.9561667 -0.292823 0 0.9561667 -0.292823 0 0.9919005 -0.1270177 0 0.9919005 -0.1270177 0 0.999099 0.04244101 0 0.999099 0.04244101 0 0.9775551 0.2106798 0 0.9775551 0.2106798 0 0.9278892 0.3728561 0 0.9278892 0.3728561 0 0.8515291 0.5243073 0 0.8515291 0.5243073 0 0.7506725 0.6606745 0 0.7506725 0.6606745 0 0.6282198 0.7780359 0 0.6282198 0.7780359 0 0.4876953 0.8730139 0 0.4876953 0.8730139 0 0.3331399 0.9428774 0 0.3331399 0.9428774 0 0.1690005 0.985616 0 0.1690005 0.985616 0 0.04244124 0.999099 0.004002749 0 0.999992 1 0 0 1 0 0 1 0 0 1 0 0 1 0 0 1 0 0 1 0 0 1 0 0 1 0 0 1 0 0 1 0 0 1 0 0 1 0 0 1 0 0 1 0 0 1 0 0 1 0 0 1 0 0 1 0 0 1 0 0 1 0 0 1 0 0 1 0 0 1 0 0 1 0 0 1 0 0 1 0 0 1 0 0 1 0 0 1 0 0 1 0 0 1 0 0 1 0 0 1 0 0 1 0 0 1 0 0 1 0 0 1 0 0 1 0 0 1 0 0 1 0 0 1 0 0 1 0 0 1 0 0 1 0 0 1 0 0 1 0 0 1 0 0 1 0 0 1 0 0 1 0 0 1 0 0 1 0 0 1 0 0 1 0 0 1 0 0 1 0 0 1 0 0 1 0 0 1 0 0 1 0 0 1 0 0 1 0 0 1 0 0 1 0 0 1 0 0 1 0 0 1 0 0 1 0 0 1 0 0 1 0 0 1 0 0 1 0 0 1 0 0 0 -0.08480578 0.9963975 0 -0.08480578 0.9963975 0 -0.2519779 0.967733 0 -0.2519779 0.967733 0 -0.4119018 0.9112283 0 -0.4119018 0.9112283 0 -0.5599746 0.8285097 0 -0.5599746 0.8285097 0 -0.6919387 0.7219563 0 -0.6919387 0.7219563 0 -0.8039973 0.594633 0 -0.8039973 0.594633 0 -0.8929258 0.4502039 0 -0.8929258 0.4502039 0 -0.9561669 0.2928224 0 -0.9561669 0.2928224 0 -0.9919004 0.1270177 0 -0.9919004 0.1270177 0 -0.999099 -0.04244053 0 -0.999099 -0.04244053 0 -0.9775552 -0.2106797 0 -0.9775552 -0.2106797 0 -0.9278889 -0.3728567 0 -0.9278889 -0.3728567 0 -0.8515293 -0.524307 0 -0.8515293 -0.524307 0 -0.7506725 -0.6606745 0 -0.7506725 -0.6606745 0 -0.6282199 -0.7780359 0 -0.6282199 -0.7780359 0 -0.4876952 -0.873014 0 -0.4876952 -0.873014 0 -0.3331397 -0.9428775 0 -0.3331397 -0.9428775 0 -0.1690007 -0.985616 0 -0.1690007 -0.985616 0 0 -1 0 0 -1 0 0.1690007 -0.985616 0 0.1690007 -0.985616 0 0.3331397 -0.9428775 0 0.3331397 -0.9428775 0 0.4876952 -0.873014 0 0.4876952 -0.873014 0 0.6282199 -0.7780359 0 0.6282199 -0.7780359 0 0.7506723 -0.6606748 0 0.7506723 -0.6606748 0 0.8515293 -0.524307 0 0.8515293 -0.524307 0 0.9278889 -0.3728567 0 0.9278889 -0.3728567 0 0.9775552 -0.2106797 0 0.9775552 -0.2106797 0 0.999099 -0.04244053 0 0.999099 -0.04244053 0 0.9919004 0.1270177 0 0.9919004 0.1270177 0 0.9561669 0.2928224 0 0.9561669 0.2928224 0 0.8929258 0.4502039 0 0.8929258 0.4502039 0 0.8039973 0.594633 0 0.8039973 0.594633 0 0.6919385 0.7219566 0 0.6919385 0.7219566 0 0.5599746 0.8285097 0 0.5599746 0.8285097 0 0.4119018 0.9112283 0 0.4119018 0.9112283 0 0.2519779 0.967733 0 0.2519779 0.967733 0 0.08480578 0.9963975 0 0.08480578 0.9963975 1 0 0 1 0 0 1 0 0 1 0 0 1 0 0 1 0 0 1 0 0 1 0 0 1 0 0 1 0 0 1 0 0 1 0 0 1 0 0 1 0 0 1 0 0 1 0 0 1 0 0 1 0 0 1 0 0 1 0 0 1 0 0 1 0 0 1 0 0 1 0 0 1 0 0 1 0 0 1 0 0 1 0 0 1 0 0 1 0 0 1 0 0 1 0 0 1 0 0 1 0 0 1 0 0 1 0 0 1 0 0 -0.8491197 -0.3734942 -0.3734942 -0.8491196 -0.1367082 -0.5102025 -0.8491197 -0.3734943 0.3734939 -0.8491197 -0.5102026 0.1367082 -0.8491197 -0.5102026 -0.1367082 -0.8491197 0.3734943 0.3734939 -0.8491197 0.1367081 0.5102024 -0.8491197 -0.1367081 0.5102024 -0.8491197 0.3734942 -0.3734942 -0.8491197 0.5102026 -0.1367082 -0.8491197 0.5102026 0.1367082 -0.8491196 0.1367082 -0.5102025 0 -0.2588188 -0.9659259 0 -0.2588188 -0.9659259 0 -0.7071068 -0.7071068 0 -0.7071068 -0.7071068 0 -0.9659259 -0.2588188 0 -0.9659259 -0.2588188 0 -0.9659259 0.2588188 0 -0.9659259 0.2588188 0 -0.7071071 0.7071064 0 -0.7071071 0.7071064 0 -0.2588188 0.9659259 0 -0.2588188 0.9659259 0 0.2588188 0.9659259 0 0.2588188 0.9659259 0 0.7071071 0.7071064 0 0.7071071 0.7071064 0 0.9659259 0.2588188 0 0.9659259 0.2588188 0 0.9659259 -0.2588188 0 0.9659259 -0.2588188 0 0.7071068 -0.7071068 0 0.7071068 -0.7071068 0 0.2588188 -0.9659259 0 0.2588188 -0.9659259 -0.8491197 -0.3734942 -0.3734942 -0.8491196 -0.1367082 -0.5102025 -0.8491197 -0.3734943 0.3734939 -0.8491197 -0.5102026 0.1367082 -0.8491197 -0.5102026 -0.1367082 -0.8491197 0.3734943 0.3734939 -0.8491197 0.1367081 0.5102024 -0.8491197 -0.1367081 0.5102024 -0.8491197 0.3734942 -0.3734942 -0.8491197 0.5102026 -0.1367082 -0.8491197 0.5102026 0.1367082 -0.8491196 0.1367082 -0.5102025 0 -0.2588188 -0.9659259 0 -0.2588188 -0.9659259 0 -0.7071068 -0.7071068 0 -0.7071068 -0.7071068 0 -0.9659259 -0.2588188 0 -0.9659259 -0.2588188 0 -0.9659259 0.2588188 0 -0.9659259 0.2588188 0 -0.7071071 0.7071064 0 -0.7071071 0.7071064 0 -0.2588188 0.9659259 0 -0.2588188 0.9659259 0 0.2588188 0.9659259 0 0.2588188 0.9659259 0 0.7071071 0.7071064 0 0.7071071 0.7071064 0 0.9659259 0.2588188 0 0.9659259 0.2588188 0 0.9659259 -0.2588188 0 0.9659259 -0.2588188 0 0.7071068 -0.7071068 0 0.7071068 -0.7071068 0 0.2588188 -0.9659259 0 0.2588188 -0.9659259 -0.8491197 -0.373494 -0.3734944 -0.8491196 -0.1367082 -0.5102027 -0.8491197 -0.3734942 0.3734942 -0.8491197 -0.5102026 0.1367082 -0.8491197 -0.5102026 -0.1367082 -0.8491197 0.3734942 0.3734942 -0.8491196 0.1367082 0.5102025 -0.8491196 -0.1367082 0.5102025 -0.8491197 0.373494 -0.3734944 -0.8491197 0.5102026 -0.1367082 -0.8491197 0.5102026 0.1367082 -0.8491196 0.1367082 -0.5102027 0 -0.2588188 -0.9659259 0 -0.2588188 -0.9659259 0 -0.7071064 -0.7071071 0 -0.7071064 -0.7071071 0 -0.9659259 -0.2588188 0 -0.9659259 -0.2588188 0 -0.9659259 0.2588188 0 -0.9659259 0.2588188 0 -0.7071068 0.7071068 0 -0.7071068 0.7071068 0 -0.2588188 0.9659259 0 -0.2588188 0.9659259 0 0.2588188 0.9659259 0 0.2588188 0.9659259 0 0.7071068 0.7071068 0 0.7071068 0.7071068 0 0.9659259 0.2588188 0 0.9659259 0.2588188 0 0.9659259 -0.2588188 0 0.9659259 -0.2588188 0 0.7071064 -0.7071071 0 0.7071064 -0.7071071 0 0.2588188 -0.9659259 0 0.2588188 -0.9659259 -0.8491197 -0.373494 -0.3734944 -0.8491196 -0.1367082 -0.5102027 -0.8491197 -0.3734942 0.3734942 -0.8491197 -0.5102026 0.1367082 -0.8491197 -0.5102026 -0.1367082 -0.8491197 0.3734942 0.3734942 -0.8491196 0.1367082 0.5102025 -0.8491196 -0.1367082 0.5102025 -0.8491197 0.373494 -0.3734944 -0.8491197 0.5102026 -0.1367082 -0.8491197 0.5102026 0.1367082 -0.8491196 0.1367082 -0.5102027 0 -0.2588188 -0.9659259 0 -0.2588188 -0.9659259 0 -0.7071064 -0.7071071 0 -0.7071064 -0.7071071 0 -0.9659259 -0.2588188 0 -0.9659259 -0.2588188 0 -0.9659259 0.2588188 0 -0.9659259 0.2588188 0 -0.7071068 0.7071068 0 -0.7071068 0.7071068 0 -0.2588188 0.9659259 0 -0.2588188 0.9659259 0 0.2588188 0.9659259 0 0.2588188 0.9659259 0 0.7071068 0.7071068 0 0.7071068 0.7071068 0 0.9659259 0.2588188 0 0.9659259 0.2588188 0 0.9659259 -0.2588188 0 0.9659259 -0.2588188 0 0.7071064 -0.7071071 0 0.7071064 -0.7071071 0 0.2588188 -0.9659259 0 0.2588188 -0.9659259 -0.8491197 -0.3734942 -0.3734942 -0.8491197 -0.1367084 -0.5102025 -0.8491197 -0.3734942 0.3734942 -0.8491196 -0.5102025 0.1367084 -0.8491196 -0.5102025 -0.1367084 -0.8491197 0.3734942 0.3734942 -0.8491197 0.1367084 0.5102025 -0.8491197 -0.1367084 0.5102025 -0.8491197 0.3734942 -0.3734942 -0.8491196 0.5102025 -0.1367084 -0.8491196 0.5102025 0.1367084 -0.8491197 0.1367084 -0.5102025 0 -0.2588191 -0.9659259 0 -0.2588191 -0.9659259 0 -0.7071068 -0.7071067 0 -0.7071068 -0.7071067 0 -0.9659258 -0.2588192 0 -0.9659258 -0.2588192 0 -0.9659258 0.2588192 0 -0.9659258 0.2588192 0 -0.7071068 0.7071067 0 -0.7071068 0.7071067 0 -0.2588191 0.9659259 0 -0.2588191 0.9659259 0 0.2588191 0.9659259 0 0.2588191 0.9659259 0 0.7071068 0.7071067 0 0.7071068 0.7071067 0 0.9659258 0.2588192 0 0.9659258 0.2588192 0 0.9659258 -0.2588192 0 0.9659258 -0.2588192 0 0.7071068 -0.7071067 0 0.7071068 -0.7071067 0 0.2588191 -0.9659259 0 0.2588191 -0.9659259 -0.6947467 -0.5085898 -0.5085897 -0.6947463 -0.5085903 -0.5085898 -0.6947461 -0.694747 -0.1861571 -0.6947466 -0.6947466 -0.1861572 -0.6947466 -0.6947466 0.1861569 -0.6947461 -0.6947469 0.1861572 -0.6947463 -0.5085901 0.50859 -0.6947467 -0.50859 0.5085895 -0.6947467 -0.1861568 0.6947463 -0.6947466 -0.1861567 0.6947466 -0.6947466 0.1861568 0.6947466 -0.6947468 0.1861566 0.6947465 -0.6947467 0.5085898 0.5085897 -0.6947472 0.5085892 0.5085895 -0.6947475 0.6947457 0.1861567 -0.6947466 0.6947466 0.1861564 -0.6947466 0.6947466 -0.1861569 -0.6947474 0.6947459 -0.1861562 -0.6947473 0.5085895 -0.5085893 -0.6947467 0.5085896 -0.5085898 -0.6947467 0.1861568 -0.6947463 -0.6947466 0.1861567 -0.6947466 -0.6947466 -0.1861568 -0.6947466 -0.6947468 -0.1861566 -0.6947465 -0.7067881 0.03002369 0.7067881 -0.706788 -0.03002399 0.706788 -0.7067877 -0.03002369 0.7067884 -0.7058292 -0.1197174 0.6981925 -0.7058305 -0.1197167 0.6981915 -0.7058304 -0.2359898 0.6679164 -0.7058302 -0.23599 0.6679167 -0.7058301 -0.3454739 0.6184267 -0.7058295 -0.3454744 0.6184272 -0.7058295 -0.4450195 0.5511465 -0.7058296 -0.4450193 0.5511463 -0.7058296 -0.5317625 0.4680098 -0.7058299 -0.5317623 0.4680098 -0.7058299 -0.6032072 0.3714097 -0.7058292 -0.603208 0.3714099 -0.7058291 -0.6573001 0.2641247 -0.7058289 -0.6573004 0.2641248 -0.7058287 -0.6924831 0.1492412 -0.7058304 -0.6924813 0.1492415 -0.7058305 -0.7077425 0.03006458 -0.7058299 -0.7077431 0.0300644 -0.7058299 -0.7026438 -0.08997708 -0.7058303 -0.7026436 -0.08997696 -0.7058302 -0.6773306 -0.2074298 -0.7058289 -0.6773316 -0.2074306 -0.705829 -0.6325329 -0.3189164 -0.7058297 -0.6325323 -0.3189157 -0.7058297 -0.5695365 -0.4212275 -0.7058302 -0.5695363 -0.421227 -0.7058302 -0.4901565 -0.5114201 -0.7058295 -0.4901568 -0.5114207 -0.7058295 -0.3966758 -0.5869013 -0.7058295 -0.3966758 -0.586901 -0.7058296 -0.2917836 -0.6454975 -0.7058293 -0.2917836 -0.6454977 -0.7058292 -0.1784964 -0.6855247 -0.7058306 -0.1784965 -0.6855234 -0.7058306 -0.06007498 -0.7058287 -0.7058296 -0.06007468 -0.7058296 -0.7058296 0.0600751 -0.7058296 -0.7058306 0.06007462 -0.7058287 -0.7058306 0.178496 -0.6855234 -0.7058292 0.1784968 -0.6855246 -0.7058293 0.2917838 -0.6454977 -0.7058295 0.2917835 -0.6454975 -0.7058296 0.3966758 -0.5869011 -0.7058295 0.3966758 -0.5869012 -0.7058295 0.4901571 -0.5114204 -0.7058302 0.4901565 -0.5114201 -0.7058302 0.5695361 -0.4212272 -0.7058298 0.5695366 -0.4212273 -0.7058297 0.6325322 -0.318916 -0.705829 0.632533 -0.3189161 -0.7058289 0.6773318 -0.2074302 -0.7058302 0.6773304 -0.2074303 -0.7058302 0.7026435 -0.08997708 -0.70583 0.7026438 -0.08997696 -0.7058299 0.7077431 0.03006464 -0.7058305 0.7077426 0.0300644 -0.7058304 0.6924815 0.1492409 -0.7058287 0.6924829 0.1492418 -0.7058288 0.6573004 0.2641248 -0.705829 0.6573001 0.2641246 -0.7058292 0.6032078 0.3714101 -0.7058299 0.6032074 0.3714095 -0.7058298 0.5317625 0.4680095 -0.7058295 0.5317627 0.4680097 -0.7058296 0.4450194 0.5511463 -0.7058295 0.4450194 0.5511465 -0.7058295 0.3454743 0.6184273 -0.7058302 0.3454741 0.6184267 -0.7058301 0.2359899 0.6679167 -0.7058305 0.2359899 0.6679163 -0.7058305 0.1197171 0.6981914 -0.7058293 0.1197169 0.6981926 -0.7067877 0.03002399 0.7067884 -0.7066526 0.03583753 0.7066526 -0.7066525 -0.03583753 0.7066525 -0.7052859 0.404985 0.5818581 -0.7052859 0.2795678 0.6514704 -0.7052864 0.2795678 0.6514698 -0.7052865 0.1427051 0.6944107 -0.7052859 0.1427049 0.6944115 -0.7066525 0.03583753 0.7066526 -0.6537127 0.5646166 0.503853 -0.706932 0.477363 0.5218925 -0.7052862 0.404985 0.5818578 -0.7052858 0.5138224 0.4884245 -0.7052857 0.6016236 0.3749948 -0.705286 0.6016234 0.3749946 -0.7052861 0.664794 0.2462125 -0.7052859 0.664794 0.2462126 -0.7052859 0.7007479 0.1073507 -0.705286 0.7007479 0.1073506 -0.705286 0.7080131 -0.03590625 -0.7052858 0.7080132 -0.03590613 -0.7052857 0.6862923 -0.1776934 -0.7052862 0.6862918 -0.1776935 -0.7052862 0.636474 -0.3122054 -0.7052857 0.6364746 -0.3122054 -0.7052856 0.5605993 -0.4339362 -0.7052856 0.5605993 -0.4339362 -0.7066525 -0.03583753 0.7066526 -0.7052858 -0.1427052 0.6944114 -0.7052865 -0.1427048 0.6944109 -0.7052865 -0.2795675 0.6514698 -0.7052859 -0.2795681 0.6514703 -0.7052859 -0.4049852 0.5818581 -0.7052861 -0.404985 0.5818579 -0.7052863 -0.513822 0.4884244 -0.7052858 -0.5138224 0.4884245 -0.7052857 -0.6016237 0.3749947 -0.705286 -0.6016234 0.3749947 -0.7052861 -0.664794 0.2462126 -0.7052859 -0.6647941 0.2462125 -0.7052859 -0.7007479 0.1073507 -0.705286 -0.7007478 0.1073507 -0.705286 -0.708013 -0.03590613 -0.7052857 -0.7080133 -0.03590625 -0.7052857 -0.6862922 -0.1776937 -0.7052862 -0.6862919 -0.1776933 -0.7052862 -0.6364741 -0.3122052 -0.7052857 -0.6364744 -0.3122057 -0.7052856 -0.5605993 -0.4339362 -0.7052856 -0.5605993 -0.4339363 -0.7052855 -0.4617732 -0.5379014 -0.705286 -0.461773 -0.5379008 -0.7052861 -0.3440417 -0.6198443 -0.7052856 -0.3440417 -0.6198448 -0.7052855 -0.2122254 -0.6764116 -0.705286 -0.2122255 -0.6764112 -0.705286 -0.07172048 -0.7052857 -0.7052859 -0.07172042 -0.7052859 -0.7052858 0.07172048 -0.7052858 -0.705286 0.07172042 -0.7052857 -0.705286 0.2122253 -0.6764112 -0.7052855 0.2122256 -0.6764116 -0.7052856 0.3440419 -0.6198447 -0.705286 0.3440414 -0.6198444 -0.7068942 0.423965 -0.5661752 -0.6699737 0.4835692 -0.5632904 -0.6861171 0.4819591 -0.5449392 -0.7070361 0.5027372 -0.4973481 0.7058293 -0.1784966 0.6855246 0.7058289 -0.1784968 0.6855251 0.7058289 -0.2917839 0.645498 0.7058305 -0.2917829 0.6454969 0.7058305 -0.3966753 0.5869004 0.7058302 -0.3966755 0.5869006 0.7058302 -0.4901563 0.5114202 0.7058295 -0.4901569 0.5114206 0.7058295 -0.5695371 0.4212272 0.705829 -0.5695375 0.4212273 0.705829 -0.6325328 0.3189164 0.7058292 -0.6325325 0.3189164 0.7058291 -0.6773315 0.2074301 0.7058293 -0.6773313 0.2074301 0.7058293 -0.7026444 0.08997708 0.70583 -0.7026438 0.0899772 0.7058299 -0.7077431 -0.0300641 0.7058286 -0.7077444 -0.03006446 0.7058287 -0.6924831 -0.1492418 0.7058291 -0.6924827 -0.1492416 0.7058291 -0.6573 -0.2641251 0.7058309 -0.6572985 -0.264124 0.7058309 -0.6032067 -0.3714088 0.7058293 -0.6032078 -0.37141 0.7058292 -0.531763 -0.46801 0.7058286 -0.5317633 -0.4680104 0.7058287 -0.44502 -0.5511471 0.7058303 -0.4450193 -0.5511456 0.7058302 -0.345474 -0.6184266 0.7058296 -0.3454741 -0.6184271 0.7058296 -0.2359901 -0.6679171 0.7058293 -0.2359901 -0.6679174 0.7058293 -0.1197171 -0.6981927 0.7058288 -0.119717 -0.6981931 0.7058288 0 -0.7083825 0.7058289 0 -0.7083825 0.7058288 0.1197171 -0.698193 0.7058292 0.119717 -0.6981927 0.7058292 0.2359902 -0.6679174 0.7058296 0.23599 -0.6679172 0.7058296 0.3454743 -0.6184271 0.7058301 0.3454739 -0.6184267 0.7058303 0.445019 -0.5511459 0.7058286 0.4450203 -0.5511468 0.7058286 0.5317633 -0.4680106 0.7058292 0.5317627 -0.4680103 0.7058292 0.6032081 -0.3714096 0.7058309 0.6032065 -0.3714091 0.7058309 0.6572983 -0.2641244 0.705829 0.6573002 -0.2641246 0.7058292 0.6924827 -0.1492417 0.7058286 0.6924831 -0.1492417 0.7058286 0.7077444 -0.0300641 0.70583 0.7077431 -0.03006446 0.7058299 0.7026438 0.08997702 0.7058293 0.7026443 0.08997726 0.7058293 0.6773313 0.20743 0.7058292 0.6773315 0.2074301 0.7058293 0.6325325 0.3189163 0.705829 0.6325327 0.3189165 0.705829 0.5695374 0.4212275 0.7058295 0.5695371 0.421227 0.7058295 0.4901565 0.5114208 0.7058301 0.4901562 0.5114203 0.7058302 0.3966754 0.5869005 0.7058305 0.3966753 0.5869003 0.7058305 0.2917833 0.6454966 0.705829 0.2917835 0.6454982 0.7058288 0.1784967 0.685525 0.7058293 0.1784967 0.6855246 0.7058292 0.06007486 0.70583 0.7058297 0.06007498 0.7058297 0.7058296 -0.06007486 0.7058296 0.7058293 -0.06007498 0.70583 -0.005665779 -0.1423124 -0.9898055 0 -0.2757662 -0.9612247 0 -0.4040881 -0.9147201 -0.01081925 -0.4153909 -0.9095786 0 -0.5301552 -0.8479006 0 -0.6406712 -0.7678152 -0.01545852 -0.6547824 -0.7556594 0 -0.7434217 -0.6688231 0 -0.8275688 -0.5613642 -0.01958334 -0.8410922 -0.5405371 0 -0.8990357 -0.4378754 0 -0.9502861 -0.3113781 -0.02319335 -0.9592349 -0.2816569 0 -0.9849274 -0.1729686 0 -0.9993062 -0.03724342 -0.02628773 -0.9996544 0 0 -0.994435 0.1053515 0 -0.9708274 0.2397795 -0.02886664 -0.959093 0.2816152 0 -0.9268217 0.3755019 0 -0.8670582 0.4982068 -0.03092968 -0.8408511 0.5403822 0 -0.7873311 0.6165305 0 -0.6960466 0.7179967 -0.03247737 -0.6545152 0.755351 0 -0.5867798 0.8097465 0 -0.4710547 0.8821039 -0.03350889 -0.4151819 0.9091211 0 -0.3407234 0.9401636 0 -0.2095308 0.9778021 -0.03402465 -0.1422323 0.9892483 0 -0.06824225 0.9976688 0 0.06824225 0.9976688 -0.03402465 0.1422323 0.9892483 0 0.2095308 0.9778021 0 0.3407234 0.9401636 -0.03350889 0.4151819 0.9091211 0 0.4710547 0.8821039 0 0.5867798 0.8097465 -0.03247737 0.6545152 0.755351 0 0.6960466 0.7179967 0 0.7873311 0.6165305 -0.03092968 0.8408511 0.5403822 0 0.8670582 0.4982068 0 0.9268217 0.3755019 -0.02886664 0.959093 0.2816152 0 0.9708274 0.2397795 0 0.994435 0.1053515 -0.02628773 0.9996544 0 0 0.9993062 -0.03724342 0 0.9849274 -0.1729686 -0.02319335 0.9592349 -0.2816569 0 0.9502861 -0.3113781 0 0.8990357 -0.4378754 -0.01958334 0.8410922 -0.5405371 0 0.8275688 -0.5613642 0 0.7434217 -0.6688231 -0.01545852 0.6547824 -0.7556594 0 0.6406712 -0.7678152 0 0.5301552 -0.8479006 -0.01081925 0.4153909 -0.9095786 0 0.4040881 -0.9147201 0 0.2757662 -0.9612247 -0.005665779 0.1423124 -0.9898055 0 0.1361667 -0.9906859 0 -0.1361667 -0.9906859 -1 0 0 -1 0 0 -1 0 0 -1 0 0 -1 0 0 -1 0 0 -1 0 0 -1 0 0 -1 0 0 -1 0 0 -1 0 0 -1 0 0 -1 0 0 -1 0 0 -1 0 0 -1 0 0 -1 0 0 -1 0 0 -1 0 0 -1 0 0 -1 0 0 -1 0 0 -0.6976353 0.2854357 -0.6571388 -0.7040868 0.2869486 -0.6495555 -0.7070795 0.3748908 -0.5995794 -0.6919268 0.4556251 -0.5600385 -0.7043688 0.4547703 -0.5450215 -0.7070454 0.5257241 -0.4729703 -0.686704 0.5938858 -0.4192103 -0.7046368 0.5872165 -0.3983261 -0.7069978 0.6358122 -0.3096724 -0.6820037 0.6891213 -0.2449137 -0.7048907 0.6740532 -0.2208654 -0.7069361 0.6966168 -0.1223368 -0.6778591 0.7334779 -0.05017143 -0.7051312 0.7085849 -0.02640843 -0.7068616 0.7034156 0.07452064 -0.6742999 0.723012 0.1502439 -0.705357 0.6881732 0.1699682 -0.7067725 0.6556717 0.2656454 -0.6713514 0.6580466 0.3409721 -0.7055698 0.6144325 0.3530495 -0.7066705 0.5570704 0.4362218 -0.6690358 0.5431794 0.5072941 -0.7057682 0.4931092 0.5086596 -0.7065544 0.4152399 0.5730242 -0.6673696 0.3869479 0.636309 -0.7059529 0.3336287 0.624758 -0.7064245 0.24116 0.6654369 -0.6663643 0.2011675 0.7179766 -0.7061237 0.1483663 0.6923704 -0.7062809 0.04831087 0.7062814 -0.6660286 0 0.7459263 -0.7062808 -0.04831087 0.7062814 -0.7037904 -0.1916656 0.6840639 -0.6260751 -0.1633843 0.7624536 -0.7064245 -0.24116 0.6654369 -0.7037906 -0.3691163 0.606986 -0.6349272 -0.3639237 0.6814888 -0.7065544 -0.4152399 0.5730242 -0.7037906 -0.5191913 0.4848908 -0.6435206 -0.5327741 0.5495753 -0.7066705 -0.5570704 0.4362218 -0.7037907 -0.6307602 0.3268334 -0.6518633 -0.6575219 0.3778084 -0.7067725 -0.6556717 0.2656454 -0.7037904 -0.6955488 0.144537 -0.6599628 -0.729381 0.1801459 -0.7068616 -0.7034156 0.07452064 -0.7037908 -0.7087512 -0.04848009 -0.6678237 -0.7438031 -0.02772098 -0.7069362 -0.6966168 -0.1223368 -0.7037904 -0.6693894 -0.237901 -0.6754541 -0.700743 -0.2296108 -0.7069978 -0.6358122 -0.3096724 -0.7037906 -0.5803815 -0.4096779 -0.6828594 -0.6045804 -0.4101045 -0.7070454 -0.5257241 -0.4729703 -0.7037907 -0.4483295 -0.5510711 -0.6900467 -0.4636953 -0.5557177 -0.7070795 -0.3748908 -0.5995794 -0.7037907 -0.2830271 -0.6515937 -0.6970216 -0.2897514 -0.6559001 -0.7071002 -0.194998 -0.6796948 -0.7037909 -0.0967338 -0.7037904 -0.7037909 -0.0967338 -0.7037905 -0.7037909 0.0967338 -0.7037904 -0.7037909 0.0967338 -0.7037904 -0.7071003 0.194998 -0.6796948 0 -1 0 0 -1 0 0 -1 0 0 -1 0 0 -1 0 0 -1 0 0 -1 0 0 -1 0 0 -1 0 0 -1 0 0 -1 0 0 -1 0 0 -1 0 0 -1 0 0 -1 0 0 -1 0 0 -1 0 0 -1 0 0 -1 0 0 -1 0 0 -1 0 0 -1 0 0 -1 0 0 -1 0 0 -1 0 0 -1 0 0 -1 0 0 -1 0 0 -1 0 0 -1 0 0 -1 0 0 -1 0 0.5547755 0 0.832 0.5547755 0 0.832 0.7218503 0 0.6920492 0.7218503 0 0.6920492 0.8546359 0 0.5192278 0.8546359 0 0.5192278 0.946829 0 0.3217373 0.946829 0 0.3217373 0.9940446 0 0.108974 0.9940446 0 0.108974 0.9940446 0 -0.108974 0.9940446 0 -0.108974 0.946829 0 -0.3217372 0.946829 0 -0.3217372 0.8546359 0 -0.5192278 0.8546359 0 -0.5192278 0.7218503 0 -0.6920492 0.7218503 0 -0.6920492 0.5547755 0 -0.832 0.5547755 0 -0.832 0 1 0 0 1 0 0 1 0 0 1 0 0 1 0 0 1 0 0 1 0 0 1 0 0 1 0 0 1 0 0 1 0 0 1 0 0 1 0 0 1 0 0 1 0 0 1 0 0 1 0 0 1 0 0 1 0 0 1 0 0 1 0 0 1 0 0 1 0 0 1 0 0 1 0 0 1 0 0 1 0 0 1 0 0 1 0 0 1 0 0 1 0 0 1 0 0 1 0 0 1 0 0 1 0 0 1 0 0 1 0 0 1 0 0 1 0 0 1 0 0 1 0 0 1 0 0 1 0 0 1 0 0 1 0 0 1 0 0 1 0 0 1 0 0 1 0 0 1 0 0 1 0 0 1 0 0 1 0 0 1 0 0 1 0 0 1 0 0 1 0 0 1 0 0 1 0 0 1 0 0 1 0 0 1 0 0 1 0 0 1 0 0 1 0 0 1 0 0 1 0 0 1 0 0 1 0 0 1 0 0 1 0 0 1 0 0 1 0 0 1 0 0 1 0 0 1 0 0 1 0 0 1 0 0 1 0 0 1 0 0 1 0 0 1 0 0 1 0 0 1 0 0 1 0 0 1 0 0.9937122 0 0.1119645 0.9438843 0 0.3302765 0.9438843 0 0.3302765 0.8467234 0 0.5320333 0.8467234 0 0.5320333 0.7071074 0 0.7071061 0.7071074 0 0.7071061 0.5320317 0 0.8467244 0.5320317 0 0.8467244 0.3302784 0 0.9438836 0.3302784 0 0.9438836 0.1119645 0 0.9937122 0.1119645 0 0.9937122 -0.1119643 0 0.9937123 -0.1119643 0 0.9937123 -0.3302797 0 0.9438831 -0.3302797 0 0.9438831 -0.5320317 0 0.8467244 -0.5320317 0 0.8467244 -0.7071074 0 0.7071061 -0.7071074 0 0.7071061 -0.8467234 0 0.5320333 -0.8467234 0 0.5320333 -0.9438836 0 0.3302783 -0.9438836 0 0.3302783 -0.9937122 0 0.1119645 -0.9937122 0 0.1119645 -0.9937122 0 -0.1119645 -0.9937122 0 -0.1119645 -0.9438836 0 -0.3302783 -0.9438836 0 -0.3302783 -0.8467234 0 -0.5320333 -0.8467234 0 -0.5320333 -0.7071074 0 -0.7071061 -0.7071074 0 -0.7071061 -0.5320317 0 -0.8467244 -0.5320317 0 -0.8467244 -0.3302797 0 -0.9438831 -0.3302797 0 -0.9438831 -0.1119643 0 -0.9937123 -0.1119643 0 -0.9937123 0.1119645 0 -0.9937122 0.1119645 0 -0.9937122 0.3302784 0 -0.9438836 0.3302784 0 -0.9438836 0.5320317 0 -0.8467244 0.5320317 0 -0.8467244 0.7071074 0 -0.7071061 0.7071074 0 -0.7071061 0.8467234 0 -0.5320333 0.8467234 0 -0.5320333 0.9438843 0 -0.3302764 0.9438843 0 -0.3302764 0.9937122 0 -0.1119645 0.9937122 0 -0.1119645 0.9937122 0 0.1119645 0 0 1 0 0 1 -0.8660255 0 0.5 -0.8660255 0 0.5 -0.8660255 0 -0.5 -0.8660255 0 -0.5 0 0 -1 0 0 -1 0.866025 0 -0.5000007 0.866025 0 -0.5000007 0.866025 0 0.5000007 0.866025 0 0.5000007 -0.5547766 0 -0.8319994 -0.5547766 0 -0.8319994 -0.7218503 0 -0.6920492 -0.7218503 0 -0.6920492 -0.8546369 0 -0.5192262 -0.8546369 0 -0.5192262 -0.9468277 0 -0.3217412 -0.9468277 0 -0.3217412 -0.9940448 0 -0.1089718 -0.9940448 0 -0.1089718 -0.9940448 0 0.1089718 -0.9940448 0 0.1089718 -0.9468277 0 0.3217412 -0.9468277 0 0.3217412 -0.8546369 0 0.5192262 -0.8546369 0 0.5192262 -0.7218503 0 0.6920492 -0.7218503 0 0.6920492 -0.5547766 0 0.8319994 -0.5547766 0 0.8319994 0 -1 0 0 -1 0 0 -1 0 0 -1 0 0 -1 0 0 -1 0 0 -1 0 0 -1 0 0 -1 0 0 -1 0 0 -1 0 0 -1 0 0 -1 0 0 -1 0 0 -1 0 0 -1 0 0 -1 0 0 -1 0 0 -1 0 0 -1 0 0 -1 0 0 -1 0 0 -1 0 0 -1 0 0 -1 0 0 -1 0 0 -1 0 0 -1 0 0 0 -1 0 0 -1 0 0 1 0 0 1 -0.9914449 0 -0.1305261 -0.9914449 0 0.1305261 -0.9914449 0 0.1305261 -0.9238794 0 0.3826839 -0.9238794 0 0.3826839 -0.7933526 0 0.6087625 -0.7933526 0 0.6087625 -0.6087624 0 0.7933527 -0.6087624 0 0.7933527 -0.3826844 0 0.9238792 -0.3826844 0 0.9238792 -0.2560254 0 0.96667 -0.1305258 -4.38384e-4 0.9914448 -0.1276887 0 0.9918143 -0.9914449 0 -0.1305261 -0.9466481 0 -0.3222691 -0.9238672 -0.005131661 -0.3826789 -0.8964899 0 -0.4430643 -0.7933526 0 -0.6087625 -0.7933526 0 -0.6087625 -0.6087624 0 -0.7933527 -0.6087624 0 -0.7933527 -0.3826844 0 -0.9238792 -0.3826844 0 -0.9238792 -0.1305258 0 -0.9914449 -0.1305258 0 -0.9914449 0.1305261 0 -0.9914449 0.1305261 0 -0.9914449 0.3826835 0 -0.9238795 0.3826835 0 -0.9238795 0.6087612 0 -0.7933536 0.6087612 0 -0.7933536 0.7933537 0 -0.6087609 0.7933537 0 -0.6087609 0.9238793 0 -0.3826839 0.9238793 0 -0.3826839 0.9914449 0 -0.1305261 0.9914449 0 -0.1305261 0.9914449 0 0.1305261 0.9914449 0 0.1305261 0.9238794 0 0.3826839 0.9238794 0 0.3826839 0.7933537 0 0.6087609 0.7933537 0 0.6087609 0.6087612 0 0.7933536 0.6087612 0 0.7933536 0.3826835 0 0.9238795 0.3826835 0 0.9238795 0.1305261 0 0.9914449 0.2560017 -0.01999586 0.9664695 0.1276887 0 0.9918143 -0.9659271 0 0.2588144 -0.707104 0 0.7071096 -0.707104 0 0.7071096 -0.258819 0 0.9659259 -0.258819 0 0.9659259 0.258819 0 0.9659259 0.258819 0 0.9659259 0.7071077 0 0.7071059 0.7071077 0 0.7071059 0.9659252 0 0.2588213 0.9659252 0 0.2588213 0.9659252 0 -0.2588216 0.9659252 0 -0.2588216 0.707108 0 -0.7071056 0.707108 0 -0.7071056 0.2588194 0 -0.9659258 0.2588194 0 -0.9659258 -0.2588194 0 -0.9659258 -0.2588194 0 -0.9659258 -0.7071042 0 -0.7071093 -0.7071042 0 -0.7071093 -0.965927 0 -0.2588146 -0.965927 0 -0.2588146 -0.9659271 0 0.2588144 -0.9659252 0 0.2588216 -0.7071081 0 0.7071054 -0.7071081 0 0.7071054 -0.258819 0 0.9659259 -0.258819 0 0.9659259 0.2588171 0 0.9659263 0.2588171 0 0.9659263 0.7071118 0 0.7071017 0.7071118 0 0.7071017 0.9659233 0 0.2588284 0.9659233 0 0.2588284 0.9659233 0 -0.2588285 0.9659233 0 -0.2588285 0.7071118 0 -0.7071018 0.7071118 0 -0.7071018 0.2588173 0 -0.9659263 0.2588173 0 -0.9659263 -0.2588192 0 -0.9659258 -0.2588192 0 -0.9659258 -0.707108 0 -0.7071055 -0.707108 0 -0.7071055 -0.9659252 0 -0.2588216 -0.9659252 0 -0.2588216 -0.9659252 0 0.2588216 -0.9659252 0 0.2588215 -0.707108 0 0.7071055 -0.707108 0 0.7071055 -0.2588192 0 0.9659258 -0.2588192 0 0.9659258 0.2588173 0 0.9659263 0.2588173 0 0.9659263 0.7071118 0 0.7071018 0.7071118 0 0.7071018 0.9659233 0 0.2588284 0.9659233 0 0.2588284 0.9659233 0 -0.2588284 0.9659233 0 -0.2588284 0.7071118 0 -0.7071017 0.7071118 0 -0.7071017 0.2588171 0 -0.9659263 0.2588171 0 -0.9659263 -0.258819 0 -0.9659259 -0.258819 0 -0.9659259 -0.7071081 0 -0.7071054 -0.7071081 0 -0.7071054 -0.9659252 0 -0.2588216 -0.9659252 0 -0.2588216 -0.9659252 0 0.2588215 -0.9659233 0 0.2588284 -0.7071081 0 0.7071054 -0.7071081 0 0.7071054 -0.258819 0 0.9659259 -0.258819 0 0.9659259 0.2588208 0 0.9659253 0.2588208 0 0.9659253 0.7071081 0 0.7071054 0.7071081 0 0.7071054 0.9659233 0 0.2588284 0.9659233 0 0.2588284 0.9659233 0 -0.2588285 0.9659233 0 -0.2588285 0.707108 0 -0.7071055 0.707108 0 -0.7071055 0.258821 0 -0.9659253 0.258821 0 -0.9659253 -0.2588192 0 -0.9659258 -0.2588192 0 -0.9659258 -0.707108 0 -0.7071055 -0.707108 0 -0.7071055 -0.9659233 0 -0.2588285 -0.9659233 0 -0.2588285 -0.9659233 0 0.2588284 -0.9659233 0 0.2588284 -0.707108 0 0.7071055 -0.707108 0 0.7071055 -0.2588192 0 0.9659258 -0.2588192 0 0.9659258 0.258821 0 0.9659253 0.258821 0 0.9659253 0.707108 0 0.7071055 0.707108 0 0.7071055 0.9659233 0 0.2588284 0.9659233 0 0.2588284 0.9659233 0 -0.2588284 0.9659233 0 -0.2588284 0.7071081 0 -0.7071054 0.7071081 0 -0.7071054 0.2588208 0 -0.9659253 0.2588208 0 -0.9659253 -0.258819 0 -0.9659259 -0.258819 0 -0.9659259 -0.7071081 0 -0.7071054 -0.7071081 0 -0.7071054 -0.9659233 0 -0.2588284 -0.9659233 0 -0.2588284 -0.9659233 0 0.2588284 -0.965927 0 0.2588146 -0.7071042 0 0.7071093 -0.7071042 0 0.7071093 -0.2588194 0 0.9659258 -0.2588194 0 0.9659258 0.2588194 0 0.9659258 0.2588194 0 0.9659258 0.707108 0 0.7071056 0.707108 0 0.7071056 0.9659252 0 0.2588216 0.9659252 0 0.2588216 0.9659252 0 -0.2588213 0.9659252 0 -0.2588213 0.7071077 0 -0.7071059 0.7071077 0 -0.7071059 0.258819 0 -0.9659259 0.258819 0 -0.9659259 -0.258819 0 -0.9659259 -0.258819 0 -0.9659259 -0.707104 0 -0.7071096 -0.707104 0 -0.7071096 -0.9659271 0 -0.2588144 -0.9659271 0 -0.2588144 -0.965927 0 0.2588146 -0.965927 0 0.2588146 -0.7071045 0 0.7071091 -0.7071045 0 0.7071091 -0.2588191 0 0.9659258 -0.2588191 0 0.9659258 0.2588191 0 0.9659258 0.2588191 0 0.9659258 0.7071081 0 0.7071055 0.7071081 0 0.7071055 0.9659252 0 0.2588216 0.9659252 0 0.2588216 0.9659252 0 -0.2588216 0.9659252 0 -0.2588216 0.7071081 0 -0.7071055 0.7071081 0 -0.7071055 0.2588191 0 -0.9659258 0.2588191 0 -0.9659258 -0.2588191 0 -0.9659258 -0.2588191 0 -0.9659258 -0.7071044 0 -0.7071091 -0.7071044 0 -0.7071091 -0.965927 0 -0.2588147 -0.965927 0 -0.2588147 -0.965927 0 0.2588146 0 1 0 0 1 0 0 1 0 0 1 0 0 1 0 0 1 0 0 1 0 0 1 0 0 1 0 0 1 0 0 1 0 0 1 0 0 1 0 0 1 0 0 1 0 0 1 0 0 1 0 0 1 0 0 1 0 0 1 0 0 1 0 0 1 0 0 1 0 0 1 0 0 1 0 0 1 0 0 1 0 0 1 0 0 1 0 0 1 0 0 1 0 0 1 0 0 1 0 0 1 0 0 1 0 0 1 0 0 1 0 0 1 0 0 1 0 0 1 0 0 1 0 0 1 0 0 1 0 0 1 0 0 1 0 0 1 0 0 1 0 0 1 0 0 1 0 0 1 0 0 1 0 0 1 0 0 1 0 0 1 0 0 1 0 0 1 0 0 1 0 0 1 0 0 1 0 0 1 0 0 1 0 0 1 0 0 1 0 0 1 0 0 1 0 0 1 0 0 1 0 0 1 0 0 1 0 0 1 0 0 1 0 0 1 0 0 1 0 0 1 0 0 1 0 0 1 0 0 1 0 0 1 0 0 1 0 0 1 0 0 1 0 0 1 0 0 1 0 0 1 0 0 1 0 0 1 0 0 1 0 0 1 0 0 1 0 0 1 0 0 1 0 0 1 0 0 1 0 0 1 0 0 1 0 0 1 0 0 1 0 0 1 0 0 1 0 0 1 0 0 1 0 0 1 0 0 1 0 0 1 0 0 1 0 0 1 0 0 1 0 0 1 0 0 1 0 0 1 0 0 1 0 0 1 0 0 1 0 0 1 0 0 1 0 0 1 0 0 1 0 0 1 0 0 1 0 0 1 0 0 1 0 0 1 0 0 1 0 0 1 0 0 1 0 0 1 0 0 1 0 0 1 0 0 1 0 0 1 0 0 1 0 0 1 0 0 1 0 0 1 0 0 1 0 0 1 0 0 1 0 0 1 0 0 1 0 0 1 0 0 1 0 0 1 0 0 1 0 0 1 0 0 1 0 0 1 0 0 1 0 0 1 0 0 1 0 0 1 0 0 1 0 0 1 0 0 1 0 0 1 0 0 1 0 0 1 0 0 1 0 0 1 0 0 1 0 0 1 0 0 1 0 0 1 0 0 1 0 0 1 0 0 1 0 0 1 0 0 1 0 0 1 0 0 1 0 0 1 0 0 1 0 0 1 0 0 1 0 0 1 0 0 1 0 0 1 0 0 1 0 0 1 0 0 1 0 0 1 0 0 1 0 0 1 0 0 1 0 0 1 0 0 1 0 0 1 0 0 1 0 0 1 0 0 1 0 0 1 0 0 1 0 0 1 0 0 1 0 0 1 0 0 1 0 0 1 0 0 1 0 0 1 0 0 1 0 0 1 0 0 1 0 0 1 0 0 1 0 0 1 0 0 1 0 0 1 0 0 1 0 0 1 0 0 1 0 0 1 0 0 1 0 0 1 0 0 1 0 0 1 0 0 1 0 0 1 0 0 1 0 0 1 0 0 1 0 0 1 0 0 1 0 0 1 0 0 1 0 0 1 0 0 1 0 0 1 0 0 1 0 -1 0 0 -1 0 0 0 0 -1 0 0 -1 1 0 0 1 0 0 0 0 1 0 0 1 0 -1 0 0 -1 0 -1 0 0 -1 0 0 0 0 -1 0 0 -1 1 0 0 1 0 0 0 0 1 0 0 1 0 -1 0 0 -1 0 -0.6801563 -0.4534109 0.576026 -0.7537404 -0.1561784 0.6383446 -0.8215938 -0.1561779 0.5482628 -0.8215932 0.1561827 0.5482625 -0.8787361 0.1561824 0.4510319 -0.7929537 0.4534024 0.4070021 -0.8341794 0.4534022 0.3139608 -0.6623287 0.7065264 0.2492812 -0.6864268 0.7065265 0.1721588 -0.4409159 0.8907101 0.1105836 -0.4506474 0.8907101 0.05960136 -0.1553249 0.9876499 0.0205428 -0.1566542 0.9876499 0.002702772 0.1566545 0.9876497 -0.002702772 0.1559416 0.9876497 0.01517194 0.4524407 0.8907075 0.04401916 0.4444739 0.8907074 0.09530544 0.6919565 0.7065282 0.1483715 0.6705331 0.7065281 0.2262815 0.8445118 0.4534077 0.2849932 0.8065202 0.4534077 0.379403 0.8937714 0.1561936 0.4204477 0.8400197 0.1561933 0.5195869 0.8400218 -0.1561775 0.5195882 0.7753161 -0.1561781 0.6119586 0.699626 -0.4534103 0.5522162 0.6321153 -0.4534097 0.6283708 0.5018956 -0.7065249 0.4989224 0.4417529 -0.7065249 0.5528807 0.2837637 -0.8907011 0.3551476 0.2414299 -0.890701 0.3851795 0.08320993 -0.98765 0.1327539 0.06753468 -0.9876499 0.1413739 -0.06753486 -0.9876499 -0.1413743 -0.05097943 -0.9876499 -0.1481512 -0.1479141 -0.890701 -0.4298526 -0.09795063 -0.8907009 -0.4439117 -0.152486 -0.7065242 -0.6910656 -0.07271641 -0.7065239 -0.7039434 -0.09158325 -0.4534057 -0.8865866 0.01007694 -0.4534063 -0.8912469 0.0111671 -0.1561837 -0.9876649 0.1236799 -0.1561838 -0.979954 0.1236799 0.1561868 -0.9799535 0.2345812 0.1561865 -0.9594673 0.211681 0.4534056 -0.8658028 0.3089953 0.4534049 -0.8360299 0.2453405 0.7065223 -0.6638029 0.3194077 0.7065219 -0.6315105 0.2051669 0.8907083 -0.4056418 0.250071 0.8907082 -0.3796094 0.08619081 0.9876499 -0.1308382 0.1005431 0.98765 -0.1201606 -0.1005441 0.9876497 0.1201619 -0.1135861 0.9876497 0.1079177 -0.3295512 0.8907083 0.3131052 -0.3630953 0.8907083 0.2734971 -0.5652683 0.7065281 0.4257814 -0.6101169 0.7065284 0.3585735 -0.7684187 0.4534109 0.4516096 -0.8148905 0.4534113 0.3610703 -0.9030501 0.1561859 0.400133 -0.9427739 0.1561859 0.2945901 -0.942776 -0.1561717 0.2945908 -0.9702128 -0.1561715 0.1851965 -0.8754933 -0.4534133 0.1671162 -0.8888368 -0.4534133 0.06622385 -0.7057319 -0.706525 0.05258142 -0.7071258 -0.7065249 -0.02820891 -0.4542267 -0.8907018 -0.01812016 -0.4492011 -0.8907019 -0.0697751 -0.1548211 -0.9876497 -0.02404856 -0.1510703 -0.9876497 -0.04154086 0.1510718 -0.9876496 0.04154127 0.1453516 -0.9876496 0.05849134 0.4217222 -0.890702 0.1697064 0.3996289 -0.890702 0.2166717 0.6221374 -0.7065167 0.3373118 0.5796298 -0.7065173 0.4060328 0.7300145 -0.4533999 0.5113779 0.6669665 -0.4534007 0.5912558 0.7391196 -0.1561761 0.6552184 0.6596071 -0.156177 0.7352055 0.6596059 0.1561892 0.7352042 0.5715003 0.1561885 0.8056008 0.5157096 0.4534062 0.726957 0.4294812 0.4534065 0.7810049 0.3410049 0.7065244 0.6201121 0.2680941 0.7065243 0.6549419 0.1722069 0.8907085 0.4206938 0.1231287 0.8907086 0.4375814 0.04243844 0.9876499 0.1508201 0.02496975 0.9876499 0.1546746 -0.02496975 0.9876499 -0.1546745 -0.007175445 0.9876499 -0.1565128 -0.02081853 0.8907089 -0.4540972 0.03108054 0.8907088 -0.4535107 0.04838669 0.7065244 -0.7060326 0.1285526 0.7065249 -0.6959144 0.1619067 0.453406 -0.8764754 0.2607626 0.4534059 -0.8523062 0.2889724 0.1561897 -0.9445103 0.3947541 0.1561903 -0.9054136 0.3947545 -0.1561823 -0.9054148 0.4953922 -0.1561822 -0.8545137 0.4470297 -0.453411 -0.7710921 0.5320132 -0.4534118 -0.7151083 0.4224156 -0.7065247 -0.5677922 0.4843853 -0.7065246 -0.5159398 0.3111487 -0.8907012 -0.3314179 0.3468996 -0.8907013 -0.2937889 0.1195613 -0.9876499 -0.1012563 0.130324 -0.9876499 -0.08696782 -0.1303246 -0.9876497 0.08696824 -0.1393891 -0.9876498 0.07154482 -0.4044247 -0.8907026 0.2075807 -0.4254509 -0.8907026 0.1601267 -0.6623291 -0.7065264 0.2492804 -0.6864272 -0.7065265 0.1721569 -0.8645296 -0.4534043 0.2168252 -0.8836105 -0.4534043 0.1168635 -0.9792001 -0.1561903 0.1295058 -0.98758 -0.1561903 0.01704257 -0.9875785 0.1561993 0.01704251 -0.9830839 0.1561993 -0.09564435 -0.8871142 0.4534086 -0.08630746 -0.8714938 0.4534087 -0.1868667 -0.6919569 0.7065281 -0.1483702 -0.6705332 0.7065281 -0.2262815 -0.4307088 0.8907096 -0.1453492 -0.4113325 0.8907095 -0.1934996 -0.1417746 0.9876496 -0.06669378 -0.1332479 0.9876496 -0.08242017 0.1332471 0.9876498 0.08241963 0.1229835 0.9876499 0.09707134 0.3568152 0.8907099 0.2816357 0.3223858 0.8907098 0.3204737 0.5018973 0.7065248 0.4989206 0.4417533 0.7065249 0.5528804 0.5563704 0.4534047 0.6963305 0.4733672 0.4534051 0.7552134 0.524577 0.1561858 0.8369139 0.4257568 0.1561862 0.8912559 0.4257571 -0.1561819 0.8912565 0.3213869 -0.1561824 0.9339794 0.2900124 -0.4534068 0.842802 0.1920489 -0.4534064 0.8703677 0.1524853 -0.7065247 0.6910651 0.07271587 -0.7065244 0.7039428 0.04670953 -0.8907014 0.4521826 -0.005140006 -0.8907015 0.4545598 -0.001771509 -0.98765 0.1566667 -0.01961857 -0.98765 0.1554436 0.01961863 -0.9876499 -0.1554439 0.03721004 -0.9876499 -0.1521942 0.1079627 -0.8907014 -0.4415823 0.1575953 -0.8907016 -0.4263969 0.2453401 -0.7065224 -0.6638031 0.3194077 -0.7065219 -0.6315105 0.4022787 -0.4534077 -0.7953574 0.4903197 -0.4534077 -0.7443172 0.5433648 -0.1561807 -0.8248408 0.6338507 -0.1561801 -0.757523 0.6338503 0.1561828 -0.7575227 0.7160707 0.1561823 -0.6803307 0.6461662 0.4534064 -0.6139152 0.7119333 0.4534064 -0.536259 0.5652666 0.7065283 -0.4257833 0.6101174 0.7065287 -0.3585722 0.3919072 0.8907064 -0.2303279 0.4156089 0.8907062 -0.1841513 0.1432443 0.9876501 -0.06346982 0.1495456 0.9876501 -0.04672729 -0.1495468 0.9876499 0.04672765 -0.1538982 0.9876499 0.02937763 -0.4465035 0.8907131 0.08523321 -0.4533087 0.8907133 0.03377842 -0.7057317 0.7065249 0.05258786 -0.7071259 0.706525 -0.02820253 -0.8905903 0.4534174 -0.03551971 -0.8807357 0.4534173 -0.1368119 -0.9760217 0.1561895 -0.1516134 -0.9523776 0.1561894 -0.2618812 -0.9523792 -0.1561789 -0.2618817 -0.6100618 -0.4534105 0.6498027 -0.4843859 -0.7065242 0.5159398 -0.4224159 -0.7065242 0.5677925 -0.2713416 -0.8907015 0.3647252 -0.2279973 -0.8907015 0.3932787 -0.07858097 -0.9876499 0.1355465 -0.06261754 -0.9876499 0.1436206 0.06261748 -0.9876499 -0.1436203 0.04583793 -0.9876499 -0.1498219 0.1329963 -0.8907007 -0.4347003 0.08257699 -0.8907007 -0.4470273 0.1285526 -0.7065248 -0.6959144 0.04838597 -0.7065244 -0.7060326 0.06094014 -0.4534052 -0.8892188 -0.04081928 -0.4534059 -0.8903689 -0.04523521 -0.1561846 -0.9866915 -0.1574144 -0.1561841 -0.9751037 -0.1574144 0.1561853 -0.9751035 -0.2675415 0.1561847 -0.9508039 -0.2414234 0.4534068 -0.8579842 -0.3376551 0.4534071 -0.8248704 -0.2680953 0.7065255 -0.6549403 -0.3410028 0.7065255 -0.620112 -0.2190392 0.8907085 -0.3983217 -0.2630177 0.8907085 -0.3707561 -0.09065288 0.98765 -0.1277865 -0.1046288 0.9876501 -0.1166196 0.1046301 0.9876498 0.1166211 0.1172416 0.9876497 0.1039345 0.3401595 0.8907068 0.3015509 0.372315 0.8907067 0.2608125 0.5796266 0.7065172 0.4060376 0.6221351 0.7065168 0.3373157 0.7835411 0.4534139 0.4248285 0.8268623 0.4534142 0.3327376 0.9163192 0.1561823 0.3687359 0.9523784 0.156182 0.2618829 0.9523804 -0.1561687 0.2618834 0.9760258 -0.1561682 0.1516082 0.8807439 -0.4534024 0.1368078 0.8905978 -0.4534024 0.03552478 0.7071259 -0.706525 0.02820634 0.7057318 -0.7065249 -0.05258601 0.4533392 -0.8906977 -0.03377956 0.4465332 -0.8906977 -0.08523929 0.1538981 -0.9876498 -0.02937781 0.1495468 -0.9876499 -0.04672765 -0.1495483 -0.9876496 0.04672813 -0.1432467 -0.9876496 0.0634709 -0.4156099 -0.8907057 0.1841518 -0.3919103 -0.8907054 0.2303262 -0.6101201 -0.7065283 0.3585684 -0.5652662 -0.706528 0.4257844 -0.7119371 -0.4533949 0.5362636 -0.6461669 -0.4533959 0.6139222 -0.7160676 -0.1561794 0.6803347 -0.6338488 -0.15618 0.7575246 -0.6338484 0.1561839 0.7575241 -0.5433667 0.1561846 0.8248388 -0.4903222 0.453406 0.7443166 -0.4022797 0.4534059 0.7953578 -0.3194067 0.7065252 0.6315075 -0.2453407 0.7065252 0.6637998 -0.1575919 0.8907082 0.4263845 -0.1079588 0.8907082 0.4415696 -0.03720974 0.9876499 0.1521943 -0.01961863 0.9876499 0.1554438 0.01961863 0.9876499 -0.1554441 0.00177139 0.9876499 -0.1566671 0.005139529 0.8907082 -0.4545465 -0.04670798 0.8907082 -0.4521695 -0.07271564 0.7065238 -0.7039435 -0.1524856 0.7065241 -0.6910657 -0.1920489 0.4534081 -0.8703668 -0.2900123 0.4534092 -0.8428007 -0.3213869 0.1561894 -0.9339782 -0.4257575 0.1561899 -0.8912549 -0.4257581 -0.1561812 -0.8912561 -0.5245778 -0.1561808 -0.8369144 -0.4733675 -0.4534052 -0.7552132 -0.5563708 -0.4534048 -0.6963301 -0.4417536 -0.7065248 -0.5528802 -0.5018972 -0.7065249 -0.4989206 -0.3223984 -0.8907007 -0.3204864 -0.3568294 -0.8907007 -0.281647 -0.1229833 -0.9876499 -0.09707129 -0.133247 -0.9876499 -0.08241957 0.1332469 -0.9876499 0.08241957 0.1417735 -0.9876499 0.0666933 0.4113463 -0.8907017 0.1935061 0.4307227 -0.8907019 0.1453555 0.6705324 -0.7065281 0.2262838 0.6919565 -0.7065281 0.1483715 0.8714935 -0.4534085 0.1868683 0.8871141 -0.4534087 0.08630943 0.983087 -0.1561778 0.09564685 0.987582 -0.1561778 -0.0170387 0.987581 0.156184 -0.0170387 0.9792013 0.156184 -0.129505 0.8836106 0.4534043 -0.1168626 0.8645295 0.4534044 -0.2168252 0.6864317 0.7065219 -0.172158 0.6623327 0.706522 -0.2492832 0.4254362 0.8907104 -0.160122 0.4044103 0.8907102 -0.2075753 0.1393876 0.9876499 -0.0715447 0.1303235 0.98765 -0.08696752 -0.130323 0.98765 0.08696717 -0.1195601 0.98765 0.1012561 -0.3468865 0.8907092 0.2937803 -0.3111381 0.8907091 0.3314066 -0.4843857 0.7065241 0.5159401 -0.4224162 0.7065243 0.5677923 -0.5320144 0.4534087 0.7151092 -0.447028 0.4534088 0.7710943 -0.4953894 0.1561872 0.8545145 -0.3947557 0.1561874 0.9054134 -0.3947557 -0.1561863 0.9054136 -0.2889733 -0.1561856 0.9445108 -0.2607625 -0.4534109 0.8523037 -0.161907 -0.4534102 0.8764733 -0.1285532 -0.7065245 0.6959146 -0.04838645 -0.7065247 0.7060323 -0.03108149 -0.8907007 0.4535264 0.02081894 -0.8907006 0.4541135 0.007175326 -0.9876499 0.1565125 0.02496969 -0.9876499 0.1546744 -0.02496975 -0.9876499 -0.1546746 -0.0424385 -0.9876499 -0.1508201 -0.1231331 -0.8907004 -0.4375968 -0.172214 -0.8907003 -0.4207082 -0.2680953 -0.7065255 -0.6549402 -0.3410039 -0.7065255 -0.6201114 -0.4294807 -0.4534056 -0.7810055 -0.51571 -0.4534054 -0.7269572 -0.5715005 -0.1561865 -0.8056009 -0.6596028 -0.1561872 -0.7352073 -0.6596035 0.1561799 -0.7352081 -0.7391136 0.1561791 -0.6552246 -0.6669613 0.4534011 -0.5912615 -0.7300111 0.4534006 -0.5113822 -0.5796273 0.7065171 -0.4060364 -0.6221365 0.7065167 -0.3373132 -0.3996093 0.8907131 -0.2166622 -0.4217021 0.8907133 -0.1696972 -0.1453492 0.98765 -0.05848997 -0.1510691 0.98765 -0.0415405 0.1510703 0.9876497 0.04154086 0.1548209 0.9876497 0.02404946 0.4491858 0.8907095 0.0697754 0.4542117 0.8907095 0.0181176 0.7071258 0.7065249 0.02820587 0.7057318 0.7065249 -0.05258649 0.8888362 0.4534134 -0.06623023 0.8754931 0.4534133 -0.1671177 0.9702091 0.1561928 -0.1851974 0.9427738 0.1561926 -0.294587 0.9427753 -0.1561829 -0.2945874 0.903052 -0.1561829 -0.4001298 0.8148918 -0.4534111 -0.3610673 0.7684203 -0.453411 -0.4516068 0.6101179 -0.7065286 -0.3585713 0.5652694 -0.7065285 -0.4257793 0.3631032 -0.8907038 -0.2735011 0.3295587 -0.8907036 -0.3131105 0.113585 -0.98765 -0.107916 0.100543 -0.98765 -0.1201606 -0.1005443 -0.9876496 0.1201622 -0.08619153 -0.9876497 0.1308399 -0.2500783 -0.8907008 0.3796222 -0.2051728 -0.8907008 0.4056554 -0.3194049 -0.7065252 0.6315083 -0.2453402 -0.7065251 0.6638 -0.3089958 -0.4534075 0.8360282 -0.2116792 -0.4534073 0.8658024 -0.2345795 -0.1561825 0.9594684 -0.1236799 -0.1561827 0.9799542 -0.1236798 0.1561868 0.9799536 -0.01116764 0.1561866 0.9876644 -0.01007741 0.4534062 0.891247 0.09158313 0.4534065 0.8865862 0.07271629 0.7065246 0.7039428 0.1524856 0.7065248 0.6910651 0.09794712 0.8907089 0.4438965 0.1479089 0.890709 0.4298378 0.05097955 0.9876498 0.1481516 0.06753516 0.9876498 0.1413748 -0.0675351 0.9876498 -0.1413748 -0.0832107 0.9876499 -0.1327547 -0.2414224 0.8907088 -0.3851663 -0.283754 0.8907088 -0.3551358 -0.4417526 0.7065248 -0.552881 -0.5018977 0.7065248 -0.4989203 -0.6321197 0.4534051 -0.6283697 -0.6996269 0.453405 -0.5522194 -0.7753136 0.1561883 -0.6119593 -0.8400177 0.1561884 -0.5195917 -0.8400173 -0.1561906 -0.5195915 -0.8937706 -0.1561909 -0.4204504 -0.8065191 -0.4534078 -0.3794053 -0.8445109 -0.4534079 -0.2849956 -0.6705327 -0.706528 -0.2262834 -0.6919564 -0.7065281 -0.1483724 -0.444485 -0.8907017 -0.09530848 -0.4524519 -0.8907017 -0.04402047 -0.1559401 -0.98765 -0.01517188 -0.1566531 -0.98765 0.002702772 0.1566527 -0.98765 -0.002702772 0.1553236 -0.98765 -0.02054172 0.4506629 -0.8907024 -0.05960083 0.4409307 -0.8907024 -0.1105862 0.6864316 -0.7065219 -0.1721583 0.6623321 -0.706522 -0.2492846 0.8341785 -0.4534021 -0.3139632 0.7929517 -0.4534022 -0.4070065 0.8787342 -0.1561789 -0.451037 0.8215923 -0.1561791 -0.5482646 0.8215912 0.1561886 -0.5482637 0.7537391 0.1561884 -0.6383436 0.6801562 0.4534109 -0.5760262 0.610061 0.4534104 -0.6498035 0.4843849 0.7065246 -0.5159403 0.422416 0.7065247 -0.5677919 0.2713344 0.8907079 -0.364715 0.2279906 0.890708 -0.3932679 0.07858055 0.9876499 -0.1355459 0.0626173 0.98765 -0.14362 -0.06261736 0.9876499 0.1436201 -0.04583787 0.9876499 0.1498218 -0.1329915 0.8907089 0.4346849 -0.082574 0.8907089 0.4470114 -0.1285526 0.7065246 0.6959148 -0.04838639 0.7065247 0.7060323 -0.06094062 0.4534066 0.8892179 0.04081916 0.4534065 0.8903687 0.04523509 0.1561887 0.9866909 0.1574152 0.1561881 0.9751029 0.1574153 -0.1561812 0.975104 0.2675421 -0.1561806 0.9508044 0.2414236 -0.4534087 0.8579832 0.3376534 -0.4534088 0.8248701 0.2680947 -0.7065243 0.6549417 0.3410062 -0.7065244 0.6201114 0.2190485 -0.8907006 0.3983343 0.2630251 -0.8907006 0.3707698 0.09065335 -0.9876497 0.1277883 0.1046301 -0.9876498 0.116621 -0.1046289 -0.9876501 -0.1166197 -0.1172397 -0.9876501 -0.1039335 -0.3401655 -0.8907019 -0.3015584 -0.3723254 -0.890702 -0.2608134 -0.5796311 -0.7065173 -0.4060308 -0.6221342 -0.7065169 -0.3373173 -0.7835401 -0.4534136 -0.4248306 -0.8268641 -0.4534139 -0.3327336 -0.9163215 -0.1561791 -0.3687316 -0.7413853 -0.4534121 0.4947377 -0.8215938 -0.1561797 0.5482622 -0.8787356 -0.1561794 0.4510341 -0.8787344 0.1561884 0.4510334 -0.9244193 0.1561886 0.3479283 -0.8341743 0.4534103 0.3139623 -0.8645265 0.4534104 0.2168244 -0.6864311 0.7065225 0.1721578 -0.7015817 0.7065223 0.09278601 -0.4506527 0.8907076 0.05959999 -0.4545091 0.8907076 0.007843017 -0.1566531 0.98765 0.002703189 -0.1559401 0.9876499 -0.01517158 0.155941 0.9876499 0.01517164 0.1531951 0.9876499 0.03284847 0.4444734 0.8907077 0.09530508 0.4307116 0.8907078 0.1453517 0.6705361 0.7065242 0.226285 0.6403711 0.7065242 0.3012448 0.8065212 0.4534038 0.3794055 0.7580146 0.4534038 0.4688696 0.8400183 0.1561805 0.519593 0.775314 0.1561809 0.6119605 0.7753136 -0.1561843 0.6119602 0.7005037 -0.1561844 0.6963483 0.6321206 -0.4534024 0.6283708 0.556371 -0.4534029 0.6963312 0.4417539 -0.7065239 0.5528811 0.3758506 -0.7065241 0.5996333 0.2414312 -0.8907003 0.3851803 0.1959504 -0.8907005 0.4101904 0.06753557 -0.9876498 0.1413747 0.05097973 -0.9876499 0.1481516 -0.05097967 -0.9876498 -0.1481515 -0.03375923 -0.9876499 -0.152997 -0.09795045 -0.8907011 -0.4439114 -0.04670941 -0.8907012 -0.4521833 -0.07271546 -0.7065256 -0.7039419 0.008001625 -0.7065253 -0.7076425 0.01007771 -0.4534083 -0.891246 0.111606 -0.4534077 -0.8842881 0.1236799 -0.1561838 -0.979954 0.2345806 -0.1561836 -0.9594679 0.2345805 0.1561884 -0.9594671 0.3424199 0.1561887 -0.9264738 0.3089913 0.4534122 -0.8360273 0.4022773 0.4534139 -0.7953546 0.3194077 0.7065218 -0.6315106 0.3893138 0.7065213 -0.5909843 0.2500685 0.8907096 -0.3796077 0.2917101 0.8907098 -0.3486276 0.100543 0.98765 -0.1201606 0.1135842 0.98765 -0.1079167 -0.1135846 0.98765 0.1079171 -0.1251464 0.98765 0.09426516 -0.3630942 0.8907088 0.2734969 -0.3919048 0.8907087 0.230323 -0.6101285 0.7065185 0.3585733 -0.6470252 0.7065179 0.2866894 -0.8148926 0.4534079 0.3610695 -0.8507392 0.453408 0.2658271 -0.9427771 0.1561747 0.2945858 -0.9702126 0.1561744 0.1851946 -0.9702125 -0.1561754 0.1851946 -0.9849991 -0.1561752 0.07338994 -0.8888379 -0.4534108 0.06622523 -0.8905937 -0.4534108 -0.03551983 -0.7071365 -0.7065144 -0.02820295 -0.6993117 -0.7065147 -0.1086289 -0.4491958 -0.8907045 -0.06977665 -0.4383136 -0.8907043 -0.1205279 -0.1510689 -0.98765 -0.04154103 -0.1453492 -0.98765 -0.05849015 0.1453521 -0.9876495 0.05849134 0.137737 -0.9876496 0.07467883 0.3996272 -0.8907029 0.2166715 0.3723214 -0.8907027 0.260817 0.579617 -0.7065288 0.4060309 0.5295573 -0.7065283 0.4694537 0.6669524 -0.4534227 0.5912548 0.5952072 -0.4534209 0.663429 0.6596038 -0.1561862 0.7352066 0.5714997 -0.1561856 0.8056017 0.5714997 0.1561855 0.8056018 0.4759443 0.1561855 0.8654959 0.4294813 0.4534084 0.7810037 0.3376535 0.4534084 0.8248703 0.2680942 0.7065256 0.6549405 0.1916887 0.706525 0.6812326 0.1231287 0.8907088 0.437581 0.0724461 0.8907088 0.4487643 0.02496981 0.9876499 0.1546744 0.007175445 0.98765 0.1565125 -0.007175445 0.9876499 -0.1565127 0.01071244 0.9876499 -0.1563105 0.03108042 0.8907088 -0.4535105 0.08257406 0.890709 -0.4470114 0.1285526 0.7065248 -0.6959144 0.2070441 0.7065248 -0.676724 0.2607639 0.453404 -0.8523069 0.3562202 0.4534034 -0.8170267 0.3947564 0.1561852 -0.9054134 0.4953918 0.1561851 -0.8545135 0.495392 -0.1561818 -0.8545138 0.5895677 -0.1561815 -0.7924754 0.5320127 -0.4534065 -0.7151119 0.6100623 -0.4534066 -0.6498049 0.4843856 -0.7065235 -0.5159409 0.5400418 -0.7065235 -0.4573614 0.3468999 -0.8907009 -0.2937895 0.3781278 -0.8907009 -0.2523314 0.1303237 -0.9876499 -0.08696728 0.1393879 -0.98765 -0.07154417 -0.1393892 -0.9876498 0.07154482 -0.146636 -0.9876497 0.05518984 -0.4254537 -0.8907007 0.1601293 -0.4409337 -0.8907007 0.1105881 -0.6864307 -0.7065224 0.1721598 -0.7015811 -0.7065224 0.09279006 -0.8836122 -0.4534006 0.1168652 -0.8911743 -0.4534006 0.01537704 -0.987579 -0.1561964 0.01704049 -0.9830843 -0.1561963 -0.09564578 -0.9830844 0.1561953 -0.09564578 -0.9657735 0.1561951 -0.2070858 -0.871497 0.4534007 -0.1868706 -0.8445143 0.4534009 -0.2849968 -0.6705363 0.7065241 -0.2262847 -0.6403716 0.7065241 -0.301244 -0.411332 0.8907098 -0.1934991 -0.3865942 0.8907098 -0.2391255 -0.1332472 0.9876499 -0.08241927 -0.1229831 0.9876498 -0.09707164 0.1229841 0.9876497 0.09707242 0.1111173 0.9876497 0.1104584 0.3223862 0.8907094 0.3204749 0.2837537 0.8907092 0.3551351 0.4417534 0.706524 0.5528814 0.3758496 0.706524 0.5996339 0.473367 0.453404 0.7552142 0.3841937 0.4534044 0.804251 0.4257563 0.1561849 0.8912563 0.3213849 0.1561853 0.9339796 0.3213848 -0.1561866 0.9339793 0.212825 -0.1561861 0.9645265 0.1920486 -0.453407 0.8703674 0.09158307 -0.4534068 0.8865861 0.07271635 -0.7065238 0.7039435 -0.008001089 -0.7065242 0.7076436 -0.005139589 -0.8907009 0.4545607 -0.05692213 -0.8907008 0.4510121 -0.01961851 -0.9876499 0.1554438 -0.03720986 -0.9876499 0.1521943 0.03720998 -0.9876497 -0.1521947 0.05431622 -0.9876497 -0.1469614 0.1575952 -0.8907005 -0.4263994 0.205174 -0.8907003 -0.4056557 0.3194077 -0.7065219 -0.6315106 0.3893138 -0.7065213 -0.5909844 0.49032 -0.4534136 -0.7443134 0.5719697 -0.4534147 -0.6835684 0.6338507 -0.1561799 -0.7575231 0.7160703 -0.1561794 -0.6803318 0.7160696 0.1561855 -0.6803311 0.7889522 0.1561853 -0.5942731 0.7119331 0.4534065 -0.5362589 0.7684223 0.4534065 -0.451608 0.6101198 0.7065265 -0.3585724 0.6470179 0.7065266 -0.2866847 0.4156107 0.8907053 -0.1841514 0.4338942 0.8907051 -0.135574 0.1495469 0.9876499 -0.04672724 0.1538984 0.9876499 -0.02937662 -0.153901 0.9876495 0.0293771 -0.1562466 0.9876495 0.01164174 -0.453315 0.8907102 0.03377604 -0.4542105 0.8907102 -0.01811951 -0.707136 0.7065146 -0.02820932 -0.6993114 0.7065146 -0.1086318 -0.8807379 0.4534121 -0.1368148 -0.8594018 0.4534119 -0.2363182 -0.9523778 0.1561819 -0.2618848 -0.9163181 0.156182 -0.3687388 -0.916316 -0.1561965 -0.3687379 -0.6801562 -0.4534116 0.5760256 -0.5400413 -0.7065235 0.457362 -0.484386 -0.7065236 0.5159404 -0.3111497 -0.8907005 0.3314189 -0.2713422 -0.8907006 0.3647273 -0.09351962 -0.9876499 0.1257054 -0.07858091 -0.9876498 0.1355462 0.07858067 -0.9876499 -0.1355459 0.06261742 -0.98765 -0.1436198 0.1816815 -0.8907008 -0.4167061 0.1329963 -0.8907008 -0.4347001 0.2070435 -0.7065249 -0.6767241 0.1285526 -0.7065249 -0.6959145 0.1619066 -0.4534072 -0.8764748 0.06094104 -0.4534072 -0.8892177 0.06753385 -0.1561838 -0.9854165 -0.04523569 -0.1561835 -0.9866917 -0.04523569 0.1561875 -0.9866911 -0.1574151 0.156187 -0.9751031 -0.1420479 0.4534071 -0.8799115 -0.2414237 0.4534077 -0.8579838 -0.1916885 0.7065255 -0.6812323 -0.2680953 0.7065254 -0.6549403 -0.1722076 0.8907089 -0.4206926 -0.2190392 0.8907089 -0.3983209 -0.07549601 0.9876498 -0.1372888 -0.0906533 0.9876498 -0.1277883 0.0906533 0.9876498 0.1277883 0.1046301 0.9876497 0.116621 0.3035681 0.8907077 0.3383581 0.3401587 0.8907076 0.3015494 0.5295589 0.7065284 0.4694519 0.5796205 0.7065286 0.4060263 0.7300097 0.4534114 0.5113745 0.7835416 0.4534119 0.4248296 0.8683128 0.1561659 0.4707919 0.9163196 0.1561648 0.3687425 0.9163174 -0.1561793 0.3687417 0.9523778 -0.1561791 0.2618865 0.8594015 -0.4534116 0.2363197 0.8807386 -0.4534119 0.1368107 0.6993024 -0.706524 0.1086271 0.7071268 -0.706524 0.02820593 0.4542255 -0.8907025 0.01811814 0.4533302 -0.8907025 -0.03377503 0.1562409 -0.9876504 -0.0116406 0.1538953 -0.9876503 -0.02937602 -0.1538984 -0.9876499 0.02937662 -0.1495469 -0.9876499 0.046727 -0.4338948 -0.8907048 0.1355736 -0.4156112 -0.8907047 0.1841532 -0.6470248 -0.706518 0.2866904 -0.6101256 -0.7065184 0.3585786 -0.7684207 -0.4534065 0.4516107 -0.7119358 -0.4534066 0.5362553 -0.7889539 -0.1561971 0.594268 -0.7160709 -0.1561961 0.6803273 -0.7160724 0.1561822 0.6803289 -0.6338489 0.1561829 0.7575239 -0.5719686 0.453414 0.6835697 -0.4903175 0.4534127 0.7443156 -0.3893072 0.7065293 0.5909791 -0.3194035 0.7065283 0.6315054 -0.2051649 0.8907096 0.4056398 -0.1575901 0.8907094 0.4263827 -0.05431634 0.9876499 0.1469606 -0.03720986 0.9876499 0.1521944 0.03720986 0.9876499 -0.1521943 0.01961857 0.9876499 -0.1554439 0.0569204 0.8907083 -0.4509976 0.00513947 0.8907082 -0.4545465 0.008001208 0.7065253 -0.7076425 -0.07271623 0.7065255 -0.7039418 -0.09158313 0.4534077 -0.8865855 -0.1920489 0.4534079 -0.8703668 -0.2128255 0.1561859 -0.9645264 -0.3213859 0.1561855 -0.9339792 -0.3213858 -0.1561865 -0.933979 -0.4257559 -0.156187 -0.8912562 -0.3841926 -0.4534077 -0.8042497 -0.4733657 -0.4534081 -0.7552126 -0.3758478 -0.7065271 -0.5996315 -0.441751 -0.7065274 -0.552879 -0.2837632 -0.8907012 -0.3551474 -0.3223972 -0.8907014 -0.3204859 -0.1111156 -0.98765 -0.1104569 -0.1229822 -0.98765 -0.09707093 0.1229832 -0.9876498 0.09707176 0.1332471 -0.9876499 0.08241957 0.3866064 -0.8907021 0.2391341 0.4113452 -0.8907023 0.1935061 0.640371 -0.7065242 0.301245 0.6705369 -0.7065241 0.2262827 0.8445153 -0.4534006 0.2849944 0.8714984 -0.4534003 0.1868652 0.9657781 -0.1561741 0.2070804 0.9830879 -0.1561738 0.09564512 0.9830868 0.1561807 0.09564501 0.9875816 0.1561807 -0.01703721 0.8911743 0.4534004 -0.01537406 0.8836126 0.4534007 -0.116861 0.7015817 0.7065222 -0.09278672 0.6864311 0.7065224 -0.1721582 0.4409193 0.8907084 -0.1105834 0.4254403 0.8907085 -0.1601217 0.1466363 0.9876497 -0.05518907 0.1393892 0.9876498 -0.07154488 -0.1393891 0.9876497 0.07154482 -0.130325 0.9876498 0.08696758 -0.3781185 0.8907071 0.2523235 -0.3468903 0.8907073 0.2937815 -0.5400417 0.7065235 0.4573615 -0.4843862 0.7065237 0.5159403 -0.6100629 0.4534073 0.6498038 -0.5320153 0.4534073 0.7151095 -0.5895708 0.1561834 0.7924727 -0.4953906 0.1561837 0.8545144 -0.4953905 -0.1561843 0.8545143 -0.3947553 -0.1561844 0.9054141 -0.3562187 -0.4534051 0.8170263 -0.2607613 -0.4534057 0.8523067 -0.2070429 -0.706523 0.6767264 -0.1285528 -0.7065234 0.6959159 -0.08257687 -0.8907008 0.4470269 -0.03108167 -0.890701 0.4535259 -0.01071244 -0.9876499 0.1563104 0.007175445 -0.9876499 0.1565128 -0.007175445 -0.9876499 -0.1565128 -0.02496969 -0.9876499 -0.1546745 -0.07244825 -0.8907008 -0.4487799 -0.123133 -0.8907006 -0.4375966 -0.1916883 -0.7065254 -0.6812323 -0.2680953 -0.7065253 -0.6549403 -0.3376557 -0.4534038 -0.8248719 -0.4294825 -0.4534031 -0.781006 -0.4759444 -0.1561836 -0.8654962 -0.571502 -0.1561836 -0.8056005 -0.5715014 0.1561895 -0.8055998 -0.6596059 0.15619 -0.7352039 -0.5952131 0.4534102 -0.6634309 -0.6669608 0.4534107 -0.5912546 -0.5295605 0.7065281 -0.4694505 -0.5796222 0.7065283 -0.4060246 -0.3723118 0.8907105 -0.2608039 -0.3996125 0.8907106 -0.2166665 -0.1377344 0.9876499 -0.07467842 -0.1453496 0.9876499 -0.05849033 0.1453517 0.9876496 0.05849117 0.1510716 0.9876495 0.04154181 0.4383062 0.8907083 0.1205259 0.4491881 0.8907083 0.06977677 0.6993021 0.706524 0.1086295 0.7071267 0.7065241 0.02820634 0.8906012 0.4533956 0.0355249 0.8888458 0.4533957 -0.06622403 0.9849988 0.1561781 -0.07338798 0.9702123 0.1561784 -0.185193 0.9702105 -0.1561898 -0.1851926 0.9427749 -0.1561896 -0.2945849 0.8507463 -0.4533935 -0.2658291 0.8148972 -0.4533938 -0.3610771 0.6470156 -0.7065267 -0.2866895 0.6101193 -0.7065264 -0.3585733 0.3919219 -0.8906976 -0.2303365 0.3631097 -0.8906978 -0.273512 0.1251478 -0.9876496 -0.09426742 0.1135863 -0.9876496 -0.1079187 -0.1135857 -0.9876497 0.1079182 -0.1005442 -0.9876497 0.1201618 -0.2917202 -0.8907021 0.3486388 -0.2500779 -0.890702 0.3796196 -0.3893112 -0.7065292 0.5909766 -0.3194052 -0.7065284 0.6315046 -0.402281 -0.4534002 0.7953605 -0.3089941 -0.4534018 0.836032 -0.3424212 -0.1561836 0.9264742 -0.2345798 -0.1561833 0.9594681 -0.2345798 0.1561854 0.9594678 -0.1236804 0.1561856 0.9799537 -0.1116064 0.4534068 0.8842886 -0.01007729 0.4534065 0.8912468 -0.008001327 0.7065242 0.7076436 0.07271599 0.7065238 0.7039435 0.04670804 0.8907089 0.4521682 0.09794706 0.8907088 0.4438967 0.03375917 0.9876499 0.1529967 0.05097955 0.9876499 0.1481511 -0.05097955 0.9876499 -0.1481511 -0.0675351 0.9876499 -0.1413742 -0.1959432 0.8907085 -0.4101766 -0.2414225 0.8907083 -0.3851673 -0.3758483 0.7065271 -0.5996312 -0.441752 0.7065273 -0.5528782 -0.5563697 0.4534084 -0.6963288 -0.6321194 0.4534083 -0.6283677 -0.7005046 0.1561865 -0.696347 -0.7753134 0.1561865 -0.6119599 -0.7753136 -0.1561853 -0.61196 -0.840019 -0.1561855 -0.5195904 -0.7580158 -0.4534039 -0.4688677 -0.8065215 -0.4534038 -0.3794047 -0.6403715 -0.7065241 -0.3012442 -0.670537 -0.706524 -0.2262828 -0.4307229 -0.890702 -0.1453539 -0.4444842 -0.8907021 -0.0953086 -0.153195 -0.9876498 -0.03284889 -0.155941 -0.9876498 -0.01517164 0.1559416 -0.9876497 0.0151717 0.1566545 -0.9876497 -0.002703547 0.4545242 -0.8906998 -0.007844209 0.4506675 -0.8906998 -0.05960375 0.7015814 -0.7065224 -0.09278881 0.6864312 -0.7065224 -0.1721579 0.8645266 -0.4534103 -0.2168245 0.834176 -0.4534103 -0.3139579 0.9244204 -0.1561945 -0.347923 0.8787352 -0.156194 -0.4510297 0.8787369 0.1561818 -0.4510307 0.8215937 0.1561821 -0.5482618 0.741388 0.4534059 -0.4947393 0.6801598 0.4534059 -0.5760259 0.5400424 0.7065235 -0.4573608 0.484386 0.7065236 -0.5159405 0.3111377 0.8907094 -0.3314062 0.2713318 0.8907092 -0.3647137 0.09351956 0.9876498 -0.1257054 0.07858091 0.9876498 -0.1355462 -0.07858103 0.9876498 0.1355464 -0.06261771 0.9876499 0.1436205 -0.1816759 0.890708 0.4166932 -0.1329925 0.8907082 0.4346861 -0.2070447 0.7065229 0.6767259 -0.1285534 0.7065234 0.6959158 -0.1619073 0.4534072 0.8764747 -0.06094044 0.4534072 0.8892177 -0.06753319 0.1561873 0.9854161 0.04523485 0.156188 0.986691 0.04523485 -0.1561857 0.9866914 0.1574138 -0.1561852 0.9751036 0.1420466 -0.453409 0.8799108 0.2414232 -0.4534094 0.8579829 0.1916884 -0.7065249 0.6812327 0.2680936 -0.7065256 0.6549407 0.1722122 -0.8907013 0.4207067 0.2190473 -0.8907014 0.3983333 0.07549625 -0.9876498 0.1372885 0.09065324 -0.9876499 0.1277882 -0.09065234 -0.9876501 -0.1277869 -0.1046287 -0.9876501 -0.1166196 -0.3035778 -0.8907002 -0.3383693 -0.3401694 -0.8907001 -0.3015596 -0.5295587 -0.706528 -0.4694527 -0.5796182 -0.7065285 -0.40603 -0.7300065 -0.4534113 -0.5113791 -0.7835412 -0.4534119 -0.4248303 -0.8683083 -0.1561959 -0.4707903 -0.792951 -0.4534084 0.4070007 -0.8787357 -0.1561855 0.4510317 -0.9244202 -0.1561856 0.347927 -0.9244205 0.1561841 0.3479271 -0.9580565 0.156184 0.2402792 -0.86453 0.4534044 0.2168229 -0.8836103 0.4534044 0.1168649 -0.7015732 0.7065304 0.09278899 -0.7075772 0.7065305 0.01221179 -0.4545063 0.890709 0.00784409 -0.4524376 0.890709 -0.0440191 -0.155941 0.9876499 -0.01517194 -0.1531951 0.9876499 -0.03284841 0.153195 0.9876499 0.03284835 0.1484519 0.9876499 0.05009728 0.4307089 0.8907096 0.1453491 0.4113324 0.8907095 0.1935001 0.6403714 0.7065238 0.3012452 0.6018586 0.7065239 0.3722772 0.7580139 0.4534085 0.4688665 0.6996266 0.4534085 0.5522168 0.775315 0.1561872 0.6119577 0.7005016 0.1561874 0.6963498 0.7005012 -0.1561902 0.6963495 0.6165584 -0.1561895 0.7716609 0.5563697 -0.4534048 0.696331 0.4733667 -0.4534051 0.7552137 0.3758486 -0.7065259 0.5996324 0.3050463 -0.7065258 0.6385673 0.1959491 -0.8907012 0.4101892 0.1479138 -0.8907012 0.4298522 0.05097937 -0.9876499 0.1481512 0.03375905 -0.9876499 0.1529967 -0.03375899 -0.9876499 -0.1529967 -0.01609885 -0.9876499 -0.1558477 -0.04671007 -0.8907005 -0.4521845 0.005139648 -0.8907005 -0.4545617 0.008001208 -0.7065246 -0.7076433 0.0886141 -0.7065249 -0.7021183 0.1116058 -0.453407 -0.8842885 0.2116807 -0.4534082 -0.8658015 0.2345812 -0.1561855 -0.9594674 0.3424218 -0.1561858 -0.9264736 0.342422 0.1561834 -0.926474 0.4458013 0.1561818 -0.8814013 0.4022809 0.4534077 -0.7953563 0.4903216 0.4534076 -0.7443159 0.3893136 0.7065215 -0.5909842 0.4541443 0.7065209 -0.5427534 0.2917121 0.8907088 -0.3486286 0.3295514 0.8907088 -0.3131036 0.113587 0.9876496 -0.1079179 0.1251487 0.9876496 -0.09426635 -0.1251475 0.9876498 0.09426546 -0.1350767 0.9876498 0.07938635 -0.3918954 0.8907131 0.2303221 -0.4155957 0.8907134 0.1841464 -0.6470232 0.7065198 0.2866896 -0.6754868 0.7065195 0.2110637 -0.8507436 0.4534009 0.2658247 -0.8754996 0.4534007 0.1671174 -0.9702116 0.1561783 0.1851962 -0.9849988 0.1561781 0.07338702 -0.9849983 -0.1561815 0.07338702 -0.9869436 -0.1561815 -0.03936624 -0.8905901 -0.4534174 -0.03552299 -0.8807353 -0.4534172 -0.1368144 -0.6993066 -0.7065194 -0.108631 -0.682367 -0.7065196 -0.1876313 -0.4383231 -0.8906999 -0.1205263 -0.4217263 -0.8907001 -0.169707 -0.1453496 -0.98765 -0.05849015 -0.1377346 -0.9876499 -0.074678 0.1377359 -0.9876497 0.07467865 0.1283252 -0.9876497 0.08989256 0.3723293 -0.8906989 0.2608188 0.3401712 -0.8906991 0.3015604 0.5295627 -0.7065234 0.4694551 0.4725983 -0.7065237 0.526759 0.5952178 -0.453404 0.6634309 0.5157101 -0.4534046 0.7269576 0.5715008 -0.1561825 0.8056015 0.4759432 -0.1561825 0.865497 0.4759433 0.156181 0.8654972 0.3741826 0.1561818 0.9141086 0.3376535 0.4534088 0.82487 0.2414233 0.4534087 0.8579832 0.1916885 0.7065246 0.6812332 0.1127849 0.7065245 0.6986435 0.07244598 0.8907085 0.448765 0.02081823 0.8907086 0.4540979 0.007175326 0.9876499 0.1565128 -0.01071244 0.9876498 0.1563104 0.01071244 0.9876498 -0.1563106 0.0284608 0.9876498 -0.1540707 0.08257472 0.8907084 -0.4470123 0.132992 0.8907083 -0.4346858 0.2070432 0.7065258 -0.6767232 0.2828326 0.7065259 -0.6487117 0.3562157 0.4534102 -0.8170249 0.4470297 0.4534109 -0.7710921 0.495392 0.1561847 -0.8545134 0.5895689 0.1561844 -0.7924739 0.5895689 -0.1561855 -0.7924739 0.6760623 -0.1561855 -0.7201013 0.6100624 -0.4534105 -0.6498022 0.6801578 -0.4534108 -0.5760242 0.5400414 -0.7065248 -0.4573599 0.5886552 -0.7065248 -0.3928204 0.378128 -0.8907008 -0.2523318 0.4044269 -0.8907008 -0.2075838 0.1393889 -0.9876497 -0.07154542 0.1466361 -0.9876497 -0.05518949 -0.1466352 -0.9876499 0.05518913 -0.1519705 -0.9876499 0.03811436 -0.4409309 -0.8907024 0.1105861 -0.4506628 -0.8907024 0.0596013 -0.7015737 -0.7065306 0.09278494 -0.7075774 -0.7065304 0.01220643 -0.89117 -0.4534091 0.01537364 -0.887114 -0.453409 -0.0863074 -0.9830849 -0.1561923 -0.09564447 -0.9657734 -0.1561921 -0.2070885 -0.9657742 0.1561873 -0.2070887 -0.9358741 0.1561872 -0.3158246 -0.8445119 0.4534078 -0.2849931 -0.8065198 0.4534078 -0.3794039 -0.6403718 0.7065237 -0.3012443 -0.6018583 0.7065238 -0.3722777 -0.3865957 0.8907086 -0.2391276 -0.3568174 0.8907086 -0.2816375 -0.1229825 0.98765 -0.09707057 -0.1111158 0.98765 -0.1104567 0.111117 0.9876498 0.1104578 0.09780114 0.9876499 0.1224043 0.2837539 0.8907089 0.3551359 0.2414224 0.8907088 0.3851663 0.3758496 0.7065259 0.5996318 0.3050465 0.7065258 0.6385672 0.384194 0.4534059 0.80425 0.2900124 0.4534062 0.8428022 0.3213866 0.1561896 0.9339783 0.2128263 0.156189 0.9645258 0.2128266 -0.1561828 0.9645267 0.101491 -0.1561831 0.9825001 0.09158319 -0.4534065 0.8865861 -0.01007729 -0.4534062 0.891247 -0.008001267 -0.7065246 0.7076433 -0.08861374 -0.7065243 0.7021189 -0.05692189 -0.8907004 0.4510129 -0.1079625 -0.8907003 0.4415846 -0.0372098 -0.9876498 0.1521944 -0.05431634 -0.9876499 0.1469607 0.05431622 -0.9876499 -0.1469605 0.07071417 -0.9876499 -0.139811 0.2051739 -0.8907005 -0.4056552 0.2500783 -0.8907006 -0.3796227 0.3893138 -0.7065215 -0.5909842 0.4541423 -0.7065209 -0.5427549 0.5719699 -0.4534075 -0.683573 0.6461658 -0.4534076 -0.6139147 0.7160707 -0.1561825 -0.6803306 0.788953 -0.1561823 -0.5942728 0.7889529 0.1561832 -0.5942728 0.8515518 0.1561831 -0.5004662 0.7684195 0.453411 -0.4516084 0.814889 0.4534114 -0.3610734 0.6470061 0.7065371 -0.2866853 0.6754679 0.7065378 -0.2110626 0.4338833 0.8907102 -0.1355749 0.4465088 0.8907104 -0.08523464 0.1538951 0.9876503 -0.02937722 0.1562408 0.9876504 -0.0116415 -0.1562462 0.9876496 0.01164191 -0.1565548 0.9876496 -0.006245493 -0.4542115 0.8907096 -0.01812005 -0.4491859 0.8907095 -0.06977516 -0.699307 0.7065193 -0.1086282 -0.6823661 0.7065194 -0.1876346 -0.8593996 0.4534178 -0.2363147 -0.8268623 0.4534175 -0.3327329 -0.9163185 0.1561994 -0.3687304 -0.8683119 0.1561988 -0.4707828 -0.8683148 -0.1561775 -0.4707843 -0.7413861 -0.4534083 0.49474 -0.5886554 -0.7065247 0.3928201 -0.5400407 -0.7065248 0.4573607 -0.3468991 -0.8907014 0.293789 -0.311149 -0.8907014 0.3314171 -0.1072394 -0.9876499 0.114225 -0.0935195 -0.9876499 0.125705 0.09351968 -0.9876499 -0.1257053 0.07858079 -0.9876498 -0.1355463 0.2279983 -0.8907001 -0.3932813 0.1816815 -0.8907002 -0.4167073 0.2828336 -0.7065259 -0.6487113 0.2070438 -0.7065259 -0.676723 0.2607636 -0.4534059 -0.852306 0.1619061 -0.453406 -0.8764756 0.1794217 -0.156182 -0.9712956 0.06753373 -0.1561835 -0.9854166 0.06753367 0.1561868 -0.9854161 -0.04523521 0.1561864 -0.9866912 -0.04081922 0.4534066 -0.8903686 -0.142048 0.4534073 -0.8799115 -0.112785 0.706525 -0.6986429 -0.1916884 0.7065251 -0.6812326 -0.123129 0.8907081 -0.4375824 -0.1722075 0.890708 -0.4206945 -0.05935412 0.9876499 -0.1449993 -0.07549595 0.9876499 -0.1372882 0.07549613 0.9876499 0.1372886 0.0906533 0.9876497 0.1277882 0.2630172 0.8907076 0.3707587 0.3035684 0.8907074 0.3383587 0.4725977 0.7065237 0.5267596 0.5295609 0.7065234 0.4694569 0.6669609 0.4534004 0.5912623 0.7300119 0.4534001 0.5113815 0.8089843 0.1561816 0.5667025 0.8683133 0.156181 0.4707861 0.8683158 -0.1561629 0.4707875 0.9163222 -0.1561618 0.3687371 0.8268675 -0.4534034 0.3327397 0.8594065 -0.4534032 0.2363176 0.682357 -0.7065287 0.187633 0.6992974 -0.7065288 0.1086287 0.4492007 -0.8907018 0.06977874 0.4542269 -0.8907018 0.01811766 0.1565518 -0.98765 0.006244361 0.1562432 -0.9876501 -0.01164168 -0.1562466 -0.9876495 0.01164197 -0.1539008 -0.9876495 0.02937817 -0.4465312 -0.8906987 0.08523845 -0.4339046 -0.8906987 0.1355826 -0.6754848 -0.7065197 0.2110694 -0.6470236 -0.7065198 0.2866886 -0.8148912 -0.4534112 0.3610688 -0.7684198 -0.453411 0.4516077 -0.8515527 -0.1561802 0.5004656 -0.7889512 -0.1561803 0.5942757 -0.7889488 0.1562001 0.5942738 -0.7160653 0.1561989 0.6803326 -0.6461626 0.4534077 0.6139181 -0.5719732 0.4534076 0.6835702 -0.4541451 0.7065209 0.5427528 -0.3893154 0.7065215 0.5909829 -0.2500709 0.8907085 0.379609 -0.2051668 0.8907085 0.4056413 -0.07071429 0.9876498 0.1398113 -0.05431628 0.9876499 0.1469606 0.05431652 0.9876497 -0.1469613 0.03721016 0.9876498 -0.1521947 0.1079594 0.8907085 -0.4415689 0.05692005 0.8907087 -0.4509969 0.08861392 0.7065249 -0.7021184 0.008001625 0.7065246 -0.7076433 0.01007771 0.4534063 -0.8912469 -0.09158247 0.4534057 -0.8865867 -0.1014901 0.1561861 -0.9824997 -0.2128254 0.1561858 -0.9645265 -0.2128255 -0.156183 -0.964527 -0.3213873 -0.1561826 -0.9339792 -0.2900128 -0.4534062 -0.8428021 -0.3841936 -0.4534059 -0.8042502 -0.3050462 -0.7065258 -0.6385673 -0.375849 -0.7065259 -0.5996322 -0.2414301 -0.8907011 -0.3851794 -0.2837636 -0.8907011 -0.3551476 -0.09780073 -0.9876499 -0.1224037 -0.1111163 -0.9876499 -0.1104572 0.1111174 -0.9876497 0.1104583 0.1229844 -0.9876497 0.09707206 0.3568292 -0.8907008 0.2816469 0.3866094 -0.8907008 0.2391345 0.6018593 -0.7065238 0.3722759 0.6403715 -0.7065238 0.301245 0.8065195 -0.4534076 0.3794047 0.8445107 -0.4534078 0.2849966 0.9358733 -0.1561843 0.3158287 0.9657755 -0.1561843 0.2070847 0.9657766 0.1561769 0.2070849 0.9830872 0.1561768 0.09564685 0.8871138 0.453409 0.08630937 0.8911699 0.453409 -0.01537823 0.7075819 0.7065257 -0.01221019 0.701578 0.7065257 -0.09278833 0.4506475 0.8907101 -0.05960112 0.4409158 0.8907101 -0.110584 0.1519702 0.9876499 -0.03811496 0.1466351 0.9876499 -0.05518913 -0.1466361 0.9876497 0.05518949 -0.1393892 0.9876497 0.07154482 -0.4044143 0.8907084 0.2075753 -0.3781157 0.8907085 0.2523229 -0.5886557 0.7065248 0.3928197 -0.5400403 0.7065248 0.4573612 -0.6801565 0.4534109 0.5760259 -0.610061 0.4534105 0.6498036 -0.6760603 0.1561884 0.7201024 -0.5895689 0.1561884 0.7924731 -0.5895697 -0.1561805 0.7924741 -0.4953898 -0.1561808 0.8545154 -0.4470296 -0.4534025 0.7710971 -0.3562184 -0.4534033 0.8170275 -0.2828331 -0.7065273 0.64871 -0.2070436 -0.7065266 0.6767222 -0.1329965 -0.8907011 0.4346992 -0.08257704 -0.8907012 0.4470263 -0.02846068 -0.9876499 0.1540704 -0.01071244 -0.9876499 0.1563105 0.01071244 -0.9876498 -0.1563105 -0.007175445 -0.9876499 -0.1565127 -0.02081924 -0.8907008 -0.454113 -0.07244825 -0.8907008 -0.4487799 -0.1127846 -0.7065251 -0.698643 -0.1916885 -0.7065251 -0.6812326 -0.2414238 -0.4534069 -0.8579841 -0.3376535 -0.4534071 -0.8248709 -0.3741824 -0.15618 -0.9141091 -0.4759466 -0.156179 -0.8654958 -0.475946 0.1561865 -0.8654947 -0.5715005 0.1561865 -0.8056009 -0.5157105 0.4534038 -0.7269579 -0.5952129 0.4534034 -0.6634357 -0.4725943 0.7065235 -0.5267627 -0.5295621 0.7065234 -0.4694557 -0.3401553 0.8907098 -0.3015469 -0.3723126 0.8907098 -0.2608053 -0.1283236 0.9876501 -0.08989077 -0.1377336 0.9876502 -0.0746774 0.1377369 0.9876495 0.07467919 0.145352 0.9876496 0.05849152 0.4217053 0.8907114 0.1696996 0.4383008 0.8907114 0.1205217 0.6823574 0.7065288 0.1876312 0.6992978 0.7065287 0.1086264 0.8807434 0.4534023 0.1368115 0.8905978 0.4534022 0.03552216 0.9869403 0.156203 0.03936487 0.9849942 0.1562029 -0.07339626 0.9849986 -0.1561753 -0.07339662 0.9702118 -0.1561754 -0.185198 0.8754994 -0.4534007 -0.1671189 0.8507436 -0.4534007 -0.2658252 0.6754693 -0.7065377 -0.2110586 0.6470081 -0.7065373 -0.2866804 0.415623 -0.8906985 -0.1841568 0.3919207 -0.8906986 -0.2303348 0.1350749 -0.9876502 -0.07938456 0.1251457 -0.9876501 -0.09426414 -0.1251466 -0.98765 0.09426486 -0.113585 -0.9876499 0.1079167 -0.3295614 -0.890701 0.3131148 -0.2917208 -0.890701 0.3486412 -0.4541427 -0.7065209 0.5427547 -0.3893116 -0.7065214 0.5909857 -0.4903194 -0.4534061 0.7443184 -0.4022822 -0.453406 0.7953565 -0.4458019 -0.1561894 0.8813998 -0.3424228 -0.1561879 0.9264729 -0.3424229 0.1561866 0.926473 -0.2345793 0.1561862 0.9594678 -0.2116792 0.4534073 0.8658024 -0.1116063 0.4534071 0.8842885 -0.08861464 0.7065242 0.7021189 -0.008001089 0.7065245 0.7076434 -0.00513941 0.8907091 0.4545446 0.04670828 0.8907092 0.4521676 0.01609885 0.9876499 0.155848 0.03375911 0.9876499 0.152997 -0.03375911 0.9876499 -0.1529971 -0.05097955 0.9876498 -0.1481515 -0.147909 0.8907089 -0.4298378 -0.1959431 0.890709 -0.4101753 -0.3050471 0.7065258 -0.6385669 -0.3758485 0.7065259 -0.5996325 -0.4733666 0.453405 -0.7552139 -0.5563697 0.4534048 -0.696331 -0.6165593 0.1561799 -0.7716621 -0.7005035 0.1561791 -0.6963497 -0.7005031 -0.1561836 -0.6963491 -0.7753142 -0.1561836 -0.6119598 -0.6996281 -0.4534019 -0.5522204 -0.7580173 -0.4534015 -0.4688675 -0.6018589 -0.7065238 -0.3722766 -0.6403719 -0.7065238 -0.3012442 -0.4113463 -0.8907018 -0.1935058 -0.4307231 -0.8907018 -0.1453539 -0.1484532 -0.9876496 -0.0500977 -0.1531963 -0.9876497 -0.03284865 0.1531951 -0.9876499 0.03284841 0.155941 -0.9876499 0.01517188 0.4524527 -0.8907012 0.04402035 0.4545214 -0.8907013 -0.007842838 0.7075821 -0.7065258 -0.01220947 0.7015783 -0.7065257 -0.09278631 0.8836109 -0.4534042 -0.1168608 0.8645288 -0.4534043 -0.2168281 0.9580556 -0.1561811 -0.2402851 0.9244201 -0.1561811 -0.3479295 0.9244177 0.1561974 -0.3479285 0.8787317 0.1561969 -0.4510357 0.7929487 0.4534087 -0.407005 0.7413861 0.4534085 -0.4947397 0.5886555 0.7065247 -0.39282 0.5400409 0.7065247 -0.4573605 0.3468878 0.890709 -0.2937793 0.3111386 0.8907089 -0.3314066 0.1072399 0.9876497 -0.1142257 0.09351998 0.9876497 -0.1257056 -0.09351968 0.9876499 0.1257053 -0.07858085 0.9876499 0.1355463 -0.2279899 0.890709 0.393266 -0.1816743 0.8907089 0.4166917 -0.2828326 0.7065273 0.6487102 -0.2070418 0.7065266 0.6767228 -0.2607606 0.4534109 0.8523042 -0.1619058 0.4534102 0.8764734 -0.1794217 0.1561861 0.9712949 -0.06753385 0.1561854 0.9854164 -0.06753385 -0.1561843 0.9854165 0.04523509 -0.156185 0.9866915 0.04081916 -0.4534062 0.8903688 0.142048 -0.4534061 0.879912 0.112785 -0.7065244 0.6986435 0.1916888 -0.7065245 0.6812331 0.123133 -0.8907009 0.437596 0.1722131 -0.8907007 0.4207076 0.05935418 -0.9876499 0.1449993 0.07549595 -0.9876499 0.1372882 -0.07549619 -0.9876498 -0.1372887 -0.09065389 -0.9876497 -0.127788 -0.2630249 -0.8907022 -0.3707663 -0.3035734 -0.8907024 -0.3383674 -0.4725954 -0.7065235 -0.5267618 -0.529564 -0.7065233 -0.4694536 -0.6669644 -0.4534012 -0.5912578 -0.7300142 -0.4534006 -0.5113778 -0.8089875 -0.156178 -0.5666989 -0.8341782 -0.4534022 0.3139638 -0.9244204 -0.1561811 0.3479287 -0.9580564 -0.1561811 0.240282 -0.9580547 0.1561918 0.2402816 -0.9791998 0.156192 0.1295058 -0.8836124 0.4534006 0.1168637 -0.8911743 0.4534005 0.0153737 -0.7075879 0.70652 0.01220661 -0.7043674 0.7065199 -0.0685296 -0.4524369 0.8907094 -0.04401868 -0.4444701 0.8907094 -0.09530562 -0.1531962 0.9876496 -0.03284913 -0.1484531 0.9876497 -0.050098 0.1484524 0.9876497 0.05009776 0.141774 0.9876497 0.06669354 0.4113317 0.8907099 0.1934993 0.3865941 0.8907099 0.239125 0.6018572 0.7065264 0.3722745 0.555498 0.7065264 0.4384548 0.6996266 0.4534103 0.5522155 0.6321179 0.4534099 0.6283681 0.7005028 0.1561931 0.6963473 0.6165606 0.1561925 0.7716585 0.6165616 -0.1561825 0.7716598 0.5245773 -0.1561827 0.8369144 0.4733675 -0.453404 0.7552139 0.3841943 -0.4534044 0.8042508 0.3050467 -0.7065253 0.6385676 0.2302668 -0.7065251 0.6691781 0.1479138 -0.8907012 0.4298521 0.09795027 -0.8907011 0.4439113 0.03375923 -0.9876499 0.152997 0.01609891 -0.9876499 0.155848 -0.01609885 -0.9876499 -0.1558477 0.00177139 -0.9876499 -0.1566669 0.005139648 -0.8907005 -0.4545616 0.05692201 -0.8907005 -0.4510126 0.08861398 -0.7065245 -0.7021188 0.1680724 -0.7065241 -0.6874411 0.2116801 -0.4534056 -0.8658031 0.3089926 -0.453405 -0.8360308 0.3424203 -0.1561804 -0.9264751 0.4458011 -0.1561789 -0.881402 0.4458008 0.1561833 -0.8814014 0.5433647 0.1561827 -0.8248405 0.4903181 0.4534136 -0.7443146 0.5719676 0.4534148 -0.6835701 0.4541393 0.7065258 -0.5427512 0.5130473 0.7065261 -0.4874457 0.3295463 0.8907113 -0.3131016 0.363088 0.8907116 -0.2734957 0.1251449 0.9876501 -0.09426528 0.1350747 0.9876502 -0.0793848 -0.1350775 0.9876497 0.07938647 -0.1432467 0.9876497 0.0634709 -0.4155976 0.8907126 0.1841464 -0.4338784 0.8907127 0.1355744 -0.6754756 0.7065293 0.2110665 -0.6951318 0.7065297 0.1326934 -0.8754923 0.4534131 0.1671223 -0.8888367 0.4534133 0.06622511 -0.9849976 0.1561844 0.07338982 -0.9869431 0.1561844 -0.03936934 -0.9869424 -0.1561883 -0.03936934 -0.9760218 -0.1561882 -0.1516134 -0.8807383 -0.4534121 -0.1368123 -0.8594025 -0.453412 -0.2363154 -0.6823607 -0.7065252 -0.1876331 -0.6565217 -0.706525 -0.2641998 -0.421714 -0.8907057 -0.1697076 -0.3996216 -0.8907054 -0.2166715 -0.1377333 -0.9876501 -0.07467782 -0.1283231 -0.9876501 -0.08989137 0.1283247 -0.9876498 0.08989244 0.1172413 -0.9876499 0.1039343 0.3401696 -0.8906999 0.3015599 0.3035781 -0.8907 0.3383695 0.4725966 -0.7065253 0.5267583 0.4094687 -0.7065253 0.577198 0.5157091 -0.4534062 0.7269573 0.4294818 -0.4534065 0.7810045 0.4759449 -0.156178 0.8654969 0.3741813 -0.1561788 0.9141097 0.3741815 0.1561773 0.9141099 0.2675421 0.1561799 0.9508045 0.2414235 0.4534095 0.8579829 0.1420477 0.453409 0.8799106 0.1127849 0.7065246 0.6986433 0.03240984 0.7065243 0.7069462 0.02081805 0.8907083 0.4540984 -0.03108066 0.8907084 0.4535114 -0.0107125 0.9876499 0.1563105 -0.02846056 0.9876499 0.1540704 0.02846056 0.98765 -0.1540703 0.04583787 0.9876499 -0.1498218 0.1329919 0.8907085 -0.4346857 0.181675 0.8907085 -0.4166924 0.2828343 0.7065242 -0.6487129 0.3549392 0.706524 -0.6122432 0.4470295 0.4534111 -0.7710921 0.5320111 0.4534118 -0.7151098 0.5895671 0.1561883 -0.7924745 0.6760596 0.1561884 -0.7201032 0.6760607 -0.1561784 -0.7201043 0.7537404 -0.1561778 -0.6383447 0.6801582 -0.4534059 -0.5760278 0.7413873 -0.4534059 -0.4947405 0.5886546 -0.7065258 -0.3928194 0.6295965 -0.7065259 -0.3231557 0.4044245 -0.8907026 -0.2075807 0.425451 -0.8907026 -0.1601258 0.1466352 -0.9876499 -0.05518871 0.1519704 -0.9876499 -0.03811436 -0.1519705 -0.9876499 0.03811436 -0.1553245 -0.9876499 0.0205428 -0.4506675 -0.8906999 0.05960398 -0.4545242 -0.8906999 0.007844448 -0.7075879 -0.7065197 0.01221197 -0.7043675 -0.7065199 -0.06852787 -0.8871142 -0.4534085 -0.08630728 -0.8714932 -0.4534085 -0.1868698 -0.9657752 -0.1561843 -0.2070862 -0.9358742 -0.1561843 -0.315826 -0.9358743 0.1561835 -0.3158261 -0.8937716 0.1561836 -0.4204509 -0.8065209 0.4534038 -0.3794061 -0.7580163 0.453404 -0.4688669 -0.6018568 0.7065265 -0.3722752 -0.5554968 0.7065263 -0.4384561 -0.3568175 0.8907085 -0.2816377 -0.3223873 0.8907084 -0.3204761 -0.1111161 0.98765 -0.1104574 -0.09780073 0.9876499 -0.1224037 0.09780108 0.9876499 0.1224041 0.08321046 0.9876499 0.1327548 0.2414226 0.8907081 0.3851677 0.1959432 0.8907082 0.410177 0.3050464 0.7065253 0.6385677 0.2302677 0.7065252 0.6691779 0.2900126 0.4534067 0.8428019 0.1920486 0.4534065 0.8703678 0.212825 0.1561858 0.9645265 0.1014906 0.1561861 0.9824996 0.1014906 -0.156184 0.9825 -0.01116764 -0.1561841 0.9876648 -0.01007741 -0.4534065 0.8912469 -0.1116063 -0.4534068 0.8842886 -0.08861446 -0.7065257 0.7021176 -0.1680715 -0.7065259 0.6874396 -0.1079626 -0.8907005 0.4415844 -0.1575961 -0.8907005 0.4263989 -0.05431628 -0.9876499 0.1469606 -0.07071447 -0.9876499 0.1398112 0.07071411 -0.98765 -0.1398105 0.08619064 -0.98765 -0.130838 0.2500777 -0.890702 -0.3796197 0.2917205 -0.8907021 -0.3486387 0.4541411 -0.7065259 -0.5427495 0.5130498 -0.7065259 -0.4874433 0.6461659 -0.4534064 -0.6139156 0.7119333 -0.4534064 -0.5362591 0.7889529 -0.1561804 -0.5942736 0.8515523 -0.1561802 -0.5004663 0.8515519 0.1561828 -0.5004661 0.903052 0.1561826 -0.4001299 0.8148999 0.4533939 -0.3610708 0.8507472 0.4533933 -0.2658264 0.6754772 0.7065294 -0.2110611 0.6951329 0.7065295 -0.1326886 0.4465189 0.8907055 -0.08523255 0.4533246 0.8907054 -0.03377461 0.1562432 0.98765 -0.01164078 0.1565518 0.98765 0.006244242 -0.1565521 0.9876499 -0.006244242 -0.1548199 0.98765 -0.02404838 -0.4491813 0.8907121 -0.069772 -0.4382999 0.8907122 -0.1205199 -0.6823616 0.7065251 -0.1876298 -0.6565254 0.7065253 -0.2641901 -0.8268634 0.4534139 -0.3327353 -0.7835404 0.4534136 -0.4248299 -0.8683105 0.1561805 -0.4707915 -0.8089875 0.156181 -0.5666981 -0.8089881 -0.1561765 -0.5666985 -0.7929527 -0.4534024 0.4070042 -0.6295958 -0.7065258 0.3231569 -0.5886548 -0.7065258 0.3928192 -0.3781305 -0.8906995 0.2523328 -0.3469009 -0.8906996 0.2937926 -0.1195616 -0.9876497 0.1012575 -0.10724 -0.9876497 0.1142262 0.1072397 -0.9876497 -0.1142259 0.0935198 -0.9876498 -0.1257057 0.2713424 -0.8907002 -0.3647279 0.2279983 -0.8907002 -0.3932808 0.3549385 -0.7065241 -0.6122437 0.2828333 -0.7065242 -0.6487133 0.356217 -0.4534034 -0.817028 0.2607629 -0.453404 -0.8523072 0.2889726 -0.1561862 -0.9445108 0.1794231 -0.1561855 -0.9712947 0.1794231 0.1561849 -0.9712948 0.06753385 0.1561864 -0.9854161 0.0609411 0.4534052 -0.8892187 -0.04081892 0.4534059 -0.8903689 -0.0324099 0.7065248 -0.7069458 -0.1127848 0.7065244 -0.6986436 -0.07244586 0.8907085 -0.4487649 -0.123129 0.8907083 -0.437582 -0.04243838 0.9876499 -0.1508198 -0.05935412 0.9876499 -0.1449989 0.0593543 0.9876499 0.1449992 0.07549607 0.9876499 0.1372882 0.2190406 0.8907083 0.3983213 0.2630168 0.8907083 0.3707571 0.4094676 0.7065252 0.5771988 0.4725973 0.7065253 0.5267578 0.5952119 0.4534212 0.6634244 0.6669582 0.4534226 0.5912484 0.7391158 0.1562087 0.655215 0.8089863 0.1562105 0.5666917 0.8089904 -0.1561787 0.5666946 0.8683112 -0.1561781 0.4707909 0.7835407 -0.4534139 0.4248291 0.8268607 -0.4534143 0.3327415 0.6565236 -0.7065251 0.2641952 0.682361 -0.7065251 0.1876322 0.4383214 -0.8907006 0.1205274 0.4492033 -0.8907005 0.06977814 0.1548198 -0.98765 0.02404934 0.1565521 -0.98765 0.006244242 -0.1565548 -0.9876496 -0.006244361 -0.1562461 -0.9876496 0.01164174 -0.4533241 -0.8907056 0.0337767 -0.4465193 -0.8907056 0.08522987 -0.6951339 -0.7065294 0.1326845 -0.6754773 -0.7065295 0.2110607 -0.8507402 -0.4534078 0.2658237 -0.8148919 -0.4534079 0.3610709 -0.903051 -0.1561797 0.4001334 -0.8515527 -0.15618 0.5004657 -0.8515523 0.1561831 0.5004655 -0.7889555 0.1561834 0.5942692 -0.7119407 0.4533948 0.536259 -0.6461709 0.4533962 0.6139179 -0.5130507 0.7065259 0.4874424 -0.4541395 0.7065258 0.5427509 -0.2917097 0.8907099 0.3486279 -0.2500687 0.8907096 0.3796076 -0.08619123 0.9876498 0.1308395 -0.07071471 0.9876499 0.1398116 0.07071435 0.98765 -0.1398109 0.05431598 0.9876499 -0.1469606 0.1575891 0.8907094 -0.426383 0.1079586 0.8907092 -0.4415678 0.1680721 0.7065241 -0.6874412 0.08861416 0.7065245 -0.7021188 0.1116057 0.4534077 -0.8842883 0.01007694 0.4534083 -0.891246 0.0111671 0.156187 -0.9876644 -0.1014907 0.1561879 -0.9824994 -0.1014908 -0.1561831 -0.9825001 -0.2128256 -0.1561828 -0.9645269 -0.1920489 -0.4534081 -0.8703668 -0.2900112 -0.4534092 -0.842801 -0.2302671 -0.7065241 -0.6691791 -0.305048 -0.7065237 -0.6385686 -0.1959501 -0.8907007 -0.41019 -0.2414309 -0.8907006 -0.3851799 -0.0832104 -0.9876499 -0.1327542 -0.09780073 -0.9876499 -0.1224036 0.0978012 -0.9876497 0.1224043 0.1111168 -0.9876497 0.110458 0.3223962 -0.8907021 0.3204848 0.3568262 -0.8907023 0.2816461 0.5554956 -0.7065262 0.4384577 0.6018564 -0.7065264 0.3722758 0.7580158 -0.4534039 0.4688677 0.806522 -0.4534038 0.3794038 0.8937733 -0.1561807 0.4204485 0.9358744 -0.1561805 0.3158273 0.9358733 0.1561872 0.3158269 0.9657761 0.1561872 0.20708 0.8714942 0.4534087 0.1868643 0.887114 0.4534086 0.08630961 0.7043626 0.7065246 0.06852924 0.7075831 0.7065246 -0.01220953 0.4545091 0.8907075 -0.007842659 0.4506527 0.8907076 -0.05959945 0.1553261 0.9876497 -0.02054208 0.1519718 0.9876496 -0.03811472 -0.1519704 0.9876499 0.03811436 -0.1466351 0.9876499 0.05518949 -0.4254361 0.8907102 0.1601227 -0.4044107 0.8907101 0.207575 -0.6295955 0.7065258 0.3231574 -0.5886545 0.7065257 0.3928196 -0.7413844 0.4534122 0.4947389 -0.6801559 0.4534117 0.5760258 -0.75374 0.1561807 0.6383444 -0.6760629 0.1561814 0.7201016 -0.6760625 -0.1561856 0.7201011 -0.5895706 -0.1561855 0.7924725 -0.5320149 -0.4534088 0.7151089 -0.4470301 -0.4534088 0.7710931 -0.354938 -0.7065265 0.6122413 -0.282833 -0.7065262 0.6487113 -0.1816812 -0.8907002 0.4167074 -0.1329964 -0.8907004 0.4347009 -0.04583793 -0.9876499 0.1498221 -0.02846062 -0.9876499 0.1540707 0.02846062 -0.9876499 -0.1540707 0.01071244 -0.9876498 -0.1563106 0.03108149 -0.8907011 -0.4535257 -0.02081888 -0.8907012 -0.4541124 -0.03241014 -0.7065247 -0.7069458 -0.1127851 -0.7065244 -0.6986435 -0.142048 -0.4534071 -0.8799116 -0.2414233 -0.4534077 -0.8579838 -0.2675415 -0.1561846 -0.9508039 -0.37418 -0.1561849 -0.9141092 -0.3741801 0.1561829 -0.9141095 -0.4759445 0.156182 -0.8654963 -0.4294819 0.4534056 -0.7810049 -0.5157107 0.4534054 -0.7269567 -0.4094694 0.7065258 -0.5771968 -0.4725939 0.7065259 -0.5267601 -0.3035663 0.8907078 -0.3383594 -0.3401569 0.8907078 -0.3015508 -0.1172409 0.9876498 -0.1039347 -0.1283246 0.9876498 -0.08989238 0.1283252 0.9876497 0.08989274 0.1377361 0.9876497 0.0746783 0.3996154 0.8907097 0.216665 0.4217076 0.8907098 0.1697019 0.6565234 0.706525 0.2641956 0.6823605 0.7065251 0.1876339 0.8594023 0.4534118 0.2363165 0.8807392 0.4534118 0.1368071 0.9760223 0.1561913 0.1516076 0.9869419 0.1561912 0.03936904 0.9869405 -0.1562 0.03936898 0.9849954 -0.1562001 -0.07338774 0.8888368 -0.4534133 -0.06622338 0.875494 -0.4534134 -0.1671128 0.6951335 -0.7065294 -0.1326859 0.675476 -0.7065293 -0.2110651 0.4339072 -0.8906974 -0.1355824 0.4156243 -0.8906976 -0.1841582 0.1432443 -0.98765 -0.06346982 0.1350754 -0.98765 -0.07938522 -0.1350768 -0.9876497 0.07938605 -0.1251472 -0.9876498 0.09426581 -0.3631071 -0.8907005 0.2735065 -0.3295618 -0.8907006 0.313116 -0.5130477 -0.7065261 0.4874454 -0.4541418 -0.7065259 0.5427489 -0.5719711 -0.453414 0.6835677 -0.4903203 -0.4534128 0.7443136 -0.5433669 -0.1561818 0.8248392 -0.4457997 -0.1561825 0.8814021 -0.4457989 0.1561923 0.8814008 -0.3424208 0.1561908 0.9264731 -0.3089931 0.4534076 0.8360292 -0.2116792 0.4534072 0.8658023 -0.1680715 0.7065259 0.6874396 -0.08861362 0.7065256 0.7021176 -0.05691993 0.8907085 0.4509971 -0.005139827 0.8907087 0.4545456 -0.001771509 0.9876499 0.1566673 0.01609891 0.9876499 0.1558479 -0.01609885 0.9876499 -0.1558476 -0.03375917 0.9876499 -0.1529967 -0.09794723 0.8907086 -0.443897 -0.147909 0.8907087 -0.4298382 -0.2302671 0.7065241 -0.6691792 -0.305047 0.7065238 -0.6385691 -0.3841932 0.4534077 -0.8042494 -0.4733667 0.453408 -0.755212 -0.5245774 0.1561856 -0.8369138 -0.6165602 0.1561855 -0.7716603 -0.6165611 -0.156177 -0.7716613 -0.7005057 -0.1561762 -0.6963482 -0.6321205 -0.4534052 -0.6283687 -0.6996261 -0.453405 -0.5522202 -0.555496 -0.7065263 -0.4384573 -0.6018561 -0.7065264 -0.3722763 -0.3866066 -0.890702 -0.2391344 -0.4113456 -0.8907022 -0.1935058 -0.1417741 -0.9876497 -0.06669354 -0.1484525 -0.9876497 -0.05009776 0.1484518 -0.9876499 0.05009752 0.153195 -0.9876499 0.03284841 0.4444888 -0.8906998 0.09530836 0.4524559 -0.8906998 0.04401922 0.7043628 -0.7065247 0.0685271 0.7075832 -0.7065246 -0.01221019 0.8911742 -0.4534006 -0.01537829 0.8836125 -0.4534007 -0.1168628 0.9792004 -0.156189 -0.1295049 0.9580553 -0.1561889 -0.2402814 0.958056 0.156184 -0.2402816 0.9244218 0.1561841 -0.3479236 0.8341799 0.4534019 -0.3139594 0.7929531 0.4534021 -0.4070035 0.6295961 0.7065259 -0.3231564 0.5886544 0.7065257 -0.3928199 0.3781151 0.8907087 -0.2523232 0.3468886 0.8907087 -0.2937795 0.119561 0.9876499 -0.1012561 0.1072391 0.9876499 -0.1142253 -0.1072391 0.9876499 0.1142253 -0.09351944 0.9876499 0.1257051 -0.2713319 0.8907093 0.3647136 -0.2279895 0.8907092 0.3932657 -0.3549373 0.7065265 0.6122416 -0.2828336 0.7065261 0.648711 -0.356218 0.4534051 0.8170266 -0.2607632 0.4534058 0.8523061 -0.2889734 0.156183 0.9445111 -0.1794227 0.1561833 0.9712951 -0.1794227 -0.1561831 0.9712951 -0.06753325 -0.1561824 0.9854168 -0.06094044 -0.4534066 0.889218 0.04081904 -0.4534066 0.8903687 0.03241002 -0.7065244 0.7069462 0.1127849 -0.7065246 0.6986433 0.07244831 -0.8907011 0.4487793 0.1231327 -0.8907011 0.4375956 0.04243844 -0.9876499 0.1508202 0.05935436 -0.9876499 0.1449994 -0.05935424 -0.9876499 -0.1449992 -0.07549571 -0.9876499 -0.1372883 -0.2190468 -0.8907008 -0.3983348 -0.2630276 -0.8907007 -0.3707678 -0.4094704 -0.7065258 -0.577196 -0.4725928 -0.7065259 -0.5267611 -0.5952106 -0.4534102 -0.6634332 -0.6669576 -0.4534108 -0.5912582 -0.7391138 -0.1561771 -0.6552248 -0.8645271 -0.4534104 0.2168222 -0.9580559 -0.1561889 0.240279 -0.9792003 -0.156189 0.1295064 -0.9791996 0.1561933 0.1295062 -0.9875795 0.1561933 0.01704049 -0.8911699 0.453409 0.01537692 -0.887114 0.453409 -0.08630728 -0.7043641 0.7065234 -0.06852751 -0.691961 0.7065234 -0.1483734 -0.4444695 0.8907098 -0.0953052 -0.4307086 0.8907097 -0.145349 -0.1484525 0.9876497 -0.05009752 -0.1417741 0.9876497 -0.0666933 0.1417736 0.9876499 0.06669306 0.133247 0.9876499 0.08241945 0.3865958 0.8907086 0.2391276 0.3568166 0.8907086 0.2816386 0.5555005 0.7065201 0.4384616 0.5018985 0.7065207 0.4989253 0.6321179 0.4534024 0.6283735 0.5563703 0.4534029 0.6963317 0.6165588 0.1561855 0.7716615 0.524577 0.1561856 0.836914 0.5245773 -0.1561828 0.8369144 0.4257565 -0.1561832 0.8912566 0.3841933 -0.4534059 0.8042504 0.2900127 -0.4534062 0.8428021 0.2302681 -0.7065236 0.6691793 0.1524857 -0.7065243 0.6910655 0.09795039 -0.890701 0.4439114 0.04670989 -0.8907012 0.4521832 0.01609885 -0.9876499 0.1558479 -0.00177133 -0.9876498 0.1566672 0.00177133 -0.9876499 -0.1566671 0.01961857 -0.9876498 -0.155444 0.05692219 -0.8907009 -0.4510118 0.1079625 -0.8907008 -0.4415836 0.1680722 -0.7065236 -0.6874417 0.2453401 -0.7065231 -0.6638021 0.3089939 -0.4534123 -0.8360263 0.4022794 -0.4534138 -0.7953535 0.4458015 -0.1561805 -0.8814015 0.5433647 -0.1561798 -0.824841 0.5433643 0.1561835 -0.8248406 0.6338503 0.156183 -0.7575227 0.5719721 0.4534075 -0.6835712 0.6461654 0.4534076 -0.6139152 0.5130547 0.7065193 -0.4874479 0.5652773 0.7065185 -0.4257853 0.3631003 0.8907056 -0.2734989 0.3919094 0.8907054 -0.2303282 0.1350755 0.98765 -0.07938492 0.1432443 0.9876501 -0.06346982 -0.1432468 0.9876497 0.0634709 -0.1495485 0.9876496 0.04672753 -0.4338916 0.8907065 0.1355726 -0.4465178 0.8907064 0.08522957 -0.6951482 0.7065147 0.1326872 -0.7057426 0.7065144 0.0525822 -0.888838 0.4534108 0.06622397 -0.8905935 0.4534107 -0.03552311 -0.9869421 0.1561912 -0.03936618 -0.9760215 0.1561911 -0.1516126 -0.9760223 -0.1561865 -0.1516127 -0.9523772 -0.1561864 -0.2618846 -0.8593989 -0.4534178 -0.2363175 -0.8268617 -0.4534174 -0.3327346 -0.6565414 -0.7065081 -0.2641965 -0.6221432 -0.7065091 -0.3373168 -0.399627 -0.8907029 -0.2166718 -0.3723238 -0.8907029 -0.2608132 -0.1283251 -0.9876498 -0.08989179 -0.1172413 -0.9876497 -0.1039341 0.1172417 -0.9876497 0.1039344 0.1046301 -0.9876498 0.1166211 0.3035787 -0.8906996 0.3383698 0.2630265 -0.8906998 0.3707706 0.409466 -0.706528 0.5771965 0.3410034 -0.7065274 0.6201094 0.4294807 -0.4534084 0.781004 0.3376536 -0.4534084 0.8248702 0.3741831 -0.1561743 0.9141097 0.2675435 -0.156177 0.9508045 0.2675432 0.1561836 0.9508035 0.1574139 0.1561841 0.9751038 0.1420468 0.4534061 0.8799123 0.04081904 0.4534063 0.8903688 0.03241002 0.7065248 0.7069458 -0.04838645 0.7065246 0.7060324 -0.03108042 0.8907087 0.4535108 -0.08257442 0.8907086 0.447012 -0.02846074 0.9876499 0.1540707 -0.04583799 0.9876499 0.149822 0.04583799 0.9876499 -0.1498219 0.06261765 0.9876499 -0.1436203 0.1816759 0.890708 -0.4166932 0.2279909 0.8907078 -0.3932681 0.3549379 0.7065253 -0.6122426 0.4224151 0.7065254 -0.5677915 0.5320147 0.4534065 -0.7151103 0.6100637 0.4534066 -0.6498036 0.6760627 0.1561813 -0.7201018 0.7537423 0.1561807 -0.6383418 0.7537418 -0.1561855 -0.6383413 0.8215932 -0.1561856 -0.5482615 0.7413868 -0.4534085 -0.4947385 0.7929502 -0.4534086 -0.407002 0.6295972 -0.7065246 -0.3231569 0.6623303 -0.7065246 -0.2492823 0.4254539 -0.8907007 -0.1601287 0.4409335 -0.8907007 -0.1105885 0.1519717 -0.9876496 -0.03811532 0.155326 -0.9876496 -0.02054309 -0.1553249 -0.9876498 0.02054297 -0.1566542 -0.9876499 0.002703189 -0.4545214 -0.8907012 0.007843255 -0.4524527 -0.8907013 -0.04402023 -0.7043638 -0.7065234 -0.0685293 -0.6919614 -0.7065235 -0.1483711 -0.8714978 -0.4534006 -0.1868675 -0.8445152 -0.4534009 -0.2849942 -0.9358751 -0.1561805 -0.3158249 -0.8937736 -0.1561807 -0.4204478 -0.8937717 0.1561938 -0.420447 -0.840018 0.1561935 -0.5195898 -0.7580168 0.4534015 -0.4688683 -0.6996273 0.4534019 -0.5522212 -0.5554983 0.7065235 -0.438459 -0.5018981 0.7065237 -0.4989215 -0.3223868 0.8907091 -0.3204748 -0.2837539 0.8907091 -0.3551355 -0.09780073 0.98765 -0.1224036 -0.08321058 0.9876499 -0.1327541 0.08321028 0.98765 0.1327537 0.0675351 0.98765 0.1413737 0.1959432 0.890709 0.4101753 0.1479089 0.8907089 0.429838 0.2302672 0.7065236 0.6691796 0.1524854 0.7065243 0.6910656 0.1920489 0.453407 0.8703674 0.09158319 0.4534067 0.8865861 0.1014909 0.1561869 0.9824994 -0.0111674 0.1561871 0.9876644 -0.0111674 -0.1561837 0.9876649 -0.1236804 -0.1561838 0.9799539 -0.1116064 -0.4534071 0.8842884 -0.2116792 -0.4534074 0.8658023 -0.1680715 -0.7065259 0.6874395 -0.2453404 -0.7065259 0.6637991 -0.1575963 -0.8907017 0.4263964 -0.2051727 -0.890702 0.4056529 -0.07071453 -0.9876498 0.1398118 -0.08619141 -0.9876497 0.1308394 0.0861907 -0.98765 -0.1308383 0.100543 -0.98765 -0.1201606 0.2917212 -0.890701 -0.3486409 0.3295609 -0.8907011 -0.3131154 0.5130524 -0.7065191 -0.4874505 0.5652743 -0.7065187 -0.4257891 0.7119333 -0.4534065 -0.5362589 0.7684214 -0.4534065 -0.4516095 0.8515522 -0.15618 -0.5004664 0.903052 -0.1561797 -0.4001311 0.9030511 0.1561858 -0.4001306 0.9427754 0.1561858 -0.2945851 0.8507428 0.4534007 -0.265828 0.8755003 0.4534006 -0.167114 0.6951389 0.706524 -0.1326869 0.7057327 0.706524 -0.05258607 0.453315 0.8907102 -0.03377777 0.4542105 0.8907102 0.01811701 0.1565521 0.98765 0.006244361 0.1548199 0.98765 0.02404886 -0.154821 0.9876498 -0.02404904 -0.1510702 0.9876499 -0.04154139 -0.4383072 0.8907077 -0.1205261 -0.4217105 0.8907076 -0.1697062 -0.6565372 0.7065083 -0.2642061 -0.6221412 0.706509 -0.3373211 -0.7835408 0.4534119 -0.424831 -0.7300096 0.4534115 -0.5113746 -0.8089873 0.1561794 -0.5666987 -0.7391138 0.15618 -0.6552242 -0.7391142 -0.1561762 -0.6552245 -0.8341754 -0.4534104 0.3139593 -0.6623303 -0.7065247 0.2492818 -0.6295965 -0.7065247 0.3231579 -0.4044271 -0.8907008 0.2075834 -0.3781288 -0.8907008 0.2523304 -0.1303234 -0.9876501 0.08696657 -0.1195605 -0.9876501 0.1012555 0.1195611 -0.98765 -0.101256 0.1072393 -0.9876499 -0.114225 0.3111484 -0.8907017 -0.331417 0.2713418 -0.8907015 -0.364725 0.4224156 -0.7065255 -0.5677914 0.3549386 -0.7065255 -0.6122422 0.4470295 -0.4534109 -0.7710921 0.3562188 -0.4534102 -0.8170235 0.3947563 -0.1561874 -0.9054132 0.2889729 -0.1561868 -0.9445106 0.2889727 0.1561891 -0.9445103 0.1794215 0.1561884 -0.9712946 0.161906 0.4534072 -0.8764749 0.06094008 0.4534071 -0.8892178 0.04838591 0.7065256 -0.7060315 -0.03241008 0.7065251 -0.7069455 -0.02081823 0.8907085 -0.4540979 -0.07244586 0.8907085 -0.448765 -0.02496969 0.9876499 -0.1546747 -0.04243838 0.9876499 -0.1508201 0.04243844 0.9876499 0.1508202 0.0593543 0.9876499 0.1449995 0.1722069 0.8907091 0.4206925 0.2190405 0.8907091 0.3983197 0.3410047 0.7065275 0.6201086 0.4094671 0.706528 0.5771958 0.5157096 0.4534045 0.726958 0.5952128 0.4534041 0.6634353 0.6596044 0.1561799 0.7352074 0.7391125 0.1561791 0.6552258 0.7391093 -0.1562057 0.655223 0.8089809 -0.1562076 0.5667001 0.7300072 -0.4534114 0.5113782 0.783542 -0.4534119 0.424829 0.6221272 -0.7065258 0.3373115 0.6565226 -0.7065259 0.2641953 0.4217188 -0.8907036 0.1697064 0.4383147 -0.8907038 0.1205282 0.1510702 -0.9876497 0.04154145 0.154821 -0.9876498 0.02404904 -0.1548199 -0.98765 -0.02404886 -0.156552 -0.9876499 -0.006245374 -0.4542256 -0.8907024 -0.01812064 -0.45333 -0.8907024 0.03378003 -0.705742 -0.7065145 0.05258858 -0.6951468 -0.7065144 0.1326962 -0.8754984 -0.4534009 0.1671234 -0.8507426 -0.4534009 0.2658282 -0.9427759 -0.1561829 0.2945854 -0.9030511 -0.156183 0.4001319 -0.9030513 0.1561826 0.4001319 -0.8515523 0.1561829 0.5004653 -0.7684218 0.4534065 0.4516088 -0.7119324 0.4534065 0.5362601 -0.5652615 0.7065339 0.4257808 -0.5130426 0.706533 0.4874407 -0.3295502 0.8907088 0.3131048 -0.2917119 0.8907088 0.3486289 -0.1005445 0.9876497 0.1201621 -0.08619171 0.9876497 0.1308398 0.08619052 0.98765 -0.130838 0.07071393 0.98765 -0.1398106 0.2051673 0.890708 -0.4056421 0.1575908 0.8907082 -0.4263848 0.2453398 0.7065232 -0.6638023 0.1680725 0.7065237 -0.6874416 0.2116797 0.4534082 -0.8658017 0.111606 0.4534071 -0.8842885 0.1236799 0.1561868 -0.9799536 0.01116722 0.1561866 -0.9876644 0.01116722 -0.156184 -0.9876648 -0.1014901 -0.156185 -0.9824999 -0.09158235 -0.4534077 -0.8865857 -0.192049 -0.4534079 -0.8703669 -0.1524855 -0.7065249 -0.691065 -0.2302671 -0.7065241 -0.6691791 -0.1479138 -0.8907012 -0.4298523 -0.1959492 -0.8907013 -0.4101892 -0.06753534 -0.9876499 -0.1413747 -0.08321088 -0.9876498 -0.1327546 0.08321082 -0.9876498 0.1327545 0.09780102 -0.9876499 0.1224042 0.2837629 -0.8907015 0.3551472 0.3223974 -0.8907015 0.3204852 0.5019003 -0.7065206 0.4989235 0.5555028 -0.70652 0.4384586 0.6996272 -0.4534085 0.552216 0.7580127 -0.4534085 0.4688684 0.840017 -0.1561902 0.5195922 0.8937698 -0.1561907 0.420452 0.8937709 0.1561836 0.4204524 0.9358733 0.1561835 0.3158288 0.8445143 0.4534005 0.2849978 0.8714975 0.4534004 0.1868692 0.6919566 0.7065281 0.1483715 0.7043594 0.7065281 0.06852674 0.4524377 0.8907091 0.04401743 0.4545063 0.8907091 -0.007843911 0.1566526 0.98765 -0.002703487 0.1553235 0.98765 -0.0205428 -0.1553245 0.9876499 0.02054291 -0.1519705 0.9876499 0.03811436 -0.4409193 0.8907084 0.1105831 -0.42544 0.8907085 0.1601226 -0.6623307 0.7065246 0.249281 -0.6295968 0.7065247 0.3231574 -0.7929499 0.4534085 0.4070028 -0.7413868 0.4534083 0.4947388 -0.8215937 0.1561809 0.5482621 -0.7537398 0.1561813 0.6383444 -0.7537403 -0.1561778 0.6383448 -0.6760614 -0.1561784 0.7201036 -0.6100621 -0.4534074 0.6498047 -0.5320149 -0.4534074 0.7151098 -0.4224157 -0.7065249 0.5677917 -0.3549382 -0.7065249 0.6122431 -0.2279973 -0.8907012 0.3932791 -0.1816811 -0.8907012 0.4167053 -0.06261754 -0.9876499 0.1436201 -0.04583793 -0.9876499 0.1498218 0.04583793 -0.9876499 -0.1498218 0.02846074 -0.9876499 -0.1540702 0.08257728 -0.8907012 -0.4470262 0.03108155 -0.8907011 -0.4535256 0.04838657 -0.7065255 -0.7060315 -0.0324099 -0.7065252 -0.7069455 -0.04081892 -0.4534066 -0.8903686 -0.1420479 -0.4534073 -0.8799114 -0.1574152 -0.1561824 -0.9751039 -0.2675428 -0.1561818 -0.9508039 -0.2675426 0.1561874 -0.9508031 -0.3741819 0.1561878 -0.9141079 -0.3376542 0.4534038 -0.8248725 -0.4294814 0.4534031 -0.7810067 -0.341003 0.7065274 -0.6201097 -0.4094693 0.7065279 -0.5771943 -0.2630171 0.8907099 -0.3707531 -0.3035649 0.8907101 -0.3383549 -0.1046288 0.9876501 -0.1166198 -0.1172401 0.98765 -0.103933 0.1172415 0.9876497 0.1039342 0.1283248 0.9876499 0.08989226 0.3723106 0.8907105 0.2608057 0.3996142 0.8907105 0.2166637 0.6221293 0.7065259 0.3373074 0.6565228 0.7065259 0.2641949 0.8268659 0.4534032 0.3327436 0.8594056 0.4534032 0.2363208 0.952379 0.1561716 0.2618868 0.9760243 0.1561712 0.151615 0.9760217 -0.1561883 0.1516146 0.9869426 -0.1561883 0.03936499 0.8906013 -0.4533956 0.03552234 0.8888453 -0.4533956 -0.06623089 0.7057327 -0.706524 -0.05258655 0.6951384 -0.7065239 -0.1326896 0.4465245 -0.8907026 -0.08523362 0.4338988 -0.8907026 -0.1355754 0.1495458 -0.9876501 -0.04672688 0.1432443 -0.9876501 -0.06346982 -0.1432467 -0.9876497 0.0634709 -0.1350774 -0.9876496 0.07938671 -0.3919157 -0.8907009 0.230334 -0.3631066 -0.890701 0.2735056 -0.5652637 -0.7065339 0.425778 -0.5130455 -0.7065331 0.4874374 -0.6461666 -0.4534075 0.6139139 -0.5719708 -0.4534075 0.6835724 -0.6338491 -0.156181 0.7575242 -0.5433669 -0.1561816 0.8248392 -0.5433666 0.1561847 0.8248388 -0.4458022 0.1561855 0.8814004 -0.4022836 0.4534001 0.7953591 -0.3089968 0.4534018 0.836031 -0.24534 0.7065259 0.6637992 -0.1680715 0.7065259 0.6874396 -0.107959 0.8907081 0.4415699 -0.05692034 0.8907082 0.4509978 -0.01961845 0.9876499 0.1554436 -0.001771271 0.9876499 0.1566668 0.001771271 0.9876499 -0.1566669 -0.01609885 0.9876499 -0.1558477 -0.04670834 0.8907089 -0.4521682 -0.09794729 0.8907088 -0.4438967 -0.1524858 0.7065249 -0.6910648 -0.2302671 0.7065242 -0.6691791 -0.2900117 0.4534062 -0.8428025 -0.384193 0.453406 -0.8042505 -0.425756 0.156184 -0.8912566 -0.524577 0.1561838 -0.8369143 -0.5245771 -0.1561826 -0.8369145 -0.616559 -0.1561825 -0.7716618 -0.5563685 -0.4534084 -0.6963296 -0.6321185 -0.4534084 -0.6283686 -0.5018985 -0.7065237 -0.4989211 -0.5554991 -0.7065235 -0.4384579 -0.3568292 -0.8907008 -0.2816469 -0.3866092 -0.8907008 -0.2391348 -0.1332481 -0.9876497 -0.08241981 -0.1417747 -0.9876496 -0.0666936 0.1417741 -0.9876497 0.0666933 0.1484525 -0.9876497 0.05009752 0.4307264 -0.8907001 0.145355 0.4444881 -0.8907001 0.09530848 0.6919565 -0.7065282 0.1483715 0.7043591 -0.7065282 0.06852889 0.8871139 -0.453409 0.08630955 0.8911699 -0.4534091 -0.01537394 0.9875814 -0.156181 -0.01703721 0.9792011 -0.156181 -0.1295086 0.9791995 0.1561919 -0.1295084 0.958054 0.1561918 -0.2402847 0.8645259 0.4534104 -0.2168274 0.8341746 0.4534102 -0.3139618 0.6623297 0.7065246 -0.2492837 0.6295976 0.7065246 -0.3231563 0.4044142 0.8907085 -0.2075755 0.3781155 0.8907085 -0.2523232 0.1303241 0.9876498 -0.08696764 0.1195614 0.9876499 -0.1012562 -0.1195622 0.9876497 0.1012569 -0.1072403 0.9876497 0.1142259 -0.3111399 0.8907082 0.3314074 -0.2713337 0.8907083 0.3647146 -0.4224154 0.7065249 0.5677919 -0.3549389 0.7065249 0.6122426 -0.4470317 0.4534024 0.7710959 -0.3562191 0.4534033 0.8170272 -0.394755 0.1561893 0.9054134 -0.2889713 0.1561886 0.9445108 -0.2889717 -0.1561801 0.9445121 -0.1794219 -0.1561803 0.9712958 -0.1619061 -0.4534073 0.8764749 -0.06094062 -0.4534072 0.8892177 -0.04838639 -0.7065246 0.7060324 0.03240984 -0.7065248 0.7069458 0.02081871 -0.8907008 0.4541131 0.07244867 -0.8907007 0.4487799 0.02496981 -0.9876499 0.1546746 0.04243838 -0.9876499 0.1508201 -0.04243832 -0.9876499 -0.1508198 -0.059354 -0.9876499 -0.1449989 -0.1722127 -0.8907011 -0.420707 -0.2190461 -0.8907012 -0.3983343 -0.341002 -0.7065274 -0.6201103 -0.4094681 -0.7065279 -0.577195 -0.5157111 -0.4534038 -0.7269574 -0.5952154 -0.4534033 -0.6634335 -0.6596074 -0.156177 -0.7352054 0 1 0 0 1 0 0 1 0 0 1 0 0 1 0 0 1 0 0 1 0 0 1 0 0 1 0 0 1 0 0 1 0 0 1 0 0 1 0 0 1 0 0 1 0 0 1 0 0 1 0 0 1 0 0 1 0 0 1 0 0 1 0 0 1 0 0 1 0 0 1 0 0 1 0 0 1 0 0 1 0 0 1 0 0 1 0 0 1 0 0 1 0 0 1 0 0 1 0 0 1 0 0 1 0 0 1 0 0 -1 0 0 -1 0 0 -1 0 0 -1 0 0 -1 0 0 -1 0 0 -1 0 0 -1 0 0 -1 0 0 -1 0 0 -1 0 0 -1 0 0 -1 0 0 -1 0 0 -1 0 0 -1 0 0 -1 0 0 -1 0 0 -1 0 0 -1 0 0 -1 0 0 -1 0 0 -1 0 0 -1 0 0 -1 0 0 -1 0 0 -1 0 0 -1 0 0 -1 0 0 -1 0 0 -1 0 0 -1 0 0 -1 0 0 -1 0 0 -1 0 0 -1 0 0 0 1 0 0 1 0.8660254 0 0.5 0.8660254 0 0.5 0.8660254 0 -0.5 0.8660254 0 -0.5 0 0 -1 0 0 -1 -0.8660254 0 -0.5 -0.8660254 0 -0.5 -0.8660254 0 0.5 -0.8660254 0 0.5 -0.9941377 0 -0.1081215 -0.9941377 0 -0.1081215 -0.9476535 0 -0.3193003 -0.9476535 0 -0.3193003 -0.8568557 0 -0.5155563 -0.8568557 0 -0.5155563 -0.7259966 0 -0.6876983 -0.7259966 0 -0.6876983 -0.5611868 0 -0.8276891 -0.5611868 0 -0.8276891 -0.3701388 0 -0.9289764 -0.3701388 0 -0.9289764 -0.1617823 0 -0.9868264 -0.1617823 0 -0.9868264 0.05413866 0 -0.9985334 0.05413866 0 -0.9985334 0.2675281 0 -0.96355 0.2675281 0 -0.96355 0.4684085 0 -0.883512 0.4684085 0 -0.883512 0.6473864 0 -0.762162 0.6473864 0 -0.762162 0.7960931 0 -0.6051743 0.7960931 0 -0.6051743 0.907575 0 -0.4198901 0.907575 0 -0.4198901 0.9766206 0 -0.2149702 0.9766206 0 -0.2149702 0.9985336 0 -0.05413591 0.9985336 0 -0.05413591 0.9985336 0 0.05413591 0.9985336 0 0.05413591 0.9766206 0 0.2149701 0.9766206 0 0.2149701 0.907575 0 0.4198901 0.907575 0 0.4198901 0.7960931 0 0.6051743 0.7960931 0 0.6051743 0.6473864 0 0.762162 0.6473864 0 0.762162 0.4684085 0 0.883512 0.4684085 0 0.883512 0.2675281 0 0.96355 0.2675281 0 0.96355 0.05413866 0 0.9985334 0.05413866 0 0.9985334 -0.1617823 0 0.9868264 -0.1617823 0 0.9868264 -0.3701388 0 0.9289764 -0.3701388 0 0.9289764 -0.5611868 0 0.8276891 -0.5611868 0 0.8276891 -0.7259966 0 0.6876983 -0.7259966 0 0.6876983 -0.8568557 0 0.5155563 -0.8568557 0 0.5155563 -0.9476537 0 0.3193003 -0.9476537 0 0.3193003 -0.9941377 0 0.1081215 -0.9941377 0 0.1081215 0 1 0 0 1 0 0 1 0 0 1 0 0 1 0 0 1 0 0 1 0 0 1 0 0 1 0 0 1 0 0 1 0 0 1 0 0 1 0 0 1 0 0 1 0 0 1 0 0 1 0 0 1 0 0 1 0 0 1 0 0 1 0 0 1 0 0 1 0 0 1 0 0 1 0 0 1 0 0 1 0 0 1 0 0 1 0 0 1 0 0 1 0 0 1 0 0 1 0 0 1 0 0 1 0 0 1 0 0 1 0 0 1 0 0 1 0 0 1 0 0 1 0 0 1 0 0 1 0 0 1 0 0 1 0 0 1 0 0 1 0 0 1 0 0 1 0 0 1 0 0 1 0 0 1 0 0.9894592 0 -0.1448119 0.9963943 -0.002581 -0.08480387 0.978911 0 -0.204287 0.9677278 -0.003069877 -0.2519794 0.9580569 0 -0.2865778 0.9390159 0 -0.3438738 0.9112282 -0.001464903 -0.4118991 0.9118966 -0.001673281 -0.4104167 0.7634735 0 -0.6458392 0.8010737 0 -0.5985658 0.8285045 -0.003102064 -0.559974 0.8489492 0 -0.5284745 0.8793171 0 -0.4762367 0.5946288 -0.002678692 -0.8039959 0.6154307 0 -0.788191 0.7219592 0 -0.6919357 0.6618677 -0.01230859 -0.7495196 0.7071064 -0.003318428 -0.7070994 0.4502031 -0.003027558 -0.8929211 0.4948066 0 -0.8690031 0.5463697 0 -0.8375441 0.2250279 0 -0.9743524 0.2975009 -0.001924514 -0.9547196 0.2928224 -0.001283109 -0.956166 0.3637461 0 -0.9314982 0.4193289 0 -0.9078344 0.1657801 0 -0.9861627 0.127017 -0.003125309 -0.9918956 0.08155208 0 -0.9966691 0.02122509 0 -0.9997747 -0.04244112 -0.002357602 -0.9990961 -0.06037867 -3.62726e-4 -0.9981755 -0.2106787 -0.002766966 -0.9775515 -0.1834673 0 -0.9830258 -0.1237726 0 -0.9923107 -0.3728544 -0.002976417 -0.9278851 -0.3238863 0 -0.946096 -0.2661705 0 -0.963926 -0.5814182 0 -0.8136049 -0.5173373 -0.002184689 -0.8557789 -0.5243063 -0.001092433 -0.851529 -0.457483 0 -0.8892183 -0.4029536 0 -0.9152204 -0.6294907 0 -0.7770081 -0.6606724 -0.003139317 -0.7506678 -0.6931175 0 -0.7208247 -0.7353739 0 -0.6776615 -0.7780336 -0.002232015 -0.6282187 -0.7871831 -5.58089e-4 -0.6167193 -0.8730104 -0.002846062 -0.4876934 -0.8583056 0 -0.513139 -0.8257594 0 -0.5640227 -0.9428742 -0.002915799 -0.3331361 -0.9235687 0 -0.3834331 -0.8987292 0 -0.4385041 -0.9947144 0 -0.1026802 -0.9836167 -0.002454757 -0.1802558 -0.9856154 -8.92788e-4 -0.1690014 -0.9693537 0 -0.2456694 -0.9527577 0 -0.3037314 -0.999099 0 -0.04244112 -0.9999951 -0.003143966 0 -0.999099 0 0.04244112 -0.9947144 0 0.1026802 -0.9856137 -0.002097368 0.1690012 -0.9836193 -7.62822e-4 0.1802563 -0.9428742 -0.002915799 0.3331361 -0.9527577 0 0.3037314 -0.9693537 0 0.2456694 -0.8730104 -0.002846062 0.4876934 -0.8987292 0 0.4385041 -0.9235687 0 0.3834331 -0.7353739 0 0.6776615 -0.7871803 -0.00273323 0.616717 -0.7780353 -6.83404e-4 0.6282201 -0.8257594 0 0.5640227 -0.8583056 0 0.513139 -0.6931175 0 0.7208247 -0.6606724 -0.003139317 0.7506678 -0.6294907 0 0.7770081 -0.5814182 0 0.8136049 -0.5243057 -0.001952648 0.8515279 -0.5173382 -9.76435e-4 0.8557805 -0.3728544 -0.002976417 0.9278851 -0.4029536 0 0.9152204 -0.457483 0 0.8892183 -0.2106787 -0.002766966 0.9775515 -0.2661705 0 0.963926 -0.3238863 0 0.946096 0.02122509 0 0.9997747 -0.06037837 -0.003021299 0.998171 -0.04244124 -4.64841e-4 0.9990989 -0.1237726 0 0.9923107 -0.1834673 0 0.9830258 0.08155208 0 0.9966691 0.127017 -0.003125309 0.9918956 0.1657801 0 0.9861627 0.2250279 0 0.9743524 0.2928221 -0.001799225 0.9561653 0.2975012 -0.001199603 0.9547206 0.4502031 -0.003027558 0.8929211 0.4193289 0 0.9078344 0.3637461 0 0.9314982 0.5946288 -0.002678692 0.8039959 0.5463697 0 0.8375441 0.4948066 0 0.8690031 0.7634735 0 0.6458392 0.7071064 -0.003318428 0.7070994 0.7219592 -2.36996e-4 0.6919357 0.6619179 0 0.7495764 0.6154307 0 0.788191 0.8010737 0 0.5985658 0.8285045 -0.003102064 0.559974 0.8489492 0 0.5284745 0.8793171 0 0.4762367 0.9112281 -0.001636326 0.411899 0.9118969 -0.001432597 0.4104168 0.9677278 -0.003069877 0.2519794 0.9580569 0 0.2865778 0.9390159 0 0.3438738 0.9981757 0 -0.0603761 0.9981757 0 0.0603761 0.9963943 -0.002581 0.08480387 0.9894592 0 0.1448119 0.978911 0 0.2042871 0 -1 0 0 -1 0 0 -1 0 0 -1 0 0 -1 0 0 -1 0 0 -1 0 0 -1 0 0 -1 0 0 -1 0 0 -1 0 0 -1 0 0 -1 0 0 -1 0 0 -1 0 0 -1 0 0 -1 0 0 -1 0 0 -1 0 0 -1 0 0 -1 0 0 -1 0 0 -1 0 0 -1 0 0 -1 0 0 -1 0 0 -1 0 0 -1 0 0 -1 0 0 -1 0 0 -1 0 0 -1 0 0 -1 0 0 -1 0 0 -1 0 0 -1 0 0 -1 0 0 -1 0 0 -1 0 0 -1 0 0 -1 0 0 -1 0 0 -1 0 0 -1 0 0 -1 0 0 -1 0 0 -1 0 0 -1 0 0 -1 0 0 -1 0 0 -1 0 0 -1 0 0 -1 0 0 -1 0 0 -1 0 0 -1 0 0 -1 0 0 -1 0 0 -1 0 0 -1 0 0 -1 0 0 -1 0 0 -1 0 0 -1 0 0 -1 0 0 -1 0 0 -1 0 0 -1 0 0 -1 0 -0.9951845 0 -0.09801942 -0.9951845 0 -0.09801942 -0.9569408 0 -0.2902834 -0.9569408 0 -0.2902834 -0.88192 0 -0.471399 -0.88192 0 -0.471399 -0.7730143 0 -0.6343886 -0.7730143 0 -0.6343886 -0.6343902 0 -0.773013 -0.6343902 0 -0.773013 -0.4713973 0 -0.8819209 -0.4713973 0 -0.8819209 -0.2902845 0 -0.9569404 -0.2902845 0 -0.9569404 -0.09801745 0 -0.9951847 -0.09801745 0 -0.9951847 0.09801715 0 -0.9951847 0.09801715 0 -0.9951847 0.2902854 0 -0.9569402 0.2902854 0 -0.9569402 0.4713962 0 -0.8819216 0.4713962 0 -0.8819216 0.6343943 0 -0.7730097 0.6343943 0 -0.7730097 0.7730102 0 -0.6343936 0.7730102 0 -0.6343936 0.88192 0 -0.471399 0.88192 0 -0.471399 0.9569415 0 -0.2902809 0.9569415 0 -0.2902809 0.9951845 0 -0.09801942 0.9951845 0 -0.09801942 0.9951845 0 0.09801942 0.9951845 0 0.09801942 0.9569415 0 0.2902808 0.9569415 0 0.2902808 0.88192 0 0.471399 0.88192 0 0.471399 0.7730102 0 0.6343936 0.7730102 0 0.6343936 0.6343943 0 0.7730097 0.6343943 0 0.7730097 0.4713962 0 0.8819216 0.4713962 0 0.8819216 0.2902854 0 0.9569402 0.2902854 0 0.9569402 0.09801715 0 0.9951847 0.09801715 0 0.9951847 -0.09801745 0 0.9951847 -0.09801745 0 0.9951847 -0.2902845 0 0.9569404 -0.2902845 0 0.9569404 -0.4713973 0 0.8819209 -0.4713973 0 0.8819209 -0.6343902 0 0.773013 -0.6343902 0 0.773013 -0.7730143 0 0.6343886 -0.7730143 0 0.6343886 -0.88192 0 0.471399 -0.88192 0 0.471399 -0.9569407 0 0.2902833 -0.9569407 0 0.2902833 -0.9951845 0 0.09801942 -0.9951845 0 0.09801942 0 1 0 0 1 0 0 1 0 0 1 0 0 1 0 0 1 0 0 1 0 0 1 0 0 1 0 0 1 0 0 1 0 0 1 0 0 1 0 0 1 0 0 1 0 0 1 0 0 1 0 0 1 0 0 1 0 0 1 0 0 1 0 0 1 0 0 1 0 0 1 0 0 1 0 0 1 0 0 1 0 0 1 0 0 1 0 0 1 0 0 1 0 0 1 0 0 1 0 0 1 0 0 1 0 0 1 0 0 1 0 0 1 0 0 1 0 0 1 0 0 1 0 0 1 0 0 1 0 0 1 0 0 1 0 0 1 0 0 1 0 0 1 0 0 1 0 0 1 0 0 1 0 0 1 0 0 1 0 0 1 0 0 1 0 0 1 0 0 1 0 0 1 0 0 1 0 0 1 0 0 1 0 0 1 0 0 1 0 0 1 0 0 1 0 0 1 0 -0.9957341 0 -0.09226834 -0.9957341 0 -0.09226834 -0.9618257 0 -0.273663 -0.9618257 0 -0.273663 -0.8951627 0 -0.4457395 -0.8951627 0 -0.4457395 -0.7980179 0 -0.6026338 -0.7980179 0 -0.6026338 -0.6736978 0 -0.7390069 -0.6736978 0 -0.7390069 -0.5264313 0 -0.8502177 -0.5264313 0 -0.8502177 -0.3612411 0 -0.9324725 -0.3612411 0 -0.9324725 -0.183749 0 -0.9829733 -0.183749 0 -0.9829733 0 0 -1 0 0 -1 0.183749 0 -0.9829733 0.183749 0 -0.9829733 0.3612411 0 -0.9324725 0.3612411 0 -0.9324725 0.5264313 0 -0.8502177 0.5264313 0 -0.8502177 0.6736966 0 -0.7390081 0.6736966 0 -0.7390081 0.7980167 0 -0.6026355 0.7980167 0 -0.6026355 0.8951638 0 -0.4457375 0.8951638 0 -0.4457375 0.9618257 0 -0.273663 0.9618257 0 -0.273663 0.9957341 0 -0.09226834 0.9957341 0 -0.09226834 0.9957341 0 0.09226834 0.9957341 0 0.09226834 0.9618257 0 0.273663 0.9618257 0 0.273663 0.8951638 0 0.4457375 0.8951638 0 0.4457375 0.7980167 0 0.6026355 0.7980167 0 0.6026355 0.6736966 0 0.7390081 0.6736966 0 0.7390081 0.5264313 0 0.8502177 0.5264313 0 0.8502177 0.3612411 0 0.9324725 0.3612411 0 0.9324725 0.183749 0 0.9829733 0.183749 0 0.9829733 0 0 1 0 0 1 -0.183749 0 0.9829733 -0.183749 0 0.9829733 -0.3612411 0 0.9324725 -0.3612411 0 0.9324725 -0.5264313 0 0.8502177 -0.5264313 0 0.8502177 -0.6736978 0 0.7390069 -0.6736978 0 0.7390069 -0.7980179 0 0.6026338 -0.7980179 0 0.6026338 -0.8951627 0 0.4457395 -0.8951627 0 0.4457395 -0.9618257 0 0.273663 -0.9618257 0 0.273663 -0.9957341 0 0.09226834 -0.9957341 0 0.09226834 0 -1 0 0 -1 0 0 -1 0 0 -1 0 0 -1 0 0 -1 0 0 -1 0 0 -1 0 0 -1 0 0 -1 0 0 -1 0 0 -1 0 0 -1 0 0 -1 0 0 -1 0 0 -1 0 0 -1 0 0 -1 0 0 -1 0 0 -1 0 0 -1 0 0 -1 0 0 -1 0 0 -1 0 0 -1 0 0 -1 0 0 -1 0 0 -1 0 0 -1 0 0 -1 0 0 -1 0 0 -1 0 0 -1 0 0 -1 0 -0.9862068 0.1305093 0.1018019 -0.9446299 0.1303412 0.3011403 -0.8186953 0.1305221 0.5591977 -0.6871972 0.1304221 0.7146677 -0.3995157 0.1303497 0.9074118 -0.1227138 0.1305254 0.9838214 0.08085548 0.1304277 0.9881554 0.2231031 0.1305111 0.9660185 0.4157506 0.1303603 0.9000875 0.6562545 0.1305335 0.7431629 0.7942301 0.1304332 0.5934522 0.8717961 0.1305125 0.4721633 0.9498797 0.1303749 0.2841318 0.9705466 0.1304461 -0.2025415 0.9309834 0.130519 -0.3409323 0.8417027 0.1303798 -0.5239635 0.6101836 0.1303039 -0.7814709 0.4905785 0.1304491 -0.8615775 0.3606343 0.1305242 -0.9235293 0.1643648 0.1303919 -0.9777434 -0.1819028 0.1303142 -0.9746432 -0.3211184 0.130457 -0.9380107 -0.4535695 0.1305203 -0.8816117 -0.6241155 0.1304041 -0.7703731 -0.8509845 0.1303319 -0.5087621 -0.9156748 0.1304656 -0.3801558 -0.1192498 0.9914126 -0.05367022 -0.1248487 0.9914128 -0.03890424 -0.1248495 0.9914126 -0.03890502 -0.3659121 0.9236379 -0.1140239 -0.1286275 0.9914128 -0.02357167 -0.1286278 0.9914128 -0.02357184 -0.376987 0.9236385 -0.06908529 -0.3769882 0.9236379 -0.06908637 -0.5994815 0.7928132 -0.1098602 -0.1305304 0.9914129 -0.007895588 -0.1305309 0.9914128 -0.007895946 -0.3825655 0.9236385 -0.02314174 -0.3825655 0.9236385 -0.0231418 -0.6083552 0.7928113 -0.03680002 -0.6083528 0.7928132 -0.03679835 -0.792443 0.6080597 -0.04793369 -0.130531 0.9914128 0.007895588 -0.1305304 0.9914128 0.007895886 -0.3825656 0.9236385 0.02314174 -0.3825655 0.9236386 0.0231418 -0.6083527 0.7928133 0.0367999 -0.6083552 0.7928113 0.03679847 -0.7924447 0.6080573 0.04793381 -0.7924429 0.6080597 0.04793506 -0.9224392 0.3820899 0.05579859 -0.9224391 0.3820899 -0.05579888 -0.9089881 0.3820902 -0.166576 -0.9089884 0.3820898 -0.1665763 -0.7808874 0.6080601 -0.1431012 -0.09246814 0.9914127 -0.09246855 -0.09246796 0.9914128 -0.0924679 -0.2710096 0.9236382 -0.2710095 -0.2710096 0.9236382 -0.2710095 -0.4309571 0.7928127 -0.4309569 -0.4309573 0.7928125 -0.4309573 -0.5613642 0.6080629 -0.5613642 -0.5613644 0.6080609 -0.5613661 -0.6534555 0.3820856 -0.6534575 -0.6534556 0.3820872 -0.6534563 0.007895708 0.9914128 -0.1305314 0.007895827 0.9914126 -0.1305316 0.02314132 0.9236388 -0.3825649 0.02314096 0.9236391 -0.3825643 0.03679877 0.7928127 -0.6083535 0.03679829 0.7928131 -0.6083529 0.04793363 0.6080597 -0.7924429 0.04793298 0.6080607 -0.7924422 0.0557962 0.382089 -0.9224396 0.05579745 0.3820866 -0.9224405 0.1029412 0.9914126 -0.08064913 0.1029393 0.9914128 -0.08064883 0.301694 0.9236407 -0.2363651 0.3017011 0.9236382 -0.2363662 0.4797666 0.7928084 -0.3758707 0.4797553 0.7928159 -0.3758695 0.6249327 0.6080633 -0.4896103 0.6249368 0.6080591 -0.4896103 0.7274523 0.3820953 -0.5699266 0.7274601 0.382083 -0.569925 0.1286267 0.9914129 0.02357149 0.1286285 0.9914126 0.02357298 0.3769916 0.9236363 0.06908911 0.3769862 0.9236389 0.06908458 0.599475 0.7928186 0.1098568 0.5994822 0.7928121 0.1098634 0.7808917 0.6080527 0.1431092 0.7808868 0.6080602 0.1431037 0.9089903 0.3820836 0.1665797 0.9089862 0.3820964 0.1665726 0.06765258 0.9914127 0.1119105 0.06765258 0.9914126 0.111911 0.1982774 0.9236385 0.3279908 0.1982774 0.9236389 0.3279895 0.3152989 0.7928149 0.5215659 0.3152989 0.792814 0.5215676 0.4107106 0.608059 0.6793976 0.4107106 0.6080598 0.6793969 0.4780859 0.3820891 0.7908488 0.4780853 0.3820864 0.7908504 -0.0389046 0.9914126 0.1248492 -0.03890424 0.9914128 0.1248489 -0.1140214 0.9236392 0.3659094 -0.1140224 0.9236387 0.3659104 -0.1813181 0.7928127 0.5818693 -0.1813185 0.7928122 0.5818696 -0.2361856 0.6080607 0.7579436 -0.2361844 0.6080623 0.7579427 -0.2749302 0.3820881 0.8822824 -0.274931 0.3820867 0.8822826 -0.08064848 0.9914126 0.10294 -0.08064782 0.9914128 0.1029397 -0.2363652 0.9236391 0.3016991 -0.2363671 0.9236384 0.3016999 -0.3758683 0.7928135 0.4797598 -0.3758699 0.7928125 0.4797604 -0.4896095 0.6080586 0.6249377 -0.4896075 0.6080607 0.6249372 -0.5699267 0.3820858 0.7274572 -0.5699258 0.3820872 0.7274571 -0.1192489 0.9914128 0.05366981 -0.1192499 0.9914127 0.05366969 -0.3494996 0.9236385 0.157296 -0.3494964 0.9236396 0.1572962 -0.5557706 0.792813 0.2501332 -0.5557724 0.7928118 0.250133 -0.7239501 0.6080586 0.3258237 -0.7239475 0.6080614 0.3258243 -0.8427099 0.3820868 0.3792753 -0.8427124 0.3820825 0.3792741 -0.9610617 0.1305191 -0.2435678 -0.9752355 0.1302878 -0.1787199 -0.9752351 0.1302959 -0.178716 -0.9862068 0.1305093 -0.1018019 -0.9856877 0.1576854 -0.05962485 -0.9905674 0.1304054 -0.04207867 -0.9446299 0.1303412 -0.3011403 -0.9449123 0.142968 -0.2944503 -0.8822836 0.3820823 -0.2749342 -0.8822816 0.3820903 -0.2749294 -0.7579435 0.6080614 -0.2361841 -0.7579442 0.6080602 -0.2361852 -0.5818704 0.7928118 -0.1813183 -0.8910465 0.1304745 -0.4347556 -0.8997012 0.1630198 -0.4049227 -0.8427108 0.3820867 -0.3792734 -0.8427115 0.3820825 -0.379276 -0.7239494 0.6080587 -0.3258252 -0.7239481 0.6080614 -0.3258228 -0.555771 0.792813 -0.2501324 -0.5557721 0.7928119 -0.2501339 -0.3494989 0.9236385 -0.1572974 -0.8186953 0.1305221 -0.5591977 -0.8473435 0.1400959 -0.5122326 -0.7908497 0.382093 -0.4780812 -0.7908504 0.3820866 -0.4780852 -0.6793979 0.608059 -0.41071 -0.6793981 0.6080587 -0.4107102 -0.5215703 0.7928116 -0.3153001 -0.5215694 0.792813 -0.3152983 -0.3279884 0.9236399 -0.198275 -0.3279903 0.9236384 -0.1982783 -0.1119107 0.9914127 -0.06765282 -0.1119104 0.9914128 -0.06765222 -0.1029404 0.9914126 -0.08064854 -0.1029402 0.9914127 -0.080648 -0.3016979 0.9236398 -0.2363637 -0.3016997 0.9236383 -0.2363679 -0.4797611 0.7928116 -0.3758708 -0.4797605 0.7928128 -0.3758693 -0.6249379 0.6080591 -0.4896088 -0.6249369 0.6080631 -0.489605 -0.7274562 0.3820927 -0.5699234 -0.7274563 0.3820854 -0.5699281 -0.7804722 0.1302896 -0.6114636 -0.7804728 0.130293 -0.6114621 -0.7010785 0.130295 -0.7010793 -0.6827291 0.1724852 -0.710021 -0.7290849 0.1305025 -0.6718662 -0.5764454 0.1305085 -0.8066462 -0.6091517 0.1561691 -0.7775252 -0.5699262 0.3820858 -0.7274576 -0.5699264 0.3820872 -0.7274566 -0.4896085 0.6080587 -0.6249386 -0.4896085 0.6080608 -0.6249364 -0.375869 0.7928137 -0.4797593 -0.3758692 0.7928126 -0.479761 -0.236366 0.923639 -0.3016985 -0.2363663 0.9236384 -0.3017005 -0.08064818 0.9914128 -0.1029402 -0.08064806 0.9914128 -0.1029395 -0.06765258 0.9914127 -0.1119105 -0.06765258 0.9914126 -0.111911 -0.1982767 0.9236391 -0.3279897 -0.1982767 0.9236389 -0.3279898 -0.3152989 0.7928135 -0.5215682 -0.3152989 0.7928125 -0.5215697 -0.4107094 0.6080589 -0.6793984 -0.4107095 0.6080598 -0.6793975 -0.4780852 0.3820858 -0.7908508 -0.478086 0.3820896 -0.7908485 -0.512929 0.1302917 -0.8484857 -0.5129286 0.1302905 -0.848486 -0.3995157 0.1303497 -0.9074118 -0.4060357 0.1456573 -0.9021745 -0.3792733 0.3820868 -0.8427108 -0.379274 0.3820894 -0.8427093 -0.3258233 0.6080626 -0.7239469 -0.3258227 0.6080599 -0.7239494 -0.2501324 0.7928122 -0.5557721 -0.2501324 0.7928125 -0.5557715 -0.1572966 0.9236387 -0.3494987 -0.1572967 0.9236389 -0.349498 -0.05366975 0.9914128 -0.119249 -0.05366969 0.9914126 -0.1192497 -0.2638951 0.1304736 -0.9556862 -0.2935336 0.1628217 -0.9419804 -0.2749308 0.3820881 -0.8822821 -0.2749304 0.3820868 -0.8822829 -0.2361847 0.6080607 -0.7579439 -0.2361853 0.6080623 -0.7579424 -0.1813184 0.7928127 -0.5818692 -0.1813182 0.7928122 -0.5818698 -0.1140221 0.9236392 -0.3659092 -0.1140218 0.9236387 -0.3659107 -0.03890436 0.9914126 -0.1248492 -0.03890448 0.9914128 -0.1248488 -0.1227138 0.1305254 -0.9838214 -0.1785543 0.1370268 -0.9743418 -0.166578 0.3820875 -0.908989 -0.1665781 0.3820877 -0.9089888 -0.1431025 0.6080608 -0.7808866 -0.1431024 0.6080605 -0.7808867 -0.1098589 0.7928126 -0.5994825 -0.1098591 0.7928129 -0.5994819 -0.06908512 0.9236391 -0.3769856 -0.06908518 0.9236391 -0.3769855 -0.02357196 0.9914127 -0.1286283 -0.02357196 0.9914126 -0.1286283 -0.007895708 0.9914128 -0.1305317 -0.007895827 0.9914128 -0.1305314 -0.02314132 0.9236391 -0.3825643 -0.02314102 0.9236388 -0.3825649 -0.03679871 0.792813 -0.6083531 -0.03679847 0.7928127 -0.6083534 -0.04793375 0.6080608 -0.7924421 -0.04793322 0.6080597 -0.792443 -0.05579644 0.3820869 -0.9224405 -0.05579739 0.382089 -0.9224396 -0.05986392 0.1302922 -0.9896667 -0.05986398 0.1302923 -0.9896667 0.05986392 0.1302922 -0.9896667 0.08027964 0.1759608 -0.9811182 0.02104359 0.1304975 -0.9912253 0.2231031 0.1305111 -0.9660185 0.1780922 0.1544498 -0.971817 0.1665786 0.3820866 -0.9089893 0.1665787 0.3820863 -0.9089893 0.143103 0.6080605 -0.7808867 0.1431028 0.6080608 -0.7808865 0.1098591 0.7928134 -0.5994814 0.1098595 0.792813 -0.5994818 0.06908547 0.9236389 -0.3769859 0.06908518 0.923639 -0.3769856 0.02357202 0.9914127 -0.1286284 0.02357172 0.9914126 -0.1286281 0.03890484 0.9914126 -0.1248494 0.03890424 0.9914128 -0.1248489 0.1140217 0.9236389 -0.3659102 0.1140227 0.9236384 -0.3659111 0.1813178 0.7928135 -0.5818682 0.1813173 0.7928139 -0.5818679 0.2361848 0.6080607 -0.7579438 0.2361847 0.6080609 -0.7579438 0.2749304 0.3820863 -0.8822831 0.2749312 0.3820849 -0.8822834 0.2949677 0.1302908 -0.9465824 0.2949653 0.1302957 -0.9465826 0.4157506 0.1303603 -0.9000875 0.4058826 0.1481501 -0.9018375 0.3792721 0.3820868 -0.8427113 0.3792738 0.3820842 -0.8427118 0.3258231 0.60806 -0.7239492 0.3258225 0.6080607 -0.7239488 0.2501316 0.7928137 -0.5557703 0.2501306 0.7928144 -0.5557697 0.1572958 0.9236389 -0.3494985 0.1572973 0.9236382 -0.3494996 0.05366998 0.9914127 -0.1192495 0.05366939 0.9914127 -0.1192491 0.5416986 0.1304819 -0.8303837 0.5104664 0.1624404 -0.8444153 0.4780848 0.3820891 -0.7908495 0.4780865 0.3820863 -0.7908498 0.4107109 0.608059 -0.6793974 0.4107103 0.6080598 -0.6793971 0.3152983 0.7928149 -0.5215665 0.3152997 0.7928139 -0.5215672 0.198278 0.9236385 -0.3279905 0.1982768 0.9236391 -0.3279898 0.06765234 0.9914126 -0.1119106 0.06765282 0.9914126 -0.1119109 0.6562545 0.1305335 -0.7431629 0.6111776 0.1337657 -0.780108 0.5699273 0.3820873 -0.727456 0.5699259 0.3820896 -0.7274559 0.4896088 0.608058 -0.624939 0.4896082 0.6080587 -0.6249389 0.3758689 0.7928126 -0.4797613 0.3758648 0.7928154 -0.4797598 0.2363638 0.9236397 -0.3016985 0.2363669 0.9236384 -0.3016998 0.08064877 0.9914127 -0.1029404 0.08064824 0.9914127 -0.1029402 0.09246891 0.9914126 -0.09246879 0.09246957 0.9914126 -0.09246897 0.2710078 0.9236398 -0.2710062 0.2710058 0.9236406 -0.2710056 0.4309574 0.7928125 -0.4309572 0.4309626 0.792809 -0.4309584 0.56137 0.6080575 -0.5613644 0.5613647 0.6080629 -0.5613637 0.6534566 0.3820872 -0.6534554 0.653452 0.3820943 -0.6534558 0.7010764 0.1303 -0.7010805 0.7010835 0.1302829 -0.7010765 0.7804754 0.1302897 -0.6114595 0.7880752 0.1794145 -0.5888532 0.7569463 0.1304826 -0.6403176 0.8717961 0.1305125 -0.4721633 0.8457664 0.1525436 -0.5112825 0.7908526 0.3820814 -0.4780859 0.7908519 0.3820824 -0.4780862 0.6793956 0.6080626 -0.4107086 0.6793991 0.6080589 -0.4107081 0.5215697 0.792813 -0.3152976 0.5215647 0.7928163 -0.3152977 0.3279868 0.9236404 -0.1982755 0.3279933 0.923638 -0.1982757 0.1119115 0.9914126 -0.06765174 0.1119105 0.9914128 -0.06765174 0.1192499 0.9914126 -0.05366969 0.1192471 0.991413 -0.05366992 0.3494935 0.9236404 -0.1572977 0.3495012 0.9236377 -0.157297 0.5557715 0.7928129 -0.2501314 0.5557695 0.7928143 -0.2501317 0.7239471 0.6080628 -0.3258224 0.7239524 0.6080573 -0.3258212 0.8427144 0.3820809 -0.379271 0.8427069 0.3820938 -0.3792747 0.9041256 0.1302892 -0.4069172 0.9041244 0.1302932 -0.4069186 0.9498797 0.1303749 -0.2841318 0.9438565 0.1504309 -0.294118 0.8822789 0.3820962 -0.2749297 0.8822801 0.3820942 -0.2749289 0.7579444 0.6080601 -0.2361844 0.7579473 0.6080569 -0.2361834 0.5818706 0.7928121 -0.1813162 0.5818672 0.7928144 -0.1813171 0.36591 0.9236389 -0.1140221 0.3659136 0.9236376 -0.1140214 0.1248497 0.9914127 -0.03890407 0.1248467 0.9914129 -0.03890466 0.9809978 0.1304986 -0.1435736 0.9706475 0.1618792 -0.177872 0.9089913 0.3820837 -0.1665735 0.9089851 0.3820965 -0.1665788 0.7808924 0.6080529 -0.1431047 0.7808859 0.6080603 -0.1431081 0.5994742 0.7928184 -0.1098619 0.5994834 0.7928119 -0.1098583 0.3769921 0.9236364 -0.06908565 0.3769853 0.9236389 -0.06908792 0.1286265 0.9914129 -0.02357262 0.1286287 0.9914126 -0.02357184 0.13053 0.9914129 -0.007895529 0.1305313 0.9914128 -0.007894933 0.3825711 0.9236363 -0.02313911 0.3825655 0.9236386 -0.0231418 0.6083456 0.7928186 -0.03679943 0.6083517 0.792814 -0.03679615 0.7924485 0.6080527 -0.04793125 0.7924464 0.6080551 -0.04793262 0.9224419 0.3820835 -0.0557956 0.9224361 0.3820967 -0.05580174 0.989665 0.1303032 -0.05986875 0.9896676 0.1302869 -0.05986148 0.1305313 0.9914128 0.007895648 0.1305301 0.9914129 0.007894873 0.3825656 0.9236387 0.02313876 0.3825707 0.9236363 0.02314209 0.6083517 0.792814 0.03679984 0.608346 0.7928185 0.03679579 0.7924466 0.6080551 0.04793113 0.7924484 0.6080527 0.04793274 0.9224365 0.3820968 0.05579525 0.9224414 0.3820837 0.0558021 0.9896671 0.1302869 0.05986887 0.9896655 0.1303031 0.05986136 0.9752359 0.1302947 0.1787129 0.9623991 0.1828954 0.2008413 0.9809978 0.1304986 0.1435736 0.9309834 0.130519 0.3409323 0.9438565 0.1504309 0.294118 0.8822797 0.3820942 0.2749299 0.8822792 0.3820962 0.2749287 0.7579468 0.608057 0.2361852 0.757945 0.6080603 0.2361826 0.5818679 0.7928143 0.1813154 0.5818701 0.7928121 0.181318 0.365913 0.9236376 0.114023 0.3659105 0.9236389 0.1140204 0.1248472 0.991413 0.03890329 0.1248493 0.9914126 0.0389055 0.1192476 0.9914129 0.05366867 0.1192492 0.9914126 0.05367088 0.3494998 0.9236376 0.1573005 0.3494952 0.9236404 0.1572943 0.5557699 0.7928144 0.2501306 0.5557711 0.7928129 0.2501325 0.7239511 0.6080572 0.3258242 0.7239485 0.6080628 0.3258194 0.8427096 0.3820939 0.3792689 0.8427118 0.3820811 0.3792769 0.9041251 0.1302932 0.406917 0.9041248 0.1302893 0.4069188 0.8417027 0.1303798 0.5239635 0.8457664 0.1525436 0.5112825 0.7908521 0.3820824 0.4780857 0.7908523 0.3820813 0.4780864 0.6793979 0.608059 0.41071 0.6793967 0.6080628 0.4107066 0.5215661 0.7928162 0.3152954 0.5215685 0.792813 0.3152999 0.3279916 0.9236381 0.1982783 0.3279883 0.9236404 0.1982727 0.1119108 0.9914127 0.06765133 0.1119112 0.9914126 0.06765222 0.7569463 0.1304826 0.6403176 0.7769027 0.1611041 0.6086605 0.7274561 0.3820952 0.5699218 0.7274564 0.3820828 0.5699298 0.6249343 0.6080633 0.4896082 0.6249353 0.608059 0.4896123 0.4797627 0.7928087 0.3758753 0.4797588 0.792816 0.3758646 0.3016964 0.9236408 0.2363624 0.3016991 0.9236381 0.2363691 0.1029406 0.9914126 0.08064979 0.1029399 0.9914128 0.08064806 0.09246933 0.9914126 0.09246921 0.09246915 0.9914127 0.09246861 0.2710065 0.9236406 0.2710048 0.2710071 0.9236398 0.2710069 0.4309607 0.7928089 0.4309605 0.4309595 0.7928124 0.4309553 0.5613669 0.6080631 0.5613614 0.5613676 0.6080576 0.5613666 0.6534544 0.3820944 0.6534533 0.653454 0.3820872 0.6534578 0.701078 0.1302828 0.7010821 0.7010819 0.1303 0.701075 0.6101836 0.1303038 0.7814709 0.6111776 0.1337657 0.780108 0.5699267 0.3820896 0.7274551 0.5699264 0.3820872 0.7274566 0.4896085 0.6080587 0.6249386 0.4896085 0.608058 0.6249393 0.3758667 0.7928152 0.4797585 0.3758671 0.7928124 0.4797627 0.2363656 0.9236384 0.3017008 0.236365 0.9236397 0.3016974 0.08064848 0.9914127 0.10294 0.08064854 0.9914126 0.1029406 0.5129277 0.1302905 0.8484867 0.4861406 0.1863364 0.8537834 0.5416986 0.1304819 0.8303837 0.3606343 0.1305242 0.9235293 0.4058826 0.1481501 0.9018375 0.3792726 0.3820842 0.8427123 0.3792733 0.3820868 0.8427107 0.3258228 0.6080607 0.7239487 0.3258227 0.6080599 0.7239494 0.2501312 0.7928144 0.5557695 0.250131 0.7928136 0.5557706 0.1572965 0.9236383 0.3495 0.1572967 0.9236389 0.349498 0.05366975 0.9914128 0.119249 0.05366969 0.9914126 0.1192497 0.0389046 0.9914127 0.1248487 0.03890448 0.9914127 0.1248495 0.1140221 0.9236384 0.3659114 0.1140223 0.9236389 0.3659099 0.1813176 0.7928138 0.5818677 0.1813175 0.7928135 0.5818683 0.2361848 0.608061 0.7579438 0.2361847 0.6080607 0.7579439 0.2749306 0.3820849 0.8822836 0.274931 0.3820862 0.8822829 0.2949675 0.1302958 0.9465819 0.2949655 0.1302908 0.9465832 0.1643648 0.1303919 0.9777434 0.1780922 0.1544498 0.971817 0.1665786 0.3820863 0.9089893 0.1665787 0.3820866 0.9089892 0.143103 0.6080608 0.7808864 0.1431028 0.6080605 0.7808867 0.1098592 0.792813 0.5994818 0.1098594 0.7928134 0.5994812 0.06908535 0.9236391 0.3769855 0.06908524 0.9236389 0.376986 0.02357196 0.9914127 0.1286281 0.02357184 0.9914126 0.1286285 0.02104359 0.1304975 0.9912253 0.05959916 0.1601626 0.9852898 0.05579739 0.3820889 0.9224396 0.05579626 0.3820865 0.9224406 0.04793304 0.6080597 0.7924429 0.04793357 0.6080608 0.7924422 0.03679835 0.7928127 0.6083535 0.03679871 0.7928132 0.6083528 0.02314102 0.9236388 0.3825649 0.02314126 0.9236391 0.3825643 0.007895827 0.9914128 0.1305314 0.007895708 0.9914127 0.1305316 -0.007895708 0.9914128 0.1305314 -0.007895827 0.9914128 0.1305317 -0.02314132 0.9236388 0.3825649 -0.02314096 0.9236391 0.3825643 -0.03679877 0.7928127 0.6083535 -0.03679847 0.792813 0.6083531 -0.04793381 0.6080597 0.7924429 -0.04793316 0.6080608 0.7924422 -0.05579644 0.382089 0.9224396 -0.05579745 0.3820869 0.9224404 -0.05986392 0.1302923 0.9896667 -0.05986398 0.1302922 0.9896667 -0.1819028 0.1303142 0.9746432 -0.1785543 0.1370268 0.9743418 -0.1665779 0.3820877 0.9089889 -0.1665781 0.3820875 0.9089889 -0.1431025 0.6080605 0.7808868 -0.1431024 0.6080608 0.7808865 -0.1098588 0.792813 0.599482 -0.1098592 0.7928125 0.5994824 -0.06908512 0.9236391 0.3769855 -0.06908518 0.923639 0.3769856 -0.02357196 0.9914127 0.1286283 -0.02357196 0.9914127 0.1286283 -0.2949677 0.1302915 0.9465824 -0.318 0.189783 0.9289017 -0.2638951 0.1304736 0.9556862 -0.4535695 0.1305203 0.8816117 -0.4060357 0.1456573 0.9021745 -0.3792728 0.3820894 0.8427097 -0.3792745 0.3820867 0.8427103 -0.325824 0.60806 0.7239487 -0.3258219 0.6080626 0.7239476 -0.2501322 0.7928126 0.5557717 -0.2501327 0.7928122 0.555772 -0.1572964 0.9236389 0.3494982 -0.1572969 0.9236387 0.3494986 -0.05366998 0.9914127 0.1192495 -0.05366939 0.9914127 0.1192491 -0.06765282 0.9914126 0.1119109 -0.06765234 0.9914126 0.1119107 -0.1982767 0.9236389 0.3279898 -0.1982766 0.923639 0.3279898 -0.3152996 0.7928125 0.5215693 -0.3152983 0.7928134 0.5215686 -0.4107091 0.6080598 0.6793978 -0.4107098 0.6080589 0.6793981 -0.4780844 0.3820896 0.7908495 -0.4780868 0.3820859 0.7908498 -0.5129291 0.1302905 0.8484857 -0.5129285 0.1302917 0.848486 -0.6114612 0.1302946 0.7804732 -0.6208075 0.1655229 0.76629 -0.5764454 0.1305085 0.8066462 -0.7290849 0.1305025 0.6718662 -0.6981086 0.159021 0.6981095 -0.653456 0.3820855 0.6534569 -0.653455 0.3820872 0.6534569 -0.5613634 0.6080629 0.5613651 -0.5613653 0.6080608 0.5613653 -0.4309571 0.7928127 0.4309571 -0.4309574 0.7928125 0.4309571 -0.2710096 0.9236382 0.2710095 -0.2710096 0.9236383 0.2710095 -0.09246838 0.9914128 0.09246832 -0.09246766 0.9914128 0.09246814 -0.10294 0.9914128 0.08064818 -0.1029406 0.9914127 0.0806483 -0.3017012 0.9236381 0.2363662 -0.3016967 0.9236398 0.2363655 -0.47976 0.7928128 0.37587 -0.4797616 0.7928117 0.3758702 -0.6249355 0.6080632 0.4896069 -0.6249394 0.6080592 0.4896069 -0.7274586 0.3820854 0.5699253 -0.7274539 0.3820927 0.5699262 -0.7804719 0.130293 0.6114634 -0.7804732 0.1302897 0.6114624 -0.8509845 0.1303319 0.5087621 -0.8473435 0.1400959 0.5122326 -0.7908519 0.3820868 0.4780825 -0.7908481 0.3820931 0.4780839 -0.6793982 0.6080587 0.4107101 -0.6793979 0.608059 0.4107101 -0.5215689 0.792813 0.3152992 -0.5215709 0.7928116 0.3152992 -0.3279912 0.9236385 0.1982767 -0.3279874 0.92364 0.1982766 -0.1119102 0.9914128 0.06765252 -0.1119109 0.9914126 0.06765252 -0.9041264 0.1302933 0.4069143 -0.9061617 0.1932352 0.3762062 -0.8910465 0.1304745 0.4347556 -0.9610617 0.1305191 0.2435678 -0.9449123 0.142968 0.2944503 -0.8822804 0.3820902 0.2749332 -0.8822848 0.3820822 0.2749304 -0.7579444 0.6080601 0.2361844 -0.7579433 0.6080614 0.2361848 -0.5818668 0.7928146 0.1813172 -0.5818711 0.7928117 0.1813161 -0.3659127 0.9236379 0.1140216 -0.3659079 0.9236397 0.1140226 -0.1248486 0.9914128 0.03890478 -0.1248497 0.9914126 0.03890454 -0.1286278 0.9914128 0.02357172 -0.1286275 0.9914128 0.02357178 -0.3769885 0.9236379 0.06908553 -0.3769869 0.9236385 0.06908613 -0.5994795 0.7928147 0.1098598 -0.5994817 0.7928132 0.109859 -0.780887 0.6080601 0.1431027 -0.7808893 0.6080574 0.1431015 -0.9089881 0.3820903 0.1665762 -0.9089884 0.3820898 0.166576 -0.9752362 0.1302877 0.1787163 -0.9752345 0.1302959 0.1787197 -0.1192491 0.9914128 -0.05366933 -0.349497 0.9236397 -0.1572948 -0.3659088 0.9236397 -0.1140204 -0.5818675 0.7928147 -0.181315 -0.5994797 0.7928147 -0.1098586 -0.7808891 0.6080574 -0.1431031 -0.7924446 0.6080573 -0.04793518 -0.9224389 0.3820905 -0.05579853 -0.9224389 0.3820905 0.05579888 -0.9896673 0.1302869 0.05986559 -0.9847275 0.1690033 0.04183059</float_array>
          <technique_common>
            <accessor source="#GBT-C12A-400_00-7_001-mesh-normals-array" count="5322" stride="3">
              <param name="X" type="float"/>
              <param name="Y" type="float"/>
              <param name="Z" type="float"/>
            </accessor>
          </technique_common>
        </source>
        <vertices id="GBT-C12A-400_00-7_001-mesh-vertices">
          <input semantic="POSITION" source="#GBT-C12A-400_00-7_001-mesh-positions"/>
        </vertices>
        <triangles material="材质_001-material" count="5322">
          <input semantic="VERTEX" source="#GBT-C12A-400_00-7_001-mesh-vertices" offset="0"/>
          <input semantic="NORMAL" source="#GBT-C12A-400_00-7_001-mesh-normals" offset="1"/>
          <p>0 0 1 0 2 0 2 1 1 1 3 1 2 2 3 2 4 2 5 3 6 3 7 3 8 4 9 4 10 4 10 5 9 5 11 5 10 6 11 6 1 6 1 7 11 7 12 7 1 8 12 8 3 8 13 9 14 9 15 9 15 10 14 10 16 10 15 11 16 11 17 11 18 12 19 12 15 12 15 13 19 13 20 13 21 14 22 14 23 14 23 15 22 15 24 15 23 16 24 16 25 16 25 17 24 17 18 17 25 18 18 18 7 18 7 19 18 19 15 19 7 20 15 20 5 20 5 21 15 21 17 21 5 22 17 22 26 22 21 23 27 23 22 23 22 24 27 24 28 24 22 25 28 25 29 25 29 26 28 26 30 26 31 27 32 27 33 27 33 28 32 28 34 28 33 29 34 29 35 29 34 30 36 30 35 30 35 31 36 31 30 31 35 32 30 32 37 32 37 33 30 33 28 33 37 34 28 34 38 34 13 35 15 35 39 35 39 36 15 36 20 36 39 37 20 37 40 37 40 38 20 38 41 38 40 39 41 39 31 39 31 40 41 40 42 40 31 41 42 41 32 41 43 42 44 42 45 42 45 43 44 43 46 43 45 44 46 44 47 44 47 45 46 45 48 45 47 46 48 46 49 46 49 47 48 47 50 47 49 48 50 48 51 48 52 49 53 49 54 49 54 50 53 50 55 50 54 51 55 51 56 51 56 52 55 52 57 52 56 53 57 53 58 53 43 54 59 54 44 54 44 55 59 55 60 55 44 56 60 56 58 56 58 57 60 57 61 57 58 58 61 58 56 58 62 59 63 59 64 59 64 60 63 60 65 60 64 61 65 61 52 61 52 62 65 62 66 62 52 63 66 63 53 63 67 64 68 64 69 64 69 65 68 65 70 65 69 66 70 66 71 66 71 67 70 67 72 67 71 68 72 68 60 68 73 69 74 69 61 69 61 70 74 70 75 70 61 71 75 71 56 71 60 72 72 72 61 72 61 73 72 73 76 73 61 74 76 74 77 74 73 75 61 75 78 75 78 76 61 76 77 76 78 77 77 77 79 77 79 78 77 78 80 78 79 79 80 79 81 79 81 80 80 80 82 80 81 81 82 81 83 81 83 82 82 82 84 82 83 83 84 83 85 83 85 84 84 84 86 84 85 85 86 85 87 85 87 86 86 86 88 86 87 87 88 87 89 87 89 88 88 88 90 88 89 89 90 89 91 89 38 90 28 90 92 90 92 91 28 91 49 91 92 92 49 92 62 92 62 93 49 93 51 93 62 94 51 94 63 94 93 95 87 95 94 95 94 96 87 96 95 96 93 97 96 97 87 97 87 98 96 98 97 98 87 99 97 99 85 99 85 100 97 100 98 100 85 101 98 101 83 101 93 102 99 102 96 102 96 103 99 103 100 103 96 104 100 104 101 104 101 105 100 105 102 105 101 106 102 106 103 106 102 107 104 107 103 107 103 108 104 108 105 108 103 109 105 109 106 109 106 110 105 110 107 110 106 111 107 111 0 111 0 112 107 112 108 112 0 113 108 113 1 113 1 114 108 114 109 114 1 115 109 115 110 115 26 116 17 116 111 116 111 117 17 117 112 117 111 118 112 118 113 118 113 119 112 119 114 119 113 120 114 120 4 120 4 121 114 121 115 121 4 122 115 122 2 122 2 123 115 123 116 123 2 124 116 124 0 124 117 125 89 125 67 125 67 126 89 126 91 126 67 127 91 127 68 127 118 128 119 128 10 128 10 129 119 129 120 129 10 130 120 130 8 130 8 131 120 131 121 131 8 132 121 132 122 132 122 133 121 133 123 133 122 134 123 134 6 134 6 135 123 135 124 135 6 136 124 136 7 136 27 137 125 137 28 137 28 138 125 138 126 138 28 139 126 139 49 139 49 140 126 140 127 140 49 141 127 141 47 141 110 142 95 142 1 142 1 143 95 143 87 143 1 144 87 144 10 144 10 145 87 145 89 145 10 146 89 146 118 146 118 147 89 147 117 147 128 148 129 148 130 148 130 149 129 149 131 149 130 150 131 150 132 150 132 151 131 151 133 151 132 152 133 152 134 152 134 153 133 153 135 153 134 154 135 154 136 154 136 155 135 155 137 155 136 156 137 156 138 156 138 157 137 157 139 157 138 158 139 158 140 158 140 159 139 159 141 159 140 160 141 160 142 160 142 161 141 161 143 161 142 162 143 162 144 162 144 163 143 163 145 163 144 164 145 164 146 164 146 165 145 165 147 165 146 166 147 166 148 166 148 167 147 167 149 167 148 168 149 168 150 168 150 169 149 169 151 169 150 170 151 170 152 170 152 171 151 171 153 171 152 172 153 172 154 172 154 173 153 173 155 173 154 174 155 174 156 174 156 175 155 175 157 175 156 176 157 176 158 176 158 177 157 177 159 177 158 178 159 178 160 178 160 179 159 179 161 179 160 180 161 180 162 180 162 181 161 181 163 181 162 182 163 182 164 182 164 183 163 183 165 183 164 184 165 184 166 184 166 185 165 185 167 185 166 186 167 186 168 186 168 187 167 187 169 187 168 188 169 188 170 188 170 189 169 189 171 189 170 190 171 190 172 190 172 191 171 191 173 191 172 192 173 192 174 192 174 193 173 193 175 193 174 194 175 194 176 194 176 195 175 195 177 195 176 196 177 196 178 196 178 197 177 197 179 197 178 198 179 198 180 198 180 199 179 199 181 199 180 200 181 200 182 200 182 201 181 201 183 201 182 202 183 202 184 202 184 203 183 203 185 203 184 204 185 204 186 204 186 205 185 205 187 205 186 206 187 206 188 206 188 207 187 207 189 207 188 208 189 208 190 208 190 209 189 209 128 209 190 210 128 210 130 210 136 211 191 211 134 211 134 212 191 212 192 212 134 213 192 213 132 213 132 214 192 214 193 214 132 215 193 215 130 215 193 216 194 216 130 216 130 217 194 217 195 217 130 218 195 218 190 218 190 219 195 219 196 219 190 220 196 220 188 220 188 221 196 221 197 221 188 222 197 222 186 222 146 223 198 223 144 223 144 224 198 224 199 224 144 225 199 225 142 225 142 226 199 226 200 226 142 227 200 227 140 227 140 228 200 228 201 228 140 229 201 229 138 229 138 230 201 230 202 230 138 231 202 231 136 231 136 232 202 232 203 232 136 233 203 233 191 233 197 234 204 234 186 234 186 235 204 235 205 235 186 236 205 236 184 236 184 237 205 237 206 237 184 238 206 238 182 238 182 239 206 239 207 239 182 240 207 240 180 240 180 241 207 241 208 241 180 242 208 242 178 242 178 243 208 243 209 243 178 244 209 244 176 244 156 245 210 245 154 245 154 246 210 246 211 246 154 247 211 247 152 247 152 248 211 248 212 248 152 249 212 249 150 249 150 250 212 250 213 250 150 251 213 251 148 251 148 252 213 252 214 252 148 253 214 253 146 253 146 254 214 254 215 254 146 255 215 255 198 255 166 256 216 256 164 256 164 257 216 257 217 257 164 258 217 258 162 258 162 259 217 259 218 259 162 260 218 260 219 260 219 261 218 261 220 261 219 262 220 262 158 262 158 263 220 263 221 263 158 264 221 264 156 264 156 265 221 265 222 265 156 266 222 266 210 266 209 267 223 267 176 267 176 268 223 268 224 268 176 269 224 269 174 269 174 270 224 270 225 270 174 271 225 271 172 271 172 272 225 272 226 272 172 273 226 273 170 273 170 274 226 274 227 274 170 275 227 275 168 275 168 276 227 276 228 276 168 277 228 277 166 277 166 278 228 278 229 278 166 279 229 279 216 279 230 280 231 280 232 280 232 281 231 281 233 281 232 282 233 282 234 282 234 283 233 283 235 283 234 284 235 284 236 284 236 285 235 285 237 285 236 286 237 286 238 286 238 287 237 287 239 287 238 288 239 288 240 288 240 289 239 289 241 289 240 290 241 290 242 290 242 291 241 291 243 291 242 292 243 292 244 292 244 293 243 293 245 293 244 294 245 294 246 294 246 295 245 295 247 295 246 296 247 296 248 296 248 297 247 297 249 297 248 298 249 298 250 298 250 299 249 299 251 299 250 300 251 300 252 300 252 301 251 301 253 301 252 302 253 302 254 302 254 303 253 303 255 303 254 304 255 304 256 304 256 305 255 305 257 305 256 306 257 306 258 306 258 307 257 307 259 307 258 308 259 308 260 308 260 309 259 309 261 309 260 310 261 310 262 310 262 311 261 311 263 311 262 312 263 312 264 312 264 313 263 313 265 313 264 314 265 314 266 314 266 315 265 315 267 315 266 316 267 316 268 316 268 317 267 317 269 317 268 318 269 318 270 318 270 319 269 319 271 319 270 320 271 320 272 320 272 321 271 321 273 321 272 322 273 322 274 322 274 323 273 323 275 323 274 324 275 324 276 324 276 325 275 325 277 325 276 326 277 326 278 326 278 327 277 327 279 327 278 328 279 328 280 328 280 329 279 329 281 329 280 330 281 330 282 330 282 331 281 331 283 331 282 332 283 332 284 332 284 333 283 333 285 333 284 334 285 334 286 334 286 335 285 335 287 335 286 336 287 336 288 336 288 337 287 337 289 337 288 338 289 338 290 338 290 339 289 339 291 339 290 340 291 340 292 340 292 341 291 341 293 341 292 342 293 342 294 342 294 343 293 343 295 343 294 344 295 344 296 344 296 345 295 345 297 345 296 346 297 346 298 346 298 347 297 347 299 347 298 348 299 348 300 348 300 349 299 349 301 349 300 350 301 350 302 350 302 351 301 351 303 351 302 352 303 352 304 352 304 353 303 353 230 353 304 354 230 354 232 354 305 355 292 355 306 355 306 356 292 356 294 356 306 357 294 357 307 357 307 358 294 358 296 358 307 359 296 359 308 359 308 360 296 360 298 360 308 361 298 361 309 361 309 362 298 362 300 362 309 363 300 363 310 363 310 364 300 364 302 364 310 365 302 365 311 365 311 366 302 366 304 366 311 367 304 367 312 367 312 368 304 368 232 368 312 369 232 369 313 369 313 370 232 370 234 370 313 371 234 371 314 371 314 372 234 372 236 372 314 373 236 373 315 373 315 374 236 374 238 374 315 375 238 375 316 375 316 376 238 376 240 376 316 377 240 377 317 377 317 378 240 378 242 378 317 379 242 379 318 379 318 380 242 380 244 380 318 381 244 381 319 381 319 382 244 382 246 382 319 383 246 383 320 383 320 384 246 384 248 384 320 385 248 385 321 385 321 386 248 386 250 386 321 387 250 387 322 387 322 388 250 388 252 388 322 389 252 389 323 389 323 390 252 390 254 390 323 391 254 391 324 391 324 392 254 392 256 392 324 393 256 393 325 393 325 394 256 394 258 394 325 395 258 395 326 395 326 396 258 396 260 396 326 397 260 397 327 397 327 398 260 398 262 398 327 399 262 399 328 399 328 400 262 400 264 400 328 401 264 401 329 401 329 402 264 402 266 402 329 403 266 403 330 403 330 404 266 404 331 404 330 405 331 405 332 405 332 406 331 406 270 406 332 407 270 407 333 407 333 408 270 408 272 408 333 409 272 409 334 409 334 410 272 410 274 410 334 411 274 411 335 411 335 412 274 412 276 412 335 413 276 413 336 413 336 414 276 414 278 414 336 415 278 415 337 415 337 416 278 416 280 416 337 417 280 417 338 417 338 418 280 418 282 418 338 419 282 419 339 419 339 420 282 420 284 420 339 421 284 421 340 421 340 422 284 422 286 422 340 423 286 423 341 423 341 424 286 424 288 424 341 425 288 425 342 425 342 426 288 426 290 426 342 427 290 427 305 427 305 428 290 428 292 428 343 429 344 429 345 429 345 430 344 430 346 430 345 431 346 431 347 431 347 432 346 432 348 432 347 433 348 433 349 433 349 434 348 434 350 434 349 435 350 435 351 435 351 436 350 436 352 436 351 437 352 437 353 437 353 438 352 438 354 438 353 439 354 439 355 439 355 440 354 440 356 440 355 441 356 441 357 441 357 442 356 442 358 442 357 443 358 443 359 443 359 444 358 444 360 444 359 445 360 445 361 445 361 446 360 446 362 446 361 447 362 447 363 447 363 448 362 448 364 448 363 449 364 449 365 449 365 450 364 450 366 450 365 451 366 451 367 451 367 452 366 452 368 452 367 453 368 453 369 453 369 454 368 454 370 454 369 455 370 455 371 455 371 456 370 456 372 456 371 457 372 457 373 457 373 458 372 458 374 458 373 459 374 459 375 459 375 460 374 460 376 460 375 461 376 461 377 461 377 462 376 462 378 462 377 463 378 463 379 463 379 464 378 464 380 464 379 465 380 465 381 465 381 466 380 466 382 466 381 467 382 467 383 467 383 468 382 468 384 468 383 469 384 469 385 469 385 470 384 470 386 470 385 471 386 471 387 471 387 472 386 472 388 472 387 473 388 473 389 473 389 474 388 474 390 474 389 475 390 475 391 475 391 476 390 476 392 476 391 477 392 477 393 477 393 478 392 478 394 478 393 479 394 479 395 479 395 480 394 480 396 480 395 481 396 481 397 481 397 482 396 482 398 482 397 483 398 483 399 483 399 484 398 484 400 484 399 485 400 485 401 485 401 486 400 486 402 486 401 487 402 487 403 487 403 488 402 488 404 488 403 489 404 489 405 489 405 490 404 490 406 490 405 491 406 491 407 491 407 492 406 492 408 492 407 493 408 493 409 493 409 494 408 494 410 494 409 495 410 495 411 495 411 496 410 496 412 496 411 497 412 497 413 497 413 498 412 498 414 498 413 499 414 499 415 499 415 500 414 500 416 500 415 501 416 501 343 501 343 502 416 502 344 502 417 503 345 503 418 503 411 504 413 504 418 504 418 505 413 505 415 505 418 506 415 506 417 506 405 507 407 507 418 507 418 508 407 508 409 508 418 509 409 509 411 509 399 510 401 510 418 510 418 511 401 511 403 511 418 512 403 512 405 512 393 513 395 513 418 513 418 514 395 514 397 514 418 515 397 515 399 515 387 516 389 516 418 516 418 517 389 517 391 517 418 518 391 518 393 518 381 519 383 519 418 519 418 520 383 520 385 520 418 521 385 521 387 521 375 522 377 522 418 522 418 523 377 523 379 523 418 524 379 524 381 524 369 525 371 525 418 525 418 526 371 526 373 526 418 527 373 527 375 527 363 528 365 528 418 528 418 529 365 529 367 529 418 530 367 530 369 530 357 531 359 531 418 531 418 532 359 532 361 532 418 533 361 533 363 533 351 534 353 534 418 534 418 535 353 535 355 535 418 536 355 536 357 536 345 537 347 537 418 537 418 538 347 538 349 538 418 539 349 539 351 539 419 540 420 540 421 540 422 541 420 541 419 541 419 542 423 542 424 542 425 543 423 543 419 543 421 544 425 544 419 544 419 545 426 545 427 545 428 546 426 546 419 546 424 547 428 547 419 547 419 548 429 548 430 548 431 549 429 549 419 549 427 550 431 550 419 550 430 551 422 551 419 551 422 552 111 552 420 552 420 553 111 553 113 553 420 554 113 554 421 554 421 555 113 555 4 555 421 556 4 556 425 556 425 557 4 557 3 557 425 558 3 558 423 558 423 559 3 559 12 559 423 560 12 560 424 560 424 561 12 561 11 561 424 562 11 562 428 562 428 563 11 563 9 563 428 564 9 564 426 564 426 565 9 565 8 565 426 566 8 566 427 566 427 567 8 567 122 567 427 568 122 568 431 568 431 569 122 569 6 569 431 570 6 570 429 570 429 571 6 571 5 571 429 572 5 572 430 572 430 573 5 573 26 573 430 574 26 574 422 574 422 575 26 575 111 575 432 576 433 576 434 576 435 577 433 577 432 577 432 578 436 578 437 578 438 579 436 579 432 579 434 580 438 580 432 580 432 581 439 581 440 581 441 582 439 582 432 582 437 583 441 583 432 583 432 584 442 584 443 584 444 585 442 585 432 585 440 586 444 586 432 586 443 587 435 587 432 587 435 588 41 588 433 588 433 589 41 589 20 589 433 590 20 590 434 590 434 591 20 591 19 591 434 592 19 592 438 592 438 593 19 593 18 593 438 594 18 594 436 594 436 595 18 595 24 595 436 596 24 596 437 596 437 597 24 597 22 597 437 598 22 598 441 598 441 599 22 599 29 599 441 600 29 600 439 600 439 601 29 601 30 601 439 602 30 602 440 602 440 603 30 603 36 603 440 604 36 604 444 604 444 605 36 605 34 605 444 606 34 606 442 606 442 607 34 607 32 607 442 608 32 608 443 608 443 609 32 609 42 609 443 610 42 610 435 610 435 611 42 611 41 611 445 612 446 612 447 612 448 613 446 613 445 613 445 614 449 614 450 614 451 615 449 615 445 615 447 616 451 616 445 616 445 617 452 617 453 617 454 618 452 618 445 618 450 619 454 619 445 619 445 620 455 620 456 620 457 621 455 621 445 621 453 622 457 622 445 622 456 623 448 623 445 623 448 624 50 624 446 624 446 625 50 625 48 625 446 626 48 626 447 626 447 627 48 627 46 627 447 628 46 628 451 628 451 629 46 629 44 629 451 630 44 630 449 630 449 631 44 631 58 631 449 632 58 632 450 632 450 633 58 633 57 633 450 634 57 634 454 634 454 635 57 635 55 635 454 636 55 636 452 636 452 637 55 637 53 637 452 638 53 638 453 638 453 639 53 639 66 639 453 640 66 640 457 640 457 641 66 641 65 641 457 642 65 642 455 642 455 643 65 643 63 643 455 644 63 644 456 644 456 645 63 645 51 645 456 646 51 646 448 646 448 647 51 647 50 647 458 648 459 648 460 648 461 649 459 649 458 649 458 650 462 650 463 650 464 651 462 651 458 651 460 652 464 652 458 652 458 653 465 653 466 653 467 654 465 654 458 654 463 655 467 655 458 655 458 656 468 656 469 656 470 657 468 657 458 657 466 658 470 658 458 658 469 659 461 659 458 659 461 660 91 660 459 660 459 661 91 661 90 661 459 662 90 662 460 662 460 663 90 663 88 663 460 664 88 664 464 664 464 665 88 665 86 665 464 666 86 666 462 666 462 667 86 667 84 667 462 668 84 668 463 668 463 669 84 669 82 669 463 670 82 670 467 670 467 671 82 671 80 671 467 672 80 672 465 672 465 673 80 673 77 673 465 674 77 674 466 674 466 675 77 675 76 675 466 676 76 676 470 676 470 677 76 677 72 677 470 678 72 678 468 678 468 679 72 679 70 679 468 680 70 680 469 680 469 681 70 681 68 681 469 682 68 682 461 682 461 683 68 683 91 683 471 684 472 684 473 684 474 685 472 685 471 685 471 686 475 686 476 686 477 687 475 687 471 687 473 688 477 688 471 688 471 689 478 689 479 689 480 690 478 690 471 690 476 691 480 691 471 691 471 692 481 692 482 692 483 693 481 693 471 693 479 694 483 694 471 694 482 695 474 695 471 695 474 696 484 696 472 696 472 697 484 697 485 697 472 698 485 698 473 698 473 699 485 699 486 699 473 700 486 700 487 700 487 701 486 701 488 701 487 702 488 702 475 702 475 703 488 703 489 703 475 704 489 704 476 704 476 705 489 705 490 705 476 706 490 706 480 706 480 707 490 707 491 707 480 708 491 708 478 708 478 709 491 709 492 709 478 710 492 710 479 710 479 711 492 711 493 711 479 712 493 712 494 712 494 713 493 713 495 713 494 714 495 714 481 714 481 715 495 715 496 715 481 716 496 716 482 716 482 717 496 717 497 717 482 718 497 718 474 718 474 719 497 719 484 719 485 720 107 720 486 720 486 721 107 721 105 721 486 722 105 722 498 722 498 723 105 723 499 723 498 724 499 724 489 724 489 725 499 725 102 725 489 726 102 726 490 726 490 727 102 727 100 727 490 728 100 728 491 728 491 729 100 729 99 729 491 730 99 730 492 730 492 731 99 731 93 731 492 732 93 732 493 732 493 733 93 733 94 733 493 734 94 734 500 734 500 735 94 735 501 735 500 736 501 736 496 736 496 737 501 737 110 737 496 738 110 738 497 738 497 739 110 739 109 739 497 740 109 740 484 740 484 741 109 741 108 741 484 742 108 742 485 742 485 743 108 743 107 743 196 744 502 744 503 744 503 745 502 745 231 745 502 746 194 746 231 746 231 747 194 747 193 747 231 748 193 748 233 748 233 749 193 749 192 749 233 750 192 750 235 750 235 751 192 751 191 751 235 752 191 752 237 752 237 753 191 753 203 753 237 754 203 754 239 754 239 755 203 755 202 755 239 756 202 756 241 756 241 757 202 757 201 757 241 758 201 758 243 758 243 759 201 759 200 759 243 760 200 760 245 760 245 761 200 761 199 761 245 762 199 762 247 762 247 763 199 763 198 763 247 764 198 764 249 764 249 765 198 765 215 765 249 766 215 766 251 766 251 767 215 767 214 767 251 768 214 768 253 768 253 769 214 769 213 769 253 770 213 770 255 770 255 771 213 771 212 771 255 772 212 772 257 772 257 773 212 773 211 773 257 774 211 774 259 774 259 775 211 775 210 775 259 776 210 776 261 776 261 777 210 777 222 777 261 778 222 778 263 778 263 779 222 779 221 779 263 780 221 780 265 780 265 781 221 781 220 781 265 782 220 782 267 782 267 783 220 783 218 783 267 784 218 784 269 784 269 785 218 785 217 785 269 786 217 786 271 786 271 787 217 787 216 787 271 788 216 788 273 788 273 789 216 789 229 789 273 790 229 790 275 790 275 791 229 791 228 791 275 792 228 792 277 792 277 793 228 793 227 793 277 794 227 794 279 794 279 795 227 795 226 795 279 796 226 796 281 796 281 797 226 797 225 797 281 798 225 798 283 798 283 799 225 799 224 799 283 800 224 800 285 800 285 801 224 801 223 801 285 802 223 802 287 802 287 803 223 803 209 803 287 804 209 804 289 804 289 805 209 805 208 805 289 806 208 806 291 806 291 807 208 807 207 807 291 808 207 808 293 808 293 809 207 809 206 809 293 810 206 810 295 810 295 811 206 811 205 811 295 812 205 812 297 812 297 813 205 813 204 813 297 814 204 814 299 814 299 815 204 815 197 815 299 816 197 816 301 816 301 817 197 817 196 817 301 818 196 818 303 818 303 819 196 819 503 819 504 820 505 820 506 820 506 821 505 821 129 821 183 822 507 822 185 822 185 823 507 823 508 823 185 824 508 824 187 824 187 825 508 825 504 825 187 826 504 826 189 826 189 827 504 827 506 827 509 828 115 828 183 828 183 829 115 829 510 829 183 830 510 830 507 830 183 831 181 831 509 831 509 832 181 832 179 832 509 833 179 833 511 833 511 834 179 834 177 834 511 835 177 835 512 835 512 836 177 836 175 836 512 837 175 837 513 837 513 838 175 838 173 838 513 839 173 839 514 839 514 840 173 840 171 840 514 841 171 841 515 841 515 842 171 842 169 842 515 843 169 843 516 843 516 844 169 844 167 844 516 845 167 845 517 845 505 846 518 846 129 846 129 847 518 847 519 847 129 848 519 848 131 848 131 849 519 849 520 849 131 850 520 850 133 850 133 851 520 851 521 851 133 852 521 852 135 852 135 853 521 853 522 853 135 854 522 854 137 854 137 855 522 855 523 855 137 856 523 856 139 856 139 857 523 857 524 857 139 858 524 858 141 858 141 859 524 859 525 859 141 860 525 860 143 860 143 861 525 861 526 861 143 862 526 862 145 862 145 863 526 863 527 863 145 864 527 864 147 864 147 865 527 865 528 865 147 866 528 866 149 866 149 867 528 867 529 867 149 868 529 868 151 868 151 869 529 869 530 869 151 870 530 870 153 870 153 871 530 871 531 871 153 872 531 872 155 872 155 873 531 873 532 873 155 874 532 874 157 874 157 875 532 875 533 875 157 876 533 876 159 876 159 877 533 877 534 877 159 878 534 878 161 878 161 879 534 879 535 879 161 880 535 880 163 880 163 881 535 881 536 881 163 882 536 882 165 882 165 883 536 883 81 883 165 884 81 884 167 884 167 885 81 885 83 885 167 886 83 886 517 886 346 887 332 887 348 887 348 888 332 888 333 888 348 889 333 889 350 889 350 890 333 890 334 890 350 891 334 891 352 891 352 892 334 892 335 892 352 893 335 893 354 893 354 894 335 894 336 894 354 895 336 895 356 895 356 896 336 896 337 896 356 897 337 897 358 897 358 898 337 898 338 898 358 899 338 899 360 899 360 900 338 900 339 900 360 901 339 901 362 901 362 902 339 902 340 902 362 903 340 903 364 903 364 904 340 904 341 904 364 905 341 905 366 905 366 906 341 906 342 906 366 907 342 907 368 907 368 908 342 908 305 908 368 909 305 909 370 909 370 910 305 910 306 910 370 911 306 911 372 911 372 912 306 912 307 912 372 913 307 913 374 913 374 914 307 914 308 914 374 915 308 915 376 915 376 916 308 916 309 916 376 917 309 917 378 917 378 918 309 918 310 918 378 919 310 919 380 919 380 920 310 920 311 920 380 921 311 921 382 921 382 922 311 922 312 922 382 923 312 923 384 923 384 924 312 924 313 924 384 925 313 925 386 925 386 926 313 926 314 926 386 927 314 927 388 927 388 928 314 928 315 928 388 929 315 929 390 929 390 930 315 930 316 930 390 931 316 931 392 931 392 932 316 932 317 932 392 933 317 933 394 933 394 934 317 934 318 934 394 935 318 935 396 935 396 936 318 936 319 936 396 937 319 937 398 937 398 938 319 938 320 938 398 939 320 939 400 939 400 940 320 940 321 940 400 941 321 941 402 941 402 942 321 942 322 942 402 943 322 943 404 943 404 944 322 944 323 944 404 945 323 945 406 945 406 946 323 946 324 946 406 947 324 947 408 947 408 948 324 948 325 948 408 949 325 949 410 949 410 950 325 950 326 950 410 951 326 951 412 951 412 952 326 952 327 952 412 953 327 953 414 953 414 954 327 954 328 954 414 955 328 955 416 955 416 956 328 956 329 956 416 957 329 957 537 957 537 958 329 958 330 958 537 959 330 959 346 959 346 960 330 960 332 960 538 961 539 961 540 961 538 962 541 962 539 962 539 963 541 963 542 963 539 964 542 964 543 964 542 965 544 965 543 965 543 966 544 966 545 966 543 967 545 967 546 967 545 968 547 968 546 968 546 969 547 969 548 969 546 970 548 970 549 970 548 971 550 971 549 971 549 972 550 972 551 972 549 973 551 973 552 973 551 974 553 974 552 974 552 975 553 975 554 975 552 976 554 976 555 976 554 977 556 977 555 977 555 978 556 978 557 978 555 979 557 979 558 979 557 980 559 980 558 980 558 981 559 981 560 981 558 982 560 982 561 982 560 983 562 983 561 983 561 984 562 984 563 984 561 985 563 985 564 985 563 986 565 986 564 986 564 987 565 987 566 987 564 988 566 988 567 988 566 989 568 989 567 989 567 990 568 990 569 990 567 991 569 991 570 991 569 992 571 992 570 992 570 993 571 993 572 993 570 994 572 994 573 994 572 995 574 995 573 995 573 996 574 996 575 996 573 997 575 997 576 997 575 998 577 998 576 998 576 999 577 999 578 999 576 1000 578 1000 579 1000 578 1001 580 1001 579 1001 579 1002 580 1002 581 1002 579 1003 581 1003 582 1003 581 1004 583 1004 582 1004 582 1005 583 1005 584 1005 582 1006 584 1006 585 1006 584 1007 586 1007 585 1007 585 1008 586 1008 587 1008 585 1009 587 1009 588 1009 587 1010 589 1010 588 1010 588 1011 589 1011 590 1011 588 1012 590 1012 591 1012 590 1013 592 1013 591 1013 591 1014 592 1014 593 1014 591 1015 593 1015 594 1015 593 1016 595 1016 594 1016 594 1017 595 1017 596 1017 594 1018 596 1018 597 1018 596 1019 598 1019 597 1019 597 1020 598 1020 599 1020 597 1021 599 1021 600 1021 599 1022 601 1022 600 1022 600 1023 601 1023 602 1023 600 1024 602 1024 540 1024 540 1025 602 1025 603 1025 540 1026 603 1026 538 1026 540 1027 539 1027 604 1027 594 1028 597 1028 604 1028 604 1029 597 1029 600 1029 604 1030 600 1030 540 1030 585 1031 588 1031 604 1031 604 1032 588 1032 591 1032 604 1033 591 1033 594 1033 576 1034 579 1034 604 1034 604 1035 579 1035 582 1035 604 1036 582 1036 585 1036 567 1037 570 1037 604 1037 604 1038 570 1038 573 1038 604 1039 573 1039 576 1039 558 1040 561 1040 604 1040 604 1041 561 1041 564 1041 604 1042 564 1042 567 1042 549 1043 552 1043 604 1043 604 1044 552 1044 555 1044 604 1045 555 1045 558 1045 539 1046 543 1046 604 1046 604 1047 543 1047 546 1047 604 1048 546 1048 549 1048 605 1049 606 1049 601 1049 601 1050 599 1050 605 1050 605 1051 599 1051 598 1051 605 1052 598 1052 607 1052 598 1053 596 1053 607 1053 607 1054 596 1054 595 1054 607 1055 595 1055 608 1055 595 1056 593 1056 608 1056 608 1057 593 1057 592 1057 608 1058 592 1058 609 1058 592 1059 590 1059 609 1059 609 1060 590 1060 589 1060 609 1061 589 1061 610 1061 589 1062 587 1062 610 1062 610 1063 587 1063 586 1063 610 1064 586 1064 611 1064 586 1065 584 1065 611 1065 611 1066 584 1066 583 1066 611 1067 583 1067 612 1067 583 1068 581 1068 612 1068 612 1069 581 1069 580 1069 612 1070 580 1070 613 1070 580 1071 578 1071 613 1071 613 1072 578 1072 577 1072 613 1073 577 1073 614 1073 577 1074 575 1074 614 1074 614 1075 575 1075 574 1075 614 1076 574 1076 615 1076 574 1077 572 1077 615 1077 615 1078 572 1078 571 1078 615 1079 571 1079 616 1079 616 1080 571 1080 569 1080 616 1081 569 1081 617 1081 569 1082 568 1082 617 1082 617 1083 568 1083 566 1083 617 1084 566 1084 618 1084 566 1085 565 1085 618 1085 618 1086 565 1086 563 1086 618 1087 563 1087 619 1087 563 1088 562 1088 619 1088 619 1089 562 1089 560 1089 619 1090 560 1090 620 1090 560 1091 559 1091 620 1091 620 1092 559 1092 557 1092 620 1093 557 1093 621 1093 557 1094 556 1094 621 1094 621 1095 556 1095 554 1095 621 1096 554 1096 622 1096 554 1097 553 1097 622 1097 622 1098 553 1098 551 1098 622 1099 551 1099 623 1099 551 1100 550 1100 623 1100 623 1101 550 1101 548 1101 623 1102 548 1102 624 1102 548 1103 547 1103 624 1103 624 1104 547 1104 545 1104 624 1105 545 1105 625 1105 545 1106 544 1106 625 1106 625 1107 544 1107 542 1107 625 1108 542 1108 626 1108 542 1109 541 1109 626 1109 626 1110 541 1110 538 1110 626 1111 538 1111 627 1111 627 1112 538 1112 628 1112 627 1113 628 1113 606 1113 606 1114 628 1114 602 1114 606 1115 602 1115 601 1115 629 1116 630 1116 631 1116 631 1117 630 1117 632 1117 631 1118 632 1118 633 1118 633 1119 632 1119 634 1119 633 1120 634 1120 635 1120 636 1121 637 1121 638 1121 638 1122 637 1122 639 1122 638 1123 639 1123 634 1123 634 1124 639 1124 640 1124 634 1125 640 1125 635 1125 629 1126 641 1126 630 1126 630 1127 641 1127 642 1127 630 1128 642 1128 643 1128 644 1129 645 1129 646 1129 646 1130 645 1130 647 1130 646 1131 647 1131 648 1131 649 1132 638 1132 646 1132 646 1133 638 1133 630 1133 646 1134 630 1134 644 1134 644 1135 630 1135 643 1135 650 1136 651 1136 649 1136 649 1137 651 1137 652 1137 652 1138 653 1138 649 1138 649 1139 653 1139 654 1139 649 1140 654 1140 638 1140 638 1141 654 1141 655 1141 638 1142 655 1142 636 1142 647 1143 656 1143 648 1143 648 1144 656 1144 657 1144 648 1145 657 1145 650 1145 650 1146 657 1146 658 1146 650 1147 658 1147 651 1147 659 1148 657 1148 656 1148 659 1149 656 1149 660 1149 660 1150 656 1150 647 1150 660 1151 647 1151 661 1151 661 1152 647 1152 645 1152 661 1153 645 1153 662 1153 662 1154 645 1154 644 1154 662 1155 644 1155 663 1155 663 1156 644 1156 664 1156 663 1157 664 1157 665 1157 665 1158 664 1158 642 1158 665 1159 642 1159 666 1159 666 1160 642 1160 641 1160 666 1161 641 1161 667 1161 667 1162 641 1162 629 1162 667 1163 629 1163 668 1163 668 1164 629 1164 631 1164 668 1165 631 1165 669 1165 669 1166 631 1166 633 1166 669 1167 633 1167 670 1167 671 1168 672 1168 673 1168 674 1169 675 1169 676 1169 677 1170 678 1170 679 1170 675 1171 680 1171 676 1171 676 1172 680 1172 681 1172 676 1173 681 1173 679 1173 679 1174 681 1174 682 1174 679 1175 682 1175 677 1175 683 1176 684 1176 685 1176 686 1177 687 1177 688 1177 688 1178 687 1178 689 1178 688 1179 689 1179 676 1179 676 1180 689 1180 690 1180 676 1181 690 1181 674 1181 672 1182 691 1182 673 1182 673 1183 691 1183 692 1183 673 1184 692 1184 685 1184 685 1185 692 1185 693 1185 685 1186 693 1186 683 1186 684 1187 694 1187 685 1187 685 1188 694 1188 695 1188 685 1189 695 1189 688 1189 688 1190 695 1190 696 1190 688 1191 696 1191 686 1191 697 1192 698 1192 699 1192 699 1193 698 1193 700 1193 699 1194 700 1194 673 1194 673 1195 700 1195 701 1195 673 1196 701 1196 671 1196 678 1197 702 1197 679 1197 679 1198 702 1198 703 1198 679 1199 703 1199 699 1199 699 1200 703 1200 704 1200 699 1201 704 1201 697 1201 705 1202 706 1202 707 1202 707 1203 706 1203 708 1203 707 1204 708 1204 709 1204 709 1205 708 1205 710 1205 709 1206 710 1206 711 1206 711 1207 710 1207 712 1207 711 1208 712 1208 713 1208 713 1209 712 1209 714 1209 713 1210 714 1210 715 1210 715 1211 714 1211 716 1211 715 1212 716 1212 717 1212 718 1213 719 1213 720 1213 720 1214 719 1214 721 1214 720 1215 721 1215 722 1215 722 1216 721 1216 723 1216 722 1217 723 1217 724 1217 724 1218 723 1218 725 1218 724 1219 725 1219 726 1219 726 1220 725 1220 727 1220 726 1221 727 1221 705 1221 705 1222 727 1222 728 1222 705 1223 728 1223 706 1223 729 1224 730 1224 731 1224 731 1225 730 1225 732 1225 731 1226 732 1226 733 1226 733 1227 732 1227 734 1227 733 1228 734 1228 735 1228 735 1229 734 1229 736 1229 735 1230 736 1230 737 1230 737 1231 736 1231 738 1231 737 1232 738 1232 739 1232 739 1233 738 1233 740 1233 739 1234 740 1234 741 1234 741 1235 740 1235 742 1235 741 1236 742 1236 718 1236 718 1237 742 1237 743 1237 718 1238 743 1238 719 1238 716 1239 744 1239 717 1239 717 1240 744 1240 745 1240 717 1241 745 1241 746 1241 746 1242 745 1242 747 1242 746 1243 747 1243 748 1243 748 1244 747 1244 749 1244 748 1245 749 1245 750 1245 750 1246 749 1246 751 1246 750 1247 751 1247 752 1247 752 1248 751 1248 753 1248 752 1249 753 1249 754 1249 754 1250 753 1250 755 1250 754 1251 755 1251 729 1251 729 1252 755 1252 756 1252 729 1253 756 1253 730 1253 757 1254 736 1254 680 1254 680 1255 736 1255 734 1255 680 1256 734 1256 681 1256 681 1257 734 1257 732 1257 681 1258 732 1258 682 1258 682 1259 732 1259 730 1259 682 1260 730 1260 677 1260 677 1261 730 1261 756 1261 677 1262 756 1262 678 1262 678 1263 756 1263 755 1263 678 1264 755 1264 702 1264 702 1265 755 1265 753 1265 702 1266 753 1266 703 1266 703 1267 753 1267 751 1267 703 1268 751 1268 704 1268 704 1269 751 1269 749 1269 704 1270 749 1270 697 1270 697 1271 749 1271 747 1271 697 1272 747 1272 698 1272 698 1273 747 1273 745 1273 698 1274 745 1274 700 1274 700 1275 745 1275 744 1275 700 1276 744 1276 701 1276 701 1277 744 1277 716 1277 701 1278 716 1278 671 1278 671 1279 716 1279 714 1279 671 1280 714 1280 758 1280 758 1281 714 1281 712 1281 758 1282 712 1282 691 1282 691 1283 712 1283 710 1283 691 1284 710 1284 692 1284 692 1285 710 1285 708 1285 692 1286 708 1286 693 1286 693 1287 708 1287 706 1287 693 1288 706 1288 683 1288 683 1289 706 1289 728 1289 683 1290 728 1290 684 1290 684 1291 728 1291 727 1291 684 1292 727 1292 694 1292 694 1293 727 1293 725 1293 694 1294 725 1294 695 1294 695 1295 725 1295 723 1295 695 1296 723 1296 696 1296 696 1297 723 1297 721 1297 696 1298 721 1298 686 1298 686 1299 721 1299 719 1299 686 1300 719 1300 687 1300 687 1301 719 1301 743 1301 687 1302 743 1302 689 1302 689 1303 743 1303 742 1303 689 1304 742 1304 690 1304 690 1305 742 1305 740 1305 690 1306 740 1306 674 1306 674 1307 740 1307 738 1307 674 1308 738 1308 757 1308 757 1309 738 1309 736 1309 699 1310 759 1310 679 1310 679 1311 759 1311 760 1311 761 1312 762 1312 699 1312 699 1313 762 1313 759 1313 685 1314 763 1314 764 1314 764 1315 763 1315 765 1315 688 1316 766 1316 685 1316 685 1317 766 1317 763 1317 767 1318 768 1318 688 1318 688 1319 768 1319 766 1319 679 1320 760 1320 769 1320 769 1321 760 1321 770 1321 771 1322 635 1322 640 1322 771 1323 640 1323 772 1323 772 1324 640 1324 639 1324 772 1325 639 1325 773 1325 773 1326 639 1326 637 1326 773 1327 637 1327 774 1327 774 1328 637 1328 636 1328 774 1329 636 1329 775 1329 775 1330 636 1330 776 1330 775 1331 776 1331 777 1331 777 1332 776 1332 654 1332 777 1333 654 1333 778 1333 778 1334 654 1334 653 1334 778 1335 653 1335 779 1335 779 1336 653 1336 652 1336 779 1337 652 1337 780 1337 780 1338 652 1338 651 1338 780 1339 651 1339 781 1339 781 1340 651 1340 658 1340 781 1341 658 1341 782 1341 663 1342 783 1342 784 1342 771 1343 763 1343 670 1343 670 1344 763 1344 766 1344 670 1345 766 1345 669 1345 775 1346 785 1346 786 1346 659 1347 760 1347 782 1347 782 1348 760 1348 759 1348 782 1349 759 1349 781 1349 659 1350 660 1350 760 1350 760 1351 660 1351 661 1351 760 1352 661 1352 784 1352 784 1353 661 1353 662 1353 784 1354 662 1354 663 1354 783 1355 666 1355 784 1355 784 1356 666 1356 667 1356 784 1357 667 1357 766 1357 766 1358 667 1358 668 1358 766 1359 668 1359 669 1359 771 1360 772 1360 763 1360 763 1361 772 1361 773 1361 763 1362 773 1362 786 1362 786 1363 773 1363 774 1363 786 1364 774 1364 775 1364 785 1365 778 1365 786 1365 786 1366 778 1366 779 1366 786 1367 779 1367 759 1367 759 1368 779 1368 780 1368 759 1369 780 1369 781 1369 670 1370 633 1370 771 1370 771 1371 633 1371 635 1371 782 1372 658 1372 659 1372 659 1373 658 1373 657 1373 735 1374 737 1374 787 1374 787 1375 737 1375 788 1375 788 1376 737 1376 739 1376 788 1377 739 1377 789 1377 789 1378 739 1378 741 1378 789 1379 741 1379 790 1379 790 1380 741 1380 718 1380 790 1381 718 1381 791 1381 791 1382 718 1382 720 1382 791 1383 720 1383 792 1383 792 1384 720 1384 722 1384 792 1385 722 1385 793 1385 793 1386 722 1386 724 1386 793 1387 724 1387 794 1387 787 1388 795 1388 735 1388 735 1389 795 1389 796 1389 735 1390 796 1390 733 1390 733 1391 796 1391 797 1391 733 1392 797 1392 731 1392 731 1393 797 1393 798 1393 731 1394 798 1394 729 1394 729 1395 798 1395 799 1395 729 1396 799 1396 754 1396 754 1397 799 1397 800 1397 754 1398 800 1398 752 1398 752 1399 800 1399 801 1399 752 1400 801 1400 750 1400 750 1401 801 1401 802 1401 750 1402 802 1402 748 1402 748 1403 802 1403 803 1403 748 1404 803 1404 746 1404 746 1405 803 1405 804 1405 746 1406 804 1406 717 1406 717 1407 804 1407 805 1407 717 1408 805 1408 715 1408 715 1409 805 1409 806 1409 715 1410 806 1410 807 1410 807 1411 806 1411 808 1411 807 1412 808 1412 711 1412 711 1413 808 1413 809 1413 711 1414 809 1414 709 1414 709 1415 809 1415 810 1415 709 1416 810 1416 707 1416 707 1417 810 1417 811 1417 707 1418 811 1418 705 1418 705 1419 811 1419 812 1419 705 1420 812 1420 726 1420 726 1421 812 1421 813 1421 726 1422 813 1422 724 1422 724 1423 813 1423 814 1423 724 1424 814 1424 794 1424 815 1425 816 1425 817 1425 817 1426 816 1426 818 1426 817 1427 818 1427 819 1427 819 1428 818 1428 820 1428 819 1429 820 1429 821 1429 821 1430 820 1430 822 1430 821 1431 822 1431 823 1431 823 1432 822 1432 824 1432 823 1433 824 1433 825 1433 825 1434 824 1434 826 1434 825 1435 826 1435 827 1435 827 1436 826 1436 828 1436 827 1437 828 1437 829 1437 829 1438 828 1438 830 1438 829 1439 830 1439 831 1439 831 1440 830 1440 832 1440 831 1441 832 1441 833 1441 833 1442 832 1442 834 1442 833 1443 834 1443 835 1443 835 1444 834 1444 836 1444 835 1445 836 1445 837 1445 837 1446 836 1446 838 1446 837 1447 838 1447 815 1447 815 1448 838 1448 816 1448 839 1449 840 1449 841 1449 841 1450 840 1450 842 1450 841 1451 842 1451 843 1451 843 1452 842 1452 844 1452 843 1453 844 1453 845 1453 845 1454 844 1454 846 1454 845 1455 846 1455 847 1455 847 1456 846 1456 848 1456 847 1457 848 1457 849 1457 849 1458 848 1458 850 1458 849 1459 850 1459 851 1459 851 1460 850 1460 852 1460 851 1461 852 1461 853 1461 853 1462 852 1462 854 1462 853 1463 854 1463 855 1463 855 1464 854 1464 856 1464 855 1465 856 1465 857 1465 857 1466 856 1466 858 1466 857 1467 858 1467 859 1467 859 1468 858 1468 860 1468 859 1469 860 1469 861 1469 861 1470 860 1470 862 1470 861 1471 862 1471 839 1471 839 1472 862 1472 840 1472 863 1473 864 1473 865 1473 865 1474 864 1474 866 1474 865 1475 866 1475 867 1475 867 1476 866 1476 868 1476 867 1477 868 1477 869 1477 869 1478 868 1478 870 1478 869 1479 870 1479 871 1479 871 1480 870 1480 872 1480 871 1481 872 1481 873 1481 873 1482 872 1482 874 1482 873 1483 874 1483 875 1483 875 1484 874 1484 876 1484 875 1485 876 1485 877 1485 877 1486 876 1486 878 1486 877 1487 878 1487 879 1487 879 1488 878 1488 880 1488 879 1489 880 1489 881 1489 881 1490 880 1490 882 1490 881 1491 882 1491 883 1491 883 1492 882 1492 884 1492 883 1493 884 1493 885 1493 885 1494 884 1494 886 1494 885 1495 886 1495 863 1495 863 1496 886 1496 864 1496 887 1497 888 1497 889 1497 889 1498 888 1498 890 1498 889 1499 890 1499 891 1499 891 1500 890 1500 892 1500 891 1501 892 1501 893 1501 893 1502 892 1502 894 1502 893 1503 894 1503 895 1503 895 1504 894 1504 896 1504 895 1505 896 1505 897 1505 897 1506 896 1506 898 1506 897 1507 898 1507 899 1507 899 1508 898 1508 900 1508 899 1509 900 1509 901 1509 901 1510 900 1510 902 1510 901 1511 902 1511 903 1511 903 1512 902 1512 904 1512 903 1513 904 1513 905 1513 905 1514 904 1514 906 1514 905 1515 906 1515 907 1515 907 1516 906 1516 908 1516 907 1517 908 1517 909 1517 909 1518 908 1518 910 1518 909 1519 910 1519 887 1519 887 1520 910 1520 888 1520 911 1521 912 1521 913 1521 913 1522 912 1522 914 1522 913 1523 914 1523 915 1523 915 1524 914 1524 916 1524 915 1525 916 1525 917 1525 917 1526 916 1526 918 1526 917 1527 918 1527 919 1527 919 1528 918 1528 920 1528 919 1529 920 1529 921 1529 921 1530 920 1530 922 1530 921 1531 922 1531 923 1531 923 1532 922 1532 924 1532 923 1533 924 1533 925 1533 925 1534 924 1534 926 1534 925 1535 926 1535 927 1535 927 1536 926 1536 928 1536 927 1537 928 1537 929 1537 929 1538 928 1538 930 1538 929 1539 930 1539 931 1539 931 1540 930 1540 932 1540 931 1541 932 1541 933 1541 933 1542 932 1542 934 1542 933 1543 934 1543 911 1543 911 1544 934 1544 912 1544 935 1545 936 1545 937 1545 937 1546 936 1546 938 1546 937 1547 938 1547 939 1547 939 1548 938 1548 940 1548 939 1549 940 1549 941 1549 941 1550 940 1550 942 1550 941 1551 942 1551 943 1551 943 1552 942 1552 944 1552 943 1553 944 1553 945 1553 945 1554 944 1554 946 1554 945 1555 946 1555 947 1555 947 1556 946 1556 948 1556 947 1557 948 1557 949 1557 949 1558 948 1558 950 1558 949 1559 950 1559 951 1559 951 1560 950 1560 952 1560 951 1561 952 1561 953 1561 953 1562 952 1562 954 1562 953 1563 954 1563 955 1563 955 1564 954 1564 956 1564 955 1565 956 1565 957 1565 957 1566 956 1566 958 1566 957 1567 958 1567 935 1567 935 1568 958 1568 936 1568 959 1569 960 1569 961 1569 961 1570 960 1570 962 1570 961 1571 962 1571 963 1571 963 1572 962 1572 964 1572 963 1573 964 1573 965 1573 965 1574 964 1574 966 1574 965 1575 966 1575 967 1575 967 1576 966 1576 968 1576 967 1577 968 1577 969 1577 969 1578 968 1578 970 1578 969 1579 970 1579 971 1579 971 1580 970 1580 972 1580 971 1581 972 1581 973 1581 973 1582 972 1582 974 1582 973 1583 974 1583 975 1583 975 1584 974 1584 976 1584 975 1585 976 1585 977 1585 977 1586 976 1586 978 1586 977 1587 978 1587 979 1587 979 1588 978 1588 980 1588 979 1589 980 1589 981 1589 981 1590 980 1590 982 1590 981 1591 982 1591 959 1591 959 1592 982 1592 960 1592 798 1593 983 1593 799 1593 840 1594 862 1594 983 1594 814 1595 793 1595 794 1595 811 1596 984 1596 812 1596 924 1597 922 1597 984 1597 916 1598 914 1598 985 1598 984 1599 922 1599 986 1599 986 1600 922 1600 920 1600 986 1601 920 1601 918 1601 985 1602 914 1602 809 1602 811 1603 928 1603 984 1603 984 1604 928 1604 926 1604 984 1605 926 1605 924 1605 914 1606 912 1606 809 1606 809 1607 912 1607 934 1607 809 1608 934 1608 810 1608 810 1609 934 1609 932 1609 810 1610 932 1610 811 1610 811 1611 932 1611 930 1611 811 1612 930 1612 928 1612 944 1613 942 1613 987 1613 814 1614 952 1614 793 1614 793 1615 952 1615 950 1615 793 1616 950 1616 792 1616 792 1617 950 1617 948 1617 792 1618 948 1618 791 1618 944 1619 987 1619 946 1619 940 1620 938 1620 984 1620 984 1621 938 1621 936 1621 984 1622 936 1622 812 1622 812 1623 936 1623 958 1623 812 1624 958 1624 813 1624 813 1625 958 1625 956 1625 813 1626 956 1626 814 1626 814 1627 956 1627 954 1627 814 1628 954 1628 952 1628 868 1629 866 1629 988 1629 866 1630 864 1630 988 1630 988 1631 864 1631 886 1631 988 1632 886 1632 987 1632 987 1633 886 1633 884 1633 987 1634 884 1634 882 1634 874 1635 872 1635 989 1635 989 1636 872 1636 870 1636 948 1637 946 1637 791 1637 791 1638 946 1638 987 1638 791 1639 987 1639 790 1639 790 1640 987 1640 882 1640 882 1641 880 1641 790 1641 790 1642 880 1642 878 1642 790 1643 878 1643 789 1643 789 1644 878 1644 876 1644 789 1645 876 1645 788 1645 796 1646 795 1646 990 1646 990 1647 795 1647 991 1647 990 1648 991 1648 989 1648 989 1649 991 1649 788 1649 989 1650 788 1650 874 1650 874 1651 788 1651 876 1651 983 1652 862 1652 992 1652 992 1653 862 1653 860 1653 992 1654 860 1654 858 1654 798 1655 844 1655 983 1655 983 1656 844 1656 842 1656 983 1657 842 1657 840 1657 856 1658 854 1658 990 1658 990 1659 854 1659 852 1659 990 1660 852 1660 796 1660 796 1661 852 1661 850 1661 796 1662 850 1662 797 1662 797 1663 850 1663 848 1663 797 1664 848 1664 798 1664 798 1665 848 1665 846 1665 798 1666 846 1666 844 1666 836 1667 834 1667 993 1667 832 1668 830 1668 983 1668 983 1669 830 1669 828 1669 983 1670 828 1670 799 1670 799 1671 828 1671 826 1671 799 1672 826 1672 800 1672 826 1673 824 1673 800 1673 800 1674 824 1674 822 1674 800 1675 822 1675 801 1675 801 1676 822 1676 820 1676 801 1677 820 1677 802 1677 836 1678 993 1678 838 1678 820 1679 818 1679 802 1679 802 1680 818 1680 816 1680 802 1681 816 1681 803 1681 918 1682 916 1682 986 1682 986 1683 916 1683 985 1683 986 1684 985 1684 994 1684 994 1685 985 1685 904 1685 994 1686 904 1686 902 1686 902 1687 900 1687 994 1687 994 1688 900 1688 898 1688 994 1689 898 1689 993 1689 993 1690 898 1690 896 1690 993 1691 896 1691 894 1691 816 1692 838 1692 803 1692 803 1693 838 1693 993 1693 803 1694 993 1694 804 1694 804 1695 993 1695 894 1695 894 1696 892 1696 804 1696 804 1697 892 1697 890 1697 804 1698 890 1698 805 1698 805 1699 890 1699 888 1699 805 1700 888 1700 806 1700 888 1701 910 1701 806 1701 806 1702 910 1702 908 1702 806 1703 908 1703 985 1703 985 1704 908 1704 906 1704 985 1705 906 1705 904 1705 968 1706 966 1706 992 1706 964 1707 962 1707 994 1707 962 1708 960 1708 994 1708 994 1709 960 1709 995 1709 994 1710 995 1710 986 1710 986 1711 995 1711 980 1711 986 1712 980 1712 978 1712 976 1713 974 1713 988 1713 988 1714 974 1714 972 1714 988 1715 972 1715 992 1715 992 1716 972 1716 996 1716 992 1717 996 1717 968 1717 834 1718 832 1718 993 1718 993 1719 832 1719 983 1719 993 1720 983 1720 994 1720 994 1721 983 1721 992 1721 994 1722 992 1722 964 1722 964 1723 992 1723 966 1723 858 1724 856 1724 992 1724 992 1725 856 1725 990 1725 992 1726 990 1726 988 1726 988 1727 990 1727 989 1727 988 1728 989 1728 868 1728 868 1729 989 1729 870 1729 978 1730 976 1730 986 1730 986 1731 976 1731 988 1731 986 1732 988 1732 984 1732 984 1733 988 1733 987 1733 984 1734 987 1734 940 1734 940 1735 987 1735 942 1735 955 1736 957 1736 997 1736 997 1737 957 1737 935 1737 997 1738 935 1738 937 1738 949 1739 951 1739 997 1739 997 1740 951 1740 953 1740 997 1741 953 1741 955 1741 943 1742 945 1742 997 1742 997 1743 945 1743 947 1743 997 1744 947 1744 949 1744 937 1745 939 1745 997 1745 997 1746 939 1746 941 1746 997 1747 941 1747 943 1747 931 1748 933 1748 998 1748 998 1749 933 1749 911 1749 998 1750 911 1750 913 1750 925 1751 927 1751 998 1751 998 1752 927 1752 929 1752 998 1753 929 1753 931 1753 919 1754 921 1754 998 1754 998 1755 921 1755 923 1755 998 1756 923 1756 925 1756 913 1757 915 1757 998 1757 998 1758 915 1758 917 1758 998 1759 917 1759 919 1759 907 1760 909 1760 999 1760 999 1761 909 1761 887 1761 999 1762 887 1762 889 1762 901 1763 903 1763 999 1763 999 1764 903 1764 905 1764 999 1765 905 1765 907 1765 895 1766 897 1766 999 1766 999 1767 897 1767 899 1767 999 1768 899 1768 901 1768 889 1769 891 1769 999 1769 999 1770 891 1770 893 1770 999 1771 893 1771 895 1771 883 1772 885 1772 1000 1772 1000 1773 885 1773 863 1773 1000 1774 863 1774 865 1774 877 1775 879 1775 1000 1775 1000 1776 879 1776 881 1776 1000 1777 881 1777 883 1777 871 1778 873 1778 1000 1778 1000 1779 873 1779 875 1779 1000 1780 875 1780 877 1780 865 1781 867 1781 1000 1781 1000 1782 867 1782 869 1782 1000 1783 869 1783 871 1783 859 1784 861 1784 1001 1784 1001 1785 861 1785 839 1785 1001 1786 839 1786 841 1786 853 1787 855 1787 1001 1787 1001 1788 855 1788 857 1788 1001 1789 857 1789 859 1789 847 1790 849 1790 1001 1790 1001 1791 849 1791 851 1791 1001 1792 851 1792 853 1792 841 1793 843 1793 1001 1793 1001 1794 843 1794 845 1794 1001 1795 845 1795 847 1795 835 1796 837 1796 1002 1796 1002 1797 837 1797 815 1797 1002 1798 815 1798 817 1798 829 1799 831 1799 1002 1799 1002 1800 831 1800 833 1800 1002 1801 833 1801 835 1801 823 1802 825 1802 1002 1802 1002 1803 825 1803 827 1803 1002 1804 827 1804 829 1804 817 1805 819 1805 1002 1805 1002 1806 819 1806 821 1806 1002 1807 821 1807 823 1807 979 1808 981 1808 1003 1808 1003 1809 981 1809 1004 1809 1003 1810 1004 1810 961 1810 973 1811 975 1811 1003 1811 1003 1812 975 1812 977 1812 1003 1813 977 1813 979 1813 967 1814 969 1814 1003 1814 1003 1815 969 1815 971 1815 1003 1816 971 1816 973 1816 961 1817 963 1817 1003 1817 1003 1818 963 1818 965 1818 1003 1819 965 1819 967 1819 1005 1820 1006 1820 649 1820 649 1821 1006 1821 650 1821 1007 1822 1005 1822 646 1822 646 1823 1005 1823 649 1823 1008 1824 1007 1824 648 1824 648 1825 1007 1825 646 1825 1006 1826 1008 1826 650 1826 650 1827 1008 1827 648 1827 1007 1828 1008 1828 1005 1828 1005 1829 1008 1829 1006 1829 1009 1830 1010 1830 634 1830 634 1831 1010 1831 638 1831 1011 1832 1009 1832 632 1832 632 1833 1009 1833 634 1833 1012 1834 1011 1834 630 1834 630 1835 1011 1835 632 1835 1010 1836 1012 1836 638 1836 638 1837 1012 1837 630 1837 1011 1838 1012 1838 1009 1838 1009 1839 1012 1839 1010 1839 1013 1840 1014 1840 1015 1840 1015 1841 1014 1841 1016 1841 1015 1842 1016 1842 1017 1842 1017 1843 1016 1843 1018 1843 1017 1844 1018 1844 1019 1844 1019 1845 1018 1845 1020 1845 1019 1846 1020 1846 1021 1846 1021 1847 1020 1847 1022 1847 1021 1848 1022 1848 1023 1848 1023 1849 1022 1849 1024 1849 1023 1850 1024 1850 1025 1850 1025 1851 1024 1851 1026 1851 1025 1852 1026 1852 1027 1852 1027 1853 1026 1853 1028 1853 1027 1854 1028 1854 1029 1854 1029 1855 1028 1855 1030 1855 1029 1856 1030 1856 1031 1856 1031 1857 1030 1857 1032 1857 1031 1858 1032 1858 1033 1858 1033 1859 1032 1859 1034 1859 1033 1860 1034 1860 1035 1860 1035 1861 1034 1861 1036 1861 1035 1862 1036 1862 1037 1862 1037 1863 1036 1863 1038 1863 1037 1864 1038 1864 1039 1864 1039 1865 1038 1865 1040 1865 1039 1866 1040 1866 1041 1866 1041 1867 1040 1867 1042 1867 1041 1868 1042 1868 1043 1868 1043 1869 1042 1869 1044 1869 1043 1870 1044 1870 1045 1870 1045 1871 1044 1871 1046 1871 1045 1872 1046 1872 1047 1872 1047 1873 1046 1873 1048 1873 1047 1874 1048 1874 1049 1874 1049 1875 1048 1875 1050 1875 1049 1876 1050 1876 1051 1876 1051 1877 1050 1877 1052 1877 1051 1878 1052 1878 1053 1878 1053 1879 1052 1879 1054 1879 1053 1880 1054 1880 1055 1880 1055 1881 1054 1881 1056 1881 1055 1882 1056 1882 1057 1882 1057 1883 1056 1883 1058 1883 1057 1884 1058 1884 1059 1884 1059 1885 1058 1885 1060 1885 1059 1886 1060 1886 1061 1886 1061 1887 1060 1887 1062 1887 1061 1888 1062 1888 1063 1888 1063 1889 1062 1889 1064 1889 1063 1890 1064 1890 1065 1890 1065 1891 1064 1891 1066 1891 1065 1892 1066 1892 1067 1892 1067 1893 1066 1893 1068 1893 1067 1894 1068 1894 1069 1894 1069 1895 1068 1895 1070 1895 1069 1896 1070 1896 1071 1896 1071 1897 1070 1897 1072 1897 1071 1898 1072 1898 1073 1898 1073 1899 1072 1899 1074 1899 1073 1900 1074 1900 1075 1900 1075 1901 1074 1901 1076 1901 1075 1902 1076 1902 1077 1902 1077 1903 1076 1903 1078 1903 1077 1904 1078 1904 1079 1904 1079 1905 1078 1905 1080 1905 1079 1906 1080 1906 1081 1906 1081 1907 1080 1907 1082 1907 1081 1908 1082 1908 1083 1908 1083 1909 1082 1909 1084 1909 1083 1910 1084 1910 1085 1910 1085 1911 1084 1911 1086 1911 1085 1912 1086 1912 1087 1912 1087 1913 1086 1913 1088 1913 1087 1914 1088 1914 1089 1914 1089 1915 1088 1915 1090 1915 1089 1916 1090 1916 1091 1916 1091 1917 1090 1917 1092 1917 1091 1918 1092 1918 1093 1918 1093 1919 1092 1919 1094 1919 1093 1920 1094 1920 1095 1920 1095 1921 1094 1921 1096 1921 1095 1922 1096 1922 1097 1922 1097 1923 1096 1923 1098 1923 1097 1924 1098 1924 1099 1924 1099 1925 1098 1925 1100 1925 1099 1926 1100 1926 1101 1926 1101 1927 1100 1927 1102 1927 1101 1928 1102 1928 1103 1928 1103 1929 1102 1929 1104 1929 1103 1930 1104 1930 1105 1930 1105 1931 1104 1931 1106 1931 1105 1932 1106 1932 1107 1932 1107 1933 1106 1933 1108 1933 1107 1934 1108 1934 1109 1934 1109 1935 1108 1935 1110 1935 1109 1936 1110 1936 1111 1936 1111 1937 1110 1937 1112 1937 1111 1938 1112 1938 1113 1938 1113 1939 1112 1939 1114 1939 1113 1940 1114 1940 1115 1940 1115 1941 1114 1941 1116 1941 1115 1942 1116 1942 1117 1942 1117 1943 1116 1943 1118 1943 1117 1944 1118 1944 1119 1944 1119 1945 1118 1945 1120 1945 1119 1946 1120 1946 1121 1946 1121 1947 1120 1947 1122 1947 1121 1948 1122 1948 1123 1948 1123 1949 1122 1949 1124 1949 1123 1950 1124 1950 1125 1950 1125 1951 1124 1951 1126 1951 1125 1952 1126 1952 1127 1952 1127 1953 1126 1953 1128 1953 1127 1954 1128 1954 1129 1954 1129 1955 1128 1955 1130 1955 1129 1956 1130 1956 1131 1956 1131 1957 1130 1957 1132 1957 1131 1958 1132 1958 1133 1958 1133 1959 1132 1959 1134 1959 1133 1960 1134 1960 1135 1960 1135 1961 1134 1961 1136 1961 1135 1962 1136 1962 1137 1962 1137 1963 1136 1963 1138 1963 1137 1964 1138 1964 1139 1964 1139 1965 1138 1965 1140 1965 1139 1966 1140 1966 1141 1966 1141 1967 1140 1967 1142 1967 1141 1968 1142 1968 1143 1968 1143 1969 1142 1969 1144 1969 1143 1970 1144 1970 1145 1970 1145 1971 1144 1971 1146 1971 1145 1972 1146 1972 1147 1972 1147 1973 1146 1973 1148 1973 1147 1974 1148 1974 1149 1974 1149 1975 1148 1975 1150 1975 1149 1976 1150 1976 1151 1976 1151 1977 1150 1977 1152 1977 1151 1978 1152 1978 1153 1978 1153 1979 1152 1979 1154 1979 1153 1980 1154 1980 1155 1980 1155 1981 1154 1981 1156 1981 1155 1982 1156 1982 1157 1982 1157 1983 1156 1983 1158 1983 1157 1984 1158 1984 1159 1984 1159 1985 1158 1985 1160 1985 1159 1986 1160 1986 1161 1986 1161 1987 1160 1987 1162 1987 1161 1988 1162 1988 1163 1988 1163 1989 1162 1989 1164 1989 1163 1990 1164 1990 1165 1990 1165 1991 1164 1991 1166 1991 1165 1992 1166 1992 1167 1992 1167 1993 1166 1993 1168 1993 1167 1994 1168 1994 1169 1994 1169 1995 1168 1995 1170 1995 1169 1996 1170 1996 1171 1996 1171 1997 1170 1997 1172 1997 1171 1998 1172 1998 1173 1998 1173 1999 1172 1999 1174 1999 1173 2000 1174 2000 1175 2000 1175 2001 1174 2001 1176 2001 1175 2002 1176 2002 1177 2002 1177 2003 1176 2003 1178 2003 1177 2004 1178 2004 1179 2004 1179 2005 1178 2005 1180 2005 1179 2006 1180 2006 1181 2006 1181 2007 1180 2007 1182 2007 1181 2008 1182 2008 1183 2008 1183 2009 1182 2009 1184 2009 1183 2010 1184 2010 1185 2010 1185 2011 1184 2011 1186 2011 1185 2012 1186 2012 1187 2012 1187 2013 1186 2013 1188 2013 1187 2014 1188 2014 1189 2014 1189 2015 1188 2015 1190 2015 1189 2016 1190 2016 1191 2016 1191 2017 1190 2017 1192 2017 1191 2018 1192 2018 1193 2018 1193 2019 1192 2019 1194 2019 1193 2020 1194 2020 1195 2020 1195 2021 1194 2021 1196 2021 1195 2022 1196 2022 1197 2022 1197 2023 1196 2023 1198 2023 1014 2024 1013 2024 1199 2024 1199 2025 1013 2025 1200 2025 1199 2026 1200 2026 1201 2026 1201 2027 1200 2027 1202 2027 1201 2028 1202 2028 1203 2028 1203 2029 1202 2029 1204 2029 1203 2030 1204 2030 1205 2030 1205 2031 1204 2031 1206 2031 1205 2032 1206 2032 1207 2032 1207 2033 1206 2033 1208 2033 1207 2034 1208 2034 1209 2034 1209 2035 1208 2035 1210 2035 1209 2036 1210 2036 1211 2036 1211 2037 1210 2037 1212 2037 1211 2038 1212 2038 1213 2038 1213 2039 1212 2039 1214 2039 1213 2040 1214 2040 1215 2040 1215 2041 1214 2041 1216 2041 1215 2042 1216 2042 1217 2042 1217 2043 1216 2043 1218 2043 1217 2044 1218 2044 1219 2044 1219 2045 1218 2045 1220 2045 1219 2046 1220 2046 1221 2046 1221 2047 1220 2047 1222 2047 1221 2048 1222 2048 1223 2048 1223 2049 1222 2049 1224 2049 1223 2050 1224 2050 1225 2050 1225 2051 1224 2051 1226 2051 1225 2052 1226 2052 1227 2052 1227 2053 1226 2053 1228 2053 1227 2054 1228 2054 1229 2054 1229 2055 1228 2055 1230 2055 1229 2056 1230 2056 1231 2056 1231 2057 1230 2057 1232 2057 1231 2058 1232 2058 1233 2058 1233 2059 1232 2059 1234 2059 1233 2060 1234 2060 1235 2060 1235 2061 1234 2061 1236 2061 1235 2062 1236 2062 1237 2062 1237 2063 1236 2063 1238 2063 1237 2064 1238 2064 1239 2064 1239 2065 1238 2065 1240 2065 1239 2066 1240 2066 1241 2066 1241 2067 1240 2067 1242 2067 1241 2068 1242 2068 1243 2068 1243 2069 1242 2069 1244 2069 1243 2070 1244 2070 1245 2070 1245 2071 1244 2071 1246 2071 1245 2072 1246 2072 1247 2072 1247 2073 1246 2073 1248 2073 1247 2074 1248 2074 1249 2074 1249 2075 1248 2075 1250 2075 1249 2076 1250 2076 1251 2076 1251 2077 1250 2077 1252 2077 1251 2078 1252 2078 1253 2078 1253 2079 1252 2079 1254 2079 1253 2080 1254 2080 1255 2080 1255 2081 1254 2081 1256 2081 1255 2082 1256 2082 1257 2082 1257 2083 1256 2083 1258 2083 1257 2084 1258 2084 1259 2084 1259 2085 1258 2085 1260 2085 1259 2086 1260 2086 1261 2086 1261 2087 1260 2087 1262 2087 1261 2088 1262 2088 1263 2088 1263 2089 1262 2089 1264 2089 1263 2090 1264 2090 1265 2090 1265 2091 1264 2091 1266 2091 1265 2092 1266 2092 1267 2092 1267 2093 1266 2093 1268 2093 1267 2094 1268 2094 1269 2094 1269 2095 1268 2095 1270 2095 1269 2096 1270 2096 1271 2096 1271 2097 1270 2097 1272 2097 1271 2098 1272 2098 1273 2098 1273 2099 1272 2099 1274 2099 1273 2100 1274 2100 1275 2100 1275 2101 1274 2101 1276 2101 1275 2102 1276 2102 1277 2102 1277 2103 1276 2103 1278 2103 1277 2104 1278 2104 1279 2104 1279 2105 1278 2105 1280 2105 1279 2106 1280 2106 1281 2106 1281 2107 1280 2107 1282 2107 1281 2108 1282 2108 1283 2108 1283 2109 1282 2109 1284 2109 1283 2110 1284 2110 1285 2110 1285 2111 1284 2111 1286 2111 1285 2112 1286 2112 1287 2112 1287 2113 1286 2113 1288 2113 1287 2114 1288 2114 1289 2114 1289 2115 1288 2115 1290 2115 1289 2116 1290 2116 1291 2116 1291 2117 1290 2117 1292 2117 1291 2118 1292 2118 1293 2118 1293 2119 1292 2119 1294 2119 1293 2120 1294 2120 1295 2120 1295 2121 1294 2121 1296 2121 1295 2122 1296 2122 1297 2122 1297 2123 1296 2123 1298 2123 1297 2124 1298 2124 1299 2124 1299 2125 1298 2125 1300 2125 1299 2126 1300 2126 1301 2126 1301 2127 1300 2127 1302 2127 1301 2128 1302 2128 1303 2128 1303 2129 1302 2129 1304 2129 1303 2130 1304 2130 1305 2130 1305 2131 1304 2131 1306 2131 1305 2132 1306 2132 1307 2132 1307 2133 1306 2133 1308 2133 1307 2134 1308 2134 1309 2134 1309 2135 1308 2135 1310 2135 1309 2136 1310 2136 1311 2136 1311 2137 1310 2137 1312 2137 1311 2138 1312 2138 1313 2138 1313 2139 1312 2139 1314 2139 1313 2140 1314 2140 1315 2140 1315 2141 1314 2141 1316 2141 1315 2142 1316 2142 1317 2142 1317 2143 1316 2143 1318 2143 1317 2144 1318 2144 1319 2144 1319 2145 1318 2145 1320 2145 1319 2146 1320 2146 1321 2146 1321 2147 1320 2147 1322 2147 1321 2148 1322 2148 1323 2148 1323 2149 1322 2149 1324 2149 1323 2150 1324 2150 1325 2150 1325 2151 1324 2151 1326 2151 1325 2152 1326 2152 1327 2152 1327 2153 1326 2153 1328 2153 1327 2154 1328 2154 1329 2154 1329 2155 1328 2155 1330 2155 1329 2156 1330 2156 1331 2156 1331 2157 1330 2157 1332 2157 1331 2158 1332 2158 1333 2158 1333 2159 1332 2159 1334 2159 1333 2160 1334 2160 1335 2160 1335 2161 1334 2161 1336 2161 1335 2162 1336 2162 1337 2162 1337 2163 1336 2163 1338 2163 1337 2164 1338 2164 1339 2164 1339 2165 1338 2165 1340 2165 1339 2166 1340 2166 1341 2166 1341 2167 1340 2167 1342 2167 1341 2168 1342 2168 1343 2168 1343 2169 1342 2169 1344 2169 1343 2170 1344 2170 1345 2170 1345 2171 1344 2171 1346 2171 1345 2172 1346 2172 1347 2172 1347 2173 1346 2173 1348 2173 1347 2174 1348 2174 1349 2174 1349 2175 1348 2175 1350 2175 1349 2176 1350 2176 1351 2176 1351 2177 1350 2177 1352 2177 1351 2178 1352 2178 1353 2178 1353 2179 1352 2179 1354 2179 1353 2180 1354 2180 1355 2180 1355 2181 1354 2181 1356 2181 1355 2182 1356 2182 1357 2182 1357 2183 1356 2183 1358 2183 1357 2184 1358 2184 1359 2184 1359 2185 1358 2185 1360 2185 1359 2186 1360 2186 1361 2186 1361 2187 1360 2187 1362 2187 1361 2188 1362 2188 1363 2188 1363 2189 1362 2189 1364 2189 1363 2190 1364 2190 1365 2190 1365 2191 1364 2191 1366 2191 1365 2192 1366 2192 1367 2192 1367 2193 1366 2193 1368 2193 1367 2194 1368 2194 1369 2194 1369 2195 1368 2195 1370 2195 1369 2196 1370 2196 1371 2196 1371 2197 1370 2197 1372 2197 1371 2198 1372 2198 1373 2198 1373 2199 1372 2199 1374 2199 1373 2200 1374 2200 1375 2200 1375 2201 1374 2201 1376 2201 1375 2202 1376 2202 1377 2202 1377 2203 1376 2203 1378 2203 1377 2204 1378 2204 1379 2204 1379 2205 1378 2205 1380 2205 1379 2206 1380 2206 1381 2206 1381 2207 1380 2207 1382 2207 1381 2208 1382 2208 1383 2208 1383 2209 1382 2209 1384 2209 1383 2210 1384 2210 1385 2210 1385 2211 1384 2211 1386 2211 1385 2212 1386 2212 1387 2212 1387 2213 1386 2213 1388 2213 1387 2214 1388 2214 1389 2214 1389 2215 1388 2215 1390 2215 1389 2216 1390 2216 1391 2216 1391 2217 1390 2217 1392 2217 1391 2218 1392 2218 1393 2218 1393 2219 1392 2219 1394 2219 1393 2220 1394 2220 1395 2220 1395 2221 1394 2221 1396 2221 1395 2222 1396 2222 1397 2222 1397 2223 1396 2223 1398 2223 1397 2224 1398 2224 1399 2224 1399 2225 1398 2225 1400 2225 1399 2226 1400 2226 1401 2226 1401 2227 1400 2227 1402 2227 1401 2228 1402 2228 1403 2228 1403 2229 1402 2229 1404 2229 1403 2230 1404 2230 1405 2230 1405 2231 1404 2231 1406 2231 1405 2232 1406 2232 1407 2232 1407 2233 1406 2233 1408 2233 1407 2234 1408 2234 1409 2234 1409 2235 1408 2235 1410 2235 1409 2236 1410 2236 1411 2236 1411 2237 1410 2237 1412 2237 1411 2238 1412 2238 1413 2238 1413 2239 1412 2239 1414 2239 1413 2240 1414 2240 1415 2240 1415 2241 1414 2241 1416 2241 1415 2242 1416 2242 1417 2242 1417 2243 1416 2243 1418 2243 1417 2244 1418 2244 1419 2244 1419 2245 1418 2245 1420 2245 1419 2246 1420 2246 1421 2246 1421 2247 1420 2247 1422 2247 1421 2248 1422 2248 1423 2248 1423 2249 1422 2249 1424 2249 1423 2250 1424 2250 1425 2250 1425 2251 1424 2251 1426 2251 1425 2252 1426 2252 1427 2252 1427 2253 1426 2253 1428 2253 1427 2254 1428 2254 1429 2254 1429 2255 1428 2255 1430 2255 1429 2256 1430 2256 1431 2256 1431 2257 1430 2257 1432 2257 1431 2258 1432 2258 1433 2258 1433 2259 1432 2259 1434 2259 1433 2260 1434 2260 1435 2260 1435 2261 1434 2261 1436 2261 1435 2262 1436 2262 1437 2262 1437 2263 1436 2263 1438 2263 1437 2264 1438 2264 1439 2264 1439 2265 1438 2265 1440 2265 1439 2266 1440 2266 1441 2266 1441 2267 1440 2267 1442 2267 1441 2268 1442 2268 1443 2268 1443 2269 1442 2269 1444 2269 1443 2270 1444 2270 1445 2270 1445 2271 1444 2271 1446 2271 1445 2272 1446 2272 1447 2272 1447 2273 1446 2273 1448 2273 1447 2274 1448 2274 1449 2274 1449 2275 1448 2275 1450 2275 1449 2276 1450 2276 1451 2276 1451 2277 1450 2277 1452 2277 1451 2278 1452 2278 1198 2278 1198 2279 1452 2279 1197 2279 1453 2280 1015 2280 1454 2280 1454 2281 1015 2281 1017 2281 1454 2282 1017 2282 1455 2282 1455 2283 1017 2283 1019 2283 1455 2284 1019 2284 1456 2284 1456 2285 1019 2285 1021 2285 1456 2286 1021 2286 1457 2286 1457 2287 1021 2287 1023 2287 1457 2288 1023 2288 1458 2288 1458 2289 1023 2289 1025 2289 1458 2290 1025 2290 1459 2290 1459 2291 1025 2291 1027 2291 1459 2292 1027 2292 1460 2292 1460 2293 1027 2293 1029 2293 1460 2294 1029 2294 1461 2294 1461 2295 1029 2295 1031 2295 1461 2296 1031 2296 1462 2296 1462 2297 1031 2297 1033 2297 1462 2298 1033 2298 1463 2298 1463 2299 1033 2299 1035 2299 1463 2300 1035 2300 1464 2300 1464 2301 1035 2301 1037 2301 1464 2302 1037 2302 1465 2302 1465 2303 1037 2303 1039 2303 1465 2304 1039 2304 1466 2304 1466 2305 1039 2305 1041 2305 1466 2306 1041 2306 1467 2306 1467 2307 1041 2307 1043 2307 1467 2308 1043 2308 1468 2308 1468 2309 1043 2309 1045 2309 1468 2310 1045 2310 1469 2310 1469 2311 1045 2311 1047 2311 1469 2312 1047 2312 1470 2312 1470 2313 1047 2313 1049 2313 1470 2314 1049 2314 1471 2314 1471 2315 1049 2315 1051 2315 1471 2316 1051 2316 1472 2316 1472 2317 1051 2317 1053 2317 1472 2318 1053 2318 1473 2318 1473 2319 1053 2319 1055 2319 1473 2320 1055 2320 1474 2320 1474 2321 1055 2321 1057 2321 1474 2322 1057 2322 1475 2322 1475 2323 1057 2323 1059 2323 1475 2324 1059 2324 1476 2324 1476 2325 1059 2325 1061 2325 1476 2326 1061 2326 1477 2326 1477 2327 1061 2327 1063 2327 1477 2328 1063 2328 1478 2328 1478 2329 1063 2329 1065 2329 1478 2330 1065 2330 1479 2330 1479 2331 1065 2331 1067 2331 1479 2332 1067 2332 1480 2332 1480 2333 1067 2333 1069 2333 1480 2334 1069 2334 1481 2334 1481 2335 1069 2335 1071 2335 1481 2336 1071 2336 1482 2336 1482 2337 1071 2337 1073 2337 1482 2338 1073 2338 1483 2338 1483 2339 1073 2339 1075 2339 1483 2340 1075 2340 1484 2340 1484 2341 1075 2341 1077 2341 1484 2342 1077 2342 1485 2342 1485 2343 1077 2343 1079 2343 1485 2344 1079 2344 1486 2344 1486 2345 1079 2345 1081 2345 1486 2346 1081 2346 1487 2346 1487 2347 1081 2347 1083 2347 1487 2348 1083 2348 1488 2348 1488 2349 1083 2349 1085 2349 1488 2350 1085 2350 1489 2350 1489 2351 1085 2351 1087 2351 1489 2352 1087 2352 1490 2352 1490 2353 1087 2353 1089 2353 1490 2354 1089 2354 1491 2354 1491 2355 1089 2355 1091 2355 1491 2356 1091 2356 1492 2356 1492 2357 1091 2357 1093 2357 1492 2358 1093 2358 1493 2358 1493 2359 1093 2359 1095 2359 1493 2360 1095 2360 1494 2360 1494 2361 1095 2361 1097 2361 1494 2362 1097 2362 1495 2362 1495 2363 1097 2363 1099 2363 1495 2364 1099 2364 1496 2364 1496 2365 1099 2365 1101 2365 1496 2366 1101 2366 1497 2366 1497 2367 1101 2367 1103 2367 1497 2368 1103 2368 1498 2368 1498 2369 1103 2369 1105 2369 1498 2370 1105 2370 1499 2370 1499 2371 1105 2371 1107 2371 1499 2372 1107 2372 1500 2372 1500 2373 1107 2373 1109 2373 1500 2374 1109 2374 1501 2374 1501 2375 1109 2375 1111 2375 1501 2376 1111 2376 1502 2376 1502 2377 1111 2377 1113 2377 1502 2378 1113 2378 1503 2378 1503 2379 1113 2379 1115 2379 1503 2380 1115 2380 1504 2380 1504 2381 1115 2381 1117 2381 1504 2382 1117 2382 1505 2382 1505 2383 1117 2383 1119 2383 1505 2384 1119 2384 1506 2384 1506 2385 1119 2385 1121 2385 1506 2386 1121 2386 1507 2386 1507 2387 1121 2387 1123 2387 1507 2388 1123 2388 1508 2388 1508 2389 1123 2389 1125 2389 1508 2390 1125 2390 1509 2390 1509 2391 1125 2391 1127 2391 1509 2392 1127 2392 1510 2392 1510 2393 1127 2393 1129 2393 1510 2394 1129 2394 1511 2394 1511 2395 1129 2395 1131 2395 1511 2396 1131 2396 1512 2396 1512 2397 1131 2397 1133 2397 1512 2398 1133 2398 1513 2398 1513 2399 1133 2399 1135 2399 1513 2400 1135 2400 1514 2400 1514 2401 1135 2401 1137 2401 1514 2402 1137 2402 1515 2402 1515 2403 1137 2403 1139 2403 1515 2404 1139 2404 1516 2404 1516 2405 1139 2405 1141 2405 1516 2406 1141 2406 1517 2406 1517 2407 1141 2407 1143 2407 1517 2408 1143 2408 1518 2408 1518 2409 1143 2409 1145 2409 1518 2410 1145 2410 1519 2410 1519 2411 1145 2411 1147 2411 1519 2412 1147 2412 1520 2412 1520 2413 1147 2413 1149 2413 1520 2414 1149 2414 1521 2414 1521 2415 1149 2415 1151 2415 1521 2416 1151 2416 1522 2416 1522 2417 1151 2417 1153 2417 1522 2418 1153 2418 1523 2418 1523 2419 1153 2419 1155 2419 1523 2420 1155 2420 1524 2420 1524 2421 1155 2421 1157 2421 1524 2422 1157 2422 1525 2422 1525 2423 1157 2423 1159 2423 1525 2424 1159 2424 1526 2424 1526 2425 1159 2425 1161 2425 1526 2426 1161 2426 1527 2426 1527 2427 1161 2427 1163 2427 1527 2428 1163 2428 1528 2428 1528 2429 1163 2429 1165 2429 1528 2430 1165 2430 1529 2430 1529 2431 1165 2431 1167 2431 1529 2432 1167 2432 1530 2432 1530 2433 1167 2433 1169 2433 1530 2434 1169 2434 1531 2434 1531 2435 1169 2435 1171 2435 1531 2436 1171 2436 1532 2436 1532 2437 1171 2437 1173 2437 1532 2438 1173 2438 1533 2438 1533 2439 1173 2439 1175 2439 1533 2440 1175 2440 1534 2440 1534 2441 1175 2441 1177 2441 1534 2442 1177 2442 1535 2442 1535 2443 1177 2443 1179 2443 1535 2444 1179 2444 1536 2444 1536 2445 1179 2445 1181 2445 1536 2446 1181 2446 1537 2446 1537 2447 1181 2447 1183 2447 1537 2448 1183 2448 1538 2448 1538 2449 1183 2449 1185 2449 1538 2450 1185 2450 1539 2450 1539 2451 1185 2451 1187 2451 1539 2452 1187 2452 1540 2452 1540 2453 1187 2453 1189 2453 1540 2454 1189 2454 1541 2454 1541 2455 1189 2455 1191 2455 1541 2456 1191 2456 1542 2456 1542 2457 1191 2457 1193 2457 1542 2458 1193 2458 1543 2458 1543 2459 1193 2459 1195 2459 1543 2460 1195 2460 1544 2460 1544 2461 1195 2461 1197 2461 1544 2462 1197 2462 1545 2462 1545 2463 1197 2463 1452 2463 1015 2464 1453 2464 1013 2464 1013 2465 1453 2465 1546 2465 1013 2466 1546 2466 1200 2466 1200 2467 1546 2467 1547 2467 1200 2468 1547 2468 1202 2468 1202 2469 1547 2469 1548 2469 1202 2470 1548 2470 1204 2470 1204 2471 1548 2471 1549 2471 1204 2472 1549 2472 1206 2472 1206 2473 1549 2473 1550 2473 1206 2474 1550 2474 1208 2474 1208 2475 1550 2475 1551 2475 1208 2476 1551 2476 1210 2476 1210 2477 1551 2477 1552 2477 1210 2478 1552 2478 1212 2478 1212 2479 1552 2479 1553 2479 1212 2480 1553 2480 1214 2480 1214 2481 1553 2481 1554 2481 1214 2482 1554 2482 1216 2482 1216 2483 1554 2483 1555 2483 1216 2484 1555 2484 1218 2484 1218 2485 1555 2485 1556 2485 1218 2486 1556 2486 1220 2486 1220 2487 1556 2487 1557 2487 1220 2488 1557 2488 1222 2488 1222 2489 1557 2489 1558 2489 1222 2490 1558 2490 1224 2490 1224 2491 1558 2491 1559 2491 1224 2492 1559 2492 1226 2492 1226 2493 1559 2493 1560 2493 1226 2494 1560 2494 1228 2494 1228 2495 1560 2495 1561 2495 1228 2496 1561 2496 1230 2496 1230 2497 1561 2497 1562 2497 1230 2498 1562 2498 1232 2498 1232 2499 1562 2499 1563 2499 1232 2500 1563 2500 1234 2500 1234 2501 1563 2501 1564 2501 1234 2502 1564 2502 1236 2502 1236 2503 1564 2503 1565 2503 1236 2504 1565 2504 1238 2504 1238 2505 1565 2505 1566 2505 1238 2506 1566 2506 1240 2506 1240 2507 1566 2507 1567 2507 1240 2508 1567 2508 1242 2508 1242 2509 1567 2509 1568 2509 1242 2510 1568 2510 1244 2510 1244 2511 1568 2511 1569 2511 1244 2512 1569 2512 1246 2512 1246 2513 1569 2513 1570 2513 1246 2514 1570 2514 1248 2514 1248 2515 1570 2515 1571 2515 1248 2516 1571 2516 1250 2516 1250 2517 1571 2517 1572 2517 1250 2518 1572 2518 1252 2518 1252 2519 1572 2519 1573 2519 1252 2520 1573 2520 1254 2520 1254 2521 1573 2521 1574 2521 1254 2522 1574 2522 1256 2522 1256 2523 1574 2523 1575 2523 1256 2524 1575 2524 1258 2524 1258 2525 1575 2525 1576 2525 1258 2526 1576 2526 1260 2526 1260 2527 1576 2527 1577 2527 1260 2528 1577 2528 1262 2528 1262 2529 1577 2529 1578 2529 1262 2530 1578 2530 1264 2530 1264 2531 1578 2531 1579 2531 1264 2532 1579 2532 1266 2532 1266 2533 1579 2533 1580 2533 1266 2534 1580 2534 1268 2534 1268 2535 1580 2535 1581 2535 1268 2536 1581 2536 1270 2536 1270 2537 1581 2537 1582 2537 1270 2538 1582 2538 1272 2538 1272 2539 1582 2539 1583 2539 1272 2540 1583 2540 1274 2540 1274 2541 1583 2541 1584 2541 1274 2542 1584 2542 1276 2542 1276 2543 1584 2543 1585 2543 1276 2544 1585 2544 1278 2544 1278 2545 1585 2545 1586 2545 1278 2546 1586 2546 1280 2546 1280 2547 1586 2547 1587 2547 1280 2548 1587 2548 1282 2548 1282 2549 1587 2549 1588 2549 1282 2550 1588 2550 1284 2550 1284 2551 1588 2551 1589 2551 1284 2552 1589 2552 1286 2552 1286 2553 1589 2553 1590 2553 1286 2554 1590 2554 1288 2554 1288 2555 1590 2555 1591 2555 1288 2556 1591 2556 1290 2556 1290 2557 1591 2557 1592 2557 1290 2558 1592 2558 1292 2558 1292 2559 1592 2559 1593 2559 1292 2560 1593 2560 1294 2560 1294 2561 1593 2561 1594 2561 1294 2562 1594 2562 1296 2562 1296 2563 1594 2563 1595 2563 1296 2564 1595 2564 1298 2564 1298 2565 1595 2565 1596 2565 1298 2566 1596 2566 1300 2566 1300 2567 1596 2567 1597 2567 1300 2568 1597 2568 1302 2568 1302 2569 1597 2569 1598 2569 1302 2570 1598 2570 1304 2570 1304 2571 1598 2571 1599 2571 1304 2572 1599 2572 1306 2572 1306 2573 1599 2573 1600 2573 1306 2574 1600 2574 1308 2574 1308 2575 1600 2575 1601 2575 1308 2576 1601 2576 1310 2576 1310 2577 1601 2577 1602 2577 1310 2578 1602 2578 1312 2578 1312 2579 1602 2579 1603 2579 1312 2580 1603 2580 1314 2580 1314 2581 1603 2581 1604 2581 1314 2582 1604 2582 1316 2582 1316 2583 1604 2583 1605 2583 1316 2584 1605 2584 1318 2584 1318 2585 1605 2585 1606 2585 1318 2586 1606 2586 1320 2586 1320 2587 1606 2587 1607 2587 1320 2588 1607 2588 1322 2588 1322 2589 1607 2589 1608 2589 1322 2590 1608 2590 1324 2590 1324 2591 1608 2591 1609 2591 1324 2592 1609 2592 1326 2592 1326 2593 1609 2593 1610 2593 1326 2594 1610 2594 1328 2594 1328 2595 1610 2595 1611 2595 1328 2596 1611 2596 1330 2596 1330 2597 1611 2597 1612 2597 1330 2598 1612 2598 1332 2598 1332 2599 1612 2599 1613 2599 1332 2600 1613 2600 1334 2600 1334 2601 1613 2601 1614 2601 1334 2602 1614 2602 1336 2602 1336 2603 1614 2603 1615 2603 1336 2604 1615 2604 1338 2604 1338 2605 1615 2605 1616 2605 1338 2606 1616 2606 1340 2606 1340 2607 1616 2607 1617 2607 1340 2608 1617 2608 1342 2608 1342 2609 1617 2609 1618 2609 1342 2610 1618 2610 1344 2610 1344 2611 1618 2611 1619 2611 1344 2612 1619 2612 1346 2612 1346 2613 1619 2613 1620 2613 1346 2614 1620 2614 1348 2614 1348 2615 1620 2615 1621 2615 1348 2616 1621 2616 1350 2616 1350 2617 1621 2617 1622 2617 1350 2618 1622 2618 1352 2618 1352 2619 1622 2619 1623 2619 1352 2620 1623 2620 1354 2620 1354 2621 1623 2621 1624 2621 1354 2622 1624 2622 1356 2622 1356 2623 1624 2623 1625 2623 1356 2624 1625 2624 1358 2624 1358 2625 1625 2625 1626 2625 1358 2626 1626 2626 1360 2626 1360 2627 1626 2627 1627 2627 1360 2628 1627 2628 1362 2628 1362 2629 1627 2629 1628 2629 1362 2630 1628 2630 1364 2630 1364 2631 1628 2631 1629 2631 1364 2632 1629 2632 1366 2632 1366 2633 1629 2633 1630 2633 1366 2634 1630 2634 1368 2634 1368 2635 1630 2635 1631 2635 1368 2636 1631 2636 1370 2636 1370 2637 1631 2637 1632 2637 1370 2638 1632 2638 1372 2638 1372 2639 1632 2639 1633 2639 1372 2640 1633 2640 1374 2640 1374 2641 1633 2641 1634 2641 1374 2642 1634 2642 1376 2642 1376 2643 1634 2643 1635 2643 1376 2644 1635 2644 1378 2644 1378 2645 1635 2645 1636 2645 1378 2646 1636 2646 1380 2646 1380 2647 1636 2647 1637 2647 1380 2648 1637 2648 1382 2648 1382 2649 1637 2649 1638 2649 1382 2650 1638 2650 1384 2650 1384 2651 1638 2651 1639 2651 1384 2652 1639 2652 1386 2652 1386 2653 1639 2653 1640 2653 1386 2654 1640 2654 1388 2654 1388 2655 1640 2655 1641 2655 1388 2656 1641 2656 1390 2656 1390 2657 1641 2657 1642 2657 1390 2658 1642 2658 1392 2658 1392 2659 1642 2659 1643 2659 1392 2660 1643 2660 1394 2660 1394 2661 1643 2661 1644 2661 1394 2662 1644 2662 1396 2662 1396 2663 1644 2663 1645 2663 1396 2664 1645 2664 1398 2664 1398 2665 1645 2665 1646 2665 1398 2666 1646 2666 1400 2666 1400 2667 1646 2667 1647 2667 1400 2668 1647 2668 1402 2668 1402 2669 1647 2669 1648 2669 1402 2670 1648 2670 1404 2670 1404 2671 1648 2671 1649 2671 1404 2672 1649 2672 1406 2672 1406 2673 1649 2673 1650 2673 1406 2674 1650 2674 1408 2674 1408 2675 1650 2675 1651 2675 1408 2676 1651 2676 1410 2676 1410 2677 1651 2677 1652 2677 1410 2678 1652 2678 1412 2678 1412 2679 1652 2679 1653 2679 1412 2680 1653 2680 1414 2680 1414 2681 1653 2681 1654 2681 1414 2682 1654 2682 1416 2682 1416 2683 1654 2683 1655 2683 1416 2684 1655 2684 1418 2684 1418 2685 1655 2685 1656 2685 1418 2686 1656 2686 1420 2686 1420 2687 1656 2687 1657 2687 1420 2688 1657 2688 1422 2688 1422 2689 1657 2689 1658 2689 1422 2690 1658 2690 1424 2690 1424 2691 1658 2691 1659 2691 1424 2692 1659 2692 1426 2692 1426 2693 1659 2693 1660 2693 1426 2694 1660 2694 1428 2694 1428 2695 1660 2695 1661 2695 1428 2696 1661 2696 1430 2696 1430 2697 1661 2697 1662 2697 1430 2698 1662 2698 1432 2698 1432 2699 1662 2699 1663 2699 1432 2700 1663 2700 1434 2700 1434 2701 1663 2701 1664 2701 1434 2702 1664 2702 1436 2702 1436 2703 1664 2703 1665 2703 1436 2704 1665 2704 1438 2704 1438 2705 1665 2705 1666 2705 1438 2706 1666 2706 1440 2706 1440 2707 1666 2707 1667 2707 1440 2708 1667 2708 1442 2708 1442 2709 1667 2709 1668 2709 1442 2710 1668 2710 1444 2710 1444 2711 1668 2711 1669 2711 1444 2712 1669 2712 1446 2712 1446 2713 1669 2713 1670 2713 1446 2714 1670 2714 1448 2714 1448 2715 1670 2715 1671 2715 1448 2716 1671 2716 1450 2716 1450 2717 1671 2717 1672 2717 1450 2718 1672 2718 1452 2718 1452 2719 1672 2719 1545 2719 1673 2720 1454 2720 1674 2720 1674 2721 1454 2721 1455 2721 1674 2722 1455 2722 1675 2722 1675 2723 1455 2723 1456 2723 1675 2724 1456 2724 1676 2724 1676 2725 1456 2725 1457 2725 1676 2726 1457 2726 1677 2726 1677 2727 1457 2727 1458 2727 1677 2728 1458 2728 1678 2728 1678 2729 1458 2729 1459 2729 1678 2730 1459 2730 1679 2730 1679 2731 1459 2731 1460 2731 1679 2732 1460 2732 1680 2732 1680 2733 1460 2733 1461 2733 1680 2734 1461 2734 1681 2734 1681 2735 1461 2735 1462 2735 1681 2736 1462 2736 1682 2736 1682 2737 1462 2737 1463 2737 1682 2738 1463 2738 1683 2738 1683 2739 1463 2739 1464 2739 1683 2740 1464 2740 1684 2740 1684 2741 1464 2741 1465 2741 1684 2742 1465 2742 1685 2742 1685 2743 1465 2743 1466 2743 1685 2744 1466 2744 1686 2744 1686 2745 1466 2745 1467 2745 1686 2746 1467 2746 1687 2746 1687 2747 1467 2747 1468 2747 1687 2748 1468 2748 1688 2748 1688 2749 1468 2749 1469 2749 1688 2750 1469 2750 1689 2750 1689 2751 1469 2751 1470 2751 1689 2752 1470 2752 1690 2752 1690 2753 1470 2753 1471 2753 1690 2754 1471 2754 1691 2754 1691 2755 1471 2755 1472 2755 1691 2756 1472 2756 1692 2756 1692 2757 1472 2757 1473 2757 1692 2758 1473 2758 1693 2758 1693 2759 1473 2759 1474 2759 1693 2760 1474 2760 1694 2760 1694 2761 1474 2761 1475 2761 1694 2762 1475 2762 1695 2762 1695 2763 1475 2763 1476 2763 1695 2764 1476 2764 1696 2764 1696 2765 1476 2765 1477 2765 1696 2766 1477 2766 1697 2766 1697 2767 1477 2767 1478 2767 1697 2768 1478 2768 1698 2768 1698 2769 1478 2769 1479 2769 1698 2770 1479 2770 1699 2770 1699 2771 1479 2771 1480 2771 1699 2772 1480 2772 1700 2772 1700 2773 1480 2773 1481 2773 1700 2774 1481 2774 1701 2774 1701 2775 1481 2775 1482 2775 1701 2776 1482 2776 1702 2776 1702 2777 1482 2777 1483 2777 1702 2778 1483 2778 1703 2778 1703 2779 1483 2779 1484 2779 1703 2780 1484 2780 1704 2780 1704 2781 1484 2781 1485 2781 1704 2782 1485 2782 1705 2782 1705 2783 1485 2783 1486 2783 1705 2784 1486 2784 1706 2784 1706 2785 1486 2785 1487 2785 1706 2786 1487 2786 1707 2786 1707 2787 1487 2787 1488 2787 1707 2788 1488 2788 1708 2788 1708 2789 1488 2789 1489 2789 1708 2790 1489 2790 1709 2790 1709 2791 1489 2791 1490 2791 1709 2792 1490 2792 1710 2792 1710 2793 1490 2793 1491 2793 1710 2794 1491 2794 1711 2794 1711 2795 1491 2795 1492 2795 1711 2796 1492 2796 1712 2796 1712 2797 1492 2797 1493 2797 1712 2798 1493 2798 1713 2798 1713 2799 1493 2799 1494 2799 1713 2800 1494 2800 1714 2800 1714 2801 1494 2801 1495 2801 1714 2802 1495 2802 1715 2802 1715 2803 1495 2803 1496 2803 1715 2804 1496 2804 1716 2804 1716 2805 1496 2805 1497 2805 1716 2806 1497 2806 1717 2806 1717 2807 1497 2807 1498 2807 1717 2808 1498 2808 1718 2808 1718 2809 1498 2809 1499 2809 1718 2810 1499 2810 1719 2810 1719 2811 1499 2811 1500 2811 1719 2812 1500 2812 1720 2812 1720 2813 1500 2813 1501 2813 1720 2814 1501 2814 1721 2814 1721 2815 1501 2815 1502 2815 1721 2816 1502 2816 1722 2816 1722 2817 1502 2817 1503 2817 1722 2818 1503 2818 1723 2818 1723 2819 1503 2819 1504 2819 1723 2820 1504 2820 1724 2820 1724 2821 1504 2821 1505 2821 1724 2822 1505 2822 1725 2822 1725 2823 1505 2823 1506 2823 1725 2824 1506 2824 1726 2824 1726 2825 1506 2825 1507 2825 1726 2826 1507 2826 1727 2826 1727 2827 1507 2827 1508 2827 1727 2828 1508 2828 1728 2828 1728 2829 1508 2829 1509 2829 1728 2830 1509 2830 1729 2830 1729 2831 1509 2831 1510 2831 1729 2832 1510 2832 1730 2832 1730 2833 1510 2833 1511 2833 1730 2834 1511 2834 1731 2834 1731 2835 1511 2835 1512 2835 1731 2836 1512 2836 1732 2836 1732 2837 1512 2837 1513 2837 1732 2838 1513 2838 1733 2838 1733 2839 1513 2839 1514 2839 1733 2840 1514 2840 1734 2840 1734 2841 1514 2841 1515 2841 1734 2842 1515 2842 1735 2842 1735 2843 1515 2843 1516 2843 1735 2844 1516 2844 1736 2844 1736 2845 1516 2845 1517 2845 1736 2846 1517 2846 1737 2846 1737 2847 1517 2847 1518 2847 1737 2848 1518 2848 1738 2848 1738 2849 1518 2849 1519 2849 1738 2850 1519 2850 1739 2850 1739 2851 1519 2851 1520 2851 1739 2852 1520 2852 1740 2852 1740 2853 1520 2853 1521 2853 1740 2854 1521 2854 1741 2854 1741 2855 1521 2855 1522 2855 1741 2856 1522 2856 1742 2856 1742 2857 1522 2857 1523 2857 1742 2858 1523 2858 1743 2858 1743 2859 1523 2859 1524 2859 1743 2860 1524 2860 1744 2860 1744 2861 1524 2861 1525 2861 1744 2862 1525 2862 1745 2862 1745 2863 1525 2863 1526 2863 1745 2864 1526 2864 1746 2864 1746 2865 1526 2865 1527 2865 1746 2866 1527 2866 1747 2866 1747 2867 1527 2867 1528 2867 1747 2868 1528 2868 1748 2868 1748 2869 1528 2869 1529 2869 1748 2870 1529 2870 1749 2870 1749 2871 1529 2871 1530 2871 1749 2872 1530 2872 1750 2872 1750 2873 1530 2873 1531 2873 1750 2874 1531 2874 1751 2874 1751 2875 1531 2875 1532 2875 1751 2876 1532 2876 1752 2876 1752 2877 1532 2877 1533 2877 1752 2878 1533 2878 1753 2878 1753 2879 1533 2879 1534 2879 1753 2880 1534 2880 1754 2880 1754 2881 1534 2881 1535 2881 1754 2882 1535 2882 1755 2882 1755 2883 1535 2883 1536 2883 1755 2884 1536 2884 1756 2884 1756 2885 1536 2885 1537 2885 1756 2886 1537 2886 1757 2886 1757 2887 1537 2887 1538 2887 1757 2888 1538 2888 1758 2888 1758 2889 1538 2889 1539 2889 1758 2890 1539 2890 1759 2890 1759 2891 1539 2891 1540 2891 1759 2892 1540 2892 1760 2892 1760 2893 1540 2893 1541 2893 1760 2894 1541 2894 1761 2894 1761 2895 1541 2895 1542 2895 1761 2896 1542 2896 1762 2896 1762 2897 1542 2897 1543 2897 1762 2898 1543 2898 1763 2898 1763 2899 1543 2899 1544 2899 1763 2900 1544 2900 1764 2900 1764 2901 1544 2901 1545 2901 1764 2902 1545 2902 1765 2902 1765 2903 1545 2903 1672 2903 1454 2904 1673 2904 1453 2904 1453 2905 1673 2905 1766 2905 1453 2906 1766 2906 1546 2906 1546 2907 1766 2907 1767 2907 1546 2908 1767 2908 1547 2908 1547 2909 1767 2909 1768 2909 1547 2910 1768 2910 1548 2910 1548 2911 1768 2911 1769 2911 1548 2912 1769 2912 1549 2912 1549 2913 1769 2913 1770 2913 1549 2914 1770 2914 1550 2914 1550 2915 1770 2915 1771 2915 1550 2916 1771 2916 1551 2916 1551 2917 1771 2917 1772 2917 1551 2918 1772 2918 1552 2918 1552 2919 1772 2919 1773 2919 1552 2920 1773 2920 1553 2920 1553 2921 1773 2921 1774 2921 1553 2922 1774 2922 1554 2922 1554 2923 1774 2923 1775 2923 1554 2924 1775 2924 1555 2924 1555 2925 1775 2925 1776 2925 1555 2926 1776 2926 1556 2926 1556 2927 1776 2927 1777 2927 1556 2928 1777 2928 1557 2928 1557 2929 1777 2929 1778 2929 1557 2930 1778 2930 1558 2930 1558 2931 1778 2931 1779 2931 1558 2932 1779 2932 1559 2932 1559 2933 1779 2933 1780 2933 1559 2934 1780 2934 1560 2934 1560 2935 1780 2935 1781 2935 1560 2936 1781 2936 1561 2936 1561 2937 1781 2937 1782 2937 1561 2938 1782 2938 1562 2938 1562 2939 1782 2939 1783 2939 1562 2940 1783 2940 1563 2940 1563 2941 1783 2941 1784 2941 1563 2942 1784 2942 1564 2942 1564 2943 1784 2943 1785 2943 1564 2944 1785 2944 1565 2944 1565 2945 1785 2945 1786 2945 1565 2946 1786 2946 1566 2946 1566 2947 1786 2947 1787 2947 1566 2948 1787 2948 1567 2948 1567 2949 1787 2949 1788 2949 1567 2950 1788 2950 1568 2950 1568 2951 1788 2951 1789 2951 1568 2952 1789 2952 1569 2952 1569 2953 1789 2953 1790 2953 1569 2954 1790 2954 1570 2954 1570 2955 1790 2955 1791 2955 1570 2956 1791 2956 1571 2956 1571 2957 1791 2957 1792 2957 1571 2958 1792 2958 1572 2958 1572 2959 1792 2959 1793 2959 1572 2960 1793 2960 1573 2960 1573 2961 1793 2961 1794 2961 1573 2962 1794 2962 1574 2962 1574 2963 1794 2963 1795 2963 1574 2964 1795 2964 1575 2964 1575 2965 1795 2965 1796 2965 1575 2966 1796 2966 1576 2966 1576 2967 1796 2967 1797 2967 1576 2968 1797 2968 1577 2968 1577 2969 1797 2969 1798 2969 1577 2970 1798 2970 1578 2970 1578 2971 1798 2971 1799 2971 1578 2972 1799 2972 1579 2972 1579 2973 1799 2973 1800 2973 1579 2974 1800 2974 1580 2974 1580 2975 1800 2975 1801 2975 1580 2976 1801 2976 1581 2976 1581 2977 1801 2977 1802 2977 1581 2978 1802 2978 1582 2978 1582 2979 1802 2979 1803 2979 1582 2980 1803 2980 1583 2980 1583 2981 1803 2981 1804 2981 1583 2982 1804 2982 1584 2982 1584 2983 1804 2983 1805 2983 1584 2984 1805 2984 1585 2984 1585 2985 1805 2985 1806 2985 1585 2986 1806 2986 1586 2986 1586 2987 1806 2987 1807 2987 1586 2988 1807 2988 1587 2988 1587 2989 1807 2989 1808 2989 1587 2990 1808 2990 1588 2990 1588 2991 1808 2991 1809 2991 1588 2992 1809 2992 1589 2992 1589 2993 1809 2993 1810 2993 1589 2994 1810 2994 1590 2994 1590 2995 1810 2995 1811 2995 1590 2996 1811 2996 1591 2996 1591 2997 1811 2997 1812 2997 1591 2998 1812 2998 1592 2998 1592 2999 1812 2999 1813 2999 1592 3000 1813 3000 1593 3000 1593 3001 1813 3001 1814 3001 1593 3002 1814 3002 1594 3002 1594 3003 1814 3003 1815 3003 1594 3004 1815 3004 1595 3004 1595 3005 1815 3005 1816 3005 1595 3006 1816 3006 1596 3006 1596 3007 1816 3007 1817 3007 1596 3008 1817 3008 1597 3008 1597 3009 1817 3009 1818 3009 1597 3010 1818 3010 1598 3010 1598 3011 1818 3011 1819 3011 1598 3012 1819 3012 1599 3012 1599 3013 1819 3013 1820 3013 1599 3014 1820 3014 1600 3014 1600 3015 1820 3015 1821 3015 1600 3016 1821 3016 1601 3016 1601 3017 1821 3017 1822 3017 1601 3018 1822 3018 1602 3018 1602 3019 1822 3019 1823 3019 1602 3020 1823 3020 1603 3020 1603 3021 1823 3021 1824 3021 1603 3022 1824 3022 1604 3022 1604 3023 1824 3023 1825 3023 1604 3024 1825 3024 1605 3024 1605 3025 1825 3025 1826 3025 1605 3026 1826 3026 1606 3026 1606 3027 1826 3027 1827 3027 1606 3028 1827 3028 1607 3028 1607 3029 1827 3029 1828 3029 1607 3030 1828 3030 1608 3030 1608 3031 1828 3031 1829 3031 1608 3032 1829 3032 1609 3032 1609 3033 1829 3033 1830 3033 1609 3034 1830 3034 1610 3034 1610 3035 1830 3035 1831 3035 1610 3036 1831 3036 1611 3036 1611 3037 1831 3037 1832 3037 1611 3038 1832 3038 1612 3038 1612 3039 1832 3039 1833 3039 1612 3040 1833 3040 1613 3040 1613 3041 1833 3041 1834 3041 1613 3042 1834 3042 1614 3042 1614 3043 1834 3043 1835 3043 1614 3044 1835 3044 1615 3044 1615 3045 1835 3045 1836 3045 1615 3046 1836 3046 1616 3046 1616 3047 1836 3047 1837 3047 1616 3048 1837 3048 1617 3048 1617 3049 1837 3049 1838 3049 1617 3050 1838 3050 1618 3050 1618 3051 1838 3051 1839 3051 1618 3052 1839 3052 1619 3052 1619 3053 1839 3053 1840 3053 1619 3054 1840 3054 1620 3054 1620 3055 1840 3055 1841 3055 1620 3056 1841 3056 1621 3056 1621 3057 1841 3057 1842 3057 1621 3058 1842 3058 1622 3058 1622 3059 1842 3059 1843 3059 1622 3060 1843 3060 1623 3060 1623 3061 1843 3061 1844 3061 1623 3062 1844 3062 1624 3062 1624 3063 1844 3063 1845 3063 1624 3064 1845 3064 1625 3064 1625 3065 1845 3065 1846 3065 1625 3066 1846 3066 1626 3066 1626 3067 1846 3067 1847 3067 1626 3068 1847 3068 1627 3068 1627 3069 1847 3069 1848 3069 1627 3070 1848 3070 1628 3070 1628 3071 1848 3071 1849 3071 1628 3072 1849 3072 1629 3072 1629 3073 1849 3073 1850 3073 1629 3074 1850 3074 1630 3074 1630 3075 1850 3075 1851 3075 1630 3076 1851 3076 1631 3076 1631 3077 1851 3077 1852 3077 1631 3078 1852 3078 1632 3078 1632 3079 1852 3079 1853 3079 1632 3080 1853 3080 1633 3080 1633 3081 1853 3081 1854 3081 1633 3082 1854 3082 1634 3082 1634 3083 1854 3083 1855 3083 1634 3084 1855 3084 1635 3084 1635 3085 1855 3085 1856 3085 1635 3086 1856 3086 1636 3086 1636 3087 1856 3087 1857 3087 1636 3088 1857 3088 1637 3088 1637 3089 1857 3089 1858 3089 1637 3090 1858 3090 1638 3090 1638 3091 1858 3091 1859 3091 1638 3092 1859 3092 1639 3092 1639 3093 1859 3093 1860 3093 1639 3094 1860 3094 1640 3094 1640 3095 1860 3095 1861 3095 1640 3096 1861 3096 1641 3096 1641 3097 1861 3097 1862 3097 1641 3098 1862 3098 1642 3098 1642 3099 1862 3099 1863 3099 1642 3100 1863 3100 1643 3100 1643 3101 1863 3101 1864 3101 1643 3102 1864 3102 1644 3102 1644 3103 1864 3103 1865 3103 1644 3104 1865 3104 1645 3104 1645 3105 1865 3105 1866 3105 1645 3106 1866 3106 1646 3106 1646 3107 1866 3107 1867 3107 1646 3108 1867 3108 1647 3108 1647 3109 1867 3109 1868 3109 1647 3110 1868 3110 1648 3110 1648 3111 1868 3111 1869 3111 1648 3112 1869 3112 1649 3112 1649 3113 1869 3113 1870 3113 1649 3114 1870 3114 1650 3114 1650 3115 1870 3115 1871 3115 1650 3116 1871 3116 1651 3116 1651 3117 1871 3117 1872 3117 1651 3118 1872 3118 1652 3118 1652 3119 1872 3119 1873 3119 1652 3120 1873 3120 1653 3120 1653 3121 1873 3121 1874 3121 1653 3122 1874 3122 1654 3122 1654 3123 1874 3123 1875 3123 1654 3124 1875 3124 1655 3124 1655 3125 1875 3125 1876 3125 1655 3126 1876 3126 1656 3126 1656 3127 1876 3127 1877 3127 1656 3128 1877 3128 1657 3128 1657 3129 1877 3129 1878 3129 1657 3130 1878 3130 1658 3130 1658 3131 1878 3131 1879 3131 1658 3132 1879 3132 1659 3132 1659 3133 1879 3133 1880 3133 1659 3134 1880 3134 1660 3134 1660 3135 1880 3135 1881 3135 1660 3136 1881 3136 1661 3136 1661 3137 1881 3137 1882 3137 1661 3138 1882 3138 1662 3138 1662 3139 1882 3139 1883 3139 1662 3140 1883 3140 1663 3140 1663 3141 1883 3141 1884 3141 1663 3142 1884 3142 1664 3142 1664 3143 1884 3143 1885 3143 1664 3144 1885 3144 1665 3144 1665 3145 1885 3145 1886 3145 1665 3146 1886 3146 1666 3146 1666 3147 1886 3147 1887 3147 1666 3148 1887 3148 1667 3148 1667 3149 1887 3149 1888 3149 1667 3150 1888 3150 1668 3150 1668 3151 1888 3151 1889 3151 1668 3152 1889 3152 1669 3152 1669 3153 1889 3153 1890 3153 1669 3154 1890 3154 1670 3154 1670 3155 1890 3155 1891 3155 1670 3156 1891 3156 1671 3156 1671 3157 1891 3157 1892 3157 1671 3158 1892 3158 1672 3158 1672 3159 1892 3159 1765 3159 1893 3160 1674 3160 1894 3160 1894 3161 1674 3161 1675 3161 1894 3162 1675 3162 1895 3162 1895 3163 1675 3163 1676 3163 1895 3164 1676 3164 1896 3164 1896 3165 1676 3165 1677 3165 1896 3166 1677 3166 1897 3166 1897 3167 1677 3167 1678 3167 1897 3168 1678 3168 1898 3168 1898 3169 1678 3169 1679 3169 1898 3170 1679 3170 1899 3170 1899 3171 1679 3171 1680 3171 1899 3172 1680 3172 1900 3172 1900 3173 1680 3173 1681 3173 1900 3174 1681 3174 1901 3174 1901 3175 1681 3175 1682 3175 1901 3176 1682 3176 1902 3176 1902 3177 1682 3177 1683 3177 1902 3178 1683 3178 1903 3178 1903 3179 1683 3179 1684 3179 1903 3180 1684 3180 1904 3180 1904 3181 1684 3181 1685 3181 1904 3182 1685 3182 1905 3182 1905 3183 1685 3183 1686 3183 1905 3184 1686 3184 1906 3184 1906 3185 1686 3185 1687 3185 1906 3186 1687 3186 1907 3186 1907 3187 1687 3187 1688 3187 1907 3188 1688 3188 1908 3188 1908 3189 1688 3189 1689 3189 1908 3190 1689 3190 1909 3190 1909 3191 1689 3191 1690 3191 1909 3192 1690 3192 1910 3192 1910 3193 1690 3193 1691 3193 1910 3194 1691 3194 1911 3194 1911 3195 1691 3195 1692 3195 1911 3196 1692 3196 1912 3196 1912 3197 1692 3197 1693 3197 1912 3198 1693 3198 1913 3198 1913 3199 1693 3199 1694 3199 1913 3200 1694 3200 1914 3200 1914 3201 1694 3201 1695 3201 1914 3202 1695 3202 1915 3202 1915 3203 1695 3203 1696 3203 1915 3204 1696 3204 1916 3204 1916 3205 1696 3205 1697 3205 1916 3206 1697 3206 1917 3206 1917 3207 1697 3207 1698 3207 1917 3208 1698 3208 1918 3208 1918 3209 1698 3209 1699 3209 1918 3210 1699 3210 1919 3210 1919 3211 1699 3211 1700 3211 1919 3212 1700 3212 1920 3212 1920 3213 1700 3213 1701 3213 1920 3214 1701 3214 1921 3214 1921 3215 1701 3215 1702 3215 1921 3216 1702 3216 1922 3216 1922 3217 1702 3217 1703 3217 1922 3218 1703 3218 1923 3218 1923 3219 1703 3219 1704 3219 1923 3220 1704 3220 1924 3220 1924 3221 1704 3221 1705 3221 1924 3222 1705 3222 1925 3222 1925 3223 1705 3223 1706 3223 1925 3224 1706 3224 1926 3224 1926 3225 1706 3225 1707 3225 1926 3226 1707 3226 1927 3226 1927 3227 1707 3227 1708 3227 1927 3228 1708 3228 1928 3228 1928 3229 1708 3229 1709 3229 1928 3230 1709 3230 1929 3230 1929 3231 1709 3231 1710 3231 1929 3232 1710 3232 1930 3232 1930 3233 1710 3233 1711 3233 1930 3234 1711 3234 1931 3234 1931 3235 1711 3235 1712 3235 1931 3236 1712 3236 1932 3236 1932 3237 1712 3237 1713 3237 1932 3238 1713 3238 1933 3238 1933 3239 1713 3239 1714 3239 1933 3240 1714 3240 1934 3240 1934 3241 1714 3241 1715 3241 1934 3242 1715 3242 1935 3242 1935 3243 1715 3243 1716 3243 1935 3244 1716 3244 1936 3244 1936 3245 1716 3245 1717 3245 1936 3246 1717 3246 1937 3246 1937 3247 1717 3247 1718 3247 1937 3248 1718 3248 1938 3248 1938 3249 1718 3249 1719 3249 1938 3250 1719 3250 1939 3250 1939 3251 1719 3251 1720 3251 1939 3252 1720 3252 1940 3252 1940 3253 1720 3253 1721 3253 1940 3254 1721 3254 1941 3254 1941 3255 1721 3255 1722 3255 1941 3256 1722 3256 1942 3256 1942 3257 1722 3257 1723 3257 1942 3258 1723 3258 1943 3258 1943 3259 1723 3259 1724 3259 1943 3260 1724 3260 1944 3260 1944 3261 1724 3261 1725 3261 1944 3262 1725 3262 1945 3262 1945 3263 1725 3263 1726 3263 1945 3264 1726 3264 1946 3264 1946 3265 1726 3265 1727 3265 1946 3266 1727 3266 1947 3266 1947 3267 1727 3267 1728 3267 1947 3268 1728 3268 1948 3268 1948 3269 1728 3269 1729 3269 1948 3270 1729 3270 1949 3270 1949 3271 1729 3271 1730 3271 1949 3272 1730 3272 1950 3272 1950 3273 1730 3273 1731 3273 1950 3274 1731 3274 1951 3274 1951 3275 1731 3275 1732 3275 1951 3276 1732 3276 1952 3276 1952 3277 1732 3277 1733 3277 1952 3278 1733 3278 1953 3278 1953 3279 1733 3279 1734 3279 1953 3280 1734 3280 1954 3280 1954 3281 1734 3281 1735 3281 1954 3282 1735 3282 1955 3282 1955 3283 1735 3283 1736 3283 1955 3284 1736 3284 1956 3284 1956 3285 1736 3285 1737 3285 1956 3286 1737 3286 1957 3286 1957 3287 1737 3287 1738 3287 1957 3288 1738 3288 1958 3288 1958 3289 1738 3289 1739 3289 1958 3290 1739 3290 1959 3290 1959 3291 1739 3291 1740 3291 1959 3292 1740 3292 1960 3292 1960 3293 1740 3293 1741 3293 1960 3294 1741 3294 1961 3294 1961 3295 1741 3295 1742 3295 1961 3296 1742 3296 1962 3296 1962 3297 1742 3297 1743 3297 1962 3298 1743 3298 1963 3298 1963 3299 1743 3299 1744 3299 1963 3300 1744 3300 1964 3300 1964 3301 1744 3301 1745 3301 1964 3302 1745 3302 1965 3302 1965 3303 1745 3303 1746 3303 1965 3304 1746 3304 1966 3304 1966 3305 1746 3305 1747 3305 1966 3306 1747 3306 1967 3306 1967 3307 1747 3307 1748 3307 1967 3308 1748 3308 1968 3308 1968 3309 1748 3309 1749 3309 1968 3310 1749 3310 1969 3310 1969 3311 1749 3311 1750 3311 1969 3312 1750 3312 1970 3312 1970 3313 1750 3313 1751 3313 1970 3314 1751 3314 1971 3314 1971 3315 1751 3315 1752 3315 1971 3316 1752 3316 1972 3316 1972 3317 1752 3317 1753 3317 1972 3318 1753 3318 1973 3318 1973 3319 1753 3319 1754 3319 1973 3320 1754 3320 1974 3320 1974 3321 1754 3321 1755 3321 1974 3322 1755 3322 1975 3322 1975 3323 1755 3323 1756 3323 1975 3324 1756 3324 1976 3324 1976 3325 1756 3325 1757 3325 1976 3326 1757 3326 1977 3326 1977 3327 1757 3327 1758 3327 1977 3328 1758 3328 1978 3328 1978 3329 1758 3329 1759 3329 1978 3330 1759 3330 1979 3330 1979 3331 1759 3331 1760 3331 1979 3332 1760 3332 1980 3332 1980 3333 1760 3333 1761 3333 1980 3334 1761 3334 1981 3334 1981 3335 1761 3335 1762 3335 1981 3336 1762 3336 1982 3336 1982 3337 1762 3337 1763 3337 1982 3338 1763 3338 1983 3338 1983 3339 1763 3339 1764 3339 1983 3340 1764 3340 1984 3340 1984 3341 1764 3341 1765 3341 1984 3342 1765 3342 1985 3342 1985 3343 1765 3343 1892 3343 1674 3344 1893 3344 1673 3344 1673 3345 1893 3345 1986 3345 1673 3346 1986 3346 1766 3346 1766 3347 1986 3347 1987 3347 1766 3348 1987 3348 1767 3348 1767 3349 1987 3349 1988 3349 1767 3350 1988 3350 1768 3350 1768 3351 1988 3351 1989 3351 1768 3352 1989 3352 1769 3352 1769 3353 1989 3353 1990 3353 1769 3354 1990 3354 1770 3354 1770 3355 1990 3355 1991 3355 1770 3356 1991 3356 1771 3356 1771 3357 1991 3357 1992 3357 1771 3358 1992 3358 1772 3358 1772 3359 1992 3359 1993 3359 1772 3360 1993 3360 1773 3360 1773 3361 1993 3361 1994 3361 1773 3362 1994 3362 1774 3362 1774 3363 1994 3363 1995 3363 1774 3364 1995 3364 1775 3364 1775 3365 1995 3365 1996 3365 1775 3366 1996 3366 1776 3366 1776 3367 1996 3367 1997 3367 1776 3368 1997 3368 1777 3368 1777 3369 1997 3369 1998 3369 1777 3370 1998 3370 1778 3370 1778 3371 1998 3371 1999 3371 1778 3372 1999 3372 1779 3372 1779 3373 1999 3373 2000 3373 1779 3374 2000 3374 1780 3374 1780 3375 2000 3375 2001 3375 1780 3376 2001 3376 1781 3376 1781 3377 2001 3377 2002 3377 1781 3378 2002 3378 1782 3378 1782 3379 2002 3379 2003 3379 1782 3380 2003 3380 1783 3380 1783 3381 2003 3381 2004 3381 1783 3382 2004 3382 1784 3382 1784 3383 2004 3383 2005 3383 1784 3384 2005 3384 1785 3384 1785 3385 2005 3385 2006 3385 1785 3386 2006 3386 1786 3386 1786 3387 2006 3387 2007 3387 1786 3388 2007 3388 1787 3388 1787 3389 2007 3389 2008 3389 1787 3390 2008 3390 1788 3390 1788 3391 2008 3391 2009 3391 1788 3392 2009 3392 1789 3392 1789 3393 2009 3393 2010 3393 1789 3394 2010 3394 1790 3394 1790 3395 2010 3395 2011 3395 1790 3396 2011 3396 1791 3396 1791 3397 2011 3397 2012 3397 1791 3398 2012 3398 1792 3398 1792 3399 2012 3399 2013 3399 1792 3400 2013 3400 1793 3400 1793 3401 2013 3401 2014 3401 1793 3402 2014 3402 1794 3402 1794 3403 2014 3403 2015 3403 1794 3404 2015 3404 1795 3404 1795 3405 2015 3405 2016 3405 1795 3406 2016 3406 1796 3406 1796 3407 2016 3407 2017 3407 1796 3408 2017 3408 1797 3408 1797 3409 2017 3409 2018 3409 1797 3410 2018 3410 1798 3410 1798 3411 2018 3411 2019 3411 1798 3412 2019 3412 1799 3412 1799 3413 2019 3413 2020 3413 1799 3414 2020 3414 1800 3414 1800 3415 2020 3415 2021 3415 1800 3416 2021 3416 1801 3416 1801 3417 2021 3417 2022 3417 1801 3418 2022 3418 1802 3418 1802 3419 2022 3419 2023 3419 1802 3420 2023 3420 1803 3420 1803 3421 2023 3421 2024 3421 1803 3422 2024 3422 1804 3422 1804 3423 2024 3423 2025 3423 1804 3424 2025 3424 1805 3424 1805 3425 2025 3425 2026 3425 1805 3426 2026 3426 1806 3426 1806 3427 2026 3427 2027 3427 1806 3428 2027 3428 1807 3428 1807 3429 2027 3429 2028 3429 1807 3430 2028 3430 1808 3430 1808 3431 2028 3431 2029 3431 1808 3432 2029 3432 1809 3432 1809 3433 2029 3433 2030 3433 1809 3434 2030 3434 1810 3434 1810 3435 2030 3435 2031 3435 1810 3436 2031 3436 1811 3436 1811 3437 2031 3437 2032 3437 1811 3438 2032 3438 1812 3438 1812 3439 2032 3439 2033 3439 1812 3440 2033 3440 1813 3440 1813 3441 2033 3441 2034 3441 1813 3442 2034 3442 1814 3442 1814 3443 2034 3443 2035 3443 1814 3444 2035 3444 1815 3444 1815 3445 2035 3445 2036 3445 1815 3446 2036 3446 1816 3446 1816 3447 2036 3447 2037 3447 1816 3448 2037 3448 1817 3448 1817 3449 2037 3449 2038 3449 1817 3450 2038 3450 1818 3450 1818 3451 2038 3451 2039 3451 1818 3452 2039 3452 1819 3452 1819 3453 2039 3453 2040 3453 1819 3454 2040 3454 1820 3454 1820 3455 2040 3455 2041 3455 1820 3456 2041 3456 1821 3456 1821 3457 2041 3457 2042 3457 1821 3458 2042 3458 1822 3458 1822 3459 2042 3459 2043 3459 1822 3460 2043 3460 1823 3460 1823 3461 2043 3461 2044 3461 1823 3462 2044 3462 1824 3462 1824 3463 2044 3463 2045 3463 1824 3464 2045 3464 1825 3464 1825 3465 2045 3465 2046 3465 1825 3466 2046 3466 1826 3466 1826 3467 2046 3467 2047 3467 1826 3468 2047 3468 1827 3468 1827 3469 2047 3469 2048 3469 1827 3470 2048 3470 1828 3470 1828 3471 2048 3471 2049 3471 1828 3472 2049 3472 1829 3472 1829 3473 2049 3473 2050 3473 1829 3474 2050 3474 1830 3474 1830 3475 2050 3475 2051 3475 1830 3476 2051 3476 1831 3476 1831 3477 2051 3477 2052 3477 1831 3478 2052 3478 1832 3478 1832 3479 2052 3479 2053 3479 1832 3480 2053 3480 1833 3480 1833 3481 2053 3481 2054 3481 1833 3482 2054 3482 1834 3482 1834 3483 2054 3483 2055 3483 1834 3484 2055 3484 1835 3484 1835 3485 2055 3485 2056 3485 1835 3486 2056 3486 1836 3486 1836 3487 2056 3487 2057 3487 1836 3488 2057 3488 1837 3488 1837 3489 2057 3489 2058 3489 1837 3490 2058 3490 1838 3490 1838 3491 2058 3491 2059 3491 1838 3492 2059 3492 1839 3492 1839 3493 2059 3493 2060 3493 1839 3494 2060 3494 1840 3494 1840 3495 2060 3495 2061 3495 1840 3496 2061 3496 1841 3496 1841 3497 2061 3497 2062 3497 1841 3498 2062 3498 1842 3498 1842 3499 2062 3499 2063 3499 1842 3500 2063 3500 1843 3500 1843 3501 2063 3501 2064 3501 1843 3502 2064 3502 1844 3502 1844 3503 2064 3503 2065 3503 1844 3504 2065 3504 1845 3504 1845 3505 2065 3505 2066 3505 1845 3506 2066 3506 1846 3506 1846 3507 2066 3507 2067 3507 1846 3508 2067 3508 1847 3508 1847 3509 2067 3509 2068 3509 1847 3510 2068 3510 1848 3510 1848 3511 2068 3511 2069 3511 1848 3512 2069 3512 1849 3512 1849 3513 2069 3513 2070 3513 1849 3514 2070 3514 1850 3514 1850 3515 2070 3515 2071 3515 1850 3516 2071 3516 1851 3516 1851 3517 2071 3517 2072 3517 1851 3518 2072 3518 1852 3518 1852 3519 2072 3519 2073 3519 1852 3520 2073 3520 1853 3520 1853 3521 2073 3521 2074 3521 1853 3522 2074 3522 1854 3522 1854 3523 2074 3523 2075 3523 1854 3524 2075 3524 1855 3524 1855 3525 2075 3525 2076 3525 1855 3526 2076 3526 1856 3526 1856 3527 2076 3527 2077 3527 1856 3528 2077 3528 1857 3528 1857 3529 2077 3529 2078 3529 1857 3530 2078 3530 1858 3530 1858 3531 2078 3531 2079 3531 1858 3532 2079 3532 1859 3532 1859 3533 2079 3533 2080 3533 1859 3534 2080 3534 1860 3534 1860 3535 2080 3535 2081 3535 1860 3536 2081 3536 1861 3536 1861 3537 2081 3537 2082 3537 1861 3538 2082 3538 1862 3538 1862 3539 2082 3539 2083 3539 1862 3540 2083 3540 1863 3540 1863 3541 2083 3541 2084 3541 1863 3542 2084 3542 1864 3542 1864 3543 2084 3543 2085 3543 1864 3544 2085 3544 1865 3544 1865 3545 2085 3545 2086 3545 1865 3546 2086 3546 1866 3546 1866 3547 2086 3547 2087 3547 1866 3548 2087 3548 1867 3548 1867 3549 2087 3549 2088 3549 1867 3550 2088 3550 1868 3550 1868 3551 2088 3551 2089 3551 1868 3552 2089 3552 1869 3552 1869 3553 2089 3553 2090 3553 1869 3554 2090 3554 1870 3554 1870 3555 2090 3555 2091 3555 1870 3556 2091 3556 1871 3556 1871 3557 2091 3557 2092 3557 1871 3558 2092 3558 1872 3558 1872 3559 2092 3559 2093 3559 1872 3560 2093 3560 1873 3560 1873 3561 2093 3561 2094 3561 1873 3562 2094 3562 1874 3562 1874 3563 2094 3563 2095 3563 1874 3564 2095 3564 1875 3564 1875 3565 2095 3565 2096 3565 1875 3566 2096 3566 1876 3566 1876 3567 2096 3567 2097 3567 1876 3568 2097 3568 1877 3568 1877 3569 2097 3569 2098 3569 1877 3570 2098 3570 1878 3570 1878 3571 2098 3571 2099 3571 1878 3572 2099 3572 1879 3572 1879 3573 2099 3573 2100 3573 1879 3574 2100 3574 1880 3574 1880 3575 2100 3575 2101 3575 1880 3576 2101 3576 1881 3576 1881 3577 2101 3577 2102 3577 1881 3578 2102 3578 1882 3578 1882 3579 2102 3579 2103 3579 1882 3580 2103 3580 1883 3580 1883 3581 2103 3581 2104 3581 1883 3582 2104 3582 1884 3582 1884 3583 2104 3583 2105 3583 1884 3584 2105 3584 1885 3584 1885 3585 2105 3585 2106 3585 1885 3586 2106 3586 1886 3586 1886 3587 2106 3587 2107 3587 1886 3588 2107 3588 1887 3588 1887 3589 2107 3589 2108 3589 1887 3590 2108 3590 1888 3590 1888 3591 2108 3591 2109 3591 1888 3592 2109 3592 1889 3592 1889 3593 2109 3593 2110 3593 1889 3594 2110 3594 1890 3594 1890 3595 2110 3595 2111 3595 1890 3596 2111 3596 1891 3596 1891 3597 2111 3597 2112 3597 1891 3598 2112 3598 1892 3598 1892 3599 2112 3599 1985 3599 1132 3600 1894 3600 1134 3600 1134 3601 1894 3601 1895 3601 1134 3602 1895 3602 1136 3602 1136 3603 1895 3603 1896 3603 1136 3604 1896 3604 1138 3604 1138 3605 1896 3605 1897 3605 1138 3606 1897 3606 1140 3606 1140 3607 1897 3607 1898 3607 1140 3608 1898 3608 1142 3608 1142 3609 1898 3609 1899 3609 1142 3610 1899 3610 1144 3610 1144 3611 1899 3611 1900 3611 1144 3612 1900 3612 1146 3612 1146 3613 1900 3613 1901 3613 1146 3614 1901 3614 1148 3614 1148 3615 1901 3615 1902 3615 1148 3616 1902 3616 1150 3616 1150 3617 1902 3617 1903 3617 1150 3618 1903 3618 1152 3618 1152 3619 1903 3619 1904 3619 1152 3620 1904 3620 1154 3620 1154 3621 1904 3621 1905 3621 1154 3622 1905 3622 1156 3622 1156 3623 1905 3623 1906 3623 1156 3624 1906 3624 1158 3624 1158 3625 1906 3625 1907 3625 1158 3626 1907 3626 1160 3626 1160 3627 1907 3627 1908 3627 1160 3628 1908 3628 1162 3628 1162 3629 1908 3629 1909 3629 1162 3630 1909 3630 1164 3630 1164 3631 1909 3631 1910 3631 1164 3632 1910 3632 1166 3632 1166 3633 1910 3633 1911 3633 1166 3634 1911 3634 1168 3634 1168 3635 1911 3635 1912 3635 1168 3636 1912 3636 1170 3636 1170 3637 1912 3637 1913 3637 1170 3638 1913 3638 1172 3638 1172 3639 1913 3639 1914 3639 1172 3640 1914 3640 1174 3640 1174 3641 1914 3641 1915 3641 1174 3642 1915 3642 1176 3642 1176 3643 1915 3643 1916 3643 1176 3644 1916 3644 1178 3644 1178 3645 1916 3645 1917 3645 1178 3646 1917 3646 1180 3646 1180 3647 1917 3647 1918 3647 1180 3648 1918 3648 1182 3648 1182 3649 1918 3649 1919 3649 1182 3650 1919 3650 1184 3650 1184 3651 1919 3651 1920 3651 1184 3652 1920 3652 1186 3652 1186 3653 1920 3653 1921 3653 1186 3654 1921 3654 1188 3654 1188 3655 1921 3655 1922 3655 1188 3656 1922 3656 1190 3656 1190 3657 1922 3657 1923 3657 1190 3658 1923 3658 1192 3658 1192 3659 1923 3659 1924 3659 1192 3660 1924 3660 1194 3660 1194 3661 1924 3661 1925 3661 1194 3662 1925 3662 1196 3662 1196 3663 1925 3663 1926 3663 1196 3664 1926 3664 1198 3664 1198 3665 1926 3665 1927 3665 1198 3666 1927 3666 1451 3666 1451 3667 1927 3667 1928 3667 1451 3668 1928 3668 1449 3668 1449 3669 1928 3669 1929 3669 1449 3670 1929 3670 1447 3670 1447 3671 1929 3671 1930 3671 1447 3672 1930 3672 1445 3672 1445 3673 1930 3673 1931 3673 1445 3674 1931 3674 1443 3674 1443 3675 1931 3675 1932 3675 1443 3676 1932 3676 1441 3676 1441 3677 1932 3677 1933 3677 1441 3678 1933 3678 1439 3678 1439 3679 1933 3679 1934 3679 1439 3680 1934 3680 1437 3680 1437 3681 1934 3681 1935 3681 1437 3682 1935 3682 1435 3682 1435 3683 1935 3683 1936 3683 1435 3684 1936 3684 1433 3684 1433 3685 1936 3685 1937 3685 1433 3686 1937 3686 1431 3686 1431 3687 1937 3687 1938 3687 1431 3688 1938 3688 1429 3688 1429 3689 1938 3689 1939 3689 1429 3690 1939 3690 1427 3690 1427 3691 1939 3691 1940 3691 1427 3692 1940 3692 1425 3692 1425 3693 1940 3693 1941 3693 1425 3694 1941 3694 1423 3694 1423 3695 1941 3695 1942 3695 1423 3696 1942 3696 1421 3696 1421 3697 1942 3697 1943 3697 1421 3698 1943 3698 1419 3698 1419 3699 1943 3699 1944 3699 1419 3700 1944 3700 1417 3700 1417 3701 1944 3701 1945 3701 1417 3702 1945 3702 1415 3702 1415 3703 1945 3703 1946 3703 1415 3704 1946 3704 1413 3704 1413 3705 1946 3705 1947 3705 1413 3706 1947 3706 1411 3706 1411 3707 1947 3707 1948 3707 1411 3708 1948 3708 1409 3708 1409 3709 1948 3709 1949 3709 1409 3710 1949 3710 1407 3710 1407 3711 1949 3711 1950 3711 1407 3712 1950 3712 1405 3712 1405 3713 1950 3713 1951 3713 1405 3714 1951 3714 1403 3714 1403 3715 1951 3715 1952 3715 1403 3716 1952 3716 1401 3716 1401 3717 1952 3717 1953 3717 1401 3718 1953 3718 1399 3718 1399 3719 1953 3719 1954 3719 1399 3720 1954 3720 1397 3720 1397 3721 1954 3721 1955 3721 1397 3722 1955 3722 1395 3722 1395 3723 1955 3723 1956 3723 1395 3724 1956 3724 1393 3724 1393 3725 1956 3725 1957 3725 1393 3726 1957 3726 1391 3726 1391 3727 1957 3727 1958 3727 1391 3728 1958 3728 1389 3728 1389 3729 1958 3729 1959 3729 1389 3730 1959 3730 1387 3730 1387 3731 1959 3731 1960 3731 1387 3732 1960 3732 1385 3732 1385 3733 1960 3733 1961 3733 1385 3734 1961 3734 1383 3734 1383 3735 1961 3735 1962 3735 1383 3736 1962 3736 1381 3736 1381 3737 1962 3737 1963 3737 1381 3738 1963 3738 1379 3738 1379 3739 1963 3739 1964 3739 1379 3740 1964 3740 1377 3740 1377 3741 1964 3741 1965 3741 1377 3742 1965 3742 1375 3742 1375 3743 1965 3743 1966 3743 1375 3744 1966 3744 1373 3744 1373 3745 1966 3745 1967 3745 1373 3746 1967 3746 1371 3746 1371 3747 1967 3747 1968 3747 1371 3748 1968 3748 1369 3748 1369 3749 1968 3749 1969 3749 1369 3750 1969 3750 1367 3750 1367 3751 1969 3751 1970 3751 1367 3752 1970 3752 1365 3752 1365 3753 1970 3753 1971 3753 1365 3754 1971 3754 1363 3754 1363 3755 1971 3755 1972 3755 1363 3756 1972 3756 1361 3756 1361 3757 1972 3757 1973 3757 1361 3758 1973 3758 1359 3758 1359 3759 1973 3759 1974 3759 1359 3760 1974 3760 1357 3760 1357 3761 1974 3761 1975 3761 1357 3762 1975 3762 1355 3762 1355 3763 1975 3763 1976 3763 1355 3764 1976 3764 1353 3764 1353 3765 1976 3765 1977 3765 1353 3766 1977 3766 1351 3766 1351 3767 1977 3767 1978 3767 1351 3768 1978 3768 1349 3768 1349 3769 1978 3769 1979 3769 1349 3770 1979 3770 1347 3770 1347 3771 1979 3771 1980 3771 1347 3772 1980 3772 1345 3772 1345 3773 1980 3773 1981 3773 1345 3774 1981 3774 1343 3774 1343 3775 1981 3775 1982 3775 1343 3776 1982 3776 1341 3776 1341 3777 1982 3777 1983 3777 1341 3778 1983 3778 1339 3778 1339 3779 1983 3779 1984 3779 1339 3780 1984 3780 1337 3780 1337 3781 1984 3781 1985 3781 1337 3782 1985 3782 1335 3782 1335 3783 1985 3783 2112 3783 1894 3784 1132 3784 1893 3784 1893 3785 1132 3785 1130 3785 1893 3786 1130 3786 1986 3786 1986 3787 1130 3787 1128 3787 1986 3788 1128 3788 1987 3788 1987 3789 1128 3789 1126 3789 1987 3790 1126 3790 1988 3790 1988 3791 1126 3791 1124 3791 1988 3792 1124 3792 1989 3792 1989 3793 1124 3793 1122 3793 1989 3794 1122 3794 1990 3794 1990 3795 1122 3795 1120 3795 1990 3796 1120 3796 1991 3796 1991 3797 1120 3797 1118 3797 1991 3798 1118 3798 1992 3798 1992 3799 1118 3799 1116 3799 1992 3800 1116 3800 1993 3800 1993 3801 1116 3801 1114 3801 1993 3802 1114 3802 1994 3802 1994 3803 1114 3803 1112 3803 1994 3804 1112 3804 1995 3804 1995 3805 1112 3805 1110 3805 1995 3806 1110 3806 1996 3806 1996 3807 1110 3807 1108 3807 1996 3808 1108 3808 1997 3808 1997 3809 1108 3809 1106 3809 1997 3810 1106 3810 1998 3810 1998 3811 1106 3811 1104 3811 1998 3812 1104 3812 1999 3812 1999 3813 1104 3813 1102 3813 1999 3814 1102 3814 2000 3814 2000 3815 1102 3815 1100 3815 2000 3816 1100 3816 2001 3816 2001 3817 1100 3817 1098 3817 2001 3818 1098 3818 2002 3818 2002 3819 1098 3819 1096 3819 2002 3820 1096 3820 2003 3820 2003 3821 1096 3821 1094 3821 2003 3822 1094 3822 2004 3822 2004 3823 1094 3823 1092 3823 2004 3824 1092 3824 2005 3824 2005 3825 1092 3825 1090 3825 2005 3826 1090 3826 2006 3826 2006 3827 1090 3827 1088 3827 2006 3828 1088 3828 2007 3828 2007 3829 1088 3829 1086 3829 2007 3830 1086 3830 2008 3830 2008 3831 1086 3831 1084 3831 2008 3832 1084 3832 2009 3832 2009 3833 1084 3833 1082 3833 2009 3834 1082 3834 2010 3834 2010 3835 1082 3835 1080 3835 2010 3836 1080 3836 2011 3836 2011 3837 1080 3837 1078 3837 2011 3838 1078 3838 2012 3838 2012 3839 1078 3839 1076 3839 2012 3840 1076 3840 2013 3840 2013 3841 1076 3841 1074 3841 2013 3842 1074 3842 2014 3842 2014 3843 1074 3843 1072 3843 2014 3844 1072 3844 2015 3844 2015 3845 1072 3845 1070 3845 2015 3846 1070 3846 2016 3846 2016 3847 1070 3847 1068 3847 2016 3848 1068 3848 2017 3848 2017 3849 1068 3849 1066 3849 2017 3850 1066 3850 2018 3850 2018 3851 1066 3851 1064 3851 2018 3852 1064 3852 2019 3852 2019 3853 1064 3853 1062 3853 2019 3854 1062 3854 2020 3854 2020 3855 1062 3855 1060 3855 2020 3856 1060 3856 2021 3856 2021 3857 1060 3857 1058 3857 2021 3858 1058 3858 2022 3858 2022 3859 1058 3859 1056 3859 2022 3860 1056 3860 2023 3860 2023 3861 1056 3861 1054 3861 2023 3862 1054 3862 2024 3862 2024 3863 1054 3863 1052 3863 2024 3864 1052 3864 2025 3864 2025 3865 1052 3865 1050 3865 2025 3866 1050 3866 2026 3866 2026 3867 1050 3867 1048 3867 2026 3868 1048 3868 2027 3868 2027 3869 1048 3869 1046 3869 2027 3870 1046 3870 2028 3870 2028 3871 1046 3871 1044 3871 2028 3872 1044 3872 2029 3872 2029 3873 1044 3873 1042 3873 2029 3874 1042 3874 2030 3874 2030 3875 1042 3875 1040 3875 2030 3876 1040 3876 2031 3876 2031 3877 1040 3877 1038 3877 2031 3878 1038 3878 2032 3878 2032 3879 1038 3879 1036 3879 2032 3880 1036 3880 2033 3880 2033 3881 1036 3881 1034 3881 2033 3882 1034 3882 2034 3882 2034 3883 1034 3883 1032 3883 2034 3884 1032 3884 2035 3884 2035 3885 1032 3885 1030 3885 2035 3886 1030 3886 2036 3886 2036 3887 1030 3887 1028 3887 2036 3888 1028 3888 2037 3888 2037 3889 1028 3889 1026 3889 2037 3890 1026 3890 2038 3890 2038 3891 1026 3891 1024 3891 2038 3892 1024 3892 2039 3892 2039 3893 1024 3893 1022 3893 2039 3894 1022 3894 2040 3894 2040 3895 1022 3895 1020 3895 2040 3896 1020 3896 2041 3896 2041 3897 1020 3897 1018 3897 2041 3898 1018 3898 2042 3898 2042 3899 1018 3899 1016 3899 2042 3900 1016 3900 2043 3900 2043 3901 1016 3901 1014 3901 2043 3902 1014 3902 2044 3902 2044 3903 1014 3903 1199 3903 2044 3904 1199 3904 2045 3904 2045 3905 1199 3905 1201 3905 2045 3906 1201 3906 2046 3906 2046 3907 1201 3907 1203 3907 2046 3908 1203 3908 2047 3908 2047 3909 1203 3909 1205 3909 2047 3910 1205 3910 2048 3910 2048 3911 1205 3911 1207 3911 2048 3912 1207 3912 2049 3912 2049 3913 1207 3913 1209 3913 2049 3914 1209 3914 2050 3914 2050 3915 1209 3915 1211 3915 2050 3916 1211 3916 2051 3916 2051 3917 1211 3917 1213 3917 2051 3918 1213 3918 2052 3918 2052 3919 1213 3919 1215 3919 2052 3920 1215 3920 2053 3920 2053 3921 1215 3921 1217 3921 2053 3922 1217 3922 2054 3922 2054 3923 1217 3923 1219 3923 2054 3924 1219 3924 2055 3924 2055 3925 1219 3925 1221 3925 2055 3926 1221 3926 2056 3926 2056 3927 1221 3927 1223 3927 2056 3928 1223 3928 2057 3928 2057 3929 1223 3929 1225 3929 2057 3930 1225 3930 2058 3930 2058 3931 1225 3931 1227 3931 2058 3932 1227 3932 2059 3932 2059 3933 1227 3933 1229 3933 2059 3934 1229 3934 2060 3934 2060 3935 1229 3935 1231 3935 2060 3936 1231 3936 2061 3936 2061 3937 1231 3937 1233 3937 2061 3938 1233 3938 2062 3938 2062 3939 1233 3939 1235 3939 2062 3940 1235 3940 2063 3940 2063 3941 1235 3941 1237 3941 2063 3942 1237 3942 2064 3942 2064 3943 1237 3943 1239 3943 2064 3944 1239 3944 2065 3944 2065 3945 1239 3945 1241 3945 2065 3946 1241 3946 2066 3946 2066 3947 1241 3947 1243 3947 2066 3948 1243 3948 2067 3948 2067 3949 1243 3949 1245 3949 2067 3950 1245 3950 2068 3950 2068 3951 1245 3951 1247 3951 2068 3952 1247 3952 2069 3952 2069 3953 1247 3953 1249 3953 2069 3954 1249 3954 2070 3954 2070 3955 1249 3955 1251 3955 2070 3956 1251 3956 2071 3956 2071 3957 1251 3957 1253 3957 2071 3958 1253 3958 2072 3958 2072 3959 1253 3959 1255 3959 2072 3960 1255 3960 2073 3960 2073 3961 1255 3961 1257 3961 2073 3962 1257 3962 2074 3962 2074 3963 1257 3963 1259 3963 2074 3964 1259 3964 2075 3964 2075 3965 1259 3965 1261 3965 2075 3966 1261 3966 2076 3966 2076 3967 1261 3967 1263 3967 2076 3968 1263 3968 2077 3968 2077 3969 1263 3969 1265 3969 2077 3970 1265 3970 2078 3970 2078 3971 1265 3971 1267 3971 2078 3972 1267 3972 2079 3972 2079 3973 1267 3973 1269 3973 2079 3974 1269 3974 2080 3974 2080 3975 1269 3975 1271 3975 2080 3976 1271 3976 2081 3976 2081 3977 1271 3977 1273 3977 2081 3978 1273 3978 2082 3978 2082 3979 1273 3979 1275 3979 2082 3980 1275 3980 2083 3980 2083 3981 1275 3981 1277 3981 2083 3982 1277 3982 2084 3982 2084 3983 1277 3983 1279 3983 2084 3984 1279 3984 2085 3984 2085 3985 1279 3985 1281 3985 2085 3986 1281 3986 2086 3986 2086 3987 1281 3987 1283 3987 2086 3988 1283 3988 2087 3988 2087 3989 1283 3989 1285 3989 2087 3990 1285 3990 2088 3990 2088 3991 1285 3991 1287 3991 2088 3992 1287 3992 2089 3992 2089 3993 1287 3993 1289 3993 2089 3994 1289 3994 2090 3994 2090 3995 1289 3995 1291 3995 2090 3996 1291 3996 2091 3996 2091 3997 1291 3997 1293 3997 2091 3998 1293 3998 2092 3998 2092 3999 1293 3999 1295 3999 2092 4000 1295 4000 2093 4000 2093 4001 1295 4001 1297 4001 2093 4002 1297 4002 2094 4002 2094 4003 1297 4003 1299 4003 2094 4004 1299 4004 2095 4004 2095 4005 1299 4005 1301 4005 2095 4006 1301 4006 2096 4006 2096 4007 1301 4007 1303 4007 2096 4008 1303 4008 2097 4008 2097 4009 1303 4009 1305 4009 2097 4010 1305 4010 2098 4010 2098 4011 1305 4011 1307 4011 2098 4012 1307 4012 2099 4012 2099 4013 1307 4013 1309 4013 2099 4014 1309 4014 2100 4014 2100 4015 1309 4015 1311 4015 2100 4016 1311 4016 2101 4016 2101 4017 1311 4017 1313 4017 2101 4018 1313 4018 2102 4018 2102 4019 1313 4019 1315 4019 2102 4020 1315 4020 2103 4020 2103 4021 1315 4021 1317 4021 2103 4022 1317 4022 2104 4022 2104 4023 1317 4023 1319 4023 2104 4024 1319 4024 2105 4024 2105 4025 1319 4025 1321 4025 2105 4026 1321 4026 2106 4026 2106 4027 1321 4027 1323 4027 2106 4028 1323 4028 2107 4028 2107 4029 1323 4029 1325 4029 2107 4030 1325 4030 2108 4030 2108 4031 1325 4031 1327 4031 2108 4032 1327 4032 2109 4032 2109 4033 1327 4033 1329 4033 2109 4034 1329 4034 2110 4034 2110 4035 1329 4035 1331 4035 2110 4036 1331 4036 2111 4036 2111 4037 1331 4037 1333 4037 2111 4038 1333 4038 2112 4038 2112 4039 1333 4039 1335 4039 2113 4040 2114 4040 2115 4040 2116 4041 2117 4041 2118 4041 2114 4042 2119 4042 2115 4042 2115 4043 2119 4043 2120 4043 2115 4044 2120 4044 2121 4044 2122 4045 2123 4045 2116 4045 2116 4046 2123 4046 2124 4046 2116 4047 2124 4047 2117 4047 2120 4048 2125 4048 2121 4048 2121 4049 2125 4049 2126 4049 2121 4050 2126 4050 2127 4050 2118 4051 2128 4051 2116 4051 2116 4052 2128 4052 2129 4052 2116 4053 2129 4053 2130 4053 2129 4054 2131 4054 2130 4054 2130 4055 2131 4055 2132 4055 2130 4056 2132 4056 2133 4056 2134 4057 2135 4057 2136 4057 2137 4058 2138 4058 2122 4058 2122 4059 2138 4059 2139 4059 2122 4060 2139 4060 2123 4060 2133 4061 2140 4061 2130 4061 2130 4062 2140 4062 2141 4062 2130 4063 2141 4063 2134 4063 2134 4064 2141 4064 2142 4064 2134 4065 2142 4065 2135 4065 2136 4066 2143 4066 2134 4066 2134 4067 2143 4067 2144 4067 2134 4068 2144 4068 2115 4068 2115 4069 2144 4069 2145 4069 2115 4070 2145 4070 2113 4070 2127 4071 2146 4071 2121 4071 2121 4072 2146 4072 2147 4072 2121 4073 2147 4073 2122 4073 2122 4074 2147 4074 2148 4074 2122 4075 2148 4075 2137 4075 2149 4076 2150 4076 2151 4076 2150 4077 2152 4077 2151 4077 2151 4078 2152 4078 2153 4078 2151 4079 2153 4079 2154 4079 2153 4080 2155 4080 2154 4080 2154 4081 2155 4081 2156 4081 2154 4082 2156 4082 2157 4082 2158 4083 2159 4083 2160 4083 2157 4084 2161 4084 2154 4084 2154 4085 2161 4085 2162 4085 2154 4086 2162 4086 2158 4086 2158 4087 2162 4087 2163 4087 2158 4088 2163 4088 2159 4088 2160 4089 2164 4089 2158 4089 2158 4090 2164 4090 2165 4090 2158 4091 2165 4091 2166 4091 2167 4092 2168 4092 2169 4092 2170 4093 2171 4093 2172 4093 2172 4094 2173 4094 2170 4094 2170 4095 2173 4095 2174 4095 2170 4096 2174 4096 2151 4096 2151 4097 2174 4097 2175 4097 2151 4098 2175 4098 2149 4098 2165 4099 2176 4099 2166 4099 2166 4100 2176 4100 2177 4100 2166 4101 2177 4101 2178 4101 2178 4102 2179 4102 2166 4102 2166 4103 2179 4103 2180 4103 2166 4104 2180 4104 2169 4104 2169 4105 2180 4105 2181 4105 2169 4106 2181 4106 2167 4106 2168 4107 2182 4107 2169 4107 2169 4108 2182 4108 2183 4108 2169 4109 2183 4109 2170 4109 2170 4110 2183 4110 2184 4110 2170 4111 2184 4111 2171 4111 2130 4112 2134 4112 2170 4112 2170 4113 2134 4113 2169 4113 2185 4114 2130 4114 2186 4114 2186 4115 2130 4115 2170 4115 2122 4116 2116 4116 2154 4116 2154 4117 2116 4117 2187 4117 2121 4118 2122 4118 2158 4118 2158 4119 2122 4119 2154 4119 2188 4120 2121 4120 2189 4120 2189 4121 2121 4121 2158 4121 2134 4122 2115 4122 2169 4122 2169 4123 2115 4123 2190 4123 2191 4124 2192 4124 2128 4124 2128 4125 2192 4125 2149 4125 2128 4126 2149 4126 2129 4126 2129 4127 2149 4127 2175 4127 2129 4128 2175 4128 2131 4128 2131 4129 2175 4129 2174 4129 2131 4130 2174 4130 2132 4130 2132 4131 2174 4131 2173 4131 2132 4132 2173 4132 2133 4132 2133 4133 2173 4133 2172 4133 2133 4134 2172 4134 2140 4134 2140 4135 2172 4135 2171 4135 2140 4136 2171 4136 2141 4136 2141 4137 2171 4137 2184 4137 2141 4138 2184 4138 2142 4138 2142 4139 2184 4139 2183 4139 2142 4140 2183 4140 2135 4140 2135 4141 2183 4141 2182 4141 2135 4142 2182 4142 2136 4142 2136 4143 2182 4143 2168 4143 2136 4144 2168 4144 2143 4144 2143 4145 2168 4145 2167 4145 2143 4146 2167 4146 2144 4146 2144 4147 2167 4147 2181 4147 2144 4148 2181 4148 2145 4148 2145 4149 2181 4149 2180 4149 2145 4150 2180 4150 2113 4150 2113 4151 2180 4151 2179 4151 2113 4152 2179 4152 2193 4152 2193 4153 2179 4153 2194 4153 2193 4154 2194 4154 2119 4154 2119 4155 2194 4155 2177 4155 2119 4156 2177 4156 2120 4156 2120 4157 2177 4157 2176 4157 2120 4158 2176 4158 2125 4158 2125 4159 2176 4159 2165 4159 2125 4160 2165 4160 2126 4160 2126 4161 2165 4161 2164 4161 2126 4162 2164 4162 2127 4162 2127 4163 2164 4163 2160 4163 2127 4164 2160 4164 2146 4164 2146 4165 2160 4165 2159 4165 2146 4166 2159 4166 2147 4166 2147 4167 2159 4167 2163 4167 2147 4168 2163 4168 2148 4168 2148 4169 2163 4169 2162 4169 2148 4170 2162 4170 2137 4170 2137 4171 2162 4171 2161 4171 2137 4172 2161 4172 2138 4172 2138 4173 2161 4173 2157 4173 2138 4174 2157 4174 2139 4174 2139 4175 2157 4175 2156 4175 2139 4176 2156 4176 2123 4176 2123 4177 2156 4177 2155 4177 2123 4178 2155 4178 2124 4178 2124 4179 2155 4179 2153 4179 2124 4180 2153 4180 2117 4180 2117 4181 2153 4181 2152 4181 2117 4182 2152 4182 2191 4182 2191 4183 2152 4183 2192 4183 2195 4184 2196 4184 2197 4184 2198 4185 2199 4185 2197 4185 2197 4186 2199 4186 2200 4186 2197 4187 2200 4187 2195 4187 2201 4188 2202 4188 2197 4188 2197 4189 2202 4189 2203 4189 2197 4190 2203 4190 2198 4190 2204 4191 2205 4191 2197 4191 2197 4192 2205 4192 2206 4192 2197 4193 2206 4193 2201 4193 2207 4194 2208 4194 2197 4194 2197 4195 2208 4195 2209 4195 2197 4196 2209 4196 2204 4196 2210 4197 2211 4197 2197 4197 2197 4198 2211 4198 2212 4198 2197 4199 2212 4199 2207 4199 2213 4200 2214 4200 2197 4200 2197 4201 2214 4201 2215 4201 2197 4202 2215 4202 2210 4202 2216 4203 2217 4203 2197 4203 2197 4204 2217 4204 2218 4204 2197 4205 2218 4205 2213 4205 2219 4206 2220 4206 2197 4206 2197 4207 2220 4207 2221 4207 2197 4208 2221 4208 2216 4208 2222 4209 2223 4209 2197 4209 2197 4210 2223 4210 2224 4210 2197 4211 2224 4211 2219 4211 2225 4212 2226 4212 2197 4212 2197 4213 2226 4213 2227 4213 2197 4214 2227 4214 2222 4214 2228 4215 2229 4215 2197 4215 2197 4216 2229 4216 2230 4216 2197 4217 2230 4217 2225 4217 2231 4218 2232 4218 2197 4218 2197 4219 2232 4219 2233 4219 2197 4220 2233 4220 2228 4220 2234 4221 2235 4221 2197 4221 2197 4222 2235 4222 2236 4222 2197 4223 2236 4223 2231 4223 2237 4224 2238 4224 2197 4224 2197 4225 2238 4225 2239 4225 2197 4226 2239 4226 2234 4226 2240 4227 2241 4227 2197 4227 2197 4228 2241 4228 2242 4228 2197 4229 2242 4229 2237 4229 2243 4230 2244 4230 2197 4230 2197 4231 2244 4231 2245 4231 2197 4232 2245 4232 2240 4232 2196 4233 2246 4233 2197 4233 2197 4234 2246 4234 2247 4234 2197 4235 2247 4235 2243 4235 2248 4236 2249 4236 2250 4236 2248 4237 2250 4237 2251 4237 2249 4238 2248 4238 2252 4238 2252 4239 2248 4239 2253 4239 2252 4240 2253 4240 2254 4240 2254 4241 2253 4241 2255 4241 2255 4242 2253 4242 2256 4242 2255 4243 2256 4243 2257 4243 2258 4244 2259 4244 2260 4244 2260 4245 2259 4245 2261 4245 2260 4246 2261 4246 2256 4246 2256 4247 2261 4247 2262 4247 2256 4248 2262 4248 2257 4248 2263 4249 2264 4249 2265 4249 2265 4250 2264 4250 2266 4250 2265 4251 2266 4251 2260 4251 2260 4252 2266 4252 2267 4252 2260 4253 2267 4253 2258 4253 2268 4254 2269 4254 2263 4254 2263 4255 2269 4255 2270 4255 2263 4256 2270 4256 2264 4256 2271 4257 2272 4257 2273 4257 2273 4258 2272 4258 2274 4258 2273 4259 2274 4259 2268 4259 2268 4260 2274 4260 2275 4260 2268 4261 2275 4261 2269 4261 2271 4262 2273 4262 2276 4262 2276 4263 2273 4263 2277 4263 2276 4264 2277 4264 2278 4264 2278 4265 2277 4265 2279 4265 2279 4266 2277 4266 2280 4266 2279 4267 2280 4267 2281 4267 2282 4268 2283 4268 2280 4268 2280 4269 2283 4269 2284 4269 2280 4270 2284 4270 2281 4270 2285 4271 2286 4271 2282 4271 2282 4272 2286 4272 2287 4272 2282 4273 2287 4273 2283 4273 2288 4274 2289 4274 2290 4274 2290 4275 2289 4275 2291 4275 2290 4276 2291 4276 2285 4276 2285 4277 2291 4277 2292 4277 2285 4278 2292 4278 2286 4278 2288 4279 2290 4279 2293 4279 2293 4280 2290 4280 2294 4280 2293 4281 2294 4281 2295 4281 2295 4282 2294 4282 2296 4282 2296 4283 2294 4283 2297 4283 2296 4284 2297 4284 2298 4284 2299 4285 2300 4285 2297 4285 2297 4286 2300 4286 2301 4286 2297 4287 2301 4287 2298 4287 2302 4288 2303 4288 2299 4288 2299 4289 2303 4289 2304 4289 2299 4290 2304 4290 2300 4290 2305 4291 2306 4291 2307 4291 2307 4292 2306 4292 2308 4292 2307 4293 2308 4293 2302 4293 2302 4294 2308 4294 2309 4294 2302 4295 2309 4295 2303 4295 2305 4296 2307 4296 2310 4296 2310 4297 2307 4297 2311 4297 2310 4298 2311 4298 2312 4298 2312 4299 2311 4299 2313 4299 2313 4300 2311 4300 2314 4300 2313 4301 2314 4301 2315 4301 2316 4302 2317 4302 2314 4302 2314 4303 2317 4303 2318 4303 2314 4304 2318 4304 2315 4304 2319 4305 2320 4305 2316 4305 2316 4306 2320 4306 2321 4306 2316 4307 2321 4307 2317 4307 2322 4308 2323 4308 2324 4308 2324 4309 2323 4309 2325 4309 2324 4310 2325 4310 2319 4310 2319 4311 2325 4311 2326 4311 2319 4312 2326 4312 2320 4312 2322 4313 2324 4313 2327 4313 2327 4314 2324 4314 2328 4314 2327 4315 2328 4315 2329 4315 2329 4316 2328 4316 2330 4316 2330 4317 2328 4317 2331 4317 2330 4318 2331 4318 2332 4318 2333 4319 2334 4319 2331 4319 2331 4320 2334 4320 2335 4320 2331 4321 2335 4321 2332 4321 2336 4322 2337 4322 2333 4322 2333 4323 2337 4323 2338 4323 2333 4324 2338 4324 2334 4324 2339 4325 2340 4325 2341 4325 2341 4326 2340 4326 2342 4326 2341 4327 2342 4327 2336 4327 2336 4328 2342 4328 2343 4328 2336 4329 2343 4329 2337 4329 2339 4330 2341 4330 2344 4330 2344 4331 2341 4331 2345 4331 2344 4332 2345 4332 2346 4332 2346 4333 2345 4333 2347 4333 2347 4334 2345 4334 2348 4334 2347 4335 2348 4335 2349 4335 2350 4336 2351 4336 2348 4336 2348 4337 2351 4337 2352 4337 2348 4338 2352 4338 2349 4338 2353 4339 2354 4339 2350 4339 2350 4340 2354 4340 2355 4340 2350 4341 2355 4341 2351 4341 2356 4342 2357 4342 2358 4342 2358 4343 2357 4343 2359 4343 2358 4344 2359 4344 2353 4344 2353 4345 2359 4345 2360 4345 2353 4346 2360 4346 2354 4346 2356 4347 2358 4347 2361 4347 2361 4348 2358 4348 2362 4348 2361 4349 2362 4349 2363 4349 2363 4350 2362 4350 2364 4350 2364 4351 2362 4351 2365 4351 2364 4352 2365 4352 2366 4352 2367 4353 2368 4353 2365 4353 2365 4354 2368 4354 2369 4354 2365 4355 2369 4355 2366 4355 2250 4356 2370 4356 2251 4356 2251 4357 2370 4357 2371 4357 2251 4358 2371 4358 2367 4358 2367 4359 2371 4359 2372 4359 2367 4360 2372 4360 2368 4360 2373 4361 2260 4361 2374 4361 2374 4362 2260 4362 2256 4362 2374 4363 2256 4363 2375 4363 2375 4364 2256 4364 2253 4364 2375 4365 2253 4365 2376 4365 2376 4366 2253 4366 2248 4366 2376 4367 2248 4367 2377 4367 2377 4368 2248 4368 2378 4368 2377 4369 2378 4369 2379 4369 2379 4370 2378 4370 2367 4370 2379 4371 2367 4371 2380 4371 2380 4372 2367 4372 2365 4372 2380 4373 2365 4373 2381 4373 2382 4374 2282 4374 2383 4374 2383 4375 2282 4375 2280 4375 2383 4376 2280 4376 2384 4376 2384 4377 2280 4377 2277 4377 2384 4378 2277 4378 2385 4378 2385 4379 2277 4379 2273 4379 2385 4380 2273 4380 2386 4380 2386 4381 2273 4381 2268 4381 2386 4382 2268 4382 2387 4382 2387 4383 2268 4383 2263 4383 2387 4384 2263 4384 2373 4384 2373 4385 2263 4385 2265 4385 2373 4386 2265 4386 2260 4386 2365 4387 2362 4387 2381 4387 2381 4388 2362 4388 2358 4388 2381 4389 2358 4389 2388 4389 2388 4390 2358 4390 2353 4390 2388 4391 2353 4391 2389 4391 2389 4392 2353 4392 2350 4392 2389 4393 2350 4393 2390 4393 2390 4394 2350 4394 2348 4394 2390 4395 2348 4395 2391 4395 2391 4396 2348 4396 2345 4396 2391 4397 2345 4397 2392 4397 2392 4398 2345 4398 2341 4398 2392 4399 2341 4399 2393 4399 2394 4400 2307 4400 2395 4400 2395 4401 2307 4401 2302 4401 2395 4402 2302 4402 2396 4402 2396 4403 2302 4403 2299 4403 2396 4404 2299 4404 2397 4404 2397 4405 2299 4405 2297 4405 2397 4406 2297 4406 2398 4406 2398 4407 2297 4407 2294 4407 2398 4408 2294 4408 2399 4408 2399 4409 2294 4409 2290 4409 2399 4410 2290 4410 2382 4410 2382 4411 2290 4411 2285 4411 2382 4412 2285 4412 2282 4412 2341 4413 2336 4413 2393 4413 2393 4414 2336 4414 2333 4414 2393 4415 2333 4415 2400 4415 2400 4416 2333 4416 2331 4416 2400 4417 2331 4417 2401 4417 2401 4418 2331 4418 2328 4418 2401 4419 2328 4419 2402 4419 2402 4420 2328 4420 2324 4420 2402 4421 2324 4421 2403 4421 2403 4422 2324 4422 2319 4422 2403 4423 2319 4423 2404 4423 2404 4424 2319 4424 2316 4424 2404 4425 2316 4425 2405 4425 2405 4426 2316 4426 2314 4426 2405 4427 2314 4427 2394 4427 2394 4428 2314 4428 2311 4428 2394 4429 2311 4429 2307 4429 2406 4430 2407 4430 2408 4430 2408 4431 2407 4431 2379 4431 2408 4432 2379 4432 2409 4432 2409 4433 2379 4433 2380 4433 2409 4434 2380 4434 2410 4434 2410 4435 2380 4435 2381 4435 2410 4436 2381 4436 2411 4436 2411 4437 2381 4437 2388 4437 2411 4438 2388 4438 2412 4438 2412 4439 2388 4439 2389 4439 2412 4440 2389 4440 2413 4440 2413 4441 2389 4441 2390 4441 2413 4442 2390 4442 2414 4442 2414 4443 2390 4443 2391 4443 2414 4444 2391 4444 2415 4444 2415 4445 2391 4445 2392 4445 2415 4446 2392 4446 2416 4446 2416 4447 2392 4447 2393 4447 2416 4448 2393 4448 2417 4448 2417 4449 2393 4449 2400 4449 2417 4450 2400 4450 2418 4450 2418 4451 2400 4451 2401 4451 2418 4452 2401 4452 2419 4452 2419 4453 2401 4453 2402 4453 2419 4454 2402 4454 2420 4454 2420 4455 2402 4455 2403 4455 2420 4456 2403 4456 2421 4456 2421 4457 2403 4457 2404 4457 2421 4458 2404 4458 2422 4458 2422 4459 2404 4459 2405 4459 2422 4460 2405 4460 2423 4460 2423 4461 2405 4461 2424 4461 2423 4462 2424 4462 2425 4462 2425 4463 2424 4463 2395 4463 2425 4464 2395 4464 2426 4464 2426 4465 2395 4465 2396 4465 2426 4466 2396 4466 2427 4466 2427 4467 2396 4467 2397 4467 2427 4468 2397 4468 2428 4468 2428 4469 2397 4469 2398 4469 2428 4470 2398 4470 2429 4470 2429 4471 2398 4471 2399 4471 2429 4472 2399 4472 2430 4472 2430 4473 2399 4473 2382 4473 2430 4474 2382 4474 2431 4474 2431 4475 2382 4475 2383 4475 2431 4476 2383 4476 2432 4476 2432 4477 2383 4477 2384 4477 2432 4478 2384 4478 2433 4478 2433 4479 2384 4479 2385 4479 2433 4480 2385 4480 2434 4480 2434 4481 2385 4481 2386 4481 2434 4482 2386 4482 2435 4482 2435 4483 2386 4483 2387 4483 2435 4484 2387 4484 2436 4484 2436 4485 2387 4485 2373 4485 2436 4486 2373 4486 2437 4486 2437 4487 2373 4487 2374 4487 2437 4488 2374 4488 2438 4488 2438 4489 2374 4489 2375 4489 2438 4490 2375 4490 2439 4490 2439 4491 2375 4491 2376 4491 2439 4492 2376 4492 2406 4492 2406 4493 2376 4493 2407 4493 2415 4494 2440 4494 2414 4494 2414 4495 2440 4495 2441 4495 2414 4496 2441 4496 2413 4496 2413 4497 2441 4497 2442 4497 2413 4498 2442 4498 2412 4498 2412 4499 2442 4499 2443 4499 2412 4500 2443 4500 2411 4500 2411 4501 2443 4501 2444 4501 2411 4502 2444 4502 2410 4502 2410 4503 2444 4503 2445 4503 2410 4504 2445 4504 2409 4504 2409 4505 2445 4505 2446 4505 2409 4506 2446 4506 2408 4506 2408 4507 2446 4507 2447 4507 2408 4508 2447 4508 2448 4508 2448 4509 2447 4509 2449 4509 2448 4510 2449 4510 2439 4510 2439 4511 2449 4511 2450 4511 2439 4512 2450 4512 2438 4512 2438 4513 2450 4513 2451 4513 2438 4514 2451 4514 2437 4514 2437 4515 2451 4515 2452 4515 2437 4516 2452 4516 2436 4516 2436 4517 2452 4517 2453 4517 2436 4518 2453 4518 2435 4518 2435 4519 2453 4519 2454 4519 2435 4520 2454 4520 2434 4520 2434 4521 2454 4521 2455 4521 2434 4522 2455 4522 2433 4522 2433 4523 2455 4523 2456 4523 2433 4524 2456 4524 2432 4524 2456 4525 2457 4525 2432 4525 2432 4526 2457 4526 2458 4526 2432 4527 2458 4527 2431 4527 2431 4528 2458 4528 2459 4528 2431 4529 2459 4529 2430 4529 2430 4530 2459 4530 2460 4530 2430 4531 2460 4531 2429 4531 2429 4532 2460 4532 2461 4532 2429 4533 2461 4533 2428 4533 2428 4534 2461 4534 2462 4534 2428 4535 2462 4535 2427 4535 2427 4536 2462 4536 2463 4536 2427 4537 2463 4537 2426 4537 2426 4538 2463 4538 2464 4538 2426 4539 2464 4539 2425 4539 2425 4540 2464 4540 2465 4540 2425 4541 2465 4541 2466 4541 2466 4542 2465 4542 2467 4542 2466 4543 2467 4543 2422 4543 2422 4544 2467 4544 2468 4544 2422 4545 2468 4545 2421 4545 2421 4546 2468 4546 2469 4546 2421 4547 2469 4547 2420 4547 2420 4548 2469 4548 2470 4548 2420 4549 2470 4549 2419 4549 2419 4550 2470 4550 2471 4550 2419 4551 2471 4551 2418 4551 2418 4552 2471 4552 2472 4552 2418 4553 2472 4553 2417 4553 2417 4554 2472 4554 2473 4554 2417 4555 2473 4555 2416 4555 2416 4556 2473 4556 2474 4556 2416 4557 2474 4557 2415 4557 2415 4558 2474 4558 2475 4558 2415 4559 2475 4559 2440 4559 2476 4560 2477 4560 2478 4560 2478 4561 2477 4561 2447 4561 2478 4562 2447 4562 2479 4562 2479 4563 2447 4563 2446 4563 2479 4564 2446 4564 2480 4564 2480 4565 2446 4565 2445 4565 2480 4566 2445 4566 2481 4566 2481 4567 2445 4567 2444 4567 2481 4568 2444 4568 2482 4568 2482 4569 2444 4569 2443 4569 2482 4570 2443 4570 2483 4570 2483 4571 2443 4571 2442 4571 2483 4572 2442 4572 2484 4572 2484 4573 2442 4573 2441 4573 2484 4574 2441 4574 2485 4574 2485 4575 2441 4575 2440 4575 2485 4576 2440 4576 2486 4576 2486 4577 2440 4577 2475 4577 2486 4578 2475 4578 2487 4578 2487 4579 2475 4579 2474 4579 2487 4580 2474 4580 2488 4580 2488 4581 2474 4581 2473 4581 2488 4582 2473 4582 2489 4582 2489 4583 2473 4583 2472 4583 2489 4584 2472 4584 2490 4584 2490 4585 2472 4585 2471 4585 2490 4586 2471 4586 2491 4586 2491 4587 2471 4587 2470 4587 2491 4588 2470 4588 2492 4588 2492 4589 2470 4589 2469 4589 2492 4590 2469 4590 2493 4590 2493 4591 2469 4591 2468 4591 2493 4592 2468 4592 2494 4592 2494 4593 2468 4593 2495 4593 2494 4594 2495 4594 2496 4594 2496 4595 2495 4595 2465 4595 2496 4596 2465 4596 2497 4596 2497 4597 2465 4597 2464 4597 2497 4598 2464 4598 2498 4598 2498 4599 2464 4599 2463 4599 2498 4600 2463 4600 2499 4600 2499 4601 2463 4601 2462 4601 2499 4602 2462 4602 2500 4602 2500 4603 2462 4603 2461 4603 2500 4604 2461 4604 2501 4604 2501 4605 2461 4605 2460 4605 2501 4606 2460 4606 2502 4606 2502 4607 2460 4607 2459 4607 2502 4608 2459 4608 2503 4608 2503 4609 2459 4609 2458 4609 2503 4610 2458 4610 2504 4610 2504 4611 2458 4611 2457 4611 2504 4612 2457 4612 2505 4612 2505 4613 2457 4613 2456 4613 2505 4614 2456 4614 2506 4614 2506 4615 2456 4615 2455 4615 2506 4616 2455 4616 2507 4616 2507 4617 2455 4617 2454 4617 2507 4618 2454 4618 2508 4618 2508 4619 2454 4619 2453 4619 2508 4620 2453 4620 2509 4620 2509 4621 2453 4621 2452 4621 2509 4622 2452 4622 2510 4622 2510 4623 2452 4623 2451 4623 2510 4624 2451 4624 2511 4624 2511 4625 2451 4625 2450 4625 2511 4626 2450 4626 2476 4626 2476 4627 2450 4627 2477 4627 2512 4628 2478 4628 2513 4628 2509 4629 2510 4629 2513 4629 2513 4630 2510 4630 2511 4630 2513 4631 2511 4631 2512 4631 2506 4632 2507 4632 2513 4632 2513 4633 2507 4633 2508 4633 2513 4634 2508 4634 2509 4634 2503 4635 2504 4635 2513 4635 2513 4636 2504 4636 2505 4636 2513 4637 2505 4637 2506 4637 2500 4638 2501 4638 2513 4638 2513 4639 2501 4639 2502 4639 2513 4640 2502 4640 2503 4640 2497 4641 2498 4641 2513 4641 2513 4642 2498 4642 2499 4642 2513 4643 2499 4643 2500 4643 2493 4644 2514 4644 2513 4644 2513 4645 2514 4645 2496 4645 2513 4646 2496 4646 2497 4646 2490 4647 2491 4647 2513 4647 2513 4648 2491 4648 2492 4648 2513 4649 2492 4649 2493 4649 2487 4650 2488 4650 2513 4650 2513 4651 2488 4651 2489 4651 2513 4652 2489 4652 2490 4652 2484 4653 2485 4653 2513 4653 2513 4654 2485 4654 2486 4654 2513 4655 2486 4655 2487 4655 2481 4656 2482 4656 2513 4656 2513 4657 2482 4657 2483 4657 2513 4658 2483 4658 2484 4658 2478 4659 2479 4659 2513 4659 2513 4660 2479 4660 2480 4660 2513 4661 2480 4661 2481 4661 2312 4662 2313 4662 2515 4662 2318 4663 2317 4663 2516 4663 2326 4664 2325 4664 2517 4664 2322 4665 2327 4665 2518 4665 2335 4666 2334 4666 2519 4666 2343 4667 2342 4667 2520 4667 2339 4668 2344 4668 2521 4668 2346 4669 2347 4669 2522 4669 2352 4670 2351 4670 2523 4670 2360 4671 2359 4671 2524 4671 2356 4672 2361 4672 2525 4672 2363 4673 2364 4673 2526 4673 2369 4674 2368 4674 2527 4674 2249 4675 2252 4675 2528 4675 2254 4676 2255 4676 2529 4676 2262 4677 2261 4677 2530 4677 2266 4678 2264 4678 2531 4678 2270 4679 2269 4679 2532 4679 2275 4680 2274 4680 2533 4680 2271 4681 2276 4681 2534 4681 2284 4682 2283 4682 2535 4682 2287 4683 2286 4683 2536 4683 2292 4684 2291 4684 2537 4684 2288 4685 2293 4685 2538 4685 2301 4686 2300 4686 2539 4686 2304 4687 2303 4687 2540 4687 2541 4688 2198 4688 2203 4688 2199 4689 2198 4689 2542 4689 2542 4690 2198 4690 2541 4690 2542 4691 2541 4691 2543 4691 2200 4692 2199 4692 2544 4692 2544 4693 2199 4693 2542 4693 2544 4694 2542 4694 2545 4694 2545 4695 2542 4695 2543 4695 2545 4696 2543 4696 2546 4696 2547 4697 2200 4697 2548 4697 2548 4698 2200 4698 2544 4698 2548 4699 2544 4699 2549 4699 2549 4700 2544 4700 2545 4700 2549 4701 2545 4701 2550 4701 2550 4702 2545 4702 2546 4702 2550 4703 2546 4703 2551 4703 2196 4704 2547 4704 2552 4704 2552 4705 2547 4705 2548 4705 2552 4706 2548 4706 2553 4706 2553 4707 2548 4707 2549 4707 2553 4708 2549 4708 2554 4708 2554 4709 2549 4709 2550 4709 2554 4710 2550 4710 2555 4710 2555 4711 2550 4711 2551 4711 2555 4712 2551 4712 2515 4712 2556 4713 2557 4713 2558 4713 2559 4714 2557 4714 2560 4714 2560 4715 2557 4715 2556 4715 2560 4716 2556 4716 2561 4716 2201 4717 2206 4717 2562 4717 2562 4718 2206 4718 2563 4718 2562 4719 2563 4719 2564 4719 2564 4720 2563 4720 2565 4720 2564 4721 2565 4721 2566 4721 2566 4722 2565 4722 2567 4722 2566 4723 2567 4723 2568 4723 2568 4724 2567 4724 2569 4724 2568 4725 2569 4725 2570 4725 2570 4726 2569 4726 2538 4726 2212 4727 2211 4727 2571 4727 2571 4728 2211 4728 2572 4728 2571 4729 2572 4729 2573 4729 2573 4730 2572 4730 2574 4730 2573 4731 2574 4731 2575 4731 2575 4732 2574 4732 2576 4732 2575 4733 2576 4733 2577 4733 2577 4734 2576 4734 2578 4734 2577 4735 2578 4735 2579 4735 2579 4736 2578 4736 2534 4736 2217 4737 2216 4737 2580 4737 2580 4738 2216 4738 2581 4738 2580 4739 2581 4739 2582 4739 2582 4740 2581 4740 2583 4740 2582 4741 2583 4741 2584 4741 2584 4742 2583 4742 2585 4742 2584 4743 2585 4743 2586 4743 2586 4744 2585 4744 2587 4744 2586 4745 2587 4745 2588 4745 2588 4746 2587 4746 2530 4746 2222 4747 2227 4747 2589 4747 2589 4748 2227 4748 2590 4748 2589 4749 2590 4749 2591 4749 2591 4750 2590 4750 2592 4750 2591 4751 2592 4751 2593 4751 2593 4752 2592 4752 2594 4752 2593 4753 2594 4753 2595 4753 2595 4754 2594 4754 2596 4754 2595 4755 2596 4755 2597 4755 2597 4756 2596 4756 2527 4756 2233 4757 2232 4757 2598 4757 2598 4758 2232 4758 2599 4758 2598 4759 2599 4759 2600 4759 2600 4760 2599 4760 2601 4760 2600 4761 2601 4761 2602 4761 2602 4762 2601 4762 2603 4762 2602 4763 2603 4763 2604 4763 2604 4764 2603 4764 2605 4764 2604 4765 2605 4765 2606 4765 2606 4766 2605 4766 2523 4766 2238 4767 2237 4767 2607 4767 2607 4768 2237 4768 2608 4768 2607 4769 2608 4769 2609 4769 2609 4770 2608 4770 2610 4770 2609 4771 2610 4771 2611 4771 2611 4772 2610 4772 2612 4772 2611 4773 2612 4773 2613 4773 2613 4774 2612 4774 2614 4774 2613 4775 2614 4775 2615 4775 2615 4776 2614 4776 2519 4776 2241 4777 2240 4777 2616 4777 2616 4778 2240 4778 2617 4778 2616 4779 2617 4779 2618 4779 2618 4780 2617 4780 2619 4780 2618 4781 2619 4781 2620 4781 2620 4782 2619 4782 2621 4782 2620 4783 2621 4783 2622 4783 2622 4784 2621 4784 2623 4784 2622 4785 2623 4785 2624 4785 2624 4786 2623 4786 2518 4786 2243 4787 2247 4787 2625 4787 2625 4788 2247 4788 2626 4788 2625 4789 2626 4789 2627 4789 2627 4790 2626 4790 2628 4790 2627 4791 2628 4791 2629 4791 2629 4792 2628 4792 2630 4792 2629 4793 2630 4793 2631 4793 2631 4794 2630 4794 2632 4794 2631 4795 2632 4795 2633 4795 2633 4796 2632 4796 2516 4796 2309 4797 2308 4797 2559 4797 2559 4798 2308 4798 2306 4798 2559 4799 2306 4799 2557 4799 2557 4800 2306 4800 2305 4800 2557 4801 2305 4801 2558 4801 2558 4802 2305 4802 2634 4802 2303 4803 2309 4803 2540 4803 2540 4804 2309 4804 2559 4804 2540 4805 2559 4805 2635 4805 2635 4806 2559 4806 2560 4806 2635 4807 2560 4807 2636 4807 2636 4808 2560 4808 2561 4808 2636 4809 2561 4809 2637 4809 2300 4810 2304 4810 2539 4810 2539 4811 2304 4811 2540 4811 2539 4812 2540 4812 2638 4812 2638 4813 2540 4813 2635 4813 2638 4814 2635 4814 2639 4814 2639 4815 2635 4815 2636 4815 2639 4816 2636 4816 2640 4816 2640 4817 2636 4817 2637 4817 2640 4818 2637 4818 2641 4818 2298 4819 2301 4819 2642 4819 2642 4820 2301 4820 2539 4820 2642 4821 2539 4821 2643 4821 2643 4822 2539 4822 2638 4822 2643 4823 2638 4823 2644 4823 2644 4824 2638 4824 2639 4824 2644 4825 2639 4825 2645 4825 2645 4826 2639 4826 2640 4826 2645 4827 2640 4827 2646 4827 2646 4828 2640 4828 2641 4828 2646 4829 2641 4829 2202 4829 2202 4830 2641 4830 2203 4830 2202 4831 2201 4831 2646 4831 2646 4832 2201 4832 2562 4832 2646 4833 2562 4833 2645 4833 2645 4834 2562 4834 2564 4834 2645 4835 2564 4835 2644 4835 2644 4836 2564 4836 2566 4836 2644 4837 2566 4837 2643 4837 2643 4838 2566 4838 2568 4838 2643 4839 2568 4839 2642 4839 2642 4840 2568 4840 2570 4840 2642 4841 2570 4841 2298 4841 2298 4842 2570 4842 2296 4842 2538 4843 2293 4843 2570 4843 2570 4844 2293 4844 2295 4844 2570 4845 2295 4845 2296 4845 2289 4846 2288 4846 2647 4846 2647 4847 2288 4847 2538 4847 2647 4848 2538 4848 2648 4848 2648 4849 2538 4849 2569 4849 2648 4850 2569 4850 2649 4850 2649 4851 2569 4851 2567 4851 2649 4852 2567 4852 2650 4852 2650 4853 2567 4853 2565 4853 2650 4854 2565 4854 2651 4854 2651 4855 2565 4855 2563 4855 2651 4856 2563 4856 2205 4856 2205 4857 2563 4857 2206 4857 2205 4858 2204 4858 2651 4858 2651 4859 2204 4859 2652 4859 2651 4860 2652 4860 2650 4860 2650 4861 2652 4861 2653 4861 2650 4862 2653 4862 2649 4862 2649 4863 2653 4863 2654 4863 2649 4864 2654 4864 2648 4864 2648 4865 2654 4865 2655 4865 2648 4866 2655 4866 2647 4866 2647 4867 2655 4867 2537 4867 2647 4868 2537 4868 2289 4868 2289 4869 2537 4869 2291 4869 2286 4870 2292 4870 2536 4870 2536 4871 2292 4871 2537 4871 2536 4872 2537 4872 2656 4872 2656 4873 2537 4873 2655 4873 2656 4874 2655 4874 2657 4874 2657 4875 2655 4875 2654 4875 2657 4876 2654 4876 2658 4876 2658 4877 2654 4877 2653 4877 2658 4878 2653 4878 2659 4878 2659 4879 2653 4879 2652 4879 2659 4880 2652 4880 2209 4880 2209 4881 2652 4881 2204 4881 2283 4882 2287 4882 2535 4882 2535 4883 2287 4883 2536 4883 2535 4884 2536 4884 2660 4884 2660 4885 2536 4885 2656 4885 2660 4886 2656 4886 2661 4886 2661 4887 2656 4887 2657 4887 2661 4888 2657 4888 2662 4888 2662 4889 2657 4889 2658 4889 2662 4890 2658 4890 2663 4890 2663 4891 2658 4891 2659 4891 2663 4892 2659 4892 2208 4892 2208 4893 2659 4893 2209 4893 2281 4894 2284 4894 2664 4894 2664 4895 2284 4895 2535 4895 2664 4896 2535 4896 2665 4896 2665 4897 2535 4897 2660 4897 2665 4898 2660 4898 2666 4898 2666 4899 2660 4899 2661 4899 2666 4900 2661 4900 2667 4900 2667 4901 2661 4901 2662 4901 2667 4902 2662 4902 2668 4902 2668 4903 2662 4903 2663 4903 2668 4904 2663 4904 2207 4904 2207 4905 2663 4905 2208 4905 2207 4906 2212 4906 2668 4906 2668 4907 2212 4907 2571 4907 2668 4908 2571 4908 2667 4908 2667 4909 2571 4909 2573 4909 2667 4910 2573 4910 2666 4910 2666 4911 2573 4911 2575 4911 2666 4912 2575 4912 2665 4912 2665 4913 2575 4913 2577 4913 2665 4914 2577 4914 2664 4914 2664 4915 2577 4915 2579 4915 2664 4916 2579 4916 2281 4916 2281 4917 2579 4917 2279 4917 2534 4918 2276 4918 2579 4918 2579 4919 2276 4919 2278 4919 2579 4920 2278 4920 2279 4920 2272 4921 2271 4921 2669 4921 2669 4922 2271 4922 2534 4922 2669 4923 2534 4923 2670 4923 2670 4924 2534 4924 2578 4924 2670 4925 2578 4925 2671 4925 2671 4926 2578 4926 2576 4926 2671 4927 2576 4927 2672 4927 2672 4928 2576 4928 2574 4928 2672 4929 2574 4929 2673 4929 2673 4930 2574 4930 2572 4930 2673 4931 2572 4931 2210 4931 2210 4932 2572 4932 2211 4932 2210 4933 2215 4933 2673 4933 2673 4934 2215 4934 2674 4934 2673 4935 2674 4935 2672 4935 2672 4936 2674 4936 2675 4936 2672 4937 2675 4937 2671 4937 2671 4938 2675 4938 2676 4938 2671 4939 2676 4939 2670 4939 2670 4940 2676 4940 2677 4940 2670 4941 2677 4941 2669 4941 2669 4942 2677 4942 2533 4942 2669 4943 2533 4943 2272 4943 2272 4944 2533 4944 2274 4944 2269 4945 2275 4945 2532 4945 2532 4946 2275 4946 2533 4946 2532 4947 2533 4947 2678 4947 2678 4948 2533 4948 2677 4948 2678 4949 2677 4949 2679 4949 2679 4950 2677 4950 2676 4950 2679 4951 2676 4951 2680 4951 2680 4952 2676 4952 2675 4952 2680 4953 2675 4953 2681 4953 2681 4954 2675 4954 2674 4954 2681 4955 2674 4955 2214 4955 2214 4956 2674 4956 2215 4956 2264 4957 2270 4957 2531 4957 2531 4958 2270 4958 2532 4958 2531 4959 2532 4959 2682 4959 2682 4960 2532 4960 2678 4960 2682 4961 2678 4961 2683 4961 2683 4962 2678 4962 2679 4962 2683 4963 2679 4963 2684 4963 2684 4964 2679 4964 2680 4964 2684 4965 2680 4965 2685 4965 2685 4966 2680 4966 2681 4966 2685 4967 2681 4967 2213 4967 2213 4968 2681 4968 2214 4968 2267 4969 2266 4969 2686 4969 2686 4970 2266 4970 2531 4970 2686 4971 2531 4971 2687 4971 2687 4972 2531 4972 2682 4972 2687 4973 2682 4973 2688 4973 2688 4974 2682 4974 2683 4974 2688 4975 2683 4975 2689 4975 2689 4976 2683 4976 2684 4976 2689 4977 2684 4977 2690 4977 2690 4978 2684 4978 2685 4978 2690 4979 2685 4979 2218 4979 2218 4980 2685 4980 2213 4980 2218 4981 2217 4981 2690 4981 2690 4982 2217 4982 2580 4982 2690 4983 2580 4983 2689 4983 2689 4984 2580 4984 2582 4984 2689 4985 2582 4985 2688 4985 2688 4986 2582 4986 2584 4986 2688 4987 2584 4987 2687 4987 2687 4988 2584 4988 2586 4988 2687 4989 2586 4989 2686 4989 2686 4990 2586 4990 2588 4990 2686 4991 2588 4991 2267 4991 2267 4992 2588 4992 2258 4992 2530 4993 2261 4993 2588 4993 2588 4994 2261 4994 2259 4994 2588 4995 2259 4995 2258 4995 2257 4996 2262 4996 2691 4996 2691 4997 2262 4997 2530 4997 2691 4998 2530 4998 2692 4998 2692 4999 2530 4999 2587 4999 2692 5000 2587 5000 2693 5000 2693 5001 2587 5001 2585 5001 2693 5002 2585 5002 2694 5002 2694 5003 2585 5003 2583 5003 2694 5004 2583 5004 2695 5004 2695 5005 2583 5005 2581 5005 2695 5006 2581 5006 2221 5006 2221 5007 2581 5007 2216 5007 2221 5008 2220 5008 2695 5008 2695 5009 2220 5009 2696 5009 2695 5010 2696 5010 2694 5010 2694 5011 2696 5011 2697 5011 2694 5012 2697 5012 2693 5012 2693 5013 2697 5013 2698 5013 2693 5014 2698 5014 2692 5014 2692 5015 2698 5015 2699 5015 2692 5016 2699 5016 2691 5016 2691 5017 2699 5017 2529 5017 2691 5018 2529 5018 2257 5018 2257 5019 2529 5019 2255 5019 2252 5020 2254 5020 2528 5020 2528 5021 2254 5021 2529 5021 2528 5022 2529 5022 2700 5022 2700 5023 2529 5023 2699 5023 2700 5024 2699 5024 2701 5024 2701 5025 2699 5025 2698 5025 2701 5026 2698 5026 2702 5026 2702 5027 2698 5027 2697 5027 2702 5028 2697 5028 2703 5028 2703 5029 2697 5029 2696 5029 2703 5030 2696 5030 2219 5030 2219 5031 2696 5031 2220 5031 2250 5032 2249 5032 2704 5032 2704 5033 2249 5033 2528 5033 2704 5034 2528 5034 2705 5034 2705 5035 2528 5035 2700 5035 2705 5036 2700 5036 2706 5036 2706 5037 2700 5037 2701 5037 2706 5038 2701 5038 2707 5038 2707 5039 2701 5039 2702 5039 2707 5040 2702 5040 2708 5040 2708 5041 2702 5041 2703 5041 2708 5042 2703 5042 2224 5042 2224 5043 2703 5043 2219 5043 2224 5044 2709 5044 2708 5044 2708 5045 2709 5045 2710 5045 2708 5046 2710 5046 2707 5046 2707 5047 2710 5047 2711 5047 2707 5048 2711 5048 2706 5048 2706 5049 2711 5049 2712 5049 2706 5050 2712 5050 2705 5050 2705 5051 2712 5051 2713 5051 2705 5052 2713 5052 2704 5052 2704 5053 2713 5053 2714 5053 2704 5054 2714 5054 2250 5054 2250 5055 2714 5055 2715 5055 2709 5056 2222 5056 2710 5056 2710 5057 2222 5057 2589 5057 2710 5058 2589 5058 2711 5058 2711 5059 2589 5059 2591 5059 2711 5060 2591 5060 2712 5060 2712 5061 2591 5061 2593 5061 2712 5062 2593 5062 2713 5062 2713 5063 2593 5063 2595 5063 2713 5064 2595 5064 2714 5064 2714 5065 2595 5065 2597 5065 2714 5066 2597 5066 2715 5066 2715 5067 2597 5067 2371 5067 2527 5068 2368 5068 2597 5068 2597 5069 2368 5069 2372 5069 2597 5070 2372 5070 2371 5070 2366 5071 2369 5071 2716 5071 2716 5072 2369 5072 2527 5072 2716 5073 2527 5073 2717 5073 2717 5074 2527 5074 2596 5074 2717 5075 2596 5075 2718 5075 2718 5076 2596 5076 2594 5076 2718 5077 2594 5077 2719 5077 2719 5078 2594 5078 2592 5078 2719 5079 2592 5079 2720 5079 2720 5080 2592 5080 2590 5080 2720 5081 2590 5081 2226 5081 2226 5082 2590 5082 2227 5082 2226 5083 2225 5083 2720 5083 2720 5084 2225 5084 2721 5084 2720 5085 2721 5085 2719 5085 2719 5086 2721 5086 2722 5086 2719 5087 2722 5087 2718 5087 2718 5088 2722 5088 2723 5088 2718 5089 2723 5089 2717 5089 2717 5090 2723 5090 2724 5090 2717 5091 2724 5091 2716 5091 2716 5092 2724 5092 2526 5092 2716 5093 2526 5093 2366 5093 2366 5094 2526 5094 2364 5094 2361 5095 2363 5095 2525 5095 2525 5096 2363 5096 2526 5096 2525 5097 2526 5097 2725 5097 2725 5098 2526 5098 2724 5098 2725 5099 2724 5099 2726 5099 2726 5100 2724 5100 2723 5100 2726 5101 2723 5101 2727 5101 2727 5102 2723 5102 2722 5102 2727 5103 2722 5103 2728 5103 2728 5104 2722 5104 2721 5104 2728 5105 2721 5105 2230 5105 2230 5106 2721 5106 2225 5106 2357 5107 2356 5107 2729 5107 2729 5108 2356 5108 2525 5108 2729 5109 2525 5109 2730 5109 2730 5110 2525 5110 2725 5110 2730 5111 2725 5111 2731 5111 2731 5112 2725 5112 2726 5112 2731 5113 2726 5113 2732 5113 2732 5114 2726 5114 2727 5114 2732 5115 2727 5115 2733 5115 2733 5116 2727 5116 2728 5116 2733 5117 2728 5117 2229 5117 2229 5118 2728 5118 2230 5118 2229 5119 2228 5119 2733 5119 2733 5120 2228 5120 2734 5120 2733 5121 2734 5121 2732 5121 2732 5122 2734 5122 2735 5122 2732 5123 2735 5123 2731 5123 2731 5124 2735 5124 2736 5124 2731 5125 2736 5125 2730 5125 2730 5126 2736 5126 2737 5126 2730 5127 2737 5127 2729 5127 2729 5128 2737 5128 2524 5128 2729 5129 2524 5129 2357 5129 2357 5130 2524 5130 2359 5130 2354 5131 2360 5131 2606 5131 2606 5132 2360 5132 2524 5132 2606 5133 2524 5133 2604 5133 2604 5134 2524 5134 2737 5134 2604 5135 2737 5135 2602 5135 2602 5136 2737 5136 2736 5136 2602 5137 2736 5137 2600 5137 2600 5138 2736 5138 2735 5138 2600 5139 2735 5139 2598 5139 2598 5140 2735 5140 2734 5140 2598 5141 2734 5141 2233 5141 2233 5142 2734 5142 2228 5142 2523 5143 2351 5143 2606 5143 2606 5144 2351 5144 2355 5144 2606 5145 2355 5145 2354 5145 2349 5146 2352 5146 2738 5146 2738 5147 2352 5147 2523 5147 2738 5148 2523 5148 2739 5148 2739 5149 2523 5149 2605 5149 2739 5150 2605 5150 2740 5150 2740 5151 2605 5151 2603 5151 2740 5152 2603 5152 2741 5152 2741 5153 2603 5153 2601 5153 2741 5154 2601 5154 2742 5154 2742 5155 2601 5155 2599 5155 2742 5156 2599 5156 2231 5156 2231 5157 2599 5157 2232 5157 2231 5158 2236 5158 2742 5158 2742 5159 2236 5159 2743 5159 2742 5160 2743 5160 2741 5160 2741 5161 2743 5161 2744 5161 2741 5162 2744 5162 2740 5162 2740 5163 2744 5163 2745 5163 2740 5164 2745 5164 2739 5164 2739 5165 2745 5165 2746 5165 2739 5166 2746 5166 2738 5166 2738 5167 2746 5167 2522 5167 2738 5168 2522 5168 2349 5168 2349 5169 2522 5169 2347 5169 2344 5170 2346 5170 2521 5170 2521 5171 2346 5171 2522 5171 2521 5172 2522 5172 2747 5172 2747 5173 2522 5173 2746 5173 2747 5174 2746 5174 2748 5174 2748 5175 2746 5175 2745 5175 2748 5176 2745 5176 2749 5176 2749 5177 2745 5177 2744 5177 2749 5178 2744 5178 2750 5178 2750 5179 2744 5179 2743 5179 2750 5180 2743 5180 2235 5180 2235 5181 2743 5181 2236 5181 2340 5182 2339 5182 2751 5182 2751 5183 2339 5183 2521 5183 2751 5184 2521 5184 2752 5184 2752 5185 2521 5185 2747 5185 2752 5186 2747 5186 2753 5186 2753 5187 2747 5187 2748 5187 2753 5188 2748 5188 2754 5188 2754 5189 2748 5189 2749 5189 2754 5190 2749 5190 2755 5190 2755 5191 2749 5191 2750 5191 2755 5192 2750 5192 2234 5192 2234 5193 2750 5193 2235 5193 2234 5194 2239 5194 2755 5194 2755 5195 2239 5195 2756 5195 2755 5196 2756 5196 2754 5196 2754 5197 2756 5197 2757 5197 2754 5198 2757 5198 2753 5198 2753 5199 2757 5199 2758 5199 2753 5200 2758 5200 2752 5200 2752 5201 2758 5201 2759 5201 2752 5202 2759 5202 2751 5202 2751 5203 2759 5203 2520 5203 2751 5204 2520 5204 2340 5204 2340 5205 2520 5205 2342 5205 2337 5206 2343 5206 2615 5206 2615 5207 2343 5207 2520 5207 2615 5208 2520 5208 2613 5208 2613 5209 2520 5209 2759 5209 2613 5210 2759 5210 2611 5210 2611 5211 2759 5211 2758 5211 2611 5212 2758 5212 2609 5212 2609 5213 2758 5213 2757 5213 2609 5214 2757 5214 2607 5214 2607 5215 2757 5215 2756 5215 2607 5216 2756 5216 2238 5216 2238 5217 2756 5217 2239 5217 2519 5218 2334 5218 2615 5218 2615 5219 2334 5219 2338 5219 2615 5220 2338 5220 2337 5220 2332 5221 2335 5221 2760 5221 2760 5222 2335 5222 2519 5222 2760 5223 2519 5223 2761 5223 2761 5224 2519 5224 2614 5224 2761 5225 2614 5225 2762 5225 2762 5226 2614 5226 2612 5226 2762 5227 2612 5227 2763 5227 2763 5228 2612 5228 2610 5228 2763 5229 2610 5229 2764 5229 2764 5230 2610 5230 2608 5230 2764 5231 2608 5231 2242 5231 2242 5232 2608 5232 2237 5232 2242 5233 2241 5233 2764 5233 2764 5234 2241 5234 2616 5234 2764 5235 2616 5235 2763 5235 2763 5236 2616 5236 2618 5236 2763 5237 2618 5237 2762 5237 2762 5238 2618 5238 2620 5238 2762 5239 2620 5239 2761 5239 2761 5240 2620 5240 2622 5240 2761 5241 2622 5241 2760 5241 2760 5242 2622 5242 2624 5242 2760 5243 2624 5243 2332 5243 2332 5244 2624 5244 2330 5244 2518 5245 2327 5245 2624 5245 2624 5246 2327 5246 2329 5246 2624 5247 2329 5247 2330 5247 2323 5248 2322 5248 2765 5248 2765 5249 2322 5249 2518 5249 2765 5250 2518 5250 2766 5250 2766 5251 2518 5251 2623 5251 2766 5252 2623 5252 2767 5252 2767 5253 2623 5253 2621 5253 2767 5254 2621 5254 2768 5254 2768 5255 2621 5255 2619 5255 2768 5256 2619 5256 2769 5256 2769 5257 2619 5257 2617 5257 2769 5258 2617 5258 2245 5258 2245 5259 2617 5259 2240 5259 2245 5260 2244 5260 2769 5260 2769 5261 2244 5261 2770 5261 2769 5262 2770 5262 2768 5262 2768 5263 2770 5263 2771 5263 2768 5264 2771 5264 2767 5264 2767 5265 2771 5265 2772 5265 2767 5266 2772 5266 2766 5266 2766 5267 2772 5267 2773 5267 2766 5268 2773 5268 2765 5268 2765 5269 2773 5269 2517 5269 2765 5270 2517 5270 2323 5270 2323 5271 2517 5271 2325 5271 2320 5272 2326 5272 2633 5272 2633 5273 2326 5273 2517 5273 2633 5274 2517 5274 2631 5274 2631 5275 2517 5275 2773 5275 2631 5276 2773 5276 2629 5276 2629 5277 2773 5277 2772 5277 2629 5278 2772 5278 2627 5278 2627 5279 2772 5279 2771 5279 2627 5280 2771 5280 2625 5280 2625 5281 2771 5281 2770 5281 2625 5282 2770 5282 2243 5282 2243 5283 2770 5283 2244 5283 2516 5284 2317 5284 2633 5284 2633 5285 2317 5285 2321 5285 2633 5286 2321 5286 2320 5286 2315 5287 2318 5287 2774 5287 2774 5288 2318 5288 2516 5288 2774 5289 2516 5289 2775 5289 2775 5290 2516 5290 2632 5290 2775 5291 2632 5291 2776 5291 2776 5292 2632 5292 2630 5292 2776 5293 2630 5293 2777 5293 2777 5294 2630 5294 2628 5294 2777 5295 2628 5295 2778 5295 2778 5296 2628 5296 2626 5296 2778 5297 2626 5297 2246 5297 2246 5298 2626 5298 2247 5298 2246 5299 2196 5299 2778 5299 2778 5300 2196 5300 2552 5300 2778 5301 2552 5301 2777 5301 2777 5302 2552 5302 2553 5302 2777 5303 2553 5303 2776 5303 2776 5304 2553 5304 2554 5304 2776 5305 2554 5305 2775 5305 2775 5306 2554 5306 2555 5306 2775 5307 2555 5307 2774 5307 2774 5308 2555 5308 2515 5308 2774 5309 2515 5309 2315 5309 2315 5310 2515 5310 2313 5310 2203 5311 2641 5311 2541 5311 2541 5312 2641 5312 2637 5312 2541 5313 2637 5313 2543 5313 2543 5314 2637 5314 2561 5314 2543 5315 2561 5315 2546 5315 2546 5316 2561 5316 2556 5316 2546 5317 2556 5317 2551 5317 2551 5318 2556 5318 2558 5318 2551 5319 2558 5319 2515 5319 2515 5320 2558 5320 2634 5320 2515 5321 2634 5321 2312 5321</p>
        </triangles>
      </mesh>
    </geometry>
  </library_geometries>
  <library_visual_scenes>
    <visual_scene id="Scene" name="Scene">
      <node id="GBT-C12A-400_00-7" name="GBT-C12A-400.00-7" type="NODE">
        <matrix sid="transform">0.001 0 0 0 0 0.001 0 0 0 0 0.001 0 0 0 0 1</matrix>
        <instance_geometry url="#GBT-C12A-400_00-7_001-mesh" name="GBT-C12A-400.00-7">
          <bind_material>
            <technique_common>
              <instance_material symbol="材质_001-material" target="#材质_001-material"/>
            </technique_common>
          </bind_material>
        </instance_geometry>
      </node>
    </visual_scene>
  </library_visual_scenes>
  <scene>
    <instance_visual_scene url="#Scene"/>
  </scene>
</COLLADA>