<?xml version="1.0" encoding="utf-8"?>
<COLLADA xmlns="http://www.collada.org/2005/11/COLLADASchema" version="1.4.1" xmlns:xsi="http://www.w3.org/2001/XMLSchema-instance">
  <asset>
    <contributor>
      <author>Blender User</author>
      <authoring_tool>Blender 4.3.2 commit date:2024-12-16, commit time:21:10, hash:32f5fdce0a0a</authoring_tool>
    </contributor>
    <created>2025-04-11T16:26:51</created>
    <modified>2025-04-11T16:26:51</modified>
    <unit name="meter" meter="1"/>
    <up_axis>Z_UP</up_axis>
  </asset>
  <library_effects>
    <effect id="default_011-effect">
      <profile_COMMON>
        <newparam sid="Image_Link_png-surface">
          <surface type="2D">
            <init_from>Image_Link_png</init_from>
          </surface>
        </newparam>
        <newparam sid="Image_Link_png-sampler">
          <sampler2D>
            <source>Image_Link_png-surface</source>
          </sampler2D>
        </newparam>
        <technique sid="common">
          <lambert>
            <emission>
              <color sid="emission">0 0 0 1</color>
            </emission>
            <diffuse>
              <texture texture="Image_Link_png-sampler" texcoord="UVMap"/>
            </diffuse>
            <index_of_refraction>
              <float sid="ior">1.45</float>
            </index_of_refraction>
          </lambert>
        </technique>
      </profile_COMMON>
    </effect>
  </library_effects>
  <library_images>
    <image id="Image_Link_png" name="Image_Link_png">
      <init_from>Image_Link.png</init_from>
    </image>
  </library_images>
  <library_materials>
    <material id="default_011-material" name="default.011">
      <instance_effect url="#default_011-effect"/>
    </material>
  </library_materials>
  <library_geometries>
    <geometry id="_-mesh" name="0">
      <mesh>
        <source id="_-mesh-positions">
          <float_array id="_-mesh-positions-array" count="8532">9e-6 57 94 9e-6 57 94 9e-6 57 94 27.14294 50.12199 94 27.14294 50.12199 94 26.99995 24.86293 94 26.99995 -0.01263397 94 26.99994 -24.88821 94 27.02463 -50.186 94 27.02463 -50.186 94 5e-6 -57 94 5e-6 -57 94 5e-6 -57 94 -3.034631 -56.9191 94 -3.034631 -56.9191 94 -3.030057 -28.09183 94 -3.030056 0.001417994 94 -3.030055 28.09467 94 -3.034533 56.91911 94 -3.034533 56.91911 94 -28.50543 49.36029 94 -28.50543 49.36029 94 -28.59154 -49.31045 94 -28.59154 -49.31045 94 -33.06893 -46.42678 94 -33.06893 -46.42678 94 -33.06005 -14.95388 94 -33.06005 14.92363 94 -33.0708 46.42546 94 -33.0708 46.42546 94 -49.38837 28.45666 94 -49.38837 28.45666 94 -49.37752 -28.47549 94 -49.37752 -28.47549 94 -56.99988 -0.06437897 94.00001 -56.99988 -0.06437897 94.00001 28.50544 -49.36029 94 28.50544 -49.36029 94 28.59156 49.31045 94 28.59156 49.31045 94 49.37754 28.47549 94 49.37754 28.47549 94 56.9999 0.06437897 94 56.9999 0.06437897 94 49.38839 -28.45666 94 49.38839 -28.45666 94 5e-6 -57 99 5e-6 -57 99 5e-6 -57 99 -21.81246 -52.66133 99 -21.81246 -52.66133 99 -40.30508 -40.30509 99 -40.30508 -40.30509 99 -52.66133 -21.81247 99.00001 -52.66133 -21.81247 99.00001 -56.99999 2e-6 99.00001 -56.99999 2e-6 99.00001 -56.99999 2e-6 99.00001 -52.66133 21.81247 99.00001 -52.66133 21.81247 99.00001 -40.30508 40.30509 99 -40.30508 40.30509 99 -21.81246 52.66133 99 -21.81246 52.66133 99 9e-6 57 99 9e-6 57 99 9e-6 57 99 21.81248 52.66133 99 21.81248 52.66133 99 40.30509 40.30509 99 40.30509 40.30509 99 52.66134 21.81247 99 52.66134 21.81247 99 57.00001 -2e-6 99 57.00001 -2e-6 99 57.00001 -2e-6 99 52.66134 -21.81247 99 52.66134 -21.81247 99 40.30509 -40.30509 99 40.30509 -40.30509 99 21.81248 -52.66133 99 21.81248 -52.66133 99 -57.99999 3e-6 100 -57.99999 3e-6 100 -57.99999 3e-6 100 -57.99069 1.03318 100 -57.99069 1.03318 100 -54.50199 19.83762 100 -54.50199 19.83762 100 -48.96298 31.09084 100 -48.96298 31.09084 100 -44.45339 37.25442 100 -44.45339 37.25442 100 -28.95045 50.25798 100 -28.95045 50.25798 100 -9.984757 57.13402 100 -9.984757 57.13402 100 10.10641 57.11263 100 10.10641 57.11263 100 28.97387 50.24449 100 28.97387 50.24449 100 44.40233 37.31527 100 44.40233 37.31527 100 48.96274 31.09145 100 48.96274 31.09145 100 54.47006 19.92514 100 54.47006 19.92514 100 57.99071 1.033216 100 57.99071 1.033216 100 58.00001 -3e-6 100 58.00001 -3e-6 100 58.00001 -3e-6 100 54.502 -19.83762 100 54.502 -19.83762 100 50.22938 -29.00014 100 50.22938 -29.00014 100 44.4534 -37.25442 100 44.4534 -37.25442 100 28.95046 -50.25798 100 28.95046 -50.25798 100 9.984772 -57.13402 100 9.984772 -57.13402 100 -10.1064 -57.11263 100 -10.1064 -57.11263 100 -28.97386 -50.24449 100 -28.97386 -50.24449 100 -44.40231 -37.31527 100 -44.40231 -37.31527 100 -50.22794 -29.00251 100 -50.22794 -29.00251 100 -54.47005 -19.92514 100 -54.47005 -19.92514 100 59.00001 -3e-6 100 59.00001 -3e-6 100 59.00001 -3e-6 100 55.40879 -20.26982 100 55.40879 -20.26982 100 51.37272 -29.01408 100 51.37272 -29.01408 100 58.99086 1.033188 100 58.99086 1.033188 100 55.4411 20.18127 100 55.4411 20.18127 100 50.14485 31.08876 100 50.14485 31.08876 100 45.21772 37.89927 100 45.21772 37.89927 100 -50.14489 31.0889 100 -50.14489 31.0889 100 -45.16768 37.95887 100 -45.16768 37.95887 100 -29.4724 51.11135 100 -29.4724 51.11135 100 -15.28804 56.98487 100 -15.28804 56.98487 100 -0.07211297 58.99988 100 -0.07211297 58.99988 100 15.1806 57.01359 100 15.1806 57.01359 100 29.44439 51.1275 100 29.44439 51.1275 100 -55.40877 20.26982 100 -55.40877 20.26982 100 -58.99084 1.033235 100 -58.99084 1.033235 100 -58.99999 3e-6 100 -58.99999 3e-6 100 -58.99999 3e-6 100 -51.37408 -29.01182 100 -51.37408 -29.01182 100 -55.44109 -20.18127 100 -55.44109 -20.18127 100 -45.2177 -37.89927 100 -45.2177 -37.89927 100 45.1677 -37.95887 100 45.1677 -37.95887 100 29.47242 -51.11135 100 29.47242 -51.11135 100 15.28806 -56.98487 100 15.28806 -56.98487 100 0.07212901 -58.99988 100 0.07212901 -58.99988 100 -15.18059 -57.01359 100 -15.18059 -57.01359 100 -29.44438 -51.1275 100 -29.44438 -51.1275 100 -58.99999 3e-6 86.72489 -58.99999 3e-6 86.72489 -58.99999 3e-6 86.72489 -58.99999 3e-6 86.72489 -55.44186 20.17919 86.72489 -55.44186 20.17919 86.72489 -45.19661 37.92447 86.72489 -45.19661 37.92447 86.72489 -29.49999 51.0955 86.72489 -29.49999 51.0955 86.72489 -10.24523 58.10366 86.72489 -10.24523 58.10366 86.72489 10.24525 58.10366 86.72489 10.24525 58.10366 86.72489 29.50001 51.0955 86.72489 29.50001 51.0955 86.72489 45.19663 37.92446 86.72489 45.19663 37.92446 86.72489 55.44187 20.17919 86.72488 55.44187 20.17919 86.72488 59.00001 -3e-6 86.72488 59.00001 -3e-6 86.72488 59.00001 -3e-6 86.72488 59.00001 -3e-6 86.72488 55.44187 -20.17919 86.72488 55.44187 -20.17919 86.72488 45.19663 -37.92447 86.72489 45.19663 -37.92447 86.72489 29.5 -51.0955 86.72489 29.5 -51.0955 86.72489 10.24525 -58.10366 86.72489 10.24525 -58.10366 86.72489 -10.24524 -58.10366 86.72489 -10.24524 -58.10366 86.72489 -29.5 -51.0955 86.72489 -29.5 -51.0955 86.72489 -45.19661 -37.92446 86.72489 -45.19661 -37.92446 86.72489 -55.44186 -20.17919 86.72489 -55.44186 -20.17919 86.72489 -59.57785 3e-6 83.3748 -59.57785 3e-6 83.3748 -59.57785 3e-6 83.3748 -59.57785 3e-6 83.3748 -59.14538 3e-6 85.02587 -59.14538 3e-6 85.02587 59.14553 -3e-6 85.0251 59.14553 -3e-6 85.0251 59.57786 -3e-6 83.37478 59.57786 -3e-6 83.37478 59.57786 -3e-6 83.37478 59.57786 -3e-6 83.37478 55.98487 -20.37683 83.37478 55.98487 -20.37683 83.37478 45.63929 -38.29591 83.37479 45.63929 -38.29591 83.37479 29.78893 -51.59593 83.37479 29.78893 -51.59593 83.37479 10.34559 -58.67273 83.37479 10.34559 -58.67273 83.37479 -10.34558 -58.67273 83.37479 -10.34558 -58.67273 83.37479 -29.78892 -51.59593 83.37479 -29.78892 -51.59593 83.37479 -45.63927 -38.2959 83.37479 -45.63927 -38.2959 83.37479 -55.98486 -20.37682 83.3748 -55.98486 -20.37682 83.3748 73.84429 -3e-6 43.25042 73.84429 -3e-6 43.25042 73.84429 -3e-6 43.25042 73.84429 -3e-6 43.25042 70.09367 -23.23484 43.25042 70.09367 -23.23484 43.25042 59.22278 -44.10944 43.25042 59.22278 -44.10944 43.25042 59.22278 -44.10944 43.25042 59.22278 -44.10944 43.25042 55.8244 -42.53746 53.54491 55.8244 -42.53746 53.54491 52.41795 -40.95979 63.8408 52.41795 -40.95979 63.8408 52.41795 -40.95979 63.8408 50.70417 -40.38169 68.63211 50.70417 -40.38169 68.63211 49.01907 -40.18311 72.66957 49.01907 -40.18311 72.66957 47.37651 -40.31359 75.98014 47.37651 -40.31359 75.98014 45.7601 -40.76695 78.57164 45.7601 -40.76695 78.57164 43.22586 -43.36376 78.43118 43.22586 -43.36376 78.43118 40.69161 -45.96059 78.29072 40.69161 -45.96059 78.29072 40.28815 -47.5294 75.69869 40.28815 -47.5294 75.69869 40.18553 -49.12021 72.44517 40.18553 -49.12021 72.44517 40.39242 -50.75205 68.50794 40.39242 -50.75205 68.50794 40.95978 -52.41795 63.8408 40.95978 -52.41795 63.8408 40.95978 -52.41795 63.8408 42.53745 -55.82439 53.54491 42.53745 -55.82439 53.54491 44.10943 -59.22278 43.25042 44.10943 -59.22278 43.25042 44.10943 -59.22278 43.25042 44.10943 -59.22278 43.25042 23.23484 -70.09367 43.25042 23.23484 -70.09367 43.25042 0 -73.84429 43.25042 0 -73.84429 43.25042 -23.23484 -70.09367 43.25042 -23.23484 -70.09367 43.25042 -44.10943 -59.22277 43.25043 -44.10943 -59.22277 43.25043 -44.10943 -59.22277 43.25043 -44.10943 -59.22277 43.25043 -42.53745 -55.82439 53.54491 -42.53745 -55.82439 53.54491 -40.95978 -52.41795 63.84081 -40.95978 -52.41795 63.84081 -40.95978 -52.41795 63.84081 -40.38169 -50.70416 68.63211 -40.38169 -50.70416 68.63211 -40.1831 -49.01907 72.66957 -40.1831 -49.01907 72.66957 -40.31358 -47.37651 75.98014 -40.31358 -47.37651 75.98014 -40.76694 -45.76009 78.57164 -40.76694 -45.76009 78.57164 -43.36376 -43.22585 78.43118 -43.36376 -43.22585 78.43118 -45.96058 -40.6916 78.29072 -45.96058 -40.6916 78.29072 -47.52939 -40.28815 75.69869 -47.52939 -40.28815 75.69869 -49.12021 -40.18552 72.44517 -49.12021 -40.18552 72.44517 -50.75205 -40.39242 68.50794 -50.75205 -40.39242 68.50794 -52.41794 -40.95978 63.84081 -52.41794 -40.95978 63.84081 -52.41794 -40.95978 63.84081 -55.82439 -42.53745 53.54491 -55.82439 -42.53745 53.54491 -59.22278 -44.10943 43.25043 -59.22278 -44.10943 43.25043 -59.22278 -44.10943 43.25043 -59.22278 -44.10943 43.25043 -70.09367 -23.23484 43.25043 -70.09367 -23.23484 43.25043 -73.84429 3e-6 43.25043 -73.84429 3e-6 43.25043 -73.84429 3e-6 43.25043 55.98487 20.37682 83.37478 55.98487 20.37682 83.37478 45.63929 38.2959 83.37479 45.63929 38.2959 83.37479 29.78894 51.59593 83.37479 29.78894 51.59593 83.37479 10.34559 58.67273 83.37479 10.34559 58.67273 83.37479 -10.34558 58.67273 83.37479 -10.34558 58.67273 83.37479 -29.78892 51.59593 83.37479 -29.78892 51.59593 83.37479 -45.63927 38.29591 83.37479 -45.63927 38.29591 83.37479 -55.98486 20.37683 83.3748 -55.98486 20.37683 83.3748 -70.09367 23.23484 43.25043 -70.09367 23.23484 43.25043 -59.22277 44.10944 43.25043 -59.22277 44.10944 43.25043 -59.22277 44.10944 43.25043 -59.22277 44.10944 43.25043 -55.82439 42.53746 53.54491 -55.82439 42.53746 53.54491 -52.41794 40.95979 63.84081 -52.41794 40.95979 63.84081 -52.41794 40.95979 63.84081 -50.70416 40.38169 68.63212 -50.70416 40.38169 68.63212 -49.01906 40.18311 72.66957 -49.01906 40.18311 72.66957 -47.3765 40.31359 75.98014 -47.3765 40.31359 75.98014 -45.76008 40.76695 78.57164 -45.76008 40.76695 78.57164 -43.22584 43.36376 78.43118 -43.22584 43.36376 78.43118 -40.69159 45.96059 78.29072 -40.69159 45.96059 78.29072 -40.28814 47.5294 75.69869 -40.28814 47.5294 75.69869 -40.18552 49.12021 72.44517 -40.18552 49.12021 72.44517 -40.39241 50.75205 68.50794 -40.39241 50.75205 68.50794 -40.95978 52.41795 63.84081 -40.95978 52.41795 63.84081 -40.95978 52.41795 63.84081 -42.53744 55.82439 53.54491 -42.53744 55.82439 53.54491 -44.10943 59.22278 43.25043 -44.10943 59.22278 43.25043 -44.10943 59.22278 43.25043 -44.10943 59.22278 43.25043 -23.23483 70.09367 43.25042 -23.23483 70.09367 43.25042 6e-6 73.84429 43.25042 6e-6 73.84429 43.25042 23.23485 70.09367 43.25042 23.23485 70.09367 43.25042 44.10944 59.22277 43.25042 44.10944 59.22277 43.25042 44.10944 59.22277 43.25042 44.10944 59.22277 43.25042 42.53746 55.82439 53.54491 42.53746 55.82439 53.54491 40.95979 52.41795 63.8408 40.95979 52.41795 63.8408 40.95979 52.41795 63.8408 40.38169 50.70416 68.63211 40.38169 50.70416 68.63211 40.18311 49.01907 72.66957 40.18311 49.01907 72.66957 40.3136 47.37651 75.98014 40.3136 47.37651 75.98014 40.76696 45.76009 78.57164 40.76696 45.76009 78.57164 43.36377 43.22585 78.43118 43.36377 43.22585 78.43118 45.9606 40.6916 78.29072 45.9606 40.6916 78.29072 47.5294 40.28815 75.69869 47.5294 40.28815 75.69869 49.12022 40.18552 72.44517 49.12022 40.18552 72.44517 50.75205 40.39242 68.50793 50.75205 40.39242 68.50793 52.41795 40.95978 63.8408 52.41795 40.95978 63.8408 52.41795 40.95978 63.8408 55.8244 42.53745 53.54491 55.8244 42.53745 53.54491 59.22278 44.10943 43.25042 59.22278 44.10943 43.25042 59.22278 44.10943 43.25042 59.22278 44.10943 43.25042 70.09367 23.23484 43.25042 70.09367 23.23484 43.25042 -75 3e-6 36.55023 -75 3e-6 36.55023 -75 3e-6 36.55023 -71.22676 23.48933 36.55023 -71.22676 23.48933 36.55023 -60.28671 44.61516 36.55023 -60.28671 44.61516 36.55023 -60.28671 44.61516 36.55023 -60.28671 44.61516 36.55023 -60.01903 44.48794 39.94847 -60.01903 44.48794 39.94847 -60.01904 -44.48793 39.94847 -60.01904 -44.48793 39.94847 -60.28672 -44.61515 36.55023 -60.28672 -44.61515 36.55023 -60.28672 -44.61515 36.55023 -60.28672 -44.61515 36.55023 -71.22676 -23.48932 36.55023 -71.22676 -23.48932 36.55023 -74.45804 -8.999998 19.50001 -74.45804 -8.999998 19.50001 -74.45804 -8.999998 19.50001 -74.48094 -8.808454 19.50001 -74.48094 -8.808454 19.50001 -74.50336 -8.616842 19.50001 -74.50336 -8.616842 19.50001 -74.50336 -8.616842 19.50001 -74.84312 -4.848459 22.81357 -74.84312 -4.848459 22.81357 -75 3e-6 24.00001 -75 3e-6 24.00001 -75 3e-6 24.00001 -60.28672 -44.61515 25.5 -60.28672 -44.61515 25.5 -60.28672 -44.61515 25.5 -60.01951 -44.97397 24.4465 -60.01951 -44.97397 24.4465 -59.34891 -45.85528 24 -59.34891 -45.85528 24 -59.34891 -45.85528 24 -53.03301 -53.033 24 -53.03301 -53.033 24 -45.85528 -59.34891 24 -45.85528 -59.34891 24 -45.85528 -59.34891 24 -44.97077 -60.02191 24.45044 -44.97077 -60.02191 24.45044 -44.61515 -60.28671 25.5 -44.61515 -60.28671 25.5 -44.61515 -60.28671 25.5 -44.61515 -60.28671 36.55023 -44.61515 -60.28671 36.55023 -44.61515 -60.28671 36.55023 -44.61515 -60.28671 36.55023 -23.48932 -71.22676 36.55023 -23.48932 -71.22676 36.55023 0 -75 36.55023 0 -75 36.55023 23.48932 -71.22676 36.55023 23.48932 -71.22676 36.55023 44.61515 -60.28672 36.55022 44.61515 -60.28672 36.55022 44.61515 -60.28672 36.55022 44.61515 -60.28672 36.55022 44.61515 -60.28672 25.5 44.61515 -60.28672 25.5 44.61515 -60.28672 25.5 44.97397 -60.01951 24.44649 44.97397 -60.01951 24.44649 45.85528 -59.34891 24 45.85528 -59.34891 24 45.85528 -59.34891 24 53.033 -53.03301 24 53.033 -53.03301 24 59.34891 -45.85528 24 59.34891 -45.85528 24 59.34891 -45.85528 24 60.02191 -44.97077 24.45043 60.02191 -44.97077 24.45043 60.28672 -44.61516 25.5 60.28672 -44.61516 25.5 60.28672 -44.61516 25.5 60.28672 -44.61516 36.55022 60.28672 -44.61516 36.55022 60.28672 -44.61516 36.55022 60.28672 -44.61516 36.55022 71.22676 -23.48933 36.55022 71.22676 -23.48933 36.55022 75 -3e-6 36.55022 75 -3e-6 36.55022 75 -3e-6 36.55022 75 -3e-6 36.55022 75 -3e-6 -6e-6 75 -3e-6 -6e-6 75 -3e-6 -6e-6 70.80789 -24.72329 -5e-6 70.80789 -24.72329 -5e-6 58.73282 -46.64172 -4e-6 58.73282 -46.64172 -4e-6 45.64538 -59.51049 -3e-6 45.64538 -59.51049 -3e-6 39.98692 -63.45105 -3e-6 39.98692 -63.45105 -3e-6 16.82973 -73.08727 -10e-7 16.82973 -73.08727 -10e-7 15.6099 -73.35753 -10e-7 15.6099 -73.35753 -10e-7 -8.114813 -74.55963 10e-7 -8.114813 -74.55963 10e-7 -14.42898 -73.59895 10e-7 -14.42898 -73.59895 10e-7 -32.14134 -67.76375 2e-6 -32.14134 -67.76375 2e-6 -44.48954 -60.3792 3e-6 -44.48954 -60.3792 3e-6 -52.66072 -53.40265 4e-6 -52.66072 -53.40265 4e-6 -67.28366 -33.13466 5e-6 -67.28366 -33.13466 5e-6 -74.45804 -8.999998 6e-6 -74.45804 -8.999998 6e-6 -74.45804 -8.999998 6e-6 -74.45804 -8.999998 8.091679 -74.45804 -8.999998 8.091679 -74.45804 -8.999998 8.091679 -74.26139 -10.5 13.50349 -74.26139 -10.5 13.50349 -74.45804 -8.999998 18.90833 -74.45804 -8.999998 18.90833 -74.45804 -8.999998 18.90833 -74.45804 9.000003 19.50001 -74.45804 9.000003 19.50001 -74.45804 9.000003 19.50001 -74.45804 9.000003 18.90833 -74.45804 9.000003 18.90833 -74.45804 9.000003 18.90833 -74.26139 10.5 13.5035 -74.26139 10.5 13.5035 -74.45804 9.000003 8.091679 -74.45804 9.000003 8.091679 -74.45804 9.000003 8.091679 -74.45804 9.000003 6e-6 -74.45804 9.000003 6e-6 -74.45804 9.000003 6e-6 -67.32943 33.04159 5e-6 -67.32943 33.04159 5e-6 -52.71141 53.35262 4e-6 -52.71141 53.35262 4e-6 -44.49008 60.37887 3e-6 -44.49008 60.37887 3e-6 -32.08385 67.79098 2e-6 -32.08385 67.79098 2e-6 -14.43015 73.59872 10e-7 -14.43015 73.59872 10e-7 -7.937643 74.5787 10e-7 -7.937643 74.5787 10e-7 15.61171 73.35704 -10e-7 15.61171 73.35704 -10e-7 17.00333 73.04708 -10e-7 17.00333 73.04708 -10e-7 40.04073 63.41712 -3e-6 40.04073 63.41712 -3e-6 45.64472 59.511 -3e-6 45.64472 59.511 -3e-6 58.6885 46.69747 -4e-6 58.6885 46.69747 -4e-6 70.77363 24.82119 -5e-6 70.77363 24.82119 -5e-6 71.22676 23.48932 36.55022 71.22676 23.48932 36.55022 60.28672 44.61515 36.55022 60.28672 44.61515 36.55022 60.28672 44.61515 36.55022 60.28672 44.61515 36.55022 60.28672 44.61515 25.5 60.28672 44.61515 25.5 60.28672 44.61515 25.5 60.01951 44.97397 24.44649 60.01951 44.97397 24.44649 59.34891 45.85528 24 59.34891 45.85528 24 59.34891 45.85528 24 53.03301 53.033 24 53.03301 53.033 24 45.85528 59.34891 24 45.85528 59.34891 24 45.85528 59.34891 24 44.97077 60.02191 24.45043 44.97077 60.02191 24.45043 44.61516 60.28671 25.5 44.61516 60.28671 25.5 44.61516 60.28671 25.5 44.61516 60.28671 36.55022 44.61516 60.28671 36.55022 44.61516 60.28671 36.55022 44.61516 60.28671 36.55022 23.48933 71.22676 36.55023 23.48933 71.22676 36.55023 6e-6 75 36.55023 6e-6 75 36.55023 -23.48932 71.22676 36.55023 -23.48932 71.22676 36.55023 -44.61515 60.28672 36.55023 -44.61515 60.28672 36.55023 -44.61515 60.28672 36.55023 -44.61515 60.28672 36.55023 -44.61515 60.28672 25.5 -44.61515 60.28672 25.5 -44.61515 60.28672 25.5 -44.97397 60.01951 24.4465 -44.97397 60.01951 24.4465 -45.85528 59.34891 24 -45.85528 59.34891 24 -45.85528 59.34891 24 -53.033 53.03301 24 -53.033 53.03301 24 -59.34891 45.85528 24 -59.34891 45.85528 24 -59.34891 45.85528 24 -60.02191 44.97077 24.45044 -60.02191 44.97077 24.45044 -60.28671 44.61516 25.5 -60.28671 44.61516 25.5 -60.28671 44.61516 25.5 -74.84312 4.848472 22.81356 -74.84312 4.848472 22.81356 -74.50336 8.616847 19.50001 -74.50336 8.616847 19.50001 -74.50336 8.616847 19.50001 -74.48094 8.80846 19.50001 -74.48094 8.80846 19.50001 60.01905 44.48793 39.94846 60.01905 44.48793 39.94846 74.70896 -3e-6 39.94979 74.70896 -3e-6 39.94979 60.01904 -44.48794 39.94846 60.01904 -44.48794 39.94846 58.0445 -44.45293 42.91541 58.0445 -44.45293 42.91541 58.0445 -44.45293 42.91541 58.68293 -44.49863 43.1325 58.68293 -44.49863 43.1325 59.72038 -44.99168 36.55022 59.72038 -44.99168 36.55022 59.06027 -44.9266 36.55022 59.06027 -44.9266 36.55022 59.06027 -44.9266 36.55022 58.80415 -44.80716 39.78173 58.80415 -44.80716 39.78173 51.2529 -41.28596 63.50579 51.2529 -41.28596 63.50579 51.2529 -41.28596 63.50579 51.2529 -41.28596 63.50579 51.8728 -41.33661 63.71862 51.8728 -41.33661 63.71862 41.28595 -51.2529 63.50579 41.28595 -51.2529 63.50579 41.28595 -51.2529 63.50579 41.28595 -51.2529 63.50579 41.33437 -51.88093 63.72096 41.33437 -51.88093 63.72096 49.62638 -40.74373 68.6457 49.62638 -40.74373 68.6457 48.03593 -40.58341 72.90619 48.03593 -40.58341 72.90619 46.49576 -40.7532 76.31291 46.49576 -40.7532 76.31291 44.20351 -41.66474 79.81678 44.20351 -41.66474 79.81678 42.08418 -43.58204 80.33452 42.08418 -43.58204 80.33452 40.92944 -45.83098 77.54501 40.92944 -45.83098 77.54501 40.58326 -48.08326 72.78919 40.58326 -48.08326 72.78919 40.58326 -48.08326 72.78919 40.76665 -49.73164 68.33958 40.76665 -49.73164 68.33958 44.45293 -58.04451 42.91541 44.45293 -58.04451 42.91541 44.45293 -58.04451 42.91541 44.50106 -58.67441 43.13006 44.50106 -58.67441 43.13006 44.48794 -60.01905 39.94846 44.48794 -60.01905 39.94846 44.80716 -58.80415 39.78173 44.80716 -58.80415 39.78173 44.92659 -59.06028 36.55022 44.92659 -59.06028 36.55022 44.92659 -59.06028 36.55022 44.98729 -59.73764 36.55022 44.98729 -59.73764 36.55022 44.92659 -59.06028 25.5 44.92659 -59.06028 25.5 44.92659 -59.06028 25.5 44.92659 -59.06028 25.5 44.99657 -59.26639 25.5 44.99657 -59.26639 25.5 45.02028 -59.4829 25.5 45.02028 -59.4829 25.5 44.91477 -59.92998 25.5 44.91477 -59.92998 25.5 41.28595 -51.2529 44.50289 41.28595 -51.2529 44.50289 41.28595 -51.2529 25.5 41.28595 -51.2529 25.5 41.28595 -51.2529 25.5 41.28595 -51.2529 25.5 40.58326 -48.08326 25.5 40.58326 -48.08326 25.5 40.58326 -48.08326 25.5 40.58326 -48.08326 25.5 40.76104 -49.70656 25.5 40.76104 -49.70656 25.5 51.2529 -41.28596 44.50289 51.2529 -41.28596 44.50289 51.2529 -41.28596 25.5 51.2529 -41.28596 25.5 51.2529 -41.28596 25.5 51.2529 -41.28596 25.5 44.05352 -41.75783 25.5 44.05352 -41.75783 25.5 59.06027 -44.9266 25.5 59.06027 -44.9266 25.5 59.06027 -44.9266 25.5 59.06027 -44.9266 25.5 59.73764 -44.9873 25.5 59.73764 -44.9873 25.5 59.10806 -45.6692 24.71838 59.10806 -45.6692 24.71838 58.55759 -45.24388 25 58.55759 -45.24388 25 58.55759 -45.24388 25 58.55759 -45.24388 25 58.9243 -45.01476 25.15576 58.9243 -45.01476 25.15576 45.6831 -59.12607 24.69564 45.6831 -59.12607 24.69564 45.24387 -58.55759 25 45.24387 -58.55759 25 45.24387 -58.55759 25 45.24387 -58.55759 25 52.32677 -52.32489 25 52.32677 -52.32489 25 45.01662 -58.92221 25.15306 45.01662 -58.92221 25.15306 41.41867 -51.191 25.14644 41.41867 -51.191 25.14644 41.7391 -51.04159 25 41.7391 -51.04159 25 41.7391 -51.04159 25 41.08325 -48.08326 25 41.08325 -48.08326 25 41.08325 -48.08326 25 41.24926 -49.59832 25 41.24926 -49.59832 25 40.7297 -48.08326 25.14644 40.7297 -48.08326 25.14644 51.191 -41.41868 25.14644 51.191 -41.41868 25.14644 51.04159 -41.73911 25 51.04159 -41.73911 25 51.04159 -41.73911 25 44.32216 -42.17952 25 44.32216 -42.17952 25 43.83325 -48.08326 25 43.83325 -48.08326 25 43.83325 -48.08326 25 48.08325 -52.33315 25 48.08325 -52.33315 25 52.33325 -48.08326 25 52.33325 -48.08326 25 52.33325 -48.08326 25 48.08325 -43.83338 25 48.08325 -43.83338 25 -44.48794 -60.01904 39.94847 -44.48794 -60.01904 39.94847 -44.92659 -59.06027 36.55023 -44.92659 -59.06027 36.55023 -44.92659 -59.06027 36.55023 -44.80716 -58.80414 39.78174 -44.80716 -58.80414 39.78174 -44.45293 -58.0445 42.91542 -44.45293 -58.0445 42.91542 -44.45293 -58.0445 42.91542 -44.4961 -58.69143 43.13492 -44.4961 -58.69143 43.13492 -44.91477 -59.92998 36.55023 -44.91477 -59.92998 36.55023 -45.02028 -59.48289 36.55023 -45.02028 -59.48289 36.55023 -45.02028 -59.48289 36.55023 -44.99657 -59.26639 36.55023 -44.99657 -59.26639 36.55023 -45.02028 -59.48289 25.5 -45.02028 -59.48289 25.5 -45.02028 -59.48289 25.5 -44.99671 -59.26702 25.5 -44.99671 -59.26702 25.5 -44.92659 -59.06027 25.5 -44.92659 -59.06027 25.5 -44.92659 -59.06027 25.5 -44.92659 -59.06027 25.5 -44.91221 -59.93507 25.5 -44.91221 -59.93507 25.5 -45.6692 -59.10806 24.71839 -45.6692 -59.10806 24.71839 -45.24388 -58.55759 25 -45.24388 -58.55759 25 -45.24388 -58.55759 25 -45.24388 -58.55759 25 -45.01476 -58.9243 25.15577 -45.01476 -58.9243 25.15577 -59.12607 -45.6831 24.69565 -59.12607 -45.6831 24.69565 -58.55759 -45.24387 25 -58.55759 -45.24387 25 -58.55759 -45.24387 25 -58.55759 -45.24387 25 -52.32489 -52.32677 25 -52.32489 -52.32677 25 -59.72038 -44.99167 25.5 -59.72038 -44.99167 25.5 -59.06027 -44.92659 25.5 -59.06027 -44.92659 25.5 -59.06027 -44.92659 25.5 -59.06027 -44.92659 25.5 -58.92221 -45.01662 25.15307 -58.92221 -45.01662 25.15307 -59.73764 -44.98729 36.55023 -59.73764 -44.98729 36.55023 -59.06027 -44.92659 36.55023 -59.06027 -44.92659 36.55023 -59.06027 -44.92659 36.55023 -58.68293 -44.49862 43.13251 -58.68293 -44.49862 43.13251 -58.0445 -44.45293 42.91542 -58.0445 -44.45293 42.91542 -58.0445 -44.45293 42.91542 -58.80415 -44.80715 39.78174 -58.80415 -44.80715 39.78174 -51.88904 -41.33206 63.7233 -51.88904 -41.33206 63.7233 -51.25289 -41.28595 63.5058 -51.25289 -41.28595 63.5058 -51.25289 -41.28595 63.5058 -51.25289 -41.28595 63.5058 -41.33437 -51.88093 63.72097 -41.33437 -51.88093 63.72097 -41.28595 -51.2529 63.5058 -41.28595 -51.2529 63.5058 -41.28595 -51.2529 63.5058 -41.28595 -51.2529 63.5058 -40.77893 -49.78523 68.17982 -40.77893 -49.78523 68.17982 -40.5884 -48.36087 72.09484 -40.5884 -48.36087 72.09484 -40.66419 -46.98443 75.31295 -40.66419 -46.98443 75.31295 -41.26829 -44.95176 78.91797 -41.26829 -44.95176 78.91797 -42.70803 -42.85287 80.60067 -42.70803 -42.85287 80.60067 -44.81428 -41.33316 79.10338 -44.81428 -41.33316 79.10338 -46.89593 -40.67784 75.49944 -46.89593 -40.67784 75.49944 -48.3041 -40.58651 72.2394 -48.3041 -40.58651 72.2394 -49.75862 -40.77277 68.25836 -49.75862 -40.77277 68.25836 -41.28595 -51.2529 25.5 -41.28595 -51.2529 25.5 -41.28595 -51.2529 25.5 -41.28595 -51.2529 25.5 -41.28595 -51.2529 44.5029 -41.28595 -51.2529 44.5029 -40.76104 -49.70656 25.5 -40.76104 -49.70656 25.5 -40.58326 -48.08326 25.5 -40.58326 -48.08326 25.5 -44.05351 -41.75782 25.5 -44.05351 -41.75782 25.5 -51.25289 -41.28595 25.5 -51.25289 -41.28595 25.5 -51.25289 -41.28595 25.5 -51.25289 -41.28595 25.5 -51.25289 -41.28595 44.5029 -51.25289 -41.28595 44.5029 -51.191 -41.41867 25.14645 -51.191 -41.41867 25.14645 -51.04159 -41.7391 25 -51.04159 -41.7391 25 -51.04159 -41.7391 25 -41.73911 -51.04159 25 -41.73911 -51.04159 25 -41.73911 -51.04159 25 -43.13368 -43.13351 25 -43.13368 -43.13351 25 -41.41868 -51.191 25.14645 -41.41868 -51.191 25.14645 -43.83326 -48.08325 25 -43.83326 -48.08325 25 -43.83326 -48.08325 25 -48.08326 -43.83337 25 -48.08326 -43.83337 25 -52.33326 -48.08325 25 -52.33326 -48.08325 25 -52.33326 -48.08325 25 -48.08326 -52.33314 25 -48.08326 -52.33314 25 58.68294 44.49862 43.1325 58.68294 44.49862 43.1325 58.04451 44.45293 42.91541 58.04451 44.45293 42.91541 58.04451 44.45293 42.91541 58.80416 44.80715 39.78173 58.80416 44.80715 39.78173 59.06028 44.92659 36.55022 59.06028 44.92659 36.55022 59.06028 44.92659 36.55022 59.73765 44.98729 36.55022 59.73765 44.98729 36.55022 51.88904 41.33206 63.72329 51.88904 41.33206 63.72329 51.2529 41.28595 63.50579 51.2529 41.28595 63.50579 51.2529 41.28595 63.50579 51.2529 41.28595 63.50579 41.33438 51.88093 63.72096 41.33438 51.88093 63.72096 41.28596 51.2529 63.50579 41.28596 51.2529 63.50579 41.28596 51.2529 63.50579 41.28596 51.2529 63.50579 40.76654 49.73115 68.34082 40.76654 49.73115 68.34082 40.58327 48.08326 72.78919 40.58327 48.08326 72.78919 40.58327 48.08326 72.78919 40.9117 45.88815 77.44496 40.9117 45.88815 77.44496 42.07856 43.58954 80.32973 42.07856 43.58954 80.32973 44.25807 41.63206 79.76054 44.25807 41.63206 79.76054 46.5531 40.74101 76.19982 46.5531 40.74101 76.19982 48.06014 40.58329 72.8469 48.06014 40.58329 72.8469 49.62295 40.743 68.65581 49.62295 40.743 68.65581 44.4961 58.69143 43.13491 44.4961 58.69143 43.13491 44.45294 58.0445 42.91541 44.45294 58.0445 42.91541 44.45294 58.0445 42.91541 44.9266 59.06027 36.55022 44.9266 59.06027 36.55022 44.9266 59.06027 36.55022 44.80717 58.80414 39.78173 44.80717 58.80414 39.78173 44.48794 60.01904 39.94846 44.48794 60.01904 39.94846 44.99168 59.72037 36.55022 44.99168 59.72037 36.55022 44.91222 59.93507 25.5 44.91222 59.93507 25.5 45.02029 59.48289 25.5 45.02029 59.48289 25.5 44.99671 59.26702 25.5 44.99671 59.26702 25.5 44.9266 59.06027 25.5 44.9266 59.06027 25.5 44.9266 59.06027 25.5 44.9266 59.06027 25.5 41.28596 51.2529 25.5 41.28596 51.2529 25.5 41.28596 51.2529 25.5 41.28596 51.2529 25.5 41.28596 51.2529 44.50289 41.28596 51.2529 44.50289 40.76105 49.70656 25.5 40.76105 49.70656 25.5 40.58327 48.08326 25.5 40.58327 48.08326 25.5 40.58327 48.08326 25.5 40.58327 48.08326 25.5 41.41868 51.191 25.14644 41.41868 51.191 25.14644 41.73911 51.04159 25 41.73911 51.04159 25 41.73911 51.04159 25 41.24927 49.59832 25 41.24927 49.59832 25 41.08326 48.08326 25 41.08326 48.08326 25 41.08326 48.08326 25 40.72971 48.08326 25.14644 40.72971 48.08326 25.14644 45.24388 58.55759 25 45.24388 58.55759 25 45.24388 58.55759 25 45.24388 58.55759 25 45.01476 58.9243 25.15576 45.01476 58.9243 25.15576 52.33326 48.08325 25 52.33326 48.08325 25 52.33326 48.08325 25 48.08326 52.33314 25 48.08326 52.33314 25 43.83326 48.08325 25 43.83326 48.08325 25 43.83326 48.08325 25 48.08326 43.83337 25 48.08326 43.83337 25 52.32489 52.32677 25 52.32489 52.32677 25 58.55759 45.24387 25 58.55759 45.24387 25 58.55759 45.24387 25 58.55759 45.24387 25 51.04159 41.7391 25 51.04159 41.7391 25 51.04159 41.7391 25 44.32216 42.17951 25 44.32216 42.17951 25 45.6692 59.10806 24.71838 45.6692 59.10806 24.71838 59.12607 45.6831 24.69564 59.12607 45.6831 24.69564 59.72039 44.99167 25.5 59.72039 44.99167 25.5 59.06028 44.92659 25.5 59.06028 44.92659 25.5 59.06028 44.92659 25.5 59.06028 44.92659 25.5 58.92221 45.01662 25.15306 58.92221 45.01662 25.15306 51.2529 41.28595 44.50289 51.2529 41.28595 44.50289 51.2529 41.28595 25.5 51.2529 41.28595 25.5 51.2529 41.28595 25.5 51.2529 41.28595 25.5 44.05352 41.75782 25.5 44.05352 41.75782 25.5 51.191 41.41867 25.14644 51.191 41.41867 25.14644 -44.48793 60.01905 39.94847 -44.48793 60.01905 39.94847 -44.50106 58.67441 43.13007 -44.50106 58.67441 43.13007 -44.45292 58.04451 42.91542 -44.45292 58.04451 42.91542 -44.45292 58.04451 42.91542 -44.80715 58.80415 39.78174 -44.80715 58.80415 39.78174 -44.92658 59.06028 36.55023 -44.92658 59.06028 36.55023 -44.92658 59.06028 36.55023 -44.9967 59.26703 36.55023 -44.9967 59.26703 36.55023 -45.02027 59.4829 36.55023 -45.02027 59.4829 36.55023 -45.02027 59.4829 36.55023 -44.9122 59.93507 36.55023 -44.9122 59.93507 36.55023 -45.02027 59.4829 25.5 -45.02027 59.4829 25.5 -45.02027 59.4829 25.5 -44.91477 59.92998 25.5 -44.91477 59.92998 25.5 -44.92658 59.06028 25.5 -44.92658 59.06028 25.5 -44.92658 59.06028 25.5 -44.92658 59.06028 25.5 -44.99656 59.26639 25.5 -44.99656 59.26639 25.5 -41.28594 51.2529 63.5058 -41.28594 51.2529 63.5058 -41.28594 51.2529 63.5058 -41.28594 51.2529 63.5058 -41.28594 51.2529 44.5029 -41.28594 51.2529 44.5029 -41.28594 51.2529 25.5 -41.28594 51.2529 25.5 -41.28594 51.2529 25.5 -41.28594 51.2529 25.5 -41.33436 51.88093 63.72097 -41.33436 51.88093 63.72097 -51.87279 41.33661 63.71863 -51.87279 41.33661 63.71863 -51.25289 41.28596 63.5058 -51.25289 41.28596 63.5058 -51.25289 41.28596 63.5058 -51.25289 41.28596 63.5058 -49.78523 40.77893 68.17982 -49.78523 40.77893 68.17982 -48.36087 40.5884 72.09484 -48.36087 40.5884 72.09484 -46.98443 40.66419 75.31295 -46.98443 40.66419 75.31295 -44.95175 41.2683 78.91797 -44.95175 41.2683 78.91797 -42.85286 42.70804 80.60067 -42.85286 42.70804 80.60067 -41.33315 44.81429 79.10338 -41.33315 44.81429 79.10338 -40.67783 46.89594 75.49944 -40.67783 46.89594 75.49944 -40.5865 48.30411 72.2394 -40.5865 48.30411 72.2394 -40.77277 49.75863 68.25836 -40.77277 49.75863 68.25836 -58.68292 44.49863 43.13251 -58.68292 44.49863 43.13251 -58.0445 44.45293 42.91542 -58.0445 44.45293 42.91542 -58.0445 44.45293 42.91542 -59.72037 44.99168 36.55023 -59.72037 44.99168 36.55023 -59.06027 44.9266 36.55023 -59.06027 44.9266 36.55023 -59.06027 44.9266 36.55023 -58.80414 44.80716 39.78174 -58.80414 44.80716 39.78174 -59.73763 44.9873 25.5 -59.73763 44.9873 25.5 -59.06027 44.9266 25.5 -59.06027 44.9266 25.5 -59.06027 44.9266 25.5 -59.06027 44.9266 25.5 -51.25289 41.28596 25.5 -51.25289 41.28596 25.5 -51.25289 41.28596 25.5 -51.25289 41.28596 25.5 -51.25289 41.28596 44.5029 -51.25289 41.28596 44.5029 -44.05351 41.75783 25.5 -44.05351 41.75783 25.5 -40.58325 48.08326 25.5 -40.58325 48.08326 25.5 -40.76103 49.70656 25.5 -40.76103 49.70656 25.5 -51.04159 41.73911 25 -51.04159 41.73911 25 -51.04159 41.73911 25 -43.13368 43.13351 25 -43.13368 43.13351 25 -41.7391 51.04159 25 -41.7391 51.04159 25 -41.7391 51.04159 25 -41.41867 51.191 25.14645 -41.41867 51.191 25.14645 -51.191 41.41868 25.14645 -51.191 41.41868 25.14645 -58.55759 45.24388 25 -58.55759 45.24388 25 -58.55759 45.24388 25 -58.55759 45.24388 25 -58.9243 45.01476 25.15577 -58.9243 45.01476 25.15577 -43.83325 48.08326 25 -43.83325 48.08326 25 -43.83325 48.08326 25 -48.08325 52.33315 25 -48.08325 52.33315 25 -52.33325 48.08326 25 -52.33325 48.08326 25 -52.33325 48.08326 25 -48.08325 43.83338 25 -48.08325 43.83338 25 -52.32677 52.32489 25 -52.32677 52.32489 25 -45.24387 58.55759 25 -45.24387 58.55759 25 -45.24387 58.55759 25 -45.24387 58.55759 25 -59.10806 45.6692 24.71839 -59.10806 45.6692 24.71839 -45.6831 59.12607 24.69565 -45.6831 59.12607 24.69565 -45.01662 58.92221 25.15307 -45.01662 58.92221 25.15307 -73.5 -8.999998 8.091679 -73.5 -8.999998 8.091679 -73.5 -8.999998 8.091679 -73.5 -9.139341 18.66926 -73.5 -9.139341 18.66926 -73.5 -0.002140998 24.00001 -73.5 -0.002140998 24.00001 -73.5 9.137249 18.67297 -73.5 9.137249 18.67297 -73.5 9.000003 8.091679 -73.5 9.000003 8.091679 -73.5 9.000003 8.091679 -74.45804 8.813341 19.20746 -74.45804 8.813341 19.20746 -74.45804 8.616847 19.50001 -74.45804 8.616847 19.50001 -74.45804 8.616847 19.50001 -74.45804 -8.616842 19.50001 -74.45804 -8.616842 19.50001 -74.45804 -8.616842 19.50001 -74.45804 -8.813335 19.20746 -74.45804 -8.813335 19.20746 -73.5 -8.999998 6e-6 -73.5 -8.999998 6e-6 -73.5 -8.999998 6e-6 -70.5 -5.999997 5e-6 -70.5 -5.999997 5e-6 -70.5 -5.999997 5e-6 -73.5 -5.999997 6e-6 -73.5 -5.999997 6e-6 -73.5 -5.999997 6e-6 -44.41922 -50.23508 3e-6 -44.41922 -50.23508 3e-6 -48.08326 -52.3332 4e-6 -48.08326 -52.3332 4e-6 -52.33326 -48.08325 4e-6 -52.33326 -48.08325 4e-6 -52.33326 -48.08325 4e-6 -51.06473 -45.05535 4e-6 -51.06473 -45.05535 4e-6 -48.06647 -43.83334 4e-6 -48.06647 -43.83334 4e-6 -44.42032 -45.93009 3e-6 -44.42032 -45.93009 3e-6 -44.43816 -38.77174 3e-6 -44.43816 -38.77174 3e-6 -52.30944 -39.02018 4e-6 -52.30944 -39.02018 4e-6 -52.30944 -39.02018 4e-6 -53.62218 -39.63232 4e-6 -53.62218 -39.63232 4e-6 -53.62218 -39.63232 4e-6 -56.41284 -39.85222 4e-6 -56.41284 -39.85222 4e-6 -58.66493 -38.18933 4e-6 -58.66493 -38.18933 4e-6 -58.66493 -38.18933 4e-6 -65.05065 -25.85368 5e-6 -65.05065 -25.85368 5e-6 -68.87489 -12.5 5e-6 -68.87489 -12.5 5e-6 -68.87489 -12.5 5e-6 -70.04105 -11.81023 5e-6 -70.04105 -11.81023 5e-6 -70.5 -10.53545 5e-6 -70.5 -10.53545 5e-6 -70.5 -10.53545 5e-6 45.62975 51.55349 -3e-6 45.62975 51.55349 -3e-6 48.10005 52.33317 -4e-6 48.10005 52.33317 -4e-6 52.33326 48.08325 -4e-6 52.33326 48.08325 -4e-6 52.33326 48.08325 -4e-6 51.05403 45.04505 -4e-6 51.05403 45.04505 -4e-6 48.05622 43.83339 -4e-6 48.05622 43.83339 -4e-6 45.62865 44.61372 -3e-6 45.62865 44.61372 -3e-6 45.61659 38.39288 -3e-6 45.61659 38.39288 -3e-6 52.30944 39.02018 -4e-6 52.30944 39.02018 -4e-6 52.30944 39.02018 -4e-6 53.62218 39.63232 -4e-6 53.62218 39.63232 -4e-6 53.62218 39.63232 -4e-6 56.41284 39.85222 -4e-6 56.41284 39.85222 -4e-6 58.66493 38.18933 -4e-6 58.66493 38.18933 -4e-6 58.66493 38.18933 -4e-6 67.1064 19.918 -5e-6 67.1064 19.918 -5e-6 70 -3e-6 -5e-6 70 -3e-6 -5e-6 67.1064 -19.91801 -5e-6 67.1064 -19.91801 -5e-6 58.66493 -38.18934 -4e-6 58.66493 -38.18934 -4e-6 58.66493 -38.18934 -4e-6 56.41302 -39.85218 -4e-6 56.41302 -39.85218 -4e-6 53.62218 -39.63232 -4e-6 53.62218 -39.63232 -4e-6 53.62218 -39.63232 -4e-6 52.30944 -39.02019 -4e-6 52.30944 -39.02019 -4e-6 52.30944 -39.02019 -4e-6 45.6166 -38.39289 -3e-6 45.6166 -38.39289 -3e-6 45.63166 -43.15988 -3e-6 45.63166 -43.15988 -3e-6 48.1237 -42.58348 -4e-6 48.1237 -42.58348 -4e-6 53.58325 -48.08326 -4e-6 53.58325 -48.08326 -4e-6 53.58325 -48.08326 -4e-6 51.94345 -52.00104 -4e-6 51.94345 -52.00104 -4e-6 48.06153 -53.58316 -4e-6 48.06153 -53.58316 -4e-6 45.63002 -53.00582 -3e-6 45.63002 -53.00582 -3e-6 42.58325 -48.08326 -3e-6 42.58325 -48.08326 -3e-6 42.58325 -48.08326 -3e-6 44.21585 -44.17261 -3e-6 44.21585 -44.17261 -3e-6 42.71043 -39.64929 -3e-6 42.71043 -39.64929 -3e-6 38.08325 -48.08326 -3e-6 38.08325 -48.08326 -3e-6 38.08325 -48.08326 -3e-6 38.3204 -50.24763 -3e-6 38.3204 -50.24763 -3e-6 39.02018 -52.30944 -3e-6 39.02018 -52.30944 -3e-6 39.02018 -52.30944 -3e-6 39.63232 -53.62218 -3e-6 39.63232 -53.62218 -3e-6 39.63232 -53.62218 -3e-6 39.85222 -56.41284 -3e-6 39.85222 -56.41284 -3e-6 38.18933 -58.66493 -3e-6 38.18933 -58.66493 -3e-6 38.18933 -58.66493 -3e-6 19.88791 -67.11518 -2e-6 19.88791 -67.11518 -2e-6 15.61166 -68.2369 -10e-7 15.61166 -68.2369 -10e-7 -3e-6 -70 0 -3e-6 -70 0 -14.43965 -68.49448 10e-7 -14.43965 -68.49448 10e-7 -19.88792 -67.11518 2e-6 -19.88792 -67.11518 2e-6 -38.18934 -58.66493 3e-6 -38.18934 -58.66493 3e-6 -38.18934 -58.66493 3e-6 -39.52238 -57.21879 3e-6 -39.52238 -57.21879 3e-6 -40.00709 -55.31265 3e-6 -40.00709 -55.31265 3e-6 -40.00709 -55.31265 3e-6 -39.91223 -54.4469 3e-6 -39.91223 -54.4469 3e-6 -39.63232 -53.62218 3e-6 -39.63232 -53.62218 3e-6 -39.63232 -53.62218 3e-6 -39.02019 -52.30944 3e-6 -39.02019 -52.30944 3e-6 -39.02019 -52.30944 3e-6 -38.32041 -50.24763 3e-6 -38.32041 -50.24763 3e-6 -38.08326 -48.08326 3e-6 -38.08326 -48.08326 3e-6 -42.71015 -39.64947 3e-6 -42.71015 -39.64947 3e-6 -43.83326 -48.08325 3e-6 -43.83326 -48.08325 3e-6 -43.83326 -48.08325 3e-6 -73.5 9.000003 6e-6 -73.5 9.000003 6e-6 -73.5 9.000003 6e-6 -73.5 6.000003 6e-6 -73.5 6.000003 6e-6 -73.5 6.000003 6e-6 -70.5 6.000003 5e-6 -70.5 6.000003 5e-6 -70.5 6.000003 5e-6 -70.5 10.53545 5e-6 -70.5 10.53545 5e-6 -70.5 10.53545 5e-6 -70.04105 11.81023 5e-6 -70.04105 11.81023 5e-6 -68.87489 12.5 5e-6 -68.87489 12.5 5e-6 -68.87489 12.5 5e-6 -65.05065 25.85369 5e-6 -65.05065 25.85369 5e-6 -58.66493 38.18934 4e-6 -58.66493 38.18934 4e-6 -58.66493 38.18934 4e-6 -56.41302 39.85218 4e-6 -56.41302 39.85218 4e-6 -53.62218 39.63232 4e-6 -53.62218 39.63232 4e-6 -53.62218 39.63232 4e-6 -52.30944 39.02019 4e-6 -52.30944 39.02019 4e-6 -52.30944 39.02019 4e-6 -44.43815 38.77175 3e-6 -44.43815 38.77175 3e-6 -44.44799 43.9561 3e-6 -44.44799 43.9561 3e-6 -48.10499 42.58337 4e-6 -48.10499 42.58337 4e-6 -53.58325 48.08326 4e-6 -53.58325 48.08326 4e-6 -53.58325 48.08326 4e-6 -51.93003 52.01421 4e-6 -51.93003 52.01421 4e-6 -48.04827 53.58309 4e-6 -48.04827 53.58309 4e-6 -44.44801 52.21031 3e-6 -44.44801 52.21031 3e-6 -42.58325 48.08326 3e-6 -42.58325 48.08326 3e-6 -42.58325 48.08326 3e-6 -44.22306 44.16549 3e-6 -44.22306 44.16549 3e-6 -42.71043 39.64929 3e-6 -42.71043 39.64929 3e-6 -38.08325 48.08326 3e-6 -38.08325 48.08326 3e-6 -38.3204 50.24763 3e-6 -38.3204 50.24763 3e-6 -39.02018 52.30944 3e-6 -39.02018 52.30944 3e-6 -39.02018 52.30944 3e-6 -39.63232 53.62218 3e-6 -39.63232 53.62218 3e-6 -39.63232 53.62218 3e-6 -39.91223 54.4469 3e-6 -39.91223 54.4469 3e-6 -40.00709 55.31265 3e-6 -40.00709 55.31265 3e-6 -40.00709 55.31265 3e-6 -39.52237 57.21879 3e-6 -39.52237 57.21879 3e-6 -38.18933 58.66493 3e-6 -38.18933 58.66493 3e-6 -38.18933 58.66493 3e-6 -19.88791 67.11518 2e-6 -19.88791 67.11518 2e-6 -14.43965 68.49448 10e-7 -14.43965 68.49448 10e-7 3e-6 70 0 3e-6 70 0 15.61166 68.2369 -10e-7 15.61166 68.2369 -10e-7 19.88792 67.11518 -2e-6 19.88792 67.11518 -2e-6 38.18934 58.66493 -3e-6 38.18934 58.66493 -3e-6 38.18934 58.66493 -3e-6 39.85218 56.41302 -3e-6 39.85218 56.41302 -3e-6 39.63232 53.62218 -3e-6 39.63232 53.62218 -3e-6 39.63232 53.62218 -3e-6 39.02019 52.30944 -3e-6 39.02019 52.30944 -3e-6 39.02019 52.30944 -3e-6 38.32041 50.24763 -3e-6 38.32041 50.24763 -3e-6 38.08326 48.08326 -3e-6 38.08326 48.08326 -3e-6 38.08326 48.08326 -3e-6 42.71015 39.64947 -3e-6 42.71015 39.64947 -3e-6 43.83326 48.08325 -3e-6 43.83326 48.08325 -3e-6 43.83326 48.08325 -3e-6 45.1018 51.11116 -3e-6 45.1018 51.11116 -3e-6 -73.5 -5.999997 6.030905 -73.5 -5.999997 6.030905 -73.5 -5.999997 6.030905 -70.5 -5.999997 6.135667 -70.5 -5.999997 6.135667 -70.5 -5.999997 6.135667 -70.5 -7.309558 8.958005 -70.5 -7.309558 8.958005 -70.5 -7.362338 12.06964 -70.5 -7.362338 12.06964 -70.5 -7.362338 12.06964 -73.5 -7.351971 12.01728 -73.5 -7.351971 12.01728 -73.5 -7.351971 12.01728 -73.5 -7.315489 8.879282 -73.5 -7.315489 8.879282 -74.45804 3e-6 2.995621 -74.45804 3e-6 2.995621 -74.45804 3e-6 2.995621 -74.45804 -7.499935 10.50019 -74.45804 -7.499935 10.50019 -74.45804 3e-6 18.00477 -74.45804 3e-6 18.00477 -74.45804 3e-6 18.00477 -64.00016 3e-6 18.36996 -64.00016 3e-6 18.36996 -63.86928 -6.495188 14.62224 -63.60753 -6.495188 7.126814 -63.47666 3e-6 3.379098 -63.47666 3e-6 3.379098 -33.98844 10e-7 19.41799 -33.98844 10e-7 19.41799 -33.85757 -6.49519 15.67027 -33.59582 -6.49519 8.174844 -33.46495 10e-7 4.427127 -33.46495 10e-7 4.427127 -4.00672 0 20.46497 -4.00672 0 20.46497 -4.00672 0 20.46497 -4.00672 0 20.46497 -3.744974 -7.5 12.96954 -3.744974 -7.5 12.96954 -3.483228 0 5.474111 -3.483228 0 5.474111 -3.483228 0 5.474111 -3.483228 0 5.474111 -2 0 5.5 -2 0 5.5 -2 0 5.5 -2 0 5.5 -2.741727 0 5.493527 -2.741727 0 5.493527 -3.003512 0 20.49124 -3.003512 0 20.49124 -1.999998 0 20.5 -1.999998 0 20.5 -1.999998 0 20.5 -1.999998 0 20.5 -1.999999 -7.5 13 -1.999999 -7.5 13 4.000001 0 20.5 4.000001 0 20.5 4.000001 0 20.5 4 -7.499939 13.03023 4 -7.499939 13.03023 4 -5.331695 7.725471 4 -5.331695 7.725471 4 0 5.5 4 0 5.5 4 0 5.5 4.000002 14.5 24.5 4.000002 14.5 24.5 4.000002 14.5 24.5 4.000001 -14.5 24.5 4.000001 -14.5 24.5 4.000001 -14.5 24.5 4.000001 -15.91418 23.91418 4.000001 -15.91418 23.91418 4.000001 -16.5 22.5 4.000001 -16.5 22.5 4.000001 -16.5 22.5 3.999999 -16.5 3.5 3.999999 -16.5 3.5 3.999999 -16.5 3.5 3.999999 -15.91418 2.085817 3.999999 -15.91418 2.085817 3.999999 -14.5 1.5 3.999999 -14.5 1.5 3.999999 -14.5 1.5 4 14.5 1.5 4 14.5 1.5 4 14.5 1.5 4 15.91418 2.085817 4 15.91418 2.085817 4.000001 16.5 3.5 4.000001 16.5 3.5 4.000001 16.5 3.5 4.000003 16.5 22.5 4.000003 16.5 22.5 4.000003 16.5 22.5 4.000002 15.91418 23.91418 4.000002 15.91418 23.91418 4.000001 5.331695 18.27453 4.000001 5.331695 18.27453 4.000001 7.499939 12.96977 4.000001 7.499939 12.96977 8.000003 14.5 24.5 8.000003 14.5 24.5 8.000003 14.5 24.5 8.000001 -14.5 24.5 8.000001 -14.5 24.5 8.000001 -14.5 24.5 8.000001 -18 25 8.000001 -18 25 8.000001 -18 25 7.999999 -18 0.499999 7.999999 -18 0.499999 7.999999 -18 0.499999 8 0 0.499999 8 0 0.499999 8.000001 18 0.499999 8.000001 18 0.499999 8.000001 18 0.499999 8.000003 18 25 8.000003 18 25 8.000003 18 25 8.000002 0 25 8.000002 0 25 8.000001 16.5 3.499999 8.000001 16.5 3.499999 8.000001 16.5 3.499999 8.000001 15.91418 2.085816 8.000001 15.91418 2.085816 8.000001 14.5 1.499999 8.000001 14.5 1.499999 8.000001 14.5 1.499999 8 -14.5 1.499999 8 -14.5 1.499999 8 -14.5 1.499999 8 -15.91418 2.085816 8 -15.91418 2.085816 7.999999 -16.5 3.499999 7.999999 -16.5 3.499999 7.999999 -16.5 3.499999 8.000001 -16.5 22.5 8.000001 -16.5 22.5 8.000001 -16.5 22.5 8.000001 -15.91418 23.91418 8.000001 -15.91418 23.91418 8.000003 15.91418 23.91418 8.000003 15.91418 23.91418 8.000003 16.5 22.5 8.000003 16.5 22.5 8.000003 16.5 22.5 8.585819 -19.41418 25 8.585819 -19.41418 25 10 -20 25 10 -20 25 10 -20 25 10 -20 0.499999 10 -20 0.499999 10 -20 0.499999 8.585817 -19.41418 0.499999 8.585817 -19.41418 0.499999 5e-6 69.25 25 5e-6 69.25 25 5e-6 69.25 25 -9.222609 68.63311 25 -9.222609 68.63311 25 -9.219997 40.75457 25 -9.219998 13.5842 25 -9.22 -13.58617 25 -9.220001 -40.75654 25 -9.226907 -68.63246 25 -9.226907 -68.63246 25 -10e-7 -69.25 25 -10e-7 -69.25 25 19.47289 -66.45561 25 19.47289 -66.45561 25 20.81495 -66.04763 25 20.81495 -66.04763 25 20.81 -42.92281 25 20.81 -20 25 20.81 -20 25 8.585821 19.41418 25 8.585821 19.41418 25 10 20 25 10 20 25 10 20 25 20.81 20 25 20.81 20 25 20.81 40.07366 25 20.77762 59.93817 25 20.77762 59.93817 25 19.91311 61.32334 25 19.91311 61.32334 25 20.19829 63.40388 25 20.19829 63.40388 25 20.78427 64.10659 25 20.78427 64.10659 25 20.82066 66.04586 25 20.82066 66.04586 25 19.50175 66.44728 25 19.50175 66.44728 25 37.42496 58.26607 25 37.42496 58.26607 25 37.42496 58.26607 25 23.94833 64.40129 25 23.94833 64.40129 25 23.94833 64.40129 25 25.23356 62.71609 25 25.23356 62.71609 25 24.94838 60.63554 25 24.94838 60.63554 25 21.19833 59.63814 25 21.19833 59.63814 25 21.19833 59.63814 25 33 20 25 33 20 25 50.84 20 25 50.84 20 25 50.84209 37.95221 25 50.84209 37.95221 25 50.35585 37.83226 25 50.35585 37.83226 25 48.08326 37.58325 25 48.08326 37.58325 25 48.08326 37.58325 25 39.22779 42.44149 25 39.22779 42.44149 25 38.56703 52.52075 25 38.56703 52.52075 25 38.56703 52.52075 25 38.88846 53.21005 25 38.88846 53.21005 25 38.88846 53.21005 25 39.10497 56.01245 25 39.10497 56.01245 25 -37.42495 58.26607 25 -37.42495 58.26607 25 -37.42495 58.26607 25 -39.10491 56.01263 25 -39.10491 56.01263 25 -38.88845 53.21005 25 -38.88845 53.21005 25 -38.88845 53.21005 25 -38.56702 52.52075 25 -38.56702 52.52075 25 -38.56702 52.52075 25 -39.24806 42.4098 25 -39.24806 42.4098 25 -39.25 14.14323 25 -39.25 -14.14303 25 -39.24807 -42.40977 25 -39.24807 -42.40977 25 -38.56703 -52.52075 25 -38.56703 -52.52075 25 -38.56703 -52.52075 25 -38.88846 -53.21005 25 -38.88846 -53.21005 25 -38.88846 -53.21005 25 -39.10497 -56.01245 25 -39.10497 -56.01245 25 -37.42496 -58.26607 25 -37.42496 -58.26607 25 -37.42496 -58.26607 25 -19.47289 -66.45561 25 -19.47289 -66.45561 25 -19.50174 66.44728 25 -19.50174 66.44728 25 -48.08326 37.58326 25 -48.08326 37.58326 25 -48.08326 37.58326 25 -50.35585 37.83227 25 -50.35585 37.83227 25 -52.52075 38.56703 25 -52.52075 38.56703 25 -52.52075 38.56703 25 -53.21005 38.88846 25 -53.21005 38.88846 25 -53.21005 38.88846 25 -54.03477 39.16837 25 -54.03477 39.16837 25 -54.90052 39.26322 25 -54.90052 39.26322 25 -54.90052 39.26322 25 -56.81737 38.77265 25 -56.81737 38.77265 25 -58.26607 37.42496 25 -58.26607 37.42496 25 -58.26607 37.42496 25 -66.45561 19.47289 25.00001 -66.45561 19.47289 25.00001 -69.25 3e-6 25.00001 -69.25 3e-6 25.00001 -66.45561 -19.47288 25.00001 -66.45561 -19.47288 25.00001 -58.26607 -37.42495 25 -58.26607 -37.42495 25 -58.26607 -37.42495 25 -56.01263 -39.10491 25 -56.01263 -39.10491 25 -53.21005 -38.88845 25 -53.21005 -38.88845 25 -53.21005 -38.88845 25 -52.52075 -38.56702 25 -52.52075 -38.56702 25 -52.52075 -38.56702 25 -50.35585 -37.83226 25 -50.35585 -37.83226 25 -48.08326 -37.58325 25 -48.08326 -37.58325 25 37.42495 -58.26607 25 37.42495 -58.26607 25 37.42495 -58.26607 25 39.10491 -56.01263 25 39.10491 -56.01263 25 38.88845 -53.21005 25 38.88845 -53.21005 25 38.88845 -53.21005 25 38.56702 -52.52075 25 38.56702 -52.52075 25 38.56702 -52.52075 25 39.2276 -42.44179 25 39.2276 -42.44179 25 48.08326 -37.58326 25 48.08326 -37.58326 25 50.35585 -37.83227 25 50.35585 -37.83227 25 50.84209 -37.95222 25 50.84209 -37.95222 25 50.84 -20 25 50.84 -20 25 33 -20 25 33 -20 25 52.52075 -38.56703 25 52.52075 -38.56703 25 52.52075 -38.56703 25 53.21005 -38.88846 25 53.21005 -38.88846 25 53.21005 -38.88846 25 56.01245 -39.10497 25 56.01245 -39.10497 25 58.26607 -37.42496 25 58.26607 -37.42496 25 58.26607 -37.42496 25 66.45561 -19.47289 25 66.45561 -19.47289 25 69.25 -3e-6 25 69.25 -3e-6 25 66.45561 19.47288 25 66.45561 19.47288 25 58.26607 37.42495 25 58.26607 37.42495 25 58.26607 37.42495 25 56.81737 38.77264 25 56.81737 38.77264 25 54.90052 39.26322 25 54.90052 39.26322 25 54.90052 39.26322 25 54.03477 39.16836 25 54.03477 39.16836 25 53.21005 38.88845 25 53.21005 38.88845 25 53.21005 38.88845 25 52.52075 38.56702 25 52.52075 38.56702 25 52.52075 38.56702 25 56 20 25 56 20 25 56 20 25 57.41418 19.41418 25 57.41418 19.41418 25 58 18 25 58 18 25 58 18 25 58 -3e-6 25 58 -3e-6 25 58 -18 25 58 -18 25 58 -18 25 57.41418 -19.41419 25 57.41418 -19.41419 25 56 -20 25 56 -20 25 56 -20 25 59.63814 23.94833 25 59.63814 23.94833 25 59.63814 23.94833 25 61.32334 25.23356 25 61.32334 25.23356 25 63.40388 24.94837 25 63.40388 24.94837 25 64.40129 21.19833 25 64.40129 21.19833 25 64.40129 21.19833 25 62.71609 19.9131 25 62.71609 19.9131 25 60.63554 20.19828 25 60.63554 20.19828 25 37.42496 58.26607 30 37.42496 58.26607 30 37.42496 58.26607 30 19.50175 66.44728 30 19.50175 66.44728 30 5e-6 69.25 30 5e-6 69.25 30 5e-6 69.25 30 -19.50174 66.44728 30 -19.50174 66.44728 30 -37.42494 58.26607 30 -37.42494 58.26607 30 -37.42494 58.26607 30 38.88846 53.21005 30 38.88846 53.21005 30 38.88846 53.21005 30 39.17918 53.83349 30 39.17918 53.83349 30 39.17918 53.83349 30 39.42409 54.55512 30 39.42409 54.55512 30 39.5071 55.31265 30 39.5071 55.31265 30 39.5071 55.31265 30 39.08297 56.98052 30 39.08297 56.98052 30 37.91656 58.2459 30 37.91656 58.2459 30 37.91656 58.2459 30 19.74587 66.63579 30 19.74587 66.63579 30 5e-6 69.5 30 5e-6 69.5 30 -19.74585 66.63579 30 -19.74585 66.63579 30 -37.91655 58.2459 30 -37.91655 58.2459 30 -37.91655 58.2459 30 -39.37198 56.27552 30 -39.37198 56.27552 30 -39.17916 53.83349 30 -39.17916 53.83349 30 -39.17916 53.83349 30 -38.88845 53.21005 30 -38.88845 53.21005 30 -38.88845 53.21005 30 -39.10496 56.01245 30 -39.10496 56.01245 30 39.10492 56.01263 30 39.10492 56.01263 30 38.88846 53.21005 28.36602 38.88846 53.21005 28.36602 38.88846 53.21005 28.36602 38.88846 53.21005 28.36602 38.56703 52.52075 28.36602 38.56703 52.52075 28.36602 38.56703 52.52075 28.36602 38.56703 52.52075 28.36602 48.08326 37.58325 28.36602 48.08326 37.58325 28.36602 48.08326 37.58325 28.36602 40.65864 40.65864 28.36602 40.65864 40.65864 28.36602 37.58327 48.08326 28.36602 37.58327 48.08326 28.36602 37.58327 48.08326 28.36602 37.83216 50.35588 28.36602 37.83216 50.35588 28.36602 52.52075 38.56702 28.36602 52.52075 38.56702 28.36602 52.52075 38.56702 28.36602 52.52075 38.56702 28.36602 50.35588 37.83215 28.36602 50.35588 37.83215 28.36602 53.21006 38.88845 28.36602 53.21006 38.88845 28.36602 53.21006 38.88845 28.36602 53.21006 38.88845 28.36602 54.90053 39.26322 30 54.90053 39.26322 30 54.90053 39.26322 30 54.03478 39.16836 30 54.03478 39.16836 30 53.21006 38.88845 30 53.21006 38.88845 30 53.21006 38.88845 30 58.26608 37.42495 30 58.26608 37.42495 30 58.26608 37.42495 30 66.45561 19.47288 30 66.45561 19.47288 30 69.25 -3e-6 30 69.25 -3e-6 30 66.45561 -19.47289 30 66.45561 -19.47289 30 58.26608 -37.42496 30 58.26608 -37.42496 30 58.26608 -37.42496 30 56.01263 -39.10492 30 56.01263 -39.10492 30 53.21006 -38.88846 30 53.21006 -38.88846 30 53.21006 -38.88846 30 53.83349 -39.17917 30 53.83349 -39.17917 30 53.83349 -39.17917 30 56.27552 -39.37199 30 56.27552 -39.37199 30 58.2459 -37.91656 30 58.2459 -37.91656 30 58.2459 -37.91656 30 66.62707 -19.77574 30 66.62707 -19.77574 30 69.5 -3e-6 30 69.5 -3e-6 30 69.5 -3e-6 30 66.62707 19.77573 30 66.62707 19.77573 30 58.2459 37.91655 30 58.2459 37.91655 30 58.2459 37.91655 30 56.27552 39.37198 30 56.27552 39.37198 30 53.83349 39.17916 30 53.83349 39.17916 30 53.83349 39.17916 30 56.81738 38.77264 30 56.81738 38.77264 30 53.21006 -38.88846 28.36602 53.21006 -38.88846 28.36602 53.21006 -38.88846 28.36602 53.21006 -38.88846 28.36602 52.52075 -38.56703 28.36602 52.52075 -38.56703 28.36602 52.52075 -38.56703 28.36602 52.52075 -38.56703 28.36602 38.56703 -52.52075 28.36602 38.56703 -52.52075 28.36602 38.56703 -52.52075 28.36602 38.56703 -52.52075 28.36602 37.83215 -50.35588 28.36602 37.83215 -50.35588 28.36602 37.58326 -48.08326 28.36602 37.58326 -48.08326 28.36602 37.58326 -48.08326 28.36602 40.65864 -40.65864 28.36602 40.65864 -40.65864 28.36602 48.08326 -37.58326 28.36602 48.08326 -37.58326 28.36602 50.35588 -37.83216 28.36602 50.35588 -37.83216 28.36602 38.88845 -53.21005 28.36602 38.88845 -53.21005 28.36602 38.88845 -53.21005 28.36602 38.88845 -53.21005 28.36602 37.42495 -58.26607 30 37.42495 -58.26607 30 37.42495 -58.26607 30 39.10497 -56.01245 30 39.10497 -56.01245 30 38.88845 -53.21005 30 38.88845 -53.21005 30 38.88845 -53.21005 30 -37.42495 -58.26607 30 -37.42495 -58.26607 30 -37.42495 -58.26607 30 -19.47289 -66.45561 30 -19.47289 -66.45561 30 -10e-7 -69.25 30 -10e-7 -69.25 30 19.47289 -66.45561 30 19.47289 -66.45561 30 -38.88845 -53.21005 30 -38.88845 -53.21005 30 -38.88845 -53.21005 30 -39.10491 -56.01263 30 -39.10491 -56.01263 30 -38.88845 -53.21005 28.36603 -38.88845 -53.21005 28.36603 -38.88845 -53.21005 28.36603 -38.88845 -53.21005 28.36603 -39.17917 -53.83349 30 -39.17917 -53.83349 30 -39.17917 -53.83349 30 -39.37199 -56.27552 30 -39.37199 -56.27552 30 -37.91656 -58.2459 30 -37.91656 -58.2459 30 -37.91656 -58.2459 30 -19.74586 -66.63579 30 -19.74586 -66.63579 30 -10e-7 -69.5 30 -10e-7 -69.5 30 19.74586 -66.63579 30 19.74586 -66.63579 30 37.91656 -58.2459 30 37.91656 -58.2459 30 37.91656 -58.2459 30 39.08296 -56.98052 30 39.08296 -56.98052 30 39.50709 -55.31265 30 39.50709 -55.31265 30 39.50709 -55.31265 30 39.42409 -54.55512 30 39.42409 -54.55512 30 39.17917 -53.83349 30 39.17917 -53.83349 30 39.17917 -53.83349 30 -39.17917 -53.83349 28.36603 -39.17917 -53.83349 28.36603 -39.17917 -53.83349 28.36603 -39.17917 -53.83349 28.36603 -38.56703 -52.52075 28.36603 -38.56703 -52.52075 28.36603 -38.56703 -52.52075 28.36603 -38.56703 -52.52075 28.36603 -38.89876 -52.36606 28 -38.89876 -52.36606 28 -39.02018 -52.30944 27.5 -39.02018 -52.30944 27.5 -39.02018 -52.30944 27.5 -39.02018 -52.30944 27.5 -39.63232 -53.62218 27.5 -39.63232 -53.62218 27.5 -39.63232 -53.62218 27.5 -39.63232 -53.62218 27.5 -39.5109 -53.6788 28 -39.5109 -53.6788 28 -52.52075 -38.56702 28.36603 -52.52075 -38.56702 28.36603 -52.52075 -38.56702 28.36603 -52.52075 -38.56702 28.36603 -50.35587 -37.83215 28.36603 -50.35587 -37.83215 28.36603 -48.08325 -37.58325 28.36603 -48.08325 -37.58325 28.36603 -40.65864 -40.65864 28.36603 -40.65864 -40.65864 28.36603 -37.58326 -48.08326 28.36603 -37.58326 -48.08326 28.36603 -37.83215 -50.35588 28.36603 -37.83215 -50.35588 28.36603 -53.21005 -38.88845 28.36603 -53.21005 -38.88845 28.36603 -53.21005 -38.88845 28.36603 -53.21005 -38.88845 28.36603 -58.26607 -37.42495 30 -58.26607 -37.42495 30 -58.26607 -37.42495 30 -56.01244 -39.10496 30 -56.01244 -39.10496 30 -53.21005 -38.88845 30 -53.21005 -38.88845 30 -53.21005 -38.88845 30 -58.26607 37.42496 30 -58.26607 37.42496 30 -58.26607 37.42496 30 -66.45561 19.47289 30.00001 -66.45561 19.47289 30.00001 -69.25 3e-6 30.00001 -69.25 3e-6 30.00001 -66.45561 -19.47288 30.00001 -66.45561 -19.47288 30.00001 -54.90052 39.26322 30 -54.90052 39.26322 30 -54.90052 39.26322 30 -56.81737 38.77265 30 -56.81737 38.77265 30 -54.03477 39.16837 30 -54.03477 39.16837 30 -53.21005 38.88846 30 -53.21005 38.88846 30 -53.21005 38.88846 30 -53.83348 39.17917 30 -53.83348 39.17917 30 -53.83348 39.17917 30 -56.27551 39.37199 30 -56.27551 39.37199 30 -58.24589 37.91656 30 -58.24589 37.91656 30 -58.24589 37.91656 30 -66.63579 19.74586 30.00001 -66.63579 19.74586 30.00001 -69.5 3e-6 30.00001 -69.5 3e-6 30.00001 -66.63579 -19.74586 30.00001 -66.63579 -19.74586 30.00001 -58.24589 -37.91655 30 -58.24589 -37.91655 30 -58.24589 -37.91655 30 -56.27551 -39.37198 30 -56.27551 -39.37198 30 -53.83348 -39.17916 30 -53.83348 -39.17916 30 -53.83348 -39.17916 30 -53.21005 38.88846 28.36603 -53.21005 38.88846 28.36603 -53.21005 38.88846 28.36603 -53.21005 38.88846 28.36603 -52.52075 38.56703 28.36603 -52.52075 38.56703 28.36603 -52.52075 38.56703 28.36603 -52.52075 38.56703 28.36603 -48.08325 37.58326 28.36603 -48.08325 37.58326 28.36603 -48.08325 37.58326 28.36603 -50.35587 37.83216 28.36603 -50.35587 37.83216 28.36603 -38.56702 52.52075 28.36603 -38.56702 52.52075 28.36603 -38.56702 52.52075 28.36603 -38.56702 52.52075 28.36603 -37.83214 50.35588 28.36603 -37.83214 50.35588 28.36603 -37.58325 48.08326 28.36603 -37.58325 48.08326 28.36603 -40.65864 40.65864 28.36603 -40.65864 40.65864 28.36603 -38.88845 53.21005 28.36603 -38.88845 53.21005 28.36603 -38.88845 53.21005 28.36603 -38.88845 53.21005 28.36603 -39.17916 53.83349 28.36603 -39.17916 53.83349 28.36603 -39.17916 53.83349 28.36603 -39.17916 53.83349 28.36603 -39.50708 55.31265 28.36603 -39.50708 55.31265 28.36603 -39.50708 55.31265 28.36603 -39.42412 54.55511 28.36603 -39.42412 54.55511 28.36603 -37.91655 58.2459 28.36603 -37.91655 58.2459 28.36603 -37.91655 58.2459 28.36603 -37.91655 58.2459 28.36603 -39.08386 56.98101 28.36603 -39.08386 56.98101 28.36603 -40.00708 55.31265 27.5 -40.00708 55.31265 27.5 -40.00708 55.31265 27.5 -40.00708 55.31265 27.5 -39.91226 54.44689 27.5 -39.91226 54.44689 27.5 -39.63231 53.62218 27.5 -39.63231 53.62218 27.5 -39.63231 53.62218 27.5 -39.63231 53.62218 27.5 -39.51089 53.6788 28 -39.51089 53.6788 28 -39.87311 55.31265 28 -39.87311 55.31265 28 -38.11624 58.55265 28 -38.11624 58.55265 28 -38.18933 58.66493 27.5 -38.18933 58.66493 27.5 -38.18933 58.66493 27.5 -38.18933 58.66493 27.5 -39.5234 57.21935 27.5 -39.5234 57.21935 27.5 37.91656 58.2459 28.36602 37.91656 58.2459 28.36602 37.91656 58.2459 28.36602 37.91656 58.2459 28.36602 38.11625 58.55265 28 38.11625 58.55265 28 38.18935 58.66493 27.5 38.18935 58.66493 27.5 38.18935 58.66493 27.5 38.18935 58.66493 27.5 19.91802 67.10643 27.5 19.91802 67.10643 27.5 5e-6 70 27.5 5e-6 70 27.5 -19.91801 67.10643 27.5 -19.91801 67.10643 27.5 -19.77491 66.62734 28.36603 -19.77491 66.62734 28.36603 5e-6 69.5 28.36603 5e-6 69.5 28.36603 19.77492 66.62734 28.36602 19.77492 66.62734 28.36602 39.5071 55.31265 28.36602 39.5071 55.31265 28.36602 39.5071 55.31265 28.36602 39.08388 56.98101 28.36602 39.08388 56.98101 28.36602 39.42413 54.55511 28.36602 39.42413 54.55511 28.36602 39.17918 53.83349 28.36602 39.17918 53.83349 28.36602 39.17918 53.83349 28.36602 39.17918 53.83349 28.36602 39.51091 53.6788 28 39.51091 53.6788 28 39.63233 53.62218 27.5 39.63233 53.62218 27.5 39.63233 53.62218 27.5 39.63233 53.62218 27.5 39.91228 54.44689 27.5 39.91228 54.44689 27.5 40.0071 55.31265 27.5 40.0071 55.31265 27.5 39.52342 57.21935 27.5 39.52342 57.21935 27.5 38.89877 52.36606 28 38.89877 52.36606 28 39.02019 52.30944 27.5 39.02019 52.30944 27.5 39.02019 52.30944 27.5 39.02019 52.30944 27.5 37.94929 48.08326 28 37.94929 48.08326 28 38.08327 48.08326 27.5 38.08327 48.08326 27.5 38.08327 48.08326 27.5 38.08327 48.08326 27.5 38.32031 50.24766 27.5 38.32031 50.24766 27.5 42.71027 39.64934 27.5 42.71027 39.64934 27.5 52.30945 39.02018 27.5 52.30945 39.02018 27.5 52.30945 39.02018 27.5 52.30945 39.02018 27.5 52.36606 38.89876 28 52.36606 38.89876 28 53.83349 39.17916 28.36602 53.83349 39.17916 28.36602 53.83349 39.17916 28.36602 53.83349 39.17916 28.36602 53.6788 39.51089 28 53.6788 39.51089 28 53.62218 39.63232 27.5 53.62218 39.63232 27.5 53.62218 39.63232 27.5 53.62218 39.63232 27.5 58.2459 37.91655 28.36602 58.2459 37.91655 28.36602 58.2459 37.91655 28.36602 58.2459 37.91655 28.36602 56.27553 39.37203 28.36602 56.27553 39.37203 28.36602 58.55266 38.11624 28 58.55266 38.11624 28 58.66493 38.18933 27.5 58.66493 38.18933 27.5 58.66493 38.18933 27.5 58.66493 38.18933 27.5 56.41308 39.85274 27.5 56.41308 39.85274 27.5 69.5 -3e-6 28.36602 69.5 -3e-6 28.36602 69.5 -3e-6 28.36602 66.6271 -19.77575 28.36602 66.6271 -19.77575 28.36602 58.2459 -37.91656 28.36602 58.2459 -37.91656 28.36602 58.2459 -37.91656 28.36602 58.2459 -37.91656 28.36602 58.55266 -38.11625 28 58.55266 -38.11625 28 58.66493 -38.18934 27.5 58.66493 -38.18934 27.5 58.66493 -38.18934 27.5 58.66493 -38.18934 27.5 67.10643 -19.91802 27.5 67.10643 -19.91802 27.5 70 -3e-6 27.5 70 -3e-6 27.5 67.10643 19.91801 27.5 67.10643 19.91801 27.5 66.6271 19.77574 28.36602 66.6271 19.77574 28.36602 53.83349 -39.17917 28.36602 53.83349 -39.17917 28.36602 53.83349 -39.17917 28.36602 53.83349 -39.17917 28.36602 56.27553 -39.37204 28.36602 56.27553 -39.37204 28.36602 53.6788 -39.5109 28 53.6788 -39.5109 28 53.62218 -39.63232 27.5 53.62218 -39.63232 27.5 53.62218 -39.63232 27.5 53.62218 -39.63232 27.5 56.41308 -39.85275 27.5 56.41308 -39.85275 27.5 52.36606 -38.89876 28 52.36606 -38.89876 28 52.30945 -39.02019 27.5 52.30945 -39.02019 27.5 52.30945 -39.02019 27.5 52.30945 -39.02019 27.5 37.94929 -48.08326 28 37.94929 -48.08326 28 38.08326 -48.08326 27.5 38.08326 -48.08326 27.5 38.08326 -48.08326 27.5 38.08326 -48.08326 27.5 42.71027 -39.64934 27.5 42.71027 -39.64934 27.5 38.3203 -50.24766 27.5 38.3203 -50.24766 27.5 39.02018 -52.30944 27.5 39.02018 -52.30944 27.5 39.02018 -52.30944 27.5 39.02018 -52.30944 27.5 38.89876 -52.36606 28 38.89876 -52.36606 28 39.17917 -53.83349 28.36602 39.17917 -53.83349 28.36602 39.17917 -53.83349 28.36602 39.17917 -53.83349 28.36602 39.5109 -53.6788 28 39.5109 -53.6788 28 39.63232 -53.62218 27.5 39.63232 -53.62218 27.5 39.63232 -53.62218 27.5 39.63232 -53.62218 27.5 39.50709 -55.31265 28.36602 39.50709 -55.31265 28.36602 39.50709 -55.31265 28.36602 39.42412 -54.55511 28.36602 39.42412 -54.55511 28.36602 39.08387 -56.98101 28.36602 39.08387 -56.98101 28.36602 37.91656 -58.2459 28.36602 37.91656 -58.2459 28.36602 37.91656 -58.2459 28.36602 37.91656 -58.2459 28.36602 38.11624 -58.55265 28 38.11624 -58.55265 28 38.18934 -58.66493 27.5 38.18934 -58.66493 27.5 38.18934 -58.66493 27.5 38.18934 -58.66493 27.5 39.52341 -57.21935 27.5 39.52341 -57.21935 27.5 40.00709 -55.31265 27.5 40.00709 -55.31265 27.5 39.91227 -54.44689 27.5 39.91227 -54.44689 27.5 -37.91656 -58.2459 28.36603 -37.91656 -58.2459 28.36603 -37.91656 -58.2459 28.36603 -37.91656 -58.2459 28.36603 -19.77492 -66.62734 28.36603 -19.77492 -66.62734 28.36603 -10e-7 -69.5 28.36603 -10e-7 -69.5 28.36603 19.77491 -66.62734 28.36602 19.77491 -66.62734 28.36602 -38.11624 -58.55265 28 -38.11624 -58.55265 28 -38.18934 -58.66493 27.5 -38.18934 -58.66493 27.5 -38.18934 -58.66493 27.5 -38.18934 -58.66493 27.5 -19.91802 -67.10643 27.5 -19.91802 -67.10643 27.5 -10e-7 -70 27.5 -10e-7 -70 27.5 19.91801 -67.10643 27.5 19.91801 -67.10643 27.5 -40.00709 -55.31265 27.5 -40.00709 -55.31265 27.5 -40.00709 -55.31265 27.5 -40.00709 -55.31265 27.5 -39.52341 -57.21935 27.5 -39.52341 -57.21935 27.5 -39.08387 -56.98101 28.36603 -39.08387 -56.98101 28.36603 -39.50709 -55.31265 28.36603 -39.50709 -55.31265 28.36603 -39.50709 -55.31265 28.36603 -39.87311 -55.31265 28 -39.87311 -55.31265 28 -39.91227 -54.44689 27.5 -39.91227 -54.44689 27.5 -39.42412 -54.55511 28.36603 -39.42412 -54.55511 28.36603 -38.3203 -50.24766 27.5 -38.3203 -50.24766 27.5 -38.08326 -48.08326 27.5 -38.08326 -48.08326 27.5 -42.71026 -39.64934 27.5 -42.71026 -39.64934 27.5 -52.30944 -39.02018 27.5 -52.30944 -39.02018 27.5 -52.30944 -39.02018 27.5 -52.30944 -39.02018 27.5 -53.62217 -39.63232 27.5 -53.62217 -39.63232 27.5 -53.62217 -39.63232 27.5 -53.62217 -39.63232 27.5 -56.41308 -39.85274 27.5 -56.41308 -39.85274 27.5 -58.66493 -38.18933 27.5 -58.66493 -38.18933 27.5 -58.66493 -38.18933 27.5 -58.66493 -38.18933 27.5 -70 3e-6 25.00001 -70 3e-6 25.00001 -70 3e-6 25.00001 -69.80204 -5.260863 25.00001 -69.80204 -5.260863 25.00001 -69.20803 -10.5 25.00001 -69.20803 -10.5 25.00001 -69.20803 -10.5 25.00001 -68.97729 -11.92198 24.40635 -68.97729 -11.92198 24.40635 -68.87489 -12.5 23.00001 -68.87489 -12.5 23.00001 -68.87489 -12.5 23.00001 -67.10643 -19.91801 27.50001 -67.10643 -19.91801 27.50001 -70 3e-6 27.50001 -70 3e-6 27.50001 -70 3e-6 27.50001 -70 3e-6 27.50001 -67.10643 19.91802 27.50001 -67.10643 19.91802 27.50001 -58.66493 38.18934 27.5 -58.66493 38.18934 27.5 -58.66493 38.18934 27.5 -58.66493 38.18934 27.5 -68.87489 12.5 23.00001 -68.87489 12.5 23.00001 -68.87489 12.5 23.00001 -68.97867 11.914 24.41443 -68.97867 11.914 24.41443 -69.20803 10.5 25.00001 -69.20803 10.5 25.00001 -69.20803 10.5 25.00001 -69.80165 5.266012 25.00001 -69.80165 5.266012 25.00001 -58.24589 37.91656 28.36603 -58.24589 37.91656 28.36603 -58.24589 37.91656 28.36603 -58.24589 37.91656 28.36603 -58.55265 38.11625 28 -58.55265 38.11625 28 -69.86603 3e-6 28.00001 -69.86603 3e-6 28.00001 -69.5 3e-6 28.36603 -69.5 3e-6 28.36603 -69.5 3e-6 28.36603 -66.6271 19.77575 28.36603 -66.6271 19.77575 28.36603 -66.6271 -19.77574 28.36603 -66.6271 -19.77574 28.36603 -58.24589 -37.91655 28.36603 -58.24589 -37.91655 28.36603 -58.24589 -37.91655 28.36603 -58.24589 -37.91655 28.36603 -58.55265 -38.11624 28 -58.55265 -38.11624 28 -53.67879 -39.51089 28 -53.67879 -39.51089 28 -53.83348 -39.17916 28.36603 -53.83348 -39.17916 28.36603 -53.83348 -39.17916 28.36603 -53.83348 -39.17916 28.36603 -56.27553 -39.37203 28.36603 -56.27553 -39.37203 28.36603 -52.36606 -38.89876 28 -52.36606 -38.89876 28 -53.83348 39.17917 28.36603 -53.83348 39.17917 28.36603 -53.83348 39.17917 28.36603 -53.83348 39.17917 28.36603 -56.27553 39.37204 28.36603 -56.27553 39.37204 28.36603 -53.67879 39.5109 28 -53.67879 39.5109 28 -53.62217 39.63232 27.5 -53.62217 39.63232 27.5 -53.62217 39.63232 27.5 -53.62217 39.63232 27.5 -56.41308 39.85275 27.5 -56.41308 39.85275 27.5 -52.36606 38.89876 28 -52.36606 38.89876 28 -52.30944 39.02019 27.5 -52.30944 39.02019 27.5 -52.30944 39.02019 27.5 -52.30944 39.02019 27.5 -38.89875 52.36606 28 -38.89875 52.36606 28 -39.02017 52.30944 27.5 -39.02017 52.30944 27.5 -39.02017 52.30944 27.5 -39.02017 52.30944 27.5 -38.32029 50.24766 27.5 -38.32029 50.24766 27.5 -38.08325 48.08326 27.5 -38.08325 48.08326 27.5 -42.71026 39.64934 27.5 -42.71026 39.64934 27.5 -70.5 10.53545 23.00001 -70.5 10.53545 23.00001 -70.5 10.53545 23.00001 -70.05413 11.79429 23.00001 -70.05413 11.79429 23.00001 -70.5 7.362344 12.06964 -70.5 7.362344 12.06964 -70.5 7.362344 12.06964 -70.5 7.465506 12.78152 -70.5 7.465506 12.78152 -70.5 7.500003 13.50001 -70.5 7.500003 13.50001 -70.5 7.500003 13.50001 -70.5 5.274531 18.8317 -70.5 5.274531 18.8317 -70.5 -0.03022795 20.99995 -70.5 -0.03022795 20.99995 -70.5 -7.499997 13.50001 -70.5 -7.499997 13.50001 -70.5 -7.499997 13.50001 -70.5 -7.4655 12.78152 -70.5 -7.4655 12.78152 -70.5 -10.53545 23.00001 -70.5 -10.53545 23.00001 -70.5 -10.53545 23.00001 -70.5 -10.494 23.08934 -70.5 -10.494 23.08934 -70.5 -10.39258 23.13261 -70.5 -10.39258 23.13261 -70.5 -10.39258 23.13261 -70.5 -4.74e-4 23.67714 -70.5 -4.74e-4 23.67714 -70.5 10.39258 23.13261 -70.5 10.39258 23.13261 -70.5 10.39258 23.13261 -70.5 10.49308 23.09053 -70.5 10.49308 23.09053 -70.5 6.000003 6.135667 -70.5 6.000003 6.135667 -70.5 6.000003 6.135667 -70.5 7.309564 8.958005 -70.5 7.309564 8.958005 -73.5 7.351977 12.01728 -73.5 7.351977 12.01728 -73.5 7.351977 12.01728 -73.5 6.000003 6.030905 -73.5 6.000003 6.030905 -73.5 6.000003 6.030905 -73.5 7.315495 8.879282 -73.5 7.315495 8.879282 -74.45804 7.499941 10.50019 -74.45804 7.499941 10.50019 -63.60753 6.495194 7.126814 -63.86928 6.495194 14.62224 -33.59582 6.495193 8.174844 -33.85757 6.495193 15.67027 -3.744974 7.5 12.96954 -3.744974 7.5 12.96954 -1.999999 7.5 13 -1.999999 7.5 13 -73.5 7.462901 12.75496 -73.5 7.462901 12.75496 -73.5 7.500003 13.50001 -73.5 7.500003 13.50001 -73.5 7.500003 13.50001 -73.5 0.03023397 20.99995 -73.5 0.03023397 20.99995 -73.5 -5.274525 18.8317 -73.5 -5.274525 18.8317 -73.5 -7.499997 13.50001 -73.5 -7.499997 13.50001 -73.5 -7.499997 13.50001 -73.5 -7.462894 12.75496 -73.5 -7.462894 12.75496 -70.02784 -11.82607 23.00001 -70.02784 -11.82607 23.00001 -70.15254 -10.45727 24.2573 -70.15254 -10.45727 24.2573 -70.15254 10.45728 24.2573 -70.15254 10.45728 24.2573 21.19833 59.63814 22.375 21.19833 59.63814 22.375 21.19833 59.63814 22.375 21.19833 59.63814 22.375 20.19176 63.39471 22.375 20.19176 63.39471 22.375 23.94833 64.40129 22.375 23.94833 64.40129 22.375 23.94833 64.40129 22.375 23.94833 64.40129 22.375 24.9549 60.64471 22.375 24.9549 60.64471 22.375 23.76083 64.07653 22 23.76083 64.07653 22 23.76083 64.07653 22 24.63471 60.8403 22 24.63471 60.8403 22 23.20245 59.72959 22 23.20245 59.72959 22 21.38583 59.9629 22 21.38583 59.9629 22 21.38583 59.9629 22 21.25325 59.73326 22.10983 21.25325 59.73326 22.10983 23.89342 64.30616 22.10983 23.89342 64.30616 22.10983 21.94422 64.30983 22 21.94422 64.30983 22 20.51195 63.19913 22 20.51195 63.19913 22 64.40129 21.19833 22.375 64.40129 21.19833 22.375 64.40129 21.19833 22.375 64.40129 21.19833 22.375 60.64471 20.19176 22.375 60.64471 20.19176 22.375 59.63814 23.94833 22.375 59.63814 23.94833 22.375 59.63814 23.94833 22.375 59.63814 23.94833 22.375 63.39471 24.9549 22.375 63.39471 24.9549 22.375 59.73326 23.89341 22.10983 59.73326 23.89341 22.10983 59.9629 23.76083 22 59.9629 23.76083 22 59.9629 23.76083 22 63.19913 24.63471 22 63.19913 24.63471 22 64.30983 23.20244 22 64.30983 23.20244 22 64.07653 21.38583 22 64.07653 21.38583 22 64.07653 21.38583 22 64.30616 21.25325 22.10983 64.30616 21.25325 22.10983 60.8403 20.51195 22 60.8403 20.51195 22 59.72959 21.94421 22 59.72959 21.94421 22 58 18 0.499996 58 18 0.499996 58 18 0.499996 58 -3e-6 0.499996 58 -3e-6 0.499996 58 -18 0.499996 58 -18 0.499996 58 -18 0.499996 56 20 0.499996 56 20 0.499996 56 20 0.499996 57.41418 19.41418 0.499996 57.41418 19.41418 0.499996 10 20 0.499999 10 20 0.499999 10 20 0.499999 33 20 0.499997 33 20 0.499997 8.585819 19.41418 0.499999 8.585819 19.41418 0.499999 33 -20 0.499997 33 -20 0.499997 56 -20 0.499996 56 -20 0.499996 56 -20 0.499996 57.41418 -19.41419 0.499996 57.41418 -19.41419 0.499996 -53.58325 48.08326 6.000004 -53.58325 48.08326 6.000004 -53.58325 48.08326 6.000004 -51.96677 51.97792 6.000004 -51.96677 51.97792 6.000004 -48.10498 53.58316 6.000004 -48.10498 53.58316 6.000004 -44.22306 52.00104 6.000003 -44.22306 52.00104 6.000003 -42.58325 48.08326 6.000003 -42.58325 48.08326 6.000003 -42.58325 48.08326 6.000003 -48.06153 42.58337 6.000004 -48.06153 42.58337 6.000004 -51.94345 44.16549 6.000004 -51.94345 44.16549 6.000004 -52.33325 48.08326 6.000004 -52.33325 48.08326 6.000004 -52.33325 48.08326 6.000004 -51.06472 51.11117 6.000004 -51.06472 51.11117 6.000004 -48.06647 52.33318 6.000004 -48.06647 52.33318 6.000004 -43.83325 48.08326 6.000003 -43.83325 48.08326 6.000003 -43.83325 48.08326 6.000003 -48.08325 43.83331 6.000004 -48.08325 43.83331 6.000004 42.58325 -48.08326 5.999997 42.58325 -48.08326 5.999997 42.58325 -48.08326 5.999997 44.19974 -44.18861 5.999997 44.19974 -44.18861 5.999997 48.06153 -42.58337 5.999996 48.06153 -42.58337 5.999996 51.94345 -44.16549 5.999996 51.94345 -44.16549 5.999996 53.58325 -48.08326 5.999996 53.58325 -48.08326 5.999996 53.58325 -48.08326 5.999996 51.96677 -51.97792 5.999996 51.96677 -51.97792 5.999996 48.10498 -53.58316 5.999996 48.10498 -53.58316 5.999996 44.22306 -52.00104 5.999997 44.22306 -52.00104 5.999997 43.83325 -48.08326 5.999997 43.83325 -48.08326 5.999997 43.83325 -48.08326 5.999997 45.10179 -45.05536 5.999997 45.10179 -45.05536 5.999997 48.10005 -43.83335 5.999996 48.10005 -43.83335 5.999996 52.33325 -48.08326 5.999996 52.33325 -48.08326 5.999996 52.33325 -48.08326 5.999996 51.05403 -51.12147 5.999996 51.05403 -51.12147 5.999996 48.05622 -52.33313 5.999996 48.05622 -52.33313 5.999996 54.90051 39.26341 30 54.90051 39.26341 30 -54.9005 39.26342 30 -54.9005 39.26342 30</float_array>
          <technique_common>
            <accessor source="#_-mesh-positions-array" count="2844" stride="3">
              <param name="X" type="float"/>
              <param name="Y" type="float"/>
              <param name="Z" type="float"/>
            </accessor>
          </technique_common>
        </source>
        <source id="_-mesh-normals">
          <float_array id="_-mesh-normals-array" count="16062">0 0 1 1.35601e-6 -1 -6.79641e-6 1.35601e-6 -1 0 -0.4760949 -0.8793939 9.6038e-6 0.3826059 -0.9239117 -1.73151e-5 0.05316388 -0.9985858 -5.48363e-6 -4.67449e-5 -1 -1.02222e-5 -1.08778e-5 -1 0 0.382596 -0.9239159 -8.6315e-6 -1.08778e-5 -1 -5.39336e-6 -0.3827034 -0.9238713 -1.96695e-5 -0.4760953 -0.8793938 1.09077e-5 -0.5016025 -0.8650982 -5.804e-6 -0.3826934 -0.9238755 1.54078e-5 1.6842e-5 -1 1.23829e-5 -0.4760928 -0.8793951 -2.42889e-5 3.68065e-7 -2.57388e-7 1 6.54299e-7 0 1 0 2.56586e-7 1 -0.3826957 0.9238744 -1.44988e-5 -0.4740981 0.8804721 5.0962e-6 6.96629e-7 1 -1.67787e-5 -2.81756e-7 0 1 -7.79035e-6 0 1 -0.7071219 0.7070918 9.59635e-6 -0.5000923 0.8659722 -1.75238e-5 -0.4740982 0.880472 -8.01682e-6 -0.3826104 0.9239098 1.81049e-5 -0.7071222 0.7070915 5.51343e-7 -0.4740775 0.8804833 6.00517e-6 -2.98396e-6 1 2.13462e-6 -2.98396e-6 1 0 0.05308771 0.9985899 2.84985e-7 -0.3825959 0.9239158 -8.63522e-6 1.08778e-5 1 -5.39336e-6 1.08778e-5 1 0 0.3826922 0.9238759 2.22921e-5 0.05310159 0.9985892 -9.05991e-6 0.5015875 0.865107 -2.27392e-5 0.3826771 0.9238822 1.19507e-5 -3.62098e-6 1 9.18657e-6 0.0530923 0.9985896 1.13323e-5 2.58282e-7 0 1 -5.78779e-7 0 1 2.72107e-7 0 1 5.63949e-7 0 1 0.3826833 -0.9238796 -1.57654e-5 0.5000629 -0.8659891 3.54648e-6 0.05328762 -0.9985792 -9.56655e-6 0.707094 -0.7071196 4.02331e-6 0.580702 -0.8141162 -1.29938e-5 0.5000677 -0.8659864 8.22544e-6 0.382694 -0.9238753 1.37091e-6 0.7070959 -0.7071177 -4.00841e-6 0.5000919 -0.8659725 -2.02954e-5 0.3826946 0.923875 -2.13981e-5 0.5015914 0.8651047 5.45382e-6 0.5804835 0.8142721 -5.02169e-6 0.7071067 0.7071069 -1.21146e-5 0.5804154 0.8143206 1.10865e-5 0.8662598 0.499594 2.5332e-6 0.7070988 0.7071148 -2.16961e-5 0.3825761 0.923924 1.3411e-7 0.5804837 0.814272 1.85072e-5 -4.30839e-7 -2.19694e-7 1 -4.2929e-7 2.1905e-7 1 0.7070996 -0.707114 1.62572e-5 0.8664994 -0.4991783 5.81145e-7 0.5807041 -0.8141147 3.42727e-5 1 1.55866e-5 -1.23626e-5 0.9999942 0.001092672 0.003226697 0.8664932 -0.4991889 -3.83705e-7 0.9238712 -0.3827037 -1.91331e-5 1 2.67476e-6 1.94013e-5 0.8664752 -0.4992201 2.15769e-5 0.7071144 -0.7070991 1.91331e-5 0.9238792 -0.3826845 1.83433e-5 0.8664907 -0.4991933 -6.95884e-6 0.9238818 0.3826781 3.76999e-6 0.8662747 0.4995681 -1.26958e-5 0.9999994 0.001097083 1.72853e-5 0.9238815 0.3826786 1.16974e-5 0.7071027 0.707111 2.19047e-6 0.8662666 0.4995821 2.10702e-5 0.9999971 -1.11908e-5 -0.002443134 0.923885 0.3826702 2.29105e-6 0.9999995 0.001107513 -1.25307e-5 -0.7070935 0.7071201 2.14875e-5 -0.8664855 0.4992024 -1.79708e-5 -0.5000666 0.865987 3.41833e-5 -0.7071053 -0.7071083 -2.25902e-5 -0.5016325 -0.8650809 -1.26064e-5 -0.8662813 -0.4995566 1.68681e-5 -0.7070906 -0.7071229 1.16527e-5 -0.3826794 -0.9238814 -5.63264e-6 -0.5015986 -0.8651006 -2.18004e-5 -0.923882 -0.3826779 3.76999e-6 -0.8662747 -0.4995679 -1.29044e-5 -0.9999994 -0.001096963 1.74046e-5 -0.923882 -0.3826778 1.16825e-5 -0.7071033 -0.7071104 2.17557e-6 -0.8662672 -0.4995812 2.09659e-5 -1 -1.58399e-5 -1.22397e-5 -0.9999943 -0.001092851 0.003226816 -0.8664934 0.4991887 -6.4075e-7 -0.999997 1.17123e-5 -0.002443134 -0.9238852 -0.3826698 2.29105e-6 -0.9999995 -0.001106977 -1.25307e-5 -0.9238708 0.3827046 -1.65403e-5 -1 -1.95205e-6 2.21431e-5 -0.866475 0.4992204 2.44379e-5 -0.7071151 0.7070986 1.8999e-5 -0.9238795 0.3826838 1.83582e-5 -0.8664913 0.4991924 -7.07805e-6 0.1231967 0.6963039 0.7070951 -8.70228e-6 0.7071121 0.7071016 0.2706152 0.6532769 0.7071045 -0.1217061 0.6965939 0.7070676 -0.2704707 0.6533228 0.7071173 4.65661e-7 0.7071085 0.7071051 0.1232386 0.6962971 0.7070945 -0.1216963 0.696591 0.7070721 3.76627e-5 0.7071221 0.7070916 0.3531788 0.6125892 0.7071062 0.2705971 0.6532834 0.7071055 0.4999954 0.500007 0.7071052 0.353206 0.6125896 0.7070924 0.1231836 0.6962879 0.7071132 0.2705128 0.6533234 0.7071008 0.5413219 0.4549353 0.7071101 0.5000056 0.4999909 0.7071092 0.6532822 0.2705744 0.7071152 0.541324 0.4548959 0.7071338 0.3532124 0.6125342 0.7071371 0.5000039 0.5000202 0.7070899 0.6640896 0.2428811 0.7071025 0.6532903 0.2705861 0.7071032 0.7071009 -1.28057e-5 0.7071127 0.6126067 0.3531973 0.7070819 0.541319 0.4549301 0.7071155 0.6532934 0.2705832 0.7071015 0.6640891 0.2428939 0.7070985 0.6126166 0.3531139 0.7071149 0.6532861 0.2705863 0.7071071 0.7071108 7.10785e-6 0.7071028 0.7071051 6.1465e-6 0.7071086 0.6532989 -0.2706113 0.7070857 0.6640896 0.2428907 0.7070991 0.7071048 -1.86563e-5 0.7071088 0.7071091 -1.82696e-5 0.7071045 0.5971137 -0.3787984 0.7070835 0.6533132 -0.2705923 0.7070798 0.4999632 -0.5000179 0.7071202 0.7069991 -0.01257163 0.7071027 0.7071102 3.16799e-5 0.7071034 0.6532831 -0.2706503 0.7070853 0.6644762 -0.2419008 0.7070754 0.7070102 -0.01260739 0.7070909 0.653301 -0.2706029 0.7070869 0.5971038 -0.3787905 0.7070962 0.6644696 -0.2418847 0.7070869 0.6533064 -0.2706074 0.7070802 0.352902 -0.6127093 0.7071405 0.499997 -0.500003 0.7071069 0.2705585 -0.6532902 0.707114 0.5419961 -0.4541893 0.7070732 0.5971142 -0.3788006 0.707082 0.5000012 -0.5000106 0.7070984 0.3529679 -0.6127191 0.7070991 0.5419546 -0.4542015 0.7070971 0.4999859 -0.5000265 0.707098 0.1217064 -0.6965953 0.7070662 0.270471 -0.6533243 0.7071158 -1.95578e-7 -0.70711 0.7071036 0.1217715 -0.6965325 0.7071169 0.3529158 -0.6127299 0.7071157 0.2704867 -0.6533084 0.7071245 -0.1231964 -0.6963026 0.7070965 8.97422e-6 -0.7071107 0.707103 -0.2706149 -0.6532754 0.7071061 -0.1232386 -0.6962971 0.7070945 0.1216963 -0.696591 0.7070721 -3.76515e-5 -0.7071221 0.7070916 -0.3531788 -0.6125892 0.7071062 -0.2705971 -0.6532834 0.7071055 -0.4999954 -0.500007 0.7071052 -0.353206 -0.6125896 0.7070924 -0.1231836 -0.6962879 0.7071132 -0.2705128 -0.6533234 0.7071008 -0.5413025 -0.4549077 0.7071426 -0.5000054 -0.4999919 0.7071087 -0.6532821 -0.2705754 0.7071149 -0.541324 -0.4548959 0.7071338 -0.3532124 -0.6125342 0.7071371 -0.5000039 -0.5000202 0.7070899 -0.6640896 -0.2428811 0.7071025 -0.6532903 -0.2705861 0.7071032 -0.7071009 1.28057e-5 0.7071127 -0.5971937 -0.3786906 0.7070736 -0.5413013 -0.454943 0.7071208 -0.653301 -0.2705925 0.7070909 -0.6640935 -0.2428953 0.7070938 -0.5971957 -0.3786899 0.7070724 -0.6533049 -0.2706089 0.707081 -0.7071108 -7.10785e-6 0.7071028 -0.7071051 -6.1465e-6 0.7071086 -0.6532989 0.2706113 0.7070857 -0.7069915 -0.01261615 0.7071096 -0.6640927 -0.2428852 0.707098 -0.7071037 -8.12858e-6 0.7071099 -0.7071353 1.09337e-5 0.7070783 -0.7070018 -0.0125001 0.7071014 -0.707107 1.10609e-5 0.7071066 -0.6125093 0.3533036 0.7071131 -0.6532874 0.2706121 0.707096 -0.5000063 0.5000047 0.707099 -0.6644878 0.2418062 0.7070966 -0.7070975 -6.57886e-6 0.7071161 -0.6533034 0.2705771 0.7070947 -0.6125157 0.3533064 0.7071061 -0.6644929 0.241805 0.7070924 -0.6532862 0.2705894 0.7071057 -0.352902 0.6127093 0.7071405 -0.499997 0.500003 0.7071069 -0.2705585 0.6532902 0.707114 -0.541993 0.4541882 0.7070763 -0.6125106 0.3532906 0.7071185 -0.5000027 0.4999839 0.7071164 -0.3529679 0.6127191 0.7070991 -0.5419546 0.4542015 0.7070971 -0.4999859 0.5000265 0.707098 -0.1217715 0.6965325 0.7071169 -0.3529158 0.6127299 0.7071157 -0.2704867 0.6533084 0.7071245 4.39665e-6 0 1 0 6.78525e-7 1 2.02009e-5 5.72434e-7 1 1.88147e-6 0 1 1.21966e-5 0 1 -7.46106e-6 0 1 3.62908e-6 0 1 -2.01166e-6 0 1 -4.57817e-6 0 1 0 -6.84019e-7 1 -9.49223e-6 0 1 -1.26849e-5 0 1 -6.06617e-6 -6.20051e-7 1 -6.47394e-7 0 1 1.15866e-5 -2.26612e-6 1 -3.94344e-6 0 1 1.4795e-6 -3.74438e-6 1 -1.21966e-5 0 1 7.46106e-6 0 1 -3.62908e-6 0 1 2.01166e-6 0 1 4.57817e-6 0 1 2.33775e-5 2.26176e-6 1 2.9792e-6 3.73162e-6 1 1 7.52509e-6 -9.88639e-6 1 7.52509e-6 -8.33421e-6 0.9391458 -0.3435192 -7.32392e-6 0.9396871 0.3420355 -1.56164e-5 0.9998466 0.01751625 -6.10948e-7 1 6.07222e-6 -5.94556e-6 1 -1.0848e-5 8.29587e-6 0.9397056 0.3419849 -1.25766e-5 1 -1.0848e-5 6.57004e-6 0.9397078 -0.3419784 4.6622e-6 0.9391162 -0.3435997 4.21127e-6 0.8710572 -0.4911816 -6.33299e-7 0.9397071 -0.3419807 6.88178e-6 1 6.4373e-6 1.60709e-5 0.9391154 -0.343602 9.34349e-6 0.7660359 -0.6427978 -8.60542e-6 0.8710602 -0.4911763 6.26533e-6 0.7655118 -0.643422 -5.92406e-6 0.7660303 -0.6428045 -2.64868e-5 0.9396976 -0.3420064 -7.12275e-6 0.8710611 -0.4911748 1.23326e-5 0.939706 0.3419836 8.92667e-7 0.939706 0.3419836 2.557e-5 0.9998472 0.0174843 -2.5481e-6 0.7660202 0.6428166 3.97861e-6 0.8501058 0.5266119 1.43498e-5 0.9397074 0.3419796 1.17291e-5 0.9396963 0.3420101 -2.54907e-5 0.7660068 0.6428324 1.54823e-5 0.9396635 0.3421002 1.29729e-6 0.7660269 0.6428086 -5.95958e-6 0.7663965 0.6423678 1.33869e-6 0.8501195 0.5265898 3.86685e-6 0.5000112 0.8660191 3.25561e-6 0.499056 0.8665699 -5.35994e-6 0.7663719 0.6423973 -1.42902e-5 0.7660512 0.6427798 2.82642e-6 0.4999913 0.8660304 -1.93715e-6 0.7663899 0.6423757 1.26233e-5 -0.7660567 0.642773 -4.03821e-6 -0.8502196 0.5264284 2.88906e-6 -0.7655635 0.6433604 -4.21221e-6 -0.9397034 0.3419907 2.39571e-6 -0.9391447 0.3435218 -7.08108e-6 -0.8502181 0.5264307 -1.22562e-6 -0.76603 0.6428049 4.21703e-6 -0.9396987 0.3420035 1.73002e-5 -0.850227 0.5264164 2.87592e-6 -0.5000075 0.8660211 1.3724e-5 -0.7655699 0.6433529 9.09943e-6 -0.4995923 0.8662607 7.28029e-6 -0.4999914 0.8660303 -1.93152e-5 -0.7660507 0.6427803 -5.51512e-6 -0.7655574 0.6433677 -1.39326e-6 -0.5000046 0.8660229 -1.69323e-6 -0.4995063 0.8663103 6.58818e-6 -0.2591103 0.9658478 5.37187e-6 -0.1735937 0.9848175 2.96719e-6 -0.259077 0.9658567 -1.05463e-5 -0.001205325 0.9999994 -1.3262e-6 -0.1735829 0.9848194 -1.84402e-6 -0.5000092 0.8660201 1.54525e-5 -0.2591167 0.965846 7.7039e-6 0.173613 0.9848141 -5.25173e-6 -0.001175999 0.9999994 2.17557e-6 0.2572935 0.9663333 8.07643e-6 0.1735838 0.9848192 -6.27339e-6 -0.1735837 0.9848192 -5.94556e-6 -0.001195371 0.9999994 -1.92542e-5 0.1735989 0.9848165 1.19507e-5 0.2573083 0.9663294 3.52412e-6 0.4990124 0.8665949 -4.40236e-6 0.5000074 0.8660212 -9.61631e-6 0.1735923 0.9848176 2.19792e-6 0.4991354 0.866524 5.28339e-6 -0.9396965 0.3420097 1.00583e-6 -0.9998465 0.01752066 6.06221e-6 -0.9391543 0.3434959 1.14052e-6 -1.97562e-5 0 1 -1 -1.36597e-5 4.44696e-7 -1 -1.3656e-5 -4.23657e-7 -0.9998472 0.01748293 3.96511e-7 -0.939701 0.3419972 -4.77768e-6 -1 -2.40952e-5 -5.87106e-6 -0.9998474 0.01747733 -5.7742e-6 -0.9396989 -0.3420031 2.56835e-6 -0.9396989 -0.3420031 2.68601e-5 -1 -8.3968e-6 1.15186e-5 -0.9397053 -0.3419854 -1.25691e-5 -1 1.03861e-5 6.57004e-6 -1 1.03861e-5 8.29587e-6 -0.7660507 -0.6427803 -1.31726e-5 -0.870994 -0.4912938 -4.70877e-6 -0.9396954 -0.3420126 -2.61888e-6 -0.766007 -0.6428325 4.11713e-6 -0.7663766 -0.6423916 1.2886e-6 -0.8709913 -0.4912986 -5.4501e-6 -0.9396963 -0.3420101 -2.54442e-5 -0.7660068 -0.6428324 1.54003e-5 -0.9396635 -0.3421002 1.33867e-6 -0.5000113 -0.866019 3.21755e-6 -0.4990561 -0.8665698 -5.35959e-6 -0.7663719 -0.6423972 -1.42828e-5 -0.7660512 -0.6427798 3.26839e-6 -0.4999914 -0.8660304 -1.46776e-6 -0.7663899 -0.6423757 1.30859e-5 0.5000076 -0.866021 1.37314e-5 0.76557 -0.6433527 9.14082e-6 0.4995924 -0.8662607 7.2979e-6 0.4999914 -0.8660304 1.09507e-5 0.7660504 -0.6427804 -5.51512e-6 0.7655572 -0.6433678 -1.39326e-6 0.5000045 -0.866023 -2.29047e-6 0.4995062 -0.8663104 5.93229e-6 0.2591102 -0.9658478 4.79817e-6 0.1735937 -0.9848175 1.75834e-6 0.259077 -0.9658568 -1.17831e-5 0.001205325 -0.9999993 -2.48849e-6 0.1735829 -0.9848192 -2.73436e-6 0.5000094 -0.86602 1.45212e-5 0.2591169 -0.965846 6.78003e-6 -0.173613 -0.984814 -4.01214e-6 0.001176059 -0.9999994 3.34531e-6 -0.2572936 -0.9663333 9.26107e-6 -0.1735838 -0.9848192 -6.27339e-6 0.1735837 -0.9848192 -5.97537e-6 0.001195371 -0.9999994 -1.92523e-5 -0.1735991 -0.9848164 1.30311e-5 -0.2573084 -0.9663294 4.70132e-6 -0.4990125 -0.8665948 -3.22796e-6 -0.5000073 -0.8660212 -1.04582e-5 -0.1735921 -0.9848176 1.30385e-6 -0.4991353 -0.8665242 4.40475e-6 -0.9854626 1.12802e-5 0.1698925 -1 1.61822e-5 -1.61678e-6 -0.9396995 0.3420012 -8.93325e-6 -0.8853868 -0.3222867 0.334995 -0.9397053 -0.3419852 1.33961e-5 -1 4.85592e-6 -1.38134e-5 -0.885392 -0.3222776 0.33499 -1 2.08765e-5 -3.42052e-6 -0.985464 -2.26176e-5 0.1698846 -0.8853899 0.3222852 0.3349879 -0.9397002 0.3419994 4.64916e-6 -0.766022 0.6428143 1.86116e-5 -0.9854636 -2.10758e-6 0.1698871 -0.9397069 0.3419811 -2.23517e-6 -0.9422118 -6.73532e-6 0.3350179 -0.8853864 0.3222885 0.334994 -0.9422119 -8.49366e-6 0.3350175 -0.9397078 0.3419784 6.11506e-6 -0.7218025 0.6056234 0.3349947 -0.7660212 0.6428155 1.29789e-5 -0.4999966 0.8660274 -1.40965e-5 -0.8854131 0.3222215 0.3349882 -0.7660351 0.6427987 -1.26241e-6 -0.721811 0.605605 0.3350099 -0.4710879 0.8160042 0.3349829 -0.5000186 0.8660147 -7.7486e-7 -0.1736135 0.9848139 1.28299e-5 -0.7218093 0.605619 0.334988 -0.5000081 0.8660209 -2.66703e-5 -0.4710815 0.816003 0.3349949 -0.1635873 0.9279125 0.3349889 -0.1735888 0.9848182 -9.67085e-6 0.1735877 0.9848185 -1.08182e-5 -0.471088 0.8160009 0.3349906 -0.1736083 0.9848148 2.79564e-5 -0.163582 0.92791 0.3349986 0.1635843 0.9279104 0.3349964 0.1736268 0.9848116 5.73695e-6 0.5000038 0.8660233 -1.23978e-5 -0.1635896 0.9279133 0.3349857 0.1736047 0.9848155 5.91809e-6 0.1635898 0.9279133 0.3349856 0.4710829 0.8160009 0.3349978 0.500002 0.8660243 -1.71959e-5 0.7660253 0.6428105 2.27392e-5 0.1636052 0.9278994 0.3350169 0.5000127 0.8660181 -2.65474e-6 0.471089 0.8160025 0.3349852 0.7218124 0.605602 0.3350121 0.766031 0.6428038 4.84288e-6 0.939705 0.3419862 1.84625e-5 0.4710782 0.8160083 0.3349863 0.7660546 0.6427755 -3.1013e-6 0.7218043 0.6056221 0.3349932 0.8853864 0.3222872 0.3349955 0.9397051 0.3419858 1.39028e-5 1 -4.17419e-6 -1.32471e-5 0.7218132 0.6055988 0.3350161 0.9396976 0.3420065 -2.1141e-6 0.8853912 0.3222842 0.3349858 0.9854439 7.22706e-6 0.1700013 1 1.39695e-5 -7.22706e-6 0.9397039 -0.3419894 1.24425e-6 0.8853724 0.3223265 0.3349948 1 -2.33948e-6 1.22716e-5 0.9854422 2.10926e-5 0.1700109 0.8853901 -0.3222849 0.3349879 0.9397004 -0.341999 4.67896e-6 0.7660222 -0.6428142 1.87755e-5 0.9422147 -1.40369e-5 0.3350096 0.9854425 3.15625e-6 0.1700091 0.9396986 -0.342004 -1.63913e-6 0.8853868 -0.3222884 0.3349935 0.9422121 8.62032e-6 0.3350169 0.9397079 -0.3419783 5.55348e-6 0.721803 -0.6056237 0.3349933 0.7660211 -0.6428154 1.13994e-5 0.4999967 -0.8660272 -1.57058e-5 0.7218111 -0.605605 0.3350097 0.8854132 -0.3222212 0.3349879 0.7660352 -0.6427986 -1.4673e-6 0.4710867 -0.8160024 0.3349888 0.5000189 -0.8660145 5.63264e-6 0.1736134 -0.9848139 1.95801e-5 0.4710816 -0.8160025 0.3349956 0.7218093 -0.6056186 0.3349888 0.5000082 -0.8660207 -2.58125e-5 0.1635873 -0.9279125 0.3349888 0.1735886 -0.9848183 -9.76026e-6 -0.1735877 -0.9848185 -1.08182e-5 0.1635818 -0.9279111 0.3349957 0.4710878 -0.8160023 0.3349875 0.1736079 -0.9848149 2.48221e-5 -0.1635841 -0.9279094 0.3349993 -0.1736267 -0.9848116 8.89599e-6 -0.5000038 -0.8660233 -9.0301e-6 -0.1635898 -0.9279138 0.3349843 0.1635895 -0.9279139 0.3349843 -0.1736046 -0.9848155 4.53228e-6 -0.4710834 -0.8160012 0.3349964 -0.5000023 -0.8660241 -1.87606e-5 -0.7660254 -0.6428104 2.11e-5 -0.471089 -0.8160042 0.3349813 -0.1636048 -0.9279009 0.3350129 -0.5000118 -0.8660187 -6.70645e-6 -0.7218123 -0.6056022 0.3350121 -0.7660308 -0.642804 4.78327e-6 -0.9397049 -0.3419864 1.85966e-5 -0.7218036 -0.6056227 0.334994 -0.4710772 -0.8160086 0.3349873 -0.7660541 -0.6427761 -2.12574e-6 -0.8853909 -0.3222844 0.3349861 -0.7218129 -0.6055991 0.3350163 -0.9396976 -0.3420066 -1.82493e-6 -0.8854222 -0.3221982 0.3349866 -0.9854644 1.60187e-5 0.1698819 -0.9422222 -1.43391e-5 0.3349886 -0.8943922 -0.2963911 0.334985 -0.885375 -0.3223163 0.3349977 -0.9422158 1.39996e-5 0.3350068 -0.9422167 2.03505e-5 0.3350042 -0.8943912 -0.2963948 0.3349844 -0.9422175 2.03252e-5 0.3350018 -0.8854119 0.3221977 0.3350141 -0.9422174 1.35601e-5 0.3350023 -0.9422158 1.35685e-5 0.3350069 0.8854147 0.3222115 0.3349935 0.9854425 -1.1459e-5 0.1700095 0.9422182 -6.21192e-7 0.3349998 0.9422175 -1.36495e-5 0.3350021 0.9422159 -1.36135e-5 0.3350067 0.885412 -0.3221977 0.3350138 0.8943912 0.2963948 0.3349842 0.9422175 -2.02507e-5 0.3350017 0.9422168 -2.02756e-5 0.335004 0.8943923 0.2963911 0.3349848 0.8853751 0.3223163 0.3349975 0.9422159 -1.39177e-5 0.3350066 0.742392 -0.5801992 0.3349974 0.8853932 -0.3222744 0.33499 0.7218239 -0.6055982 0.3349944 0.8943565 -0.2965024 0.334982 0.9422143 -1.01998e-5 0.3350111 0.8854184 -0.3222011 0.3349938 0.755647 -0.5628151 0.3350178 0.8943542 -0.296507 0.3349841 0.8853829 -0.3222966 0.3349958 0.7494195 -0.5710902 0.3350023 0.7556335 -0.5628349 0.3350149 0.8853765 -0.322305 0.3350046 0.7424338 -0.5801317 0.3350215 0.749492 -0.5710008 0.3349925 0.885392 -0.3222754 0.3349922 0.7034965 -0.6267907 0.3350015 0.7218126 -0.6056108 0.334996 0.4711146 -0.8159822 0.3349987 0.7370116 -0.5870131 0.3350068 0.7424504 -0.5801146 0.3350143 0.7217701 -0.6056672 0.3349853 0.7287129 -0.5972864 0.3350025 0.7370616 -0.5869656 0.3349801 0.7218126 -0.6056067 0.3350033 0.7175974 -0.6105982 0.3349984 0.7286853 -0.5973212 0.3350001 0.7217828 -0.6056376 0.3350116 0.7034907 -0.6267993 0.3349977 0.7175999 -0.6105956 0.3349979 0.7218123 -0.6056059 0.3350055 0.2964763 -0.8943655 0.3349809 0.4710935 -0.8159925 0.3350033 0.1635838 -0.9279086 0.3350016 0.6652004 -0.6673072 0.3349769 0.7034921 -0.6268082 0.3349782 0.4711094 -0.8159841 0.3350014 0.6245692 -0.7054725 0.3349954 0.6651992 -0.6672867 0.3350203 0.4711018 -0.815982 0.3350175 0.6092894 -0.7187051 0.3350065 0.6245663 -0.7054785 0.3349884 0.4710972 -0.8159948 0.3349927 0.5965912 -0.7292853 0.3349956 0.6092399 -0.7187412 0.3350192 0.4710822 -0.8160023 0.3349955 0.5867409 -0.7372265 0.3350109 0.5965727 -0.7292987 0.3349993 0.4711139 -0.8159835 0.3349967 0.5801936 -0.7423945 0.3350014 0.5867117 -0.7372483 0.3350141 0.4711012 -0.8159906 0.334997 0.57101 -0.7494849 0.3349925 0.5801421 -0.7424284 0.3350154 0.4711021 -0.8159903 0.3349964 0.5628429 -0.7556286 0.3350125 0.5710973 -0.7494124 0.3350061 0.4711065 -0.8159896 0.3349924 0.296505 -0.8943527 0.3349897 0.5628182 -0.7556485 0.3350092 0.4710947 -0.8159931 0.3350003 1.63401e-6 -0.9422187 0.3349983 0.1635844 -0.9279121 0.3349917 -0.1635847 -0.9279113 0.3349937 -1.9749e-5 -0.9422156 0.3350071 0.2963958 -0.8943893 0.3349885 0.163603 -0.9279036 0.335006 -0.2964802 -0.894366 0.3349763 -0.1635835 -0.9279081 0.3350032 -0.4710934 -0.8159906 0.3350082 -0.2963952 -0.8943885 0.3349913 2.03103e-5 -0.9422173 0.3350024 -0.163603 -0.9279036 0.3350059 -0.6267953 -0.7035023 0.334981 -0.4710904 -0.8160025 0.3349832 -0.7218143 -0.6055995 0.3350128 -0.5628182 -0.7556484 0.3350095 -0.2965052 -0.8943549 0.3349837 -0.4710949 -0.815993 0.3349999 -0.5710948 -0.7494152 0.3350042 -0.5628398 -0.7556303 0.335014 -0.4711037 -0.8159918 0.3349907 -0.5801423 -0.7424287 0.3350145 -0.5710098 -0.7494843 0.3349943 -0.4711028 -0.8159909 0.3349938 -0.5870146 -0.7370116 0.3350041 -0.5801926 -0.7423968 0.3349981 -0.4711095 -0.8159859 0.3349969 -0.5972859 -0.7287124 0.335004 -0.5869934 -0.7370249 0.3350121 -0.4710957 -0.8159954 0.3349933 -0.6106061 -0.717592 0.3349954 -0.5973128 -0.728693 0.3349987 -0.471096 -0.8159974 0.3349882 -0.626793 -0.7034986 0.3349931 -0.6106103 -0.7175899 0.3349923 -0.4710882 -0.8160043 0.3349823 -0.7292757 -0.5966017 0.3349978 -0.7217729 -0.6056692 0.3349759 -0.8854158 -0.3221885 0.3350126 -0.6672934 -0.665192 0.3350214 -0.6267902 -0.7035024 0.3349905 -0.7217792 -0.6056601 0.3349785 -0.7054672 -0.6245797 0.3349869 -0.6672931 -0.665192 0.3350218 -0.7218106 -0.6056084 0.3350045 -0.7187004 -0.6092984 0.3350003 -0.7054688 -0.6245785 0.3349856 -0.7217667 -0.6056719 0.3349844 -0.7292652 -0.5966168 0.3349938 -0.7187706 -0.6092052 0.3350192 -0.7218055 -0.6056142 0.3350051 -0.7372357 -0.5867259 0.3350169 -0.7292833 -0.5965943 0.3349943 -0.8854177 -0.3221983 0.3349982 -0.7424357 -0.580127 0.3350254 -0.7372374 -0.5867232 0.3350178 -0.8854115 -0.3222016 0.3350114 -0.7494915 -0.5710005 0.3349941 -0.7424357 -0.5801326 0.3350157 -0.8853899 -0.3222742 0.3349986 -0.7556335 -0.562836 0.3350132 -0.7494194 -0.5710911 0.3350008 -0.8853745 -0.3223049 0.3350099 -0.8943563 -0.2965073 0.3349781 -0.7556485 -0.5628164 0.3350122 -0.8853828 -0.3222965 0.3349959 0.9854434 -8.15093e-6 0.1700041 0.9422175 -1.85196e-5 0.3350017 0.8943825 -0.2963904 0.3350115 0.9496893 0.3131934 -2.5442e-5 0.8943949 0.2963911 0.3349779 0.9422059 3.38256e-6 0.3350348 0.9854391 5.68666e-6 0.1700291 0.9496855 0.3132054 -6.13928e-6 0.9422095 -1.52439e-5 0.3350245 0.7917041 -0.5868052 0.1698957 0.8943871 -0.2963921 0.334998 0.7556412 -0.562824 0.3350158 0.9496959 -0.3131738 -7.85571e-7 0.894389 -0.2964049 0.3349815 0.8038029 -0.5948958 1.39773e-5 0.791707 -0.5867984 0.1699048 0.8038009 -0.5948984 6.05732e-6 0.8943606 -0.2964746 0.3349955 1 -1.3005e-5 2.02656e-6 0.8943846 -0.2963852 0.3350106 0.949694 -0.3131796 4.69387e-6 0.9854452 9.78075e-6 0.1699938 0.8943934 -0.2963746 0.3349964 1 7.98702e-6 -1.80469e-5 0.1976258 -0.957011 0.2123066 0.7554108 -0.562687 0.3357648 0.7491863 -0.5714019 0.3349922 0.215815 -0.9519909 0.2171109 0.7917032 -0.5868099 0.1698831 0.7556741 -0.5627979 0.3349855 0.1976147 -0.957018 0.2122853 0.2155978 -0.9519407 0.217547 0.7554116 -0.5627069 0.3357298 0.1974997 -0.957015 0.2124058 0.74911 -0.5715155 0.3349693 0.7426979 -0.5802745 0.3341878 0.1969871 -0.9570296 0.2128156 0.7424259 -0.5801333 0.3350361 0.7370297 -0.5869995 0.334991 -0.2058057 -0.978593 -6.13779e-5 0.7370103 -0.5870261 0.334987 0.7286936 -0.5973165 0.3349909 0.1970143 -0.9570264 0.2128054 0.7370387 -0.5870075 0.3349571 -0.4226245 -0.9063049 -8.91462e-6 -0.2058055 -0.978593 -3.87281e-5 -0.422603 -0.906315 -4.13321e-6 0.7370241 -0.5870155 0.3349752 0.006601989 -0.9999783 6.79642e-5 0.7286916 -0.59732 0.3349888 0.7175825 -0.610604 0.3350195 0.006586074 -0.9999784 1.32829e-4 -0.2058155 -0.9785909 -6.65151e-5 0.7287051 -0.5972947 0.3350045 0.211399 -0.9774 -1.98781e-5 0.7176139 -0.6105784 0.334999 0.7034791 -0.6268124 0.3349977 0.2114189 -0.9773955 -7.6443e-6 0.006655335 -0.999978 5.29289e-5 0.7176071 -0.6106266 0.3349258 0.5170093 -0.8559798 1.43707e-4 0.7035187 -0.6267722 0.3349896 0.6641271 -0.6683343 0.3350591 0.5169804 -0.8559972 2.01069e-4 0.2113668 -0.9774068 2.42218e-5 0.7034985 -0.6267848 0.3350086 0.799794 -0.6002745 1.7286e-4 0.664138 -0.6683252 0.3350556 0.6245412 -0.7054955 0.3349992 0.7998526 -0.6001965 8.08537e-5 0.5170229 -0.8559717 1.06014e-4 0.6641389 -0.6683419 0.3350206 0.9538539 -0.3002715 -9.98378e-6 0.6245704 -0.7054854 0.3349659 0.6092421 -0.7187314 0.3350363 0.9538421 -0.3003086 -2.33203e-5 0.7997756 -0.6002992 9.61423e-5 0.6245881 -0.7054685 0.3349688 1 3.36766e-6 2.8979e-5 0.6092108 -0.7187745 0.3350006 0.5966079 -0.7292714 0.3349962 1 -1.2368e-5 -9.65595e-6 0.9538407 -0.3003132 -3.03388e-5 0.6092426 -0.7187395 0.3350181 0.9756141 0.2194932 7.4368e-5 0.5965871 -0.7292698 0.3350365 0.5866814 -0.737282 0.3349926 0.9756094 0.2195139 -3.26186e-5 1 0 4.02629e-5 0.5965873 -0.7293024 0.3349651 0.9756075 0.2195221 7.91252e-6 0.586722 -0.7372266 0.3350439 0.5801259 -0.7424275 0.3350456 0.9543551 -0.2072296 0.2150872 0.5802855 -0.7426906 0.3341848 0.5714862 -0.7491213 0.3349938 0.9756096 0.2195133 2.69115e-5 0.580131 -0.7424316 0.3350273 0.954742 -0.2054314 0.215095 0.9543662 -0.2071755 0.2150894 0.9548264 -0.2055989 0.2145595 0.5802095 -0.7427404 0.3342061 0.9543493 -0.2072089 0.2151325 0.5713763 -0.7492079 0.3349877 0.562709 -0.7554218 0.335703 0.5868062 -0.7917022 0.1699005 0.5628221 -0.7556419 0.3350173 0.2963929 -0.894385 0.3350029 0.9669132 -0.2551056 -1.57431e-5 0.9545158 -0.2069855 0.2146086 0.5628439 -0.7556189 0.3350325 0.9669107 -0.2551153 8.801e-7 0.5627812 -0.755697 0.3349618 0.5868079 -0.7917035 0.1698884 0.313194 -0.9496892 -2.54132e-5 0.2963919 -0.8943946 0.3349781 4.11458e-6 -0.9422058 0.3350349 0.5948897 -0.8038074 8.43406e-6 0.2964065 -0.8943871 0.3349851 0.3131795 -0.949694 -4.91738e-6 0.5868018 -0.7917067 0.1698947 0.2964836 -0.8943576 0.3349954 0.5948973 -0.8038018 -3.7561e-6 -1.96993e-5 -1 -1.08778e-6 6.67758e-6 -0.9422233 0.3349859 -0.2963845 -0.8943871 0.3350044 0.3131974 -0.9496881 -1.36271e-5 -1.21295e-5 -0.942211 0.3350204 -1.53724e-5 -1 -5.45382e-6 -0.586806 -0.7917035 0.1698952 -0.296393 -0.8943868 0.3349976 -0.5628249 -0.7556408 0.3350154 -0.3131737 -0.949696 1.53435e-6 -0.2964041 -0.8943883 0.3349838 -0.5948956 -0.803803 1.63317e-5 -0.5867986 -0.7917072 0.1699035 -0.5948987 -0.8038007 4.61563e-6 -0.296475 -0.894361 0.3349942 -1.40853e-5 -1 3.27081e-6 -0.2963861 -0.8943839 0.3350117 -0.3131805 -0.9496936 5.73695e-6 -0.9547995 -0.2055948 0.2146832 -0.5627126 -0.7554095 0.3357249 -0.5714941 -0.7491044 0.335018 -0.9493857 -0.2245967 0.2195977 -0.5867884 -0.7917162 0.1698966 -0.5627812 -0.7556738 0.3350143 -0.954796 -0.2056047 0.2146893 -0.9494526 -0.2239844 0.2199339 -0.5627048 -0.7554238 0.3357056 -0.9547963 -0.2055838 0.2147077 -0.571501 -0.7491167 0.3349789 -0.5802837 -0.7426473 0.3342841 -0.9547194 -0.2054267 0.2151995 -0.5801206 -0.7424346 0.3350387 -0.5870242 -0.7370092 0.3349925 -0.9993149 0.03701055 3.90261e-5 -0.5870213 -0.7369943 0.3350306 -0.5973123 -0.7286922 0.3350011 -0.9063169 0.4225986 1.82949e-5 -0.9547491 -0.2054087 0.2150848 -0.5869973 -0.7370027 0.3350542 -0.9739229 0.2268797 -1.19403e-4 -0.9062965 0.4226427 5.99213e-5 -0.586996 -0.737025 0.3350073 -0.9993161 0.03698003 4.35114e-6 -0.9739158 0.2269099 -1.40652e-4 -0.5870155 -0.7370024 0.335023 -0.9892236 -0.1464133 7.27922e-5 -0.5973175 -0.7286788 0.3350213 -0.6105979 -0.7176123 0.3349671 -0.9892099 -0.1465057 1.3306e-4 -0.9993143 0.03702694 3.83407e-5 -0.5973144 -0.7286887 0.335005 -0.9892276 -0.1463862 1.22294e-4 -0.6106063 -0.7175822 0.3350163 -0.626801 -0.7034918 0.3349925 -0.9086275 -0.4176075 9.53078e-5 -0.6268008 -0.7034856 0.3350057 -0.6683874 -0.6641038 0.3349995 -0.9086846 -0.4174834 1.09009e-4 -0.989221 -0.1464306 1.82718e-4 -0.6268057 -0.7034973 0.334972 -0.4358035 -0.9000419 -1.78516e-5 -0.6683438 -0.6641362 0.335022 -0.7054514 -0.6245816 0.3350167 -0.7168633 -0.6972137 4.78178e-5 -0.9086878 -0.4174764 1.10731e-4 -0.6683224 -0.664157 0.3350235 -0.4358461 -0.9000212 -2.92063e-5 -0.7168913 -0.697185 6.68538e-5 -0.6683589 -0.6641229 0.3350182 -0.1582881 -0.987393 -2.89604e-5 -0.7054606 -0.6245689 0.3350212 -0.7187863 -0.6091865 0.3350198 -0.1583102 -0.9873895 -2.74032e-5 -0.4359055 -0.8999925 -1.65552e-5 -0.7054662 -0.6245875 0.3349748 0.02941924 -0.9995672 3.67314e-6 -0.7187993 -0.6091747 0.3350132 -0.7292943 -0.5965735 0.3350074 0.0293883 -0.9995681 1.3411e-6 -0.1582909 -0.9873926 1.84998e-5 -0.7187093 -0.6092904 0.3349959 0.2234202 -0.9747223 -2.93478e-5 -0.7292332 -0.5966236 0.3350514 -0.7372443 -0.5867204 0.3350075 0.2232897 -0.9747521 -5.45382e-6 0.02940291 -0.9995677 -4.59701e-6 -0.7292836 -0.5965943 0.3349937 0.223282 -0.9747539 -3.00147e-5 -0.7372277 -0.586725 0.335036 -0.7424268 -0.5801297 0.3350405 -0.215626 -0.9519423 0.2175121 -0.7426842 -0.580276 0.3342157 -0.7490981 -0.5715192 0.3349894 -0.2135791 -0.9525331 0.2169443 -0.7427187 -0.5802407 0.3342003 -0.2156177 -0.951939 0.2175348 0.2233194 -0.9747454 -8.17478e-5 -0.742386 -0.5802134 0.334986 -0.2138084 -0.9523343 0.2175903 -0.2156285 -0.9519442 0.2175011 -0.7491868 -0.5714081 0.3349806 -0.7554307 -0.562701 0.3356964 -0.791702 -0.5868065 0.1699003 -0.7556418 -0.5628225 0.3350171 -0.8943849 -0.2963933 0.3350027 -0.2551223 -0.9669088 2.06009e-6 -0.7557015 -0.5627752 0.3349618 -0.7917084 -0.5868013 0.1698883 -0.2158063 -0.9520018 0.2170722 -0.7556398 -0.5628379 0.3349955 -0.2551206 -0.9669092 6.85081e-6 -0.9496893 -0.3131935 -2.53114e-5 -0.8943948 -0.2963912 0.3349781 -0.9422057 -3.53903e-6 0.3350349 -0.8038021 -0.5948967 7.79604e-7 -0.791706 -0.5868014 0.1698991 -0.8943564 -0.2964825 0.3349997 -0.9496939 -0.31318 -6.02007e-6 -0.8038071 -0.5948901 7.33882e-6 -0.8943873 -0.2964071 0.334984 -0.8943564 0.2965024 0.3349823 -0.9422141 1.01402e-5 0.3350113 -0.8854183 0.322201 0.3349941 -1 2.08616e-5 0 -0.9422228 -5.70854e-6 0.3349869 -0.8943864 0.2963856 0.3350055 -0.9496878 -0.3131982 -1.47372e-5 -0.9422113 1.12504e-5 0.3350193 -1 1.46693e-5 -6.52671e-6 0.7292768 0.5966006 0.334997 0.7217671 0.6056641 0.3349973 0.8854168 0.3221871 0.3350115 0.7372345 0.5867279 0.335016 0.729282 0.5965963 0.3349936 0.8854171 0.3222007 0.3349976 0.7424351 0.5801278 0.3350254 0.7372368 0.5867241 0.3350179 0.8854111 0.3222026 0.3350116 0.7494918 0.5710002 0.334994 0.7424361 0.5801322 0.3350155 0.8853902 0.3222737 0.3349983 0.7556336 0.5628355 0.3350136 0.7494195 0.5710907 0.3350014 0.8853831 0.3223096 0.3349825 0.8943563 0.2965074 0.3349778 0.7556486 0.5628165 0.335012 0.885383 0.3222966 0.3349956 0.626795 0.7035022 0.3349818 0.47109 0.8160024 0.334984 0.721814 0.6055994 0.3350136 0.6672934 0.665192 0.3350214 0.6267902 0.7035024 0.3349905 0.7217792 0.6056601 0.3349785 0.7054672 0.6245797 0.3349869 0.6672931 0.665192 0.3350218 0.7218106 0.6056084 0.3350045 0.7187032 0.6092956 0.3349996 0.7054712 0.6245755 0.3349863 0.7217694 0.605669 0.3349837 0.7292922 0.5965831 0.3349947 0.7187675 0.6092088 0.3350194 0.7218339 0.6055817 0.3350026 0.2964766 0.8943656 0.3349807 0.1635836 0.9279081 0.3350031 0.4710934 0.8159906 0.335008 0.5628183 0.7556484 0.3350092 0.2965053 0.8943549 0.3349835 0.471095 0.8159931 0.3349998 0.5710962 0.7494143 0.3350036 0.5628404 0.7556272 0.3350198 0.4711053 0.8159911 0.3349903 0.5801423 0.7424287 0.3350145 0.5710098 0.7494843 0.3349943 0.4711028 0.8159911 0.3349939 0.5870138 0.7370125 0.3350035 0.5801918 0.7423977 0.3349975 0.4711086 0.8159868 0.3349963 0.5972869 0.7287114 0.3350046 0.5869943 0.737024 0.3350127 0.4710966 0.8159945 0.3349939 0.610605 0.7175933 0.3349947 0.5973117 0.7286942 0.334998 0.4710947 0.8159983 0.3349874 0.626793 0.7034986 0.3349931 0.6106103 0.7175899 0.3349923 0.4710882 0.8160043 0.3349822 -1.63726e-6 0.9422187 0.3349983 -0.1635844 0.927912 0.3349918 0.1635846 0.9279113 0.3349937 0.2963952 0.8943885 0.3349912 -2.03401e-5 0.9422173 0.3350024 0.163603 0.9279037 0.3350059 -0.2964763 0.8943656 0.334981 -0.4710936 0.8159924 0.3350034 -0.1635839 0.9279085 0.3350017 1.97457e-5 0.9422156 0.335007 -0.2963958 0.8943893 0.3349885 -0.1636029 0.9279036 0.335006 -0.7034962 0.6267907 0.3350026 -0.7218122 0.6056106 0.3349968 -0.4711142 0.8159822 0.3349995 -0.6651896 0.6672969 0.3350191 -0.703494 0.6268078 0.334975 -0.4711117 0.8159837 0.3349992 -0.6245687 0.7054732 0.3349949 -0.6651987 0.6672874 0.33502 -0.4711011 0.8159826 0.3350167 -0.6092906 0.7187037 0.3350074 -0.6245675 0.705477 0.3349892 -0.4710986 0.8159935 0.3349936 -0.5965903 0.7292862 0.3349951 -0.6092391 0.7187422 0.3350188 -0.4710812 0.816003 0.3349949 -0.5867409 0.7372265 0.3350109 -0.5965727 0.7292987 0.3349993 -0.471114 0.8159835 0.3349967 -0.5801936 0.7423974 0.3349948 -0.5867108 0.7372482 0.3350159 -0.4711002 0.8159905 0.3349987 -0.5710096 0.7494854 0.3349922 -0.5801416 0.7424289 0.3350151 -0.4711017 0.8159908 0.3349961 -0.5628425 0.7556289 0.3350126 -0.5710968 0.7494126 0.3350062 -0.471106 0.8159898 0.3349924 -0.2965048 0.8943527 0.3349897 -0.5628179 0.7556486 0.3350093 -0.4710944 0.8159931 0.3350004 -0.7423913 0.5801997 0.3349981 -0.8853926 0.3222749 0.3349909 -0.7218232 0.6055986 0.334995 -0.7370151 0.587008 0.3350081 -0.7424243 0.5801472 0.3350158 -0.7217765 0.6056641 0.3349772 -0.728705 0.5972966 0.3350014 -0.737055 0.5869716 0.3349843 -0.721804 0.6056165 0.335004 -0.7175974 0.6105982 0.3349984 -0.7286853 0.5973212 0.3350002 -0.7219427 0.6054589 0.33499 -0.7034907 0.6267993 0.3349977 -0.7175999 0.6105956 0.3349979 -0.7218123 0.6056059 0.3350055 -0.7556465 0.5628158 0.3350179 -0.8943539 0.2965077 0.3349843 -0.8853825 0.3222973 0.3349959 -0.7494216 0.5710868 0.3350031 -0.7556357 0.5628316 0.3350157 -0.8853778 0.3223011 0.3350051 -0.7424343 0.5801313 0.3350213 -0.7494924 0.5710004 0.3349922 -0.8853923 0.322275 0.3349919 -0.7917041 0.5868052 0.1698953 -0.8943873 0.296392 0.3349976 -0.7556414 0.5628241 0.3350154 -0.949694 0.3131796 4.64916e-6 -1 1.29156e-5 2.01166e-6 -0.8943846 0.2963851 0.3350106 -0.8038024 0.5948963 1.41114e-5 -0.9496957 0.3131744 -5.47618e-7 -0.8943887 0.2964054 0.3349817 -0.7917066 0.586799 0.1699047 -0.8038005 0.5948991 5.99399e-6 -0.8943605 0.2964754 0.3349954 -0.197611 0.957016 0.2122977 -0.7553804 0.5626915 0.3358256 -0.7492052 0.5713785 0.33499 -0.2158142 0.9519911 0.2171109 -0.7917028 0.5868105 0.1698833 -0.7556737 0.5627985 0.3349856 -0.2155805 0.9519218 0.2176468 -0.7554336 0.5627015 0.3356891 -0.1976247 0.9570142 0.2122929 -0.1974977 0.9570154 0.2124059 -0.7491087 0.5715168 0.3349698 -0.7426365 0.5802478 0.3343704 -0.1969852 0.95703 0.2128157 -0.7424244 0.5801349 0.3350365 -0.7370285 0.5870007 0.3349915 0.03689414 0.9993193 2.0802e-5 -0.736996 0.5870202 0.3350287 -0.728693 0.5973126 0.3349989 0.4226225 0.9063059 -9.73418e-6 -0.1970167 0.9570261 0.2128042 -0.7370396 0.5870069 0.3349561 0.2268745 0.9739241 -1.19835e-4 0.4226394 0.906298 6.02044e-5 -0.7370277 0.5869923 0.335008 0.03697878 0.999316 6.4522e-6 0.2269073 0.9739164 -1.39222e-4 -0.7370027 0.5870131 0.3350264 -0.1463766 0.989229 1.04591e-4 -0.7286989 0.5972895 0.3350273 -0.7175773 0.6106131 0.3350143 -0.1464697 0.9892152 1.12817e-4 0.03699672 0.9993155 -2.63602e-5 -0.7286923 0.5973087 0.3350075 -0.1465039 0.9892101 1.77413e-4 -0.7175727 0.6106174 0.3350161 -0.7034837 0.6268098 0.334993 -0.4174752 0.9086883 1.82778e-4 -0.7035005 0.626792 0.334991 -0.6640867 0.6684032 0.3350017 -0.4176077 0.9086275 1.07065e-4 -0.1463971 0.9892259 2.60517e-4 -0.7034824 0.6268121 0.3349912 -0.9000367 0.4358142 -1.78665e-5 -0.664085 0.6683922 0.3350268 -0.6245828 0.7054587 0.3349993 -0.6972091 0.7168679 4.62979e-5 -0.4174742 0.9086889 1.13472e-4 -0.6641505 0.6683282 0.3350247 -0.9000223 0.435844 -2.32756e-5 -0.697189 0.7168873 6.64936e-5 -0.6641263 0.6683537 0.3350219 -0.987387 0.1583257 -7.50273e-6 -0.6245716 0.7054576 0.3350224 -0.6091905 0.7187826 0.3350204 -0.9873906 0.1583029 -2.46316e-5 -0.8999968 0.4358968 -1.51247e-5 -0.6245935 0.7054597 0.334977 -0.9995671 -0.02942389 3.18885e-6 -0.6091775 0.7187967 0.3350136 -0.5965774 0.7292912 0.3350074 -0.9995679 -0.02939534 2.89083e-6 -0.9873941 0.1582812 1.91629e-5 -0.6092965 0.7187031 0.334998 -0.9747235 -0.2234148 -2.53022e-5 -0.5966188 0.7292364 0.3350527 -0.5867156 0.7372481 0.3350076 -0.9747511 -0.2232943 -4.58956e-6 -0.9995675 -0.02940976 -4.24683e-6 -0.5965985 0.7292794 0.3349953 -0.9747548 -0.2232781 -2.90312e-5 -0.5867226 0.7372307 0.3350337 -0.5801262 0.7424297 0.3350398 -0.9543448 0.2072185 0.2151431 -0.5802806 0.7426967 0.3341798 -0.5715188 0.7491 0.3349859 -0.9548259 0.2055191 0.2146379 -0.5802127 0.7427369 0.3342083 -0.9543668 0.2071712 0.2150911 -0.9747224 -0.2234195 -1.14322e-4 -0.5801159 0.7424401 0.3350348 -0.9547318 0.2053979 0.2151721 -0.9543691 0.2071797 0.215073 -0.5714926 0.7491238 0.3349775 -0.562709 0.7554218 0.335703 -0.5868074 0.7917013 0.1699003 -0.5628234 0.7556411 0.3350172 -0.2963944 0.8943845 0.3350027 -0.8922122 0.4516166 2.47546e-5 -0.5628133 0.7556357 0.3350463 -0.5867992 0.7917046 0.1699138 -0.8922181 0.451605 4.39398e-6 -0.9545214 0.2069875 0.2145814 -0.5627757 0.7556818 0.3350053 -0.3131942 0.9496891 -2.69226e-5 -0.2963918 0.8943951 0.3349766 -4.25801e-6 0.9422063 0.3350334 -0.5948897 0.8038073 8.79913e-6 -0.2964063 0.894387 0.3349853 -0.3131796 0.949694 -4.63426e-6 -0.5868005 0.7917076 0.1698948 -0.296482 0.8943581 0.3349956 -0.594896 0.8038027 -3.60506e-6 1.96844e-5 1 -1.10362e-6 -6.69248e-6 0.9422233 0.3349859 0.2963845 0.8943872 0.3350044 -0.3131974 0.9496881 -1.36197e-5 1.21593e-5 0.9422109 0.3350204 1.54027e-5 1 -5.49853e-6 0.5868047 0.7917044 0.1698955 0.2963916 0.8943873 0.3349978 0.5628237 0.7556416 0.3350155 0.313174 0.9496958 0 0.296405 0.8943886 0.3349824 0.5948959 0.8038027 1.47223e-5 0.5867992 0.7917068 0.1699034 0.5948993 0.8038004 4.5877e-6 0.2964757 0.8943608 0.3349941 1.40667e-5 1 3.62098e-6 0.2963862 0.8943837 0.335012 0.3131805 0.9496937 6.02007e-6 0.9547997 0.205591 0.2146858 0.5627146 0.7554066 0.3357279 0.5715002 0.7491129 0.3349888 0.949453 0.2239828 0.2199336 0.5627062 0.7554227 0.3357056 0.9547963 0.2056032 0.214689 0.5867884 0.7917162 0.1698966 0.5627812 0.7556738 0.3350143 0.9493857 0.2245967 0.2195977 0.9547938 0.205594 0.2147087 0.5714936 0.7491229 0.3349778 0.5802831 0.7426686 0.3342381 0.9547194 0.2054298 0.2151966 0.5801188 0.7424375 0.3350355 0.5870236 0.7370114 0.334989 0.9756091 -0.2195155 -3.1234e-5 0.5870258 0.7370096 0.3349891 0.5973176 0.7287021 0.3349701 0.9063168 -0.4225991 1.89655e-5 0.9547491 0.205408 0.2150853 0.5869969 0.7370027 0.3350548 0.9756181 -0.2194756 -1.31577e-5 0.9062989 -0.4226375 6.29704e-5 0.5870245 0.737015 0.3349795 1 -8.30274e-6 -1.44392e-5 0.5972883 0.7287227 0.3349776 0.6106058 0.7176281 0.3349186 1 -2.89381e-5 -7.38651e-5 0.9756117 -0.2195038 1.90139e-5 0.5973001 0.7286972 0.3350117 0.9561716 0.2928071 -9.49949e-5 0.610606 0.7176228 0.3349295 0.6268156 0.7034691 0.3350126 0.9561818 0.2927737 -2.13362e-4 1 -2.7597e-5 2.91467e-5 0.6106075 0.7175942 0.3349884 0.8005194 0.5993068 -8.57413e-5 0.6267629 0.7035224 0.3349994 0.6683977 0.6641001 0.3349861 0.8005099 0.5993196 -9.16421e-7 0.956142 0.292904 -1.35249e-4 0.6268022 0.7034925 0.3349887 0.5099804 0.8601862 8.74698e-5 0.6683349 0.6641287 0.3350548 0.7054439 0.6245946 0.3350083 0.5100072 0.8601702 9.08375e-5 0.8005112 0.5993179 3.02196e-5 0.6683608 0.6641257 0.3350089 0.2041218 0.9789456 3.95626e-6 0.7054815 0.6245588 0.334996 0.7188159 0.6091743 0.3349781 0.2040936 0.9789515 2.57194e-5 0.5099916 0.8601794 9.33111e-5 0.7054774 0.6245611 0.3350004 0.003210425 0.9999949 9.44547e-5 0.718771 0.6091962 0.3350348 0.7292858 0.5965936 0.33499 0.003188669 0.999995 8.42512e-5 0.2040989 0.9789503 1.14739e-5 0.7187955 0.6091886 0.3349959 -0.2052036 0.9787194 8.27052e-5 0.7292565 0.5966015 0.3350397 0.737214 0.5867324 0.335053 -0.2051925 0.9787216 9.14633e-5 0.00320822 0.9999949 7.56383e-5 0.7292925 0.596583 0.3349946 -0.205112 0.9787386 -4.25428e-5 0.7372478 0.5867183 0.3350035 0.7423728 0.5801946 0.3350477 0.215626 0.9519423 0.2175121 0.7426842 0.580276 0.3342157 0.7490981 0.5715192 0.3349894 0.2136174 0.9525436 0.2168604 0.7427244 0.5802316 0.3342033 0.215582 0.9519487 0.2175272 -0.2051934 0.9787215 6.61612e-5 0.7424299 0.5801388 0.3350178 0.2138263 0.9523264 0.2176073 0.2156266 0.9519446 0.2175012 0.7491856 0.5714093 0.3349812 0.7554445 0.5627094 0.3356512 0.7917015 0.5868071 0.1699006 0.7556413 0.5628231 0.3350175 0.8943846 0.2963941 0.335003 0.2551237 0.9669085 2.01445e-6 0.7557024 0.5627741 0.3349617 0.7917094 0.5868 0.1698881 0.2551114 0.9669117 4.66406e-6 0.2157965 0.9520044 0.2170702 0.7556534 0.5628083 0.3350149 0.8038074 0.5948898 6.74278e-6 0.8943876 0.2964068 0.3349833 0.949694 0.3131794 -6.75023e-6 0.7917071 0.5867999 0.1698992 0.8943569 0.2964807 0.335 0.8038033 0.5948954 9.10979e-7 -1 -2.3514e-5 5.79835e-6 -1 -2.3514e-5 -7.57776e-6 -0.9496828 0.3132135 7.60704e-6 -0.9927729 -0.1200083 1.26208e-5 -0.9496837 -0.3132107 -1.19396e-5 -1 2.35587e-5 -7.15256e-7 -0.993085 -0.1173982 1.45305e-5 -0.9927744 -0.1199962 1.59191e-5 -1 1.24499e-5 -8.10996e-6 -0.9933776 -0.1148962 -7.51764e-6 -0.993085 -0.1173977 -1.54343e-5 -1 6.25849e-6 6.51181e-6 -0.9979119 -0.06459075 -8.43778e-6 -0.9933777 -0.1148954 -4.29759e-6 -1 1.21146e-5 8.75443e-6 -1 1.11494e-5 1.98372e-7 -0.9979105 -0.06461268 -2.07312e-6 -1 1.11572e-5 2.59701e-6 -0.8977354 0.4405352 2.07885e-5 -0.9496843 0.3132088 1.13789e-5 -0.8038052 0.5948927 1.18949e-5 -0.9979109 0.06460553 -1.66744e-5 -1 -7.36862e-6 -9.6485e-6 -0.9496909 0.3131892 -1.93864e-5 -0.9927746 0.1199948 1.44691e-6 -0.9927746 0.1199948 -5.88223e-6 -0.9496882 0.3131972 7.08923e-6 -0.9930857 0.1173921 1.41002e-5 -0.9496881 0.3131976 -3.01004e-6 -0.9927735 0.1200029 1.02147e-5 -0.9901512 0.1400032 7.07805e-7 -0.9927743 0.1199972 1.12876e-6 -0.9496927 0.3131834 -6.14673e-6 -0.9927737 0.1200019 6.95512e-6 -0.9901524 0.1399942 2.45869e-7 -0.9496924 0.3131842 1.78628e-6 -0.8977341 0.4405378 -2.7027e-6 -0.9927716 0.1200189 4.01959e-6 -0.949684 0.3132097 1.33673e-5 -0.9933777 0.1148949 -1.46404e-5 -0.9979104 0.06461399 1.78732e-5 -0.9496812 0.3132184 9.85712e-6 -0.9930849 0.1173988 -1.39102e-5 -0.9933784 0.114889 -1.5229e-5 -0.9496814 0.3132178 -6.69062e-6 -0.2158145 0.9519922 0.2171058 -0.8038056 0.5948921 1.91778e-5 -0.7917089 0.5867937 0.1699127 -0.8038415 0.5948437 2.52575e-6 -0.8977332 0.4405395 -4.96209e-6 -0.8038415 0.5948436 -3.19274e-6 -0.2375113 0.9713848 1.48583e-5 -0.8038901 0.594778 -2.2195e-5 -0.80389 0.594778 -1.62492e-5 -0.237091 0.9714875 1.08778e-6 -0.8037872 0.5949168 9.70066e-6 -0.2158185 0.9519931 0.2170979 -0.2550789 -0.9669203 2.10032e-5 -0.7917153 -0.5867944 0.16988 -0.8037981 -0.5949022 5.36442e-6 -0.8038374 -0.5948491 -1.12549e-5 -0.8038374 -0.5948491 -7.5755e-6 -0.9496826 -0.313214 -8.75071e-6 -0.2374746 -0.9713937 -1.48583e-5 -0.8038955 -0.5947707 2.2195e-5 -0.803896 -0.5947701 1.62493e-5 -0.254696 -0.9670212 -1.023e-4 -0.8037999 -0.5948997 -1.83973e-5 -0.2375046 -0.9713865 -8.96497e-6 -0.9901497 -0.1400134 0 -0.9496814 -0.3132178 -1.82539e-6 -0.9927738 -0.1200011 -2.95974e-6 -0.8971086 -0.4418102 1.70525e-6 -0.8038021 -0.5948967 -6.74278e-7 -0.9496902 -0.3131908 6.02379e-6 -0.990149 -0.1400181 -3.09944e-6 -0.8971108 -0.4418056 1.75722e-5 -0.949688 -0.3131976 4.42192e-6 0 0 -1 -0.9927709 -0.1200253 -2.64496e-7 -0.9901666 -0.1398933 -7.66478e-7 -0.9927709 -0.1200253 -1.38107e-7 -1 0 0 9.11365e-6 0.8206908 -0.5713726 -1.11014e-6 0.8206909 -0.5713726 1.90157e-5 0.4617977 -0.8869854 -4.25801e-6 2.11915e-4 -1 -2.13971e-6 0.4618028 -0.8869827 -2.228e-5 2.03252e-5 -1 3.44217e-5 2.34023e-4 -1 2.97129e-5 0.8704128 -0.4923226 -1.73151e-5 0.4618291 -0.886969 -9.05991e-6 0.8206518 -0.5714288 -1.78814e-5 0.4617891 -0.8869898 -8.76188e-6 0.8704332 -0.4922868 -1.16512e-5 1.93149e-4 -1 1.65249e-5 1.44869e-6 -1 9.90182e-6 -0.4616986 -0.887037 -0.8971093 -0.4418088 -2.34693e-7 -0.8003103 -0.5995863 -3.91901e-6 -0.8037979 -0.5949026 7.17957e-6 -0.2373052 -0.9714351 8.32975e-6 -0.8038422 -0.5948427 -1.61231e-5 -0.8002933 -0.5996087 -2.78875e-5 -0.7020748 -0.7121033 -2.48849e-6 -0.7913084 -0.6114174 1.75051e-5 -0.800301 -0.5995985 1.21873e-5 0.3044016 -0.6526295 0.6938404 -0.8002466 -0.5996711 1.29044e-5 -0.7912884 -0.6114432 -5.57303e-6 -0.8971168 -0.4417935 -3.36021e-6 -0.7021414 -0.7120376 -4.92483e-6 -0.8003001 -0.5995997 -4.02913e-6 0.4225955 -0.9063186 -2.98768e-6 -0.237321 -0.9714313 1.74046e-5 -0.8002526 -0.5996631 9.12547e-5 0.3043635 -0.6527003 0.6937906 0.4225783 -0.9063265 -3.59416e-5 -0.8003029 -0.5995962 -5.16623e-5 -0.7021348 -0.7120441 -1.83121e-7 -0.7071024 -0.7071112 2.54367e-6 -0.7913231 -0.6113983 -2.65799e-6 -0.4253572 -0.5504747 0.7183654 -0.791377 -0.6113286 1.85966e-5 -0.7070953 -0.7071183 1.64807e-5 -0.5684937 -0.4392428 0.6956154 -0.7913031 -0.6114243 -1.62721e-5 -0.4253054 -0.550468 0.7184012 0.3043895 -0.6527271 0.6937539 -0.7913236 -0.6113976 -2.12491e-5 -0.5685501 -0.4393159 0.6955232 -0.7021472 -0.7120319 3.90969e-6 -0.6113967 -0.7913243 -3.98792e-6 -0.7071145 -0.7070991 -5.12192e-6 -0.4252863 -0.5505095 0.7183808 -0.7070878 -0.7071258 -4.14252e-6 -0.6114172 -0.7913085 -3.38373e-6 -0.5933447 -0.8049486 9.91364e-7 -0.5996186 -0.8002859 -1.53389e-6 -0.6113603 -0.7913524 2.77709e-7 -0.4252015 -0.5503935 0.7185199 -0.6114312 -0.7912976 -1.90735e-6 -0.599578 -0.8003163 3.12328e-5 -0.7020912 -0.7120871 4.9104e-6 -0.5933036 -0.8049789 2.49129e-7 -0.6114117 -0.7913126 -1.07754e-6 -0.5932869 -0.8049912 1.9998e-7 -0.5949066 -0.8037949 -1.44588e-7 -0.599597 -0.8003022 0 -0.6571769 0.3067901 0.6884754 -0.5996237 -0.8002821 -3.84748e-5 -0.5948888 -0.8038081 1.54376e-5 -4.92483e-6 6.86944e-6 1 -0.4252858 -0.5503973 0.7184671 -0.5996142 -0.8002893 -1.02744e-5 -0.6571778 0.3068981 0.6884264 -4.29153e-6 3.80129e-5 1 -0.5996026 -0.8002979 1.27079e-5 -0.5929072 -0.8052709 0 -0.5948742 -0.8038189 0 -0.5948742 -0.8038189 0 -0.8944864 -0.4470951 -1.3411e-7 -0.594907 -0.8037946 1.6833e-6 -0.5949068 -0.8037948 -1.11623e-4 -0.8919177 -0.4521979 1.16444e-4 -0.5949001 -0.8037996 1.60001e-5 -0.8944826 -0.4471029 -1.91302e-5 -0.6571546 0.3068235 0.6884818 -0.5949134 -0.8037899 0 -0.8918958 -0.4522411 3.36766e-6 -0.4285258 -0.9035296 1.15531e-5 -0.3131889 -0.9496909 -6.65337e-6 -0.594911 -0.8037917 4.60818e-6 -0.5933983 -0.8049091 4.08443e-7 -0.4286041 -0.9034924 5.15953e-6 -0.5949022 -0.8037982 -7.25637e-6 -0.8947966 -0.446474 3.58373e-6 -0.5949075 -0.8037943 1.17691e-5 -0.5867875 -0.7917146 0.1699072 -0.1082049 -0.9941287 -3.00352e-6 1.9992e-5 -1 8.09878e-6 -0.3132098 -0.949684 5.50598e-6 -0.1924057 -0.9813155 -2.27988e-6 -0.108208 -0.9941283 1.69128e-6 -0.3132089 -0.9496843 -3.84822e-6 -0.4285021 -0.9035409 8.3521e-6 -0.1923978 -0.9813171 -3.04729e-6 -0.3131955 -0.9496887 -6.84673e-6 0.224407 -0.9744956 -2.61143e-6 0.3131927 -0.9496897 9.79193e-6 -1.08778e-6 -1 6.3479e-6 0.2081044 -0.9781067 5.27501e-6 0.2244014 -0.9744968 -1.32434e-5 -2.20835e-5 -1 6.18398e-7 -0.1082205 -0.9941269 6.04801e-6 0.2081054 -0.9781065 -7.94604e-6 7.01472e-6 -1 3.23169e-7 0.5948488 -0.8038376 -1.12549e-5 0.5948488 -0.8038376 6.0794e-5 0.3132137 -0.9496827 -8.72835e-6 0.5331966 -0.8459914 2.80328e-6 0.5948958 -0.803803 -7.011e-6 0.3131967 -0.9496883 -9.68575e-7 0.2243947 -0.9744984 6.43544e-6 0.5332027 -0.8459876 -8.48621e-6 0.3131811 -0.9496935 4.90528e-6 0.8944864 -0.4470951 1.3411e-7 0.594907 -0.8037946 -1.6833e-6 0.5949068 -0.8037948 1.11251e-5 0.9669097 -0.2551192 3.21381e-5 0.5867979 -0.7917127 0.1698809 0.5949065 -0.803795 6.3926e-6 0.8944967 -0.4470747 1.45566e-6 0.9670163 -0.2547143 2.86563e-5 0.5948495 -0.8038371 -2.17091e-6 0.6087037 -0.7933977 8.70554e-7 0.5996035 -0.8002972 4.98956e-7 0.5947879 -0.8038827 0 0.8944934 -0.4470813 -3.36766e-6 0.5949134 -0.8037899 -9.6336e-6 0.5995901 -0.8003073 -3.70387e-6 0.5331956 -0.845992 5.24917e-7 0.6087097 -0.793393 1.95671e-6 0.5949089 -0.8037931 7.86968e-7 0.6085758 -0.7934958 5.22694e-7 0.6114249 -0.7913025 -2.79164e-7 0.5995988 -0.8003008 5.66157e-7 0.6526311 0.3043991 0.69384 0.5996706 -0.8002471 1.03414e-5 0.6112678 -0.7914239 2.71015e-5 0.9763024 0.2164109 -1.72481e-5 0.5996116 -0.8002911 2.73287e-5 0.9063125 0.4226081 2.18004e-5 0.6526439 0.3044097 0.6938233 0.9063271 0.422577 -4.70579e-5 0.5995927 -0.8003054 -6.7383e-5 1 8.88258e-5 2.22027e-6 0.599606 -0.8002954 -1.42157e-5 0.9763038 0.2164048 6.69807e-6 0.8944792 -0.4471097 -7.92928e-6 0.5996075 -0.8002943 1.75685e-5 1 1.12539e-4 -1.81347e-5 0.7830956 -0.6219014 -1.82241e-5 0.7070925 -0.7071211 -5.67362e-6 0.6114196 -0.7913066 -6.61053e-6 0.5505042 -0.4253019 0.7183756 0.6113288 -0.7913768 1.809e-5 0.7071182 -0.7070954 1.57952e-5 0.6086852 -0.793412 -4.30271e-7 0.7831036 -0.6218914 -6.18026e-6 0.6114202 -0.7913063 -4.00189e-6 0.4392114 -0.5685326 0.6956035 0.6114277 -0.7913004 -1.48416e-5 0.55047 -0.4253011 0.7184023 0.6527283 0.3043983 0.6937489 0.6113885 -0.7913306 -1.33812e-5 0.4393373 -0.5685118 0.6955409 0.7831105 -0.6218826 -4.00213e-6 0.7913064 -0.6114198 2.0999e-6 0.7071217 -0.7070919 -2.81446e-6 0.5505082 -0.4252877 0.7183809 0.7071244 -0.7070893 -4.41074e-6 0.7913072 -0.6114187 -2.65508e-6 0.9441204 -0.3296011 7.91252e-6 0.8002938 -0.5996083 1.63168e-5 0.7913076 -0.6114184 1.19321e-5 0.5503929 -0.4252051 0.718518 0.791296 -0.6114333 -5.42402e-6 0.8003144 -0.5995807 2.94149e-5 0.7831095 -0.6218839 4.07035e-6 0.9440862 -0.3296986 -4.58956e-6 0.7913053 -0.6114212 6.97514e-6 0.9441121 -0.3296246 1.30013e-5 0.803801 -0.5948985 -5.15953e-6 0.800291 -0.5996119 4.37722e-6 -0.3067919 -0.6571756 0.688476 0.8002798 -0.5996268 -3.80874e-5 0.8038073 -0.5948899 1.45137e-5 -4.66406e-6 -1.67564e-5 1 0.5503801 -0.425266 0.7184919 0.8002868 -0.5996175 -1.55121e-5 -0.3068081 -0.6572285 0.6884182 -3.18885e-5 -9.08971e-6 1 0.8003041 -0.5995944 7.09575e-6 0.9441173 -0.3296099 -8.65757e-6 0.8038034 -0.5948951 1.21166e-5 0.8038033 -0.5948951 8.68738e-6 0.2374746 -0.9713937 1.48583e-5 0.8038955 -0.5947707 -2.2195e-5 0.803896 -0.5947701 -1.62493e-5 0.2546964 -0.9670211 5.51029e-5 0.8038001 -0.5948996 1.88872e-5 0.2375048 -0.9713864 9.45275e-6 -0.3068027 -0.6571652 0.688481 0.8038107 -0.5948852 3.9041e-6 0.254935 -0.9669582 -8.9407e-6 0.9440873 -0.3296957 -6.90669e-6 0.949685 -0.3132068 9.76073e-6 0.8038051 -0.5948928 -3.28571e-6 0.2158145 -0.9519922 0.2171058 0.8038056 -0.5948921 1.91778e-5 0.7917089 -0.5867937 0.1699127 0.237091 -0.9714875 1.08778e-6 0.8037872 -0.5949168 9.70066e-6 0.2158185 -0.9519931 0.2170979 1 2.37077e-5 3.32118e-6 1 2.37077e-5 -7.57776e-6 0.9496828 -0.3132132 -7.87526e-6 0.9441158 -0.3296139 -1.40863e-6 1 1.30832e-5 -7.86781e-6 0.949682 -0.3132161 1.19908e-6 0.9436665 0.3308982 8.14348e-6 1 8.82149e-6 7.03055e-6 1 8.83639e-6 8.01166e-6 0.9496936 0.3131805 -1.61491e-6 1 9.70811e-6 -3.20375e-7 0.9436683 0.330893 5.44312e-6 0.9854435 1.13547e-5 0.1700034 1 -3.69735e-6 4.01586e-6 0.9496912 0.3131877 -1.03377e-5 -2e-7 0 -1 0 0 -1 -2e-7 0 -1 0 0 -1 0 0 -1 0 0 -1 3.11024e-7 -3.94016e-7 -1 0 0 -1 0 -2.02323e-7 -1 -4.11499e-7 0 -1 0 0 -1 0 0 -1 0 -1.56586e-7 -1 0 0 -1 0 0 -1 -2.19397e-7 0 -1 0 -4.15651e-7 -1 0 0 -1 0 0 -1 0 0 -1 0 0 -1 0 1.24407e-7 -1 0 5.99642e-7 -1 0 0 -1 -2.7401e-7 0 -1 0 0 -1 0 0 -1 0 0 -1 -0.9927729 -0.1200082 -4.03451e-6 -0.9927729 -0.1200083 1.04589e-4 -0.8971187 -0.4417897 1.1377e-5 0 0 -1 -0.990154 -0.1399828 1.19247e-5 -0.992775 -0.1199917 1.40546e-5 -0.8971177 -0.4417918 4.71622e-6 0 0 -1 0 0 -1 -2.52137e-7 -2.59163e-7 -1 -5.64002e-7 -7.63842e-7 -1 0 0 -1 0 1 0 0 6.51277e-7 -1 -2.92538e-7 0 -1 -2.93665e-7 0 -1 9.94453e-6 0.857123 0.5151119 -1.58474e-5 0.857123 0.5151119 8.02428e-6 1 -2.77585e-4 0 0.8704143 -0.4923202 -7.12275e-6 1 -3.07129e-4 -3.65078e-7 0.857117 -0.5151218 9.83477e-7 0.8704264 -0.4922987 -2.88486e-5 0.8570987 0.5151523 -2.02358e-5 1 -2.71425e-4 5.82915e-6 0.8393546 -0.5435844 -5.1558e-6 0.8704124 -0.4923234 1.84309e-6 0.8571506 -0.5150662 -1.55568e-5 -0.8701911 -0.4927144 6.13928e-6 -0.8571531 -0.5150619 -2.55555e-6 -1 -3.00325e-4 2.33203e-5 -0.8701968 -0.4927045 2.39909e-5 1.99042e-4 -1 2.03252e-5 -0.8571111 -0.5151318 -6.16908e-6 -0.8393687 -0.5435627 -1.04308e-6 -0.8571034 -0.5151444 -1.4931e-5 1.55449e-4 -1 -0.9927738 0.1200013 -3.80861e-7 -0.9927738 0.1200013 -2.34693e-7 -0.9901566 0.1399642 -5.18048e-7 -7.62939e-6 -0.8701706 -0.4927506 -1.10567e-5 -1 -2.722e-4 1.66744e-5 -0.857115 0.5151252 0 -1 0 0 -0.8571145 0.5151261 -1.22599e-5 -0.8702104 -0.4926802 -2.21025e-5 -0.8571145 0.5151261 0 0 -1 -0.7071042 0.7071095 -1.33882e-5 -0.7027853 0.7114021 -1.03796e-5 -0.8977038 0.4405996 -1.07437e-5 -1.50526e-7 0 -1 -0.7913041 0.6114228 -1.71065e-5 -0.7071014 0.7071122 1.93063e-5 -0.8977476 0.4405102 -1.38432e-5 -0.8003034 0.5995953 -1.47149e-5 -0.7913056 0.6114209 1.84318e-5 -0.8977439 0.4405179 -4.84288e-6 -0.8038439 0.5948402 3.0864e-6 -0.8002996 0.5996004 1.46776e-6 -0.8977447 0.4405163 -4.92111e-6 -3.59235e-7 0 -1 0 0 -1 0 0 -1 0 0 -1 0 0 -1 -0.5949011 0.803799 3.71685e-6 -0.5932815 0.8049952 1.88386e-6 -0.7027995 0.711388 -6.11879e-6 0 -1.51059e-7 -1 -0.5996565 0.8002576 3.22089e-5 -0.594803 0.8038715 8.87737e-5 -0.7028712 0.7113172 -5.99548e-5 -0.6114096 0.7913144 6.74278e-7 -0.5996003 0.8002997 1.54506e-6 -0.7027933 0.7113943 -1.31093e-5 -0.7071159 0.7070977 -9.57865e-7 -0.6113929 0.7913272 2.9467e-6 -0.7027971 0.7113904 -2.58593e-6 0 0 -1 0 0 -1 -0.3131764 0.949695 -8.76933e-6 -0.4277741 0.9038857 -8.32975e-6 -0.5933071 0.8049762 -6.08712e-6 0 -1.23464e-7 -1 -0.5948936 0.8038045 -3.96371e-6 -0.313181 0.9496936 -7.23451e-6 -0.5932741 0.8050007 -2.27155e-6 -2.78305e-7 0 -1 0 0 -1 -0.3131956 0.9496887 -5.81396e-6 -0.1924985 0.9812973 2.57418e-6 -0.4277918 0.9038774 -9.50508e-6 0 0 -1 0 -5.9481e-7 -1 0 4.18745e-7 -1 -1.81496e-5 1 8.81404e-6 -0.1057779 0.9943898 -7.62381e-6 -0.1924917 0.9812986 3.36487e-6 0 0 -1 -0.3131893 0.9496907 1.09579e-5 -4.70877e-6 1 -6.53043e-6 -0.192513 0.9812945 -1.19638e-5 0 0 -1 0 0 -1 -1.02296e-5 1 8.30181e-6 0.2081209 0.9781032 4.51691e-6 -0.105796 0.9943879 -2.17557e-6 0.3131953 0.9496888 4.52437e-6 0.2266748 0.9739705 1.89701e-5 0.2080847 0.9781109 -1.74072e-5 0 0 -1 -1.21018e-5 1 -7.80448e-7 0.3132039 0.949686 8.26269e-6 0.2081052 0.9781065 -4.65661e-6 0.3131889 0.9496909 1.62981e-6 0.5338861 0.8455564 9.79751e-6 0.2266995 0.9739648 8.10437e-6 0 1.58603e-7 -1 -2.17354e-7 0 -1 0.5996164 0.8002877 -2.7928e-7 0.6087134 0.7933903 -6.61355e-7 0.5339394 0.8455228 -2.39722e-6 0 0 -1 0.5948992 0.8038003 0 0.5995903 0.8003072 -4.11784e-6 0.5338938 0.8455516 1.01887e-6 0.5948966 0.8038023 1.78356e-6 0.5948966 0.8038023 8.9407e-7 0.5338677 0.845568 2.27336e-6 0.3131762 0.9496951 -1.0496e-5 0.594844 0.8038412 7.49901e-6 0.5338886 0.8455549 -4.12948e-6 0 0 -1 0.7071088 0.7071049 2.84845e-6 0.7825337 0.6226084 9.02452e-6 0.6086903 0.793408 8.7209e-6 0 1.7033e-7 -1 0.6114265 0.7913012 -2.28785e-6 0.7071207 0.7070929 -2.98023e-6 0.6086915 0.7934071 -1.12742e-6 0.5996136 0.8002897 0 0.6114016 0.7913206 -1.42645e-7 0.6087045 0.7933971 -4.14439e-7 -4.05048e-7 0 -1 0 0 -1 0 0 -1 0.8038014 0.5948977 1.15186e-5 0.9436727 0.3308803 -5.80307e-6 0.7824683 0.6226904 1.02501e-5 0 0 -1 0.8002937 0.5996083 2.73157e-6 0.8038034 0.594895 -7.09761e-6 0.7825338 0.6226082 1.9276e-6 0.7913193 0.6114032 -9.879e-7 0.8002533 0.5996621 0 0.7825229 0.6226219 1.63674e-6 0.7070916 0.7071219 2.86382e-7 0.791303 0.6114243 3.11318e-6 0.7825388 0.6226019 1.73412e-6 0 0 -1 0.8037965 0.5949045 3.48315e-6 0.9496844 0.3132087 -8.42614e-6 0.9436267 0.3310118 -5.20796e-6 0 0 -1 0.8038376 0.5948489 -1.12549e-5 0.8038377 0.5948489 -9.88066e-5 0.9496827 0.3132138 -8.73953e-6 0.2375115 0.9713847 -1.48565e-5 0.8038902 0.5947778 2.2195e-5 0.8038902 0.5947779 1.62492e-5 0.2550789 0.9669203 2.10032e-5 0.7917153 0.5867944 0.16988 0.8037981 0.5949022 5.36442e-6 0.2375046 0.9713865 -8.96497e-6 0.254696 0.9670212 -1.023e-4 0.8037999 0.5948997 -1.83973e-5 0.2372899 0.9714389 1.37091e-6 0.8038454 0.5948385 2.95639e-5 0.8002998 0.5996001 2.06381e-5 -0.3044016 0.6526295 0.6938404 0.8002466 0.5996711 1.29044e-5 0.7912884 0.6114432 -5.57303e-6 -0.4225975 0.9063175 -3.12552e-6 0.2373188 0.9714319 1.48639e-5 0.8002516 0.5996645 8.56221e-5 -0.3043834 0.6526645 0.6938154 -0.4225832 0.9063242 -2.97725e-5 0.800301 0.5995986 -5.48363e-5 0.4253558 0.5504751 0.7183659 0.7913766 0.611329 2.0951e-5 0.707095 0.7071186 1.7941e-5 0.5684937 0.4392428 0.6956154 0.7913031 0.6114243 -1.62721e-5 0.4253054 0.550468 0.7184012 -0.3043888 0.6527271 0.6937543 0.7913232 0.6113981 -2.19196e-5 0.5685504 0.439316 0.6955227 0.4252863 0.5505095 0.7183808 0.7070878 0.7071258 -4.14252e-6 0.6114172 0.7913085 -3.38373e-6 0.4252015 0.5503935 0.7185199 0.6114312 0.7912976 -1.90735e-6 0.599578 0.8003163 3.12328e-5 0.6571784 -0.3067944 0.688472 0.5996283 0.8002787 -4.12613e-5 0.5948938 0.8038043 1.27852e-5 0.6571738 -0.3068962 0.688431 9.23872e-7 -3.67016e-5 1 0.5995984 0.8003011 1.61277e-5 0.4252676 0.5503787 0.718492 0.599618 0.8002864 -1.34036e-5 1.81422e-5 -6.63847e-6 1 0.9713865 0.2375044 1.48565e-5 0.5948988 0.8038007 -2.21862e-5 0.5948994 0.8038002 -1.62427e-5 0.8919089 0.4522151 -1.11824e-5 0.5948989 0.8038006 9.018e-6 0.9713838 0.2375155 -2.15024e-5 0.6571632 -0.3068206 0.6884749 0.5949079 0.8037939 2.36928e-5 0.891899 0.4522349 2.20537e-5 0.5867856 0.7917099 0.169936 0.9493833 0.2246019 0.2196025 0.5948837 0.8038118 5.58905e-5 0.9714918 0.2370733 -2.08616e-6 0.5948907 0.8038066 1.26362e-5 0.9494161 0.2245805 0.2194831 -0.5948492 0.8038374 -1.12549e-5 -0.5948492 0.8038374 -7.62569e-6 -0.3132141 0.9496827 -8.75816e-6 -0.8944866 0.4470949 1.3411e-7 -0.5949072 0.8037945 -1.6833e-6 -0.5949071 0.8037946 1.11623e-4 -0.8922278 0.4515857 1.35358e-5 -0.5868012 0.7917038 0.1699102 -0.5948064 0.8038691 -4.87268e-6 -0.8944826 0.4471031 1.84014e-5 -0.8919176 0.4521982 -1.17174e-4 -0.5949 0.8037998 -1.67312e-5 -0.8944866 0.4470947 4.94718e-6 -0.5949009 0.8037992 -4.38094e-6 -0.5995795 0.8003152 2.14623e-6 -0.6526311 -0.3043991 0.69384 -0.5996706 0.8002471 1.03414e-5 -0.6112678 0.7914239 2.71015e-5 -0.8944855 0.447097 1.12662e-5 -0.5995808 0.8003142 1.94013e-5 -1 -7.97511e-5 -1.04904e-5 -0.9763075 -0.2163883 4.17233e-7 -1 -1.09449e-4 -6.20633e-6 -0.5996028 0.8002978 -8.25524e-6 -0.9763022 -0.216412 1.25915e-6 -0.5996124 0.8002906 2.93851e-5 -0.9063088 -0.4226162 2.65241e-6 -0.6526221 -0.3044258 0.6938368 -0.9063203 -0.4225914 -3.32594e-5 -0.5995746 0.800319 -6.35088e-5 -0.5505042 0.4253019 0.7183756 -0.6113288 0.7913768 1.809e-5 -0.7071182 0.7070954 1.57952e-5 -0.4392114 0.5685326 0.6956035 -0.6114277 0.7913004 -1.48416e-5 -0.55047 0.4253011 0.7184023 -0.6527281 -0.3043985 0.693749 -0.6113905 0.7913291 -1.39773e-5 -0.4393122 0.5685479 0.6955273 -0.5505082 0.4252877 0.7183809 -0.7071244 0.7070893 -4.41074e-6 -0.7913072 0.6114187 -2.65508e-6 -0.5503929 0.4252051 0.718518 -0.791296 0.6114333 -5.42402e-6 -0.8003144 0.5995807 2.94149e-5 0.3067954 0.6571733 0.6884765 -0.8002788 0.5996281 -3.3766e-5 -0.8038061 0.5948914 1.93715e-5 0.3068081 0.6572285 0.6884182 3.18885e-5 9.08971e-6 1 -0.8003041 0.5995944 7.09575e-6 -0.5503791 0.4252671 0.718492 -0.8002865 0.5996178 -1.39177e-5 6.19888e-6 1.75908e-5 1 -0.2546965 0.9670211 1.50478e-4 -0.8038003 0.5948994 1.88872e-5 -0.237505 0.9713863 9.45263e-6 0.3068044 0.657159 0.6884861 -0.8038086 0.594888 -2.65241e-6 -0.2549322 0.966959 -1.10865e-5 -1.72853e-5 1.99534e-4 -1 -1.26958e-5 -0.4618138 -0.886977 -1.46329e-5 -0.8206335 -0.5714549 6.67945e-6 -0.8206804 -0.5713876 -2.3257e-5 2.07407e-4 -1 -3.66403e-5 -0.8206804 -0.5713876 0.2370984 -0.9714856 -1.54339e-5 0.2157862 -0.952 0.2170997 -0.4226168 -0.9063086 2.65986e-5 -0.4226177 -0.9063081 -1.02967e-5 -0.4226357 -0.9062997 4.39022e-5 0.2156174 -0.951942 0.2175216 -0.422613 -0.9063103 3.44962e-6 0.2371048 -0.9714841 -6.38515e-6 -0.42261 -0.9063118 -1.2327e-5 -0.4226532 -0.9062915 -1.85783e-6 -0.4225797 -0.9063258 3.56706e-5 -0.4225844 -0.9063236 2.9408e-5 -0.4226195 -0.9063073 1.20211e-6 -0.4226186 -0.9063076 0 -0.4226183 -0.9063078 0 0.1975314 -0.9569941 0.2124703 -0.4226013 -0.9063158 -8.65758e-6 0.2156054 -0.951924 0.2176121 0.2546862 -0.9670239 -9.02079e-6 0.2374949 -0.9713889 4.06927e-5 -0.4226213 -0.9063064 -1.83024e-5 -0.4226172 -0.9063084 -1.04729e-6 -0.4226188 -0.9063076 0 0.2547187 -0.9670152 -1.4862e-5 -0.4225918 -0.9063202 2.21862e-5 -0.4225918 -0.9063202 1.62428e-5 -0.4225929 -0.9063197 7.90247e-6 -0.4225929 -0.9063197 -4.91738e-6 -0.2056804 -0.9786193 8.57748e-7 0.9756153 0.2194875 1.17756e-5 0.9547228 -0.2054101 0.2152004 0.9063224 0.4225871 -6.24359e-6 0.9063225 0.4225869 -1.75089e-5 0.906326 0.4225794 -4.384e-5 0.9548115 -0.2056149 0.2146103 0.9763045 0.2164018 1.48626e-7 0.9755517 0.2197702 4.53368e-6 0.9063237 0.4225842 4.70038e-6 0.9063079 0.4226182 0 0.9763005 0.2164194 -3.24333e-6 0.906316 0.4226008 6.43439e-6 0.906316 0.4226008 2.14949e-6 0.9543941 -0.2071889 0.2149525 0.906308 0.4226177 2.25529e-5 0.9547913 -0.2056152 0.2147001 -0.4225883 -0.9063219 8.25804e-6 -0.2056856 -0.9786182 1.02818e-6 0.006279706 -0.9999803 -5.83753e-6 -0.4225935 -0.9063193 1.00821e-5 -0.4225935 -0.9063193 1.43796e-6 -0.2056811 -0.9786192 -1.64285e-6 -0.4225837 -0.906324 5.3402e-5 0.006309986 -0.9999801 2.36183e-6 0.2117128 -0.977332 -1.09524e-5 -0.4225897 -0.9063212 -2.21431e-5 0.2117041 -0.9773339 -9.84967e-6 0.5173046 -0.8558015 -1.03796e-5 0.5372837 -0.8434017 2.90433e-6 0.5172848 -0.8558133 -4.19095e-6 0.7998737 -0.6001685 -1.52141e-5 0.5372897 -0.8433967 0.001340985 -0.4226063 -0.9063135 -2.6051e-5 0.5172894 -0.8558107 3.0773e-5 0.5373055 -0.8433877 -2.8925e-5 0.7998777 -0.6001632 -8.55327e-6 0.9538509 -0.3002807 -7.76723e-6 0.5372933 -0.8433955 5.29177e-5 0.9538509 -0.300281 5.54137e-6 1 7.51019e-6 -6.7167e-6 1 1.27777e-5 1.05978e-5 1 1.27777e-5 -3.90783e-6 0.9755507 0.219775 -5.13624e-7 0.537308 -0.8433861 -1.27628e-5 1 -1.27554e-5 -9.40903e-6 1 -1.26958e-5 0 0.9762806 0.2165097 -6.59668e-5 1 2.25231e-5 -3.58978e-6 0.975538 0.2198312 3.93063e-6 0.9063169 0.4225986 1.49012e-6 0.9063172 0.4225981 9.61125e-7 0.9545295 -0.2070297 0.2145045 0.9063296 0.4225716 0 0.9062887 0.4226593 0 0.906329 0.4225727 0 0.9063089 0.4226158 3.44405e-7 0.9669184 -0.2550858 -1.19582e-6 0.9063194 0.4225935 1.13677e-5 0.9545111 -0.2070194 0.2145962 0.9063088 0.4226163 2.23602e-7 0.9063185 0.4225953 -2.21862e-5 0.9063184 0.4225958 -1.62428e-5 0.9670163 -0.2547144 1.4862e-5 0.9063076 0.4226186 0 0.9762877 0.2164772 -7.00355e-6 0.9063094 0.4226146 6.45872e-7 0.9670246 -0.2546833 4.59775e-5 1 -1.24765e-6 4.83124e-6 0.9762827 0.2165003 -6.61705e-7 0.9670225 -0.2546908 -2.16998e-6 0.8944837 -0.4471006 1.00178e-5 1 1.83731e-5 -3.16184e-7 0.9670227 -0.2546907 -2.72735e-6 0.9063079 0.4226183 0 0.6525925 0.3042962 0.6939213 0.9063127 0.4226078 3.12924e-6 0.9063162 0.4226005 1.98931e-6 0.9762814 0.2165057 -4.87175e-6 0.9063193 0.4225939 1.81523e-6 0.9063192 0.422594 0 0.6409094 0.2987943 0.7070765 0.9763156 0.2163514 4.38094e-6 0.9063109 0.4226117 -2.1239e-5 0.6410179 0.2984946 0.7071048 0.9063172 0.4225984 2.06232e-5 0.6527271 0.3042958 0.693795 0.6408511 0.2988089 0.7071231 1 -1.74567e-5 1.99378e-5 0.9763072 0.2163895 1.43349e-5 1.13249e-6 1.96397e-5 1 0.5372773 -0.8434057 -3.75509e-6 1 1.14292e-5 -1.19209e-5 0.7071008 6.89924e-6 0.7071129 1 -3.47197e-6 -7.24196e-6 0.6408092 0.2989466 0.7071028 1.19656e-5 -2.46018e-5 1 1 8.46386e-6 -1.58027e-5 0.7070928 6.59376e-6 0.7071209 -0.2987948 -0.640834 0.7071446 -0.422583 -0.9063243 4.64916e-6 0.5373297 -0.8433724 2.46465e-5 -0.29881 -0.6409016 0.707077 -0.4226158 -0.906309 -1.95503e-5 -0.4226259 -0.9063044 -1.89841e-5 -1.24276e-5 2.11448e-5 1 -0.2988013 -0.6408787 0.7071014 0.5373119 -0.8433836 -3.27826e-6 -3.49134e-5 6.70552e-6 1 -3.17022e-5 5.90086e-6 1 0.5373034 -0.843389 -1.46776e-5 -0.3068214 -0.6572207 0.6884196 0.2548819 -0.9669722 -3.15011e-5 -0.4225905 -0.9063208 -6.72042e-6 -0.2988294 -0.640891 0.7070783 -0.3064995 -0.6572835 0.6885031 -0.4226163 -0.9063088 -1.5974e-5 0.4392318 -0.5684822 0.6956317 0.5505101 -0.4252618 0.7183949 -2.41399e-6 -1.19209e-6 1 -2.92808e-5 5.24521e-6 1 -5.58048e-6 -5.30481e-6 1 -0.3065017 -0.6573849 0.6884053 -2.08914e-5 7.27177e-6 1 0.4392533 -0.5684224 0.6956669 -1.06394e-5 1.85668e-5 1 -1.00285e-5 2.21729e-5 1 -0.3064949 -0.6572964 0.6884929 -0.2993284 -0.6405954 0.7071352 -8.07643e-6 9.65595e-6 1 8.97795e-6 2.4654e-5 1 0.4392167 -0.5685279 0.695604 0.6526328 0.3044068 0.693835 0.4393014 -0.5684993 0.6955739 8.9407e-7 4.67896e-6 1 0.6408389 0.2988287 0.7071259 0.6525838 0.304315 0.6939213 1.96695e-6 -9.95398e-6 1 -1.12951e-5 -3.71039e-6 1 0.6408801 0.2988067 0.7070978 -1.44243e-5 4.61936e-6 1 -7.07145e-7 0 1 0 0 1 0.707098 -1.49757e-5 0.7071157 0.640878 0.2987922 0.7071058 5.03659e-6 1.28895e-5 1 0.7071114 -3.48128e-5 0.7071023 -3.18699e-5 3.17907e-5 1 7.73533e-6 3.74839e-5 1 0.7071152 -1.46255e-5 0.7070984 -1.78814e-6 1.49049e-5 1 -4.52856e-7 -1.92598e-6 1 -5.45382e-6 -1.22935e-5 1 0.7071066 -5.94556e-6 0.707107 -7.689e-6 -1.4782e-5 1 6.528e-7 0 1 -2.98736e-7 0 1 1 -1.05798e-5 2.63087e-5 1 -1.05202e-5 0 1.04308e-5 1 -2.58982e-5 0.7015895 -0.7125815 -2.45005e-5 -1.52185e-5 -1 -2.63304e-5 1 -1.71959e-5 2.18898e-5 0.7015801 -0.7125907 -6.79493e-6 1 4.20213e-6 1.28518e-6 1 4.20213e-6 0 -0.6991105 0.7150137 1.91662e-5 1.53049e-5 1 -2.33538e-5 -1 1.73151e-5 3.91677e-5 0.006411075 0.9999792 -7.15538e-4 1 1.26958e-5 1.72555e-5 -1.17123e-5 1 -7.04071e-5 0.006400942 0.9999796 0 -2.3067e-5 1 -4.66406e-6 -0.6990609 0.715062 4.93449e-4 -1 1.00434e-5 2.66459e-5 -1 1.00434e-5 0 -9.98378e-6 -1 -2.5928e-5 -0.6991096 0.7150145 -6.72042e-6 -1 5.00679e-6 -7.221e-6 -1 5.06639e-6 0 -0.00391823 -0.9999923 -2.28218e-5 1.29044e-5 -1 -1.77361e-5 0.7015861 -0.7125847 3.06313e-4 -1 -1.99676e-5 1.7181e-5 1.96397e-5 -1 1.12101e-5 -0.004007041 -0.9999919 -4.44406e-4 -0.8947876 -0.446492 1.14162e-5 -0.5867877 -0.7917146 0.1699063 -0.9493846 -0.2246077 0.2195917 -0.9063284 0.4225741 0 -0.9062882 0.4226605 0 -0.9063287 0.4225735 0 -0.906307 0.4226201 1.23211e-7 -0.9761959 0.2168906 -5.65685e-6 -0.9063059 0.4226223 -3.41423e-6 -0.9063057 0.4226229 -1.22935e-7 -0.9764116 0.2159175 -1.03326e-5 -0.9762874 0.2164789 -7.30179e-6 -0.9063104 0.4226124 4.15603e-7 -0.9063197 0.4225929 5.21325e-6 -0.976437 0.2158025 -6.74534e-6 -0.9063197 0.4225929 8.82505e-6 -0.9063079 0.4226181 0 -0.9063085 0.4226168 0 -0.9999995 -9.90577e-4 1.67629e-5 -0.9493899 -0.2245669 0.2196099 -0.9063153 0.4226021 0 -0.9063004 0.4226341 2.1264e-5 -0.9062969 0.4226415 4.68383e-5 -0.9494311 -0.2240077 0.2200028 -0.9761979 0.216882 7.92742e-6 -0.9999995 -0.001105844 -1.22972e-5 -0.9063199 0.4225923 2.11447e-5 -0.9063078 0.4226183 0 -0.9063077 0.4226185 0 -0.9999996 -9.71175e-4 9.87202e-6 -0.8947954 -0.4464765 1.49198e-5 -0.9493886 -0.2246028 0.2195791 -0.9063204 0.4225912 -2.86102e-6 -0.9494301 -0.2239876 0.2200275 -0.9548068 -0.2056056 0.2146403 -0.8919132 -0.4522069 1.27996e-5 -0.8944783 -0.4471117 -1.17428e-4 -1 -1.76281e-5 -4.02518e-6 -1 -1.69352e-5 -1.00434e-5 -1 -1.5825e-5 -5.20409e-6 -0.9762784 0.2165191 -5.61262e-6 -0.8919028 -0.4522273 -1.31391e-5 -1 7.79331e-6 3.3633e-6 -1 7.6443e-6 1.11051e-5 -0.9764405 0.2157869 7.51148e-6 -1 1.3113e-6 -3.57069e-6 -0.976285 0.2164891 -9.09514e-6 -0.6571735 0.3068196 0.6884656 -1 1.08679e-4 2.12342e-5 -0.9764342 0.2158154 -1.06264e-5 -0.6571682 0.3067303 0.6885103 -0.8919026 -0.4522277 1.17421e-5 -1 7.86483e-5 8.19564e-6 -0.6571982 0.3067568 0.6884699 -0.9764384 0.2157962 2.17557e-5 -0.9063124 0.4226086 -1.93655e-5 -0.6408828 0.2988269 0.7070869 -0.657283 0.3064829 0.688511 -0.9063102 0.4226131 -4.88758e-6 -0.6408937 0.2988113 0.7070835 -0.9063094 0.4226149 -9.59635e-6 -0.9063066 0.4226207 -9.44734e-6 -0.5684808 -0.4392344 0.6956313 -0.4253079 -0.5504832 0.7183881 -6.4075e-7 -3.57628e-7 1 -3.03984e-6 3.15905e-5 1 -1.24276e-5 6.71297e-6 1 -0.6573903 0.3065021 0.6884 2.72691e-5 3.97861e-5 1 -0.5684076 -0.4392397 0.6956876 3.67463e-5 2.71201e-5 1 -0.6405964 0.2993313 0.7071331 2.09808e-5 1.30534e-5 1 -0.6572969 0.3064975 0.6884912 4.76837e-6 5.60284e-6 1 1.97859e-5 -1.17179e-5 1 -0.5685035 -0.4392005 0.695634 0.3043735 -0.6526139 0.6938674 -0.5684894 -0.4392938 0.6955867 9.32813e-6 1.78218e-5 1 0.2988302 -0.6408396 0.7071245 0.3043164 -0.6525843 0.6939203 -8.46386e-6 -2.89083e-6 1 -5.42402e-6 1.04904e-5 1 0.2988049 -0.6408805 0.7070983 2.5779e-6 1.43349e-5 1 -1.98063e-7 0 1 8.47741e-7 0 1 -0.2546861 -0.9670239 9.02091e-6 -0.2374949 -0.9713888 6.98864e-6 0.4226214 -0.9063063 1.83024e-5 0.4226116 -0.906311 7.689e-6 0.4225998 -0.9063164 8.14162e-6 0.3042941 -0.652663 0.693856 0.4225918 -0.9063202 -1.62428e-5 -0.2547187 -0.9670152 1.4862e-5 0.4225918 -0.9063202 -2.21862e-5 0.4226176 -0.9063081 0 0.4226184 -0.9063078 0 0.2984876 -0.6410043 0.70712 0.422639 -0.9062982 -4.20213e-6 0.3043041 -0.6525931 0.6939175 -0.2158172 -0.9519932 0.2170994 -0.2551127 -0.9669114 -2.17557e-6 0.4226028 -0.9063151 -1.54674e-5 0.422598 -0.9063172 -1.59554e-5 -0.2158172 -0.9519899 0.2171134 0.4225982 -0.9063172 -1.79671e-5 0.4226533 -0.9062915 -1.85972e-6 0.4225843 -0.9063236 2.94074e-5 0.4225797 -0.9063258 3.56699e-5 0.4226184 -0.9063077 -1.11801e-6 -0.2135945 -0.9525119 0.2170219 -0.2155858 -0.9519299 0.2176057 0.4226252 -0.9063046 5.7295e-6 0.4226181 -0.9063079 2.75525e-6 0.4226133 -0.9063102 -1.48227e-5 -0.2136044 -0.9525141 0.2170025 0.4226186 -0.9063076 -4.34369e-6 0.4226185 -0.9063077 0 0.2233036 -0.974749 -9.82732e-6 -0.2138287 -0.9523255 0.2176088 0.4226066 -0.9063134 7.63685e-6 -0.5372761 -0.8434064 -2.03475e-5 0.223395 -0.9747281 1.27312e-5 0.4225959 -0.9063183 2.67848e-6 0.4226084 -0.9063124 4.72367e-6 -0.5372898 -0.8433978 3.15234e-5 0.4226084 -0.9063124 -5.11505e-5 -0.9063124 0.4226085 -3.93606e-7 -0.9063124 0.4226085 -5.32903e-6 -0.9739184 0.2268987 -5.89248e-6 -0.9762806 0.2165093 5.73685e-6 -0.9739212 0.2268868 1.19023e-6 -0.9993144 0.03702235 -2.87849e-6 -0.906313 0.4226074 -3.74066e-6 -0.9739187 0.2268975 3.55509e-6 -0.906313 0.4226074 -5.37846e-6 -0.9763008 0.2164178 1.94507e-4 -0.9063167 0.422599 1.59908e-6 -0.9739207 0.2268891 4.63056e-6 -1 -2.27653e-5 -1.66241e-6 -0.9993162 0.03697788 1.85147e-6 -0.9892081 -0.1465176 -4.97536e-6 -0.9999999 2.09063e-5 5.35717e-4 -0.9762811 0.2165068 -3.35998e-6 -0.9993144 0.03702276 6.9302e-7 -1 5.1856e-6 2.70386e-5 -0.9892128 -0.1464858 -6.28084e-6 -0.9086787 -0.4174964 -3.48501e-6 -1 -1.14441e-5 5.02169e-5 -0.9086519 -0.4175546 -2.34693e-6 -0.7166936 -0.6973882 -1.78255e-6 -0.5372916 -0.8433966 -1.70548e-6 -0.716701 -0.6973806 -5.36442e-7 -0.4359084 -0.8999911 -1.73436e-6 -0.5372971 -0.8433932 1.57105e-5 -1 5.87106e-6 -2.14987e-5 -0.7166874 -0.6973946 1.30651e-5 -0.5372872 -0.8433994 5.8366e-6 -0.4359071 -0.8999917 7.3947e-6 -0.1583107 -0.9873894 1.72667e-6 -0.5372789 -0.8434047 2.66507e-5 -0.1583063 -0.9873901 -1.79559e-6 0.02939361 -0.9995679 2.15508e-6 -0.5373101 -0.8433848 3.46936e-5 0.02940112 -0.9995677 5.08269e-6 0.2234025 -0.9747264 5.92507e-6 -0.6408996 0.2987958 0.7070848 -0.9063181 0.4225962 -1.28448e-5 -0.9762968 0.2164362 -6.25849e-6 2.5183e-5 3.67761e-5 1 -0.9762969 0.2164358 1.54376e-5 -1 -4.32134e-6 1.57356e-5 -0.6408758 0.298803 0.7071033 -0.9762798 0.2165126 1.72257e-5 -1.08033e-6 -6.79493e-6 1 -7.03931e-5 1.77696e-5 1 -1 3.04915e-5 -2.02805e-5 -0.5372949 -0.8433945 1.78218e-5 1.80304e-5 1.66409e-5 1 2.40207e-5 -1.74195e-5 1 -1 5.69224e-6 1.4618e-5 0.4226083 -0.9063125 2.68281e-5 0.4226083 -0.9063125 0 -0.5372899 -0.8433977 2.14726e-5 -2.05934e-5 -7.78586e-6 1 -0.5373037 -0.8433889 5.57303e-6 0.4225558 -0.9063369 -7.89762e-6 -3.39225e-5 -9.68575e-6 1 0.4226008 -0.906316 -1.59517e-5 0.298784 -0.6408876 0.7071006 2.66135e-5 -1.18017e-5 1 0.2988082 -0.640891 0.7070874 6.78748e-6 -7.24197e-6 1 -1 1.0103e-5 1.65304e-5 -1 1.0103e-5 0 -1.0103e-5 -1 -8.9407e-6 -1.04904e-5 1 1.39401e-5 -1.04904e-5 1 -1.29256e-6 -1 -1.055e-5 -1.02967e-5 -1.42157e-5 1 8.3819e-6 -1 -2.71499e-5 5.40651e-5 -0.8648838 0.5019722 -2.01166e-7 -1 -8.9407e-7 0 -0.8648812 0.5019769 -1.14795e-5 -1 -6.85453e-7 7.26349e-6 0.7015881 -0.7125828 1.09148e-5 -3.17465e-7 -1 1.26772e-5 1 1.71363e-5 6.16983e-5 -0.003919184 -0.9999924 1.33155e-5 1.18017e-5 -1 -2.91057e-5 0.7015855 -0.7125853 2.32883e-4 -0.8646988 -0.5022908 -1.54972e-6 -2.16067e-5 -1 -2.67836e-5 -0.004000127 -0.999992 -2.92217e-4 -1 5.1856e-6 -2.96533e-6 -2.20388e-5 -1 -8.77678e-6 -0.864698 -0.5022922 -3.39746e-6 1 -1.055e-5 1.65304e-5 1 -1.04904e-5 0 1.04308e-5 1 -8.9407e-6 0.7015818 -0.7125889 -1.34483e-5 1 7.12275e-6 -2.56161e-5 1 6.91414e-6 0 1 -1.82092e-5 7.6443e-6 1.809e-5 1 -1.81076e-5 1.809e-5 1 -1.29255e-6 -0.4225986 0.9063169 -1.74232e-5 -0.4225988 0.9063169 -1.54823e-5 0.2158164 0.9519899 0.217114 0.2135974 0.9525117 0.2170202 0.2155902 0.9519293 0.2176041 -0.4226216 0.9063063 4.11272e-6 0.2551121 0.9669116 -2.15694e-6 -0.4226033 0.9063148 -1.5486e-5 0.2158166 0.9519932 0.2170994 -0.4225727 0.9063291 1.47236e-5 -0.4226594 0.9062886 -1.67047e-6 -0.4225782 0.9063265 1.23346e-5 -0.4226185 0.9063078 2.75525e-6 -0.4225852 0.9063233 -1.04251e-4 0.2136028 0.9525141 0.2170043 -0.4226198 0.9063071 -2.58535e-6 -0.422618 0.906308 0 -0.4226174 0.9063082 -1.11801e-6 -0.4225904 0.9063208 -2.21862e-5 -0.4225903 0.9063209 -1.62428e-5 0.2547203 0.9670149 1.48639e-5 -0.4226181 0.9063079 0 -0.422623 0.9063056 1.82018e-5 0.2546845 0.9670242 8.92306e-6 0.2374932 0.9713892 6.89027e-6 -0.2051046 0.9787401 8.70787e-5 0.2138098 0.9523577 0.2174863 -0.4225935 0.9063194 2.50712e-5 0.5372859 0.8434002 -1.54972e-5 -0.2052908 0.9787011 2.11699e-5 -0.4226151 0.9063093 -8.03173e-6 0.5372899 0.8433977 3.15309e-5 -0.4226083 0.9063125 -5.11505e-5 -0.4226084 0.9063125 4.72367e-6 0.9494135 0.224095 0.2199897 0.9548071 0.2056036 0.2146404 0.9063195 -0.4225932 -3.01749e-6 0.9063166 -0.4225994 1.09378e-5 0.9063166 -0.4225994 -5.81145e-6 0.9755691 -0.219693 2.79117e-6 0.9062507 -0.4227409 2.14974e-4 0.9494305 0.2240106 0.2200021 0.9063017 -0.4226315 2.09436e-5 0.906308 -0.4226178 0 0.9763056 -0.2163966 -6.71358e-6 0.975574 -0.2196716 -4.43682e-6 1 -2.61515e-6 5.07757e-6 0.9063178 -0.4225967 -5.32763e-6 0.9755698 -0.2196901 8.68458e-7 0.9063178 -0.4225967 3.57865e-6 0.9763004 -0.2164204 6.26588e-5 0.9063156 -0.4226015 -4.13088e-6 0.9755685 -0.2196954 3.82501e-6 1 4.72367e-6 -1.02995e-5 1 4.68641e-6 -3.20375e-6 0.9562098 0.2926824 -1.21198e-5 1 2.28137e-5 0 0.9763007 -0.2164186 -3.519e-6 1 2.27615e-5 -6.76303e-7 1 -1.36495e-5 -3.16594e-5 0.9562023 0.292707 8.88854e-6 0.8006005 0.5991986 5.0012e-7 0.5373108 0.8433844 -1.05621e-5 0.8006395 0.5991466 5.29736e-6 0.5099909 0.8601799 -3.53408e-6 0.5372939 0.8433952 -2.87313e-5 1 -1.00136e-5 -1.87531e-5 0.8006035 0.5991946 -1.20364e-5 0.5372852 0.8434006 1.74693e-5 0.510006 0.860171 -6.31064e-6 0.2039857 0.9789739 -6.63847e-6 0.5372928 0.8433959 -3.01376e-6 0.2040147 0.9789679 -4.54485e-6 0.003085553 0.9999952 -4.80097e-6 0.5372931 0.8433956 2.27578e-5 0.003087997 0.9999952 5.7281e-6 -0.2053052 0.9786981 -4.83729e-6 0.9714867 0.2370941 -6.13555e-6 0.9493894 0.2245904 0.2195881 0.9063216 -0.4225888 -6.4075e-6 0.9062947 -0.4226464 0 0.9062945 -0.4226468 0 0.9062966 -0.4226425 0 0.9714835 0.2371077 -5.0962e-6 0.9063128 -0.4226076 -1.093e-5 0.9063115 -0.4226102 4.92483e-6 0.906309 -0.4226159 0 0.9063078 -0.4226183 0 0.9063067 -0.4226206 1.23211e-7 1 2.13906e-5 7.02287e-6 0.9713875 0.2375008 2.36854e-5 0.9063146 -0.4226036 -1.11479e-5 0.9764173 -0.2158923 -3.43239e-6 1 1.11163e-5 3.83193e-6 0.9063177 -0.4225972 -2.89679e-5 0.9063197 -0.4225929 5.21325e-6 0.976437 -0.2158025 -6.74534e-6 0.9063197 -0.4225929 8.82505e-6 0.9063076 -0.4226186 0 1 1.74009e-5 -1.07829e-5 0.8919031 0.4522268 1.805e-5 0.9713953 0.2374686 -1.39231e-5 0.6571888 -0.3067253 0.6884929 0.8918976 0.4522377 1.43051e-6 1 -6.96778e-5 -7.42078e-6 0.6571024 -0.3068614 0.6885148 1 -1.07638e-4 2.04891e-5 0.976437 -0.215803 -1.17347e-6 0.657157 -0.3068077 0.6884866 0.9764413 -0.2157832 1.55866e-5 0.9063169 -0.4225986 -1.93985e-5 0.6408753 -0.2987992 0.7071053 0.9063094 -0.4226149 2.12193e-5 0.9063054 -0.4226237 2.13981e-5 0.6572893 -0.3065049 0.6884951 0.9063088 -0.4226162 2.12491e-5 0.6408665 -0.298819 0.707105 0.7071104 1.01635e-5 0.7071033 0.9062998 -0.4226355 2.6226e-5 0.976315 -0.216354 -1.7494e-5 0.7071205 2.75038e-5 0.7070931 0.640899 -0.2987964 0.707085 0.9063127 -0.4226078 -2.31862e-5 0.7071056 3.2112e-6 0.707108 0.9763067 -0.2163913 -2.03252e-5 1 6.54161e-6 -5.36279e-6 0.5372675 0.8434121 2.79248e-5 0.7071021 -7.98702e-6 0.7071114 1 -8.43406e-6 -5.1558e-6 -6.76513e-6 1.72108e-5 1 -1.14217e-5 1.89617e-6 1 0.6408788 -0.2988013 0.7071014 0.6572977 -0.3064972 0.6884905 0.6405969 -0.2993306 0.7071328 -2.01166e-5 -1.24872e-5 1 2.00681e-5 3.8198e-5 1 1.58437e-5 3.14489e-5 1 0.6408056 -0.2988793 0.7071346 0.7070978 -1.75834e-6 0.7071158 6.19888e-6 9.52929e-6 1 0.6408789 -0.2987861 0.7071076 0.6572715 -0.3065188 0.688506 -1.19209e-7 -3.18438e-5 1 1.00434e-5 -7.35372e-6 1 7.70651e-7 0 1 0.537289 0.8433982 -6.73532e-6 -8.73022e-6 -2.35736e-5 1 0.7070966 -1.07288e-6 0.707117 -1.3056e-6 0 1 -4.69925e-7 0 1 0.5372929 0.8433958 -1.35303e-5 1.19507e-5 -3.86089e-5 1 8.40425e-6 -3.13669e-5 1 1.15669e-6 0 1 0.5684103 0.4392428 0.6956835 -3.29018e-5 -2.27094e-5 1 -2.33054e-5 -3.52561e-5 1 0.5684804 0.4392342 0.6956318 0.4253073 0.5504832 0.7183885 0 2.68221e-7 1 8.47741e-7 0 1 -1 1.055e-5 1.65304e-5 -1 1.04904e-5 0 -1.04308e-5 -1 -8.9407e-6 -0.6991142 0.7150101 -4.5409e-6 6.19329e-7 1 1.61603e-5 -1 -1.68383e-5 7.34851e-5 -5.78221e-7 0 1 -0.699109 0.7150152 -1.34744e-5 -1 6.07967e-6 -1.20319e-5 -1 6.04987e-6 0 0.57722 -0.8165888 2.10293e-6 -2.43116e-5 -1 -3.56473e-5 1 -9.14931e-6 6.26668e-5 -0.00400269 -0.999992 1.55199e-5 -2.38419e-5 -1 -7.92369e-6 0.5772142 -0.8165928 1.90861e-4 -1 -1.91033e-5 1.6138e-5 1.88649e-5 -1 -1.78321e-5 -0.004007756 -0.999992 -3.37787e-4 1 -1.0103e-5 1.65304e-5 1 -1.0103e-5 0 1.00434e-5 1 -8.9407e-6 0.7015764 -0.7125943 -1.35414e-5 0.5772106 -0.8165954 -1.31801e-5 1 -5.06639e-6 1.05053e-6 0.7015801 -0.7125906 -1.33738e-5 1 4.29153e-6 -2.56161e-5 1 4.26173e-6 0 0.006400406 0.9999796 -8.47256e-6 -2.34544e-5 1 -3.05474e-6 -0.6990613 0.7150617 3.75371e-4 0.5831187 0.812387 -1.15857e-5 -1.30832e-5 1 1.23483e-5 0.006410598 0.9999795 -3.14882e-4 1 1.69277e-5 5.29736e-6 5.51343e-6 1 -6.78375e-5 0.5831104 0.812393 -4.09782e-6 0.5685055 0.4392001 0.6956327 -2.41399e-6 -5.46873e-6 1 -1.77408e-5 1.14236e-5 1 -0.2988049 0.6408805 0.7070983 -2.5779e-6 -1.43349e-5 1 5.42402e-6 -1.04904e-5 1 -0.3043735 0.6526139 0.6938674 0.5684894 0.4392938 0.6955867 -9.32813e-6 -1.78218e-5 1 -0.298829 0.6408398 0.7071249 -0.3043156 0.6525844 0.6939204 9.28342e-6 2.95043e-6 1 -0.2987976 0.6408959 0.7070874 1.38599e-5 0 1 1.03414e-5 2.38419e-7 1 0.5373184 0.8433795 -1.81794e-6 -0.4226295 0.9063026 -7.86781e-6 -1.42455e-5 -1.19433e-5 1 -0.2988011 0.6408798 0.7071004 1.59815e-5 -1.35601e-5 1 -0.4225876 0.9063221 7.19726e-6 -0.4226104 0.9063115 1.19805e-5 -0.4226045 0.9063143 1.25021e-5 -0.304287 0.6526628 0.6938593 -0.4226184 0.9063078 0 -0.2984846 0.641005 0.7071207 -0.4225984 0.9063171 -4.29153e-6 -0.3043081 0.6525924 0.6939162 0.5372899 0.8433977 2.14726e-5 -0.4226083 0.9063125 2.68281e-5 -0.4226083 0.9063125 0 -0.9063168 -0.4225991 1.49012e-6 -0.9063169 -0.4225986 9.83477e-7 -0.9545296 0.2070291 0.2145045 -0.9547909 0.2056163 0.2147008 -0.954334 0.2072046 0.2152043 -0.9063086 -0.4226167 2.34321e-5 -0.9763245 -0.2163113 -6.29947e-6 -0.9063041 -0.4226264 -7.37887e-6 -0.9545354 0.2069806 0.2145255 -0.9999995 0.001021862 -9.90182e-6 -0.9763289 -0.2162915 -3.17767e-6 -0.9545157 0.2069807 0.2146134 -0.8922259 0.4515895 2.37674e-6 -0.9999996 9.98214e-4 -3.46638e-6 -0.9545123 0.2070096 0.2146002 -0.9062938 -0.4226482 0 -0.9062939 -0.422648 0 -0.9062955 -0.4226446 0 -0.9063081 -0.4226179 3.44406e-7 -0.906308 -0.422618 0 -0.954811 0.2056167 0.2146107 -0.9063231 -0.4225855 -1.70246e-5 -0.9063197 -0.4225926 1.73983e-6 -0.9063088 -0.4226163 2.23602e-7 -0.9063197 -0.4225929 -8.82505e-6 -0.9063197 -0.4225929 -5.21325e-6 -0.976437 -0.2158025 6.74534e-6 -0.9063076 -0.4226186 0 -0.9762851 -0.2164892 9.09514e-6 -0.9764406 -0.2157869 -7.51148e-6 -1 -1.34856e-6 3.57069e-6 -0.9762824 -0.2165012 7.30143e-6 -0.9063211 -0.4225899 -4.1537e-7 -0.9764169 -0.2158939 1.03326e-5 -1 -7.79331e-6 -3.3633e-6 -1 -7.6443e-6 -1.11051e-5 -0.8919028 0.4522273 1.31391e-5 -0.9762889 -0.2164722 5.61005e-6 -1 1.69724e-5 1.00434e-5 -1 1.58623e-5 5.20409e-6 -0.8944783 0.4471116 1.82984e-5 -1 1.76281e-5 4.02518e-6 -0.8919132 0.4522069 -1.27996e-5 -0.9063079 -0.4226183 0 -0.6526103 -0.3043085 0.6938993 -0.9063125 -0.4226083 2.04742e-5 -0.9063174 -0.4225977 1.94833e-5 -0.9763022 -0.2164121 -3.24333e-6 -0.9063192 -0.422594 6.43439e-6 -0.9063192 -0.422594 2.15042e-6 -0.9747507 -0.2232962 -3.42354e-6 -0.9547272 0.2053842 0.2152054 -0.9063172 -0.4225982 1.90437e-5 -0.9762818 -0.2165039 8.61703e-6 -0.9747212 -0.223425 -3.78862e-6 -0.90632 -0.4225922 3.67872e-7 -0.9762806 -0.2165094 -4.87268e-6 -0.9063177 -0.4225973 1.81523e-6 -0.9063177 -0.4225973 0 -3.50177e-7 -1.67824e-6 1 -0.9763169 -0.216346 1.05724e-5 -0.9063231 -0.4225855 9.35048e-6 -0.6409059 -0.298795 0.7070794 -1.45137e-5 3.65824e-5 1 -0.9063233 -0.4225852 -1.61529e-5 -0.6525928 -0.3043084 0.6939157 -0.6410029 -0.2984893 0.7071206 -0.9063192 -0.4225939 -4.41074e-6 -0.2156111 0.9519231 0.2176108 -0.1974774 0.9569987 0.2125004 0.4225958 0.9063184 -9.53674e-6 0.4226057 0.9063136 -3.93606e-7 0.4226057 0.9063136 -5.32716e-6 0.2268958 0.9739191 -5.89341e-6 0.4226297 0.9063025 1.52628e-4 -0.2156116 0.951943 0.2175227 0.4226229 0.9063057 -9.43244e-6 0.4226185 0.9063077 0 0.4226093 0.906312 -2.93925e-6 0.2269157 0.9739145 -5.00679e-6 0.03698366 0.9993159 -7.64662e-6 0.4226043 0.9063144 -3.73926e-6 0.2268943 0.9739195 3.55532e-6 0.4226043 0.9063144 -5.37846e-6 0.4225978 0.9063174 -2.71089e-5 0.03701102 0.9993149 -2.20537e-6 -0.1464874 0.9892126 8.95141e-6 0.4225999 0.9063163 -4.91142e-5 -0.146508 0.9892095 -2.04891e-6 -0.4175041 0.9086751 -6.01076e-6 -0.5372946 0.8433947 1.33185e-6 -0.4175065 0.908674 2.63751e-6 -0.6973971 0.716685 1.48858e-5 -0.5372801 0.8434039 -2.89832e-5 0.4225986 0.906317 1.55717e-5 -0.4175538 0.9086523 1.60169e-5 -0.537302 0.84339 -2.41948e-5 -0.6973799 0.7167018 -2.5332e-6 -0.9000282 0.4358317 2.74647e-6 -0.5373072 0.8433867 -6.21378e-6 -0.8999958 0.4358987 -7.75978e-6 -0.987393 0.158288 -2.87592e-6 -1 7.93487e-6 -6.67875e-7 -0.987391 0.158301 -4.90993e-6 -0.9995672 -0.02942228 2.60441e-6 -1 2.05519e-6 1.11535e-5 -0.5373023 0.8433898 -4.57577e-5 -0.9873918 0.1582953 1.51941e-5 -0.9762808 -0.2165086 -3.83845e-6 -0.9995649 -0.02949935 7.42078e-6 -0.9747309 -0.223383 5.16223e-6 -0.9762803 -0.2165104 4.42561e-4 -1 -2.41026e-5 3.22028e-6 -0.9995648 -0.02950221 3.80259e-6 -0.2370992 0.9714855 -1.55047e-5 -0.2157871 0.9519998 0.2170998 0.422616 0.9063089 2.65837e-5 0.4226152 0.9063093 4.16115e-6 -0.2371022 0.9714848 -5.45382e-6 0.4226123 0.9063107 -1.16602e-5 0.4226654 0.9062859 -1.45162e-6 0.4223242 0.9064449 7.40321e-5 0.4223284 0.9064429 7.29319e-5 0.4226186 0.9063076 1.20211e-6 0.4226186 0.9063077 0 -0.2546846 0.9670242 -9.0297e-6 -0.2374933 0.9713892 -6.99773e-6 0.422623 0.9063056 -1.83098e-5 0.4226191 0.9063075 -1.0473e-6 0.4225918 0.9063202 1.62428e-5 -0.2547187 0.9670152 -1.4862e-5 0.4225918 0.9063202 2.21862e-5 0.4226183 0.9063079 0 0.3068281 0.6572219 0.6884155 -0.2548837 0.9669717 -3.10838e-5 0.4225857 0.9063231 -1.1988e-5 0.298813 0.6409009 0.7070763 0.4226126 0.9063104 -1.9908e-5 0.4226161 0.9063088 -1.87755e-5 0.3064859 0.6572913 0.6885017 0.4226101 0.9063116 -1.8239e-5 0.2988296 0.6408922 0.7070772 0.2987995 0.6408356 0.7071412 0.4225934 0.9063194 1.99974e-5 -0.5373296 0.8433725 2.42591e-5 -5.6155e-5 8.55327e-6 1 -0.5373037 0.8433889 3.84003e-5 -1 -3.56352e-5 -3.12924e-5 -8.56444e-6 -3.45707e-6 1 8.32323e-6 -9.83477e-7 1 -0.5373048 0.8433882 5.67734e-6 0.2987992 0.6408868 0.7070949 -0.5373115 0.8433839 -1.33514e-5 1.11461e-5 -1.08182e-5 1 -2.03326e-5 8.51601e-6 1 -1 3.47793e-5 -1.06543e-5 -0.9762778 -0.2165216 -9.90182e-6 0.3064977 0.657298 0.68849 0.2993314 0.6405973 0.7071322 1.32471e-5 -1.97291e-5 1 0.3065039 0.6573833 0.6884058 3.21716e-5 -7.53999e-6 1 8.03173e-6 4.29153e-6 1 -0.6408942 -0.2988 0.7070879 -7.7188e-6 -2.65241e-6 1 -1.19209e-5 -2.73511e-5 1 1.29938e-5 -3.59118e-6 1 9.71556e-6 4.26173e-6 1 -0.6408811 -0.298806 0.7070972 -0.6525858 -0.3043153 0.6939194 -4.41074e-6 9.55165e-6 1 -0.640841 -0.2988286 0.7071241 -3.96126e-7 0 1 -0.4392528 0.5684232 0.6956667 1.73151e-5 -2.07424e-5 1 2.61068e-5 -7.48038e-6 1 -0.4392441 0.5685129 0.6955989 -0.5505057 0.4252622 0.718398 6.94394e-6 1.17719e-6 1 -1 1.04904e-5 2.63087e-5 -1 1.04904e-5 0 -1.0401e-5 -1 -2.58982e-5 -1.03414e-5 1 2.33259e-5 -9.98378e-6 1 -1.51176e-6 -1 -1.0252e-5 -2.73138e-5 -1.75834e-5 1 2.5779e-5 -1 -1.74344e-5 -2.52972e-5 -1 -1.75536e-5 0 8.47742e-7 0 1 0.7015894 -0.7125815 -2.50542e-5 -1.45459e-5 -1 -2.67029e-5 1 -1.68979e-5 2.14502e-5 -2.91359e-7 0 1 -0.003917694 -0.9999924 -2.18341e-5 1.29938e-5 -1 -1.67191e-5 0.7015863 -0.7125845 3.07342e-4 -1 -2.05636e-5 1.73002e-5 2.04742e-5 -1 1.14132e-5 -0.004006206 -0.9999919 -4.44553e-4 1 -1.0103e-5 2.66459e-5 1.0103e-5 1 -2.5928e-5 0.7015813 -0.7125895 -6.76513e-6 1 6.07967e-6 1.28518e-6 1 6.02007e-6 0 1.82092e-5 1 -1.51175e-6 1 -1.80304e-5 2.44379e-5 1.78516e-5 1 -2.82774e-5 -0.4392182 0.5685302 0.6956012 5.87106e-6 -6.91414e-6 1 -1.15391e-5 -2.17417e-5 1 -0.6526328 -0.3044068 0.693835 -0.4393014 0.5684993 0.6955739 -8.9407e-7 -4.67896e-6 1 -1 6.74694e-6 0 -1 -5.23081e-6 0 -1 3.19253e-6 0 -1.87922e-5 0.8393549 -0.5435839 -1.78674e-6 0.8206824 -0.5713848 1.3262e-6 0.8704236 -0.4923037 -1 -1.13743e-5 0 -1 -1.05115e-4 0 -1 -2.07274e-6 0 -1 5.92808e-5 0 -1.18464e-5 -0.8206605 -0.5714161 -1.41114e-5 -0.8393958 -0.5435208 -1.66893e-5 1.59532e-4 -1 -1 -1.90916e-6 0 -1 -1.19865e-6 0 -1 -5.02864e-6 0 -1 3.6965e-5 0 -1 5.23081e-6 0 -1 -4.63008e-5 0 -3.33333e-7 0 -1 -3.33334e-7 0 -1 1 0 0 0 0 -1 0 0 -1 0 0 -1 0 0 -1 -2.74656e-7 0 -1 0 -1.28119e-7 -1 0 0 -1 0 0 -1 -1.36269e-7 2.92229e-7 -1 0.5372903 0.8433974 4.32134e-7 0.3643699 0.9312543 -6.09271e-6 -0.4225885 0.9063217 -2.62633e-5 0.5373156 0.8433812 7.23434e-6 0.5373156 0.8433812 2.4453e-6 0.3643705 0.9312542 8.4904e-6 -0.4226161 0.9063088 1.91538e-7 -0.4226078 0.9063127 -2.29769e-5 0.5372903 0.8433974 -1.20699e-5 -0.4226078 0.9063127 2.09163e-5 -0.4226185 0.9063078 0 -0.4225932 0.9063196 -3.73495e-5 -0.4225932 0.9063194 0 0.2751022 0.9614151 -1.50241e-5 0.2750933 0.9614176 -1.52095e-5 0.2750011 0.9614439 1.91247e-5 0.8380959 0.5455231 4.13135e-6 0.2751139 0.9614117 1.72666e-5 -0.4226257 0.9063043 1.66148e-5 0.2751138 0.9614117 -1.04102e-5 0.8380734 0.5455576 -5.02661e-6 0.8380734 0.5455576 -1.51852e-7 0.929311 0.3692983 3.14415e-6 0.8380739 0.5455568 0 0.2751007 0.9614154 1.49906e-5 0.8380737 0.545557 3.46745e-5 0.9586722 0.2845132 -2.50791e-5 0.9293165 0.3692841 6.52857e-6 0.9839248 0.1785838 -6.09271e-6 0.9586766 0.2844985 4.73671e-6 0.8380712 0.5455611 2.27243e-7 0.9293124 0.3692948 3.06405e-7 0.1873884 0.982286 -3.24756e-5 0.1873881 0.9822859 0 0.7705337 0.6373994 -1.44132e-5 0.958675 0.2845038 3.79235e-6 0.9839202 0.1786093 3.08927e-6 0.9839201 0.1786093 -9.76026e-7 0.7639246 0.6453056 -2.82246e-5 0.7705348 0.637398 -2.88781e-4 1 -1.06096e-5 -2.20537e-5 0.7639219 0.6453086 2.87398e-4 0.1873862 0.9822863 8.84198e-6 0.7705321 0.6374014 -1.17489e-5 1 2.92937e-6 0 1 1.74847e-6 0 0.7639161 0.6453157 1.46907e-5 1 2.80142e-6 9.66992e-6 1 2.23517e-6 0 0 0 -1 -4.11677e-7 0 -1 0 -1.37327e-7 -1 0 0 -1 -1.86998e-7 4.01019e-7 -1 -0.5373035 -0.843389 1.8511e-5 -0.2458033 -0.9693198 3.1542e-5 0.4226068 -0.9063131 6.86944e-6 -0.5373007 -0.8433908 -1.53449e-7 -0.5373007 -0.8433908 5.65585e-6 -0.2458023 -0.9693201 2.02842e-6 0.4226185 -0.9063076 -1.91539e-7 0.4226077 -0.9063128 -2.29769e-5 -0.5372904 -0.8433974 -1.19656e-5 0.4226078 -0.9063127 2.07831e-5 0.4226185 -0.9063078 0 0.4225932 -0.9063196 -3.77802e-5 0.4225932 -0.9063194 0 -0.2751022 -0.9614151 -1.49682e-5 -0.2750915 -0.961418 -1.52687e-5 -0.2749994 -0.9614444 1.93103e-5 -0.838095 -0.5455244 4.40329e-6 -0.2751139 -0.9614117 1.72666e-5 0.4226257 -0.9063044 1.65552e-5 -0.2751138 -0.9614117 -1.03135e-5 -0.8381073 -0.5455055 -3.46405e-6 -0.8381073 -0.5455055 0 -0.9586721 -0.2845136 -2.25753e-6 -0.2751021 -0.9614151 1.51694e-5 -0.8380748 -0.5455554 3.52544e-5 -0.8380748 -0.5455555 1.68086e-7 -0.9586817 -0.2844809 -2.41609e-6 -0.9586817 -0.2844809 1.1322e-6 -1 -1.97589e-5 -1.2517e-6 -0.9586717 -0.2845147 1.15945e-6 -0.8381067 -0.5455064 3.54648e-6 -0.9586716 -0.2845147 4.74371e-6 -1 1.97589e-5 -3.56599e-6 -1 1.97738e-5 0 -0.9586818 0.2844809 -2.41399e-6 -0.9586821 -0.2844795 2.39909e-6 -1 -1.83582e-5 3.56599e-6 -1 -1.83582e-5 0 -0.9586721 0.2845136 -2.4452e-6 -0.9586721 0.2845136 1.09841e-6 -0.8381072 0.5455055 -1.3113e-6 -1 1.83284e-5 3.53158e-6 -0.9586822 0.2844795 4.7046e-6 -0.9586822 0.2844795 1.12325e-6 -0.8381087 0.5455033 -3.75167e-5 -0.8381087 0.5455035 1.85665e-7 -0.2751157 0.9614111 -1.46627e-5 -0.9586718 0.2845147 2.55555e-6 -0.8381066 0.5455064 3.69545e-6 -0.8381066 0.5455064 1.25375e-7 -3.6254e-6 -4.59806e-5 -1 -3.62386e-6 -4.59808e-5 -1 -3.62339e-6 -4.59808e-5 -1 -0.2751238 0.9614089 -1.49244e-5 -0.2751237 0.9614089 1.94967e-5 0.4226163 0.9063088 4.5225e-6 0 1.99335e-7 -1 -0.2751006 0.9614155 1.70809e-5 -0.8380739 0.5455568 1.63987e-5 -0.2751005 0.9614155 -1.04964e-5 -1.87003e-7 -4.01028e-7 -1 0.4226185 0.9063076 -1.91539e-7 -0.2751141 0.9614116 1.49235e-5 0.4226255 0.9063045 3.46311e-5 0.4226255 0.9063045 0 0.4226185 0.9063078 0 0.4225971 0.9063177 2.1258e-5 0.4225973 0.9063177 1.56986e-5 -0.2458017 0.9693201 -8.41916e-6 -4.00985e-7 0 -1 0.4226089 0.9063122 7.45654e-5 -0.2457907 0.9693229 -1.87308e-5 -0.5372741 0.8434078 -1.85519e-6 0.003922045 -0.9999923 -1.15484e-5 0.4470335 -0.8945143 0.00228697 -0.007296144 -0.9999735 7.09738e-6 0 0 -1 0.7060924 -0.7081198 -1.54129e-5 0.7032015 -0.7109903 -5.97936e-4 0.4469944 -0.8945367 3.5353e-6 0.004002153 -0.9999921 -2.68146e-5 0.7061042 -0.7081081 -1.6436e-5 0.4470072 -0.8945305 -6.06198e-6 -0.7018885 -0.712287 1.66893e-6 -0.007297873 -0.9999734 -4.17978e-5 -1 -8.9705e-6 -4.63426e-5 -0.7018492 -0.7123165 -0.003599882 0.004005968 -0.999992 2.95758e-5 -0.00740379 -0.9999727 2.11596e-5 -1 -1.72853e-6 3.23984e-5 -1 -1.75834e-6 0 -0.7018858 0.7122896 -4.64916e-6 -1 1.43051e-6 0 -0.7018855 -0.7122898 4.63426e-6 -1 1.40071e-6 -3.23984e-5 -0.003894627 0.9999925 -1.95205e-5 -0.7018505 0.7123199 0.002526223 0.003919959 0.9999924 -1.23167e-6 -0.7061152 0.7080944 0.001951217 -1 -9.98378e-6 8.49366e-7 -0.7018994 0.7122762 -3.0804e-5 -0.003915965 0.9999906 -0.001909852 -0.7060925 0.7081196 8.33394e-6 -0.7018362 0.7123384 2.15918e-5 -0.003881096 0.9999926 7.15128e-6 0.003878772 0.9999912 -0.001629054 0.4467011 0.8946834 8.93325e-6 0.7018784 0.7122968 2.30893e-5 0.4467093 0.8946793 2.39834e-5 1 1.78516e-5 -5.69224e-6 0.7018842 0.7122911 -6.23614e-6 -0.003883183 0.9999926 -3.50028e-5 0.4466824 0.8946927 -1.07475e-5 0 0 -1 1 1.12653e-5 3.23279e-5 1 1.12355e-5 0 0.7031887 -0.7110033 -4.48525e-6 0.7018873 0.7122882 4.60446e-6 1 -4.14252e-6 -3.23984e-5 1 -4.05312e-6 0 0.7061143 -0.7080967 0.001346886 1 1.04308e-5 9.35793e-6 0.7031917 -0.7110003 1.25652e-5 -0.5372981 0.8433925 -2.31007e-5 -0.537298 0.8433925 2.07391e-5 -1 -2.34246e-5 8.27014e-6 -0.5372896 0.8433978 -2.36251e-5 0.4226086 0.9063123 -9.045e-6 -0.5372896 0.8433979 1.95274e-5 -1 2.36332e-5 -8.01963e-7 -1 -2.42665e-5 5.32853e-6 -0.9763008 -0.2164178 -5.29643e-6 -0.537309 0.8433856 -1.19954e-5 -1 1.15037e-5 2.0985e-5 -1 1.14739e-5 -2.28737e-5 -0.9762808 -0.2165084 -4.63411e-6 -0.9762808 -0.2165085 1.49587e-6 -0.906318 -0.4225965 6.85826e-6 -0.9762806 -0.2165096 -9.05588e-6 -1 -2.24039e-5 1.62516e-6 -0.9762806 -0.2165096 -2.88926e-6 -0.9063082 -0.4226176 1.91539e-7 -0.9063189 -0.4225945 -5.07292e-6 -0.9762813 -0.2165063 5.51809e-6 -0.9063189 -0.4225946 1.05126e-6 -0.9063082 -0.4226176 1.32268e-7 -0.9063178 -0.4225968 -3.75963e-5 -0.906318 -0.4225965 1.39253e-7 -0.961416 0.2750988 -1.47298e-5 -0.879076 0.4766818 -8.51275e-6 -0.9614095 0.2751218 1.77426e-5 -0.5455946 0.8380494 -1.70823e-5 -0.9762806 -0.2165096 1.37836e-6 -0.9063159 -0.4226008 7.77375e-6 -0.961409 0.2751232 1.37463e-6 -1 1.19805e-5 9.13348e-6 -0.9614114 0.2751146 -7.37724e-7 -0.8790811 0.4766724 -7.45058e-6 -0.9763055 -0.216397 7.24103e-6 -0.9614099 0.2751198 1.88323e-5 -1 5.45176e-6 -1.91759e-6 -0.5455932 0.8380503 1.00436e-5 -0.5455932 0.8380503 0 -0.2841084 0.9587922 -2.44379e-6 -0.8790705 0.476692 1.10529e-5 -0.5454949 0.8381142 1.47312e-5 -0.5454949 0.8381142 0 -0.2844772 0.9586828 -2.27246e-6 -0.2841095 0.9587919 -3.06018e-5 -0.2230973 0.9747963 0 -0.2845147 0.9586716 1.68477e-4 -0.5455064 0.8381066 2.24262e-6 -0.2841012 0.9587944 7.10192e-6 -0.2844741 0.9586837 1.93156e-6 -0.2231019 0.9747952 1.25729e-6 -1.78181e-5 1 -4.70504e-6 5.37932e-6 1 4.56272e-6 5.41657e-6 1 3.11249e-7 0.2062786 0.9784934 3.27081e-6 -0.2844794 0.9586821 2.47359e-6 -1.82986e-5 1 3.61976e-6 -1.82837e-5 1 0 -5.78165e-6 1 -1.22711e-5 0.2063035 0.9784881 -1.31875e-5 0.2841001 0.9587947 8.70228e-6 0.2844763 0.9586831 1.39939e-5 0.2841085 0.9587922 1.68234e-4 0.5456334 0.838024 1.3411e-6 1.83135e-5 1 1.1079e-5 0.2841116 0.9587913 -1.23364e-5 0.2844794 0.9586821 -1.55395e-4 0.5454984 0.8381119 -1.65543e-5 0.5454986 0.8381118 0 0.8790725 0.4766881 -1.08499e-5 0.284515 0.9586716 2.33203e-6 0.5455067 0.8381065 3.47395e-6 0.5455067 0.8381065 0 0.8790636 0.4767045 -2.03003e-5 0.8790635 0.4767047 4.02717e-5 1 2.11447e-5 -6.69062e-6 0.8791161 0.4766078 4.0191e-5 0.5454949 0.8381142 6.15977e-6 0.8791161 0.4766078 1.07353e-5 1 2.14949e-5 -7.01816e-6 1 2.14875e-5 -1.58326e-7 0.9763004 -0.2164199 -3.48478e-6 0.879065 0.476702 1.08127e-5 1 1.80453e-5 1.44872e-5 1 1.80006e-5 -1.62319e-7 0.9763022 -0.2164121 -5.50078e-6 0.9763021 -0.2164121 1.34578e-6 0.9063192 -0.422594 -1.93878e-6 0.9762805 -0.2165096 1.38534e-6 1 -2.23964e-5 4.71342e-6 0.9762806 -0.2165095 8.27215e-6 0.9063082 -0.4226175 -1.91539e-7 0.9762805 -0.2165101 3.16231e-6 0.9063172 -0.422598 6.73741e-6 0.9063173 -0.422598 -1.19639e-7 0.9063163 -0.4225999 -1.03869e-6 0.9063163 -0.4226001 5.07521e-6 0.97628 -0.2165123 -5.56465e-6 0 0 -1 0.9762801 -0.2165114 -5.04408e-6 0.9762801 -0.2165114 1.09108e-6 1 -2.42516e-5 6.45872e-6 0.9762812 -0.2165063 -9.17572e-6 0.906319 -0.4225945 1.51619e-6 0.9762812 -0.2165063 -3.05241e-6 1 7.53999e-6 -2.02949e-5 1 7.56979e-6 2.28758e-5 0.5373122 0.8433835 1.0252e-5 1 2.13161e-5 -5.36019e-6 0.9763004 -0.2164201 5.22379e-6 1 2.13981e-5 7.69892e-7 0.5373098 0.8433851 -2.38274e-5 1 1.06096e-5 -9.14931e-6 0.5373097 0.8433851 1.92265e-5 1 -7.59614e-6 0 1 1.0848e-5 -3.24713e-5 1 1.07884e-5 0 0.7705347 -0.6373981 -1.44169e-5 0.7770899 -0.6293897 -2.83761e-5 0.7705315 -0.6374021 -2.88982e-4 0.1873847 -0.9822866 -2.21822e-5 0.7770928 -0.6293861 2.87288e-4 1 9.68575e-6 8.77678e-6 0.7705345 -0.6373984 -1.18977e-5 0.9839176 -0.178623 7.80094e-6 0.9839176 -0.178623 0 0.9293149 -0.3692886 1.13994e-6 0.7770953 -0.629383 1.47019e-5 0.1873926 -0.9822852 9.67119e-6 0.1873928 -0.9822851 0 0.9586777 -0.2844946 7.3798e-6 0.9293149 -0.3692885 3.1516e-6 0.8380969 -0.5455216 4.25056e-6 0.983917 -0.1786265 8.03731e-6 0.9293034 -0.3693174 6.27711e-7 0.9586837 -0.2844745 1.21952e-5 0.8381066 -0.5455064 -3.77805e-5 0.8381068 -0.5455062 0 0.2751126 -0.9614121 -1.4998e-5 0.8381067 -0.5455065 -1.50074e-7 0.9586717 -0.2845148 2.22772e-6 0.8381067 -0.5455065 3.40949e-6 4.83189e-7 -4.04755e-5 -1 4.83842e-7 -4.04755e-5 -1 4.87673e-7 -4.04755e-5 -1 0.2751238 -0.9614089 -1.51879e-5 0.2751237 -0.9614089 1.94967e-5 -0.4226163 -0.9063088 4.45917e-6 0 1.9932e-7 -1 0 0 -1 0.2751022 -0.961415 1.68953e-5 0.8380747 -0.5455554 1.62199e-5 0.2751023 -0.9614149 -1.06039e-5 -1.36266e-7 -2.92223e-7 -1 -0.4226185 -0.9063078 0 0.2751139 -0.9614117 1.50837e-5 -0.4226257 -0.9063044 3.51298e-5 -0.4226257 -0.9063044 0 -0.4226161 -0.9063088 1.21114e-7 -0.4225849 -0.9063233 -1.43622e-5 -0.4225847 -0.9063234 1.91205e-5 0.3643661 -0.9312558 -5.02914e-6 -2.73253e-7 0 -1 -0.4225962 -0.906318 5.30332e-5 0.3643781 -0.9312511 -1.33216e-5 0.5372902 -0.8433974 -5.78631e-6 -0.00388056 0.9999925 -2.13832e-5 -0.6609851 0.7503953 0.002378523 0.003885686 0.9999925 -2.80163e-5 0 0 -1 -1 2.563e-6 -2.61962e-5 -0.7018833 0.712292 -1.2666e-5 -0.6609942 0.7503911 2.23517e-5 -0.003996431 0.999992 1.01477e-5 -1 3.66569e-6 -2.44379e-6 -0.6610023 0.750384 -4.65661e-6 0.7018938 0.7122818 1.79261e-5 0.004003942 0.999992 2.87592e-5 1 8.64267e-7 6.21676e-5 0.7018852 0.7122856 -0.002526402 -0.003919064 0.9999924 9.9442e-7 0.003895401 0.9999925 1.93268e-5 1 1.80602e-5 -1.77518e-5 1 1.80602e-5 0 0.6994004 -0.7147302 -4.75347e-6 0.7018855 0.7122898 4.63426e-6 1 -1.40071e-6 -3.23984e-5 1 -1.43051e-6 0 0.004004597 -0.999992 2.67178e-5 0.6994268 -0.7146968 0.00328356 -0.006302773 -0.9999802 -1.0239e-5 0.7061109 -0.7080946 0.003081977 1 3.12924e-7 9.74536e-6 0.6994065 -0.7147242 -1.13845e-5 0.003915369 -0.9999879 -0.002990424 0.7061216 -0.7080907 2.60712e-5 0.6994023 -0.7147282 3.05772e-5 0.003917157 -0.9999924 -2.0274e-5 -0.006277501 -0.9999754 -0.003144085 -0.6660403 -0.7459158 1.78814e-7 -0.7018455 -0.7123293 3.80762e-5 -0.6659634 -0.7459844 3.72529e-7 -1 1.40667e-5 1.66297e-5 -0.7018396 -0.7123351 8.61473e-6 0.003912746 -0.9999924 2.48402e-5 -0.6659948 -0.7459564 -2.85748e-5 0 0 -1 -1 -3.09944e-6 3.22143e-5 -1 -3.01003e-6 0 -0.7018865 0.7122889 -4.58956e-6 -1 4.05312e-6 0 -0.7018873 -0.7122882 4.60446e-6 -1 4.14252e-6 -3.23984e-5 0.5372982 -0.8433924 -2.32961e-5 0.5372981 -0.8433925 2.05368e-5 1 2.34842e-5 8.01682e-6 0.5372896 -0.8433978 -1.61922e-4 -0.4226086 -0.9063124 -8.9705e-6 0.5372896 -0.8433979 1.93369e-5 1 -1.95727e-5 -1.09024e-6 1 -1.94907e-5 5.04581e-6 0.9763 0.2164219 -5.57769e-6 0.5373082 -0.8433861 -1.21593e-5 1 -1.2368e-5 2.07144e-5 1 -1.2368e-5 -2.30802e-5 0.9762825 0.2165008 -5.0238e-6 0.9762825 0.2165006 1.11589e-6 0.9063214 0.4225892 6.48853e-6 1 -2.13087e-5 1.34856e-6 0.9762796 0.2165136 -3.16231e-6 0.9762796 0.2165137 -9.33222e-6 0.9063082 0.4226175 -1.91539e-7 0.9762796 0.2165141 5.34114e-6 0.9063157 0.4226016 8.95114e-7 0.9063155 0.4226017 -5.23879e-6 0.9063192 0.422594 -7.00867e-6 0.9063192 0.422594 -1.58326e-7 0.9763022 0.2164121 -3.47313e-6 0.9762797 0.2165135 -5.44124e-6 0.9762797 0.2165135 1.38536e-6 1 -2.148e-5 -1.91713e-6 0.9063172 0.422598 4.66336e-6 0.9762804 0.2165101 8.1908e-6 0.9762804 0.2165101 1.33596e-6 1 1.83582e-5 -1.67687e-5 1 1.87457e-5 0 0.8790826 -0.4766697 -1.1025e-5 0.9763096 0.2163787 3.15998e-6 1 -1.55419e-5 6.71497e-6 1 -1.57803e-5 -1.38583e-7 0.879074 -0.4766854 -2.01839e-5 0.879074 -0.4766854 4.02038e-5 0.5455012 -0.8381101 -6.73346e-6 0.8790669 -0.4766985 4.01916e-5 1 -1.39773e-5 6.18026e-6 0.8790671 -0.4766982 1.08026e-5 0.5455935 -0.8380501 1.00074e-5 0.5455935 -0.8380501 0 0.2841086 -0.9587922 -2.40654e-6 0.8790689 -0.4766947 1.08425e-5 0.5454921 -0.8381161 1.45957e-5 0.5454923 -0.8381159 0 0.2844767 -0.958683 -4.98475e-6 0.284109 -0.958792 -3.98611e-5 0.2062884 -0.9784913 2.91504e-7 0.284515 -0.9586717 1.68505e-4 0.5455065 -0.8381065 2.20537e-6 0.2841014 -0.9587942 7.18889e-6 0.2844929 -0.9586782 6.10948e-6 0.206299 -0.9784891 1.3262e-6 -1.51247e-5 -1 2.48477e-6 5.11855e-6 -1 4.37868e-6 5.11855e-6 -1 0 -0.2230767 -0.9748009 2.15694e-6 0.2844794 -0.9586822 2.30968e-6 1.82539e-5 -1 3.51222e-6 1.82688e-5 -1 0 -1.95503e-5 -1 2.27988e-6 -0.2231062 -0.9747942 -2.06232e-5 -0.2840917 -0.9587972 -1.72826e-5 -0.2844762 -0.9586832 1.39758e-5 -0.2841085 -0.9587922 1.6822e-4 -0.5455932 -0.8380503 1.40816e-6 -1.83731e-5 -1 1.10194e-5 -0.2841117 -0.9587913 -1.23585e-5 -0.2844794 -0.9586821 -1.55409e-4 -0.5455058 -0.8381071 -3.77703e-5 -0.5455056 -0.8381072 0 -0.9614118 -0.2751133 -1.49682e-5 -0.2845147 -0.9586717 2.45869e-6 -0.5455064 -0.8381067 3.65569e-6 -0.5455064 -0.8381067 0 -1 3.12179e-6 5.77071e-6 -0.9614115 -0.2751147 -1.35815e-5 -0.9063109 0.4226117 -2.67196e-5 -0.8791147 -0.4766103 -1.63913e-7 -0.5454968 -0.8381129 1.48378e-5 -0.9614143 -0.2751048 2.58815e-6 -0.879083 -0.4766688 1.33179e-7 -0.9614127 -0.2751106 -1.41026e-6 -1 -7.83231e-6 5.30388e-7 -0.9063082 0.4226176 1.91539e-7 -0.9762805 0.2165102 3.43053e-6 -0.9063173 0.4225981 6.96698e-6 -0.9063173 0.4225981 1.19639e-7 -0.9063082 0.4226176 0 -1 -3.23355e-6 4.136e-6 -0.906306 0.4226222 2.41213e-5 -0.9763062 0.216394 1.67219e-6 -0.9063196 0.4225929 -9.21736e-7 -0.9063196 0.4225929 5.20186e-6 -0.9762817 0.2165046 -5.42868e-6 -0.9762801 0.2165114 -4.76239e-6 -0.9762801 0.2165114 1.37607e-6 -1 2.42665e-5 6.7465e-6 0 0 -1 -0.9762795 0.2165141 -8.79571e-6 -0.9063155 0.4226018 1.88779e-6 -0.9762796 0.2165139 -2.66272e-6 -1 -6.64592e-6 -1.99711e-5 -1 -6.64592e-6 2.3078e-5 -0.5373131 -0.8433829 1.04606e-5 -0.9763013 0.216416 5.4948e-6 -1 2.24859e-5 1.04721e-6 -1 2.24411e-5 -5.08347e-6 -0.5373089 -0.8433856 -2.37398e-5 -1 -1.16825e-5 -8.9407e-6 -0.5373089 -0.8433856 1.93646e-5 0.03485906 1.27107e-5 -0.9993923 0.02091127 -0.8000071 -0.599626 0.02102673 -0.8000071 -0.5996221 0.0348773 -4.56274e-5 -0.9993917 0.02088689 -0.7999932 -0.5996457 0.007697105 -0.9753839 -0.2203798 0.01739323 -0.8660158 -0.4997143 0.007809937 -0.9745984 -0.2238242 0.02089875 -0.8000096 -0.5996232 0.01742005 -0.8660125 -0.4997189 0.02092379 -0.800019 -0.5996097 0.03487497 -1.90139e-5 -0.9993917 -0.017349 -0.8660207 0.4997071 -0.006609499 -0.9816448 0.1906041 0.00778228 -0.9746041 -0.2237998 0.01740854 -0.8660119 -0.4997204 -0.01736724 -0.8660216 0.4997049 0.007828176 -0.9746282 -0.223693 -0.01739287 -0.8660115 0.4997217 -0.006914377 -0.9802582 0.1976011 -0.006592869 -0.981646 0.190599 3.07523e-6 0.9950593 0.09928208 -2.7701e-7 0.981652 0.1906816 2.1318e-6 0.9802647 0.1976896 -9.21195e-7 0.9950562 0.0993148 -4.09757e-4 0.9954023 0.09578233 1.54972e-6 0.9816528 0.1906776 1.89096e-5 -1 -1.06767e-5 0.007674098 -0.9754014 -0.2203027 -0.006893336 -0.9802826 0.197481 -0.03478538 -7.53999e-6 0.9993948 6.97374e-6 -1 3.8892e-6 -0.006918787 -0.980286 0.197463 -0.03490328 8.01683e-6 0.9993908 -0.03490966 7.90763e-6 0.9993905 -0.006851017 -0.9802648 0.1975704 -0.0174362 -0.8660172 0.4997102 -0.03494393 1.68383e-6 0.9993893 -0.006862819 -0.9802554 0.1976166 -2.17557e-5 -1 3.55244e-5 0.03491979 -2.73287e-5 -0.9993901 0.007689058 -0.9754045 -0.2202884 0.03487539 -1.58846e-5 -0.9993917 0.01739853 -0.8660174 -0.4997111 0.0348916 -1.59144e-5 -0.9993911 0.02101284 0.8000075 -0.5996219 0.0349251 -1.19805e-5 -0.99939 0.03487306 -1.19675e-5 -0.9993918 -1.91629e-5 1 3.86834e-5 0.02088838 0.7999935 -0.599645 0.03491038 -6.68764e-5 -0.9993904 -0.01736885 0.8660175 0.4997121 -0.03493297 1.60635e-5 0.9993897 -0.03492325 1.60337e-5 0.99939 -8.13603e-6 1 -2.33054e-5 -0.03480213 -1.432e-5 0.9993943 -0.006916582 0.9802867 0.1974594 -0.01738625 0.8660132 0.4997189 -0.006895482 0.9802584 0.1976009 -0.0348159 -2.01166e-5 0.9993938 -0.03487229 -1.5825e-5 0.9993918 -0.03487545 -1.58548e-5 0.9993917 -0.01754033 -0.8660174 0.4997062 -0.01736003 0.8660174 0.4997125 -0.03492641 1.58548e-5 0.9993899 -0.03492325 1.57952e-5 0.99939 -0.01742309 0.8660174 0.4997103 -0.01742619 0.8660175 0.4997101 -0.03491395 1.58846e-5 0.9993904 -0.01742362 -0.8660094 0.4997242 -0.01742684 -0.8660094 0.499724 0.0173605 -0.8660095 -0.4997261 -0.01747423 -0.8660174 0.4997085 -0.03488487 -1.58846e-5 0.9993914 -0.01747727 -0.8660174 0.4997084 0.01747715 -0.8660175 -0.4997082 0.01747411 -0.8660175 -0.4997084 0.03488481 -1.60933e-5 -0.9993914 0.01742672 -0.8660095 -0.4997239 -0.01736074 -0.8660095 0.4997262 0.01742351 -0.8660095 -0.499724 0.03487533 -1.61529e-5 -0.9993917 0.01754021 -0.8660176 -0.499706 0.03487235 -1.60933e-5 -0.9993919 0.01736015 0.8660175 -0.4997124 0.03492641 1.60038e-5 -0.9993899 0.03492337 1.60932e-5 -0.9993901 0.02091366 0.8000066 -0.5996266 0.0210039 0.8000067 -0.5996233 0.03486722 -1.35005e-5 -0.999392 0.01743096 0.8660257 -0.4996957 0.03488755 -3.74019e-6 -0.9993913 0.02092409 0.8000307 -0.5995941 -0.03490287 -1.58548e-5 0.9993908 -0.03487539 -1.58846e-5 0.9993917 -0.01746588 -0.8660174 0.4997088 4.22001e-5 1 2.52724e-5 -0.0348879 -2.39313e-5 0.9993913 -0.03442502 -2.37525e-5 0.9994073 -5.34505e-5 1 -8.49366e-6 -0.01745855 0.8660311 0.4996855 -0.03492414 -8.61287e-6 0.99939 -2.02345e-5 -1 1.57487e-6 -0.01743835 -0.8660154 0.4997132 0.01748061 -0.8660159 -0.4997107 5.04553e-5 -1 -3.8002e-6 -0.03491699 -1.10269e-6 0.9993903 -0.01742881 -0.86602 0.4997057 -5.40242e-5 -1 5.00679e-6 0.01744019 -0.8660311 -0.4996858 0.03487455 8.25524e-6 -0.9993917 0.03517043 -2.36929e-5 -0.9993814 4.20958e-5 -1 2.53022e-5 0.03491097 -2.37525e-5 -0.9993905 0.01743459 0.8660175 -0.4997097 0.03489595 1.60336e-5 -0.999391 0.03492343 1.60336e-5 -0.99939 0.01742619 0.8660176 -0.49971 0.03491389 1.61529e-5 -0.9993904 0.01742315 0.8660176 -0.4997101 -0.0174461 5.1558e-6 0.9998479 -0.03492647 4.6747e-6 0.9993899 3.25628e-5 -1 -3.90364e-6 5.87106e-5 1 -1.10399e-5 -0.03487873 2.5332e-6 0.9993916 -0.0174908 2.09501e-6 0.9998471 -1.0252e-5 1 4.23193e-6 7.68341e-6 1 4.30351e-6 -0.03492259 4.38374e-6 0.9993901 -1.54823e-5 -1 -4.35114e-6 -2.62586e-5 -1 -4.87965e-6 0.03488594 -3.96185e-6 -0.9993914 -1.95778e-5 -2.38419e-6 1 -0.01741319 -2.19466e-6 0.9998485 -5.78091e-5 -1 -1.30497e-5 -8.53278e-6 -1 4.38953e-6 2.20463e-5 -4.43775e-6 1 9.15769e-6 -1 4.41074e-6 -2.33278e-5 -1 -5.64754e-6 0.03485769 1.508e-5 -0.9993924 0.01739513 1.40099e-5 -0.9998488 -1.45212e-5 1 4.26918e-6 0.01737815 -4.97699e-6 -0.9998491 0.03487515 -5.20979e-6 -0.9993917 5.00716e-5 1 6.83358e-6 0.03488177 6.85453e-7 -0.9993916 0.0173785 0.8660081 -0.499728 1.53221e-5 -1 5.09666e-6 0.0174238 5.06639e-6 -0.9998483 2.45892e-5 5.35252e-6 -1 2.16961e-5 1 -4.7544e-6 3.95444e-5 -1.46925e-5 -1 0.01750713 -1.45256e-5 -0.9998468 -3.14415e-6 -0.710897 -0.7032961 1.91629e-5 -1 -6.31064e-6 8.2016e-5 1.508e-5 -1 -1.84002e-5 -2.35736e-5 -1 -3.60161e-5 -0.7108929 -0.7033003 1.36065e-6 -2.35736e-5 -1 4.11868e-5 1 -2.39536e-5 4.54641e-5 2.39313e-5 -1 3.37149e-5 2.39313e-5 -1 2.71034e-5 1 -3.54192e-6 1.45733e-5 4.14159e-6 -1 1.64872e-5 1 -3.99351e-6 -3.17656e-5 1 -5.0948e-6 -0.0174576 -5.00679e-6 0.9998477 2.81231e-5 -4.73559e-6 1 4.55506e-5 2.40207e-5 1 3.38516e-5 2.40207e-5 1 4.10974e-5 -1 -2.40132e-5 -3.60757e-5 0.710893 0.7033002 1.36065e-6 2.36928e-5 1 -1.29242e-4 2.37226e-5 1 1.90735e-5 1 6.28084e-6 8.2165e-5 -1.508e-5 1 -3.18885e-6 0.7108972 0.7032961 2.86908e-5 -0.999992 0.004011273 4.50015e-5 1.94535e-5 1 -2.6396e-6 -1 -1.56164e-5 -1.46788e-5 -0.7109124 -0.7032806 1.43688e-5 -0.999992 0.004021346 -1.26064e-5 -1 -5.64754e-6 -1 0 0 -1 0 1.19209e-7 -1 0 0 -1 0 0 -1 0 0 -1 0 0 -1 0 0 -2.6396e-6 1 1.56164e-5 2.88184e-5 0.999992 -0.004011273 4.49419e-5 -1.9379e-5 -1 -1 0 0 -1 0 0 2.55158e-5 0.7071001 0.7071135 1.82796e-5 0.7071001 0.7071135 -2.85208e-5 1.44541e-5 1 -1 0 0 2.85208e-5 0.7071002 0.7071134 -2.55187e-5 1.45733e-5 1 -1.82818e-5 1.45733e-5 1 -1 0 0 2.55187e-5 -1.43349e-5 1 1.82818e-5 -1.43349e-5 1 -2.8491e-5 -0.7071 0.7071135 -1 -2.57043e-7 0 2.55158e-5 -0.7071127 0.7071009 1.82796e-5 -0.7071126 0.707101 -2.85059e-5 -1 1.57952e-5 -1 0 0 -1.82796e-5 -0.7071 0.7071135 2.8491e-5 -1.43349e-5 1 -2.55158e-5 -0.7071 0.7071135 0 -1 0 2.85059e-5 -0.7071145 0.7070991 -2.55187e-5 -1 1.31428e-5 -1.82818e-5 -1 1.30534e-5 2.55311e-5 -1 -1.30832e-5 1.83923e-5 -1 -1.29938e-5 -2.864e-5 -0.7071145 -0.707099 2.52716e-5 -0.7071 -0.7071137 1.79918e-5 -0.7071 -0.7071136 -2.88635e-5 -1.43051e-5 -1 2.82824e-5 -1 -1.55866e-5 -2.56834e-5 -0.7071128 -0.7071008 -1.84229e-5 -0.7071127 -0.7071009 -2.63083e-7 0 -1 2.83718e-5 -0.7071 -0.7071137 -2.57695e-5 -1.41263e-5 -1 -1.84976e-5 -1.41859e-5 -1 -1 0 0 2.5268e-5 1.43349e-5 -1 1.80659e-5 1.43349e-5 -1 -2.87145e-5 0.7071 -0.7071136 -1.97312e-7 0 -1 -1 1.62794e-6 0 2.53025e-5 0.7071127 -0.7071009 1.81158e-5 0.7071126 -0.707101 -2.84761e-5 1 -1.57654e-5 -1 1.19326e-6 0 2.82377e-5 1.41561e-5 -1 -2.57599e-5 0.7071 -0.7071137 -1.85674e-5 0.7070999 -0.7071137 0 1 0 2.84016e-5 0.7071146 -0.707099 -2.55064e-5 1 -1.30236e-5 -1.83537e-5 1 -1.2964e-5 2.55187e-5 1 1.31726e-5 1.84289e-5 1 1.30832e-5 -2.86102e-5 0.7071145 0.7070991 2.85357e-5 1 1.57356e-5 -2.55158e-5 0.7071127 0.7071009 -1.82796e-5 0.7071127 0.7071009 -1.26958e-5 1 5.54323e-6 -1.47283e-5 0.7109124 0.7032806 1.43193e-5 0.999992 -0.004021406 -1 0 -3.70873e-7 -1 -3.45854e-7 0 -1 0 3.70873e-7 -1 0 0 -0.7071133 -0.7071003 -5.45569e-6 -1 -1.47223e-5 7.78502e-6 -1 -1.47223e-5 1.83287e-5 -0.7071139 -0.7070997 -7.64316e-6 -0.707114 -0.7070996 -1.28301e-4 -1 -1.38581e-5 5.59352e-6 7.01021e-7 0 -1 -1 0 7.68238e-7 1.80882e-7 0 -1 -1 2.75267e-7 3.89279e-7 -1 9.83492e-7 -3.6881e-7 -1 -1.33849e-6 0 -1.2578e-7 0 -1 -1 0 1.85437e-7 -1.80882e-7 0 -1 -1 0 4.76837e-7 -1 8.3041e-7 0 -0.7071133 0.7071003 5.57303e-6 -1 1.47223e-5 -7.62126e-6 -1 1.47223e-5 -1.81878e-5 -0.7071139 0.7070997 1.83266e-5 -1 1.38581e-5 -5.42961e-6 -0.7071139 0.7070997 7.76133e-6 -1 1.07079e-6 0 -1 5.31914e-7 0 -2.60904e-7 0 -1 -1.30452e-7 0 -1 -1.45435e-5 -1 -7.75416e-6 -1.46031e-5 -1 -1.82818e-5 -0.7071002 -0.7071134 5.51529e-6 1.74257e-6 0 -1 -0.7071 -0.7071137 1.83736e-5 -1.41561e-5 -1 -5.4203e-6 -0.7071 -0.7071137 7.84724e-6 0 -1 -1.35393e-7 -1.83577e-7 0 -1 0 -1 0 0 0 -1 0 0 -1 0 0 -1 0 0 -1 0 4.64394e-7 -1 -1.20327e-5 1 -4.32442e-6 -1.20327e-5 1 3.1877e-6 -0.133219 0.9910867 -3.02494e-6 0.2815907 0.9595347 -2.31661e-6 0.2815907 0.9595347 6.81576e-5 -2.15005e-5 1 -9.45851e-6 -2.15322e-5 1 -6.78291e-6 0.2815907 0.9595347 9.45479e-6 -2.15322e-5 1 2.31739e-6 0 0 -1 0 0 -1 0 0 -1 -4.86701e-7 0 -1 0 0 -1 0 0 -1 0 -2.90901e-7 -1 4.55975e-6 1 -1.90735e-5 -0.1331904 0.9910905 9.20892e-6 -0.2815926 0.9595341 6.30319e-6 0 -1.63397e-7 -1 -2.02501e-7 0 -1 0 0 -1 -6.56454e-7 -5.44139e-7 -1 0 0 -1 0 0 -1 0 0 -1 -2.00286e-7 0 -1 -2.24713e-7 0 -1 0 0 -1 -1.43707e-7 0 -1 1.52585e-7 0 -1 -1.45834e-7 0 -1 0 0 -1 -1.75785e-7 0 -1 -1.43815e-7 0 -1 0 -4.65467e-7 -1 -0.2812165 -0.9596444 1.36197e-5 -0.1332886 -0.9910773 -1.16527e-5 -1.54078e-5 -1 -2.16365e-5 0 0 -1 0 0 -1 0 0 -1 0 1.09639e-6 -1 0 -7.63779e-7 -1 -0.2811965 -0.9596503 -1.73657e-6 -0.2811965 -0.9596503 3.62634e-6 -0.1333013 -0.9910756 -5.65313e-6 7.97212e-6 -1 -7.57948e-6 7.97212e-6 -1 6.79913e-6 0.2812049 -0.9596478 -9.94653e-6 -8.10623e-6 -1 -6.79913e-6 -0.2812051 -0.9596478 9.94653e-6 -8.12113e-6 -1 7.57948e-6 0.2812471 -0.9596354 9.06951e-7 0.2812471 -0.9596354 4.78617e-7 0.3006016 -0.9537498 -6.27479e-7 0.2812051 -0.9596477 -6.79913e-6 8.14348e-6 -1 9.94653e-6 0.2812051 -0.9596477 7.57948e-6 0.2812156 -0.9596447 9.93162e-6 0.3006089 -0.9537475 2.42144e-6 0.5403977 -0.8414098 2.06893e-6 -2.89141e-7 0 -1 -9.65488e-7 -5.01298e-7 -1 1.26003e-6 0 -1 0 0 -1 0 0 -1 0 0 -1 1.84017e-6 1.30686e-7 -1 0 1.80899e-7 -1 2.78906e-7 0 -1 -1.56468e-7 -1 0 -0.7071 0.7071137 -7.60424e-6 -0.7071 0.7071137 -1.81857e-5 -1.41561e-5 1 5.55254e-6 0 1 0 -0.7071002 0.7071134 -5.46128e-6 -1.45733e-5 1 7.69911e-6 -1.45733e-5 1 1.82818e-5 1.56468e-7 1 0 -1.69818e-7 0 -1 -1.70435e-7 0 -1 -1.29124e-7 0 -1 0 -1.52929e-7 -1 -0.4999925 -0.8660299 5.34952e-6 -0.6509923 -0.7590844 1.09226e-5 -0.9675698 -0.2526037 2.6226e-6 -0.5000221 -0.8660127 3.37374e-6 -0.5000221 -0.8660128 -4.57313e-6 -0.6510037 -0.7590746 4.4927e-6 -0.8660213 0.5000073 -1.20848e-5 -0.967567 -0.2526146 1.45377e-5 -0.8640009 0.5034905 -2.64467e-5 -0.8660178 0.5000133 -4.47035e-6 -0.5000458 -0.865999 3.32594e-5 -0.9675944 -0.2525096 1.96397e-5 -0.8660239 0.5000028 -8.8755e-7 -0.8640032 0.5034863 -3.05567e-6 -0.6511037 0.7589888 6.20633e-6 -0.8660092 0.5000281 4.14401e-5 -0.6512007 0.7589057 -1.10269e-6 0.5000134 0.8660177 3.70145e-5 0.5403944 0.841412 -2.06828e-5 0.300586 0.9537547 -3.8743e-6 0.2816404 0.9595201 -2.71201e-6 0.5403948 0.8414116 -5.27647e-6 0.5403948 0.8414116 6.29104e-6 0.3006972 0.9537197 -1.14106e-5 0.281591 0.9595345 -6.79669e-6 0.5404104 0.8414016 9.46596e-6 0.281591 0.9595345 2.31739e-6 3.57687e-7 0 -1 2.22666e-7 9.03281e-7 -1 0.9605485 0.278113 1.53003e-5 0.9605884 0.2779747 1.16181e-5 0.5403882 0.8414158 1.85519e-5 0.9605563 0.278086 2.31117e-5 0.5404119 0.8414006 -2.07466e-5 0.5404121 0.8414005 -1.78757e-5 0.5000094 0.8660199 -2.08288e-5 0.5000095 0.86602 -1.84107e-5 0.9675773 0.252575 -2.2009e-5 0.5000205 0.8660135 2.3727e-4 -0.8660136 0.5000205 -1.92225e-5 0.5000206 0.8660135 -2.1886e-5 0.8660218 -0.5000061 -1.2204e-5 0.9675787 0.2525697 1.50591e-5 0.8640015 -0.5034893 -2.64419e-5 0.8660175 -0.5000138 -4.26173e-6 0.5000463 0.8659988 3.37958e-5 0.9675945 0.2525092 2.06903e-5 0.8660233 -0.5000038 -3.60501e-5 0.8640025 -0.5034877 -1.88504e-5 -0.4999976 -0.8660269 4.09186e-5 -3.5827e-7 0 -1 2.14008e-6 0 -1 0 0 -1 0.8660139 -0.50002 -1.93715e-5 -0.50002 -0.8660139 -2.1886e-5 -0.50002 -0.8660139 3.37801e-5 0 1 0 1.50163e-6 0 -1 0 1 3.62097e-7 -0.4226113 0.9063112 -6.19888e-6 -0.2626985 0.964878 1.72928e-5 -0.2163989 0.9763051 8.89087e-6 2.14558e-7 0 -1 -0.4226016 0.9063156 -5.2282e-6 -0.4226017 0.9063156 0 -0.2626786 0.9648835 2.42889e-6 7.2453e-7 0 -1 -3.20931e-6 0 -1 -0.2164207 0.9763003 -6.48419e-6 -0.2164206 0.9763003 3.54795e-5 2.07499e-5 1 -4.58211e-7 -0.2165087 0.9762808 3.74504e-5 -0.4225968 0.9063178 -7.45058e-7 -0.2165089 0.9762806 4.29724e-6 7.95722e-6 1 -3.65612e-6 8.16584e-6 1 0 0.8433836 0.537312 2.03103e-5 -0.2164176 0.976301 1.03936e-6 2.3894e-5 1 4.70283e-6 2.39313e-5 1 4.10711e-7 1 3.26335e-6 -5.57303e-6 0.8433874 0.5373061 1.18017e-5 0.9063249 -0.4225817 -1.90139e-5 0.7071055 0.7071081 -2.06232e-5 -1.08592e-5 1 -5.33461e-6 0.8433875 0.5373059 -3.18885e-5 1 8.74419e-6 -1.93715e-6 0.7071148 0.7070989 2.6226e-6 0.8434 0.5372863 -1.40965e-5 0.9063107 -0.4226123 -1.49009e-6 0.9063061 -0.4226221 0 0.9762809 -0.2165077 0 0.9063183 -0.4225958 3.99119e-6 0.9063183 -0.4225959 -4.2241e-7 0.976302 -0.2164128 -6.89924e-6 1 -1.75461e-6 1.07735e-5 0.9063137 -0.4226055 7.39098e-6 0.9063162 -0.4226005 8.34236e-6 0.9063161 -0.4226005 1.56605e-5 0.960582 0.2779967 -2.00123e-5 0.9605612 0.278069 -1.32507e-5 0.9063073 -0.4226194 -1.96844e-5 0.9605878 0.2779768 -1.68492e-5 0.9063163 -0.4226 9.71556e-6 0.960582 0.2779971 2.67625e-5 0.9063163 -0.4226 1.97947e-5 -0.5404123 0.8414003 2.06114e-5 -0.5404124 0.8414003 1.77405e-5 -0.9605564 0.2780856 -2.32607e-5 -0.2815906 0.9595347 -2.31739e-6 -0.2815906 0.9595347 6.79669e-6 -0.54041 0.8414018 -9.46596e-6 -0.5404102 0.8414018 -6.76051e-6 -0.2815908 0.9595346 9.46969e-6 -0.5404102 0.8414017 2.36446e-6 -0.9605878 0.2779768 1.68492e-5 -0.9605612 0.278069 1.32507e-5 -0.9063073 -0.4226194 1.96844e-5 -0.9605769 0.2780145 -2.13669e-4 -0.5403941 0.8414121 -1.8537e-5 -0.9605501 0.2781069 -1.53421e-5 -0.9063063 -0.4226215 0 -0.9063192 -0.422594 -1.20103e-5 -0.96058 0.278004 -2.94e-5 -0.906319 -0.4225941 -1.8651e-5 -0.9063061 -0.4226221 1.49008e-6 -0.9063055 -0.4226233 -2.01515e-6 -0.9063056 -0.4226232 1.17539e-6 -0.8414436 0.5403451 2.16216e-5 4.88806e-7 0 -1 -0.7070892 0.7071244 5.60284e-6 -0.8414878 0.5402762 -1.52439e-5 1.42977e-5 1 6.07967e-6 -0.9763017 -0.2164143 2.12789e-5 -0.9063022 -0.4226304 2.12789e-5 -0.8414145 0.5403903 1.13845e-5 -1 1.19992e-5 1.63317e-5 -0.9763082 -0.2163844 5.06639e-6 -0.8414478 0.5403386 3.91304e-5 -0.7070991 0.7071145 -2.30819e-5 -1 -1.37687e-5 -2.86996e-5 -0.8414867 0.5402779 -4.14252e-6 -2.29436e-7 0 -1 0 0 -1 0 0 -1 -2.2412e-7 0 -1 -1 -1.63913e-6 2.32458e-6 -0.8414042 -0.5404064 6.64592e-6 -0.9063058 0.4226227 -8.73208e-6 0 2.36238e-7 -1 1.16229e-5 -1 -2.99721e-6 1.17421e-5 -1 0 -0.8414099 -0.5403975 2.00719e-5 -0.7071118 -0.7071018 -1.62721e-5 -8.56817e-7 -1 -2.3745e-5 -0.8414834 -0.540283 -2.93553e-5 -1 1.37351e-5 -2.79397e-5 -0.7070981 -0.7071155 -2.40952e-5 -0.8414829 -0.5402839 -9.0152e-6 -0.9063109 0.4226117 0 -0.9063061 0.4226221 1.49008e-6 -0.9762808 0.2165083 2.23145e-6 -0.9063181 0.4225963 5.87196e-6 -0.906318 0.4225963 1.40794e-6 -0.9763033 0.2164072 -1.1161e-5 -1 5.28246e-6 1.33626e-5 -0.9063125 0.4226084 1.00285e-5 -0.9063177 0.4225972 1.0399e-5 -0.9063176 0.4225972 1.77365e-5 -0.960581 -0.2780004 -1.79261e-5 -0.9605498 -0.2781082 1.66789e-5 -0.9605766 -0.2780159 1.30241e-5 -0.5403928 -0.8414129 1.91331e-5 -0.9605619 -0.2780665 -1.17692e-5 -0.9063062 0.4226217 -1.82986e-5 -0.9605885 -0.2779746 -1.54101e-5 -0.9063194 0.4225934 9.67085e-6 -0.9605798 -0.2780046 2.67923e-5 -0.9063194 0.4225936 1.97947e-5 -0.5404238 -0.841393 3.12813e-6 -0.5404238 -0.841393 6.90765e-6 -0.2811922 -0.9596515 -9.08226e-6 -0.9605563 -0.278086 2.47508e-5 -0.540412 -0.8414006 -1.97804e-5 -0.5404121 -0.8414005 -1.68984e-5 -0.2811922 -0.9596516 -6.80576e-6 -0.5404238 -0.841393 9.08226e-6 -0.2811922 -0.9596516 -3.04623e-6 -0.2815907 0.9595347 -6.81576e-5 2.15005e-5 1 9.45851e-6 -0.2815907 0.9595347 2.31661e-6 -2.03624e-5 1 -4.55373e-6 -2.03624e-5 1 0 0.216421 0.9763002 -6.03497e-7 -0.7071149 0.7070987 -1.131e-5 1.25766e-5 1 1.2095e-5 1.26362e-5 1 6.29732e-7 -1.40668e-6 0 -1 0.2165046 0.9762817 -4.53219e-6 0.2165049 0.9762817 3.74506e-5 0.4225931 0.9063196 1.54972e-6 3.78803e-7 0 -1 0.2165111 0.9762802 3.35076e-5 -2.38866e-5 1 1.76951e-6 0.2165113 0.9762802 3.36764e-7 -1.53903e-6 0 -1 0.4226207 0.9063067 -1.49009e-6 0.4226161 0.9063088 0 0.2165088 0.9762808 0 0.4225968 0.9063178 3.78913e-6 0.4225968 0.9063178 -5.58828e-7 5.81152e-6 0 -1 0.4225975 0.9063175 7.05334e-6 0.4225974 0.9063176 3.64598e-5 0.2165095 0.9762806 2.00048e-6 -1.23238e-6 0 -1 0.2165113 0.9762802 5.56051e-7 0.2165116 0.9762801 3.43429e-6 -2.36332e-5 1 7.78958e-6 0.4225937 0.9063194 6.4373e-6 0.2165054 0.9762815 -2.5918e-6 0.2165054 0.9762815 -5.46235e-6 0.4225924 0.9063199 -7.28667e-6 0.2164103 0.9763025 8.56817e-6 0.4225924 0.9063199 2.36728e-6 2.36481e-5 1 -1.44495e-5 2.37674e-5 1 1.17862e-5 -0.4794022 0.8775953 -1.32322e-5 0.21651 0.9762805 -8.24407e-6 2.28509e-5 1 -1.01451e-6 2.27243e-5 1 -3.89274e-6 -0.4793971 0.8775982 -1.36461e-5 -0.4793972 0.8775981 1.18959e-4 -0.8414003 0.5404126 -1.24276e-5 -0.4794023 0.8775953 -1.02386e-5 2.37972e-5 1 1.47969e-5 -0.4794021 0.8775955 1.58791e-5 -0.8413932 0.5404237 3.61345e-6 -0.8413932 0.5404237 7.40432e-6 -0.9596515 0.2811921 -8.45268e-6 -0.4793926 0.8776006 1.35228e-5 -0.8413974 0.5404168 1.48935e-5 -0.8413974 0.540417 -1.13566e-5 -0.959648 0.2812045 -7.57948e-6 -0.959648 0.2812045 6.78535e-6 -1 7.45617e-6 -9.93535e-6 -0.9596517 0.281192 -6.79198e-6 -0.8413932 0.5404235 9.06363e-6 -0.9596517 0.281192 -3.04623e-6 -1 -8.76188e-6 -7.57948e-6 -1 -8.76188e-6 6.78535e-6 -0.9596475 -0.2812057 -9.93535e-6 -1 8.86619e-6 -6.78535e-6 -0.9596475 0.2812058 9.93535e-6 -1 8.88109e-6 7.57948e-6 0 0 -1 -0.9596515 -0.2811921 3.04623e-6 -0.9596515 -0.2811921 6.81953e-6 -0.8413931 -0.5404237 -9.08971e-6 -0.959648 -0.2812046 -6.78535e-6 -1 -7.54651e-6 9.93535e-6 -0.959648 -0.2812046 7.57948e-6 -1.46832e-6 0 -1 -0.8413998 -0.5404134 1.99703e-5 -0.8413998 -0.5404132 1.70465e-5 -0.2780844 -0.9605566 -2.45273e-5 -0.9596516 -0.2811919 9.81614e-6 -0.8413932 -0.5404235 -2.36994e-6 -0.8413932 -0.5404235 -6.16605e-6 -0.2779767 -0.9605879 1.56979e-5 -0.278069 -0.9605612 1.19367e-5 0.4226195 -0.9063073 1.81794e-5 -0.2779723 -0.9605892 -1.19402e-5 -0.8414145 -0.5403904 -1.83135e-5 -0.2780646 -0.9605625 -1.56791e-5 0.4226161 -0.9063088 -1.49007e-6 0.4226207 -0.9063067 0 -0.2779998 -0.9605812 -2.9847e-5 0.4225977 -0.9063174 -1.94373e-5 0.4225978 -0.9063174 -1.28001e-5 0.4225943 -0.9063191 -4.73935e-6 0.4225943 -0.9063191 0 0.216506 -0.9762813 -6.22124e-7 0.2164206 -0.9763003 1.02351e-5 0.2164207 -0.9763003 3.35084e-5 -2.07871e-5 -1 -2.41026e-6 0.2165074 -0.9762811 3.74502e-5 0.4225959 -0.9063184 -7.56234e-7 0.2165077 -0.976281 4.47875e-6 -2.35662e-5 -1 1.97106e-6 0.216418 -0.9763008 -6.22123e-7 -2.33501e-5 -1 6.40467e-6 0.5404131 -0.8413999 1.99156e-5 0.5404134 -0.8413997 1.18206e-4 0.9605567 -0.2780844 -2.46167e-5 0.2811924 -0.9596515 8.64267e-6 0.5403836 -0.8414188 -3.56598e-6 0.5403836 -0.8414189 -7.34424e-6 0.9605885 -0.2779746 1.54101e-5 0.9605619 -0.2780665 1.17692e-5 0.9063062 0.4226217 1.82986e-5 0.9605881 -0.2779759 -1.30275e-5 0.5403872 -0.8414165 -1.91331e-5 0.9605615 -0.2780679 -1.66828e-5 0.9063061 0.4226221 -1.49008e-6 0.9063061 0.4226221 0 0.9605811 -0.2780002 3.00854e-5 0.9063176 0.4225972 -2.07378e-5 0.9063176 0.4225973 -1.40965e-5 0.9063114 0.4226107 -4.92401e-6 0.9063114 0.4226107 -9.837e-7 0.8433992 -0.5372875 1.94311e-5 0.7070952 -0.7071185 -5.57303e-6 0.8433925 -0.537298 4.1306e-5 -1.2368e-5 -1 8.79168e-6 0.9762821 0.2165025 3.09944e-6 0.9063016 0.4226318 1.14441e-5 0.843383 -0.537313 3.28124e-5 1 -2.18898e-5 2.34544e-5 0.9763035 0.2164063 1.42455e-5 0.8433737 -0.5373275 5.31375e-5 0.7071145 -0.7070991 -9.26852e-6 1 -1.07139e-5 -1.65701e-5 0.8433886 -0.5373042 1.70767e-5 2.12044e-5 -1 -4.69529e-6 2.12044e-5 -1 0 -0.2164202 -0.9763004 -6.22123e-7 -1.23382e-5 -1 0 0.7071151 -0.7070984 -1.18613e-5 -1.21593e-5 -1 1.15367e-5 -0.2164983 -0.9762831 -4.64165e-7 -0.2164983 -0.9762831 3.61963e-5 -0.2627093 -0.9648751 0 -0.2165116 -0.9762802 3.35078e-5 2.34619e-5 -1 1.75461e-6 -0.2165117 -0.9762801 5.30403e-7 0 0 -1 -4.57953e-7 0 -1 -0.2163871 -0.9763077 -4.0438e-6 -0.2627075 -0.9648756 -1.82725e-6 -0.4226143 -0.9063097 1.89245e-6 -3.38061e-7 0 -1 0 -1 -1.39643e-7 -0.4226207 -0.9063067 0 -0.4226155 -0.9063091 1.49007e-6 -0.2165088 -0.9762808 1.18837e-6 -0.4225968 -0.9063178 5.08849e-6 -0.4225968 -0.9063178 5.58828e-7 -0.4225975 -0.9063175 9.79936e-6 -0.4225975 -0.9063175 1.71281e-5 0.278 -0.9605812 -1.90586e-5 0.2780646 -0.9605625 1.56791e-5 0.2779723 -0.9605892 1.19402e-5 0.8414145 -0.5403904 1.83135e-5 -0.4226198 -0.9063072 -1.86563e-5 0.2779765 -0.9605879 -1.61871e-5 0.2780686 -0.9605613 -1.24259e-5 -0.4225975 -0.9063175 9.77516e-6 0.2779999 -0.9605811 2.65837e-5 -0.4225975 -0.9063175 1.98366e-5 3.32829e-7 0 -1 0.841393 -0.5404238 2.479e-6 0.841393 -0.5404238 6.27512e-6 0.9596515 -0.2811923 -9.70066e-6 0.2780844 -0.9605567 2.42442e-5 0.8413998 -0.5404132 -2.02626e-5 0.8413998 -0.5404133 -1.69055e-4 -5.57221e-7 0 -1 0.959648 -0.2812045 -7.57948e-6 0.959648 -0.2812045 6.78535e-6 1 -7.45617e-6 -9.93535e-6 4.01017e-7 0 -1 5.95088e-7 0 -1 0 5.01398e-7 -1 0.8413932 -0.5404235 9.08971e-6 0.9596517 -0.281192 -3.04623e-6 0.9596517 -0.281192 -6.81953e-6 -6.92689e-7 0 -1 1 8.76188e-6 -7.57948e-6 1 8.76188e-6 6.78535e-6 0.9596475 0.2812057 -9.93535e-6 1.13768e-5 -2.08272e-7 -1 0.9596476 -0.2812057 9.93162e-6 1 -8.65758e-6 7.57948e-6 1 -8.65758e-6 -6.78535e-6 6.13849e-6 5.85405e-7 -1 0.9596515 0.2811923 3.04623e-6 0.9596515 0.2811923 6.79198e-6 0.841393 0.5404238 -9.06736e-6 0 -5.01398e-7 -1 0 4.86775e-6 -1 -2.75033e-6 -7.06258e-7 -1 1 7.35186e-6 9.93535e-6 0.959648 0.2812044 7.57948e-6 0.959648 0.2812044 -6.78535e-6 0.8413974 0.5404171 -1.5958e-5 0.8413975 0.5404168 1.0292e-5 0.4793926 0.8776007 -1.45957e-5 0 -2.3808e-7 -1 0.9596517 0.281192 8.34465e-6 0.8413932 0.5404235 -3.72252e-6 0.8413932 0.5404235 -7.51339e-6 0.4794034 0.8775947 -1.58792e-5 0.4794038 0.8775945 1.02386e-5 -2.21431e-5 1 -1.47894e-5 -7.69515e-7 0 -1 0.4793972 0.8775982 1.30229e-4 0.8414003 0.5404126 1.31652e-5 0.4793971 0.8775981 1.43934e-5 -2.2769e-5 1 2.29767e-6 -2.2769e-5 1 5.1759e-6 -0.2165099 0.9762805 -6.69807e-6 0.4794023 0.8775954 1.37985e-5 -2.35885e-5 1 1.49999e-5 -2.38121e-5 1 -1.12358e-5 -0.2165054 0.9762814 2.29857e-6 -0.2165054 0.9762815 5.16911e-6 -0.4225937 0.9063194 -6.7316e-6 -0.2165099 0.9762805 -5.1759e-6 -2.27764e-5 1 6.69807e-6 -0.2165099 0.9762805 -2.29768e-6 -0.4226161 0.9063088 0 -0.4226201 0.906307 1.49009e-6 -0.2165128 0.9762798 1.04737e-5 -0.4226005 0.9063161 -1.9878e-6 -0.4226006 0.9063162 0 1.46031e-5 1 -7.72663e-6 1.46329e-5 1 -1.82817e-5 0.7071003 0.7071134 5.45941e-6 2.74909e-7 0 -1 0.7071133 0.7071003 -7.72574e-6 0.7071132 0.7071004 -1.82796e-5 1 1.49012e-5 5.4948e-6 0.7071002 0.7071134 1.82796e-5 1.46031e-5 1 -5.45755e-6 0.7071002 0.7071134 7.72574e-6 0.7071131 0.7071005 -5.49853e-6 1 1.47521e-5 7.72663e-6 1 1.49608e-5 1.82817e-5 1 -1.47223e-5 -7.72663e-6 1 -1.4931e-5 -1.82817e-5 0.7071132 -0.7071004 5.49667e-6 0.7071002 -0.7071134 -7.72574e-6 0.7071003 -0.7071134 -1.82796e-5 1.46329e-5 -1 5.45569e-6 0.7071131 -0.7071005 1.82797e-5 1 -1.49608e-5 -5.4948e-6 0.7071133 -0.7071003 7.72574e-6 0.7071002 -0.7071134 -5.45941e-6 1.45733e-5 -1 7.72663e-6 1.46031e-5 -1 1.82817e-5 -0.8660202 0.5000092 -2.08288e-5 -0.8660202 0.5000092 -1.84107e-5 -0.2525753 0.9675772 -2.2009e-5 -0.5000029 -0.8660238 -3.52531e-5 -0.503486 -0.8640034 -1.80471e-5 -0.8660277 0.4999962 4.17531e-5 -0.8660132 0.5000212 3.37801e-5 -0.5000213 -0.8660131 -1.91331e-5 -0.8660132 0.5000212 -2.19703e-5 0.5000063 0.8660218 -1.22339e-5 -0.2526159 0.9675667 1.47861e-5 0.5034894 0.8640014 -2.6496e-5 0.500013 0.8660179 -6.31809e-6 -0.8659998 0.5000445 3.25739e-5 -0.2525103 0.9675943 1.73822e-5 0.5000026 0.8660239 -3.52522e-5 0.5034858 0.8640035 -1.80445e-5 0.8660279 -0.4999958 4.18723e-5 0.8660208 -0.500008 -2.08288e-5 0.8660209 -0.500008 -1.85738e-5 0.2525767 -0.967577 -2.18451e-5 0.500021 0.8660133 -1.92225e-5 0.8660133 -0.5000211 -2.1886e-5 0.8660133 -0.5000211 3.37801e-5 -0.5000067 -0.8660215 -1.2219e-5 0.2526153 -0.9675669 1.48122e-5 -0.50349 -0.8640011 -2.64428e-5 -0.5000131 -0.8660178 -4.66406e-6 0.8659992 -0.5000453 3.33786e-5 0.2525098 -0.9675943 1.9975e-5 0 -3.71696e-6 -1 0 0 -1 -1.21504e-5 -8.97371e-6 -1 0 0 -1 0 0 -1 -8.1211e-6 8.97336e-6 -1 0 2.11054e-6 -1 -5.61151e-6 0 -1 -0.9063063 0.4226217 0 -0.9063069 0.4226203 0 -3.03633e-5 0 -1 -0.9063195 0.4225933 1.13725e-5 -0.9063195 0.4225932 0 -0.9762815 0.2165049 -4.32506e-6 9.25425e-6 0 -1 -0.9762802 0.2165113 6.25268e-6 -0.976301 0.2164177 -2.43629e-5 -1 -2.36258e-5 -1.15708e-5 -0.906319 0.4225943 3.76999e-6 -0.9762814 0.2165061 4.26614e-6 -0.9762813 0.2165062 -2.31519e-5 -1 -2.20239e-5 -1.06901e-5 -1 -2.20835e-5 0 -0.879063 -0.4767058 1.10269e-5 -0.9763014 0.2164154 4.34741e-6 -1 2.16737e-5 -1.11599e-5 -1 2.17557e-5 0 -0.879073 -0.4766873 -6.22509e-6 -0.8790737 -0.4766856 -5.89179e-4 -0.545501 -0.8381102 3.74764e-6 -0.8790647 -0.4767022 -5.94256e-4 -1 -1.88649e-5 -1.25691e-5 -0.8790653 -0.4767014 2.69139e-5 -0.5455925 -0.8380506 -1.05749e-5 -0.5455925 -0.8380506 0 -0.2841076 -0.9587924 -3.12366e-6 -0.8791178 -0.4766047 -1.09896e-5 -0.545498 -0.8381122 2.62687e-5 -0.545498 -0.8381122 0 -0.2844815 -0.9586816 -4.27989e-6 -0.284113 -0.9587909 0 -1.6995e-5 -1 -2.0396e-6 -0.2844871 -0.9586799 -3.67523e-6 -0.5455589 -0.8380725 2.30316e-6 -0.2841202 -0.9587888 0 -5.93066e-6 -1 3.76665e-6 -5.93066e-6 -1 0 0.2840886 -0.9587981 -3.11807e-6 -0.284474 -0.9586839 3.1339e-6 -1.25468e-5 -1 1.34329e-5 -1.25468e-5 -1 0 0.2845021 -0.9586755 -3.22866e-6 0.2840883 -0.9587982 -9.52743e-6 0.5454918 -0.8381161 -1.2544e-5 -1.35832e-5 -1 -1.52271e-6 0.284084 -0.9587994 1.28192e-5 0.284498 -0.9586766 -5.59888e-6 0.5454919 -0.8381161 2.22039e-5 0.5454919 -0.8381162 0 0.9614206 -0.2750828 6.4075e-6 0.284509 -0.9586734 3.3034e-6 0.5455014 -0.8381099 1.43877e-5 0.5455014 -0.8381099 0 1 1.20699e-6 3.01749e-6 0.9614195 -0.2750868 1.60262e-5 0.9063169 0.4225986 3.05623e-5 0.8791143 -0.4766111 1.25617e-5 0.9614145 -0.2751041 1.96788e-6 1 -2.22658e-5 2.47359e-6 0.8790673 -0.4766977 -1.36644e-5 0.5455009 -0.8381102 6.00936e-6 0.9614114 -0.2751148 3.27826e-7 -5.61221e-6 0 -1 0.9063037 0.4226272 0 0.906312 0.4226091 0 0.9762812 0.2165064 4.29898e-6 0.9063189 0.4225946 -1.116e-5 0.9063189 0.4225946 0 0.9763038 0.2164049 5.1707e-6 1 -9.16701e-6 6.0387e-6 0.906318 0.4225966 3.48687e-6 -0.906317 -0.4225986 -2.94329e-5 -0.906317 -0.4225987 -1.67929e-5 -0.9605815 0.2779988 9.79006e-6 -0.7848895 0.3659847 -0.5000039 -0.4531065 0.2113364 -0.8660436 -0.4531146 0.2113178 -0.8660439 -0.784884 0.3659986 -0.5000022 -0.4531153 0.2113209 -0.8660427 -0.4531301 0.2112918 -0.8660421 -0.7848827 0.366001 -0.5000026 -0.4881304 0.1082366 -0.8660333 -0.4531012 0.2113243 -0.8660494 -0.7848961 0.3660045 -0.4999788 -0.4531016 0.2113093 -0.8660528 -0.7848937 0.3660095 -0.499979 -0.5373038 -0.8433889 -2.29627e-5 6.86012e-5 -0.4999834 -0.8660351 -0.3535029 -0.3536263 -0.8660162 0.4225834 -0.9063241 2.76566e-5 0.1082074 -0.4881341 -0.8660349 -8.34465e-6 -0.5000338 -0.8660059 0.4226124 -0.9063105 -4.55976e-6 3.7672e-6 -0.5000141 -0.8660174 -0.5373259 -0.8433748 -1.42455e-5 -0.5372318 -0.8434347 1.26958e-5 -0.3534722 -0.3534954 -0.8660823 -0.5000215 -7.17118e-6 -0.8660131 -0.7849009 0.3659908 -0.4999815 -0.5000224 -4.85685e-6 -0.8660125 -0.4881268 0.1082164 -0.8660378 -0.8660269 -1.09375e-5 -0.4999975 -0.5000162 3.17916e-5 -0.8660161 -0.7848931 0.3659961 -0.4999897 -0.5372408 -0.8434289 -8.37445e-6 -0.4999947 2.65241e-6 -0.8660285 -0.8660196 1.42008e-5 -0.5000103 0.365994 -0.7848815 -0.5000095 0.2113037 -0.4531812 -0.8660125 0.1082015 -0.4880905 -0.8660603 0.3659906 -0.7848853 -0.500006 0.2112994 -0.4532136 -0.8659965 0.2113253 -0.4532002 -0.8659973 0.3659929 -0.7848934 -0.4999918 0.1081858 -0.4882175 -0.8659905 0.4226096 -0.9063119 -1.30376e-5 -0.4225987 0.906317 -5.21926e-5 -0.2165108 0.9762803 6.1132e-6 -0.4225987 0.906317 3.16257e-6 0.4226202 -0.906307 0 0.2112954 -0.4531016 -0.8660562 0.2113072 -0.4530969 -0.8660557 0.3659905 -0.7848999 -0.4999833 -1.6765e-5 0 -1 1.08001e-6 0 -1 -2.19617e-5 0 -1 0 0 -1 -5.56888e-6 0 -1 -2.19617e-5 0 -1 -3.04836e-6 0 -1 7.92725e-7 0 -1 2.09865e-6 0 -1 0.4226202 0.906307 0 0.4226061 0.9063135 2.21982e-5 0.4226061 0.9063135 0 -0.2750886 0.9614189 6.54161e-6 -0.2751259 0.9614083 -1.12908e-5 -0.2751271 0.9614079 -3.21407e-5 -0.8381148 0.545494 3.51667e-5 -0.2751155 0.9614112 -2.49977e-5 0.4226238 0.9063053 -6.3926e-6 -0.2751163 0.961411 8.78398e-6 -0.8381075 0.5455054 -1.39081e-5 -0.8381075 0.5455054 0 -0.9586721 0.2845134 -3.11714e-6 -0.2751021 0.961415 -6.3777e-6 -0.8380748 0.5455554 -2.11969e-5 -0.8380748 0.5455554 0 -0.9586817 0.2844809 -1.1837e-5 -0.9586817 0.2844809 -1.89609e-5 -1 1.97932e-5 5.28712e-6 -0.8381069 0.5455061 3.15998e-6 -0.9586719 0.2845143 1.60858e-5 -0.9586718 0.2845143 -1.88993e-5 -1 -1.88947e-5 -1.39127e-5 -1 -1.88947e-5 0 -0.958682 -0.2844801 -3.16929e-6 -0.9586822 0.2844792 3.16836e-6 -1 1.80006e-5 1.39127e-5 -1 1.80006e-5 0 -0.9586721 -0.2845135 -1.04776e-5 -0.9586721 -0.2845134 -1.75596e-5 -0.8381074 -0.5455054 6.58445e-6 -0.958682 -0.28448 -1.8961e-5 -1 -1.88398e-5 3.02773e-6 -0.958682 -0.28448 1.59791e-5 1.94477e-5 0 -1 -0.8381155 -0.5454928 2.22039e-5 -0.8381155 -0.5454928 0 -0.2750819 -0.9614209 6.4224e-6 -0.9586717 -0.2845148 3.14228e-6 -0.8381067 -0.5455065 1.39081e-5 -0.8381067 -0.5455065 0 -0.2750877 -0.9614192 -3.11299e-5 -0.2750864 -0.9614196 -3.17125e-5 0.1213057 -0.9926152 2.98396e-6 -0.2751005 -0.9614155 -3.214e-5 -0.8380743 -0.5455562 -7.25687e-6 -0.2751018 -0.9614152 1.88686e-6 -0.2751156 -0.9614112 -6.54161e-6 0.4226241 -0.9063051 -2.11969e-5 0.4226241 -0.9063051 0 0.365989 0.7848885 -0.5000022 0.2112985 0.4531263 -0.8660425 0.2113043 0.4531222 -0.8660432 0.3659973 0.784881 -0.5000079 0.2113182 0.4531096 -0.8660464 0.2112892 0.4531247 -0.8660456 -0.5372708 0.8434098 1.00285e-5 0.1082075 0.4880626 -0.8660751 0.2113094 0.4531973 -0.8660026 0.3659925 0.7848804 -0.5000123 0.2113173 0.4531058 -0.8660487 0.3659973 0.7848777 -0.500013 -0.5373572 0.8433548 -1.04308e-5 0.2113105 0.4531463 -0.8660292 0.3660097 0.7848731 -0.5000112 -0.8660104 -2.03326e-5 -0.5000262 -0.4531234 -0.211304 -0.8660426 -0.488122 -0.1082103 -0.8660414 -0.7848988 -0.366006 -0.4999737 -0.4532005 -0.2113023 -0.8660027 -0.453189 -0.2113291 -0.8660022 -0.7848828 -0.3660089 -0.4999966 -0.45314 -0.2112952 -0.8660362 -0.8660319 -5.4352e-6 -0.4999888 -0.8660292 4.35859e-6 -0.4999936 -0.4880652 -0.1082063 -0.8660739 -0.4999976 -1.48863e-5 -0.8660269 -0.8660321 5.87106e-6 -0.4999887 -0.4999828 1.18539e-5 -0.8660355 -0.3535045 0.3535844 -0.8660327 -0.5373018 0.84339 -1.41412e-5 -0.3534613 0.3536074 -0.866041 9.79975e-5 0.5000008 -0.866025 -1 -5.1856e-6 2.10572e-5 -0.8660175 -1.82819e-6 -0.5000137 -0.3535986 0.3535422 -0.8660116 -0.5373237 0.8433762 7.89762e-6 -1 5.76824e-5 -3.12924e-5 -0.3535345 0.353522 -0.8660461 -0.5372238 0.8434398 -1.05202e-5 5.68666e-6 0.5000205 -0.8660137 0.1082196 0.4881239 -0.866039 0.9063171 0.4225984 -1.67929e-5 0.9605814 -0.2779991 9.79006e-6 0.9063171 0.4225984 -2.94329e-5 -0.9063037 -0.4226272 0 -0.9063095 -0.4226148 0 -0.4531155 -0.2112965 -0.8660486 -0.4531099 -0.2113079 -0.8660487 -0.7848866 -0.3659788 -0.5000125 0 2.11053e-6 -1 -8.12163e-6 8.97394e-6 -1 1.60552e-5 0 -1 1.60592e-5 0 -1 1.60578e-5 0 -1 0 -2.11062e-6 -1 -1.21496e-5 -8.97313e-6 -1 0 1.2189e-7 -1 0 -1.1997e-7 -1 0.9063043 -0.4226259 0 0.9063089 -0.4226161 0 -2.09867e-6 0 -1 0.7848827 -0.3659948 -0.500007 0.4531276 -0.2112823 -0.8660457 0.453123 -0.2112933 -0.8660455 0.7848854 -0.3659872 -0.5000084 0.4531205 -0.2112955 -0.8660463 0.4531165 -0.2113013 -0.8660468 0.9063131 -0.422607 2.21982e-5 0.9063131 -0.422607 0 0.9614192 0.2750877 6.52671e-6 0.879077 0.4766799 -1.84029e-6 0.96141 0.2751199 2.28733e-5 0.545559 0.8380725 5.0813e-6 0.9762836 -0.2164959 1.46329e-5 0.906301 -0.4226329 -7.7337e-6 0.9614135 0.2751075 -2.33948e-5 1 2.12938e-5 6.16908e-6 0.9614143 0.2751047 2.22959e-6 0.8790713 0.4766904 -2.17706e-5 0.9762859 -0.2164855 -6.69807e-6 0.9614204 0.2750836 -4.41074e-6 1 -1.24788e-5 -2.03401e-5 0.545594 0.8380497 -1.06436e-5 0.545594 0.8380497 0 0.2841092 0.958792 -3.16743e-6 0.8791162 0.4766076 -1.10418e-5 0.5454949 0.8381143 2.62687e-5 0.545495 0.8381142 0 0.2844815 0.9586816 -4.27966e-6 0.2841131 0.9587909 0 1.70116e-5 1 -2.01073e-6 0.2844882 0.9586796 -3.23006e-6 0.5455597 0.838072 1.89245e-6 0.2841206 0.9587886 7.44499e-6 5.52833e-6 1 3.76665e-6 5.52833e-6 1 0 -0.284089 0.9587979 -3.09106e-6 1.16527e-5 1 0 0.2844731 0.9586841 2.9793e-6 1.16527e-5 1 1.34329e-5 -0.2845 0.958676 -1.06113e-5 -0.2840873 0.9587985 3.83961e-6 -0.5454899 0.8381174 7.34162e-6 -0.2844988 0.9586765 -8.48551e-6 1.29855e-5 1 -4.39584e-6 -0.2840846 0.9587993 9.9102e-6 -0.545502 0.8381096 -1.08116e-5 -0.545502 0.8381095 0 -0.8790745 0.4766846 1.1012e-5 -0.2845081 0.9586737 3.03611e-6 -0.5455007 0.8381105 1.44563e-5 -0.5455007 0.8381105 0 -1.65953e-5 0 -1 -0.8790634 0.4767051 -1.11979e-5 -0.8790629 0.4767056 -5.94434e-4 -1 2.30223e-5 -1.76579e-6 1.81611e-5 0 -1 -0.5454963 0.8381132 -8.59797e-6 -0.8791164 0.4766073 -1.00865e-5 -0.8791162 0.4766072 -5.90508e-4 -1 2.38195e-5 1.13775e-5 -1 2.37301e-5 0 -0.9763008 -0.2164178 -4.31761e-6 -0.8790638 0.4767041 -1.10045e-5 -1 2.06679e-5 2.62588e-5 -1 2.05934e-5 0 -0.9762816 -0.216505 7.6279e-6 -0.9762815 -0.2165049 -2.28403e-5 -0.9063194 -0.4225932 -1.00508e-5 -0.9763093 -0.2163801 -2.43626e-5 -1 1.45808e-5 2.57045e-6 -0.9763093 -0.2163801 3.11045e-6 -0.9762812 -0.2165064 4.29898e-6 -0.9063189 -0.4225946 -1.116e-5 -0.9063189 -0.4225946 0 0.8660265 2.11857e-5 -0.4999981 0.7848904 -0.366006 -0.4999866 0.4531028 -0.2113072 -0.8660528 0.4881414 -0.1081952 -0.8660323 0.8660097 -4.29153e-6 -0.5000274 0.4530883 -0.2113326 -0.8660541 0.78488 -0.3659963 -0.5000102 0.7848828 -0.3659915 -0.5000092 0.4532093 -0.211298 -0.8659991 0.9763006 -0.2164193 4.26173e-6 0.4531994 -0.2113052 -0.8660025 0.7848928 -0.3660014 -0.4999862 0.9762982 -0.21643 8.90531e-6 0.4881311 -0.1082177 -0.8660352 0.4531326 -0.2113199 -0.866034 0.9063261 -0.4225791 -7.59959e-7 0.9063089 -0.422616 -7.00355e-7 0.7848879 -0.3660109 -0.4999871 0.976301 -0.2164171 1.87755e-6 0.784904 -0.3659816 -0.4999833 0.9063081 -0.4226177 1.41412e-5 0.7848891 -0.3659998 -0.4999932 0.9063202 -0.422592 -7.80821e-6 0.7848914 -0.3659958 -0.4999928 0.9762821 -0.2165027 8.34465e-7 0.9063153 -0.4226024 -1.81722e-5 0.7848801 -0.3660006 -0.500007 0.8660148 2.47359e-6 -0.5000185 1 2.15881e-5 7.55489e-6 0.7848752 -0.366032 -0.4999915 0.9762834 -0.2164968 5.24521e-6 0.7849 -0.3660001 -0.4999761 1 -2.7515e-5 1.83582e-5 -0.3659933 0.7848828 -0.5000081 -0.2113034 0.4531832 -0.8660115 -0.108201 0.4880924 -0.8660592 -0.3659971 0.7848796 -0.5000101 -0.2113047 0.4532056 -0.8659995 -0.2113314 0.4531939 -0.8659991 -0.4225825 0.9063246 2.66135e-5 -0.1082061 0.4881342 -0.866035 9.65595e-6 0.5000337 -0.866006 -0.3659929 0.7848934 -0.4999918 -0.1081858 0.4882175 -0.8659905 -0.4226096 0.9063119 -1.30376e-5 0.537302 0.8433899 -2.2769e-5 -6.95065e-5 0.4999818 -0.8660359 0.3535032 0.3536283 -0.8660153 -0.4226123 0.9063106 -4.97699e-6 -3.36394e-6 0.5000141 -0.8660174 0.5373261 0.8433746 -1.37091e-5 0.537231 0.8434352 1.32024e-5 0.3534704 0.3534959 -0.8660827 0.5000198 8.04849e-6 -0.866014 1 1.0781e-5 1.29419e-5 0.5000271 -8.91834e-6 -0.8660098 0.4881342 -0.1082332 -0.8660315 0.5372818 0.8434028 -7.42078e-6 0.5000143 -3.14415e-5 -0.8660172 1 -5.13345e-6 5.69224e-6 1 3.49432e-5 9.53674e-6 0.4881353 -0.1082253 -0.866032 0.9763055 -0.2163974 2.45571e-5 0.4225975 -0.9063175 -1.67929e-5 -0.278 -0.9605811 9.77516e-6 0.4225975 -0.9063175 -2.94329e-5 -0.4226202 0.906307 0 -0.3659859 0.7849015 -0.499984 -0.2113083 0.4531406 -0.8660326 -0.2113198 0.4531354 -0.8660326 0 0 -1 0 0 -1 0 0 -1 -1.11377e-5 0 -1 5.07561e-6 0 -1 -2.85779e-5 0 -1 -2.81286e-5 0 -1 -1.67605e-5 0 -1 9.72394e-6 0 -1 -0.4226202 -0.906307 0 -0.4226035 -0.9063147 -1.16769e-5 -0.4226036 -0.9063147 0 -0.1213011 -0.9926158 -1.80677e-7 0.2751266 -0.961408 -1.12909e-5 0.2750818 -0.9614209 -3.21403e-5 0.8381151 -0.5454935 3.49879e-5 0.2751156 -0.9614112 -2.49976e-5 -0.4226237 -0.9063053 -6.3926e-6 0.2751164 -0.9614109 8.78408e-6 0.83805 -0.5455936 -1.05749e-5 0.83805 -0.5455936 0 0.9587922 -0.2841088 -3.0743e-6 0.2751021 -0.961415 -6.3777e-6 0.8380748 -0.5455554 -2.11969e-5 0.8380748 -0.5455554 0 0.9586822 -0.2844793 -7.56886e-6 0.9587913 -0.2841116 -1.13295e-6 1 -1.81859e-5 -1.78069e-6 0.9586774 -0.2844959 -1.57417e-6 0.8380693 -0.5455639 1.90921e-6 0.9588 -0.2840821 -2.48966e-6 1 -6.18398e-6 3.76664e-6 1 -6.18398e-6 0 0.9587981 0.2840883 -2.89921e-6 0.9586822 -0.2844792 3.16836e-6 1 -1.80006e-5 1.39127e-5 1 -1.80006e-5 0 0.9586753 0.2845025 -1.46355e-5 0.958798 0.284089 -1.80956e-6 0.8381175 0.5454899 -6.60215e-6 0.9586753 0.2845025 -8.88179e-6 1 -5.65837e-6 -3.19723e-6 0.958798 0.284089 8.27666e-6 0.8381159 0.5454922 2.22039e-5 0.8381159 0.5454922 0 0.2750825 0.9614207 6.52671e-6 0.8381062 0.5455073 0 0.9586715 0.2845156 3.11248e-6 0.8381062 0.5455073 1.39081e-5 0.2750877 0.9614192 -8.22534e-7 0.2750895 0.9614186 -2.14271e-5 -0.4226062 0.9063134 -1.49459e-5 0.2751005 0.9614155 -3.214e-5 0.8380743 0.5455562 -7.25687e-6 0.2751018 0.9614152 1.88686e-6 0.2751156 0.9614112 -6.52671e-6 -0.4226241 0.9063051 -2.11969e-5 -0.4226241 0.9063051 0 -0.3659822 -0.7848933 -0.4999994 -0.2113348 -0.4531124 -0.866041 -0.2112989 -0.4530833 -0.8660648 -0.3659953 -0.7848829 -0.5000064 -0.2112654 -0.4530907 -0.8660693 -0.2112763 -0.4530859 -0.866069 0.5372709 -0.8434098 1.11461e-5 -0.1082072 -0.4880634 -0.8660748 -0.2113091 -0.453198 -0.8660025 -0.365998 -0.7848767 -0.5000143 -0.211314 -0.4531063 -0.8660491 -0.3660031 -0.7848746 -0.5000135 0.5373565 -0.8433552 -1.16527e-5 -0.2113112 -0.4531456 -0.8660293 -0.3660106 -0.7848725 -0.5000114 0.5372235 -0.8434399 -1.14441e-5 -6.27525e-6 -0.5000205 -0.8660137 -0.1081849 -0.4881373 -0.8660359 0.5373018 -0.84339 -1.41412e-5 0.3534613 -0.3536074 -0.866041 -9.79975e-5 -0.5000008 -0.866025 0.7848806 0.3660009 -0.5000059 0.4531392 0.2113066 -0.8660339 0.488128 0.1082317 -0.8660352 0.7849 0.366002 -0.4999746 0.4532017 0.2112982 -0.8660032 0.4531894 0.2113246 -0.8660032 0.9763113 0.2163711 2.5996e-5 0.4881355 0.1082133 -0.8660333 0.5000283 -1.1161e-5 -0.8660091 0.906315 0.4226031 1.15879e-5 0.7848851 0.3659827 -0.500012 0.4881373 0.1082894 -0.8660228 0.9762857 0.2164861 1.88649e-5 0.9063283 0.4225742 2.32756e-5 0.4881346 0.1082139 -0.8660337 1 2.66731e-5 -2.49855e-5 0.4999913 -1.58623e-5 -0.8660305 0.3535999 -0.3535361 -0.8660135 1 4.73391e-5 2.45869e-5 0.9762875 0.2164784 1.20401e-5 0.5000306 5.55068e-6 -0.8660078 0.5373232 -0.8433765 7.15256e-6 1 -5.8189e-5 -3.31998e-5 0.3535329 -0.3535217 -0.8660467 0.7849029 0.3659913 -0.499978 0.4531069 0.2112973 -0.8660529 0.4530645 0.2112916 -0.8660765 0.7848932 0.3659934 -0.4999917 0.4880985 0.1082206 -0.8660532 0.4531964 0.2112964 -0.8660063 0.78489 0.3659889 -0.4999999 0.7848868 0.3659942 -0.500001 0.4531185 0.2113183 -0.8660417 0.7848973 0.3659978 -0.4999819 0.5000366 -4.00189e-5 -0.8660044 0.4881337 0.108231 -0.8660321 0.8790727 -0.4766878 1.51377e-5 0.4395214 -0.2383344 -0.8660357 0.5000153 -2.69562e-5 -0.8660166 0.8660289 -1.34408e-5 -0.499994 0.4999922 -4.38467e-6 -0.86603 0.7848755 0.36602 -0.5 0.8790652 -0.4767019 1.35005e-5 0.4999951 -3.63588e-6 -0.8660282 0.8660214 1.55782e-5 -0.5000071 0.4724951 -0.7257884 -0.4999797 0.2727957 -0.4191015 -0.8659887 0.4396097 -0.2382979 -0.866001 0.2845009 -0.9586758 6.07967e-6 0.2727994 -0.4189939 -0.8660396 0.4724803 -0.7257907 -0.4999902 0.142281 -0.4793054 -0.8660385 0.2727358 -0.4190353 -0.8660397 0.2844904 -0.958679 -2.58908e-7 0.545572 -0.838064 7.39843e-6 0.4724768 -0.7257836 -0.500004 0.4395486 -0.2382971 -0.8660321 0.8790598 -0.4767116 -1.20401e-5 0.5455085 -0.8381054 -4.08292e-6 0.4395182 -0.2383328 -0.8660377 0.8660166 -2.24262e-6 -0.5000153 0.9763092 0.2163801 -9.84967e-6 1 -9.37283e-6 1.14259e-5 0.8790638 -0.4767042 -1.73301e-5 0.8660144 1.01328e-6 -0.5000191 1 7.69086e-6 1.17123e-5 0.8660216 -3.3658e-6 -0.5000066 0.9063218 0.4225882 -1.48714e-5 0.976308 0.2163859 1.8388e-5 0.8660107 6.21285e-6 -0.5000256 0.7849048 0.365984 -0.4999802 0.9063174 0.4225977 -2.36779e-5 0.9063093 0.4226152 -1.01924e-5 0.9063067 0.4226208 -9.56655e-6 0.7848966 0.3659818 -0.4999948 0.9063049 0.4226245 3.38256e-6 0.7848939 0.3660044 -0.4999824 0.7848954 0.3660001 -0.4999833 0.2845059 -0.9586743 2.93106e-5 0.4724955 -0.7257799 -0.4999915 0.5454953 -0.8381139 -1.7643e-5 -0.1423041 -0.4793177 -0.8660278 -0.4724941 -0.7257814 -0.4999906 -0.2728209 -0.4189902 -0.8660348 -0.8790966 -0.4766436 2.00272e-5 -0.2727038 -0.4190117 -0.8660611 -0.4724795 -0.7257937 -0.4999867 -0.8790789 -0.4766764 1.47875e-5 -0.4395411 -0.2383036 -0.8660342 -0.2728053 -0.4190306 -0.8660201 -0.142214 -0.4793956 -0.8659995 -0.5455049 -0.8381078 -2.55741e-6 -0.4724951 -0.725786 -0.4999832 -0.879073 -0.4766873 2.07275e-5 -0.4724919 -0.7257876 -0.4999839 -0.5454978 -0.8381122 9.41753e-6 -0.1423031 -0.4793311 -0.8660205 -0.2845136 -0.9586721 -6.4075e-6 -0.545534 -0.8380888 8.9407e-6 -2.15322e-6 -0.5000303 -0.8660079 -1.38469e-5 -1 1.95503e-5 -0.2845785 -0.9586527 6.91414e-6 -0.1423248 -0.4793317 -0.8660166 -9.56189e-6 -0.5000022 -0.8660243 -0.2844886 -0.9586795 -6.62776e-6 0.1423102 -0.4793322 -0.8660188 0.2844751 -0.9586835 -1.19209e-6 -2.33948e-6 -1 -1.78814e-5 -9.9726e-6 -0.5000314 -0.8660073 0.1422415 -0.4793221 -0.8660356 1.63168e-6 -1 1.69957e-5 -1 1.42008e-5 1.30031e-5 -0.5000278 1.20588e-5 -0.8660093 -0.4396061 -0.238322 -0.865996 -0.9763038 0.2164044 2.19524e-5 -0.4881329 0.1082357 -0.866032 -0.5000324 -3.06666e-5 -0.8660067 -1 1.80621e-5 2.02954e-5 -0.9762894 0.2164693 1.2055e-5 -0.5000306 2.26498e-6 -0.8660078 -0.8790801 -0.4766739 2.48253e-5 -1 -4.17232e-5 -7.6443e-6 -0.4395285 -0.2383028 -0.8660406 -0.7848901 0.365998 -0.4999932 -0.4531942 0.2113082 -0.8660046 -0.4881002 0.1082172 -0.8660527 -0.9063032 0.4226281 -2.39722e-5 -0.7848891 0.3659949 -0.4999969 -0.4881385 0.1082214 -0.8660306 -0.9763022 0.216412 9.71556e-6 -0.9062957 0.4226443 9.70066e-6 -0.4881387 0.108208 -0.8660323 -0.7848928 0.3659928 -0.4999927 -0.784891 0.365997 -0.4999924 -0.9063174 0.4225977 -7.46548e-6 -0.9063079 0.422618 1.20699e-6 -0.784888 0.3660135 -0.4999852 -0.9063251 0.4225813 1.86265e-6 -0.8660194 -1.19591e-5 -0.5000107 -0.7849051 0.3659761 -0.4999856 -0.9063208 0.4225904 -1.41561e-5 -0.9763111 0.2163719 1.63317e-5 -0.8660153 -3.72529e-6 -0.5000177 -0.9063001 0.422635 8.52346e-6 -0.9762824 0.2165012 -2.5779e-6 -1 -3.2261e-6 1.95317e-5 -0.8660162 1.55419e-5 -0.5000162 -0.5372779 -0.8434053 1.06394e-5 -0.8660127 -3.25739e-5 -0.5000222 -1 -2.27131e-5 1.46478e-5 0.3660057 -0.7848895 -0.4999884 0.3660017 -0.7848914 -0.4999883 0.4226274 -0.9063036 -2.74181e-6 0.4226197 -0.9063072 -7.86781e-6 0.3659898 -0.7848939 -0.4999932 0.4226141 -0.9063099 -8.06153e-6 0.3659982 -0.7848855 -0.5000001 0.2112858 -0.4531339 -0.8660416 0.3659927 -0.7848883 -0.5 -0.2751187 -0.9614103 1.77324e-5 0.2113286 -0.4531167 -0.8660402 0.3659995 -0.7848914 -0.4999901 -0.2750936 -0.9614175 -5.1558e-6 -0.137511 -0.4806982 -0.866037 0.2112613 -0.4531953 -0.8660156 -0.2750946 -0.9614172 1.44392e-5 0.3660181 -0.7848845 -0.4999873 0.4226118 -0.9063109 1.00583e-5 -0.725775 -0.4724999 -0.4999948 -0.4190181 -0.2728146 -0.8660231 -0.1375169 -0.4807303 -0.8660181 -0.9586755 -0.2845017 2.27094e-5 -0.4190949 -0.272789 -0.8659941 -0.7257881 -0.4724931 -0.4999821 -0.4792813 -0.1421621 -0.8660712 -0.418998 -0.2728422 -0.8660242 -0.9586804 -0.2844854 -7.40867e-7 -0.8381131 -0.5454965 1.73785e-5 -0.7257853 -0.4724751 -0.5000029 -0.1376119 -0.4806915 -0.8660246 -0.2751147 -0.9614114 -3.24845e-6 -0.8380721 -0.5455595 -8.15093e-6 -0.1374939 -0.4807212 -0.866027 -0.9586744 -0.2845057 8.24034e-6 -0.7257717 -0.4724906 -0.5000082 -0.8381076 -0.545505 1.16974e-5 -0.9586811 0.2844831 -1.5602e-5 -0.4793171 0.1423367 -0.8660228 -0.4999858 2.25361e-5 -0.8660337 -1 1.43535e-5 1.61827e-5 -0.9586526 0.2845792 2.5928e-6 -0.5000274 2.6077e-6 -0.8660097 -0.4793221 -0.1422442 -0.8660352 -1 1.66669e-5 1.20956e-5 -0.5000324 6.41868e-6 -0.8660069 -0.7257805 0.4724861 -0.4999995 -0.4190189 0.2728238 -0.86602 -0.479304 0.1423004 -0.8660359 -0.8381099 0.5455015 -3.41795e-6 -0.7257789 0.4724992 -0.4999896 -0.4793864 0.1422154 -0.8660044 -0.9586723 0.2845127 6.67572e-6 -0.8381082 0.5455042 -1.7643e-5 -0.4792997 0.1423026 -0.866038 -0.2751101 0.9614127 -2.28584e-5 -0.4190183 0.2727897 -0.8660309 -0.7257969 0.4724906 -0.4999715 -0.2751074 0.9614135 -9.68575e-6 -0.1376065 0.4807265 -0.866006 -0.4191088 0.2728006 -0.8659837 -0.2751221 0.9614094 1.33365e-5 -0.7257858 0.472503 -0.499976 -0.8380663 0.5455684 1.00732e-5 -0.4793164 -0.1423029 -0.8660286 -0.9586834 -0.2844753 -1.67787e-5 -1 3.66308e-5 5.57303e-6 0.3660117 0.7848941 -0.4999768 0.2113148 0.4531252 -0.866039 -0.1375151 0.4807037 -0.8660333 0.4225991 0.9063168 5.93811e-6 0.3659895 0.7848984 -0.4999863 -0.1375051 0.4807027 -0.8660354 -0.2750994 0.9614159 -7.689e-6 0.4226216 0.9063063 -1.45137e-5 -0.1375104 0.4807022 -0.8660349 0.3659958 0.7848941 -0.4999883 0.3659999 0.784892 -0.4999889 0.4225997 0.9063165 -3.09944e-6 0.4226162 0.9063088 -6.52671e-6 0.36601 0.7848852 -0.499992 0.4225794 0.906326 -6.85453e-6 -0.5372868 0.8433996 -2.18302e-5 0.3660069 0.7849003 -0.4999705 0.4225971 0.9063177 4.06802e-6 -0.7848772 -0.3660076 -0.5000063 -0.8660174 4.47035e-7 -0.5000139 -1 3.63663e-5 -3.48687e-6 -0.7849002 -0.3659942 -0.49998 -1 1.94684e-5 2.98023e-6 -0.9763068 -0.2163911 -7.03335e-6 -0.7849082 -0.3659734 -0.4999825 -0.9762993 -0.216425 1.05351e-5 -0.9063065 -0.4226212 1.39279e-5 -0.7848905 -0.3660054 -0.499987 -0.7848923 -0.3660012 -0.4999871 -0.9063039 -0.4226266 -1.2368e-6 -0.9063089 -0.4226158 -6.06477e-6 -0.7848967 -0.3659865 -0.4999909 -0.9063116 -0.4226102 -5.06639e-6 -0.7848839 -0.3659952 -0.5000049 -0.4531309 -0.2112822 -0.8660441 -0.7848868 -0.3659897 -0.5000044 -0.9763074 -0.2163882 9.11951e-6 -0.4530878 -0.2113227 -0.8660567 -0.784895 -0.366008 -0.4999781 -0.9763063 -0.2163932 6.90552e-6 -0.4881431 -0.1081966 -0.8660311 -0.4531942 -0.2112694 -0.8660141 -0.9762828 -0.2164993 1.37091e-6 -0.7848826 -0.3659939 -0.5000079 -0.9063192 -0.4225941 -1.3724e-5 -1 8.50856e-6 1.17116e-5 -0.5000321 2.47788e-5 -0.866007 -0.4881363 -0.1081836 -0.8660366 -0.8790711 0.4766908 1.52811e-5 -0.4395211 0.2383379 -0.8660348 -0.5000142 3.0145e-5 -0.8660172 -1 -3.39001e-6 2.22325e-5 -0.8791013 0.4766349 -9.76026e-6 -0.5000177 2.17557e-5 -0.8660153 -0.9763109 -0.2163726 -1.81794e-5 -1 2.59876e-5 1.19507e-5 -0.4881367 -0.108214 -0.8660326 -0.4724929 0.7257876 -0.4999829 -0.2728024 0.4190986 -0.8659881 -0.4396166 0.2382954 -0.865998 -0.5455662 0.8380678 6.63474e-6 -0.4724712 0.7257874 -0.5000036 -0.4395755 0.2383249 -0.8660108 -0.8790609 0.4767096 -1.3262e-5 -0.5455103 0.8381042 -4.63426e-6 -0.4395192 0.2383306 -0.8660377 -0.2845026 0.9586753 7.92742e-6 -0.2728026 0.4189931 -0.866039 -0.472483 0.7257894 -0.4999897 -0.2844914 0.9586787 2.66824e-7 -0.1422821 0.4793052 -0.8660385 -0.2727375 0.4190354 -0.866039 -0.2845059 0.9586743 2.94298e-5 -0.4724955 0.72578 -0.4999914 -0.5454952 0.838114 -1.75089e-5 0.472492 0.7257815 -0.4999925 0.272818 0.4189894 -0.8660359 0.1423013 0.479317 -0.8660287 0.8790947 0.4766471 2.26498e-5 0.2727012 0.4190161 -0.8660598 0.4724763 0.7257968 -0.4999851 0.4395448 0.2383 -0.8660333 0.2728079 0.4190262 -0.8660214 0.8790814 0.4766719 1.46478e-5 0.2844893 0.9586793 -6.70459e-6 0.1423254 0.4793317 -0.8660166 1.00564e-5 0.5000019 -0.8660244 0.5454968 0.838113 -1.3086e-5 0.4725043 0.7257741 -0.4999916 0.142207 0.4793804 -0.8660091 0.2845129 0.9586723 1.78814e-6 0.5455234 0.8380956 -2.72691e-5 0.1423265 0.4793264 -0.8660193 -9.98378e-7 1 1.68579e-5 1.055e-5 0.5000315 -0.8660072 -0.1422408 0.479322 -0.8660358 1.38059e-5 1 1.96099e-5 0.2845786 0.9586528 6.94394e-6 2.12342e-6 0.5000303 -0.866008 -0.2844751 0.9586835 -1.2219e-6 2.5183e-6 1 -1.7941e-5 -0.1423102 0.4793322 -0.8660188 0.8790755 0.4766827 2.18153e-5 0.4724969 0.7257847 -0.4999833 0.5455027 0.8381091 1.11312e-5 0.4395283 0.2383036 -0.8660407 0.8790798 0.4766747 2.47657e-5 1 2.31415e-5 3.63439e-5 0.8660232 4.99934e-6 -0.5000039 0.4395103 0.2383626 -0.8660335 1 7.53999e-6 7.3351e-6 0.8660242 -2.5332e-7 -0.5000022 0.4999974 -6.69435e-6 -0.866027 0.4395319 0.238312 -0.8660364 0.4881385 -0.1082004 -0.8660333 0.4999925 3.34531e-6 -0.8660298 0.8660246 -1.00583e-6 -0.5000014 -0.3659898 0.7848939 -0.4999932 -0.4226141 0.9063099 -8.06153e-6 -0.4226197 0.9063072 -7.86781e-6 -0.3659999 0.7848899 -0.4999919 -0.4226264 0.906304 -6.58631e-6 -0.3660038 0.784888 -0.499992 -0.3660044 0.7848839 -0.4999981 -0.4226105 0.9063115 1.30683e-5 0.2750955 0.961417 1.75983e-5 0.1374921 0.4807217 -0.8660268 0.2751131 0.9614119 -3.96371e-6 0.8380712 0.5455607 -8.47876e-6 -0.2113276 0.453117 -0.8660402 -0.3659985 0.7848918 -0.4999901 0.2751195 0.9614101 1.7643e-5 0.1375096 0.4806972 -0.8660378 -0.2112625 0.4531942 -0.8660157 0.2750924 0.9614178 -6.13928e-6 0.7257717 0.4724902 -0.5000085 0.8381078 0.5455047 1.15335e-5 0.9586746 0.2845053 7.77841e-6 0.1376141 0.480696 -0.8660218 0.8381124 0.5454978 2.24598e-5 0.7257869 0.4724775 -0.4999985 0.9586737 0.2845079 2.44379e-6 0.9971761 0.07510018 2.19941e-5 1 3.80427e-5 2.14577e-5 0.8263781 0.0323019 -0.5621884 0.7500107 -6.45895e-6 -0.6614257 0.6510117 0.0491119 -0.7574774 1 1.84178e-5 0 0.9586822 0.2844796 -4.49456e-6 1 1.84178e-5 1.71531e-6 0.9971676 -0.07521152 7.89762e-7 1 -1.94088e-5 -3.94723e-6 1 -1.94013e-5 0 0.8263812 0.03224843 -0.5621868 0.650828 -0.04912942 -0.757634 0.7500196 3.82923e-5 -0.6614158 0.9586551 0.2845708 -5.60284e-6 0.9886882 0.1499859 -1.37091e-5 0.9971662 0.07522988 -8.22544e-6 0.8263393 0.03227692 -0.562247 0.6510047 0.04908996 -0.7574848 0.3539821 0.05370157 -0.9337093 0.9586805 0.2844851 -9.83477e-7 0.9853926 0.1702979 1.71736e-5 0.9886862 0.1499986 -1.82092e-5 0.8263013 0.03238463 -0.5622966 0.3540048 0.05371457 -0.9336999 0.2385854 0.7104229 -0.6621 0.9586824 0.2844787 -3.71039e-6 0.9839246 0.1785849 9.98937e-6 0.9854031 0.1702372 -2.75912e-4 1 1.4618e-5 -1.70469e-5 0.2386189 0.710404 -0.6621082 0.1875064 0.9822635 -1.7345e-5 1 -2.37674e-5 1.15633e-5 0.2385793 0.7103798 -0.6621484 1 -2.26796e-5 -2.98917e-5 0.8262873 0.0324018 -0.5623163 0.2386015 0.7103291 -0.6621948 1 -5.1558e-6 -5.90533e-5 0.7638627 0.6453788 3.47197e-6 1 9.57847e-5 -5.66244e-7 0.1874591 0.9822724 -8.27014e-7 0.4793164 0.1423029 -0.8660286 0.9586834 0.2844753 -1.67787e-5 1 -3.66308e-5 5.57303e-6 0.4189978 0.2728419 -0.8660244 0.9586806 0.2844849 -8.85688e-7 0.4792816 0.1421617 -0.8660711 0.7257896 0.4724935 -0.4999794 0.9586736 0.2845087 -2.16961e-5 0.4190974 0.2727901 -0.8659926 0.9886868 -0.1499952 -1.80304e-5 0.9586767 -0.2844977 5.96046e-7 1 2.01613e-5 -3.27826e-5 0.8660163 4.38094e-6 -0.5000158 1 -1.98279e-5 -9.86457e-6 0.958673 -0.2845103 -3.08454e-6 0.9971687 -0.07519829 3.23355e-6 0.9886873 -0.1499916 1.21146e-5 1 4.78327e-6 2.1264e-5 0.4793276 0.1422112 -0.8660376 1 -8.28505e-6 8.32137e-6 0.8660262 -4.73671e-6 -0.4999986 0.4793011 -0.1423026 -0.8660373 0.9586725 -0.2845122 7.7486e-6 0.8381085 -0.5455038 -1.5825e-5 0.9854077 -0.170211 -1.75089e-7 0.9839196 -0.1786122 -6.10668e-6 0.9586766 -0.2844983 1.34483e-6 0.9886851 -0.1500063 -2.25902e-5 0.9854106 -0.1701942 1.12429e-5 0.9586735 -0.2845085 8.41916e-6 0.5000089 -7.01845e-6 -0.8660203 0.8660122 -1.08629e-5 -0.500023 0.958651 -0.2845845 1.36495e-5 0.4793167 -0.1423116 -0.8660271 0.5000232 -3.45502e-5 -0.866012 0.9586809 -0.2844839 -1.81105e-5 0.479391 -0.1422163 -0.8660016 0.8380596 -0.5455788 6.91507e-7 0.7257814 -0.4724988 -0.4999862 0.2751186 -0.9614104 1.22041e-5 0.7257829 -0.4725061 -0.4999772 0.8380643 -0.5455716 9.38773e-6 0.7770836 -0.6293974 -1.72853e-6 0.1874125 -0.9822814 2.49594e-6 0.2393005 -0.7069966 -0.6655006 1 -1.36048e-5 -4.32134e-6 0.2392895 -0.7070133 -0.6654868 0.3539791 -0.05369722 -0.9337106 0.7770803 -0.6294014 -2.04146e-5 0.2393226 -0.7070277 -0.6654597 1 -2.0355e-5 3.46899e-5 1 -1.69873e-6 -1.95205e-6 1 -3.21865e-6 -2.48849e-5 0.2393215 -0.7069632 -0.6655286 0.8263686 0.03226929 -0.5622043 0.3539861 -0.05367636 -0.9337091 0.6508218 -0.04908031 -0.7576425 0.8262895 -0.03230094 -0.5623187 1 6.02752e-6 -1.41263e-5 0.3539753 -0.05371284 -0.9337111 0.8263894 -0.03230518 -0.5621718 0.3539921 -0.0536825 -0.9337065 0.8263885 0.03231209 -0.5621725 0.4793031 -0.1422999 -0.8660367 0.7257798 -0.4724861 -0.5000006 0.4190178 -0.2728233 -0.8660206 0.2750978 -0.9614163 2.16067e-5 0.419017 -0.2727887 -0.8660318 0.7257964 -0.4724898 -0.4999731 0.2751082 -0.9614133 -8.22917e-6 0.1376077 -0.4807276 -0.8660053 0.4191102 -0.2728017 -0.8659827 0.4793202 0.1422313 -0.8660385 0.8660255 -8.44151e-6 -0.5 0.4999962 -1.88518e-5 -0.8660276 0.1375208 0.4807314 -0.8660171 0.7257773 0.4724995 -0.4999916 0.4190043 0.2728201 -0.8660282 -0.365993 0.7848888 -0.4999988 -0.3659986 0.784886 -0.4999991 -0.2112952 0.4532222 -0.865993 -0.3660114 -0.7848932 -0.4999786 -0.2113141 -0.4531236 -0.8660401 0.1375156 -0.4807019 -0.8660342 -0.4225991 -0.9063168 5.93811e-6 -0.3659895 -0.7848984 -0.4999863 0.1375051 -0.4807027 -0.8660354 0.2750994 -0.9614159 -7.689e-6 -0.4226216 -0.9063063 -1.45137e-5 0.1375104 -0.4807022 -0.8660349 -0.365998 -0.7848935 -0.4999878 -0.366002 -0.784891 -0.4999888 -0.422593 -0.9063196 -2.65241e-6 -0.4226162 -0.9063088 -6.52671e-6 -0.36601 -0.7848852 -0.499992 -0.4225794 -0.906326 -6.85453e-6 0.5372881 -0.8433988 -2.14726e-5 -0.3660058 -0.7849008 -0.4999705 -0.4225959 -0.9063183 3.8892e-6 -3.11714e-6 -0.9950562 0.09931474 -4.09978e-4 -0.9816524 0.1906793 -1.69329e-6 -0.9954022 0.09578412 0.01740646 0.8660152 -0.4997147 0.007794916 0.9746025 -0.2238067 -0.006586194 0.981647 0.1905939 -0.01739764 0.8660113 0.4997218 -0.006598472 0.9816458 0.1905993 -0.006907582 0.9802581 0.1976017 2.63657e-6 -0.9950591 0.09928542 1.17073e-6 -0.980264 0.1976929 1.64565e-6 -0.9816514 0.1906849 -0.01743775 0.8660297 0.4996884 0.01742595 0.8660097 -0.4997236 -0.006596982 0.9816407 0.1906259 1.93418e-6 -0.9950581 0.09929394 4.42174e-4 -0.9953993 0.09581303 -1.52458e-6 -1 -1.02818e-5 8.45318e-6 -1 -2.30372e-5 0 -1 -2.30372e-5 -4.29153e-6 -0.7033007 -0.7108926 0 -1 -3.36766e-6 8.12113e-7 -0.9950571 0.09930479 -2.20633e-6 -1 -3.37139e-6 -6.4075e-6 -0.004003942 -0.9999921 -1.60444e-5 -0.7033023 -0.710891 2.31499e-5 0.004002928 -0.999992 3.37362e-5 -0.003959476 -0.9999923 1.87159e-5 -1 -1.40108e-5 5.06639e-7 -0.7032764 -0.7109165 -5.06639e-7 0.7032764 -0.7109166 -3.3766e-5 0.003959476 -0.9999923 -1.86861e-5 1 -1.40406e-5 1.59922e-5 0.7033023 -0.710891 -2.32025e-5 -0.004002988 -0.999992 6.3479e-6 0.004003882 -0.999992 -2.74417e-6 1 -8.85874e-6 0 1 -8.86247e-6 -5.92321e-7 0.9953991 0.09581649 0 1 -2.30372e-5 4.29153e-6 0.7033007 -0.7108926 -8.45318e-6 1 -2.30372e-5 4.26602e-4 0.9950569 0.09930646 -8.67061e-7 1 1.67638e-7 -1.91596e-6 0.9953985 0.09582167 0.7638741 0.6453654 1.37687e-5 1 -1.66893e-5 -1.2517e-5 1 -1.327e-5 -5.40912e-6 0.826355 -0.03238469 -0.5622177 1 4.82481e-5 3.1963e-6 1 -8.9705e-6 -8.79168e-7 0.8263902 -0.03229111 -0.5621715 0.8263905 0.03230071 -0.5621705 1 -6.92159e-6 -2.08318e-5 0.8263437 -0.03228735 -0.5622398 1 -6.27339e-6 3.69549e-6 0.9999991 0.001435816 -1.23024e-4 0.8262933 -0.03227937 -0.5623145 1 5.60284e-6 2.29478e-5 1 1.35377e-5 -2.41199e-5 0.01739507 0.8660157 -0.4997141 0.02089399 0.8000091 -0.5996239 0.007803678 0.9745983 -0.2238242 1.90064e-5 1 -4.58211e-6 -0.006890714 0.9802821 0.1974834 0.007672607 0.9754016 -0.2203017 -2.05338e-5 1 4.69685e-5 0.007711231 0.9754032 -0.2202935 0.0209012 0.800023 -0.5996052 0.01747775 0.8660095 -0.4997222 0.01747453 0.8660095 -0.4997223 -0.01754075 0.8660095 0.4997199 -0.01747459 0.8660095 0.4997221 0.01754081 0.8660094 -0.4997201 -0.01747769 0.8660096 0.499722 -2.01946e-5 1 3.0743e-6 0.01746231 0.8660154 -0.4997124 -0.01741999 0.866016 0.4997128 -0.3535183 -0.6123465 -0.7071469 -0.5000397 -0.8660026 -8.21054e-5 -0.8660078 0.5000306 -2.04146e-5 -2.02656e-6 -5.53131e-5 -1 0.8660154 -0.5000173 5.1558e-6 -0.4999706 -0.8660425 -3.75509e-6 -0.3534989 -0.6123971 -0.7071128 -1.02207e-4 2.2471e-5 -1 -0.4999981 -0.8660265 1.31056e-5 3.23355e-5 -6.18398e-5 -1 -0.866015 0.5000182 1.73748e-5 0.4999947 0.8660286 -3.48687e-5 -0.3535902 -0.6123744 -0.7070868 -0.8660391 0.4999765 2.45273e-5 -1.94907e-5 1.19507e-5 -1 -9.32813e-6 -1.394e-5 -1 -1.35005e-5 8.55327e-6 -1 -0.8660075 0.5000311 5.40912e-6 -2.5332e-5 5.60284e-6 -1 -0.8660101 0.5000268 -9.29833e-6 7.24196e-6 9.60231e-5 -1 0.3534829 0.6122782 -0.7072237 0.4999964 0.8660275 -6.13332e-5 0.8660076 -0.5000308 -1.52886e-5 1.02639e-4 4.47035e-6 -1 0.5 0.8660255 -6.50436e-6 0.3535227 0.6123439 -0.7071469 8.85129e-6 1.25095e-5 -1 1.4782e-5 -9.64105e-6 -1 0.8660061 -0.5000335 6.75023e-6 0.3535909 0.6123749 -0.707086 0.8660398 -0.4999752 2.34842e-5 1.84774e-5 -1.05202e-5 -1 -9.45032e-5 1.31428e-5 -1 -1.13994e-6 2.56002e-5 -1 0.8660098 -0.5000272 -4.32134e-6 4.665e-5 4.41074e-6 -1 0.353605 0.6123028 -0.7071413 -2.20798e-5 1.19209e-5 -1 4.79374e-7 0 -1 -0.3536346 -0.6123188 -0.7071127 2.40505e-5 -8.9705e-6 -1 -4.47733e-5 -5.66244e-7 -1 1.68046e-7 0 -1 0.6123452 -0.353524 -0.7071451 0.8660067 -0.5000325 -7.96616e-5 -0.5000267 -0.8660101 -1.47969e-5 6.09755e-5 -1.19209e-7 -1 0.5000183 0.8660149 7.83801e-6 0.8660419 -0.4999716 -1.72853e-6 0.6124157 -0.3534848 -0.7071037 1.18017e-5 -1.055e-4 -1 0.8660219 -0.5000063 -9.61125e-7 -6.04093e-5 -1.49012e-7 -1 -0.500018 -0.8660151 8.73208e-6 -0.866042 0.4999714 -1.99676e-6 0.6123933 -0.3534846 -0.7071232 -0.4999753 -0.8660396 7.6592e-6 -1.5527e-5 4.82798e-6 -1 1.44541e-5 -1.29938e-5 -1 -9.11951e-6 -1.68085e-5 -1 -0.5000314 -0.8660072 8.38935e-6 7.98702e-6 8.95262e-5 -1 1.99825e-5 -4.09782e-6 -1 -0.5000258 -0.8660106 3.96371e-6 -0.6123237 0.3536057 -0.7071229 -0.8660237 0.500003 -6.68466e-5 0.5000323 0.8660068 -2.34991e-5 2.18451e-5 1.01745e-4 -1 -0.8660263 0.4999985 1.26436e-5 -0.6123983 0.3534964 -0.7071129 1.2517e-5 5.96047e-6 -1 -0.6123749 0.3535805 -0.7070912 0.4999734 0.8660408 1.14739e-5 -1.37091e-5 1.08182e-5 -1 8.41916e-6 1.57356e-5 -1 0.5000333 0.8660062 7.6741e-6 -1.24574e-5 -9.08971e-5 -1 -2.65837e-5 9.0152e-7 -1 0.5000257 0.8660107 -1.3411e-6 -5.57303e-6 4.51822e-5 -1 -0.6123055 0.3536028 -0.7071401 -1.43945e-5 -2.25902e-5 -1 0 0 -1 0 -2.66222e-7 -1 0 -2.66222e-7 -1 0.6123124 -0.3536053 -0.7071328 -2.0206e-5 2.97688e-5 -1 1.72555e-5 -4.56143e-5 -1 -1.34437e-6 0 -1 -1.80883e-7 0 -1 0 0 -1 0 0 -1 0 0 -1 0 0 -1 0 0 -1 0 0 -1 0 -1.73398e-7 -1 0 0 -1 -2.54417e-7 0 -1 0 -1.794e-7 -1 -5.02626e-7 0 -1 -1.75682e-7 0 -1 0 0 -1 0 0 -1 0.1213018 -0.9926157 -4.90734e-6 0.4226049 -0.906314 -9.86457e-6 -0.2750887 -0.9614189 3.69698e-5 -0.1213058 -0.9926152 -6.76436e-6 0.2750865 -0.9614195 1.63913e-7 -0.4226083 -0.9063124 -9.41753e-6</float_array>
          <technique_common>
            <accessor source="#_-mesh-normals-array" count="5354" stride="3">
              <param name="X" type="float"/>
              <param name="Y" type="float"/>
              <param name="Z" type="float"/>
            </accessor>
          </technique_common>
        </source>
        <source id="_-mesh-map-0">
          <float_array id="_-mesh-map-0-array" count="14100">0.09232598 0.639206 0.168533 0.642199 0.09950298 0.641328 0.887114 0.333519 0.899429 0.333762 0.898587 0.401668 0.76832 0.831932 0.755827 0.786639 0.755737 0.779189 0.768053 0.778993 0.76832 0.831932 0.755737 0.779189 0.110661 0.570546 0.1842499 0.581938 0.168533 0.642199 0.172499 0.641187 0.168533 0.642199 0.1842499 0.581938 0.09232598 0.639206 0.110661 0.570546 0.168533 0.642199 0.886324 0.38789 0.898587 0.401668 0.898585 0.405367 0.886324 0.38789 0.887114 0.333519 0.898587 0.401668 0.12852 0.503625 0.200064 0.522682 0.1842499 0.581938 0.271478 0.541937 0.1842499 0.581938 0.200064 0.522682 0.110661 0.570546 0.12852 0.503625 0.1842499 0.581938 0.2352589 0.604769 0.172499 0.641187 0.1842499 0.581938 0.271478 0.541937 0.2352589 0.604769 0.1842499 0.581938 0.1463789 0.436704 0.2158769 0.463426 0.200064 0.522682 0.271478 0.541937 0.200064 0.522682 0.2158769 0.463426 0.12852 0.503625 0.1463789 0.436704 0.200064 0.522682 0.1463789 0.436704 0.232019 0.403179 0.2158769 0.463426 0.271478 0.469158 0.2158769 0.463426 0.232019 0.403179 0.271478 0.469158 0.271478 0.541937 0.2158769 0.463426 0.164695 0.368031 0.171975 0.369768 0.232019 0.403179 0.169208 0.866329 0.156777 0.878867 0.1567299 0.813703 0.1463789 0.436704 0.164695 0.368031 0.232019 0.403179 0.271478 0.469158 0.232019 0.403179 0.2350209 0.406088 0.1684049 0.90949 0.1567299 0.882354 0.156777 0.878867 0.169208 0.866329 0.1684049 0.90949 0.156777 0.878867 0.883303 0.142668 0.895616 0.142922 0.895446 0.150396 0.169208 0.866329 0.1567299 0.813703 0.169045 0.813516 0.09897798 0.369909 0.164695 0.368031 0.1463789 0.436704 0.882461 0.197098 0.895446 0.150396 0.894717 0.214649 0.882461 0.197098 0.883303 0.142668 0.895446 0.150396 0.06649297 0.44891 0.1463789 0.436704 0.12852 0.503625 0.08647996 0.373932 0.09897798 0.369909 0.1463789 0.436704 0.06649297 0.44891 0.08647996 0.373932 0.1463789 0.436704 0.047499 0.520081 0.12852 0.503625 0.110661 0.570546 0.047499 0.520081 0.06649297 0.44891 0.12852 0.503625 0.02744698 0.595115 0.110661 0.570546 0.09232598 0.639206 0.02744698 0.595115 0.047499 0.520081 0.110661 0.570546 0.02744698 0.595115 0.09232598 0.639206 0.036457 0.605008 0.76832 0.831932 0.755887 0.848048 0.755827 0.786639 0.767666 0.875388 0.755737 0.858795 0.755887 0.848048 0.76832 0.831932 0.767666 0.875388 0.755887 0.848048 0.882461 0.197098 0.894717 0.214649 0.894747 0.226199 0.036219 0.406326 0.08647996 0.373932 0.06649297 0.44891 0.882632 0.24489 0.894747 0.226199 0.895616 0.269685 0.882632 0.24489 0.882461 0.197098 0.894747 0.226199 0 0.469159 0.06649297 0.44891 0.047499 0.520081 0 0.469159 0.036219 0.406326 0.06649297 0.44891 0 0.541938 0.047499 0.520081 0.02744698 0.595115 0 0.469159 0.047499 0.520081 0 0.541938 0.802052 0.198298 0.815101 0.167682 0.813794 0.214573 0.80339 0.096399 0.815711 0.09626799 0.815101 0.167682 0.803043 0.150772 0.80339 0.096399 0.815101 0.167682 0.802052 0.198298 0.803043 0.150772 0.815101 0.167682 0.803043 0.04345595 0.8151 0.02763295 0.815711 0.09626799 0.803043 0.04345595 0.802052 0 0.8151 0.02763295 0.80339 0.096399 0.803043 0.04345595 0.815711 0.09626799 0.757163 0.753111 0.768311 0.721499 0.771258 0.778993 0.886484 0.435442 0.898585 0.405367 0.899429 0.459982 0.886484 0.435442 0.886324 0.38789 0.898585 0.405367 0.757993 0.597382 0.771258 0.582219 0.768319 0.649407 0.757993 0.597382 0.761332 0.5559 0.771258 0.582219 0.756028 0.649426 0.768319 0.649407 0.768311 0.721499 0.756028 0.649426 0.757993 0.597382 0.768319 0.649407 0.755737 0.70411 0.756028 0.649426 0.768311 0.721499 0.757163 0.753111 0.755737 0.70411 0.768311 0.721499 0.831101 0.309004 0.825962 0.333394 0.825962 0.278562 0.848125 0.302462 0.842996 0.333221 0.842996 0.27839 0.929117 0.09015595 0.929117 0.139551 0.926641 0.114988 0.877571 0.314834 0.872709 0.332829 0.872709 0.277995 0.929117 0.13783 0.929117 0.09015595 0.9316 0.1198 0.872153 0.321087 0.867841 0.332829 0.867841 0.277995 0.141591 0.970861 0.141591 0.930489 0.144097 0.9603 0.864368 0.283426 0.867841 0.277995 0.867841 0.332826 0.872709 0.296067 0.872153 0.321087 0.867841 0.277995 0.812097 0.332447 0.812097 0.310813 0.814484 0.328144 0.861944 0.277995 0.864368 0.278481 0.864368 0.333312 0.864368 0.283426 0.867841 0.332826 0.865416 0.333305 0.815711 0.302641 0.820842 0.278562 0.820842 0.333396 0.861469 0.280498 0.861944 0.277995 0.864368 0.333312 0.860861 0.327647 0.861469 0.280498 0.864368 0.333312 0.25141 0.777369 0.25141 0.805968 0.249013 0.800838 0.92448 0.441805 0.929331 0.404903 0.929331 0.459737 0.816513 0.321454 0.815711 0.302641 0.820842 0.333396 0.770827 0.843736 0.770827 0.879742 0.76832 0.870133 0.848125 0.309134 0.853249 0.27839 0.853249 0.333221 0.948504 0.921007 0.948504 0.966527 0.946022 0.949408 0.837867 0.302768 0.842996 0.27839 0.842996 0.333221 0.926641 0.09015595 0.926641 0.139582 0.924165 0.115004 0.919632 0.422891 0.92448 0.404903 0.92448 0.459737 0.804854 0.935017 0.804854 0.887463 0.807336 0.917028 0.821666 0.290303 0.825962 0.278562 0.825962 0.333397 0.489778 0.970554 0.489778 0.930439 0.492282 0.960048 0.834559 0.327958 0.831101 0.333394 0.831101 0.278562 0.820842 0.309308 0.821666 0.290303 0.825962 0.333397 0.945154 0.623728 0.945154 0.649423 0.942514 0.627944 0.835234 0.27839 0.837867 0.278835 0.835234 0.333456 0.833986 0.280582 0.834559 0.327958 0.831101 0.278562 0.751333 0.330761 0.753071 0.32893 0.753071 0.332789 0.882427 0.314756 0.877571 0.332829 0.877571 0.277995 0.860861 0.283797 0.857615 0.333355 0.857615 0.277995 0.54852 0.958405 0.54852 0.934686 0.55115 0.940145 0.934181 0.42282 0.929331 0.459737 0.929331 0.404903 0.881893 0.289924 0.882427 0.314756 0.877571 0.277995 0.817319 0.554277 0.817319 0.517674 0.819859 0.526606 0.969943 0.505997 0.969943 0.55134 0.96746 0.534288 0.367412 0.506192 0.369376 0.503259 0.369841 0.505764 0.366948 0.453163 0.369415 0.45337 0.369376 0.503259 0.366948 0.453163 0.369376 0.503259 0.367412 0.506192 0.384346 0.551365 0.369841 0.505764 0.386363 0.549928 0.367412 0.506192 0.369841 0.505764 0.384346 0.551365 0.401759 0.57538 0.386363 0.549928 0.40463 0.574879 0.384346 0.551365 0.386363 0.549928 0.401759 0.57538 0.416786 0.58993 0.40463 0.574879 0.418218 0.587913 0.416786 0.58993 0.401759 0.57538 0.40463 0.574879 0.460525 0.615144 0.418218 0.587913 0.461427 0.612848 0.460525 0.615144 0.416786 0.58993 0.418218 0.587913 0.49748 0.623331 0.461427 0.612848 0.51042 0.621423 0.49748 0.623331 0.460525 0.615144 0.461427 0.612848 0.535287 0.621708 0.51042 0.621423 0.559192 0.612768 0.535287 0.621708 0.49748 0.623331 0.51042 0.621423 0.57147 0.610355 0.559192 0.612768 0.602062 0.588013 0.57147 0.610355 0.535287 0.621708 0.559192 0.612768 0.603583 0.589956 0.602062 0.588013 0.633986 0.550015 0.603583 0.589956 0.57147 0.610355 0.602062 0.588013 0.636216 0.551084 0.633986 0.550015 0.642394 0.532951 0.603583 0.589956 0.633986 0.550015 0.636216 0.551084 0.645263 0.532438 0.642394 0.532951 0.650985 0.503481 0.636216 0.551084 0.642394 0.532951 0.645263 0.532438 0.653452 0.503687 0.650985 0.503481 0.651444 0.456103 0.645263 0.532438 0.650985 0.503481 0.653452 0.503687 0.653873 0.455675 0.651444 0.456103 0.651024 0.453591 0.653452 0.503687 0.651444 0.456103 0.653873 0.455675 0.636054 0.405485 0.651024 0.453591 0.634037 0.406922 0.636054 0.405485 0.653452 0.453162 0.651024 0.453591 0.653873 0.455675 0.651024 0.453591 0.653452 0.453162 0.62251 0.385982 0.634037 0.406922 0.61974 0.386505 0.62251 0.385982 0.636054 0.405485 0.634037 0.406922 0.603615 0.36692 0.61974 0.386505 0.602182 0.368937 0.603615 0.36692 0.62251 0.385982 0.61974 0.386505 0.559875 0.341706 0.602182 0.368937 0.558973 0.344002 0.559875 0.341706 0.603615 0.36692 0.602182 0.368937 0.52292 0.333519 0.558973 0.344002 0.50998 0.335428 0.52292 0.333519 0.559875 0.341706 0.558973 0.344002 0.485113 0.335142 0.50998 0.335428 0.461208 0.344082 0.485113 0.335142 0.52292 0.333519 0.50998 0.335428 0.44893 0.346495 0.461208 0.344082 0.418338 0.368837 0.44893 0.346495 0.485113 0.335142 0.461208 0.344082 0.416818 0.366894 0.418338 0.368837 0.386414 0.406835 0.416818 0.366894 0.44893 0.346495 0.418338 0.368837 0.384184 0.405766 0.386414 0.406835 0.375828 0.429513 0.416818 0.366894 0.386414 0.406835 0.384184 0.405766 0.373041 0.429981 0.375828 0.429513 0.369415 0.45337 0.384184 0.405766 0.375828 0.429513 0.373041 0.429981 0.366948 0.453163 0.373041 0.429981 0.369415 0.45337 0.768275 0.233376 0.800986 0.233069 0.801282 0.283523 0.07232397 0.879291 0.03989595 0.832309 0.03992599 0.829769 0.07263499 0.830237 0.07232397 0.879291 0.03992599 0.829769 0.768571 0.283602 0.801282 0.283523 0.801215 0.305701 0.768571 0.283602 0.768275 0.233376 0.801282 0.283523 0.768275 0.328949 0.801215 0.305701 0.800984 0.328731 0.768275 0.328949 0.768571 0.283602 0.801215 0.305701 0.07232397 0.879291 0.03961497 0.878828 0.03989595 0.832309 0.07263499 0.921263 0.03972399 0.904791 0.03961497 0.878828 0.07232397 0.879291 0.07263499 0.921263 0.03961497 0.878828 0.07263499 0.921263 0.03992497 0.920736 0.03972399 0.904791 0.639915 0.66459 0.607218 0.664593 0.606123 0.623331 0.638824 0.623527 0.639915 0.66459 0.606123 0.623331 0.254384 0.680397 0.221964 0.697526 0.221777 0.679195 0.254383 0.72694 0.221781 0.725599 0.221964 0.697526 0.254384 0.680397 0.254383 0.72694 0.221964 0.697526 0.252881 0.643355 0.221777 0.679195 0.220272 0.642199 0.252881 0.643355 0.254384 0.680397 0.221777 0.679195 0.63882 0.809629 0.606123 0.809424 0.607002 0.775659 0.639912 0.763612 0.607002 0.775659 0.607496 0.738633 0.639912 0.763612 0.63882 0.809629 0.607002 0.775659 0.640292 0.713241 0.607496 0.738633 0.607571 0.700764 0.640292 0.713241 0.639912 0.763612 0.607496 0.738633 0.640292 0.713241 0.607571 0.700764 0.607218 0.664593 0.639915 0.66459 0.640292 0.713241 0.607218 0.664593 0.254383 0.72694 0.220381 0.773732 0.221781 0.725599 0.366948 0.453163 0.367412 0.506192 0.366948 0.503688 0.252877 0.777369 0.220272 0.77626 0.220381 0.773732 0.254383 0.72694 0.252877 0.777369 0.220381 0.773732 0.916544 0.872697 0.949141 0.871359 0.949928 0.919674 0.916544 0.872697 0.949928 0.919674 0.917332 0.921007 0.917334 0.832305 0.949319 0.850955 0.949141 0.871359 0.917334 0.832305 0.949928 0.831027 0.949319 0.850955 0.916544 0.872697 0.917334 0.832305 0.949141 0.871359 0.756432 0.515107 0.789132 0.514877 0.790445 0.555868 0.75774 0.5559 0.756432 0.515107 0.790445 0.555868 0.756436 0.369972 0.790445 0.333519 0.789137 0.36995 0.756436 0.369972 0.757746 0.333541 0.790445 0.333519 0.756436 0.369972 0.789137 0.36995 0.788553 0.403869 0.755738 0.416176 0.788553 0.403869 0.788352 0.440965 0.755738 0.416176 0.756436 0.369972 0.788553 0.403869 0.755737 0.466581 0.788352 0.440965 0.788548 0.478814 0.755737 0.466581 0.755738 0.416176 0.788352 0.440965 0.755737 0.466581 0.788548 0.478814 0.789132 0.514877 0.756432 0.515107 0.755737 0.466581 0.789132 0.514877 0.861816 0.277723 0.857616 0.277537 0.85912 0.227107 0.434931 0.858594 0.443285 0.8589 0.444074 0.90721 0.434931 0.858594 0.444074 0.90721 0.439872 0.907338 0.86747 0.227071 0.85912 0.227107 0.85912 0.1805649 0.861816 0.277723 0.85912 0.227107 0.865951 0.277995 0.86747 0.227071 0.865951 0.277995 0.85912 0.227107 0.86747 0.180073 0.85912 0.1805649 0.857615 0.143523 0.86747 0.227071 0.85912 0.1805649 0.86747 0.180073 0.604638 0.811255 0.596339 0.810416 0.59743 0.764399 0.86747 0.180073 0.857615 0.143523 0.865951 0.142668 0.60574 0.764788 0.59743 0.764399 0.597809 0.714028 0.604638 0.811255 0.59743 0.764399 0.60574 0.764788 0.606123 0.713923 0.597809 0.714028 0.59743 0.665377 0.60574 0.764788 0.597809 0.714028 0.606123 0.713923 0.60574 0.664796 0.59743 0.665377 0.596339 0.624315 0.606123 0.713923 0.59743 0.665377 0.60574 0.664796 0.1567299 0.908008 0.148523 0.906904 0.148212 0.864932 0.60574 0.664796 0.596339 0.624315 0.604638 0.623331 0.1564159 0.865625 0.148212 0.864932 0.148523 0.815878 0.1567299 0.908008 0.148212 0.864932 0.1564159 0.865625 0.635819 0.809662 0.639996 0.809647 0.640292 0.859873 0.1564159 0.865625 0.148523 0.815878 0.1526989 0.815962 0.632086 0.860347 0.640292 0.859873 0.639996 0.90522 0.631787 0.809629 0.635819 0.809662 0.640292 0.859873 0.632086 0.860347 0.631787 0.809629 0.640292 0.859873 0.747447 0.333519 0.755737 0.334647 0.754428 0.371078 0.631787 0.906138 0.632086 0.860347 0.639996 0.90522 0.746125 0.370307 0.754428 0.371078 0.753732 0.417282 0.746125 0.370307 0.747447 0.333519 0.754428 0.371078 0.745422 0.416963 0.753732 0.417282 0.753732 0.467687 0.745422 0.416963 0.746125 0.370307 0.753732 0.417282 0.745422 0.467862 0.753732 0.467687 0.754428 0.516212 0.745422 0.467862 0.745422 0.416963 0.753732 0.467687 0.746125 0.516863 0.754428 0.516212 0.755737 0.557006 0.746125 0.516863 0.745422 0.467862 0.754428 0.516212 0.435728 0.817806 0.444074 0.818508 0.443285 0.8589 0.747447 0.558055 0.746125 0.516863 0.755737 0.557006 0.434931 0.858594 0.435728 0.817806 0.443285 0.8589 0.434931 0.858594 0.439872 0.907338 0.435728 0.907377 0.807513 0.944275 0.909206 0.951218 0.910079 1 0.808581 1 0.807513 0.944275 0.910079 1 0.817571 0.08439695 0.91749 0.142668 0.816258 0.135326 0.1564159 0.865625 0.1526989 0.815962 0.1567299 0.816091 0.653873 0.820814 0.751625 0.822346 0.751872 0.873065 0.993302 0.202341 0.895616 0.142668 0.99333 0.145801 0.993302 0.202341 0.895616 0.192203 0.895616 0.142668 0.703994 0.924689 0.751872 0.873065 0.751527 0.918855 0.654182 0.878588 0.653873 0.820814 0.751872 0.873065 0.653873 0.931736 0.654182 0.878588 0.751872 0.873065 0.678932 0.928219 0.653873 0.931736 0.751872 0.873065 0.703994 0.924689 0.678932 0.928219 0.751872 0.873065 0.503705 0.969415 0.492282 0.965434 0.503705 0.930439 0.715651 0.923452 0.703994 0.924689 0.751527 0.918855 0.725462 0.923159 0.715651 0.923452 0.751527 0.918855 0.733495 0.923684 0.725462 0.923159 0.751527 0.918855 0.739765 0.925013 0.733495 0.923684 0.751527 0.918855 0.754648 0.771273 0.653873 0.783891 0.654904 0.737241 0.233341 0.802293 0.230518 0.808508 0.230518 0.777369 0.236165 0.796077 0.233341 0.802293 0.230518 0.777369 0.672201 0.809124 0.665655 0.809827 0.653873 0.783891 0.680374 0.80917 0.672201 0.809124 0.653873 0.783891 0.69023 0.809993 0.680374 0.80917 0.653873 0.783891 0.701881 0.811715 0.69023 0.809993 0.653873 0.783891 0.727552 0.816272 0.701881 0.811715 0.653873 0.783891 0.753219 0.820814 0.727552 0.816272 0.653873 0.783891 0.754648 0.771273 0.753219 0.820814 0.653873 0.783891 0.755418 0.714743 0.654904 0.737241 0.655263 0.686344 0.755418 0.714743 0.754648 0.771273 0.654904 0.737241 0.755452 0.656965 0.655263 0.686344 0.654904 0.637339 0.755452 0.656965 0.755418 0.714743 0.655263 0.686344 0.666354 0.609416 0.654904 0.637339 0.653873 0.596138 0.754746 0.603809 0.755452 0.656965 0.654904 0.637339 0.729025 0.607001 0.754746 0.603809 0.654904 0.637339 0.7033 0.610206 0.729025 0.607001 0.654904 0.637339 0.691318 0.611292 0.7033 0.610206 0.654904 0.637339 0.681203 0.611457 0.691318 0.611292 0.654904 0.637339 0.672889 0.610827 0.681203 0.611457 0.654904 0.637339 0.666354 0.609416 0.672889 0.610827 0.654904 0.637339 0.882225 0.905926 0.909939 0.910429 0.909206 0.951218 0.666496 0.602608 0.666354 0.609416 0.653873 0.596138 0.666638 0.5958 0.666496 0.602608 0.653873 0.596138 0.673011 0.591902 0.666638 0.5958 0.653873 0.596138 0.882225 0.905926 0.890538 0.905803 0.909939 0.910429 0.872201 0.905352 0.882225 0.905926 0.909206 0.951218 0.860348 0.903963 0.872201 0.905352 0.909206 0.951218 0.834231 0.900179 0.860348 0.903963 0.909206 0.951218 0.80812 0.896411 0.834231 0.900179 0.909206 0.951218 0.807513 0.944275 0.80812 0.896411 0.909206 0.951218 0.797685 0.775259 0.80575 0.775335 0.806057 0.833109 0.787667 0.832966 0.771257 0.831937 0.771578 0.775398 0.77964 0.775647 0.787667 0.832966 0.771578 0.775398 0.79768 0.887124 0.806057 0.833109 0.805745 0.886257 0.789643 0.833686 0.806057 0.833109 0.789331 0.887463 0.79768 0.887124 0.789331 0.887463 0.806057 0.833109 0.789331 0.775281 0.806057 0.833109 0.789643 0.833686 0.797685 0.775259 0.806057 0.833109 0.789331 0.775281 0.93552 0.404903 0.934181 0.458822 0.934181 0.43191 0.2462919 0.935238 0.244318 0.9435 0.244991 0.935114 0.93552 0.404903 0.935484 0.458732 0.934181 0.458822 0.93552 0.404903 0.934181 0.43191 0.934199 0.404989 0.969914 0.437728 0.968604 0.43792 0.967875 0.425332 0.970258 0.424316 0.967875 0.425332 0.967773 0.414537 0.969914 0.437728 0.967875 0.425332 0.971529 0.437602 0.970258 0.424316 0.971529 0.437602 0.967875 0.425332 0.96972 0.413113 0.967773 0.414537 0.968246 0.405479 0.96972 0.413113 0.970258 0.424316 0.967773 0.414537 0.969863 0.403943 0.968246 0.405479 0.969324 0.398123 0.969863 0.403943 0.96972 0.413113 0.968246 0.405479 0.956959 0.321218 0.96001 0.318869 0.96001 0.326031 0.971529 0.393941 0.969863 0.403943 0.969324 0.398123 0.955482 0.32642 0.96001 0.326031 0.96001 0.333193 0.955482 0.32642 0.956959 0.321218 0.96001 0.326031 0.06871497 0.929969 0.06979799 0.928464 0.07069796 0.935927 0.06871497 0.929969 0.06640797 0.921263 0.06979799 0.928464 0.06891798 0.942968 0.07069796 0.935927 0.07093298 0.944852 0.06891798 0.942968 0.06871497 0.929969 0.07069796 0.935927 0.06802195 0.954592 0.07093298 0.944852 0.07052296 0.955308 0.06802195 0.954592 0.06891798 0.942968 0.07093298 0.944852 0.06802195 0.954592 0.07052296 0.955308 0.06939798 0.967382 0.950991 0.457888 0.952401 0.40507 0.952419 0.431572 0.06802195 0.954592 0.06939798 0.967382 0.06802898 0.96705 0.950991 0.457888 0.951003 0.404903 0.952401 0.40507 0.950991 0.457888 0.952419 0.431572 0.952419 0.458065 0.781118 0.556234 0.789331 0.557275 0.788251 0.606825 0.264127 0.95153 0.264094 0.935163 0.265532 0.935114 0.264127 0.95153 0.265532 0.935114 0.266167 0.943411 0.771632 0.606056 0.788251 0.606825 0.787878 0.663359 0.77272 0.5559 0.788251 0.606825 0.771632 0.606056 0.781118 0.556234 0.788251 0.606825 0.77272 0.5559 0.771257 0.663212 0.787878 0.663359 0.788251 0.721136 0.771632 0.606056 0.787878 0.663359 0.771257 0.663212 0.781118 0.775107 0.788251 0.721136 0.789331 0.774285 0.771632 0.721619 0.788251 0.721136 0.77272 0.775398 0.781118 0.775107 0.77272 0.775398 0.788251 0.721136 0.771257 0.663212 0.788251 0.721136 0.771632 0.721619 0.854535 0.27839 0.853249 0.332424 0.853253 0.305428 0.257215 0.935286 0.2553 0.943512 0.255986 0.935114 0.854535 0.27839 0.854489 0.332391 0.853249 0.332424 0.854535 0.27839 0.853253 0.305428 0.853276 0.27842 0.488139 0.971289 0.486884 0.971391 0.486444 0.958772 0.48851 0.948839 0.486444 0.958772 0.486562 0.948007 0.489778 0.971197 0.488139 0.971289 0.486444 0.958772 0.488873 0.959089 0.489778 0.971197 0.486444 0.958772 0.48851 0.948839 0.488873 0.959089 0.486444 0.958772 0.488632 0.940298 0.486562 0.948007 0.487192 0.93903 0.488632 0.940298 0.48851 0.948839 0.486562 0.948007 0.488632 0.940298 0.487192 0.93903 0.488365 0.931809 0.964268 0.320181 0.965156 0.318869 0.965156 0.325754 0.489778 0.930439 0.488632 0.940298 0.488365 0.931809 0.963357 0.329533 0.965156 0.325754 0.965156 0.332638 0.96001 0.323761 0.964268 0.320181 0.965156 0.325754 0.963357 0.329533 0.96001 0.323761 0.965156 0.325754 0.139309 0.940643 0.139801 0.933403 0.14101 0.940775 0.139309 0.940643 0.1378369 0.930489 0.139801 0.933403 0.139467 0.949394 0.14101 0.940775 0.141591 0.949683 0.139467 0.949394 0.139309 0.940643 0.14101 0.940775 0.1389999 0.959839 0.141591 0.949683 0.141564 0.960196 0.1389999 0.959839 0.139467 0.949394 0.141591 0.949683 0.1389999 0.959839 0.141564 0.960196 0.14086 0.972414 0.941908 0.45849 0.943317 0.405007 0.943333 0.431809 0.94192 0.404903 0.943317 0.405007 0.941908 0.45849 0.1389999 0.959839 0.14086 0.972414 0.139477 0.972194 0.941908 0.45849 0.943333 0.431809 0.943333 0.458601 0.801781 0.333828 0.810054 0.334913 0.807888 0.382731 0.253254 0.951688 0.254669 0.935114 0.2553 0.943484 0.253243 0.935224 0.254669 0.935114 0.253254 0.951688 0.791197 0.381931 0.807888 0.382731 0.807141 0.438462 0.793377 0.333519 0.801781 0.333828 0.807888 0.382731 0.791197 0.381931 0.793377 0.333519 0.807888 0.382731 0.919052 0.08470195 0.91749 0.142668 0.817571 0.08439695 0.790445 0.438278 0.807141 0.438462 0.807888 0.496443 0.791197 0.381931 0.807141 0.438462 0.790445 0.438278 0.922821 0.240019 0.896199 0.234584 0.895616 0.192203 0.932388 0.240873 0.922821 0.240019 0.895616 0.192203 0.943745 0.2426339 0.932388 0.240873 0.895616 0.192203 0.968816 0.247277 0.943745 0.2426339 0.895616 0.192203 0.993885 0.251905 0.968816 0.247277 0.895616 0.192203 0.993302 0.202341 0.993885 0.251905 0.895616 0.192203 0.712822 0.02151799 0.7014 0.04955196 0.700298 0.008087992 0.71295 0.01466 0.712822 0.02151799 0.700298 0.008087992 0.713078 0.007800996 0.71295 0.01466 0.700298 0.008087992 0.719449 0.003895998 0.713078 0.007800996 0.700298 0.008087992 0.727482 0 0.719449 0.003895998 0.700298 0.008087992 0.802053 0.069561 0.701782 0.09867995 0.7014 0.04955196 0.801298 0.01620197 0.802053 0.069561 0.7014 0.04955196 0.775555 0.01931995 0.801298 0.01620197 0.7014 0.04955196 0.749808 0.02244997 0.775555 0.01931995 0.7014 0.04955196 0.737816 0.02349895 0.749808 0.02244997 0.7014 0.04955196 0.727691 0.02362799 0.737816 0.02349895 0.7014 0.04955196 0.719366 0.022964 0.727691 0.02362799 0.7014 0.04955196 0.712822 0.02151799 0.719366 0.022964 0.7014 0.04955196 0.802016 0.1273829 0.7014 0.149545 0.701782 0.09867995 0.802053 0.069561 0.802016 0.1273829 0.701782 0.09867995 0.801193 0.183796 0.700298 0.196012 0.7014 0.149545 0.802016 0.1273829 0.801193 0.183796 0.7014 0.149545 0.829443 0.03174698 0.817381 0.03739899 0.815711 0 0.829567 0.02462798 0.829443 0.03174698 0.815711 0 0.829691 0.01750898 0.829567 0.02462798 0.815711 0 0.718584 0.221137 0.712028 0.221807 0.700298 0.196012 0.726767 0.221218 0.718584 0.221137 0.700298 0.196012 0.736633 0.222075 0.726767 0.221218 0.700298 0.196012 0.748293 0.2238309 0.736633 0.222075 0.700298 0.196012 0.773982 0.228458 0.748293 0.2238309 0.700298 0.196012 0.799666 0.233069 0.773982 0.228458 0.700298 0.196012 0.801193 0.183796 0.799666 0.233069 0.700298 0.196012 0.866893 0.03440797 0.817571 0.08439695 0.817381 0.03739899 0.854747 0.03494197 0.866893 0.03440797 0.817381 0.03739899 0.844494 0.03461199 0.854747 0.03494197 0.817381 0.03739899 0.836067 0.033544 0.844494 0.03461199 0.817381 0.03739899 0.829443 0.03174698 0.836067 0.033544 0.817381 0.03739899 0.919052 0.03031599 0.919052 0.08470195 0.817571 0.08439695 0.892976 0.03235697 0.919052 0.03031599 0.817571 0.08439695 0.866893 0.03440797 0.892976 0.03235697 0.817571 0.08439695 0.801781 0.551554 0.807888 0.496443 0.810054 0.550787 0.791197 0.496889 0.790445 0.438278 0.807888 0.496443 0.793377 0.551868 0.791197 0.496889 0.807888 0.496443 0.801781 0.551554 0.793377 0.551868 0.807888 0.496443 0.908588 0.836377 0.907247 0.890315 0.907252 0.863391 0.2426739 0.935242 0.240706 0.943502 0.241381 0.935114 0.908543 0.89023 0.907247 0.890315 0.908588 0.836377 0.908588 0.836377 0.907252 0.863391 0.907275 0.836457 0.484826 0.971492 0.483521 0.971653 0.483038 0.95905 0.485124 0.949027 0.483038 0.95905 0.483143 0.948255 0.486444 0.971397 0.484826 0.971492 0.483038 0.95905 0.485501 0.9593 0.486444 0.971397 0.483038 0.95905 0.485124 0.949027 0.485501 0.9593 0.483038 0.95905 0.485252 0.940432 0.483143 0.948255 0.483784 0.939214 0.485252 0.940432 0.485124 0.949027 0.483143 0.948255 0.485252 0.940432 0.483784 0.939214 0.484992 0.93189 0.940573 0.321103 0.94152 0.319758 0.94152 0.326566 0.486444 0.930439 0.485252 0.940432 0.484992 0.93189 0.939631 0.330403 0.94152 0.326566 0.94152 0.333373 0.936178 0.32489 0.940573 0.321103 0.94152 0.326566 0.939631 0.330403 0.936178 0.32489 0.94152 0.326566 0.480695 0.940569 0.481182 0.933334 0.482447 0.940692 0.480695 0.940569 0.479127 0.930439 0.481182 0.933334 0.480864 0.949314 0.482447 0.940692 0.483038 0.949595 0.480864 0.949314 0.480695 0.940569 0.482447 0.940692 0.480368 0.959762 0.483038 0.949595 0.482976 0.960113 0.480368 0.959762 0.480864 0.949314 0.483038 0.949595 0.480368 0.959762 0.482976 0.960113 0.482182 0.972347 0.938757 0.458627 0.940222 0.40498 0.940248 0.431849 0.938753 0.404903 0.940222 0.40498 0.938757 0.458627 0.480368 0.959762 0.482182 0.972347 0.480727 0.972134 0.938757 0.458627 0.940248 0.431849 0.940259 0.458709 0.799294 0.556235 0.807512 0.557288 0.806357 0.606571 0.239136 0.951794 0.2400979 0.935114 0.240706 0.943503 0.239136 0.951794 0.238601 0.935255 0.2400979 0.935114 0.789732 0.605787 0.806357 0.606571 0.805958 0.662988 0.790895 0.5559 0.806357 0.606571 0.789732 0.605787 0.799294 0.556235 0.806357 0.606571 0.790895 0.5559 0.789331 0.662826 0.805958 0.662988 0.806357 0.720809 0.789732 0.605787 0.805958 0.662988 0.789331 0.662826 0.799294 0.774969 0.806357 0.720809 0.807512 0.774161 0.789732 0.721277 0.806357 0.720809 0.790896 0.77526 0.799294 0.774969 0.790896 0.77526 0.806357 0.720809 0.789331 0.662826 0.806357 0.720809 0.789732 0.721277 0.947709 0.404903 0.946414 0.458451 0.946414 0.431761 0.947671 0.458287 0.946414 0.458451 0.947709 0.404903 0.258879 0.943445 0.259556 0.935114 0.260824 0.935159 0.947709 0.404903 0.946414 0.431761 0.946432 0.405061 0.969893 0.505719 0.968637 0.505997 0.967734 0.493495 0.970139 0.493159 0.967734 0.493495 0.96746 0.482714 0.971527 0.505565 0.969893 0.505719 0.967734 0.493495 0.970139 0.493159 0.971527 0.505565 0.967734 0.493495 0.969363 0.481493 0.96746 0.482714 0.967767 0.473608 0.969363 0.481493 0.970139 0.493159 0.96746 0.482714 0.96951 0.468802 0.967767 0.473608 0.968683 0.466142 0.96951 0.468802 0.969363 0.481493 0.967767 0.473608 0.931764 0.322982 0.936178 0.319758 0.936178 0.326591 0.971527 0.459982 0.96951 0.468802 0.968683 0.466142 0.932857 0.328781 0.936178 0.326591 0.936178 0.333424 0.932857 0.328781 0.931764 0.322982 0.936178 0.326591 0.969458 0.343803 0.97017 0.338491 0.971267 0.345883 0.969458 0.343803 0.967563 0.333519 0.97017 0.338491 0.969621 0.352861 0.971267 0.345883 0.971704 0.3548 0.969621 0.352861 0.969458 0.343803 0.971267 0.345883 0.969025 0.363878 0.971704 0.3548 0.971501 0.365311 0.969025 0.363878 0.969621 0.352861 0.971704 0.3548 0.969025 0.363878 0.971501 0.365311 0.970586 0.377515 0.94498 0.45849 0.946397 0.405006 0.946413 0.431807 0.944993 0.404903 0.946397 0.405006 0.94498 0.45849 0.969025 0.363878 0.970586 0.377515 0.9692 0.37727 0.94498 0.45849 0.946413 0.431807 0.946413 0.458599 0.779645 0.882672 0.771584 0.881504 0.771257 0.831937 0.249568 0.95169 0.250991 0.935114 0.251619 0.943485 0.249568 0.95169 0.249558 0.935226 0.250991 0.935114 0.787992 0.883139 0.771257 0.831937 0.787667 0.832966 0.779645 0.882672 0.771257 0.831937 0.787992 0.883139 0.838351 0.896411 0.807512 0.895921 0.808273 0.83731 0.224717 0.913678 0.266267 0.8776 0.267092 0.933946 0.224725 0.914139 0.224717 0.913678 0.267092 0.933946 0.224734 0.914602 0.224725 0.914139 0.267092 0.933946 0.233058 0.923411 0.224734 0.914602 0.267092 0.933946 0.236271 0.935114 0.233058 0.923411 0.267092 0.933946 0.897942 0.814182 0.808273 0.83731 0.807512 0.782293 0.841543 0.884549 0.838351 0.896411 0.808273 0.83731 0.851327 0.874429 0.849873 0.874406 0.808273 0.83731 0.849865 0.874881 0.808273 0.83731 0.849873 0.874406 0.864665 0.870911 0.851327 0.874429 0.808273 0.83731 0.897789 0.875168 0.864665 0.870911 0.808273 0.83731 0.897942 0.814182 0.897789 0.875168 0.808273 0.83731 0.849858 0.875357 0.841543 0.884549 0.808273 0.83731 0.849865 0.874881 0.849858 0.875357 0.808273 0.83731 0.2426739 0.935242 0.241393 0.951883 0.240706 0.943502 0.834665 0.782725 0.897942 0.814182 0.807512 0.782293 0.201402 0.778388 0.200081 0.805562 0.200081 0.778343 0.242704 0.951712 0.241393 0.951883 0.2426739 0.935242 0.253254 0.951688 0.2553 0.943484 0.254655 0.951869 0.239955 0.830174 0.267092 0.829146 0.266267 0.8776 0.207719 0.805599 0.209174 0.778343 0.209174 0.805566 0.207762 0.778377 0.209174 0.778343 0.207719 0.805599 0.209929 0.910624 0.266267 0.8776 0.224717 0.913678 0.176666 0.858569 0.239955 0.830174 0.266267 0.8776 0.209929 0.910624 0.176666 0.858569 0.266267 0.8776 0.366816 0.419352 0.366928 0.420295 0.366872 0.419823 0.366928 0.419352 0.366928 0.420295 0.366816 0.419352 0.223264 0.913733 0.209929 0.910624 0.224717 0.913678 0.79718 0.329668 0.796731 0.330403 0.796716 0.328949 0.79718 0.329668 0.796716 0.328949 0.797654 0.328949 0.266274 0.944724 0.266167 0.944692 0.26814 0.935114 0.751345 0.94361 0.747649 0.955592 0.747649 0.943485 0.917476 0.427445 0.917476 0.453247 0.914008 0.4396 0.266274 0.944724 0.26814 0.935114 0.26814 0.946747 0.751345 0.94361 0.747649 0.943485 0.748427 0.931736 0.176666 0.858569 0.237399 0.829473 0.239955 0.830174 0.74728 0.328952 0.748735 0.32893 0.747999 0.331553 0.178314 0.813298 0.2363809 0.827557 0.237399 0.829473 0.745306 0.32979 0.747999 0.331553 0.746195 0.332723 0.176666 0.858569 0.178314 0.813298 0.237399 0.829473 0.745667 0.32893 0.74728 0.328952 0.747999 0.331553 0.745306 0.32979 0.745667 0.32893 0.747999 0.331553 0.27358 0.611516 0.33274 0.612333 0.333454 0.629058 0.522398 0.958178 0.522398 0.911221 0.52427 0.934718 0.221996 0.812676 0.220272 0.813222 0.220272 0.777369 0.771495 0.328949 0.771495 0.332575 0.770834 0.330884 0.27358 0.611516 0.332113 0.59363 0.33274 0.612333 0.2248629 0.935114 0.2248629 0.954274 0.223098 0.935645 0.272887 0.590261 0.333155 0.59134 0.332113 0.59363 0.795553 0.331097 0.797396 0.331097 0.795856 0.333087 0.27358 0.611516 0.272887 0.590261 0.332113 0.59363 0.272887 0.590261 0.335715 0.590415 0.333155 0.59134 0.760004 0.329654 0.761135 0.332611 0.758425 0.332611 0.769554 0.33262 0.768275 0.33148 0.769554 0.328949 0.760004 0.329654 0.760597 0.32893 0.761135 0.332611 0.272887 0.590261 0.362937 0.590341 0.335715 0.590415 0.754731 0.558055 0.753935 0.585311 0.753935 0.558089 0.754724 0.585278 0.753935 0.585311 0.754731 0.558055 0.790272 0.328949 0.790272 0.332397 0.789817 0.331359 0.272153 0.558662 0.36185 0.536561 0.362937 0.590341 0.272887 0.590261 0.272153 0.558662 0.362937 0.590341 0.755525 0.591776 0.754731 0.591708 0.755525 0.583343 0.271478 0.498434 0.361475 0.478155 0.36185 0.536561 0.271573 0.514125 0.271478 0.498434 0.36185 0.536561 0.272153 0.558662 0.271573 0.514125 0.36185 0.536561 0.271624 0.437317 0.36185 0.420999 0.361475 0.478155 0.271597 0.440272 0.271624 0.437317 0.361475 0.478155 0.271478 0.498434 0.271597 0.440272 0.361475 0.478155 0.335715 0.370917 0.362937 0.370843 0.36185 0.420999 0.272582 0.381948 0.335715 0.370917 0.36185 0.420999 0.271624 0.437317 0.272582 0.381948 0.36185 0.420999 0.205179 0.805578 0.206106 0.77837 0.206106 0.8056 0.264127 0.95153 0.266167 0.943411 0.265518 0.951772 0.205179 0.805578 0.204694 0.778343 0.206106 0.77837 0.272973 0.368681 0.333146 0.370085 0.335715 0.370917 0.763626 0.328929 0.764553 0.328946 0.76385 0.331519 0.272582 0.381948 0.272973 0.368681 0.335715 0.370917 0.272973 0.368681 0.332113 0.368031 0.333146 0.370085 0.761135 0.329795 0.76385 0.331519 0.762061 0.332562 0.76198 0.328935 0.76385 0.331519 0.761485 0.328945 0.761135 0.329795 0.761485 0.328945 0.76385 0.331519 0.762509 0.328929 0.76385 0.331519 0.76198 0.328935 0.763626 0.328929 0.76385 0.331519 0.762509 0.328929 0.813257 0.674528 0.872194 0.690403 0.871879 0.707129 0.52427 0.958174 0.52427 0.911221 0.526146 0.934718 0.812734 0.708352 0.813257 0.674528 0.871879 0.707129 0.82324 0.552968 0.821585 0.553616 0.821585 0.517674 0.780035 0.328949 0.780035 0.332531 0.779372 0.330864 0.813257 0.674528 0.872409 0.6717 0.872194 0.690403 0.911899 0.883241 0.911899 0.902486 0.910209 0.883858 0.813355 0.618612 0.873538 0.669398 0.872409 0.6717 0.792732 0.331556 0.794532 0.331556 0.792873 0.333511 0.813257 0.674528 0.813355 0.618612 0.872409 0.6717 0.813355 0.618612 0.876131 0.668444 0.873538 0.669398 0.757335 0.329682 0.758425 0.332689 0.755736 0.332689 0.764553 0.32893 0.765832 0.330073 0.764553 0.332606 0.757335 0.329682 0.757924 0.32893 0.758425 0.332689 0.813355 0.618612 0.903358 0.66808 0.876131 0.668444 0.264243 0.777479 0.262913 0.80466 0.262913 0.777438 0.264202 0.804701 0.262913 0.80466 0.264243 0.777479 0.786358 0.332461 0.786358 0.328949 0.786836 0.330512 0.813355 0.618612 0.903398 0.614302 0.903358 0.66808 0.2462919 0.935238 0.245003 0.951882 0.244318 0.9435 0.246323 0.951707 0.245003 0.951882 0.2462919 0.935238 0.812734 0.557105 0.902792 0.5559 0.903398 0.614302 0.813355 0.618612 0.812734 0.557105 0.903398 0.614302 0.361561 0.878082 0.271478 0.817046 0.361542 0.817718 0.271478 0.874208 0.271478 0.817046 0.361561 0.878082 0.77964 0.775647 0.787992 0.775804 0.787667 0.832966 0.347684 0.233002 0.359499 0.236518 0.332226 0.291895 0.354838 0.183978 0.366948 0.1749899 0.359499 0.236518 0.347684 0.233002 0.354838 0.183978 0.359499 0.236518 0.294072 0.315123 0.332226 0.291895 0.288295 0.335111 0.326855 0.277956 0.347684 0.233002 0.332226 0.291895 0.294072 0.315123 0.326855 0.277956 0.332226 0.291895 0.268487 0.34298 0.288295 0.335111 0.248329 0.356266 0.287583 0.317462 0.294072 0.315123 0.288295 0.335111 0.266076 0.318077 0.287583 0.317462 0.288295 0.335111 0.275114 0.334891 0.266076 0.318077 0.288295 0.335111 0.268487 0.34298 0.275114 0.334891 0.288295 0.335111 0.231304 0.349028 0.248329 0.356266 0.23219 0.361583 0.258203 0.343982 0.268487 0.34298 0.248329 0.356266 0.252862 0.34091 0.258203 0.343982 0.248329 0.356266 0.2377319 0.334619 0.252862 0.34091 0.248329 0.356266 0.238257 0.338147 0.2377319 0.334619 0.248329 0.356266 0.236816 0.344885 0.238257 0.338147 0.248329 0.356266 0.231304 0.349028 0.236816 0.344885 0.248329 0.356266 0.182121 0.356093 0.23219 0.361583 0.1707 0.368031 0.182121 0.356093 0.231304 0.349028 0.23219 0.361583 0.171228 0.355732 0.1707 0.368031 0.167627 0.367811 0.171228 0.355732 0.182121 0.356093 0.1707 0.368031 0.09647399 0.347256 0.167627 0.367811 0.11072 0.353963 0.133099 0.348913 0.167627 0.367811 0.09647399 0.347256 0.133099 0.348913 0.171228 0.355732 0.167627 0.367811 0.100035 0.335207 0.09647399 0.347256 0.05871796 0.321034 0.100035 0.335207 0.133099 0.348913 0.09647399 0.347256 0.08812898 0.328121 0.05871796 0.321034 0.03472596 0.29493 0.08812898 0.328121 0.100035 0.335207 0.05871796 0.321034 0.03188496 0.273421 0.03472596 0.29493 0.02031695 0.272725 0.03188496 0.273421 0.04201799 0.271048 0.03472596 0.29493 0.04868298 0.290967 0.03472596 0.29493 0.04201799 0.271048 0.05081796 0.295316 0.08812898 0.328121 0.03472596 0.29493 0.04868298 0.290967 0.05081796 0.295316 0.03472596 0.29493 0.02031695 0.272725 0 0.214627 0.02482795 0.260406 0.1967 0.914739 0.176829 0.915492 0.176666 0.858569 0.01039099 0.199021 0 0.214627 0 0.152646 0.209929 0.910624 0.1967 0.914739 0.176666 0.858569 0.02482795 0.260406 0.03188496 0.273421 0.02031695 0.272725 0.02995198 0.254155 0.02482795 0.260406 0 0.214627 0.02096998 0.238119 0.02995198 0.254155 0 0.214627 0.01681596 0.232613 0.02096998 0.238119 0 0.214627 0.01039099 0.199021 0.01681596 0.232613 0 0.214627 0.61538 0.954625 0.613025 0.954618 0.613025 0.934686 0.008273959 0.159051 0 0.152646 0.002263963 0.153319 0.008463978 0.162382 0.01039099 0.199021 0 0.152646 0.008273959 0.159051 0.008463978 0.162382 0 0.152646 0.943872 0.333141 0.94152 0.333267 0.94152 0.319758 0.61538 0.954625 0.613025 0.934686 0.61538 0.934694 0.270659 0.938813 0.268315 0.951273 0.268315 0.938094 0.903156 0.427445 0.903156 0.453445 0.899429 0.440209 0.268322 0.937376 0.270659 0.938813 0.268315 0.938094 0.794575 0.554956 0.795345 0.5546 0.79456 0.555825 0.366927 0.419339 0.366816 0.418877 0.366818 0.418402 0.79456 0.554087 0.795345 0.5546 0.794575 0.554956 0.943872 0.320359 0.946195 0.319758 0.946195 0.332925 0.812097 0.310813 0.812097 0.33256 0.809734 0.311122 0.755134 0.582572 0.754731 0.583343 0.754731 0.558055 0.897789 0.875168 0.877906 0.874851 0.864665 0.870911 0.866779 0.708353 0.87019 0.721161 0.866779 0.734549 0.610668 0.934686 0.613025 0.934693 0.613025 0.954626 0.895202 0.734327 0.897549 0.708352 0.897549 0.734544 0.01490795 0.110855 0.01264399 0.110182 0.046377 0.05847799 0.610668 0.95462 0.610668 0.934686 0.613025 0.954626 0.837494 0.759978 0.896426 0.760036 0.897942 0.814182 0.070468 0.05242699 0.046377 0.05847799 0.09518796 0.02084195 0.83825 0.779464 0.837494 0.759978 0.897942 0.814182 0.837216 0.781815 0.83825 0.779464 0.897942 0.814182 0.834665 0.782725 0.837216 0.781815 0.897942 0.814182 0.02307599 0.109343 0.01490795 0.110855 0.046377 0.05847799 0.025056 0.106658 0.02307599 0.109343 0.046377 0.05847799 0.02829599 0.105851 0.025056 0.106658 0.046377 0.05847799 0.04671299 0.07703799 0.02829599 0.105851 0.046377 0.05847799 0.070468 0.05242699 0.04671299 0.07703799 0.046377 0.05847799 0.955482 0.251905 0.973894 0.311784 0.955482 0.318869 0.106369 0.02357798 0.09518796 0.02084195 0.119551 0.01004797 0.769982 0.781687 0.770042 0.778993 0.770042 0.843736 0.76832 0.783252 0.769982 0.781687 0.770042 0.843736 0.837494 0.759978 0.836519 0.742338 0.896426 0.760036 0.076958 0.05008798 0.070468 0.05242699 0.09518796 0.02084195 0.08942598 0.03265994 0.076958 0.05008798 0.09518796 0.02084195 0.09609395 0.02454894 0.08942598 0.03265994 0.09518796 0.02084195 0.106369 0.02357798 0.09609395 0.02454894 0.09518796 0.02084195 0.744259 0.383406 0.654594 0.363216 0.655382 0.334104 0.182419 0.01145696 0.119551 0.01004797 0.154074 0.00128597 0.718203 0.333608 0.744259 0.383406 0.655382 0.334104 0.113912 0.02934795 0.106369 0.02357798 0.119551 0.01004797 0.127014 0.03828698 0.113912 0.02934795 0.119551 0.01004797 0.126808 0.03293097 0.127014 0.03828698 0.119551 0.01004797 0.126284 0.02940398 0.126808 0.03293097 0.119551 0.01004797 0.126202 0.02726095 0.126284 0.02940398 0.119551 0.01004797 0.126586 0.02515196 0.126202 0.02726095 0.119551 0.01004797 0.12907 0.02099597 0.126586 0.02515196 0.119551 0.01004797 0.133236 0.01852196 0.12907 0.02099597 0.119551 0.01004797 0.182419 0.01145696 0.133236 0.01852196 0.119551 0.01004797 0.744259 0.383406 0.653977 0.405528 0.654594 0.363216 0.196263 0.01203495 0.154074 0.00128597 0.199871 0 0.196263 0.01203495 0.182419 0.01145696 0.154074 0.00128597 0.270691 0.02169698 0.199871 0 0.215901 0.002253949 0.743858 0.440445 0.653873 0.421305 0.653977 0.405528 0.267095 0.03377598 0.199871 0 0.270691 0.02169698 0.744259 0.383406 0.743858 0.440445 0.653977 0.405528 0.231442 0.01863795 0.196263 0.01203495 0.199871 0 0.267095 0.03377598 0.231442 0.01863795 0.199871 0 0.743858 0.440445 0.654002 0.479427 0.653873 0.421305 0.744259 0.498896 0.654035 0.482906 0.654002 0.479427 0.267095 0.03377598 0.270691 0.02169698 0.273762 0.02340698 0.743858 0.440445 0.744259 0.498896 0.654002 0.479427 0.744259 0.498896 0.655059 0.541342 0.654035 0.482906 0.276412 0.03942894 0.273762 0.02340698 0.321436 0.062325 0.276412 0.03942894 0.267095 0.03377598 0.273762 0.02340698 0.715646 0.5539 0.655475 0.55585 0.655059 0.541342 0.313723 0.07223397 0.321436 0.062325 0.331935 0.07548099 0.718203 0.552968 0.715646 0.5539 0.655059 0.541342 0.745422 0.552878 0.718203 0.552968 0.655059 0.541342 0.744259 0.498896 0.745422 0.552878 0.655059 0.541342 0.313723 0.07223397 0.276412 0.03942894 0.321436 0.062325 0.71528 0.575032 0.656837 0.590315 0.655475 0.55585 0.332695 0.094141 0.331935 0.07548099 0.353757 0.114883 0.714608 0.556204 0.71528 0.575032 0.655475 0.55585 0.715646 0.5539 0.714608 0.556204 0.655475 0.55585 0.332695 0.094141 0.32631 0.09424299 0.331935 0.07548099 0.31607 0.07871598 0.331935 0.07548099 0.32631 0.09424299 0.31607 0.07871598 0.313723 0.07223397 0.331935 0.07548099 0.299318 0.924582 0.361561 0.878082 0.362255 0.929911 0.347725 0.134938 0.353757 0.114883 0.366948 0.1749899 0.301931 0.92544 0.299318 0.924582 0.362255 0.929911 0.303074 0.927506 0.301931 0.92544 0.362255 0.929911 0.71528 0.575032 0.716043 0.591902 0.656837 0.590315 0.339713 0.1071439 0.332695 0.094141 0.353757 0.114883 0.334556 0.113412 0.339713 0.1071439 0.353757 0.114883 0.347725 0.134938 0.334556 0.113412 0.353757 0.114883 0.299318 0.924582 0.271478 0.874208 0.361561 0.878082 0.354838 0.183978 0.347725 0.134938 0.366948 0.1749899 0.299318 0.924582 0.272089 0.924379 0.271478 0.874208 0.210785 0.805598 0.212248 0.778343 0.212248 0.805562 0.249568 0.95169 0.251619 0.943485 0.250977 0.951871 0.210785 0.805598 0.210828 0.778378 0.212248 0.778343 0.743843 0.328954 0.745306 0.32893 0.744562 0.331555 0.741869 0.32979 0.744562 0.331555 0.742739 0.332729 0.742232 0.32893 0.743843 0.328954 0.744562 0.331555 0.741869 0.32979 0.742232 0.32893 0.744562 0.331555 0.522398 0.911221 0.522398 0.958181 0.52052 0.934684 0.821585 0.553253 0.819859 0.553792 0.819859 0.517674 0.785142 0.328949 0.785142 0.332479 0.784483 0.330848 0.208306 0.935114 0.208306 0.954392 0.206538 0.935636 0.794891 0.330357 0.793426 0.331476 0.793426 0.328949 0.750681 0.329603 0.751333 0.332746 0.748735 0.332372 0.750681 0.329603 0.751333 0.32893 0.751333 0.332746 0.767113 0.330074 0.765832 0.332603 0.765832 0.32893 0.252741 0.777369 0.25141 0.804632 0.25141 0.777402 0.252226 0.804606 0.25141 0.804632 0.252741 0.777369 0.784021 0.332491 0.784021 0.328949 0.784483 0.329984 0.258879 0.943445 0.260824 0.935159 0.259568 0.95181 0.260876 0.951561 0.259568 0.95181 0.260824 0.935159 0.718203 0.333608 0.745422 0.333519 0.744259 0.383406 0.267004 0.804645 0.267967 0.777438 0.267967 0.804595 0.239136 0.951794 0.240706 0.943503 0.240083 0.951885 0.267004 0.804645 0.267017 0.777488 0.267967 0.777438 0.736179 0.32897 0.737142 0.32893 0.736353 0.331575 0.733673 0.329793 0.736353 0.331575 0.734434 0.332809 0.736179 0.32897 0.736353 0.331575 0.735053 0.328968 0.73453 0.328953 0.735053 0.328968 0.736353 0.331575 0.73453 0.328953 0.736353 0.331575 0.734047 0.32893 0.733673 0.329793 0.734047 0.32893 0.736353 0.331575 0.52052 0.911221 0.52052 0.958185 0.518646 0.934687 0.810054 0.518144 0.811809 0.517674 0.811809 0.555154 0.779372 0.328949 0.779372 0.332537 0.778709 0.330867 0.617182 0.934686 0.617182 0.954554 0.61538 0.935137 0.794891 0.328949 0.796717 0.32929 0.794891 0.331097 0.755053 0.329592 0.755736 0.332713 0.753072 0.33235 0.755053 0.329592 0.755736 0.32893 0.755736 0.332713 0.769554 0.331477 0.770834 0.328949 0.770834 0.332618 0.201361 0.805606 0.200081 0.805562 0.201402 0.778388 0.788573 0.328949 0.788573 0.332438 0.788054 0.330888 0.542571 0.934686 0.54522 0.946316 0.542571 0.958425 0.366927 0.419339 0.366816 0.419352 0.366816 0.418877 0.366927 0.397688 0.366816 0.418402 0.366816 0.397675 0.246323 0.951707 0.2462919 0.935238 0.247936 0.93551 0.93714 0.404908 0.93715 0.458733 0.935484 0.458732 0.247936 0.95144 0.246323 0.951707 0.247936 0.93551 0.801936 0.306811 0.801282 0.31476 0.801282 0.29891 0.01980894 0.923396 6.5e-4 0.888511 0.002576947 0.880761 0.01980894 0.876582 0.002576947 0.880761 0.01980894 0.829769 0.01980894 0.923396 0.002576947 0.880761 0.01980894 0.876582 0.93552 0.404903 0.93714 0.404908 0.935484 0.458732 0.264202 0.804701 0.264243 0.777479 0.265878 0.777477 0.01980894 0.923396 0 0.896482 6.5e-4 0.888511 0 0.923704 0 0.896482 0.01980894 0.923396 0.264202 0.804701 0.265878 0.777477 0.265878 0.804699 0.868816 0.420384 0.86894 0.37357 0.873064 0.360876 0.06802195 0.954592 0.06802898 0.96705 0.06640797 0.966899 0.949359 0.457927 0.949375 0.404945 0.951003 0.404903 0.806016 0.331079 0.806077 0.2255139 0.809734 0.237376 0.904328 0.506808 0.904328 0.459982 0.920513 0.510431 0.806016 0.331079 0.809734 0.237376 0.809734 0.284202 0.950991 0.457888 0.949359 0.457927 0.951003 0.404903 0.868692 0.467197 0.873064 0.360876 0.877031 0.350386 0.868692 0.467197 0.868816 0.420384 0.873064 0.360876 0.868692 0.467197 0.877031 0.350386 0.880814 0.342031 0.868692 0.467197 0.880814 0.342031 0.886324 0.333519 0.254384 0.777165 0.254384 0.643306 0.259452 0.642199 0.886324 0.467338 0.868692 0.467197 0.886324 0.333519 0.254384 0.777165 0.259452 0.642199 0.265161 0.649164 0.254384 0.777165 0.265161 0.649164 0.270737 0.660909 0.802053 0.331102 0.802053 0.214573 0.806077 0.2255139 0.254384 0.777165 0.270737 0.660909 0.270516 0.777438 0.806016 0.331079 0.802053 0.331102 0.806077 0.2255139 0.262489 0.951285 0.262489 0.935457 0.264094 0.935163 0.362852 0.832747 0.362255 0.824835 0.362852 0.817046 0.904328 0.506808 0.920513 0.510431 0.922323 0.518121 0.264127 0.95153 0.262489 0.951285 0.264094 0.935163 0.904328 0.506808 0.922323 0.518121 0.922933 0.526073 0.203037 0.805582 0.203037 0.778352 0.204694 0.778343 0.904328 0.506808 0.922933 0.526073 0.922933 0.553303 0.2035329 0.805575 0.203037 0.805582 0.204694 0.778343 0.204061 0.805572 0.2035329 0.805575 0.204694 0.778343 0.205179 0.805578 0.204061 0.805572 0.204694 0.778343 0.904328 0.553635 0.904328 0.506808 0.922933 0.553303 0.829767 0.537275 0.828909 0.555513 0.828925 0.536905 0.806016 0.331079 0.809734 0.284202 0.809734 0.331029 0.767113 0.332564 0.767113 0.32893 0.767991 0.332542 0.829767 0.555703 0.828909 0.555513 0.829767 0.537275 0.268129 0.804655 0.268129 0.812588 0.267512 0.80861 0.268175 0.871514 0.267092 0.872104 0.267092 0.854316 0.209174 0.805598 0.210034 0.805598 0.209457 0.813124 0.856176 0.333439 0.856176 0.318269 0.857032 0.318347 0.361742 0.728024 0.362626 0.727889 0.362626 0.74552 0.857062 0.298339 0.8562 0.318269 0.856176 0.298457 0.176658 0.830732 0.175887 0.831136 0.175887 0.813516 0.807276 0.858072 0.806057 0.874483 0.806057 0.857255 0.794891 0.333269 0.794891 0.331097 0.795553 0.332637 0.857062 0.298339 0.857062 0.317961 0.8562 0.318269 0.07263499 0.921263 0.07263499 0.968128 0.07093298 0.967909 0.627132 0.809628 0.627154 0.830075 0.626262 0.830656 0.271329 0.712098 0.270737 0.735543 0.270737 0.68887 0.709655 0.96267 0.716551 0.954808 0.716551 0.978063 0.694867 0.963614 0.716551 0.978063 0.696932 0.972309 0.694867 0.963614 0.709655 0.96267 0.716551 0.978063 0.627132 0.809628 0.626262 0.830656 0.626262 0.809629 0.556078 0.958125 0.554323 0.93493 0.556078 0.934686 0.79456 0.554454 0.793566 0.555858 0.793566 0.554087 0.70871 0.947882 0.713593 0.931736 0.716551 0.954808 0.787992 0.835199 0.787992 0.814175 0.788881 0.814754 0.788865 0.8352 0.787992 0.835199 0.788881 0.814754 0.70871 0.947882 0.694864 0.93994 0.713593 0.931736 0.709655 0.96267 0.70871 0.947882 0.716551 0.954808 0.864987 0.74229 0.864987 0.734442 0.865839 0.734631 0.366882 0.507963 0.366882 0.515079 0.366706 0.511614 0.693922 0.948826 0.691607 0.941813 0.694864 0.93994 0.70871 0.947882 0.693922 0.948826 0.694864 0.93994 0.739129 0.332878 0.739129 0.328929 0.739954 0.332595 0.693922 0.948826 0.688832 0.944347 0.691607 0.941813 0.801282 0.250108 0.801282 0.233069 0.802027 0.233523 0.694867 0.963614 0.685212 0.96055 0.688832 0.944347 0.694867 0.963614 0.688832 0.944347 0.693922 0.948826 0.694867 0.963614 0.696932 0.972309 0.685212 0.96055 0.916544 0.968056 0.917215 0.92126 0.928465 0.921007 0.938364 0.968058 0.934866 0.921007 0.946022 0.921323 0.938364 0.968058 0.946022 0.921323 0.946022 0.968143 0.127104 0.97678 0.1261309 0.930489 0.1378369 0.930489 0.927727 0.967802 0.916544 0.968056 0.928465 0.921007 0.927727 0.967802 0.928465 0.921007 0.934866 0.968056 0.323311 0.976952 0.323954 0.93015 0.335118 0.929911 0.127104 0.97678 0.1378369 0.930489 0.134921 0.977091 0.334434 0.976712 0.335118 0.929911 0.341604 0.976952 0.323311 0.976952 0.335118 0.929911 0.334434 0.976712 0.25678 0.951819 0.2553 0.943512 0.257215 0.935286 0.270737 0.776163 0.271385 0.784119 0.270737 0.79209 0.919632 0.42692 0.899429 0.400289 0.900092 0.39233 0.258362 0.951587 0.258879 0.935562 0.258879 0.951491 0.214863 0.805509 0.214864 0.778352 0.21539 0.778343 0.21539 0.8055 0.214863 0.805509 0.21539 0.778343 0.919632 0.42692 0.899429 0.427445 0.899429 0.400289 0.919632 0.42692 0.900092 0.39233 0.902057 0.384578 0.257833 0.951675 0.257215 0.935286 0.258879 0.935562 0.856176 0.27839 0.856176 0.332389 0.854489 0.332391 0.258362 0.951587 0.257833 0.951675 0.258879 0.935562 0.919632 0.380219 0.902057 0.384578 0.919632 0.333519 0.919632 0.380219 0.919632 0.42692 0.902057 0.384578 0.257833 0.951675 0.25678 0.951819 0.257215 0.935286 0.856176 0.27839 0.854489 0.332391 0.854535 0.27839 0.212248 0.805499 0.2122589 0.778343 0.213321 0.778375 0.214327 0.805508 0.214327 0.778352 0.214864 0.778352 0.212248 0.805499 0.213321 0.778375 0.213321 0.805531 0.214863 0.805509 0.214327 0.805508 0.214864 0.778352 0.792856 0.554467 0.793194 0.552888 0.793377 0.553391 0.792856 0.554467 0.792856 0.551868 0.793194 0.552888 0.792856 0.554467 0.793377 0.553391 0.793566 0.553883 0.641191 0.830911 0.641191 0.850926 0.640317 0.851211 0.641191 0.830911 0.640317 0.851211 0.640292 0.831 0.911908 0.836377 0.911908 0.883241 0.910209 0.883024 0.814506 0.331842 0.814484 0.311396 0.815377 0.310813 0.366279 0.751971 0.366872 0.72859 0.366872 0.7752 0.108457 0.96067 0.116298 0.95375 0.11334 0.976816 0.108457 0.96067 0.11334 0.976816 0.09461098 0.968612 0.815377 0.33184 0.814506 0.331842 0.815377 0.310813 0.753097 0.955176 0.751345 0.931981 0.753097 0.931736 0.796368 0.555745 0.796811 0.554087 0.797428 0.555745 0.109402 0.945882 0.116298 0.930489 0.116298 0.95375 0.267092 0.834322 0.267092 0.813298 0.267979 0.813878 0.267963 0.834324 0.267092 0.834322 0.267979 0.813878 0.08431297 0.951704 0.09667795 0.936243 0.116298 0.930489 0.09461396 0.944938 0.08431297 0.951704 0.116298 0.930489 0.109402 0.945882 0.09461396 0.944938 0.116298 0.930489 0.108457 0.96067 0.109402 0.945882 0.116298 0.95375 0.207762 0.778377 0.207719 0.805599 0.206106 0.805588 0.806944 0.83865 0.806927 0.857256 0.806057 0.856919 0.206106 0.778366 0.207762 0.778377 0.206106 0.805588 0.897942 0.789151 0.916544 0.809155 0.916544 0.836377 0.897942 0.789151 0.916544 0.836377 0.897942 0.835965 0.806057 0.838494 0.806944 0.83865 0.806057 0.856919 0.253243 0.935224 0.253254 0.951688 0.251619 0.951425 0.251619 0.935506 0.253243 0.935224 0.251619 0.951425 0.270737 0.799951 0.271347 0.792091 0.271347 0.807896 0.897942 0.789151 0.915933 0.80118 0.916544 0.809155 0.94192 0.404903 0.941908 0.45849 0.940259 0.458519 0.897942 0.789151 0.914124 0.79342 0.915933 0.80118 0.940276 0.404935 0.94192 0.404903 0.940259 0.458519 0.897942 0.789151 0.897942 0.742338 0.914124 0.79342 0.1389999 0.959839 0.139477 0.972194 0.1378369 0.972088 0.200081 0.777884 0.216985 0.67289 0.220272 0.684748 0.219067 0.731545 0.200081 0.777884 0.220272 0.684748 0.836016 0.230548 0.836798 0.183854 0.840736 0.172368 0.839177 0.277242 0.840736 0.172368 0.844439 0.162804 0.836016 0.230548 0.840736 0.172368 0.835234 0.277241 0.839177 0.277242 0.835234 0.277241 0.840736 0.172368 0.843202 0.277314 0.844439 0.162804 0.847915 0.155001 0.843202 0.277314 0.839177 0.277242 0.844439 0.162804 0.843202 0.277314 0.847915 0.155001 0.852852 0.146391 0.843202 0.277314 0.852852 0.146391 0.857616 0.142668 0.200081 0.777884 0.200081 0.642199 0.205421 0.64589 0.857616 0.27839 0.843202 0.277314 0.857616 0.142668 0.200081 0.777884 0.205421 0.64589 0.210421 0.654849 0.200081 0.777884 0.210421 0.654849 0.213693 0.662967 0.200081 0.777884 0.213693 0.662967 0.216985 0.67289 0.739129 0.332879 0.738232 0.332769 0.739129 0.32893 0.588858 0.935186 0.591801 0.938008 0.592928 0.941873 0.589571 0.934686 0.591801 0.938008 0.588858 0.935186 0.267092 0.883533 0.268283 0.872104 0.268283 0.886558 0.588858 0.954984 0.588858 0.935186 0.592928 0.941873 0.219067 0.731545 0.217863 0.778343 0.200081 0.777884 0.57909 0.955218 0.576288 0.952252 0.57909 0.934686 0.626262 0.85098 0.626262 0.830656 0.627132 0.830889 0.270737 0.755853 0.270737 0.735543 0.271432 0.736068 0.09366899 0.959726 0.09461098 0.968612 0.08431297 0.951704 0.108457 0.96067 0.09461098 0.968612 0.09366899 0.959726 0.09461396 0.944938 0.09366899 0.959726 0.08431297 0.951704 0.167644 0.972466 0.1567299 0.911853 0.167644 0.90949 0.893808 0.332943 0.882461 0.272561 0.893808 0.269685 0.424911 0.971314 0.432776 0.909962 0.433528 0.971314 0.916544 0.96539 0.911128 0.965932 0.911128 0.90419 0.510988 0.973057 0.50749 0.911221 0.518646 0.911537 0.406493 0.971548 0.406692 0.909962 0.413666 0.971708 0.397176 0.971708 0.406692 0.909962 0.406493 0.971548 0.963962 0.129079 0.963962 0.06789398 0.969021 0.128486 0.413666 0.971957 0.413666 0.910377 0.424911 0.909962 0.510988 0.973057 0.518646 0.911537 0.518646 0.973142 0.413666 0.971957 0.424911 0.909962 0.424911 0.971542 0.247936 0.951428 0.247936 0.935508 0.249558 0.935226 0.944993 0.404903 0.94498 0.45849 0.943333 0.458521 0.249568 0.95169 0.247936 0.951428 0.249558 0.935226 0.801895 0.330573 0.801282 0.322626 0.801895 0.31476 0.50749 0.863965 0.523592 0.868265 0.525393 0.876027 0.943351 0.404937 0.944993 0.404903 0.943333 0.458521 0.50749 0.863965 0.50749 0.817157 0.523592 0.868265 0.50749 0.863965 0.525393 0.876027 0.526001 0.884002 0.209174 0.805585 0.209174 0.778366 0.210828 0.778378 0.50749 0.863965 0.526001 0.884002 0.526001 0.911221 0.209174 0.805585 0.210828 0.778378 0.210785 0.805598 0.969025 0.363878 0.9692 0.37727 0.967563 0.377138 0.847313 0.468498 0.865281 0.362748 0.868692 0.375645 0.847313 0.468498 0.868692 0.375645 0.86689 0.422418 0.947671 0.458287 0.947709 0.404903 0.94935 0.404904 0.353829 0.698722 0.353829 0.651895 0.357659 0.640014 0.949359 0.458283 0.947671 0.458287 0.94935 0.404904 0.03961497 0.876595 0.02238595 0.880291 0.03961497 0.829769 0.35772 0.745582 0.357659 0.640014 0.361742 0.629058 0.353829 0.698722 0.357659 0.640014 0.353829 0.745548 0.35772 0.745582 0.353829 0.745548 0.357659 0.640014 0.86747 0.277669 0.869885 0.1611649 0.875468 0.149767 0.361742 0.745587 0.35772 0.745582 0.361742 0.629058 0.86747 0.277669 0.875468 0.149767 0.881079 0.142668 0.847313 0.468498 0.847313 0.333519 0.852987 0.334951 0.882461 0.277669 0.86747 0.277669 0.881079 0.142668 0.847313 0.468498 0.852987 0.334951 0.858457 0.343864 0.847313 0.468498 0.858457 0.343864 0.861871 0.352256 0.847313 0.468498 0.861871 0.352256 0.865281 0.362748 0.260876 0.951561 0.260824 0.935159 0.262489 0.935433 0.271402 0.815766 0.270737 0.82369 0.270737 0.807896 0.260876 0.951561 0.262489 0.935433 0.262489 0.951297 0.03961497 0.923422 0.02045899 0.887989 0.02238595 0.880291 0.03961497 0.876595 0.03961497 0.923422 0.02238595 0.880291 0.03961497 0.923422 0.01980894 0.895944 0.02045899 0.887989 0.253321 0.804595 0.252741 0.777369 0.254376 0.777371 0.253856 0.804596 0.253321 0.804595 0.254376 0.777371 0.254376 0.804601 0.253856 0.804596 0.254376 0.777371 0.03961497 0.923422 0.01980894 0.923173 0.01980894 0.895944 0.253321 0.804595 0.252226 0.804606 0.252741 0.777369 0.792732 0.331556 0.792732 0.328949 0.793093 0.329982 0.792732 0.331556 0.793093 0.329982 0.793264 0.330489 0.792732 0.331556 0.793264 0.330489 0.793426 0.330984 0.856176 0.298339 0.857012 0.27839 0.857035 0.298197 0.856176 0.278721 0.857012 0.27839 0.856176 0.298339 0.835176 0.278562 0.835176 0.286495 0.834559 0.282516 0.880532 0.741376 0.879692 0.733663 0.880532 0.733436 0.732808 0.332928 0.733673 0.32893 0.733668 0.332952 0.366919 0.8578 0.366919 0.872858 0.366064 0.872767 0.739954 0.32893 0.74078 0.332595 0.739954 0.332878 0.640292 0.830911 0.640293 0.809884 0.641165 0.809884 0.366706 0.515672 0.366531 0.511922 0.366706 0.507963 0.865839 0.734442 0.866691 0.734632 0.865839 0.74229 0.661713 0.947882 0.675559 0.939939 0.678816 0.941813 0.640292 0.830911 0.641165 0.809884 0.641187 0.83033 0.661713 0.947882 0.65683 0.931736 0.675559 0.939939 0.661713 0.947882 0.678816 0.941813 0.681591 0.944347 0.526001 0.857285 0.526774 0.874497 0.526001 0.874903 0.676501 0.948826 0.661713 0.947882 0.681591 0.944347 0.685212 0.960549 0.676501 0.948826 0.681591 0.944347 0.526001 0.857285 0.527074 0.857898 0.526774 0.874497 0.653872 0.954802 0.65683 0.931736 0.661713 0.947882 0.270737 0.68887 0.270737 0.642199 0.271359 0.665427 0.07274699 0.872345 0.07274699 0.82548 0.07445096 0.825696 0.653872 0.954802 0.661713 0.947882 0.660769 0.96267 0.380108 0.971736 0.381185 0.910159 0.39235 0.909962 0.653872 0.978063 0.660769 0.96267 0.675557 0.963614 0.962625 0.95996 0.962572 0.898952 0.974278 0.898952 0.653872 0.978063 0.653872 0.954802 0.660769 0.96267 0.962625 0.95996 0.974278 0.898952 0.970441 0.960271 0.966167 0.892732 0.962094 0.831027 0.973254 0.831027 0.391231 0.971539 0.39235 0.909962 0.397176 0.971736 0.380108 0.971736 0.39235 0.909962 0.391231 0.971539 0.685212 0.960549 0.675557 0.963614 0.676501 0.948826 0.445921 0.970383 0.434931 0.909792 0.445921 0.907377 0.366816 0.429354 0.36559 0.429384 0.36559 0.368031 0.148212 0.969609 0.155187 0.908008 0.15587 0.969609 0.685212 0.960549 0.653872 0.978063 0.675557 0.963614 0.373029 0.971133 0.380108 0.909962 0.380108 0.972098 0.366948 0.9705 0.380108 0.909962 0.373029 0.971133 0.631787 0.968867 0.631787 0.906138 0.6399 0.967426 0.06465095 0.944705 0.06465095 0.921263 0.06640696 0.944458 0.685212 0.960549 0.673492 0.972308 0.653872 0.978063 0.806945 0.81747 0.806057 0.837917 0.806073 0.817471 0.796368 0.554087 0.796368 0.555808 0.795345 0.554359 0.806945 0.81747 0.806945 0.838494 0.806057 0.837917 0.802027 0.267146 0.801282 0.266693 0.802027 0.250108 0.789271 0.855171 0.789263 0.872958 0.787992 0.855753 0.788378 0.872781 0.787992 0.855753 0.789263 0.872958 0.62715 0.851137 0.627133 0.869652 0.626262 0.869316 0.50749 0.910773 0.50749 0.863965 0.526001 0.911221 0.626262 0.85098 0.62715 0.851137 0.626262 0.869316 0.847313 0.468498 0.86689 0.422418 0.865087 0.469191 0.237017 0.951461 0.237017 0.935528 0.238601 0.935255 0.938753 0.404903 0.938757 0.458627 0.93715 0.458663 0.237494 0.951551 0.237017 0.951461 0.238601 0.935255 0.238008 0.951637 0.237494 0.951551 0.238601 0.935255 0.239136 0.951794 0.238008 0.951637 0.238601 0.935255 0.801892 0.283059 0.801282 0.275085 0.801892 0.267146 0.886324 0.506682 0.901985 0.511369 0.903737 0.519159 0.886324 0.506682 0.886324 0.459982 0.901985 0.511369 0.938753 0.404903 0.93715 0.458663 0.93715 0.404941 0.886324 0.506682 0.903737 0.519159 0.904328 0.52713 0.213321 0.8055 0.213321 0.778343 0.213806 0.778362 0.886324 0.506682 0.904328 0.52713 0.904328 0.554286 0.213805 0.805519 0.213806 0.778362 0.214327 0.778372 0.213805 0.805519 0.213321 0.8055 0.213806 0.778362 0.265878 0.804655 0.265878 0.777498 0.267017 0.777488 0.213805 0.805519 0.214327 0.778372 0.214327 0.805528 0.267004 0.804645 0.265878 0.804655 0.267017 0.777488 0.886324 0.553383 0.886324 0.506682 0.904328 0.554286 0.823255 0.555126 0.824157 0.537422 0.824139 0.555448 0.843686 0.468312 0.845463 0.374998 0.846388 0.421689 0.480368 0.959762 0.480727 0.972134 0.479127 0.972023 0.843686 0.468312 0.841728 0.363253 0.845463 0.374998 0.843686 0.468312 0.846388 0.421689 0.847313 0.46838 0.572866 0.934686 0.574973 0.951783 0.572866 0.955214 0.77092 0.823015 0.770042 0.843236 0.770042 0.822763 0.823255 0.555126 0.823255 0.537274 0.824157 0.537422 0.908543 0.89023 0.908588 0.836377 0.910209 0.836381 0.816668 0.231764 0.815711 0.184966 0.819177 0.1733379 0.910209 0.89023 0.908543 0.89023 0.910209 0.836381 0.923274 0.602708 0.905984 0.606898 0.923274 0.5559 0.817625 0.278562 0.819177 0.1733379 0.822517 0.163615 0.816668 0.231764 0.819177 0.1733379 0.817625 0.278562 0.817625 0.278562 0.822517 0.163615 0.825724 0.15564 0.817625 0.278562 0.825724 0.15564 0.830427 0.1467429 0.835234 0.27831 0.830427 0.1467429 0.835234 0.142668 0.835234 0.27831 0.817625 0.278562 0.830427 0.1467429 0.823255 0.46917 0.823255 0.333519 0.828935 0.336839 0.823255 0.46917 0.828935 0.336839 0.834399 0.345512 0.839767 0.468315 0.834399 0.345512 0.838031 0.353469 0.839767 0.468315 0.823255 0.46917 0.834399 0.345512 0.843686 0.468312 0.838031 0.353469 0.841728 0.363253 0.843686 0.468312 0.839767 0.468315 0.838031 0.353469 0.242704 0.951712 0.2426739 0.935242 0.2443169 0.935514 0.2443169 0.951446 0.242704 0.951712 0.2443169 0.935514 0.801933 0.29096 0.801282 0.29891 0.801282 0.283059 0.923274 0.649516 0.90405 0.614648 0.905984 0.606898 0.923274 0.602708 0.923274 0.649516 0.905984 0.606898 0.201361 0.805606 0.201402 0.778388 0.203037 0.778386 0.923274 0.649516 0.903398 0.622619 0.90405 0.614648 0.203037 0.805605 0.201361 0.805606 0.203037 0.778386 0.923274 0.649516 0.903398 0.649838 0.903398 0.622619 0.79511 0.554039 0.79511 0.551868 0.795774 0.553408 0.267979 0.834324 0.267116 0.854316 0.267092 0.834438 0.267979 0.854011 0.267116 0.854316 0.267979 0.834324 0.640292 0.851343 0.641177 0.851211 0.641177 0.868821 0.62715 0.882579 0.625953 0.886187 0.625953 0.869652 0.592928 0.954985 0.592928 0.935187 0.595875 0.952159 0.593642 0.934686 0.595875 0.952159 0.592928 0.935187 0.572866 0.934686 0.576288 0.947978 0.574973 0.951783 0.469771 0.947529 0.468829 0.938642 0.479127 0.95555 0.770936 0.801734 0.770936 0.822761 0.770064 0.822763 0.770936 0.801734 0.770064 0.822763 0.770042 0.802316 0.469771 0.947529 0.4501 0.930439 0.468829 0.938642 0.271432 0.776163 0.270737 0.775639 0.271432 0.755854 0.468827 0.962317 0.479127 0.95555 0.466762 0.971011 0.469771 0.947529 0.479127 0.95555 0.468827 0.962317 0.526001 0.837603 0.526016 0.817157 0.526887 0.817158 0.454038 0.961373 0.468827 0.962317 0.466762 0.971011 0.447142 0.976766 0.454038 0.961373 0.466762 0.971011 0.526887 0.838182 0.526001 0.837603 0.526887 0.817158 0.469771 0.947529 0.454982 0.946584 0.4501 0.930439 0.447142 0.953505 0.4501 0.930439 0.454982 0.946584 0.366279 0.72859 0.366279 0.775202 0.365657 0.751976 0.893808 0.31655 0.893808 0.269685 0.895509 0.269899 0 0.970744 6.43e-4 0.923942 0.01180696 0.923704 0.641253 0.962417 0.641253 0.915724 0.652936 0.914993 0.641253 0.962417 0.652936 0.914993 0.652936 0.961686 0.447142 0.953505 0.454982 0.946584 0.454038 0.961373 0.345101 0.976962 0.341604 0.929911 0.352759 0.930227 0.447142 0.976766 0.447142 0.953505 0.454038 0.961373 0.011123 0.970505 0.01180696 0.923704 0.01829296 0.970744 0 0.970744 0.01180696 0.923704 0.011123 0.970505 0.952418 0.452119 0.952418 0.405318 0.963663 0.404903 0.345101 0.976962 0.352759 0.930227 0.352759 0.977047 0.963663 0.451704 0.952418 0.452119 0.963663 0.404903 0.07269698 0.895788 0.07269698 0.872345 0.07445096 0.89554 0.795774 0.553584 0.795774 0.551868 0.796797 0.553313 0.02444797 0.960535 0.02033996 0.96246 0.01980894 0.936465 0.02782696 0.982364 0.02048599 0.982345 0.02033996 0.96246 0.02771896 0.967543 0.02782696 0.982364 0.02033996 0.96246 0.02444797 0.960535 0.02771896 0.967543 0.02033996 0.96246 0.02926397 0.93609 0.01980894 0.936465 0.04207199 0.923422 0.268322 0.937376 0.268326 0.936676 0.270659 0.938813 0.02444797 0.960535 0.01980894 0.936465 0.02430295 0.952823 0.02401798 0.951009 0.02430295 0.952823 0.01980894 0.936465 0.02391397 0.949178 0.01980894 0.936465 0.02926397 0.93609 0.02401798 0.951009 0.01980894 0.936465 0.02391397 0.949178 0.04220497 0.930795 0.04207199 0.923422 0.06453198 0.936571 0.75551 0.581789 0.755134 0.582572 0.754731 0.558055 0.02926397 0.93609 0.04207199 0.923422 0.04220497 0.930795 0.06061899 0.949273 0.06453198 0.936571 0.06438696 0.962573 0.04220497 0.930795 0.06453198 0.936571 0.06061899 0.949273 0.05708295 0.967619 0.06438696 0.962573 0.06453198 0.982458 0.06025099 0.960627 0.060283 0.952916 0.06438696 0.962573 0.06054198 0.951104 0.06438696 0.962573 0.060283 0.952916 0.06025099 0.960627 0.06438696 0.962573 0.05708295 0.967619 0.06061899 0.949273 0.06438696 0.962573 0.06054198 0.951104 0.008273959 0.159051 0.002263963 0.153319 0.004370987 0.146242 0.008273959 0.159051 0.004370987 0.146242 0.01145994 0.148352 0.957734 0.528305 0.965109 0.543184 0.957734 0.54316 0.312154 0.973104 0.323311 0.988199 0.312154 0.988224 0.965109 0.528071 0.965109 0.543184 0.957734 0.528305 0.048877 0.286129 0.04868298 0.290967 0.04201799 0.271048 0.04970896 0.284154 0.048877 0.286129 0.04201799 0.271048 0.05094999 0.282405 0.04970896 0.284154 0.04201799 0.271048 0.05331897 0.279739 0.05094999 0.282405 0.04201799 0.271048 0.05642098 0.275367 0.05331897 0.279739 0.04201799 0.271048 0.04491394 0.266384 0.05642098 0.275367 0.04201799 0.271048 0.02096998 0.238119 0.03789597 0.253381 0.02995198 0.254155 0.05002498 0.243992 0.04503899 0.260891 0.03789597 0.253381 0.02771794 0.239563 0.05002498 0.243992 0.03789597 0.253381 0.02096998 0.238119 0.02771794 0.239563 0.03789597 0.253381 0.05349195 0.247277 0.04503899 0.260891 0.05002498 0.243992 0.05349195 0.247277 0.058501 0.270427 0.04503899 0.260891 0.04491394 0.266384 0.04503899 0.260891 0.058501 0.270427 0.02771794 0.239563 0.03125095 0.239042 0.05002498 0.243992 0.96623 0.555911 0.961817 0.623728 0.942514 0.623638 0.96623 0.555911 0.96623 0.623649 0.961817 0.623728 0.268315 0.868862 0.271428 0.936676 0.268315 0.9366 0.942514 0.5559 0.96623 0.555911 0.942514 0.623638 0.268315 0.868862 0.271428 0.868938 0.271428 0.936676 0.964197 0.333565 0.964197 0.401303 0.957377 0.401257 0.957377 0.333519 0.957377 0.401257 0.951529 0.401415 0.957377 0.333519 0.964197 0.333565 0.957377 0.401257 0.366948 0.817806 0.434708 0.818621 0.434931 0.847919 0.951529 0.333677 0.957377 0.333519 0.951529 0.401415 0.008463978 0.162382 0.01073497 0.164829 0.01039099 0.199021 0.367194 0.861367 0.434931 0.847919 0.434919 0.88014 0.367194 0.861367 0.366948 0.817806 0.434931 0.847919 0.904035 0.836377 0.904035 0.89303 0.901039 0.893094 0.367194 0.861367 0.434919 0.88014 0.378247 0.879457 0.901039 0.836377 0.901002 0.893054 0.897942 0.893098 0.901075 0.836439 0.904035 0.836377 0.901039 0.893094 0.315376 0.966143 0.323311 0.988199 0.312154 0.973104 0.315505 0.958475 0.323311 0.988199 0.315376 0.966143 0.315759 0.95672 0.323311 0.988199 0.315505 0.958475 0.315759 0.95672 0.315844 0.954949 0.323311 0.988199 0.323311 0.931523 0.323311 0.988199 0.315844 0.954949 0.901039 0.836377 0.897942 0.893098 0.897942 0.836421 0.31359 0.08514499 0.31607 0.07871598 0.32631 0.09424299 0.311222 0.087812 0.31359 0.08514499 0.32631 0.09424299 0.324751 0.09491598 0.311222 0.087812 0.32631 0.09424299 0.343571 0.129431 0.32662 0.114162 0.334556 0.113412 0.347725 0.134938 0.343571 0.129431 0.334556 0.113412 0.317034 0.125281 0.321432 0.110614 0.32662 0.114162 0.336822 0.127987 0.317034 0.125281 0.32662 0.114162 0.343571 0.129431 0.336822 0.127987 0.32662 0.114162 0.311048 0.120273 0.321432 0.110614 0.317034 0.125281 0.311048 0.120273 0.306039 0.09712296 0.321432 0.110614 0.319627 0.101167 0.321432 0.110614 0.306039 0.09712296 0.336822 0.127987 0.33329 0.128508 0.317034 0.125281 0.955481 0.251907 0.948124 0.319758 0.931764 0.319651 0.955481 0.251907 0.955482 0.319653 0.948124 0.319758 0.362937 0.838013 0.366064 0.905829 0.362937 0.905759 0.931764 0.251905 0.955481 0.251907 0.931764 0.319651 0.362937 0.838013 0.366064 0.838083 0.366064 0.905829 0.962572 0.898993 0.962572 0.966739 0.955744 0.966698 0.955744 0.898952 0.955744 0.966698 0.949928 0.966848 0.955744 0.898952 0.962572 0.898993 0.955744 0.966698 0.06757897 0.8291 0 0.829769 0.001681983 0.787592 0.955744 0.898952 0.949928 0.966848 0.949928 0.899102 0.06926095 0.786923 0.001681983 0.787592 0.002257943 0.73972 0.06926095 0.786923 0.06757897 0.8291 0.001681983 0.787592 0.06983697 0.739051 0.002257943 0.73972 0.001681983 0.690112 0.06926095 0.786923 0.002257943 0.73972 0.06983697 0.739051 0.06926095 0.689443 0.001681983 0.690112 0 0.642868 0.06983697 0.739051 0.001681983 0.690112 0.06926095 0.689443 0.801457 0.887657 0.801457 0.955395 0.796233 0.955201 0.06926095 0.689443 0 0.642868 0.06757897 0.642199 0.366531 0.481103 0.366915 0.501072 0.366531 0.507963 0.796233 0.887463 0.796233 0.955201 0.789331 0.955202 0.266076 0.318077 0.263096 0.306427 0.287583 0.317462 0.796233 0.887463 0.801457 0.887657 0.796233 0.955201 0.787992 0.8352 0.788987 0.851743 0.787992 0.855171 0.14487 0.883739 0.148212 0.951423 0.14487 0.951477 0.796233 0.887463 0.789331 0.955202 0.789331 0.887464 0.14487 0.883739 0.148212 0.883685 0.148212 0.951423 0.955164 1.44e-4 0.955164 0.067882 0.938593 0.06789398 0.266076 0.318077 0.259783 0.317684 0.263096 0.306427 0.255346 0.307348 0.263096 0.306427 0.259783 0.317684 0.955164 1.44e-4 0.938593 0.06789398 0.931685 0.06773799 0.732555 0.940966 0.747486 0.935283 0.747332 0.941316 0.255346 0.307348 0.259783 0.317684 0.255726 0.319077 0.732862 0.931736 0.74764 0.93197 0.747486 0.935283 0.732555 0.940966 0.732862 0.931736 0.747486 0.935283 0.732555 0.950779 0.747332 0.941316 0.747649 0.955664 0.732555 0.950779 0.732555 0.940966 0.747332 0.941316 0.268961 0.95181 0.268961 0.966555 0.258879 0.966782 0.176666 0.954159 0.185757 0.954576 0.176666 0.968904 0.206538 0.944953 0.191593 0.954146 0.191759 0.944899 0.258943 0.952032 0.268961 0.95181 0.258879 0.966782 0.206538 0.944953 0.2063699 0.954146 0.191593 0.954146 0.206538 0.944953 0.191759 0.944899 0.191695 0.938814 0.238487 0.32399 0.249121 0.327155 0.252862 0.34091 0.218017 0.953699 0.219916 0.968415 0.208306 0.968415 0.237527 0.329263 0.238487 0.32399 0.252862 0.34091 0.2377319 0.334619 0.237527 0.329263 0.252862 0.34091 0.206367 0.935114 0.206538 0.944953 0.191695 0.938814 0.255346 0.307348 0.255726 0.319077 0.249121 0.327155 0.236975 0.952874 0.237017 0.967659 0.227127 0.967578 0.238487 0.32399 0.255346 0.307348 0.249121 0.327155 0.218017 0.953699 0.208306 0.968415 0.208649 0.953634 0.227127 0.952794 0.236975 0.952874 0.227127 0.967578 0.951529 0.333519 0.951529 0.401101 0.929494 0.401805 0.931684 0 0.955164 1.44e-4 0.931685 0.06773799 0.08431297 0.897266 0.08431297 0.964848 0.07908797 0.964749 0.951529 0.333519 0.929494 0.401805 0.929494 0.334223 0.07908797 0.897167 0.07908797 0.964749 0.07425397 0.964562 0.07908797 0.897167 0.08431297 0.897266 0.07908797 0.964749 0.82676 0.46917 0.829787 0.536904 0.82676 0.536753 0.07425397 0.896979 0.07908797 0.897167 0.07425397 0.964562 0.82676 0.46917 0.829787 0.469322 0.829787 0.536904 0.96746 0.460096 0.96746 0.527679 0.960698 0.527568 0.958626 0.46003 0.960698 0.527568 0.954685 0.52784 0.965527 0.460021 0.96746 0.460096 0.960698 0.527568 0.963437 0.459982 0.960698 0.527568 0.958626 0.46003 0.965527 0.460021 0.960698 0.527568 0.963437 0.459982 0.339215 0.816824 0.271478 0.817046 0.272376 0.773636 0.958626 0.46003 0.954685 0.52784 0.954685 0.460257 0.340113 0.773487 0.272376 0.773636 0.272495 0.763334 0.340113 0.773487 0.339215 0.816824 0.272376 0.773636 0.340113 0.773487 0.272495 0.763334 0.272683 0.725285 0.34042 0.725063 0.272683 0.725285 0.272523 0.689505 0.340113 0.773487 0.272683 0.725285 0.34042 0.725063 0.34042 0.725063 0.272523 0.689505 0.272376 0.675853 0.340113 0.675556 0.272376 0.675853 0.271478 0.62928 0.34042 0.725063 0.272376 0.675853 0.340113 0.675556 0.1727589 0.813516 0.1727589 0.881254 0.169211 0.881397 0.340113 0.675556 0.271478 0.62928 0.339215 0.629058 0.916544 0.836377 0.916542 0.904142 0.911933 0.904191 0.169208 0.813658 0.1727589 0.813516 0.169211 0.881397 0.757457 0.88316 0.757457 0.950925 0.755312 0.950922 0.916544 0.836377 0.911933 0.904191 0.911933 0.836426 0.755312 0.883157 0.755312 0.950922 0.753237 0.950904 0.755312 0.883157 0.757457 0.88316 0.755312 0.950922 0.144882 0.815878 0.148212 0.883685 0.144882 0.883643 0.148212 0.81592 0.148212 0.883685 0.144882 0.815878 0.755312 0.883157 0.753237 0.950904 0.753237 0.883139 0.787992 0.883191 0.787992 0.950956 0.782805 0.950912 0.04491394 0.266384 0.058501 0.270427 0.05642098 0.275367 0.782805 0.883147 0.782805 0.950912 0.777442 0.950904 0.782805 0.883147 0.787992 0.883191 0.782805 0.950912 0.777442 0.883139 0.777442 0.950904 0.757458 0.951319 0.777442 0.883139 0.782805 0.883147 0.777442 0.950904 0.757457 0.883553 0.777442 0.883139 0.757458 0.951319 0.01988995 0.120043 0.01280099 0.117933 0.01490795 0.110855 0.05708295 0.967619 0.06453198 0.982458 0.05719095 0.982439 0.02307599 0.109343 0.01988995 0.120043 0.01490795 0.110855 0.169208 0.949201 0.1765879 0.964336 0.169208 0.964316 0.1765879 0.949479 0.1765879 0.964336 0.169208 0.949201 0.271478 0.931636 0.282635 0.988288 0.271478 0.988312 0.279413 0.966221 0.282635 0.988288 0.271478 0.931636 0.279413 0.966221 0.282635 0.973168 0.282635 0.988288 0.907247 0.836406 0.907247 0.893082 0.904035 0.893052 0.446858 0.817883 0.446828 0.874542 0.444074 0.874466 0.904077 0.836377 0.907247 0.836406 0.904035 0.893052 0.756983 0.298031 0.700308 0.298445 0.700297 0.264964 0.446858 0.817883 0.444074 0.874466 0.444074 0.817806 0.768038 0.27941 0.700297 0.264964 0.700512 0.233564 0.756983 0.298031 0.700297 0.264964 0.768038 0.27941 0.962094 0.831206 0.962094 0.898952 0.95683 0.898773 0.768275 0.233069 0.768038 0.27941 0.700512 0.233564 0.366895 0.397675 0.366816 0.374933 0.366895 0.368031 0.95683 0.831027 0.95683 0.898773 0.949928 0.898776 0.098508 0.04948699 0.104496 0.06105798 0.076958 0.05008798 0.08942598 0.03265994 0.098508 0.04948699 0.076958 0.05008798 0.95683 0.831027 0.962094 0.831206 0.95683 0.898773 0.771241 0.801734 0.770042 0.782355 0.771241 0.778992 0.173305 0.881448 0.176636 0.949142 0.173305 0.949194 0.95683 0.831027 0.949928 0.898776 0.949928 0.83103 0.173305 0.881448 0.176636 0.881397 0.176636 0.949142 0.955193 0.06802099 0.955193 0.135766 0.935789 0.135739 0.098508 0.04948699 0.108114 0.04882097 0.104496 0.06105798 0.109195 0.06020295 0.104496 0.06105798 0.108114 0.04882097 0.955193 0.06802099 0.935789 0.135739 0.931685 0.13564 0.527485 0.943078 0.542571 0.934686 0.54226 0.943415 0.109195 0.06020295 0.108114 0.04882097 0.108793 0.04848498 0.757458 0.951318 0.771774 0.962312 0.771776 0.962894 0.757458 0.96646 0.757458 0.951318 0.771776 0.962894 0.527467 0.952918 0.54226 0.943415 0.542571 0.95792 0.527467 0.952918 0.527485 0.943078 0.54226 0.943415 0.201441 0.954191 0.2015359 0.968976 0.191593 0.968929 0.234867 0.935114 0.234867 0.952745 0.227012 0.940219 0.191593 0.944925 0.176666 0.95413 0.1768119 0.944841 0.191593 0.954146 0.201441 0.954191 0.191593 0.968929 0.191593 0.944925 0.191444 0.954159 0.176666 0.95413 0.191593 0.944925 0.1768119 0.944841 0.176666 0.935758 0.126054 0.04355996 0.11542 0.04039597 0.113912 0.02934795 0.781265 0.951735 0.781709 0.96653 0.772174 0.966064 0.127014 0.03828698 0.126054 0.04355996 0.113912 0.02934795 0.191426 0.935114 0.191593 0.944925 0.176666 0.935758 0.109195 0.06020295 0.108793 0.04848498 0.11542 0.04039597 0.757458 0.951318 0.772174 0.952236 0.771774 0.962312 0.126054 0.04355996 0.109195 0.06020295 0.11542 0.04039597 0.772174 0.951318 0.781265 0.951735 0.772174 0.966064 0.954685 0.460306 0.954685 0.528071 0.933175 0.527747 0.931684 0.06789398 0.955193 0.06802099 0.931685 0.13564 0.933175 0.459982 0.933175 0.527747 0.92789 0.527777 0.954685 0.460306 0.933175 0.527747 0.933175 0.459982 0.92789 0.460012 0.92789 0.527777 0.922933 0.527844 0.933175 0.459982 0.92789 0.527777 0.92789 0.460012 0.1727589 0.813572 0.175887 0.881281 0.1727589 0.881337 0.175887 0.813516 0.175887 0.881281 0.1727589 0.813572 0.92789 0.460012 0.922933 0.527844 0.922933 0.460079 0.173305 0.881397 0.173305 0.949162 0.171322 0.949188 0.171322 0.881423 0.171322 0.949188 0.169208 0.949201 0.173305 0.881397 0.171322 0.949188 0.171322 0.881423 0.362376 0.745715 0.362376 0.81348 0.357607 0.813451 0.171322 0.881423 0.169208 0.949201 0.169208 0.881436 0.357605 0.745686 0.357607 0.813451 0.353829 0.813353 0.357605 0.745686 0.362376 0.745715 0.357607 0.813451 0.595213 0.811215 0.527467 0.811399 0.528307 0.767779 0.357605 0.745686 0.353829 0.813353 0.353829 0.745587 0.596051 0.767668 0.528307 0.767779 0.528444 0.754605 0.596051 0.767668 0.595213 0.811215 0.528307 0.767779 0.596051 0.767668 0.528444 0.754605 0.528593 0.719334 0.596339 0.71915 0.528593 0.719334 0.528418 0.680639 0.596051 0.767668 0.528593 0.719334 0.596339 0.71915 0.596339 0.71915 0.528418 0.680639 0.528307 0.669934 0.596051 0.669675 0.528307 0.669934 0.527467 0.623515 0.596339 0.71915 0.528307 0.669934 0.596051 0.669675 0.631787 0.899202 0.631787 0.966785 0.626779 0.966404 0.596051 0.669675 0.527467 0.623515 0.595213 0.623331 0.959442 0.06789398 0.962328 0.135524 0.955433 0.135524 0.823255 0.469535 0.82676 0.46917 0.82676 0.537274 0.963962 0.06801897 0.962328 0.135524 0.959442 0.06789398 0.801457 0.887551 0.804854 0.955045 0.801457 0.955133 0.957295 0.0679 0.955433 0.135524 0.955193 0.06794196 0.801457 0.887551 0.804854 0.887463 0.804854 0.955045 0.959442 0.06789398 0.955433 0.135524 0.957295 0.0679 0.324751 0.09491598 0.30812 0.092184 0.311222 0.087812 0.965788 0 0.965788 0.06758195 0.960532 0.06766998 0.319627 0.101167 0.306039 0.09712296 0.30812 0.092184 0.960532 8.7e-5 0.960532 0.06766998 0.955164 0.06766396 0.324751 0.09491598 0.319627 0.101167 0.30812 0.092184 0.960532 8.7e-5 0.965788 0 0.960532 0.06766998 0.942514 0.557012 0.942514 0.624595 0.923275 0.623482 0.960532 8.7e-5 0.955164 0.06766396 0.955164 8.1e-5 0.923274 0.5559 0.942514 0.557012 0.923275 0.623482 0.1372939 0.642199 0.123077 0.652094 0.122979 0.644699 0.220172 0.80449 0.21539 0.788838 0.218032 0.78157 0.181652 0.790488 0.187779 0.806755 0.181016 0.807687 0.122188 0.669092 0.123077 0.652094 0.1372939 0.642199 0.200081 0.78919 0.1953949 0.805941 0.187779 0.806755 0.181652 0.790488 0.200081 0.78919 0.187779 0.806755 0.200081 0.78919 0.196023 0.813298 0.1953949 0.805941 0.204866 0.805615 0.203167 0.812977 0.203037 0.8056 0.204866 0.805615 0.204932 0.81299 0.203167 0.812977 0.2145799 0.80929 0.212254 0.813258 0.212248 0.805531 0.446388 0.874542 0.446388 0.900431 0.444074 0.89721 0.1386269 0.66798 0.1386269 0.642199 0.1567299 0.644603 0.154626 0.668329 0.1386269 0.66798 0.1567299 0.644603 0.220172 0.778343 0.220172 0.80449 0.218032 0.78157 0.838623 0.708352 0.812734 0.734626 0.812734 0.708479 0.838623 0.734499 0.812734 0.734626 0.838623 0.708352 0.137651 0.669269 0.122188 0.669092 0.1372939 0.642199 0.09950298 0.644574 0.08431297 0.669271 0.08431297 0.642199 0.903156 0.427445 0.908398 0.43743 0.903156 0.453334 0.106001 0.668362 0.121973 0.642199 0.122028 0.66798 0.897549 0.734499 0.897549 0.708352 0.900249 0.731656 0.106001 0.668362 0.103829 0.64464 0.121973 0.642199 0.1386269 0.741966 0.1386269 0.66798 0.154626 0.668329 0.10616 0.742348 0.122028 0.66798 0.122188 0.741966 0.10616 0.742348 0.106001 0.668362 0.122028 0.66798 0.195095 0.71548 0.200081 0.78919 0.181652 0.790488 0.154626 0.742315 0.1386269 0.741966 0.154626 0.668329 0.123163 0.743072 0.122188 0.669092 0.137651 0.669269 0.176666 0.716779 0.195095 0.71548 0.181652 0.790488 0.1386269 0.743248 0.123163 0.743072 0.137651 0.669269 0.100828 0.668959 0.08431297 0.743257 0.08431297 0.669271 0.09950298 0.644574 0.09950298 0.651969 0.08431297 0.669271 0.100828 0.668959 0.08431297 0.669271 0.09950298 0.651969 0.1386269 0.815878 0.1386269 0.741966 0.154626 0.742315 0.931764 0.253278 0.91254 0.325648 0.91254 0.251905 0.103829 0.816613 0.10616 0.742348 0.122188 0.741966 0.180783 0.642338 0.195095 0.71548 0.176666 0.716779 0.180783 0.642338 0.200081 0.642199 0.195095 0.71548 0.122188 0.816652 0.123163 0.743072 0.1386269 0.743248 0.895616 0.257194 0.91254 0.251905 0.91254 0.329032 0.100828 0.742945 0.08431297 0.81717 0.08431297 0.743257 0.100828 0.742945 0.08431297 0.743257 0.100828 0.668959 0.81485 0.517689 0.817319 0.517674 0.816102 0.536933 0.621466 0.953993 0.617182 0.934951 0.619644 0.934797 0.621466 0.953993 0.617182 0.954224 0.617182 0.934951 0.811809 0.536996 0.816102 0.536933 0.817319 0.554623 0.812382 0.517746 0.81485 0.517689 0.816102 0.536933 0.811809 0.536996 0.812382 0.517746 0.816102 0.536933 0.811809 0.536996 0.817319 0.554623 0.815494 0.554634 0.622108 0.934686 0.624582 0.954204 0.622754 0.954202 0.103829 0.816517 0.08431297 0.81717 0.100828 0.742945 0.811809 0.536996 0.815494 0.554634 0.81367 0.554676 0.622108 0.934686 0.62641 0.954207 0.624582 0.954204 0.716911 0.963734 0.731311 0.950994 0.732555 0.968729 0.257128 0.966674 0.244318 0.966674 0.257109 0.951882 0.595875 0.934686 0.610668 0.954236 0.595876 0.954202 0.62641 0.934692 0.62641 0.954207 0.622108 0.934686 0.621466 0.953993 0.619644 0.934797 0.622108 0.934686 0.717796 0.931736 0.732555 0.931776 0.731311 0.950994 0.2230769 0.948309 0.208306 0.935114 0.223098 0.935155 0.208306 0.953634 0.208306 0.935114 0.2230769 0.948309 0.716552 0.95088 0.717796 0.931736 0.731311 0.950994 0.716911 0.963734 0.716552 0.95088 0.731311 0.950994 0.886324 0.477917 0.876494 0.513497 0.858138 0.495326 0.886324 0.477917 0.886324 0.548881 0.876494 0.513497 0.871025 0.526597 0.876494 0.513497 0.886324 0.548881 0.829803 0.478477 0.858138 0.495326 0.845102 0.50076 0.829803 0.478477 0.886324 0.477917 0.858138 0.495326 0.829803 0.478477 0.845102 0.50076 0.839633 0.513861 0.829803 0.549441 0.829803 0.478477 0.839633 0.513861 0.857989 0.532032 0.829803 0.549441 0.839633 0.513861 0.595875 0.934686 0.610668 0.934725 0.610668 0.954236 0.08431297 0.896979 0.07445096 0.896979 0.07445096 0.82548 0.884884 0.552356 0.829803 0.549441 0.886324 0.548881 0.857989 0.532032 0.886324 0.548881 0.829803 0.549441 0.572753 0.965606 0.572753 0.955745 0.576242 0.955741 0.857989 0.532032 0.871025 0.526597 0.886324 0.548881 0.572753 0.965606 0.576242 0.955741 0.576242 0.965602 0.831243 0.475002 0.884884 0.474471 0.886324 0.477917 0.96446 0.648679 0.96446 0.638817 0.967944 0.638822 0.829803 0.478477 0.831243 0.475002 0.886324 0.477917 0.08431297 0.82548 0.08431297 0.896979 0.07445096 0.82548 0.834718 0.473534 0.881409 0.473072 0.884884 0.474471 0.967695 0.623815 0.967695 0.633655 0.964153 0.633567 0.831243 0.475002 0.834718 0.473534 0.884884 0.474471 0.967944 0.648683 0.96446 0.648679 0.967944 0.638822 0.352759 0.929911 0.362599 0.929938 0.362599 0.976744 0.967695 0.623815 0.964153 0.633567 0.964153 0.623728 0.804686 0.955395 0.804686 0.965234 0.801261 0.965341 0.352759 0.929911 0.362599 0.976744 0.352759 0.976717 0.522398 0.96804 0.522398 0.958178 0.525796 0.958182 0.804686 0.955395 0.801261 0.965341 0.801261 0.955501 0.929494 0.404902 0.919632 0.404903 0.919632 0.33352 0.522398 0.96804 0.525796 0.958182 0.525796 0.968044 0.884884 0.552356 0.831243 0.552887 0.829803 0.549441 0.535826 0.967786 0.535826 0.957924 0.53939 0.95792 0.929494 0.404902 0.919632 0.33352 0.929494 0.333519 0.881409 0.553824 0.834718 0.554286 0.831243 0.552887 0.503705 0.964591 0.503705 0.954757 0.507126 0.954636 0.884884 0.552356 0.881409 0.553824 0.831243 0.552887 0.535826 0.967786 0.53939 0.95792 0.53939 0.967782 0.1261309 0.977322 0.116298 0.97729 0.116298 0.930489 0.503705 0.964591 0.507126 0.954636 0.507126 0.96447 0.963771 0.741453 0.963771 0.731619 0.967316 0.731717 0.1261309 0.930521 0.1261309 0.977322 0.116298 0.930489 0.963771 0.741453 0.967316 0.731717 0.967316 0.741551 0.57909 0.954767 0.57909 0.934686 0.588858 0.943715 0.97675 0.786384 0.975522 0.821878 0.975522 0.750914 0.97675 0.786384 0.97675 0.830431 0.975522 0.821878 0.974082 0.825353 0.975522 0.821878 0.97675 0.830431 0.97675 0.786384 0.975522 0.750914 0.97675 0.742338 0.974082 0.747468 0.97675 0.742338 0.975522 0.750914 0.970607 0.746069 0.916544 0.742934 0.97675 0.742338 0.96623 0.61611 0.969513 0.556049 0.969513 0.616259 0.541228 0.206477 0.547557 0.1528 0.57891 0.184107 0.974082 0.747468 0.970607 0.746069 0.97675 0.742338 0.96623 0.61611 0.96623 0.5559 0.969513 0.556049 0.541228 0.206477 0.57891 0.184107 0.582393 0.185544 0.919001 0.751474 0.916544 0.78698 0.916544 0.742934 0.624484 0.812857 0.53239 0.811399 0.576696 0.811406 0.920441 0.747999 0.919001 0.751474 0.916544 0.742934 0.923916 0.746531 0.920441 0.747999 0.916544 0.742934 0.970607 0.746069 0.923916 0.746531 0.916544 0.742934 0.624484 0.812857 0.528909 0.812843 0.53239 0.811399 0.919001 0.822438 0.916544 0.831027 0.916544 0.78698 0.624484 0.812857 0.576696 0.811406 0.621003 0.811413 0.919001 0.751474 0.919001 0.822438 0.916544 0.78698 0.923916 0.827283 0.97675 0.830431 0.916544 0.831027 0.970983 0.649838 0.967346 0.710128 0.967346 0.649918 0.920441 0.825884 0.923916 0.827283 0.916544 0.831027 0.919001 0.822438 0.920441 0.825884 0.916544 0.831027 0.970983 0.710047 0.967346 0.710128 0.970983 0.649838 0.493902 0.1592209 0.516205 0.121494 0.547557 0.1528 0.970607 0.826821 0.97675 0.830431 0.923916 0.827283 0.970607 0.826821 0.974082 0.825353 0.97675 0.830431 0.493902 0.1592209 0.446577 0.111965 0.516205 0.121494 0.514762 0.118012 0.516205 0.121494 0.446577 0.111965 0.541228 0.206477 0.493902 0.1592209 0.547557 0.1528 0.964197 0.454345 0.964197 0.393989 0.967773 0.393941 0.541228 0.206477 0.582393 0.185544 0.585877 0.184095 0.967773 0.454296 0.964197 0.454345 0.967773 0.393941 0.08431297 0.873911 0.144668 0.930325 0.08431297 0.930489 0.588553 0.253733 0.541228 0.206477 0.585877 0.184095 0.644633 0.205101 0.588553 0.253733 0.585877 0.184095 0.604706 0.165233 0.644633 0.205101 0.585877 0.184095 0.08431297 0.873911 0.144668 0.903734 0.144668 0.930325 0.625926 0.816344 0.527467 0.816329 0.528909 0.812843 0.625926 0.87305 0.527467 0.816329 0.625926 0.816344 0.527467 0.873035 0.527467 0.816329 0.625926 0.87305 0.624484 0.812857 0.625926 0.816344 0.528909 0.812843 0.451853 0.01716297 0.398013 0.06348299 0.413003 0.04631698 0.931684 0.08995497 0.91937 0.09015595 0.919143 0.06759995 0.641557 0.866414 0.653872 0.866526 0.653569 0.914993 0.641253 0.914881 0.641557 0.866414 0.653569 0.914993 0.465413 0.02625799 0.446577 0.111965 0.398013 0.06348299 0.383916 0.08521997 0.398013 0.06348299 0.446577 0.111965 0.461494 0.02535694 0.465413 0.02625799 0.398013 0.06348299 0.458367 0.02124094 0.461494 0.02535694 0.398013 0.06348299 0.458164 0.018996 0.458367 0.02124094 0.398013 0.06348299 0.454849 0.01555997 0.458164 0.018996 0.398013 0.06348299 0.451853 0.01716297 0.454849 0.01555997 0.398013 0.06348299 0.931684 0.08995497 0.919143 0.06759995 0.919052 0.04273796 0.440622 0.210648 0.446577 0.111965 0.493902 0.1592209 0.516205 0.114526 0.514762 0.118012 0.446577 0.111965 0.535033 0.09566301 0.516205 0.114526 0.446577 0.111965 0.500069 0.06074994 0.535033 0.09566301 0.446577 0.111965 0.465413 0.02625799 0.500069 0.06074994 0.446577 0.111965 0.367947 0.137574 0.366948 0.130724 0.446577 0.111965 0.383916 0.08521997 0.446577 0.111965 0.366948 0.130724 0.373205 0.142071 0.367947 0.137574 0.446577 0.111965 0.374966 0.142709 0.373205 0.142071 0.446577 0.111965 0.391391 0.161483 0.374966 0.142709 0.446577 0.111965 0.440622 0.210648 0.391391 0.161483 0.446577 0.111965 0.440622 0.210648 0.493902 0.1592209 0.541228 0.206477 0.489891 0.259845 0.541228 0.206477 0.588553 0.253733 0.489891 0.259845 0.440622 0.210648 0.541228 0.206477 0.683293 0.248363 0.637095 0.302228 0.588553 0.253733 0.53913 0.309004 0.588553 0.253733 0.637095 0.302228 0.68492 0.245312 0.683293 0.248363 0.588553 0.253733 0.644633 0.205101 0.68492 0.245312 0.588553 0.253733 0.53913 0.309004 0.489891 0.259845 0.588553 0.253733 0.683293 0.248363 0.654243 0.287202 0.637095 0.302228 0.353016 0.767665 0.340482 0.742134 0.34042 0.719334 0.557927 0.325401 0.53913 0.309004 0.637095 0.302228 0.558568 0.327161 0.557927 0.325401 0.637095 0.302228 0.563072 0.332413 0.558568 0.327161 0.637095 0.302228 0.569924 0.333401 0.563072 0.332413 0.637095 0.302228 0.615457 0.31632 0.569924 0.333401 0.637095 0.302228 0.353016 0.767665 0.340698 0.767698 0.340482 0.742134 0.352738 0.719301 0.34042 0.719334 0.340698 0.671896 0.352738 0.719301 0.353016 0.767665 0.34042 0.719334 0.353016 0.671862 0.340698 0.671896 0.340739 0.668662 0.353016 0.671862 0.352738 0.719301 0.340698 0.671896 0.700298 0.202795 0.68492 0.245312 0.644633 0.205101 0.353016 0.671862 0.340739 0.668662 0.341512 0.629092 0.675875 0.172128 0.644633 0.205101 0.604706 0.165233 0.699299 0.195945 0.700298 0.202795 0.644633 0.205101 0.69404 0.191448 0.699299 0.195945 0.644633 0.205101 0.69228 0.19081 0.69404 0.191448 0.644633 0.205101 0.675875 0.172128 0.69228 0.19081 0.644633 0.205101 0.682837 0.148225 0.675875 0.172128 0.604706 0.165233 0.687229 0.144693 0.682837 0.148225 0.604706 0.165233 0.688285 0.144053 0.687229 0.144693 0.604706 0.165233 0.625938 0.143963 0.688285 0.144053 0.604706 0.165233 0.08431297 0.873911 0.144668 0.873747 0.144668 0.903734 0.964197 0.393867 0.964197 0.333519 0.967563 0.333592 0.447142 0.817355 0.50749 0.817157 0.50749 0.843732 0.964197 0.393867 0.967563 0.333592 0.967563 0.393941 0.556266 0.07439297 0.535033 0.09566301 0.500069 0.06074994 0.447142 0.817355 0.50749 0.843732 0.50749 0.873699 0.466668 0.02604496 0.500069 0.06074994 0.465413 0.02625799 0.528025 0.024495 0.500069 0.06074994 0.466668 0.02604496 0.58734 0.04326397 0.556266 0.07439297 0.500069 0.06074994 0.551912 0.01749294 0.58734 0.04326397 0.500069 0.06074994 0.528025 0.024495 0.551912 0.01749294 0.500069 0.06074994 0.95785 0.638817 0.964228 0.639218 0.964126 0.642351 0.209174 0.812183 0.208109 0.805804 0.209174 0.805599 0.95785 0.64771 0.964126 0.642351 0.9643 0.647525 0.95785 0.64771 0.95785 0.638817 0.964126 0.642351 0.95785 0.64771 0.9643 0.647525 0.964459 0.649417 0.463162 0.01296299 0.458164 0.018996 0.454849 0.01555997 0.07425397 0.964848 0.08065998 0.966074 0.08072 0.973797 0.641253 0.820814 0.653871 0.863209 0.653872 0.866526 0.463162 0.01296299 0.454849 0.01555997 0.497321 1.18e-4 0.641253 0.820814 0.653569 0.820926 0.653871 0.863209 0.641557 0.866414 0.641253 0.820814 0.653872 0.866526 0.468335 0.01365095 0.463162 0.01296299 0.497321 1.18e-4 0.471463 0.01776695 0.468335 0.01365095 0.497321 1.18e-4 0.466668 0.02604496 0.471463 0.01776695 0.497321 1.18e-4 0.504173 0.001105964 0.466668 0.02604496 0.497321 1.18e-4 0.750016 0.955664 0.750016 0.967985 0.74475 0.968131 0.750016 0.955664 0.74475 0.968131 0.74475 0.95581 0.243597 0.973367 0.237128 0.973367 0.237017 0.969433 0.07425397 0.973895 0.07425397 0.964848 0.08072 0.973797 0.243497 0.964292 0.237017 0.969433 0.237029 0.964268 0.243497 0.964292 0.243597 0.973367 0.237017 0.969433 0.962573 0.960344 0.969038 0.960271 0.969038 0.969331 0.509318 0.008117973 0.528025 0.024495 0.466668 0.02604496 0.508677 0.006357967 0.509318 0.008117973 0.466668 0.02604496 0.504173 0.001105964 0.508677 0.006357967 0.466668 0.02604496 0.962573 0.960344 0.969038 0.969331 0.962572 0.969419 0.447142 0.873897 0.50749 0.873699 0.50749 0.917556 0.447142 0.873897 0.447142 0.817355 0.50749 0.873699 0.555436 0.01309394 0.556074 0.01203697 0.58734 0.04326397 0.596328 0.03425997 0.58734 0.04326397 0.556074 0.01203697 0.551912 0.01749294 0.555436 0.01309394 0.58734 0.04326397 0.447142 0.873897 0.50749 0.917556 0.50749 0.930241 0.650311 0.820612 0.642066 0.816667 0.642073 0.815494 0.557927 0.008038997 0.569924 0 0.556074 0.01203697 0.596484 0.01586896 0.556074 0.01203697 0.569924 0 0.650311 0.820612 0.64202 0.820679 0.642066 0.816667 0.604056 0.02582699 0.596328 0.03425997 0.556074 0.01203697 0.596484 0.01586896 0.595787 0.02104496 0.556074 0.01203697 0.604056 0.02582699 0.556074 0.01203697 0.595787 0.02104496 0.650364 0.815427 0.642073 0.815494 0.642073 0.809953 0.650364 0.815427 0.650311 0.820612 0.642073 0.815494 0.556179 0.934686 0.564469 0.934848 0.564469 0.957533 0.650364 0.815427 0.642073 0.809953 0.650364 0.809887 0.238577 0.795128 0.246818 0.781586 0.246728 0.806272 0.556078 0.953516 0.556179 0.934686 0.564469 0.957533 0.238577 0.795128 0.238433 0.777369 0.246818 0.781586 0.87712 0.733436 0.878869 0.741752 0.87712 0.74173 0.878869 0.733458 0.878869 0.741752 0.87712 0.733436 0.238524 0.800759 0.246728 0.806272 0.238433 0.806206 0.238524 0.800759 0.238577 0.795128 0.246728 0.806272 0.756946 0.959692 0.756946 0.967987 0.750016 0.967985 0.750016 0.955664 0.756946 0.955666 0.750016 0.967985 0.756946 0.959692 0.750016 0.967985 0.756946 0.955666 0.608438 0.96705 0.59615 0.96705 0.595875 0.961029 0.931367 0.04253798 0.919052 0.04273796 0.91937 2e-4 0.931684 0 0.931367 0.04253798 0.91937 2e-4 0.608163 0.961028 0.595875 0.961029 0.595986 0.954237 0.608163 0.961028 0.608438 0.96705 0.595875 0.961029 0.25141 0.804632 0.253 0.812984 0.25141 0.812904 0.604258 0.954237 0.608163 0.961028 0.595986 0.954237 0.253 0.804712 0.253 0.812984 0.25141 0.804632 0.846492 0.708352 0.854354 0.710924 0.846492 0.7346 0.384408 0.185294 0.391391 0.161483 0.440622 0.210648 0.572866 0.952366 0.564469 0.955741 0.564469 0.934918 0.925436 0.64436 0.923274 0.649565 0.923274 0.624595 0.927598 0.630077 0.927823 0.624595 0.935738 0.644646 0.927598 0.649178 0.927598 0.630077 0.935738 0.644646 0.413003 0.287594 0.440622 0.210648 0.489891 0.259845 0.366948 0.203337 0.384408 0.185294 0.440622 0.210648 0.383952 0.24885 0.366948 0.203337 0.440622 0.210648 0.413003 0.287594 0.383952 0.24885 0.440622 0.210648 0.451788 0.316586 0.489891 0.259845 0.53913 0.309004 0.451788 0.316586 0.413003 0.287594 0.489891 0.259845 0.262913 0.788591 0.254384 0.802104 0.254384 0.777566 0.515334 0.316026 0.451788 0.316586 0.53913 0.309004 0.745422 0.568806 0.753714 0.568879 0.753935 0.591416 0.745513 0.587582 0.745422 0.568806 0.753935 0.591416 0.262913 0.788591 0.262395 0.805839 0.254384 0.802104 0.87019 0.733482 0.871974 0.741708 0.87019 0.741754 0.871974 0.733436 0.871974 0.741708 0.87019 0.733482 0.262832 0.782955 0.254384 0.777566 0.262655 0.777438 0.262832 0.782955 0.262913 0.788591 0.254384 0.777566 0.801261 0.95982 0.801261 0.968092 0.794338 0.968067 0.794338 0.955779 0.794338 0.968067 0.789331 0.967682 0.794338 0.955779 0.801261 0.955804 0.794338 0.968067 0.801261 0.95982 0.794338 0.968067 0.801261 0.955804 0.353829 0.813182 0.341512 0.813215 0.340698 0.767698 0.794338 0.955779 0.789331 0.967682 0.789331 0.955395 0.353016 0.767665 0.353829 0.813182 0.340698 0.767698 0.931367 0.04253798 0.931684 0.08995497 0.919052 0.04273796 0.366948 0.203337 0.380016 0.188826 0.384408 0.185294 0.527467 0.95792 0.535758 0.95792 0.535766 0.963554 0.572866 0.952366 0.564469 0.934918 0.572757 0.934686 0.367124 0.198465 0.374966 0.191326 0.380016 0.188826 0.527475 0.963554 0.535766 0.963554 0.535826 0.969014 0.366948 0.203337 0.367124 0.198465 0.380016 0.188826 0.527475 0.963554 0.527467 0.95792 0.535766 0.963554 0.367124 0.198465 0.373205 0.191969 0.374966 0.191326 0.871974 0.733464 0.873728 0.741727 0.871974 0.741755 0.873728 0.733436 0.873728 0.741727 0.871974 0.733464 0.527475 0.963554 0.535826 0.969014 0.527535 0.969014 0.369608 0.194267 0.371281 0.1929219 0.373205 0.191969 0.189983 0.958184 0.189983 0.966475 0.187903 0.966498 0.367124 0.198465 0.369608 0.194267 0.373205 0.191969 0.187903 0.954182 0.187903 0.966498 0.185757 0.966501 0.189983 0.954159 0.187903 0.966498 0.187903 0.954182 0.189983 0.958184 0.187903 0.966498 0.189983 0.954159 0.241637 0.951952 0.241637 0.964268 0.237017 0.964201 0.187903 0.954182 0.185757 0.966501 0.185757 0.954185 0.148212 0.951477 0.148212 0.963765 0.144477 0.964016 0.237017 0.951885 0.241637 0.951952 0.237017 0.964201 0.08431297 0.825359 0.072025 0.82548 0.07039397 0.779093 0.148212 0.951477 0.144477 0.964016 0.144477 0.951729 0.082681 0.778972 0.07039397 0.779093 0.06983697 0.730604 0.082681 0.778972 0.08431297 0.825359 0.07039397 0.779093 0.08212399 0.730483 0.06983697 0.730604 0.07039397 0.683792 0.08212399 0.730483 0.082681 0.778972 0.06983697 0.730604 0.515334 0.316026 0.497322 0.333519 0.451788 0.316586 0.082681 0.68367 0.07039397 0.683792 0.072025 0.642321 0.082681 0.68367 0.08212399 0.730483 0.07039397 0.683792 0.508677 0.327242 0.504173 0.332509 0.497322 0.333519 0.613025 0.954625 0.625342 0.954625 0.625494 0.960447 0.509318 0.32548 0.508677 0.327242 0.497322 0.333519 0.511809 0.320425 0.509318 0.32548 0.497322 0.333519 0.515334 0.316026 0.511809 0.320425 0.497322 0.333519 0.082681 0.68367 0.072025 0.642321 0.08431297 0.642199 0.613176 0.960448 0.625494 0.960447 0.625453 0.967305 0.613176 0.960448 0.613025 0.954625 0.625494 0.960447 0.262913 0.804701 0.264555 0.813029 0.262913 0.812993 0.264555 0.804737 0.264555 0.813029 0.262913 0.804701 0.613176 0.960448 0.625453 0.967305 0.617161 0.967305 0.745643 0.558055 0.753935 0.558128 0.753803 0.563331 0.745511 0.563258 0.753803 0.563331 0.753714 0.568879 0.745511 0.563258 0.745643 0.558055 0.753803 0.563331 0.745422 0.568806 0.745511 0.563258 0.753714 0.568879 0.592806 0.967664 0.580485 0.967664 0.580607 0.961843 0.353016 0.671862 0.341512 0.629092 0.353829 0.629058 0.592928 0.961843 0.580607 0.961843 0.580575 0.954985 0.592928 0.961843 0.592806 0.967664 0.580607 0.961843 0.875477 0.733465 0.87712 0.74173 0.875477 0.74176 0.87712 0.733436 0.87712 0.74173 0.875477 0.733465 0.592928 0.961843 0.580575 0.954985 0.588869 0.954985 0.838623 0.708352 0.846492 0.710974 0.838623 0.734601 0.230426 0.806203 0.221996 0.809552 0.222227 0.788568 0.925436 0.6298 0.927598 0.624595 0.927598 0.649512 0.953448 0.6425 0.95352 0.648049 0.945154 0.62841 0.95352 0.623728 0.953448 0.6425 0.945154 0.62841 0.230518 0.788446 0.222227 0.788568 0.2221339 0.782937 0.230518 0.788446 0.230426 0.806203 0.222227 0.788568 0.230426 0.782815 0.2221339 0.782937 0.222108 0.781721 0.230426 0.782815 0.230518 0.788446 0.2221339 0.782937 0.625938 0.143963 0.657012 0.112833 0.688285 0.144053 0.700298 0.130182 0.688285 0.144053 0.657012 0.112833 0.699298 0.137036 0.69228 0.142193 0.688285 0.144053 0.230426 0.782815 0.222108 0.781721 0.221996 0.777491 0.700298 0.130182 0.699298 0.137036 0.688285 0.144053 0.08431297 0.817333 0.144668 0.829863 0.144668 0.873747 0.666 0.10383 0.700298 0.130182 0.657012 0.112833 0.08431297 0.817333 0.144668 0.81717 0.144668 0.829863 0.08431297 0.817333 0.144668 0.873747 0.08431297 0.873911 0.699298 0.137036 0.69404 0.14155 0.69228 0.142193 0.873728 0.733463 0.875477 0.741728 0.873728 0.741755 0.875477 0.733436 0.875477 0.741728 0.873728 0.733463 0.230426 0.782815 0.221996 0.777491 0.230287 0.777369 0.744749 0.959867 0.744749 0.96816 0.73782 0.968162 0.73782 0.955845 0.73782 0.968162 0.732555 0.967981 0.744749 0.955842 0.73782 0.968162 0.73782 0.955845 0.744749 0.959867 0.73782 0.968162 0.744749 0.955842 0.666 0.10383 0.683293 0.08466899 0.700298 0.130182 0.810934 0.333519 0.823255 0.333546 0.822599 0.379056 0.73782 0.955845 0.732555 0.967981 0.732555 0.955664 0.634647 0.06555497 0.654242 0.04592496 0.683293 0.08466899 0.810278 0.379029 0.822599 0.379056 0.822375 0.427419 0.666 0.09686195 0.634647 0.06555497 0.683293 0.08466899 0.667443 0.100343 0.666 0.09686195 0.683293 0.08466899 0.666 0.10383 0.667443 0.100343 0.683293 0.08466899 0.810934 0.333519 0.822599 0.379056 0.810278 0.379029 0.599811 0.03281098 0.615457 0.01693296 0.654242 0.04592496 0.810054 0.427392 0.822375 0.427419 0.822599 0.474861 0.603295 0.03424894 0.599811 0.03281098 0.654242 0.04592496 0.634647 0.06555497 0.603295 0.03424894 0.654242 0.04592496 0.810278 0.379029 0.822375 0.427419 0.810054 0.427392 0.600605 0.01273494 0.569924 0 0.615457 0.01693296 0.810278 0.474835 0.822599 0.474861 0.823255 0.517674 0.599811 0.03281098 0.596328 0.03425997 0.615457 0.01693296 0.608177 0.02269196 0.615457 0.01693296 0.596328 0.03425997 0.608874 0.01751697 0.600605 0.01273494 0.615457 0.01693296 0.608177 0.02269196 0.608874 0.01751697 0.615457 0.01693296 0.810054 0.427392 0.822599 0.474861 0.810278 0.474835 0.557927 0.008038997 0.565053 1.84e-4 0.569924 0 0.966352 0.543184 0.966352 0.5555 0.962538 0.555631 0.600605 0.01273494 0.596484 0.01586896 0.569924 0 0.810278 0.474835 0.823255 0.517674 0.810934 0.517647 0.559517 0.00435096 0.56086 0.002674996 0.565053 1.84e-4 0.962538 0.543315 0.962538 0.555631 0.957734 0.555667 0.558568 0.006276965 0.559517 0.00435096 0.565053 1.84e-4 0.557927 0.008038997 0.558568 0.006276965 0.565053 1.84e-4 0.962538 0.543315 0.966352 0.543184 0.962538 0.555631 0.205622 0.9542 0.205622 0.966516 0.2035109 0.966499 0.962538 0.543315 0.957734 0.555667 0.957734 0.543351 0.2035109 0.954183 0.2035109 0.966499 0.2015359 0.966462 0.2035109 0.954183 0.205622 0.9542 0.2035109 0.966499 0.265878 0.804655 0.267512 0.812985 0.265878 0.812946 0.267512 0.804694 0.267512 0.812985 0.265878 0.804655 0.2035109 0.954183 0.2015359 0.966462 0.2015359 0.958171 0.965789 0.06039899 0.965789 5.1e-5 0.969375 0 0.604056 0.02582699 0.608177 0.02269196 0.596328 0.03425997 0.447142 0.873897 0.50749 0.930241 0.447142 0.930439 0.751872 0.881241 0.751872 0.820868 0.755255 0.820814 0.969375 0.06034797 0.965789 0.06039899 0.969375 0 0.963771 0.738528 0.903398 0.738396 0.903398 0.694117 0.751872 0.881241 0.755255 0.820814 0.755255 0.881186 0.963771 0.694248 0.903398 0.694117 0.903398 0.649838 0.963771 0.694248 0.963771 0.738528 0.903398 0.694117 0.963771 0.71021 0.963771 0.649838 0.967346 0.649877 0.963771 0.649969 0.963771 0.694248 0.903398 0.649838 0.362937 0.966184 0.362937 0.905828 0.366318 0.905896 0.967346 0.710249 0.963771 0.71021 0.967346 0.649877 0.362937 0.966184 0.366318 0.905896 0.366318 0.966251 0.641254 0.962514 0.647719 0.962417 0.647629 0.966321 0.16921 0.964531 0.175656 0.964336 0.175656 0.973215 0.169208 0.973423 0.16921 0.964531 0.175656 0.973215 0.641253 0.971562 0.647629 0.966321 0.647719 0.971488 0.641253 0.971562 0.641254 0.962514 0.647629 0.966321 0.971625 0.328016 0.965156 0.32793 0.965156 0.318869 0.548521 0.958493 0.554987 0.958405 0.554902 0.962338 0.971625 0.328016 0.965156 0.318869 0.971624 0.31894 0.54852 0.967567 0.554902 0.962338 0.554987 0.967503 0.54852 0.967567 0.548521 0.958493 0.554902 0.962338 0.440092 0.769088 0.41949 0.812673 0.439628 0.768486 0.419441 0.813885 0.416326 0.81676 0.41949 0.812673 0.413943 0.816814 0.41949 0.812673 0.416326 0.81676 0.440092 0.769088 0.419441 0.813885 0.41949 0.812673 0.440092 0.769088 0.439628 0.768486 0.446527 0.720407 0.447142 0.720407 0.446527 0.720407 0.439628 0.672324 0.447142 0.720407 0.440092 0.769088 0.446527 0.720407 0.440092 0.671723 0.439628 0.672324 0.41949 0.628132 0.440092 0.671723 0.447142 0.720407 0.439628 0.672324 0.419441 0.62692 0.440092 0.671723 0.41949 0.628132 0.413943 0.623989 0.419441 0.62692 0.41949 0.628132 0.413943 0.816814 0.408579 0.816996 0.407045 0.816279 0.723609 0.332945 0.721995 0.328971 0.723609 0.32893 0.723609 0.332945 0.721995 0.332987 0.721995 0.328971 0.41222 0.817805 0.410356 0.8176 0.408579 0.816996 0.716839 0.332976 0.716839 0.32896 0.718679 0.32893 0.413943 0.816814 0.41222 0.817805 0.408579 0.816996 0.718679 0.332945 0.718679 0.32893 0.720558 0.328932 0.716839 0.332976 0.718679 0.32893 0.718679 0.332945 0.413943 0.816814 0.416326 0.81676 0.41222 0.817805 0.701928 0.332945 0.701928 0.32893 0.705881 0.329053 0.718679 0.332945 0.720558 0.328932 0.720558 0.332947 0.708063 0.333072 0.708065 0.329047 0.711145 0.32893 0.705882 0.333069 0.701928 0.332945 0.705881 0.329053 0.640292 0.623342 0.644318 0.623331 0.645151 0.669419 0.708063 0.333072 0.711145 0.32893 0.711145 0.332955 0.641125 0.669357 0.645151 0.669419 0.645436 0.718466 0.641125 0.669357 0.640292 0.623342 0.645151 0.669419 0.641411 0.718477 0.645436 0.718466 0.645151 0.766565 0.641125 0.669357 0.645436 0.718466 0.641411 0.718477 0.641125 0.766646 0.645151 0.766565 0.644318 0.809873 0.641411 0.718477 0.645151 0.766565 0.641125 0.766646 0.413943 0.623989 0.41459 0.623331 0.419441 0.62692 0.576351 0.955247 0.580378 0.955218 0.580308 0.960306 0.641125 0.766646 0.644318 0.809873 0.640292 0.809884 0.413943 0.623989 0.408579 0.623806 0.41459 0.623331 0.576292 0.962725 0.580308 0.960306 0.580378 0.966281 0.576288 0.958551 0.580308 0.960306 0.576292 0.962725 0.576288 0.958551 0.576351 0.955247 0.580308 0.960306 0.413943 0.623989 0.407045 0.624522 0.408579 0.623806 0.731227 0.332956 0.729741 0.328956 0.731227 0.32893 0.729741 0.332982 0.729741 0.328956 0.731227 0.332956 0.576316 0.964575 0.580378 0.966281 0.576351 0.966309 0.576316 0.964575 0.576292 0.962725 0.580378 0.966281 0.604258 0.954237 0.608273 0.954237 0.608163 0.961028 0.775104 0.328994 0.774178 0.332516 0.774178 0.330643 0.775104 0.328994 0.774178 0.330643 0.774178 0.328949 0.651872 0.809673 0.650364 0.815024 0.650978 0.809429 0.775104 0.33256 0.774178 0.332516 0.775104 0.328994 0.227012 0.940358 0.2248629 0.95389 0.2248629 0.935114 0.957734 0.551788 0.954622 0.547158 0.953645 0.541607 0.957734 0.551788 0.953645 0.541607 0.957734 0.528071 0.93887 0.648993 0.935738 0.644237 0.938107 0.624595 0.651872 0.809673 0.650978 0.820618 0.650364 0.815024 0.651872 0.820472 0.650978 0.820618 0.651872 0.809673 0.93887 0.648993 0.938107 0.624595 0.93887 0.625084 0.258997 0.805839 0.259851 0.805839 0.259103 0.811425 0.777856 0.33254 0.778709 0.330645 0.778709 0.332519 0.246818 0.811151 0.248001 0.806466 0.248001 0.811491 0.2015359 0.954146 0.2035109 0.954183 0.2015359 0.958171 0.725087 0.32893 0.726572 0.328962 0.726572 0.332988 0.725087 0.332955 0.725087 0.32893 0.726572 0.332988 0.778709 0.328949 0.778709 0.330645 0.777856 0.33254 0.488842 0.623807 0.491472 0.623599 0.489338 0.623833 0.491472 0.623599 0.488842 0.623807 0.491472 0.623599 0.496198 0.624806 0.491472 0.623599 0.494862 0.623331 0.488842 0.623807 0.489338 0.623833 0.487305 0.624523 0.520384 0.671563 0.519961 0.672308 0.49977 0.628123 0.49972 0.626913 0.520384 0.671563 0.49977 0.628123 0.496198 0.624806 0.49972 0.626913 0.49977 0.628123 0.527467 0.720239 0.526851 0.720239 0.519961 0.672308 0.520384 0.671563 0.527467 0.720239 0.519961 0.672308 0.520384 0.768918 0.519961 0.768172 0.526851 0.720239 0.527467 0.720239 0.520384 0.768918 0.526851 0.720239 0.520384 0.768918 0.49977 0.812364 0.519961 0.768172 0.49972 0.813574 0.494214 0.8165 0.49977 0.812364 0.520384 0.768918 0.49972 0.813574 0.49977 0.812364 0.488842 0.816683 0.487305 0.815968 0.494214 0.8165 0.494862 0.817157 0.488842 0.816683 0.494214 0.8165 0.49972 0.813574 0.494862 0.817157 0.494214 0.8165 0.728159 0.332954 0.726572 0.328955 0.728159 0.32893 0.728159 0.332954 0.726572 0.33298 0.726572 0.328955 0.963771 0.721007 0.967795 0.720943 0.967892 0.726982 0.963868 0.727046 0.967892 0.726982 0.967795 0.731555 0.963868 0.727046 0.963771 0.721007 0.967892 0.726982 0.814325 0.310813 0.81031 0.310759 0.809734 0.263827 0.963868 0.727046 0.967795 0.731555 0.963771 0.731619 0.813749 0.26388 0.809734 0.263827 0.81031 0.214573 0.814325 0.310813 0.809734 0.263827 0.813749 0.26388 0.627154 0.809769 0.631167 0.809628 0.631787 0.857157 0.813749 0.26388 0.81031 0.214573 0.814325 0.214627 0.627773 0.857298 0.631787 0.857157 0.631167 0.899062 0.627773 0.857298 0.627154 0.809769 0.631787 0.857157 0.496198 0.624806 0.494862 0.623331 0.49972 0.626913 0.613025 0.965725 0.609 0.96569 0.608913 0.960601 0.627773 0.857298 0.631167 0.899062 0.627154 0.899202 0.612938 0.960636 0.608913 0.960601 0.608962 0.957237 0.612938 0.960636 0.613025 0.965725 0.608913 0.960601 0.612938 0.960636 0.609 0.954626 0.613025 0.954661 0.775104 0.332542 0.776051 0.328949 0.776051 0.330824 0.775104 0.332542 0.776051 0.330824 0.776051 0.332519 0.951604 0.552413 0.949196 0.533166 0.951604 0.528071 0.775104 0.328972 0.776051 0.328949 0.775104 0.332542 0.951604 0.552064 0.951604 0.528071 0.95244 0.528458 0.653358 0.809675 0.652486 0.820617 0.651872 0.815023 0.772378 0.328998 0.771495 0.330822 0.771495 0.328949 0.653358 0.820473 0.652486 0.820617 0.653358 0.809675 0.653358 0.809675 0.651872 0.815023 0.652486 0.809429 0.36692 0.857501 0.366064 0.8578 0.366064 0.838013 0.234867 0.940016 0.237017 0.935114 0.237017 0.952793 0.527198 0.857285 0.526001 0.857171 0.527198 0.838182 0.54852 0.934686 0.54852 0.958375 0.54522 0.939196 0.951604 0.552413 0.947946 0.538662 0.949196 0.533166 0.592896 0.954985 0.592928 0.961843 0.588869 0.954985 0.720558 0.32893 0.721995 0.329002 0.721995 0.333017 0.720558 0.332945 0.720558 0.32893 0.721995 0.333017 0.771495 0.332515 0.771495 0.330822 0.772378 0.328998 0.394649 0.813883 0.3946 0.812671 0.400147 0.816814 0.373998 0.769081 0.374441 0.768408 0.3946 0.812671 0.394649 0.813883 0.373998 0.769081 0.3946 0.812671 0.40551 0.816998 0.400147 0.816814 0.407045 0.816281 0.397764 0.816759 0.394649 0.813883 0.400147 0.816814 0.40551 0.816998 0.397764 0.816759 0.400147 0.816814 0.373998 0.671715 0.3946 0.628131 0.374441 0.672388 0.394649 0.626919 0.400146 0.62399 0.3946 0.628131 0.373998 0.671715 0.394649 0.626919 0.3946 0.628131 0.373998 0.671715 0.374441 0.672388 0.367563 0.720397 0.366948 0.720397 0.367563 0.720397 0.374441 0.768408 0.366948 0.720397 0.373998 0.671715 0.367563 0.720397 0.373998 0.769081 0.366948 0.720397 0.374441 0.768408 0.40551 0.623807 0.407045 0.624524 0.400146 0.62399 0.732808 0.332976 0.731227 0.332956 0.731227 0.32893 0.732808 0.332976 0.731227 0.32893 0.732808 0.328949 0.399499 0.623331 0.40551 0.623807 0.400146 0.62399 0.394649 0.626919 0.399499 0.623331 0.400146 0.62399 0.7733 0.332562 0.774178 0.330822 0.774178 0.332516 0.7733 0.332562 0.774178 0.328949 0.774178 0.330822 0.967797 0.720943 0.963771 0.720896 0.963844 0.714858 0.967863 0.713216 0.963844 0.714858 0.963771 0.710249 0.967834 0.719128 0.967797 0.720943 0.963844 0.714858 0.967858 0.717251 0.963844 0.714858 0.967863 0.713216 0.967834 0.719128 0.963844 0.714858 0.967858 0.717251 0.807513 0.555913 0.811537 0.5559 0.812429 0.60214 0.238433 0.811455 0.238433 0.806272 0.240846 0.809494 0.808404 0.60208 0.812429 0.60214 0.812734 0.651219 0.808404 0.60208 0.807513 0.555913 0.812429 0.60214 0.808709 0.651232 0.812734 0.651219 0.812429 0.699225 0.808709 0.651232 0.808404 0.60208 0.812734 0.651219 0.808404 0.699308 0.812429 0.699225 0.811537 0.742324 0.808404 0.699308 0.808709 0.651232 0.812429 0.699225 0.864987 0.74223 0.860973 0.742104 0.860883 0.738651 0.808404 0.699308 0.811537 0.742324 0.807513 0.742338 0.403734 0.817601 0.401869 0.817806 0.397764 0.816759 0.864897 0.738778 0.860883 0.738651 0.860973 0.734442 0.40551 0.816998 0.403734 0.817601 0.397764 0.816759 0.864987 0.74223 0.860883 0.738651 0.864897 0.738778 0.711145 0.332945 0.711145 0.32893 0.712973 0.328964 0.864897 0.738778 0.860973 0.734442 0.864987 0.734569 0.712973 0.33298 0.712973 0.328964 0.714665 0.32903 0.712973 0.33298 0.711145 0.332945 0.712973 0.328964 0.712973 0.33298 0.714665 0.32903 0.714665 0.333045 0.707133 0.333122 0.707133 0.329043 0.708063 0.329364 0.708057 0.33118 0.707133 0.333122 0.708063 0.329364 0.7733 0.332562 0.7733 0.328996 0.774178 0.328949 0.261621 0.805839 0.261621 0.811347 0.260774 0.811111 0.238433 0.783035 0.236263 0.782814 0.236398 0.777369 0.788573 0.33228 0.788573 0.328949 0.789817 0.329053 0.261621 0.811279 0.261621 0.805839 0.262806 0.806229 0.789817 0.332383 0.788573 0.33228 0.789817 0.329053 0.705882 0.331005 0.70589 0.32893 0.707133 0.329043 0.707133 0.333122 0.70589 0.33315 0.707133 0.329043 0.705882 0.331005 0.707133 0.329043 0.70589 0.33315 0.258997 0.81147 0.258051 0.811395 0.258997 0.805839 0.777855 0.328968 0.776907 0.330824 0.776907 0.328949 0.953519 0.623728 0.956873 0.62833 0.95785 0.633881 0.816164 0.739283 0.817346 0.734626 0.817346 0.73962 0.828909 0.542168 0.82676 0.555735 0.82676 0.536904 0.953519 0.623728 0.95785 0.633881 0.953519 0.647445 0.503705 0.930439 0.506781 0.935092 0.503705 0.954636 0.23834 0.788398 0.236165 0.788445 0.236263 0.782814 0.238433 0.808386 0.236165 0.788445 0.23834 0.788398 0.23834 0.788398 0.236263 0.782814 0.238433 0.783035 0.613136 0.967305 0.613176 0.960448 0.617161 0.967305 0.723609 0.32893 0.725087 0.328965 0.725087 0.33299 0.723609 0.332954 0.723609 0.32893 0.725087 0.33299 0.777855 0.328968 0.776907 0.332519 0.776907 0.330824 0.474889 0.813575 0.474839 0.812365 0.480395 0.8165 0.454204 0.768852 0.454648 0.76818 0.474839 0.812365 0.474889 0.813575 0.454204 0.768852 0.474839 0.812365 0.485767 0.816682 0.480395 0.8165 0.487305 0.815966 0.479747 0.817157 0.474889 0.813575 0.480395 0.8165 0.485767 0.816682 0.479747 0.817157 0.480395 0.8165 0.454204 0.671644 0.474839 0.628124 0.454648 0.672316 0.474889 0.626914 0.478411 0.624807 0.474839 0.628124 0.454204 0.671644 0.474889 0.626914 0.474839 0.628124 0.454204 0.671644 0.454648 0.672316 0.447758 0.720249 0.447142 0.720249 0.447758 0.720249 0.454648 0.76818 0.447142 0.720249 0.454204 0.671644 0.447758 0.720249 0.454204 0.768852 0.447142 0.720249 0.454648 0.76818 0.479747 0.623331 0.483137 0.623598 0.478411 0.624807 0.485767 0.623805 0.485271 0.623832 0.483137 0.623598 0.483137 0.623598 0.479747 0.623331 0.483137 0.623598 0.474889 0.626914 0.479747 0.623331 0.478411 0.624807 0.485767 0.623805 0.487305 0.62452 0.485271 0.623832 0.729741 0.332955 0.728159 0.328954 0.729741 0.32893 0.729741 0.332955 0.728159 0.332979 0.728159 0.328954 0.963962 0.129137 0.967987 0.129079 0.968027 0.131717 0.964053 0.135175 0.968077 0.1351169 0.967987 0.139724 0.964053 0.135175 0.963962 0.129137 0.968077 0.1351169 0.649462 0.809887 0.645436 0.809878 0.646108 0.763797 0.964053 0.135175 0.967987 0.139724 0.963962 0.139783 0.650134 0.76388 0.646108 0.763797 0.646338 0.714751 0.650134 0.76388 0.649462 0.809887 0.646108 0.763797 0.650364 0.714759 0.646338 0.714751 0.646108 0.666648 0.650134 0.76388 0.646338 0.714751 0.650364 0.714759 0.650134 0.666585 0.646108 0.666648 0.645436 0.623331 0.650134 0.666585 0.650364 0.714759 0.646108 0.666648 0.2248629 0.965394 0.220838 0.965359 0.220746 0.960241 0.649462 0.62334 0.650134 0.666585 0.645436 0.623331 0.22477 0.960277 0.220746 0.960241 0.220838 0.954275 0.22477 0.960277 0.2248629 0.965394 0.220746 0.960241 0.22477 0.960277 0.220838 0.954275 0.2248629 0.95431 0.776907 0.328974 0.776051 0.332519 0.776051 0.330644 0.776907 0.328974 0.776051 0.330644 0.776051 0.328949 0.93887 0.624595 0.941227 0.643803 0.93887 0.648921 0.776907 0.332544 0.776051 0.332519 0.776907 0.328974 0.917476 0.451478 0.917476 0.427445 0.918315 0.42784 0.93887 0.624595 0.942421 0.638294 0.941227 0.643803 0.824157 0.542197 0.826306 0.537274 0.826306 0.555031 0.259851 0.805839 0.260774 0.805844 0.259851 0.811396 0.772378 0.332562 0.7733 0.330643 0.7733 0.332515 0.2489939 0.801361 0.246818 0.801687 0.246839 0.796138 0.249013 0.806318 0.247771 0.806466 0.246818 0.801687 0.2489939 0.801361 0.249013 0.806318 0.246818 0.801687 0.249013 0.796076 0.246839 0.796138 0.247223 0.777369 0.249013 0.796076 0.2489939 0.801361 0.246839 0.796138 0.55115 0.958375 0.55115 0.934686 0.554323 0.953658 0.772378 0.332562 0.7733 0.328949 0.7733 0.330643 0.79434 0.554087 0.79434 0.551868 0.795111 0.553578 0.772378 0.332562 0.772378 0.328996 0.7733 0.328949 0.715582 0.329082 0.714665 0.333096 0.714665 0.331246 0.217503 0.808267 0.219676 0.808768 0.219676 0.812942 0.715596 0.333041 0.714665 0.333096 0.715582 0.329082 0.217503 0.808267 0.219676 0.812942 0.218746 0.813007 0.701139 0.32893 0.701928 0.329266 0.701139 0.333432 0.365657 0.580267 0.366502 0.629659 0.365657 0.629805 0.363502 0.411264 0.364586 0.368031 0.36559 0.410839 0.217579 0.80449 0.218819 0.804747 0.219676 0.808768 0.217503 0.808267 0.217579 0.80449 0.219676 0.808768 0.715596 0.333041 0.716839 0.330912 0.716839 0.333026 0.217503 0.808267 0.218746 0.813007 0.217503 0.813037 0.715596 0.333041 0.716824 0.32893 0.716839 0.330912 0.715596 0.333041 0.715582 0.329082 0.716824 0.32893 0.792732 0.328949 0.792732 0.332078 0.791488 0.332215 0.792732 0.328949 0.791488 0.332215 0.791488 0.329086 0.814325 0.258134 0.815541 0.301465 0.814325 0.30169 0.3665 0.629805 0.3665 0.67922 0.365657 0.679051 0.230634 0.813277 0.230518 0.808508 0.231378 0.808508 0.820291 0.739311 0.818931 0.737394 0.820291 0.734626 0.362937 0.508552 0.36559 0.555178 0.364371 0.555013 0.74078 0.332853 0.74078 0.32893 0.741869 0.329502 0.362937 0.508552 0.365021 0.508831 0.36559 0.555178 0.362937 0.459431 0.365021 0.459354 0.365021 0.508831 0.362937 0.508552 0.362937 0.459431 0.365021 0.508831 0.363502 0.411264 0.36559 0.410839 0.365021 0.459354 0.362937 0.459431 0.363502 0.411264 0.365021 0.459354 0.215475 0.808739 0.217503 0.808563 0.217428 0.812519 0.215451 0.806592 0.217482 0.806684 0.217503 0.808563 0.215475 0.808739 0.215451 0.806592 0.217503 0.808563 0.21539 0.81326 0.215475 0.808739 0.217428 0.812519 0.79434 0.554087 0.793566 0.553577 0.79434 0.551868 0.21539 0.80449 0.216594 0.804577 0.217482 0.806684 0.215451 0.806592 0.21539 0.80449 0.217482 0.806684 0.780035 0.332347 0.780035 0.328949 0.781236 0.329082 0.781236 0.33248 0.780035 0.332347 0.781236 0.329082 0.787992 0.883725 0.787992 0.872958 0.789195 0.87307 0.789242 0.878326 0.787992 0.883725 0.789195 0.87307 0.789242 0.878326 0.789195 0.883694 0.787992 0.883725 0.365657 0.818549 0.366855 0.83771 0.365657 0.83782 0.791488 0.328949 0.791488 0.332078 0.790272 0.332264 0.790272 0.329136 0.791488 0.328949 0.790272 0.332264 0.777856 0.32897 0.778709 0.328949 0.777856 0.33254 0.95499 0.326586 0.952994 0.320335 0.953867 0.319907 0.95499 0.326586 0.952907 0.326309 0.952994 0.320335 0.95499 0.326586 0.953867 0.319907 0.955089 0.319758 0.75469 0.591746 0.753935 0.591299 0.75469 0.585311 0.366531 0.580267 0.365657 0.53077 0.366531 0.530694 0.651407 0.665188 0.653491 0.623331 0.653445 0.664695 0.955089 0.332402 0.953867 0.332128 0.952907 0.326309 0.95499 0.326586 0.955089 0.332402 0.952907 0.326309 0.806057 0.775259 0.807254 0.817197 0.806057 0.81747 0.65248 0.76217 0.650449 0.761967 0.650364 0.71271 0.652394 0.712559 0.65248 0.76217 0.650364 0.71271 0.651407 0.665188 0.652394 0.712559 0.650364 0.71271 0.362656 0.727889 0.361742 0.727698 0.362656 0.678501 0.653694 0.809429 0.652489 0.809284 0.650449 0.761967 0.65248 0.76217 0.653694 0.809429 0.650449 0.761967 0.210936 0.812429 0.210034 0.805838 0.210936 0.805597 0.271045 0.955952 0.268961 0.95638 0.269131 0.95181 0.240846 0.806272 0.242059 0.811164 0.240846 0.811499 0.651407 0.665188 0.653445 0.664695 0.652394 0.712559 0.208109 0.812011 0.207266 0.811579 0.208109 0.805599 0.271045 0.962855 0.269827 0.962738 0.268961 0.95638 0.271045 0.955952 0.271045 0.962855 0.268961 0.95638 0.785142 0.332292 0.785142 0.328949 0.786358 0.329085 0.786358 0.332428 0.785142 0.332292 0.786358 0.329085 0.951604 0.552064 0.95244 0.528458 0.953645 0.528672 0.807308 0.874483 0.807308 0.88468 0.806107 0.884755 0.807308 0.874483 0.806107 0.884755 0.806057 0.879529 0.807308 0.874483 0.806057 0.879529 0.806107 0.874692 0.792856 0.551868 0.792856 0.554899 0.79166 0.555134 0.79166 0.552103 0.792856 0.551868 0.79166 0.555134 0.772378 0.332564 0.771495 0.332515 0.772378 0.328998 0.950622 0.32169 0.948669 0.320386 0.949513 0.319918 0.950622 0.32169 0.948582 0.322077 0.948669 0.320386 0.950622 0.32169 0.949513 0.319918 0.950722 0.319758 0.950557 0.323779 0.948525 0.323905 0.948582 0.322077 0.950545 0.328591 0.948514 0.328115 0.948525 0.323905 0.950557 0.323779 0.950545 0.328591 0.948525 0.323905 0.950622 0.32169 0.950557 0.323779 0.948582 0.322077 0.701139 0.333517 0.700298 0.333085 0.701139 0.32893 0.950722 0.332534 0.949513 0.332266 0.948514 0.328115 0.950545 0.328591 0.950722 0.332534 0.948514 0.328115 0.366531 0.530694 0.36559 0.481207 0.366531 0.481103 0.365626 0.597766 0.363541 0.598202 0.364699 0.555178 0.365657 0.775202 0.366872 0.818319 0.365657 0.818549 0.365657 0.67922 0.366592 0.679345 0.365657 0.72859 0.234915 0.808509 0.23584 0.813045 0.234915 0.813233 0.233553 0.811303 0.234915 0.808509 0.234915 0.813213 0.365017 0.695695 0.362937 0.695427 0.362937 0.646275 0.365626 0.742197 0.364407 0.742035 0.362937 0.695427 0.365017 0.695695 0.365626 0.742197 0.362937 0.695427 0.365017 0.646187 0.362937 0.646275 0.363541 0.598202 0.365017 0.646187 0.365017 0.695695 0.362937 0.646275 0.365626 0.597766 0.365017 0.646187 0.363541 0.598202 0.737142 0.332881 0.737142 0.328929 0.738232 0.329498 0.231378 0.809144 0.233553 0.808509 0.233553 0.813119 0.2323099 0.813128 0.231378 0.809144 0.233553 0.813119 0.2323099 0.813128 0.231378 0.813179 0.231378 0.809144 0.708057 0.33118 0.708063 0.333057 0.707133 0.333122 0.79166 0.551868 0.790445 0.555173 0.790445 0.552059 0.79166 0.554981 0.790445 0.555173 0.79166 0.551868 0.951686 0.319909 0.952907 0.319758 0.952801 0.326577 0.950722 0.32631 0.952801 0.326577 0.952907 0.332426 0.950815 0.320344 0.951686 0.319909 0.952801 0.326577 0.950722 0.32631 0.950815 0.320344 0.952801 0.326577 0.814325 0.214749 0.815569 0.214573 0.815569 0.258134 0.950722 0.32631 0.952907 0.332426 0.951686 0.332153 0.367194 0.861367 0.373219 0.897053 0.373108 0.909962 0.787992 0.814175 0.788599 0.788371 0.789233 0.801264 0.366948 0.909888 0.367194 0.861367 0.373108 0.909962 0.762007 0.315943 0.768275 0.328884 0.762114 0.328929 0.787992 0.814175 0.787992 0.775398 0.788599 0.788371 0.367194 0.861367 0.373298 0.884263 0.373219 0.897053 0.946196 0.332682 0.946196 0.319758 0.948514 0.332528 0.367194 0.861367 0.374776 0.880821 0.373298 0.884263 0.820291 0.734626 0.822098 0.736087 0.820291 0.739234 0.367194 0.861367 0.378247 0.879457 0.374776 0.880821 0.812734 0.734877 0.816164 0.738081 0.812734 0.739545 0.812836 0.734626 0.816164 0.738081 0.812734 0.734877 0.815637 0.73468 0.816164 0.738081 0.812836 0.734626 0.200081 0.808897 0.201246 0.805606 0.201246 0.811975 0.26856 0.820688 0.270737 0.820285 0.27049 0.868806 0.268315 0.777438 0.270737 0.820285 0.26856 0.820688 0.361742 0.678501 0.361742 0.629058 0.362656 0.678331 0.761932 0.30297 0.768038 0.27941 0.768275 0.328884 0.364416 0.837982 0.363174 0.838013 0.362937 0.788539 0.762007 0.315943 0.761932 0.30297 0.768275 0.328884 0.26856 0.820688 0.27049 0.868806 0.269247 0.868813 0.365112 0.788794 0.362937 0.788539 0.363174 0.742197 0.760474 0.299464 0.756983 0.298031 0.768038 0.27941 0.761932 0.30297 0.760474 0.299464 0.768038 0.27941 0.365347 0.837915 0.364416 0.837982 0.362937 0.788539 0.365112 0.788794 0.365347 0.837915 0.362937 0.788539 0.365112 0.788794 0.363174 0.742197 0.364416 0.74235 0.249013 0.805968 0.250228 0.810904 0.249013 0.811234 0.784021 0.332378 0.781236 0.332378 0.781298 0.328949 0.24564 0.811086 0.242059 0.807534 0.24564 0.806272 0.2423599 0.811123 0.242059 0.807534 0.245525 0.811304 0.24564 0.811086 0.245525 0.811304 0.242059 0.807534 0.366473 0.429384 0.366473 0.481103 0.36559 0.468146 0.202975 0.808427 0.202083 0.81129 0.202083 0.805606 0.919052 0.09046995 0.921364 0.09015595 0.921364 0.141898 0.365112 0.788794 0.364416 0.74235 0.365347 0.742783 0.210936 0.805598 0.211749 0.812031 0.210936 0.812346 0.806941 0.953809 0.804854 0.954228 0.805012 0.949622 0.26856 0.820688 0.269247 0.868813 0.268315 0.868862 0.201246 0.811988 0.201246 0.805606 0.202083 0.80601 0.777855 0.328968 0.777855 0.332538 0.776907 0.332519 0.805725 0.960592 0.804857 0.960267 0.804854 0.954228 0.806944 0.960711 0.805725 0.960592 0.804854 0.954228 0.806941 0.953809 0.806944 0.960711 0.804854 0.954228 0.786836 0.33228 0.786836 0.328949 0.788054 0.329087 0.788054 0.332418 0.786836 0.33228 0.788054 0.329087 0.917476 0.451478 0.918315 0.42784 0.91952 0.428058 0.27903 0.9568 0.279283 0.958553 0.271478 0.931636 0.279413 0.966221 0.271478 0.931636 0.279283 0.958553 0.278945 0.955029 0.27903 0.9568 0.271478 0.931636 0.284419 0.941879 0.278945 0.955029 0.271478 0.931636 0.297469 0.936508 0.284419 0.941879 0.271478 0.931636 0.323311 0.931523 0.297469 0.936508 0.271478 0.931636 0.271582 0.931413 0.323311 0.931523 0.271478 0.931636 0.256212 0.813225 0.254486 0.805839 0.25625 0.805845 0.175204 0.789689 0.169849 0.806532 0.1622 0.806148 0.1567299 0.789381 0.1622 0.806148 0.161924 0.813516 0.256212 0.813225 0.254384 0.813218 0.254486 0.805839 0.1567299 0.789381 0.175204 0.789689 0.1622 0.806148 0.256212 0.813225 0.25625 0.805845 0.258024 0.805839 0.78803 0.966396 0.781709 0.962587 0.78803 0.951318 0.258051 0.813219 0.256212 0.813225 0.258024 0.805839 0.854354 0.722971 0.854676 0.708352 0.860883 0.719493 0.866779 0.708352 0.866778 0.734442 0.860883 0.72143 0.323311 0.931523 0.315844 0.954949 0.297469 0.936508 0.908398 0.441258 0.914008 0.427445 0.914008 0.453274 0.860883 0.734629 0.854354 0.722971 0.860883 0.719493 0.206705 0.805616 0.206705 0.812991 0.204932 0.81299 0.957851 0.634988 0.964154 0.623728 0.964154 0.638817 0.204866 0.805615 0.206705 0.805616 0.204932 0.81299 0.271582 0.931413 0.323209 0.931303 0.323311 0.931523 0.36692 0.518283 0.366706 0.515193 0.36692 0.515079 0.271829 0.931308 0.32296 0.931197 0.323209 0.931303 0.271582 0.931413 0.271829 0.931308 0.323209 0.931303 0.271829 0.931308 0.297396 0.929911 0.32296 0.931197 0.3669 0.429384 0.3669 0.48087 0.366473 0.455217 0.921364 0.09015595 0.924165 0.141529 0.921364 0.141573 0.903031 0.708352 0.903031 0.734173 0.900249 0.70872 0.366674 0.518283 0.36692 0.521079 0.366674 0.521186 0.175204 0.789689 0.176666 0.806638 0.169849 0.806532 0.804854 0.93872 0.807302 0.935017 0.807175 0.942742 0.804854 0.93872 0.807175 0.942742 0.807302 0.949622 0.176666 0.715887 0.175204 0.789689 0.1567299 0.789381 0.158193 0.715579 0.176666 0.715887 0.1567299 0.789381 0.168987 0.642199 0.176666 0.715887 0.158193 0.715579 0.270737 0.82396 0.271372 0.82369 0.271372 0.832583 0.789053 0.888559 0.787992 0.893314 0.787992 0.883725 0.25084 0.806201 0.250228 0.810964 0.250228 0.805968 0.751872 0.886001 0.752934 0.881241 0.752934 0.890829 0.362376 0.755008 0.362376 0.745587 0.362843 0.754571 0.879692 0.733881 0.878869 0.741495 0.878869 0.733436 0.237749 0.812773 0.236914 0.813237 0.236914 0.808386 0.814985 0.31053 0.814325 0.310766 0.814325 0.30169 0.24564 0.811263 0.24564 0.806272 0.246251 0.806503 0.253889 0.805176 0.253 0.812942 0.253 0.804632 0.362851 0.773805 0.362851 0.783153 0.362376 0.774271 0.236914 0.813281 0.236165 0.808878 0.236914 0.808386 0.5602 0.957533 0.564374 0.959256 0.564374 0.967508 0.2383289 0.808386 0.2383289 0.813191 0.237749 0.812864 0.556078 0.95925 0.564374 0.967508 0.560251 0.969225 0.556078 0.95925 0.5602 0.957533 0.564374 0.967508 0.362376 0.783153 0.362927 0.783478 0.362376 0.787959 0.556078 0.95925 0.560251 0.969225 0.556078 0.967502 0.814985 0.301942 0.81563 0.30169 0.81563 0.310765 0.527065 0.879734 0.526001 0.884491 0.526001 0.874903 0.21539 0.80575 0.214763 0.810513 0.214763 0.805508 0.526001 0.889249 0.527059 0.884491 0.527059 0.89408 0.36283 0.764415 0.36283 0.773805 0.362376 0.764874 0.265401 0.805211 0.264555 0.812982 0.264555 0.804701 0.818159 0.734626 0.818931 0.739023 0.818159 0.739446 0.641187 0.810138 0.641831 0.809884 0.641831 0.818931 0.248001 0.811416 0.248001 0.806466 0.248605 0.806679 0.362863 0.763968 0.362376 0.764415 0.362376 0.755008 0.641137 0.869323 0.640292 0.87707 0.640292 0.868821 0.818159 0.739542 0.817346 0.735153 0.818159 0.734626 0.219676 0.809303 0.219676 0.80449 0.220244 0.804831 0.568636 0.96745 0.564469 0.96573 0.564469 0.957466 0.572753 0.965724 0.564469 0.957466 0.568586 0.955741 0.568636 0.96745 0.564469 0.957466 0.572753 0.965724 0.251406 0.81075 0.25084 0.81044 0.251406 0.805968 0.572753 0.965724 0.568586 0.955741 0.572753 0.95746 0.528909 0.933228 0.621003 0.934686 0.576696 0.934679 0.528909 0.933228 0.624484 0.933242 0.621003 0.934686 0.528909 0.933228 0.576696 0.934679 0.53239 0.934673 0.527467 0.929741 0.625926 0.929756 0.624484 0.933242 0.527467 0.873035 0.625926 0.87305 0.625926 0.929756 0.527467 0.929741 0.527467 0.873035 0.625926 0.929756 0.528909 0.933228 0.527467 0.929741 0.624484 0.933242 0.925776 0.536563 0.922933 0.535371 0.930316 0.528071 0.925776 0.536563 0.922933 0.545828 0.922933 0.535371 0.931542 0.530898 0.930316 0.528071 0.940625 0.528107 0.931542 0.530898 0.925776 0.536563 0.930316 0.528071 0.939523 0.530981 0.940625 0.528107 0.947946 0.535398 0.939523 0.530981 0.931542 0.530898 0.940625 0.528107 0.945104 0.544663 0.947946 0.535398 0.947946 0.545854 0.945104 0.544663 0.939523 0.530981 0.947946 0.535398 0.945104 0.544663 0.947946 0.545854 0.930255 0.553118 0.931395 0.55026 0.930255 0.553118 0.922933 0.545828 0.931395 0.55026 0.945104 0.544663 0.930255 0.553118 0.931395 0.55026 0.922933 0.545828 0.925776 0.536563 0.873032 0.716844 0.87019 0.715653 0.877572 0.708352 0.873032 0.716844 0.87019 0.726109 0.87019 0.715653 0.878798 0.71118 0.877572 0.708352 0.887881 0.708389 0.878798 0.71118 0.873032 0.716844 0.877572 0.708352 0.886779 0.711263 0.887881 0.708389 0.895202 0.715679 0.886779 0.711263 0.878798 0.71118 0.887881 0.708389 0.89236 0.724944 0.895202 0.715679 0.895202 0.726135 0.89236 0.724944 0.886779 0.711263 0.895202 0.715679 0.89236 0.724944 0.895202 0.726135 0.88782 0.733436 0.88656 0.730622 0.88782 0.733436 0.877511 0.7334 0.88656 0.730622 0.89236 0.724944 0.88782 0.733436 0.87859 0.730516 0.877511 0.7334 0.87019 0.726109 0.87859 0.730516 0.88656 0.730622 0.877511 0.7334 0.87859 0.730516 0.87019 0.726109 0.873032 0.716844 0.491472 0.623599 0.494862 0.623331 0.491472 0.623599 0.608962 0.957237 0.609 0.954626 0.612938 0.960636 0.968027 0.131717 0.968077 0.1351169 0.963962 0.129137 0.483137 0.623598 0.485767 0.623805 0.483137 0.623598</float_array>
          <technique_common>
            <accessor source="#_-mesh-map-0-array" count="7050" stride="2">
              <param name="S" type="float"/>
              <param name="T" type="float"/>
            </accessor>
          </technique_common>
        </source>
        <vertices id="_-mesh-vertices">
          <input semantic="POSITION" source="#_-mesh-positions"/>
        </vertices>
        <triangles material="default_011-material" count="2350">
          <input semantic="VERTEX" source="#_-mesh-vertices" offset="0"/>
          <input semantic="NORMAL" source="#_-mesh-normals" offset="1"/>
          <input semantic="TEXCOORD" source="#_-mesh-map-0" offset="2" set="0"/>
          <p>18 0 0 3 0 1 0 0 2 65 1 3 2 2 4 4 3 5 62 4 6 19 5 7 1 6 8 64 7 9 62 8 10 1 9 11 17 0 12 5 0 13 3 0 14 38 0 15 3 0 16 5 0 17 18 0 18 17 0 19 3 0 20 67 10 21 4 11 22 39 12 23 67 13 24 65 14 25 4 15 26 16 0 27 6 0 28 5 0 29 42 0 30 5 0 31 6 0 32 17 0 33 16 0 34 5 0 35 40 0 36 38 0 37 5 0 38 42 16 39 40 16 40 5 16 41 15 0 42 7 0 43 6 0 44 42 17 45 6 17 46 7 17 47 16 0 48 15 0 49 6 0 50 15 0 51 8 0 52 7 0 53 44 0 54 7 0 55 8 0 56 44 18 57 42 18 58 7 18 59 13 0 60 10 0 61 8 0 62 80 19 63 9 20 64 12 21 65 15 22 66 13 22 67 8 22 68 44 23 69 8 23 70 36 23 71 78 24 72 37 25 73 9 26 74 80 27 75 78 28 76 9 29 77 46 30 78 11 31 79 14 32 80 80 33 81 12 34 82 47 35 83 22 0 84 13 0 85 15 0 86 49 36 87 14 37 88 23 38 89 49 39 90 46 40 91 14 41 92 26 0 93 15 0 94 16 0 95 24 0 96 22 0 97 15 0 98 26 42 99 24 42 100 15 42 101 27 43 102 16 43 103 17 43 104 27 44 105 26 44 106 16 44 107 28 45 108 17 45 109 18 45 110 28 0 111 27 0 112 17 0 113 28 0 114 18 0 115 20 0 116 62 46 117 21 47 118 19 48 119 60 49 120 29 50 121 21 51 122 62 52 123 60 53 124 21 54 125 49 55 126 23 56 127 25 57 128 32 0 129 24 0 130 26 0 131 51 58 132 25 59 133 33 60 134 51 61 135 49 62 136 25 63 137 34 0 138 26 0 139 27 0 140 34 64 141 32 64 142 26 64 143 30 0 144 27 0 145 28 0 146 34 65 147 27 65 148 30 65 149 60 66 150 31 67 151 29 68 152 55 69 153 35 70 154 31 71 155 58 72 156 55 73 157 31 74 158 60 75 159 58 76 160 31 77 161 53 78 162 33 79 163 35 80 164 53 81 165 51 82 166 33 83 167 55 84 168 53 85 169 35 86 170 78 87 171 45 88 172 37 89 173 69 90 174 39 91 175 41 92 176 69 93 177 67 94 178 39 95 179 71 96 180 41 97 181 43 98 182 71 99 183 69 100 184 41 101 185 73 102 186 43 103 187 45 104 188 73 105 189 71 106 190 43 107 191 76 108 192 73 109 193 45 110 194 78 111 195 76 112 196 45 113 197 122 114 198 48 115 199 50 116 200 120 117 201 81 118 202 48 119 203 122 120 204 120 121 205 48 122 206 124 123 207 50 124 208 52 125 209 124 126 210 122 127 211 50 128 212 126 129 213 52 130 214 54 131 215 126 132 216 124 133 217 52 134 218 130 135 219 54 136 220 57 137 221 128 138 222 126 139 223 54 140 224 130 141 225 128 142 226 54 143 227 82 144 228 56 145 229 59 146 230 130 147 231 57 148 232 83 149 233 89 150 234 59 151 235 61 152 236 85 153 237 82 154 238 59 155 239 87 156 240 85 157 241 59 158 242 89 159 243 87 160 244 59 161 245 93 162 246 61 163 247 63 164 248 91 165 249 89 166 250 61 167 251 93 168 252 91 169 253 61 170 254 95 171 255 63 172 256 66 173 257 95 174 258 93 175 259 63 176 260 97 177 261 66 178 262 68 179 263 97 180 264 95 181 265 66 182 266 99 183 267 68 184 268 70 185 269 99 186 270 97 187 271 68 188 272 101 189 273 70 190 274 72 191 275 101 192 276 99 193 277 70 194 278 105 195 279 72 196 280 74 197 281 103 198 282 101 199 283 72 200 284 105 201 285 103 202 286 72 203 287 110 204 288 75 205 289 77 206 290 107 207 291 105 208 292 74 209 293 109 210 294 107 211 295 74 212 296 114 213 297 77 214 298 79 215 299 112 216 300 110 217 301 77 218 302 114 219 303 112 220 304 77 221 305 118 222 306 79 223 307 81 224 308 116 225 309 114 226 310 79 227 311 118 228 312 116 229 313 79 230 314 120 231 315 118 232 316 81 233 317 163 0 318 84 0 319 86 0 320 170 0 321 131 0 322 84 0 323 170 234 324 84 234 325 163 234 326 161 0 327 86 0 328 88 0 329 163 0 330 86 0 331 161 0 332 147 235 333 88 235 334 90 235 335 161 236 336 88 236 337 147 236 338 149 0 339 90 0 340 92 0 341 149 237 342 147 237 343 90 237 344 151 238 345 92 238 346 94 238 347 151 239 348 149 239 349 92 239 350 153 240 351 94 240 352 96 240 353 153 241 354 151 241 355 94 241 356 155 0 357 96 0 358 98 0 359 155 0 360 153 0 361 96 0 362 157 0 363 98 0 364 100 0 365 157 0 366 155 0 367 98 0 368 159 0 369 100 0 370 102 0 371 159 0 372 157 0 373 100 0 374 145 0 375 102 0 376 104 0 377 159 242 378 102 242 379 145 242 380 143 243 381 104 243 382 106 243 383 145 244 384 104 244 385 143 244 386 141 245 387 106 245 388 108 245 389 143 246 390 106 246 391 141 246 392 139 0 393 108 0 394 111 0 395 141 247 396 108 247 397 139 247 398 135 0 399 111 0 400 113 0 401 135 0 402 132 0 403 111 0 404 139 0 405 111 0 406 132 0 407 137 248 408 113 248 409 115 248 410 137 249 411 135 249 412 113 249 413 174 0 414 115 0 415 117 0 416 174 250 417 137 250 418 115 250 419 176 251 420 117 251 421 119 251 422 176 252 423 174 252 424 117 252 425 178 253 426 119 253 427 121 253 428 178 254 429 176 254 430 119 254 431 180 0 432 121 0 433 123 0 434 180 0 435 178 0 436 121 0 437 182 0 438 123 0 439 125 0 440 182 0 441 180 0 442 123 0 443 184 0 444 125 0 445 127 0 446 184 0 447 182 0 448 125 0 449 172 0 450 127 0 451 129 0 452 184 255 453 127 255 454 172 255 455 168 256 456 129 256 457 131 256 458 172 257 459 129 257 460 168 257 461 170 0 462 168 0 463 131 0 464 207 258 465 134 259 466 136 260 467 204 261 468 140 262 469 133 263 470 206 264 471 204 265 472 133 266 473 210 267 474 136 268 475 138 269 476 210 270 477 207 271 478 136 272 479 212 273 480 138 274 481 175 275 482 212 276 483 210 277 484 138 278 485 204 279 486 142 280 487 140 281 488 202 282 489 144 283 490 142 284 491 204 285 492 202 286 493 142 287 494 202 288 495 146 289 496 144 290 497 200 291 498 160 292 499 146 293 500 202 294 501 200 295 502 146 296 503 192 297 504 148 298 505 150 299 506 190 300 507 162 301 508 148 302 509 192 303 510 190 304 511 148 305 512 194 306 513 150 307 514 152 308 515 194 309 516 192 310 517 150 311 518 194 312 519 152 313 520 154 314 521 196 315 522 154 316 523 156 317 524 196 318 525 194 319 526 154 320 527 198 321 528 156 322 529 158 323 530 198 324 531 196 325 532 156 326 533 198 327 534 158 328 535 160 329 536 200 330 537 198 331 538 160 332 539 190 333 540 164 334 541 162 335 542 170 336 543 163 336 544 165 336 545 186 337 546 166 338 547 164 339 548 190 340 549 186 341 550 164 342 551 224 343 552 171 344 553 167 345 554 224 346 555 167 347 556 187 348 557 222 349 558 169 350 559 171 351 560 222 352 561 173 353 562 169 354 563 224 355 564 222 356 565 171 357 566 220 358 567 185 359 568 173 360 569 222 361 570 220 362 571 173 363 572 214 364 573 175 365 574 177 366 575 214 367 576 212 368 577 175 369 578 214 370 579 177 371 580 179 372 581 216 373 582 179 374 583 181 375 584 216 376 585 214 377 586 179 378 587 218 379 588 181 380 589 183 381 590 218 382 591 216 383 592 181 384 593 218 385 594 183 386 595 185 387 596 220 388 597 218 389 598 185 390 599 231 391 600 189 392 601 191 393 602 252 394 603 225 395 604 188 396 605 252 397 606 188 398 607 230 399 608 358 400 609 191 401 610 193 402 611 231 403 612 191 404 613 229 405 614 358 406 615 229 407 616 191 408 617 356 409 618 193 410 619 195 411 620 358 412 621 193 413 622 356 414 623 354 415 624 195 416 625 197 417 626 356 418 627 195 419 628 354 420 629 352 421 630 197 422 631 199 423 632 354 424 633 197 425 634 352 426 635 350 427 636 199 428 637 201 429 638 352 430 639 199 431 640 350 432 641 348 433 642 201 434 643 203 435 644 350 436 645 201 437 646 348 438 647 346 439 648 203 440 649 205 441 650 348 442 651 203 443 652 346 444 653 344 445 654 205 446 655 209 447 656 346 448 657 205 449 658 344 450 659 232 451 660 208 452 661 211 453 662 344 454 663 209 455 664 233 456 665 238 457 666 211 458 667 213 459 668 234 460 669 232 461 670 211 462 671 238 463 672 234 464 673 211 465 674 240 466 675 213 467 676 215 468 677 240 469 678 238 470 679 213 471 680 242 472 681 215 473 682 217 474 683 242 475 684 240 476 685 215 477 686 244 478 687 217 479 688 219 480 689 244 481 690 242 482 691 217 483 692 246 484 693 219 485 694 221 486 695 246 487 696 244 488 697 219 489 698 248 490 699 221 491 700 223 492 701 248 493 702 246 494 703 221 495 704 250 496 705 223 497 706 225 498 707 250 499 708 248 500 709 223 501 710 252 502 711 250 503 712 225 504 713 252 505 714 230 506 715 226 507 716 338 508 717 253 509 718 227 510 719 340 511 720 338 512 721 227 513 722 357 514 723 341 515 724 228 516 725 344 517 726 233 518 727 237 519 728 254 520 729 235 521 730 239 522 731 439 523 732 236 524 733 255 525 734 439 526 735 343 527 736 236 528 737 266 529 738 239 530 739 241 531 740 258 532 741 254 533 742 239 534 743 260 535 744 258 536 745 239 537 746 264 538 747 260 539 748 239 540 749 266 541 750 264 542 751 239 543 752 275 544 753 241 545 754 243 546 755 269 547 756 266 548 757 241 549 758 271 550 759 269 551 760 241 552 761 273 553 762 271 554 763 241 555 764 275 556 765 273 557 766 241 558 767 296 559 768 243 560 769 245 561 770 277 562 771 275 563 772 243 564 773 279 565 774 277 566 775 243 567 776 281 568 777 279 569 778 243 570 779 283 571 780 281 572 781 243 573 782 285 574 783 283 575 784 243 576 785 287 577 786 285 578 787 243 579 788 290 580 789 287 581 790 243 582 791 292 583 792 290 584 793 243 585 794 296 586 795 292 587 796 243 588 797 298 589 798 245 590 799 247 591 800 298 592 801 296 593 802 245 594 803 300 595 804 247 596 805 249 597 806 300 598 807 298 599 808 247 600 809 317 601 810 249 602 811 251 603 812 302 604 813 300 605 814 249 606 815 306 607 816 302 608 817 249 609 818 308 610 819 306 611 820 249 612 821 311 613 822 308 614 823 249 615 824 313 616 825 311 617 826 249 618 827 315 619 828 313 620 829 249 621 830 317 622 831 315 623 832 249 624 833 325 625 834 251 626 835 253 627 836 319 628 837 317 629 838 251 630 839 321 631 840 319 632 841 251 633 842 323 634 843 321 635 844 251 636 845 325 637 846 323 638 847 251 639 848 327 640 849 325 641 850 253 642 851 329 643 852 327 644 853 253 645 854 332 646 855 329 647 856 253 648 857 334 649 858 332 650 859 253 651 860 338 652 861 334 653 862 253 654 863 675 655 864 257 656 865 259 657 866 610 658 867 440 659 868 256 660 869 674 661 870 610 662 871 256 663 872 676 664 873 259 665 874 261 666 875 528 667 876 259 668 877 524 669 878 676 670 879 524 671 880 259 672 881 532 673 882 259 674 883 528 675 884 675 676 885 259 677 886 532 678 887 694 679 888 263 680 889 265 681 890 681 682 891 677 683 892 262 684 893 694 685 894 682 686 895 263 687 896 694 688 897 265 689 898 267 690 899 695 691 900 268 692 901 270 693 902 702 694 903 270 695 904 272 696 905 695 697 906 270 698 907 691 699 908 702 700 909 691 701 910 270 702 911 704 703 912 272 704 913 274 705 914 704 706 915 702 707 916 272 708 917 706 709 918 274 710 919 276 711 920 706 712 921 704 713 922 274 714 923 708 715 924 276 716 925 278 717 926 708 718 927 706 719 928 276 720 929 710 721 930 278 722 931 280 723 932 710 724 933 708 725 934 278 726 935 712 727 936 280 728 937 282 729 938 712 730 939 710 731 940 280 732 941 714 733 942 282 734 943 284 735 944 714 736 945 712 737 946 282 738 947 717 739 948 284 740 949 286 741 950 717 742 951 714 743 952 284 744 953 717 745 954 286 746 955 288 747 956 722 748 957 289 749 958 291 750 959 717 751 960 288 752 961 700 753 962 722 754 963 701 755 964 289 756 965 722 757 966 291 758 967 293 759 968 725 760 969 295 761 970 297 762 971 731 763 972 723 764 973 294 765 974 731 766 975 294 767 976 724 768 977 500 769 978 297 770 979 299 771 980 504 772 981 297 773 982 500 774 983 725 775 984 297 776 985 504 777 986 498 778 987 299 779 988 301 780 989 500 781 990 299 782 991 498 783 992 816 784 993 301 785 994 303 786 995 496 787 996 301 788 997 492 789 998 816 790 999 492 791 1000 301 792 1001 498 793 1002 301 794 1003 496 795 1004 889 796 1005 305 797 1006 307 798 1007 826 799 1008 817 800 1009 304 801 1010 889 802 1011 827 803 1012 305 804 1013 889 805 1014 307 806 1015 310 807 1016 888 808 1017 309 809 1018 312 810 1019 896 811 1020 312 812 1021 314 813 1022 890 814 1023 888 815 1024 312 816 1025 894 817 1026 890 818 1027 312 819 1028 896 820 1029 894 821 1030 312 822 1031 898 823 1032 314 824 1033 316 825 1034 898 826 1035 896 827 1036 314 828 1037 898 829 1038 316 830 1039 318 831 1040 900 832 1041 318 833 1042 320 834 1043 900 835 1044 898 836 1045 318 837 1046 904 838 1047 320 839 1048 322 840 1049 902 841 1050 900 842 1051 320 843 1052 904 844 1053 902 845 1054 320 846 1055 906 847 1056 322 848 1057 324 849 1058 906 850 1059 904 851 1060 322 852 1061 908 853 1062 324 854 1063 326 855 1064 908 856 1065 906 857 1066 324 858 1067 910 859 1068 326 860 1069 328 861 1070 910 862 1071 908 863 1072 326 864 1073 910 865 1074 328 866 1075 331 867 1076 876 868 1077 330 869 1078 333 870 1079 882 871 1080 330 872 1081 876 873 1082 910 874 1083 331 875 1084 883 876 1085 876 877 1086 333 878 1087 337 879 1088 452 880 1089 335 881 1090 339 882 1091 871 883 1092 336 884 1093 453 885 1094 875 886 1095 336 887 1096 871 888 1097 458 889 1098 339 890 1099 342 891 1100 454 892 1101 452 893 1102 339 894 1103 458 895 1104 454 896 1105 339 897 1106 359 898 1107 341 899 1108 357 900 1109 441 901 1110 342 902 1111 360 903 1112 458 904 1113 342 905 1114 441 906 1115 426 907 1116 345 908 1117 343 909 1118 428 910 1119 426 911 1120 343 912 1121 430 913 1122 428 914 1123 343 915 1124 433 916 1125 430 917 1126 343 918 1127 435 919 1128 433 920 1129 343 921 1130 439 922 1131 435 923 1132 343 924 1133 418 925 1134 347 926 1135 345 927 1136 420 928 1137 418 929 1138 345 930 1139 422 931 1140 420 932 1141 345 933 1142 424 934 1143 422 935 1144 345 936 1145 426 937 1146 424 938 1147 345 939 1148 401 940 1149 349 941 1150 347 942 1151 403 943 1152 401 944 1153 347 945 1154 407 946 1155 403 947 1156 347 948 1157 409 949 1158 407 950 1159 347 951 1160 412 952 1161 409 953 1162 347 954 1163 414 955 1164 412 956 1165 347 957 1166 416 958 1167 414 959 1168 347 960 1169 418 961 1170 416 962 1171 347 963 1172 399 964 1173 351 965 1174 349 966 1175 401 967 1176 399 968 1177 349 969 1178 397 970 1179 353 971 1180 351 972 1181 399 973 1182 397 974 1183 351 975 1184 376 976 1185 355 977 1186 353 978 1187 378 979 1188 376 980 1189 353 981 1190 380 982 1191 378 983 1192 353 984 1193 382 985 1194 380 986 1195 353 987 1196 384 988 1197 382 989 1198 353 990 1199 386 991 1200 384 992 1201 353 993 1202 388 994 1203 386 995 1204 353 996 1205 391 997 1206 388 998 1207 353 999 1208 393 1000 1209 391 1001 1210 353 1002 1211 397 1003 1212 393 1004 1213 353 1005 1214 367 1006 1215 357 1007 1216 355 1008 1217 370 1009 1218 367 1010 1219 355 1011 1220 372 1012 1221 370 1013 1222 355 1014 1223 374 1015 1224 372 1016 1225 355 1017 1226 376 1018 1227 374 1019 1228 355 1020 1229 361 1021 1230 359 1022 1231 357 1023 1232 365 1024 1233 361 1025 1234 357 1026 1235 367 1027 1236 365 1028 1237 357 1029 1238 450 1030 1239 360 1031 1240 362 1032 1241 444 1033 1242 441 1034 1243 360 1035 1244 446 1036 1245 444 1037 1246 360 1038 1247 450 1039 1248 446 1040 1249 360 1041 1250 1133 1042 1251 363 1043 1252 366 1044 1253 1157 1045 1254 451 1046 1255 364 1047 1256 1156 1048 1257 363 1049 1258 1133 1050 1259 1133 1051 1260 366 1052 1261 369 1053 1262 1132 1054 1263 368 1055 1264 371 1056 1265 1140 1057 1266 371 1058 1267 373 1059 1268 1134 1060 1269 1132 1061 1270 371 1062 1271 1138 1063 1272 1134 1064 1273 371 1065 1274 1140 1066 1275 1138 1067 1276 371 1068 1277 1142 1069 1278 373 1070 1279 375 1071 1280 1142 1072 1281 1140 1073 1282 373 1074 1283 1142 1075 1284 375 1076 1285 377 1077 1286 1144 1078 1287 377 1079 1288 379 1080 1289 1144 1081 1290 1142 1082 1291 377 1083 1292 1148 1084 1293 379 1085 1294 381 1086 1295 1146 1087 1296 1144 1088 1297 379 1089 1298 1148 1090 1299 1146 1091 1300 379 1092 1301 1150 1093 1302 381 1094 1303 383 1095 1304 1150 1096 1305 1148 1097 1306 381 1098 1307 1152 1099 1308 383 1100 1309 385 1101 1310 1152 1102 1311 1150 1103 1312 383 1104 1313 1154 1105 1314 385 1106 1315 387 1107 1316 1154 1108 1317 1152 1109 1318 385 1110 1319 1154 1111 1320 387 1112 1321 390 1113 1322 1093 1114 1323 389 1115 1324 392 1116 1325 1130 1117 1326 389 1118 1327 1093 1119 1328 1154 1120 1329 390 1121 1330 1131 1122 1331 1093 1123 1332 392 1124 1333 396 1125 1334 1090 1126 1335 394 1127 1336 398 1128 1337 1107 1129 1338 395 1130 1339 1091 1131 1340 1107 1132 1341 1092 1133 1342 395 1134 1343 642 1135 1344 398 1136 1345 400 1137 1346 644 1138 1347 398 1139 1348 642 1140 1349 1090 1141 1350 398 1142 1351 644 1143 1352 640 1144 1353 400 1145 1354 402 1146 1355 642 1147 1356 400 1148 1357 640 1149 1358 1004 1150 1359 402 1151 1360 406 1152 1361 638 1153 1362 402 1154 1363 636 1155 1364 1004 1156 1365 636 1157 1366 402 1158 1367 640 1159 1368 402 1160 1369 638 1161 1370 971 1162 1371 404 1163 1372 408 1164 1373 993 1165 1374 404 1166 1375 971 1167 1376 1003 1168 1377 405 1169 1378 994 1170 1379 971 1171 1380 408 1172 1381 411 1173 1382 970 1174 1383 410 1175 1384 413 1176 1385 976 1177 1386 413 1178 1387 415 1179 1388 972 1180 1389 970 1181 1390 413 1182 1391 976 1183 1392 972 1184 1393 413 1185 1394 978 1186 1395 415 1187 1396 417 1188 1397 978 1189 1398 976 1190 1399 415 1191 1400 981 1192 1401 417 1193 1402 419 1194 1403 981 1195 1404 978 1196 1405 417 1197 1406 983 1198 1407 419 1199 1408 421 1200 1409 983 1201 1410 981 1202 1411 419 1203 1412 985 1204 1413 421 1205 1414 423 1206 1415 985 1207 1416 983 1208 1417 421 1209 1418 987 1210 1419 423 1211 1420 425 1212 1421 987 1213 1422 985 1214 1423 423 1215 1424 989 1216 1425 425 1217 1426 427 1218 1427 989 1219 1428 987 1220 1429 425 1221 1430 991 1222 1431 427 1223 1432 429 1224 1433 991 1225 1434 989 1226 1435 427 1227 1436 991 1228 1437 429 1229 1438 432 1230 1439 953 1231 1440 431 1232 1441 434 1233 1442 964 1234 1443 431 1235 1444 953 1236 1445 991 1237 1446 432 1238 1447 965 1239 1448 953 1240 1449 434 1241 1450 438 1242 1451 672 1243 1452 436 1244 1453 440 1245 1454 962 1246 1455 437 1247 1456 673 1248 1457 962 1249 1458 952 1250 1459 437 1251 1460 612 1252 1461 440 1253 1462 610 1254 1463 672 1255 1464 440 1256 1465 612 1257 1466 471 1258 1467 443 1259 1468 445 1260 1469 460 1261 1470 459 1262 1471 442 1263 1472 463 1264 1473 460 1265 1474 442 1266 1475 465 1267 1476 463 1268 1477 442 1269 1478 468 1270 1479 465 1271 1480 442 1272 1481 470 1273 1482 468 1274 1483 442 1275 1484 585 1276 1485 445 1277 1486 447 1278 1487 665 1279 1488 471 1280 1489 445 1281 1490 574 1282 1491 571 1283 1492 445 1284 1493 670 1285 1494 445 1286 1495 571 1287 1496 577 1288 1497 574 1289 1498 445 1290 1499 582 1291 1500 577 1292 1501 445 1293 1502 585 1294 1503 582 1295 1504 445 1296 1505 667 1297 1506 665 1298 1507 445 1299 1508 670 1300 1509 667 1301 1510 445 1302 1511 1157 1303 1512 448 1304 1513 451 1305 1514 662 1306 1515 585 1307 1516 447 1308 1517 1162 1309 1518 663 1310 1519 449 1311 1520 1161 1312 1521 448 1313 1522 1157 1314 1523 871 1315 1524 453 1316 1525 457 1317 1526 473 1318 1527 455 1319 1528 459 1320 1529 863 1321 1530 456 1322 1531 475 1323 1532 870 1324 1533 456 1325 1534 863 1326 1535 566 1327 1536 459 1328 1537 460 1329 1538 558 1330 1539 473 1331 1540 459 1332 1541 566 1333 1542 558 1334 1543 459 1335 1544 467 1336 1545 461 1336 1546 464 1336 1547 1244 1336 1548 461 1336 1549 467 1336 1550 568 1337 1551 566 1338 1552 460 1339 1553 1247 1340 1554 570 1340 1555 462 1340 1556 1247 1340 1557 462 1340 1558 1245 1340 1559 1243 1341 1560 466 1342 1561 469 1343 1562 1231 1344 1563 469 1345 1564 472 1346 1565 1231 1347 1566 1229 1348 1567 469 1349 1568 1243 1350 1569 469 1351 1570 1229 1352 1571 1231 1353 1572 472 1354 1573 666 1355 1574 558 1356 1575 476 1357 1576 473 1358 1577 862 1359 1578 474 1360 1579 477 1361 1580 556 1362 1581 478 1363 1582 476 1364 1583 868 1365 1584 477 1366 1585 480 1367 1586 558 1368 1587 556 1369 1588 476 1370 1589 864 1371 1590 862 1372 1591 477 1373 1592 868 1374 1593 864 1375 1594 477 1376 1595 556 1377 1596 481 1378 1597 478 1379 1598 847 1380 1599 479 1381 1600 482 1382 1601 854 1383 1602 479 1384 1603 847 1385 1604 868 1386 1605 480 1387 1606 855 1388 1607 556 1389 1608 483 1390 1609 481 1391 1610 847 1392 1611 482 1393 1612 485 1394 1613 554 1395 1614 486 1396 1615 483 1397 1616 846 1398 1617 484 1399 1618 487 1400 1619 556 1401 1620 554 1402 1621 483 1403 1622 554 1404 1623 488 1405 1624 486 1406 1625 852 1407 1626 487 1408 1627 490 1409 1628 848 1410 1629 846 1411 1630 487 1412 1631 852 1413 1632 848 1414 1633 487 1415 1634 554 1416 1635 491 1417 1636 488 1418 1637 829 1419 1638 489 1420 1639 494 1421 1640 844 1422 1641 489 1423 1642 829 1424 1643 852 1425 1644 490 1426 1645 845 1427 1646 552 1428 1647 495 1429 1648 491 1430 1649 554 1431 1650 552 1432 1651 491 1433 1652 828 1434 1653 493 1435 1654 817 1436 1655 548 1437 1656 497 1438 1657 495 1439 1658 550 1440 1659 548 1441 1660 495 1442 1661 552 1443 1662 550 1444 1663 495 1445 1664 544 1446 1665 499 1447 1666 497 1448 1667 546 1449 1668 544 1450 1669 497 1451 1670 548 1452 1671 546 1453 1672 497 1454 1673 505 1455 1674 501 1456 1675 499 1457 1676 542 1458 1677 505 1459 1678 499 1460 1679 544 1461 1680 542 1462 1681 499 1463 1682 741 1464 1683 503 1465 1684 506 1466 1685 731 1467 1686 724 1468 1687 502 1469 1688 741 1470 1689 732 1471 1690 503 1472 1691 540 1473 1692 508 1474 1693 505 1475 1694 742 1476 1695 507 1477 1696 509 1478 1697 542 1479 1698 540 1480 1699 505 1481 1700 540 1482 1701 510 1483 1702 508 1484 1703 785 1485 1704 509 1486 1705 512 1487 1706 738 1488 1707 509 1489 1708 735 1490 1709 785 1491 1710 735 1492 1711 509 1493 1712 740 1494 1713 509 1495 1714 738 1496 1715 742 1497 1716 509 1498 1717 740 1499 1718 538 1500 1719 513 1501 1720 510 1502 1721 770 1503 1722 511 1504 1723 514 1505 1724 540 1506 1725 538 1507 1726 510 1508 1727 777 1509 1728 511 1510 1729 770 1511 1730 785 1512 1731 512 1513 1732 778 1514 1733 538 1515 1734 515 1516 1735 513 1517 1736 770 1518 1737 514 1519 1738 517 1520 1739 536 1521 1740 518 1522 1741 515 1523 1742 769 1524 1743 516 1525 1744 519 1526 1745 538 1527 1746 536 1528 1747 515 1529 1748 536 1530 1749 520 1531 1750 518 1532 1751 775 1533 1752 519 1534 1753 522 1535 1754 771 1536 1755 769 1537 1756 519 1538 1757 775 1539 1758 771 1540 1759 519 1541 1760 536 1542 1761 523 1543 1762 520 1544 1763 684 1545 1764 521 1546 1765 526 1547 1766 767 1548 1767 521 1549 1768 684 1550 1769 775 1551 1770 522 1552 1771 768 1553 1772 536 1554 1773 527 1555 1774 523 1556 1775 681 1557 1776 525 1558 1777 677 1559 1778 683 1560 1779 525 1561 1780 681 1562 1781 533 1563 1782 529 1564 1783 527 1565 1784 536 1566 1785 533 1567 1786 527 1568 1787 607 1569 1788 530 1570 1789 534 1571 1790 609 1572 1791 530 1573 1792 607 1574 1793 674 1575 1794 531 1576 1795 610 1577 1796 1321 1578 1797 535 1578 1798 537 1578 1799 1319 1579 1800 608 1579 1801 535 1579 1802 1321 1580 1803 1319 1580 1804 535 1580 1805 1325 1581 1806 537 1581 1807 539 1581 1808 1323 1582 1809 1321 1582 1810 537 1582 1811 1325 1583 1812 1323 1583 1813 537 1583 1814 1345 1584 1815 539 1584 1816 541 1584 1817 1328 1336 1818 1325 1336 1819 539 1336 1820 1340 1336 1821 1328 1336 1822 539 1336 1823 1342 1336 1824 1340 1336 1825 539 1336 1826 1345 1585 1827 1342 1585 1828 539 1585 1829 1371 1336 1830 541 1336 1831 543 1336 1832 1347 1586 1833 1345 1586 1834 541 1586 1835 1349 1587 1836 1347 1587 1837 541 1587 1838 1363 1336 1839 1349 1336 1840 541 1336 1841 1366 1588 1842 1363 1588 1843 541 1588 1844 1369 1589 1845 1366 1589 1846 541 1589 1847 1371 1336 1848 1369 1336 1849 541 1336 1850 1374 1590 1851 543 1590 1852 545 1590 1853 1374 1591 1854 1371 1591 1855 543 1591 1856 1376 1592 1857 545 1592 1858 547 1592 1859 1376 1593 1860 1374 1593 1861 545 1593 1862 551 1594 1863 547 1594 1864 549 1594 1865 1378 1595 1866 547 1595 1867 551 1595 1868 1378 1596 1869 1376 1596 1870 547 1596 1871 1380 1597 1872 551 1597 1873 553 1597 1874 1380 1598 1875 1378 1598 1876 551 1598 1877 1382 1599 1878 553 1599 1879 555 1599 1880 1382 1600 1881 1380 1600 1882 553 1600 1883 1259 1601 1884 555 1601 1885 557 1601 1886 1259 1602 1887 1257 1602 1888 555 1602 1889 1387 1603 1890 555 1603 1891 1257 1603 1892 1384 1604 1893 1382 1604 1894 555 1604 1895 1387 1336 1896 1384 1336 1897 555 1336 1898 557 1605 1899 559 1605 1900 1261 1605 1901 563 1606 1902 560 1607 1903 558 1608 1904 1283 1609 1905 559 1609 1906 562 1609 1907 566 1610 1908 563 1611 1909 558 1612 1910 1261 1613 1911 1259 1613 1912 557 1613 1913 1264 1614 1914 1261 1614 1915 559 1614 1916 1278 1615 1917 1264 1615 1918 559 1615 1919 1280 1616 1920 1278 1616 1921 559 1616 1922 1283 1617 1923 1280 1617 1924 559 1617 1925 1248 1618 1926 561 1618 1927 565 1618 1928 1290 1619 1929 562 1619 1930 1249 1619 1931 1288 1620 1932 1283 1620 1933 562 1620 1934 1290 1621 1935 1288 1621 1936 562 1621 1937 1226 1622 1938 564 1623 1939 567 1624 1940 1248 1618 1941 565 1618 1942 1227 1618 1943 1229 1625 1944 567 1626 1945 569 1627 1946 1229 1628 1947 1226 1629 1948 567 1630 1949 1246 1631 1950 1229 1632 1951 569 1633 1952 1239 1340 1953 573 1340 1954 576 1340 1955 1241 1336 1956 671 1336 1957 572 1336 1958 1242 1340 1959 573 1340 1960 1239 1340 1961 1233 1634 1962 575 1635 1963 578 1636 1964 1233 1637 1965 1231 1638 1966 575 1639 1967 1238 1640 1968 575 1641 1969 1231 1642 1970 582 1643 1971 579 1644 1972 577 1645 1973 1233 1646 1974 578 1647 1975 580 1648 1976 1237 1649 1977 581 1649 1978 584 1649 1979 1235 1650 1980 1233 1651 1981 580 1652 1982 1409 1653 1983 583 1653 1984 586 1653 1985 1411 1649 1986 1237 1649 1987 584 1649 1988 655 1654 1989 587 1655 1990 585 1656 1991 1428 1657 1992 586 1657 1993 588 1657 1994 657 1658 1995 655 1659 1996 585 1660 1997 660 1661 1998 657 1662 1999 585 1663 2000 662 1664 2001 660 1665 2002 585 1666 2003 1418 1667 2004 1409 1667 2005 586 1667 2006 1421 1668 2007 1418 1668 2008 586 1668 2009 1423 1669 2010 1421 1669 2011 586 1669 2012 1426 1670 2013 1423 1670 2014 586 1670 2015 1428 1671 2016 1426 1671 2017 586 1671 2018 647 1672 2019 589 1673 2020 587 1674 2021 1450 1675 2022 588 1675 2023 590 1675 2024 650 1676 2025 647 1677 2026 587 1678 2027 652 1679 2028 650 1680 2029 587 1681 2030 655 1682 2031 652 1683 2032 587 1684 2033 1431 1685 2034 1428 1685 2035 588 1685 2036 1445 1686 2037 1431 1686 2038 588 1686 2039 1448 1336 2040 1445 1336 2041 588 1336 2042 1450 1336 2043 1448 1336 2044 588 1336 2045 641 1687 2046 591 1688 2047 589 1689 2048 1481 1690 2049 590 1690 2050 592 1690 2051 647 1691 2052 641 1692 2053 589 1693 2054 1452 1694 2055 1450 1694 2056 590 1694 2057 1463 1336 2058 1452 1336 2059 590 1336 2060 1465 1336 2061 1463 1336 2062 590 1336 2063 1468 1336 2064 1465 1336 2065 590 1336 2066 1471 1336 2067 1468 1336 2068 590 1336 2069 1473 1336 2070 1471 1336 2071 590 1336 2072 1476 1336 2073 1473 1336 2074 590 1336 2075 1478 1336 2076 1476 1336 2077 590 1336 2078 1481 1695 2079 1478 1695 2080 590 1695 2081 641 1696 2082 593 1697 2083 591 1698 2084 1483 1699 2085 592 1699 2086 594 1699 2087 1483 1700 2088 1481 1700 2089 592 1700 2090 598 1701 2091 594 1701 2092 596 1701 2093 639 1702 2094 595 1703 2095 593 1704 2096 1487 1705 2097 594 1705 2098 598 1705 2099 641 1706 2100 639 1707 2101 593 1708 2102 1485 1709 2103 1483 1709 2104 594 1709 2105 1487 1710 2106 1485 1710 2107 594 1710 2108 639 1711 2109 597 1712 2110 595 1713 2111 637 1714 2112 599 1715 2113 597 1716 2114 1487 1717 2115 598 1717 2116 600 1717 2117 639 1718 2118 637 1719 2119 597 1720 2120 637 1721 2121 601 1722 2122 599 1723 2123 1489 1724 2124 600 1724 2125 602 1724 2126 1489 1725 2127 1487 1725 2128 600 1725 2129 628 1726 2130 603 1727 2131 601 1728 2132 1491 1729 2133 602 1729 2134 604 1729 2135 630 1730 2136 628 1731 2137 601 1732 2138 633 1733 2139 630 1734 2140 601 1735 2141 637 1736 2142 633 1737 2143 601 1738 2144 1491 1739 2145 1489 1739 2146 602 1739 2147 623 1740 2148 605 1741 2149 603 1742 2150 1295 1743 2151 604 1743 2152 606 1743 2153 625 1744 2154 623 1745 2155 603 1746 2156 628 1747 2157 625 1748 2158 603 1749 2159 1295 1750 2160 1293 1750 2161 604 1750 2162 1494 1751 2163 604 1751 2164 1293 1751 2165 1494 1752 2166 1491 1752 2167 604 1752 2168 615 1753 2169 607 1754 2170 605 1755 2171 1316 1756 2172 606 1756 2173 608 1756 2174 618 1757 2175 615 1758 2176 605 1759 2177 620 1760 2178 618 1761 2179 605 1762 2180 623 1763 2181 620 1764 2182 605 1765 2183 1297 1336 2184 1295 1336 2185 606 1336 2186 1300 1336 2187 1297 1336 2188 606 1336 2189 1316 1766 2190 1300 1766 2191 606 1766 2192 615 1767 2193 609 1768 2194 607 1769 2195 1319 1770 2196 1316 1770 2197 608 1770 2198 615 1771 2199 611 1772 2200 609 1773 2201 1073 1774 2202 614 1775 2203 617 1776 2204 962 1777 2205 673 1778 2206 613 1779 2207 1073 1780 2208 963 1781 2209 614 1782 2210 1072 1783 2211 616 1784 2212 619 1785 2213 1078 1786 2214 619 1787 2215 622 1788 2216 1074 1789 2217 1072 1790 2218 619 1791 2219 1078 1792 2220 1074 1793 2221 619 1794 2222 1068 1795 2223 621 1796 2224 624 1797 2225 1070 1798 2226 621 1799 2227 1068 1800 2228 1078 1801 2229 622 1802 2230 1071 1803 2231 1068 1804 2232 624 1805 2233 626 1806 2234 1069 1807 2235 627 1808 2236 629 1809 2237 1046 1810 2238 629 1811 2239 632 1812 2240 1046 1813 2241 1044 1814 2242 629 1815 2243 1069 1816 2244 629 1817 2245 1044 1818 2246 1006 1819 2247 631 1820 2248 635 1821 2249 1007 1822 2250 631 1823 2251 1006 1824 2252 1046 1825 2253 632 1826 2254 1008 1827 2255 1003 1828 2256 994 1829 2257 634 1830 2258 1005 1831 2259 634 1832 2260 994 1833 2261 647 1834 2262 643 1835 2263 641 1836 2264 1112 1837 2265 646 1838 2266 648 1839 2267 1107 1840 2268 1091 1841 2269 645 1842 2270 1112 1843 2271 1108 1844 2272 646 1845 2273 1113 1846 2274 649 1847 2275 651 1848 2276 1224 1849 2277 651 1850 2278 654 1851 2279 1113 1852 2280 651 1853 2281 1111 1854 2282 1119 1855 2283 1111 1856 2284 651 1857 2285 1119 1858 2286 651 1859 2287 1116 1860 2288 1224 1861 2289 1116 1862 2290 651 1863 2291 1220 1864 2292 653 1865 2293 656 1866 2294 1222 1867 2295 653 1868 2296 1220 1869 2297 1224 1870 2298 654 1871 2299 1223 1872 2300 1220 1873 2301 656 1874 2302 658 1875 2303 1221 1876 2304 659 1877 2305 661 1878 2306 1203 1879 2307 661 1880 2308 664 1881 2309 1203 1882 2310 1201 1883 2311 661 1884 2312 1221 1885 2313 661 1886 2314 1201 1887 2315 1168 1888 2316 663 1889 2317 1162 1890 2318 1203 1891 2319 664 1892 2320 1169 1893 2321 1231 1894 2322 666 1895 2323 668 1896 2324 1241 1336 2325 669 1336 2326 671 1336 2327 1240 1897 2328 1231 1898 2329 668 1899 2330 683 1900 2331 681 1901 2332 678 1902 2333 690 1903 2334 679 1904 2335 682 1905 2336 685 1906 2337 683 1907 2338 678 1908 2339 688 1909 2340 685 1910 2341 678 1911 2342 758 1912 2343 689 1912 2344 680 1912 2345 756 1913 2346 680 1913 2347 693 1913 2348 758 1914 2349 680 1914 2350 756 1914 2351 694 1915 2352 690 1916 2353 682 1917 2354 767 1918 2355 684 1919 2356 687 1920 2357 758 1921 2358 686 1921 2359 689 1921 2360 763 1922 2361 686 1922 2362 758 1922 2363 767 1923 2364 687 1924 2365 764 1925 2366 755 1926 2367 692 1927 2368 703 1928 2369 717 1929 2370 700 1930 2371 696 1931 2372 719 1932 2373 697 1933 2374 701 1934 2375 753 1935 2376 718 1936 2377 699 1937 2378 743 1938 2379 698 1938 2380 721 1938 2381 753 1939 2382 699 1940 2383 744 1941 2384 722 1942 2385 719 1943 2386 701 1944 2387 757 1945 2388 703 1946 2389 705 1947 2390 757 1948 2391 755 1949 2392 703 1950 2393 757 1951 2394 705 1952 2395 707 1953 2396 757 1954 2397 707 1955 2398 709 1956 2399 761 1957 2400 709 1958 2401 711 1959 2402 761 1960 2403 757 1961 2404 709 1962 2405 761 1963 2406 711 1964 2407 713 1965 2408 761 1966 2409 713 1967 2410 716 1968 2411 749 1969 2412 715 1970 2413 718 1971 2414 761 1972 2415 716 1973 2416 750 1974 2417 753 1975 2418 749 1976 2419 718 1977 2420 728 1978 2421 720 1979 2422 723 1980 2423 728 1981 2424 726 1982 2425 720 1983 2426 743 1984 2427 721 1984 2428 727 1984 2429 731 1985 2430 728 1986 2431 723 1987 2432 743 1988 2433 727 1988 2434 730 1988 2435 733 1989 2436 729 1990 2437 732 1991 2438 743 1992 2439 730 1992 2440 734 1992 2441 737 1993 2442 733 1994 2443 732 1995 2444 739 1996 2445 737 1997 2446 732 1998 2447 741 1999 2448 739 2000 2449 732 2001 2450 745 2002 2451 743 2002 2452 734 2002 2453 786 2003 2454 747 2004 2455 736 2005 2456 753 2006 2457 744 2007 2458 746 2008 2459 788 2009 2460 754 2010 2461 748 2011 2462 787 2012 2463 747 2013 2464 786 2014 2465 788 2015 2466 751 2016 2467 754 2017 2468 804 2018 2469 762 2019 2470 752 2020 2471 797 2021 2472 751 2022 2473 788 2023 2474 804 2024 2475 752 2025 2476 798 2026 2477 799 2027 2478 759 2028 2479 762 2029 2480 800 2030 2481 766 2031 2482 760 2032 2483 801 2033 2484 799 2034 2485 762 2035 2486 804 2036 2487 801 2037 2488 762 2038 2489 775 2039 2490 768 2040 2491 765 2041 2492 800 2042 2493 776 2043 2494 766 2044 2495 777 2045 2496 770 2046 2497 772 2047 2498 802 2048 2499 773 2049 2500 776 2050 2501 783 2051 2502 777 2052 2503 772 2053 2504 811 0 2505 784 0 2506 774 0 2507 814 0 2508 774 0 2509 803 0 2510 814 0 2511 811 0 2512 774 0 2513 802 2054 2514 776 2055 2515 800 2056 2516 783 2057 2517 779 2058 2518 777 2059 2519 785 2060 2520 778 2061 2521 780 2062 2522 809 0 2523 782 0 2524 784 0 2525 787 2063 2526 786 2064 2527 781 2065 2528 789 2066 2529 787 2067 2530 781 2068 2531 809 2069 2532 791 2069 2533 782 2069 2534 811 2070 2535 809 2070 2536 784 2070 2537 797 2071 2538 788 2072 2539 790 2073 2540 797 2074 2541 790 2075 2542 795 2076 2543 806 0 2544 796 0 2545 791 0 2546 809 0 2547 806 0 2548 791 0 2549 797 2077 2550 795 2078 2551 792 2079 2552 806 0 2553 794 0 2554 796 0 2555 804 2080 2556 798 2081 2557 793 2082 2558 814 0 2559 805 0 2560 794 0 2561 814 2083 2562 794 2083 2563 806 2083 2564 814 2084 2565 803 2084 2566 805 2084 2567 2827 2085 2568 807 2086 2569 810 2087 2570 2830 2088 2571 815 2089 2572 808 2090 2573 2830 2091 2574 808 2092 2575 2828 2093 2576 2837 2094 2577 810 2095 2578 812 2096 2579 2839 2097 2580 2827 2098 2581 810 2099 2582 2839 2100 2583 810 2101 2584 2837 2102 2585 2835 2103 2586 813 2104 2587 815 2105 2588 2837 2106 2589 812 2107 2590 2834 2108 2591 2832 2109 2592 815 2110 2593 2830 2111 2594 2835 2112 2595 815 2113 2596 2832 2114 2597 828 2115 2598 817 2116 2599 826 2117 2600 823 2118 2601 821 2119 2602 818 2120 2603 912 2121 2604 820 2121 2605 822 2121 2606 833 2122 2607 823 2123 2608 818 2124 2609 838 2125 2610 834 2126 2611 819 2127 2612 840 2128 2613 838 2129 2614 819 2130 2615 912 2131 2616 842 2131 2617 820 2131 2618 912 2132 2619 822 2132 2620 825 2132 2621 830 2133 2622 826 2134 2623 823 2135 2624 891 2136 2625 824 2137 2626 827 2138 2627 833 2139 2628 830 2140 2629 823 2141 2630 916 2142 2631 825 2142 2632 892 2142 2633 916 2143 2634 912 2143 2635 825 2143 2636 830 2144 2637 828 2145 2638 826 2146 2639 891 2147 2640 827 2148 2641 889 2149 2642 844 2150 2643 829 2151 2644 832 2152 2645 835 2153 2646 831 2154 2647 834 2155 2648 844 2156 2649 832 2157 2650 836 2158 2651 838 2159 2652 835 2160 2653 834 2161 2654 852 2162 2655 837 2163 2656 839 2164 2657 852 2165 2658 845 2166 2659 837 2167 2660 852 2168 2661 839 2169 2662 841 2170 2663 941 2171 2664 853 2172 2665 843 2173 2666 941 2174 2667 843 2175 2668 915 2176 2669 854 2177 2670 847 2178 2671 849 2179 2672 936 2180 2673 850 2181 2674 853 2182 2675 860 2183 2676 854 2184 2677 849 2185 2678 950 0 2679 861 0 2680 851 0 2681 950 0 2682 851 0 2683 937 0 2684 941 2186 2685 936 2187 2686 853 2188 2687 860 2189 2688 856 2190 2689 854 2191 2690 868 2192 2691 855 2193 2692 857 2194 2693 947 0 2694 859 0 2695 861 0 2696 930 2195 2697 869 2196 2698 858 2197 2699 932 2198 2700 930 2199 2701 858 2200 2702 939 0 2703 934 0 2704 859 0 2705 945 0 2706 939 0 2707 859 0 2708 947 2201 2709 945 2201 2710 859 2201 2711 950 2202 2712 947 2202 2713 861 2202 2714 870 2203 2715 863 2204 2716 865 2205 2717 926 2206 2718 867 2207 2719 869 2208 2720 872 2209 2721 870 2210 2722 865 2211 2723 929 2212 2724 874 2212 2725 866 2212 2726 929 2213 2727 866 2213 2728 925 2213 2729 930 2214 2730 926 2215 2731 869 2216 2732 875 2217 2733 871 2218 2734 873 2219 2735 877 2220 2736 875 2221 2737 873 2222 2738 880 2223 2739 877 2224 2740 873 2225 2741 929 2226 2742 881 2226 2743 874 2226 2744 882 2227 2745 876 2228 2746 878 2229 2747 929 2230 2748 879 2230 2749 881 2230 2750 884 2231 2751 882 2232 2752 878 2233 2753 929 2234 2754 887 2234 2755 879 2234 2756 910 2235 2757 883 2236 2758 885 2237 2759 922 2238 2760 911 2239 2761 886 2240 2762 928 2241 2763 922 2242 2764 886 2243 2765 917 2244 2766 893 2245 2767 895 2246 2768 918 2247 2769 895 2248 2770 897 2249 2771 917 2250 2772 895 2251 2773 913 2252 2774 918 2253 2775 913 2254 2776 895 2255 2777 920 2256 2778 897 2257 2779 899 2258 2780 920 2259 2781 918 2260 2782 897 2261 2783 920 2262 2784 899 2263 2785 901 2264 2786 920 2265 2787 901 2266 2788 903 2267 2789 922 2268 2790 903 2269 2791 905 2270 2792 922 2271 2793 920 2272 2794 903 2273 2795 922 2274 2796 905 2275 2797 907 2276 2798 922 2277 2799 907 2278 2800 909 2279 2801 922 2280 2802 909 2281 2803 911 2282 2804 940 2283 2805 914 2284 2806 919 2285 2807 935 2286 2808 919 2287 2809 921 2288 2810 940 2289 2811 919 2290 2812 935 2291 2813 938 2292 2814 921 2293 2815 923 2294 2816 938 2295 2817 935 2296 2818 921 2297 2819 928 2298 2820 924 2299 2821 922 2300 2822 938 2301 2823 923 2302 2824 927 2303 2825 938 2304 2826 927 2305 2827 931 2306 2828 938 2307 2829 931 2308 2830 933 2309 2831 942 0 2832 937 0 2833 939 0 2834 950 0 2835 937 0 2836 942 0 2837 945 0 2838 942 0 2839 939 0 2840 1407 2310 2841 943 2311 2842 946 2312 2843 1260 2313 2844 951 2314 2845 944 2315 2846 1260 2316 2847 944 2317 2848 1258 2318 2849 1408 2319 2850 1258 2320 2851 944 2321 2852 1265 2322 2853 946 2323 2854 948 2324 2855 1267 2325 2856 946 2326 2857 1265 2327 2858 1269 2328 2859 946 2329 2860 1267 2330 2861 1407 2331 2862 946 2332 2863 1269 2333 2864 1263 2334 2865 949 2335 2866 951 2336 2867 1265 2337 2868 948 2338 2869 1262 2339 2870 1263 2340 2871 951 2341 2872 1260 2342 2873 959 2343 2874 954 2344 2875 952 2345 2876 964 2346 2877 953 2347 2878 955 2348 2879 962 2349 2880 959 2350 2881 952 2351 2882 959 2352 2883 957 2353 2884 954 2354 2885 1080 2355 2886 956 2355 2887 958 2355 2888 966 2356 2889 964 2357 2890 955 2358 2891 1080 2359 2892 968 2359 2893 956 2359 2894 1080 2360 2895 958 2360 2896 961 2360 2897 1075 2361 2898 960 2362 2899 963 2363 2900 1080 2364 2901 961 2364 2902 1076 2364 2903 1075 2365 2904 963 2366 2905 1073 2367 2906 991 2368 2907 965 2369 2908 967 2370 2909 1086 2371 2910 992 2372 2911 969 2373 2912 1086 2374 2913 969 2375 2914 1081 2376 2915 993 2377 2916 971 2378 2917 973 2379 2918 1022 2380 2919 975 2381 2920 977 2382 2921 995 2383 2922 993 2384 2923 973 2385 2924 1021 2386 2925 997 2386 2926 974 2386 2927 1023 2387 2928 977 2388 2929 979 2389 2930 1022 2390 2931 977 2391 2932 1018 2392 2933 1023 2393 2934 1018 2394 2935 977 2395 2936 1027 2396 2937 980 2397 2938 982 2398 2939 1025 2399 2940 1023 2400 2941 979 2401 2942 1027 2402 2943 982 2403 2944 984 2404 2945 1086 2405 2946 984 2406 2947 986 2407 2948 1086 2408 2949 1027 2409 2950 984 2410 2951 1086 2411 2952 986 2412 2953 988 2413 2954 1086 2414 2955 988 2415 2956 990 2416 2957 1086 2417 2958 990 2418 2959 992 2419 2960 1005 2420 2961 994 2421 2962 996 2422 2963 1001 2423 2964 998 2424 2965 996 2425 2966 1005 2426 2967 996 2427 2968 998 2428 2969 1017 2429 2970 1002 2429 2971 997 2429 2972 1021 2430 2973 1017 2430 2974 997 2430 2975 1017 2431 2976 1000 2431 2977 1002 2431 2978 1009 2432 2979 1006 2433 2980 999 2434 2981 1011 2435 2982 1009 2436 2983 999 2437 2984 1013 2438 2985 1011 2439 2986 999 2440 2987 1017 2441 2988 1014 2441 2989 1000 2441 2990 1009 2442 2991 1007 2443 2992 1006 2444 2993 1046 2445 2994 1008 2446 2995 1010 2447 2996 1046 2448 2997 1010 2449 2998 1012 2450 2999 1046 2451 3000 1012 2452 3001 1016 2453 3002 1030 2454 3003 1015 2455 3004 1020 2456 3005 1045 2457 3006 1015 2458 3007 1030 2459 3008 1039 2460 3009 1019 2461 3010 1024 2462 3011 1039 2463 3012 1029 2464 3013 1019 2465 3014 1039 2466 3015 1024 2467 3016 1026 2468 3017 1087 2469 3018 1040 2470 3019 1028 2471 3020 1034 2472 3021 1031 2473 3022 1029 2474 3023 1045 2475 3024 1030 2476 3025 1032 2477 3026 1036 2478 3027 1034 2479 3028 1029 2480 3029 1039 2481 3030 1036 2482 3031 1029 2483 3032 1050 0 3033 1033 0 3034 1035 0 3035 1045 2484 3036 1032 2485 3037 1041 2486 3038 1050 0 3039 1042 0 3040 1033 0 3041 1050 2487 3042 1035 2487 3043 1037 2487 3044 1087 2488 3045 1038 2489 3046 1040 2490 3047 1052 2491 3048 1050 2491 3049 1037 2491 3050 1066 2492 3051 1052 2492 3052 1037 2492 3053 1087 2493 3054 1067 2494 3055 1038 2495 3056 1057 2496 3057 1042 2496 3058 1050 2496 3059 1070 2497 3060 1043 2498 3061 1058 2499 3062 1070 2500 3063 1068 2501 3064 1043 2502 3065 1057 2503 3066 1050 2503 3067 1047 2503 3068 1298 2504 3069 1048 2505 3070 1051 2506 3071 1059 0 3072 1047 0 3073 1055 0 3074 1301 2507 3075 1056 2508 3076 1049 2509 3077 1059 2510 3078 1057 2510 3079 1047 2510 3080 1301 2511 3081 1049 2512 3082 1299 2513 3083 1294 2514 3084 1051 2515 3085 1053 2516 3086 1296 2517 3087 1051 2518 3088 1294 2519 3089 1298 2520 3090 1051 2521 3091 1296 2522 3092 1066 0 3093 1055 0 3094 1052 0 3095 1511 2523 3096 1054 2524 3097 1056 2525 3098 1513 2526 3099 1294 2527 3100 1053 2528 3101 1513 2529 3102 1053 2530 3103 1510 2531 3104 1066 0 3105 1059 0 3106 1055 0 3107 1303 2532 3108 1056 2533 3109 1301 2534 3110 1305 2535 3111 1056 2536 3112 1303 2537 3113 1511 2538 3114 1056 2539 3115 1305 2540 3116 1070 2541 3117 1058 2542 3118 1060 2543 3119 1066 0 3120 1063 0 3121 1059 0 3122 1089 2544 3123 1062 2545 3124 1065 2546 3125 1078 2547 3126 1071 2548 3127 1061 2549 3128 1089 2550 3129 1079 2551 3130 1062 2552 3131 1088 2553 3132 1064 2554 3133 1067 2555 3134 1087 2556 3135 1084 2557 3136 1067 2558 3137 1088 2559 3138 1067 2560 3139 1084 2561 3140 1085 2562 3141 1077 2563 3142 1079 2564 3143 1082 2565 3144 1080 2565 3145 1076 2565 3146 1089 2566 3147 1085 2567 3148 1079 2568 3149 1086 2569 3150 1081 2570 3151 1083 2571 3152 1099 2572 3153 1094 2573 3154 1092 2574 3155 1130 2575 3156 1093 2576 3157 1096 2577 3158 1102 2578 3159 1099 2579 3160 1092 2580 3161 1104 2581 3162 1102 2582 3163 1092 2583 3164 1107 2584 3165 1104 2585 3166 1092 2586 3167 1099 2587 3168 1097 2588 3169 1094 2589 3170 1124 2590 3171 1095 2590 3172 1098 2590 3173 1124 2591 3174 1120 2591 3175 1095 2591 3176 1130 2592 3177 1096 2593 3178 1121 2594 3179 1124 2595 3180 1098 2595 3181 1101 2595 3182 1114 2596 3183 1100 2597 3184 1103 2598 3185 1124 2599 3186 1101 2599 3187 1115 2599 3188 1118 2600 3189 1103 2601 3190 1106 2602 3191 1118 2603 3192 1114 2604 3193 1103 2605 3194 1109 2606 3195 1105 2607 3196 1108 2608 3197 1118 2609 3198 1106 2610 3199 1110 2611 3200 1112 2612 3201 1109 2613 3202 1108 2614 3203 1126 2615 3204 1124 2615 3205 1115 2615 3206 1225 2616 3207 1129 2617 3208 1117 2618 3209 1184 2619 3210 1123 2620 3211 1125 2621 3212 1154 2622 3213 1131 2623 3214 1122 2624 3215 1184 2625 3216 1155 2626 3217 1123 2627 3218 1184 2628 3219 1125 2629 3220 1127 2630 3221 1189 2631 3222 1185 2632 3223 1128 2633 3224 1194 2634 3225 1189 2635 3226 1128 2636 3227 1225 2637 3228 1195 2638 3229 1129 2639 3230 1156 2640 3231 1133 2641 3232 1135 2642 3233 1179 2643 3234 1137 2644 3235 1139 2645 3236 1158 2646 3237 1156 2647 3238 1135 2648 3239 1178 2649 3240 1160 2649 3241 1136 2649 3242 1175 2650 3243 1139 2651 3244 1141 2652 3245 1179 2653 3246 1139 2654 3247 1175 2655 3248 1175 2656 3249 1141 2657 3250 1143 2658 3251 1175 2659 3252 1143 2660 3253 1145 2661 3254 1180 2662 3255 1145 2663 3256 1147 2664 3257 1180 2665 3258 1175 2666 3259 1145 2667 3260 1180 2668 3261 1147 2669 3262 1149 2670 3263 1180 2671 3264 1149 2672 3265 1151 2673 3266 1182 2674 3267 1151 2675 3268 1153 2676 3269 1182 2677 3270 1180 2678 3271 1151 2679 3272 1184 2680 3273 1153 2681 3274 1155 2682 3275 1184 2683 3276 1182 2684 3277 1153 2685 3278 1161 2686 3279 1157 2687 3280 1159 2688 3281 1163 2689 3282 1161 2690 3283 1159 2691 3284 1166 2692 3285 1163 2693 3286 1159 2694 3287 1174 2695 3288 1167 2695 3289 1160 2695 3290 1178 2696 3291 1174 2696 3292 1160 2696 3293 1168 2697 3294 1162 2698 3295 1164 2699 3296 1174 2700 3297 1165 2700 3298 1167 2700 3299 1170 2701 3300 1168 2702 3301 1164 2703 3302 1174 2704 3303 1171 2704 3304 1165 2704 3305 1203 2705 3306 1169 2706 3307 1173 2707 3308 1197 2708 3309 1172 2709 3310 1177 2710 3311 1202 2711 3312 1172 2712 3313 1197 2713 3314 1196 2714 3315 1176 2715 3316 1181 2716 3317 1189 2717 3318 1181 2718 3319 1183 2719 3320 1189 2720 3321 1186 2721 3322 1181 2722 3323 1196 2723 3324 1181 2724 3325 1186 2725 3326 1189 2726 3327 1183 2727 3328 1185 2728 3329 1212 0 3330 1188 0 3331 1190 0 3332 1202 2729 3333 1197 2730 3334 1187 2731 3335 1202 2732 3336 1187 2733 3337 1198 2734 3338 1212 0 3339 1199 0 3340 1188 0 3341 1194 2735 3342 1191 2736 3343 1189 2737 3344 1204 0 3345 1190 0 3346 1192 0 3347 1212 0 3348 1190 0 3349 1204 0 3350 1219 2738 3351 1193 2739 3352 1195 2740 3353 1207 0 3354 1204 0 3355 1192 0 3356 1216 0 3357 1207 0 3358 1192 0 3359 1225 2741 3360 1219 2742 3361 1195 2743 3362 1212 2744 3363 1209 2744 3364 1199 2744 3365 1214 0 3366 1199 0 3367 1209 0 3368 1222 2745 3369 1200 2746 3370 1215 2747 3371 1222 2748 3372 1220 2749 3373 1200 2750 3374 2805 2751 3375 1206 2752 3376 1208 2753 3377 2807 2754 3378 1213 2755 3379 1205 2756 3380 2807 2757 3381 1205 2758 3382 2804 2759 3383 1214 2760 3384 1209 2760 3385 1207 2760 3386 2800 2761 3387 1208 2762 3388 1211 2763 3389 1216 2764 3390 1214 2764 3391 1207 2764 3392 2802 2765 3393 1208 2766 3394 2800 2767 3395 2805 2768 3396 1208 2769 3397 2802 2770 3398 2797 2771 3399 1210 2524 3400 1213 2772 3401 2800 2773 3402 1211 2774 3403 2798 2775 3404 2807 2776 3405 2797 2777 3406 1213 2778 3407 1222 2779 3408 1215 2780 3409 1217 2781 3410 1224 2782 3411 1223 2783 3412 1218 2784 3413 1529 1340 3414 1228 1340 3415 1230 1340 3416 1256 1340 3417 1250 1340 3418 1228 1340 3419 1516 2785 3420 1256 2785 3421 1228 2785 3422 1529 2786 3423 1516 2786 3424 1228 2786 3425 2681 2787 3426 1230 2787 3427 1232 2787 3428 1246 2788 3429 1243 2789 3430 1229 2790 3431 1529 2791 3432 1230 2791 3433 1527 2791 3434 2686 2792 3435 1527 2792 3436 1230 2792 3437 2684 2793 3438 1230 2793 3439 2681 2793 3440 2686 2794 3441 1230 2794 3442 2684 2794 3443 2679 1340 3444 1232 1340 3445 1234 1340 3446 1240 2795 3447 1238 2796 3448 1231 2797 3449 2681 2798 3450 1232 2798 3451 2679 2798 3452 2677 1340 3453 1234 1340 3454 1236 1340 3455 2679 2799 3456 1234 2799 3457 2677 2799 3458 2659 2800 3459 1236 2800 3460 1410 2800 3461 2662 1340 3462 2657 1340 3463 1236 1340 3464 2674 2801 3465 1236 2801 3466 2657 2801 3467 2662 2802 3468 1236 2802 3469 2659 2802 3470 2677 2803 3471 1236 2803 3472 2674 2803 3473 1290 2804 3474 1249 2804 3475 1254 2804 3476 1290 2805 3477 1254 2805 3478 1251 2805 3479 1514 1618 3480 1252 1618 3481 1255 1618 3482 1519 2806 3483 1291 2806 3484 1253 2806 3485 1517 1618 3486 1252 1618 3487 1514 1618 3488 1389 1336 3489 1387 1336 3490 1257 1336 3491 1392 2807 3492 1389 2807 3493 1257 2807 3494 1394 1336 3495 1392 1336 3496 1257 1336 3497 1397 2808 3498 1394 2808 3499 1257 2808 3500 1400 1336 3501 1397 1336 3502 1257 1336 3503 1406 2809 3504 1400 2809 3505 1257 2809 3506 1278 2810 3507 1266 2810 3508 1264 2810 3509 1270 2811 3510 1268 2811 3511 1266 2811 3512 1275 2812 3513 1270 2812 3514 1266 2812 3515 1278 2813 3516 1275 2813 3517 1266 2813 3518 1404 1336 3519 1268 1336 3520 1270 1336 3521 1404 2814 3522 1402 2814 3523 1268 2814 3524 1406 1336 3525 1268 1336 3526 1402 1336 3527 1275 2815 3528 1272 2815 3529 1270 2815 3530 2499 2816 3531 1271 2817 3532 1273 2818 3533 2499 2819 3534 1405 2820 3535 1271 2821 3536 2505 2822 3537 1274 2822 3538 1276 2822 3539 2501 2823 3540 2499 2824 3541 1273 2825 3542 2505 2826 3543 2502 2826 3544 1274 2826 3545 2506 2827 3546 1277 2828 3547 1279 2829 3548 2509 2830 3549 1279 2831 3550 1281 2832 3551 2509 2833 3552 2506 2834 3553 1279 2835 3554 2512 2836 3555 1282 2837 3556 1284 2838 3557 2511 2839 3558 2509 2840 3559 1281 2841 3560 1288 1336 3561 1285 1336 3562 1283 1336 3563 2528 2842 3564 1284 2843 3565 1286 2844 3566 2528 2845 3567 2512 2846 3568 1284 2847 3569 2526 2848 3570 1287 2849 3571 1289 2850 3572 2528 2851 3573 1286 2852 3574 2525 2853 3575 2687 2854 3576 1289 2855 3577 1292 2856 3578 2687 2857 3579 2526 2858 3580 1289 2859 3581 1521 2860 3582 1291 2860 3583 1519 2860 3584 1523 2806 3585 1291 2806 3586 1521 2806 3587 2633 2806 3588 1291 2806 3589 1523 2806 3590 2633 2806 3591 2630 2806 3592 1291 2806 3593 2635 2861 3594 1291 2861 3595 2630 2861 3596 2687 2862 3597 1292 2863 3598 2636 2864 3599 1496 1336 3600 1494 1336 3601 1293 1336 3602 1499 1336 3603 1496 1336 3604 1293 1336 3605 1512 1336 3606 1499 1336 3607 1293 1336 3608 1314 2865 3609 1302 2865 3610 1300 2865 3611 1316 1336 3612 1314 1336 3613 1300 1336 3614 1306 2866 3615 1304 2866 3616 1302 2866 3617 1311 2867 3618 1306 2867 3619 1302 2867 3620 1314 1336 3621 1311 1336 3622 1302 1336 3623 1507 1336 3624 1304 1336 3625 1306 1336 3626 1507 2868 3627 1504 2868 3628 1304 2868 3629 1509 1336 3630 1304 1336 3631 1504 1336 3632 1311 2869 3633 1308 2869 3634 1306 2869 3635 2332 2870 3636 1307 2871 3637 1309 2872 3638 2332 2873 3639 1508 2874 3640 1307 2875 3641 2349 2876 3642 1310 2876 3643 1313 2876 3644 2334 2877 3645 2332 2878 3646 1309 2879 3647 2349 2880 3648 2337 2880 3649 1310 2880 3650 2348 2881 3651 1312 2882 3652 1315 2883 3653 2363 2884 3654 1315 2885 3655 1318 2886 3656 2363 2887 3657 2348 2888 3658 1315 2889 3659 2360 2890 3660 1317 2891 3661 1320 2892 3662 2363 2893 3663 1318 2894 3664 2361 2895 3665 2384 2896 3666 1320 2897 3667 1322 2898 3668 2384 2899 3669 2360 2900 3670 1320 2901 3671 2382 2902 3672 1322 2903 3673 1324 2904 3674 2384 2905 3675 1322 2906 3676 2382 2907 3677 2380 2908 3678 1324 2909 3679 1327 2910 3680 2382 2911 3681 1324 2912 3682 2380 2913 3683 2377 2914 3684 1326 2915 3685 1329 2916 3686 2380 2917 3687 1327 2918 3688 2378 2919 3689 1336 2920 3690 1330 2921 3691 1328 2922 3692 2400 2923 3693 1329 2924 3694 1332 2925 3695 1340 2926 3696 1336 2926 3697 1328 2926 3698 2400 2927 3699 2377 2928 3700 1329 2929 3701 1336 2930 3702 1333 2930 3703 1330 2930 3704 2406 2931 3705 1331 2931 3706 1335 2931 3707 2400 2932 3708 1332 2933 3709 2398 2934 3710 2406 2935 3711 2397 2935 3712 1331 2935 3713 2405 2936 3714 1334 2937 3715 1337 2938 3716 1340 2939 3717 1338 2939 3718 1336 2939 3719 1356 1336 3720 1336 1336 3721 1338 1336 3722 2405 2940 3723 1337 2941 3724 1357 2942 3725 2813 2943 3726 1339 2944 3727 1341 2945 3728 1356 2946 3729 1338 2946 3730 1354 2946 3731 2811 2947 3732 1355 2948 3733 1339 2949 3734 2813 2950 3735 2811 2951 3736 1339 2952 3737 2815 2953 3738 1341 2954 3739 1343 2955 3740 2815 2956 3741 2813 2957 3742 1341 2958 3743 2818 2959 3744 1344 2960 3745 1346 2961 3746 2817 2962 3747 2815 2963 3748 1343 2964 3749 2822 2965 3750 1346 2966 3751 1348 2967 3752 2820 2968 3753 2818 2969 3754 1346 2970 3755 2822 2971 3756 2820 2972 3757 1346 2973 3758 2822 2974 3759 1348 2975 3760 1350 2976 3761 1358 1336 3762 1351 1336 3763 1349 1336 3764 2824 2977 3765 1350 2978 3766 1353 2979 3767 1361 1336 3768 1358 1336 3769 1349 1336 3770 1363 1336 3771 1361 1336 3772 1349 1336 3773 2824 2980 3774 2822 2981 3775 1350 2982 3776 1356 2983 3777 1354 2983 3778 1351 2983 3779 2808 2984 3780 1352 2985 3781 1355 2986 3782 1358 1336 3783 1356 1336 3784 1351 1336 3785 2824 2987 3786 1353 2988 3787 2809 2989 3788 2811 2990 3789 2808 2991 3790 1355 2992 3791 2414 2993 3792 1357 2994 3793 1359 2995 3794 2414 2996 3795 2405 2997 3796 1357 2998 3797 2411 2999 3798 1360 3000 3799 1362 3001 3800 2414 3002 3801 1359 3003 3802 2410 3004 3803 2415 3005 3804 1362 3006 3805 1364 3007 3806 2415 3008 3807 2411 3009 3808 1362 3010 3809 2432 3011 3810 1365 3011 3811 1368 3011 3812 2417 3012 3813 2415 3013 3814 1364 3014 3815 2432 3015 3816 2420 3015 3817 1365 3015 3818 2431 3016 3819 1367 3017 3820 1370 3018 3821 2451 3019 3822 1370 3020 3823 1373 3021 3824 2455 3022 3825 2431 3023 3826 1370 3024 3827 2453 3025 3828 1370 3026 3829 2451 3027 3830 2455 3028 3831 1370 3029 3832 2453 3030 3833 2448 3031 3834 1372 3032 3835 1375 3033 3836 2451 3034 3837 1373 3035 3838 2449 3036 3839 2477 3037 3840 1375 3038 3841 1377 3039 3842 2477 3040 3843 2448 3041 3844 1375 3042 3845 2477 3043 3846 1377 3044 3847 1379 3045 3848 2475 3046 3849 1379 3047 3850 1381 3048 3851 2477 3049 3852 1379 3050 3853 2475 3051 3854 2475 3052 3855 1381 3053 3856 1383 3054 3857 2473 3055 3858 1383 3056 3859 1386 3057 3860 2475 3058 3861 1383 3059 3862 2473 3060 3863 2470 3061 3864 1385 3062 3865 1388 3063 3866 2473 3064 3867 1386 3065 3868 2471 3066 3869 2483 3067 3870 1388 3068 3871 1391 3069 3872 2483 3070 3873 2470 3071 3874 1388 3072 3875 2480 3073 3876 1390 3074 3877 1393 3075 3878 2483 3076 3879 1391 3077 3880 2481 3078 3881 2492 3079 3882 1393 3080 3883 1395 3081 3884 2492 3082 3885 2480 3083 3886 1393 3084 3887 2133 3085 3888 1396 3085 3889 1398 3085 3890 2139 3085 3891 1396 3085 3892 2133 3085 3893 2492 3086 3894 1395 3087 3895 2138 3088 3896 2134 3089 3897 1399 3090 3898 1401 3091 3899 1406 3092 3900 1402 3092 3901 1400 3092 3902 2495 3093 3903 1401 3094 3904 1403 3095 3905 2495 3096 3906 2134 3097 3907 1401 3098 3908 2497 3099 3909 1403 3100 3910 1405 3101 3911 2497 3102 3912 2495 3103 3913 1403 3104 3914 2499 3105 3915 2497 3106 3916 1405 3107 3917 1415 2804 3918 1412 2804 3919 1409 2804 3920 2659 1340 3921 1410 1340 3922 1413 1340 3923 1418 2804 3924 1415 2804 3925 1409 2804 3926 2652 1649 3927 1414 1649 3928 1417 1649 3929 2660 1649 3930 1414 1649 3931 2652 1649 3932 2614 2806 3933 1416 2806 3934 1420 2806 3935 2653 2806 3936 1416 2806 3937 2614 2806 3938 2653 3108 3939 2650 3108 3940 1416 3108 3941 2613 3109 3942 1419 3110 3943 1422 3111 3944 2616 3112 3945 1422 3113 3946 1425 3114 3947 2616 3115 3948 2613 3116 3949 1422 3117 3950 2540 3118 3951 1424 3119 3952 1427 3120 3953 2616 3121 3954 1425 3122 3955 2541 3123 3956 2534 3124 3957 1427 3125 3958 1429 3126 3959 2540 3127 3960 1427 3128 3961 2534 3129 3962 2539 3130 3963 1430 3131 3964 1432 3132 3965 2536 3133 3966 2534 3134 3967 1429 3135 3968 1439 3136 3969 1433 3137 3970 1431 3138 3971 2594 3139 3972 1432 3140 3973 1435 3141 3974 1443 3142 3975 1439 3142 3976 1431 3142 3977 1445 3143 3978 1443 3143 3979 1431 3143 3980 2594 3144 3981 2539 3145 3982 1432 3146 3983 1439 3147 3984 1436 3147 3985 1433 3147 3986 2600 3148 3987 1434 3148 3988 1438 3148 3989 2594 3149 3990 1435 3150 3991 2592 3151 3992 2600 3152 3993 2591 3152 3994 1434 3152 3995 2599 3153 3996 1437 3154 3997 1440 3155 3998 1443 3156 3999 1441 3156 4000 1439 3156 4001 1459 1336 4002 1439 1336 4003 1441 1336 4004 2599 3157 4005 1440 3158 4006 1460 3159 4007 2792 3160 4008 1442 3161 4009 1444 3162 4010 1459 3163 4011 1441 3163 4012 1457 3163 4013 2790 3164 4014 1458 3165 4015 1442 3166 4016 2792 3167 4017 2790 3168 4018 1442 3169 4019 2794 3170 4020 1444 3171 4021 1447 3172 4022 2794 3173 4023 2792 3174 4024 1444 3175 4025 2780 3176 4026 1446 3177 4027 1449 3178 4028 2794 3179 4029 1447 3180 4030 2781 3181 4031 2785 3182 4032 1449 3183 4033 1451 3184 4034 2783 3185 4035 2780 3186 4036 1449 3187 4037 2785 3188 4038 2783 3189 4039 1449 3190 4040 2785 3191 4041 1451 3192 4042 1453 3193 4043 1461 1336 4044 1454 1336 4045 1452 1336 4046 2787 3194 4047 1453 3195 4048 1455 3196 4049 1463 1336 4050 1461 1336 4051 1452 1336 4052 2787 3197 4053 2785 3198 4054 1453 3199 4055 1459 3200 4056 1457 3200 4057 1454 3200 4058 2790 3201 4059 1456 3202 4060 1458 3203 4061 1461 1336 4062 1459 1336 4063 1454 1336 4064 2789 3204 4065 2787 3205 4066 1455 3206 4067 2612 3207 4068 1460 3208 4069 1462 3209 4070 2612 3210 4071 2599 3211 4072 1460 3212 4073 2610 3213 4074 1462 3214 4075 1464 3215 4076 2612 3216 4077 1462 3217 4078 2610 3218 4079 2608 3219 4080 1464 3220 4081 1467 3221 4082 2610 3222 4083 1464 3223 4084 2608 3224 4085 2259 3225 4086 1466 3225 4087 1469 3225 4088 2605 3225 4089 1466 3225 4090 2259 3225 4091 2608 3226 4092 1467 3227 4093 2606 3228 4094 2260 3229 4095 1470 3230 4096 1472 3231 4097 2256 3232 4098 1472 3233 4099 1474 3234 4100 2260 3235 4101 1472 3236 4102 2256 3237 4103 2254 3238 4104 1475 3239 4105 1477 3240 4106 2256 3241 4107 1474 3242 4108 2253 3243 4109 2272 3244 4110 1477 3245 4111 1479 3246 4112 2272 3247 4113 2254 3248 4114 1477 3249 4115 2270 3250 4116 1480 3251 4117 1482 3252 4118 2272 3253 4119 1479 3254 4120 2269 3255 4121 2288 3256 4122 1482 3257 4123 1484 3258 4124 2288 3259 4125 2270 3260 4126 1482 3261 4127 2288 3262 4128 1484 3263 4129 1486 3264 4130 2286 3265 4131 1486 3266 4132 1488 3267 4133 2288 3268 4134 1486 3269 4135 2286 3270 4136 2286 3271 4137 1488 3272 4138 1490 3273 4139 2284 3274 4140 1490 3275 4141 1492 3276 4142 2286 3277 4143 1490 3278 4144 2284 3279 4145 2282 3280 4146 1493 3281 4147 1495 3282 4148 2284 3283 4149 1492 3284 4150 2281 3285 4151 2315 3286 4152 1495 3287 4153 1497 3288 4154 2317 3289 4155 2282 3290 4156 1495 3291 4157 2317 3292 4158 1495 3293 4159 2315 3294 4160 2323 3295 4161 1498 3295 4162 1501 3295 4163 2313 3296 4164 1497 3297 4165 2310 3298 4166 2323 3299 4167 2311 3299 4168 1498 3299 4169 2315 3300 4170 1497 3301 4171 2313 3302 4172 1512 1336 4173 1502 1336 4174 1499 1336 4175 2322 3303 4176 1500 3304 4177 1503 3305 4178 1509 3092 4179 1504 3092 4180 1502 3092 4181 2331 3306 4182 1503 3307 4183 1505 3308 4184 1512 3309 4185 1509 3309 4186 1502 3309 4187 2331 3310 4188 2322 3311 4189 1503 3312 4190 2328 3313 4191 1506 3314 4192 1508 3315 4193 2331 3316 4194 1505 3317 4195 2327 3318 4196 2332 3319 4197 2328 3320 4198 1508 3321 4199 1530 3322 4200 1518 3323 4201 1515 3324 4202 1530 3325 4203 1515 3326 4204 1528 3327 4205 1541 3328 4206 1520 3329 4207 1518 3330 4208 1541 3331 4209 1518 3332 4210 1530 3333 4211 1540 3334 4212 1522 3335 4213 1520 3336 4214 1541 3337 4215 1540 3338 4216 1520 3339 4217 1540 3340 4218 1525 3341 4219 1522 3342 4220 2685 3343 4221 1524 3344 4222 1526 3345 4223 2685 3346 4224 2634 3347 4225 1524 3348 4226 1533 3349 4227 1528 3350 4228 1525 3351 4229 1535 3352 4230 1533 3353 4231 1525 3354 4232 1538 3355 4233 1535 3356 4234 1525 3357 4235 1540 3358 4236 1538 3359 4237 1525 3360 4238 1533 3361 4239 1530 3362 4240 1528 3363 4241 1537 1340 4242 1532 1340 4243 1534 1340 4244 2664 1340 4245 1532 1340 4246 1537 1340 4247 1542 3364 4248 1541 3365 4249 1530 3366 4250 2658 3367 4251 1543 3368 4252 1531 3369 4253 2663 3370 4254 2658 3371 4255 1531 3372 4256 2666 3373 4257 1536 3374 4258 1539 3375 4259 2663 3376 4260 1536 3377 4261 2655 3378 4262 2666 3379 4263 2655 3380 4264 1536 3381 4265 1544 3382 4266 1538 3383 4267 1540 3384 4268 2668 3385 4269 1539 3386 4270 1545 3387 4271 2668 3388 4272 2666 3389 4273 1539 3390 4274 1546 3391 4275 1540 3392 4276 1541 3393 4277 1546 3394 4278 1544 3395 4279 1540 3396 4280 1547 3397 4281 1541 3398 4282 1542 3399 4283 1547 3400 4284 1546 3401 4285 1541 3402 4286 1548 3403 4287 1547 3404 4288 1542 3405 4289 2665 3406 4290 1549 3407 4291 1543 3408 4292 2658 3409 4293 2651 3410 4294 1543 3411 4295 2665 3412 4296 1543 3413 4297 2651 3414 4298 1550 3415 4299 1544 3416 4300 1546 3417 4301 2669 3418 4302 1545 3419 4303 1552 3420 4304 2669 3421 4305 2668 3422 4306 1545 3423 4307 1554 3424 4308 1546 3425 4309 1547 3426 4310 1554 3427 4311 1550 3428 4312 1546 3429 4313 1554 3430 4314 1547 3431 4315 1548 3432 4316 1556 3433 4317 1554 3434 4318 1548 3435 4319 2667 3436 4320 1558 3437 4321 1549 3438 4322 2667 3439 4323 1549 3440 4324 2665 3441 4325 1566 3442 4326 1551 3443 4327 1555 3444 4328 2671 3445 4329 1553 3446 4330 1567 3447 4331 2671 3448 4332 2670 3449 4333 1553 3450 4334 1572 3451 4335 1555 3452 4336 1557 3453 4337 1568 3454 4338 1566 3455 4339 1555 3456 4340 1572 3457 4341 1568 3458 4342 1555 3459 4343 1572 3460 4344 1557 3461 4345 1564 3462 4346 2670 3463 4347 1565 3464 4348 1559 3465 4349 2669 3466 4350 1558 3467 4351 2667 3468 4352 1572 3469 4353 1564 3470 4354 1560 3471 4355 2670 3472 4356 1562 3473 4357 1565 3474 4358 1579 3475 4359 1573 3476 4360 1561 3477 4361 1581 3478 4362 1579 3479 4363 1561 3480 4364 2672 3481 4365 1583 3482 4366 1563 3483 4367 2671 3484 4368 1562 3485 4369 2670 3486 4370 2671 3487 4371 1567 3488 4372 1570 3489 4373 1574 3490 4374 1569 3491 4375 1573 3492 4376 1617 3493 4377 1571 3494 4378 1576 3495 4379 2672 3496 4380 1571 3497 4381 1617 3498 4382 1577 3499 4383 1574 3500 4384 1573 3501 4385 1579 3502 4386 1577 3503 4387 1573 3504 4388 1587 3505 4389 1575 3505 4390 1578 3505 4391 1587 3506 4392 1584 3506 4393 1575 3506 4394 1616 3507 4395 1575 3507 4396 1584 3507 4397 1600 3508 4398 1578 3508 4399 1580 3508 4400 1600 3509 4401 1587 3509 4402 1578 3509 4403 1600 3510 4404 1580 3510 4405 1582 3510 4406 1603 3506 4407 1600 3506 4408 1582 3506 4409 1618 3511 4410 1603 3511 4411 1582 3511 4412 2672 3512 4413 1619 3513 4414 1583 3514 4415 1620 0 4416 1585 0 4417 1588 0 4418 1614 3515 4419 1603 3515 4420 1584 3515 4421 1618 3516 4422 1584 3516 4423 1603 3516 4424 1664 3517 4425 1615 3518 4426 1586 3519 4427 1618 3520 4428 1616 3520 4429 1584 3520 4430 1664 3521 4431 1586 3522 4432 1622 3523 4433 1598 3524 4434 1590 3524 4435 1587 3524 4436 1625 3525 4437 1589 3526 4438 1591 3527 4439 1600 3515 4440 1598 3515 4441 1587 3515 4442 1623 0 4443 1620 0 4444 1588 0 4445 1595 3528 4446 1592 3528 4447 1590 3528 4448 1662 3529 4449 1591 3530 4450 1594 3531 4451 1598 3532 4452 1595 3532 4453 1590 3532 4454 1662 3533 4455 1625 3534 4456 1591 3535 4457 1659 3536 4458 1593 3536 4459 1597 3536 4460 1662 3537 4461 1594 3538 4462 1660 3539 4463 1656 3540 4464 1596 3541 4465 1599 3542 4466 1659 1649 4467 1597 1649 4468 1657 1649 4469 1654 3543 4470 1599 3544 4471 1602 3545 4472 1656 3546 4473 1599 3547 4474 1654 3548 4475 1651 3549 4476 1601 3549 4477 1605 3549 4478 1654 3550 4479 1602 3551 4480 1652 3552 4481 1614 3553 4482 1606 3553 4483 1603 3553 4484 1648 3554 4485 1604 3555 4486 1607 3556 4487 1651 3557 4488 1605 3557 4489 1649 3557 4490 1611 3558 4491 1608 3558 4492 1606 3558 4493 1646 3559 4494 1607 3560 4495 1610 3561 4496 1614 3562 4497 1611 3562 4498 1606 3562 4499 1648 3563 4500 1607 3564 4501 1646 3565 4502 1643 3566 4503 1609 3566 4504 1612 3566 4505 1646 3567 4506 1610 3568 4507 1644 3569 4508 1667 3570 4509 1613 3571 4510 1615 3572 4511 1666 1618 4512 1643 1618 4513 1612 1618 4514 1667 3573 4515 1615 3574 4516 1664 3575 4517 2672 3576 4518 1617 3577 4519 1619 3578 4520 1640 1340 4521 1621 1340 4522 1624 1340 4523 1640 3579 4524 1637 3579 4525 1621 3579 4526 1663 3580 4527 1621 3580 4528 1637 3580 4529 1640 3581 4530 1624 3581 4531 1626 3581 4532 1661 1340 4533 1626 1340 4534 1624 1340 4535 1658 3582 4536 1629 3582 4537 1626 3582 4538 1676 3583 4539 1627 3584 4540 1630 3585 4541 1685 1336 4542 1641 1336 4543 1628 1336 4544 1661 1340 4545 1658 1340 4546 1626 1340 4547 1676 3586 4548 1668 3587 4549 1627 3588 4550 1685 3589 4551 1628 3589 4552 1669 3589 4553 1650 3590 4554 1632 3590 4555 1629 3590 4556 2772 3591 4557 1631 3591 4558 1633 3591 4559 1653 3592 4560 1650 3592 4561 1629 3592 4562 1655 3593 4563 1653 3593 4564 1629 3593 4565 1658 3594 4566 1655 3594 4567 1629 3594 4568 2772 3595 4569 1677 3595 4570 1631 3595 4571 1647 3596 4572 1634 3596 4573 1632 3596 4574 2772 3597 4575 1633 3597 4576 1636 3597 4577 1650 3598 4578 1647 3598 4579 1632 3598 4580 1642 3599 4581 1637 3599 4582 1634 3599 4583 1699 3600 4584 1635 3601 4585 1639 3602 4586 1645 1340 4587 1642 1340 4588 1634 1340 4589 1647 1340 4590 1645 1340 4591 1634 1340 4592 2771 3603 4593 1635 3604 4594 1699 3605 4595 1684 1336 4596 1638 1336 4597 1641 1336 4598 1665 3606 4599 1637 3606 4600 1642 3606 4601 1665 3607 4602 1663 3607 4603 1637 3607 4604 1684 3608 4605 1683 3608 4606 1638 3608 4607 1698 1336 4608 1638 1336 4609 1683 1336 4610 1685 3609 4611 1684 3609 4612 1641 3609 4613 1673 3610 4614 1670 3611 4615 1668 3612 4616 1685 3613 4617 1669 3613 4618 1671 3613 4619 1676 3614 4620 1673 3615 4621 1668 3616 4622 2774 3617 4623 1672 3617 4624 1675 3617 4625 1686 1336 4626 1685 1336 4627 1671 1336 4628 1695 3618 4629 1686 3618 4630 1671 3618 4631 1696 1336 4632 1695 1336 4633 1671 1336 4634 2774 3619 4635 1697 3619 4636 1672 3619 4637 2768 3620 4638 1674 3620 4639 1677 3620 4640 2770 3621 4641 1674 3621 4642 2768 3621 4643 2773 3622 4644 1674 3622 4645 2770 3622 4646 2772 3623 4647 2768 3623 4648 1677 3623 4649 1716 3624 4650 1681 3624 4651 1678 3624 4652 1920 3625 4653 1680 3626 4654 1682 3627 4655 1917 3628 4656 1717 3629 4657 1679 3630 4658 1919 3631 4659 1917 3632 4660 1679 3633 4661 1706 3634 4662 1683 3634 4663 1681 3634 4664 1782 3635 4665 1681 3635 4666 1683 3635 4667 1708 3636 4668 1706 3636 4669 1681 3636 4670 1710 3637 4671 1708 3637 4672 1681 3637 4673 1712 3638 4674 1710 3638 4675 1681 3638 4676 1714 3639 4677 1712 3639 4678 1681 3639 4679 1716 3640 4680 1714 3640 4681 1681 3640 4682 1920 3641 4683 1682 3642 4684 1783 3643 4685 1765 1336 4686 1683 1336 4687 1684 1336 4688 1700 1336 4689 1698 1336 4690 1683 1336 4691 1703 3644 4692 1700 3644 4693 1683 3644 4694 1705 3645 4695 1703 3645 4696 1683 3645 4697 1706 3646 4698 1705 3646 4699 1683 3646 4700 1755 3647 4701 1752 3647 4702 1683 3647 4703 1782 3648 4704 1683 3648 4705 1752 3648 4706 1757 3649 4707 1755 3649 4708 1683 3649 4709 1760 3650 4710 1757 3650 4711 1683 3650 4712 1763 3651 4713 1760 3651 4714 1683 3651 4715 1765 3652 4716 1763 3652 4717 1683 3652 4718 1765 3653 4719 1684 3653 4720 1685 3653 4721 1766 1336 4722 1685 1336 4723 1686 1336 4724 1766 3654 4725 1765 3654 4726 1685 3654 4727 1691 3655 4728 1687 3655 4729 1686 3655 4730 1767 3656 4731 1686 3656 4732 1687 3656 4733 1693 3657 4734 1691 3657 4735 1686 3657 4736 1695 3658 4737 1693 3658 4738 1686 3658 4739 1767 3659 4740 1766 3659 4741 1686 3659 4742 1691 3660 4743 1689 3660 4744 1687 3660 4745 2080 3661 4746 1688 3662 4747 1690 3663 4748 1769 3664 4749 1767 3664 4750 1687 3664 4751 1772 3665 4752 1769 3665 4753 1687 3665 4754 1775 3666 4755 1772 3666 4756 1687 3666 4757 1777 3667 4758 1775 3667 4759 1687 3667 4760 1780 3668 4761 1777 3668 4762 1687 3668 4763 2080 3669 4764 1781 3670 4765 1688 3671 4766 2082 3672 4767 1690 3673 4768 1692 3674 4769 2082 3675 4770 2080 3676 4771 1690 3677 4772 2084 3678 4773 1692 3679 4774 1694 3680 4775 2084 3681 4776 2082 3682 4777 1692 3683 4778 1826 1336 4779 1693 1336 4780 1695 1336 4781 2084 3684 4782 1694 3685 4783 1828 3686 4784 1837 3687 4785 1695 3687 4786 1696 3687 4787 1829 3688 4788 1826 3688 4789 1695 3688 4790 1831 3689 4791 1829 3689 4792 1695 3689 4793 1834 3690 4794 1831 3690 4795 1695 3690 4796 1837 3691 4797 1834 3691 4798 1695 3691 4799 1839 3692 4800 1837 3692 4801 1696 3692 4802 1841 3693 4803 1839 3693 4804 1696 3693 4805 1843 3694 4806 1841 3694 4807 1696 3694 4808 1847 3695 4809 1843 3695 4810 1696 3695 4811 2774 3696 4812 1848 3696 4813 1697 3696 4814 2771 3697 4815 1699 3698 4816 1702 3699 4817 2766 3700 4818 1701 3700 4819 1704 3700 4820 2771 3701 4821 1702 3702 4822 2767 3703 4823 1731 1336 4824 1703 1336 4825 1705 1336 4826 2766 3704 4827 1704 3704 4828 1732 3704 4829 1728 1336 4830 1705 1336 4831 1706 1336 4832 1742 3705 4833 1705 3705 4834 1728 3705 4835 1733 3706 4836 1731 3706 4837 1705 3706 4838 1739 3707 4839 1733 3707 4840 1705 3707 4841 1742 3708 4842 1739 3708 4843 1705 3708 4844 2693 3709 4845 1707 3710 4846 1709 3711 4847 2693 3712 4848 1729 3713 4849 1707 3714 4850 2697 3715 4851 1709 3716 4852 1711 3717 4853 2697 3718 4854 2693 3719 4855 1709 3720 4856 2697 3721 4857 1711 3722 4858 1713 3723 4859 1721 1336 4860 1712 1336 4861 1714 1336 4862 2697 3724 4863 1713 3725 4864 1722 3726 4865 1914 3727 4866 1715 3728 4867 1717 3729 4868 1721 1336 4869 1714 1336 4870 1718 1336 4871 1914 3730 4872 1719 3731 4873 1715 3732 4874 1917 3733 4875 1914 3734 4876 1717 3735 4877 1724 1336 4878 1721 1336 4879 1718 1336 4880 1726 1336 4881 1724 1336 4882 1718 1336 4883 1728 3736 4884 1726 3736 4885 1718 3736 4886 1750 3737 4887 1728 3737 4888 1718 3737 4889 1963 3738 4890 1751 3739 4891 1720 3740 4892 1963 3741 4893 1720 3742 4894 1916 3743 4895 2700 3744 4896 1723 3745 4897 1725 3746 4898 2699 3747 4899 2697 3748 4900 1722 3749 4901 2703 3750 4902 1725 3751 4903 1727 3752 4904 2703 3753 4905 2700 3754 4906 1725 3755 4907 2703 3756 4908 1727 3757 4909 1730 3758 4910 1744 3759 4911 1742 3759 4912 1728 3759 4913 1747 3760 4914 1744 3760 4915 1728 3760 4916 1750 3761 4917 1747 3761 4918 1728 3761 4919 2703 3762 4920 1730 3763 4921 2694 3764 4922 2769 1618 4923 1732 1618 4924 1734 1618 4925 2769 3765 4926 2766 3765 4927 1732 3765 4928 1737 1336 4929 1735 1336 4930 1733 1336 4931 1882 1336 4932 1733 1336 4933 1735 1336 4934 1739 3766 4935 1737 3766 4936 1733 3766 4937 2769 3767 4938 1734 3767 4939 1884 3767 4940 1982 3768 4941 1736 3769 4942 1738 3770 4943 1879 1336 4944 1866 1336 4945 1735 1336 4946 1903 3771 4947 1735 3771 4948 1866 3771 4949 1982 3772 4950 1880 3773 4951 1736 3774 4952 1912 3775 4953 1882 3775 4954 1735 3775 4955 1903 1336 4956 1900 1336 4957 1735 1336 4958 1912 3776 4959 1735 3776 4960 1900 3776 4961 1986 3777 4962 1738 3778 4963 1741 3779 4964 1986 3780 4965 1982 3781 4966 1738 3782 4967 1972 3783 4968 1740 3784 4969 1743 3785 4970 1986 3786 4971 1741 3787 4972 1973 3788 4973 1977 3789 4974 1743 3790 4975 1746 3791 4976 1975 3792 4977 1972 3793 4978 1743 3794 4979 1977 3795 4980 1975 3796 4981 1743 3797 4982 1965 3798 4983 1745 3798 4984 1749 3798 4985 1968 3799 4986 1745 3799 4987 1965 3799 4988 1980 3800 4989 1746 3801 4990 1969 3802 4991 1980 3803 4992 1977 3804 4993 1746 3805 4994 1964 3806 4995 1748 3807 4996 1751 3808 4997 1963 3809 4998 1928 3810 4999 1751 3811 5000 1964 3812 5001 1751 3813 5002 1928 3814 5003 1926 3815 5004 1754 3816 5005 1756 3817 5006 1922 3818 5007 1783 3819 5008 1753 3820 5009 1924 3821 5010 1922 3822 5011 1753 3823 5012 1961 3824 5013 1756 3825 5014 1759 3826 5015 1961 3827 5016 1926 3828 5017 1756 3829 5018 2223 3830 5019 1758 3830 5020 1762 3830 5021 2233 3831 5022 1961 3832 5023 1759 3833 5024 2232 3834 5025 1758 3834 5026 2223 3834 5027 2222 3835 5028 1761 3836 5029 1764 3837 5030 1784 3838 5031 1763 3838 5032 1765 3838 5033 2230 3839 5034 1764 3840 5035 1786 3841 5036 2226 3842 5037 2222 3843 5038 1764 3844 5039 2228 3845 5040 2226 3846 5041 1764 3847 5042 2230 3848 5043 2228 3849 5044 1764 3850 5045 1807 1336 5046 1765 1336 5047 1766 1336 5048 1802 1336 5049 1784 1336 5050 1765 1336 5051 1805 3851 5052 1802 3851 5053 1765 3851 5054 1807 3852 5055 1805 3852 5056 1765 3852 5057 1809 3853 5058 1766 3853 5059 1767 3853 5060 1809 3854 5061 1807 3854 5062 1766 3854 5063 2152 3855 5064 1768 3856 5065 1771 3857 5066 1824 3858 5067 1809 3858 5068 1767 3858 5069 2148 3859 5070 1825 3860 5071 1768 3861 5072 2150 3862 5073 2148 3863 5074 1768 3864 5075 2152 3865 5076 2150 3866 5077 1768 3867 5078 2094 3868 5079 1770 3868 5080 1774 3868 5081 2127 3869 5082 1770 3869 5083 2094 3869 5084 2154 3870 5085 1771 3871 5086 2128 3872 5087 2154 3873 5088 2152 3874 5089 1771 3875 5090 2091 3876 5091 1773 3877 5092 1776 3878 5093 2089 3879 5094 1776 3880 5095 1779 3881 5096 2089 3882 5097 2086 3883 5098 1776 3884 5099 2091 3885 5100 1776 3886 5101 2086 3887 5102 2077 3888 5103 1778 3889 5104 1781 3890 5105 2089 3891 5106 1779 3892 5107 2078 3893 5108 2080 3894 5109 2077 3895 5110 1781 3896 5111 1922 3897 5112 1920 3898 5113 1783 3899 5114 1802 1336 5115 1787 1336 5116 1784 1336 5117 2217 3900 5118 1785 3901 5119 1788 3902 5120 2230 3903 5121 1786 3904 5122 2218 3905 5123 1800 3906 5124 1789 3906 5125 1787 3906 5126 2220 3907 5127 1788 3908 5128 1791 3909 5129 1802 3910 5130 1800 3910 5131 1787 3910 5132 2220 3911 5133 2217 3912 5134 1788 3913 5135 1800 3914 5136 1792 3914 5137 1789 3914 5138 2210 3915 5139 1790 3915 5140 1794 3915 5141 2213 3916 5142 1790 3916 5143 2210 3916 5144 2220 3917 5145 1791 3918 5146 2214 3919 5147 1797 3920 5148 1795 3920 5149 1792 3920 5150 2209 3921 5151 1793 3922 5152 1796 3923 5153 1800 3924 5154 1797 3924 5155 1792 3924 5156 2183 3925 5157 1796 3926 5158 1799 3927 5159 2185 3928 5160 1796 3929 5161 2183 3930 5162 2209 3931 5163 1796 3932 5164 2185 3933 5165 2177 3934 5166 1798 3935 5167 1801 3936 5168 2183 3937 5169 1799 3938 5170 2179 3939 5171 2180 3940 5172 1801 3941 5173 1804 3942 5174 2180 3943 5175 2177 3944 5176 1801 3945 5177 2168 3946 5178 1803 3947 5179 1806 3948 5180 2180 3949 5181 1804 3950 5182 2169 3951 5183 2171 3952 5184 1806 3953 5185 1808 3954 5186 2171 3955 5187 2168 3956 5188 1806 3957 5189 2173 3958 5190 1808 3959 5191 1810 3960 5192 2173 3961 5193 2171 3962 5194 1808 3963 5195 1824 3964 5196 1811 3964 5197 1809 3964 5198 2175 3965 5199 1810 3966 5200 1813 3967 5201 2175 3968 5202 2173 3969 5203 1810 3970 5204 1816 3971 5205 1814 3971 5206 1811 3971 5207 2160 3972 5208 1812 3973 5209 1815 3974 5210 1819 1336 5211 1816 1336 5212 1811 1336 5213 1822 1336 5214 1819 1336 5215 1811 1336 5216 1824 1336 5217 1822 1336 5218 1811 1336 5219 2175 3975 5220 1813 3976 5221 2161 3977 5222 2163 3978 5223 1815 3979 5224 1818 3980 5225 2163 3981 5226 2160 3982 5227 1815 3983 5228 2143 3984 5229 1817 3984 5230 1821 3984 5231 2156 3985 5232 1817 3985 5233 2143 3985 5234 2163 3986 5235 1818 3987 5236 2157 3988 5237 2142 3989 5238 1820 3990 5239 1823 3991 5240 2146 3992 5241 1823 3993 5242 1825 3994 5243 2146 3995 5244 2142 3996 5245 1823 3997 5246 2148 3998 5247 2146 3999 5248 1825 4000 5249 2069 4001 5250 1827 4002 5251 1830 4003 5252 2084 4004 5253 1828 4005 5254 2070 4006 5255 2072 4007 5256 1830 4008 5257 1833 4009 5258 2072 4010 5259 2069 4011 5260 1830 4012 5261 2051 4013 5262 1832 4013 5263 1836 4013 5264 2065 4014 5265 1832 4014 5266 2051 4014 5267 2072 4015 5268 1833 4016 5269 2066 4017 5270 2050 4018 5271 1835 4019 5272 1838 4020 5273 2059 4021 5274 1838 4022 5275 1840 4023 5276 2054 4024 5277 2050 4025 5278 1838 4026 5279 2056 4027 5280 2054 4028 5281 1838 4029 5282 2059 4030 5283 2056 4031 5284 1838 4032 5285 2061 4033 5286 1840 4034 5287 1842 4035 5288 2061 4036 5289 2059 4037 5290 1840 4038 5291 2063 4039 5292 1842 4040 5293 1844 4041 5294 2063 4042 5295 2061 4043 5296 1842 4044 5297 1847 4045 5298 1845 4045 5299 1843 4045 5300 1857 4046 5301 1843 4046 5302 1845 4046 5303 1855 1336 5304 1849 1336 5305 1843 1336 5306 2063 4047 5307 1844 4048 5308 1851 4049 5309 1857 4050 5310 1855 4050 5311 1843 4050 5312 2776 4051 5313 1846 4051 5314 1848 4051 5315 1897 1336 5316 1857 1336 5317 1845 1336 5318 2776 1649 5319 1898 1649 5320 1846 1649 5321 2776 1649 5322 1848 1649 5323 2774 1649 5324 1855 1336 5325 1852 1336 5326 1849 1336 5327 2043 4052 5328 1850 4052 5329 1854 4052 5330 2046 4053 5331 1850 4053 5332 2043 4053 5333 2063 4054 5334 1851 4055 5335 2047 4056 5336 2042 4057 5337 1853 4058 5338 1856 4059 5339 2013 4060 5340 1856 4061 5341 1859 4062 5342 2015 4063 5343 1856 4064 5344 2013 4065 5345 2042 4066 5346 1856 4067 5347 2015 4068 5348 1897 4069 5349 1860 4069 5350 1857 4069 5351 2010 4070 5352 1858 4071 5353 1861 4072 5354 2013 4073 5355 1859 4074 5356 2011 4075 5357 1890 4076 5358 1862 4076 5359 1860 4076 5360 2008 4077 5361 1861 4078 5362 1863 4079 5363 1892 4080 5364 1890 4080 5365 1860 4080 5366 1895 4081 5367 1892 4081 5368 1860 4081 5369 1897 4082 5370 1895 4082 5371 1860 4082 5372 2010 4083 5373 1861 4084 5374 2008 4085 5375 1885 4086 5376 1864 4086 5377 1862 4086 5378 2006 4087 5379 1863 4088 5380 1865 4089 5381 1887 4090 5382 1885 4090 5383 1862 4090 5384 1890 1336 5385 1887 1336 5386 1862 1336 5387 2008 4091 5388 1863 4092 5389 2006 4093 5390 1905 4094 5391 1866 4094 5392 1864 4094 5393 2004 4095 5394 1865 4096 5395 1868 4097 5396 1885 4098 5397 1882 4098 5398 1864 4098 5399 1910 4099 5400 1864 4099 5401 1882 4099 5402 1907 1336 5403 1905 1336 5404 1864 1336 5405 1910 4100 5406 1907 4100 5407 1864 4100 5408 2006 4101 5409 1865 4102 5410 2004 4103 5411 1879 1336 5412 1869 1336 5413 1866 1336 5414 2001 4104 5415 1867 4105 5416 1870 4106 5417 1905 4107 5418 1903 4107 5419 1866 4107 5420 2004 4108 5421 1868 4109 5422 2002 4110 5423 1874 1336 5424 1871 1336 5425 1869 1336 5426 2041 4111 5427 1870 4112 5428 1873 4113 5429 1876 1336 5430 1874 1336 5431 1869 1336 5432 1879 4114 5433 1876 4114 5434 1869 4114 5435 2041 4115 5436 2001 4116 5437 1870 4117 5438 1992 4118 5439 1872 4119 5440 1875 4120 5441 2041 4121 5442 1873 4122 5443 1994 4123 5444 1995 4124 5445 1875 4125 5446 1878 4126 5447 1995 4127 5448 1992 4128 5449 1875 4129 5450 1983 4130 5451 1877 4130 5452 1881 4130 5453 1988 4131 5454 1877 4131 5455 1983 4131 5456 1995 4132 5457 1878 4133 5458 1989 4134 5459 2761 4135 5460 1883 4136 5461 1886 4137 5462 1912 4138 5463 1910 4138 5464 1882 4138 5465 2769 1618 5466 1884 1618 5467 2762 1618 5468 2764 4139 5469 1886 4140 5470 1889 4141 5471 2764 4142 5472 2761 4143 5473 1886 4144 5474 2753 2806 5475 1888 2806 5476 1891 2806 5477 2764 4145 5478 1889 4146 5479 2754 4147 5480 2756 2806 5481 1891 2806 5482 1893 2806 5483 2756 2806 5484 2753 2806 5485 1891 2806 5486 2760 4148 5487 1894 4149 5488 1896 4150 5489 2758 2806 5490 2756 2806 5491 1893 2806 5492 2779 4151 5493 1896 4152 5494 1899 4153 5495 2779 4154 5496 2760 4155 5497 1896 4156 5498 2779 4157 5499 1899 4158 5500 2777 4159 5501 2730 4160 5502 1902 4161 5503 1904 4162 5504 2727 4163 5505 1913 4164 5506 1901 4165 5507 2729 4166 5508 2727 4167 5509 1901 4168 5510 2733 4169 5511 1904 4170 5512 1906 4171 5513 2733 4172 5514 2730 4173 5515 1904 4174 5516 2733 4175 5517 1906 4176 5518 1909 4177 5519 2723 4178 5520 1908 4179 5521 1911 4180 5522 2733 4181 5523 1909 4182 5524 2724 4183 5525 2727 4184 5526 1911 4185 5527 1913 4186 5528 2727 4187 5529 2723 4188 5530 1911 4189 5531 1943 1336 5532 1915 1336 5533 1918 1336 5534 1940 4190 5535 1938 4190 5536 1915 4190 5537 1962 4191 5538 1915 4191 5539 1938 4191 5540 1943 4192 5541 1940 4192 5542 1915 4192 5543 1943 4193 5544 1918 4193 5545 1921 4193 5546 1945 1336 5547 1921 1336 5548 1923 1336 5549 1945 1336 5550 1943 1336 5551 1921 1336 5552 1947 1336 5553 1923 1336 5554 1925 1336 5555 1947 4194 5556 1945 4194 5557 1923 4194 5558 1949 4195 5559 1947 4195 5560 1925 4195 5561 1960 4196 5562 1949 4196 5563 1925 4196 5564 1962 4197 5565 1930 4197 5566 1927 4197 5567 2304 4198 5568 1929 4198 5569 1932 4198 5570 2304 4199 5571 1966 4199 5572 1929 4199 5573 1935 4200 5574 1933 4200 5575 1930 4200 5576 2303 4201 5577 1931 4202 5578 1934 4203 5579 1962 4204 5580 1935 4204 5581 1930 4204 5582 2301 4205 5583 1934 4206 5584 1937 4207 5585 2303 4208 5586 1934 4209 5587 2301 4210 5588 1962 1336 5589 1938 1336 5590 1935 1336 5591 2295 4211 5592 1936 4212 5593 1939 4213 5594 2301 4214 5595 1937 4215 5596 2297 4216 5597 2298 4217 5598 1939 4218 5599 1942 4219 5600 2298 4220 5601 2295 4221 5602 1939 4222 5603 2274 4223 5604 1941 4224 5605 1944 4225 5606 2298 4226 5607 1942 4227 5608 2275 4228 5609 2294 4229 5610 1944 4230 5611 1946 4231 5612 2294 4232 5613 2274 4233 5614 1944 4234 5615 2292 4235 5616 1946 4236 5617 1948 4237 5618 2294 4238 5619 1946 4239 5620 2292 4240 5621 2290 4241 5622 1948 4242 5623 1951 4243 5624 2292 4244 5625 1948 4245 5626 2290 4246 5627 1960 1336 5628 1952 1336 5629 1949 1336 5630 2245 4247 5631 1950 4248 5632 1953 4249 5633 2290 4250 5634 1951 4251 5635 2248 4252 5636 1960 1336 5637 1954 1336 5638 1952 1336 5639 2240 4253 5640 1953 4254 5641 1956 4255 5642 2249 4256 5643 1953 4257 5644 2240 4258 5645 2249 4259 5646 2245 4260 5647 1953 4261 5648 1960 4262 5649 1957 4262 5650 1954 4262 5651 2234 4263 5652 1955 4263 5653 1959 4263 5654 2236 4264 5655 1955 4264 5656 2234 4264 5657 2243 4265 5658 1956 4266 5659 2237 4267 5660 2243 4268 5661 2240 4269 5662 1956 4270 5663 2233 4271 5664 1958 4272 5665 1961 4273 5666 2307 4274 5667 1970 4275 5668 1967 4276 5669 2307 4277 5670 1967 4278 5671 2305 4279 5672 2319 4280 5673 1981 4281 5674 1971 4282 5675 2318 4283 5676 1970 4284 5677 2307 4285 5678 2333 4286 5679 1974 4287 5680 1976 4288 5681 2335 4289 5682 1987 4290 5683 1974 4291 5684 2335 4292 5685 1974 4293 5686 2333 4294 5687 2333 4295 5688 1976 4296 5689 1979 4297 5690 2319 4298 5691 1978 4299 5692 1981 4300 5693 2324 4301 5694 1978 4302 5695 2319 4303 5696 2333 4304 5697 1979 4305 5698 2325 4306 5699 2338 4307 5700 1984 4308 5701 1987 4309 5702 2339 4310 5703 1990 4311 5704 1985 4312 5705 2338 4313 5706 1987 4314 5707 2335 4315 5708 1997 4316 5709 1995 4317 5710 1989 4318 5711 2038 4319 5712 1999 4319 5713 1991 4319 5714 2341 4319 5715 2038 4319 5716 1991 4319 5717 2340 4320 5718 1990 4321 5719 2339 4322 5720 2037 4323 5721 1993 4323 5722 1996 4323 5723 1993 1336 5724 2037 1336 5725 2840 1336 5726 2040 4324 5727 1993 4324 5728 2035 4324 5729 2037 1336 5730 1996 1336 5731 1998 1336 5732 2030 4325 5733 2003 4325 5734 2000 4325 5735 2032 4326 5736 2030 4326 5737 2000 4326 5738 2040 4327 5739 2032 4327 5740 2000 4327 5741 2027 1336 5742 2005 1336 5743 2003 1336 5744 2030 1336 5745 2027 1336 5746 2003 1336 5747 2025 1336 5748 2007 1336 5749 2005 1336 5750 2027 1336 5751 2025 1336 5752 2005 1336 5753 2025 4328 5754 2009 4328 5755 2007 4328 5756 2022 1336 5757 2012 1336 5758 2009 1336 5759 2025 4329 5760 2022 4329 5761 2009 4329 5762 2017 1336 5763 2014 1336 5764 2012 1336 5765 2020 4330 5766 2017 4330 5767 2012 4330 5768 2022 4331 5769 2020 4331 5770 2012 4331 5771 2390 4332 5772 2016 4332 5773 2019 4332 5774 2390 4332 5775 2045 4332 5776 2016 4332 5777 2387 4333 5778 2018 4334 5779 2021 4335 5780 2391 4336 5781 2021 4337 5782 2024 4338 5783 2391 4339 5784 2387 4340 5785 2021 4341 5786 2370 4342 5787 2023 4343 5788 2026 4344 5789 2391 4345 5790 2024 4346 5791 2371 4347 5792 2368 4348 5793 2026 4349 5794 2029 4350 5795 2370 4351 5796 2026 4352 5797 2368 4353 5798 2365 4354 5799 2028 4355 5800 2031 4356 5801 2368 4357 5802 2029 4358 5803 2366 4359 5804 2386 4360 5805 2031 4361 5806 2034 4362 5807 2386 4363 5808 2365 4364 5809 2031 4365 5810 2040 4366 5811 2035 4366 5812 2032 4366 5813 2350 4367 5814 2033 4368 5815 2036 4369 5816 2386 4370 5817 2034 4371 5818 2353 4372 5819 2354 4373 5820 2036 4374 5821 2841 4375 5822 2354 4376 5823 2350 4377 5824 2036 4378 5825 2354 4379 5826 2039 4380 5827 2342 4381 5828 2394 4382 5829 2048 4383 5830 2044 4384 5831 2394 4385 5832 2044 4386 5833 2389 4387 5834 2413 4388 5835 2064 4389 5836 2049 4390 5837 2401 4391 5838 2048 4392 5839 2394 4393 5840 2413 4394 5841 2049 4395 5842 2402 4396 5843 2408 4397 5844 2052 4398 5845 2055 4399 5846 2422 4400 5847 2067 4401 5848 2053 4402 5849 2421 4403 5850 2052 4404 5851 2408 4405 5852 2408 4406 5853 2055 4407 5854 2058 4408 5855 2407 4409 5856 2057 4410 5857 2060 4411 5858 2413 4412 5859 2060 4413 5860 2062 4414 5861 2409 4415 5862 2407 4416 5863 2060 4417 5864 2413 4418 5865 2409 4419 5866 2060 4420 5867 2413 4421 5868 2062 4422 5869 2064 4423 5870 2074 4424 5871 2072 4425 5872 2066 4426 5873 2120 4427 5874 2076 4427 5875 2068 4427 5876 2424 4428 5877 2120 4428 5878 2068 4428 5879 2423 4429 5880 2067 4430 5881 2422 4431 5882 2109 4432 5883 2071 4432 5884 2073 4432 5885 2107 1336 5886 2085 1336 5887 2071 1336 5888 2109 4433 5889 2107 4433 5890 2071 4433 5891 2119 1336 5892 2073 1336 5893 2075 1336 5894 2112 1336 5895 2109 1336 5896 2073 1336 5897 2119 4434 5898 2112 4435 5899 2073 4436 5900 2103 1336 5901 2079 1336 5902 2081 1336 5903 2100 4437 5904 2090 4437 5905 2079 4437 5906 2103 4438 5907 2100 4438 5908 2079 4438 5909 2103 4439 5910 2081 4439 5911 2083 4439 5912 2105 1336 5913 2083 1336 5914 2085 1336 5915 2105 1336 5916 2103 1336 5917 2083 1336 5918 2107 4440 5919 2105 4440 5920 2085 4440 5921 2095 1336 5922 2087 1336 5923 2090 1336 5924 2122 4441 5925 2092 4441 5926 2088 4441 5927 2122 4442 5928 2088 4442 5929 2096 4442 5930 2098 1336 5931 2095 1336 5932 2090 1336 5933 2100 4443 5934 2098 4443 5935 2090 4443 5936 2140 4444 5937 2093 4445 5938 2123 4446 5939 2140 4447 5940 2126 4448 5941 2093 4449 5942 2125 4450 5943 2097 4451 5944 2099 4452 5945 2485 4453 5946 2099 4454 5947 2102 4455 5948 2494 4456 5949 2125 4457 5950 2099 4458 5951 2488 4459 5952 2099 4460 5953 2485 4461 5954 2494 4462 5955 2099 4463 5956 2488 4464 5957 2456 4465 5958 2101 4466 5959 2104 4467 5960 2485 4468 5961 2102 4469 5962 2459 4470 5963 2460 4471 5964 2104 4472 5965 2106 4473 5966 2460 4474 5967 2456 4475 5968 2104 4476 5969 2462 4477 5970 2106 4478 5971 2108 4479 5972 2462 4480 5973 2460 4481 5974 2106 4482 5975 2464 4483 5976 2108 4484 5977 2111 4485 5978 2464 4486 5979 2462 4487 5980 2108 4488 5981 2441 4489 5982 2110 4490 5983 2113 4491 5984 2464 4492 5985 2111 4493 5986 2442 4494 5987 2117 4495 5988 2114 4495 5989 2112 4495 5990 2439 4496 5991 2113 4497 5992 2116 4498 5993 2119 4499 5994 2117 4499 5995 2112 4499 5996 2441 4500 5997 2113 4501 5998 2439 4502 5999 2433 4503 6000 2115 4504 6001 2118 4505 6002 2439 4506 6003 2116 4507 6004 2435 4508 6005 2436 4509 6006 2118 4510 6007 2121 4511 6008 2436 4512 6009 2433 4513 6010 2118 4514 6011 2436 4515 6012 2121 4516 6013 2425 4517 6014 2490 4518 6015 2141 4519 6016 2124 4520 6017 2493 4521 6018 2490 4522 6019 2124 4523 6020 2140 4524 6021 2130 4525 6022 2126 4526 6023 2496 4527 6024 2129 4528 6025 2131 4529 6026 2496 4530 6027 2155 4531 6028 2129 4532 6029 2136 4533 6030 2132 4534 6031 2130 4535 6032 2496 4536 6033 2131 4537 6034 2135 4538 6035 2140 4539 6036 2136 4540 6037 2130 4541 6038 2491 4542 6039 2137 4543 6040 2141 4544 6041 2490 4545 6042 2479 4546 6043 2141 4547 6044 2491 4548 6045 2141 4549 6046 2479 4550 6047 2580 4551 6048 2145 4552 6049 2147 4553 6050 2579 4554 6051 2159 4555 6052 2144 4556 6053 2504 4557 6054 2147 4558 6055 2149 4559 6056 2580 4560 6057 2147 4561 6058 2504 4562 6059 2500 4563 6060 2149 4564 6061 2151 4565 6062 2504 4566 6063 2149 4567 6064 2500 4568 6065 2500 4569 6066 2151 4570 6067 2153 4571 6068 2498 4572 6069 2153 4573 6070 2155 4574 6071 2500 4575 6072 2153 4576 6073 2498 4577 6074 2498 4578 6075 2155 4579 6076 2496 4580 6077 2165 4581 6078 2163 4582 6079 2157 4583 6080 2208 4584 6081 2167 4584 6082 2158 4584 6083 2575 4584 6084 2208 4584 6085 2158 4584 6086 2579 4585 6087 2576 4586 6088 2159 4587 6089 2201 1336 6090 2162 1336 6091 2164 1336 6092 2199 4588 6093 2176 4588 6094 2162 4588 6095 2201 4589 6096 2199 4589 6097 2162 4589 6098 2206 1336 6099 2164 1336 6100 2166 1336 6101 2204 1336 6102 2201 1336 6103 2164 1336 6104 2206 1336 6105 2204 1336 6106 2164 1336 6107 2195 4590 6108 2170 4590 6109 2172 4590 6110 2192 4591 6111 2181 4591 6112 2170 4591 6113 2195 4592 6114 2192 4592 6115 2170 4592 6116 2195 4593 6117 2172 4593 6118 2174 4593 6119 2197 1336 6120 2174 1336 6121 2176 1336 6122 2197 1336 6123 2195 1336 6124 2174 1336 6125 2199 4594 6126 2197 4594 6127 2176 4594 6128 2190 1336 6129 2178 1336 6130 2181 1336 6131 2187 4595 6132 2182 4595 6133 2178 4595 6134 2178 1336 6135 2190 1336 6136 2842 1336 6137 2192 4596 6138 2190 4596 6139 2181 4596 6140 2187 1336 6141 2184 1336 6142 2182 1336 6143 2584 4597 6144 2186 4597 6145 2189 4597 6146 2584 4597 6147 2212 4597 6148 2186 4597 6149 2581 4598 6150 2188 4599 6151 2843 4600 6152 2585 4601 6153 2191 4602 6154 2194 4603 6155 2585 4604 6156 2581 4605 6157 2191 4606 6158 2551 4607 6159 2193 4608 6160 2196 4609 6161 2585 4610 6162 2194 4611 6163 2552 4612 6164 2562 4613 6165 2196 4614 6166 2198 4615 6167 2562 4616 6168 2551 4617 6169 2196 4618 6170 2559 4619 6171 2198 4620 6172 2200 4621 6173 2562 4622 6174 2198 4623 6175 2559 4624 6176 2563 4625 6177 2200 4626 6178 2202 4627 6179 2563 4628 6180 2559 4629 6181 2200 4630 6182 2568 4631 6183 2203 4632 6184 2205 4633 6185 2565 4634 6186 2563 4635 6187 2202 4636 6188 2578 4637 6189 2205 4638 6190 2207 4639 6191 2578 4640 6192 2568 4641 6193 2205 4642 6194 2578 4643 6195 2207 4644 6196 2574 4645 6197 2588 4646 6198 2215 4647 6199 2211 4648 6200 2588 4649 6201 2211 4650 6202 2583 4651 6203 2611 4652 6204 2221 4653 6205 2216 4654 6206 2595 4655 6207 2215 4656 6208 2588 4657 6209 2611 4658 6210 2216 4659 6211 2596 4660 6212 2611 4661 6213 2219 4662 6214 2221 4663 6215 2611 4664 6216 2231 4665 6217 2219 4666 6218 2601 4667 6219 2224 4668 6220 2227 4669 6221 2602 4670 6222 2235 4671 6223 2225 4672 6224 2607 4673 6225 2227 4674 6226 2229 4675 6227 2603 4676 6228 2601 4677 6229 2227 4678 6230 2607 4679 6231 2603 4680 6232 2227 4681 6233 2609 4682 6234 2229 4683 6235 2231 4684 6236 2609 4685 6237 2607 4686 6238 2229 4687 6239 2611 4688 6240 2609 4689 6241 2231 4690 6242 2602 4691 6243 2239 4692 6244 2235 4693 6245 2261 4694 6246 2244 4695 6247 2238 4696 6248 2602 4697 6249 2262 4698 6250 2239 4699 6251 2261 4700 6252 2241 4701 6253 2244 4702 6254 2271 4703 6255 2250 4704 6256 2242 4705 6257 2263 4706 6258 2241 4707 6259 2261 4708 6260 2271 4709 6261 2242 4710 6262 2264 4711 6263 2265 4712 6264 2246 4713 6265 2250 4714 6266 2287 4715 6267 2247 4716 6268 2266 4717 6269 2289 4718 6270 2247 4719 6271 2287 4720 6272 2267 4721 6273 2265 4722 6274 2250 4723 6275 2271 4724 6276 2267 4725 6277 2250 4726 6278 2263 4727 6279 2255 4728 6280 2251 4729 6281 2271 4730 6282 2264 4731 6283 2252 4732 6284 2263 4733 6285 2257 4734 6286 2255 4735 6287 2263 4736 6288 2261 4737 6289 2257 4738 6290 2604 4739 6291 2258 4740 6292 2262 4741 6293 2604 4742 6294 2262 4743 6295 2602 4744 6296 2287 4745 6297 2266 4746 6298 2268 4747 6299 2293 4748 6300 2277 4749 6301 2273 4750 6302 2316 4751 6303 2276 4752 6304 2278 4753 6305 2316 4754 6306 2299 4755 6307 2276 4756 6308 2293 4757 6309 2279 4758 6310 2277 4759 6311 2316 4760 6312 2278 4761 6313 2280 4762 6314 2293 4763 6315 2283 4764 6316 2279 4765 6317 2291 4766 6318 2285 4767 6319 2283 4768 6320 2293 4769 6321 2291 4770 6322 2283 4771 6323 2289 4772 6324 2287 4773 6325 2285 4774 6326 2291 4775 6327 2289 4776 6328 2285 4777 6329 2314 4778 6330 2296 4779 6331 2299 4780 6332 2312 4781 6333 2300 4782 6334 2296 4783 6335 2314 4784 6336 2312 4785 6337 2296 4786 6338 2316 4787 6339 2314 4788 6340 2299 4789 6341 2306 4790 6342 2302 4791 6343 2300 4792 6344 2308 4793 6345 2306 4794 6346 2300 4795 6347 2312 4796 6348 2308 4797 6349 2300 4798 6350 2318 4799 6351 2307 4800 6352 2309 4801 6353 2320 4802 6354 2318 4803 6355 2309 4804 6356 2324 4805 6357 2319 4806 6358 2321 4807 6359 2330 4808 6360 2324 4809 6361 2321 4810 6362 2330 4811 6363 2326 4812 6364 2324 4813 6365 2333 4814 6366 2325 4815 6367 2329 4816 6368 2344 4817 6369 2339 4818 6370 2336 4819 6371 2346 4820 6372 2344 4821 6373 2336 4822 6374 2344 4823 6375 2340 4824 6376 2339 4825 6377 2362 4826 6378 2343 4827 6379 2345 4828 6380 2362 4829 6381 2355 4830 6382 2343 4831 6383 2362 4832 6384 2345 4833 6385 2347 4834 6386 2356 4835 6387 2351 4836 6388 2355 4837 6389 2383 4838 6390 2352 4839 6391 2357 4840 6392 2385 4841 6393 2352 4842 6394 2383 4843 6395 2358 4844 6396 2356 4845 6397 2355 4846 6398 2362 4847 6399 2358 4848 6400 2355 4849 6401 2383 4850 6402 2357 4851 6403 2359 4852 6404 2379 4853 6405 2367 4854 6406 2364 4855 6407 2381 4856 6408 2379 4857 6409 2364 4858 6410 2385 4859 6411 2381 4860 6412 2364 4861 6413 2373 4862 6414 2369 4863 6415 2367 4864 6416 2375 4865 6417 2373 4866 6418 2367 4867 6419 2379 4868 6420 2375 4869 6421 2367 4870 6422 2399 4871 6423 2372 4872 6424 2374 4873 6425 2399 4874 6426 2392 4875 6427 2372 4876 6428 2399 4877 6429 2374 4878 6430 2376 4879 6431 2385 4880 6432 2383 4881 6433 2381 4882 6434 2393 4883 6435 2388 4884 6436 2392 4885 6437 2395 4886 6438 2393 4887 6439 2392 4888 6440 2399 4889 6441 2395 4890 6442 2392 4891 6443 2401 4892 6444 2394 4893 6445 2396 4894 6446 2403 4895 6447 2401 4896 6448 2396 4897 6449 2413 4898 6450 2402 4899 6451 2404 4900 6452 2421 4901 6453 2408 4902 6454 2412 4903 6455 2421 4904 6456 2412 4905 6457 2416 4906 6458 2421 4907 6459 2416 4908 6460 2418 4909 6461 2427 4910 6462 2422 4911 6463 2419 4912 6464 2429 4913 6465 2427 4914 6466 2419 4915 6467 2427 4916 6468 2423 4917 6469 2422 4918 6470 2454 4919 6471 2426 4920 6472 2428 4921 6473 2454 4922 6474 2437 4923 6475 2426 4924 6476 2454 4925 6477 2428 4926 6478 2430 4927 6479 2452 4928 6480 2434 4929 6481 2437 4930 6482 2450 4931 6483 2438 4932 6484 2434 4933 6485 2452 4934 6486 2450 4935 6487 2434 4936 6488 2454 4937 6489 2452 4938 6490 2437 4939 6491 2444 4940 6492 2440 4941 6493 2438 4942 6494 2446 4943 6495 2444 4944 6496 2438 4945 6497 2450 4946 6498 2446 4947 6499 2438 4948 6500 2476 4949 6501 2443 4950 6502 2445 4951 6503 2476 4952 6504 2465 4953 6505 2443 4954 6506 2476 4955 6507 2445 4956 6508 2447 4957 6509 2466 4958 6510 2457 4959 6511 2461 4960 6512 2482 4961 6513 2458 4962 6514 2467 4963 6515 2484 4964 6516 2458 4965 6517 2482 4966 6518 2472 4967 6519 2461 4968 6520 2463 4969 6521 2468 4970 6522 2466 4971 6523 2461 4972 6524 2472 4973 6525 2468 4974 6526 2461 4975 6527 2474 4976 6528 2463 4977 6529 2465 4978 6530 2474 4979 6531 2472 4980 6532 2463 4981 6533 2476 4982 6534 2474 4983 6535 2465 4984 6536 2482 4985 6537 2467 4986 6538 2469 4987 6539 2484 4988 6540 2482 4989 6541 2478 4990 6542 2489 4991 6543 2484 4992 6544 2478 4993 6545 2489 4994 6546 2486 4995 6547 2484 4996 6548 2493 4997 6549 2487 4998 6550 2490 4999 6551 2572 5000 6552 2503 5001 6553 2508 5002 6554 2579 5003 6555 2503 5004 6556 2572 5005 6557 2571 5006 6558 2507 5007 6559 2510 5008 6560 2577 5009 6561 2510 5010 6562 2514 5011 6563 2573 5012 6564 2571 5013 6565 2510 5014 6566 2577 5015 6567 2573 5016 6568 2510 5017 6569 2569 5018 6570 2513 5019 6571 2529 5020 6572 2577 5021 6573 2514 5022 6574 2570 5023 6575 2528 5024 6576 2518 5025 6577 2515 5026 6578 2690 5027 6579 2517 5028 6580 2519 5029 6581 2530 5030 6582 2528 5031 6583 2515 5032 6584 2548 5033 6585 2531 5034 6586 2516 5035 6587 2690 5036 6588 2549 5037 6589 2517 5038 6590 2528 5039 6591 2520 5040 6592 2518 5041 6593 2690 5042 6594 2519 5043 6595 2522 5044 6596 2528 5045 6597 2523 5046 6598 2520 5047 6599 2689 5048 6600 2521 5049 6601 2524 5050 6602 2528 5051 6603 2525 5052 6604 2523 5053 6605 2639 5054 6606 2524 5055 6607 2527 5056 6608 2641 5057 6609 2524 5058 6610 2639 5059 6611 2689 5060 6612 2524 5061 6613 2641 5062 6614 2688 5063 6615 2639 5064 6616 2527 5065 6617 2564 5066 6618 2529 5067 6619 2533 5068 6620 2566 5069 6621 2529 5070 6622 2564 5071 6623 2569 5072 6624 2529 5073 6625 2566 5074 6626 2545 5075 6627 2534 5076 6628 2531 5077 6629 2556 5078 6630 2532 5079 6631 2535 5080 6632 2548 5081 6633 2545 5082 6634 2531 5083 6635 2564 5084 6636 2533 5085 6637 2557 5086 6638 2561 5087 6639 2535 5088 6640 2537 5089 6641 2543 5090 6642 2540 5091 6643 2534 5092 6644 2545 5093 6645 2543 5094 6646 2534 5095 6647 2558 5096 6648 2556 5097 6649 2535 5098 6650 2561 5099 6651 2558 5100 6652 2535 5101 6653 2561 5102 6654 2537 5103 6655 2554 5104 6656 2593 5105 6657 2555 5106 6658 2538 5107 6659 2617 5108 6660 2542 5109 6661 2544 5110 6662 2649 5111 6663 2544 5112 6664 2547 5113 6665 2617 5114 6666 2544 5115 6667 2615 5116 6668 2649 5117 6669 2615 5118 6670 2544 5119 6671 2690 5120 6672 2546 5121 6673 2549 5122 6674 2692 5123 6675 2649 5124 6676 2547 5125 6677 2691 5126 6678 2546 5127 6679 2690 5128 6680 2561 5129 6681 2554 5130 6682 2550 5131 6683 2593 5132 6684 2553 5133 6685 2555 5134 6686 2593 5135 6687 2586 5136 6688 2553 5137 6689 2564 5138 6690 2557 5139 6691 2560 5140 6692 2577 5141 6693 2570 5142 6694 2567 5143 6695 2579 5144 6696 2572 5145 6697 2576 5146 6698 2587 5147 6699 2582 5148 6700 2586 5149 6701 2589 5150 6702 2587 5151 6703 2586 5152 6704 2593 5153 6705 2589 5154 6706 2586 5155 6707 2595 5156 6708 2588 5157 6709 2590 5158 6710 2597 5159 6711 2595 5160 6712 2590 5161 6713 2611 5162 6714 2596 5163 6715 2598 5164 6716 2621 2806 6717 2618 2806 6718 2614 2806 6719 2653 2806 6720 2614 2806 6721 2618 2806 6722 2623 2806 6723 2621 2806 6724 2614 2806 6725 2626 2806 6726 2623 2806 6727 2614 2806 6728 2628 2806 6729 2626 2806 6730 2614 2806 6731 2635 2806 6732 2628 2806 6733 2614 2806 6734 2648 2806 6735 2635 2806 6736 2614 2806 6737 2673 5165 6738 2620 5166 6739 2622 5167 6740 2665 5168 6741 2654 5169 6742 2619 5170 6743 2666 5171 6744 2619 5172 6745 2655 5173 6746 2673 5174 6747 2656 5175 6748 2620 5176 6749 2666 5177 6750 2665 5178 6751 2619 5179 6752 2673 5180 6753 2622 5181 6754 2624 5182 6755 2676 5183 6756 2625 5184 6757 2627 5185 6758 2675 5186 6759 2673 5187 6760 2624 5188 6761 2678 5189 6762 2627 5190 6763 2629 5191 6764 2678 5192 6765 2676 5193 6766 2627 5194 6767 2635 2806 6768 2630 2806 6769 2628 2806 6770 2680 5195 6771 2629 5196 6772 2631 5197 6773 2680 5198 6774 2678 5199 6775 2629 5200 6776 2683 5201 6777 2632 5202 6778 2634 5203 6779 2682 5204 6780 2680 5205 6781 2631 5206 6782 2685 5207 6783 2683 5208 6784 2634 5209 6785 2648 2806 6786 2638 2806 6787 2635 2806 6788 2688 5210 6789 2637 5211 6790 2639 5212 6791 2645 2806 6792 2640 2806 6793 2638 2806 6794 2648 2806 6795 2645 2806 6796 2638 2806 6797 2645 2806 6798 2643 2806 6799 2640 2806 6800 2691 5213 6801 2642 5214 6802 2644 5215 6803 2691 5216 6804 2690 5217 6805 2642 5218 6806 2691 5219 6807 2644 5220 6808 2646 5221 6809 2692 5222 6810 2647 5223 6811 2649 5224 6812 2665 5225 6813 2651 5226 6814 2654 5227 6815 2663 5228 6816 2655 5229 6817 2661 5230 6818 2663 5231 6819 2661 5232 6820 2658 5233 6821 2667 5234 6822 2665 5235 6823 2666 5236 6824 2668 5237 6825 2667 5238 6826 2666 5239 6827 2669 5240 6828 2667 5241 6829 2668 5242 6830 2716 5243 6831 2696 5244 6832 2698 5245 6833 2710 5246 6834 2704 5247 6835 2695 5248 6836 2715 5249 6837 2710 5250 6838 2695 5251 6839 2720 5252 6840 2698 5253 6841 2702 5254 6842 2716 5255 6843 2698 5256 6844 2714 5257 6845 2722 5258 6846 2714 5259 6847 2698 5260 6848 2722 5261 6849 2698 5262 6850 2720 5263 6851 2717 5264 6852 2701 5265 6853 2704 5266 6854 2720 5267 6855 2702 5268 6856 2718 5269 6857 2708 5270 6858 2705 5271 6859 2704 5272 6860 2717 5273 6861 2704 5274 6862 2705 5275 6863 2710 5276 6864 2708 5277 6865 2704 5278 6866 2719 1336 6867 2706 1336 6868 2709 1336 6869 2720 5279 6870 2718 5280 6871 2707 5281 6872 2721 5282 6873 2709 5282 6874 2711 5282 6875 2721 1336 6876 2719 1336 6877 2709 1336 6878 2715 5283 6879 2712 5284 6880 2710 5285 6881 2721 5286 6882 2711 5286 6883 2713 5286 6884 2748 5287 6885 2726 5288 6886 2728 5289 6887 2742 5290 6888 2734 5291 6889 2725 5292 6890 2747 5293 6891 2742 5294 6892 2725 5295 6893 2751 5296 6894 2728 5297 6895 2732 5298 6896 2748 5299 6897 2728 5300 6898 2745 5301 6899 2749 5302 6900 2745 5303 6901 2728 5304 6902 2751 5305 6903 2749 5306 6904 2728 5307 6905 2735 5308 6906 2731 5309 6907 2734 5310 6908 2751 5311 6909 2732 5312 6910 2736 5313 6911 2737 5314 6912 2735 5315 6913 2734 5316 6914 2740 5317 6915 2737 5318 6916 2734 5319 6917 2742 5320 6918 2740 5321 6919 2734 5322 6920 2751 5323 6921 2736 5324 6922 2738 5325 6923 2752 5326 6924 2739 5326 6925 2741 5326 6926 2750 5327 6927 2741 5327 6928 2743 5327 6929 2752 5328 6930 2741 5328 6931 2750 5328 6932 2747 5329 6933 2744 5330 6934 2742 5331 6935 2750 5332 6936 2743 5332 6937 2746 5332 6938 2778 5333 6939 2755 5333 6940 2757 5333 6941 2778 5334 6942 2765 5334 6943 2755 5334 6944 2778 1336 6945 2757 1336 6946 2759 1336 6947 2775 5335 6948 2763 5335 6949 2765 5335 6950 2773 5336 6951 2770 5336 6952 2763 5336 6953 2775 5337 6954 2773 5337 6955 2763 5337 6956 2778 1336 6957 2775 1336 6958 2765 1336 6959 2796 1336 6960 2782 1336 6961 2784 1336 6962 2796 1336 6963 2795 1336 6964 2782 1336 6965 2799 1336 6966 2784 1336 6967 2786 1336 6968 2799 1336 6969 2796 1336 6970 2784 1336 6971 2801 5338 6972 2786 5338 6973 2788 5338 6974 2801 1336 6975 2799 1336 6976 2786 1336 6977 2803 1336 6978 2788 1336 6979 2791 1336 6980 2803 5339 6981 2801 5339 6982 2788 5339 6983 2803 5340 6984 2791 5340 6985 2793 5340 6986 2806 1336 6987 2793 1336 6988 2795 1336 6989 2806 5341 6990 2803 5341 6991 2793 5341 6992 2806 5342 6993 2795 5342 6994 2796 5342 6995 2826 1336 6996 2810 1336 6997 2812 1336 6998 2826 1336 6999 2825 1336 7000 2810 1336 7001 2829 5343 7002 2812 5343 7003 2814 5343 7004 2829 1336 7005 2826 1336 7006 2812 1336 7007 2831 1336 7008 2814 1336 7009 2816 1336 7010 2831 5344 7011 2829 5344 7012 2814 5344 7013 2833 1336 7014 2816 1336 7015 2819 1336 7016 2833 5345 7017 2831 5345 7018 2816 5345 7019 2833 1336 7020 2819 1336 7021 2821 1336 7022 2836 1336 7023 2821 1336 7024 2823 1336 7025 2836 1336 7026 2833 1336 7027 2821 1336 7028 2838 5346 7029 2823 5346 7030 2825 5346 7031 2838 1336 7032 2836 1336 7033 2823 1336 7034 2838 5347 7035 2825 5347 7036 2826 5347 7037 2840 1336 7038 2035 1336 7039 1993 1336 7040 2841 5348 7041 2039 5349 7042 2354 5350 7043 2843 5351 7044 2191 5352 7045 2581 5353 7046 2842 1336 7047 2187 1336 7048 2178 1336 7049</p>
        </triangles>
      </mesh>
    </geometry>
  </library_geometries>
  <library_visual_scenes>
    <visual_scene id="Scene" name="Scene">
      <node id="_" name="0" type="NODE">
        <matrix sid="transform">0.001 0 0 0 0 0.001 0 0 0 0 0.001 0 0 0 0 1</matrix>
        <instance_geometry url="#_-mesh" name="0">
          <bind_material>
            <technique_common>
              <instance_material symbol="default_011-material" target="#default_011-material">
                <bind_vertex_input semantic="UVMap" input_semantic="TEXCOORD" input_set="0"/>
              </instance_material>
            </technique_common>
          </bind_material>
        </instance_geometry>
      </node>
    </visual_scene>
  </library_visual_scenes>
  <scene>
    <instance_visual_scene url="#Scene"/>
  </scene>
</COLLADA>