<?xml version="1.0" encoding="utf-8"?>
<COLLADA xmlns="http://www.collada.org/2005/11/COLLADASchema" version="1.4.1" xmlns:xsi="http://www.w3.org/2001/XMLSchema-instance">
  <asset>
    <contributor>
      <author>Blender User</author>
      <authoring_tool>Blender 4.3.2 commit date:2024-12-16, commit time:21:10, hash:32f5fdce0a0a</authoring_tool>
    </contributor>
    <created>2025-04-11T16:34:03</created>
    <modified>2025-04-11T16:34:03</modified>
    <unit name="meter" meter="1"/>
    <up_axis>Z_UP</up_axis>
  </asset>
  <library_effects>
    <effect id="default_003-effect">
      <profile_COMMON>
        <newparam sid="Image_Joint_png-surface">
          <surface type="2D">
            <init_from>Image_Joint_png</init_from>
          </surface>
        </newparam>
        <newparam sid="Image_Joint_png-sampler">
          <sampler2D>
            <source>Image_Joint_png-surface</source>
          </sampler2D>
        </newparam>
        <technique sid="common">
          <lambert>
            <emission>
              <color sid="emission">0 0 0 1</color>
            </emission>
            <diffuse>
              <texture texture="Image_Joint_png-sampler" texcoord="UVMap"/>
            </diffuse>
            <index_of_refraction>
              <float sid="ior">1.45</float>
            </index_of_refraction>
          </lambert>
        </technique>
      </profile_COMMON>
    </effect>
  </library_effects>
  <library_images>
    <image id="Image_Joint_png" name="Image_Joint_png">
      <init_from>Image_Joint.png</init_from>
    </image>
  </library_images>
  <library_materials>
    <material id="default_003-material" name="default.003">
      <instance_effect url="#default_003-effect"/>
    </material>
  </library_materials>
  <library_geometries>
    <geometry id="_-mesh" name="1">
      <mesh>
        <source id="_-mesh-positions">
          <float_array id="_-mesh-positions-array" count="11232">0 58.99999 -76.00001 0 58.99999 -76.00001 0 58.99999 -76.00001 15.3216 56.97576 -76.00001 15.3216 56.97576 -76.00001 29.56943 51.05534 -76.00001 29.56943 51.05534 -76.00001 35.97568 46.76264 -76 35.97568 46.76264 -76 41.77004 41.66844 -76 41.77004 41.66844 -76 46.26415 36.61454 -76 46.26415 36.61454 -76 50.14927 31.08122 -76 50.14927 31.08122 -76 49.91403 31.08098 -76 49.91403 31.08098 -76 44.99622 37.85199 -76 44.99622 37.85199 -76 37.74369 45.08708 -76 37.74369 45.08708 -76 29.35103 50.95049 -76.00001 29.35103 50.95049 -76.00001 15.18081 56.80648 -76.00001 15.18081 56.80648 -76.00001 -0.02747499 58.79999 -76.00001 -0.02747499 58.79999 -76.00001 -15.23369 56.79233 -76.00001 -15.23369 56.79233 -76.00001 -29.39534 50.92494 -76.00001 -29.39534 50.92494 -76.00001 -45.0434 37.79586 -76 -45.0434 37.79586 -76 -49.91426 31.08072 -76 -49.91426 31.08072 -76 -50.14947 31.08085 -76 -50.14947 31.08085 -76 -46.24536 36.63827 -76 -46.24536 36.63827 -76 -41.7224 41.7161 -76 -41.7224 41.7161 -76 -29.5065 51.09173 -76.00001 -29.5065 51.09173 -76.00001 -15.2844 56.98577 -76.00001 -15.2844 56.98577 -76.00001 -51.09833 29.49504 -76 -51.09833 29.49504 -76 -55.24786 20.12737 -76 -55.24786 20.12737 -76 -58.79088 1.032203 -76 -58.79088 1.032203 -76 -58.99097 1.03051 -76 -58.99097 1.03051 -76 -58.10013 10.26489 -76 -58.10013 10.26489 -76 -55.43864 20.18785 -76 -55.43864 20.18785 -76 -58.10967 -10.21079 -76 -58.10967 -10.21079 -76 -58.8 -6e-6 -76 -58.8 -6e-6 -76 -58.8 -6e-6 -76 -55.22994 -20.17653 -76 -55.22994 -20.17653 -76 -51.14622 -29.00872 -76 -51.14622 -29.00872 -76 -51.37622 -29.00827 -76 -51.37622 -29.00827 -76 -55.54343 -19.89773 -76 -55.54343 -19.89773 -76 -51.12379 -29.45089 -76 -51.12379 -29.45089 -76 -44.99622 -37.85201 -76 -44.99622 -37.85201 -76 -37.74369 -45.0871 -76 -37.74369 -45.0871 -76 -29.35103 -50.9505 -76 -29.35103 -50.9505 -76 -15.18081 -56.80649 -76 -15.18081 -56.80649 -76 0.02747499 -58.8 -76 0.02747499 -58.8 -76 15.23369 -56.79234 -76 15.23369 -56.79234 -76 29.39534 -50.92495 -76 29.39534 -50.92495 -76 45.0434 -37.79587 -76 45.0434 -37.79587 -76 51.14683 -29.00763 -76 51.14683 -29.00763 -76 51.37594 -29.00881 -76 51.37594 -29.00881 -76 51.09833 -29.49505 -76 51.09833 -29.49505 -76 46.81368 -35.90932 -76 46.81368 -35.90932 -76 41.7224 -41.71612 -76 41.7224 -41.71612 -76 29.5065 -51.09175 -76 29.5065 -51.09175 -76 15.2844 -56.98578 -76 15.2844 -56.98578 -76 0 -59.00001 -76 0 -59.00001 -76 0 -59.00001 -76 -15.3216 -56.97578 -76 -15.3216 -56.97578 -76 -29.56943 -51.05536 -76 -29.56943 -51.05536 -76 -35.97568 -46.76265 -76 -35.97568 -46.76265 -76 -41.77004 -41.66846 -76 -41.77004 -41.66846 -76 -46.84746 -35.86518 -76 -46.84746 -35.86518 -76 55.53388 -19.92436 -76 55.53388 -19.92436 -76 55.24786 -20.12738 -76 55.24786 -20.12738 -76 57.90522 -10.21863 -76 57.90522 -10.21863 -76 58.8 -6e-6 -76 58.8 -6e-6 -76 58.8 -6e-6 -76 58.79088 1.032214 -76 58.79088 1.032214 -76 58.99097 1.030532 -76 58.99097 1.030532 -76 58.10013 -10.2649 -76 58.10013 -10.2649 -76 58.10967 10.21077 -76 58.10967 10.21077 -76 55.22994 20.17652 -76 55.22994 20.17652 -76 51.12379 29.45088 -76 51.12379 29.45088 -76 55.45689 20.13766 -76 55.45689 20.13766 -76 0 -59.00001 -78 0 -59.00001 -78 0 -59.00001 -78 -20.19597 -55.43574 -78 -20.19597 -55.43574 -78 -37.92456 -45.1965 -78 -37.92456 -45.1965 -78 -50.14947 -31.08086 -78 -50.14947 -31.08086 -78 -51.09833 -29.49505 -78 -51.09833 -29.49505 -78 -58.10013 -10.2649 -78 -58.10013 -10.2649 -78 -58.99097 -1.030522 -78 -58.99097 -1.030522 -78 -58.10967 10.21077 -78 -58.10967 10.21077 -78 -51.37622 29.00826 -78 -51.37622 29.00826 -78 -51.12379 29.45088 -78 -51.12379 29.45088 -78 -37.98064 45.14935 -78 -37.98064 45.14935 -78 -20.24522 55.41777 -78.00001 -20.24522 55.41777 -78.00001 0 58.99999 -78.00001 0 58.99999 -78.00001 0 58.99999 -78.00001 15.3216 -56.97578 -78 15.3216 -56.97578 -78 29.56943 -51.05536 -78 29.56943 -51.05536 -78 41.77004 -41.66846 -78 41.77004 -41.66846 -78 50.14927 -31.08123 -78 50.14927 -31.08123 -78 47.48498 -31.07628 -78 47.48498 -31.07628 -78 28.38067 -49.14368 -78 28.38067 -49.14368 -78 0 -56.75001 -78 0 -56.75001 -78 0 -56.75001 -78 -28.44309 -49.10757 -78 -28.44309 -49.10757 -78 -47.48532 -31.07578 -78 -47.48532 -31.07578 -78 -49.17401 -28.328 -78 -49.17401 -28.328 -78 -56.74061 -1.030562 -78 -56.74061 -1.030562 -78 -56.74999 0.02832996 -78 -56.74999 0.02832996 -78 -49.14755 28.37388 -78 -49.14755 28.37388 -78 -48.77388 29.01144 -78 -48.77388 29.01144 -78 -28.38067 49.14366 -78 -28.38067 49.14366 -78 0 56.74999 -78.00001 0 56.74999 -78.00001 0 56.74999 -78.00001 28.44309 49.10755 -78 28.44309 49.10755 -78 48.77339 29.01229 -78 48.77339 29.01229 -78 51.37594 29.0088 -78 51.37594 29.0088 -78 51.09833 29.49504 -78 51.09833 29.49504 -78 41.7224 41.7161 -78 41.7224 41.7161 -78 29.5065 51.09173 -78.00001 29.5065 51.09173 -78.00001 15.2844 56.98577 -78.00001 15.2844 56.98577 -78.00001 58.10013 10.26489 -78 58.10013 10.26489 -78 49.17401 28.32799 -78 49.17401 28.32799 -78 56.74999 -0.02834194 -78 56.74999 -0.02834194 -78 56.74061 -1.030539 -78 56.74061 -1.030539 -78 58.99097 -1.030544 -78 58.99097 -1.030544 -78 58.10967 -10.21079 -78 58.10967 -10.21079 -78 49.14755 -28.3739 -78 49.14755 -28.3739 -78 51.12379 -29.45089 -78 51.12379 -29.45089 -78 0 -56.6 -78.15 0 -56.6 -78.15 0 -56.6 -78.15 0 -56.6 -78.15 0 -56.64394 -78.04393 0 -56.64394 -78.04393 0 56.64392 -78.04395 0 56.64392 -78.04395 0 56.59999 -78.15001 0 56.59999 -78.15001 0 56.59999 -78.15001 0 56.59999 -78.15001 28.3 49.01703 -78.15 28.3 49.01703 -78.15 49.01704 28.29999 -78.15 49.01704 28.29999 -78.15 56.6 -6e-6 -78.15 56.6 -6e-6 -78.15 49.01704 -28.30001 -78.15 49.01704 -28.30001 -78.15 28.3 -49.01704 -78.15 28.3 -49.01704 -78.15 0 56.59999 -79.15001 0 56.59999 -79.15001 0 56.59999 -79.15001 0 56.59999 -79.15001 28.3 49.01703 -79.15 28.3 49.01703 -79.15 49.01704 28.29999 -79.15 49.01704 28.29999 -79.15 56.6 -6e-6 -79.15 56.6 -6e-6 -79.15 49.01704 -28.30001 -79.15 49.01704 -28.30001 -79.15 28.3 -49.01704 -79.15 28.3 -49.01704 -79.15 0 -56.6 -79.15 0 -56.6 -79.15 0 -56.6 -79.15 0 -56.6 -79.15 -28.3 49.01703 -78.15 -28.3 49.01703 -78.15 -49.01704 28.29999 -78.15 -49.01704 28.29999 -78.15 -56.6 -6e-6 -78.15 -56.6 -6e-6 -78.15 -49.01704 -28.30001 -78.15 -49.01704 -28.30001 -78.15 -28.3 -49.01704 -78.15 -28.3 -49.01704 -78.15 -28.3 -49.01704 -79.15 -28.3 -49.01704 -79.15 -49.01704 -28.30001 -79.15 -49.01704 -28.30001 -79.15 -56.6 -6e-6 -79.15 -56.6 -6e-6 -79.15 -49.01704 28.29999 -79.15 -49.01704 28.29999 -79.15 -28.3 49.01703 -79.15 -28.3 49.01703 -79.15 0 -56.75001 -79.3 0 -56.75001 -79.3 0 -56.75001 -79.3 -28.38067 -49.14368 -79.30001 -28.38067 -49.14368 -79.30001 -49.14755 -28.3739 -79.30001 -49.14755 -28.3739 -79.30001 -49.98678 -26.86784 -79.30001 -49.98678 -26.86784 -79.30001 -56.74999 -0.02834194 -79.30001 -56.74999 -0.02834194 -79.30001 -56.66068 3.181679 -79.30001 -56.66068 3.181679 -79.30001 -49.17401 28.32799 -79.30001 -49.17401 28.32799 -79.30001 -46.00229 33.23172 -79.30001 -46.00229 33.23172 -79.30001 -28.44309 49.10755 -79.30001 -28.44309 49.10755 -79.30001 0 56.74999 -79.30001 0 56.74999 -79.30001 0 56.74999 -79.30001 0 56.64392 -79.25608 0 56.64392 -79.25608 0 -56.64394 -79.25606 0 -56.64394 -79.25606 28.38067 49.14366 -79.30001 28.38067 49.14366 -79.30001 46.00261 33.23131 -79.30001 46.00261 33.23131 -79.30001 49.14755 28.37388 -79.30001 49.14755 28.37388 -79.30001 56.66067 3.181734 -79.30001 56.66067 3.181734 -79.30001 56.74999 0.02832996 -79.30001 56.74999 0.02832996 -79.30001 49.98673 -26.86788 -79.30001 49.98673 -26.86788 -79.30001 49.17401 -28.328 -79.30001 49.17401 -28.328 -79.30001 28.44309 -49.10757 -79.30001 28.44309 -49.10757 -79.30001 0 56.84999 -79.30001 0 56.84999 -79.30001 0 56.84999 -79.30001 28.49315 49.19412 -79.30001 28.49315 49.19412 -79.30001 46.12589 33.23131 -79.30001 46.12589 33.23131 -79.30001 -46.12624 33.23086 -79.30001 -46.12624 33.23086 -79.30001 -28.4307 49.23024 -79.30001 -28.4307 49.23024 -79.30001 -49.23426 28.42369 -79.30001 -49.23426 28.42369 -79.30001 -56.76083 3.181739 -79.30001 -56.76083 3.181739 -79.30001 -56.84999 0.02828794 -79.30001 -56.84999 0.02828794 -79.30001 -50.10013 -26.86807 -79.30001 -50.10013 -26.86807 -79.30001 -49.26068 -28.37788 -79.30001 -49.26068 -28.37788 -79.30001 50.1002 -26.868 -79.30001 50.1002 -26.868 -79.30001 49.23426 -28.4237 -79.30001 49.23426 -28.4237 -79.30001 28.4307 -49.23026 -79.30001 28.4307 -49.23026 -79.30001 0 -56.85 -79.3 0 -56.85 -79.3 0 -56.85 -79.3 -28.49315 -49.19414 -79.30001 -28.49315 -49.19414 -79.30001 56.84999 -0.02829998 -79.30001 56.84999 -0.02829998 -79.30001 56.76084 3.181685 -79.30001 56.76084 3.181685 -79.30001 49.26068 28.37787 -79.30001 49.26068 28.37787 -79.30001 0 56.99999 -79.45001 0 56.99999 -79.45001 0 56.99999 -79.45001 0 56.99999 -79.45001 0 56.95606 -79.34394 0 56.95606 -79.34394 0 -56.95607 -79.34393 0 -56.95607 -79.34393 0 -57.00001 -79.44999 0 -57.00001 -79.44999 0 -57.00001 -79.44999 0 -57.00001 -79.44999 -28.5 -49.36346 -79.45 -28.5 -49.36346 -79.45 -49.36345 -28.50001 -79.45 -49.36345 -28.50001 -79.45 -57 -6e-6 -79.45 -57 -6e-6 -79.45 -49.36345 28.5 -79.45 -49.36345 28.5 -79.45 -28.5 49.36344 -79.45 -28.5 49.36344 -79.45 0 -57.00001 -83 0 -57.00001 -83 0 -57.00001 -83 0 -57.00001 -83 -28.50012 -49.36339 -83 -28.50012 -49.36339 -83 -49.36337 -28.50014 -83 -49.36337 -28.50014 -83 -57 -6e-6 -83 -57 -6e-6 -83 -49.36337 28.50013 -83 -49.36337 28.50013 -83 -28.50012 49.36337 -83 -28.50012 49.36337 -83 0 56.99999 -83.00001 0 56.99999 -83.00001 0 56.99999 -83.00001 0 56.99999 -83.00001 0 -56.00001 -84 0 -56.00001 -84 0 -56.00001 -84 -28.00543 -48.4943 -84 -28.00543 -48.4943 -84 -44.4377 -34.0777 -84 -44.4377 -34.0777 -84 -48.49716 -28.0004 -84 -48.49716 -28.0004 -84 -55.85473 -4.030488 -84 -55.85473 -4.030488 -84 -55.99999 -0.02865195 -84 -55.99999 -0.02865195 -84 -49.58885 26.01807 -84 -49.58885 26.01807 -84 -48.52396 27.95392 -84 -48.52396 27.95392 -84 -28.06768 48.45827 -84 -28.06768 48.45827 -84 0 55.99999 -84.00001 0 55.99999 -84.00001 0 55.99999 -84.00001 56 -6e-6 -84 56 -6e-6 -84 55.8548 -4.030084 -84 55.8548 -4.030084 -84 51.73219 -21.44235 -84 51.73219 -21.44235 -84 44.44237 -34.07162 -84 44.44237 -34.07162 -84 39.59785 -39.59811 -84 39.59785 -39.59811 -84 21.4421 -51.7323 -84 21.4421 -51.7323 -84 28.50012 -49.36339 -83 28.50012 -49.36339 -83 49.36337 -28.50014 -83 49.36337 -28.50014 -83 57 -6e-6 -83 57 -6e-6 -83 49.36337 28.50013 -83 49.36337 28.50013 -83 28.50012 49.36337 -83 28.50012 49.36337 -83 21.44235 51.73218 -84.00001 21.44235 51.73218 -84.00001 39.59811 39.59784 -84 39.59811 39.59784 -84 49.59207 26.012 -84 49.59207 26.012 -84 51.73229 21.44209 -84 51.73229 21.44209 -84 14.72009 -34.06001 -84 -13.85905 -34.06001 -84 27.66674 -4.030006 -84 0.135585 -4.030006 -84 -27.39557 -4.030006 -84 24.25306 26 -84 -0.179956 26 -84 -24.61297 26 -84 28.5 -49.36346 -79.45 28.5 -49.36346 -79.45 49.36345 -28.50001 -79.45 49.36345 -28.50001 -79.45 57 -6e-6 -79.45 57 -6e-6 -79.45 49.36345 28.5 -79.45 49.36345 28.5 -79.45 28.5 49.36344 -79.45 28.5 49.36344 -79.45 -59 -6e-6 -75.80001 -59 -6e-6 -75.80001 -59 -6e-6 -75.80001 -59 -6e-6 -75.80001 -55.44188 -20.17915 -75.80001 -55.44188 -20.17915 -75.80001 -45.19657 -37.92454 -75.80001 -45.19657 -37.92454 -75.80001 -29.50014 -51.09542 -75.8 -29.50014 -51.09542 -75.8 -10.24506 -58.1037 -75.8 -10.24506 -58.1037 -75.8 10.24506 -58.1037 -75.8 10.24506 -58.1037 -75.8 29.50014 -51.09542 -75.8 29.50014 -51.09542 -75.8 45.19657 -37.92454 -75.80001 45.19657 -37.92454 -75.80001 55.44188 -20.17915 -75.80001 55.44188 -20.17915 -75.80001 59 -6e-6 -75.80001 59 -6e-6 -75.80001 59 -6e-6 -75.80001 59 -6e-6 -75.80001 55.44188 20.17914 -75.80001 55.44188 20.17914 -75.80001 45.19657 37.92452 -75.80001 45.19657 37.92452 -75.80001 29.50014 51.09541 -75.80001 29.50014 51.09541 -75.80001 10.24506 58.10368 -75.80001 10.24506 58.10368 -75.80001 -10.24506 58.10368 -75.80001 -10.24506 58.10368 -75.80001 -29.50014 51.09541 -75.80001 -29.50014 51.09541 -75.80001 -45.19657 37.92452 -75.80001 -45.19657 37.92452 -75.80001 -55.44188 20.17914 -75.80001 -55.44188 20.17914 -75.80001 59 -6e-6 -74.2 59 -6e-6 -74.2 59 -6e-6 -74.2 59 -6e-6 -74.2 55.44188 20.17914 -74.2 55.44188 20.17914 -74.2 45.19657 37.92453 -74.2 45.19657 37.92453 -74.2 29.50014 51.09541 -74.20001 29.50014 51.09541 -74.20001 10.24506 58.10369 -74.20001 10.24506 58.10369 -74.20001 -10.24506 58.10369 -74.20001 -10.24506 58.10369 -74.20001 -29.50014 51.09541 -74.20001 -29.50014 51.09541 -74.20001 -45.19657 37.92453 -74.2 -45.19657 37.92453 -74.2 -55.44188 20.17914 -74.2 -55.44188 20.17914 -74.2 -59 -6e-6 -74.2 -59 -6e-6 -74.2 -59 -6e-6 -74.2 -59 -6e-6 -74.2 -55.44188 -20.17915 -74.2 -55.44188 -20.17915 -74.2 -45.19657 -37.92453 -74.2 -45.19657 -37.92453 -74.2 -29.50014 -51.09542 -74.19999 -29.50014 -51.09542 -74.19999 -10.24506 -58.10369 -74.19999 -10.24506 -58.10369 -74.19999 10.24506 -58.10369 -74.19999 10.24506 -58.10369 -74.19999 29.50014 -51.09542 -74.19999 29.50014 -51.09542 -74.19999 45.19657 -37.92453 -74.2 45.19657 -37.92453 -74.2 55.44188 -20.17915 -74.2 55.44188 -20.17915 -74.2 -58.8 -6e-6 -74 -58.8 -6e-6 -74 -58.8 -6e-6 -74 -55.24786 -20.12738 -74 -55.24786 -20.12738 -74 -45.0434 -37.79587 -74 -45.0434 -37.79587 -74 -31.2816 -49.78847 -74 -31.2816 -49.78847 -74 -29.39534 -50.92495 -74 -29.39534 -50.92495 -74 -10.2304 -57.90314 -74 -10.2304 -57.90314 -74 -1.230698 -58.78709 -74 -1.230698 -58.78709 -74 10.17612 -57.9127 -74 10.17612 -57.9127 -74 28.80977 -51.25849 -74 28.80977 -51.25849 -74 29.35103 -50.9505 -74 29.35103 -50.9505 -74 44.99622 -37.852 -74 44.99622 -37.852 -74 55.22994 -20.17653 -74 55.22994 -20.17653 -74 58.8 -6e-6 -74 58.8 -6e-6 -74 58.8 -6e-6 -74 28.80202 -49.66627 -74 28.80202 -49.66627 -74 40.59577 -40.59895 -74 40.59577 -40.59895 -74 49.71805 -28.7126 -74 49.71805 -28.7126 -74 55.45367 -14.87215 -74 55.45367 -14.87215 -74 57.4134 -6e-6 -74 57.4134 -6e-6 -74 57.4134 -6e-6 -74 55.44388 14.90857 -74 55.44388 14.90857 -74 49.68186 28.77517 -74 49.68186 28.77517 -74 28.80299 49.6657 -74 28.80299 49.6657 -74 28.81023 51.25824 -74.00001 28.81023 51.25824 -74.00001 29.39534 50.92494 -74.00001 29.39534 50.92494 -74.00001 41.57487 41.5808 -74 41.57487 41.5808 -74 50.91859 29.40642 -74 50.91859 29.40642 -74 56.79265 15.23241 -74 56.79265 15.23241 -74 10.2304 57.90313 -74.00001 10.2304 57.90313 -74.00001 -0.028059 57.41339 -74.00001 -0.028059 57.41339 -74.00001 -1.23071 57.40016 -74.00001 -1.23071 57.40016 -74.00001 -1.23072 58.78707 -74.00001 -1.23072 58.78707 -74.00001 -10.17612 57.9127 -74.00001 -10.17612 57.9127 -74.00001 -28.70435 49.72278 -74 -28.70435 49.72278 -74 -31.27811 48.14532 -74 -31.27811 48.14532 -74 -31.28177 49.78838 -74 -31.28177 49.78838 -74 -29.35103 50.95049 -74.00001 -29.35103 50.95049 -74.00001 -41.52712 41.62852 -74 -41.52712 41.62852 -74 -40.59577 40.59894 -74 -40.59577 40.59894 -74 -49.71805 28.71259 -74 -49.71805 28.71259 -74 -55.45367 14.87214 -74 -55.45367 14.87214 -74 -57.4134 -6e-6 -74 -57.4134 -6e-6 -74 -57.4134 -6e-6 -74 -55.44388 -14.90858 -74 -55.44388 -14.90858 -74 -49.68186 -28.77518 -74 -49.68186 -28.77518 -74 -31.27773 -48.14559 -74 -31.27773 -48.14559 -74 -56.78267 15.26951 -74 -56.78267 15.26951 -74 -50.88222 29.4693 -74 -50.88222 29.4693 -74 -28.65896 -49.74896 -74 -28.65896 -49.74896 -74 -1.230733 -57.40017 -74 -1.230733 -57.40017 -74 0.028059 -57.41339 -74 0.028059 -57.41339 -74 57.24019 -6e-6 -73.7 57.24019 -6e-6 -73.7 57.24019 -6e-6 -73.7 57.24019 -6e-6 -73.7 53.78818 19.57729 -73.7 53.78818 19.57729 -73.7 43.84853 36.79328 -73.7 43.84853 36.79328 -73.7 28.6201 49.57146 -73.7 28.6201 49.57146 -73.7 9.939656 56.37058 -73.70001 9.939656 56.37058 -73.70001 -9.939656 56.37058 -73.70001 -9.939656 56.37058 -73.70001 -28.6201 49.57146 -73.7 -28.6201 49.57146 -73.7 -43.84853 36.79328 -73.7 -43.84853 36.79328 -73.7 -53.78818 19.57729 -73.7 -53.78818 19.57729 -73.7 -57.24019 -6e-6 -73.7 -57.24019 -6e-6 -73.7 -57.24019 -6e-6 -73.7 -57.24019 -6e-6 -73.7 57.2 -6e-6 -73.55001 57.2 -6e-6 -73.55001 57.2 -6e-6 -73.55001 49.53651 28.60022 -73.55001 49.53651 28.60022 -73.55001 28.59981 49.53673 -73.55001 28.59981 49.53673 -73.55001 27.20471 50.31642 -73.55001 27.20471 50.31642 -73.55001 0 57.19997 -73.55001 0 57.19997 -73.55001 -2.831156 57.12987 -73.55001 -2.831156 57.12987 -73.55001 -28.59981 49.53673 -73.55001 -28.59981 49.53673 -73.55001 -32.87645 46.80786 -73.55001 -32.87645 46.80786 -73.55001 -49.53651 28.60022 -73.55001 -49.53651 28.60022 -73.55001 -57.2 -6e-6 -73.55001 -57.2 -6e-6 -73.55001 -57.2 -6e-6 -73.55001 -57.21022 -6e-6 -73.62765 -57.21022 -6e-6 -73.62765 57.21022 -6e-6 -73.62765 57.21022 -6e-6 -73.62765 57.2 -5e-6 -67.45 57.2 -5e-6 -67.45 57.2 -5e-6 -67.45 57.21022 -5e-6 -67.37236 57.21022 -5e-6 -67.37236 57.24019 -5e-6 -67.30001 57.24019 -5e-6 -67.30001 57.24019 -5e-6 -67.30001 57.24019 -5e-6 -67.30001 55.28978 14.81485 -67.30001 55.28978 14.81485 -67.30001 49.57146 28.62009 -67.30001 49.57146 28.62009 -67.30001 40.47493 40.47492 -67.30001 40.47493 40.47492 -67.30001 28.6201 49.57146 -67.30001 28.6201 49.57146 -67.30001 14.81485 55.28977 -67.30001 14.81485 55.28977 -67.30001 0 57.24019 -67.30001 0 57.24019 -67.30001 -14.81485 55.28977 -67.30001 -14.81485 55.28977 -67.30001 -28.6201 49.57146 -67.30001 -28.6201 49.57146 -67.30001 -40.47493 40.47492 -67.30001 -40.47493 40.47492 -67.30001 -49.57146 28.62009 -67.30001 -49.57146 28.62009 -67.30001 -55.28978 14.81485 -67.30001 -55.28978 14.81485 -67.30001 -57.24019 -5e-6 -67.30001 -57.24019 -5e-6 -67.30001 -57.24019 -5e-6 -67.30001 -57.24019 -5e-6 -67.30001 -57.21022 -5e-6 -67.37236 -57.21022 -5e-6 -67.37236 -57.2 -5e-6 -67.45 -57.2 -5e-6 -67.45 -57.2 -5e-6 -67.45 -49.53651 28.60022 -67.45 -49.53651 28.60022 -67.45 -32.87645 46.80786 -67.45 -32.87645 46.80786 -67.45 -28.59981 49.53673 -67.45 -28.59981 49.53673 -67.45 -2.831156 57.12987 -67.45001 -2.831156 57.12987 -67.45001 0 57.19997 -67.45001 0 57.19997 -67.45001 27.20471 50.31642 -67.45 27.20471 50.31642 -67.45 28.59981 49.53673 -67.45 28.59981 49.53673 -67.45 49.53651 28.60022 -67.45 49.53651 28.60022 -67.45 -55.28978 -14.81486 -67.30001 -55.28978 -14.81486 -67.30001 -49.57146 -28.6201 -67.30001 -49.57146 -28.6201 -67.30001 -40.47493 -40.47493 -67.30001 -40.47493 -40.47493 -67.30001 -28.6201 -49.57146 -67.30001 -28.6201 -49.57146 -67.30001 -14.81485 -55.28978 -67.3 -14.81485 -55.28978 -67.3 0 -57.2402 -67.3 0 -57.2402 -67.3 14.81485 -55.28978 -67.3 14.81485 -55.28978 -67.3 28.6201 -49.57146 -67.30001 28.6201 -49.57146 -67.30001 40.47493 -40.47493 -67.30001 40.47493 -40.47493 -67.30001 49.57146 -28.6201 -67.30001 49.57146 -28.6201 -67.30001 55.28978 -14.81486 -67.30001 55.28978 -14.81486 -67.30001 49.53651 -28.60023 -67.45 49.53651 -28.60023 -67.45 28.59981 -49.53674 -67.45 28.59981 -49.53674 -67.45 27.20471 -50.31643 -67.45 27.20471 -50.31643 -67.45 0 -57.19998 -67.44999 0 -57.19998 -67.44999 -2.831156 -57.12988 -67.44999 -2.831156 -57.12988 -67.44999 -28.59981 -49.53674 -67.45 -28.59981 -49.53674 -67.45 -32.87645 -46.80787 -67.45 -32.87645 -46.80787 -67.45 -49.53651 -28.60023 -67.45 -49.53651 -28.60023 -67.45 -57.4134 -5e-6 -67 -57.4134 -5e-6 -67 -57.4134 -5e-6 -67 -53.94532 -19.65193 -67 -53.94532 -19.65193 -67 -43.98206 -36.90356 -67 -43.98206 -36.90356 -67 -29.00593 -49.54745 -67 -29.00593 -49.54745 -67 -28.70435 -49.72278 -67 -28.70435 -49.72278 -67 -0.028059 -57.41339 -67 -0.028059 -57.41339 -67 1.030551 -57.40412 -67 1.030551 -57.40412 -67 28.65896 -49.74896 -67 28.65896 -49.74896 -67 31.07942 -48.27384 -67 31.07942 -48.27384 -67 43.93457 -36.96006 -67 43.93457 -36.96006 -67 53.92764 -19.70041 -67 53.92764 -19.70041 -67 57.4134 -5e-6 -67 57.4134 -5e-6 -67 57.4134 -5e-6 -67 53.94532 19.65192 -67 53.94532 19.65192 -67 43.98206 36.90355 -67 43.98206 36.90355 -67 31.07964 48.27366 -67 31.07964 48.27366 -67 28.70435 49.72278 -67 28.70435 49.72278 -67 1.030528 57.40412 -67.00001 1.030528 57.40412 -67.00001 0.028059 57.41339 -67.00001 0.028059 57.41339 -67.00001 -28.65896 49.74895 -67 -28.65896 49.74895 -67 -29.00687 49.5469 -67 -29.00687 49.5469 -67 -43.93457 36.96005 -67 -43.93457 36.96005 -67 -53.92764 19.70039 -67 -53.92764 19.70039 -67 -59 -5e-6 -67 -59 -5e-6 -67 -59 -5e-6 -67 -56.97577 -15.32161 -67 -56.97577 -15.32161 -67 -51.05535 -29.56943 -67 -51.05535 -29.56943 -67 -41.66845 -41.77004 -67 -41.66845 -41.77004 -67 -29.45089 -51.12379 -67 -29.45089 -51.12379 -67 -29.00826 -51.37623 -67 -29.00826 -51.37623 -67 -29.0088 51.37593 -67.00001 -29.0088 51.37593 -67.00001 -29.49504 51.09832 -67.00001 -29.49504 51.09832 -67.00001 -41.71611 41.7224 -67 -41.71611 41.7224 -67 -51.09174 29.5065 -67 -51.09174 29.5065 -67 -56.98577 15.2844 -67 -56.98577 15.2844 -67 -10.2649 58.10013 -67.00001 -10.2649 58.10013 -67.00001 1.030538 58.99097 -67.00001 1.030538 58.99097 -67.00001 10.21078 58.10967 -67.00001 10.21078 58.10967 -67.00001 31.08123 50.14927 -67 31.08123 50.14927 -67 29.45089 51.12378 -67.00001 29.45089 51.12378 -67.00001 41.66845 41.77003 -67 41.66845 41.77003 -67 31.08086 -50.14947 -67 31.08086 -50.14947 -67 41.71611 -41.72241 -67 41.71611 -41.72241 -67 51.09174 -29.50651 -67 51.09174 -29.50651 -67 56.98577 -15.28441 -67 56.98577 -15.28441 -67 59 -5e-6 -67 59 -5e-6 -67 59 -5e-6 -67 56.97577 15.3216 -67 56.97577 15.3216 -67 51.05535 29.56942 -67 51.05535 29.56942 -67 29.49504 -51.09833 -67 29.49504 -51.09833 -67 1.030516 -58.99097 -67 1.030516 -58.99097 -67 10.2649 -58.10014 -67 10.2649 -58.10014 -67 -10.21078 -58.10968 -67 -10.21078 -58.10968 -67 59 -3e-6 -37 59 -3e-6 -37 55.46555 20.114 -37 45.94147 37.01865 -37.01862 45.94147 37.01865 -37.01862 44.25757 39.01624 -39.01622 44.25757 39.01624 -39.01622 37.01473 45.94463 -45.94462 37.01473 45.94463 -45.94462 18.59755 55.99224 -55.99217 18.59755 55.99224 -55.99217 0 59 -59 0 59 -59 0 59 -59 -18.59755 55.99216 -55.99225 -18.59755 55.99216 -55.99225 -37.01473 45.94461 -45.94464 -37.01473 45.94461 -45.94464 -44.25757 39.01622 -39.01625 -44.25757 39.01622 -39.01625 -45.94147 37.01861 -37.01866 -45.94147 37.01861 -37.01866 -55.46555 20.114 -37 -59 -3e-6 -37 -59 -3e-6 -37 59 0 0 59 0 0 59 0 0 59 0 0 58.58587 6.97825 -6.978282 58.58587 6.97825 -6.978282 59 -10e-7 -6.97 59 -10e-7 -6.97 58.314 8.970911 -8.971007 58.314 8.970911 -8.971007 52.52514 26.87209 -26.87186 52.52514 26.87209 -26.87186 -52.52514 26.87186 -26.87209 -52.52514 26.87186 -26.87209 -58.314 8.971004 -8.970912 -58.314 8.971004 -8.970912 -58.58587 6.978281 -6.978251 -58.58587 6.978281 -6.978251 -59 -10e-7 -6.97 -59 -10e-7 -6.97 -59 0 0 -59 0 0 -59 0 0 -59 0 0 -59 2e-6 23.06 -59 2e-6 23.06 -55.96318 -18.68481 23.06 -47.41559 -35.11086 23.05231 -47.41559 -35.11086 23.05231 -44.22595 -39.0522 21.37931 -44.22595 -39.0522 21.37931 -29.00914 -51.37565 16.14832 -29.00914 -51.37565 16.14832 -28.37166 -51.73054 15.99768 -28.37166 -51.73054 15.99768 0.005430996 -59 12.91198 0.005430996 -59 12.91198 1.030345 -58.99099 12.9158 1.030345 -58.99099 12.9158 28.37768 -51.72724 15.99908 28.37768 -51.72724 15.99908 31.07418 -50.15379 16.66697 31.07418 -50.15379 16.66697 44.22854 -39.04919 21.38059 44.22854 -39.04919 21.38059 47.4155 -35.11101 23.05225 47.4155 -35.11101 23.05225 55.96323 -18.68465 23.06 59 2e-6 23.06 59 2e-6 23.06 53.15716 -25.59914 -6.969998 36.7859 -46.12805 -6.969996 13.12873 -57.52075 -6.969995 -13.12873 -57.52075 -6.969995 -36.7859 -46.12805 -6.969996 -53.15716 -25.59914 -6.969998 53.15716 -25.59914 -37 36.7859 -46.12806 -37 13.12873 -57.52075 -37 -13.12873 -57.52075 -37 -36.7859 -46.12806 -37 -53.15716 -25.59914 -37 -59 3e-6 37.95598 -59 3e-6 37.95598 -59 3e-6 37.95598 -55.0981 -21.09926 28.99988 -55.0981 -21.09926 28.99988 -59 2e-6 30 -59 2e-6 30 59 3e-6 37.95598 59 3e-6 37.95598 59 3e-6 37.95598 59 2e-6 30 59 2e-6 30 55.0985 -21.0983 29.00029 55.0985 -21.0983 29.00029 0 59 59 0 59 59 0 59 59 18.59755 55.99217 55.99224 18.59755 55.99217 55.99224 37.01473 45.94462 45.94463 37.01473 45.94462 45.94463 44.25757 39.01622 39.01624 44.25757 39.01622 39.01624 50.79749 30.01014 30.01024 50.79749 30.01014 30.01024 56.84885 15.78633 30 55.0981 21.09927 46.91209 55.0981 21.09927 46.91209 44.22595 39.0522 54.53266 44.22595 39.0522 54.53266 31.07404 50.15391 59.24505 31.07404 50.15391 59.24505 28.37166 51.73054 59.91429 28.37166 51.73054 59.91429 27.83631 52.02067 60.03744 27.83631 52.02067 60.03744 0.002960979 59 60.02999 -27.83593 52.02088 60.03754 -27.83593 52.02088 60.03754 -28.37768 51.72724 59.91289 -28.37768 51.72724 59.91289 -29.009 51.37572 59.76368 -29.009 51.37572 59.76368 -44.22854 39.04919 54.53138 -44.22854 39.04919 54.53138 -55.0985 21.0983 46.91168 -55.0985 21.0983 46.91168 -56.84885 15.78633 30 -50.79749 30.01025 30.01014 -50.79749 30.01025 30.01014 -44.25757 39.01625 39.01622 -44.25757 39.01625 39.01622 -37.01473 45.94464 45.94461 -37.01473 45.94464 45.94461 -18.59755 55.99225 55.99216 -18.59755 55.99225 55.99216 -52.52514 26.87209 26.87186 -52.52514 26.87209 26.87186 -58.314 8.970912 8.971004 -58.314 8.970912 8.971004 52.52514 26.87186 26.87209 52.52514 26.87186 26.87209 58.314 8.971007 8.970911 58.314 8.971007 8.970911 -0.005430996 59 63 -0.005430996 59 63 1.030399 58.991 62.99618 1.030399 58.991 62.99618 -57.21516 39 14.40229 -57.21516 39 -14.4023 0 69 -59 0 69 -59 0 69 -59 -20.19597 69 -55.43574 -20.19597 69 -55.43574 -37.92456 69 -45.1965 -37.92456 69 -45.1965 -51.09833 69 -29.49505 -51.09833 69 -29.49505 -51.37594 69 -29.00881 -51.37594 69 -29.00881 -58.10013 69 -10.2649 -58.10013 69 -10.2649 -58.99097 69 1.030533 -58.99097 69 1.030533 -58.10967 69 10.21078 -58.10967 69 10.21078 -51.12379 69 29.45088 -51.12379 69 29.45088 -50.14927 69 31.08122 -50.14927 69 31.08122 -37.98064 69 45.14935 -37.98064 69 45.14935 -20.24522 69.00001 55.41777 -20.24522 69.00001 55.41777 0 69.00001 59 0 69.00001 59 0 69.00001 59 20.19597 69.00001 55.43573 20.19597 69.00001 55.43573 37.92456 69 45.19649 37.92456 69 45.19649 50.14947 69 31.08085 50.14947 69 31.08085 51.09833 69 29.49504 51.09833 69 29.49504 58.10013 69 10.26489 58.10013 69 10.26489 58.99097 69 1.030511 58.99097 69 1.030511 58.10967 69 -10.21078 58.10967 69 -10.21078 51.37622 69 -29.00827 51.37622 69 -29.00827 51.12379 69 -29.45089 51.12379 69 -29.45089 37.98064 69 -45.14936 37.98064 69 -45.14936 20.24522 69 -55.41778 20.24522 69 -55.41778 57.21516 39 -14.4023 57.21516 39 14.40229 50.2294 69 -29.00008 50.2294 69 -29.00008 41.01434 69 -41.00996 41.01434 69 -41.00996 29.00611 69 -50.22595 29.00611 69 -50.22595 15.02452 69 -56.02014 15.02452 69 -56.02014 0 69 -58 0 69 -58 0 69 -58 -15.06124 69 -56.01027 -15.06124 69 -56.01027 -29.06882 69 -50.18968 -29.06882 69 -50.18968 -41.06242 69 -40.96186 -41.06242 69 -40.96186 -50.22883 69 -29.00106 -50.22883 69 -29.00106 -57.1248 69 -10.03751 -57.1248 69 -10.03751 -57.99081 69 1.030518 -57.99081 69 1.030518 -57.11511 69 10.09244 -57.11511 69 10.09244 -50.23138 69 28.99662 -50.23138 69 28.99662 -48.96889 69 31.08115 -48.96889 69 31.08115 -41.01434 69 41.00996 -41.01434 69 41.00996 -29.00611 69 50.22594 -29.00611 69 50.22594 -15.02452 69.00001 56.02013 -15.02452 69.00001 56.02013 0 69.00001 58 0 69.00001 58 0 69.00001 58 15.06124 69.00001 56.01026 15.06124 69.00001 56.01026 29.06882 69 50.18967 29.06882 69 50.18967 41.06242 69 40.96185 41.06242 69 40.96185 48.96891 69 31.08117 48.96891 69 31.08117 50.25729 69 28.95169 50.25729 69 28.95169 57.1248 69 10.0375 57.1248 69 10.0375 57.99081 69 1.030541 57.99081 69 1.030541 57.11511 69 -10.09245 57.11511 69 -10.09245 0 68.00001 57 0 68.00001 57 0 68.00001 57 0 68.00001 57 0 68 -57 0 68 -57 0 68 -57 0 68 -57 -19.49511 68 -53.5625 -19.49511 68 -53.5625 -36.63895 68 -43.66448 -36.63895 68 -43.66448 -49.36337 68 -28.50014 -49.36337 68 -28.50014 -56.13407 68 -9.897771 -56.13407 68 -9.897771 -56.13407 68 9.897762 -56.13407 68 9.897762 -49.36337 68 28.50013 -49.36337 68 28.50013 -36.63895 68 43.66448 -36.63895 68 43.66448 -19.49511 68.00001 53.56249 -19.49511 68.00001 53.56249 0 63 -57 0 63 -57 0 63 -57 -28.50575 63 -49.36013 -28.50575 63 -49.36013 -49.36433 63 -28.49842 -49.36433 63 -28.49842 -50.18999 63 -27.01781 -50.18999 63 -27.01781 -56.99999 63 -0.02823698 -56.99999 63 -0.02823698 -56.91925 63 3.03176 -56.91925 63 3.03176 -49.39068 63 28.4527 -49.39068 63 28.4527 -46.41956 63 33.07901 -46.41956 63 33.07901 -28.56824 63 49.32398 -28.56824 63 49.32398 0 63 57 0 63 57 0 63 57 -14.92831 63 33.06 14.93756 63 33.06 46.41999 63 33.07843 46.41999 63 33.07843 28.50575 63 49.36012 28.50575 63 49.36012 49.36433 63 28.49841 49.36433 63 28.49841 -28.08846 63 3.029995 0.006001949 63 3.029995 28.10046 63 3.029995 56.91925 63 3.031802 56.91925 63 3.031802 56.99999 63 0.02822697 56.99999 63 0.02822697 -24.87995 63 -27 0.006302952 63 -27 24.89256 63 -27 50.18994 63 -27.01784 50.18994 63 -27.01784 49.39068 63 -28.45271 49.39068 63 -28.45271 28.56824 63 -49.32399 28.56824 63 -49.32399 14.75286 68 -55.05773 14.75286 68 -55.05773 28.50012 68 -49.36338 28.50012 68 -49.36338 40.30508 68 -40.3051 40.30508 68 -40.3051 49.36337 68 -28.50014 49.36337 68 -28.50014 55.05773 68 -14.75282 55.05773 68 -14.75282 57 68 -5e-6 57 68 -5e-6 55.05773 68 14.75281 55.05773 68 14.75281 49.36337 68 28.50013 49.36337 68 28.50013 40.30508 68 40.30509 40.30508 68 40.30509 28.50012 68 49.36338 28.50012 68 49.36338 14.75286 68.00001 55.05772 14.75286 68.00001 55.05772 -29.01528 49.64227 59.02787 -29.01528 49.64227 59.02787 -39.60723 41.68346 55.64956 -39.60723 41.68346 55.64956 -49.14237 29.85426 50.62836 -49.14237 29.85426 50.62836 -55.34317 15.60062 44.57806 -55.34317 15.60062 44.57806 -57.5 3e-6 37.95598 -57.5 3e-6 37.95598 -57.5 3e-6 37.95598 -55.34323 -15.60033 31.33404 -55.34323 -15.60033 31.33404 -49.14396 -29.85165 25.28472 -49.14396 -29.85165 25.28472 -39.61025 -41.68066 20.2636 -39.61025 -41.68066 20.2636 -29.01521 -49.64228 16.88409 -29.01521 -49.64228 16.88409 1.030361 57.49076 62.35936 1.030361 57.49076 62.35936 0.005181968 57.5 62.36328 0.005181968 57.5 62.36328 -27.65027 50.4154 59.35605 -27.65027 50.4154 59.35605 31.06384 48.38691 58.49501 31.06384 48.38691 58.49501 27.65593 50.4123 59.35473 27.65593 50.4123 59.35473 31.0637 -48.387 17.41693 31.0637 -48.387 17.41693 39.60723 -41.68346 20.26241 39.60723 -41.68346 20.26241 49.14237 -29.85426 25.28361 49.14237 -29.85426 25.28361 55.34317 -15.60061 31.33392 55.34317 -15.60061 31.33392 57.5 3e-6 37.95598 57.5 3e-6 37.95598 57.5 3e-6 37.95598 55.34323 15.60033 44.57793 55.34323 15.60033 44.57793 49.14396 29.85165 50.62725 49.14396 29.85165 50.62725 39.61025 41.68067 55.64837 39.61025 41.68067 55.64837 1.030393 -57.49076 13.55261 1.030393 -57.49076 13.55261 27.65027 -50.4154 16.55592 27.65027 -50.4154 16.55592 -27.65593 -50.4123 16.55724 -27.65593 -50.4123 16.55724 -0.005181968 -57.5 13.54869 -0.005181968 -57.5 13.54869 57.5 3e-6 36.15098 57.5 3e-6 36.15098 57.5 3e-6 36.15098 56.53564 10.48633 40.60216 56.53564 10.48633 40.60216 53.69728 20.56289 44.87941 53.69728 20.56289 44.87941 49.14237 29.85426 48.82336 49.14237 29.85426 48.82336 43.10146 38.05946 52.30626 43.10146 38.05946 52.30626 35.77706 45.01377 55.25819 35.77706 45.01377 55.25819 27.50236 50.49628 57.58538 27.50236 50.49628 57.58538 14.0981 55.74487 59.81327 14.0981 55.74487 59.81327 -0.005181968 57.5 60.55828 -0.005181968 57.5 60.55828 -2.531174 57.44426 60.53462 -2.531174 57.44426 60.53462 -15.41805 55.3944 59.6645 -15.41805 55.3944 59.6645 -27.65593 50.4123 57.54973 -27.65593 50.4123 57.54973 -32.57774 47.38073 56.2629 -32.57774 47.38073 56.2629 -43.10401 38.05651 52.30501 -43.10401 38.05651 52.30501 -49.14396 29.85165 48.82225 -49.14396 29.85165 48.82225 -53.69766 20.56198 44.87902 -53.69766 20.56198 44.87902 -56.53568 10.48621 40.60211 -56.53568 10.48621 40.60211 -57.5 3e-6 36.15098 -57.5 3e-6 36.15098 -57.5 3e-6 36.15098 -56.53564 -10.48632 31.6998 -56.53564 -10.48632 31.6998 -53.69728 -20.56289 27.42256 -53.69728 -20.56289 27.42256 -49.14237 -29.85426 23.4786 -49.14237 -29.85426 23.4786 -43.10146 -38.05945 19.99571 -43.10146 -38.05945 19.99571 -32.57776 -47.38067 16.03908 -32.57776 -47.38067 16.03908 -27.65027 -50.4154 14.75092 -27.65027 -50.4154 14.75092 -15.41365 -55.39562 12.63694 -15.41365 -55.39562 12.63694 -2.531141 -57.44427 11.76734 -2.531141 -57.44427 11.76734 0.005181968 -57.5 11.74368 0.005181968 -57.5 11.74368 14.10483 -55.74317 12.48941 14.10483 -55.74317 12.48941 27.50242 -50.49625 14.7166 27.50242 -50.49625 14.7166 35.77777 -45.01315 17.04404 35.77777 -45.01315 17.04404 43.10401 -38.0565 19.99696 43.10401 -38.0565 19.99696 49.14396 -29.85165 23.47971 49.14396 -29.85165 23.47971 53.69766 -20.56197 27.42294 53.69766 -20.56197 27.42294 56.53568 -10.48621 31.69985 56.53568 -10.48621 31.69985 -32.5696 46.97889 56.09233 -32.5696 46.97889 56.09233 -35.24707 45.00098 55.25276 -35.24707 45.00098 55.25276 -48.66674 29.94423 48.86155 -48.66674 29.94423 48.86155 -53.25569 20.67485 44.92693 -53.25569 20.67485 44.92693 -56.09876 10.72484 40.7034 -56.09876 10.72484 40.7034 -56.19733 -10.03725 31.89042 -56.19733 -10.03725 31.89042 -48.96929 -29.28879 23.71863 -48.96929 -29.28879 23.71863 -39.48329 -41.17107 18.6749 -39.48329 -41.17107 18.6749 -32.57435 -46.81912 16.27745 -32.57435 -46.81912 16.27745 -2.557332 57.11869 60.39642 -2.557332 57.11869 60.39642 -18.05199 54.24944 59.1785 -18.05199 54.24944 59.1785 27.50071 50.11931 57.42536 27.50071 50.11931 57.42536 14.19045 55.38745 59.66156 14.19045 55.38745 59.66156 0 57.17815 60.42166 0 57.17815 60.42166 0 57.17815 60.42166 27.50605 -49.96015 14.94416 27.50605 -49.96015 14.94416 35.24649 -44.84521 17.11532 35.24649 -44.84521 17.11532 42.56916 -37.97827 20.03017 42.56916 -37.97827 20.03017 48.65179 -29.81239 23.49638 48.65179 -29.81239 23.49638 53.24168 -20.5548 27.42599 53.24168 -20.5548 27.42599 56.09002 -10.6146 31.64535 56.09002 -10.6146 31.64535 56.20684 10.14032 40.45529 56.20684 10.14032 40.45529 48.99323 29.40505 48.63268 48.99323 29.40505 48.63268 39.50391 41.30755 53.68499 39.50391 41.30755 53.68499 -2.530099 -56.96595 11.97037 -2.530099 -56.96595 11.97037 0 -57.02185 11.94665 0 -57.02185 11.94665 0 -57.02185 11.94665 18.06706 -54.08819 13.19191 18.06706 -54.08819 13.19191 -27.55333 -49.93413 14.95521 -27.55333 -49.93413 14.95521 -14.19373 -55.23039 12.70708 -14.19373 -55.23039 12.70708 0 57.3 60.60576 0 57.3 60.60576 0 57.3 60.60576 -20.98158 53.32039 58.92235 -20.98158 53.32039 58.92235 -39.47713 41.53127 53.93562 -39.47713 41.53127 53.93562 -52.53219 22.8836 46.04779 -52.53219 22.8836 46.04779 -57.3 3e-6 36.36825 -57.3 3e-6 36.36825 -57.3 3e-6 36.36825 -52.5322 -22.88356 26.68873 -52.5322 -22.88356 26.68873 -39.47716 -41.53124 18.8009 -39.47716 -41.53124 18.8009 -20.9816 -53.32038 13.81417 -20.9816 -53.32038 13.81417 0 -57.3 12.13075 0 -57.3 12.13075 0 -57.3 12.13075 0 -57.21611 11.96793 0 -57.21611 11.96793 0 57.2674 60.49632 0 57.2674 60.49632 20.9816 -53.32038 13.81417 20.9816 -53.32038 13.81417 39.47714 -41.53126 18.80089 39.47714 -41.53126 18.80089 52.53219 -22.88359 26.68872 52.53219 -22.88359 26.68872 57.3 3e-6 36.36825 57.3 3e-6 36.36825 57.3 3e-6 36.36825 52.5322 22.88358 46.04778 52.5322 22.88358 46.04778 39.47714 41.53126 53.93561 39.47714 41.53126 53.93561 20.98158 53.32038 58.92235 20.98158 53.32038 58.92235 0 -57.3 14.52641 0 -57.3 14.52641 0 -57.3 14.52641 20.96956 -53.32511 16.21961 20.96956 -53.32511 16.21961 39.4635 -41.54422 21.23776 39.4635 -41.54422 21.23776 52.52671 -22.89616 29.18101 52.52671 -22.89616 29.18101 57.3 3e-6 38.93371 57.3 3e-6 38.93371 57.3 3e-6 38.93371 -57.3 3e-6 38.93371 -57.3 3e-6 38.93371 -57.3 3e-6 38.93371 -52.5267 -22.89619 29.181 -52.5267 -22.89619 29.181 -39.46348 -41.54424 21.23775 -39.46348 -41.54424 21.23775 -20.96955 -53.32511 16.21961 -20.96955 -53.32511 16.21961 0 57.42185 63.52511 0 57.42185 63.52511 0 57.42185 63.52511 -0.929745 57.41444 63.52196 -0.929745 57.41444 63.52196 -18.8755 54.23501 62.17237 -18.8755 54.23501 62.17237 -30.95984 48.37559 59.68519 -30.95984 48.37559 59.68519 -35.99557 44.76131 58.15102 -35.99557 44.76131 58.15102 -49.33795 29.45169 51.65248 -49.33795 29.45169 51.65248 -56.60127 10.05072 43.41726 -56.60127 10.05072 43.41726 -56.48273 -10.847 34.5467 -56.48273 -10.847 34.5467 -48.9916 -30.17972 26.34045 -48.9916 -30.17972 26.34045 -35.49417 -45.31561 19.91565 -35.49417 -45.31561 19.91565 -30.96787 -48.52676 18.5526 -30.96787 -48.52676 18.5526 -18.19176 -54.62457 15.96423 -18.19176 -54.62457 15.96423 -0.954591 -57.56755 14.71501 -0.954591 -57.56755 14.71501 0 -57.57815 14.71051 0 -57.57815 14.71051 0 -57.57815 14.71051 0 -57.3955 14.69691 0 -57.3955 14.69691 -52.52671 22.89618 48.68641 -52.52671 22.89618 48.68641 -39.46348 41.54424 56.62966 -39.46348 41.54424 56.62966 -20.96954 53.32513 61.64782 -20.96954 53.32513 61.64782 0 57.3 63.34101 0 57.3 63.34101 0 57.3 63.34101 0 57.33385 63.45233 0 57.33385 63.45233 20.96953 53.32513 61.64782 20.96953 53.32513 61.64782 39.46347 41.54426 56.62967 39.46347 41.54426 56.62967 52.52669 22.89621 48.68642 52.52669 22.89621 48.68642 18.89008 -54.38643 16.06532 18.89008 -54.38643 16.06532 29.1131 -49.66315 18.07023 29.1131 -49.66315 18.07023 35.97973 -44.93043 20.07915 35.97973 -44.93043 20.07915 49.31371 -29.64854 26.56593 49.31371 -29.64854 26.56593 56.59163 -10.26094 34.79547 56.59163 -10.26094 34.79547 56.49158 10.64412 43.66914 56.49158 10.64412 43.66914 49.00666 29.99881 51.88471 49.00666 29.99881 51.88471 35.49455 45.15893 58.31981 35.49455 45.15893 58.31981 29.1129 49.50708 60.16548 29.1129 49.50708 60.16548 18.17633 54.47335 62.27354 18.17633 54.47335 62.27354 0 -59.17815 14.03135 0 -59.17815 14.03135 0 -59.17815 14.03135 14.663 -57.33041 14.81567 14.663 -57.33041 14.81567 28.57407 -51.81147 17.15832 28.57407 -51.81147 17.15832 29.10763 -51.5131 17.28497 29.10763 -51.5131 17.28497 -0.929814 -59.17092 14.03442 -0.929814 -59.17092 14.03442 -14.70083 -57.32099 14.81967 -14.70083 -57.32099 14.81967 -30.96966 -50.41436 17.75136 -30.96966 -50.41436 17.75136 -28.58639 -51.80466 17.16121 -28.58639 -51.80466 17.16121 -40.95495 -42.68714 21.03137 -40.95495 -42.68714 21.03137 -30.96506 50.26081 60.48543 -30.96506 50.26081 60.48543 -40.42796 43.03126 57.41666 -40.42796 43.03126 57.41666 -50.33339 30.89599 52.26554 -50.33339 30.89599 52.26554 -58.06919 10.91459 43.78395 -58.06919 10.91459 43.78395 -58.15998 -10.5762 34.66165 -58.15998 -10.5762 34.66165 -50.6847 -30.47375 26.21564 -50.6847 -30.47375 26.21564 -27.98215 51.97779 61.21424 -27.98215 51.97779 61.21424 -0.94993 59.01206 64.20011 -0.94993 59.01206 64.20011 -13.97384 57.34647 63.49311 -13.97384 57.34647 63.49311 0 59.02186 64.20426 0 59.02186 64.20426 0 59.02186 64.20426 29.10783 51.35679 60.95064 29.10783 51.35679 60.95064 28.46356 51.71619 61.1032 28.46356 51.71619 61.1032 14.63396 57.18191 63.42326 14.63396 57.18191 63.42326 40.80265 42.67689 57.26624 40.80265 42.67689 57.26624 40.88851 -42.75077 21.00436 40.88851 -42.75077 21.00436 50.64246 -30.54409 26.18579 50.64246 -30.54409 26.18579 58.1636 -10.55949 34.66874 58.1636 -10.55949 34.66874 58.08382 10.83416 43.74981 58.08382 10.83416 43.74981 50.52494 30.5825 52.13248 50.52494 30.5825 52.13248 0 59.3 64.02017 0 59.3 64.02017 0 59.3 64.02017 -21.71373 55.18156 62.27782 -21.71373 55.18156 62.27782 -40.85481 42.9811 57.11649 -40.85481 42.9811 57.11649 -54.36568 23.68254 48.95238 -54.36568 23.68254 48.95238 -59.3 3e-6 38.93371 -59.3 3e-6 38.93371 -59.3 3e-6 38.93371 -54.36569 -23.68252 28.91506 -54.36569 -23.68252 28.91506 -40.85482 -42.98109 20.75093 -40.85482 -42.98109 20.75093 -21.71371 -55.18156 15.5896 -21.71371 -55.18156 15.5896 0 -59.3 13.84725 0 -59.3 13.84725 0 -59.3 13.84725 0 -59.2674 13.9567 0 -59.2674 13.9567 0 59.21611 64.18298 0 59.21611 64.18298 21.71371 -55.18156 15.5896 21.71371 -55.18156 15.5896 40.8548 -42.9811 20.75093 40.8548 -42.9811 20.75093 54.36568 -23.68255 28.91504 54.36568 -23.68255 28.91504 59.3 3e-6 38.93371 59.3 3e-6 38.93371 59.3 3e-6 38.93371 54.36569 23.68252 48.95237 54.36569 23.68252 48.95237 40.85483 42.98108 57.11648 40.85483 42.98108 57.11648 21.71373 55.18156 62.27782 21.71373 55.18156 62.27782 -59.3 3e-6 36.15098 -59.3 3e-6 36.15098 -59.3 3e-6 36.15098 -58.31156 -10.78193 31.57433 -58.31156 -10.78193 31.57433 -55.39353 -21.16656 27.16631 -55.39353 -21.16656 27.16631 -44.47167 -39.22708 19.50008 -44.47167 -39.22708 19.50008 -29.77425 -51.28324 14.38254 -29.77425 -51.28324 14.38254 -28.53598 -51.98257 14.08569 -28.53598 -51.98257 14.08569 -0.003153979 -59.3 10.97963 -0.003153979 -59.3 10.97963 0.270578 -59.29938 10.97989 0.270578 -59.29938 10.97989 28.53359 -51.98388 14.08514 28.53359 -51.98388 14.08514 30.31758 -50.964 14.51805 30.31758 -50.964 14.51805 44.47265 -39.22603 19.50053 44.47265 -39.22603 19.50053 55.39566 -21.161 27.16867 55.39566 -21.161 27.16867 59.3 3e-6 36.15098 59.3 3e-6 36.15098 59.3 3e-6 36.15098 55.39353 21.16657 45.13565 55.39353 21.16657 45.13565 44.47167 39.22708 52.80189 44.47167 39.22708 52.80189 30.3176 50.96398 57.7839 30.3176 50.96398 57.7839 28.53598 51.98257 58.21627 28.53598 51.98257 58.21627 0.270504 59.29938 61.32207 0.270504 59.29938 61.32207 0.003153979 59.3 61.32233 0.003153979 59.3 61.32233 -28.53359 51.98389 58.21683 -28.53359 51.98389 58.21683 -29.77426 51.28325 57.91942 -29.77426 51.28325 57.91942 -44.47265 39.22603 52.80144 -44.47265 39.22603 52.80144 -55.39566 21.16101 45.13329 -55.39566 21.16101 45.13329 0 -60.22185 10.58833 0 -60.22185 10.58833 0 -60.22185 10.58833 0.278267 -60.2203 10.58899 0.278267 -60.2203 10.58899 -29.76767 -52.36215 13.92457 -29.76767 -52.36215 13.92457 -29.034 -52.77198 13.75061 -29.034 -52.77198 13.75061 -14.92911 -58.34509 11.38496 -14.92911 -58.34509 11.38496 -41.62904 -43.54701 17.66637 -41.62904 -43.54701 17.66637 -29.76758 52.5184 58.44371 -29.76758 52.5184 58.44371 -41.71525 43.62059 54.66682 -41.71525 43.62059 54.66682 -51.67246 31.15983 49.37754 -51.67246 31.15983 49.37754 -59.34289 10.78177 40.72757 -59.34289 10.78177 40.72757 -59.26628 -11.03935 31.46506 -59.26628 -11.03935 31.46506 -56.31681 -21.47386 27.03587 -56.31681 -21.47386 27.03587 -51.55658 -31.19555 22.90926 -51.55658 -31.19555 22.90926 -29.15207 52.8631 58.59003 -29.15207 52.8631 58.59003 0.270604 60.37757 61.77973 0.270604 60.37757 61.77973 0 60.37815 61.77998 0 60.37815 61.77998 0 60.37815 61.77998 -14.96081 58.49288 60.97973 -14.96081 58.49288 60.97973 14.99801 58.48366 60.97582 14.99801 58.48366 60.97582 30.31258 52.20549 58.31089 30.31258 52.20549 58.31089 29.16101 52.85816 58.58794 29.16101 52.85816 58.58794 41.78633 43.55251 54.63792 41.78633 43.55251 54.63792 30.3148 -52.04779 14.05801 30.3148 -52.04779 14.05801 41.23901 -43.9158 17.50984 41.23901 -43.9158 17.50984 51.35315 -31.52854 22.76791 51.35315 -31.52854 22.76791 56.2042 -21.76741 26.91127 56.2042 -21.76741 26.91127 59.24528 -11.1535 31.4166 59.24528 -11.1535 31.4166 60.2995 -0.244027 36.0474 60.2995 -0.244027 36.0474 59.34464 10.76865 40.722 59.34464 10.76865 40.722 51.72119 31.07866 49.34308 51.72119 31.07866 49.34308 28.5401 -53.04024 13.63674 28.5401 -53.04024 13.63674 14.24695 -58.51503 11.31283 14.24695 -58.51503 11.31283 0 60.5 61.96408 0 60.5 61.96408 0 60.5 61.96408 -22.15299 56.29827 60.18638 -22.15299 56.29827 60.18638 -41.6814 43.85101 54.92029 -41.6814 43.85101 54.92029 -55.46577 24.16193 46.5904 -55.46577 24.16193 46.5904 -60.5 3e-6 36.36825 -60.5 3e-6 36.36825 -60.5 3e-6 36.36825 -55.46578 -24.16188 26.14612 -55.46578 -24.16188 26.14612 -41.68143 -43.85097 17.81623 -41.68143 -43.85097 17.81623 -22.15301 -56.29826 12.55014 -22.15301 -56.29826 12.55014 0 -60.5 10.77243 0 -60.5 10.77243 0 -60.5 10.77243 0 -60.41611 10.60962 0 -60.41611 10.60962 0 60.4674 61.85464 0 60.4674 61.85464 22.15301 -56.29826 12.55013 22.15301 -56.29826 12.55013 41.68141 -43.85099 17.81623 41.68141 -43.85099 17.81623 55.46577 -24.16191 26.14611 55.46577 -24.16191 26.14611 60.5 3e-6 36.36825 60.5 3e-6 36.36825 60.5 3e-6 36.36825 55.46578 24.1619 46.59039 55.46578 24.1619 46.59039 41.68142 43.85099 54.92028 41.68142 43.85099 54.92028 22.15299 56.29827 60.18638 22.15299 56.29827 60.18638 -18.36619 -57.64488 15.8219 -18.36619 -57.64488 15.8219 -18.36619 -57.64488 15.8219 8.784722 -59.85882 14.91041 8.784722 -59.85882 14.91041 34.40447 -49.76527 19.07316 34.40447 -49.76527 19.07316 53.35781 -28.51657 27.89192 53.35781 -28.51657 27.89192 58.65881 -14.81194 33.61636 58.65881 -14.81194 33.61636 60.5 3e-6 39.83397 60.5 3e-6 39.83397 60.5 3e-6 39.83397 -60.5 3e-6 39.83397 -60.5 3e-6 39.83397 -60.5 3e-6 39.83397 -57.31249 -19.37854 31.70566 -57.31249 -19.37854 31.70566 -48.37357 -36.33522 24.63885 -48.37357 -36.33522 24.63885 -34.86352 -49.44476 19.20534 -34.86352 -49.44476 19.20534 -57.25063 19.56055 48.09475 -57.25063 19.56055 48.09475 -48.07042 36.73534 55.39691 -48.07042 36.73534 55.39691 -34.32661 49.81901 60.99214 -34.32661 49.81901 60.99214 -8.729953 59.86684 65.31081 -8.729953 59.86684 65.31081 18.24593 57.68307 64.37032 18.24593 57.68307 64.37032 18.24593 57.68307 64.37032 18.32416 57.34436 65.66461 18.32416 57.34436 65.66461 18.20853 56.51383 66.69152 18.20853 56.51383 66.69152 18.20853 56.51383 66.69152 9.207973 58.65737 67.61552 9.207973 58.65737 67.61552 0 59.37485 67.92847 0 59.37485 67.92847 0 59.37485 67.92847 -25.7952 53.47907 65.38574 -25.7952 53.47907 65.38574 -37.38976 46.12308 62.21665 -37.38976 46.12308 62.21665 -47.1915 36.03178 57.87211 -47.1915 36.03178 57.87211 -56.17559 19.22444 50.64522 -56.17559 19.22444 50.64522 -59.37308 0.2283419 42.49 -59.37308 0.2283419 42.49 -56.32837 -18.76969 34.34653 -56.32837 -18.76969 34.34653 -47.46244 -35.67377 27.11154 -47.46244 -35.67377 27.11154 -34.08206 -48.61906 21.57902 -34.08206 -48.61906 21.57902 -17.73309 -56.66463 18.14463 -17.73309 -56.66463 18.14463 -17.73309 -56.66463 18.14463 -18.11295 -57.41143 17.117 -18.11295 -57.41143 17.117 57.30201 19.40951 48.03101 57.30201 19.40951 48.03101 48.26078 36.4849 55.28989 48.26078 36.4849 55.28989 34.66342 49.58525 60.89184 34.66342 49.58525 60.89184 -8.977361 -58.69327 17.27867 -8.977361 -58.69327 17.27867 0 -59.3748 16.98839 0 -59.3748 16.98839 0 -59.3748 16.98839 25.85418 -53.44983 19.51671 25.85418 -53.44983 19.51671 37.45891 -46.06661 22.66954 37.45891 -46.06661 22.66954 47.27112 -35.92609 27.00393 47.27112 -35.92609 27.00393 56.21679 -19.102 34.20405 56.21679 -19.102 34.20405 59.37394 -0.137143 42.3327 59.37394 -0.137143 42.3327 56.31174 18.8212 50.47216 56.31174 18.8212 50.47216 50.16666 31.7581 56.03397 50.16666 31.7581 56.03397 41.31003 42.64736 60.72016 41.31003 42.64736 60.72016 0 59 68.70583 0 59 68.70583 0 59 68.70583 -21.56718 54.91682 66.94325 -21.56718 54.91682 66.94325 -40.60681 42.80289 61.71403 -40.60681 42.80289 61.71403 -54.07405 23.60078 53.42507 -54.07405 23.60078 53.42507 -59 3e-6 43.23734 -59 3e-6 43.23734 -59 3e-6 43.23734 -54.07408 -23.60072 33.04964 -54.07408 -23.60072 33.04964 -40.60689 -42.80281 24.7607 -40.60689 -42.80281 24.7607 -21.56731 -54.91677 19.53148 -21.56731 -54.91677 19.53148 -10.26998 -58.09929 18.15769 -10.26998 -58.09929 18.15769 0 -59 17.76886 0 -59 17.76886 0 -59 17.76886 0 -59.0977 17.33775 0 -59.0977 17.33775 0 59.10031 68.27127 0 59.10031 68.27127 10.26998 -58.09929 18.15769 10.26998 -58.09929 18.15769 21.56731 -54.91677 19.53148 21.56731 -54.91677 19.53148 40.60687 -42.80282 24.7607 40.60687 -42.80282 24.7607 54.07406 -23.60075 33.04963 54.07406 -23.60075 33.04963 59 3e-6 43.23734 59 3e-6 43.23734 59 3e-6 43.23734 54.07406 23.60075 53.42506 54.07406 23.60075 53.42506 40.60683 42.80287 61.71402 40.60683 42.80287 61.71402 21.56718 54.91682 66.94325 21.56718 54.91682 66.94325 -59 6e-6 78.195 -59 6e-6 78.195 -59 6e-6 78.195 -55.44197 -20.17886 78.195 -55.44197 -20.17886 78.195 -45.1967 -37.92433 78.195 -45.1967 -37.92433 78.195 -31.0712 -50.15554 78.195 -31.0712 -50.15554 78.195 -29.49985 -51.09555 78.19501 -29.49985 -51.09555 78.19501 -10.24504 -58.10368 78.19501 -10.24504 -58.10368 78.19501 -1.030418 -58.99098 78.19501 -1.030418 -58.99098 78.19501 10.24504 -58.10368 78.19501 10.24504 -58.10368 78.19501 29.00163 -51.37999 78.19501 29.00163 -51.37999 78.19501 29.49985 -51.09555 78.19501 29.49985 -51.09555 78.19501 45.1967 -37.92433 78.195 45.1967 -37.92433 78.195 55.44197 -20.17886 78.195 55.44197 -20.17886 78.195 59 6e-6 78.195 59 6e-6 78.195 59 6e-6 78.195 59 4e-6 48.19499 59 4e-6 48.19499 53.15716 -25.59914 48.195 36.7859 -46.12805 48.195 13.12873 -57.52074 48.195 -13.12873 -57.52074 48.195 -36.7859 -46.12805 48.195 -53.15716 -25.59914 48.195 -59 4e-6 48.19499 -59 4e-6 48.19499 51.0955 -29.5 80.195 51.0955 -29.5 80.195 51.0955 -29.5 80.195 41.7192 -41.71939 80.195 41.7192 -41.71939 80.195 29.49982 -51.09559 80.19501 29.49982 -51.09559 80.19501 29.00244 -51.37954 80.19501 29.00244 -51.37954 80.19501 14.99323 -57.06313 80.19501 14.99323 -57.06313 80.19501 -1.67e-4 -58.99997 80.19501 -1.67e-4 -58.99997 80.19501 -1.029067 -58.99102 80.19501 -1.029067 -58.99102 80.19501 -15.76692 -56.85421 80.19501 -15.76692 -56.85421 80.19501 -29.49999 -51.09547 80.19501 -29.49999 -51.09547 80.19501 -31.06149 -50.16157 80.195 -31.06149 -50.16157 80.195 -51.0954 -29.50013 80.195 -51.0954 -29.50013 80.195 -56.98955 -15.27052 80.195 -56.98955 -15.27052 80.195 -58.99999 -2.02e-4 80.195 -58.99999 -2.02e-4 80.195 -56.98966 15.27019 80.195 -56.98966 15.27019 80.195 -51.0955 29.50001 80.195 -51.0955 29.50001 80.195 -51.0955 29.50001 80.195 -51.04119 29.46865 81.31312 -51.04119 29.46865 81.31312 -50.87896 29.37499 82.41722 -50.87896 29.37499 82.41722 -50.87896 29.37499 82.41722 -50.87896 29.37499 82.41722 -52.42681 26.51391 82.41722 -52.42681 26.51391 82.41722 -53.81417 23.57103 82.41722 -53.81417 23.57103 82.41722 -53.81417 23.57103 82.41722 -53.81417 23.57103 82.41722 -50.66848 22.40604 87.87751 -50.66848 22.40604 87.87751 -45.04956 20.31878 90.18618 -45.04956 20.31878 90.18618 -45.04956 20.31878 90.18618 -44.85107 20.2487 90.19279 -44.85107 20.2487 90.19279 -44.6493 20.18515 90.195 -44.6493 20.18515 90.195 -44.6493 20.18515 90.195 -44.6493 20.18515 90.195 -48.93908 -2.442146 90.195 -48.93908 -2.442146 90.195 -42.43532 -24.49979 90.195 -42.43532 -24.49979 90.195 -38.88865 -29.81052 90.195 -38.88865 -29.81052 90.195 -26.58478 -41.16123 90.195 -26.58478 -41.16123 90.195 -14.07476 -46.93504 90.195 -14.07476 -46.93504 90.195 -4.8438 -48.75999 90.195 -4.8438 -48.75999 90.195 -4.8438 -48.75999 90.195 -4.8438 -48.75999 90.195 -4.889666 -48.96649 90.1928 -4.889666 -48.96649 90.1928 -4.927956 -49.17358 90.18618 -4.927956 -49.17358 90.18618 -4.927956 -49.17358 90.18618 -5.929426 -55.08327 87.87751 -5.929426 -55.08327 87.87751 -6.493458 -58.39 82.41723 -6.493458 -58.39 82.41723 -6.493458 -58.39 82.41723 -6.493458 -58.39 82.41723 0 -58.74995 82.41723 0 -58.74995 82.41723 6.493983 -58.38994 82.41723 6.493983 -58.38994 82.41723 6.493983 -58.38994 82.41723 6.493983 -58.38994 82.41723 5.93005 -55.0832 87.87751 5.93005 -55.0832 87.87751 4.92821 -49.17344 90.18618 4.92821 -49.17344 90.18618 4.92821 -49.17344 90.18618 4.88965 -48.9665 90.19279 4.88965 -48.9665 90.19279 4.8438 -48.75999 90.195 4.8438 -48.75999 90.195 4.8438 -48.75999 90.195 4.8438 -48.75999 90.195 22.61418 -43.46949 90.195 22.61418 -43.46949 90.195 26.56996 -41.17078 90.195 26.56996 -41.17078 90.195 42.43524 -24.49999 90.195 42.43524 -24.49999 90.195 42.43524 -24.49999 90.195 48.55897 -28.03553 87.26607 48.55897 -28.03553 87.26607 -50.03459 28.88749 83.195 -50.03459 28.88749 83.195 -50.03459 28.88749 83.195 -51.2222 26.72512 83.195 -51.2222 26.72512 83.195 -52.31643 24.51403 83.195 -52.31643 24.51403 83.195 -52.31643 24.51403 83.195 -52.31643 24.51403 83.195 -53.11462 24.25686 82.98239 -53.11462 24.25686 82.98239 -50.57465 29.19929 82.97673 -50.57465 29.19929 82.97673 -47.32052 34.81848 82.41722 -47.32052 34.81848 82.41722 -47.32052 34.81848 82.41722 -47.32052 34.81848 82.41722 -47.56433 33.87025 82.98238 -47.56433 33.87025 82.98238 -47.38798 33.05036 83.195 -47.38798 33.05036 83.195 -47.38798 33.05036 83.195 -47.38798 33.05036 83.195 -48.75573 30.99718 83.195 -48.75573 30.99718 83.195 -49.17512 32.14601 82.41722 -49.17512 32.14601 82.41722 -31.07505 50.15316 80.195 -31.07505 50.15316 80.195 -29.49982 51.0956 80.19499 -29.49982 51.0956 80.19499 -15.76676 56.85426 80.19499 -15.76676 56.85426 80.19499 -1.029467 58.991 80.19499 -1.029467 58.991 80.19499 1.67e-4 58.99998 80.19499 1.67e-4 58.99998 80.19499 14.99451 57.06279 80.19499 14.99451 57.06279 80.19499 29.00422 51.37853 80.19499 29.00422 51.37853 80.19499 29.49999 51.09548 80.19499 29.49999 51.09548 80.19499 41.71921 41.71935 80.195 41.71921 41.71935 80.195 51.0954 29.50014 80.195 51.0954 29.50014 80.195 56.98955 15.27053 80.195 56.98955 15.27053 80.195 58.99999 2.14e-4 80.195 58.99999 2.14e-4 80.195 56.98966 -15.27018 80.195 56.98966 -15.27018 80.195 48.93993 -2.424863 90.195 48.93993 -2.424863 90.195 48.95278 2.150303 90.195 48.95278 2.150303 90.195 44.6493 20.18515 90.195 44.6493 20.18515 90.195 44.6493 20.18515 90.195 44.6493 20.18515 90.195 44.85107 20.24868 90.1928 44.85107 20.24868 90.1928 45.04955 20.31906 90.18618 45.04955 20.31906 90.18618 45.04955 20.31906 90.18618 50.66823 22.40662 87.8775 50.66823 22.40662 87.8775 53.81394 23.57155 82.41722 53.81394 23.57155 82.41722 53.81394 23.57155 82.41722 53.81394 23.57155 82.41722 50.87896 29.37499 82.41722 50.87896 29.37499 82.41722 47.32052 34.81848 82.41722 47.32052 34.81848 82.41722 47.32052 34.81848 82.41722 47.32052 34.81848 82.41722 44.73843 32.67718 87.87751 44.73843 32.67718 87.87751 40.12135 28.85469 90.18618 40.12135 28.85469 90.18618 40.12135 28.85469 90.18618 39.96141 28.71782 90.19279 39.96141 28.71782 90.19279 39.8055 28.57486 90.195 39.8055 28.57486 90.195 39.8055 28.57486 90.195 39.8055 28.57486 90.195 33.60956 35.65663 90.195 33.60956 35.65663 90.195 22.35457 43.60357 90.195 22.35457 43.60357 90.195 6.372344 48.58383 90.195 6.372344 48.58383 90.195 2.13e-4 48.99997 90.195 2.13e-4 48.99997 90.195 -22.35429 43.60372 90.195 -22.35429 43.60372 90.195 -39.8055 28.57486 90.195 -39.8055 28.57486 90.195 -39.8055 28.57486 90.195 -39.8055 28.57486 90.195 -39.9614 28.71783 90.1928 -39.9614 28.71783 90.1928 -40.12159 28.85453 90.18618 -40.12159 28.85453 90.18618 -40.12159 28.85453 90.18618 -44.73881 32.67668 87.8775 -44.73881 32.67668 87.8775 -41.41379 20.36995 90.195 -41.41379 20.36995 90.195 -38.97114 22.50001 90.195 -38.97114 22.50001 90.195 -38.97114 22.50001 90.195 -38.34776 25.68026 90.195 -38.34776 25.68026 90.195 -7.228425 25.00001 90.195 -7.228425 25.00001 90.195 -22.5 25.00001 90.195 -22.5 25.00001 90.195 -22.5 25.00001 90.195 -24.354 24.35444 90.195 -24.354 24.35444 90.195 -25 22.50001 90.195 -25 22.50001 90.195 -25 22.50001 90.195 -25 7e-6 90.195 -25 7e-6 90.195 -25 -5.781263 90.195 -25 -5.781263 90.195 -25 -22.49999 90.195 -25 -22.49999 90.195 -25 -22.49999 90.195 -24.35444 -24.35399 90.195 -24.35444 -24.35399 90.195 -22.5 -24.99999 90.195 -22.5 -24.99999 90.195 -22.5 -24.99999 90.195 -1.420282 -24.99999 90.195 -1.420282 -24.99999 90.195 0 -24.99999 90.195 0 -24.99999 90.195 22.5 -24.99999 90.195 22.5 -24.99999 90.195 22.5 -24.99999 90.195 24.354 -24.35443 90.195 24.354 -24.35443 90.195 25 -22.49999 90.195 25 -22.49999 90.195 25 -22.49999 90.195 25 7e-6 90.195 25 7e-6 90.195 25 20.76128 90.195 25 20.76128 90.195 38.97174 22.49897 90.195 38.97174 22.49897 90.195 35.76685 -20.64999 90.195 0.001194 -44.99999 90.195 0.001194 -44.99999 90.195 25 22.50001 90.195 25 22.50001 90.195 25 22.50001 90.195 24.35444 24.35401 90.195 24.35444 24.35401 90.195 22.5 25.00001 90.195 22.5 25.00001 90.195 22.5 25.00001 90.195 0 25.00001 90.195 0 25.00001 90.195 -44.46158 20.85562 89.9128 -44.46158 20.85562 89.9128 -44.37969 21.14813 89.195 -44.37969 21.14813 89.195 -44.37969 21.14813 89.195 -41.79122 21.29599 89.195 -41.79122 21.29599 89.195 -39.83717 23.00001 89.195 -39.83717 23.00001 89.195 -39.83717 23.00001 89.195 -39.58351 22.85356 89.9021 -39.58351 22.85356 89.9021 -40.50465 27.85989 89.195 -40.50465 27.85989 89.195 -40.50465 27.85989 89.195 -40.30735 28.06166 89.89125 -40.30735 28.06166 89.89125 -39.33847 25.54428 89.195 -39.33847 25.54428 89.195 -40.73012 28.06419 89.18669 -40.73012 28.06419 89.18669 -40.73012 28.06419 89.18669 -40.73012 28.06419 89.18669 -40.61543 27.96417 89.19303 -40.61543 27.96417 89.19303 -44.52539 21.19192 89.19303 -44.52539 21.19192 89.19303 -44.66935 21.24124 89.18666 -44.66935 21.24124 89.18666 -44.66935 21.24124 89.18666 -44.66935 21.24124 89.18666 -44.66935 21.24124 83.695 -44.66935 21.24124 83.695 -44.66935 21.24124 83.695 -44.66935 21.24124 83.695 -41.93319 21.24124 83.695 -41.93319 21.24124 83.695 -39.83717 23.00001 83.695 -39.83717 23.00001 83.695 -39.36204 25.6946 83.695 -39.36204 25.6946 83.695 -40.73012 28.06418 83.695 -40.73012 28.06418 83.695 -40.73012 28.06418 83.695 -40.73012 28.06418 83.695 -46.80733 33.16357 83.695 -46.80733 33.16357 83.695 -46.80733 33.16357 83.695 -46.80733 33.16357 83.695 -44.37951 31.12639 87.58987 -44.37951 31.12639 87.58987 -40.55862 28.31525 89.90308 -40.55862 28.31525 89.90308 -46.90607 33.25532 83.67283 -46.90607 33.25532 83.67283 -46.99375 33.35491 83.65198 -46.99375 33.35491 83.65198 -46.99375 33.35491 83.65198 -47.32905 34.06046 83.25942 -47.32905 34.06046 83.25942 -47.12401 33.25416 83.32247 -47.12401 33.25416 83.32247 -46.90476 33.04664 83.33578 -46.90476 33.04664 83.33578 -47.12832 32.78021 83.195 -47.12832 32.78021 83.195 -47.12832 32.78021 83.195 -47.26544 32.90827 83.195 -47.26544 32.90827 83.195 -40.82425 27.952 83.34145 -40.82425 27.952 83.34145 -41.05151 27.68116 83.195 -41.05151 27.68116 83.195 -41.05151 27.68116 83.195 -44.61926 21.37885 83.34145 -44.61926 21.37885 83.34145 -44.49834 21.71108 83.195 -44.49834 21.71108 83.195 -44.49834 21.71108 83.195 -40.2702 23.25002 83.195 -40.2702 23.25002 83.195 -52.12413 23.95456 83.695 -52.12413 23.95456 83.695 -52.12413 23.95456 83.695 -52.12413 23.95456 83.695 -52.07551 24.08668 83.3472 -52.07551 24.08668 83.3472 -51.95265 24.42423 83.195 -51.95265 24.42423 83.195 -51.95265 24.42423 83.195 -49.14598 22.8706 87.58988 -49.14598 22.8706 87.58988 -44.79287 20.98698 89.88164 -44.79287 20.98698 89.88164 -53.16171 23.95795 83.25943 -53.16171 23.95795 83.25943 -52.38293 24.02034 83.65194 -52.38293 24.02034 83.65194 -52.38293 24.02034 83.65194 -52.25314 23.99423 83.6728 -52.25314 23.99423 83.6728 -52.36095 24.18352 83.32247 -52.36095 24.18352 83.32247 -52.13212 24.47895 83.195 -52.13212 24.47895 83.195 -41.30127 25.00001 83.195 -41.30127 25.00001 83.195 -41.30127 25.00001 83.195 -43.30127 27.00001 83.195 -43.30127 27.00001 83.195 -45.30127 25.00001 83.195 -45.30127 25.00001 83.195 -45.30127 25.00001 83.195 -43.30127 23.00001 83.195 -43.30127 23.00001 83.195 44.37969 21.14813 89.195 44.37969 21.14813 89.195 44.37969 21.14813 89.195 44.45578 20.87638 89.89125 44.45578 20.87638 89.89125 40.29228 28.07707 89.9128 40.29228 28.07707 89.9128 40.50465 27.85989 89.195 40.50465 27.85989 89.195 40.50465 27.85989 89.195 40.14152 27.45276 89.195 40.14152 27.45276 89.195 39.83717 27.00001 89.195 39.83717 27.00001 89.195 39.83717 27.00001 89.195 40.14152 22.54726 89.195 40.14152 22.54726 89.195 44.52539 21.19192 89.19303 44.52539 21.19192 89.19303 44.66935 21.24124 89.18669 44.66935 21.24124 89.18669 44.66935 21.24124 89.18669 44.66935 21.24124 89.18669 44.80103 20.96718 89.90308 44.80103 20.96718 89.90308 49.14599 22.8706 87.58987 49.14599 22.8706 87.58987 52.12416 23.95456 83.695 52.12416 23.95456 83.695 52.12416 23.95456 83.695 52.12416 23.95456 83.695 52.25298 23.99419 83.67283 52.25298 23.99419 83.67283 52.38293 24.02034 83.65194 52.38293 24.02034 83.65194 52.38293 24.02034 83.65194 53.16167 23.95795 83.2595 53.16167 23.95795 83.2595 44.66935 21.24124 83.695 44.66935 21.24124 83.695 44.66935 21.24124 83.695 44.66935 21.24124 83.695 39.83717 27.00001 83.695 39.83717 27.00001 83.695 39.83717 27.00001 83.695 39.83717 27.00001 83.695 40.23709 22.42886 83.695 40.23709 22.42886 83.695 40.27018 26.75001 83.195 40.27018 26.75001 83.195 40.27018 26.75001 83.195 40.62021 22.75019 83.195 40.62021 22.75019 83.195 44.49834 21.71108 83.195 44.49834 21.71108 83.195 44.49834 21.71108 83.195 44.61926 21.37885 83.34145 44.61926 21.37885 83.34145 39.964 26.92678 83.34145 39.964 26.92678 83.34145 52.31643 24.51403 83.195 52.31643 24.51403 83.195 52.31643 24.51403 83.195 52.31643 24.51403 83.195 52.13212 24.47895 83.195 52.13212 24.47895 83.195 51.95265 24.42423 83.195 51.95265 24.42423 83.195 51.95265 24.42423 83.195 40.62013 27.24975 83.195 40.62013 27.24975 83.195 41.05151 27.68116 83.195 41.05151 27.68116 83.195 41.05151 27.68116 83.195 47.12832 32.78021 83.195 47.12832 32.78021 83.195 47.12832 32.78021 83.195 47.26544 32.90827 83.195 47.26544 32.90827 83.195 47.38798 33.05036 83.195 47.38798 33.05036 83.195 47.38798 33.05036 83.195 47.38798 33.05036 83.195 50.03457 28.88748 83.195 50.03457 28.88748 83.195 45.30127 25.00001 83.195 45.30127 25.00001 83.195 45.30127 25.00001 83.195 43.30127 27.00001 83.195 43.30127 27.00001 83.195 41.30127 25.00001 83.195 41.30127 25.00001 83.195 41.30127 25.00001 83.195 43.30127 23.00001 83.195 43.30127 23.00001 83.195 53.11466 24.2568 82.98238 53.11466 24.2568 82.98238 47.56436 33.87019 82.98239 47.56436 33.87019 82.98239 52.36095 24.18352 83.32247 52.36095 24.18352 83.32247 52.0716 24.09741 83.33578 52.0716 24.09741 83.33578 47.12401 33.25416 83.32247 47.12401 33.25416 83.32247 46.99368 33.35478 83.65194 46.99368 33.35478 83.65194 46.99368 33.35478 83.65194 47.32904 34.06042 83.25943 47.32904 34.06042 83.25943 46.80731 33.16355 83.695 46.80731 33.16355 83.695 46.80731 33.16355 83.695 46.80731 33.16355 83.695 46.90618 33.25545 83.6728 46.90618 33.25545 83.6728 46.89742 33.05538 83.3472 46.89742 33.05538 83.3472 40.82425 27.952 83.34145 40.82425 27.952 83.34145 40.73012 28.06418 83.695 40.73012 28.06418 83.695 40.73012 28.06418 83.695 40.73012 28.06418 83.695 40.23709 27.57116 83.695 40.23709 27.57116 83.695 40.61543 27.96417 89.19303 40.61543 27.96417 89.19303 40.73012 28.06419 89.18666 40.73012 28.06419 89.18666 40.73012 28.06419 89.18666 40.73012 28.06419 89.18666 40.57168 28.29829 89.88164 40.57168 28.29829 89.88164 44.3795 31.12638 87.58988 44.3795 31.12638 87.58988 -3.87504 -49.00799 89.195 -3.87504 -49.00799 89.195 -3.87504 -49.00799 89.195 -4.148424 -48.93801 89.89125 -4.148424 -48.93801 89.89125 4.169302 -48.93266 89.9128 4.169302 -48.93266 89.9128 3.87504 -49.00799 89.195 3.87504 -49.00799 89.195 3.87504 -49.00799 89.195 0.544273 -46.03719 89.195 0.544273 -46.03719 89.195 -3.464102 -47.99999 89.195 -3.464102 -47.99999 89.195 -3.464102 -47.99999 89.195 -3.70402 -48.48995 89.195 -3.70402 -48.48995 89.195 -3.90996 -49.15607 89.19303 -3.90996 -49.15607 89.19303 -3.939231 -49.3054 89.18669 -3.939231 -49.3054 89.18669 -3.939231 -49.3054 89.18669 -3.939231 -49.3054 89.18669 -4.242407 -49.28241 89.90308 -4.242407 -49.28241 89.90308 -4.766481 -53.99696 87.58988 -4.766481 -53.99696 87.58988 -5.316824 -57.11811 83.69501 -5.316824 -57.11811 83.69501 -5.316824 -57.11811 83.69501 -5.316824 -57.11811 83.69501 -5.346916 -57.24949 83.67284 -5.346916 -57.24949 83.67284 -5.389324 -57.37522 83.65199 -5.389324 -57.37522 83.65199 -5.389324 -57.37522 83.65199 -5.832694 -58.01837 83.25943 -5.832694 -58.01837 83.25943 -3.939231 -49.3054 83.695 -3.939231 -49.3054 83.695 -3.939231 -49.3054 83.695 -3.939231 -49.3054 83.695 -3.464102 -47.99999 83.695 -3.464102 -47.99999 83.695 -3.464102 -47.99999 83.695 -3.464102 -47.99999 83.695 -3.75877 -48.63191 83.695 -3.75877 -48.63191 83.695 -3.031089 -48.24999 83.195 -3.031089 -48.24999 83.195 -3.031089 -48.24999 83.195 -3.288909 -48.80293 83.195 -3.288909 -48.80293 83.195 -3.446827 -49.39222 83.195 -3.446827 -49.39222 83.195 -3.446827 -49.39222 83.195 -3.795009 -49.33083 83.34145 -3.795009 -49.33083 83.34145 -3.337275 -48.07321 83.34145 -3.337275 -48.07321 83.34145 -4.928452 -57.56436 83.19501 -4.928452 -57.56436 83.19501 -4.928452 -57.56436 83.19501 -4.928452 -57.56436 83.19501 -4.866671 -57.3872 83.19501 -4.866671 -57.3872 83.19501 -4.824328 -57.20442 83.19501 -4.824328 -57.20442 83.19501 -4.824328 -57.20442 83.19501 0.607658 -46.55318 83.195 0.607658 -46.55318 83.195 3.446827 -49.39222 83.195 3.446827 -49.39222 83.195 3.446827 -49.39222 83.195 4.824328 -57.20442 83.19501 4.824328 -57.20442 83.19501 4.824328 -57.20442 83.19501 4.866671 -57.3872 83.19501 4.866671 -57.3872 83.19501 4.928452 -57.56436 83.19501 4.928452 -57.56436 83.19501 4.928452 -57.56436 83.19501 4.928452 -57.56436 83.19501 0 -57.77494 83.19501 0 -57.77494 83.19501 2 -49.99999 83.195 2 -49.99999 83.195 2 -49.99999 83.195 0 -47.99999 83.195 0 -47.99999 83.195 -2 -49.99999 83.195 -2 -49.99999 83.195 -2 -49.99999 83.195 0 -51.99999 83.19501 0 -51.99999 83.19501 -5.550329 -58.12704 82.98239 -5.550329 -58.12704 82.98239 5.550258 -58.12702 82.9824 5.550258 -58.12702 82.9824 -5.236939 -57.43766 83.32247 -5.236939 -57.43766 83.32247 -5.166842 -57.14402 83.33579 -5.166842 -57.14402 83.33579 5.236938 -57.43766 83.32247 5.236938 -57.43766 83.32247 5.389324 -57.37522 83.65199 5.389324 -57.37522 83.65199 5.389324 -57.37522 83.65199 5.832709 -58.0184 83.25937 5.832709 -58.0184 83.25937 5.316819 -57.11809 83.69501 5.316819 -57.11809 83.69501 5.316819 -57.11809 83.69501 5.316819 -57.11809 83.69501 5.346962 -57.24966 83.67281 5.346962 -57.24966 83.67281 5.178086 -57.14204 83.34721 5.178086 -57.14204 83.34721 3.795009 -49.33083 83.34145 3.795009 -49.33083 83.34145 3.939231 -49.3054 83.695 3.939231 -49.3054 83.695 3.939231 -49.3054 83.695 3.939231 -49.3054 83.695 0.694593 -46.06076 83.695 0.694593 -46.06076 83.695 3.90996 -49.15607 89.19303 3.90996 -49.15607 89.19303 3.939231 -49.3054 89.18666 3.939231 -49.3054 89.18666 3.939231 -49.3054 89.18666 3.939231 -49.3054 89.18666 4.221189 -49.28524 89.88164 4.221189 -49.28524 89.88164 4.76648 -53.99696 87.58988 4.76648 -53.99696 87.58988 55.44197 20.17888 78.195 55.44197 20.17888 78.195 45.1967 37.92435 78.195 45.1967 37.92435 78.195 29.49985 51.09557 78.19499 29.49985 51.09557 78.19499 29.00163 51.38 78.19499 29.00163 51.38 78.19499 10.24504 58.10369 78.19499 10.24504 58.10369 78.19499 -1.030418 58.99099 78.19499 -1.030418 58.99099 78.19499 -10.24504 58.10369 78.19499 -10.24504 58.10369 78.19499 -29.49985 51.09557 78.19499 -29.49985 51.09557 78.19499 -31.0712 50.15555 78.195 -31.0712 50.15555 78.195 -45.1967 37.92435 78.195 -45.1967 37.92435 78.195 -55.44197 20.17888 78.195 -55.44197 20.17888 78.195 -49.53651 -28.60023 -73.55001 -49.53651 -28.60023 -73.55001 -32.87645 -46.80787 -73.55001 -32.87645 -46.80787 -73.55001 -28.59981 -49.53674 -73.55001 -28.59981 -49.53674 -73.55001 -2.831156 -57.12988 -73.55 -2.831156 -57.12988 -73.55 0 -57.19998 -73.55 0 -57.19998 -73.55 27.20471 -50.31643 -73.55001 27.20471 -50.31643 -73.55001 28.59981 -49.53674 -73.55001 28.59981 -49.53674 -73.55001 49.53651 -28.60023 -73.55001 49.53651 -28.60023 -73.55001 55.28978 -14.81486 -73.7 55.28978 -14.81486 -73.7 49.57146 -28.6201 -73.7 49.57146 -28.6201 -73.7 40.47493 -40.47493 -73.7 40.47493 -40.47493 -73.7 28.6201 -49.57146 -73.7 28.6201 -49.57146 -73.7 14.81485 -55.28978 -73.69999 14.81485 -55.28978 -73.69999 0 -57.2402 -73.69999 0 -57.2402 -73.69999 -14.81485 -55.28978 -73.69999 -14.81485 -55.28978 -73.69999 -28.6201 -49.57146 -73.7 -28.6201 -49.57146 -73.7 -40.47493 -40.47493 -73.7 -40.47493 -40.47493 -73.7 -49.57146 -28.6201 -73.7 -49.57146 -28.6201 -73.7 -55.28978 -14.81486 -73.7 -55.28978 -14.81486 -73.7 -10.33297 -10.67031 89.195 -10.33297 -10.67031 89.195 -10.33297 -10.67031 89.195 -7.664782 -5.028066 89.195 -7.664782 -5.028066 89.195 -5.109882 0.410032 89.195 -5.109882 0.410032 89.195 -5.109882 0.410032 89.195 -5.035329 0.542192 89.195 -5.035329 0.542192 89.195 -4.953713 0.643206 89.195 -4.953713 0.643206 89.195 -4.864666 0.717551 89.195 -4.864666 0.717551 89.195 -4.768036 0.764215 89.195 -4.768036 0.764215 89.195 -4.663661 0.784733 89.195 -4.663661 0.784733 89.195 -4.550731 0.784562 89.195 -4.550731 0.784562 89.195 -4.428272 0.767379 89.195 -4.428272 0.767379 89.195 -4.291701 0.735124 89.195 -4.291701 0.735124 89.195 -4.291701 0.735124 89.195 -2.2252 0.216187 89.195 -2.2252 0.216187 89.195 -0.155957 -0.367588 89.195 -0.155957 -0.367588 89.195 -0.155957 -0.367588 89.195 4.672891 -2.320045 89.195 4.672891 -2.320045 89.195 9.226524 -4.831238 89.195 9.226524 -4.831238 89.195 9.226524 -4.831238 89.195 11.8729 0.269971 89.195 11.8729 0.269971 89.195 11.8729 0.269971 89.195 1.504445 8.217644 89.195 1.504445 8.217644 89.195 -17.45788 14.63152 89.195 -17.45788 14.63152 89.195 -17.45788 14.63152 89.195 -18.96356 14.84924 89.195 -18.96356 14.84924 89.195 -20.57834 15.06037 89.195 -20.57834 15.06037 89.195 -20.57834 15.06037 89.195 -15.44216 2.161148 89.195 -15.44216 2.161148 89.195 7.433473 -7.250062 89.195 7.433473 -7.250062 89.195 7.433473 -7.250062 89.195 3.462206 -5.070642 89.195 3.462206 -5.070642 89.195 -0.699918 -3.240434 89.195 -0.699918 -3.240434 89.195 -0.699918 -3.240434 89.195 -7.49481 -17.62064 89.195 -7.49481 -17.62064 89.195 -7.49481 -17.62064 89.195 2.084695 -17.68603 89.195 2.084695 -17.68603 89.195 2.084695 -17.68603 89.195 2.455681 -17.61248 89.195 2.455681 -17.61248 89.195 2.773006 -17.29061 89.195 2.773006 -17.29061 89.195 2.773006 -17.29061 89.195 6.683899 -9.732452 89.195 6.683899 -9.732452 89.195 6.683899 -9.732452 89.195 7.168696 -8.798182 89.195 7.168696 -8.798182 89.195 7.660999 -7.849003 89.195 7.660999 -7.849003 89.195 7.660999 -7.849003 89.195 7.717072 -7.669545 89.195 7.717072 -7.669545 89.195 7.694725 -7.493289 89.195 7.694725 -7.493289 89.195 7.591683 -7.361032 89.195 7.591683 -7.361032 89.195 19.46436 15.00157 89.195 19.46436 15.00157 89.195 19.46436 15.00157 89.195 19.20114 15.03208 89.195 19.20114 15.03208 89.195 18.93361 15.05043 89.195 18.93361 15.05043 89.195 18.93361 15.05043 89.195 13.63336 15.05049 89.195 13.63336 15.05049 89.195 8.475936 15.0555 89.195 8.475936 15.0555 89.195 8.475936 15.0555 89.195 8.125433 14.98896 89.195 8.125433 14.98896 89.195 7.840397 14.68838 89.195 7.840397 14.68838 89.195 7.840397 14.68838 89.195 6.834319 12.4911 89.195 6.834319 12.4911 89.195 5.843392 10.38449 89.195 5.843392 10.38449 89.195 5.843392 10.38449 89.195 5.793723 10.19776 89.195 5.793723 10.19776 89.195 5.824195 10.01186 89.195 5.824195 10.01186 89.195 5.935922 9.8721 89.195 5.935922 9.8721 89.195 6.091321 9.754354 89.195 6.091321 9.754354 89.195 6.091321 9.754354 89.195 9.244566 7.46991 89.195 9.244566 7.46991 89.195 13.62875 3.654563 89.195 13.62875 3.654563 89.195 13.62875 3.654563 89.195 13.63599 3.648135 89.195 13.63599 3.648135 89.195 13.64324 3.64169 89.195 13.64324 3.64169 89.195 13.64324 3.64169 89.195 16.58237 9.377401 89.195 16.58237 9.377401 89.195 20.76795 -23.26794 89.195 20.76795 -23.26794 89.195 20.76795 -23.26794 89.195 0 -23.26794 89.195 0 -23.26794 89.195 -20.76795 -23.26794 89.195 -20.76795 -23.26794 89.195 -20.76795 -23.26794 89.195 -22.62238 -22.62194 89.195 -22.62238 -22.62194 89.195 -23.26795 -20.76794 89.195 -23.26795 -20.76794 89.195 -23.26795 -20.76794 89.195 -23.26795 7e-6 89.195 -23.26795 7e-6 89.195 -23.26795 20.76796 89.195 -23.26795 20.76796 89.195 -23.26795 20.76796 89.195 -22.62195 22.62239 89.195 -22.62195 22.62239 89.195 -20.76795 23.26796 89.195 -20.76795 23.26796 89.195 -20.76795 23.26796 89.195 0 23.26796 89.195 0 23.26796 89.195 20.76795 23.26796 89.195 20.76795 23.26796 89.195 20.76795 23.26796 89.195 22.62238 22.62196 89.195 22.62238 22.62196 89.195 23.26795 20.76796 89.195 23.26795 20.76796 89.195 23.26795 20.76796 89.195 23.26795 7e-6 89.195 23.26795 7e-6 89.195 23.26795 -20.76794 89.195 23.26795 -20.76794 89.195 23.26795 -20.76794 89.195 22.62195 -22.62238 89.195 22.62195 -22.62238 89.195 11.7105 0.247852 89.695 11.7105 0.247852 89.695 11.7105 0.247852 89.695 9.174424 -4.640732 89.695 9.174424 -4.640732 89.695 9.174424 -4.640732 89.695 4.664155 -2.16742 89.695 4.664155 -2.16742 89.695 -0.113641 -0.240472 89.695 -0.113641 -0.240472 89.695 -0.113641 -0.240472 89.695 -2.190738 0.345825 89.695 -2.190738 0.345825 89.695 -4.256857 0.864489 89.695 -4.256857 0.864489 89.695 -4.256857 0.864489 89.695 -4.418868 0.901977 89.695 -4.418868 0.901977 89.695 -4.563565 0.919672 89.695 -4.563565 0.919672 89.695 -4.696713 0.916019 89.695 -4.696713 0.916019 89.695 -4.820048 0.888043 89.695 -4.820048 0.888043 89.695 -4.935484 0.831323 89.695 -4.935484 0.831323 89.695 -5.042946 0.743572 89.695 -5.042946 0.743572 89.695 -5.14171 0.624063 89.695 -5.14171 0.624063 89.695 -5.231299 0.466664 89.695 -5.231299 0.466664 89.695 -5.231299 0.466664 89.695 -7.722719 -4.837013 89.695 -7.722719 -4.837013 89.695 -10.32247 -10.33453 89.695 -10.32247 -10.33453 89.695 -10.32247 -10.33453 89.695 -15.33275 2.248529 89.695 -15.33275 2.248529 89.695 -20.36907 14.89698 89.695 -20.36907 14.89698 89.695 -20.36907 14.89698 89.695 -18.87676 14.70268 89.695 -18.87676 14.70268 89.695 -17.47968 14.49933 89.695 -17.47968 14.49933 89.695 -17.47968 14.49933 89.695 1.400891 8.121731 89.695 1.400891 8.121731 89.695 6.168922 9.863567 89.695 6.168922 9.863567 89.695 6.168922 9.863567 89.695 6.026352 9.970992 89.695 6.026352 9.970992 89.695 5.943587 10.07304 89.695 5.943587 10.07304 89.695 5.928457 10.20032 89.695 5.928457 10.20032 89.695 5.964246 10.32667 89.695 5.964246 10.32667 89.695 5.964246 10.32667 89.695 6.955747 12.43449 89.695 6.955747 12.43449 89.695 7.962414 14.63306 89.695 7.962414 14.63306 89.695 7.962414 14.63306 89.695 8.170385 14.86094 89.695 8.170385 14.86094 89.695 8.475624 14.92152 89.695 8.475624 14.92152 89.695 8.475624 14.92152 89.695 13.63694 14.91651 89.695 13.63694 14.91651 89.695 18.93356 14.91646 89.695 18.93356 14.91646 89.695 18.93356 14.91646 89.695 19.08872 14.90872 89.695 19.08872 14.90872 89.695 19.25679 14.89027 89.695 19.25679 14.89027 89.695 19.25679 14.89027 89.695 16.45666 9.425848 89.695 16.45666 9.425848 89.695 13.60262 3.856196 89.695 13.60262 3.856196 89.695 13.60262 3.856196 89.695 9.223363 7.656753 89.695 9.223363 7.656753 89.695 2.654018 -17.22904 89.695 2.654018 -17.22904 89.695 2.654018 -17.22904 89.695 2.418843 -17.47955 89.695 2.418843 -17.47955 89.695 2.08533 -17.55206 89.695 2.08533 -17.55206 89.695 2.08533 -17.55206 89.695 -7.284005 -17.4881 89.695 -7.284005 -17.4881 89.695 -7.284005 -17.4881 89.695 -0.631675 -3.409604 89.695 -0.631675 -3.409604 89.695 -0.631675 -3.409604 89.695 3.459376 -5.219015 89.695 3.459376 -5.219015 89.695 7.364987 -7.365211 89.695 7.364987 -7.365211 89.695 7.364987 -7.365211 89.695 7.483267 -7.444839 89.695 7.483267 -7.444839 89.695 7.570188 -7.543021 89.695 7.570188 -7.543021 89.695 7.582146 -7.667279 89.695 7.582146 -7.667279 89.695 7.542075 -7.787308 89.695 7.542075 -7.787308 89.695 7.542075 -7.787308 89.695 7.055012 -8.726387 89.695 7.055012 -8.726387 89.695 6.56491 -9.670882 89.695 6.56491 -9.670882 89.695 6.56491 -9.670882 89.695 -10.32773 -10.50249 89.4449 -10.32773 -10.50249 89.4449 9.200522 -4.736016 89.44479 9.200522 -4.736016 89.44479 11.79164 0.258932 89.44522 11.79164 0.258932 89.44522 -20.47387 14.97876 89.44452 -20.47387 14.97876 89.44452 -0.665775 -3.324975 89.445 -0.665775 -3.324975 89.445 19.36165 14.9461 89.44172 19.36165 14.9461 89.44172 13.62067 3.760912 89.47287 13.62067 3.760912 89.47287 13.63871 3.665866 89.2512 13.63871 3.665866 89.2512 13.63871 3.665866 89.2512 13.64098 3.653761 89.22306 13.64098 3.653761 89.22306 45.30127 25.00001 73.195 45.30127 25.00001 73.195 45.30127 25.00001 73.195 43.30127 23.00004 73.195 43.30127 23.00004 73.195 41.30127 25.00001 73.195 41.30127 25.00001 73.195 41.30127 25.00001 73.195 43.30127 26.99997 73.195 43.30127 26.99997 73.195 -41.30127 25.00001 73.195 -41.30127 25.00001 73.195 -41.30127 25.00001 73.195 -43.30127 23.00004 73.195 -43.30127 23.00004 73.195 -45.30127 25.00001 73.195 -45.30127 25.00001 73.195 -45.30127 25.00001 73.195 -43.30127 26.99997 73.195 -43.30127 26.99997 73.195 2 -50 73.195 2 -50 73.195 2 -50 73.195 0 -51.99996 73.19501 0 -51.99996 73.19501 -2 -50 73.195 -2 -50 73.195 -2 -50 73.195 0 -48.00003 73.195 0 -48.00003 73.195 0 -56.5 -73.55 0 -56.5 -73.55 0 -56.5 -73.55 27.21051 -49.51603 -73.55001 27.21051 -49.51603 -73.55001 -2.831944 -56.42897 -73.55 -2.831944 -56.42897 -73.55 28.24999 -48.93041 -73.55001 28.24999 -48.93041 -73.55001 48.93043 -28.25001 -73.55001 48.93043 -28.25001 -73.55001 56.49997 -6e-6 -73.55001 56.49997 -6e-6 -73.55001 48.93043 28.25 -73.55001 48.93043 28.25 -73.55001 28.24999 48.9304 -73.55001 28.24999 48.9304 -73.55001 27.21051 49.51602 -73.55001 27.21051 49.51602 -73.55001 0 56.5 -73.55001 0 56.5 -73.55001 0 56.5 -73.55001 -2.831944 56.42897 -73.55001 -2.831944 56.42897 -73.55001 -28.24999 -48.93041 -73.55001 -28.24999 -48.93041 -73.55001 -32.86765 -45.95615 -73.55001 -32.86765 -45.95615 -73.55001 -48.93043 -28.25001 -73.55001 -48.93043 -28.25001 -73.55001 -32.86765 45.95614 -73.55001 -32.86765 45.95614 -73.55001 -48.93043 28.25 -73.55001 -48.93043 28.25 -73.55001 -56.49997 -6e-6 -73.55001 -56.49997 -6e-6 -73.55001 -28.24999 48.9304 -73.55001 -28.24999 48.9304 -73.55001 0 -56.5 -67.44999 0 -56.5 -67.44999 0 -56.5 -67.44999 27.21051 -49.51603 -67.45 27.21051 -49.51603 -67.45 28.24999 -48.93041 -67.45 28.24999 -48.93041 -67.45 48.93043 -28.25001 -67.45 48.93043 -28.25001 -67.45 56.49997 -5e-6 -67.45 56.49997 -5e-6 -67.45 48.93043 28.25 -67.45 48.93043 28.25 -67.45 28.24999 48.9304 -67.45 28.24999 48.9304 -67.45 27.21051 49.51602 -67.45 27.21051 49.51602 -67.45 0 56.5 -67.45001 0 56.5 -67.45001 0 56.5 -67.45001 -2.831944 -56.42897 -67.44999 -2.831944 -56.42897 -67.44999 -28.24999 -48.93041 -67.45 -28.24999 -48.93041 -67.45 -32.86765 -45.95615 -67.45 -32.86765 -45.95615 -67.45 -48.93043 -28.25001 -67.45 -48.93043 -28.25001 -67.45 -56.49997 -5e-6 -67.45 -56.49997 -5e-6 -67.45 -48.93043 28.25 -67.45 -48.93043 28.25 -67.45 -32.86765 45.95614 -67.45 -32.86765 45.95614 -67.45 -28.24999 48.9304 -67.45 -28.24999 48.9304 -67.45 -2.831944 56.42897 -67.45001 -2.831944 56.42897 -67.45001 0 -57.49999 78.19501 0 -57.49999 78.19501 0 -57.49999 78.19501 19.66594 -54.03239 78.19501 19.66594 -54.03239 78.19501 29.01288 -49.64373 78.195 29.01288 -49.64373 78.195 -1.031771 -57.49069 78.19501 -1.031771 -57.49069 78.19501 36.96005 -44.04772 78.195 36.96005 -44.04772 78.195 49.79633 -28.75018 78.195 49.79633 -28.75018 78.195 55.54065 -14.88236 78.195 55.54065 -14.88236 78.195 57.5 6e-6 78.195 57.5 6e-6 78.195 55.54065 14.88237 78.195 55.54065 14.88237 78.195 49.79633 28.75019 78.195 49.79633 28.75019 78.195 36.96005 44.04774 78.195 36.96005 44.04774 78.195 29.01288 49.64375 78.195 29.01288 49.64375 78.195 19.66594 54.03241 78.19499 19.66594 54.03241 78.19499 0 57.50001 78.19499 0 57.50001 78.19499 0 57.50001 78.19499 -1.031771 57.49071 78.19499 -1.031771 57.49071 78.19499 -19.66594 -54.03239 78.19501 -19.66594 -54.03239 78.19501 -31.0767 -48.37856 78.195 -31.0767 -48.37856 78.195 -36.96005 -44.04772 78.195 -36.96005 -44.04772 78.195 -31.0767 48.37858 78.195 -31.0767 48.37858 78.195 -36.96005 44.04774 78.195 -36.96005 44.04774 78.195 -49.79633 28.75019 78.195 -49.79633 28.75019 78.195 -55.54065 14.88237 78.195 -55.54065 14.88237 78.195 -57.5 6e-6 78.195 -57.5 6e-6 78.195 -55.54065 -14.88236 78.195 -55.54065 -14.88236 78.195 -49.79633 -28.75018 78.195 -49.79633 -28.75018 78.195 -19.66594 54.03241 78.19499 -19.66594 54.03241 78.19499 0 -57.49999 80.19501 0 -57.49999 80.19501 0 -57.49999 80.19501 19.66594 -54.03239 80.19501 19.66594 -54.03239 80.19501 29.01395 -49.6431 80.195 29.01395 -49.6431 80.195 36.96005 -44.04772 80.195 36.96005 -44.04772 80.195 49.79633 -28.75018 80.195 49.79633 -28.75018 80.195 56.6264 -9.984843 80.195 56.6264 -9.984843 80.195 56.6264 9.984854 80.195 56.6264 9.984854 80.195 49.79633 28.75019 80.195 49.79633 28.75019 80.195 36.96005 44.04774 80.195 36.96005 44.04774 80.195 29.01395 49.64312 80.195 29.01395 49.64312 80.195 19.66594 54.03241 80.19499 19.66594 54.03241 80.19499 0 57.50001 80.19499 0 57.50001 80.19499 0 57.50001 80.19499 -1.030683 -57.49071 80.19501 -1.030683 -57.49071 80.19501 -19.66594 -54.03239 80.19501 -19.66594 -54.03239 80.19501 -31.0756 -48.37926 80.195 -31.0756 -48.37926 80.195 -36.96005 -44.04772 80.195 -36.96005 -44.04772 80.195 -49.79633 -28.75018 80.195 -49.79633 -28.75018 80.195 -55.54065 -14.88236 80.195 -55.54065 -14.88236 80.195 -57.5 6e-6 80.195 -57.5 6e-6 80.195 -55.54065 14.88237 80.195 -55.54065 14.88237 80.195 -49.79633 28.75019 80.195 -49.79633 28.75019 80.195 -36.96005 44.04774 80.195 -36.96005 44.04774 80.195 -31.0756 48.37928 80.195 -31.0756 48.37928 80.195 -19.66594 54.03241 80.19499 -19.66594 54.03241 80.19499 -1.030683 57.49073 80.19499 -1.030683 57.49073 80.19499 0 -58.99999 80.19501 0 -58.99999 80.19501 0 -58.99999 80.19501 20.17896 -55.44194 80.19501 20.17896 -55.44194 80.19501 37.92423 -45.1968 80.195 37.92423 -45.1968 80.195 51.09536 -29.50018 80.195 51.09536 -29.50018 80.195 51.37818 -29.00481 80.195 51.37818 -29.00481 80.195 58.10361 -10.24532 80.195 58.10361 -10.24532 80.195 58.99098 1.030463 80.195 58.99098 1.030463 80.195 58.10361 10.24533 80.195 58.10361 10.24533 80.195 51.09536 29.5002 80.195 51.09536 29.5002 80.195 50.15776 31.06766 80.195 50.15776 31.06766 80.195 37.92423 45.19681 80.195 37.92423 45.19681 80.195 20.17896 55.44195 80.19499 20.17896 55.44195 80.19499 0 59.00001 80.19499 0 59.00001 80.19499 0 59.00001 80.19499 0 59.00001 78.19499 0 59.00001 78.19499 0 59.00001 78.19499 20.17896 55.44195 78.19499 20.17896 55.44195 78.19499 37.92423 45.19681 78.195 37.92423 45.19681 78.195 50.15776 31.06766 78.195 50.15776 31.06766 78.195 51.09536 29.5002 78.195 51.09536 29.5002 78.195 58.10361 10.24533 78.195 58.10361 10.24533 78.195 58.99098 1.030463 78.195 58.99098 1.030463 78.195 58.10361 -10.24532 78.195 58.10361 -10.24532 78.195 51.37818 -29.00481 78.195 51.37818 -29.00481 78.195 51.09536 -29.50018 78.195 51.09536 -29.50018 78.195 37.92423 -45.1968 78.195 37.92423 -45.1968 78.195 20.17896 -55.44194 78.19501 20.17896 -55.44194 78.19501 0 -58.99999 78.19501 0 -58.99999 78.19501 0 -58.99999 78.19501 0 -57.49999 78.19501 0 -57.49999 78.19501 0 -57.49999 78.19501 -14.88237 -55.54064 78.19501 -14.88237 -55.54064 78.19501 -28.75018 -49.79632 78.195 -28.75018 -49.79632 78.195 -40.65862 -40.65861 78.195 -40.65862 -40.65861 78.195 -49.65045 -29.00139 78.195 -49.65045 -29.00139 78.195 -51.37818 -29.00481 78.195 -51.37818 -29.00481 78.195 -51.09536 -29.50018 78.195 -51.09536 -29.50018 78.195 -41.71928 -41.71927 78.195 -41.71928 -41.71927 78.195 -29.50019 -51.09535 78.19501 -29.50019 -51.09535 78.19501 -15.2706 -56.98953 78.19501 -15.2706 -56.98953 78.19501 49.65045 -29.00139 78.195 49.65045 -29.00139 78.195 40.65862 -40.65861 78.195 40.65862 -40.65861 78.195 28.75018 -49.79632 78.195 28.75018 -49.79632 78.195 14.88237 -55.54064 78.19501 14.88237 -55.54064 78.19501 49.79633 -28.75018 78.195 49.79633 -28.75018 78.195 57.49075 1.030471 78.195 57.49075 1.030471 78.195 56.6264 -9.984843 78.195 56.6264 -9.984843 78.195 56.6264 9.984854 78.195 56.6264 9.984854 78.195 48.37857 31.0767 78.195 48.37857 31.0767 78.195 49.79633 28.75019 78.195 49.79633 28.75019 78.195 40.65862 40.65863 78.195 40.65862 40.65863 78.195 -15.2706 56.98955 78.19499 -15.2706 56.98955 78.19499 -29.50019 51.09537 78.19499 -29.50019 51.09537 78.19499 -41.71928 41.71929 78.195 -41.71928 41.71929 78.195 -50.15776 31.06766 78.195 -50.15776 31.06766 78.195 -48.37857 31.0767 78.195 -48.37857 31.0767 78.195 -40.65862 40.65863 78.195 -40.65862 40.65863 78.195 -28.75018 49.79634 78.195 -28.75018 49.79634 78.195 -14.88237 55.54066 78.19499 -14.88237 55.54066 78.19499 0 57.50001 78.19499 0 57.50001 78.19499 0 57.50001 78.19499 14.88237 55.54066 78.19499 14.88237 55.54066 78.19499 28.75018 49.79634 78.195 28.75018 49.79634 78.195 -49.79633 -28.75018 78.195 -49.79633 -28.75018 78.195 -56.6264 -9.984843 78.195 -56.6264 -9.984843 78.195 -57.49075 1.030471 78.195 -57.49075 1.030471 78.195 -58.99098 1.030463 78.195 -58.99098 1.030463 78.195 -58.10361 -10.24532 78.195 -58.10361 -10.24532 78.195 -56.6264 9.984854 78.195 -56.6264 9.984854 78.195 -49.79633 28.75019 78.195 -49.79633 28.75019 78.195 -51.09536 29.5002 78.195 -51.09536 29.5002 78.195 -58.10361 10.24533 78.195 -58.10361 10.24533 78.195 0 57.50001 80.19499 0 57.50001 80.19499 0 57.50001 80.19499 19.66594 54.03241 80.19499 19.66594 54.03241 80.19499 36.96005 44.04774 80.195 36.96005 44.04774 80.195 48.37857 31.0767 80.195 48.37857 31.0767 80.195 49.79633 28.75019 80.195 49.79633 28.75019 80.195 56.6264 9.984854 80.195 56.6264 9.984854 80.195 57.49075 1.030471 80.195 57.49075 1.030471 80.195 56.6264 -9.984843 80.195 56.6264 -9.984843 80.195 49.79633 -28.75018 80.195 49.79633 -28.75018 80.195 49.65045 -29.00139 80.195 49.65045 -29.00139 80.195 36.96005 -44.04772 80.195 36.96005 -44.04772 80.195 19.66594 -54.03239 80.19501 19.66594 -54.03239 80.19501 0 -57.49999 80.19501 0 -57.49999 80.19501 0 -57.49999 80.19501 -15.2706 -56.98953 80.19501 -15.2706 -56.98953 80.19501 -29.50019 -51.09535 80.19501 -29.50019 -51.09535 80.19501 -41.71928 -41.71927 80.195 -41.71928 -41.71927 80.195 -51.09536 -29.50018 80.195 -51.09536 -29.50018 80.195 -51.37818 -29.00481 80.195 -51.37818 -29.00481 80.195 -49.65045 -29.00139 80.195 -49.65045 -29.00139 80.195 -40.65862 -40.65861 80.195 -40.65862 -40.65861 80.195 -28.75018 -49.79632 80.195 -28.75018 -49.79632 80.195 -14.88237 -55.54064 80.19501 -14.88237 -55.54064 80.19501 -14.88237 55.54066 80.19499 -14.88237 55.54066 80.19499 -28.75018 49.79634 80.195 -28.75018 49.79634 80.195 -40.65862 40.65863 80.195 -40.65862 40.65863 80.195 -48.37857 31.0767 80.195 -48.37857 31.0767 80.195 -50.15776 31.06766 80.195 -50.15776 31.06766 80.195 -41.71928 41.71929 80.195 -41.71928 41.71929 80.195 -29.50019 51.09537 80.19499 -29.50019 51.09537 80.19499 -15.2706 56.98955 80.19499 -15.2706 56.98955 80.19499 -58.10361 -10.24532 80.195 -58.10361 -10.24532 80.195 -58.99098 1.030463 80.195 -58.99098 1.030463 80.195 -57.49075 1.030471 80.195 -57.49075 1.030471 80.195 -56.6264 -9.984843 80.195 -56.6264 -9.984843 80.195 -49.79633 -28.75018 80.195 -49.79633 -28.75018 80.195 -58.10361 10.24533 80.195 -58.10361 10.24533 80.195 -51.09536 29.5002 80.195 -51.09536 29.5002 80.195 -49.79633 28.75019 80.195 -49.79633 28.75019 80.195 -56.6264 9.984854 80.195 -56.6264 9.984854 80.195 0 -56.5 -73.55 0 -56.5 -73.55 0 -56.5 -73.55 28.24999 -48.93041 -73.55001 28.24999 -48.93041 -73.55001 48.93043 -28.25001 -73.55001 48.93043 -28.25001 -73.55001 49.45945 -27.3132 -73.55001 49.45945 -27.3132 -73.55001 56.49997 -6e-6 -73.55001 56.49997 -6e-6 -73.55001 56.43394 2.73103 -73.55001 56.43394 2.73103 -73.55001 48.93043 28.25 -73.55001 48.93043 28.25 -73.55001 46.01974 32.7785 -73.55001 46.01974 32.7785 -73.55001 28.24999 48.9304 -73.55001 28.24999 48.9304 -73.55001 0 56.5 -73.55001 0 56.5 -73.55001 0 56.5 -73.55001 0 56.5 -67.45001 0 56.5 -67.45001 0 56.5 -67.45001 28.24999 48.9304 -67.45 28.24999 48.9304 -67.45 46.01974 32.7785 -67.45 46.01974 32.7785 -67.45 48.93043 28.25 -67.45 48.93043 28.25 -67.45 56.43394 2.73103 -67.45 56.43394 2.73103 -67.45 56.49997 -5e-6 -67.45 56.49997 -5e-6 -67.45 49.45945 -27.3132 -67.45 49.45945 -27.3132 -67.45 48.93043 -28.25001 -67.45 48.93043 -28.25001 -67.45 28.24999 -48.93041 -67.45 28.24999 -48.93041 -67.45 0 -56.5 -67.44999 0 -56.5 -67.44999 0 -56.5 -67.44999 50.37642 -27.30396 -67.45 50.37642 -27.30396 -67.45 49.62279 -28.65077 -67.45 49.62279 -28.65077 -67.45 40.51623 -40.51819 -67.45 40.51623 -40.51819 -67.45 28.64832 -49.62422 -67.45 28.64832 -49.62422 -67.45 14.82786 -55.34821 -67.44999 14.82786 -55.34821 -67.44999 0 -57.3 -67.44999 0 -57.3 -67.44999 0 -57.3 -67.44999 -14.82786 -55.34821 -67.44999 -14.82786 -55.34821 -67.44999 -28.64832 -49.62422 -67.45 -28.64832 -49.62422 -67.45 -40.51623 -40.51819 -67.45 -40.51623 -40.51819 -67.45 -49.62279 -28.65077 -67.45 -49.62279 -28.65077 -67.45 -50.37642 -27.30396 -67.45 -50.37642 -27.30396 -67.45 -49.45945 -27.3132 -67.45 -49.45945 -27.3132 -67.45 -48.93043 -28.25001 -67.45 -48.93043 -28.25001 -67.45 -28.24999 -48.93041 -67.45 -28.24999 -48.93041 -67.45 -56.49997 -5e-6 -67.45 -56.49997 -5e-6 -67.45 -56.42945 -9.95019 -67.45 -56.42945 -9.95019 -67.45 -57.23487 2.731018 -67.45 -57.23487 2.731018 -67.45 -56.43394 2.73103 -67.45 -56.43394 2.73103 -67.45 -48.93043 28.25 -67.45 -48.93043 28.25 -67.45 -56.42945 9.950181 -67.45 -56.42945 9.950181 -67.45 -49.62279 28.65075 -67.45 -49.62279 28.65075 -67.45 -46.99925 32.7774 -67.45 -46.99925 32.7774 -67.45 -46.01974 32.7785 -67.45 -46.01974 32.7785 -67.45 -28.24999 48.9304 -67.45 -28.24999 48.9304 -67.45 -40.51623 40.51818 -67.45 -40.51623 40.51818 -67.45 -28.64832 49.62421 -67.45 -28.64832 49.62421 -67.45 -14.82786 55.3482 -67.45001 -14.82786 55.3482 -67.45001 0 57.29999 -67.45001 0 57.29999 -67.45001 0 57.29999 -67.45001 14.82786 55.3482 -67.45001 14.82786 55.3482 -67.45001 28.64832 49.62421 -67.45 28.64832 49.62421 -67.45 40.51623 40.51818 -67.45 40.51623 40.51818 -67.45 46.99925 32.7774 -67.45 46.99925 32.7774 -67.45 57.23487 2.731018 -67.45 57.23487 2.731018 -67.45 56.42945 -9.95019 -67.45 56.42945 -9.95019 -67.45 49.62279 28.65075 -67.45 49.62279 28.65075 -67.45 56.42945 9.950181 -67.45 56.42945 9.950181 -67.45 0 57.5 -73.35001 0 57.5 -73.35001 0 57.5 -73.35001 0 57.5 -73.35001 19.66616 54.03232 -73.35001 19.66616 54.03232 -73.35001 36.96029 44.04755 -73.35 36.96029 44.04755 -73.35 49.79646 28.75 -73.35 49.79646 28.75 -73.35 56.62644 9.984765 -73.35 56.62644 9.984765 -73.35 56.62644 -9.984776 -73.35 56.62644 -9.984776 -73.35 49.79646 -28.75001 -73.35 49.79646 -28.75001 -73.35 36.96029 -44.04756 -73.35 36.96029 -44.04756 -73.35 19.66616 -54.03233 -73.34999 19.66616 -54.03233 -73.34999 0 -57.5 -73.34999 0 -57.5 -73.34999 0 -57.5 -73.34999 0 -57.5 -73.34999 0 -57.5 -67.65 0 -57.5 -67.65 0 -57.5 -67.65 0 -57.5 -67.65 19.66616 -54.03233 -67.65 19.66616 -54.03233 -67.65 36.96029 -44.04756 -67.65 36.96029 -44.04756 -67.65 49.79646 -28.75001 -67.65 49.79646 -28.75001 -67.65 56.62644 -9.984775 -67.65 56.62644 -9.984775 -67.65 56.62644 9.984766 -67.65 56.62644 9.984766 -67.65 49.79646 28.75 -67.65 49.79646 28.75 -67.65 36.96029 44.04755 -67.65 36.96029 44.04755 -67.65 19.66616 54.03232 -67.65001 19.66616 54.03232 -67.65001 0 57.5 -67.65001 0 57.5 -67.65001 0 57.5 -67.65001 0 57.5 -67.65001 -28.24999 -48.93041 -73.55001 -28.24999 -48.93041 -73.55001 -48.93043 -28.25001 -73.55001 -48.93043 -28.25001 -73.55001 -49.45945 -27.3132 -73.55001 -49.45945 -27.3132 -73.55001 -50.37642 -27.30396 -73.55001 -50.37642 -27.30396 -73.55001 -49.62279 -28.65077 -73.55001 -49.62279 -28.65077 -73.55001 -40.51623 -40.51819 -73.55001 -40.51623 -40.51819 -73.55001 -28.64832 -49.62422 -73.55001 -28.64832 -49.62422 -73.55001 -14.82785 -55.34821 -73.55 -14.82785 -55.34821 -73.55 0 -57.3 -73.55 0 -57.3 -73.55 0 -57.3 -73.55 14.82786 -55.34821 -73.55 14.82786 -55.34821 -73.55 28.64832 -49.62422 -73.55001 28.64832 -49.62422 -73.55001 40.51623 -40.51819 -73.55001 40.51623 -40.51819 -73.55001 49.62279 -28.65076 -73.55001 49.62279 -28.65076 -73.55001 50.37642 -27.30396 -73.55001 50.37642 -27.30396 -73.55001 56.42945 -9.950189 -73.55001 56.42945 -9.950189 -73.55001 57.23487 2.731018 -73.55001 57.23487 2.731018 -73.55001 56.42945 9.950181 -73.55001 56.42945 9.950181 -73.55001 49.62279 28.65076 -73.55001 49.62279 28.65076 -73.55001 46.99925 32.7774 -73.55001 46.99925 32.7774 -73.55001 40.51623 40.51818 -73.55001 40.51623 40.51818 -73.55001 28.64832 49.62421 -73.55001 28.64832 49.62421 -73.55001 14.82785 55.3482 -73.55001 14.82785 55.3482 -73.55001 0 57.29999 -73.55001 0 57.29999 -73.55001 0 57.29999 -73.55001 -14.82786 55.3482 -73.55001 -14.82786 55.3482 -73.55001 -28.64832 49.62421 -73.55001 -28.64832 49.62421 -73.55001 -40.51623 40.51818 -73.55001 -40.51623 40.51818 -73.55001 -46.99925 32.7774 -73.55001 -46.99925 32.7774 -73.55001 -46.01974 32.7785 -73.55001 -46.01974 32.7785 -73.55001 -28.24999 48.9304 -73.55001 -28.24999 48.9304 -73.55001 -56.49997 -6e-6 -73.55001 -56.49997 -6e-6 -73.55001 -56.43394 2.73103 -73.55001 -56.43394 2.73103 -73.55001 -57.23487 2.731018 -73.55001 -57.23487 2.731018 -73.55001 -56.42945 -9.950193 -73.55001 -56.42945 -9.950193 -73.55001 -48.93043 28.25 -73.55001 -48.93043 28.25 -73.55001 -49.62279 28.65075 -73.55001 -49.62279 28.65075 -73.55001 -56.42945 9.950178 -73.55001 -56.42945 9.950178 -73.55001 -19.66616 -54.03233 -73.34999 -19.66616 -54.03233 -73.34999 -36.96029 -44.04756 -73.35 -36.96029 -44.04756 -73.35 -49.79646 -28.75001 -73.35 -49.79646 -28.75001 -73.35 -56.62644 -9.984776 -73.35 -56.62644 -9.984776 -73.35 -56.62644 9.984765 -73.35 -56.62644 9.984765 -73.35 -49.79646 28.75 -73.35 -49.79646 28.75 -73.35 -36.96029 44.04755 -73.35 -36.96029 44.04755 -73.35 -19.66616 54.03232 -73.35001 -19.66616 54.03232 -73.35001 -19.66616 54.03232 -67.65001 -19.66616 54.03232 -67.65001 -36.96029 44.04755 -67.65 -36.96029 44.04755 -67.65 -49.79646 28.75 -67.65 -49.79646 28.75 -67.65 -56.62644 9.984766 -67.65 -56.62644 9.984766 -67.65 -56.62644 -9.984775 -67.65 -56.62644 -9.984775 -67.65 -49.79646 -28.75001 -67.65 -49.79646 -28.75001 -67.65 -36.96029 -44.04756 -67.65 -36.96029 -44.04756 -67.65 -19.66616 -54.03233 -67.65 -19.66616 -54.03233 -67.65 0 -57.44142 -73.49142 0 -57.44142 -73.49142 0 57.44142 -73.49143 0 57.44142 -73.49143 0 -57.44142 -67.50857 0 -57.44142 -67.50857 0 57.44142 -67.50859 0 57.44142 -67.50859 -59.30504 -1.2e-5 36.15097 -59.30504 -1.2e-5 36.15097</float_array>
          <technique_common>
            <accessor source="#_-mesh-positions-array" count="3744" stride="3">
              <param name="X" type="float"/>
              <param name="Y" type="float"/>
              <param name="Z" type="float"/>
            </accessor>
          </technique_common>
        </source>
        <source id="_-mesh-normals">
          <float_array id="_-mesh-normals-array" count="22167">0 0 1 4.30644e-6 1 1.02475e-6 4.32134e-6 1 -4.39472e-5 0.2596952 0.9656907 4.24869e-6 1.27078e-6 0 1 -0.3431196 0.9392918 -3.60012e-5 -0.2589725 0.9658848 2.12789e-5 -3.36021e-5 1 3.27826e-6 -9.71556e-6 1 8.32294e-6 -0.3430852 0.9393044 -1.27424e-5 -9.73046e-6 1 -5.12239e-6 0.5000876 0.8659749 -1.03842e-6 0.2596909 0.9656918 3.91854e-6 0.5011675 0.8653503 6.47222e-6 1.89365e-5 0 1 0.2589855 0.9658813 -2.23238e-6 -1.03888e-5 1 4.18816e-6 0.2596806 0.9656946 0 0.2589977 0.965878 -4.74602e-6 0.2596931 0.9656913 1.1852e-5 0.5000706 0.8659847 9.39705e-6 0 -4.28967e-6 1 0.500106 0.8659642 2.71178e-6 0.5011024 0.865388 1.36578e-6 0.6097937 0.7925603 4.39771e-6 -2.82502e-5 7.712e-7 1 0.7071978 0.7070158 1.34669e-6 0.6097795 0.7925712 -2.37348e-6 0.7080113 0.7062011 3.79747e-6 0.5000827 0.8659777 -2.65241e-6 0.6097835 0.792568 2.33799e-5 0.7072075 0.7070062 -1.73151e-5 7.20773e-5 0 1 0.7072159 0.7069977 0 0.7079955 0.706217 -2.70712e-6 0.7841079 0.6206247 -4.47314e-6 0.7071581 0.7070555 1.78814e-7 0.7841232 0.6206053 2.43783e-5 0.8499829 0.5268105 -1.65999e-5 -2.44173e-5 0 1 0.8660935 0.4998821 3.69269e-7 0.8500037 0.5267768 1.53325e-6 0.8665007 0.4991759 -5.7221e-7 0.7071599 0.7070538 9.68575e-7 0.849988 0.5268023 -5.05149e-6 0.8660795 0.4999064 -1.33887e-5 0.5417069 0.454492 -0.7071002 0.6003042 0.3736898 -0.7071003 0.5410962 0.4552108 -0.7071054 0.6644958 0.2417895 -0.7070949 0.6641975 0.2425788 -0.7071048 0.6003077 0.3736937 -0.7070953 0.5417478 0.4544945 -0.7070672 0.6644971 0.2418665 -0.7070673 0.6002771 0.373683 -0.7071269 0.541713 0.454486 -0.7070994 0.5411021 0.4552041 -0.7071052 0.4539114 0.5421946 -0.7070994 0.3534964 0.6124113 -0.7071017 0.4539049 0.5421991 -0.7071 0.3529285 0.6127131 -0.7071238 0.3535206 0.6123622 -0.7071321 0.5415953 0.4545471 -0.7071502 0.4538936 0.5422092 -0.7070997 0.353577 0.6123883 -0.7070813 0.3530092 0.6126882 -0.7071052 0.1825876 0.6831206 -0.7071126 0.1228073 0.696397 -0.7070711 0.1826195 0.6830912 -0.7071326 -3.25995e-4 0.7071199 -0.7070937 0.1227852 0.6963409 -0.7071303 0.3535673 0.6123332 -0.7071339 0.1825609 0.6831516 -0.7070895 -0.1227651 0.6963953 -0.7070802 -3.23385e-4 0.7071089 -0.7071046 -0.1832315 0.68299 -0.7070721 -0.1227915 0.696354 -0.7071163 0.1227318 0.6963623 -0.7071186 -3.11274e-4 0.7071384 -0.7070752 -0.1228439 0.6963008 -0.7071596 -0.1832284 0.682947 -0.7071144 -0.3535344 0.6123774 -0.707112 -6.88009e-6 -1.42805e-6 1 -0.3535176 0.6123967 -0.7071037 -0.3535162 0.6123954 -0.7071055 -0.5417092 0.4544924 -0.7070983 3.96338e-5 2.75375e-7 1 9.45043e-6 0 1 -0.3536033 0.6123715 -0.7070828 -0.1227889 0.6963902 -0.7070811 -0.3535104 0.6124039 -0.707101 -0.5417121 0.4544835 -0.7071018 -0.5417137 0.4544849 -0.7070996 -0.6002124 0.3738118 -0.7071138 3.51732e-5 0 1 -0.5416988 0.4545019 -0.7071 -0.3535128 0.6124004 -0.7071028 -0.5416934 0.4544995 -0.7071058 1.16688e-5 0 1 -3.38178e-6 0 1 -0.5416194 0.4545491 -0.7071306 -0.600233 0.3738211 -0.7070913 -0.6643952 0.2420706 -0.7070933 -0.8664974 0.4991818 1.77547e-5 -0.8499931 0.5267938 2.71946e-6 -0.7837965 0.6210178 1.47596e-5 -0.8664914 0.499192 -5.97385e-7 -0.8660842 0.4998982 3.96423e-7 -0.8499941 0.5267921 -6.95698e-7 -0.8664937 0.4991882 1.72257e-5 -0.7837912 0.6210246 1.78516e-5 -0.7071852 0.7070285 1.98782e-5 -0.643743 0.7652418 -4.32134e-7 -0.7072082 0.7070053 -2.07871e-5 -0.5001021 0.8659665 9.0152e-6 -0.6437445 0.7652405 1.67787e-5 -0.8665199 0.4991427 -1.51992e-6 -0.7071574 0.7070562 8.85129e-6 -0.3430917 0.939302 2.31117e-5 -0.5000717 0.8659842 -2.71946e-5 -0.2589763 0.9658837 -1.22339e-5 -0.3431856 0.9392677 -2.12193e-5 -0.6437389 0.7652453 1.02222e-5 -0.500075 0.8659821 -2.32756e-5 -0.8708179 0.4916057 5.54416e-6 -0.9396212 0.3422167 5.63636e-6 -0.8660796 0.4999062 -3.06964e-6 -0.8664916 0.4991916 4.31646e-7 -0.8707652 0.4916991 6.81844e-7 -0.8661084 0.4998563 1.40371e-6 -1.25061e-5 0 1 -0.6644709 0.2419133 -0.707076 -0.6644061 0.2419962 -0.7071086 -0.7070085 0.01242303 -0.7070959 5.94296e-5 0 1 -0.6644223 0.2419031 -0.7071251 -0.5417004 0.4545052 -0.7070967 -0.6643895 0.2420926 -0.707091 7.23191e-6 0 1 9.23576e-6 0 1 -0.6644549 0.2418174 -0.7071238 -0.7070164 0.01239019 -0.7070888 -0.7071252 7.03856e-5 -0.7070885 -0.9849012 0.1731173 2.54065e-6 -0.9998472 0.0174852 -2.10525e-6 -0.9847515 0.1739673 -3.58536e-6 -0.9998472 -0.01748478 -1.20625e-5 -0.9849028 -0.1731082 1.08033e-6 -0.9998489 0.01738542 4.79072e-6 -0.984903 0.1731076 -5.58794e-7 -0.9998469 -0.01749968 9.52184e-6 -0.9998472 0.01748418 1.26213e-5 -0.9849219 0.1729995 2.18535e-6 -0.9847472 0.1739912 -3.39979e-6 -0.9396252 0.3422053 2.17091e-6 -0.8707749 0.491682 1.58548e-5 -0.9849089 0.1730738 -2.5034e-5 -0.9396591 0.3421126 -2.34544e-5 -0.9847412 -0.1740258 -5.7295e-6 -0.9414364 -0.3371909 3.58257e-6 -0.9849076 -0.1730812 -4.85638e-6 -0.9998472 -0.01748621 2.08803e-6 -0.9847513 -0.1739683 3.57046e-6 -0.984901 -0.1731184 -2.55369e-6 -0.7071005 -2.224e-5 -0.7071131 -0.7071113 -2.14288e-5 -0.7071023 -0.664205 -0.2425788 -0.7070978 -0.6644849 0.2418838 -0.7070729 -0.7071112 -2.27317e-5 -0.7071024 -0.7071138 -2.15191e-5 -0.7070998 -0.6644901 -0.2418131 -0.7070922 -0.6641941 -0.2426023 -0.7070999 -0.6151193 -0.3487149 -0.7071253 -0.664495 -0.241789 -0.7070958 -0.7071082 -2.69548e-6 -0.7071053 -0.6642079 -0.2425768 -0.7070957 2.62032e-5 0 1 -0.5417051 -0.4544848 -0.7071062 -0.6151145 -0.3487253 -0.7071244 -0.5411016 -0.4552065 -0.707104 -0.5416918 -0.4544209 -0.7071574 -0.6643978 -0.2418887 -0.707153 -0.6151227 -0.3487391 -0.7071105 -0.8660888 -0.4998901 -6.21192e-6 -0.8707799 -0.4916731 2.79397e-7 -0.9414358 -0.3371927 1.19945e-5 -0.8661084 -0.4998563 -1.39496e-6 -0.8664917 -0.4991916 -1.19871e-7 -0.8707652 -0.4916992 -3.19211e-7 -0.984749 -0.1739817 -1.84178e-5 -0.8661021 -0.4998671 1.2815e-6 -0.9414299 -0.3372089 -6.85453e-6 -0.8499895 -0.5267997 1.06059e-5 -0.7940149 -0.6078984 1.12131e-6 -0.8664838 -0.4992054 3.13297e-6 -0.8660842 -0.4998982 -3.96423e-7 -0.8499941 -0.5267921 6.95698e-7 -0.8665393 -0.4991089 -1.78663e-6 -0.5417121 -0.4544811 -0.7071033 -0.5411065 -0.4552003 -0.7071043 -0.4539067 -0.5421953 -0.7071018 0 7.712e-7 1 -0.3534948 -0.6124109 -0.7071027 -0.4539102 -0.5421918 -0.7071023 -0.3529269 -0.6127108 -0.7071267 -0.3535227 -0.6123486 -0.7071428 -0.5416125 -0.4545521 -0.707134 -0.4539026 -0.542207 -0.7070955 1.89358e-5 0 1 -0.3535888 -0.6123903 -0.7070736 -0.353014 -0.6126856 -0.7071051 -0.1826079 -0.6831192 -0.7071086 -0.1228071 -0.6963945 -0.7070737 -0.1826317 -0.6831204 -0.7071013 3.26263e-4 -0.7071175 -0.707096 -0.1227884 -0.6963404 -0.7071302 -0.3535723 -0.61234 -0.7071255 -0.1825643 -0.6831554 -0.707085 0.1227646 -0.6963928 -0.7070827 3.23508e-4 -0.7071065 -0.707107 0.1832312 -0.6829876 -0.7070745 0.1227915 -0.6963573 -0.707113 -0.1227318 -0.6963654 -0.7071154 3.11274e-4 -0.7071416 -0.707072 0.1228427 -0.6963056 -0.7071551 0.1832265 -0.6829487 -0.7071133 0.3535297 -0.6123764 -0.7071152 6.88009e-6 -1.42805e-6 1 0.3534935 -0.612407 -0.7071068 0.3534948 -0.6124054 -0.7071076 0.5416881 -0.4545138 -0.7071006 -3.96338e-5 2.75375e-7 1 9.45044e-6 0 1 0.3535898 -0.6123881 -0.707075 0.1228141 -0.6963844 -0.7070823 0.3534907 -0.6124092 -0.7071063 0.5416928 -0.4545093 -0.7071 0.5416951 -0.4545121 -0.7070962 0.6151053 -0.348793 -0.707099 -4.52345e-5 0 1 0.5416931 -0.4545191 -0.7070933 0.3534876 -0.6124104 -0.7071069 0.5416886 -0.4545127 -0.7071009 -3.74106e-5 0 1 0.5417155 -0.454527 -0.7070711 0.6150572 -0.3488126 -0.7071312 0.6643753 -0.2420173 -0.7071301 0.8664973 -0.4991817 8.29634e-7 0.8708183 -0.4916051 0 0.8660902 -0.499888 0 6.95882e-5 0 1 0.9849178 -0.1730232 -1.42753e-5 0.9412485 -0.337715 2.25306e-5 0.8707969 -0.4916431 2.61068e-5 0.8664824 -0.4992077 4.26918e-6 0.9849025 -0.1731106 -9.83477e-6 0.87077 -0.4916908 -6.50436e-6 0.8499963 -0.5267889 -1.09375e-5 0.8660845 -0.4998976 7.75233e-6 0.7934449 -0.6086421 -3.98979e-6 0.8664998 -0.4991777 5.70581e-7 0.8660925 -0.4998838 -3.70666e-7 0.8500027 -0.5267786 -1.53421e-6 0.7080035 -0.706209 -3.30713e-6 0.7934506 -0.6086346 1.6992e-6 0.707156 -0.7070577 2.92319e-6 0.8499949 -0.5267909 1.67489e-5 0.7934899 -0.6085836 -3.02494e-6 0.7080079 -0.7062046 1.3411e-7 0.5011041 -0.8653871 1.98465e-6 0.7072047 -0.7070089 -7.52881e-6 0.5000659 -0.8659874 2.76091e-6 0.7079139 -0.7062988 4.02471e-6 0.7072021 -0.7070115 1.15968e-5 0.5011624 -0.8653533 -7.35093e-6 0.2596943 -0.9656909 3.30899e-6 0.5000723 -0.8659837 -1.33323e-5 0.2589998 -0.9658774 8.19098e-7 0.5011675 -0.8653503 -6.47222e-6 0.5000876 -0.8659749 1.03842e-6 0.2596909 -0.9656918 -3.91854e-6 0.2596805 -0.9656947 3.99421e-6 0.2589857 -0.9658812 6.16117e-6 -1.03967e-5 -1 -2.62633e-7 -4.30644e-6 -1 1.02475e-6 -4.32134e-6 -1 -4.39472e-5 -0.2596952 -0.9656907 4.24869e-6 0.2596942 -0.965691 -4.27477e-6 3.27826e-6 -1 -1.02475e-6 3.30806e-6 -1 1.00436e-4 -0.342306 -0.9395886 1.99378e-5 -0.2597042 -0.9656882 -1.77175e-5 -0.5011621 -0.8653535 -1.36942e-5 -0.3422784 -0.9395986 3.47793e-5 2.34153e-5 -1 8.01682e-6 -0.2597071 -0.9656874 -8.85129e-6 -0.3422593 -0.9396056 -1.61231e-5 -0.5012385 -0.8653092 2.52128e-5 -0.6097756 -0.7925742 1.8537e-5 -0.642816 -0.7660207 5.27129e-6 -0.6097822 -0.7925691 8.46386e-6 -0.7080149 -0.7061976 -1.77696e-5 -0.6428245 -0.7660136 -2.60025e-5 -0.3423079 -0.939588 1.44988e-5 -0.6097695 -0.7925788 2.13087e-6 -0.6427682 -0.7660608 -7.6294e-6 -0.7080175 -0.706195 -4.55976e-6 -0.7939969 -0.6079218 -9.93907e-6 -0.8499972 -0.5267873 -8.25524e-6 -0.6427758 -0.7660545 -1.67787e-5 -0.7940067 -0.6079092 2.01166e-5 1.99497e-5 0 1 0.9849014 -0.1731165 3.58326e-7 0.9847432 -0.1740137 -3.74857e-6 0.9412628 -0.337675 4.04753e-6 0.6644985 -0.2417868 -0.7070934 0.6644029 -0.2420081 -0.7071075 0.6963766 -0.1229107 -0.7070733 0.6644223 -0.2419031 -0.7071251 0.5417004 -0.4545053 -0.7070967 0.6643895 -0.2420926 -0.707091 0.6644775 -0.2418057 -0.7071066 0.6964122 -0.1227512 -0.7070659 0.7071494 1.82837e-5 -0.7070643 0.707107 1.98581e-5 -0.7071066 0.7071067 1.99738e-5 -0.7071069 0.7070028 0.01238703 -0.7071024 -3.69443e-5 0 1 0.7071133 2.15798e-5 -0.7071003 0.6644845 -0.2418838 -0.7070733 0.7071107 2.28286e-5 -0.7071029 3.63724e-5 0 1 -1.38823e-5 0 1 0.6644912 0.2417961 -0.7070971 0.7070019 0.01241141 -0.7071028 0.6642044 0.2425845 -0.7070965 0.664496 0.2418693 -0.7070674 0.7070952 2.6077e-5 -0.7071183 0.7069783 0.01243543 -0.707126 0.9998466 -0.01751297 1.26213e-5 0.9998468 0.01751148 -9.35793e-6 0.9847406 -0.1740287 -8.90344e-6 0.9847406 0.1740288 -3.59444e-6 0.984907 0.1730843 -5.20516e-6 0.9998469 0.01750004 -2.21003e-6 0.9998467 -0.01751106 8.94815e-6 0.9847405 0.1740291 8.53837e-6 0.9998466 0.01751339 -1.30311e-5 0.984907 -0.1730843 5.15324e-6 0.9998469 -0.01750004 2.15694e-6 0.9847406 -0.1740288 3.54275e-6 0.9847401 0.1740317 -1.49012e-6 0.939955 0.3412986 -4.892e-6 0.9849066 0.1730872 -4.62937e-6 0.8707811 0.4916709 -3.12924e-7 0.8665405 0.4991068 6.03125e-6 0.9399603 0.3412841 -1.86265e-6 0.8660901 0.4998878 -4.21474e-7 0.8664975 0.4991817 -3.9686e-7 0.8708183 0.4916052 -1.46189e-7 0.9847402 0.1740308 -1.49608e-5 0.8707691 0.4916923 4.73857e-6 0.9399642 0.3412731 1.23978e-5 -1.34318e-6 0 -1 3.26162e-7 -1.24933e-6 -1 0 0 -1 0 -2.60722e-6 -1 -5.21826e-7 -1.31735e-6 -1 -1.26508e-6 0 -1 3.66889e-6 0 -1 -1.04097e-6 0 -1 2.68875e-6 0 -1 -2.23811e-6 0 -1 4.12912e-6 0 -1 -8.24057e-6 0 -1 3.20174e-6 0 -1 7.18105e-6 0 -1 0 -2.64072e-6 -1 0 -1.57808e-6 -1 -8.874e-7 0 -1 3.56147e-6 -3.17145e-6 -1 1.61499e-6 5.7685e-7 -1 0 -2.51304e-6 -1 -1.05843e-6 0 -1 -1.01837e-5 0 -1 0.8660212 -0.5000073 2.14726e-5 -4.99189e-6 1.72257e-5 -1 -1.76057e-5 6.07222e-6 -1 0.861098 -0.508439 1.99914e-4 3.8743e-6 2.15769e-5 -1 4.0859e-5 2.98917e-5 -1 0.4999849 -0.8660342 -1.41598e-5 -4.72814e-5 -6.94394e-6 -1 -2.78354e-5 4.20213e-6 -1 0.5000517 -0.8659956 1.89543e-5 0.8660507 -0.4999563 7.6592e-6 -4.88013e-6 -1.97664e-5 -1 7.55489e-6 -0.7070984 -0.7071152 9.6783e-6 -2.08616e-5 -1 2.99513e-5 1.11163e-5 -1 0.4999635 -0.8660465 -2.52724e-5 -2.02656e-5 8.5691e-6 -1 -2.11671e-5 -0.7071126 -0.707101 -0.4999781 -0.8660381 2.27243e-7 -1.09971e-5 1.91927e-5 -1 -2.54512e-5 1.91629e-5 -1 4.92111e-6 -0.7071124 -0.7071013 1.68532e-5 -6.70552e-6 -1 -3.59565e-5 -1 -2.53692e-6 -0.5000236 -0.8660119 1.16229e-6 1.45286e-6 -1 1.07586e-5 -4.44055e-6 1.31726e-5 -1 -0.8660103 -0.5000262 6.4373e-6 3.06964e-5 -2.93255e-5 -1 7.98702e-6 -4.28706e-5 -1 -0.4999564 -0.8660506 -3.14415e-6 -6.55651e-7 -1.25691e-5 -1 -0.8660179 -0.5000131 6.18398e-6 -0.8660371 -0.4999797 -8.72556e-6 7.77841e-6 4.21554e-5 -1 -8.55327e-6 -7.70688e-5 -1 -1 3.56585e-5 2.25306e-5 -2.03252e-5 1.04611e-5 -1 -1.64071e-5 -2.13385e-5 -1 -0.8660529 -0.4999524 -1.95801e-5 1.11163e-5 -1.44169e-6 -1 -1 -2.99662e-5 -1.78516e-5 -1 -1.34557e-5 1.29482e-5 -6.28829e-6 5.64754e-6 -1 2.75373e-5 3.84673e-5 -1 -0.8664919 0.4991912 5.57303e-6 -2.18749e-5 -4.83692e-5 -1 -1.56164e-5 1.04085e-5 -1 -1 -8.10549e-5 -2.77162e-6 1.76802e-5 -2.39834e-5 -1 -0.8660383 0.4999778 2.92659e-5 -0.8660327 0.4999874 -1.16229e-5 2.07424e-5 -8.31485e-6 -1 -2.22623e-5 5.72205e-6 -1 -0.5000103 0.8660195 2.08952e-5 2.85059e-5 2.55406e-5 -1 6.28829e-6 2.3365e-5 -1 -0.8659901 0.5000614 3.19481e-5 9.82732e-6 -1.4253e-5 -1 -0.499988 0.8660325 -7.00355e-6 0 -9.4409e-7 -1 -1.78292e-5 0.707103 -0.7071108 1.99676e-5 3.75509e-6 -1 9.51439e-6 8.34465e-6 -1 -0.4999535 0.8660523 7.39098e-6 -9.42498e-6 -3.04775e-6 -1 -1.45137e-5 0.7071102 -0.7071034 0.5000457 0.8659991 -9.05246e-6 2.57194e-5 -8.61287e-6 -1 -6.28829e-6 3.60906e-5 -1 0 -2.96161e-6 -1 -1.76981e-6 -3.1463e-6 -1 3.59118e-5 1 -2.48104e-6 -4.96954e-6 0.7071123 -0.7071013 -1.63615e-5 6.82473e-6 -1 0.5000377 0.8660037 9.32813e-6 1.70842e-5 1 1.19209e-6 1.57058e-5 -2.25604e-5 -1 2.3162e-7 0 -1 0.8660287 0.4999946 6.73533e-6 3.82066e-5 -1.92225e-5 -1 -2.1968e-5 -3.44217e-6 -1 0.8660154 0.5000174 1.14143e-5 0.5000416 0.8660014 5.51343e-6 -3.51667e-6 -1.45137e-5 -1 -2.58293e-6 0 -1 -4.96615e-6 0 -1 1 1.69277e-5 -1.17719e-5 1.10865e-5 4.17829e-5 -1 -1.1594e-5 -4.00245e-5 -1 1 -4.57466e-6 1.97291e-5 0.8660022 0.5000402 1.62851e-5 2.17259e-5 -2.72468e-5 -1 1 8.25524e-6 2.40654e-6 5.66244e-7 -1.55708e-5 -1 -3.72529e-6 4.41372e-5 -1 3.05684e-6 0 -1 1 -6.91861e-5 -1.08778e-5 -2.48253e-5 -1.56462e-6 -1 2.14875e-5 4.76837e-7 -1 5.17512e-6 0 -1 0.8660393 -0.4999759 3.23951e-5 1 -6.26743e-5 -6.25849e-6 -1.24164e-5 2.42442e-5 -1 0.5000291 -0.8660087 -5.99027e-6 -9.07481e-6 -0.7071287 -0.707085 2.17855e-5 -1 -2.95043e-6 0.4999908 -0.8660308 -3.96046e-6 0.4999907 -0.8660308 -8.69095e-5 5.06305e-6 -1 -1.02259e-6 9.64105e-6 -1 1.24311e-5 0.4999946 -0.8660286 1.26846e-6 9.64105e-6 -1 3.96046e-6 -0.4999905 -0.8660308 -1.1567e-6 -5.28991e-6 -1 -3.89876e-6 -5.28991e-6 -1 -1.24197e-5 -0.4999886 0.8660321 -9.23872e-6 -3.62992e-5 0.7071063 -0.7071074 -1.49123e-5 1 -5.126e-6 5.28991e-6 1 -3.96046e-6 5.28991e-6 1 -1.24311e-5 0.4999905 0.8660308 -1.02166e-6 -0.4999946 0.8660286 1.15577e-6 -9.64105e-6 1 3.89875e-6 -9.64105e-6 1 1.24197e-5 -0.4999908 0.8660308 -3.89875e-6 -0.4999907 0.8660308 -8.68364e-5 -5.06747e-6 1 -1.15763e-6 0.5000071 0.8660213 -3.89875e-6 0.5000071 0.8660213 -1.23637e-5 0.8660215 0.5000067 -1.08778e-6 0.4999945 0.8660286 1.24311e-5 9.71323e-6 1 1.02166e-6 0.4999945 0.8660286 3.96046e-6 0.8660285 0.4999947 -3.89876e-6 0.8660285 0.4999946 -8.68422e-5 1 1.00284e-5 -1.08778e-6 0.8660214 0.5000069 1.23637e-5 0.5000069 0.8660214 8.40984e-7 0.8660214 0.5000069 3.89876e-6 1 -9.90927e-6 -3.89875e-6 1 -9.89437e-6 -1.23637e-5 0.8660284 -0.4999949 -1.08685e-6 1 5.1856e-6 1.23637e-5 0.866031 0.4999905 8.41916e-7 1 5.1856e-6 3.89876e-6 0.8660214 -0.5000069 -3.89875e-6 0.8660214 -0.5000069 -1.23637e-5 0.5000069 -0.8660214 -1.08685e-6 0.8660309 -0.4999907 8.68421e-5 1 -4.95414e-6 8.41916e-7 0.8660309 -0.4999907 3.89875e-6 0.5000072 -0.8660213 1.23637e-5 0.8660215 -0.5000067 1.08685e-6 0.5000071 -0.8660213 3.89875e-6 -1.50204e-5 0.7071281 0.7070855 1.58325e-5 1 2.20537e-6 0.5000235 0.8660119 8.52346e-6 -4.44055e-6 -1.32024e-5 1 -0.5000236 0.8660119 -1.13249e-6 1.42306e-6 1 -1.06692e-5 4.92111e-6 0.7071124 0.7071013 1.68532e-5 6.70552e-6 1 -3.59565e-5 1 2.53692e-6 -4.88013e-6 1.97664e-5 1 0.5000517 0.8659956 -1.89543e-5 0.8660507 0.4999563 -7.689e-6 1.37687e-5 0.7070959 0.7071177 0.4999659 0.8660452 2.40803e-5 2.86847e-6 1.8398e-5 1 -4.05163e-5 3.22759e-5 1 -2.29478e-5 1.41263e-5 1 0.4999974 0.866027 -1.12299e-5 -1.45957e-5 -9.95398e-6 1 0.8660296 0.4999927 -1.63913e-6 1 6.78003e-5 2.56002e-5 -4.30271e-6 -3.08454e-6 1 -4.99934e-6 -2.71946e-6 1 0.8660348 0.499984 -1.32546e-5 -2.06232e-5 3.96371e-6 1 -1.21206e-4 -2.48849e-6 1 0.8659976 0.5000482 1.46085e-5 1.10716e-5 -1.35265e-5 1 1 5.81294e-5 -3.91901e-6 0.8660295 -0.499993 -5.46873e-6 -1.49608e-5 -3.47197e-6 1 -1.08331e-5 -1.75722e-5 1 1 4.11849e-5 5.52833e-6 -1.58548e-5 1.53063e-5 1 1.46627e-5 5.07645e-5 1 1 -3.07634e-5 -1.49868e-5 7.45058e-6 -4.98295e-5 1 5.37932e-6 3.29316e-5 1 1 4.14923e-5 -9.47714e-6 1.67191e-5 2.81334e-5 1 0.8660475 -0.4999618 -3.45707e-6 0.4999958 -0.8660278 2.20537e-6 -1.55568e-5 -1.81496e-5 1 1.22488e-5 2.80142e-6 1 0.8660176 -0.5000138 1.22432e-5 -3.64184e-5 -3.71337e-5 1 -9.44734e-6 1.83284e-5 1 0.8660364 -0.4999809 1.39773e-5 1.57356e-5 2.24709e-5 1 0.5000377 -0.8660036 -9.38773e-6 1.70693e-5 -1 -1.3113e-6 -0.4999945 -0.8660286 8.68365e-5 -9.77726e-6 -1 1.15484e-6 -0.4999945 -0.8660286 3.89876e-6 -2.99364e-5 -0.7071058 0.7071079 -8.46759e-6 -1 4.29153e-6 -0.5000052 -0.8660224 -2.83122e-5 -1.85594e-5 -1.5229e-5 1 2.43187e-5 -1 1.12318e-6 -1.65738e-5 -0.7071113 0.7071023 -0.8660214 0.5000069 -3.89876e-6 -0.8660214 0.5000069 -1.23637e-5 -0.5000069 0.8660214 -8.40984e-7 -0.5000071 0.8660213 1.23637e-5 -0.8660215 0.5000067 1.08778e-6 -0.5000071 0.8660213 3.89875e-6 -1 9.90927e-6 -3.89875e-6 -1 9.89437e-6 -1.23637e-5 -0.8660284 0.4999949 -1.08685e-6 -0.8660309 0.4999907 8.68421e-5 -1 4.95414e-6 8.41916e-7 -0.8660309 0.4999907 3.89875e-6 -0.8660285 -0.4999947 -3.89876e-6 -0.8660285 -0.4999946 -8.68422e-5 -1 -1.00284e-5 -1.08778e-6 -1 -5.1856e-6 1.23637e-5 -0.866031 -0.4999905 8.41916e-7 -1 -5.1856e-6 3.89876e-6 -0.5000071 -0.8660213 -3.89875e-6 -0.5000072 -0.8660213 -1.23637e-5 -0.8660215 -0.5000067 -1.08685e-6 -0.8660214 -0.5000069 1.23637e-5 -0.5000069 -0.8660214 1.08685e-6 -0.8660214 -0.5000069 3.89875e-6 4.88013e-6 -1.97664e-5 1 -0.5000517 -0.8659956 -1.89543e-5 -0.8660507 -0.4999563 -7.6592e-6 3.53009e-5 -2.08616e-7 1 1.12057e-5 -5.03659e-6 1 -0.4999977 -0.8660267 4.40516e-6 -1.18092e-5 -0.7071239 0.7070897 -0.4999601 -0.8660485 1.40071e-6 -1.84998e-5 2.59811e-5 1 1.45957e-5 9.95398e-6 1 -0.8660296 -0.4999927 -1.63913e-6 -1 -6.78003e-5 2.56002e-5 -2.00868e-5 -2.41399e-6 1 2.0355e-5 -3.75807e-5 1 -0.8660308 -0.4999907 6.02379e-6 1.24425e-5 -9.12231e-7 1 -1 4.82649e-5 5.66244e-7 -0.8660474 0.4999621 2.13087e-6 1.16937e-5 6.34976e-6 1 1.10064e-5 7.41333e-6 1 -1 1.51694e-5 1.79391e-5 -2.00272e-5 6.01783e-5 1 4.58956e-6 -9.24468e-5 1 -1 3.38405e-5 3.57954e-6 -1.44541e-5 -1.88593e-5 1 -2.40374e-5 -2.70605e-5 1 -1 3.84115e-5 -1.86563e-5 -1.57207e-6 3.17022e-6 1 -0.8659989 0.5000458 -2.37226e-5 -0.4999289 0.8660665 -1.63913e-5 -2.82228e-5 -2.89082e-5 1 -8.9407e-7 6.69658e-5 1 -0.8660416 0.4999722 4.78141e-6 9.68576e-6 2.61366e-5 1 -3.71635e-5 -2.58982e-5 1 -0.8660263 0.4999986 -4.02331e-6 2.08616e-7 7.89762e-6 1 3.8743e-7 1.30236e-5 1 -0.5000262 0.8660104 6.52671e-6 2.22698e-5 2.56896e-5 1 -1.39475e-5 -0.7071161 0.7070975 -2.1562e-5 2.65241e-6 1 0 0 1 0 3.73314e-7 1 -6.41563e-5 0 1 -5.7904e-5 0 1 -9.49211e-5 0 1 3.18244e-5 0 1 -1.09408e-4 0 1 9.65531e-5 0 1 1.00865e-4 0 1 1.7792e-5 0.7071028 0.7071108 -1.9908e-5 3.8445e-6 1 -9.40263e-6 8.22544e-6 1 0 0 1 6.70946e-6 0 1 0 3.73274e-7 1 9.10822e-6 0 1 5.7349e-5 0 1 6.91122e-5 0 1 -1.8917e-5 0.7071051 0.7071086 2.58982e-5 1.16825e-5 1 -3.01003e-6 7.39098e-6 1 -0.4999975 0.8660269 1.63727e-6 1.2815e-6 2.16961e-5 1 8.47131e-6 2.64645e-5 1 -0.5000228 0.8660123 -1.80006e-5 -1.63764e-5 1.89925e-5 1 2.04891e-5 0.7070896 0.7071241 0.5000424 0.8660009 -7.14883e-6 -1.94311e-5 2.30074e-5 1 -5.81145e-6 1.85072e-5 1 -1.27479e-5 0.7071319 0.7070818 -5.68107e-5 3.68357e-5 1 1.95056e-5 1 4.00655e-6 0.5000426 0.8660009 -8.19564e-6 -7.33882e-5 1 -1.09375e-5 1.29566e-5 -1.69314e-5 1 0.8660212 0.5000072 -6.73532e-6 -3.17097e-5 1.48118e-5 1 3.67239e-5 -2.16961e-5 1 0.5000041 0.8660231 -1.51396e-5 1.04912e-4 -9.02265e-6 1 0.8660014 0.5000416 -1.3262e-5 -0.8660649 0.4999316 2.20612e-5 -1.53184e-5 1.75908e-5 1 -1.40443e-5 1.51992e-5 1 -0.866037 0.4999799 1.17085e-5 -1.06096e-5 -8.9407e-6 1 -3.34084e-5 -3.57628e-5 1 -0.5000534 0.8659947 3.60608e-6 -0.8660314 0.4999899 2.46167e-5 2.94969e-5 2.3745e-5 1 -1 -9.60007e-6 1.33663e-5 4.76241e-5 -7.82311e-7 1 4.73857e-5 -1.59815e-6 1 -0.8660058 0.5000342 -1.39773e-5 -1 6.51404e-5 4.50015e-6 -1.52923e-5 -4.76092e-6 1 -1 3.28347e-5 -1.24723e-5 1.71363e-5 -3.07551e-5 1 8.22544e-6 -1.90362e-5 1 -1 -1.33365e-5 2.01762e-5 3.18587e-5 -2.97502e-5 1 1.54455e-5 3.61707e-5 1 -0.866054 -0.4999505 1.53538e-5 -2.14279e-5 7.53999e-6 1 -3.96967e-5 2.27988e-5 1 -1 8.16733e-5 -1.19507e-5 -0.8660044 -0.5000364 -1.82688e-5 -6.01113e-5 2.07573e-5 1 -0.8660447 -0.4999666 -8.58307e-6 1.09673e-5 -3.48687e-5 1 -5.58793e-7 -2.14819e-5 1 1 -2.28584e-5 -1.59983e-5 4.48208e-5 -2.44929e-5 1 3.76534e-5 -1.97194e-5 1 1 9.69693e-6 2.66591e-5 -1.47521e-5 -8.42661e-6 1 -5.75185e-6 2.46167e-5 1 0.8660312 -0.4999899 3.02866e-6 2.54512e-5 1.49012e-5 1 -1.19209e-7 -2.8044e-5 1 1 -6.14449e-5 -9.98378e-6 -1.49012e-5 1.59442e-5 1 0.8660134 -0.5000211 1.9908e-5 0.5000063 -0.8660219 -1.02278e-5 -1.03563e-5 1.26064e-5 1 -1.5609e-5 1.2517e-6 1 0.8660311 -0.4999901 1.17421e-5 -2.64719e-5 -4.13284e-5 1 0.5000444 -0.8659998 2.563e-5 -2.12267e-5 -0.7071108 0.7071029 -1.11759e-5 -3.18885e-6 1 9.38773e-7 2.262e-5 1 0.499998 -0.8660266 -7.7188e-6 -5.06639e-6 1.85634e-5 1 -1.53258e-5 -0.7070967 0.7071169 2.46763e-5 -1 1.10157e-5 3.31923e-6 -0.7071045 0.7071092 3.82438e-5 -4.64916e-6 1 -0.5000424 -0.8660011 -8.22544e-6 7.36713e-5 -1 -1.09077e-5 -1.30013e-5 1.6842e-5 1 -0.8660404 -0.499974 -6.85453e-6 -0.5000376 -0.8660037 -6.53416e-6 -1.33812e-5 -1.62721e-5 1 1 -4.94905e-5 -6.67572e-6 7.00355e-6 6.4441e-5 1 9.07387e-6 -5.10663e-5 1 0.86601 0.5000267 -4.03821e-6 -7.92742e-6 -2.09212e-5 1 1.39475e-5 6.73979e-5 1 0.8660549 0.499949 -1.5378e-5 3.36021e-5 3.63309e-6 1 1 -1.80453e-5 -2.33948e-5 -0.4999747 0.8660401 -7.45058e-6 -3.4824e-5 0.7071063 0.7071074 -2.62335e-5 1 -3.25441e-5 -0.4999949 0.8660283 -1.4028e-5 -0.4999948 0.8660284 -1.73216e-5 -1.01838e-5 1 -1.76299e-5 -7.58469e-6 1 1.24202e-5 -0.4999926 0.8660297 6.37211e-6 -7.58469e-6 1 9.11287e-6 0.4999938 0.866029 -6.10575e-6 8.77678e-6 1 -9.23627e-6 8.77679e-6 1 -1.24306e-5 0.5000182 -0.866015 2.05636e-6 2.7433e-5 -0.7071079 0.7071058 1.63391e-5 -1 -2.87294e-5 -6.3777e-6 -1 -9.20543e-6 -6.37769e-6 -1 -1.24202e-5 -0.4999916 -0.8660302 -6.29574e-6 0.4999949 -0.8660284 6.24172e-6 1.00285e-5 -1 9.20542e-6 1.00285e-5 -1 1.24306e-5 0.4999928 -0.8660296 -1.51423e-5 7.55698e-6 -1 -1.52476e-5 0.4999927 -0.8660296 -1.18074e-5 -0.5000078 -0.866021 -5.5573e-6 -0.5000077 -0.8660209 2.85586e-5 -0.8660219 -0.5000061 3.97302e-6 -0.4999959 -0.8660279 -2.74998e-5 -1.13947e-5 -1 -2.65054e-6 -0.499996 -0.8660278 6.6035e-6 -0.8660292 -0.4999937 -1.30724e-5 -0.8660292 -0.4999937 -1.64803e-5 -1 -8.65292e-6 -1.77231e-5 -0.8660218 -0.5000064 -9.76604e-5 -0.5000074 -0.8660212 1.51638e-5 -0.8660216 -0.5000067 1.07717e-5 -1 8.62777e-6 -9.20542e-6 -1 8.62777e-6 -1.23637e-5 -0.8660291 0.4999938 -6.22869e-6 -1 -8.59797e-6 1.23637e-5 -0.8660291 -0.4999937 6.32741e-6 -1 -8.61287e-6 9.14372e-6 -0.8660209 0.5000078 -5.51115e-6 -0.8660211 0.5000077 2.86971e-5 -0.5000061 0.866022 5.12414e-6 -0.8660291 0.4999938 -2.89784e-5 -1 8.53743e-6 -5.37001e-6 -0.8660291 0.4999937 5.10528e-6 -0.5000074 0.8660212 -1.3382e-4 -0.8660217 0.5000065 1.51377e-5 -0.5000074 0.8660212 1.18205e-5 -2.65241e-6 -0.7071117 -0.7071019 -2.40933e-6 -0.7071136 -0.7071 -0.3535168 -0.612409 -0.7070934 0.2707138 -0.6532149 -0.707124 -1.65403e-5 -0.7071007 -0.7071129 -1.60865e-5 -0.7071121 -0.7071015 0.3535356 -0.6123887 -0.7071016 -9.29944e-5 -0.7070966 -0.7071169 0.2707043 -0.6532091 -0.7071329 -0.353588 -0.6123247 -0.7071309 -0.3535717 -0.6123926 -0.7070803 -0.6123812 -0.3535742 -0.7070889 -0.3536294 -0.6123201 -0.7071142 1.16196e-5 -0.7071103 -0.7071034 -0.3535114 -0.6124032 -0.7071012 -0.705307 -0.05088979 -0.7070732 -0.6123837 -0.3535369 -0.7071053 -0.7071291 4.57764e-5 -0.7070845 -0.5610758 -0.4303371 -0.7071097 -0.353628 -0.612294 -0.7071374 -0.6123569 -0.3535839 -0.7071051 -0.612399 -0.3535102 -0.7071054 -0.5611069 -0.4302964 -0.7071098 -0.6123988 -0.35351 -0.7071057 -0.7052885 -0.05078089 -0.7070994 -0.6124056 -0.3534824 -0.7071136 -0.6124179 -0.3534899 -0.7070992 -0.6262019 0.3284782 -0.7070878 -0.7071167 -3.47383e-5 -0.7070969 -0.6124047 0.3535096 -0.7071008 -0.7071081 -3.20878e-4 -0.7071055 -0.7052901 -0.05090129 -0.7070891 -0.7071063 1.46963e-5 -0.7071073 -0.6261798 0.3285166 -0.7070897 -0.7071082 -2.89187e-4 -0.7071053 -0.7071158 -1.21118e-6 -0.7070977 -0.3543943 0.6119046 -0.7070909 -0.6123984 0.3535152 -0.7071035 -0.3536094 0.6123709 -0.7070801 -0.6127037 0.3529952 -0.7070987 -0.6261867 0.3285022 -0.7070901 -0.6124118 0.3534911 -0.7071039 -0.3544149 0.6118966 -0.7070874 -0.612684 0.3530083 -0.7071093 -0.6123989 0.3535085 -0.7071064 -0.3543812 0.6119085 -0.7070941 -0.3535087 0.6124135 -0.7070936 -1.09239e-5 0.7071078 -0.7071058 1.36765e-5 0.7070989 -0.7071148 -0.3543885 0.6119096 -0.7070894 1.37985e-5 0.7071074 -0.7071062 0.3535172 0.6124089 -0.7070932 2.99513e-6 0.7071117 -0.707102 2.74228e-6 0.7071136 -0.7071 0.4999938 0.8660292 4.38291e-6 0.4999939 0.866029 -2.98025e-5 8.76002e-6 1 -5.09433e-6 2.39158e-7 -2.11451e-7 -1 -1.49736e-7 -4.01331e-7 -1 0 -3.47739e-7 -1 -1.99349e-7 0 -1 7.15779e-7 0 -1 -6.21962e-6 0 -1 -3.4356e-6 0 -1 3.71935e-7 0 -1 0.2707024 0.6532388 -0.7071064 5.49853e-5 0.7071102 -0.7071035 0.3535011 0.612403 -0.7071066 -6.63386e-7 -2.5401e-7 -1 0 -2.54313e-7 -1 0.6124122 -0.3535124 -0.7070929 0.7052205 -0.0507968 -0.707166 0.7071495 -6.47455e-5 -0.707064 6.00958e-6 0 -1 0.7071105 -3.37791e-6 -0.707103 0.6124053 -0.3535174 -0.7070963 0.7071086 -3.11434e-6 -0.707105 0.6532125 0.2707135 -0.7071264 0.7071132 -1.66148e-5 -0.7071005 0.7071097 -1.65154e-5 -0.7071039 0.6123784 -0.353559 -0.707099 0.6532181 -0.270763 -0.7071022 0.7052952 -0.05077672 -0.707093 0.6124226 -0.3535022 -0.707089 0.5611963 -0.4301907 -0.7071031 0.65322 -0.2707117 -0.7071201 1.46884e-6 8.89477e-7 -1 0.3536146 -0.6123393 -0.7071049 0.500006 -0.4999715 -0.7071228 0.561191 -0.4301711 -0.7071192 0 -4.31779e-7 -1 0.612376 -0.3535571 -0.7071019 0.353604 -0.6123824 -0.7070729 0.5612174 -0.4301797 -0.7070931 0 0 -1 0.3535917 -0.6123923 -0.7070704 0.2707424 -0.6532163 -0.7071117 0.4999877 -0.5000098 -0.7071086 0.5000075 -0.8660211 1.06948e-5 0.5000073 -0.8660212 -1.34945e-4 0.8660217 -0.5000064 1.40127e-5 0.8660291 -0.4999937 5.24599e-6 0.8660291 -0.4999938 -2.88377e-5 1 -8.53627e-6 -5.22845e-6 0.8660219 -0.5000061 2.86971e-5 0.5000078 -0.8660209 5.12414e-6 0.8660218 -0.5000061 -5.51118e-6 0.6262235 0.328392 -0.7071088 0.6123901 0.353555 -0.7070907 0.7070857 4.00841e-6 -0.7071279 1 8.61287e-6 9.14372e-6 1 8.59797e-6 1.23637e-5 0.8660291 0.4999937 6.32741e-6 0.6531816 0.2708536 -0.7071012 0.6262485 0.3283584 -0.7071022 0.7070838 -4.61042e-5 -0.7071299 1 -8.62777e-6 -1.23637e-5 0.8660291 -0.4999938 -6.22869e-6 1 -8.62777e-6 -9.20542e-6 0.4999562 0.500055 -0.707099 0.3536283 0.6123209 -0.7071139 0.6123361 0.3536069 -0.7071115 0.8660208 0.5000081 1.30232e-5 0.8660208 0.5000081 1.62162e-5 0.5000057 0.8660222 1.74791e-5 0.6262242 0.3284004 -0.7071043 0.5000037 0.4999858 -0.7071142 0.6123889 0.353501 -0.7071188 0.8660292 0.4999937 -1.6621e-5 1 8.65175e-6 -1.78646e-5 0.8660292 0.4999937 -1.32131e-5 0.4999833 0.5000222 -0.707103 0.2707298 0.6532235 -0.7071101 0.3535985 0.6123935 -0.707066 0.5000078 0.866021 2.74329e-5 0.8660219 0.5000061 2.85171e-6 0.5000078 0.866021 -6.68301e-6 2.81865e-7 -2.70327e-7 -1 0 -2.96492e-7 -1 1.4842e-6 0 -1 -6.41655e-7 0 -1 -1 1.18017e-5 6.30092e-6 -1 1.18017e-5 8.29587e-6 -0.9397058 -0.341984 -9.9102e-6 -0.9397056 0.3419845 6.2992e-6 -0.9397056 0.3419845 8.29362e-6 -1 -1.13397e-5 -9.95398e-6 -1 -1.04457e-5 -8.29587e-6 -0.9397053 0.3419854 9.95211e-6 -1 -1.04457e-5 -6.30091e-6 -0.9396969 -0.3420087 6.23881e-6 -0.9396969 -0.3420087 8.29588e-6 -0.7660079 -0.6428312 -9.92883e-6 -0.9397051 -0.3419858 -8.29362e-6 -1 9.89635e-6 9.91113e-6 -0.9397051 -0.3419858 -6.2992e-6 -0.7660514 -0.6427794 6.13829e-6 -0.7660516 -0.6427792 8.14841e-6 -0.499991 -0.8660306 -1.00993e-5 -0.7660076 -0.6428318 -4.42432e-6 -0.9396967 -0.342009 1.35098e-5 -0.7660077 -0.6428315 -2.36006e-6 -0.5000116 -0.8660187 6.0972e-6 -0.5000118 -0.8660186 8.25448e-6 -0.1735934 -0.9848175 -9.86643e-6 -0.4999911 -0.8660306 -8.1484e-6 -0.7660515 -0.6427792 1.00993e-5 -0.4999909 -0.8660307 -6.13829e-6 -0.1736113 -0.9848144 6.34059e-6 -0.1736115 -0.9848142 8.29362e-6 0.1736115 -0.9848142 -1.00443e-5 -0.1735893 -0.9848182 -9.2332e-7 -0.5000085 -0.8660205 1.71969e-5 -0.1735899 -0.9848181 1.23456e-6 0.1735897 -0.9848181 6.29932e-6 0.1735895 -0.9848182 8.42238e-6 0.5000085 -0.8660205 -9.86457e-6 0.1736114 -0.9848144 -8.29361e-6 -0.1736114 -0.9848142 1.00434e-5 0.1736116 -0.9848142 -6.3406e-6 0.4999911 -0.8660306 6.52565e-6 0.4999909 -0.8660307 8.52615e-6 0.7660515 -0.6427792 -1.01486e-5 0.5000119 -0.8660185 -1.08665e-6 0.1735933 -0.9848175 1.72006e-5 0.5000114 -0.8660188 1.03586e-6 0.7660076 -0.6428318 -1.52249e-5 0.7660076 -0.6428315 1.22548e-5 0.9396968 -0.342009 -6.3451e-6 0.7660515 -0.6427792 -8.52614e-6 0.4999911 -0.8660305 1.01058e-5 0.7660517 -0.642779 -6.52565e-6 0.9397056 -0.3419845 6.2992e-6 0.9397056 -0.3419845 8.29362e-6 1 1.13397e-5 -9.95398e-6 0.9396969 -0.3420087 -8.29588e-6 0.7660079 -0.6428312 9.93069e-6 0.9396969 -0.3420087 -6.23881e-6 1 -1.18017e-5 6.30092e-6 1 -1.18017e-5 8.29587e-6 0.9397058 0.341984 -9.9102e-6 0.9397053 -0.3419854 9.95211e-6 1 1.04457e-5 -6.30091e-6 1 1.04457e-5 -8.29587e-6 0.9396955 0.3420124 6.23881e-6 0.9396955 0.3420124 8.29587e-6 0.7660053 0.6428344 -9.93069e-6 0.9397051 0.3419858 -8.29362e-6 1 -9.89635e-6 9.91113e-6 0.9397051 0.3419858 -6.2992e-6 0.7660514 0.6427793 2.8588e-6 0.7660516 0.6427791 4.85931e-6 0.499991 0.8660306 -1.38981e-5 0.766005 0.6428346 -1.04214e-5 0.9396954 0.3420128 8.09599e-6 0.766005 0.6428347 -8.32902e-6 0.5000086 0.8660205 6.29761e-6 0.5000084 0.8660207 8.42008e-6 0.1735895 0.9848181 -9.86736e-6 0.4999911 0.8660306 -1.2193e-5 0.7660515 0.6427792 6.4401e-6 0.4999909 0.8660307 1.51878e-5 0.1736116 0.9848142 6.3406e-6 0.1736114 0.9848144 8.29361e-6 -0.1736114 0.9848142 -1.00434e-5 0.1735895 0.9848182 -8.42238e-6 0.5000085 0.8660205 9.86457e-6 0.1735897 0.9848181 -6.29932e-6 -0.1735895 0.9848181 6.09887e-6 -0.1735897 0.9848181 8.25671e-6 -0.5000085 0.8660205 -9.86364e-6 -0.1736115 0.9848142 -8.29362e-6 0.1736115 0.9848142 1.00443e-5 -0.1736113 0.9848144 -6.34059e-6 -0.4999911 0.8660306 2.47145e-6 -0.4999909 0.8660306 4.48157e-6 -0.7660515 0.6427792 -1.37649e-5 -0.5000086 0.8660205 -8.25447e-6 -0.1735895 0.9848181 9.8655e-6 -0.5000084 0.8660207 -6.0972e-6 -0.766005 0.6428346 4.19342e-6 -0.766005 0.6428347 6.25769e-6 -0.9396953 0.3420129 -1.17607e-5 -0.7660514 0.6427795 -1.18152e-5 -0.4999909 0.8660308 6.43264e-6 -0.7660514 0.6427792 -9.80513e-6 -0.9396955 0.3420124 -8.29587e-6 -0.7660053 0.6428344 1.00136e-5 -0.9396955 0.3420124 -6.23881e-6 0.7071079 2.24635e-5 0.7071058 0.7071093 2.1264e-5 0.7071044 0.664492 0.2418741 0.7070696 0.6642079 -0.2425768 0.7070957 0.664495 -0.241789 0.7070958 0.7071082 -2.69548e-6 0.7071053 0.7071113 -2.14288e-5 0.7071023 0.664205 -0.2425788 0.7070978 0.7071005 -2.224e-5 0.7071131 0.6123746 0.35364 0.7070617 0.6644715 0.2418312 0.7071036 0.5417197 0.4544703 0.7071044 0.6829178 0.1832287 0.7071426 0.7070695 1.14292e-5 0.707144 0.6644992 0.2417962 0.7070894 0.6829951 0.1831591 0.7070859 0.6644911 0.2418 0.7070957 0.6123403 0.353592 0.7071153 0.4999874 0.4999924 0.7071211 0.5415809 0.4545442 0.7071633 0.3535804 0.6122761 0.7071767 0.6123251 0.3536375 0.7071058 0.5416721 0.4545091 0.7071159 0.4999305 0.5000684 0.7071076 0.3535104 0.6124039 0.707101 0.3536033 0.6123715 0.7070828 0.1227889 0.6963902 0.7070811 0.5000209 0.4999891 0.7070997 0.3534953 0.6124052 0.7071076 0.3534996 0.6124123 0.7070992 -0.01480412 0.7069369 0.7071217 0.1227701 0.6963097 0.7071636 -0.1228556 0.6962981 0.7071602 0.3534814 0.612377 0.7071388 0.1227529 0.6962922 0.7071838 0.3464831 0.616361 0.7071411 0.1229956 0.6963142 0.70712 0.3463985 0.6164261 0.7071259 0.1228086 0.6963775 0.7070901 -0.01479792 0.7069794 0.7070794 0.1229809 0.696321 0.7071159 0.1227933 0.6963896 0.7070809 -0.3529862 0.6127073 0.7071002 -0.1228005 0.6963908 0.7070785 -0.3534938 0.6124106 0.7071037 -0.122405 0.6964188 0.7071194 -0.0148102 0.7069821 0.7070764 -0.1227979 0.6963878 0.7070818 -0.3530057 0.6126795 0.7071145 -0.1223877 0.6964264 0.7071149 -0.1227826 0.6963946 0.7070778 -0.376189 0.5987281 0.7071114 -0.3535442 0.6123782 0.7071065 -0.5416795 0.4545359 0.7070931 -0.3530211 0.6126834 0.7071034 -0.3534877 0.612415 0.7071028 -0.3762287 0.5987039 0.7071108 -0.6119086 0.3544155 0.7070767 -0.5417241 0.4544399 0.7071205 -0.6644681 0.2417992 0.7071176 -0.4994364 0.5005971 0.7070826 -0.3761875 0.5987629 0.7070828 -0.5416561 0.4545095 0.7071279 -0.6119083 0.3543774 0.7070962 -0.4993413 0.5006254 0.7071298 -0.5417094 0.4544839 0.7071035 -0.6828795 0.1836563 0.7070685 -0.6644384 0.2419137 0.7071064 -0.7071005 -8.9407e-6 0.7071132 -0.6118862 0.3544174 0.7070952 -0.6644885 0.241779 0.7071054 -0.6828677 0.183598 0.7070952 -0.7071072 -2.22847e-5 0.7071064 -0.7071085 -2.11735e-5 0.7071051 -0.6644912 -0.2418739 0.7070703 -0.6828263 0.1836193 0.7071295 -0.7071011 1.72853e-6 0.7071125 -0.7071099 2.70433e-6 0.7071037 -0.6643941 -0.2420956 0.7070857 -0.6644271 -0.2419056 0.7071198 -0.5416931 -0.454496 0.7071082 -0.6643824 -0.2421147 0.7070902 -0.7071042 2.81841e-6 0.7071093 -0.664492 -0.2417947 0.7070966 -0.5416898 -0.4545131 0.7070998 -0.5416948 -0.4545179 0.7070929 -0.353587 -0.612378 0.7070852 -0.5416906 -0.4545165 0.7070969 -0.6643957 -0.2421016 0.7070822 -0.5416858 -0.4545136 0.7071024 -0.3535104 -0.6124039 0.707101 -0.3536033 -0.6123715 0.7070828 -0.1227889 -0.6963902 0.7070811 -0.3761915 -0.5987326 0.7071062 -0.5416725 -0.4545378 0.7070971 -0.3535836 -0.6123932 0.7070738 -0.3535093 -0.6124002 0.7071048 -0.3762085 -0.5987125 0.7071142 -0.3535093 -0.6123999 0.7071051 -0.01483339 -0.7069364 0.7071216 -0.122838 -0.6963005 0.707161 0.1227848 -0.6963077 0.707163 -0.1230201 -0.6963162 0.7071138 -0.3535052 -0.6123969 0.7071097 -0.1227844 -0.6963921 0.70708 -0.0148074 -0.7069808 0.7070778 -0.1229787 -0.696318 0.7071192 -0.1227908 -0.6963844 0.7070865 0.3464161 -0.6164024 0.707138 0.1227326 -0.6963791 0.7071017 0.353618 -0.6123853 0.7070634 0.1224043 -0.6964201 0.7071183 -0.0147798 -0.7069268 0.7071322 0.1227962 -0.6963858 0.7070842 0.3465073 -0.6163926 0.7071017 0.1223931 -0.6964213 0.7071191 0.1227852 -0.6963881 0.7070838 0.5410966 -0.4552145 0.7071028 0.3535909 -0.6123729 0.7070876 0.5416998 -0.4544916 0.7071059 0.3529126 -0.612721 0.7071249 0.3465274 -0.6163887 0.7070953 0.3535175 -0.6123926 0.7071073 0.5411229 -0.4551933 0.7070963 0.3530162 -0.612694 0.7070967 0.3535776 -0.6123837 0.707085 0.6642031 -0.2425811 0.7070988 0.5417186 -0.4544872 0.7070943 0.6645019 -0.2417941 0.7070877 0.6642032 -0.2425843 0.7070977 0.5411165 -0.4551891 0.7071039 0.5416938 -0.4545086 0.7070996 1.15735e-5 0 1 -3.31883e-5 0 1 2.23141e-6 0 1 -1.60262e-6 0 1 0 6.54942e-6 1 2.01358e-6 5.67117e-6 1 1.22248e-6 0 1 1.27987e-6 0 1 -3.83995e-6 0 1 -4.41411e-6 4.77843e-6 1 -2.66096e-6 4.78668e-6 1 4.47419e-6 4.5285e-6 1 0.4330102 -0.7500019 0.4999994 0.4344061 -0.7491971 0.499995 0.6123908 -0.6123714 0.4999788 0.2241033 -0.8364865 0.500068 4.97773e-4 -0.8660129 0.5000216 0.4345129 -0.7491175 0.5000217 0.2240936 -0.8365221 0.5000131 0.4344158 -0.7491841 0.5000061 0.4329859 -0.7500194 0.4999942 0.6123713 -0.6123831 0.4999884 0.612328 -0.6124061 0.5000132 0.7499604 -0.4330967 0.4999867 0.4330229 -0.7499949 0.4999988 0.6123183 -0.612419 0.5000093 0.6123619 -0.6123948 0.4999858 0.7500113 -0.4329942 0.4999991 0.7499753 -0.4330843 0.4999752 0.836474 -0.2243183 0.4999926 0.6124156 -0.6123124 0.5000208 0.7499722 -0.4330845 0.4999796 0.7500116 -0.4329962 0.4999969 0.8365013 -0.2241917 0.5000036 0.8364854 -0.2242891 0.4999865 0.8660212 3.34263e-6 0.5000072 0.7500011 -0.4330045 0.5000057 0.836484 -0.2242873 0.4999898 0.8365218 -0.2240983 0.5000114 1.17681e-5 0 1 0.8660172 1.02744e-5 0.5000143 0.8660169 9.9983e-6 0.5000149 0.8363065 0.224925 0.5000003 0.836521 -0.2240946 0.5000144 0.8660156 -9.92417e-6 0.5000171 0.8660185 -8.75321e-6 0.5000121 0.8138064 0.2961449 0.5000174 0.8362804 0.2249562 0.5000301 0.7494183 0.434027 0.4999929 0.8138222 0.2961691 0.4999774 0.8660126 3.02792e-5 0.5000224 0.8363077 0.224944 0.4999899 2.49103e-6 0 1 0.6634517 0.5566667 0.4999541 0.7494065 0.4340002 0.5000339 0.4344277 0.7491608 0.5000308 5.38868e-6 0 1 0.6634429 0.5566013 0.5000386 0.8137986 0.2961969 0.4999992 0.7493571 0.434126 0.4999985 0 4.77829e-6 1 2.65539e-6 4.78606e-6 1 -2.19321e-6 4.66856e-6 1 0.4330028 0.7500172 0.499983 0.4344891 0.7491649 0.499971 -3.96185e-4 0.8660145 0.5000187 0.4330111 0.7499939 0.5000106 0.663441 0.5566279 0.5000114 0.4344066 0.7491871 0.5000097 5.19681e-7 0 1 1.42939e-7 0 1 0.1504158 0.8528668 0.4999936 -4.16771e-4 0.8660085 0.5000291 -0.01853394 0.8658107 0.5000286 0.1503935 0.8529088 0.4999285 0.4329673 0.7500723 0.4999312 -3.43822e-4 0.8660198 0.5000097 -1.95626e-6 0 1 -3.15469e-6 5.54444e-6 1 -0.1503951 0.8528915 0.4999575 -0.01848524 0.8658066 0.5000372 -0.4330289 0.74997 0.5000311 -0.1503217 0.8528846 0.4999915 0.1503953 0.852869 0.499996 -0.01853907 0.8658306 0.4999938 2.01155e-6 0 1 -0.4330245 0.7499925 0.5000012 -0.4330242 0.749992 0.5000022 -0.4717938 0.7262232 0.5000106 0 6.29875e-6 1 -0.4330178 0.7499924 0.5000072 -0.1504046 0.852873 0.4999861 -0.4330211 0.7499958 0.4999991 -9.04833e-7 0 1 -0.4329966 0.7500003 0.5000135 -0.4718444 0.7262042 0.4999904 -0.6123583 0.6123896 0.4999963 -2.18438e-6 0 1 5.88561e-6 0 1 -0.6634028 0.5566824 0.5000015 -0.6124216 0.6123145 0.5000107 -0.7499729 0.4330917 0.4999722 -0.6633664 0.5567204 0.5000075 -0.4329808 0.7500079 0.5000157 -0.6123454 0.6123849 0.500018 -0.8137907 0.2962303 0.4999923 -0.7499103 0.4331737 0.4999951 -0.8364824 0.2243674 0.4999563 -0.8137877 0.2962089 0.5000099 -0.6634436 0.5566264 0.5000097 -0.7499805 0.4330829 0.4999685 -0.8138034 0.2962087 0.4999846 -0.8364874 0.2242829 0.4999861 -0.8660089 3.68133e-5 0.5000288 -0.8660172 -1.02744e-5 0.5000143 -0.8660169 -9.9983e-6 0.5000149 -0.8363065 -0.224925 0.5000003 -0.8660261 -3.91738e-7 0.4999991 -0.8137972 0.2961967 0.5000016 -0.8660169 -7.30157e-7 0.5000149 -0.7499952 -0.4330182 0.5000026 -0.836308 -0.2249051 0.5000067 -0.7493863 -0.4340926 0.499984 -0.8365221 -0.2240881 0.5000154 -0.8660165 -1.58986e-5 0.5000156 -0.8363163 -0.2248872 0.500001 -0.8365254 -0.2241006 0.5000042 -0.8363108 -0.2248952 0.5000066 -0.7500039 -0.4330115 0.4999952 -0.6123959 -0.612349 0.5 -0.7494577 -0.4340046 0.4999533 -0.4717611 -0.7262861 0.4999501 -0.7500178 -0.4329898 0.4999932 -0.7493794 -0.4340996 0.4999881 -0.61237 -0.6123921 0.499979 -0.4329871 -0.7500124 0.5000038 -0.4718167 -0.7262069 0.5000126 -0.4323137 -0.7504019 0.5000019 -0.612407 -0.6123605 0.4999723 -0.4718198 -0.7262205 0.49999 -0.4330663 -0.7499684 0.500001 -0.2241744 -0.8364658 0.5000708 -0.4322421 -0.7504263 0.5000272 -0.01853424 -0.8658133 0.500024 -0.4330161 -0.7500022 0.4999937 -0.4323014 -0.7504079 0.5000036 -0.2241148 -0.8365172 0.5000117 2.2746e-5 -0.8660184 0.5000122 -0.01860028 -0.8658195 0.5000107 4.07624e-4 -0.8660188 0.5000113 -0.2241059 -0.8365073 0.5000323 -0.01850992 -0.8658229 0.5000082 3.06591e-6 -0.866026 0.4999991 1.73151e-5 -0.8660192 0.5000108 4.01894e-4 -0.8660208 0.5000079 0.2240846 -0.8365225 0.5000162 0.9659307 2.30968e-6 0.2588009 0.866019 -1.36532e-5 0.500011 0.8137981 0.2961941 0.5000016 0.8659669 -0.5001014 1.57654e-5 0.8660129 -1.99527e-5 0.5000219 0.9659346 -7.1153e-7 0.2587866 0.8365083 -0.224106 0.5000306 0.8660076 4.72218e-5 0.5000309 0.8659756 -0.5000864 4.64544e-6 0.866009 0.5000286 4.17233e-6 0.8137701 0.2962822 0.4999951 0.6634573 0.5566226 0.4999959 0.8659972 0.500049 9.62615e-6 1 1.23382e-5 1.21146e-5 0.8137867 0.2962427 0.4999915 0.9659329 1.47917e-6 0.2587926 0.8137996 0.2961721 0.5000124 1 1.24276e-5 -4.68199e-6 0.8660033 0.5000384 5.55441e-6 0.6634148 0.5566492 0.5000226 0.4330484 0.7499651 0.5000215 0.5000234 0.866012 -1.96742e-6 0.4330238 0.7499985 0.4999927 0.1503976 0.852863 0.5000053 0.5000145 0.8660171 -2.21133e-5 0.866025 0.5000007 1.58697e-5 0.4329973 0.7500131 0.4999936 -3.06964e-5 1 7.59959e-6 0.1502968 0.8528845 0.499999 -0.1503176 0.8528811 0.4999984 0.4756065 0.8796582 1.01551e-5 0.499994 0.8660289 8.33347e-6 0.1503902 0.8528425 0.5000426 -4.34369e-5 1 5.64009e-6 0.4756389 0.8796407 3.8296e-6 0.1503918 0.8528749 0.4999868 -0.0494585 0.9987763 1.03265e-5 -0.1504038 0.8528689 0.4999935 -0.4330008 0.7500122 0.4999923 -0.04948061 0.9987751 1.95056e-5 1.82614e-5 1 1.97291e-5 -0.1504569 0.8528968 0.4999297 -0.5000188 0.8660146 -1.79079e-5 -0.4330201 0.7500025 0.4999901 -0.6634286 0.5566431 0.5000111 -0.5000177 0.8660152 7.97212e-6 -0.04949814 0.9987742 -1.80453e-5 -0.433001 0.7499927 0.5000212 -0.8659899 0.5000616 4.18723e-6 -0.6634712 0.5566055 0.4999965 -0.8137776 0.2962628 0.4999945 -0.5747645 0.8183189 7.87154e-6 -0.500054 0.8659943 3.7998e-7 -0.6634223 0.5566505 0.5000111 -0.8660153 0.5000175 1.2897e-5 -0.5747737 0.8183124 9.15676e-6 -0.6634098 0.5566749 0.5000005 -0.8660454 0.4999654 8.18074e-6 -0.8138001 0.2962198 0.4999833 -0.8660116 4.95613e-5 0.5000239 -0.9659345 6.72415e-7 0.2587867 -0.8660155 0.5000172 9.95398e-6 -0.8660127 1.99527e-5 0.5000221 -0.8365269 -0.2241113 0.4999969 -0.9659281 1.23531e-5 0.2588108 -0.8660183 -7.4585e-6 0.5000123 0.8660174 -0.500014 6.34789e-6 0.9659295 1.07288e-6 0.2588053 1 8.68319e-6 6.4224e-6 1.21956e-5 0 1 3.0862e-6 0 1 6.86012e-6 0 1 2.45671e-6 0 1 1.92491e-6 0 1 0 0 1 -3.38432e-6 1.47989e-7 1 1.92703e-6 0 1 -0.9659295 -1.08778e-6 0.2588054 -1 -8.71066e-6 6.4671e-6 -0.8660174 0.500014 6.40005e-6 -0.8365241 -0.2240853 0.5000132 -1 -1.63764e-5 2.15601e-7 -0.9659274 2.31325e-5 0.2588136 -0.7500178 -0.4329907 0.4999924 -0.866026 -0.4999989 -2.28733e-5 -1 -2.97949e-5 7.59959e-7 -0.8365143 -0.2241798 0.4999871 -0.7499823 -0.433057 0.4999882 -1 9.68724e-5 1.80677e-6 0.8660117 0.5000239 2.39611e-5 0.9659228 -1.23084e-5 -0.2588302 1 6.16536e-6 -1.38208e-5 0.8365234 -0.2240852 -0.5000146 1 -1.63317e-5 -1.75065e-6 0.9659269 2.31141e-5 -0.2588151 0.836512 -0.2241797 -0.499991 0.7499806 -0.4330573 -0.4999906 1 9.66638e-5 -6.82101e-6 0.8660159 -0.5000165 -3.14415e-6 1 -1.42083e-5 1.48565e-5 0.7499988 -0.4330016 -0.5000116 0.8660156 0.5000172 -1.0103e-5 0.8660126 1.99378e-5 -0.5000222 0.9659345 6.74278e-7 -0.2587869 0.8365276 -0.2241114 -0.4999956 0.9659284 1.22264e-5 -0.2588095 0.866019 -7.49435e-6 -0.5000112 0.8659756 0.5000863 -3.46825e-6 0.8365094 0.224106 -0.5000288 0.8660087 -4.72516e-5 -0.500029 0.8660214 7.04825e-6 -0.5000069 0.8660243 6.73783e-6 -0.5000021 0.8365275 0.2240921 -0.5000047 0.8134337 -0.2972272 -0.4999815 0.8364977 -0.224158 -0.5000247 0.8660106 1.09524e-5 -0.5000257 0.8660184 9.29751e-6 -0.5000122 0.8134234 -0.2972173 -0.5000043 0.8660233 9.44734e-6 -0.5000038 0.8660151 0.5000181 -9.95561e-6 0.7499969 0.4329946 -0.5000205 0.8365373 0.2240943 -0.4999873 0.8137167 0.2964101 -0.5000061 0.8365288 0.2240902 -0.5000031 0.7499852 0.4330334 -0.5000042 0.813722 0.2964406 -0.4999797 0.8660168 1.40741e-5 -0.5000149 0.8365184 0.2241086 -0.5000125 0.5000757 0.8659817 -1.64658e-6 0.6124458 0.6122734 -0.5000315 0.7500277 0.4329746 -0.4999913 0.663434 0.5566335 -0.5000145 0.7499907 0.433021 -0.5000069 0.6123759 0.6123942 -0.4999693 0.8660153 0.5000177 2.93553e-5 0.5000221 0.8660127 5.54323e-6 0.7500061 0.432987 -0.5000134 0.6634258 0.5566327 -0.5000264 0.8137325 0.2963444 -0.5000196 0.7500156 0.4330509 -0.4999436 0.4999946 0.8660286 -1.68453e-6 0.4330015 0.7500219 -0.4999769 0.6123653 0.6123955 -0.4999805 0.4687813 0.728188 -0.4999862 0.6123741 0.6123684 -0.5000029 0.432991 0.750015 -0.4999963 0.468876 0.7281278 -0.4999853 0.663459 0.5566068 -0.5000112 0.6123588 0.6124091 -0.4999718 0.4756081 0.8796573 -1.90437e-5 0.2242053 0.8364882 -0.5000196 0.4329403 0.7500145 -0.500041 0.4329962 0.7500022 -0.5000111 0.4329977 0.7500047 -0.500006 0.2240883 0.8365212 -0.5000169 0.500018 0.8660151 -2.11149e-5 0.4755702 0.8796779 -2.06977e-5 0.4330008 0.7500067 -0.5000003 0.433012 0.7499997 -0.5000011 0.4687711 0.7281932 -0.4999885 0.4330119 0.7499995 -0.5000014 -4.69387e-6 1 -5.86454e-6 1.68756e-6 0.8660167 -0.5000151 0.224133 0.8365107 -0.5000143 0.01551043 0.865894 -0.4999871 0.2240947 0.8365116 -0.5000299 -2.15843e-5 0.8660228 -0.5000045 0.4756017 0.8796608 -9.24617e-6 3.98159e-5 1 -7.011e-6 0.2241168 0.8365138 -0.5000163 0.01556181 0.8658948 -0.499984 0.4330245 0.7500007 -0.4999889 0.2240711 0.8365162 -0.5000329 -0.04955494 0.9987714 -2.49445e-5 -0.2242131 0.8365082 -0.4999825 4.84139e-5 0.8660327 -0.4999874 4.0599e-4 0.8660219 -0.500006 2.15905e-5 0.8660206 -0.5000083 -0.2241212 0.8365144 -0.5000136 -7.16036e-6 1 1.05053e-5 -0.04952412 0.9987729 6.4075e-6 -7.35e-6 0.8660236 -0.5000031 4.08066e-4 0.8660188 -0.5000113 0.01550865 0.8658906 -0.499993 2.31368e-5 0.8660179 -0.5000132 -0.5000281 0.8660092 1.45072e-5 -0.4330254 0.7499936 -0.4999986 -0.224123 0.8365097 -0.5000203 -0.4322987 0.750407 -0.5000073 -0.2241172 0.8365175 -0.5000101 -0.4330149 0.750001 -0.4999967 -0.04943782 0.9987772 2.10851e-5 -0.5000022 0.8660243 1.93939e-5 -0.2240722 0.8365372 -0.4999971 -0.4323036 0.750397 -0.500018 3.66479e-4 0.8660157 -0.5000167 -0.224179 0.8364694 -0.5000628 -0.5747927 0.8182991 -4.17232e-6 -0.6122894 0.6123936 -0.5000759 -0.4330301 0.7500371 -0.4999295 -0.4374998 0.7473899 -0.5000025 -0.4329962 0.7500104 -0.4999986 -0.612384 0.6123786 -0.4999784 -0.5000235 0.866012 2.03252e-5 -0.5747855 0.8183041 2.50638e-5 -0.4329972 0.7500058 -0.5000048 -0.4375064 0.7473887 -0.4999983 -0.432313 0.7504017 -0.5000029 -0.4329895 0.7500098 -0.5000054 -0.8660159 0.5000165 -1.4985e-6 -0.750006 0.4329897 -0.5000109 -0.6124042 0.6123602 -0.499976 -0.6626973 0.5575076 -0.5000178 -0.6123769 0.6123914 -0.4999715 -0.7499976 0.4330576 -0.4999648 -0.5747835 0.8183056 -3.18885e-6 -0.8660278 0.4999958 -7.94977e-6 -0.6124296 0.6123187 -0.4999959 -0.6626986 0.5575206 -0.5000015 -0.4375422 0.7473581 -0.5000128 -0.6124159 0.6123315 -0.4999971 -1 -9.68426e-5 -4.36604e-6 -0.8365133 0.2241798 -0.4999891 -0.7499812 0.4330574 -0.4999893 -0.8134054 0.29724 -0.5000203 -0.7500199 0.4329615 -0.5000146 -0.8365103 0.2241289 -0.5000166 -0.8660159 0.5000168 -5.97537e-6 -1 1.42111e-5 1.17272e-5 -0.7499974 0.4330011 -0.5000141 -0.8133897 0.2972236 -0.5000556 -0.6626222 0.5575741 -0.500043 -0.7500332 0.4329915 -0.4999687 -0.965928 -1.2368e-5 -0.258811 -0.8660181 7.43242e-6 -0.5000126 -0.8365268 0.2241113 -0.4999971 -0.813441 0.2972277 -0.4999695 -0.8365078 0.2241593 -0.5000075 -0.8660218 -1.08182e-5 -0.5000066 -1 1.63764e-5 -3.05008e-7 -0.9659273 -2.31192e-5 -0.2588137 -0.8365241 0.2240853 -0.5000133 -0.8660156 -0.5000171 -9.80496e-6 -0.8660128 -1.99676e-5 -0.5000219 -0.9659346 -6.84522e-7 -0.2587866 -0.8659755 -0.5000864 -5.62891e-6 -0.8365302 -0.2241124 -0.4999912 -0.8660303 4.75347e-5 -0.4999916 -0.8660214 -7.04825e-6 -0.5000069 -0.8660243 -6.73783e-6 -0.5000021 -0.8365275 -0.2240921 -0.5000047 -0.8134233 0.2972173 -0.5000045 -0.8660232 -9.47714e-6 -0.5000039 -0.8660183 -9.29786e-6 -0.5000124 -0.8660117 -0.5000239 2.40356e-5 -0.965923 1.23084e-5 -0.2588301 -1 -6.16303e-6 -1.37463e-5 -1.70132e-5 0 -1 2.33215e-6 0 -1 -1.92703e-6 0 -1 0 0 -1 -2.11521e-6 -1.4799e-7 -1 -4.81228e-7 0 -1 3.20517e-6 0 -1 6.86012e-6 0 -1 -7.01917e-7 0 -1 -1.21956e-5 0 -1 1.04159e-5 0 -1 -0.8660148 -0.5000185 -2.14465e-5 -0.7500102 -0.4330212 -0.4999773 -0.8365315 -0.2240919 -0.4999981 -0.8137171 -0.2964102 -0.5000056 -0.8365291 -0.2240905 -0.5000025 -0.7499856 -0.4330336 -0.5000036 -0.8137153 -0.2964393 -0.4999909 -0.8660297 -1.6056e-5 -0.4999926 -0.8365089 -0.224107 -0.500029 -0.5747941 -0.8182981 -1.86637e-5 -0.6124602 -0.6122878 -0.4999963 -0.7499712 -0.4330652 -0.4999979 -0.6634327 -0.5566329 -0.5000169 -0.7499896 -0.4330202 -0.5000091 -0.612375 -0.6123933 -0.4999715 -0.8660121 -0.5000231 -1.62125e-5 -0.5747981 -0.8182954 1.49012e-6 -0.7500112 -0.4330133 -0.499983 -0.6634241 -0.5566346 -0.5000265 -0.8137322 -0.2963445 -0.5000199 -0.7500156 -0.4330506 -0.4999439 -0.5000148 -0.8660169 1.39698e-6 -0.4330125 -0.7500067 -0.4999899 -0.6123806 -0.6123855 -0.4999741 -0.437498 -0.7473938 -0.4999982 -0.6123648 -0.6123834 -0.499996 -0.4329891 -0.7500138 -0.4999999 -0.5748244 -0.8182769 2.94298e-6 -0.5001 -0.8659678 3.65078e-7 -0.6124132 -0.6123013 -0.5000373 -0.4374642 -0.7474035 -0.5000131 -0.6634467 -0.556613 -0.5000205 -0.6123816 -0.6123512 -0.500015 -0.04954677 -0.9987719 2.82005e-6 -0.224145 -0.8365167 -0.4999988 -0.4330528 -0.7499774 -0.4999992 -0.432986 -0.7500131 -0.5000037 -0.4329868 -0.7500158 -0.4999986 -0.2241231 -0.8365142 -0.5000128 -0.4999989 -0.8660261 9.83477e-6 -0.04949772 -0.9987742 -8.16584e-6 -0.4329841 -0.7500127 -0.5000057 -0.432968 -0.7500233 -0.5000038 -0.4374849 -0.7474026 -0.4999964 -0.4329679 -0.7500232 -0.5000039 4.69387e-6 -1 -5.86454e-6 -1.68756e-6 -0.8660167 -0.5000151 -0.224133 -0.8365107 -0.5000143 -4.01894e-4 -0.8660208 -0.5000079 -0.2240846 -0.8365225 -0.5000162 -1.73151e-5 -0.8660192 -0.5000108 -0.04943585 -0.9987773 1.38581e-6 -1.04159e-4 -1 4.51505e-6 -0.2241041 -0.8365116 -0.5000257 -3.68267e-4 -0.8659968 -0.5000496 -0.4329184 -0.7500212 -0.5000497 -0.2240815 -0.8365501 -0.4999715 0.4756315 -0.8796446 -2.22698e-5 0.2240829 -0.8365253 -0.5000123 5.37634e-5 -0.8660183 -0.5000123 0.01550483 -0.8658863 -0.5000007 -1.31968e-5 -0.8660181 -0.5000129 0.2241178 -0.8365213 -0.5000035 6.87037e-6 -1 3.44366e-5 0.475581 -0.8796719 -1.71661e-5 2.639e-5 -0.8660183 -0.5000125 0.01547098 -0.8658914 -0.4999928 -3.89754e-4 -0.8660197 -0.5000099 -4.94486e-6 -0.8660188 -0.5000113 0.500028 -0.8660092 1.45324e-5 0.4330254 -0.7499936 -0.4999987 0.2241228 -0.8365101 -0.5000202 0.4322878 -0.7504076 -0.5000157 0.2240987 -0.8365168 -0.5000196 0.4330022 -0.7500018 -0.5000064 0.4756014 -0.8796609 -1.33067e-5 0.5000554 -0.8659934 -9.81241e-6 0.2241675 -0.8364905 -0.5000326 0.4322401 -0.750482 -0.4999452 0.01557427 -0.8659142 -0.4999502 0.2241156 -0.836529 -0.4999914 0.8659794 -0.5000798 1.67638e-6 0.6122731 -0.6124488 -0.5000282 0.4329745 -0.7500298 -0.4999884 0.4688004 -0.7281772 -0.4999842 0.4330027 -0.7500098 -0.4999942 0.6123777 -0.6123645 -0.5000035 0.500018 -0.866015 3.62992e-5 0.8660222 -0.5000056 2.49743e-5 0.4330273 -0.7499879 -0.5000055 0.4687888 -0.7281816 -0.4999888 0.4323195 -0.750398 -0.5000027 0.4329926 -0.7500083 -0.5000048 0.8660153 -0.5000175 2.1616e-5 0.7500156 -0.4329961 -0.4999909 0.6123842 -0.6123677 -0.4999914 0.6626962 -0.5575067 -0.5000202 0.6123762 -0.6123903 -0.4999736 0.7499964 -0.4330569 -0.499967 0.6626708 -0.5575839 -0.4999676 0.4687386 -0.7282089 -0.4999959 0.6124156 -0.6123343 -0.499994 0.8134058 -0.29724 -0.5000197 0.7500202 -0.4329617 -0.500014 0.8365108 -0.224129 -0.5000161 0.8133898 -0.2972244 -0.5000548 0.6626225 -0.5575743 -0.5000423 0.7500334 -0.4329919 -0.4999679 -1.21957e-5 0 -1 1.92927e-6 0 -1 4.28231e-6 0 -1 3.20521e-6 0 -1 0 0 -1 1.92491e-6 0 -1 0 0 -1 -3.38432e-6 -1.47989e-7 -1 -1.49258e-5 0 -1 -3.49696e-6 0 -1 0 -4.16873e-6 -1 -5.212e-6 -4.12481e-6 -1 0 -4.16884e-6 -1 -2.45358e-6 -4.44407e-6 -1 4.47073e-6 0 -1 2.79456e-6 -4.97161e-6 -1 3.35947e-6 0 -1 0 -6.29953e-6 -1 1.52893e-6 0 -1 -4.97774e-6 0 -1 6.48176e-6 0 -1 -3.49698e-6 0 -1 3.42325e-6 0 -1 1.5358e-6 0 -1 0 -6.03259e-7 -1 0 0 -1 -3.49631e-6 -1.24208e-5 -1 2.47334e-6 -4.48862e-6 -1 -1.19822e-5 -4.16871e-6 -1 1.71469e-5 -4.16879e-6 -1 -3.88972e-6 -4.11961e-6 -1 4.97774e-6 0 -1 -1 -4.52995e-6 6.26615e-6 -1 -4.55976e-6 -5.02239e-5 -0.9656907 -0.2596955 4.38839e-6 -0.9400944 0.3409146 -1.86339e-5 -0.9658835 0.258977 7.73184e-6 -1 -5.40912e-6 4.48525e-6 -1 -2.29478e-5 6.63734e-5 -0.9401024 0.3408922 -2.93553e-6 -1 -2.29627e-5 -2.07188e-6 -0.9009665 -0.4338886 -3.53158e-6 -0.9656859 -0.259713 -2.98768e-6 -0.8653876 -0.5011031 1.04439e-5 -0.9009786 -0.4338637 -1.41561e-5 -1 -1.82539e-5 1.81049e-6 -0.9656897 -0.2596988 6.33858e-6 -0.9009647 -0.4338926 -2.15508e-6 -0.8653228 -0.5012152 1.89431e-6 -0.7062048 -0.7080076 -5.61401e-6 -0.6235215 -0.7818064 1.09151e-5 -0.7062053 -0.7080072 4.67896e-6 -0.4991744 -0.8665016 -8.25897e-6 -0.9009689 -0.4338837 -2.30968e-7 -0.7062059 -0.7080066 -5.23403e-7 -0.6235271 -0.7818018 6.82101e-6 -0.6234984 -0.7818247 1.54637e-5 -0.4991942 -0.8664903 -4.46662e-6 -0.4916827 -0.8707745 -1.89486e-5 -0.2225216 -0.9749279 6.91414e-6 -0.4916945 -0.8707679 3.42354e-6 -0.1730777 -0.9849082 4.48898e-7 -0.6235243 -0.7818041 -1.66148e-5 -0.4916002 -0.8708211 8.69296e-6 -0.2225218 -0.9749278 4.42192e-6 -0.3152098 0.9490221 2.22325e-5 -0.4916837 0.870774 -9.88692e-6 -0.499903 0.8660814 -1.13919e-5 -0.3152066 0.9490231 -1.79708e-5 -0.1740108 0.9847438 2.74926e-6 -0.49169 0.8707704 6.62357e-6 -0.6274003 0.778697 1.05845e-6 -0.4998783 0.8660957 3.55393e-6 -0.7070528 0.7071607 -9.35048e-7 -0.6274046 0.7786934 9.90927e-7 -0.315225 0.9490169 1.29342e-5 -0.4998786 0.8660955 1.35619e-5 -0.7418104 0.6706097 7.51577e-7 -0.707008 0.7072055 -7.32951e-7 -0.8659663 0.5001024 -5.20423e-6 -0.7417993 0.6706219 5.35324e-6 -0.6273404 0.7787452 -5.42961e-6 -0.7069955 0.7072181 5.58863e-6 -0.9400936 0.3409168 -9.33744e-6 -0.8659814 0.5000764 1.04755e-5 -0.9658794 0.2589924 5.26942e-6 -0.7675666 0.6409694 -6.97002e-6 -0.7418237 0.6705949 -9.16887e-6 -0.8659674 0.5001005 -1.88984e-5 -0.9401025 0.340892 -7.2699e-6 -0.7675112 0.6410356 1.1269e-5 -0.8659797 0.5000792 2.11328e-5 -2.00495e-5 1 -6.23427e-6 0.01747816 0.9998473 -1.20495e-5 -0.1739946 0.9847466 5.53206e-6 -0.3152008 0.9490251 -3.48687e-6 2.45422e-5 1 -4.96209e-6 -0.1739907 0.9847473 1.46776e-5 8.08609e-7 0 -1 0.3152154 0.9490202 -1.63764e-5 0.173113 0.9849021 -7.09295e-6 0.01750081 0.9998469 -1.54227e-6 1.47236e-6 1 -1.71829e-7 0.3152058 0.9490234 -8.67248e-6 0.01749831 0.9998469 -2.07126e-6 0.3152018 0.9490247 1.95149e-5 0.4991801 0.8664984 -1.90735e-5 0.1731077 0.9849029 -2.90573e-6 0.6273994 0.7786978 4.5076e-7 0.5267919 0.8499944 6.18585e-6 0.4992024 0.8664855 1.09324e-5 0.6274034 0.7786946 1.32385e-5 0.7062011 0.7080113 -8.88482e-7 0.5268089 0.8499838 -4.20585e-6 0.3152166 0.9490197 -5.49667e-6 0.6273969 0.7786998 1.18464e-6 0.4991813 0.8664977 1.41948e-5 0.7675558 0.6409822 9.38307e-6 0.8653895 0.5011 -2.52016e-6 0.7062152 0.7079973 6.83218e-6 0.7418193 0.6705999 -5.86547e-6 0.7675673 0.6409683 -1.84102e-5 0.7062127 0.7079998 4.11738e-6 0.6273445 0.7787418 5.88596e-7 0.7418255 0.670593 -7.07805e-7 0.7062031 0.7080094 3.79654e-6 0.6235132 -0.7818129 7.94389e-6 0.5268072 -0.8499848 -7.97398e-6 0.707005 -0.7072086 0 0.2225282 -0.9749262 6.94394e-6 0.4999005 -0.8660829 1.22264e-5 0.5267893 -0.8499959 -3.09013e-6 0.2224905 -0.9749349 1.99676e-6 0.5268076 -0.8499847 -2.97837e-6 0.6235122 -0.7818136 -1.47931e-5 0.6235256 -0.781803 -1.01216e-5 0.707006 -0.7072076 -6.89179e-7 0.8659673 -0.5001005 6.54161e-6 0.9009704 -0.4338808 -2.67476e-6 0.8659694 -0.500097 -1.01821e-5 0.9658849 -0.2589718 -3.76254e-7 0.6234946 -0.7818276 -3.51667e-6 0.8659741 -0.5000889 -4.24497e-6 0.900966 -0.4338899 -1.09784e-5 0.9009662 -0.4338895 -2.50265e-5 0.9658802 -0.2589892 2.67476e-6 1 -1.67713e-5 1.40779e-5 1 4.57466e-6 6.25154e-6 1 4.58956e-6 6.24861e-6 0.9656906 0.2596955 4.35859e-6 0.9009689 -0.4338839 -3.44962e-6 1 0 1.15072e-5 1 0 -1.06435e-5 0.9400994 0.3409007 -2.93274e-6 0.9656856 0.2597144 2.59653e-6 0.865388 0.5011025 2.07499e-6 0.9400935 0.3409169 6.23986e-7 1 -2.02656e-6 -7.09295e-6 0.9656922 0.2596898 7.43196e-7 0.7675111 0.6410357 -6.82473e-6 0.9401044 0.3408868 -7.43568e-6 0.8653487 0.5011703 4.51319e-6 0.2224976 -0.9749333 -7.09668e-7 0.174013 -0.9847434 -2.5481e-6 0.4998877 -0.8660903 -1.49608e-5 -0.2225129 -0.9749298 5.1558e-6 0.01749312 -0.999847 -1.6883e-5 0.1739915 -0.9847472 9.91882e-6 -0.2225167 -0.9749289 -9.09157e-6 -0.1731188 -0.984901 0 0.01751774 -0.9998466 -2.83495e-6 -0.2225195 -0.9749283 -1.20774e-5 0.173991 -0.9847473 -5.98095e-6 0.2225198 -0.9749282 -8.63895e-6 1 -2.30819e-5 -5.75027e-6 1 -2.30819e-5 8.25655e-6 0.9401025 0.3408921 1.13547e-5 0.900969 -0.4338836 -1.34483e-5 1 2.23517e-7 1.82184e-5 1 2.23517e-7 -1.06274e-5 0.9009687 -0.4338842 -8.52918e-5 1 -4.47035e-7 1.34632e-5 0.9009687 -0.4338842 -1.81814e-5 0.8902947 0.455385 1.86488e-5 0.9400994 0.3409004 -1.7792e-5 0.7675637 0.6409727 6.70552e-7 1 -5.50691e-6 -3.11597e-6 0.9400954 0.3409117 2.33799e-5 0.9924921 0.1223091 1.36569e-5 0.9879292 0.1549057 8.71718e-6 0.9924918 0.1223118 2.09659e-5 0.9400917 0.3409216 -9.43989e-6 0.8902951 0.4553843 8.29622e-6 0.9879313 0.1548935 -1.13994e-5 0.9400994 0.3409004 2.43438e-5 0.9697486 -2.17557e-6 -0.2441058 0.7839035 1.5974e-5 -0.6208827 0.7385839 1.4931e-5 -0.6741615 0.9697491 -2.07871e-5 -0.2441041 0.8902891 -7.51764e-6 -0.4553958 0.783809 1.74791e-5 -0.6210021 0.6437451 -4.51133e-6 -0.76524 0.7385619 -1.00955e-6 -0.6741858 0.6274001 -2.81353e-6 -0.7786972 0.8664895 -6.00889e-6 -0.4991954 0.870774 2.07406e-6 -0.4916836 0.7386347 -1.73971e-5 -0.674106 0.9697478 5.58421e-6 -0.2441094 0.7386364 -1.53035e-5 -0.6741042 0.870781 -1.56279e-5 -0.4916711 0.6437379 -2.13087e-6 -0.7652462 0.866483 1.11833e-5 -0.4992067 0.7386144 -1.05808e-5 -0.6741282 0.3431046 -1.96695e-6 -0.9392973 0.6273485 9.17166e-6 -0.7787387 0.3151987 5.41657e-6 -0.9490258 0.3430948 -1.38395e-6 -0.9393008 0.6437425 -1.29249e-5 -0.7652423 0.6273983 2.66731e-6 -0.7786986 0.3430829 8.43778e-6 -0.9393052 0.3152213 0 -0.9490183 -5.90086e-6 -1.03153e-5 -1 1.32173e-5 2.40524e-6 -1 1.32024e-5 3.49246e-6 -1 -0.3152257 -6.78003e-7 -0.9490168 0.3430858 -1.18092e-5 -0.9393042 1.0401e-5 -9.83771e-7 -1 1.0401e-5 -8.32293e-6 -1 -0.342318 -8.62591e-6 -0.9395842 -0.3151982 -1.06432e-5 -0.9490259 -0.6274075 -8.73208e-6 -0.7786911 -0.3422911 1.48341e-5 -0.939594 -1.59964e-5 1.08927e-5 -1 -0.3152134 -1.33328e-5 -0.9490208 -0.6428073 -3.21539e-7 -0.766028 -0.6273461 1.44169e-6 -0.7787407 -0.73856 1.75834e-6 -0.6741877 -0.642798 5.22006e-6 -0.7660358 -0.3422947 1.12653e-5 -0.9395926 -0.6273365 -3.88781e-6 -0.7787484 -0.8902935 1.79142e-4 -0.4553871 -0.738589 8.42512e-5 -0.674156 -0.7838821 -1.61231e-5 -0.6209097 -0.9697507 2.67923e-5 -0.2440976 -0.7386096 -5.48363e-6 -0.6741334 -0.8902925 -2.70456e-6 -0.4553893 -0.8660889 1.25542e-6 -0.4998901 -0.7386155 -4.39957e-6 -0.6741271 -0.969747 0 -0.2441123 -0.8660921 -4.99748e-6 -0.4998847 -0.6428357 -4.47407e-6 -0.7660042 -0.7386233 -1.7602e-7 -0.6741185 -0.8902828 0.455408 -1.32956e-5 -0.7675619 0.6409749 3.65824e-6 -0.940099 0.3409019 -6.88434e-6 -0.9879287 0.1549095 -1.83005e-6 -0.9400973 0.3409063 1.56965e-5 -1 3.17395e-6 -1.26474e-5 -0.9879297 0.1549035 -1.2517e-5 -0.8902929 0.4553886 -2.71946e-6 -0.9401003 0.340898 -2.01985e-5 -0.9924935 0.1222974 -1.23288e-5 -0.9879289 0.1549079 2.8247e-6 -1 2.90573e-6 -4.41447e-6 -1 2.39946e-5 3.48708e-6 -0.9924938 0.1222954 4.19095e-6 -1 2.39909e-5 2.43931e-6 -0.900969 -0.4338836 1.35377e-5 -1 2.23517e-7 -1.82096e-5 -1 2.23519e-7 1.06166e-5 1 -2.3708e-5 7.39194e-7 0.9924938 0.1222957 7.6741e-7 1 -2.3704e-5 -5.64576e-6 0.9875688 -3.01749e-6 0.1571875 1 -2.20984e-5 -1.40071e-6 0.9932841 -1.2219e-5 -0.1157013 0.9485287 -0.3166915 1.4782e-5 1 2.32458e-6 4.48326e-6 1 2.33948e-6 -1.15633e-5 1 2.36928e-6 -7.67121e-6 0.9485287 -0.3166914 -2.55555e-6 1 2.36928e-6 8.29341e-7 0.9888496 0.1489176 2.6077e-6 1 1.82539e-6 -5.30491e-6 1 1.82912e-6 3.89665e-6 0.9875693 -1.95205e-6 0.1571844 0.9932847 -7.33882e-6 -0.1156968 0.9875664 1.85221e-5 -0.1572033 0.9009696 -0.4338822 1.31205e-5 1 -1.90735e-6 1.41039e-5 0.9485305 -0.316686 -9.37469e-6 0.9697465 -6.63102e-6 -0.2441143 0.9875678 -8.79168e-6 -0.157194 0.8902857 1.9297e-6 -0.4554026 0.9697508 3.76627e-6 0.2440972 0.9875698 1.46404e-6 0.157181 0.9875698 2.5332e-7 -0.1571812 0.9697511 -4.72367e-6 0.2440962 0.98757 -3.47197e-6 -0.1571801 0.9697515 -1.45212e-5 -0.2440947 -0.969748 -6.85267e-6 -0.2441082 -0.8902879 -5.1558e-6 -0.455398 -0.9875686 -2.35811e-6 -0.1571887 -1 5.55031e-5 -6.96741e-5 -0.9875712 1.40443e-4 -0.1571721 -0.9932827 -2.83849e-5 -0.115713 -0.987564 -2.48849e-6 0.1572173 -0.9875646 -7.82311e-6 -0.1572139 -1 2.26125e-6 5.62519e-6 -0.9697508 3.74019e-6 -0.2440972 -0.9875698 1.49384e-6 -0.157181 -0.9875698 3.20375e-7 0.1571812 -1 -2.3786e-5 6.84336e-6 -0.9924938 0.1222956 -1.75974e-6 -1 -2.37823e-5 5.73273e-7 -0.9009691 -0.4338833 -1.29528e-5 -1 4.47035e-7 -9.67707e-6 -1 4.61937e-7 1.06139e-5 -0.9009687 -0.4338842 1.82467e-5 -0.9009687 -0.4338842 -1.06621e-4 -1 -3.94881e-7 -1.34408e-5 -0.9009691 -0.4338835 1.9826e-5 -1 3.8743e-7 -1.82083e-5 -1 4.03263e-7 -1.04606e-5 -0.9635287 0.2676054 -6.79866e-6 -1 7.16746e-6 -3.65809e-6 -1 7.16932e-6 -4.12762e-6 -0.9888547 0.1488845 1.11014e-6 -1 -9.81614e-7 4.13693e-6 -0.9635244 0.2676208 -2.87592e-6 -0.9009604 -0.4339015 -5.48363e-6 -0.9485186 -0.3167217 -6.81728e-7 -1 -2.13236e-5 3.94136e-6 -1 8.49366e-7 -7.33664e-6 -1 8.3447e-7 5.38131e-5 -0.9485282 -0.3166929 -4.60073e-6 -0.9635289 0.2676045 -7.12275e-6 -1 6.3777e-6 -1.21091e-5 -1 6.37769e-6 -4.52862e-5 -0.9009627 -0.4338967 1.28197e-5 -0.7994136 -0.6007811 -1.19582e-6 -0.9485164 -0.3167284 1.3046e-5 -0.9338737 -0.3576033 2.92808e-6 -0.9485296 -0.3166886 2.57045e-7 -0.7994101 -0.600786 -2.0884e-5 -0.9338759 -0.3575974 7.30157e-7 -1 -2.10628e-5 7.53999e-6 -0.9485168 -0.3167269 -2.16439e-6 -1 9.05246e-7 4.70504e-6 -0.9485282 -0.3166928 -1.6503e-5 -1 8.9407e-7 9.70803e-6 -0.6235048 -0.7818195 1.60113e-5 -0.7495886 -0.6619041 8.3074e-6 -0.7993991 -0.6008004 -1.78544e-5 1.40981e-6 -0.3907311 0.920505 -0.9009686 -0.4338845 -4.8317e-6 -0.6235273 -0.7818017 -1.11163e-5 -0.7993996 -0.6007997 -4.35207e-6 0 -0.3907324 0.9205044 -0.6235105 -0.781815 -5.66617e-6 -0.4918744 -0.8706663 7.19819e-6 -0.7496005 -0.6618906 2.5183e-6 0 -0.3907339 0.9205037 -9.50962e-7 -0.3907313 0.9205048 -0.2224904 -0.9749349 5.52833e-6 -0.480886 -0.8767831 9.12696e-6 -0.4918779 -0.8706642 1.02594e-5 2.4065e-6 -0.3907364 0.9205027 -0.6234992 -0.7818241 -6.7316e-6 -0.2225158 -0.9749291 1.67638e-5 -0.4918653 -0.8706713 -1.1269e-5 1.53364e-6 -0.3907298 0.9205055 0 -0.39073 0.9205055 -0.2225074 -0.9749311 -1.5717e-5 -5.97956e-6 -1 5.96791e-6 -0.4808831 -0.8767848 -1.91629e-5 0 -0.3907307 0.9205051 -1.69131e-7 -0.3907315 0.9205048 0.2224871 -0.9749357 5.43892e-7 0.01759821 -0.9998452 -1.62646e-5 9.67924e-5 -1 -1.77454e-5 1.40962e-6 -0.390734 0.9205036 -0.2224881 -0.9749354 1.1608e-5 0.2224943 -0.9749341 -7.34627e-6 1.02643e-4 -1 -8.66875e-6 0.222515 -0.9749293 1.74623e-5 0.4810216 -0.8767088 -2.80142e-6 0.01761448 -0.9998449 1.30981e-5 -3.42356e-7 -0.3907301 0.9205054 0 -0.3907295 0.9205056 0.6234966 -0.7818261 -1.6503e-5 0.5273003 -0.849679 9.86643e-6 0.4809978 -0.8767217 1.0293e-5 7.50002e-7 -0.3907316 0.9205046 0.222496 -0.9749337 -1.72295e-5 0.6235063 -0.7818185 7.00355e-7 0.481008 -0.8767162 2.72691e-6 0 -0.3907337 0.9205038 0.6235154 -0.7818112 4.00702e-6 0.7495955 -0.6618962 -1.01477e-5 0.527296 -0.8496818 -8.78423e-6 0 -0.3907331 0.9205042 5.80206e-7 -0.3907321 0.9205045 0.9009721 -0.4338771 -4.5523e-6 0.7994006 -0.6007984 -1.15484e-6 0.7496419 -0.6618437 2.38139e-6 -1.43262e-6 -0.3907309 0.920505 0.6235202 -0.7818074 1.89617e-6 0.9009717 -0.4338779 1.8239e-5 0.7495967 -0.661895 4.3083e-6 0 -0.3907323 0.9205044 0.9009614 -0.4338992 8.56072e-6 0.9485165 -0.3167281 1.0768e-5 0.7994136 -0.6007813 5.74067e-6 0.9338769 -0.3575946 3.58093e-6 0.799412 -0.6007831 1.02818e-6 0.9485157 -0.3167305 1.15484e-6 3.47036e-6 -0.3907309 0.920505 1.89192e-6 -0.3907314 0.9205048 0.9338872 -0.3575679 -2.83867e-6 0.9485291 -0.3166899 1.33663e-5 1 -7.13579e-6 -2.66917e-6 0.9338767 -0.3575953 1.38134e-5 1 -1.77473e-5 5.34568e-6 1 -1.77451e-5 -7.78772e-6 0.9888496 0.1489184 1.66148e-6 1 2.5928e-6 -4.42027e-7 1 2.58535e-6 -1.65403e-6 0.9009689 -0.4338838 1.8203e-5 0.9009689 -0.4338839 -1.06462e-5 0.6235272 -0.7818017 -1.34334e-5 0.6235274 -0.7818017 1.82056e-5 0.6235273 -0.7818016 -1.06404e-5 0.2225209 -0.974928 -1.34483e-5 0.6235275 -0.7818016 1.07788e-5 0.900969 -0.4338835 1.35899e-5 0.6235275 -0.7818016 -1.80372e-5 0.222521 -0.974928 1.85159e-5 0.222521 -0.974928 -7.43634e-5 -0.222521 -0.9749279 -1.31503e-5 0.222521 -0.974928 1.06301e-5 0.6235275 -0.7818016 1.34408e-5 0.222521 -0.974928 -1.82018e-5 -0.2225211 -0.974928 1.81998e-5 -0.2225211 -0.974928 -1.0622e-5 -0.6235275 -0.7818016 -1.34632e-5 -0.222521 -0.974928 7.46652e-5 0.222521 -0.9749279 1.34557e-5 -0.222521 -0.974928 -1.8214e-5 -0.6235274 -0.7818015 1.83832e-5 -0.6235274 -0.7818016 -1.04608e-5 -0.900969 -0.4338836 -1.33142e-5 -0.6235274 -0.7818017 1.06323e-5 -0.2225209 -0.974928 1.34707e-5 -0.6235274 -0.7818017 -1.82036e-5 -0.9009689 -0.4338837 1.06301e-5 -0.6235273 -0.7818016 1.34706e-5 -0.900969 -0.4338838 -1.82251e-5 0 -0.3907307 0.9205051 -0.9338766 0.3575953 -1.21444e-5 -1 1.78069e-5 5.95277e-6 -1 1.78181e-5 1.06543e-5 -6.89915e-6 -0.39073 0.9205054 0 -0.3907312 0.9205049 1.3983e-5 -0.3907275 0.9205065 0 -0.3907309 0.9205049 -0.9635268 0.2676122 -6.64964e-6 -1 -5.10737e-6 1.17719e-5 -0.9338797 0.3575874 3.68059e-6 0.9338768 -0.357595 1.36402e-5 1 -1.75387e-5 6.06015e-6 1 -1.75424e-5 1.71363e-7 0.9635288 0.2676051 -6.80983e-6 1 6.92904e-6 2.85539e-6 1 6.92904e-6 6.46585e-6 -6.89914e-6 -0.3907329 0.9205042 0.933869 0.3576157 1.32769e-5 1 8.64267e-6 9.03755e-6 0.9635233 0.2676246 -8.64267e-6 0 -0.3907306 0.9205051 0 -0.3907292 0.9205058 0.9888509 0.1489098 -2.21236e-6 0.9635347 0.2675834 -3.40864e-6 1 -1.85594e-5 -2.54065e-6 -9.17951e-7 -0.3907306 0.9205051 1.44714e-5 1 7.81193e-6 0.3152055 0.9490236 6.74464e-6 1.51247e-5 1 4.52003e-6 -1.35452e-5 2.42428e-6 1 -1.35456e-5 3.49432e-6 1 0.3152253 -6.85453e-7 0.9490168 -0.3152038 0.9490241 -5.73695e-6 -1.31428e-5 1 -3.93306e-6 -1.26837e-5 1 1.91852e-7 -0.343083 8.44523e-6 0.9393051 -0.3152213 0 0.9490182 5.79096e-6 -1.03526e-5 1 -1.0401e-5 -8.32293e-6 1 -0.3430858 -1.17943e-5 0.9393041 -1.0401e-5 -9.83771e-7 1 0.5272738 0.8496955 -9.25362e-6 0.627403 0.7786948 1.04308e-6 0.3152236 0.9490175 -1.31726e-5 0.342318 -8.63709e-6 0.9395842 0.3151982 -1.06432e-5 0.9490259 0.6274075 -8.76933e-6 0.7786911 0.4808927 0.8767796 7.59959e-7 0.5272964 0.8496814 1.82986e-5 0.3152207 0.9490184 1.45882e-5 0.4642966 0.8856799 2.06679e-5 0.4808782 0.8767874 -1.81347e-5 0.3152076 0.9490228 -8.59797e-6 3.8594e-5 1 -2.55406e-5 0.4642702 0.8856937 2.98023e-7 0.3152014 0.9490248 5.87106e-6 0.3422915 1.48229e-5 0.9395938 1.64509e-5 1.09151e-5 1 0.3152139 -1.3331e-5 0.9490208 0.7495929 0.6618992 3.73137e-6 0.7516518 0.6595603 -7.55489e-6 0.6273373 0.7787477 2.35438e-6 0.6428073 -3.30852e-7 0.7660279 0.6273462 1.44169e-6 0.7787406 0.73856 1.7602e-6 0.6741877 0.5272915 0.8496845 1.20103e-5 0.7496043 0.6618863 -1.38357e-5 0.6273322 0.7787519 -5.80028e-6 0.6427987 5.17257e-6 0.7660352 0.3422955 1.14217e-5 0.9395923 0.6273372 -3.89013e-6 0.7787479 0.9338819 0.3575818 8.9407e-7 0.8568196 0.5156164 2.22586e-6 0.7517044 0.6595003 3.7523e-6 0.8902294 4.44651e-5 0.4555127 0.7385675 5.31972e-5 0.6741796 0.8628934 7.07805e-6 0.5053859 0.7496091 0.6618809 2.16067e-7 0.9338713 0.3576092 4.23193e-6 0.7516995 0.6595059 2.9084e-6 0.9697509 2.64943e-5 0.2440971 0.73861 -5.63264e-6 0.6741331 0.8902927 -3.06219e-6 0.4553889 0.8499784 -1.16657e-5 0.5268177 0.6427764 -2.05263e-6 0.7660539 0.7386165 -8.30833e-6 0.6741259 0.9697438 4.93228e-6 0.2441251 0.850002 -7.30716e-6 0.5267796 0.7386288 1.84961e-5 0.6741124 0.9338752 0.3575994 -1.04764e-5 0.9635279 0.2676082 -2.3935e-6 0.8568173 0.5156202 1.22488e-5 0.8902862 0.4554015 2.05636e-6 0.8568156 0.5156231 1.10641e-5 0.963527 0.2676113 1.50502e-5 0.9888499 0.1489158 -1.49608e-5 0.8902931 0.4553883 -1.1377e-5 0.9635287 0.2676054 7.63685e-7 9.57364e-6 -0.3907291 0.9205058 1.3983e-5 -0.3907272 0.9205066 -2.75443e-6 -0.3907328 0.9205042 0 -0.3907327 0.9205042 1.90192e-6 -0.3907313 0.9205048 -2.99429e-6 -0.3907317 0.9205047 0 -0.3907292 0.9205057 0 -0.3907309 0.9205049 1.15335e-5 -0.3907315 0.9205047 0.01732039 0.9998501 5.58794e-6 0.4642931 0.8856816 1.84402e-5 9.76026e-6 1 -2.71127e-5 -1.39705e-6 -0.390733 0.9205041 0 -0.3907312 0.9205048 -0.315213 0.949021 1.69873e-5 -0.4642078 0.8857264 -2.66135e-5 -2.43559e-5 1 -1.40369e-5 0 1 -8.23958e-6 4.96788e-7 1 9.44093e-6 -0.4642053 0.8857277 1.02464e-5 0.01731544 0.9998502 -3.20608e-7 1.06515e-4 1 -2.26177e-7 1.06814e-5 1 -3.31238e-7 -0.6273994 0.7786977 -1.31875e-6 -0.481005 0.8767179 -1.06469e-5 -0.4642113 0.8857246 -1.79708e-5 -5.39489e-6 -0.3907357 0.920503 -0.3152051 0.9490237 -7.1004e-6 -0.6274009 0.7786965 5.85616e-6 -0.4642041 0.8857283 -1.13621e-5 0 -0.3907113 0.9205133 0 -0.3907316 0.9205046 -0.6273518 0.778736 1.63913e-7 -0.4918807 0.8706626 7.0855e-6 -0.4810081 0.8767161 1.752e-5 -6.65392e-6 -0.3907293 0.9205057 -0.627399 0.778698 -1.14273e-5 -0.7496411 0.6618446 -1.06599e-5 -0.4917997 0.8707085 -1.87606e-5 4.27168e-6 -0.3907309 0.9205051 -5.94829e-6 -0.3907331 0.920504 1.5527e-6 -0.3907316 0.9205047 -0.8568168 0.515621 -1.88113e-5 -0.9338819 0.3575817 1.03787e-5 -0.7496402 0.6618456 -4.98444e-6 0 -0.3907296 0.9205057 -0.7516176 0.6595993 -2.63378e-6 -0.8568252 0.515607 -3.28198e-6 -0.7495902 0.6619022 3.42366e-6 -0.6273885 0.7787065 2.5332e-6 -0.7516952 0.6595107 3.04311e-6 -0.7496365 0.6618499 -3.57628e-6 0 -0.3907306 0.9205051 9.507e-7 -0.390731 0.9205049 -0.856817 0.5156207 -1.65217e-6 -0.963529 0.267604 -1.0293e-5 -0.9338745 0.357601 -3.69921e-6 0 -0.3907303 0.9205053 -0.8902929 0.4553885 7.45803e-6 -0.9635209 0.2676331 -3.8743e-7 -0.8568279 0.5156025 -2.23517e-6 -0.9888357 0.1490105 7.45058e-7 -0.9635308 0.2675976 -1.57766e-6 -0.8902958 0.4553828 -1.13621e-5 -0.9697453 6.03497e-6 0.2441192 -0.8629253 -1.03936e-5 0.5053316 -0.7386236 -1.9908e-5 0.6741182 -0.9697518 2.66731e-6 0.2440934 -0.8902956 1.30311e-5 0.4553831 -0.8628812 -6.56955e-6 0.505407 -0.6437456 -4.48525e-6 0.7652396 -0.7385622 -1.00955e-6 0.6741854 -0.6274005 -2.81213e-6 0.7786967 -0.8664974 -1.04108e-5 0.4991816 -0.9697543 1.56537e-5 0.2440829 -0.7386261 9.45479e-6 0.6741154 -0.8499948 -1.33514e-5 0.526791 -0.8664857 -1.5047e-5 0.499202 -0.7386301 -1.0211e-5 0.6741111 -0.643742 5.53392e-6 0.7652426 -0.8499884 8.45641e-6 0.5268016 -0.7386265 7.0082e-6 0.674115 -0.3431048 -1.9446e-6 0.9392971 -0.6273488 9.18657e-6 0.7787384 -0.315199 5.42588e-6 0.9490256 -0.3430948 -1.36998e-6 0.9393009 -0.6437425 -1.29389e-5 0.7652423 -0.6273983 2.68966e-6 0.7786986 -0.9697465 -6.11134e-6 0.2441143 -0.9875678 -8.367e-6 0.157194 -0.8902857 2.46614e-6 0.4554026 -0.969751 -4.82798e-6 -0.2440961 -0.9875701 -3.52226e-6 0.1571801 -0.9697514 -1.45882e-5 0.2440947 0.9697481 -6.57514e-6 0.2441083 0.8902879 -4.89876e-6 0.4553983 0.9875686 -2.13087e-6 0.1571888 9.13239e-6 -0.3907322 0.9205045 -0.9847474 -6.1933e-6 -0.1739909 -0.9697475 -2.28882e-5 -0.2441102 -0.9697479 -1.40965e-5 0.2441092 -0.9998473 -7.51764e-6 0.01747757 -0.9847466 -6.17374e-6 -0.1739948 -0.9697546 -8.00192e-6 0.2440821 -0.9849027 2.21469e-6 0.1731091 -0.9998465 1.91852e-6 0.01752364 -0.969747 6.47642e-6 0.2441123 -0.8665003 -1.09524e-5 0.4991767 -0.9849048 1.04271e-5 0.1730976 -0.9697556 -3.78117e-6 0.2440783 -0.8707717 -1.69873e-5 -0.4916877 -0.8660863 -1.47782e-5 -0.4998946 -0.9697558 7.51018e-6 -0.244077 -0.9847434 9.83663e-6 -0.1740131 -0.8707729 4.29153e-6 -0.4916854 -0.9697456 -6.02659e-6 -0.2441176 0 1 0 -1.76863e-5 1 0 0 1 1.5614e-4 -2.00708e-7 1 -2.79473e-6 0 1 -1.36259e-5 0 1 -3.08094e-6 0 1 6.75333e-7 0 1 8.26184e-7 0 1 -3.05758e-6 0 1 3.05217e-6 0 1 3.10056e-6 1.828e-5 1 0 0 1 4.3501e-5 0 1 -2.80643e-6 2.10546e-7 1 0 -2.00708e-7 1 -5.58946e-6 0.9697554 -2.14428e-5 0.2440791 0.8660869 -1.55866e-5 0.4998937 0.8499928 2.50153e-6 0.5267945 0.9697481 -1.32248e-6 0.2441079 0.9847444 1.41468e-5 0.1740075 0.8660887 4.5523e-6 0.4998904 0 1 2.99954e-6 0 1 -3.1079e-6 0.9697439 -1.74046e-5 -0.2441247 0.9998471 1.32322e-5 0.01748603 0.9847473 -4.414e-6 0.1739907 0 1 -8.26064e-7 0.9697476 -2.31583e-5 0.2441102 0.9697478 -1.43796e-5 -0.2441092 0.9847474 -6.4522e-6 0.1739909 0.969744 -8.84198e-6 -0.2441243 0.9849221 -8.93697e-6 -0.1729983 0.9998471 3.33786e-6 0.01749104 0 1 -6.761e-7 0.9697538 -2.81632e-6 -0.2440857 0.8707802 8.45641e-7 -0.4916725 0.9849036 -1.02241e-5 -0.1731039 0 1 7.01865e-7 0 1 2.80643e-6 2.10546e-7 1 -1.11849e-5 -0.6124005 0.7071034 0.3535116 -0.6124017 0.7071021 0.3535123 -0.4999952 0.7071031 0.5000101 -0.6830171 0.7071112 0.1829791 -0.6963226 0.7071132 0.1229876 -0.6123432 0.7071163 0.3535853 -0.6829576 0.7071713 0.1829693 -0.612402 0.7071086 0.3534986 -0.6124051 0.707105 0.3535005 -0.4999871 0.7071024 0.5000191 -0.499989 0.7070997 0.5000211 -0.3536306 0.7071266 0.6123051 -0.6121764 0.707305 0.3534965 -0.5000005 0.7071053 0.5000016 -0.5000026 0.7071025 0.5000035 -0.3535799 0.7070793 0.6123889 -0.3536968 0.7070941 0.6123043 -0.183096 0.7070972 0.6830004 -0.4997048 0.7075031 0.4997344 -0.3536073 0.7071247 0.6123207 -0.3534925 0.7071053 0.6124093 -0.182993 0.7071104 0.6830143 -0.1830892 0.7070963 0.6830031 2.62074e-6 0.7071107 0.707103 -0.3531888 0.7077816 0.611803 -0.1831003 0.7071002 0.682996 -0.1830053 0.7071095 0.6830118 2.03401e-6 0.7071052 0.7071084 1.61439e-6 0.7071073 0.7071064 0.1835865 0.7070857 0.6828806 -0.1830257 0.7071809 0.6829326 -1.74269e-5 0.7071087 0.7071049 -1.75618e-5 0.7071049 0.7071087 0.2418261 0.7071244 0.6644511 0.1835955 0.707125 0.6828374 0.354425 0.7070842 0.6118945 0.2418817 0.7070594 0.6645001 -1.20187e-5 0.7070922 0.7071214 0.1835933 0.707095 0.6828691 0.4544906 0.7071162 0.5416873 0.3543919 0.707095 0.6119012 0.5005978 0.7071048 0.4994044 0.454491 0.7070878 0.541724 0.2418572 0.707097 0.6644689 0.3543983 0.7071013 0.6118903 0.4544898 0.7071051 0.5417023 0.500603 0.7071025 0.4994024 0.6123664 0.7070967 0.3535839 0.6123963 0.7071099 0.3535059 0.6123164 0.7071189 0.3536262 0.6964305 0.7071103 0.1223919 0.6123874 0.7070791 0.3535829 0.4545015 0.7070935 0.5417076 0.612385 0.7070819 0.3535815 0.6963847 0.7070856 0.1227942 0.6964178 0.7071193 0.1224117 0.7070053 0.707096 -0.01260304 0.6963854 0.7070838 0.1228007 0.6124082 0.7070973 0.3535106 0.6964176 0.7071183 0.1224182 0.6963837 0.7070847 -0.1228047 0.7070007 0.7071002 -0.01262253 0.6963185 0.7071173 -0.122987 0.6963833 0.707089 -0.1227824 0.6963787 0.7070915 0.1227942 0.7070004 0.7071009 -0.01260799 0.6963813 0.7070869 -0.1228054 0.6963219 0.7071134 -0.1229899 0.6123989 0.7071022 -0.3535168 0.6123878 0.7070793 -0.3535818 0.6123893 0.7071052 -0.3535274 0.5970149 0.7071125 -0.3789002 0.6123865 0.7070814 -0.3535799 0.6963896 0.7070841 -0.1227747 0.6124156 0.7071027 -0.3534868 0.6123979 0.7070747 -0.3535735 0.596995 0.7070829 -0.3789867 0.5000121 0.7071087 -0.4999852 0.4545039 0.7071069 -0.5416882 0.4999781 0.7071174 -0.500007 0.3536025 0.707131 -0.6123162 0.4544977 0.7070945 -0.5417097 0.6123816 0.7070759 -0.3535992 0.5000062 0.7070912 -0.500016 0.2419219 0.7071226 -0.6644182 0.3537029 0.7070873 -0.6123088 0.1830863 0.707084 -0.6830167 0.2417791 0.7070888 -0.664506 0.454509 0.7071058 -0.5416853 0.3536165 0.7071112 -0.6123309 0.2418102 0.7070931 -0.6644902 0.1830977 0.7071104 -0.6829862 1.99676e-6 0.7071226 -0.707091 -1.06543e-6 0.707109 -0.7071046 -1.16072e-6 0.7071112 -0.7071024 -0.1835858 0.7070802 -0.6828865 0.241906 0.7071208 -0.6644259 -2.28509e-5 0.7071085 -0.7071051 -2.28678e-5 0.7071054 -0.7071083 -0.3535843 0.7070779 -0.612388 -0.1836087 0.7070825 -0.682878 -0.3544043 0.7070976 -0.6118909 -0.1830019 0.7071095 -0.6830129 -1.44439e-5 0.7071039 -0.7071097 -0.1836129 0.7070825 -0.6828769 -0.1830185 0.7071154 -0.6830022 -0.1835836 0.7070859 -0.6828812 -0.353506 0.7071039 -0.6124033 -0.4999881 0.7071031 -0.5000173 -0.3544214 0.7070898 -0.6118901 -0.5005984 0.7071033 -0.4994059 -0.3535847 0.707081 -0.6123842 -0.3544064 0.7070977 -0.6118896 -0.4999911 0.7071033 -0.500014 -0.5000182 0.707103 -0.4999872 -0.5005933 0.7071052 -0.4994084 -0.5970177 0.7071114 -0.3788976 -0.612401 0.7071046 -0.3535084 -0.5970232 0.7071114 -0.3788889 -0.6126924 0.7071003 -0.3530116 -0.5000045 0.7071056 -0.4999971 -0.5970091 0.7071113 -0.3789114 -0.6124119 0.7071006 -0.3534976 -0.6829926 0.7071243 -0.1830201 -0.6126769 0.7071053 -0.3530286 -0.6964096 0.707131 -0.1223909 -0.6123883 0.7070836 -0.3535723 -0.6127139 0.7071216 -0.3529316 -0.6830115 0.7071104 -0.1830034 -0.6830083 0.7071151 -0.182997 -0.696413 0.707125 -0.1224058 -0.7069875 0.7071136 -0.01261943 -0.7071083 0.7071053 3.30061e-6 -0.7070034 0.7070997 -0.01250064 -0.6963114 0.7071188 0.123019 -0.6830125 0.707105 -0.1830208 -0.706998 0.7071034 -0.01259684 -0.7071107 0.707103 4.54253e-6 -0.7070938 0.7071199 -6.47083e-6 -0.6963312 0.7071023 0.1230013 -0.683008 0.7071144 0.1830009 0.5012522 9.11951e-6 -0.8653012 0.341993 -2.11e-5 -0.9397025 -1.72332e-5 -5.90086e-6 -1 -1.97887e-5 0 -1 0.5012141 9.88692e-6 -0.8653234 -1.97887e-5 -8.29381e-6 -1 -0.2587933 -5.49108e-6 -0.9659327 1.86712e-5 4.2345e-6 -1 1.86712e-5 0 -1 -1.09822e-5 1.5487e-5 1 -1.09822e-5 0 1 0.3419848 -7.79331e-6 0.9397055 -0.5012141 9.95025e-6 0.8653234 1.97887e-5 -8.17007e-6 1 1.97887e-5 0 1 -0.2587854 5.57303e-6 0.9659349 -4.85331e-5 3.8147e-6 1 -0.5011967 -1.66297e-5 0.8653334 0.500085 -1.64211e-5 0.8659763 0.3419874 7.82311e-6 0.9397045 0.642775 -1.01179e-5 0.7660551 0.500079 -1.43647e-5 0.8659798 -3.13669e-6 7.18236e-6 1 0.3419913 2.01464e-5 0.9397032 0.5000936 -1.55568e-5 0.8659715 0.642836 1.68383e-5 0.7660039 0.8660171 -1.72555e-5 0.5000144 0.8660201 1.50361e-5 0.5000091 0.8660201 -5.95119e-5 0.5000094 0.9848179 -3.31551e-6 0.1735904 0.8660112 1.04721e-4 0.5000249 0.5000721 1.80751e-5 0.8659838 0.8660111 1.6626e-5 0.5000249 0.9999999 -8.32975e-6 4.99174e-4 0.9848126 1.05649e-5 0.1736207 0.9848108 1.19209e-7 -0.173631 0.8805068 -2.262e-5 0.4740335 0.8660685 -2.01464e-5 0.4999253 0.9848168 9.77516e-6 0.1735968 1 1.32322e-5 5.04207e-4 0.8805088 4.75943e-5 0.4740298 0.9848135 7.15256e-6 0.173616 0.8664802 -8.33347e-6 -0.4992116 0.9848163 -0.001863062 -0.1735898 0.8660252 -8.6521e-6 -0.5000004 0.9985842 -1.9297e-5 -0.05319488 1 1.87457e-5 5.10342e-4 0.9848161 1.05351e-5 -0.1736012 0.8665268 -7.62939e-6 -0.4991307 0.9985834 1.42902e-5 -0.05321002 0.9848163 -2.93553e-6 -0.1736001 0.8143568 9.0152e-6 -0.5803648 0.8660161 -2.2009e-5 -0.5000162 0.6428118 -3.51667e-6 -0.7660242 0.8143646 5.27771e-4 -0.5803533 0.8664917 -9.43779e-7 -0.4991916 0.8660126 -1.86823e-6 -0.5000222 0.5012134 -1.22637e-5 -0.8653238 0.6427793 -5.1409e-6 -0.7660515 0.3419916 2.09659e-5 -0.9397031 0.5011982 -1.03265e-5 -0.8653326 0.8143597 2.25306e-5 -0.5803605 0.6428273 1.8701e-5 -0.7660112 0 1 0 0 1 1.01755e-6 5.07122e-7 1 0 0 1 0 0 1 -3.21188e-7 4.33614e-7 1 0 0 1 -1.40909e-7 0 1 -2.58095e-7 0 1 1.7073e-7 -0.5000025 7.70634e-6 -0.866024 -0.5000857 3.25421e-4 -0.8659759 -1.92416e-5 -2.91318e-6 -1 -0.2588271 1.56462e-5 -0.9659237 -0.4999583 8.16584e-6 -0.8660495 -6.29574e-6 -1.26064e-5 -1 0 1 -5.44427e-7 0 1 -2.5817e-7 -0.707109 -2.84612e-6 -0.7071046 -0.8143253 -2.46018e-5 -0.5804087 -0.5000908 1.36793e-5 -0.865973 0 1 -1.7704e-7 -0.8660271 1.35761e-6 -0.499997 -0.8660511 2.46335e-5 -0.4999556 -0.8143521 -1.75461e-6 -0.5803713 -0.7071139 -1.9379e-5 -0.7070997 -0.8660129 -2.13832e-6 -0.5000219 -0.8143498 -1.38842e-5 -0.5803744 -0.5000238 -1.67552e-4 -0.8660117 -0.7071206 -6.80983e-6 -0.707093 -0.5000655 4.48518e-6 -0.8659877 0 1 0 -0.9659243 1.41561e-5 -0.2588251 -0.9985895 3.25143e-5 -0.05309438 -0.8660911 7.56979e-6 -0.4998862 -0.8660138 -4.55473e-5 -0.5000201 -0.9659302 -3.56138e-6 -0.2588029 -0.8660138 7.28571e-6 -0.5000201 0 1 2.81923e-7 0 1 -3.26682e-7 0 1 -2.8118e-7 -5.0612e-7 1 -6.74023e-7 -1 1.80563e-6 1.75387e-5 -0.9999999 -1.50268e-4 -5.09353e-4 -0.9985882 4.60073e-7 -0.05312019 -0.9659279 -3.20375e-6 -0.2588116 -1 7.45058e-7 -1.20252e-5 -0.9985898 9.49577e-6 -0.05309063 -0.9659304 1.83284e-5 0.2588022 -0.8805099 2.61664e-5 0.4740279 -1 3.06368e-5 -5.31957e-4 -0.9999998 7.35257e-4 -1.89096e-5 -0.9659333 -4.71622e-6 0.2587912 -1 -1.4223e-6 -3.99992e-4 0 1 8.67241e-6 -0.8660211 3.94037e-7 0.5000075 -0.8664998 -1.5606e-4 0.4991777 -0.8805195 6.13276e-7 0.47401 -0.9659253 -1.29975e-5 0.258821 -0.8660264 -2.98023e-7 0.4999985 -0.8804118 -6.72106e-4 0.4742096 -0.7071196 1.83582e-5 0.707094 -0.501162 -1.43051e-6 0.8653536 -0.8665007 2.45869e-5 0.4991759 -0.8660106 0.001428246 0.5000237 -0.7070982 -5.77047e-6 0.7071154 -0.8664866 1.21908e-5 0.4992004 -0.5000051 -7.53207e-7 0.8660225 -0.2588176 -5.48735e-6 0.9659263 -0.5012088 -3.55789e-6 0.8653265 -0.7071111 -8.25711e-6 0.7071026 -0.4999982 1.08774e-5 0.8660265 -0.5012016 -1.57952e-6 0.8653306 0.5676102 -0.8232974 -2.18749e-5 0.5049066 -0.863174 0 0.6888262 -0.7249266 -2.38717e-5 0.4809917 -0.8767253 -8.48158e-7 0.4809076 -0.8767713 3.82075e-7 0.5048896 -0.863184 0 0.5676138 -0.8232951 -8.66503e-6 0.4809978 -0.8767219 -7.56606e-6 0.504885 -0.8631867 -1.18352e-5 0.7495931 -0.661899 -1.45435e-5 0.6888182 -0.7249341 -1.07586e-5 0.8546515 -0.5192022 -1.12653e-5 0.7495862 -0.6619068 -4.78327e-6 0.567582 -0.823317 -1.64956e-5 0.6888251 -0.7249276 -1.27554e-5 0.8546531 -0.5191996 -1.43272e-6 0.8546531 -0.5191996 9.25735e-6 0.9624993 -0.2712843 -1.19582e-6 0.8546646 -0.5191807 -1.46218e-6 0.7496497 -0.6618348 6.83591e-7 0.8546397 -0.5192216 -2.31659e-6 0.9832242 -0.1824011 -1.06394e-5 0.9625005 -0.2712799 -4.50015e-6 1 2.95043e-5 -1.5229e-5 0.9338726 -0.3576061 1.35005e-5 0.8547347 -0.5190652 5.87106e-6 0.9624924 -0.2713089 -2.07424e-5 0.9832243 -0.1824009 -9.37283e-6 0.9338802 -0.3575862 9.68575e-7 0.9624937 -0.2713043 2.23443e-5 1 -1.13696e-5 -2.03052e-6 1 -1.13789e-5 -1.69873e-6 0.9625003 0.2712807 7.59214e-6 1 3.38536e-6 2.8722e-6 0.9832277 -0.1823822 -1.03377e-6 1 3.38256e-6 -3.78089e-7 0.9338756 0.3575981 -2.09808e-5 0.9624898 0.2713181 1.19209e-6 0.8546718 0.5191687 -1.77324e-6 0.9832257 0.1823933 9.17912e-6 1 -1.74344e-6 -6.64592e-6 0.9624859 0.2713316 -2.20537e-5 0.9338803 0.3575857 1.79559e-5 0.9832237 0.1824043 1.19358e-5 0.9624934 0.2713052 -1.0632e-5 0.8546413 0.5192189 1.57347e-6 0.8546663 0.5191777 5.4948e-6 0.6888872 0.7248686 1.1282e-5 0.8546767 0.5191608 -6.93463e-6 0.933885 0.3575738 7.58097e-6 0.8546767 0.5191608 -2.40406e-6 0.567605 0.8233011 1.27703e-5 0.6888869 0.7248688 -1.35154e-5 0.5049021 0.8631767 -9.68575e-6 0.749603 0.6618878 1.19805e-5 0.8546336 0.5192317 -2.47359e-6 0.6888514 0.7249027 4.47035e-7 0.567618 0.8232921 -1.39475e-5 0.7495926 0.6618995 -1.26809e-5 0.6888808 0.7248747 7.46548e-6 0.5676072 0.8232996 -1.97887e-5 0.5048881 0.8631848 1.61603e-5 0.4810168 0.8767114 1.85668e-5 -0.2451895 -0.9694753 2.33054e-5 -0.01810342 -0.9998362 2.41399e-6 -7.94157e-5 -1 -2.08318e-5 -0.4782849 -0.8782048 -1.3344e-5 -0.4806945 -0.8768824 0.003176808 -0.01807808 -0.9998366 0 -0.2450865 -0.9695013 -2.26498e-6 -0.4783416 -0.8781738 2.45869e-6 -0.018099 -0.9998362 7.89762e-6 1.21102e-4 -1 7.60297e-6 -1.18371e-4 -1 5.52833e-6 0.48091 -0.87677 2.05757e-5 -2.37837e-7 -1 2.5155e-6 -0.2452152 -0.9694687 2.7474e-6 -2.23517e-7 -1 8.64459e-6 0.04433923 -0.9990166 -4.15742e-6 4.06802e-5 -1 9.29832e-6 0.4809021 -0.8767743 3.98755e-5 0.2680922 -0.9633933 1.20997e-5 0.04442137 -0.9990129 6.51181e-6 0.4808563 -0.8767994 6.79493e-6 0.4810001 -0.8767206 -7.14883e-6 0.2680848 -0.9633953 8.73511e-6 0.4808739 -0.8767898 -5.61713e-6 -0.6221858 -0.7828696 1.30236e-5 -0.5407729 -0.8411687 -5.93066e-6 -0.4810146 -0.8767126 1.41263e-5 -0.6221726 -0.7828801 8.13603e-6 -0.6888738 -0.7248813 -1.11014e-5 -0.5407735 -0.8411684 -2.22027e-5 -0.4783126 -0.8781896 2.96719e-6 -0.622197 -0.7828608 -6.17653e-6 -0.4810185 -0.8767105 -3.81097e-6 -0.6222357 0.7828301 1.35452e-5 -0.540775 0.8411674 -1.86265e-5 -0.6888351 0.7249181 -6.55651e-6 -0.478363 0.8781622 -1.12294e-6 -0.4808972 0.876777 1.22562e-6 -0.5407664 0.8411729 -9.27597e-7 -0.6222267 0.7828371 2.1778e-5 -0.4783712 0.8781577 2.23517e-6 -0.5407757 0.8411669 -6.60866e-6 -0.7496014 0.6618896 -4.03821e-6 -0.6888372 0.7249162 2.44975e-5 -0.854658 0.5191916 6.82473e-6 -0.749639 0.661847 1.61007e-5 -0.6222225 0.7828405 -1.63913e-6 -0.6888239 0.7249287 1.00583e-6 -0.8547112 0.519104 7.17868e-6 -0.8546615 0.5191858 -1.38953e-6 -0.9624907 0.2713151 -3.38629e-6 -0.8546673 0.519176 4.82425e-7 -0.7495899 0.6619026 -4.48897e-6 -0.8546425 0.519217 -8.22656e-6 -0.9832213 0.182417 -1.508e-5 -0.9624995 0.2712835 -2.04146e-6 -1 7.59959e-6 1.2517e-5 -0.9338691 0.3576154 7.53999e-6 -0.8546677 0.5191755 -1.62721e-5 -0.9624975 0.2712908 -1.27554e-5 -0.9832226 0.1824099 -7.79331e-6 -0.933878 0.357592 8.44896e-6 -0.9624965 0.2712944 1.89543e-5 -1 1.25021e-5 -1.30451e-6 -1 1.25114e-5 2.09361e-6 -0.9625006 -0.2712797 -4.07547e-6 -0.9832274 0.1823837 -1.42679e-6 -1 -1.83284e-6 2.22596e-6 -1 -1.82539e-6 -1.17347e-6 -0.9338773 -0.3575937 -3.18885e-6 -0.9624893 -0.27132 1.96844e-5 -0.8546589 -0.51919 -2.06232e-5 -0.9832279 -0.1823816 -2.44379e-6 -1 -1.98483e-5 -1.11461e-5 -0.9624858 -0.2713323 -3.52263e-5 -0.9338757 -0.3575979 1.64434e-5 -0.983222 -0.1824138 1.46627e-5 -0.9624959 -0.2712965 -8.64267e-7 -0.8546431 -0.519216 6.05402e-6 -0.854668 -0.5191749 -2.08616e-6 -0.6888896 -0.7248663 -9.08971e-6 -0.8546417 -0.5192183 3.15718e-6 -0.9338781 -0.3575918 5.60284e-6 -0.8546667 -0.5191772 -6.29669e-6 -0.7496035 -0.6618872 -2.47359e-6 -0.854636 -0.5192277 8.49366e-6 -0.6888386 -0.7249148 -8.76188e-6 -0.622229 -0.7828353 8.56817e-6 -0.7495867 -0.6619063 9.43244e-6 -0.6888782 -0.7248771 1.73822e-5 -0.2452625 0.9694567 2.29478e-5 -0.01807808 0.9998367 8.85129e-6 -0.48084 0.8768083 -3.4064e-5 -1.30106e-6 1 6.42009e-7 -1.20886e-6 1 -1.52358e-5 -0.0181207 0.9998359 -2.15136e-7 -0.2452767 0.9694531 1.62758e-5 -1.14739e-4 1 1.79708e-5 -0.01809996 0.9998363 1.41561e-7 -0.4782925 0.8782006 2.38232e-6 -0.2452684 0.9694553 1.03749e-6 -0.4808706 0.8767917 -1.32117e-5 0.4808691 0.8767925 9.76672e-6 0.4809948 0.8767235 -1.32453e-5 1.17432e-4 1 2.19205e-5 0.4808047 0.8768278 -2.3935e-6 0.5675973 0.8233065 5.95115e-7 0.4810149 0.8767125 0 0.2680425 0.9634071 2.71201e-6 0.480821 0.8768188 -2.28584e-5 2.56225e-5 1 -6.04987e-6 0.04441177 0.9990134 -2.04891e-5 0.2680086 0.9634166 -2.67923e-5 1.04852e-4 1 2.27392e-5 -8.14002e-5 1 1.05187e-6 0.0443902 0.9990143 -6.41681e-7 1.10473e-4 1 0 1.48571e-5 -0.3907269 0.9205066 0 -0.3907263 0.920507 2.00483e-6 -0.3907324 0.9205043 1.30803e-5 -0.3907225 0.9205085 -1.6371e-5 -0.3907275 0.9205064 -2.09339e-6 -0.3907329 0.9205042 0 -0.3907276 0.9205064 -4.57422e-5 -0.3907067 0.9205152 0 -0.3907319 0.9205046 -1.79593e-5 -0.3907318 0.9205046 4.82406e-6 -0.3907335 0.9205039 -1.30475e-5 -0.3907428 0.9205 -1.39722e-6 -0.3907279 0.9205062 0 -0.3907289 0.9205058 1.43135e-6 -0.3907361 0.9205027 -2.69848e-6 -0.3907311 0.9205049 3.39101e-6 -0.3907179 0.9205106 0 -0.390727 0.9205067 0 -0.390766 0.9204901 0 -0.3907355 0.9205031 -2.74619e-6 -0.3907296 0.9205055 6.31938e-5 -0.3904815 0.9206108 6.31557e-5 -0.3904815 0.9206108 6.32108e-5 -0.3904816 0.9206109 -1.60777e-5 -0.3907316 0.9205046 7.7463e-6 -0.3907274 0.9205065 0 -0.3907169 0.920511 2.2377e-6 -0.3907333 0.920504 0 -0.3907327 0.9205043 -6.586e-7 -0.3907392 0.9205015 0 -0.3907282 0.9205061 -4.73737e-6 -0.3907338 0.9205039 0 -0.3907274 0.9205065 -1.41136e-5 -0.3907291 0.9205057 0 -0.3907324 0.9205043 1.19955e-5 -0.3907281 0.9205062 0 -0.390729 0.9205058 -2.01013e-6 -0.3907289 0.9205058 0 -0.3907328 0.9205043 2.86638e-5 -0.3907169 0.9205109 2.08467e-6 -0.3907282 0.9205061 0 -0.3907309 0.920505 -3.60248e-6 -0.3907317 0.9205046 -3.10176e-6 -0.3907312 0.9205049 0 -0.3907269 0.9205067 -1.13795e-6 -0.3907362 0.9205027 0 -0.3907308 0.9205051 3.76819e-7 -0.3907245 0.9205078 0 -0.390764 0.9204909 0 -0.3907254 0.9205074 0 -0.3907372 0.9205023 0 -0.3907314 0.9205048 -3.1803e-6 -0.3907285 0.920506 -1.73998e-6 -0.3907281 0.9205062 5.7024e-6 -0.3907315 0.9205048 0 -0.3907299 0.9205055 5.77912e-6 -0.3907323 0.9205045 0 -0.3907371 0.9205024 0 -0.3907281 0.9205061 0 -0.3907335 0.9205039 0 -0.3907335 0.9205039 0 -0.3907299 0.9205054 0 -0.3907248 0.9205076 -0.366084 0.9305818 -3.88354e-4 -8.92446e-4 0.3918889 -0.9200122 -0.001101195 0.3918989 -0.9200077 -0.3660609 0.9305908 -3.88145e-4 -2.09868e-4 0.3913385 -0.9202469 -8.94785e-4 0.3918995 -0.9200076 -0.688784 0.7249666 -4.88967e-4 -0.00108993 0.3919976 -0.9199656 -0.00149095 0.3914774 -0.9201866 -0.6888585 0.7248957 -5.10342e-4 -0.3661147 0.9305696 -5.07586e-4 -0.001098692 0.3919721 -0.9199764 -0.9166905 0.3995979 -5.03093e-4 -0.001522719 0.3914681 -0.9201905 0.00150305 0.3902513 -0.9207072 -0.9166947 0.3995881 -4.78055e-4 -0.6888104 0.7249413 -6.37937e-4 -0.001529514 0.3915055 -0.9201746 -0.9166932 0.3995915 -4.76241e-4 0.00149554 0.3903255 -0.9206758 -4.49449e-4 0.3908646 -0.9204481 -1 4.29824e-5 -1.0331e-4 -6.08996e-4 0.3907926 -0.9204786 -4.17545e-4 0.3907128 -0.9205125 -1 5.42402e-6 -8.27461e-5 -0.916673 0.399638 -4.6242e-4 -5.23686e-4 0.3907907 -0.9204795 -0.9167444 -0.3994743 4.2817e-4 -3.96013e-4 0.3907232 -0.9205083 -7.20203e-4 0.390373 -0.9206566 -0.9167514 -0.3994582 3.99992e-4 -1 3.5787e-5 -6.87987e-5 -4.01989e-4 0.390699 -0.9205185 -0.9167442 -0.3994746 4.25339e-4 -6.42732e-4 0.3903819 -0.9206529 -9.45046e-4 0.3898648 -0.9208717 -0.6887761 -0.724974 5.17905e-4 -0.001038253 0.38982 -0.9208905 -9.95815e-4 0.3896093 -0.9209798 -0.6888348 -0.7249183 5.08279e-4 -0.9167149 -0.3995419 3.0598e-4 -0.001045644 0.3899262 -0.9208455 -0.6888288 -0.7249239 4.82142e-4 -9.96903e-4 0.3895037 -0.9210244 -9.21071e-4 0.3892948 -0.9211128 1.885e-6 1 -2.90632e-4 8.76933e-6 0.3907955 -0.9204776 -1.90042e-4 0.391301 -0.9202628 -1.11032e-5 0.8372319 -0.5468479 1.50367e-5 0.3907034 -0.9205166 1.74101e-5 0.3907896 -0.9204801 1.41487e-5 0.8372412 -0.5468339 -4.68642e-6 0.3907772 -0.9204854 -6.10203e-6 1 -3.11989e-4 -0.3660025 0.9306138 -4.29168e-4 -5.78016e-5 1 -3.56842e-4 -2.01538e-4 0.3913093 -0.9202592 0.3660981 0.9305762 -4.0701e-4 5.1976e-4 0.391622 -0.9201261 0.001315236 0.3950996 -0.9186373 0.6888263 0.7249263 -5.06744e-4 5.51999e-4 0.3912999 -0.9202632 5.28723e-4 0.3915882 -0.9201405 0.3660942 0.9305776 -5.03719e-4 0.688775 0.724975 -6.00025e-4 5.74045e-4 0.39157 -0.9201482 0.3661581 0.9305526 -4.47035e-4 0.001295506 0.3951612 -0.9186109 -6.86198e-6 0.3907877 -0.9204809 0.3660273 0.9306041 -3.84748e-4 5.15208e-6 0.39072 -0.9205096 1.37761e-5 0.8372403 -0.5468353 0.3661109 -0.9305712 3.91781e-4 0.001101136 0.3890992 -0.9211953 0.001700401 0.3888441 -0.921302 0.3660507 -0.9305949 3.78564e-4 4.27634e-4 0.3895144 -0.9210204 0.001047611 0.3890061 -0.9212346 0.6887885 -0.7249621 5.03272e-4 0.001793682 0.3888041 -0.9213188 0.001494407 0.3895934 -0.9209858 0.6887682 -0.7249816 5.21511e-4 0.3660669 -0.9305885 5.0807e-4 0.001741349 0.3888725 -0.92129 0.6888089 -0.7249429 4.76599e-4 0.001519799 0.3894892 -0.9210298 0.002020657 0.3896957 -0.9209415 0.9167171 -0.3995369 2.66522e-4 0.001968324 0.3896902 -0.920944 -0.001615166 0.3912705 -0.9202744 0.9167502 -0.399461 3.7086e-4 0.6888316 -0.7249213 4.87804e-4 0.00207138 0.3896105 -0.9209774 0.9167235 -0.3995224 2.85126e-4 -0.00161457 0.3912454 -0.9202851 7.34672e-4 0.3906054 -0.920558 1 1.28448e-5 -7.25239e-5 7.93025e-4 0.3905884 -0.9205651 2.18734e-4 0.3907899 -0.9204798 1 9.64478e-5 -9.94205e-5 0.9167683 -0.3994196 3.02583e-4 7.00787e-4 0.3905821 -0.9205679 0.9167057 0.399563 -3.95402e-4 1.96517e-4 0.3907995 -0.9204758 4.12479e-4 0.3909006 -0.9204329 0.916699 0.3995785 -4.98682e-4 1 7.73817e-5 -1.19731e-4 1.63183e-4 0.3907806 -0.920484 0.9167271 0.3995136 -4.95244e-4 4.2472e-4 0.3909308 -0.92042 5.38476e-4 0.3912364 -0.92029 0.6888396 0.7249135 -6.19322e-4 0.9166901 0.3995988 -5.03182e-4 6.32077e-4 0.3912787 -0.9202721 -0.3660974 -0.9305765 5.08815e-4 2.89583e-6 0.3896587 -0.9209594 -4.57652e-6 0.390719 -0.9205101 -0.3660188 -0.9306074 3.81052e-4 -0.001792728 0.3846537 -0.9230593 2.30744e-5 0.3896218 -0.920975 1.76579e-6 -0.5870037 -0.8095843 -1.4782e-5 0.3906978 -0.9205191 4.66689e-4 0.3895217 -0.9210171 -2.98023e-6 -0.587 -0.809587 -0.3660395 -0.9305993 3.82006e-4 -6.04987e-6 0.3907291 -0.9205058 -1.38739e-5 -0.5869921 -0.8095927 4.67325e-4 0.3894923 -0.9210296 -1.83582e-5 -1 2.77624e-4 0.3661096 -0.9305717 3.93838e-4 -3.70778e-5 -1 3.22402e-4 4.75809e-4 0.389567 -0.9209981 -0.3660517 -0.9305945 4.10434e-4 -8.76382e-4 0.3892802 -0.9211191 -0.001806855 0.3847382 -0.923024 -0.3660556 -0.930593 3.85255e-4 -0.6888145 -0.7249375 4.9749e-4 -8.654e-4 0.3893478 -0.9210905 -6.27339e-6 1 -1.8356e-6 -6.26978e-6 1 -8.93138e-7 -0.3661648 0.93055 1.00657e-5 0.3660749 0.9305853 -4.81188e-4 9.65595e-6 0.8372309 -0.5468496 2.12714e-5 1 -3.07947e-4 0.3660098 0.930611 -3.3548e-6 0.3660991 0.9305759 -1.80239e-5 -1.2387e-5 1 2.92528e-6 0.3659257 0.9306441 -9.87947e-6 -1.09822e-5 1 1.36909e-5 -1.09696e-5 1 9.08971e-6 -0.6887241 0.7250236 -5.8189e-6 -0.3662127 0.9305313 1.26399e-5 -0.6889672 0.7247925 7.31333e-6 -0.3659375 0.9306394 2.30875e-6 -0.3661603 0.9305518 -5.19678e-6 -0.6887218 0.7250258 -3.55393e-6 -1.74795e-5 1 5.32716e-6 -0.3662159 0.93053 5.41413e-6 -0.3659039 0.9306527 -9.63546e-6 -0.9167009 0.3995743 1.18613e-5 -0.6889152 0.724842 -8.76188e-6 -0.9167775 0.3993983 -2.89723e-6 -0.6887307 0.7250173 -3.86394e-6 -0.688974 0.7247861 2.99513e-6 -0.9166932 0.3995918 -1.69538e-5 -0.9167 0.3995763 5.54486e-6 -0.9167767 0.3994005 -3.62098e-6 -1 -1.14813e-5 -1.00583e-5 -1 3.94881e-6 8.83549e-6 -1 3.9544e-6 -5.7444e-6 -0.9167714 -0.3994123 1.34036e-5 -0.9166854 0.3996098 -2.41399e-6 -1 1.96099e-5 -1.60646e-5 -1 1.96006e-5 1.10343e-5 -0.9166889 -0.3996018 -9.94175e-6 -0.9168229 -0.3992943 -8.57562e-6 -0.6889979 -0.7247634 -1.46702e-5 -0.9166911 -0.3995964 7.689e-6 -1 -1.11386e-5 -1.15931e-5 -0.9168252 -0.3992888 2.29629e-6 -0.6887365 -0.7250118 9.8329e-6 -0.6889448 -0.7248139 1.40443e-6 -0.3662303 -0.9305243 -4.60073e-6 -0.6887233 -0.7250244 1.16974e-5 -0.9166883 -0.3996029 -1.53929e-5 -0.6889666 -0.7247931 -1.45404e-5 7.85291e-6 -0.5870138 -0.8095769 2.05259e-5 -1 2.85327e-4 -0.3660168 -0.9306082 3.89844e-4 -0.3659237 -0.9306449 1.2354e-6 -0.3661023 -0.9305747 7.98795e-6 7.76909e-6 -1 6.35535e-6 -0.3659281 -0.9306432 -1.11274e-5 -0.6887136 -0.7250336 1.58139e-5 -0.3661956 -0.9305379 1.69466e-6 6.3628e-6 -1 8.80483e-6 6.36349e-6 -1 -5.65965e-6 0.3662096 -0.9305324 -8.48435e-6 -0.365926 -0.930644 1.87382e-6 1.07735e-5 -1 -1.19754e-5 1.07544e-5 -1 -4.46755e-6 0.6887354 -0.7250129 2.2538e-6 0.3662288 -0.9305248 2.84612e-6 0.6889436 -0.724815 2.18966e-6 0.3659972 -0.930616 6.81542e-6 2.34909e-5 -1 -1.13319e-5 0.3662208 -0.930528 1.1949e-5 0.6887143 -0.7250329 9.83849e-6 0.365929 -0.9306429 -1.2663e-5 0.3661966 -0.9305375 8.80286e-6 0.9166885 -0.3996027 -1.91405e-5 0.6889973 -0.724764 -7.59214e-6 0.9168226 -0.3992949 -1.22678e-6 0.9166884 -0.3996029 -2.07201e-5 0.6887233 -0.7250244 5.4026e-6 0.6889668 -0.724793 -4.29153e-6 0.9166842 -0.3996126 1.18162e-6 0.9167799 -0.3993929 6.16908e-6 1 1.92169e-5 -2.18935e-5 1 -2.74181e-6 2.76388e-7 1 -2.74368e-6 1.74195e-5 0.9167709 0.3994136 -1.23903e-5 1 -2.02525e-5 -2.17035e-5 0.9166852 -0.3996105 -1.10418e-5 1 -2.02656e-5 3.37251e-6 0.9167001 0.3995758 1.03486e-5 0.9167768 0.3994001 6.38887e-6 0.6889138 0.7248433 -1.61938e-5 0.916692 0.3995949 -1.95131e-5 1 8.76375e-6 1.02147e-5 0.9168259 0.3992873 1.5078e-5 0.6887229 0.7250247 -2.04216e-6 0.6889662 0.7247935 5.34952e-6 0.3662112 0.9305317 7.65547e-7 0.9166943 0.3995894 -1.01216e-5 0.6889758 0.7247844 4.34858e-6 0.6887326 0.7250155 -1.3493e-5 0.688723 0.7250245 3.43844e-6 0.366162 0.9305512 -1.24133e-5 0.3659391 0.9306388 1.03936e-6 2.69711e-5 -0.5161112 -0.8565216 2.73101e-5 -0.9999999 -5.98222e-4 0.3659868 -0.9306198 -6.91384e-4 2.0501e-4 0.3913336 -0.9202489 -0.3659831 -0.9306213 -7.07425e-4 3.60459e-5 -1 -5.43611e-4 6.74277e-6 0.3900015 -0.9208142 2.07305e-4 0.3914038 -0.920219 1.46627e-5 -0.9999999 -5.79819e-4 -2.34582e-5 -0.5161211 -0.8565158 8.97646e-5 0.3899846 -0.9208214 -2.6226e-6 -0.9999999 -5.96997e-4 -4.93057e-4 0.3914076 -0.9202173 0.3659946 -0.9306167 -7.56986e-4 0.6888014 -0.7249497 -7.98546e-4 -3.45707e-6 -0.5161308 -0.8565098 0.3660886 -0.9305799 -7.00727e-4 2.36258e-5 0.3899215 -0.9208481 -1.04591e-4 0.3909997 -0.9203908 -2.8953e-5 0.3898907 -0.9208612 0.3659622 -0.9306296 -7.08787e-4 -4.81691e-4 0.3915249 -0.9201674 -1.08249e-4 0.3909751 -0.9204013 0.3659923 -0.9306177 -6.96838e-4 -9.61125e-5 0.3907999 -0.9204757 0.6887847 -0.7249656 -7.36585e-4 0.916808 -0.3993281 -5.09616e-4 -8.83415e-4 0.3917061 -0.92009 -4.95091e-4 0.3914223 -0.9202111 0.6888093 -0.7249424 -6.85092e-4 -1.9002e-4 0.3908134 -0.92047 -9.19908e-4 0.3916796 -0.9201012 0.6889005 -0.7248556 -6.73294e-4 -3.42727e-7 0.390711 -0.9205135 0.916772 -0.3994107 -4.76144e-4 1 9.16421e-6 2.24262e-5 -2.77162e-6 0.3907285 -0.920506 -1.2213e-4 0.390815 -0.9204693 0.9167979 -0.3993514 -4.81576e-4 -3.18691e-4 0.3907013 -0.9205175 1 1.1979e-4 -4.36604e-6 0.9167289 0.3995097 5.07072e-4 -3.55035e-4 0.3907092 -0.9205141 -7.14958e-5 0.390693 -0.9205211 1 3.21269e-5 -6.70552e-6 4.03956e-4 0.3907885 -0.9204805 -1 1.62423e-5 7.97212e-6 -0.9167552 -0.3994489 -6.09085e-4 3.76105e-4 0.3907782 -0.9204848 -5.61178e-5 0.3906916 -0.9205216 -1 -3.87728e-5 -4.26173e-6 -0.9167392 0.399486 4.98205e-4 -1 8.82219e-5 -1.73897e-5 -1.09404e-4 0.3907 -0.9205182 0.001616716 0.3916257 -0.9201233 -0.9167376 -0.3994897 -5.06494e-4 -0.6887981 -0.7249529 -7.62459e-4 0.001580476 0.3916349 -0.9201194 3.84837e-4 0.3907846 -0.920482 -0.9167801 -0.3993922 -5.22882e-4 0.001309037 0.3921948 -0.9198813 -0.6888786 -0.7248764 -7.90827e-4 -0.3659812 -0.9306219 -7.96191e-4 0.001318633 0.3921362 -0.9199063 0.001599133 0.3916207 -0.9201254 -0.6888228 -0.7249295 -6.9651e-4 0.001000106 0.3919833 -0.9199718 0.00130558 0.3922122 -0.919874 -0.3659656 -0.9306281 -7.55042e-4 1.50606e-4 0.3914226 -0.9202111 0.001000702 0.3920581 -0.9199399 -0.3660091 -0.9306111 -7.00288e-4 -0.3660537 0.9305937 4.00841e-4 0 0.3907843 -0.9204823 1.58325e-7 0.3907843 -0.9204823 8.31011e-6 0.3907265 -0.9205069 -4.65661e-6 0.8305071 -0.557008 -0.3660472 0.9305962 4.00364e-4 1.04122e-5 0.3909191 -0.920425 -2.11406e-4 0.3902251 -0.9207195 5.99399e-6 0.8304969 -0.5570234 1.45659e-6 0.3907697 -0.9204885 7.2425e-7 0.3907312 -0.9205048 0 0.3907285 -0.920506 -0.3660017 0.9306141 4.07487e-4 -4.39584e-7 0.3907079 -0.9205148 2.5779e-6 0.3908881 -0.9204383 6.97875e-7 0.3907309 -0.9205051 -6.73954e-7 0.3907273 -0.9205065 -0.3659884 0.9306194 3.89844e-4 4.6511e-4 0.3902007 -0.9207297 9.22829e-5 0.3906695 -0.920531 2.15403e-6 0.3907306 -0.9205051 1.62653e-6 0.3907305 -0.9205052 -0.6887985 0.7249528 4.84705e-4 6.77153e-4 0.390014 -0.9208087 3.9202e-4 0.3902013 -0.9207295 5.90633e-6 0.3907318 -0.9205046 -0.3659473 0.9306355 4.15683e-4 -0.6888223 0.7249302 5.09799e-4 3.90567e-4 0.3902198 -0.9207217 -2.49374e-6 0.3907312 -0.9205049 -0.688799 0.7249522 5.02791e-4 1.71393e-4 0.3906482 -0.9205402 7.101e-4 0.3900045 -0.9208128 0 0.3907324 -0.9205044 -3.58471e-6 0.39073 -0.9205055 -0.9167155 0.3995405 5.06729e-4 -8.93921e-5 0.390723 -0.9205083 1.90228e-4 0.3906468 -0.9205408 -6.46646e-6 0.3907308 -0.920505 -0.6888543 0.7248997 5.11587e-4 -0.9167609 0.3994363 4.36753e-4 2.07141e-4 0.3906108 -0.920556 0 0.3907319 -0.9205045 -9.04343e-7 0.3907326 -0.9205043 0 0.3907315 -0.9205047 -2.44274e-6 0.3907297 -0.9205055 3.69661e-6 0.3907316 -0.9205047 1.89839e-6 0.3907306 -0.9205051 -3.13117e-6 0.3907318 -0.9205046 1.2456e-6 0.3907284 -0.9205061 -1.02473e-6 0.3907304 -0.9205052 0 0.3907316 -0.9205048 -3.72328e-7 0.3907312 -0.9205049 1.93976e-7 0.3907306 -0.9205051 -3.86209e-7 0.3907316 -0.9205046 0 0.3907271 -0.9205065 -0.0049299 -0.5161126 -0.8565066 3.63085e-5 0.3899363 -0.9208419 -3.0145e-5 0.390025 -0.9208043 1.23694e-6 0.390731 -0.920505 0 0.3907316 -0.9205046 0 0.3907332 -0.920504 0 0.3907305 -0.9205051 0 0.3907311 -0.9205049 -1.90884e-5 0.8305168 -0.5569938 4.32134e-7 1 3.01987e-4 -0.3659849 0.9306207 4.24266e-4 -2.49647e-4 0.3902238 -0.9207201 5.01424e-6 1 1.88524e-4 -3.07337e-6 0.8305194 -0.5569897 -1.9858e-4 0.390227 -0.9207187 0.3659036 0.9306528 4.11272e-4 0 1 3.07977e-4 -0.001007556 0.3895821 -0.9209913 0.6887758 0.7249742 6.02096e-4 0.3659531 0.9306333 4.29362e-4 -5.92321e-4 0.3898131 -0.9208939 -9.93885e-4 0.3895924 -0.9209868 0.3659749 0.9306247 4.02927e-4 -9.54866e-5 0.3901853 -0.9207363 -5.99235e-4 0.3897535 -0.9209191 0.3660092 0.9306112 4.01348e-4 -0.001286447 0.3900177 -0.9208065 0.9167697 0.3994163 4.15564e-4 0.6887981 0.7249531 4.86821e-4 -0.001002848 0.3896119 -0.9209787 -0.001387476 0.3900379 -0.9207978 0.688766 0.7249835 5.71769e-4 -0.001287996 0.3899998 -0.9208141 -3.54022e-4 0.390706 -0.9205155 0.9167292 0.3995092 3.81656e-4 0 0.3907333 -0.9205039 0 0.3907291 -0.9205058 0 0.3907299 -0.9205054 7.12675e-6 0.390731 -0.9205049 0 0.3907317 -0.9205047 -8.10303e-7 0.3907316 -0.9205048 0 0.3907319 -0.9205046 0 0.3907306 -0.9205051 0 0.3907318 -0.9205047 3.42244e-6 0.3907316 -0.9205048 -1.0456e-5 0.3907306 -0.9205051 -3.29723e-6 0.3907318 -0.9205046 0 0.390732 -0.9205046 6.53376e-6 0.3907322 -0.9205045 0 0.3907252 -0.9205074 -3.50557e-6 0.3907295 -0.9205057 0 0.390729 -0.9205058 0 0.3907323 -0.9205043 0 0.3907325 -0.9205043 0 0.3907313 -0.9205048 -5.60284e-6 0.8372395 -0.5468364 5.98282e-6 0.3906906 -0.9205221 -5.02735e-4 0.3921877 -0.9198851 0.3660634 0.9305899 -4.92603e-4 -4.33385e-7 0.3909803 -0.9203991 1.61119e-7 0.3907174 -0.9205107 -1.04308e-6 0.8372382 -0.5468385 0.366 0.9306148 -4.03404e-4 -6.51926e-7 0.39072 -0.9205096 -0.3660103 0.9306108 -3.87341e-4 -5.11952e-4 0.3922072 -0.9198769 -8.07188e-4 0.3918978 -0.9200084 7.25128e-6 0.837274 -0.5467836 -4.29034e-4 0.3921717 -0.919892 -6.20633e-6 1 -3.11663e-4 -0.3660869 0.9305806 -4.75615e-4 7.47889e-5 1 -2.69949e-4 -4.11153e-4 0.3922411 -0.9198624 -0.3659886 0.9306193 -3.95432e-4 -8.13052e-4 0.3919302 -0.9199947 -8.43093e-4 0.3919398 -0.9199905 -0.6888365 0.7249165 -6.30379e-4 -8.21501e-4 0.3919131 -0.9200019 -6.19531e-4 0.3912718 -0.920275 -0.6887567 0.7249925 -5.34967e-4 -0.3660871 0.9305805 -4.38094e-4 -8.23095e-4 0.3919242 -0.9199973 0.3660828 0.9305822 -4.19468e-4 8.90835e-4 0.3936631 -0.9192544 1.72481e-6 0.3909758 -0.920401 0.3659925 0.9306178 -4.21077e-4 6.95623e-4 0.3919057 -0.9200052 8.93831e-4 0.3937 -0.9192386 0.6887411 0.7250072 -5.45233e-4 7.94429e-4 0.3918921 -0.9200109 7.21421e-4 0.3919398 -0.9199906 0.6888349 0.7249181 -5.85794e-4 9.78142e-4 0.3916172 -0.9201278 8.10832e-4 0.3919195 -0.9199991 0.3659789 0.9306231 -4.60058e-4 0.6888067 0.7249448 -6.00547e-4 8.13291e-4 0.391924 -0.9199973 0.9167197 0.3995306 -5.43483e-4 0.001532137 0.3915198 -0.9201684 9.63524e-4 0.3915627 -0.920151 0.6887672 0.7249824 -4.91053e-4 0.9167158 0.3995396 -4.95851e-4 0.00100696 0.3915972 -0.9201363 0.3660816 -0.9305827 3.86715e-4 0.001306951 0.3888917 -0.9212827 0.001702487 0.389191 -0.9211555 0.3660143 -0.9306092 4.10348e-4 0.001190602 0.3887988 -0.9213219 0.001347482 0.3888899 -0.9212833 0.6887732 -0.7249768 4.82865e-4 0.001694262 0.3892217 -0.9211426 0.00233066 0.3895166 -0.9210166 0.6887601 -0.7249893 5.15789e-4 0.3660815 -0.9305827 5.16564e-4 0.001687586 0.3891578 -0.9211696 0.9166969 -0.3995832 2.92214e-4 0.002282679 0.3895133 -0.9210181 0.001191139 0.3905095 -0.9205982 0.9167262 -0.3995158 4.02182e-4 0.6887438 -0.7250047 5.14358e-4 0.002327084 0.3894903 -0.9210277 1 3.241e-5 -1.05619e-4 0.001184999 0.3905096 -0.920598 -8.7589e-4 0.3905943 -0.9205625 1 -2.64645e-5 -9.9197e-5 0.9167394 -0.3994857 3.03656e-4 0.001227617 0.3905009 -0.9206017 0.9167031 0.3995689 -5.15014e-4 -9.17271e-4 0.3905692 -0.9205731 0.001582443 0.3914763 -0.9201869 0.9167173 0.3995364 -4.95844e-4 1 1.13621e-4 -1.07087e-4 -9.64224e-4 0.3906012 -0.9205595 0.3660337 -0.9306015 4.92048e-4 8.92371e-4 0.387463 -0.9218848 0.001213967 0.3888318 -0.9213079 -5.10812e-5 -1 3.10421e-4 5.66486e-5 0.390493 -0.920606 9.65036e-4 0.3874852 -0.9218754 -4.46783e-6 0.3907269 -0.9205068 0.004746854 -0.5870054 -0.8095691 2.22586e-7 0.3907247 -0.9205077 3.25367e-5 0.3905088 -0.9205992 -1.32993e-5 -0.5870184 -0.8095736 5.78761e-5 0.3904933 -0.9206059 1.56611e-5 -1 2.86074e-4 0.3660573 -0.9305923 3.7384e-4 -3.62098e-6 -1 3.19153e-4 8.98711e-4 0.3875033 -0.9218679 -0.3660112 -0.9306104 3.91454e-4 -0.001283466 0.3865419 -0.9222709 -1.33961e-5 0.3906613 -0.9205346 -0.3659932 -0.9306176 4.21382e-4 -1.81794e-6 0.390696 -0.9205198 -1.86637e-5 -0.586986 -0.8095971 -0.6887502 -0.7249986 5.09918e-4 -0.001395821 0.3886147 -0.9213994 -0.001393198 0.3886284 -0.9213936 -0.68879 -0.7249608 5.20572e-4 -0.001834928 0.3891144 -0.9211876 -0.001402258 0.3886234 -0.9213957 -0.3660327 -0.9306018 5.0649e-4 -0.001390099 0.3886165 -0.9213986 -0.001208543 0.3865236 -0.9222789 -0.366028 -0.9306039 3.89278e-4 -0.6888197 -0.7249326 4.9907e-4 -0.001380681 0.388613 -0.9214001 -0.9167011 -0.3995735 3.07798e-4 -0.002287983 0.3895124 -0.9210185 -0.001896321 0.3890231 -0.9212261 -0.6887406 -0.7250077 4.89533e-4 -0.9167019 -0.3995719 3.07053e-4 -0.001897752 0.3890943 -0.9211961 -0.688821 0.7249314 -5.07265e-4 -5.89728e-4 0.3913052 -0.9202607 -0.00160861 0.3915964 -0.9201357 -0.9166828 0.3996154 -4.95464e-4 -0.001614391 0.3915101 -0.9201724 -5.15625e-4 0.3907893 -0.9204801 -0.9167287 0.3995099 -5.19093e-4 -0.6887283 0.7250193 -5.98147e-4 -0.001659035 0.3915536 -0.9201538 -1 3.5895e-5 -5.91725e-5 -5.08279e-4 0.3907811 -0.9204835 1.15559e-4 0.3907209 -0.9205092 -1 1.02028e-4 -1.07229e-4 -0.9167167 0.3995376 -4.91671e-4 -4.67494e-4 0.3907771 -0.9204853 -0.9167345 -0.3994969 3.83578e-4 8.80957e-5 0.3907843 -0.9204823 -0.002314805 0.3894915 -0.9210273 -0.916737 -0.3994912 2.83092e-4 -1 1.06258e-4 -1.08287e-4 5.4881e-5 0.3907828 -0.920483 -1.27852e-5 -1 1.62525e-6 -1.21427e-5 -1 1.31195e-5 0.3661026 -0.9305745 -1.86823e-6 -0.3660229 -0.9306058 4.15653e-4 -6.24359e-6 -0.5869941 -0.8095913 -1.29533e-5 -1 2.83748e-4 -0.004601716 -0.9999895 -2.08337e-6 -0.3662302 -0.9305243 -7.45454e-6 2.34246e-5 -1 2.53879e-6 -2.47329e-5 -1 -2.26543e-6 -0.004578828 -0.9999896 -1.94865e-7 -2.47261e-5 -1 0 0.4812207 -0.8765996 -1.19805e-5 0.3661106 -0.9305713 3.80874e-5 0.6889666 -0.7247932 -1.67489e-5 0.4812098 -0.8766055 -1.87457e-5 -8.66167e-5 -1 -2.0057e-5 0.3661753 -0.930546 -2.65539e-5 0.7499171 -0.6615319 2.01762e-5 0.6889922 -0.7247688 3.03984e-6 0.9168272 -0.3992842 -2.563e-6 0.5023801 -0.8646469 -1.40071e-5 0.4811629 -0.8766313 -6.22869e-6 0.6889917 -0.7247693 -1.65999e-5 0.7499599 -0.6614833 -2.34842e-5 0.5024134 -0.8646276 1.42306e-5 0.6889684 -0.7247914 1.17421e-5 0.9341835 -0.3567931 1.02222e-5 0.9168152 -0.3993119 -2.55257e-5 1 8.27015e-6 5.34952e-6 0.9341842 -0.3567911 1.74046e-5 0.7499772 -0.6614638 -3.97861e-6 0.9167832 -0.3993854 -1.48118e-5 1 -2.22027e-6 -8.30055e-6 1 -2.21655e-6 -5.58794e-6 0.91679 0.39937 -1.05314e-5 0.9341912 -0.3567727 -4.4629e-6 1 0 3.46868e-6 1 0 -7.0557e-6 0.7499216 0.6615267 1.85072e-5 0.9168189 0.3993034 -2.80738e-5 0.688988 0.7247728 6.22869e-6 0.9833374 0.18179 -1.99676e-6 1 8.60095e-5 -1.21295e-5 0.9168097 0.3993246 2.29478e-6 0.9341402 0.3569064 -1.5907e-5 0.9833351 0.1818025 1.33216e-5 0.9168183 0.3993049 2.09808e-5 0.7499319 0.6615151 -4.11272e-6 0.9341301 0.356933 6.00517e-6 0.916815 0.3993125 1.43498e-5 0.502408 0.8646306 -1.43796e-5 0.6889244 0.7248333 -2.01464e-5 0.3661477 0.9305568 2.44379e-6 0.5024271 0.8646196 -2.03252e-5 0.7499372 0.661509 7.10785e-6 0.6889804 0.7247801 7.79331e-6 5.64754e-6 0.8372449 -0.5468283 1.57505e-5 1 -3.016e-4 0.3659991 0.9306151 -4.88371e-4 -1.15577e-5 1 1.13547e-5 0.3661034 0.9305742 -1.66511e-5 -1.16676e-5 1 -3.4007e-6 0.481204 0.8766086 5.70714e-6 0.502408 0.8646306 1.33812e-5 0.3662155 0.9305301 -1.77324e-6 3.52971e-6 1 1.83284e-5 0.4812408 0.8765885 5.81145e-6 0.3661948 0.9305383 -1.45137e-5 -0.004582762 0.9999895 6.62729e-6 1.96144e-4 0.9999973 -0.002341568 -0.3662278 0.9305253 -5.55068e-6 -0.004592597 0.9999895 -3.53321e-6 9.43127e-6 1 0 9.42312e-6 1 1.91329e-7 -0.4812147 0.8766029 5.72205e-6 -0.3661026 0.9305745 -6.4373e-6 -0.6889951 0.724766 9.89437e-6 -0.4811414 0.876643 1.66297e-5 -0.004589259 0.9999896 -1.2517e-6 -0.3661954 0.9305379 1.06394e-5 -0.7499751 0.6614662 2.02805e-5 -0.6889933 0.7247678 1.59293e-5 -0.9168096 0.3993244 -6.73532e-6 -0.5116783 0.8591772 -2.2471e-5 -0.4811889 0.876617 -8.88109e-6 -0.6889852 0.7247754 -6.31809e-6 -0.7499635 0.6614793 -2.99215e-5 -0.5116756 0.8591787 3.10987e-5 -0.6889754 0.7247848 5.20051e-6 -0.9341815 0.3567985 -9.52184e-6 -0.9167869 0.399377 3.99351e-6 -1 -1.01626e-5 4.23193e-6 -0.9341868 0.3567847 2.07126e-6 -0.7499668 0.6614755 -4.99189e-6 -0.9167845 0.3993824 -4.45545e-6 -1 1.53482e-6 2.14002e-5 -1 1.53109e-6 -6.22123e-6 -0.9167896 -0.3993706 4.37349e-6 -1 1.98744e-6 2.19047e-6 -0.9341906 0.3567745 1.31428e-5 -1 2.01166e-6 -7.96188e-6 -0.7499278 -0.6615197 7.51019e-6 -0.9168076 -0.3993293 2.79546e-5 -0.6889865 -0.7247741 2.7895e-5 -0.9341331 -0.356925 1.94311e-5 -1 4.25428e-6 7.57724e-6 -0.9167785 -0.3993964 2.74181e-6 -0.7499249 -0.6615231 -1.9148e-6 -0.9341363 -0.3569164 -1.95354e-5 -0.9167792 -0.3993943 8.19564e-6 -0.5116943 -0.8591677 -8.04663e-7 -0.6889597 -0.7247998 -1.28448e-5 -0.3661843 -0.9305424 -4.88758e-6 -0.5116818 -0.859175 7.89761e-6 -0.7499297 -0.6615176 -9.53674e-7 -0.6889793 -0.7247812 3.27826e-6 -0.4812065 -0.8766073 -2.10702e-5 -0.5116665 -0.8591842 -2.16663e-5 -0.3662319 -0.9305236 5.27501e-6 -0.004609048 -0.9999894 1.2964e-5 -0.4811856 -0.8766189 1.46031e-6 -0.3662153 -0.9305302 -2.11597e-6 0 0.390729 -0.9205059 -5.22595e-6 0.3907289 -0.9205058 2.31065e-4 0.3905067 -0.9206001 2.32241e-4 0.3905069 -0.9206 2.33113e-4 0.3905069 -0.9205999 0 0.390731 -0.9205049 -2.80476e-6 0.3907309 -0.920505 0 0.3907287 -0.920506 0 0.3907253 -0.9205074 1.83334e-6 0.3907327 -0.9205042 -1.31872e-6 0.3907297 -0.9205055 -8.26918e-7 0.3907312 -0.9205048 0 0.3907303 -0.9205052 -6.7301e-6 0.3907331 -0.920504 0 0.3907331 -0.9205041 0 0.3907452 -0.9204989 0 0.3907293 -0.9205057 -3.50811e-7 0.3907304 -0.9205052 2.72689e-7 0.3907296 -0.9205056 9.09403e-7 0.3907313 -0.9205049 4.66651e-7 0.3907297 -0.9205055 3.48025e-7 0.3907285 -0.920506 9.88179e-7 0.3907319 -0.9205046 -2.08007e-6 0.3907308 -0.9205049 -1.39701e-6 0.3907319 -0.9205045 -1.90397e-6 0.3907341 -0.9205036 -5.30164e-6 0.390731 -0.920505 5.18586e-6 0.3907309 -0.920505 -4.37842e-6 0.3907307 -0.9205051 0 0.3907321 -0.9205045 5.03375e-6 0.3907247 -0.9205076 -8.63668e-6 0.3907333 -0.920504 0 0.3907315 -0.9205048 -5.73858e-5 0.3906825 -0.9205256 3.78277e-6 0.3907294 -0.9205057 0 0.3907308 -0.920505 0 0.3907321 -0.9205045 -1.97811e-6 0.3907326 -0.9205043 0 0.3907281 -0.9205061 1.17058e-5 0.3907272 -0.9205065 0 0.3907306 -0.9205052 -1.97005e-7 0.3907306 -0.9205051 -4.91175e-6 0.390739 -0.9205015 0 0.3907318 -0.9205047 8.70458e-7 0.3907257 -0.9205073 0 0.390729 -0.9205058 4.65492e-6 0.3907398 -0.9205012 1.76022e-6 0.3907311 -0.9205049 3.58467e-6 0.3907312 -0.9205048 -2.86694e-6 0.3907319 -0.9205045 2.67809e-6 0.3907311 -0.9205049 2.98901e-6 0.390728 -0.9205062 0 0.3907023 -0.9205172 2.21915e-6 0.3907391 -0.9205015 -1.43563e-6 -0.5869343 -0.8096346 -2.17301e-5 0.3906865 -0.9205239 -1.34707e-5 0.3906884 -0.9205231 -0.3661161 -0.9305691 5.25206e-4 -0.001300573 0.3861685 -0.9224274 8.68738e-6 0.3906845 -0.9205248 1.70916e-5 -0.5870086 -0.8095807 -0.3661273 -0.9305647 4.83416e-4 -1.03191e-5 0.3907132 -0.9205124 1.60933e-5 -1 3.01749e-4 -1.88872e-6 0.3906915 -0.9205217 9.18373e-4 0.3874244 -0.9219011 -2.22921e-5 -0.5869271 -0.8096398 -5.68926e-5 0.3906736 -0.9205293 -2.67625e-5 -1 3.03522e-4 -0.6887816 -0.7249688 5.87255e-4 -0.001414477 0.3884951 -0.9214497 -0.001426339 0.3885053 -0.9214454 -0.6887921 -0.7249588 4.87119e-4 -0.001966953 0.3889932 -0.9212386 -0.001399934 0.3885151 -0.9214413 -0.3660256 -0.9306047 4.66304e-4 -0.001402139 0.3885148 -0.9214415 -0.001435637 0.38622 -0.9224056 -0.3661012 -0.9305749 5.21034e-4 -0.6888114 -0.7249404 6.09219e-4 -0.001410305 0.3885905 -0.9214095 -0.9167114 -0.3995501 4.04298e-4 -0.002292692 0.3895056 -0.9210213 -0.001996099 0.3889103 -0.9212735 -0.6887618 -0.7249875 4.69744e-4 -0.9166933 -0.3995913 3.10481e-4 -0.001977384 0.3889523 -0.9212558 -0.688833 0.7249199 -4.80473e-4 -8.15123e-4 0.3919042 -0.9200058 -7.33048e-4 0.3912891 -0.9202676 -0.3660051 0.9306128 -3.76437e-4 -7.09891e-4 0.3918962 -0.9200093 -8.14289e-4 0.3919802 -0.9199733 -0.688787 0.7249636 -5.09098e-4 -0.3659492 0.9306347 -5.14716e-4 -8.07025e-4 0.3919004 -0.9200074 -0.6888077 0.7249439 -6.05688e-4 -6.9508e-4 0.3913764 -0.9202305 -0.001657247 0.3915297 -0.920164 -0.9166769 0.3996289 -5.05149e-4 -0.001704812 0.3916255 -0.9201232 -5.93722e-4 0.3908037 -0.9204739 -0.9167075 0.3995586 -5.95987e-4 -0.688737 0.7250111 -5.88343e-4 -0.00162971 0.3914973 -0.9201778 -1 1.10243e-4 -9.93013e-5 -5.84394e-4 0.390805 -0.9204734 -0.00211817 0.3907057 -0.9205132 -1 2.9251e-5 -9.21711e-5 -0.9167202 0.3995295 -4.98418e-4 -6.34164e-4 0.3907994 -0.9204757 -1 -3.47011e-5 -1.29998e-4 9.77144e-5 0.3906992 -0.9205185 0.001586198 0.3912016 -0.9203038 -0.9167076 -0.3995587 3.14713e-4 0.001598298 0.3912956 -0.9202637 -0.002410352 0.3895027 -0.9210222 -0.9167026 -0.3995703 3.09944e-4 -1 9.22009e-5 -1.04785e-4 0.001651108 0.3912531 -0.9202817 -0.3660607 0.9305909 -4.97192e-4 -3.86305e-4 0.3922044 -0.9198781 -7.95305e-4 0.3919942 -0.9199674 0.366093 0.9305781 -5.43803e-4 4.66549e-7 0.3908567 -0.9204517 2.17231e-6 0.390728 -0.9205062 0.3661383 0.9305604 -4.24534e-4 8.96018e-4 0.3939645 -0.9191253 7.90134e-6 0.3907408 -0.9205008 1.36942e-5 0.837235 -0.5468435 2.62447e-5 0.3906894 -0.9205227 -4.14722e-4 0.3921884 -0.9198848 0.3660074 0.9306119 -4.99576e-4 1.68532e-5 0.3906958 -0.9205199 1.40779e-5 0.837269 -0.5467913 -0.3660731 0.930586 -4.81918e-4 9.09418e-5 1 -2.69562e-4 -3.92079e-4 0.3921694 -0.9198929 1.37016e-5 0.8372586 -0.5468072 -3.80121e-4 0.3922684 -0.9198507 1.97813e-5 1 -2.92431e-4 0.3660907 0.9305791 -4.97162e-4 8.15533e-4 0.391895 -0.9200097 9.07514e-4 0.3938766 -0.919163 0.6888295 0.7249233 -5.83038e-4 8.0711e-4 0.3920029 -0.9199637 8.08265e-4 0.3920102 -0.9199605 0.6887912 0.7249596 -5.86301e-4 0.001117646 0.3916854 -0.9200986 8.22931e-4 0.3919051 -0.9200053 0.3661145 0.9305697 -5.47722e-4 0.6888744 0.7248806 -5.23135e-4 7.7071e-4 0.3919652 -0.9199798 0.9167343 0.399497 -5.53563e-4 0.001594722 0.3915734 -0.9201456 0.001129865 0.3917108 -0.9200878 0.688774 0.724976 -5.84364e-4 0.9167037 0.3995675 -5.02378e-4 0.001110672 0.3916922 -0.9200956 0.3660209 -0.9306065 5.21362e-4 0.001268386 0.3888517 -0.9212995 0.001706302 0.3891776 -0.9211611 0.3660694 -0.9305874 4.91887e-4 0.001220583 0.3887538 -0.9213409 0.00126928 0.3887934 -0.9213241 0.6888247 -0.7249279 5.95331e-4 0.001726627 0.3891229 -0.9211842 0.002295196 0.3894347 -0.9210513 0.6888147 -0.7249374 4.82589e-4 0.3660807 -0.930583 4.78476e-4 0.001769423 0.3891801 -0.92116 0.9167239 -0.3995215 3.83347e-4 0.002379775 0.3895046 -0.9210215 0.001992285 0.389998 -0.9208136 0.9166929 -0.3995926 3.24369e-4 0.6888276 -0.7249251 5.23031e-4 0.002382636 0.3894264 -0.9210546 0.9167318 -0.3995031 3.81365e-4 0.002074956 0.3900051 -0.9208104 0.001314997 0.3904688 -0.9206153 0.9166724 -0.3996396 3.9348e-4 0.001315474 0.3905012 -0.9206016 0.002202689 0.390708 -0.9205121 1 3.49879e-5 -8.05706e-5 0.002213656 0.3907684 -0.9204863 -8.89629e-4 0.3905703 -0.9205726 1 2.30074e-5 -1.131e-4 0.9166846 -0.3996112 3.93122e-4 0.002218067 0.3907153 -0.9205089 0.9167087 0.3995561 -4.96e-4 -8.96394e-4 0.3905746 -0.920571 0.001609385 0.3916016 -0.9201335 0.9166879 0.3996036 -4.99234e-4 1 -1.31726e-5 -9.64925e-5 -9.74908e-4 0.3905995 -0.9205602 0.366033 -0.9306018 5.12076e-4 9.7844e-4 0.3873797 -0.9219198 0.001190423 0.3888021 -0.9213206 0.3660697 -0.9305873 5.17964e-4 1.67936e-5 -1 2.96175e-4 9.18441e-4 0.3873673 -0.9219251 -0.144321 0.9895309 -4.58956e-6 4.07733e-6 1 -6.79493e-6 -0.3662015 0.9305356 9.95398e-6 0.3660827 0.9305823 -4.93556e-4 1.51098e-5 0.8372605 -0.5468044 -1.36718e-5 1 -2.82288e-4 0.3016082 0.953432 -1.86116e-5 0.3661687 0.9305485 -1.20103e-5 -9.79751e-6 1 1.47969e-5 0.3016501 0.9534187 2.08616e-7 -1.21444e-5 1 -6.25849e-7 -0.1443065 0.9895331 1.3262e-5 -0.5673769 0.8234583 -2.40356e-5 -0.3660988 0.930576 -1.81049e-5 -0.6889901 0.7247707 1.77324e-5 -0.1442881 0.9895357 -1.21593e-5 -0.3662263 0.9305259 2.12789e-5 -0.5674026 0.8234406 2.44379e-6 -0.7945223 0.6072349 -1.94311e-5 -0.6889699 0.72479 -1.63913e-5 -0.9167756 0.3994028 -1.69277e-5 -0.5673812 0.8234553 -2.06828e-5 -0.6889858 0.7247748 -7.07805e-6 -0.7945342 0.6072194 -1.10269e-6 -0.9463009 0.3232871 1.64062e-5 -0.9168177 0.3993062 9.98378e-6 -1 1.2055e-5 1.82092e-5 -0.7945458 0.6072044 0 -0.9167782 0.3993968 1.67489e-5 -0.946294 0.3233073 7.00355e-7 -1 1.11759e-6 1.56925e-5 -1 1.12131e-6 -9.0152e-7 -0.9167895 -0.3993711 -1.2666e-7 -0.94629 0.3233191 1.17123e-5 -1 -5.79655e-6 1.20269e-5 -1 -5.80586e-6 6.53043e-6 -0.7995631 -0.6005822 8.04663e-7 -0.9168238 -0.3992923 1.11759e-6 -0.6889438 -0.7248148 -8.82149e-6 -0.9473208 -0.3202865 -4.67896e-6 -1 -4.62681e-6 1.12802e-5 -0.9168186 -0.399304 3.65376e-5 -0.7995734 -0.6005684 1.93864e-5 -0.9473173 -0.320297 1.055e-5 -0.9168149 -0.3993126 1.13249e-5 -0.5762692 -0.81726 -1.21593e-5 -0.6889345 -0.7248237 -1.66595e-5 -0.3661838 -0.9305426 -1.8239e-5 -0.57626 -0.8172665 5.51343e-6 -0.7995688 -0.6005746 3.27826e-6 -0.6889786 -0.7247816 1.44243e-5 -2.48849e-6 -0.5869867 -0.8095967 -2.61208e-5 -1 3.29375e-4 -0.3660556 -0.930593 4.04447e-4 -0.3036095 -0.9527966 1.32471e-5 -0.3662157 -0.9305301 -2.15471e-5 -3.33414e-6 -1 -1.53035e-5 -0.5762704 -0.8172591 9.29833e-6 -0.3662075 -0.9305333 1.95205e-6 -0.3036037 -0.9527985 -8.53837e-6 0.1452102 -0.9894009 2.84612e-6 -1.72216e-5 -1 8.55327e-6 0.3661905 -0.93054 -3.27826e-7 0.1451715 -0.9894065 5.42402e-6 -0.3036036 -0.9527985 -1.19805e-5 -6.50436e-6 -1 -2.3216e-5 0.5686653 -0.8225691 8.70228e-6 0.3661237 -0.9305662 3.31402e-5 0.6889348 -0.7248234 -2.17259e-5 0.5686551 -0.8225762 -1.82688e-5 0.1452077 -0.9894012 -9.35793e-6 0.3661568 -0.9305531 -1.15335e-5 0.8819789 -0.4712889 1.05053e-5 0.6889872 -0.7247735 -1.5378e-5 0.9167786 -0.3993958 1.78069e-5 0.8819729 -0.4713001 -4.4167e-5 0.5686674 -0.8225677 8.04663e-7 0.6889168 -0.7248405 -1.59442e-5 0.9695798 -0.244776 4.38094e-6 0.9168224 -0.3992953 -1.2517e-6 1 -3.12179e-6 -8.9705e-6 0.9695749 -0.2447948 -2.53916e-5 0.8819144 -0.4714096 -5.79655e-6 0.9167813 -0.3993897 -8.91089e-6 1 3.57628e-7 1.24901e-6 1 3.5204e-7 1.32546e-5 0.9167888 0.3993725 3.35276e-6 1 1.0591e-5 -7.61077e-6 0.9695761 -0.2447903 8.75629e-6 1 1.05873e-5 -1.78486e-6 0.7977337 0.60301 1.43647e-5 0.9167822 0.3993879 1.95801e-5 0.6889895 0.7247713 -1.03414e-5 0.9471419 0.320815 1.95652e-5 1 2.12565e-5 2.5332e-6 0.9167865 0.3993777 2.52426e-5 0.7977351 0.6030082 1.34706e-5 0.9471392 0.3208233 -1.13547e-5 0.9167819 0.3993883 -1.20476e-5 0.5729606 0.8195829 -6.4373e-6 0.688986 0.7247747 1.58548e-5 0.3661569 0.9305532 -2.05636e-6 0.5729991 0.819556 4.41074e-6 0.7977357 0.6030074 1.23978e-5 0.6889339 0.7248243 1.18464e-5 0.5729027 0.8196234 1.58399e-5 0.3662332 0.9305232 1.08778e-5 0.3015989 0.953435 2.05934e-5 -0.2190937 -0.8749584 0.4317938 -0.3035945 -0.9528014 2.49445e-5 0.1451998 -0.9894024 -3.14713e-5 -0.2070899 -0.6189 0.7576785 -0.5763185 -0.8172252 -1.82092e-5 -0.3036415 -0.9527865 6.49691e-6 -0.2190906 -0.8749588 0.4317945 -0.2070918 -0.6188896 0.7576864 -0.3035964 -0.9528008 1.55084e-5 0.1439371 -0.6250939 0.7671634 0.1451774 -0.9894056 -1.16825e-5 0.5686164 -0.8226029 -7.24196e-6 -0.2191184 -0.8749444 0.4318097 0.1451506 -0.9894096 -6.04987e-6 -0.09259754 -0.6262163 0.7741311 -0.0446822 -0.6255887 0.7788726 -0.09255605 -0.6262247 0.7741293 0.1451922 -0.9894036 -1.3575e-5 2.36873e-5 -0.6250748 0.7805649 -0.04466944 -0.6255835 0.7788774 0.145133 -0.9894121 -1.07139e-5 0.1438951 -0.6250731 0.7671884 -1.68681e-5 -0.6250738 0.7805657 0.1451784 -0.9894055 1.27852e-5 0.2373048 -0.6135001 0.7531961 0.5686 -0.8226143 -6.4373e-6 0.8819673 -0.4713106 -5.73695e-6 0.2372902 -0.6134865 0.7532116 0.1440051 -0.6250883 0.7671553 0.5685908 -0.8226206 9.17912e-6 0.4989971 -0.478816 0.7223138 0.881967 -0.4713111 -5.1856e-6 0.9695759 -0.244791 3.10987e-5 0.3463972 -0.5789774 0.7381018 0.2372681 -0.6135044 0.753204 0.8819833 -0.4712806 -2.64347e-5 0.4990121 -0.4788014 0.7223132 0.3464298 -0.5789062 0.7381422 0.8819716 -0.4713026 -3.06666e-5 0.4990221 -0.478779 0.722321 0.9695796 -0.2447761 -7.7486e-7 1 1.67154e-5 -5.00679e-6 0.6259362 -0.3086157 0.7162125 1 -3.95477e-5 1.5229e-5 0.9472103 0.3206133 -1.2216e-4 0.6259095 -0.3085962 0.7162442 0.4990367 -0.4787274 0.7223451 1 -1.91629e-5 -1.74083e-5 -0.501597 -0.476404 0.7221078 -1 3.96669e-5 2.83122e-5 -0.9473074 -0.320326 1.00485e-5 -0.6278543 -0.3047545 0.716187 -0.946302 0.3232842 -9.31919e-5 -1 2.16439e-6 -4.89899e-6 -0.5016909 -0.4763569 0.7220738 -0.6278549 -0.3047968 0.7161685 -1 2.52575e-6 3.18587e-5 -0.3488665 -0.5779049 0.7377793 -0.9473221 -0.3202825 9.95397e-6 -0.7994177 -0.6007755 -1.19526e-4 -0.3488875 -0.5779178 0.7377592 -0.5016638 -0.4763823 0.7220758 -0.9473196 -0.3202897 3.27826e-7 -0.206977 -0.618921 0.7576922 -0.7994197 -0.6007732 -1.01984e-4 -0.5763241 -0.8172212 2.1853e-5 -0.2070357 -0.6188914 0.7577002 -0.3489094 -0.5778645 0.7377905 -0.7994675 -0.6007096 -9.26852e-5 -0.6877903 -0.07489114 0.722036 -0.7945787 0.6071612 1.01328e-5 -0.9462902 0.3233185 -9.84365e-6 -0.6278682 -0.3047695 0.7161684 -0.6878306 -0.07483685 0.7220032 -0.9462943 0.3233066 1.49012e-7 -0.5527201 0.3574199 0.752829 -0.5674335 0.8234193 -6.25849e-6 -0.7945712 0.6071712 -2.05636e-5 -0.6509032 0.1792702 0.7376905 -0.5527218 0.3574047 0.752835 -0.7945678 0.6071755 1.2668e-5 -0.6878206 -0.07483398 0.722013 -0.6509016 0.1793847 0.7376642 -0.7946184 0.6071093 -3.0607e-5 -0.4010755 0.5008797 0.7669798 -0.1440126 0.9895759 2.41399e-6 -0.5674167 0.8234308 -1.26198e-4 -0.5527085 0.357505 0.7527972 -0.4010319 0.5008931 0.7669939 -0.5674923 0.8233788 -1.12385e-4 0.327715 0.8404804 0.4315041 0.3016263 0.9534263 1.69277e-5 -0.1439652 0.9895828 -8.15093e-6 0.2891032 0.5637285 0.7737116 0.3276818 0.8404523 0.4315839 -0.1440055 0.9895769 -4.50015e-6 0.1482347 0.609488 0.7788138 0.2891067 0.563704 0.7737281 -0.1440024 0.9895773 -2.79546e-5 -1.20223e-4 0.6250731 0.7805663 0.148219 0.6094909 0.7788144 -0.1440058 0.9895769 -7.96467e-6 -0.4010995 0.5008733 0.7669714 1.56835e-6 0.6250687 0.7805699 -0.1439867 0.9895797 -1.71959e-5 0.5960261 0.2940141 0.7472005 0.3016251 0.9534266 1.0334e-5 0.327709 0.840495 0.4314801 0.5960609 0.2940055 0.7471762 0.572881 0.8196386 2.08318e-5 0.3015434 0.9534525 5.66244e-6 0.5960358 0.2939922 0.7472015 0.3276998 0.8404933 0.4314904 0.2891172 0.5637304 0.7737049 0.3655548 0.9307898 2.563e-6 0.2868186 0.5530282 0.7822372 0.1470132 0.5960028 0.7894098 0.6882034 0.7255178 2.06437e-5 0.5918556 0.2865827 0.7533774 0.2868798 0.5530197 0.7822207 0.3655033 0.9308101 -2.33054e-5 0.6881915 0.7255291 4.19021e-5 0.2868037 0.5530461 0.78223 0.3655986 0.9307727 6.95884e-5 0.1468994 0.5960156 0.7894213 6.78003e-6 0.6135051 0.7896908 -1.85668e-5 0.9035537 0.4284748 6.91134e-6 0.6134468 0.789736 -0.3977717 0.4901562 0.7755803 0.3654857 0.930817 1.24276e-5 -1.19209e-6 0.6134763 0.7897132 -6.29667e-6 0.9035534 0.4284757 -0.3654814 0.9308187 -1.27554e-5 -0.3977846 0.4901577 0.7755726 -0.5483152 0.3491306 0.7599068 -0.3654748 0.9308213 2.89083e-6 1.65701e-5 1 8.68738e-5 -0.3977907 0.490189 0.7755497 -3.00445e-5 0.9035289 0.4285272 -0.3978141 0.4902082 0.7755257 -8.61287e-6 1 1.21811e-4 -0.6882179 0.7255041 1.73505e-6 -0.5483883 0.3490198 0.7599049 -0.6460963 0.1735761 0.7432571 -0.6881714 0.7255483 2.30074e-5 -0.3654778 0.9308201 0 -0.5483112 0.3491008 0.7599235 -0.9165027 0.4000288 -2.19047e-6 -0.6460917 0.1735594 0.7432649 -0.6846235 -0.07714569 0.724803 -0.9165097 0.4000127 1.54972e-6 -0.6881449 0.7255733 -1.22637e-5 -0.646137 0.173479 0.7432443 -1 -1.36495e-5 -7.53999e-6 -0.6846118 -0.07722938 0.724805 -0.6279103 -0.3048037 0.7161169 -1 2.78354e-5 1.03116e-5 -0.9165087 0.4000148 3.00109e-5 -0.6846047 -0.0772159 0.7248132 -1 -4.99189e-6 -1.96546e-5 -0.6278904 -0.3048355 0.7161208 -0.5042077 -0.4764801 0.7202371 -0.9164767 -0.4000881 2.23219e-5 -0.5041524 -0.4764565 0.7202913 -0.3511912 -0.5787624 0.736002 -0.9165107 -0.4000102 -2.19643e-5 -1 4.97401e-5 2.99513e-5 -0.5041748 -0.4764749 0.7202635 -0.6882257 -0.7254968 2.35438e-5 -0.3511318 -0.5788022 0.7359991 -0.2079237 -0.6196748 0.7568162 -0.6881985 -0.7255225 -2.05934e-5 -0.9165117 -0.400008 2.20537e-5 -0.3512133 -0.5787217 0.7360234 -0.2190941 -0.8749532 0.4318038 -0.09260261 -0.6261309 0.7741995 -0.207095 -0.6188989 0.7576779 -0.3654984 -0.930812 2.35438e-6 -0.2079344 -0.6197005 0.7567924 -0.09283858 -0.6265968 0.7737942 -0.3655216 -0.930803 5.36442e-7 -0.6882018 -0.7255194 -2.96235e-5 -0.2078899 -0.6197078 0.7567986 -0.174817 -0.984601 1.809e-5 -0.09272634 -0.6265968 0.7738078 -0.04458725 -0.6245104 0.7797427 -0.1747598 -0.9846112 4.70877e-6 -0.3655754 -0.9307817 -2.38121e-5 -0.09281426 -0.6266114 0.7737853 0.6875069 -0.08040463 0.7217128 0.9471777 0.3207094 -1.11103e-4 0.7976994 0.6030555 -6.85453e-6 0.6874631 -0.08041441 0.7217535 0.625929 -0.3085736 0.7162369 0.9472185 0.3205887 -1.16296e-4 0.596007 0.2939881 0.7472259 0.7977272 0.6030187 1.47447e-5 0.5729007 0.8196249 -8.43406e-6 0.6716093 0.1098738 0.7327132 0.6874851 -0.08044713 0.7217289 0.7977384 0.6030038 1.17198e-5 0.5960673 0.2940047 0.7471714 0.6715767 0.1099963 0.7327247 0.79773 0.603015 2.13981e-5 -0.1748295 -0.9845988 2.22921e-5 -0.04458063 -0.6245983 0.7796728 1.56611e-5 -0.6251977 0.7804664 -3.78489e-6 -0.9019144 0.4319151 -1.01887e-5 -0.6250066 0.7806195 0.1447017 -0.6260885 0.7662081 -1.27684e-5 -0.9019208 0.4319016 -0.1747084 -0.9846202 -9.88245e-5 -4.70132e-6 -0.6251753 0.7804844 0.3654577 -0.930828 -4.88758e-6 0.1446169 -0.6261155 0.7662019 0.2388151 -0.6148411 0.7516235 -1.8822e-5 -0.9019176 0.4319083 0.144652 -0.6261041 0.7662047 -9.35793e-6 -1 -9.41847e-6 0.174714 -0.9846193 3.317e-5 -3.995e-5 -1 2.47508e-5 0.1446779 -0.6260356 0.7662557 0.3655052 -0.9308093 -5.33462e-6 0.1747295 -0.9846165 2.36034e-5 0.1447299 -0.6260721 0.7662161 0.6881998 -0.7255212 -3.17115e-6 0.2388147 -0.6148061 0.7516523 0.3490796 -0.5800567 0.7359876 0.6881399 -0.7255781 -2.90573e-5 0.3654947 -0.9308134 1.5974e-5 0.2388124 -0.6148192 0.7516423 0.9165058 -0.4000217 8.9705e-6 0.3490902 -0.5800552 0.7359837 0.5014008 -0.4789133 0.7205827 0.9164613 -0.4001235 -6.97374e-6 0.6881958 -0.725525 1.7941e-5 0.3491004 -0.5800057 0.7360179 0.916515 -0.4000002 1.55866e-5 0.5013785 -0.4789697 0.7205606 0.6255075 -0.3088222 0.7164978 1 -2.77907e-6 -1.16332e-5 0.6255544 -0.3087898 0.716471 0.684527 -0.08252608 0.7243012 1 -4.8399e-5 -1.38581e-5 0.9164811 -0.4000779 -2.30968e-5 0.6255595 -0.3087795 0.716471 0.9165076 0.4000173 -1.15447e-5 0.6844668 -0.08240669 0.7243717 0.6674153 0.105413 0.7371872 0.9165126 0.4000059 -1.66893e-5 1 -2.11745e-5 0 0.6845266 -0.08249247 0.7243055 0.916467 0.4001105 2.563e-5 0.6674594 0.1053826 0.7371516 0.591825 0.2864949 0.7534348 0.6881678 0.7255516 1.15633e-5 0.9165047 0.400024 -1.45137e-5 0.5918163 0.2866095 0.7533981 -0.01742434 0.9998483 1.02073e-5 -1.52414e-5 1 -1.00508e-5 -0.3654989 0.9308118 1.41412e-5 0.3655096 0.9308077 -8.27015e-6 -8.61287e-6 0.903542 0.4284998 2.28379e-5 1 1.1079e-4 0.1736012 0.9848161 -1.54153e-5 0.3655205 0.9308034 -6.58631e-6 -7.09295e-6 1 9.68576e-7 -0.01750433 0.9998469 4.03915e-6 0.1735875 0.9848185 3.74019e-6 0 1 1.23866e-7 -0.5000121 0.8660184 4.40329e-6 -0.3655998 0.9307721 -1.29342e-5 -0.6882086 0.7255128 -8.15093e-6 -0.173604 0.9848155 1.63019e-5 -0.01748359 0.9998472 7.82311e-6 -0.3655151 0.9308055 -1.86563e-5 -0.4999938 0.8660291 8.37445e-6 -0.1736012 0.9848161 1.75834e-6 -0.3654994 0.9308116 6.35907e-6 -0.7660297 0.6428053 -1.93343e-5 -0.6882047 0.7255166 1.19098e-5 -0.9165047 0.4000242 -1.54451e-5 -0.5266101 0.850107 1.56462e-6 -0.500012 0.8660185 1.74344e-6 -0.6882657 0.7254588 1.75834e-6 -0.7660136 0.6428244 4.53368e-6 -0.5265914 0.8501186 -4.08292e-6 -0.6882653 0.725459 -7.11903e-6 -0.9397023 0.3419935 5.64381e-6 -0.9165073 0.4000182 -6.02752e-6 -1 -1.18166e-5 1.04308e-6 -0.9397042 0.3419884 1.23493e-6 -0.7660275 0.6428079 -1.53482e-6 -0.9165067 0.4000196 -3.38815e-6 -1 -1.27405e-5 1.42162e-5 -1 -1.27386e-5 -8.3223e-6 -0.9165157 -0.3999989 -2.04444e-5 -0.9397061 0.3419833 -1.06022e-5 -1 -1.26511e-5 -1.03033e-5 -1 -1.26511e-5 -3.86685e-6 -0.9009651 -0.4338917 -5.77606e-6 -0.9165194 -0.3999904 1.13025e-5 -0.6882656 -0.7254589 1.57729e-5 -1 -1.28895e-6 -1.54227e-6 -0.9165039 -0.4000256 1.88127e-7 -0.9009693 -0.433883 -6.23427e-6 -0.6235127 -0.7818133 -1.82353e-6 -0.6882591 -0.725465 1.17458e-5 -0.3654821 -0.9308184 1.53482e-6 -0.9009701 -0.4338814 2.96533e-6 -0.6882585 -0.7254655 -8.96491e-6 -0.6235265 -0.7818022 -3.08454e-6 -0.2225162 -0.974929 2.03308e-6 -0.3655006 -0.9308111 -2.60863e-6 -0.08397632 -0.9964678 -7.37049e-6 -0.6235248 -0.7818037 6.63847e-6 -0.3654894 -0.9308155 -1.06785e-5 -0.2225289 -0.9749262 -1.25133e-5 1.92747e-5 -0.9019108 0.4319225 -1.67815e-5 -1 1.82092e-5 -0.1748081 -0.9846025 -1.12206e-5 0.08392196 -0.9964724 -1.2964e-5 -0.08394408 -0.9964705 -1.21891e-5 -2.79769e-5 -1 -1.37091e-6 -0.2225235 -0.9749274 -1.54991e-5 -0.08401882 -0.9964642 1.35414e-6 0.08401912 -0.9964642 2.64123e-6 0.2225164 -0.974929 3.63216e-6 0.08397638 -0.9964678 -6.84336e-6 0.3655006 -0.9308112 -1.40443e-6 -0.2225251 -0.974927 3.78489e-6 0.08401876 -0.9964643 1.10827e-6 0.2225261 -0.9749267 1.59331e-5 0.6235114 -0.7818142 2.99886e-6 0.3655248 -0.9308017 -1.41263e-5 0.6882594 -0.7254648 8.54582e-6 0.2225275 -0.9749264 -5.1856e-6 0.3654911 -0.9308149 -1.38283e-5 0.6235244 -0.7818039 4.1686e-6 0.9009646 -0.4338927 -8.12113e-7 0.6882655 -0.725459 1.76504e-5 0.9165194 -0.3999906 1.05035e-5 0.6235264 -0.7818024 -2.99886e-6 0.688259 -0.7254652 -1.10678e-5 0.9009708 -0.43388 1.16453e-5 0.9009726 -0.4338762 5.26011e-6 0.9165073 -0.4000182 5.17815e-6 1 -1.68234e-5 -5.76954e-6 1 1.48267e-5 5.85076e-7 1 1.48434e-5 1.07586e-5 0.9165148 0.4000009 -9.76771e-6 0.9009692 -0.4338834 3.98606e-6 1 4.17232e-7 1.00266e-5 1 4.0233e-7 -1.06624e-5 0.7660299 0.642805 -1.86656e-5 0.9165054 0.4000226 -2.14279e-5 0.688201 0.7255202 -7.46548e-6 1 1.39978e-5 -9.58145e-6 0.9165152 0.4000001 4.59701e-6 1 1.40071e-5 -4.07967e-6 0.939693 0.3420192 -4.67896e-6 1 -2.08616e-6 2.08616e-6 0.9165206 0.3999875 2.8722e-6 0.7660276 0.6428078 -8.43778e-7 0.9397041 0.3419887 -3.76254e-6 0.9165064 0.4000202 -8.41171e-6 0.5000118 0.8660187 3.48687e-6 0.6882104 0.7255113 -1.54898e-5 0.3655968 0.9307734 -2.06828e-5 0.5000028 0.8660238 -1.09561e-5 0.766012 0.6428264 -2.19047e-6 0.6882045 0.7255168 4.40422e-6 0.4914878 0.8708845 8.54954e-6 0.5000094 0.86602 1.74586e-5 0.3655122 0.9308066 4.88013e-6 0.173612 0.9848142 2.63006e-5 0.491486 0.8708856 1.18986e-5 0.3655001 0.9308113 9.47155e-6 -0.900977 -0.433867 1.95988e-5 -0.9397031 -0.3419914 4.85778e-6 -1 2.06903e-5 1.58846e-5 -1 0 1.06166e-5 -0.9009688 -0.4338838 3.54648e-6 -1 0 -1.14984e-5 -0.9397062 0.341983 6.99609e-6 -1 -1.2964e-5 1.18951e-5 -1 -1.2964e-5 -8.3081e-6 1.44858e-5 0 1 -0.9009718 -0.4338777 1.76765e-6 -0.7660088 -0.6428303 -8.13045e-6 -0.9396975 -0.3420069 -8.09133e-6 2.74038e-5 0 1 2.10058e-6 0 1 -0.6235166 -0.7818102 7.7365e-6 -0.5265882 -0.8501206 -2.91131e-6 -0.7660173 -0.64282 3.34904e-6 -0.9009692 -0.433883 2.5332e-6 -0.6235247 -0.7818036 -1.2964e-5 -0.7660154 -0.6428223 8.44034e-6 -0.2225313 -0.9749256 1.55717e-5 -0.5000045 -0.8660228 1.76057e-5 -0.5266076 -0.8501086 1.87699e-5 -1.09496e-5 0 1 -0.6235097 -0.7818158 -6.67945e-6 -0.2224964 -0.9749336 -8.78423e-6 -0.5266218 -0.8500998 1.16602e-6 2.92572e-6 0 1 -0.222485 -0.9749362 -3.59397e-6 -0.1736167 -0.9848134 4.37908e-6 -0.5000231 -0.8660122 -4.20213e-6 1.38166e-6 3.39678e-6 1 0.2225143 -0.9749295 -1.6585e-5 -0.01741069 -0.9998485 -1.24499e-5 -0.1736065 -0.9848151 8.39354e-7 -0.2225114 -0.9749301 -8.78423e-6 0.2225118 -0.9749301 -1.24946e-5 -0.1735981 -0.9848167 7.39656e-6 7.05044e-7 0 1 0.2224859 -0.974936 -3.17674e-6 0.1736149 -0.9848137 -4.63519e-6 -0.01738631 -0.9998489 7.3351e-6 4.064e-7 0 1 -1.77781e-6 0 1 -9.85761e-6 0 1 0.2224896 -0.9749351 6.25849e-6 0.4914889 -0.8708839 -8.38935e-6 0.1736218 -0.9848124 8.59983e-6 9.3755e-6 0 1 0.623522 -0.7818059 -8.84011e-6 0.5000095 -0.8660199 -3.32296e-6 0.4914937 -0.8708811 -2.23198e-5 -4.42631e-6 4.4105e-6 1 0.2225234 -0.9749274 -1.2897e-5 0.6235242 -0.7818042 0 0.4914838 -0.8708868 -1.21817e-6 -1.88621e-6 4.40227e-6 1 0.6235227 -0.7818052 1.89021e-5 0.7660122 -0.642826 1.06525e-5 0.5000051 -0.8660225 -1.29342e-5 0 5.08068e-6 1 -9.62837e-6 4.25102e-6 1 0.9009721 -0.433877 4.1509e-6 0.9396975 -0.3420067 -6.80611e-6 0.7660083 -0.6428309 -1.84774e-6 0.6235265 -0.7818022 -2.92808e-6 0.90097 -0.4338814 -5.62519e-6 0.7660142 -0.6428238 7.37142e-6 1 1.2964e-5 1.19174e-5 1 1.2964e-5 -8.28365e-6 0.9397062 -0.341983 7.0408e-6 -1.44858e-5 0 1 0.9009605 -0.4339012 -9.77889e-6 1 1.97142e-5 -1.34036e-5 0.9396972 -0.3420075 6.50994e-6 -7.03335e-6 -9.38773e-6 1 0.7071292 -0.7070844 -2.38419e-7 0.8660195 -0.5000103 2.23517e-6 5.3293e-6 0 -1 0.6123301 -0.3536018 0.7071192 -2.41771e-5 -2.18749e-5 1 0.8660143 -0.5000193 -4.17158e-5 0.9659281 -0.2588107 -1.44094e-5 0.6124104 -0.3535107 0.7070952 0.8660287 -0.4999943 -1.88351e-5 -1.06582e-5 0 -1 3.1516e-5 2.83867e-5 1 0.5000334 -0.8660061 -4.79817e-6 0.7071431 -0.7070705 8.37445e-6 0 -2.24522e-6 -1 -7.11099e-7 0 -1 -2.79024e-5 -3.32631e-5 1 0.4914495 -0.8709061 -1.16229e-6 0.5000296 -0.8660084 -4.40236e-6 -1.77347e-5 -4.41041e-6 -1 -1.64211e-5 -1.76132e-5 1 -4.63501e-5 -3.49171e-5 1 0.4999507 -0.8660539 -2.99979e-6 7.49019e-6 -4.25127e-6 -1 -2.56598e-5 -3.20002e-5 1 0.2540915 -0.9671803 -2.10404e-5 0.491644 -0.8707963 -1.31878e-5 -1.88592e-6 -4.40197e-6 -1 5.05149e-6 -0.9750029 0.2221924 -1.17498e-6 -1 -6.10948e-7 0.2541081 -0.9671759 -1.58995e-5 1.35697e-6 0 -1 0.1078187 -0.969019 0.2222104 3.32743e-5 -0.9749971 0.2222183 0.2541698 -0.9671597 -1.55866e-5 0.06849169 -0.6364576 0.7682648 0.1077241 -0.9690302 0.2222073 0.2541735 -0.9671587 -1.85072e-5 0.004124701 -0.04179072 0.999118 0.06848853 -0.6365048 0.7682259 0.2541325 -0.9671695 -7.99447e-5 0.002107083 -0.02084141 0.9997806 0.00417608 -0.04168039 0.9991223 0.2540985 -0.9671785 9.81391e-5 1.40965e-5 -6.47232e-5 1 0.001992166 -0.02086818 0.9997802 0.2541127 -0.9671747 8.4579e-5 -2.79397e-5 4.76837e-6 1 2.59727e-5 2.05189e-5 1 0.2540839 -0.9671822 1.84029e-5 -0.1077988 -0.969024 0.2221983 -0.01748782 -0.9998472 -1.42157e-5 -1.14068e-5 -1 -1.7181e-5 -8.34215e-6 0 -1 1.45059e-6 -0.9749976 0.2222157 -0.1077948 -0.9690238 0.2222009 -1.39698e-6 -1 -1.51487e-5 -0.1077052 -0.9690371 0.2221866 -0.2671953 -0.9636425 -4.448e-6 -0.01737809 -0.9998491 4.76092e-6 3.09795e-5 -2.48551e-5 1 -0.4999737 -0.8660406 6.55651e-6 -0.2672345 -0.9636316 1.12371e-5 -0.1078541 -0.9690188 0.222194 -1.71736e-5 -1.02594e-5 1 -0.2672156 -0.9636369 -2.31266e-5 3.90238e-7 0 -1 -1.99713e-5 3.73907e-5 1 -0.5264422 -0.8502109 -3.96371e-6 -0.5000073 -0.8660213 -2.61236e-6 6.63718e-6 -1.63176e-5 -1 -6.86944e-6 2.42591e-5 1 1.78814e-7 2.10032e-5 1 -0.4999539 -0.866052 -1.10865e-5 1.39326e-5 -1.54972e-6 1 -0.8660457 -0.499965 -3.72529e-6 -0.5264077 -0.8502324 3.21865e-6 2.36034e-5 -3.3021e-5 1 6.85453e-6 -1.78097e-5 1 -0.5263918 -0.8502422 1.19493e-5 -3.01323e-6 0 -1 -2.92686e-6 0 -1 -2.87443e-5 5.04255e-5 1 -0.9659298 -0.2588043 6.13928e-6 -0.8660042 -0.500037 8.80705e-6 3.03388e-5 -1.43647e-5 1 3.33637e-5 -1.88593e-5 1 -0.8660208 -0.5000081 -1.2964e-5 -8.27623e-6 0 -1 -2.26991e-5 1.04308e-5 1 -1 1.96621e-5 -1.91927e-5 -0.9659242 -0.2588254 2.63602e-5 1.06586e-5 0 -1 -2.93553e-5 4.31985e-5 1 -2.95043e-6 -4.67449e-5 1 -0.9659381 -0.2587734 1.91033e-5 -1.09368e-5 0 -1 -7.22706e-7 3.8296e-5 1 -0.9659367 0.2587787 1.17719e-5 -1 -7.7337e-5 -2.41399e-5 1.06588e-5 0 -1 1.16229e-6 4.78998e-5 1 -6.61612e-6 7.09295e-6 1 -1 3.65525e-5 -2.54717e-6 -1.09363e-5 0 -1 -0.8606202 0.4968215 0.1118096 -0.8660224 0.5000053 1.11721e-5 -0.9659278 0.2588121 7.08923e-6 1.06582e-5 0 -1 -0.8443891 0.4874864 0.2221805 -0.8605906 0.4968754 0.1117983 -0.9659332 0.2587919 -1.4931e-5 -0.8700827 0.439979 0.222204 -0.8443909 0.4874708 0.2222076 -0.9659317 0.2587974 -1.19805e-5 -0.8930765 0.3911964 0.2222152 -0.8700752 0.4399883 0.2222147 -0.9659357 0.2587828 -1.14739e-5 -0.5855067 0.2588905 0.7682172 -0.8930845 0.3911784 0.2222152 -0.9659207 0.2588382 1.02222e-5 -0.03828895 0.01729822 0.999117 -0.5853739 0.258895 0.7683169 -0.9659049 0.2588974 1.05053e-6 -0.01907712 0.008614897 0.9997809 -0.03829276 0.01718187 0.9991189 -0.9659165 0.2588539 7.96616e-5 -3.35127e-5 1.44839e-5 1 -0.01914799 0.008606493 0.9997797 -0.9659386 0.2587718 -7.09295e-6 -8.37371e-6 0 -1 -0.8160918 0.5335015 0.2221949 -0.8660203 0.500009 6.90558e-6 -0.8605867 0.4968797 0.1118095 -0.8160942 0.5334916 0.2222098 -0.7853273 0.5778271 0.2222094 -0.8660279 0.4999957 -6.06663e-6 -0.5267062 0.8500474 2.08914e-5 -0.8660077 0.5000308 3.26335e-5 -0.7853382 0.5778154 0.2222014 1.86016e-5 0 -1 1.86544e-5 0 -1 1.85492e-5 0 -1 1.81043e-6 0 -1 -0.8160847 0.5335027 0.2222179 -0.8606327 0.4968053 0.1117856 -0.8443829 0.4874814 0.2222149 -0.5606997 0.2561008 0.7874188 -0.8443995 0.4874618 0.2221947 -0.8700888 0.4399695 0.2221989 -0.540102 0.3117749 0.7817201 -0.8443848 0.4874818 0.2222073 -0.5607231 0.2560882 0.7874062 -0.8161001 0.5334862 0.2222008 -0.8443785 0.4874959 0.2222 -0.5400381 0.3117994 0.7817545 -0.5607137 0.2560895 0.7874125 -0.8700709 0.4399988 0.2222109 -0.8930863 0.3911764 0.2222113 -0.4587033 0.8556236 0.2397906 -0.8933091 0.3907324 0.2220971 -0.5857145 0.2587152 0.768118 -0.4572073 0.8567247 0.2387138 -0.5607109 0.2554988 0.7876062 -0.8930817 0.3911963 0.2221952 0.3421303 0.9396525 -1.02103e-4 -0.585699 0.2586685 0.7681453 -0.03829044 0.01719832 0.9991187 0.3420912 0.9396668 -8.1569e-5 0.3416281 0.9398353 1.47551e-4 -0.5857449 0.2586917 0.7681025 0.238406 0.970146 0.04449272 -0.5857116 0.258598 0.7681595 0.3415991 0.9398458 1.92583e-4 0.133522 0.9873158 0.0859031 -0.458788 0.8555832 0.2397726 -0.5857155 0.2585731 0.7681649 0.238404 0.9701469 0.04448014 0.1334904 0.9873192 0.08591282 -0.5856228 0.2586403 0.768213 0.1877318 0.6704873 0.7177768 -0.03829699 0.01730972 0.9991165 -0.01910048 0.008620679 0.9997805 0.2184839 0.6854084 0.6946079 -0.03831338 0.01719105 0.999118 0.187672 0.6704868 0.717793 0.2187147 0.6858209 0.694128 0.3420456 0.9396834 -9.74685e-5 -0.0382741 0.0171926 0.9991195 0.1877126 0.6704932 0.7177763 -0.01908975 0.008618533 0.9997807 3.65709e-5 4.48356e-6 1 4.59602e-7 0 1 4.98001e-7 0 1 0.1877169 0.6704785 0.717789 8.79914e-6 -8.79169e-6 1 6.3926e-6 -7.39098e-6 1 -4.41011e-7 0 1 -1.15173e-6 0 1 -0.002099752 -0.02091646 0.9997791 5.28386e-6 2.65576e-5 1 4.45847e-6 2.65818e-5 1 -7.00744e-7 0 1 -0.004205405 -0.04167407 0.9991225 -0.002099454 -0.0208984 0.9997794 1.70432e-7 -1.28597e-5 1 -0.06851714 -0.6364641 0.768257 -0.004175305 -0.04180794 0.999117 -2.94894e-5 -1.0699e-5 1 -0.1077941 -0.9690049 0.2222836 -0.06850576 -0.6364684 0.7682546 3.20077e-5 -3.23989e-5 1 0 0 1 -2.31217e-6 -4.77692e-5 1 -2.33017e-6 -4.58619e-5 1 -2.29351e-6 -4.96764e-5 1 0.6816271 -0.1507332 0.7160057 1.87159e-5 -1.73748e-5 1 -0.002018153 -0.02090692 0.9997794 0.8660296 -0.499993 -9.32813e-6 2.39462e-5 4.86523e-5 1 -4.02331e-6 2.46763e-5 1 0.9259954 -0.3775351 6.60419e-5 3.31476e-5 8.9407e-7 1 0.6953642 -0.1780006 0.6962646 0.6816258 -0.1506838 0.7160173 0.6954111 -0.1780238 0.6962118 -1.58623e-5 -2.18749e-5 1 0.9260057 -0.3775094 1.18911e-5 0.8660447 -0.4999668 8.49366e-6 2.73325e-5 1.43647e-5 1 0.6816232 -0.1506914 0.7160181 -0.002074003 -0.02087843 0.9997799 -0.00421822 -0.0416826 0.999122 0.6811659 -0.1506235 0.7164675 -0.003611266 -0.04191309 0.9991148 -0.06818473 -0.6365928 0.7681801 0.5115836 -0.8250909 0.2398067 -0.06820881 -0.6366497 0.7681307 -0.1078212 -0.9690229 0.2221917 0.6811661 -0.1505988 0.7164724 -0.06819278 -0.6366579 0.7681253 0.9848112 -0.1736287 -4.04932e-4 0.9848192 -0.1735835 -1.07199e-4 0.9848139 -0.1736134 -3.19749e-4 -0.06817328 -0.6366143 0.7681633 0.9847331 -0.1740713 1.05768e-4 0.9848284 -0.1735313 -1.31786e-4 -0.06818175 -0.6366415 0.76814 0.921814 -0.3779907 0.08591943 0.984728 -0.1741004 1.98737e-4 -0.06820976 -0.6366916 0.7680959 0.5115964 -0.8250905 0.2397806 0.9218029 -0.3780286 0.08587104 -0.06821304 -0.6366257 0.7681502 0.05857998 -0.6136789 0.7873796 -0.1077571 -0.9690284 0.2221989 3.90485e-5 -0.9750009 0.222201 -0.05901902 -0.6134346 0.7875371 0.5134003 -0.8243013 0.2386367 -0.1076949 -0.9690335 0.2222066 0.05857563 -0.6136956 0.7873669 -0.05860167 -0.6136963 0.7873645 -0.1077769 -0.9690228 0.2222138 0.05862748 -0.613671 0.7873823 1.99764e-5 -0.9750013 0.2221992 0.1078172 -0.9690193 0.2222094 -0.5115516 -0.8251013 0.2398397 0.1082845 -0.9689919 0.2221015 0.0688312 -0.6365087 0.768192 -0.5133185 -0.824326 0.2387273 0.05908423 -0.6133945 0.7875635 0.1078025 -0.9690178 0.222223 -0.9848273 -0.173537 -9.36389e-5 0.06879907 -0.6365544 0.768157 0.004217743 -0.0417841 0.9991178 -0.5116082 -0.8250754 0.2398076 0.06878137 -0.6366039 0.7681176 -0.9218077 -0.3780126 0.08589094 -0.9593757 -0.278599 0.04450613 -0.9217745 -0.3780864 0.08592152 0.0688259 -0.6365154 0.768187 -0.9593727 -0.2786084 0.04451394 0.06877779 -0.6365285 0.7681804 -0.9847477 -0.1739882 8.90791e-5 -0.9848203 -0.1735773 -7.76052e-5 -0.9847345 -0.174063 1.52051e-4 0.06881386 -0.636536 0.768171 -0.6744959 -0.1725883 0.7178221 0.004192173 -0.04169183 0.9991218 0.002120196 -0.02088284 0.9997798 -0.7028763 -0.1534912 0.6945542 0.00419104 -0.04178899 0.9991177 -0.6744999 -0.1726008 0.7178154 -0.9848123 -0.1736224 -1.01551e-4 0.004093706 -0.04169505 0.999122 -0.7032935 -0.1535052 0.6941286 -0.6745029 -0.1726932 0.7177903 0.002083659 -0.02092295 0.9997789 -1.01424e-5 4.80679e-6 1 -0.6744906 -0.1726936 0.7178018 -6.27339e-6 -1.81198e-5 1 -7.30157e-6 -1.64509e-5 1 1.03532e-6 0 1 0.6123973 -0.3535843 0.7070699 4.94719e-6 2.20537e-6 1 5.90086e-6 3.27826e-6 1 0.9659091 -0.2588813 1.84476e-5 8.51601e-6 2.17855e-5 1 0.6123883 -0.3534911 0.7071242 1.18017e-5 0 1 -6.89924e-6 -6.22869e-5 1 0.9659212 -0.2588365 1.85966e-5 -0.5400632 0.311774 0.7817472 0 -2.37077e-5 1 0 -2.15159e-5 1 -1.1745e-4 0 1 -0.5021934 0.357584 0.7873599 -0.539982 0.3117886 0.7817976 1.0848e-5 9.68575e-6 1 -1.37687e-5 6.482e-6 1 -0.5021862 0.3575954 0.7873592 -2.44677e-5 -5.64754e-6 1 -0.5401177 0.311801 0.7816988 6.73532e-6 -2.62409e-5 1 1.99974e-5 1.10343e-5 1 -0.5399889 0.3117868 0.7817935 -0.5607458 0.2559828 0.7874242 3.03984e-6 -2.35513e-5 1 0.08849251 0.6610183 0.7451335 -2.78875e-5 -2.59578e-5 1 -0.5607289 0.2555115 0.7875894 0.08898341 0.6610043 0.7450875 8.9258e-6 1.63913e-5 1 2.13794e-5 1.32523e-5 1 0.132984 0.9873708 0.0861063 -0.5606944 0.2555026 0.7876168 -0.4572167 0.8567228 0.2387024 0.0885052 0.661014 0.7451359 -0.56077 0.2554786 0.7875708 0.1329957 0.9873709 0.08608734 -0.5022011 0.3575816 0.7873559 -0.7853221 0.5778292 0.2222222 -0.5399878 0.3117864 0.7817944 -0.8161095 0.5334754 0.2221918 -0.5400514 0.3118247 0.7817353 -0.7853133 0.5778517 0.2221949 -0.9705769 -0.03239685 0.2386023 -0.7853249 0.5778322 0.2222048 -0.5017275 0.3578283 0.7875458 3.28049e-5 5.0053e-5 1 -0.5266922 0.8500561 1.3262e-5 -0.7853421 0.5778059 0.2222121 -0.5168697 0.3775838 0.7682943 -2.0273e-5 1.47521e-5 1 -0.7853173 0.5778423 0.2222048 -0.9703564 -0.03046119 0.2397513 -0.5172449 0.3773949 0.7681347 -0.7852929 0.5779186 0.2220927 1.68681e-5 1.48714e-5 1 -6.92904e-6 -1.77324e-5 1 -0.5021829 0.3575597 0.7873775 -0.9705804 -0.0324791 0.2385768 -0.5017139 0.3579174 0.7875141 2.07126e-5 2.41846e-5 1 -0.528194 -0.4071237 0.7451587 -0.9705813 -0.03243976 0.2385785 2.15396e-5 -2.90722e-5 1 -0.4471003 -0.5328978 0.7184159 -0.527903 -0.4076232 0.7450918 -3.19052e-5 9.61125e-6 1 3.26987e-5 -6.27711e-7 1 -0.4470934 -0.5328957 0.7184217 2.58386e-5 5.73695e-6 1 -5.41993e-5 0 1 1.08331e-5 9.5591e-6 1 -0.5000334 0.8660063 1.96099e-5 -0.5267122 0.8500437 2.1521e-5 -5.46176e-6 0 -1 5.26309e-5 2.28621e-5 1 -0.2672525 0.9636266 -1.78814e-5 -0.499972 0.8660416 -1.87522e-5 -3.74481e-6 0 -1 1.38187e-6 -3.39729e-6 -1 -3.32855e-6 -1.67955e-5 1 -0.01744782 0.9998479 -6.10948e-6 -0.2672963 0.9636144 2.01166e-6 1.38043e-6 0 -1 2.57045e-6 6.58631e-6 1 8.9705e-6 8.01682e-6 1 -0.2672179 0.9636361 1.3873e-5 -1.14779e-5 0 -1 -3.81516e-5 -5.58481e-6 1 2.23247e-5 1 -3.57628e-6 -0.017488 0.9998471 -4.99212e-6 3.19183e-5 1.43051e-6 1 0.254117 0.9671736 -1.40667e-5 8.44896e-6 1 -1.05351e-5 1.3534e-5 -1.65701e-5 1 3.51667e-6 -1.55494e-5 1 2.0247e-5 1 -1.53087e-5 7.77394e-5 3.12477e-5 1 0.491602 0.8708201 9.59635e-6 0.2540667 0.9671868 1.93417e-5 3.86238e-5 -2.563e-6 1 4.95613e-5 -6.31809e-6 1 0.2541664 0.9671606 -1.47447e-5 3.86238e-5 -1.22488e-5 1 0.5000178 0.8660152 -3.9041e-6 0.4915655 0.8708406 6.12438e-6 -1.77923e-5 -4.41041e-6 -1 -1.76728e-5 -1.48118e-5 1 4.61638e-5 -6.00573e-5 1 0.4916043 0.8708187 1.394e-5 1.88615e-6 -4.40334e-6 -1 -1.39996e-5 1.40443e-5 1 0.7071339 0.7070798 1.64807e-5 0.5000127 0.8660181 8.9407e-6 -5.47306e-6 -4.34604e-6 -1 0.8443883 0.4874851 0.2221865 0.8660224 0.5000054 7.22706e-6 0.707113 0.7071005 -1.38581e-6 0.7853322 0.5778223 0.2222046 0.8443992 0.4874604 0.2221991 0.7070968 0.7071169 -1.72257e-5 0.5168903 0.377577 0.7682839 0.7852858 0.5778784 0.2222223 0.7071274 0.7070863 -4.84288e-6 0.03412175 0.02451163 0.9991171 0.5169939 0.3775185 0.7682429 0.7071439 0.7070697 4.20138e-5 0.01695978 0.01217627 0.999782 0.03412204 0.02452135 0.9991168 0.7071036 0.7071101 1.13934e-4 3.52562e-5 4.27663e-5 1 0.01700836 0.01218807 0.9997811 0.7070921 0.7071215 -3.05772e-5 2.93553e-5 -8.16584e-6 1 -1.84774e-5 4.72516e-5 1 0.7070991 0.7071145 2.11946e-5 -7.50942e-6 0 -1 0.8930784 0.3911992 0.2222027 0.965929 0.2588072 -1.32695e-5 0.8660215 0.5000069 1.2219e-6 0.8443765 0.4874926 0.2222146 0.8930781 0.3911927 0.2222158 0.8660141 0.5000197 -6.84947e-6 -4.13808e-6 0 -1 -4.56907e-6 2.81632e-5 1 1 -2.08244e-5 -1.93119e-5 0.9659196 0.2588424 2.82079e-5 0.8930665 0.3912247 0.2222058 8.61287e-6 -1.5974e-5 1 0.9659156 0.2588573 1.57654e-5 2.84439e-6 0 -1 -7.24196e-6 -4.87268e-5 1 0.9659186 -0.2588462 3.03984e-6 1 -5.45941e-5 -9.01613e-6 -1.50962e-5 0 -1 6.16908e-6 3.88467e-5 1 6.65896e-6 1.15782e-5 1 1 2.7217e-5 -2.3758e-6 2.57533e-6 0 -1 5.68882e-6 0 -1 5.08331e-6 0 1 0.01908403 0.00858879 0.999781 1.85901e-5 4.84218e-6 1 1.832e-5 4.31854e-6 1 0.03820049 0.01720184 0.999122 0.01910114 0.008599162 0.9997806 1.78739e-5 2.56859e-6 1 0.5854892 0.2588783 0.7682347 0.03831154 0.01731133 0.9991159 9.74536e-6 2.93069e-5 1 0.8930816 0.3911911 0.2222051 0.5854067 0.2588917 0.7682931 1.06096e-5 4.46439e-5 1 -5.5231e-7 0 1 0 0 1 -0.2103137 0.6656696 0.7159974 -1.44392e-5 -1.35005e-5 1 0.01907521 0.008596777 0.9997811 1.80817e-7 0 1 0.7899258 0.6132026 -6.92159e-6 -1.68681e-5 9.05991e-6 1 -1.18077e-4 -5.96046e-7 1 0.7899582 0.6131608 4.13358e-5 2.148e-5 1.17719e-5 1 -0.1934879 0.6912373 0.6962425 -0.2102977 0.6656475 0.7160226 -0.1935126 0.691252 0.696221 -1.7643e-5 -3.03853e-5 1 -0.2102966 0.6656504 0.7160201 0.01906889 0.008608937 0.9997811 0.03820401 0.01719069 0.9991221 -0.2101963 0.6651789 0.7164877 0.03811454 0.01781457 0.9991146 0.5853881 0.259162 0.768216 0.4587134 0.855616 0.2397988 0.5855066 0.2591925 0.7681155 0.8931101 0.3911822 0.2221055 -0.2100888 0.6652448 0.716458 0.5854976 0.25919 0.7681231 -0.3419685 0.9397114 -4.0016e-4 -0.3420795 0.9396711 -1.00583e-4 -0.3420516 0.9396811 -3.14564e-4 0.5853648 0.2591895 0.7682245 -0.3415468 0.9398648 1.67161e-4 -0.3420975 0.9396646 -1.0097e-4 0.5854617 0.259181 0.7681535 -0.1334969 0.987319 0.08590644 -0.341609 0.9398422 1.99653e-4 0.5854864 0.2593103 0.7680912 0.4587197 0.8556097 0.239809 -0.1334967 0.9873273 0.08581048 0.5854197 0.2592047 0.7681776 0.5020965 0.357607 0.7874112 0.8930791 0.3911949 0.2222079 0.8443907 0.4874719 0.2222061 0.5608358 0.2555861 0.787489 0.4571885 0.8567778 0.2385593 0.8930787 0.3912054 0.2221913 0.5022014 0.3575779 0.7873576 0.5607925 0.2560957 0.7873544 0.8930804 0.3912073 0.2221809 0.5020973 0.357631 0.7873998 0.8443785 0.4875029 0.2221843 0.7853333 0.5778109 0.2222304 0.9703422 -0.03048628 0.2398059 0.785014 0.5782893 0.222114 0.516837 0.3779163 0.7681528 0.970547 -0.03238421 0.2387254 0.5016992 0.3577691 0.7875908 0.7853229 0.5778313 0.2222141 0.6426981 -0.7661195 -1.07288e-4 0.516866 0.3778962 0.7681433 0.03413093 0.02451586 0.9991167 0.970337 -0.03050351 0.2398245 0.5168122 0.3779269 0.7681644 0.7882747 -0.6092965 0.08591264 0.7209167 -0.6915906 0.04451578 0.7882866 -0.6092805 0.08591645 0.5168483 0.377818 0.7681936 0.7208939 -0.6916155 0.04449915 0.5168115 0.377915 0.7681708 0.6430758 -0.7658025 1.86116e-4 0.6427021 -0.7661162 -1.09911e-4 0.6430799 -0.7657991 1.19686e-4 0.5168181 0.3778936 0.7681769 0.486779 -0.4978191 0.7177899 0.03407824 0.0244953 0.9991189 0.01699101 0.01217818 0.9997816 0.484287 -0.5319917 0.6945869 0.03408807 0.02450275 0.9991185 0.4868007 -0.49779 0.7177954 0.642783 -0.7660484 -6.17355e-5 0.03407698 0.02447652 0.9991195 0.4846029 -0.5322704 0.694153 0.4867916 -0.4978101 0.7177876 0.01707714 0.01231044 0.9997784 -1.49353e-5 -3.16459e-5 1 -7.96483e-7 0 1 0.4867947 -0.4978052 0.7177889 -2.55406e-5 -3.04393e-5 1 -2.07424e-5 6.59376e-6 1 -5.71096e-7 0 1 -3.49266e-7 0 1 4.00394e-7 0 1 -0.01698672 0.01219481 0.9997814 -4.25568e-6 4.75161e-6 1 -4.82751e-6 4.35021e-6 1 -0.03408473 0.02449971 0.9991186 -0.01699584 0.01228499 0.9997801 -5.45755e-7 1.57952e-6 1 -0.5169738 0.3776187 0.7682073 -0.03412812 0.02450728 0.999117 -9.99868e-6 4.50015e-6 1 -0.4713107 -0.5150027 0.7159877 -2.98023e-6 5.21541e-6 1 -0.01700794 0.01221591 0.9997808 -0.9906998 -0.1360661 2.00924e-5 -3.63886e-5 2.96682e-5 1 -6.16908e-6 -1.55792e-5 1 -3.42903e-6 0 1 1.94502e-6 0 1 -0.9907085 -0.136003 2.21729e-5 -9.05991e-6 -2.14726e-5 1 -0.5018756 -0.5131629 0.6962649 -0.4712967 -0.5150147 0.7159884 -0.5018801 -0.5132178 0.6962212 3.89814e-5 -2.27988e-6 1 -0.4713025 -0.5150073 0.71599 -0.01701539 0.01229029 0.9997798 -0.034114 0.02453011 0.999117 -0.4710258 -0.5145761 0.7164818 -0.0344088 0.02397423 0.9991202 -0.5172029 0.3773645 0.7681779 -0.64274 -0.7660846 -1.01358e-4 -0.6427625 -0.7660655 -3.12924e-4 -0.5172219 0.3773987 0.7681483 -0.4709821 -0.5145961 0.7164962 -0.517265 0.3773948 0.7681213 -0.6427792 -0.7660515 -4.11056e-4 -0.6427253 -0.7660968 -1.03891e-4 -0.5172255 0.3773998 0.7681455 -0.6431162 -0.7657687 1.03056e-4 -0.7882807 -0.6092929 0.08588236 -0.6431033 -0.7657795 2.12058e-4 -0.5172629 0.3774486 0.768096 -0.9703367 -0.03051459 0.2398239 -0.7882963 -0.6092724 0.08588469 -0.5172157 0.3774061 0.7681489 -0.3774999 0.9260097 -1.44616e-5 2.3514e-5 2.89381e-5 1 -1.84141e-5 -5.30481e-6 1 0.2696228 0.9629661 -1.45938e-6 0.1877128 0.6704967 0.7177731 -2.10404e-5 9.56655e-6 1 -0.3774601 0.9260259 -8.37445e-6 0.2695363 0.9629904 3.62396e-5 -4.13507e-5 2.39871e-5 1 -0.6124069 0.3535127 0.7070972 1.37091e-5 1.30311e-5 1 7.21216e-6 -1.9908e-5 1 -0.61237 0.3536031 0.7070841 -0.377509 0.926006 -1.95056e-5 -5.4948e-6 -1.41561e-6 1 -0.612393 0.35348 0.7071257 1.20103e-5 -1.35005e-5 1 -0.866008 0.5000302 1.4788e-5 -0.9906941 -0.1361082 1.94311e-5 -0.8659927 0.5000568 2.79248e-5 7.4436e-6 -4.3422e-5 1 0 -0.4999997 0.8660257 0 -0.5000003 0.8660253 0 -0.4999995 0.8660258 -2.5481e-6 -0.4999951 0.8660283 6.94394e-6 -0.5000042 0.8660231 0.2672219 -0.2672982 0.9258208 0.2672284 -0.2673052 0.925817 0.2672217 -0.2672985 0.9258208 0.5000019 -2.03699e-5 0.8660243 1.75722e-5 -0.5000219 0.8660128 0.2672222 -0.2673056 0.9258186 0.2672125 -0.2672969 0.9258239 0.4999998 0 0.8660256 0.2672171 -0.2672932 0.9258236 0.4999861 -4.00841e-6 0.8660336 0.4999926 -1.074e-5 0.8660297 0.4999986 0 0.8660264 0.5000019 0 0.8660244 0.5000002 0 0.8660254 0.4999975 0 0.8660269 0.5000112 1.52588e-5 0.866019 0.500007 1.03023e-5 0.8660214 0.2672933 0.2672185 0.9258231 0.267305 0.2672287 0.9258169 0.2672983 0.2672219 0.9258208 2.0206e-5 0.5000021 0.8660243 0.500004 2.58163e-6 0.8660231 0.2673074 0.2672272 0.9258166 0.2672982 0.2672181 0.9258219 0 0.4999991 0.8660259 0.2672884 0.267214 0.925826 3.41237e-6 0.4999872 0.8660328 1.0116e-5 0.4999938 0.866029 0 0.5000004 0.8660253 0 0.4999995 0.8660257 0 0.5000001 0.8660253 2.01064e-5 -3.31719e-4 1 2.01054e-5 -3.31726e-4 1 2.01333e-5 -3.31728e-4 1 2.5481e-6 0.4999951 0.8660283 -6.94394e-6 0.5000042 0.8660231 -0.2672219 0.2672982 0.9258208 0 0.5000004 0.8660252 -1.62576e-6 0 1 -0.2672289 0.2673054 0.9258167 -0.2672222 0.2672986 0.9258207 -0.5000022 2.05189e-5 0.8660241 -0.2672123 0.2672963 0.9258241 -1.74046e-5 0.5000214 0.8660131 -0.267222 0.267305 0.9258188 -0.4999998 0 0.8660256 -0.2672171 0.2672932 0.9258236 -0.4999861 4.00841e-6 0.8660336 -0.4999926 1.074e-5 0.8660297 -0.499999 0 0.8660261 -0.500002 0 0.8660243 -0.5000023 0 0.8660241 -0.5000001 0 0.8660253 0.6991055 -0.7150186 -2.0653e-5 0.4868015 -0.4977954 0.7177912 6.73532e-6 8.77529e-5 1 0.789925 -0.6132035 -2.92063e-6 0.6991441 -0.7149809 8.01682e-6 2.16961e-5 1.39326e-5 1 0.8660058 -0.500034 2.46167e-5 0.7898851 -0.6132551 2.12491e-5 -4.73857e-6 -1.30057e-4 1 0.7898991 0.6132369 2.98023e-7 0.8659951 -0.5000525 -5.96046e-7 -2.23052e-5 1.34744e-5 1 -0.9687666 -0.2479748 4.79668e-5 -0.674497 -0.1726764 0.7178 -3.5584e-5 5.70938e-5 1 -0.1361035 -0.9906946 1.90139e-5 -0.9687659 -0.2479774 2.93255e-5 1.91629e-5 -1.07586e-5 1 0.8660289 -0.4999941 2.84016e-5 -0.1361147 -0.9906931 -6.95791e-6 -3.63588e-6 2.2769e-5 1 -0.5000106 -1.51098e-5 0.8660193 -0.5000064 -1.0103e-5 0.8660218 -0.2672927 -0.2672184 0.9258235 -0.2673053 -0.2672292 0.9258167 -0.2672985 -0.2672225 0.9258205 -2.04146e-5 -0.5000026 0.866024 -0.5000046 -2.74181e-6 0.8660228 -0.2673081 -0.2672273 0.9258164 -0.2672988 -0.2672182 0.9258217 0 -0.4999995 0.8660257 -0.2672925 -0.2672179 0.9258237 -3.18885e-6 -0.4999867 0.8660331 -9.96701e-6 -0.4999932 0.8660293 0.2185127 0.6853964 0.6946108 0.1876923 0.6705023 0.7177732 0.2695685 0.9629814 -1.2815e-5 -0.3419874 0.9397045 2.68221e-7 0.269607 0.9629704 1.01598e-5 -0.3775122 0.9260048 1.47698e-5 0.3420093 0.9396967 0 0.3060296 0.952022 -1.44774e-6 0.2695897 0.9629753 3.60422e-7 0.2185261 0.685388 0.6946148 0.2695814 0.9629777 -4.47035e-6 0.3059827 0.9520372 8.43592e-6 -0.3419853 0.9397054 -9.37283e-6 0.3419842 0.9397058 -3.2587e-5 0.2695997 0.9629725 2.03401e-6 -0.6124404 0.3534881 0.7070806 -0.8660172 0.5000143 1.66595e-5 -0.37747 0.9260218 1.08778e-5 -0.3420079 0.9396972 1.21743e-5 -0.3774887 0.9260142 8.13324e-6 -0.8660128 0.5000219 -1.51843e-5 -0.8660202 0.500009 5.11733e-7 -0.8660202 0.500009 0 -0.990698 -0.1360784 -1.26064e-5 -0.8660125 0.5000227 0 -0.3420007 0.9396998 1.18762e-5 -0.8660125 0.5000225 -4.49397e-6 -0.990695 -0.136101 2.14279e-5 -0.501914 -0.5132066 0.696205 -0.6991589 -0.7149664 -2.00868e-5 -0.6714144 -0.7410822 1.0252e-5 -0.6991752 -0.7149505 -1.20789e-6 -0.5019161 -0.513197 0.6962106 -0.9848181 -0.1735902 9.87481e-6 -0.9906929 -0.1361162 5.90179e-6 -0.6991518 -0.7149733 -2.57045e-6 -0.9848198 -0.1735799 2.58088e-5 -0.6991081 -0.7150161 -7.61449e-6 -0.6714975 -0.7410069 5.28991e-6 -0.6713816 -0.7411119 1.59089e-5 -0.5018407 -0.5132252 0.6962441 -0.6428237 -0.7660143 1.7494e-5 -0.4712909 -0.5149953 0.7160062 -0.6428231 -0.7660148 6.97374e-6 -0.5018187 -0.5132371 0.6962513 -0.9848153 -0.1736056 1.57626e-5 -0.8660209 0.5000078 -8.03173e-6 -0.9906973 -0.1360841 9.72487e-6 -0.9848156 -0.1736037 -5.51343e-6 -0.6714996 -0.741005 1.58548e-5 -0.6428187 -0.7660185 -7.07246e-6 -0.6428079 -0.7660275 4.77126e-7 -0.9848197 -0.1735802 1.22637e-5 -0.6428079 -0.7660275 -1.91563e-5 -0.6427873 -0.7660447 5.8324e-7 0.3419981 0.9397007 -2.87543e-7 0.3419981 0.9397007 -4.19503e-7 0.3060368 0.9520197 2.05426e-6 0.2185096 0.6854136 0.6945947 0.3060253 0.9520235 3.93391e-6 0.341991 0.9397032 7.38853e-6 0.3420201 0.9396927 0 0.3420207 0.9396925 2.26152e-6 0.2187079 0.6858269 0.6941242 0.3421065 0.9396612 -3.89069e-4 0.342109 0.9396604 -8.64267e-5 0.2418009 0.6644892 0.7070972 0.3420091 0.9396967 -2.22921e-5 -0.3420124 0.9396955 -1.88351e-5 0.3420085 0.9396969 -1.99378e-5 0.3420202 0.9396926 -1.96099e-5 0.241808 0.664473 0.70711 1.90362e-5 6.83963e-6 1 -0.3420132 0.9396952 -1.31279e-5 -0.8660097 0.5000273 -1.64211e-5 -1.2964e-5 1.41971e-5 1 0.2419074 0.6644835 0.7070661 -0.342054 0.9396803 -2.12491e-5 2.63527e-5 1.27405e-5 1 -0.8660153 0.5000176 1.5378e-5 -0.984812 -0.173624 -2.38419e-6 2.99066e-5 -1.44541e-5 1 -3.01376e-5 1.36793e-5 1 -0.8660193 0.5000107 -2.01166e-6 4.76837e-7 2.03066e-5 1 -0.9847983 -0.173702 -1.56313e-5 -0.642814 -0.7660223 -1.38432e-5 -0.642787 -0.766045 0 -0.4471132 -0.5328857 0.7184168 -0.6427983 -0.7660356 -5.84125e-6 -0.6423841 -0.7663829 -7.53999e-6 -0.4542393 -0.5419028 0.7071124 -0.6428097 -0.766026 -1.47521e-5 -0.4471336 -0.5328317 0.7184441 1.49012e-5 -5.21541e-5 1 -0.6427823 -0.7660489 -1.04606e-5 -0.4545201 -0.5416958 0.7070906 -0.7883371 -0.6092323 0.08579498 -0.7208818 -0.6916279 0.04450315 -0.6430377 -0.7658345 2.2956e-4 -0.5279883 -0.4075782 0.7450559 -0.6427381 -0.7660861 2.75671e-5 -0.720561 -0.6919739 0.04431772 -0.4471102 -0.5328914 0.7184145 -0.6427846 -0.766047 -7.83801e-6 -0.5280091 -0.4075547 0.7450541 -0.5279702 -0.4075923 0.745061 -0.7205718 -0.6919633 0.04430788 -0.7886289 -0.6088131 0.08608871 -0.5282206 -0.4070932 0.7451565 -0.7886372 -0.6088067 0.08605694 -0.9705756 -0.03238159 0.2386094 -0.4545037 -0.5417112 0.7070893 -0.4474135 -0.5326309 0.7184188 -1.1608e-5 8.16584e-6 1 2.05486e-5 0 1 2.0206e-5 1.12057e-5 1 -0.4545046 -0.5416919 0.7071036 7.46548e-6 1.90735e-5 1 -2.31189e-6 0 1 6.86118e-5 0 1 -7.39098e-6 -3.18699e-5 1 -0.4544842 -0.5417131 0.7071005 -9.68575e-6 -1.055e-5 1 -5.20616e-6 0 1 0.2456963 0.6751235 0.6955872 0.2421849 0.6643428 0.7071034 1.49384e-5 -2.43187e-5 1 0.2448937 0.6753848 0.6956166 0.3419851 0.9397054 1.06692e-5 0.2418951 0.6644914 0.7070629 8.3372e-6 3.12924e-6 1 0.2457085 0.6750997 0.6956061 1.9297e-6 2.6226e-6 1 -1.36616e-6 0 1 0.2388015 0.9700525 0.04440528 0.3419802 0.9397072 1.78162e-6 0.2456586 0.6751238 0.6956003 0.08899843 0.6610043 0.7450857 0.2457044 0.6751077 0.6955997 -1.54674e-5 -1.0848e-5 1 0.2387947 0.9700552 0.04438608 0.2457022 0.6751041 0.6956041 0.1329931 0.98737 0.08610045 0.08898353 0.6610127 0.7450801 0.1329552 0.9873744 0.08610904 0.2457121 0.6751047 0.6955999 -1 -2.39313e-5 4.68746e-5 -1 -2.39313e-5 0 -2.39313e-5 -1 -1.9744e-5 -2.39313e-5 1 5.03078e-5 -2.39313e-5 1 1.71665e-6 -1 2.39313e-5 -1.81198e-5 -1.54078e-5 1 1.98036e-5 -1 -1.56164e-5 -4.82256e-5 -1 -1.56164e-5 0 2.39313e-5 -1 5.03078e-5 2.39313e-5 -1 1.71665e-6 1 -2.39313e-5 -1.81198e-5 -1.54078e-5 -1 1.71667e-6 -1 1.56164e-5 2.16365e-5 -1.54078e-5 -1 -4.479e-5 1 2.39313e-5 4.68746e-5 1 2.39313e-5 0 2.39313e-5 1 -1.9744e-5 1.54078e-5 -1 1.98036e-5 1 1.56164e-5 -4.82256e-5 1 1.56164e-5 0 1 -1.5676e-5 2.16663e-5 1.54674e-5 1 -4.47901e-5 1.54078e-5 1 1.71667e-6 0.7899277 0.6132 2.78056e-5 -0.1935242 0.691199 0.6962703 -0.2695742 0.9629797 -1.49012e-6 -0.3059944 0.9520334 -3.27826e-6 -0.2695914 0.9629749 -1.09603e-5 -0.1934867 0.6912412 0.6962388 0.7660088 0.6428303 -4.85964e-5 0.7899247 0.613204 -2.43532e-5 -0.2695844 0.9629769 3.0756e-5 0.7660132 0.6428249 -3.84748e-5 -0.2695866 0.9629762 -2.16365e-5 -0.3060303 0.9520217 -4.35859e-6 -0.3419817 0.9397067 -1.01924e-5 -0.3060363 0.9520199 -1.10483e-5 -0.1935004 0.6912899 0.6961867 -0.210294 0.6656769 0.7159964 -0.3419709 0.9397106 -1.32918e-5 -0.193517 0.691268 0.6962038 0.484384 -0.5318822 0.6946032 0.486789 -0.4977809 0.7178097 0.6991166 -0.7150077 -2.28137e-5 0.7660257 -0.6428101 -2.05659e-6 0.6991199 -0.7150045 -2.61178e-6 0.7899131 -0.613219 4.67163e-6 0.766004 -0.6428359 2.7772e-6 0.6428329 -0.7660066 -4.29619e-6 0.6991572 -0.714968 -1.69617e-6 0.6714887 -0.7410148 -1.14751e-6 0.6991246 -0.7149999 0 0.6428256 -0.7660127 3.17895e-6 0.4842876 -0.5319995 0.6945805 0.699105 -0.715019 -3.27826e-6 0.6715124 -0.7409933 8.85688e-6 0.7660352 -0.6427987 1.72551e-6 0.7899214 -0.6132082 2.06893e-6 0.8660127 -0.500022 2.44938e-6 0.8660241 -0.5000023 -2.40731e-5 0.8660241 -0.5000023 0 0.789906 0.613228 1.65701e-5 0.7660253 -0.6428105 -2.6701e-6 0.8660158 -0.5000167 -8.79602e-6 0.8660159 -0.5000167 4.9548e-7 0.7660535 0.6427769 -4.25624e-5 0.8660084 -0.5000296 -3.10242e-5 0.789907 0.6132267 5.92414e-5 0.7660818 0.6427432 4.00245e-5 -0.3060074 0.9520292 -9.14931e-6 -0.3419969 0.9397012 -1.87084e-5 -0.3420193 0.9396929 -5.83241e-7 0.7660529 0.6427776 -1.95503e-5 -0.3419879 0.9397044 3.8214e-6 -0.341988 0.9397044 -4.9603e-7 -0.3420206 0.9396924 1.97532e-6 -0.1333168 0.9873448 0.08588975 -0.238551 0.9701142 0.04440617 -0.3416342 0.9398331 1.80356e-4 -0.08898282 0.661005 0.7450869 -0.3420293 0.9396893 -1.20997e-5 -0.2388994 0.9700337 0.04429167 -0.2378858 0.6537126 0.7183802 -0.3420091 0.9396966 -1.17719e-5 -0.3425145 0.9395126 -1.15335e-5 -0.2378988 0.6536427 0.7184396 -0.342019 0.939693 1.81496e-5 -0.08901238 0.6610062 0.7450824 -0.08901458 0.6610106 0.7450782 -0.2389096 0.9700315 0.04428541 -0.1329922 0.9873698 0.08610516 -0.08852249 0.661043 0.745108 -0.1329818 0.9873664 0.08615928 0.4571806 0.8567501 0.2386737 0.5608151 0.2555989 0.7874997 -2.54512e-5 2.10404e-5 1 0.4571643 0.8567548 0.2386885 -0.08852785 0.6610277 0.745121 0.4571778 0.8567485 0.2386849 -1.77324e-5 1.78134e-5 1 1.17719e-5 1.03265e-5 1 0.7660225 0.6428139 3.16799e-5 -0.3419926 0.9397026 -8.15093e-5 -0.2419089 0.6644287 0.7071171 3.4675e-5 -3.47644e-5 1 -0.3419878 0.9397044 -1.08108e-5 -0.2379128 0.6537029 0.7183802 -0.2421932 0.6643241 0.7071181 -0.342019 0.9396931 -9.95398e-6 0.612367 -0.3536046 0.7070859 0.8660058 -0.5000342 5.0664e-7 0.766037 0.6427966 5.15729e-5 0.7660391 -0.642794 -9.65595e-6 0.8660205 -0.5000085 -1.4565e-5 0.6124142 -0.3535051 0.7070948 1.10269e-6 -3.03127e-5 1 -1.72853e-6 -2.44603e-5 1 0.7660208 0.6428158 1.847e-5 0.6123789 -0.3535807 0.7070875 0.7660628 0.6427658 3.72529e-6 2.0206e-5 -7.92742e-6 1 1.73809e-5 0 1 0.4544699 -0.5417342 0.7070935 0.612416 -0.3535073 0.7070922 2.29478e-6 -1.1012e-5 1 -6.7655e-6 0 1 0.4545007 -0.5417129 0.70709 5.42402e-6 -1.88351e-5 1 1.3113e-6 -1.46851e-5 1 -0.2417847 0.6644864 0.7071055 -4.78327e-6 -8.19564e-6 1 3.03835e-5 -2.61962e-5 1 -1.61764e-6 0 1 2.27466e-5 -8.9705e-6 1 7.89762e-6 -1.2517e-5 1 -0.2418969 0.6644144 0.7071347 1.36616e-6 0 1 -0.2375842 0.6538156 0.7183865 8.38935e-6 4.70877e-6 1 -0.241878 0.664434 0.7071228 0.6428068 -0.7660284 -1.71065e-5 0.6124464 -0.3534803 0.7070793 0.4545038 -0.5416928 0.7071034 0.7660512 -0.6427796 1.90735e-6 0.612397 -0.3534929 0.7071157 0.6427466 -0.7660789 4.61936e-6 -8.84896e-6 0 1 -0.2379052 0.653707 0.7183789 1.92225e-6 -1.47521e-5 1 -6.85453e-6 -1.29165e-5 1 6.99044e-5 0 1 0.560781 0.2559922 0.7873961 1.66893e-5 -2.07871e-5 1 -5.73695e-7 1.06096e-5 1 -0.2379237 0.6536917 0.7183868 -0.08897948 0.6610143 0.7450791 1.87457e-5 2.80887e-6 1 -3.56892e-5 0 1 8.0973e-7 0 1 -1.25575e-6 0 1 0.4544957 -0.5416945 0.7071073 -1.01328e-5 -4.05312e-6 1 -2.44193e-6 5.49108e-6 1 1.30155e-6 0 1 0.4618123 -0.5503807 0.6955649 2.5183e-5 -2.68221e-7 1 1.65254e-5 1.13249e-6 1 0.4542222 -0.541922 0.7071088 1.2368e-6 -1.95503e-5 1 0.4617396 -0.5503956 0.6956014 0.527922 -0.407572 0.7451063 -3.67761e-5 -1.70469e-5 1 -1.0673e-6 2.11969e-6 1 0.461813 -0.5503274 0.6956065 -2.17557e-6 -1.17924e-5 1 0.5279952 -0.4075566 0.745063 0.5607961 0.2560914 0.7873532 1.63913e-6 2.64496e-5 1 1.18911e-5 8.16584e-6 1 0.5020993 0.3576117 0.7874072 -5.87106e-6 1.97589e-5 1 0.5607143 0.2561191 0.7874025 0.5282098 -0.40714 0.7451387 -1.48714e-5 4.05908e-5 1 0.50167 0.3578954 0.787552 0.7886105 -0.6088323 0.0861212 0.5282168 -0.4071488 0.7451288 0.5016692 0.3578768 0.7875609 0.9705504 -0.03238964 0.2387106 0.7885826 -0.6088743 0.08607912 0.5016126 0.3579057 0.7875838 0.4618159 -0.5503317 0.6956012 0.5278818 -0.4076151 0.7451114 0.7886251 -0.6088147 0.08611112 0.4618277 -0.5502888 0.6956275 0.7885643 -0.6088947 0.08610242 0.7206721 -0.6918517 0.04441797 0.4617895 -0.5503734 0.6955857 0.7206556 -0.6918702 0.04439908 0.6428357 -0.7660042 -6.177e-6 0.4544887 -0.5417101 0.7070999 0.4624642 -0.5498104 0.6955829 0.6427711 -0.7660584 1.40667e-5 0.6427892 -0.7660431 -1.82688e-5 0.4544678 -0.5417143 0.7071101 0.6428008 -0.7660334 -2.0057e-5 0.6427875 -0.7660447 7.00484e-7 0.64279 -0.7660425 0 0.6427567 -0.7660704 -2.32016e-7 0.6715142 -0.7409918 4.36557e-7 0.6427566 -0.7660706 8.56343e-7 0.484369 -0.531984 0.6945357 0.6713812 -0.7411122 1.54376e-5 0.6428126 -0.7660236 2.01414e-5 0.6427105 -0.7661092 -7.90954e-5 0.4846479 -0.5322919 0.694105 0.6427503 -0.7660757 -4.01109e-4 0.9260176 -0.3774806 -1.50502e-6 0.6954184 -0.1780163 0.6962065 0.9687616 -0.2479938 5.0962e-6 0.9774892 -0.2109858 -2.12491e-5 0.9687637 -0.2479855 1.36757e-5 0.6954106 -0.1779621 0.6962281 0.9397041 -0.3419888 -1.24978e-6 0.926003 -0.3775162 3.76755e-6 0.9687612 -0.2479961 -5.39236e-7 0.9396958 -0.3420116 -3.67686e-6 0.9687633 -0.2479875 1.08406e-6 0.9774916 -0.2109749 -5.32449e-6 0.9848123 -0.1736223 1.2666e-5 0.9774927 -0.2109696 1.06487e-5 0.6954314 -0.1779726 0.6962047 0.6816287 -0.1507148 0.716008 0.9848104 -0.1736335 1.7114e-5 0.6954179 -0.1779856 0.6962148 -0.702854 -0.1535153 0.6945713 -0.6744849 -0.1727003 0.7178055 -0.9687686 -0.2479666 -2.59876e-5 -0.1736108 -0.9848144 -2.41399e-5 -0.9687669 -0.2479735 1.84001e-5 -0.1359943 -0.9907097 -7.32951e-6 -0.1737022 -0.9847983 -3.89069e-5 -0.9847981 -0.173703 -5.78817e-5 -0.9687661 -0.2479766 -4.41521e-5 -0.9774847 -0.2110069 3.14438e-7 -0.9687615 -0.2479948 3.98955e-7 -0.984818 -0.1735907 -8.72882e-7 -0.7027971 -0.1535162 0.6946288 -0.9687673 -0.2479717 9.56655e-6 -0.9774897 -0.2109839 2.36481e-5 -0.173595 -0.9848172 -2.2294e-5 -0.1361224 -0.9906921 5.78165e-6 0.8660295 -0.4999929 1.8537e-5 0.8660172 -0.5000143 -2.91917e-7 0.8660172 -0.5000143 0 0.9260128 -0.3774923 2.95928e-6 -0.1736142 -0.9848138 -1.89245e-5 0.8660081 -0.50003 3.58202e-5 0.8660081 -0.50003 0 0.9396963 -0.34201 -1.69151e-7 0.8660219 -0.5000061 -6.54533e-6 0.9260129 -0.3774917 -4.22169e-6 0.9397001 -0.3419995 -1.1418e-6 0.9774878 -0.2109919 2.62726e-6 0.9848139 -0.1736137 5.38514e-6 0.9848077 -0.1736484 0 0.9396988 -0.3420032 -3.15718e-6 0.9848127 -0.1736199 3.28323e-6 0.9848127 -0.1736199 0 0.9848077 -0.1736488 -2.46915e-7 0.9217628 -0.3781461 0.08578425 0.9594308 -0.2784074 0.04452043 0.9847196 -0.1741478 1.80341e-4 0.6169734 -0.2533814 0.7450784 0.9848219 -0.1735688 7.51019e-6 0.9595258 -0.2781161 0.04429244 0.6850306 -0.1208245 0.7184252 0.9848198 -0.1735803 6.49691e-6 0.9848995 -0.1731267 6.91414e-6 0.6850175 -0.120799 0.7184419 0.9848191 -0.1735844 -1.1906e-5 0.6169838 -0.2534228 0.7450557 0.6169798 -0.2533767 0.7450746 0.9595251 -0.2781165 0.04430401 0.921587 -0.3785005 0.08610939 0.6167168 -0.253907 0.745112 0.9215907 -0.3784926 0.08610558 0.5134008 -0.8242888 0.238679 -0.05900937 -0.6134302 0.7875414 -1.34856e-5 -3.34978e-5 1 0.5134103 -0.8243111 0.2385818 0.6166932 -0.2538712 0.7451437 0.5133696 -0.8243066 0.2386847 2.05413e-5 1.22041e-5 1 0.6963966 -0.1227917 0.7070744 0.9397084 -0.341977 -1.19805e-5 0.9848165 -0.1735985 8.48924e-6 0.685014 -0.1208092 0.7184434 0.6964215 -0.1224271 0.707113 0.9848188 -0.1735859 -1.49012e-5 0.6963881 -0.1228 0.7070811 0.8660026 -0.5000396 5.90086e-6 0.9396989 -0.3420031 4.44055e-6 0.6124202 -0.3534944 0.7070949 0.8660134 -0.5000209 5.36442e-6 0.6964073 -0.1227774 0.7070662 -4.2144e-5 7.51019e-6 1 0.8660141 -0.5000197 -2.43038e-5 0.6123873 -0.3534856 0.7071279 -0.1736134 -0.9848139 3.13222e-5 0.8659974 -0.5000485 -4.24683e-5 -1.66893e-6 -1.50651e-5 1 0.612398 -0.3535936 0.7070646 5.39422e-6 -1.08033e-5 1 7.96746e-6 1.08592e-6 1 1.65403e-5 1.66595e-5 1 0.6124074 -0.3534991 0.7071037 -5.96046e-7 1.15335e-5 1 0.6123682 -0.3536165 0.7070789 1.17123e-5 5.78165e-5 1 6.10948e-6 6.28084e-6 1 0.6123784 -0.3535413 0.7071077 0.6963959 -0.1227883 0.7070755 1.48416e-5 -2.25818e-5 1 9.08971e-6 -1.86004e-5 1 1.56462e-5 -6.15791e-6 1 0.6963939 -0.1227809 0.7070788 0 9.09253e-7 1 0.6849839 -0.1211457 0.7184156 6.49691e-6 -9.24617e-6 1 0.6963484 -0.122816 0.7071175 0.6850426 -0.1208097 0.7184161 -1.79112e-5 1.56537e-5 1 -1.42674e-5 2.24374e-5 1 -0.05859029 -0.6136988 0.7873633 -2.13478e-5 -3.78489e-6 1 1.46776e-5 -5.78165e-6 1 0.6850334 -0.1208022 0.7184262 0.6169589 -0.2533919 0.7450867 -1.71512e-5 -3.12924e-7 1 0 9.766e-7 1 0 -6.86952e-6 1 0 1.83506e-6 1 -0.1736202 -0.9848127 9.81986e-6 -3.22163e-5 2.01464e-5 1 -3.39448e-5 9.53674e-6 1 -0.7074884 -0.1248248 0.6956142 9.98378e-6 -6.1132e-6 1 8.13603e-6 8.86619e-7 1 -1.85666e-6 0 1 -1.36392e-5 6.57786e-6 1 -0.6964282 -0.1224187 0.7071078 -2.2918e-5 1.2435e-5 1 -0.7075203 -0.1247695 0.6955916 -0.1736738 -0.9848032 -7.689e-6 6.52671e-6 1.37687e-5 1 -0.6963899 -0.12279 0.7070813 -0.6169886 -0.2533832 0.7450651 -7.42078e-6 1.85743e-5 1 -2.22586e-7 -1.75163e-5 1 -0.7075174 -0.1248249 0.6955846 9.09716e-6 -5.63264e-6 1 -0.6169716 -0.2533795 0.7450805 -0.05862629 -0.6136709 0.7873825 2.20947e-5 -1.13249e-5 1 1.74716e-6 -1.21891e-5 1 0.05860584 -0.613691 0.7873682 1.54972e-5 -1.64211e-5 1 -0.0586211 -0.6136879 0.7873695 -0.6167058 -0.2538793 0.7451304 3.04878e-5 -1.09077e-5 1 0.0590837 -0.6133636 0.7875876 -1 -2.37823e-5 4.66839e-5 -1 -2.39909e-5 0 -2.40207e-5 -1 -1.97589e-5 -2.39313e-5 1 4.95892e-5 -2.39313e-5 1 -3.81388e-7 -1 2.39313e-5 -1.6287e-5 -1.57356e-5 1 1.7792e-5 -1 -1.60635e-5 -4.76977e-5 -1 -1.5676e-5 1.90741e-6 2.39313e-5 -1 5.06893e-5 2.39313e-5 -1 1.90739e-6 1 -2.39313e-5 -1.78069e-5 -1.62125e-5 -1 2.28889e-6 -1 1.59442e-5 2.20686e-5 -1.60336e-5 -1 -4.40271e-5 1 -2.38419e-5 4.74048e-5 1 2.38717e-5 1.9073e-6 2.39313e-5 1 -2.16216e-5 1.5825e-5 -1 2.00719e-5 1 1.61231e-5 -4.80349e-5 1 1.57952e-5 3.81463e-7 1 -1.53482e-5 2.31415e-5 1.5229e-5 1 -4.55087e-5 1.52886e-5 1 -3.81391e-7 -0.9215835 -0.3785164 0.08607584 -0.6167279 -0.2539013 0.7451046 0.05913192 -0.6133437 0.7875995 -0.513346 -0.8243085 0.2387289 -0.9215944 -0.3784833 0.0861057 0.05912339 -0.6133813 0.7875709 -0.7074891 -0.1248055 0.6956169 -0.6169771 -0.2533979 0.7450697 -0.9215899 -0.3784955 0.08610147 -0.7075121 -0.1248111 0.6955925 -0.9215894 -0.3784945 0.08610987 -0.959494 -0.2782081 0.04440116 -0.7075252 -0.1246866 0.6956015 -0.9595054 -0.2781723 0.04438054 -0.9848175 -0.1735936 -1.64607e-5 -0.6963891 -0.1228315 0.7070747 -0.7073364 -0.1256051 0.6956283 -0.9848098 -0.173637 -2.18451e-5 -0.9848082 -0.1736463 -1.33514e-5 -0.6963926 -0.1227786 0.7070805 -0.9848182 -0.1735894 -1.3411e-5 -0.9848077 -0.1736486 0 -0.9848081 -0.1736465 0 -0.1736022 -0.984816 2.19643e-5 -0.6963859 -0.1227974 0.7070839 -0.984816 -0.1736015 -4.11272e-6 -0.9848173 -0.1735944 1.36439e-7 -0.9774879 -0.2109916 -1.39466e-7 -0.9848173 -0.1735944 2.82242e-7 -0.7028694 -0.1534963 0.69456 -0.9774852 -0.2110041 4.64916e-6 -0.9847992 -0.1736973 5.92304e-6 -0.9848125 -0.1736217 -1.03474e-4 -0.7032938 -0.1535028 0.6941288 -0.9848153 -0.173605 -4.00335e-4 -2.74038e-5 0 1 -2.10059e-6 0 1 2.57538e-6 0 1 -8.85257e-6 4.41048e-6 1 8.55853e-6 4.25101e-6 1 0 4.40227e-6 1 1.0467e-6 0 1 -1.09178e-6 0 1 -6.59241e-6 1.62073e-5 1 1.50737e-6 0 1 -2.57538e-6 0 1 -0.612371 -0.6123769 0.4999963 -0.5747833 -0.8183057 3.18885e-6 -0.8660278 -0.4999957 7.95722e-6 -1.70132e-5 0 1 -0.7500156 -0.4329961 0.4999909 -0.6123842 -0.6123677 0.4999914 -0.8660153 -0.5000175 -2.1616e-5 1.49258e-5 0 1 -9.26049e-6 0 1 -0.4330084 -0.7499991 0.5000051 -0.5000273 -0.8660097 9.59635e-6 -0.5748058 -0.8182899 -1.57356e-5 -0.6122962 -0.6124001 0.5000596 -0.4329901 -0.7499781 0.5000525 -0.5747903 -0.8183009 -6.52671e-6 -0.2241547 -0.8365157 0.4999962 -0.04943752 -0.9987772 -2.03401e-5 -0.5000022 -0.8660241 -2.19196e-5 0 0 1 -0.4330101 -0.7499926 0.5000135 -0.2241041 -0.8365305 0.4999943 -0.4999989 -0.8660261 5.34346e-6 -9.46224e-6 -0.8660237 0.5000029 -9.27306e-6 -1 -1.03265e-5 -0.0494771 -0.9987753 -1.13547e-5 -4.81228e-7 0 1 -0.2242137 -0.836499 0.4999976 4.92805e-5 -0.8660252 0.5000004 -0.04947113 -0.9987756 -9.17912e-6 0.2241165 -0.8365138 0.5000168 0.4756017 -0.8796609 1.03414e-5 4.00096e-5 -1 6.59376e-6 1.68756e-6 -0.8660167 0.5000151 0.224133 -0.8365107 0.5000143 -4.69387e-6 -1 5.86454e-6 0.4330008 -0.7500067 0.5000003 0.500018 -0.8660151 2.11149e-5 0.4755702 -0.8796779 2.06977e-5 0.224219 -0.8365054 0.4999845 0.4329455 -0.7500188 0.5000301 0.475552 -0.8796876 2.563e-6 2.80763e-6 0 1 0.7500082 -0.4329894 0.5000079 0.866014 -0.5000199 -2.68221e-5 0.5000267 -0.86601 -2.81185e-5 0.6124457 -0.6122735 0.5000315 0.7500278 -0.4329746 0.4999914 0.5000757 -0.8659818 1.68383e-6 0.4330125 -0.7500067 0.4999899 0.6123806 -0.6123855 0.4999741 0.5000148 -0.8660169 -1.39698e-6 4.28231e-6 0 1 0.7500102 -0.4330212 0.4999773 0.8365315 -0.2240919 0.4999981 0.8660148 -0.5000185 2.14465e-5 5.29843e-6 0 1 0.8731679 -0.4129306 0.2589713 2.4499e-6 0 1 -1.23142e-6 0 1 -0.8974058 -0.3573203 0.2588149 -7.3765e-6 0 1 0.8735333 -0.41227 0.2587915 0.8734447 -0.4124397 0.2588204 0.8754082 -0.4082652 0.2588049 0.8731741 -0.4129241 0.2589609 0.873335 -0.4126483 0.2588576 0.8731866 -0.4129182 0.2589281 0.8733457 -0.4126352 0.2588432 -3.56941e-5 0 1 0.875402 -0.4082878 0.2587908 0.8754004 -0.4082873 0.2587968 0.7992881 -0.542369 0.2587941 -6.91846e-7 0 1 0.8735361 -0.4122562 0.2588042 0.8753904 -0.4083077 0.2587985 0.8753903 -0.4083077 0.2587988 7.15263e-5 0 1 0.7945577 -0.5492821 0.2587808 0.79941 -0.5423868 0.2583802 0.6922677 -0.6736012 0.2588956 0.8754023 -0.4082872 0.2587903 0.7992702 -0.5423958 0.2587937 0.794525 -0.5493143 0.2588127 -7.20217e-5 0 1 0.6840449 -0.6819423 0.2589156 0.6925169 -0.6736923 0.2579904 0.5299008 -0.8076362 0.2587067 0.7945744 -0.5492023 0.2588986 0.6922768 -0.6735917 0.258896 0.6840007 -0.681995 0.2588936 -1.98405e-5 0 1 0.5252588 -0.8106702 0.2586835 0.5299961 -0.8075783 0.2586918 0.297411 -0.91903 0.2587098 0.6841046 -0.6818877 0.258902 0.5299755 -0.8075908 0.2586951 0.5252776 -0.8106549 0.258693 -2.092e-5 0 1 0.1157944 -0.9589659 0.2587974 0.2972892 -0.9189015 0.259305 0.08348572 -0.9622922 0.2588899 0.3153886 -0.9130164 0.2587109 0.2974292 -0.9190266 0.258701 0.1158016 -0.9589685 0.2587846 0.5252687 -0.8106628 0.2586863 0.2974075 -0.9190307 0.2587109 0.3154994 -0.9134228 0.2571361 1.60619e-4 0 1 -0.05271512 -0.9644919 0.2587986 0.08351892 -0.9620212 0.2598843 -0.07478582 -0.9630306 0.2588033 0.1158151 -0.9589632 0.2587983 0.08350509 -0.9622892 0.2588949 -0.05269551 -0.9644692 0.2588872 -6.98387e-5 0 1 -0.1732019 -0.9502525 0.2588847 -0.07482069 -0.9628458 0.2594802 -0.1840894 -0.9481998 0.2588987 -0.05271297 -0.9644921 0.2587983 -0.07478445 -0.9630286 0.2588112 -0.1732052 -0.9502518 0.2588853 -2.23295e-6 0 1 -0.1732133 -0.95025 0.2588868 -0.1841008 -0.9481973 0.2588994 -0.2512163 -0.932691 0.2588007 2.40236e-6 0 1 -0.2511781 -0.9327021 0.258798 -0.2511779 -0.9327017 0.2587997 -0.2340737 -0.9370644 0.2590748 -0.1731971 -0.9502528 0.2588869 -0.251182 -0.9326998 0.2588025 -0.2512934 -0.9327506 0.258511 -7.30999e-6 0 1 -0.2338883 -0.9371041 0.259099 -0.2338968 -0.9371351 0.2589791 -0.3051049 -0.9164788 0.2588005 -0.2511844 -0.9326996 0.2588009 -0.2340454 -0.9370661 0.2590941 -0.2340454 -0.9370661 0.2590945 -0.305096 -0.9164823 0.2587988 -0.3050962 -0.9164829 0.2587966 -0.4168098 -0.871375 0.2587963 -0.233887 -0.9371045 0.2590987 -0.305094 -0.9164839 0.2587953 -0.3050871 -0.916625 0.2583034 -0.5117097 -0.819248 0.2588168 -0.4167755 -0.871393 0.2587905 -0.512973 -0.8184668 0.2587873 -0.4153938 -0.8720539 0.2587856 -0.4167922 -0.871384 0.2587938 -0.5104889 -0.8200157 0.2587963 -0.5117121 -0.819246 0.258818 -0.510486 -0.8200137 0.2588083 -0.4168075 -0.8713765 0.2587944 -0.305109 -0.9164782 0.2587978 -0.4168089 -0.8713774 0.2587893 -0.4153668 -0.8720652 0.258791 -2.26758e-6 0 1 0.8574073 -0.4448165 0.2588264 -5.03695e-7 0 1 0.7072649 0.657875 0.2587993 0.7080951 0.6569827 0.2587954 0.4664867 0.845815 0.2588191 8.54413e-7 0 1 0.8574357 -0.4447752 0.2588031 0.8573935 -0.444837 0.2588369 0.8574153 -0.4448058 0.2588183 -4.42702e-7 0 1 0.4657409 0.8462302 0.2588047 0.4664993 0.8458119 0.2588065 0.1571026 0.9530697 0.258799 -1.35565e-6 0 1 0.4657316 0.8462322 0.2588153 0.7063145 0.658897 0.2587946 0.4664933 0.8458169 0.2588011 0.7072296 0.6579094 0.258808 0.466511 0.8458039 0.2588116 0.7063599 0.6588352 0.2588276 -3.10565e-7 0 1 0.1571802 0.9530597 0.2587887 0.1571802 0.9530597 0.2587888 0.1255029 0.9577401 0.2588107 0.4657388 0.8462314 0.2588047 0.1570886 0.9530741 0.2587916 0.1570885 0.9530736 0.2587932 1.7322e-6 0 1 0.1289825 0.95728 0.2588021 0.1255006 0.9577333 0.2588369 0.1302872 0.9571024 0.2588058 0.1264947 0.9576115 0.2588039 0.125427 0.9577428 0.2588377 0.1279309 0.9574207 0.258804 0.1289643 0.9572813 0.2588066 0.1278755 0.9574236 0.2588205 0.125484 0.9577224 0.2588854 0.1572137 0.9530536 0.2587912 0.1255267 0.9577379 0.258807 0.1264958 0.9576115 0.2588032 -0.8974092 -0.3573123 0.2588139 -5.53367e-5 0 1 -0.8974021 -0.3573259 0.2588198 -0.8974018 -0.3573244 0.2588233 -0.8974087 -0.3573155 0.2588114 -0.8973885 -0.3573477 0.2588371 0.4937715 0.8301906 0.2587922 0.4937713 0.8301904 0.2587932 0.4312154 0.8643327 0.2588097 0.6039854 0.7538082 0.2587956 0.6398355 0.7236236 0.258804 0.4937708 0.8301908 0.2587925 0.6039994 0.7537935 0.2588052 0.4937726 0.8301898 0.2587924 0.4937726 0.8301889 0.2587953 0.4313172 0.8642838 0.2588031 0.3411055 0.9036976 0.2588007 0.342536 0.9031533 0.2588115 0.4322987 0.8637942 0.2588002 0.4313048 0.8642919 0.258797 0.3439871 0.9026042 0.2588023 0.4936947 0.8302321 0.2588056 0.4312859 0.8643003 0.2588002 0.4322795 0.863804 0.2587995 -0.8733323 0.4126737 0.2588266 0.3424733 0.9031804 0.2587995 0.343994 0.9026018 0.2588016 0.4312977 0.8642961 0.2587947 -4.98111e-7 0 1 -0.006593048 -0.9659031 0.2588204 -0.8733425 0.4126615 0.2588117 -0.8733313 0.4126757 0.2588263 4.42921e-6 0 1 -0.002476871 -0.9659306 0.2587894 -0.002620637 -0.9659295 0.2587922 0.4494263 -0.8550083 0.2587994 -0.006592631 -0.9659033 0.2588192 -4.96142e-7 0 1 0.4962742 -0.8286619 0.2589047 0.4494187 -0.8550138 0.2587939 0.8578906 -0.4439023 0.2587946 -0.002391219 -0.9659301 0.2587926 0.4494091 -0.8550494 0.2586931 0.4962958 -0.8286587 0.2588732 0.8578736 -0.4439156 0.258828 0.4963184 -0.8286368 0.2588996 0.8578811 -0.4439158 0.2588027 0.857884 -0.443916 0.2587927 5.41634e-6 0 1 0.8578779 -0.4439327 0.2587844 0.8578779 -0.4439328 0.2587845 0.8573613 -0.4449059 0.258825 0.8578891 -0.4438947 0.2588125 7.61733e-7 0 1 0.8574576 -0.4447262 0.2588149 0.8579267 -0.4438316 0.2587963 0.8573698 -0.4448926 0.2588196 8.3013e-6 0 1 0.8574087 -0.444831 0.2587968 0.8574066 -0.4448294 0.2588066 0.9592515 -0.1132043 0.2588849 0.8574547 -0.4447289 0.2588202 0.953817 -0.1525011 0.2587984 0.9592695 -0.1133119 0.258771 0.8815103 0.3949798 0.2587093 0.8574171 -0.4448112 0.2588033 0.9592521 -0.1131744 0.2588958 0.9538326 -0.1524135 0.2587928 0.8688164 0.422231 0.25861 0.8815122 0.3949864 0.2586931 0.6398111 0.7236396 0.2588195 0.9538313 -0.1523883 0.2588121 0.8815144 0.3949956 0.2586713 0.8688077 0.4221858 0.258713 0.868798 0.4222216 0.2586876 0.639822 0.7236315 0.2588157 0.6039827 0.7538117 0.258791 1.05501e-5 0 1 0.1119032 0.9593809 0.2589712 0.09158223 0.9615821 0.2587907 0.1100167 0.9595001 0.2593373 0.8596324 -0.4405059 0.258818 -2.57619e-5 0 1 0.08528774 0.9620548 0.2591845 0.1099932 0.9595126 0.2593011 3.88362e-4 0.9659277 0.2588118 0.116171 0.958785 0.2592986 0.1099888 0.9595118 0.2593064 0.08529227 0.9620538 0.2591865 0.1118929 0.959376 0.2589933 0.1100255 0.9595086 0.2593025 0.1159274 0.958844 0.2591893 2.3346e-6 0 1 3.45584e-4 0.9659274 0.2588129 3.45584e-4 0.9659274 0.2588129 1.02124e-5 0.9659245 0.258824 0.08540827 0.9620375 0.2592093 3.99508e-4 0.9659289 0.2588075 3.99549e-4 0.9659299 0.2588037 -2.39192e-6 0 1 7.52432e-5 0.9659287 0.2588082 7.5225e-5 0.9659275 0.2588133 0.002136528 0.9659267 0.2588075 9.73943e-6 0.9659252 0.2588217 3.21357e-5 0 1 0.002305448 0.9659227 0.2588206 0.002305388 0.9659296 0.2587951 -0.4513127 0.8541073 0.2584911 1.70386e-4 0.9659287 0.2588084 0.002135753 0.9659266 0.2588074 0.002135813 0.9659246 0.2588152 -7.94378e-6 0 1 -0.4866739 0.8344949 0.2583932 -0.451303 0.8541077 0.2585065 -0.8797035 0.3989188 0.2588161 0.00220412 0.9659294 0.2587963 -0.4512931 0.8541137 0.258504 -0.4867036 0.8344751 0.2584006 1.18014e-6 0 1 -0.8797156 0.3989 0.2588035 -0.8797127 0.3988987 0.2588158 -0.8764573 0.4060022 0.2588145 -0.4866973 0.8344764 0.2584087 -0.8797161 0.3989108 0.2587854 -0.8797113 0.3989103 0.2588025 -1.21699e-6 0 1 -0.8764125 0.4061061 0.2588033 -0.87641 0.4061049 0.2588132 -0.8713261 0.4169048 0.2588077 -0.8796963 0.3989425 0.2588038 -0.8764579 0.4060011 0.2588141 -0.8764584 0.4060013 0.2588119 7.49263e-5 0 1 -0.8713231 0.4169048 0.2588179 -0.8713237 0.4169066 0.2588126 -0.9634121 0.06969082 0.2588058 -0.8764133 0.4061043 0.2588034 -0.8713271 0.416903 0.2588073 -0.8713275 0.4169032 0.2588053 -0.8839221 -0.3894859 0.2588103 -0.963415 0.06961899 0.2588141 -0.8727404 -0.4139993 0.2587063 -0.9604032 0.1031883 0.2588012 -0.9634057 0.06970715 0.258825 -0.8839274 -0.3894911 0.2587844 -0.8713262 0.4169051 0.2588067 -0.9634159 0.06969684 0.2587898 -0.9604042 0.1031784 0.2588013 -0.8839183 -0.3894967 0.2588067 -0.8726994 -0.4141016 0.2586804 -0.6407123 -0.7228483 0.2588016 -0.6385918 -0.724722 0.2588022 -0.6407096 -0.722847 0.2588116 -0.5594884 -0.787399 0.2587964 -0.8839212 -0.3894906 0.2588059 -0.6407215 -0.7228385 0.258806 -0.6386016 -0.7247111 0.2588086 -0.5595017 -0.7873892 0.2587976 -0.5595017 -0.7873892 0.2587975 -0.5974984 -0.7589613 0.2587926 -0.6386206 -0.7246948 0.2588073 -0.5594918 -0.7873968 0.2587962 -0.5594913 -0.7873964 0.2587983 -0.6391126 -0.724256 0.2588213 -0.5974981 -0.7589627 0.2587888 -0.6382853 -0.7249931 0.2587988 -0.5944046 -0.7613863 0.2587935 -0.55949 -0.7874003 0.2587891 -0.5974807 -0.7589757 0.2587913 -0.5943796 -0.7614045 0.2587973 -0.597494 -0.7589667 0.2587869 -0.6391288 -0.7242505 0.2587963 1.98729e-5 9.89185e-5 1 1.9898e-5 9.89482e-5 1 2.15683e-5 9.87671e-5 1 -0.6382982 -0.7249829 0.258796 -0.6382981 -0.7249827 0.2587966 -0.6432456 -0.7205933 0.2588057 -0.6387661 -0.724574 0.2587866 -0.6391837 -0.7242002 0.2588019 -0.6383205 -0.7249662 0.2587877 -0.6381824 -0.7251619 0.2585801 -0.6387013 -0.7246258 0.2588015 -0.6381824 -0.7251619 0.2585801 2.14914e-6 -1.99543e-4 1 2.17522e-6 -1.99639e-4 1 2.95241e-6 -1.99507e-4 1 -0.643217 -0.7206184 0.2588067 -0.6432171 -0.7206185 0.2588067 -0.6387744 -0.7245658 0.2587888 -0.6432873 -0.7205618 0.25879 -0.6382644 -0.7250124 0.2587965 -0.6432874 -0.7205618 0.25879 0.8597712 -0.4402819 0.258738 0.8596361 -0.4404975 0.2588198 0.8596322 -0.4405067 0.2588171 0.8596333 -0.4405025 0.2588208 0.8596322 -0.4405047 0.2588209 0.8596454 -0.4404866 0.2588077 0.8598604 -0.4400882 0.2587712 0.8598604 -0.4400884 0.2587713 0.8598604 -0.4400882 0.2587713 2.09142e-6 0 1 -2.27623e-6 0 1 -1.82099e-5 0 1 -2.09142e-6 0 1 2.27623e-6 0 1 1.82099e-5 0 1 1.73474e-6 0 1 -5.57242e-6 0 1 3.55921e-6 0 1 1.49345e-6 0 1 7.87531e-6 0 1 -7.48663e-5 0 1 -4.94312e-6 0 1 -1.96296e-5 0 1 -3.26036e-5 0 1 2.41616e-5 0 1 1.63303e-5 0 1 -8.44767e-5 0 1 8.98268e-6 0 1 2.44329e-6 0 1 1.76218e-6 0 1 -7.10434e-6 0 1 1.36415e-5 0 1 8.56669e-6 0 1 -6.2312e-6 0 1 6.58383e-6 0 1 5.05751e-6 0 1 2.14358e-6 0 1 4.84367e-7 0 1 -1.94532e-6 0 1 -7.63126e-5 0 1 -1.11459e-5 0 1 2.62238e-5 0 1 -5.97171e-6 0 1 -1.3586e-6 0 1 -4.25195e-7 0 1 2.66209e-5 0 1 -7.94928e-5 0 1 0 3.81477e-6 1 -3.9041e-6 -1 -9.17649e-6 -3.9041e-6 -1 1.19439e-5 0.4816058 -0.876388 9.29087e-6 -0.05007916 -0.9987453 1.4358e-6 -0.05007916 -0.9987453 1.19529e-6 -4.54113e-6 -1 1.50502e-6 -0.05007922 -0.9987453 -1.50222e-6 -4.59701e-6 -1 -1.43855e-6 -4.59887e-6 -1 -1.19758e-6 0.4815814 -0.8764015 9.83019e-7 0.4815814 -0.8764015 5.06096e-7 0.5000002 -0.8660253 7.27363e-7 0.4816061 -0.8763878 -1.19439e-5 -3.54555e-6 -1 -9.29087e-6 0.4816061 -0.8763878 9.17649e-6 -0.4999936 -0.8660292 1.3242e-6 -0.4999936 -0.8660292 1.12474e-5 -0.0500831 -0.9987452 -2.47248e-5 -0.4999939 -0.866029 2.47322e-5 -0.05008345 -0.9987451 -1.32446e-6 -0.05008351 -0.9987451 -1.12496e-5 0.5000061 -0.8660219 1.2846e-5 0.5000061 -0.8660219 1.23637e-5 0.8660209 -0.5000078 3.89293e-6 0.500002 -0.8660243 -5.03806e-7 0.4815832 -0.8764004 -7.30623e-7 0.500002 -0.8660243 -9.78571e-7 0.8660299 -0.4999921 1.2846e-5 0.8660299 -0.4999921 1.23637e-5 1 -6.88899e-6 3.89665e-6 0.8660209 -0.5000078 -1.23637e-5 0.5000061 -0.8660219 -3.89293e-6 0.8660209 -0.5000078 -1.2846e-5 1 7.27177e-6 1.2887e-5 1 7.27177e-6 1.24871e-5 0.8660297 0.4999925 3.89293e-6 1 -6.52671e-6 -1.24871e-5 0.8660302 -0.4999918 -3.89293e-6 1 -6.482e-6 -1.2887e-5 0.8660209 0.5000078 1.2846e-5 0.8660209 0.5000078 1.23637e-5 0.500006 0.8660219 3.89665e-6 0.8660299 0.4999921 -1.23637e-5 1 6.88899e-6 -3.89665e-6 0.8660299 0.4999921 -1.2846e-5 0.500002 0.8660243 9.78571e-7 0.500002 0.8660243 5.03806e-7 0.4815832 0.8764004 7.30623e-7 0.5000052 0.8660224 -1.23637e-5 0.8660204 0.5000088 -3.90038e-6 0.5000052 0.8660224 -1.2846e-5 0.4816058 0.876388 -9.17649e-6 0.4816058 0.876388 1.19439e-5 -3.9516e-6 1 9.28715e-6 0.4815814 0.8764015 -5.06096e-7 0.5000002 0.8660253 -7.27363e-7 0.4815814 0.8764015 -9.83019e-7 -4.59701e-6 1 1.43855e-6 -4.59887e-6 1 1.19758e-6 -0.05007922 0.9987453 1.50222e-6 -3.54647e-6 1 -1.19439e-5 0.4816061 0.8763878 -9.29087e-6 -3.54648e-6 1 9.17649e-6 -0.0500831 0.9987451 1.32446e-6 -0.0500831 0.9987451 1.12496e-5 -0.4999935 0.8660292 -2.47248e-5 -0.05007916 0.9987453 -1.19529e-6 -4.54113e-6 1 -1.50502e-6 -0.05007916 0.9987453 -1.4358e-6 -0.5817105 -0.8133959 1.82674e-6 -0.5817105 -0.8133959 2.32122e-6 -0.5000106 -0.8660193 9.36911e-7 -0.5817106 -0.8133959 -9.33185e-7 -0.5000107 -0.8660193 -1.82674e-6 -0.5000107 -0.8660193 -2.32122e-6 -0.8660297 -0.4999925 -1.26014e-5 -0.8660297 -0.4999925 7.0991e-5 -0.5817205 -0.8133887 -1.06171e-6 -0.8660299 -0.4999922 1.06171e-6 -0.5817209 -0.8133886 1.26014e-5 -0.5817209 -0.8133886 -1.0107e-5 -1 -6.52671e-6 1.28359e-5 -1 -6.482e-6 1.23637e-5 -0.8660302 -0.4999918 3.89293e-6 -1 -6.88899e-6 -3.89665e-6 -0.8660299 -0.4999921 -1.2846e-5 -0.8660299 -0.4999921 -1.23637e-5 -0.5817209 0.8133886 -1.26014e-5 -0.5817209 0.8133886 1.0107e-5 -0.8660299 0.4999922 -1.05798e-6 -0.5000107 0.8660193 1.82674e-6 -0.5000107 0.8660193 2.32122e-6 -0.5817106 0.8133959 9.33185e-7 -0.5000106 0.8660193 -9.36911e-7 -0.5817105 0.8133959 -1.82674e-6 -0.5817105 0.8133959 -2.32122e-6 -0.8660299 0.4999921 1.2846e-5 -0.8660299 0.4999921 1.23637e-5 -1 6.88899e-6 3.89665e-6 -0.5817205 0.8133887 1.05798e-6 -0.8660297 0.4999925 1.26014e-5 -0.8660297 0.4999925 -7.0991e-5 -0.8660298 0.4999923 -3.89293e-6 -1 7.12276e-6 -1.28359e-5 -1 7.10785e-6 -1.23637e-5 -0.05008351 0.9987451 2.47322e-5 -0.4999939 0.866029 -1.3242e-6 -0.4999939 0.866029 -1.12474e-5 -1.12653e-5 -1 3.44408e-6 -1.12653e-5 -1 8.32361e-5 0.3419845 -0.9397056 -1.78814e-6 -0.01787745 -0.9998402 -1.406e-7 -0.01787745 -0.9998402 0 2.55462e-6 -1 3.397e-7 -0.01786851 -0.9998404 2.3935e-7 1.14935e-5 -1 0 1.14935e-5 -1 -4.30527e-7 0.3419994 -0.9397003 -2.88678e-6 0.3419994 -0.9397003 4.33533e-6 0.5045914 -0.8633583 -2.35811e-6 0.341983 -0.9397062 -5.8254e-5 -1.29187e-5 -1 1.79373e-6 0.341983 -0.9397062 -3.44314e-6 0.5045794 -0.8633654 -6.03645e-6 0.5045796 -0.8633653 -1.10611e-5 0.6427766 -0.7660538 4.85778e-6 0.5045602 -0.8633766 4.51477e-6 0.3420106 -0.9396961 -5.56558e-6 0.5045601 -0.8633766 -2.97214e-6 -0.3419896 -0.9397038 -1.32851e-6 -0.3419896 -0.9397038 7.87155e-6 -0.01792204 -0.9998394 -1.19749e-5 -0.3419805 -0.9397071 1.00732e-5 -0.0179125 -0.9998396 8.7518e-6 -0.0179122 -0.9998396 7.67068e-7 0.6427779 -0.7660526 3.36127e-6 0.6427779 -0.7660526 8.29587e-6 0.8660299 -0.4999924 -1.66148e-6 0.642821 -0.7660166 -4.03943e-6 0.5045881 -0.8633603 7.81007e-6 0.642821 -0.7660166 4.35091e-6 0.8660126 -0.5000223 4.11415e-6 0.8660126 -0.5000223 4.38037e-5 0.9659295 -0.2588053 -1.01551e-5 0.8660276 -0.4999964 -8.29587e-6 0.6427744 -0.7660557 1.70246e-6 0.8660276 -0.4999964 -3.36127e-6 0.9848149 -0.173608 -3.17395e-6 0.9659278 -0.2588118 -2.21282e-5 1 -4.19468e-6 2.87443e-5 0.9848133 -0.1736169 1.66297e-5 0.866018 -0.5000129 6.70552e-6 0.9659302 -0.2588029 2.28286e-5 0.9848141 0.1736121 -3.8892e-6 1 1.31642e-5 3.4228e-5 0.965926 0.2588186 -2.6226e-5 0.9848225 0.1735649 -5.96046e-6 0.9848036 -0.1736724 -1.41561e-5 1 2.65092e-5 -1.55568e-5 0.9848192 0.1735836 3.54648e-6 0.9659259 0.2588189 -4.64916e-6 0.8660386 0.4999774 -1.61827e-5 0.8660276 0.4999964 3.36127e-6 0.8660276 0.4999964 8.29587e-6 0.6427744 0.7660557 -1.57766e-6 0.8660183 0.5000123 -8.29588e-6 0.9848173 0.1735941 1.64285e-6 0.8660183 0.5000123 -3.36127e-6 0.6427767 0.7660536 -5.04359e-6 0.6427767 0.7660536 4.03715e-6 0.5045797 0.8633652 -6.68131e-6 0.6427779 0.7660526 -8.29587e-6 0.8660299 0.4999924 1.65962e-6 0.6427779 0.7660526 -3.36127e-6 0.5045914 0.8633583 4.01156e-6 0.5045912 0.8633585 2.5165e-7 0.3419994 0.9397003 -9.24431e-6 0.5045879 0.8633605 -5.56313e-5 0.6428207 0.7660168 3.69735e-6 0.504588 0.8633603 3.35912e-6 0.341983 0.9397062 3.44314e-6 0.341983 0.9397062 1.08173e-4 -1.29187e-5 1 -1.79373e-6 0.3420081 0.939697 -4.33532e-6 0.5045993 0.8633537 1.3262e-6 0.3420081 0.939697 3.53987e-6 2.5006e-6 1 5.85914e-7 2.5006e-6 1 4.30527e-7 -0.01787751 0.9998402 -7.42497e-7 -1.28895e-5 1 -8.29587e-6 0.341983 0.9397062 1.79e-6 -1.28895e-5 1 -3.44408e-6 -0.01792204 0.9998395 3.45617e-6 -0.01792204 0.9998395 3.79463e-5 -0.3419895 0.9397038 -1.57151e-5 -0.01786845 0.9998404 3.60169e-7 1.15531e-5 1 0 -0.01786845 0.9998404 -7.58461e-7 -0.5403974 -0.8414101 6.77304e-7 -0.5403971 -0.8414103 2.05998e-6 -0.3420056 -0.939698 -7.81007e-6 -0.5403857 -0.8414174 3.25032e-6 -0.3419928 -0.9397026 -2.56611e-6 -0.3419928 -0.9397026 -5.3035e-6 -0.6427808 -0.7660503 -1.52689e-6 -0.6427808 -0.7660503 3.03459e-6 -0.5404655 -0.8413663 -4.03635e-6 -0.6428081 -0.7660273 -2.75485e-6 -0.5404552 -0.8413729 3.59116e-6 -0.5404552 -0.8413728 2.93752e-7 -0.8660296 -0.4999929 3.36127e-6 -0.8660296 -0.4999929 8.29588e-6 -0.6427778 -0.7660529 -1.7006e-6 -0.8660277 -0.4999963 1.70246e-6 -0.6427747 -0.7660554 -3.36127e-6 -0.6427747 -0.7660554 -8.29588e-6 -0.5403882 0.8414159 1.36059e-6 -0.5404689 0.841364 8.19355e-6 -0.6427839 0.7660476 4.14252e-6 -0.3420035 0.9396987 2.01161e-6 -0.3420035 0.9396987 5.3035e-6 -0.5403953 0.8414113 -2.40095e-6 -0.341996 0.9397015 -3.49246e-6 -0.5404691 0.841364 -5.2074e-6 -0.5403886 0.8414156 6.03162e-6 -0.6427747 0.7660554 3.36127e-6 -0.6427747 0.7660554 8.29588e-6 -0.8660277 0.4999963 -1.7006e-6 -0.5404934 0.8413482 2.54437e-6 -0.6428063 0.7660288 2.43743e-6 -0.6428063 0.7660288 -2.13308e-5 -0.8660126 0.5000223 4.11415e-6 -0.8660126 0.5000223 4.38037e-5 -0.9659295 0.2588053 -1.01551e-5 -0.6427778 0.7660529 1.70246e-6 -0.8660296 0.4999929 -3.36127e-6 -0.8660296 0.4999929 -8.29588e-6 -0.9659326 0.258794 4.00376e-6 -0.9659326 0.258794 6.23406e-6 -1 -1.79501e-5 -9.98192e-6 -0.8660125 0.5000224 1.01551e-5 -0.9659295 0.2588053 -4.11415e-6 -0.9659295 0.2588053 -6.23633e-6 -1 1.73897e-5 4.00522e-6 -1 1.74046e-5 6.23633e-6 -0.9659325 -0.2587946 -9.97819e-6 -0.9659322 0.2587957 1.00117e-5 -1 -1.62721e-5 -4.00522e-6 -1 -1.62721e-5 -4.38037e-5 -0.9659295 -0.2588053 4.11415e-6 -0.9659295 -0.2588053 6.23633e-6 -0.8660125 -0.5000224 -1.01551e-5 -1 1.67817e-5 1.00154e-5 -0.9659323 -0.2587951 -4.00376e-6 -0.9659323 -0.2587952 -6.23406e-6 -0.9659295 -0.2588053 1.01551e-5 -0.8660126 -0.5000223 -4.11415e-6 -0.8660126 -0.5000223 -4.38037e-5 -0.01791149 0.9998397 1.1472e-5 -0.3419797 0.9397074 1.66244e-6 -0.3419796 0.9397073 -5.52894e-5 0.3419828 -0.9397062 1.20582e-5 0.3419828 -0.9397062 -8.29362e-6 -1.3177e-5 -1 8.68551e-6 -1.1608e-5 -1 8.29587e-6 0.3419843 -0.9397057 -8.68179e-6 -1.1608e-5 -1 -1.20615e-5 -0.2587955 -0.9659322 8.54954e-6 1.64211e-5 -1 1.98627e-6 1.64211e-5 -1 -6.23633e-6 1.3323e-6 0 1 0.6428286 -0.7660101 1.21062e-5 0.6428286 -0.7660101 -5.83503e-5 0.3420053 -0.9396981 8.77306e-6 4.03289e-6 2.43025e-7 1 0.3420081 -0.9396971 -6.65383e-5 0.6428309 -0.7660082 -8.60915e-6 0.342008 -0.9396971 -1.21029e-5 -4.1381e-6 1.32685e-7 1 0.8660293 -0.4999932 1.21443e-5 0.8660293 -0.4999932 -8.29588e-6 0.6427773 -0.7660531 8.48062e-6 0.6427742 -0.7660557 8.29588e-6 0.8660272 -0.4999968 -8.60542e-6 0.6427742 -0.7660557 -1.21443e-5 8.39276e-6 0 1 0.8708017 -0.4916345 -2.91087e-7 0.8708017 -0.4916345 -2.29006e-7 0.8660241 -0.5000022 3.90806e-7 0.8660241 -0.5000022 2.31296e-7 0.8708018 -0.4916346 -3.87081e-7 0.8660241 -0.5000022 2.93997e-7 0.9848163 -0.1736 1.02835e-5 0.9848163 -0.1736 -8.07025e-6 0.8708165 -0.4916082 -1.28355e-5 0.8708164 -0.4916086 8.06799e-6 0.9848162 -0.1736004 1.27982e-5 0.8708164 -0.4916086 -1.02806e-5 0.9998472 0.01748454 3.49307e-6 0.9998472 0.01748454 -4.57996e-6 0.9848122 -0.1736233 6.07222e-7 0.9848122 -0.1736229 4.57769e-6 0.9998472 0.01748502 -6.10948e-7 0.9848122 -0.1736229 -3.49133e-6 0.9848177 0.1735921 5.5851e-6 0.9848177 0.1735921 -3.745e-6 0.9998465 0.01752489 -1.99489e-6 0.9998474 0.01747763 3.74728e-6 0.9848176 0.1735928 1.99303e-6 0.9998474 0.01747763 -5.5885e-6 0.8660181 0.5000128 1.21857e-5 0.8660181 0.5000128 -8.29588e-6 0.9848172 0.1735946 8.54768e-6 0.9848176 0.1735928 8.29813e-6 0.866019 0.5000113 -8.54395e-6 0.9848176 0.1735928 -1.2189e-5 0.8501098 0.5266056 1.41756e-6 0.8501098 0.5266056 -5.21144e-6 0.8660076 0.5000309 -1.26008e-6 -5.57012e-6 0 1 0.8660065 0.5000328 7.37373e-7 0.8501087 0.5266074 1.26939e-6 0.8660065 0.5000328 -1.40881e-6 -1.29315e-6 0 1 0.6427791 0.7660517 -4.68954e-6 0.6427791 0.7660517 -7.56646e-6 0.8501087 0.5266072 1.04848e-5 0.8501088 0.5266073 7.56419e-6 0.6427791 0.7660517 -1.04867e-5 0.8501088 0.5266073 4.68814e-6 3.23556e-6 0 1 0.342008 0.9396971 1.21029e-5 0.3420081 0.9396971 6.65383e-5 0.6428309 0.7660082 8.60915e-6 0 2.43025e-7 1 0.6428286 0.7660101 8.3628e-6 0.3420053 0.9396981 -8.77306e-6 0.6428286 0.7660101 -1.21062e-5 5.35875e-6 0 1 -1.31428e-5 1 1.20615e-5 -1.31428e-5 1 -8.29587e-6 0.3419828 0.9397063 8.68365e-6 0.3419843 0.9397057 8.29362e-6 -1.1521e-5 1 -8.68365e-6 0.3419843 0.9397057 -1.20582e-5 5.17264e-7 1.32685e-7 1 -0.2587944 0.9659325 -8.54954e-6 1.74493e-5 1 -1.98627e-6 1.74493e-5 1 6.23633e-6 -0.2587955 0.9659322 -6.23406e-6 1.63952e-5 1 8.54954e-6 -0.2587955 0.9659322 1.98554e-6 5.17268e-7 0 1 6.66151e-7 0 1 0 -5.65841e-6 -1 1.47696e-6 -1.39073e-6 -1 2.31111e-6 0 -1 -5.61704e-7 0 -1 8.0657e-6 0 -1 -9.07407e-6 0 -1 1.71778e-6 0 -1 -8.2862e-6 0 -1 1.50887e-6 0 -1 3.52054e-6 0 -1 0 -1.39073e-6 -1 -1.36706e-6 0 -1 -0.2587945 -0.9659324 -1.98554e-6 -0.2587945 -0.9659324 6.23406e-6 1.74847e-5 -1 -8.54954e-6 -1.66893e-5 1 7.2816e-6 -1.66893e-5 1 0 0.2587952 0.9659323 4.20399e-6 -0.3420013 0.9396996 5.30481e-6 -0.2587858 0.9659348 -1.21891e-5 -1.96286e-5 1 -1.89245e-5 1.28746e-5 1 0 -0.3419831 0.9397062 -4.53927e-6 1.28746e-5 1 -1.51516e-5 0 -1.32688e-7 -1 0.2588049 0.9659296 6.84585e-6 0.2588049 0.9659296 0 0.5000219 0.8660128 4.28595e-6 0.2587943 0.9659325 0 -1.76085e-5 1 -4.32879e-6 0.2587943 0.9659325 -7.27895e-6 -5.46843e-6 -4.07002e-6 -1 0.5000285 0.866009 6.71891e-6 0.5000285 0.866009 0 0.7070904 0.7071232 4.19468e-6 -6.6617e-7 -4.73966e-6 -1 0.2588049 0.9659297 -4.24683e-6 0.5000218 0.8660128 -6.84585e-6 0.5000219 0.8660128 0 0.7070995 0.7071141 9.58298e-6 0.7070995 0.7071141 0 0.8634886 0.5043686 4.15929e-6 6.6617e-7 -3.53291e-7 -1 0.5000255 0.8660107 -4.19468e-6 0.707122 0.7070916 -6.72136e-6 0.707122 0.7070916 0 7.65208e-7 0 -1 -1.50887e-6 0 -1 4.44121e-6 0 -1 0.8634881 0.5043694 -2.22949e-7 0.8634881 0.5043694 0 0.8660158 0.5000166 0 0.7071012 0.7071124 -4.10154e-6 0.8634656 0.504408 -9.57942e-6 0.8634655 0.504408 0 -0.8708017 -0.4916345 2.91087e-7 -0.8708017 -0.4916345 2.29006e-7 -0.8660241 -0.5000022 -3.90806e-7 -3.52054e-6 0 -1 8.2862e-6 0 -1 -0.9848163 -0.1736 -1.02835e-5 -0.9848163 -0.1736 8.07025e-6 -0.8708165 -0.4916082 1.28355e-5 -0.9848162 -0.1736004 -1.27982e-5 -0.8708164 -0.4916086 1.02806e-5 -0.8708164 -0.4916086 -8.06799e-6 -0.8660109 -0.5000253 -1.78331e-6 -0.8660109 -0.5000253 6.23406e-6 -0.7070918 -0.7071218 -8.86805e-6 -0.8708018 -0.4916346 3.87081e-7 -0.8660241 -0.5000022 -2.93997e-7 -0.8660241 -0.5000022 -2.31296e-7 -0.7071231 -0.7070906 -1.81508e-6 -0.7071231 -0.7070906 6.23391e-6 -0.5000268 -0.8660099 -8.83266e-6 -0.8660095 -0.5000276 8.86247e-6 -0.7071239 -0.7070897 1.78331e-6 -0.7071239 -0.7070897 -6.23406e-6 -0.5000213 -0.8660132 -1.84621e-6 -0.5000213 -0.8660132 6.23633e-6 -0.2588042 -0.9659299 -8.80286e-6 -0.7071232 -0.7070904 8.79913e-6 -0.500027 -0.8660098 1.81442e-6 -0.500027 -0.8660098 -6.23164e-6 -0.500023 -0.8660122 8.7712e-6 -0.2588061 -0.9659294 1.84621e-6 -0.2588061 -0.9659294 -4.38037e-5 -0.8634885 0.5043687 9.58299e-6 -0.8634885 0.5043687 0 -0.7070996 0.7071141 4.15556e-6 -0.8660158 0.5000166 -2.18742e-7 -0.8660158 0.5000166 0 -0.8634881 0.5043694 0 -0.8634881 0.5043694 0 -0.8660158 0.5000166 0 -0.8634881 0.5043694 2.22949e-7 -0.6428195 0.7660177 -2.13385e-5 -0.7071174 0.7070962 -1.30534e-5 -0.4999938 0.866029 -1.26362e-5 -0.6427775 0.766053 2.20537e-6 -0.8634911 0.5043643 3.72529e-6 -0.707115 0.7070986 -1.55866e-5 -0.3420037 0.9396987 1.0848e-5 -0.4999848 0.8660342 9.28342e-6 -0.2588052 0.9659296 -2.1562e-5 -0.3419856 0.9397053 -1.40965e-5 -0.642825 0.7660131 -2.17855e-5 -0.5000108 0.8660193 -5.126e-6 -0.9848177 0.1735922 1.54042e-5 -0.9848177 0.1735922 0 -0.8660192 0.5000109 4.51505e-6 -0.8660183 0.5000122 0 -0.9848175 0.1735938 -4.51505e-6 -0.8660183 0.5000122 -1.54e-5 -0.9998398 -0.01790452 7.6486e-6 -0.9998398 -0.01790452 0 -0.9848185 0.1735873 3.7495e-6 -0.9848195 -0.173582 3.65128e-6 -0.9848195 -0.173582 0 -0.9998399 -0.01789802 3.40305e-6 -0.9998399 -0.01789659 0 -0.9848198 -0.1735806 -3.41795e-6 -0.9998399 -0.01789659 -3.65575e-6 -0.9848185 0.173588 0 -0.9998398 -0.01790386 -3.84823e-6 -0.9848185 0.173588 -7.6448e-6 -0.8660194 -0.5000106 1.54e-5 -0.8660194 -0.5000106 0 -0.9848177 -0.173592 4.56162e-6 -0.9848173 -0.1735942 0 -0.8660182 -0.5000125 -4.30457e-6 -0.9848173 -0.1735942 -1.54042e-5 -0.8413726 -0.5404554 2.05471e-6 -0.8413726 -0.5404554 0 -0.8660172 -0.5000142 -7.00355e-7 -0.6427711 -0.7660583 -1.57654e-5 -0.7071223 -0.7070913 -1.2964e-5 -0.8413629 -0.5404707 -1.65403e-5 -0.8414054 -0.5404044 0 -0.6428051 -0.7660299 -4.38653e-6 -0.8414054 -0.5404044 -4.51447e-6 -0.8660175 -0.5000139 0 -0.841373 -0.5404551 6.88247e-7 -0.8660175 -0.5000139 -2.05471e-6 -0.6428226 -0.7660151 -2.05189e-5 -0.5000017 -0.8660244 -1.80602e-5 -0.7071225 -0.7070912 -8.80659e-6 -2.66466e-6 -4.73963e-6 -1 -0.2588042 0.9659299 -1.84621e-6 -0.2588042 0.9659299 6.23633e-6 -0.5000212 0.8660131 -8.80286e-6 0 -1.32687e-7 -1 0 -3.53292e-7 -1 -0.5000243 0.8660115 -1.81442e-6 -0.5000243 0.8660115 6.23165e-6 -0.7071209 0.7070927 -8.80286e-6 0 -4.07001e-6 -1 -0.2588061 0.9659294 8.77492e-6 -0.500023 0.8660122 1.84621e-6 -0.500023 0.8660122 -6.23633e-6 -0.7070929 0.7071207 1.87238e-6 -0.7070929 0.7071207 8.83243e-5 -0.8501141 0.5265988 6.64219e-6 -0.5000269 0.8660099 8.83266e-6 -0.7071231 0.7070905 1.81508e-6 -0.7071231 0.7070905 -6.23391e-6 -2.31111e-6 0 -1 -0.8501087 0.5266074 -1.41756e-6 -0.8501087 0.5266074 7.41953e-7 -0.8660065 0.5000328 1.26101e-6 -0.707095 0.7071186 -6.64592e-6 -0.8501156 0.5265963 -1.8716e-6 -0.8501156 0.5265963 -5.49998e-6 0.8414102 -0.540397 -3.11593e-6 0.8414102 -0.540397 0 0.7071161 -0.7070975 3.98979e-6 0.866016 -0.5000163 2.05471e-6 0.866016 -0.5000163 0 0.8413714 -0.5404574 -6.87316e-7 0.8660187 -0.5000118 6.88247e-7 0.8413484 -0.5404934 -2.05887e-6 0.8413484 -0.5404934 0 0.7070903 -0.7071233 6.7189e-6 0.7070903 -0.7071233 0 0.5000281 -0.8660091 4.34555e-6 0.8413602 -0.5404748 -3.95067e-6 0.7071185 -0.7070951 3.11316e-6 0.7071185 -0.7070951 0 0.5000219 -0.8660128 6.84585e-6 0.5000219 -0.8660128 0 0.2588049 -0.9659296 4.24683e-6 0.7071223 -0.7070913 -4.31389e-6 0.5000258 -0.8660106 -6.71891e-6 0.5000258 -0.8660106 0 0.2587952 -0.9659323 7.27895e-6 0.2587952 -0.9659323 0 -1.66872e-5 -1 4.20399e-6 0.5000218 -0.8660128 -4.24683e-6 0.2588049 -0.9659297 -6.84585e-6 0.2588049 -0.9659297 0 1.66893e-5 -1 7.2816e-6 1.66893e-5 -1 0 -0.2587952 -0.9659323 4.20399e-6 0.2587943 -0.9659325 -4.32879e-6 -1.7643e-5 -1 -7.2816e-6 -1.7643e-5 -1 0 -0.3420098 -0.9396964 1.03265e-5 -0.258814 -0.9659273 -2.56449e-5 -0.4999943 -0.8660287 1.49757e-5 -0.3420207 -0.9396925 -8.76188e-6 -1.92467e-5 -1 3.8445e-6 -0.25881 -0.9659283 -1.92225e-5 -0.6428113 -0.7660246 -1.38581e-5 -0.3419688 -0.9397114 -1.99378e-5 -0.5000185 -0.8660147 -4.23193e-6 0.8660194 0.5000106 1.54e-5 0.8660194 0.5000106 0 0.9848177 0.173592 4.56162e-6 0.8660158 0.5000166 0 0.8634881 0.5043694 0 0.8660158 0.5000166 2.18742e-7 0.9848185 0.173588 7.6448e-6 0.9848185 0.173588 0 0.9998398 -0.01790386 3.84823e-6 0.8660182 0.5000125 -4.30457e-6 0.9848173 0.1735942 -1.54042e-5 0.9848173 0.1735942 0 -1.6781e-6 0 -1 1.12001e-5 0 -1 0.9998399 -0.01789724 3.65575e-6 0.9998399 -0.01789724 0 0.9848197 -0.1735812 3.39747e-6 0.9848185 0.1735873 -3.7495e-6 0.9998398 -0.01790452 -7.6486e-6 0.9998398 -0.01790452 0 -0.9998472 0.01748502 -3.49307e-6 -0.9998472 0.01748502 4.57997e-6 -0.9848123 -0.1736229 -6.09085e-7 -0.9848176 0.1735928 -5.5851e-6 -0.9848176 0.1735928 3.745e-6 -0.9998474 0.01747763 1.99489e-6 -0.9848176 0.1735921 -1.99489e-6 -0.9998465 0.01752489 5.5851e-6 -0.9998465 0.01752489 -3.745e-6 -0.9998472 0.01748454 6.09085e-7 -0.9848122 -0.1736233 3.49133e-6 -0.9848122 -0.1736233 -4.57769e-6 0.9848177 -0.1735922 1.54042e-5 0.9848177 -0.1735922 0 0.8660192 -0.5000109 4.51505e-6 -8.0657e-6 0 -1 0.9848196 -0.1735814 0 0.9998399 -0.01789742 -3.37884e-6 0.9848196 -0.1735814 -3.65128e-6 0.9848175 -0.1735938 -4.51505e-6 0.8660183 -0.5000122 -1.54e-5 0.8660183 -0.5000122 0 -0.8660191 0.500011 -1.21857e-5 -0.8660191 0.500011 8.29587e-6 -0.9848176 0.1735923 -8.58679e-6 -0.8660076 0.5000309 -7.37374e-7 -0.8501098 0.5266056 -1.26893e-6 -0.8660076 0.5000309 1.40881e-6 -0.8660178 0.5000132 8.50298e-6 -0.9848173 0.1735948 1.2189e-5 -0.9848173 0.1735948 -8.29812e-6 1.36706e-6 0 1 2.66468e-6 4.73966e-6 1 0 1.32688e-7 1 5.32935e-6 3.5329e-7 1 5.46843e-6 4.07002e-6 1 1.50887e-6 0 1 2.73417e-6 1.32687e-7 1 -5.46843e-6 4.07002e-6 1 -1.9985e-6 4.73964e-6 1 -6.65181e-6 0 1 -1.99851e-6 3.53291e-7 1 3.94104e-6 0 1 -3.23556e-6 0 1 5.57012e-6 0 1 3.65104e-6 0 1 -4.3644e-6 0 1 1.29315e-6 0 1 -0.499994 0.866029 2.43735e-7 -0.499994 0.866029 0 -9.03849e-6 1 1.09412e-5 -8.76188e-6 1 0 -0.4999938 0.866029 -1.09449e-5 -8.76188e-6 1 -2.43735e-7 0.499994 0.8660289 1.11423e-5 9.045e-6 1 1.20325e-7 9.045e-6 1 0 0 -1.41937e-6 -1 1.28634e-6 0 -1 -0.8660209 0.5000078 2.43735e-7 -0.8660209 0.5000078 0 -0.5000061 0.8660219 1.10082e-5 -0.5000061 0.8660219 0 -0.8660209 0.5000078 -1.09971e-5 -0.5000061 0.8660219 -2.43735e-7 1.77003e-6 -1.64036e-6 -1 -5.14255e-6 -2.56059e-7 -1 -0.8754076 0.4833856 -1.05089e-6 -0.8754076 0.4833856 0 -0.8660261 0.4999989 -1.5262e-7 -0.8660258 0.4999994 0 -0.8754073 0.4833861 1.52388e-7 -0.8660258 0.4999994 1.05089e-6 1.02873e-5 0 -1 -1 -2.186e-5 1.94119e-6 -1 -2.186e-5 0 -0.875402 0.4833956 1.07698e-5 -0.8754019 0.4833958 0 -1 -2.15275e-5 -1.07735e-5 -0.8754019 0.4833958 -2.02022e-6 -0.9988322 -0.04831427 1.25536e-6 -0.9988322 -0.04831427 0 -1 -1.12429e-5 1.01514e-6 1.39519e-5 0 -1 -1 -7.60704e-6 0 -0.9988324 -0.04831063 -1.00769e-6 -1 -7.59959e-6 -1.25485e-6 -0.866021 -0.5000076 0 -0.866021 -0.5000076 0 -0.9988338 -0.04827988 1.03824e-5 -0.9988339 -0.04827958 0 -0.8660212 -0.5000073 -1.03749e-5 -0.9988339 -0.04827958 0 -1.34013e-5 0 -1 -0.8145385 -0.5801095 2.72226e-6 -0.8145385 -0.5801095 0 -0.86602 -0.5000094 -1.81794e-6 -0.8660196 -0.5000103 0 -0.814538 -0.5801103 1.81422e-6 -0.8660196 -0.5000103 -2.725e-6 2.92797e-6 0 -1 -0.5000004 -0.8660253 -3.85314e-6 -0.5000004 -0.8660253 0 -0.8144802 -0.5801914 9.60752e-6 -0.814481 -0.5801903 0 -0.5000016 -0.8660246 -9.53674e-6 -0.814481 -0.5801903 3.85229e-6 -8.10664e-6 0 -1 -9.04501e-6 -1 2.43735e-7 -9.04501e-6 -1 0 -0.499994 -0.866029 1.09375e-5 -0.4999937 -0.866029 0 -8.75723e-6 -1 -1.09412e-5 -0.4999937 -0.866029 -2.43735e-7 6.4281e-7 -2.56053e-7 -1 0.4999938 -0.866029 -1.1187e-5 8.74698e-6 -1 -1.20325e-7 8.74698e-6 -1 0 0.499994 -0.866029 0 9.05246e-6 -1 1.11908e-5 0.499994 -0.866029 1.20325e-7 -1.28634e-6 0 -1 1.35034e-6 0 -1 -2.70069e-6 0 1 0 1.41937e-6 1 0 1.64036e-6 1 0 2.56059e-7 1 1.377e-5 0 1 1.39519e-5 0 1 6.88623e-6 0 1 3.58353e-6 0 1 -1.28589e-5 0 1 8.86507e-6 0 1 6.79521e-7 0 1 1.87192e-6 0 1 -2.25037e-6 0 1 -7.65786e-7 1.41937e-6 1 1.92846e-6 2.56057e-7 1 1.01276e-6 0 1 0.4999937 0.866029 -1.20325e-7 0.4999937 0.866029 0 8.76095e-6 1 -1.10641e-5 0.8659968 -0.5000497 8.22544e-6 5.87106e-6 3.25292e-5 1 -5.43147e-6 1.76954e-5 1 0.9848094 -0.1736391 3.36696e-5 2.90871e-5 4.48823e-5 1 -3.99351e-6 -4.44204e-5 1 0.9848146 -0.1736097 4.33624e-6 1.25766e-5 1.27345e-4 1 0.8660279 -0.4999958 4.67896e-6 0.8659601 -0.5001133 1.35866e-5 5.78165e-6 -3.1054e-5 1 2.49147e-5 5.54919e-5 1 0.6428429 -0.765998 1.80304e-5 -1.02222e-5 -2.08616e-7 1 -1.95801e-5 -9.04501e-6 1 0.866051 -0.4999557 8.9705e-6 -2.96235e-5 2.38419e-7 1 0.6428001 -0.766034 -1.00434e-5 0.3419755 -0.939709 1.06096e-5 1.80677e-5 4.29153e-6 1 6.54161e-6 3.42727e-6 1 0.6427514 -0.7660749 -5.00679e-6 1.02296e-5 -4.71473e-5 1 0.3420588 -0.9396786 1.12653e-5 0.3420215 -0.9396921 1.69277e-5 1.45026e-5 -3.79384e-5 1 6.05732e-6 -3.81172e-5 1 4.42507e-7 1.64036e-6 1 2.506e-5 -0.7071202 0.7070934 1.90698e-5 -7.15256e-7 1 -1.88686e-5 6.85453e-7 1 1.24089e-5 -0.7071158 0.7070978 0.3420062 -0.9396978 6.55651e-7 2.42591e-5 5.09329e-6 1 -0.3419378 -0.9397226 1.10865e-5 2.44379e-6 -3.57628e-7 1 -1.28448e-5 2.02656e-6 1 -0.3420122 -0.9396955 1.72853e-6 -8.03173e-5 -1 3.01003e-6 -1.21072e-5 4.41968e-5 1 -6.86012e-6 -0.7071179 0.7070956 2.52202e-6 -5.57303e-6 1 -1.25989e-5 -1 -1.96905e-5 -0.6428122 -0.7660239 2.13981e-5 2.63006e-5 -9.47714e-6 1 2.0355e-5 -3.26335e-6 1 -0.3420423 -0.9396846 1.01328e-5 -1.8537e-5 -4.23938e-5 1 -0.642737 -0.7660868 -4.08292e-6 -0.6427929 -0.76604 1.99676e-5 -3.17991e-5 -1.2368e-6 1 -1.49608e-5 -1.5676e-5 1 -0.8659934 -0.5000554 8.29953e-6 8.19564e-6 1.27107e-5 1 8.07643e-6 7.61449e-6 1 -0.6427162 -0.7661045 -1.97291e-5 2.10367e-5 -1.30832e-5 1 -0.8660022 -0.5000402 -3.09944e-6 -1.18826e-6 0 1 -0.8660036 -0.5000377 -1.7494e-5 1.33991e-4 1.75908e-5 1 1.5226e-4 -7.30902e-6 1 0.8754073 0.4833861 1.05089e-6 0.8754073 0.4833861 0 0.8660258 0.4999994 1.52388e-7 1 -2.186e-5 -1.98097e-6 1 -2.186e-5 0 0.875402 0.4833956 -1.07698e-5 1 -2.15275e-5 1.07735e-5 0.8754019 0.4833958 2.02022e-6 0.8754019 0.4833958 0 0.8660209 0.5000078 -2.43735e-7 0.8660209 0.5000078 0 0.5000061 0.8660219 -1.10082e-5 0.8754076 0.4833856 -1.5262e-7 0.8660261 0.4999989 -1.05089e-6 0.8660261 0.4999989 0 0.8660209 0.5000078 1.09971e-5 0.5000061 0.8660219 2.43735e-7 0.5000061 0.8660219 0 1.71452e-5 0 1 -1.39519e-5 0 1 0.9988322 -0.04831427 -1.25536e-6 0.9988322 -0.04831427 0 1 -1.12429e-5 -1.017e-6 0.9988324 -0.04831063 1.02352e-6 1 -7.58469e-6 1.25587e-6 1 -7.59214e-6 0 -0.9848166 -0.1735982 1.55417e-5 1.95801e-5 -1.0021e-6 1 -2.56002e-5 3.20468e-5 1 -0.8660396 -0.4999754 -2.22921e-5 2.71499e-5 -5.76675e-5 1 -0.9848183 -0.1735885 -1.84774e-5 -6.88623e-6 0 1 -0.984808 0.1736468 -2.05338e-5 -2.09808e-5 -4.65661e-5 1 -2.36561e-5 -1.90325e-5 1 -0.9848111 -0.1736294 -1.62125e-5 -1.51992e-5 5.52461e-6 1 -0.9848131 0.173618 -1.51694e-5 4.51657e-6 0 1 0.866021 -0.5000076 0 0.866021 -0.5000076 0 0.9988338 -0.04827988 -1.03824e-5 0.8660212 -0.5000073 1.03749e-5 0.9988339 -0.04827958 0 0.9988339 -0.04827958 0 -1.55749e-5 0 1 6.83197e-6 0 1 -1.377e-5 0 1 0.814538 -0.5801103 -2.72226e-6 0.814538 -0.5801103 0 0.8660196 -0.5000103 1.8198e-6 0.86602 -0.5000094 0 0.8145385 -0.5801095 -1.81794e-6 0.86602 -0.5000094 2.725e-6 -0.8660394 0.4999759 -1.81794e-5 -2.35736e-5 -2.92957e-5 1 -1.10082e-5 1.64285e-5 1 -0.9848214 0.1735711 -2.2254e-6 -1.2517e-5 -5.14686e-5 1 -0.8660034 0.5000382 1.70767e-5 -0.8660101 0.5000267 1.58963e-5 1.80602e-5 -1.42455e-5 1 -4.44651e-5 7.40886e-5 1 5.08505e-6 0 1 -0.8660598 0.4999404 1.57654e-5 -3.88026e-5 1.22041e-5 1 -3.69847e-5 1.88947e-5 1 -5.01934e-6 0 1 0.5000014 -0.8660246 3.85314e-6 0.5000014 -0.8660246 0 0.8144808 -0.5801907 -9.52929e-6 0.5000006 -0.8660251 9.53302e-6 0.8144803 -0.5801913 -3.85229e-6 0.8144803 -0.5801913 0 -1.92844e-6 2.56055e-7 1 -0.642843 0.7659981 2.19345e-5 1.24723e-5 -2.72691e-6 1 2.18451e-5 6.07967e-6 1 -0.8660514 0.4999551 1.25468e-5 3.24845e-5 -2.65241e-6 1 -0.6428002 0.766034 -6.4373e-6 -0.3419779 0.939708 -1.49012e-7 -2.89828e-5 1.16229e-6 1 -1.8917e-5 5.36442e-6 1 -0.6427529 0.7660737 -2.19345e-5 -1.38804e-5 2.3976e-5 1 -0.342063 0.939677 1.49012e-5 -0.3420217 0.9396922 1.39773e-5 -1.49347e-5 4.12464e-5 1 -6.49318e-6 4.13954e-5 1 -2.506e-5 0.7071202 0.7070934 -1.90698e-5 7.15256e-7 1 1.88686e-5 -6.85453e-7 1 -9.53674e-6 0.7071236 0.7070899 -0.3420103 0.9396963 2.16067e-5 -3.61651e-5 8.44512e-6 1 0.3419404 0.9397217 4.17232e-6 8.46386e-6 5.81145e-6 1 2.2307e-5 0 1 7.9602e-5 1 6.70552e-6 1.30013e-5 -4.66108e-5 1 0.3420116 0.9396958 2.5332e-6 1.96565e-5 0.7071192 0.7070945 1.17347e-6 -4.20213e-6 1 -2.99886e-5 1 5.97909e-7 0.6428122 0.7660239 2.13981e-5 -2.63006e-5 9.47714e-6 1 -2.0355e-5 3.26335e-6 1 0.3420461 0.9396832 1.39177e-5 2.21729e-5 1.92523e-5 1 0.6427393 0.766085 -2.10702e-5 0.6428418 0.7659991 1.03712e-5 -1.30832e-5 -1.0097e-4 1 6.28531e-5 1.11759e-5 1 0.6427567 0.7660704 1.3791e-5 2.44826e-5 1.10716e-5 1 2.43932e-5 9.41008e-6 1 0.9848219 -0.1735683 1.20699e-5 2.5928e-5 3.74243e-5 1 -1.75387e-5 3.07336e-5 1 0.9848026 0.1736779 -1.84566e-5 2.0653e-5 7.70763e-6 1 2.01166e-5 -3.92143e-5 1 0.9848093 0.1736391 -1.19805e-5 9.95398e-6 -4.68455e-6 1 0.9848133 -0.1736171 -1.10865e-5 0.8660278 0.4999961 -1.41077e-5 1.66893e-6 4.20809e-5 1 2.08616e-6 2.98172e-5 1 0.6427162 0.7661044 -1.94013e-5 -2.16812e-5 1.29715e-5 1 0.8660023 0.5000402 -2.47359e-6 0.8660337 0.4999857 1.10269e-6 1.26399e-5 -2.3216e-5 1 0.9848175 0.1735929 -1.90139e-5 0.3419852 0.9397054 6.94078e-6 0.3419852 0.9397054 1.08173e-4 -1.05314e-5 1 -5.74812e-6 2.68966e-5 0.7071169 -0.7070966 2.42144e-6 1 -7.36117e-6 0.3419825 0.9397063 -1.90735e-6 -1.08182e-5 1 -8.29587e-6 0.3419849 0.9397054 5.7146e-6 -1.08182e-5 1 -6.94267e-6 -0.3419852 0.9397054 -5.75185e-6 1.05351e-5 1 6.94267e-6 1.05351e-5 1 8.29587e-6 -0.3420122 0.9396955 -1.72853e-6 -8.03173e-5 1 -3.01003e-6 -1.21072e-5 -4.41968e-5 -1 -1.96565e-5 0.7071192 -0.7070945 -1.17347e-6 -4.20213e-6 -1 2.99886e-5 1 -5.97909e-7 0.6428335 0.7660059 6.94456e-6 0.6428335 0.7660059 8.3645e-6 0.3420115 0.9396958 -5.804e-6 1.15111e-5 4.92781e-5 -1 0.3420589 0.9396786 -8.61287e-6 0.6427513 0.7660749 7.42078e-6 0.3420085 0.9396969 -8.36223e-6 0.6428312 0.7660079 5.80773e-6 0.3420085 0.9396969 -6.94267e-6 5.76675e-6 -4.91738e-6 -1 0.341975 0.9397091 -1.25468e-5 1.74418e-5 -5.81145e-6 -1 3.95626e-6 4.33624e-5 -1 0.3420222 0.9396919 -1.7345e-5 1.20923e-5 4.13954e-5 -1 8.95187e-6 0.7070913 -0.7071223 0.3420092 0.9396966 1.5676e-5 2.66135e-5 7.23801e-6 -1 0.8660309 0.4999906 6.94267e-6 0.8660309 0.4999906 8.29587e-6 0.6427797 0.7660512 -5.80028e-6 -2.3216e-5 -3.28124e-5 -1 0.6428048 0.7660301 6.13928e-6 0.8660523 0.4999536 1.3113e-5 0.6427798 0.7660511 -8.29587e-6 0.866007 0.5000318 5.7593e-6 0.6427798 0.766051 -6.94267e-6 1.58697e-5 -3.08156e-5 -1 0.6428423 0.7659986 1.99676e-5 -1.89841e-5 -3.39746e-6 -1 0.9848179 0.1735908 6.66642e-6 0.9848179 0.1735908 8.11693e-6 0.8660199 0.5000097 -6.02379e-6 2.07126e-5 -4.67002e-5 -1 0.8660035 0.5000382 -9.38773e-6 0.9848217 0.1735692 1.11582e-5 0.8660199 0.5000096 -5.82699e-5 0.9848179 0.1735908 5.72577e-6 0.8660199 0.5000096 -6.94267e-6 3.36021e-6 4.09782e-6 -1 0.8660494 0.4999583 -2.02656e-6 3.27826e-7 -4.89056e-5 -1 4.06206e-5 7.48634e-5 -1 0.866009 0.5000286 -1.85075e-5 -2.06828e-5 -1.03116e-5 -1 1.80602e-5 2.01762e-5 -1 0.8660616 0.4999374 -5.57303e-6 9.71556e-6 6.28829e-6 -1 0.9848142 -0.1736114 6.92844e-6 0.9848142 -0.1736114 8.3764e-6 0.9848142 0.1736114 -5.7146e-6 1.97291e-5 5.52833e-6 -1 0.9848131 0.173618 1.96695e-5 0.9848111 -0.1736297 2.06828e-5 0.9848142 0.1736114 -8.3764e-6 0.9848142 -0.1736114 5.7146e-6 0.9848142 0.1736114 -6.92844e-6 2.92016e-6 -2.19867e-5 -1 0.9848092 0.1736401 -1.72853e-6 -6.82473e-6 -5.20013e-5 -1 0.8660199 -0.5000096 6.94267e-6 0.8660199 -0.5000096 8.29587e-6 0.9848179 -0.1735908 -5.7593e-6 1.89021e-5 -8.71047e-5 -1 0.9848167 -0.1735979 1.2368e-5 0.866032 -0.4999887 -3.15905e-6 0.9848179 -0.1735908 -8.38096e-6 0.8660199 -0.5000097 5.75185e-6 0.9848179 -0.1735908 -6.93045e-6 1.66893e-6 3.51686e-5 -1 0.9848164 -0.173599 1.45768e-5 1.21295e-5 1.78814e-7 -1 0.6427798 -0.766051 6.94267e-6 0.6427798 -0.766051 8.29587e-6 0.866007 -0.5000318 -5.7593e-6 -1.3236e-5 -1.78367e-5 -1 0.8659996 -0.500045 1.10865e-5 0.6427208 -0.7661005 -1.81198e-5 0.8660309 -0.4999906 -8.29587e-6 0.6427797 -0.7660512 5.76302e-6 0.8660309 -0.4999906 -6.94267e-6 7.83801e-6 6.10948e-6 -1 0.8659952 -0.5000525 1.1462e-5 1.68085e-5 9.40263e-6 -1 -5.52237e-5 -4.711e-5 -1 0.8660126 -0.5000222 -4.47035e-7 7.53999e-6 6.181e-5 -1 0.3420095 -0.9396965 6.94267e-6 0.3420095 -0.9396965 8.36222e-6 0.642832 -0.7660073 -5.80773e-6 2.63155e-5 -1.92672e-5 -1 0.6427401 -0.7660843 -2.11298e-5 0.3420449 -0.9396837 -1.57058e-5 0.6428336 -0.7660059 -8.3645e-6 0.3420115 -0.9396958 5.81145e-6 0.6428336 -0.7660059 -6.96527e-6 -2.58684e-5 -4.12762e-6 -1 0.6428115 -0.7660243 2.23815e-5 1.2368e-5 2.59131e-5 -1 1.48118e-5 -1.59293e-5 -1 0.6427929 -0.76604 -1.99676e-5 3.17991e-5 -1.2368e-6 -1 -1.05351e-5 -1 6.94267e-6 -1.05351e-5 -1 8.29587e-6 0.3419852 -0.9397054 -5.75185e-6 1.39698e-5 4.90248e-5 -1 0.3420113 -0.9396958 -3.15905e-6 7.84695e-5 -1 -1.01626e-5 0.3419852 -0.9397054 -8.29362e-6 -1.05314e-5 -1 5.74812e-6 0.3419852 -0.9397054 -6.94078e-6 -2.48253e-5 -2.44677e-5 -1 0.3419415 -0.9397212 1.46031e-6 1.45361e-5 -9.92417e-6 -1 -0.3419852 -0.9397054 5.75185e-6 1.05351e-5 -1 -6.94267e-6 1.05351e-5 -1 -8.29587e-6 1.96565e-5 -0.7071192 -0.7070945 1.17347e-6 4.20213e-6 -1 -2.99886e-5 -1 -5.97909e-7 -0.3419852 -0.9397054 6.94078e-6 -0.3419852 -0.9397054 1.08173e-4 1.05314e-5 -1 -5.74812e-6 -2.68966e-5 -0.7071169 -0.7070966 -2.42144e-6 -1 -7.36117e-6 -0.3419825 -0.9397063 -1.90735e-6 2.68966e-5 -0.7071169 0.7070966 2.42144e-6 -1 7.36117e-6 0.3419825 -0.9397063 1.90735e-6 -0.341985 0.9397055 -8.29362e-6 1.08266e-5 1 5.71832e-6 -0.341985 0.9397055 -6.94078e-6 -2.68966e-5 0.7071169 0.7070966 -2.42144e-6 1 7.36117e-6 -0.3419825 0.9397063 1.90735e-6 -6.4281e-7 -2.56053e-7 -1 -9.64439e-7 0 -1 -6.79519e-7 0 -1 -2.8342e-6 0 -1 3.58353e-6 0 -1 -0.8659506 -0.5001295 2.12789e-5 -2.96235e-5 3.28571e-5 -1 8.76514e-6 3.1546e-5 -1 -0.9847939 -0.1737267 2.73744e-5 1.26362e-5 -3.65227e-5 -1 -3.8147e-5 -4.28408e-5 -1 -0.9848115 -0.1736271 9.86457e-6 8.59797e-6 3.54201e-5 -1 -0.866019 -0.5000112 2.71201e-6 -0.8660059 -0.5000339 -2.89758e-5 3.35574e-5 -1.84774e-5 -1 -1.48118e-5 4.94122e-5 -1 -0.6428413 -0.7659994 1.39475e-5 2.54065e-5 4.11272e-6 -1 -8.32975e-6 3.29763e-5 -1 -0.866051 -0.4999556 2.08616e-5 4.30942e-5 2.02656e-6 -1 -0.6428026 -0.7660319 6.76513e-6 -0.3419777 -0.9397081 2.68221e-7 -2.90424e-5 -1.2517e-6 -1 -1.89915e-5 -5.48363e-6 -1 -0.642754 -0.7660727 -1.7792e-5 -1.92821e-5 -2.61813e-5 -1 -0.3420622 -0.9396773 -1.43051e-5 -0.3420194 -0.9396929 2.45273e-5 -1.11945e-5 -3.45707e-5 -1 -3.09199e-6 -3.68357e-5 -1 -2.506e-5 -0.7071202 -0.7070934 -1.90698e-5 -7.15256e-7 -1 1.88686e-5 6.85453e-7 -1 -1.24089e-5 -0.7071158 -0.7070978 -0.3420062 -0.9396978 -6.55651e-7 -2.42591e-5 5.09329e-6 -1 0 -1.64036e-6 -1 2.506e-5 0.7071202 -0.7070934 1.90698e-5 7.15256e-7 -1 -1.88686e-5 -6.85453e-7 -1 5.14255e-6 -2.56059e-7 -1 -0.3419395 0.939722 -1.2964e-5 -2.36183e-6 -2.05636e-6 -1 -1.68979e-5 -6.4373e-6 -1 -0.6428106 0.7660253 1.82688e-5 -6.02007e-6 -2.6688e-5 -1 3.10987e-5 4.75347e-6 -1 -0.3420434 0.9396842 -8.37445e-6 -1.43945e-5 4.23193e-5 -1 -0.642738 0.7660861 -1.63913e-6 -0.6428365 0.7660034 -8.43406e-6 4.09782e-5 -4.02033e-5 -1 6.50883e-5 -1.47521e-5 -1 0 0 -1 -0.6427569 0.7660703 -1.41263e-5 -2.46987e-5 1.77734e-5 -1 -2.27839e-5 2.3447e-5 -1 -1.39519e-5 0 -1 -7.71092e-6 0 -1 -4.97694e-6 0 -1 -0.9848222 -0.1735666 -1.18315e-5 -2.6077e-5 3.74094e-5 -1 1.75578e-5 2.92026e-5 -1 -0.9848031 0.1736746 -4.45021e-6 1.78814e-7 1.41189e-6 -1 8.28505e-6 -4.4737e-5 -1 -0.9848095 0.1736391 2.08616e-5 -1.97291e-5 -4.68455e-6 -1 -0.9848135 -0.1736162 1.99378e-5 -0.8660355 0.4999826 -1.30106e-6 -8.04663e-7 2.76267e-5 -1 1.56164e-5 1.22637e-5 -1 -0.6427407 0.7660839 -1.08182e-5 1.44802e-5 -1.25617e-5 -1 -0.8660083 0.5000298 1.05202e-5 -0.8660318 0.4999889 -3.51667e-6 -7.29784e-6 -2.33501e-5 -1 -0.9848166 0.1735982 1.15335e-5 -0.6428321 -0.7660071 6.90314e-6 -0.6428321 -0.7660073 8.31459e-6 -0.3420096 -0.9396966 -5.68479e-6 -0.3420113 -0.9396959 -8.31233e-6 -0.6428335 -0.7660059 5.68107e-6 -0.3420113 -0.9396959 -6.90126e-6 -0.8660309 -0.4999906 6.94267e-6 -0.8660309 -0.4999906 8.29587e-6 -0.6427797 -0.7660512 -5.76302e-6 -0.6427798 -0.766051 -8.29587e-6 -0.866007 -0.5000318 5.7593e-6 -0.6427798 -0.766051 -6.94267e-6 -0.9848179 -0.1735908 6.91725e-6 -0.9848179 -0.1735908 8.29813e-6 -0.8660199 -0.5000097 -5.7444e-6 -0.8660199 -0.5000096 -5.82699e-5 -0.9848179 -0.1735908 5.75185e-6 -0.8660199 -0.5000096 -6.94267e-6 -0.9848142 0.1736114 6.91173e-6 -0.9848142 0.1736114 8.29362e-6 -0.9848142 -0.1736114 -5.7146e-6 -0.9848142 -0.1736114 -8.29362e-6 -0.9848142 0.1736114 5.7146e-6 -0.9848142 -0.1736114 -6.91173e-6 -0.8660199 0.5000096 6.94267e-6 -0.8660199 0.5000096 8.29587e-6 -0.9848179 0.1735908 -5.7593e-6 -0.9848179 0.1735908 -8.56216e-6 -0.8660199 0.5000097 5.48735e-6 -0.9848179 0.1735908 -7.18128e-6 -0.6427798 0.766051 6.94267e-6 -0.6427798 0.7660511 8.29587e-6 -0.866007 0.5000318 -5.7593e-6 -0.8660309 0.4999906 -8.29587e-6 -0.6427797 0.7660512 5.80028e-6 -0.8660309 0.4999906 -6.94267e-6 -0.3420113 0.9396958 6.90126e-6 -0.3420113 0.9396958 8.31233e-6 -0.6428335 0.7660059 -5.68107e-6 -0.6428313 0.7660078 -8.31459e-6 -0.3420086 0.9396969 5.68107e-6 -0.6428313 0.7660078 -6.90314e-6 -0.002118825 0.3907136 -0.9205098 -9.29832e-6 0.3907088 -0.9205144 -1 1.20968e-4 -9.4017e-5 2.69826e-4 0.3907966 -0.9204772 2.69533e-4 0.3907965 -0.9204771 2.69434e-4 0.3907965 -0.9204771</float_array>
          <technique_common>
            <accessor source="#_-mesh-normals-array" count="7389" stride="3">
              <param name="X" type="float"/>
              <param name="Y" type="float"/>
              <param name="Z" type="float"/>
            </accessor>
          </technique_common>
        </source>
        <source id="_-mesh-map-0">
          <float_array id="_-mesh-map-0-array" count="20652">0.18902 0.773088 0.189342 0.772988 0.18319 0.79593 0.905186 0.186341 0.902116 0.186285 0.90243 0.162659 0.1828899 0.795851 0.18902 0.773088 0.18319 0.79593 0.178719 0.35874 0.190273 0.338145 0.190572 0.338224 0.892007 0.369195 0.888901 0.361707 0.88858 0.338315 0.89165 0.33825 0.892007 0.369195 0.88858 0.338315 0.189065 0.74953 0.189342 0.749281 0.189342 0.772988 0.9055 0.140659 0.90243 0.162659 0.902429 0.140505 0.18902 0.773088 0.189065 0.74953 0.189342 0.772988 0.9055 0.1627719 0.905186 0.186341 0.90243 0.162659 0.9055 0.1627719 0.90243 0.162659 0.9055 0.140659 0.1758559 0.251856 0.177189 0.255351 0.179499 0.266968 0.9055 0.140659 0.902429 0.140505 0.902311 0.13047 0.179222 0.267216 0.1758559 0.251856 0.179499 0.266968 0.1758559 0.251856 0.173382 0.244131 0.177189 0.255351 0.905188 0.12147 0.902311 0.13047 0.902116 0.121339 0.9055 0.140659 0.902311 0.13047 0.905188 0.12147 0.169874 0.237308 0.168867 0.234781 0.173382 0.244131 0.900524 0.127988 0.89746 0.1279309 0.897874 0.120591 0.1758559 0.251856 0.169874 0.237308 0.173382 0.244131 0.163176 0.226347 0.1633149 0.226013 0.168867 0.234781 0.900524 0.127988 0.897874 0.120591 0.898233 0.11246 0.169874 0.237308 0.163176 0.226347 0.168867 0.234781 0.150855 0.212393 0.1633149 0.226013 0.163176 0.226347 0.1615779 0.223672 0.1633149 0.226013 0.150855 0.212393 0.901388 0.1101019 0.898233 0.11246 0.898322 0.110048 0.900524 0.127988 0.898233 0.11246 0.901388 0.1101019 0.805915 0.169255 0.807358 0.15658 0.80624 0.169351 0.912579 0.241223 0.912901 0.2412829 0.915987 0.259594 0.922215 0.402065 0.922215 0.370618 0.923225 0.389331 0.805915 0.169255 0.80624 0.169351 0.807358 0.185016 0.907874 0.2370859 0.910247 0.221598 0.908204 0.237174 0.920084 0.402085 0.920084 0.370618 0.921138 0.386442 0.907874 0.2370859 0.908204 0.237174 0.910247 0.260633 0.750667 0.168805 0.751684 0.161022 0.751684 0.184594 0.9488 0.103876 0.9488 0.072389 0.949502 0.09605896 0.178719 0.35874 0.178475 0.358554 0.190273 0.338145 0.752704 0.168889 0.751684 0.184594 0.751684 0.161022 0.916299 0.09279298 0.916298 0.06130099 0.917347 0.07708895 0.178719 0.35874 0.161824 0.375211 0.178475 0.358554 0.550867 0.400347 0.550077 0.392455 0.550867 0.368915 0.1415179 0.387301 0.134008 0.389712 0.161824 0.375211 0.916097 0.2348099 0.915765 0.23478 0.91265 0.203607 0.161994 0.375467 0.1415179 0.387301 0.161824 0.375211 0.178719 0.35874 0.161994 0.375467 0.161824 0.375211 0.916097 0.2348099 0.950187 0.257935 0.915765 0.23478 0.13166 0.390738 0.141312 0.392681 0.134008 0.389712 0.91297 0.20354 0.91265 0.203607 0.950187 0.184266 0.1415179 0.387301 0.13166 0.390738 0.134008 0.389712 0.91297 0.20354 0.916097 0.2348099 0.91265 0.203607 0.114435 0.36613 0.104262 0.368407 0.1044 0.368073 0.130986 0.851136 0.133929 0.850387 0.133791 0.850721 0.122652 0.393817 0.141312 0.392681 0.138368 0.39343 0.926682 0.402002 0.925547 0.389278 0.926682 0.370618 0.187755 0.296368 0.1909289 0.298878 0.191362 0.307443 0.187755 0.296368 0.190824 0.296436 0.1909289 0.298878 0.187755 0.296368 0.191362 0.307443 0.191865 0.315274 0.89179 0.396 0.88858 0.401667 0.888901 0.383302 0.189214 0.320574 0.187755 0.296368 0.191865 0.315274 0.892007 0.369195 0.888901 0.383302 0.888901 0.361707 0.892007 0.369195 0.89179 0.396 0.888901 0.383302 0.122625 0.394123 0.122652 0.393817 0.138368 0.39343 0.187727 0.295687 0.190342 0.282105 0.190824 0.296436 0.187755 0.296368 0.187727 0.295687 0.190824 0.296436 0.102077 0.367463 0.08858799 0.363018 0.11773 0.369209 0.12894 0.369752 0.1286219 0.369752 0.123592 0.340478 0.122625 0.394123 0.106998 0.392071 0.122652 0.393817 0.12894 0.369752 0.123592 0.400666 0.1286219 0.369752 0.106998 0.392071 0.12538 0.387909 0.1255 0.387626 0.124032 0.387032 0.1255 0.387626 0.12538 0.387909 0.916475 0.1843 0.916229 0.154464 0.916475 0.1529 0.18698 0.266756 0.189948 0.252641 0.190046 0.266838 0.124032 0.387032 0.12538 0.387909 0.109971 0.380052 0.186882 0.249474 0.1900449 0.235369 0.189948 0.252641 0.18698 0.266756 0.186882 0.249474 0.189948 0.252641 0.18698 0.266756 0.190046 0.266838 0.190342 0.282105 0.187727 0.295687 0.18698 0.266756 0.190342 0.282105 0.06084495 0.346109 0.08711999 0.362425 0.07305896 0.355445 0.186981 0.2352859 0.19033 0.2204959 0.1900449 0.235369 0.186882 0.249474 0.186981 0.2352859 0.1900449 0.235369 0.09775596 0.370717 0.09754598 0.370108 0.124032 0.387032 0.918656 0.240177 0.918367 0.240068 0.920972 0.208838 0.897471 0.369588 0.897163 0.338273 0.897471 0.33825 0.08730095 0.359447 0.08743596 0.35912 0.09754598 0.370108 0.921279 0.208948 0.920972 0.208838 0.918367 0.194174 0.06084495 0.346109 0.05039 0.334839 0.06063395 0.3455 0.921279 0.208948 0.918656 0.240177 0.920972 0.208838 0.08682298 0.358829 0.08743596 0.35912 0.08730095 0.359447 0.08025199 0.348988 0.08743596 0.35912 0.08682298 0.358829 0.08025199 0.348988 0.07852697 0.345193 0.08743596 0.35912 0.950112 0.379012 0.948386 0.395312 0.949825 0.378875 0.922215 0.370618 0.922215 0.402065 0.921138 0.387019 0.187758 0.2057729 0.190793 0.2065179 0.19033 0.2204959 0.187758 0.2057729 0.190821 0.205839 0.190793 0.2065179 0.186981 0.2352859 0.187758 0.2057729 0.19033 0.2204959 0.187863 0.203341 0.191296 0.196007 0.190821 0.205839 0.187758 0.2057729 0.187863 0.203341 0.190821 0.205839 0.075019 0.33837 0.072546 0.330645 0.07852697 0.345193 0.950112 0.379012 0.949825 0.378875 0.948386 0.363236 0.08025199 0.348988 0.075019 0.33837 0.07852697 0.345193 0.06890195 0.315533 0.06917899 0.315284 0.072546 0.330645 0.897371 0.1670359 0.897084 0.182666 0.897084 0.166956 0.07121199 0.32715 0.06890195 0.315533 0.072546 0.330645 0.075019 0.33837 0.07121199 0.32715 0.072546 0.330645 0.920084 0.370618 0.920084 0.402085 0.919001 0.386237 0.06890195 0.291826 0.06922495 0.291725 0.06917899 0.315284 0.917821 0.169561 0.918118 0.1698 0.917821 0.191464 0.03198999 0.290925 0.03198999 0.267218 0.03226697 0.290676 0.03814297 0.244277 0.03844195 0.244355 0.03231298 0.267118 0.753659 0.176819 0.752704 0.184594 0.752704 0.161022 0.06890195 0.291826 0.075055 0.268884 0.06922495 0.291725 0.18668 0.36506 0.18668 0.396546 0.1859419 0.372863 0.04999595 0.223761 0.05023998 0.223947 0.03844195 0.244355 0.753659 0.176735 0.754618 0.161022 0.754618 0.184594 0.03814297 0.244277 0.04999595 0.223761 0.03844195 0.244355 0.916909 0.370618 0.916909 0.40211 0.915822 0.386322 0.04999595 0.223761 0.06689095 0.207289 0.05023998 0.223947 0.924731 0.370618 0.925547 0.378498 0.924731 0.402037 0.087197 0.1952 0.09470695 0.192788 0.06689095 0.207289 0.922125 0.21166 0.922402 0.211709 0.919553 0.242907 0.06672 0.207033 0.087197 0.1952 0.06689095 0.207289 0.04999595 0.223761 0.06672 0.207033 0.06689095 0.207289 0.802481 0.1863059 0.802481 0.15658 0.802781 0.186146 0.110033 0.18907 0.1107529 0.189288 0.09470695 0.192788 0.919269 0.242956 0.919553 0.242907 0.922402 0.259046 0.09842199 0.191384 0.110033 0.18907 0.09470695 0.192788 0.087197 0.1952 0.09842199 0.191384 0.09470695 0.192788 0.919269 0.242956 0.922125 0.21166 0.919553 0.242907 0.107573 0.671384 0.108425 0.671275 0.108292 0.671601 0.125749 0.188684 0.1107529 0.189288 0.110886 0.188962 0.930503 0.237102 0.931731 0.253493 0.930503 0.268452 0.89893 0.04920095 0.895885 0.049914 0.895859 0.049142 0.125749 0.188684 0.110886 0.188962 0.09421497 0.188397 0.902035 0.04983299 0.898729 0.03470396 0.895885 0.049914 0.89893 0.04920095 0.902035 0.04983299 0.895885 0.049914 0.89884 0.04660999 0.895859 0.049142 0.895464 0.03890699 0.89893 0.04920095 0.895859 0.049142 0.89884 0.04660999 0.898067 0.02959597 0.895464 0.03890699 0.894995 0.02952897 0.89884 0.04660999 0.895464 0.03890699 0.898067 0.02959597 0.908718 0.166934 0.9055 0.185818 0.905645 0.166864 0.908572 0.1858659 0.9055 0.185818 0.908718 0.166934 0.908718 0.144924 0.905645 0.166864 0.905645 0.144893 0.908718 0.166934 0.905645 0.166864 0.908718 0.144924 0.908718 0.144924 0.905645 0.144893 0.9055 0.121366 0.916065 0.1852329 0.912992 0.185204 0.913139 0.161696 0.908718 0.144924 0.9055 0.121366 0.908573 0.121339 0.916229 0.154263 0.913139 0.161696 0.913139 0.139912 0.916229 0.154263 0.916065 0.1852329 0.913139 0.161696 0.916229 0.154263 0.913139 0.139912 0.913083 0.1301479 0.916131 0.127211 0.913083 0.1301479 0.912992 0.121339 0.916131 0.127211 0.916229 0.154263 0.913083 0.1301479 0.18922 0.181719 0.191859 0.1871179 0.191296 0.196007 0.187863 0.203341 0.18922 0.181719 0.191296 0.196007 0.109364 0.190734 0.125749 0.188684 0.09421497 0.188397 0.109413 0.19043 0.109364 0.190734 0.09421497 0.188397 0.902035 0.04983299 0.898966 0.04975998 0.898729 0.03470396 0.925266 0.2228839 0.925557 0.2228029 0.928196 0.238272 0.925266 0.2228839 0.928196 0.191648 0.925557 0.2228029 0.109413 0.19043 0.124369 0.195468 0.109364 0.190734 0.92928 0.237101 0.930503 0.252776 0.92928 0.268463 0.125942 0.195802 0.125826 0.196087 0.124369 0.195468 0.397401 0.185036 0.39771 0.185036 0.397566 0.186608 0.109413 0.19043 0.125942 0.195802 0.124369 0.195468 0.176862 0.371816 0.176862 0.340478 0.177159 0.371732 0.1384299 0.202448 0.125826 0.196087 0.125942 0.195802 0.150934 0.2120479 0.125826 0.196087 0.1384299 0.202448 0.150934 0.2120479 0.150855 0.212393 0.125826 0.196087 0.912579 0.241223 0.915987 0.21166 0.912901 0.2412829 0.371897 0.404533 0.371897 0.3739 0.372201 0.375461 0.902116 0.06399798 0.899048 0.06717097 0.898966 0.04975998 0.902034 0.081245 0.898967 0.08117395 0.899048 0.06717097 0.902116 0.06399798 0.902034 0.081245 0.899048 0.06717097 0.902035 0.04983299 0.902116 0.06399798 0.898966 0.04975998 0.902034 0.081245 0.898722 0.09615898 0.898967 0.08117395 0.150934 0.2120479 0.1615779 0.223672 0.150855 0.212393 0.901414 0.109382 0.898322 0.110048 0.898722 0.09615898 0.901388 0.1101019 0.898322 0.110048 0.901414 0.109382 0.902034 0.081245 0.901414 0.109382 0.898722 0.09615898 0.602863 0.195544 0.601684 0.192312 0.632712 0.186792 0.565874 0.221422 0.580623 0.2032909 0.601684 0.192312 0.602863 0.195544 0.565874 0.221422 0.601684 0.192312 0.647937 0.191538 0.632712 0.186792 0.663677 0.192161 0.647937 0.191538 0.602863 0.195544 0.632712 0.186792 0.684884 0.207409 0.663677 0.192161 0.688727 0.205998 0.684884 0.207409 0.647937 0.191538 0.663677 0.192161 0.688762 0.210467 0.688727 0.205998 0.690929 0.207776 0.688762 0.210467 0.684884 0.207409 0.688727 0.205998 0.713997 0.245694 0.690929 0.207776 0.711119 0.231712 0.713997 0.245694 0.688762 0.210467 0.690929 0.207776 0.713997 0.245694 0.711119 0.231712 0.717247 0.244508 0.722 0.291671 0.717247 0.244508 0.721867 0.261121 0.714566 0.24721 0.717247 0.244508 0.722 0.291671 0.714566 0.24721 0.713997 0.245694 0.717247 0.244508 0.718244 0.293047 0.722 0.291671 0.721867 0.29244 0.718449 0.291934 0.714566 0.24721 0.722 0.291671 0.718244 0.293047 0.718449 0.291934 0.722 0.291671 0.718244 0.293047 0.721867 0.29244 0.711121 0.321915 0.699354 0.332711 0.711121 0.321915 0.690897 0.346009 0.699354 0.332711 0.718244 0.293047 0.711121 0.321915 0.699354 0.332711 0.690897 0.346009 0.663544 0.361821 0.662365 0.358589 0.699354 0.332711 0.663544 0.361821 0.64042 0.36698 0.662365 0.358589 0.663544 0.361821 0.565874 0.221422 0.563155 0.2193019 0.580623 0.2032909 0.547762 0.257441 0.550461 0.239214 0.563155 0.2193019 0.565874 0.221422 0.547762 0.257441 0.563155 0.2193019 0.547762 0.257441 0.543913 0.258837 0.550461 0.239214 0.546778 0.262199 0.543913 0.258837 0.547762 0.257441 0.546778 0.262199 0.55015 0.305478 0.543913 0.258837 0.54336 0.261693 0.543913 0.258837 0.55015 0.305478 0.832767 0.03184896 0.835122 0.02762699 0.862023 0.02952897 0.832767 0.03184896 0.832567 0.03175896 0.835122 0.02762699 0.193798 0.309229 0.1935729 0.309352 0.1935729 0.26559 0.862148 0.02969998 0.832767 0.03184896 0.862023 0.02952897 0.14619 0.112362 0.14634 0.112322 0.14634 0.157573 0.186484 0.09646695 0.186484 0.05139899 0.186634 0.05144 0.722196 0.368051 0.722379 0.367882 0.757807 0.386903 0.689225 0.379076 0.689225 0.335507 0.689386 0.379078 0.763274 0.323426 0.76321 0.366774 0.763048 0.323203 0.761178 0.390368 0.757807 0.386903 0.761405 0.390286 0.722196 0.368051 0.757807 0.386903 0.761178 0.390368 0.761178 0.390368 0.761405 0.390286 0.783485 0.334062 0.78368 0.335618 0.783485 0.334062 0.78392 0.335622 0.761178 0.390368 0.783485 0.334062 0.78368 0.335618 0.78368 0.335618 0.78392 0.335622 0.783903 0.380515 0.783674 0.380435 0.783903 0.380515 0.783602 0.381605 0.78368 0.335618 0.783903 0.380515 0.783674 0.380435 0.783674 0.380435 0.783602 0.381605 0.766259 0.407175 0.766083 0.318409 0.766259 0.407175 0.72224 0.06800699 0.783674 0.380435 0.766259 0.407175 0.766083 0.318409 0.64042 0.36698 0.617291 0.362595 0.662365 0.358589 0.185563 0.09108799 0.1853989 0.09113198 0.1853989 0.04588097 0.768544 0.05510497 0.729623 0.07784998 0.729579 0.07768696 0.594243 0.358973 0.577403 0.344438 0.617291 0.362595 0.864608 0.150083 0.864388 0.150245 0.833142 0.119514 0.616796 0.366006 0.594243 0.358973 0.617291 0.362595 0.64042 0.36698 0.616796 0.366006 0.617291 0.362595 0.550804 0.1349 0.550645 0.1349 0.550645 0.09086698 0.550865 0.09108597 0.550804 0.1349 0.550645 0.09086698 0.574299 0.346357 0.573643 0.345804 0.577403 0.344438 0.576466 0.343666 0.577403 0.344438 0.573643 0.345804 0.594243 0.358973 0.574299 0.346357 0.577403 0.344438 0.832767 0.118401 0.833142 0.119514 0.832526 0.118467 0.832767 0.118401 0.864608 0.150083 0.833142 0.119514 0.550662 0.306923 0.573643 0.345804 0.554108 0.322421 0.550662 0.306923 0.576466 0.343666 0.573643 0.345804 0.546901 0.306664 0.550662 0.306923 0.554108 0.322421 0.821113 0.07512497 0.832526 0.118467 0.820882 0.07510399 0.821113 0.07512497 0.832767 0.118401 0.832526 0.118467 0.546901 0.306664 0.55015 0.305478 0.550662 0.306923 0.821113 0.07512497 0.820882 0.07510399 0.820897 0.07357197 0.54336 0.261693 0.55015 0.305478 0.546901 0.306664 0.821113 0.07512497 0.820897 0.07357197 0.832567 0.03175896 0.54336 0.261693 0.546901 0.306664 0.54336 0.293012 0.832767 0.03184896 0.821113 0.07512497 0.832567 0.03175896 0.549307 0.240242 0.549163 0.196604 0.549324 0.196604 0.351362 0.356983 0.349825 0.356992 0.349825 0.406864 0.351362 0.406855 0.351362 0.356983 0.349825 0.406864 0.907918 0.314863 0.909454 0.358221 0.907918 0.358212 0.193441 0.360617 0.1932809 0.317473 0.193441 0.317469 0.1857089 0.327524 0.184174 0.327485 0.184805 0.377185 0.896931 0.381398 0.895396 0.338272 0.896931 0.33825 0.896931 0.381398 0.895396 0.38142 0.895396 0.338272 0.18634 0.377224 0.184805 0.377185 0.184174 0.344417 0.18634 0.377224 0.1857089 0.327524 0.184805 0.377185 0.917912 0.307351 0.916378 0.307333 0.917754 0.26463 0.1857089 0.344457 0.18634 0.377224 0.184174 0.344417 0.919288 0.264649 0.917754 0.26463 0.917754 0.2205089 0.919288 0.264649 0.917912 0.307351 0.917754 0.26463 0.919288 0.220528 0.917754 0.2205089 0.916378 0.186792 0.919288 0.220528 0.919288 0.264649 0.917754 0.2205089 0.917912 0.186811 0.919288 0.220528 0.916378 0.186792 0.605009 0.328751 0.641755 0.286914 0.604843 0.284933 0.550897 0.354655 0.550658 0.354435 0.550731 0.311287 0.550897 0.311286 0.550897 0.354655 0.550731 0.311287 0.370312 0.320164 0.370098 0.320124 0.370098 0.275139 0.1857129 0.09091895 0.1858659 0.04588097 0.1858659 0.09096097 0.193753 0.1273519 0.193753 0.1712909 0.193512 0.127468 0.1917459 0.36342 0.191502 0.363298 0.1917459 0.320574 0.372169 0.283751 0.370312 0.320164 0.370098 0.275139 0.370309 0.275067 0.372169 0.283751 0.370098 0.275139 0.668866 0.357652 0.65702 0.398428 0.668669 0.355016 0.549832 0.315968 0.548503 0.356278 0.548503 0.311286 0.1793439 0.364615 0.179264 0.369444 0.179101 0.364555 0.1793439 0.322724 0.1793439 0.364615 0.179101 0.364555 0.657287 0.405053 0.668669 0.355016 0.65702 0.405075 0.668907 0.355087 0.668866 0.357652 0.668669 0.355016 0.657287 0.405053 0.668907 0.355087 0.668669 0.355016 0.193746 0.259004 0.193512 0.258787 0.1935819 0.215149 0.909454 0.314873 0.909454 0.358221 0.907918 0.314863 0.728988 0.355982 0.728823 0.355982 0.728823 0.312634 0.193746 0.259004 0.1935819 0.215149 0.193746 0.215148 0.180341 0.369616 0.181874 0.369615 0.191556 0.03738296 0.190023 0.03738397 0.180341 0.369616 0.191556 0.03738296 0.179499 0.326076 0.181032 0.326075 0.181874 0.369615 0.180341 0.369616 0.179499 0.326076 0.181874 0.369615 0.180341 0.376135 0.181874 0.376135 0.181032 0.326075 0.179499 0.326076 0.180341 0.376135 0.181032 0.326075 0.182641 0.344418 0.184174 0.344417 0.181874 0.376135 0.180341 0.376135 0.182641 0.344418 0.181874 0.376135 0.7171 0.354351 0.717343 0.354348 0.728946 0.397811 0.7171 0.354351 0.728802 0.40425 0.717343 0.354348 0.728946 0.404334 0.717343 0.354348 0.728802 0.40425 0.728823 0.269066 0.729069 0.269177 0.728823 0.312634 0.728735 0.397921 0.7171 0.354351 0.728946 0.397811 0.678261 0.409218 0.680779 0.405053 0.66913 0.354954 0.549832 0.313849 0.550492 0.311286 0.550492 0.356306 0.37174 0.06016194 0.364605 0.383141 0.371987 0.06020295 0.371811 0.065095 0.37174 0.06016194 0.371987 0.06020295 0.66936 0.36381 0.66913 0.354954 0.680779 0.398405 0.668907 0.354858 0.678261 0.409218 0.66913 0.354954 0.66936 0.36381 0.668907 0.354858 0.66913 0.354954 0.680526 0.398402 0.66936 0.36381 0.680779 0.398405 0.897587 0.323691 0.897439 0.32373 0.874896 0.284607 0.1853989 0.09113997 0.185238 0.04592394 0.1853989 0.04588097 0.897587 0.368923 0.89741 0.36899 0.897439 0.32373 0.897587 0.323691 0.897587 0.368923 0.897439 0.32373 0.874926 0.28442 0.874896 0.284607 0.835871 0.262006 0.874926 0.28442 0.897587 0.323691 0.874896 0.284607 0.835832 0.261836 0.835871 0.262006 0.833306 0.261357 0.874926 0.28442 0.835871 0.262006 0.835832 0.261836 0.833262 0.261188 0.833306 0.261357 0.790849 0.261953 0.82845 0.719542 0.825924 0.719062 0.825879 0.718894 0.786088 0.263209 0.790849 0.261953 0.786128 0.263357 0.790725 0.261827 0.790849 0.261953 0.786088 0.263209 0.833262 0.261188 0.790849 0.261953 0.790725 0.261827 0.751673 0.284388 0.786128 0.263357 0.751839 0.28444 0.786088 0.263209 0.786128 0.263357 0.751673 0.284388 0.745784 0.290908 0.751839 0.28444 0.745832 0.291093 0.751673 0.284388 0.751839 0.28444 0.745784 0.290908 0.745784 0.290908 0.745832 0.291093 0.72928 0.323456 0.179497 0.367943 0.1793439 0.367984 0.1793439 0.322724 0.729103 0.323523 0.72928 0.323456 0.729251 0.368716 0.729103 0.323523 0.745784 0.290908 0.72928 0.323456 0.729103 0.368755 0.729251 0.368716 0.751794 0.407839 0.729103 0.323523 0.729251 0.368716 0.729103 0.368755 0.751764 0.408026 0.751794 0.407839 0.782372 0.334187 0.751764 0.408026 0.729103 0.368755 0.751794 0.407839 0.782421 0.33437 0.782372 0.334187 0.790819 0.336931 0.782421 0.33437 0.751764 0.408026 0.782372 0.334187 0.790858 0.3371 0.790819 0.336931 0.831133 0.338101 0.790858 0.3371 0.782421 0.33437 0.790819 0.336931 0.831173 0.33825 0.831133 0.338101 0.835841 0.336984 0.790858 0.3371 0.831133 0.338101 0.831173 0.33825 0.873056 0.40996 0.835841 0.336984 0.873011 0.409792 0.835965 0.33711 0.835841 0.336984 0.873056 0.40996 0.831173 0.33825 0.835841 0.336984 0.835965 0.33711 0.875017 0.408058 0.873011 0.409792 0.874851 0.408006 0.875017 0.408058 0.873056 0.40996 0.873011 0.409792 0.875017 0.408058 0.874851 0.408006 0.89741 0.36899 0.897587 0.368923 0.875017 0.408058 0.89741 0.36899 0.186413 0.2337779 0.18626 0.233736 0.186413 0.188397 0.193798 0.352809 0.193558 0.352699 0.193798 0.309352 0.203461 0.32306 0.2036139 0.368346 0.203461 0.368387 0.638711 0.278041 0.638488 0.277938 0.629102 0.242641 0.332615 0.174809 0.332781 0.13069 0.332781 0.174814 0.638711 0.278041 0.629102 0.322354 0.638488 0.277938 0.1535249 0.09368199 0.153299 0.102491 0.153299 0.09362298 0.154128 0.338729 0.152492 0.30214 0.154128 0.293494 0.191865 0.272287 0.193539 0.280926 0.191865 0.317469 0.185515 0.391378 0.185737 0.391405 0.192898 0.03599196 0.371987 0.06424897 0.364605 0.383141 0.372197 0.06418997 0.727658 0.269066 0.728597 0.273877 0.727658 0.314162 0.193512 0.215148 0.193512 0.1712909 0.193758 0.215036 0.186484 0.04651296 0.186731 0.04655295 0.186818 0.05139899 0.186484 0.04651296 0.179436 0.369444 0.186731 0.04655295 0.521611 0.396032 0.521865 0.396 0.523186 0.398298 0.371466 0.191883 0.371466 0.146748 0.371904 0.149474 0.521611 0.396032 0.510921 0.352198 0.521865 0.396 0.332747 0.303375 0.332094 0.260971 0.332747 0.258324 0.179417 0.317868 0.179174 0.317809 0.179101 0.369515 0.308177 0.329392 0.307964 0.329286 0.319653 0.285648 0.154383 0.1937929 0.154139 0.1494629 0.154383 0.149361 0.319896 0.285631 0.319653 0.285648 0.307964 0.241952 0.308177 0.329392 0.319653 0.285648 0.319896 0.285631 0.186235 0.253069 0.186396 0.253112 0.186235 0.298452 0.319896 0.285631 0.307964 0.241952 0.308108 0.241869 0.549327 0.196604 0.549162 0.196603 0.549327 0.152962 0.510681 0.352066 0.523186 0.401992 0.510921 0.352198 0.521611 0.396032 0.510681 0.352066 0.510921 0.352198 0.179417 0.317868 0.179101 0.322725 0.179174 0.317809 0.332779 0.256923 0.332538 0.25673 0.332779 0.21876 0.147475 0.267928 0.146559 0.227609 0.147475 0.222793 0.550492 0.354739 0.550492 0.311286 0.550658 0.311287 0.931655 0.39706 0.926206 0.397138 0.926206 0.353685 0.931655 0.353607 0.931655 0.39706 0.926206 0.353685 0.919924 0.322712 0.924736 0.366971 0.919288 0.366831 0.332615 0.21876 0.332615 0.1748149 0.332779 0.174814 0.938664 0.08935695 0.93321 0.08932298 0.93321 0.04566895 0.93377 0.403411 0.928316 0.359495 0.93377 0.359464 0.928316 0.403441 0.928316 0.359495 0.93377 0.403411 0.180359 0.092188 0.185801 0.09218597 0.183485 0.124128 0.938664 0.04570299 0.938664 0.08935695 0.93321 0.04566895 0.178043 0.1241289 0.183485 0.124128 0.182637 0.167885 0.178043 0.1241289 0.180359 0.092188 0.183485 0.124128 0.177195 0.167886 0.182637 0.167885 0.183485 0.211733 0.177195 0.167886 0.178043 0.1241289 0.182637 0.167885 0.178043 0.2117339 0.183485 0.211733 0.185801 0.2439219 0.178043 0.2117339 0.177195 0.167886 0.183485 0.211733 0.180359 0.243924 0.178043 0.2117339 0.185801 0.2439219 0.69189 0.355226 0.690388 0.355197 0.690388 0.405053 0.193417 0.395311 0.191865 0.362266 0.193368 0.362276 0.191865 0.406212 0.191865 0.362266 0.193417 0.395311 0.370098 0.230122 0.371466 0.2298319 0.371466 0.275067 0.69189 0.405839 0.69189 0.355226 0.690388 0.405053 0.357746 0.348385 0.359271 0.404288 0.359271 0.354544 0.727658 0.347711 0.728794 0.314162 0.728794 0.359151 0.897282 0.325771 0.894769 0.314863 0.898742 0.325676 0.894769 0.364049 0.897282 0.325771 0.898742 0.325676 0.548503 0.3469 0.549987 0.400399 0.549987 0.350745 0.92619 0.05161297 0.924716 0.04566895 0.927734 0.05149096 0.924716 0.09261697 0.92619 0.05161297 0.927734 0.05149096 0.535541 0.354514 0.526392 0.404326 0.537202 0.354738 0.524879 0.404921 0.523186 0.401993 0.526392 0.404326 0.535541 0.354514 0.524879 0.404921 0.526392 0.404326 0.535541 0.354514 0.537202 0.354738 0.524629 0.398292 0.523186 0.397423 0.535541 0.354514 0.524629 0.398292 0.191865 0.181719 0.193491 0.226619 0.191865 0.227052 0.919924 0.322712 0.925372 0.322852 0.924736 0.366971 0.86238 0.280019 0.889834 0.251285 0.889027 0.295825 0.851834 0.23738 0.875587 0.220861 0.889834 0.251285 0.86238 0.280019 0.851834 0.23738 0.889834 0.251285 0.86238 0.280019 0.889027 0.295825 0.873691 0.325636 0.822798 0.311244 0.873691 0.325636 0.866167 0.333924 0.822798 0.311244 0.86238 0.280019 0.873691 0.325636 0.822798 0.311244 0.866167 0.333924 0.8333 0.353704 0.786383 0.355391 0.8333 0.353704 0.827414 0.355391 0.822798 0.311244 0.8333 0.353704 0.786383 0.355391 0.74513 0.331522 0.786383 0.355391 0.783116 0.354513 0.777193 0.31812 0.786383 0.355391 0.74513 0.331522 0.777193 0.31812 0.822798 0.311244 0.786383 0.355391 0.777193 0.31812 0.74513 0.331522 0.723577 0.292415 0.549709 0.36729 0.548503 0.400399 0.548503 0.356278 0.768177 0.281667 0.723577 0.292415 0.722 0.258856 0.777193 0.31812 0.723577 0.292415 0.768177 0.281667 0.191865 0.317469 0.193055 0.356196 0.191865 0.362266 0.755786 0.2025409 0.78604 0.188299 0.792076 0.187036 0.935364 0.333804 0.945008 0.289713 0.936892 0.333577 0.945008 0.366016 0.935364 0.333804 0.936892 0.333577 0.840883 0.1930299 0.792076 0.187036 0.819445 0.186792 0.371001 0.364851 0.372134 0.375972 0.371001 0.403044 0.802478 0.229092 0.792076 0.187036 0.840883 0.1930299 0.802478 0.229092 0.755786 0.2025409 0.792076 0.187036 0.924322 0.338386 0.926512 0.327087 0.926512 0.349414 0.875587 0.220861 0.840883 0.1930299 0.850874 0.198229 0.94375 0.197893 0.944747 0.220508 0.94375 0.231746 0.851834 0.23738 0.840883 0.1930299 0.875587 0.220861 0.938637 0.186513 0.938637 0.15253 0.940225 0.177582 0.802478 0.229092 0.840883 0.1930299 0.851834 0.23738 0.932479 0.30822 0.935341 0.297095 0.935341 0.330605 0.909546 0.186792 0.914992 0.186859 0.916378 0.220814 0.910932 0.220748 0.916378 0.220814 0.916378 0.265247 0.910932 0.220748 0.909546 0.186792 0.916378 0.220814 0.549996 0.389945 0.548503 0.393772 0.548503 0.350745 0.910932 0.26518 0.916378 0.265247 0.914992 0.308251 0.728893 0.392908 0.727658 0.400552 0.727658 0.359151 0.910932 0.26518 0.910932 0.220748 0.916378 0.265247 0.550706 0.2158 0.549328 0.238523 0.549328 0.193219 0.919288 0.289713 0.924736 0.289853 0.925372 0.322852 0.813218 0.15658 0.813218 0.182417 0.811146 0.159972 0.909546 0.308184 0.910932 0.26518 0.914992 0.308251 0.690154 0.391255 0.690154 0.424767 0.687035 0.413813 0.919924 0.322712 0.919288 0.289713 0.925372 0.322852 0.75916 0.245213 0.722 0.258856 0.733312 0.227312 0.768177 0.281667 0.722 0.258856 0.75916 0.245213 0.75916 0.245213 0.733312 0.227312 0.749792 0.207412 0.802478 0.229092 0.749792 0.207412 0.755786 0.2025409 0.75916 0.245213 0.749792 0.207412 0.802478 0.229092 0.812638 0.270168 0.851834 0.23738 0.86238 0.280019 0.812638 0.270168 0.802478 0.229092 0.851834 0.23738 0.822798 0.311244 0.812638 0.270168 0.86238 0.280019 0.75916 0.245213 0.802478 0.229092 0.812638 0.270168 0.768177 0.281667 0.812638 0.270168 0.822798 0.311244 0.768177 0.281667 0.75916 0.245213 0.812638 0.270168 0.777193 0.31812 0.768177 0.281667 0.822798 0.311244 0.176862 0.398703 0.17441 0.398768 0.1739889 0.367776 0.918138 0.33935 0.915687 0.339286 0.916106 0.308251 0.918558 0.308315 0.918138 0.33935 0.916106 0.308251 0.176441 0.367711 0.1739889 0.367776 0.17441 0.340543 0.176441 0.367711 0.176862 0.398703 0.1739889 0.367776 0.546023 0.09086698 0.548482 0.09086799 0.548926 0.114739 0.176862 0.340478 0.176441 0.367711 0.17441 0.340543 0.546468 0.114738 0.548926 0.114739 0.549163 0.144197 0.546468 0.114738 0.546023 0.09086698 0.548926 0.114739 0.546704 0.144196 0.549163 0.144197 0.549163 0.175686 0.546704 0.144196 0.546468 0.114738 0.549163 0.144197 0.546704 0.175686 0.549163 0.175686 0.548926 0.205412 0.546704 0.175686 0.546704 0.144196 0.549163 0.175686 0.546468 0.205411 0.548926 0.205412 0.548482 0.229786 0.546468 0.205411 0.546704 0.175686 0.548926 0.205412 0.909546 0.308251 0.912 0.308295 0.912342 0.336477 0.546023 0.229785 0.546468 0.205411 0.548482 0.229786 0.909887 0.336433 0.912342 0.336477 0.912 0.367763 0.909887 0.336433 0.909546 0.308251 0.912342 0.336477 0.186882 0.351894 0.189336 0.35183 0.189692 0.38246 0.909887 0.336433 0.912 0.367763 0.909546 0.367719 0.187239 0.382524 0.189692 0.38246 0.189336 0.408756 0.187239 0.382524 0.186882 0.351894 0.189692 0.38246 0.36753 0.09095996 0.369987 0.09095698 0.370952 0.1156499 0.186882 0.408819 0.187239 0.382524 0.189336 0.408756 0.368496 0.115653 0.370952 0.1156499 0.371466 0.1455399 0.368496 0.115653 0.36753 0.09095996 0.370952 0.1156499 0.36901 0.145543 0.371466 0.1455399 0.371466 0.177019 0.36901 0.145543 0.368496 0.115653 0.371466 0.1455399 0.36901 0.177022 0.371466 0.177019 0.370952 0.206293 0.36901 0.177022 0.36901 0.145543 0.371466 0.177019 0.368496 0.206296 0.370952 0.206293 0.369987 0.229829 0.368496 0.206296 0.36901 0.177022 0.370952 0.206293 0.918558 0.366705 0.916106 0.366641 0.915687 0.339286 0.36753 0.2298319 0.368496 0.206296 0.369987 0.229829 0.918138 0.33935 0.918558 0.366705 0.915687 0.339286 0.1251879 0.302914 0.125513 0.302931 0.125185 0.333562 0.547934 0.370181 0.548227 0.370327 0.537202 0.399762 0.371572 0.374507 0.371897 0.343224 0.371897 0.374532 0.916839 0.216545 0.917923 0.200824 0.917923 0.232199 0.141214 0.33801 0.142018 0.314526 0.142018 0.345783 0.757864 0.161022 0.758849 0.168808 0.757864 0.1845639 0.913382 0.2087 0.91413 0.200824 0.91413 0.232252 0.754908 0.161022 0.75589 0.176725 0.754908 0.18458 0.800301 0.156728 0.800623 0.15658 0.800623 0.186474 0.754908 0.161022 0.754908 0.18462 0.754618 0.184597 0.907066 0.218462 0.908143 0.200824 0.908141 0.232316 0.498553 0.235419 0.498553 0.266823 0.498389 0.23644 0.352199 0.230152 0.352054 0.201312 0.352521 0.2301419 0.352054 0.247798 0.352199 0.230152 0.352521 0.2301419 0.498816 0.235189 0.499258 0.2061409 0.499136 0.235419 0.498935 0.206032 0.511119 0.327671 0.499258 0.2061409 0.498816 0.235189 0.498935 0.206032 0.499258 0.2061409 0.914375 0.228887 0.91413 0.23225 0.91413 0.200824 0.414583 0.184146 0.414291 0.184054 0.414583 0.180684 0.931741 0.311992 0.930657 0.327533 0.930657 0.29616 0.914887 0.2088029 0.914375 0.228887 0.91413 0.200824 0.756876 0.161022 0.756876 0.184572 0.75589 0.176613 0.927568 0.23785 0.926843 0.245572 0.926843 0.2142339 0.749676 0.184615 0.748691 0.168748 0.749676 0.161022 0.656971 0.377649 0.656643 0.377652 0.656643 0.346657 0.758849 0.1845099 0.758849 0.161022 0.759178 0.161031 0.120176 0.402319 0.119883 0.402434 0.114565 0.37144 0.656972 0.346733 0.656971 0.377649 0.656643 0.346657 0.114885 0.371456 0.114565 0.37144 0.120176 0.340478 0.114885 0.371456 0.120176 0.402319 0.114565 0.37144 0.900883 0.359792 0.900568 0.359866 0.898742 0.328433 0.897163 0.34165 0.896931 0.369644 0.896931 0.33825 0.900883 0.359792 0.901724 0.363069 0.900568 0.359866 0.919001 0.388256 0.917986 0.40211 0.917987 0.370618 0.899062 0.328505 0.900883 0.359792 0.898742 0.328433 0.901724 0.314863 0.899062 0.328505 0.898742 0.328433 0.802171 0.185244 0.802481 0.15658 0.802481 0.1863059 0.91894 0.228994 0.915987 0.21166 0.919269 0.229021 0.915987 0.259253 0.91894 0.228994 0.919269 0.229021 0.548172 0.338838 0.537998 0.402731 0.548503 0.338882 0.537678 0.402822 0.537202 0.401992 0.537998 0.402731 0.548172 0.338838 0.537678 0.402822 0.537998 0.402731 0.547934 0.370181 0.548503 0.338882 0.548227 0.370327 0.547934 0.370181 0.548172 0.338838 0.548503 0.338882 0.09077399 0.376904 0.09004795 0.374901 0.120935 0.369515 0.09077399 0.376904 0.07035297 0.387508 0.09004795 0.374901 0.06908398 0.385795 0.09004795 0.374901 0.07035297 0.387508 0.104331 0.373039 0.120935 0.369515 0.119769 0.375028 0.113306 0.371959 0.09077399 0.376904 0.120935 0.369515 0.104331 0.373039 0.113306 0.371959 0.120935 0.369515 0.141903 0.38951 0.119769 0.375028 0.14427 0.388646 0.141903 0.38951 0.104331 0.373039 0.119769 0.375028 0.145587 0.392457 0.14427 0.388646 0.146897 0.390778 0.145587 0.392457 0.141903 0.38951 0.14427 0.388646 0.170983 0.334582 0.146897 0.390778 0.166996 0.321315 0.170983 0.334582 0.145587 0.392457 0.146897 0.390778 0.170983 0.334582 0.166996 0.321315 0.172983 0.333857 0.165552 0.245857 0.160679 0.198514 0.165391 0.215454 0.171661 0.336394 0.172983 0.333857 0.177856 0.3812 0.171661 0.336394 0.170983 0.334582 0.172983 0.333857 0.175556 0.382021 0.177856 0.3812 0.177695 0.382143 0.171661 0.336394 0.177856 0.3812 0.175556 0.382021 0.175556 0.382021 0.177695 0.382143 0.17438 0.04739898 0.163672 0.05899798 0.17438 0.04739898 0.1542479 0.071424 0.176037 0.03960496 0.175556 0.382021 0.17438 0.04739898 0.163672 0.05899798 0.176037 0.03960496 0.17438 0.04739898 0.146715 0.07451897 0.1542479 0.071424 0.127019 0.08712595 0.146715 0.07451897 0.163672 0.05899798 0.1542479 0.071424 0.126293 0.085123 0.146715 0.07451897 0.127019 0.08712595 0.104001 0.09218597 0.126293 0.085123 0.127019 0.08712595 0.581898 0.321034 0.582365 0.321306 0.58229 0.339606 0.918367 0.262981 0.921066 0.240177 0.921066 0.285959 0.581822 0.299708 0.582365 0.321306 0.581898 0.321034 0.184894 0.327694 0.18537 0.327524 0.173444 0.211272 0.581898 0.321034 0.58229 0.339606 0.581822 0.339429 0.172967 0.21139 0.173444 0.211272 0.173444 0.23304 0.184894 0.327694 0.173444 0.211272 0.172967 0.21139 0.172967 0.233103 0.173444 0.23304 0.15338 0.09362298 0.172967 0.21139 0.173444 0.23304 0.172967 0.233103 0.104001 0.09218597 0.103762 0.09006798 0.126293 0.085123 0.927558 0.238272 0.928034 0.238293 0.927558 0.260979 0.172967 0.233103 0.15338 0.09362298 0.152904 0.09359699 0.104001 0.09218597 0.1127369 0.088988 0.103762 0.09006798 0.778075 0.168633 0.778496 0.161022 0.778496 0.184002 0.941674 0.128239 0.941674 0.09774398 0.942929 0.120716 0.09002399 0.08396595 0.07167696 0.06973499 0.1127369 0.088988 0.548503 0.281043 0.5509 0.266005 0.5509 0.311286 0.112474 0.09110498 0.09002399 0.08396595 0.1127369 0.088988 0.104001 0.09218597 0.112474 0.09110498 0.1127369 0.088988 0.934161 0.09425598 0.934161 0.063748 0.935748 0.07909595 0.07017099 0.071249 0.06938397 0.07057797 0.07167696 0.06973499 0.04540598 0.03212296 0.07167696 0.06973499 0.06938397 0.07057797 0.09002399 0.08396595 0.07017099 0.071249 0.07167696 0.06973499 0.184419 0.351499 0.184894 0.351235 0.191556 0.03167098 0.184419 0.351499 0.184174 0.327524 0.184894 0.351235 0.04540598 0.03212296 0.06938397 0.07057797 0.05007195 0.047203 0.03541296 0.395299 0.04540598 0.03212296 0.05007195 0.047203 0.07232499 0.419907 0.07432496 0.419182 0.07493597 0.420927 0.711315 0.394788 0.712886 0.410108 0.712866 0.411956 0.920677 0.384039 0.923194 0.353607 0.923194 0.39923 0.06890195 0.375178 0.07432496 0.419182 0.07232499 0.419907 0.06890195 0.375178 0.071011 0.375471 0.07432496 0.419182 0.89465 0.35271 0.892536 0.366015 0.892536 0.322189 0.711316 0.425341 0.711315 0.394788 0.712866 0.411956 0.03198999 0.35057 0.03541296 0.395299 0.03198999 0.381916 0.06956696 0.371781 0.07193797 0.370928 0.071011 0.375471 0.69189 0.339944 0.692362 0.340079 0.69225 0.343963 0.06890195 0.375178 0.06956696 0.371781 0.071011 0.375471 0.69189 0.339944 0.692362 0.405053 0.692362 0.340079 0.03905797 0.328105 0.03502696 0.34632 0.032655 0.347173 0.07794195 0.35352 0.07193797 0.370928 0.07596999 0.352712 0.935231 0.364847 0.934308 0.360292 0.933988 0.341881 0.05169498 0.401742 0.041031 0.328912 0.03905797 0.328105 0.05169498 0.401742 0.05339598 0.403029 0.041031 0.328912 0.790834 0.176352 0.790402 0.183977 0.790402 0.161022 0.935231 0.334319 0.935231 0.364847 0.933988 0.341881 0.06908398 0.385795 0.07035297 0.387508 0.05339598 0.403029 0.795711 0.168691 0.79529 0.1839489 0.79529 0.161022 0.05169498 0.401742 0.06908398 0.385795 0.05339598 0.403029 0.942721 0.403735 0.942721 0.340734 0.941134 0.325462 0.714083 0.425359 0.712886 0.417767 0.714083 0.394788 0.193301 0.09951895 0.192822 0.09953296 0.192354 0.076635 0.796984 0.156594 0.796505 0.186702 0.796505 0.15658 0.192835 0.05557197 0.192354 0.076635 0.192356 0.05534696 0.153463 0.143206 0.153928 0.16596 0.1529819 0.143076 0.192835 0.076765 0.192354 0.076635 0.192835 0.05557197 0.888047 0.067375 0.885957 0.09005397 0.885957 0.04909598 0.192835 0.05557197 0.192356 0.05534696 0.193301 0.03738397 0.725133 0.165084 0.725494 0.161022 0.7256 0.165015 0.784179 0.183971 0.783409 0.1655769 0.784179 0.161022 0.339814 0.341041 0.337385 0.363798 0.337385 0.320048 0.725133 0.165084 0.7256 0.165015 0.7256 0.186187 0.741061 0.162918 0.741522 0.161022 0.741528 0.1629559 0.782908 0.183987 0.78239 0.162862 0.782908 0.161022 0.741061 0.162918 0.741528 0.1629559 0.741061 0.185723 0.802901 0.15658 0.803015 0.156581 0.803015 0.186299 0.1868669 0.05139899 0.1868669 0.095995 0.186754 0.09599095 0.931345 0.336744 0.928316 0.359465 0.928316 0.314039 0.508178 0.410977 0.509463 0.395743 0.509463 0.426181 0.930491 0.091093 0.930491 0.04566895 0.93321 0.07601797 0.802901 0.15658 0.803015 0.186299 0.802781 0.15658 0.928316 0.268571 0.931009 0.283629 0.928316 0.314039 0.549489 0.123986 0.549723 0.123965 0.549163 0.152962 0.549489 0.123986 0.549163 0.09086698 0.549723 0.123965 0.715169 0.410065 0.716461 0.394788 0.716459 0.425341 0.926281 0.344848 0.926669 0.342426 0.926669 0.372942 0.508178 0.395743 0.508178 0.352618 0.510671 0.380616 0.692327 0.396527 0.690388 0.38571 0.692327 0.355226 0.715276 0.414416 0.715169 0.410065 0.716459 0.425341 0.364598 0.407289 0.364831 0.407316 0.364358 0.336655 0.364598 0.407289 0.364358 0.36803 0.364831 0.407316 0.942913 0.329272 0.941628 0.344476 0.941628 0.314039 0.942684 0.175302 0.941685 0.183023 0.941685 0.15253 0.897436 0.38142 0.897436 0.41931 0.895396 0.39658 0.923979 0.239628 0.921279 0.22455 0.923979 0.194174 0.186748 0.09599798 0.186634 0.140011 0.186634 0.095995 0.927104 0.238272 0.927218 0.26103 0.927104 0.261031 0.176156 0.200465 0.177195 0.200744 0.154444 0.24006 0.1868669 0.05139899 0.186754 0.09599095 0.186634 0.09598797 0.176156 0.155597 0.177195 0.15532 0.177195 0.200744 0.176156 0.200465 0.176156 0.155597 0.177195 0.200744 0.114761 0.261695 0.154444 0.24006 0.115039 0.262733 0.146302 0.697005 0.168774 0.658171 0.147062 0.697766 0.127065 0.719401 0.146302 0.697005 0.147062 0.697766 0.112985 0.262149 0.115039 0.262733 0.112658 0.263332 0.112985 0.262149 0.114761 0.261695 0.115039 0.262733 0.1018069 0.261651 0.112658 0.263332 0.101528 0.262688 0.1018069 0.261651 0.112985 0.262149 0.112658 0.263332 0.1018069 0.261651 0.101528 0.262688 0.09735399 0.261456 0.09763097 0.260418 0.09735399 0.261456 0.062123 0.239938 0.09763097 0.260418 0.1018069 0.261651 0.09735399 0.261456 0.06288397 0.239179 0.062123 0.239938 0.05685997 0.234191 0.06288397 0.239179 0.09763097 0.260418 0.062123 0.239938 0.05721199 0.232933 0.05685997 0.234191 0.03937298 0.200578 0.06288397 0.239179 0.05685997 0.234191 0.05721199 0.232933 0.186748 0.09599798 0.186868 0.09600096 0.186634 0.140011 0.04041099 0.200301 0.03937298 0.200578 0.03937298 0.155155 0.02072495 0.658007 0.03752595 0.690639 0.01968598 0.658284 0.927104 0.238272 0.927339 0.261029 0.927218 0.26103 0.185931 0.064067 0.186166 0.06409096 0.186465 0.10801 0.04041194 0.155434 0.03937298 0.155155 0.06212395 0.115839 0.928196 0.214374 0.931225 0.191648 0.931225 0.237101 0.04041194 0.155434 0.04041099 0.200301 0.03937298 0.155155 0.1932809 0.360646 0.193163 0.317472 0.1932809 0.317469 0.819106 0.15658 0.819332 0.179486 0.819214 0.179486 0.06287896 0.410086 0.06211894 0.317336 0.03937298 0.371677 0.931009 0.291237 0.934033 0.268571 0.934033 0.313856 0.186235 0.272142 0.1856999 0.316728 0.186009 0.27211 0.04041099 0.371398 0.03937298 0.371677 0.03937298 0.326385 0.06287896 0.410086 0.03937298 0.371677 0.04041099 0.371398 0.1932809 0.360646 0.193055 0.317477 0.193163 0.317472 0.819106 0.15658 0.819214 0.179486 0.819106 0.179488 0.926829 0.161046 0.9238 0.138408 0.926829 0.115758 0.923878 0.327109 0.924322 0.327087 0.924322 0.349637 0.940805 0.314039 0.941628 0.321748 0.940805 0.344655 0.927766 0.401165 0.927766 0.370618 0.928211 0.401152 0.901835 0.18616 0.901609 0.186201 0.901609 0.1655409 0.819332 0.164245 0.820285 0.15658 0.820285 0.1794469 0.933886 0.1831409 0.933886 0.152529 0.934624 0.175447 0.185858 0.41666 0.18283 0.393958 0.185858 0.371265 0.815383 0.171893 0.816345 0.15658 0.816345 0.179473 0.193145 0.148581 0.192919 0.181701 0.192919 0.148517 0.941027 0.299145 0.941027 0.268571 0.942084 0.283819 0.549716 0.171621 0.549489 0.171585 0.549327 0.152962 0.790834 0.179764 0.791587 0.161022 0.791587 0.183946 0.549787 0.264932 0.549787 0.238523 0.550319 0.246169 0.549714 0.173799 0.549327 0.193049 0.549489 0.171585 0.724094 0.164736 0.724538 0.164876 0.724094 0.186336 0.549716 0.171621 0.549714 0.173799 0.549489 0.171585 0.724094 0.164736 0.724137 0.161022 0.724538 0.164876 0.549555 0.261369 0.549328 0.261368 0.549555 0.238523 0.782908 0.182454 0.783409 0.161022 0.783409 0.183986 0.929578 0.115758 0.929578 0.158875 0.926829 0.136087 0.508178 0.352618 0.508178 0.401993 0.510681 0.331328 0.784179 0.1796489 0.784563 0.161022 0.784563 0.183987 0.745962 0.162562 0.746409 0.162603 0.745962 0.185274 0.549555 0.261369 0.54948 0.265715 0.549328 0.261368 0.745962 0.162562 0.745982 0.161022 0.746409 0.162603 0.186159 0.337653 0.185932 0.33769 0.185932 0.316728 0.915752 0.374637 0.915752 0.353593 0.916196 0.37455 0.708754 0.421388 0.708754 0.380117 0.711258 0.402929 0.892537 0.322189 0.892537 0.367819 0.889834 0.34493 0.789801 0.176191 0.790402 0.161022 0.790402 0.183971 0.796244 0.183477 0.795876 0.183944 0.795876 0.161022 0.186159 0.337653 0.186088 0.344106 0.185932 0.33769 0.915759 0.375162 0.915752 0.374637 0.916196 0.37455 0.185748 0.37153 0.185973 0.371568 0.18637 0.389866 0.817301 0.172006 0.816345 0.179472 0.816345 0.15658 0.919371 0.09771096 0.919371 0.05988496 0.921427 0.082695 0.800301 0.15658 0.800301 0.186565 0.799622 0.164101 0.923683 0.297095 0.926713 0.31976 0.923683 0.342426 0.944706 0.239491 0.94375 0.254613 0.94375 0.231746 0.202973 0.396138 0.2035959 0.352132 0.203198 0.396176 0.934705 0.240176 0.934705 0.270784 0.933645 0.255346 0.935901 0.364472 0.936009 0.364474 0.935783 0.387255 0.933645 0.27085 0.932829 0.263084 0.933645 0.240177 0.918558 0.339862 0.918676 0.339864 0.918558 0.362647 0.550706 0.147504 0.550932 0.191419 0.550824 0.191421 0.923479 0.375265 0.926502 0.397946 0.923479 0.327087 0.919224 0.36262 0.918783 0.362617 0.919224 0.339862 0.650884 0.42387 0.650884 0.393561 0.651324 0.393572 0.550706 0.147504 0.550824 0.191421 0.550706 0.1914229 0.176123 0.326242 0.177162 0.325963 0.177162 0.371256 0.1536549 0.287554 0.154415 0.286795 0.177162 0.325963 0.176123 0.326242 0.1536549 0.287554 0.177162 0.325963 0.159325 0.403544 0.177162 0.371256 0.159677 0.404798 0.176123 0.370981 0.176123 0.326242 0.177162 0.371256 0.159325 0.403544 0.176123 0.370981 0.177162 0.371256 0.1536549 0.409781 0.159677 0.404798 0.154416 0.317027 0.1536549 0.409781 0.159325 0.403544 0.159677 0.404798 0.118915 0.3375 0.154416 0.317027 0.119192 0.338536 0.118915 0.3375 0.1536549 0.409781 0.154416 0.317027 0.11474 0.338737 0.119192 0.338536 0.115018 0.339771 0.118915 0.3375 0.119192 0.338536 0.11474 0.338737 0.11474 0.338737 0.115018 0.339771 0.103897 0.340478 0.096188 0.329455 0.09651499 0.330634 0.09413397 0.330041 0.11474 0.338737 0.103897 0.340478 0.10357 0.339298 0.101795 0.338849 0.101517 0.339884 0.06211894 0.317336 0.10357 0.339298 0.101517 0.339884 0.101795 0.338849 0.101795 0.338849 0.06211894 0.317336 0.06287896 0.410086 0.192354 0.1274729 0.192579 0.127432 0.192919 0.148622 0.926183 0.25356 0.925266 0.26114 0.925266 0.238272 0.941685 0.15253 0.941685 0.183142 0.940937 0.160167 0.917364 0.05988496 0.919371 0.07493799 0.917364 0.09774398 0.818206 0.164233 0.817301 0.179473 0.817301 0.15658 0.192354 0.1274729 0.192919 0.09953296 0.192579 0.127432 0.715169 0.394788 0.715169 0.425362 0.714083 0.410063 0.203486 0.231087 0.203257 0.231052 0.203199 0.213005 0.370549 0.382298 0.371001 0.364851 0.371001 0.382899 0.801789 0.193395 0.802445 0.18563 0.802445 0.20858 0.797722 0.15658 0.797722 0.186679 0.796984 0.179008 0.934343 0.403735 0.936786 0.3287 0.934343 0.351519 0.370547 0.382759 0.371001 0.382899 0.370835 0.404006 0.18626 0.20648 0.185973 0.245936 0.1860319 0.206445 0.370547 0.382759 0.370549 0.382298 0.371001 0.382899 0.185973 0.211129 0.185744 0.2111279 0.1856999 0.188397 0.193301 0.06006795 0.1936849 0.03738397 0.193756 0.06011396 0.78935 0.165351 0.789801 0.161022 0.789801 0.183981 0.930491 0.04566895 0.930491 0.09129399 0.927734 0.068457 0.929399 0.34022 0.926713 0.319901 0.929399 0.297095 0.193301 0.06169497 0.193756 0.06011396 0.1936939 0.082919 0.185973 0.211129 0.1856999 0.253069 0.185744 0.2111279 0.193301 0.06169497 0.193301 0.06006795 0.193756 0.06011396 0.917666 0.374887 0.917437 0.374919 0.917437 0.353593 0.72638 0.182413 0.72638 0.161022 0.726833 0.182343 0.809094 0.206136 0.808813 0.208575 0.808813 0.18563 0.924096 0.284233 0.924096 0.240177 0.926644 0.261452 0.926206 0.398997 0.923194 0.376331 0.926206 0.353607 0.791868 0.165258 0.792548 0.161022 0.792548 0.183944 0.372144 0.236999 0.37192 0.271101 0.37192 0.236934 0.726444 0.186161 0.72638 0.182413 0.726833 0.182343 0.186235 0.272142 0.186009 0.27211 0.1856999 0.253069 0.818206 0.16412 0.819106 0.15658 0.819106 0.179472 0.810583 0.182877 0.810583 0.15658 0.811146 0.1753039 0.926183 0.25348 0.927104 0.238272 0.927104 0.261139 0.940676 0.267709 0.940676 0.237101 0.941765 0.252489 0.06287896 0.287859 0.03937298 0.326385 0.06211894 0.287104 0.04041099 0.32666 0.03937298 0.326385 0.06287896 0.287859 0.04041099 0.371398 0.03937298 0.326385 0.04041099 0.32666 0.09863996 0.340716 0.09656995 0.341241 0.09832996 0.339532 0.06287896 0.287859 0.06211894 0.287104 0.06418895 0.286579 0.101794 0.265393 0.06387895 0.285395 0.101516 0.26436 0.06418895 0.286579 0.06387895 0.285395 0.101794 0.265393 0.101794 0.265393 0.101516 0.26436 0.105745 0.263332 0.106025 0.264367 0.105745 0.263332 0.115018 0.264247 0.106025 0.264367 0.101794 0.265393 0.105745 0.263332 0.11474 0.265282 0.115018 0.264247 0.12245 0.266567 0.11474 0.265282 0.106025 0.264367 0.115018 0.264247 0.122775 0.267828 0.12245 0.266567 0.154415 0.286795 0.122775 0.267828 0.11474 0.265282 0.12245 0.266567 0.146273 0.74526 0.135079 0.725534 0.147033 0.7445 0.313513 0.08592599 0.312684 0.08363199 0.339137 0.06840699 0.290479 0.09095597 0.282531 0.088831 0.312684 0.08363199 0.290479 0.09095597 0.312684 0.08363199 0.313513 0.08592599 0.351891 0.05907595 0.339137 0.06840699 0.358745 0.04504096 0.334491 0.07503795 0.313513 0.08592599 0.339137 0.06840699 0.351891 0.05907595 0.334491 0.07503795 0.339137 0.06840699 0.364536 0.039168 0.358745 0.04504096 0.361727 0.381018 0.364536 0.039168 0.351891 0.05907595 0.358745 0.04504096 0.364358 0.380072 0.361727 0.381018 0.361821 0.380491 0.364226 0.380843 0.364536 0.039168 0.361727 0.381018 0.364358 0.380072 0.364226 0.380843 0.361727 0.381018 0.364358 0.380072 0.361821 0.380491 0.357907 0.335043 0.359623 0.332693 0.357907 0.335043 0.357341 0.333518 0.359623 0.332693 0.364358 0.380072 0.357907 0.335043 0.333408 0.389158 0.357341 0.333518 0.331904 0.391068 0.35352 0.319808 0.357341 0.333518 0.333408 0.389158 0.35352 0.319808 0.359623 0.332693 0.357341 0.333518 0.331216 0.387359 0.331904 0.391068 0.328519 0.388336 0.333408 0.389158 0.331904 0.391068 0.331216 0.387359 0.313542 0.376365 0.328519 0.388336 0.305534 0.375633 0.313542 0.376365 0.331216 0.387359 0.328519 0.388336 0.291077 0.36916 0.305534 0.375633 0.275493 0.370156 0.291077 0.36916 0.313542 0.376365 0.305534 0.375633 0.267545 0.36803 0.275493 0.370156 0.24534 0.375354 0.267545 0.36803 0.291077 0.36916 0.275493 0.370156 0.244512 0.373061 0.24534 0.375354 0.218888 0.390579 0.244512 0.373061 0.267545 0.36803 0.24534 0.375354 0.206134 0.39991 0.218888 0.390579 0.199279 0.320436 0.223533 0.383949 0.244512 0.373061 0.218888 0.390579 0.206134 0.39991 0.223533 0.383949 0.218888 0.390579 0.193489 0.326309 0.199279 0.320436 0.189665 0.344995 0.206134 0.39991 0.199279 0.320436 0.193489 0.326309 0.186966 0.345967 0.189665 0.344995 0.188821 0.349182 0.193489 0.326309 0.189665 0.344995 0.186966 0.345967 0.186966 0.345967 0.188821 0.349182 0.192225 0.393176 0.189942 0.394 0.192225 0.393176 0.192735 0.39463 0.186416 0.34883 0.192225 0.393176 0.189942 0.394 0.186416 0.34883 0.186966 0.345967 0.192225 0.393176 0.223963 0.06926995 0.192735 0.39463 0.2261199 0.06791895 0.204504 0.04566895 0.192735 0.39463 0.223963 0.06926995 0.189942 0.394 0.192735 0.39463 0.204504 0.04566895 0.223963 0.06926995 0.2261199 0.06791895 0.226593 0.06831699 0.244482 0.08262199 0.226593 0.06831699 0.25249 0.08335399 0.224616 0.06982797 0.223963 0.06926995 0.226593 0.06831699 0.244482 0.08262199 0.224616 0.06982797 0.226593 0.06831699 0.266947 0.089827 0.25249 0.08335399 0.282531 0.088831 0.266947 0.089827 0.244482 0.08262199 0.25249 0.08335399 0.290479 0.09095597 0.266947 0.089827 0.282531 0.088831 0.822706 0.09151995 0.822719 0.137508 0.799183 0.137283 0.928538 0.359169 0.921119 0.405326 0.897616 0.405549 0.897603 0.359561 0.928538 0.359169 0.897616 0.405549 0.783397 0.09087198 0.799183 0.137283 0.77732 0.136626 0.783397 0.09087198 0.822706 0.09151995 0.799183 0.137283 0.783397 0.09087198 0.77732 0.136626 0.758625 0.1355839 0.331872 0.28994 0.324463 0.24399 0.343061 0.243674 0.783397 0.09087198 0.758625 0.1355839 0.771629 0.251466 0.331872 0.28994 0.343061 0.243674 0.343736 0.243665 0.364226 0.349401 0.364358 0.380072 0.359623 0.332693 0.368011 0.289555 0.343736 0.243665 0.372496 0.243438 0.331872 0.28994 0.343736 0.243665 0.368011 0.289555 0.531384 0.363281 0.547945 0.37905 0.547924 0.379785 0.531384 0.363281 0.548438 0.350549 0.547945 0.37905 0.515222 0.391155 0.547924 0.379785 0.547237 0.398148 0.515222 0.391155 0.531384 0.363281 0.547924 0.379785 0.915823 0.368398 0.92001 0.411013 0.943012 0.404671 0.504078 0.401992 0.515222 0.391155 0.547237 0.398148 0.876861 0.290267 0.891336 0.335769 0.869442 0.336424 0.912742 0.365523 0.915823 0.368398 0.943012 0.404671 0.928538 0.359169 0.912742 0.365523 0.943012 0.404671 0.536222 0.334835 0.548503 0.333235 0.548438 0.350549 0.531384 0.363281 0.536222 0.334835 0.548438 0.350549 0.186416 0.34883 0.189942 0.394 0.186416 0.380272 0.531384 0.306138 0.548439 0.319092 0.548503 0.333235 0.536222 0.334835 0.531384 0.306138 0.548503 0.333235 0.531384 0.306138 0.547926 0.289227 0.548439 0.319092 0.515223 0.277423 0.547855 0.286679 0.547926 0.289227 0.515223 0.277423 0.54724 0.270045 0.547855 0.286679 0.531384 0.306138 0.515223 0.277423 0.547926 0.289227 0.606522 0.361858 0.595566 0.40886 0.613416 0.40979 0.609431 0.358959 0.606522 0.361858 0.613416 0.40979 0.515223 0.277423 0.504078 0.266005 0.54724 0.270045 0.444939 0.289938 0.436106 0.243705 0.452611 0.243989 0.408364 0.289554 0.433651 0.243673 0.436106 0.243705 0.408364 0.289554 0.436106 0.243705 0.444939 0.289938 0.723468 0.04781097 0.728222 0.03088599 0.74783 0.03009295 0.756476 0.04642099 0.74783 0.03009295 0.770194 0.02963 0.723468 0.04781097 0.74783 0.03009295 0.756476 0.04642099 0.756476 0.04642099 0.770194 0.02963 0.793829 0.02952897 0.550936 0.360482 0.550936 0.407966 0.574255 0.408237 0.756476 0.04642099 0.793829 0.02952897 0.796289 0.04602599 0.529791 0.292016 0.522578 0.2458249 0.54389 0.246448 0.581467 0.360918 0.550936 0.360482 0.574255 0.408237 0.606522 0.361858 0.581467 0.360918 0.595566 0.40886 0.408364 0.289554 0.403964 0.243437 0.433651 0.243673 0.368011 0.289555 0.389755 0.243408 0.403964 0.243437 0.368011 0.289555 0.372496 0.243438 0.389755 0.243408 0.368011 0.289555 0.403964 0.243437 0.408364 0.289554 0.550936 0.406553 0.550936 0.360482 0.581467 0.360918 0.756476 0.09249198 0.796289 0.04602599 0.796289 0.09209698 0.756476 0.04642099 0.796289 0.04602599 0.756476 0.09249198 0.591564 0.376764 0.581467 0.360918 0.606522 0.361858 0.550936 0.406553 0.581467 0.360918 0.561603 0.406617 0.564635 0.403596 0.561603 0.406617 0.581467 0.360918 0.591564 0.376764 0.564635 0.403596 0.581467 0.360918 0.571695 0.379759 0.568357 0.346004 0.571329 0.34317 0.571695 0.379759 0.553074 0.360577 0.568357 0.346004 0.613416 0.340224 0.651439 0.407966 0.646776 0.328351 0.657011 0.291964 0.65702 0.29262 0.610702 0.276729 0.611068 0.313318 0.610702 0.276729 0.65702 0.29262 0.656301 0.269066 0.657011 0.291964 0.610702 0.276729 0.625095 0.364913 0.646776 0.328351 0.644569 0.359779 0.625095 0.364913 0.613416 0.340224 0.646776 0.328351 0.625095 0.364913 0.644569 0.359779 0.651439 0.387834 0.743282 0.417324 0.729103 0.411596 0.735976 0.383547 0.625095 0.364913 0.651439 0.387834 0.63726 0.393561 0.755419 0.388753 0.735976 0.383547 0.733768 0.352134 0.755419 0.388753 0.743282 0.417324 0.735976 0.383547 0.767087 0.364088 0.733768 0.352134 0.729103 0.33825 0.767087 0.364088 0.755419 0.388753 0.733768 0.352134 0.763989 0.161022 0.763989 0.184049 0.763567 0.179998 0.380507 0.198344 0.380619 0.234637 0.3619 0.216939 0.478334 0.383213 0.432296 0.397049 0.432183 0.360756 0.478334 0.383213 0.478419 0.405819 0.432296 0.397049 0.938937 0.343317 0.912742 0.365523 0.928538 0.359169 0.911383 0.410028 0.928538 0.359169 0.897603 0.359561 0.911383 0.410028 0.938937 0.343317 0.928538 0.359169 0.908318 0.407004 0.911383 0.410028 0.897603 0.359561 0.89759 0.407037 0.908318 0.407004 0.897603 0.359561 0.783397 0.09087198 0.84238 0.207898 0.822706 0.09151995 0.550936 0.406553 0.561603 0.406617 0.550936 0.417247 0.524954 0.320819 0.511563 0.400154 0.522463 0.389762 0.767344 0.138344 0.796289 0.09209698 0.796289 0.1027899 0.796289 0.138169 0.767344 0.138344 0.796289 0.1027899 0.928316 0.288067 0.94538 0.286729 0.928027 0.268571 0.524954 0.320819 0.522463 0.389762 0.52556 0.386809 0.756476 0.09249198 0.796289 0.09209698 0.767344 0.138344 0.571695 0.379759 0.52556 0.386809 0.553074 0.360577 0.570721 0.33043 0.524954 0.320819 0.52556 0.386809 0.570721 0.33043 0.52556 0.386809 0.571695 0.379759 0.380507 0.198344 0.3619 0.216939 0.346649 0.325483 0.154111 0.149361 0.154111 0.163806 0.153928 0.160589 0.346641 0.391489 0.346649 0.325483 0.332853 0.405317 0.380507 0.198344 0.346649 0.325483 0.346641 0.391489 0.897587 0.396353 0.908318 0.407004 0.89759 0.407037 0.815374 0.342592 0.854681 0.332557 0.854684 0.343241 0.783397 0.09087198 0.80307 0.207249 0.84238 0.207898 0.815374 0.342592 0.854671 0.390717 0.854681 0.332557 0.934493 0.2367849 0.91945 0.186792 0.944208 0.212024 0.919288 0.206319 0.91945 0.186792 0.934493 0.2367849 0.815374 0.342592 0.825971 0.39038 0.854671 0.390717 0.854668 0.380078 0.854671 0.390717 0.825971 0.39038 0.934493 0.2367849 0.944208 0.212024 0.951658 0.219618 0.815374 0.342592 0.800777 0.389443 0.825971 0.39038 0.822263 0.381178 0.825971 0.39038 0.800777 0.389443 0.822263 0.381178 0.854664 0.367882 0.825971 0.39038 0.854668 0.380078 0.825971 0.39038 0.854664 0.367882 0.78392 0.340775 0.794739 0.391653 0.800777 0.389443 0.401127 0.633779 0.39379 0.629108 0.389031 0.62279 0.815374 0.342592 0.78392 0.340775 0.800777 0.389443 0.401127 0.633779 0.412136 0.646129 0.39379 0.629108 0.383536 0.404985 0.395378 0.440331 0.372226 0.448785 0.386829 0.614878 0.389031 0.62279 0.376198 0.595243 0.386829 0.614878 0.401127 0.633779 0.389031 0.62279 0.419676 0.4046 0.396351 0.440087 0.395378 0.440331 0.378193 0.593617 0.376198 0.595243 0.375906 0.594154 0.383536 0.404985 0.419676 0.4046 0.395378 0.440331 0.378836 0.595945 0.386829 0.614878 0.376198 0.595243 0.378193 0.593617 0.378836 0.595945 0.376198 0.595243 0.419676 0.4046 0.439824 0.4351 0.396351 0.440087 0.370804 0.601355 0.375906 0.594154 0.368523 0.60074 0.370804 0.601355 0.378193 0.593617 0.375906 0.594154 0.460029 0.404599 0.4414 0.435106 0.439824 0.4351 0.370804 0.601355 0.368523 0.60074 0.368937 0.59922 0.419676 0.4046 0.460029 0.404599 0.439824 0.4351 0.460029 0.404599 0.483565 0.440088 0.4414 0.435106 0.371222 0.599819 0.368937 0.59922 0.390673 0.561469 0.370804 0.601355 0.368937 0.59922 0.371222 0.599819 0.496603 0.404983 0.487739 0.441167 0.483565 0.440088 0.392387 0.563075 0.390673 0.561469 0.394122 0.558089 0.460029 0.404599 0.496603 0.404983 0.483565 0.440088 0.392387 0.563075 0.371222 0.599819 0.390673 0.561469 0.496603 0.404983 0.508165 0.448785 0.487739 0.441167 0.396809 0.558811 0.394122 0.558089 0.41617 0.542973 0.392387 0.563075 0.394122 0.558089 0.396809 0.558811 0.756476 0.09249198 0.741353 0.1390269 0.735016 0.1367329 0.410354 0.54879 0.41617 0.542973 0.423413 0.53981 0.723468 0.09388297 0.756476 0.09249198 0.735016 0.1367329 0.410354 0.54879 0.396809 0.558811 0.41617 0.542973 0.756476 0.09249198 0.767344 0.138344 0.741353 0.1390269 0.763561 0.1475239 0.741353 0.1390269 0.767344 0.138344 0.432094 0.539344 0.423413 0.53981 0.447756 0.53399 0.432094 0.539344 0.410354 0.54879 0.423413 0.53981 0.763561 0.1475239 0.767344 0.138344 0.796289 0.138169 0.780786 0.172132 0.813515 0.1627759 0.813515 0.173424 0.928316 0.288067 0.938013 0.294416 0.94538 0.286729 0.756476 0.04642099 0.756476 0.09249198 0.723468 0.09388297 0.444939 0.289938 0.444927 0.336081 0.408352 0.335697 0.723468 0.04781097 0.756476 0.04642099 0.723468 0.09388297 0.408364 0.289554 0.408352 0.335697 0.367999 0.335698 0.408364 0.289554 0.444939 0.289938 0.408352 0.335697 0.368011 0.289555 0.367999 0.335698 0.33186 0.336083 0.368011 0.289555 0.408364 0.289554 0.367999 0.335698 0.771629 0.251466 0.771616 0.2054319 0.80307 0.207249 0.331872 0.28994 0.368011 0.289555 0.33186 0.336083 0.783397 0.09087198 0.771629 0.251466 0.80307 0.207249 0.443338 0.658134 0.442753 0.660364 0.412136 0.646129 0.946949 0.261151 0.951658 0.219618 0.918367 0.235705 0.467944 0.661164 0.476414 0.662998 0.442753 0.660364 0.443338 0.658134 0.467944 0.661164 0.442753 0.660364 0.420417 0.648692 0.443338 0.658134 0.412136 0.646129 0.401127 0.633779 0.420417 0.648692 0.412136 0.646129 0.934493 0.2367849 0.951658 0.219618 0.946949 0.261151 0.780786 0.172132 0.813515 0.173424 0.813515 0.18563 0.913323 0.318625 0.929567 0.303228 0.938013 0.294416 0.456226 0.535824 0.447756 0.53399 0.481416 0.536624 0.942839 0.33564 0.929567 0.303228 0.913323 0.318625 0.480831 0.538854 0.481416 0.536624 0.512033 0.550858 0.480831 0.538854 0.456226 0.535824 0.481416 0.536624 0.928316 0.288067 0.913323 0.318625 0.938013 0.294416 0.456226 0.535824 0.432094 0.539344 0.447756 0.53399 0.66158 0.337977 0.667558 0.309269 0.663161 0.337979 0.954353 0.437679 0.939026 0.437071 0.935258 0.408317 0.667558 0.366412 0.66158 0.337977 0.663161 0.337979 0.129097 0.367757 0.149084 0.36945 0.145386 0.398215 0.130061 0.39886 0.129097 0.367757 0.145386 0.398215 0.662136 0.289852 0.682246 0.280512 0.667558 0.309269 0.955238 0.40665 0.935258 0.408317 0.92001 0.379388 0.683371 0.40727 0.684283 0.403048 0.689705 0.422465 0.683204 0.408105 0.683371 0.40727 0.689705 0.422465 0.66158 0.337977 0.661057 0.294909 0.667558 0.309269 0.955238 0.40665 0.954353 0.437679 0.935258 0.408317 0.668557 0.269148 0.692375 0.269066 0.682246 0.280512 0.65324 0.407644 0.61777 0.407966 0.608062 0.396416 0.662136 0.289852 0.668557 0.269148 0.682246 0.280512 0.95533 0.379388 0.955238 0.40665 0.92001 0.379388 0.942839 0.33564 0.928223 0.333807 0.927751 0.353394 0.747531 0.161022 0.747531 0.185088 0.746998 0.166909 0.911314 0.370618 0.942839 0.33564 0.927751 0.353394 0.570721 0.33043 0.556386 0.234004 0.538952 0.214157 0.654872 0.384895 0.65324 0.407644 0.608062 0.396416 0.610093 0.357498 0.654872 0.384895 0.608062 0.396416 0.942839 0.33564 0.913323 0.318625 0.928223 0.333807 0.928316 0.326983 0.928223 0.333807 0.913323 0.318625 0.928316 0.288067 0.928316 0.326983 0.913323 0.318625 0.523042 0.563208 0.512033 0.550858 0.535138 0.574197 0.503753 0.548296 0.480831 0.538854 0.512033 0.550858 0.523042 0.563208 0.503753 0.548296 0.512033 0.550858 0.537341 0.582109 0.535138 0.574197 0.546917 0.598186 0.537341 0.582109 0.523042 0.563208 0.535138 0.574197 0.545976 0.603371 0.546917 0.598186 0.548264 0.602834 0.545976 0.603371 0.544221 0.597495 0.546917 0.598186 0.537341 0.582109 0.546917 0.598186 0.544221 0.597495 0.545976 0.603371 0.548264 0.602834 0.548497 0.603746 0.657025 0.336404 0.661057 0.294909 0.66158 0.337977 0.553751 0.594105 0.548497 0.603746 0.556036 0.594705 0.545976 0.603371 0.548497 0.603746 0.553751 0.594105 0.667558 0.366412 0.661056 0.380439 0.66158 0.337977 0.65702 0.337996 0.66158 0.337977 0.661056 0.380439 0.657025 0.336404 0.66158 0.337977 0.65702 0.337996 0.682246 0.394244 0.661226 0.381259 0.661056 0.380439 0.553365 0.595633 0.534155 0.634831 0.533496 0.635518 0.667558 0.366412 0.682246 0.394244 0.661056 0.380439 0.556036 0.594705 0.555646 0.596248 0.534155 0.634831 0.553365 0.595633 0.556036 0.594705 0.534155 0.634831 0.682246 0.394244 0.661429 0.382213 0.661226 0.381259 0.553365 0.595633 0.533496 0.635518 0.532714 0.636316 0.682246 0.394244 0.668558 0.405042 0.661429 0.382213 0.530072 0.635633 0.532714 0.636316 0.507999 0.654014 0.531782 0.633913 0.532714 0.636316 0.530072 0.635633 0.531782 0.633913 0.553365 0.595633 0.532714 0.636316 0.936566 0.277215 0.922342 0.293142 0.911623 0.321703 0.492075 0.657643 0.507999 0.654014 0.476414 0.662998 0.936833 0.297306 0.936566 0.277215 0.911623 0.321703 0.682246 0.394244 0.692375 0.405053 0.668558 0.405042 0.513815 0.648197 0.530072 0.635633 0.507999 0.654014 0.492075 0.657643 0.513815 0.648197 0.507999 0.654014 0.91934 0.252607 0.934493 0.2367849 0.946949 0.261151 0.467944 0.661164 0.492075 0.657643 0.476414 0.662998 0.919288 0.245652 0.934493 0.2367849 0.91934 0.252607 0.919288 0.206319 0.934493 0.2367849 0.919288 0.245652 0.373112 0.28461 0.359327 0.259972 0.373203 0.24544 0.392798 0.383041 0.374181 0.363406 0.379013 0.358403 0.47838 0.267332 0.432262 0.27743 0.442951 0.266006 0.478308 0.292856 0.432171 0.3166 0.432262 0.27743 0.478313 0.290248 0.478308 0.292856 0.432262 0.27743 0.47838 0.267332 0.478313 0.290248 0.432262 0.27743 0.129097 0.367757 0.164259 0.340478 0.149084 0.36945 0.129097 0.367757 0.12894 0.340478 0.164259 0.340478 0.392798 0.383041 0.346641 0.391489 0.374181 0.363406 0.380507 0.198344 0.346641 0.391489 0.392798 0.383041 0.570721 0.33043 0.538952 0.214157 0.524954 0.320819 0.553365 0.595633 0.553751 0.594105 0.556036 0.594705 0.478284 0.354511 0.432183 0.360756 0.432171 0.3166 0.478274 0.337295 0.478284 0.354511 0.432171 0.3166 0.478275 0.323125 0.478274 0.337295 0.432171 0.3166 0.478308 0.292856 0.478275 0.323125 0.432171 0.3166 0.478332 0.382498 0.478334 0.383213 0.432183 0.360756 0.478284 0.354511 0.478332 0.382498 0.432183 0.360756 0.363332 0.292798 0.364844 0.293063 0.354051 0.322671 0.364358 0.269543 0.364844 0.261485 0.364844 0.293063 0.363332 0.292798 0.364358 0.269543 0.364844 0.293063 0.343744 0.334702 0.354051 0.322671 0.333825 0.346775 0.356293 0.315055 0.363332 0.292798 0.354051 0.322671 0.343744 0.334702 0.356293 0.315055 0.354051 0.322671 0.326582 0.350399 0.333825 0.346775 0.306558 0.362539 0.326582 0.350399 0.343744 0.334702 0.333825 0.346775 0.306043 0.361093 0.306558 0.362539 0.305748 0.36283 0.306043 0.361093 0.326582 0.350399 0.306558 0.362539 0.275524 0.366494 0.305748 0.36283 0.275606 0.36803 0.275524 0.366494 0.306043 0.361093 0.305748 0.36283 0.258556 0.364868 0.275606 0.36803 0.258288 0.366381 0.258556 0.364868 0.275524 0.366494 0.275606 0.36803 0.245088 0.36114 0.258288 0.366381 0.244643 0.362613 0.245088 0.36114 0.258556 0.364868 0.258288 0.366381 0.245088 0.36114 0.244643 0.362613 0.217419 0.34694 0.218344 0.34571 0.217419 0.34694 0.215214 0.345033 0.218344 0.34571 0.245088 0.36114 0.217419 0.34694 0.21553 0.343248 0.215214 0.345033 0.197198 0.322892 0.21553 0.343248 0.218344 0.34571 0.215214 0.345033 0.191923 0.307968 0.197198 0.322892 0.186416 0.293337 0.202645 0.32858 0.21553 0.343248 0.197198 0.322892 0.191923 0.307968 0.202645 0.32858 0.197198 0.322892 0.186902 0.285279 0.186416 0.293337 0.186416 0.261759 0.186902 0.285279 0.191923 0.307968 0.186416 0.293337 0.187928 0.262024 0.186416 0.261759 0.197209 0.232151 0.187928 0.262024 0.186902 0.285279 0.186416 0.261759 0.207516 0.22012 0.197209 0.232151 0.217435 0.208047 0.194966 0.239767 0.187928 0.262024 0.197209 0.232151 0.207516 0.22012 0.194966 0.239767 0.197209 0.232151 0.224678 0.204424 0.217435 0.208047 0.24205 0.193298 0.224678 0.204424 0.207516 0.22012 0.217435 0.208047 0.610093 0.357498 0.655015 0.382378 0.654872 0.384895 0.245299 0.193699 0.24205 0.193298 0.244702 0.192283 0.241734 0.195084 0.224678 0.204424 0.24205 0.193298 0.245299 0.193699 0.241734 0.195084 0.24205 0.193298 0.610093 0.357498 0.656327 0.352254 0.655015 0.382378 0.275736 0.188328 0.244702 0.192283 0.275653 0.186792 0.275736 0.188328 0.245299 0.193699 0.244702 0.192283 0.611068 0.313318 0.656723 0.33801 0.656327 0.352254 0.289587 0.189407 0.275653 0.186792 0.289855 0.187894 0.610093 0.357498 0.611068 0.313318 0.656327 0.352254 0.289587 0.189407 0.275736 0.188328 0.275653 0.186792 0.611068 0.313318 0.65702 0.320847 0.656723 0.33801 0.306172 0.193683 0.289855 0.187894 0.306617 0.19221 0.306172 0.193683 0.289587 0.189407 0.289855 0.187894 0.611068 0.313318 0.65702 0.29262 0.65702 0.320847 0.306172 0.193683 0.306617 0.19221 0.333239 0.207383 0.33292 0.209116 0.333239 0.207383 0.333841 0.207882 0.306172 0.193683 0.333239 0.207383 0.33292 0.209116 0.33292 0.209116 0.333841 0.207882 0.354062 0.23193 0.359337 0.246854 0.354062 0.23193 0.364844 0.261485 0.348614 0.226243 0.33292 0.209116 0.354062 0.23193 0.359337 0.246854 0.348614 0.226243 0.354062 0.23193 0.364358 0.269543 0.359337 0.246854 0.364844 0.261485 0.897922 0.1765699 0.899373 0.176061 0.905394 0.1984969 0.802171 0.178956 0.800623 0.1863279 0.800656 0.15658 0.886489 0.156803 0.899373 0.176061 0.897922 0.1765699 0.903839 0.198625 0.905394 0.1984969 0.905396 0.221731 0.897922 0.1765699 0.905394 0.1984969 0.903839 0.198625 0.903839 0.221463 0.905396 0.221731 0.89938 0.244177 0.903839 0.198625 0.905396 0.221731 0.903839 0.221463 0.897922 0.24353 0.89938 0.244177 0.88774 0.264335 0.903839 0.221463 0.89938 0.244177 0.897922 0.24353 0.923683 0.342663 0.925275 0.342426 0.926281 0.365748 0.897922 0.24353 0.88774 0.264335 0.886489 0.263322 0.918417 0.176339 0.919892 0.169561 0.919892 0.191096 0.923683 0.373083 0.923683 0.342663 0.926281 0.365748 0.828493 0.08264297 0.829957 0.07106697 0.829957 0.08951896 0.94144 0.07609397 0.94144 0.04566895 0.944389 0.06100499 0.897455 0.1340669 0.890616 0.1299819 0.876533 0.1116 0.877907 0.11076 0.876533 0.1116 0.865939 0.08247298 0.877907 0.11076 0.897455 0.1340669 0.876533 0.1116 0.867505 0.08218801 0.865939 0.08247298 0.864608 0.06547999 0.867505 0.08218801 0.877907 0.11076 0.865939 0.08247298 0.867505 0.05179798 0.864608 0.06547999 0.865954 0.05156999 0.867505 0.05179798 0.867505 0.08218801 0.864608 0.06547999 0.867505 0.05179798 0.865954 0.05156999 0.874068 0.05209195 0.875446 0.05278295 0.874068 0.05209195 0.876008 0.048895 0.875446 0.05278295 0.867505 0.05179798 0.874068 0.05209195 0.875446 0.05278295 0.876008 0.048895 0.888229 0.03366899 0.824339 0.07768797 0.825972 0.07106697 0.825972 0.08958399 0.894995 0.02952897 0.875446 0.05278295 0.888229 0.03366899 0.919892 0.184127 0.921513 0.169561 0.921513 0.191073 0.937449 0.152529 0.937449 0.182919 0.934624 0.167813 0.925909 0.191693 0.9238 0.184227 0.925909 0.161046 0.313037 0.332816 0.311354 0.332861 0.311039 0.309714 0.816626 0.181187 0.816626 0.211235 0.814947 0.211111 0.313037 0.289003 0.311039 0.309714 0.311357 0.288174 0.312727 0.310144 0.313037 0.332816 0.311039 0.309714 0.312727 0.310144 0.311039 0.309714 0.313037 0.289003 0.834016 0.326333 0.82949 0.397309 0.835472 0.326274 0.81334 0.400212 0.814725 0.399769 0.819251 0.328794 0.834016 0.326333 0.835472 0.326274 0.835867 0.345716 0.826633 0.314747 0.828485 0.311265 0.828064 0.315066 0.834016 0.326333 0.835867 0.345716 0.794643 0.393492 0.807502 0.1778129 0.809004 0.15658 0.809053 0.1848109 0.826633 0.314747 0.828064 0.315066 0.820722 0.336827 0.792548 0.161022 0.794697 0.168685 0.79421 0.182569 0.820194 0.152966 0.818652 0.1546559 0.818652 0.137508 0.792548 0.161022 0.79421 0.182569 0.792548 0.18387 0.813218 0.15658 0.815383 0.1719959 0.813218 0.1794199 0.948726 0.395424 0.914462 0.417164 0.913444 0.353607 0.669573 0.409811 0.670658 0.365895 0.677209 0.410205 0.659873 0.08538395 0.66838 0.107647 0.660744 0.108042 0.916016 0.297095 0.923683 0.29727 0.923331 0.327232 0.940518 0.2418079 0.93245 0.198092 0.940117 0.197893 0.932852 0.2207649 0.93245 0.198092 0.940518 0.2418079 0.915752 0.34091 0.923331 0.327232 0.923683 0.353593 0.915752 0.34091 0.916016 0.297095 0.923331 0.327232 0.179829 0.243924 0.186748 0.253437 0.185572 0.277871 0.177901 0.277846 0.185572 0.277871 0.184946 0.307032 0.177901 0.277846 0.179829 0.243924 0.185572 0.277871 0.177195 0.322226 0.184946 0.307032 0.184946 0.337402 0.177825 0.280193 0.177901 0.277846 0.184946 0.307032 0.177195 0.322226 0.177825 0.280193 0.184946 0.307032 0.177899 0.365222 0.184946 0.337402 0.185572 0.36532 0.1772029 0.326913 0.177195 0.322226 0.184946 0.337402 0.177899 0.365222 0.1772029 0.326913 0.184946 0.337402 0.178173 0.372046 0.185572 0.36532 0.186748 0.387416 0.178173 0.372046 0.177899 0.365222 0.185572 0.36532 0.948726 0.395424 0.914298 0.390764 0.914462 0.417164 0.948726 0.395424 0.947642 0.367882 0.914298 0.390764 0.843776 0.223628 0.898187 0.198599 0.875495 0.2378669 0.853693 0.186704 0.898187 0.198599 0.843776 0.223628 0.863611 0.149779 0.898187 0.198599 0.853693 0.186704 0.898187 0.15317 0.898187 0.198599 0.863611 0.149779 0.799482 0.189177 0.831201 0.203416 0.791947 0.226099 0.799482 0.189177 0.791947 0.226099 0.789422 0.226737 0.742171 0.224816 0.789422 0.226737 0.746677 0.226148 0.753663 0.18204 0.789422 0.226737 0.742171 0.224816 0.804403 0.290069 0.794343 0.327629 0.758585 0.282932 0.746083 0.231784 0.786465 0.259267 0.751761 0.238025 0.753663 0.18204 0.742171 0.224816 0.701789 0.197333 0.699603 0.153077 0.687025 0.199793 0.670044 0.166871 0.758585 0.282932 0.706711 0.298225 0.719289 0.251508 0.758662 0.1850669 0.729103 0.198861 0.729103 0.153432 0.770564 0.140754 0.758662 0.1850669 0.729103 0.153432 0.751795 0.114164 0.770564 0.140754 0.729103 0.153432 0.913119 0.125762 0.920755 0.125358 0.921841 0.169166 0.913333 0.146903 0.913119 0.125762 0.921841 0.169166 0.769781 0.2412469 0.719289 0.251508 0.731191 0.207195 0.769781 0.2412469 0.758585 0.282932 0.719289 0.251508 0.751795 0.114164 0.783083 0.09403496 0.770564 0.140754 0.820349 0.133122 0.770564 0.140754 0.783083 0.09403496 0.780977 0.199563 0.769781 0.2412469 0.731191 0.207195 0.913577 0.107577 0.921841 0.09774398 0.920755 0.125358 0.820349 0.133122 0.783083 0.09403496 0.791049 0.09148097 0.351865 0.387197 0.35955 0.387195 0.359569 0.393889 0.351924 0.404288 0.351865 0.387197 0.359569 0.393889 0.913119 0.125762 0.913577 0.107577 0.920755 0.125358 0.831832 0.09036195 0.820349 0.133122 0.791049 0.09148097 0.351826 0.366756 0.359494 0.348995 0.35955 0.387195 0.351865 0.387197 0.351826 0.366756 0.35955 0.387195 0.804403 0.290069 0.758585 0.282932 0.769781 0.2412469 0.814321 0.253145 0.769781 0.2412469 0.780977 0.199563 0.814321 0.253145 0.804403 0.290069 0.769781 0.2412469 0.873719 0.1122519 0.820349 0.133122 0.831832 0.09036195 0.824239 0.216221 0.814321 0.253145 0.780977 0.199563 0.873719 0.1122519 0.863611 0.149779 0.820349 0.133122 0.856494 0.402624 0.807224 0.432411 0.811711 0.433481 0.351808 0.344357 0.359492 0.3444 0.359494 0.348995 0.351826 0.366756 0.351808 0.344357 0.359494 0.348995 0.351813 0.321526 0.359521 0.302184 0.359492 0.3444 0.351808 0.344357 0.351813 0.321526 0.359492 0.3444 0.898187 0.15317 0.863611 0.149779 0.873719 0.1122519 0.880961 0.443543 0.856494 0.402624 0.858303 0.404379 0.351841 0.29982 0.359525 0.299896 0.359521 0.302184 0.351813 0.321526 0.351841 0.29982 0.359521 0.302184 0.351889 0.280718 0.35964 0.26559 0.359525 0.299896 0.351841 0.29982 0.351889 0.280718 0.359525 0.299896 0.932852 0.2419019 0.932852 0.2207649 0.940518 0.2418079 0.93245 0.260065 0.932852 0.2419019 0.940518 0.2418079 0.978349 0.686573 0.975656 0.693046 0.976525 0.675756 0.978382 0.694473 0.975709 0.695223 0.975656 0.693046 0.978349 0.686573 0.978382 0.694473 0.975656 0.693046 0.953569 0.706207 0.951249 0.71346 0.950644 0.69323 0.980141 0.669105 0.978349 0.686573 0.976525 0.675756 0.953218 0.692205 0.950644 0.69323 0.950547 0.669129 0.953218 0.692205 0.953569 0.706207 0.950644 0.69323 0.95321 0.659515 0.950547 0.669129 0.950995 0.642992 0.953094 0.676471 0.953218 0.692205 0.950547 0.669129 0.95321 0.659515 0.953094 0.676471 0.950547 0.669129 0.865016 0.957038 0.862493 0.95818 0.862224 0.932251 0.953569 0.641971 0.95321 0.659515 0.950995 0.642992 0.864778 0.922906 0.862224 0.932251 0.862493 0.90876 0.864776 0.939587 0.865016 0.957038 0.862224 0.932251 0.864778 0.922906 0.864776 0.939587 0.862224 0.932251 0.865016 0.907614 0.862493 0.90876 0.863251 0.889465 0.865016 0.907614 0.864778 0.922906 0.862493 0.90876 0.93202 0.640971 0.927918 0.652904 0.929632 0.635729 0.929523 0.658231 0.926484 0.668545 0.927918 0.652904 0.93202 0.640971 0.929523 0.658231 0.927918 0.652904 0.93202 0.640971 0.929632 0.635729 0.929711 0.633561 0.922835 0.66792 0.918589 0.647926 0.918561 0.646351 0.87547 0.930641 0.872779 0.930208 0.877979 0.889465 0.968483 0.74099 0.970968 0.718894 0.970968 0.761152 0.921334 0.646297 0.918561 0.646351 0.922835 0.603652 0.921334 0.646297 0.922835 0.66792 0.918561 0.646351 0.966986 0.894173 0.966098 0.897953 0.966098 0.854058 0.968794 0.87418 0.966986 0.894173 0.966098 0.854058 0.978382 0.694473 0.980141 0.713601 0.975709 0.695223 0.876054 0.94379 0.872864 0.935589 0.872779 0.930208 0.876054 0.94379 0.874166 0.949324 0.872864 0.935589 0.87547 0.930641 0.876054 0.94379 0.872779 0.930208 0.348359 0.868272 0.346649 0.875206 0.344425 0.861994 0.349928 0.881041 0.34716 0.880466 0.346649 0.875206 0.348359 0.868272 0.349928 0.881041 0.346649 0.875206 0.1758379 0.857104 0.178183 0.852023 0.178559 0.872248 0.1758379 0.857104 0.175447 0.845121 0.178183 0.852023 0.176043 0.871102 0.178559 0.872248 0.178493 0.896345 0.176043 0.871102 0.1758379 0.857104 0.178559 0.872248 0.175851 0.903788 0.178493 0.896345 0.177964 0.922481 0.17605 0.886834 0.176043 0.871102 0.178493 0.896345 0.175851 0.903788 0.17605 0.886834 0.178493 0.896345 0.953569 0.641971 0.956142 0.642991 0.95652 0.668918 0.175851 0.903788 0.177964 0.922481 0.175447 0.921331 0.953971 0.676101 0.95652 0.668918 0.956438 0.692407 0.953873 0.659422 0.953569 0.641971 0.95652 0.668918 0.953971 0.676101 0.953873 0.659422 0.95652 0.668918 0.953866 0.691392 0.956438 0.692407 0.955927 0.711699 0.953866 0.691392 0.953971 0.676101 0.956438 0.692407 0.953569 0.7048 0.953866 0.691392 0.955927 0.711699 0.876054 0.94379 0.877979 0.955741 0.874166 0.949324 0.350364 0.901609 0.346086 0.921237 0.34716 0.880466 0.348641 0.923147 0.34589 0.922816 0.346086 0.921237 0.350364 0.901609 0.348641 0.923147 0.346086 0.921237 0.349928 0.881041 0.350364 0.901609 0.34716 0.880466 0.932441 0.633078 0.929711 0.633561 0.926484 0.590689 0.932441 0.633078 0.93202 0.640971 0.929711 0.633561 0.968762 0.788059 0.965796 0.808256 0.965796 0.764362 0.348116 0.92701 0.344425 0.946584 0.34589 0.922816 0.348641 0.923147 0.348116 0.92701 0.34589 0.922816 0.730551 0.553459 0.718854 0.589633 0.731228 0.553768 0.710418 0.575039 0.711128 0.574962 0.718854 0.589633 0.730551 0.553459 0.710418 0.575039 0.718854 0.589633 0.730551 0.553459 0.731228 0.553768 0.733312 0.570092 0.732001 0.585727 0.733312 0.570092 0.732485 0.586292 0.732001 0.585727 0.730551 0.553459 0.733312 0.570092 0.732001 0.585727 0.732485 0.586292 0.728891 0.601792 0.725758 0.608641 0.728891 0.601792 0.722719 0.616233 0.725758 0.608641 0.732001 0.585727 0.728891 0.601792 0.714075 0.628551 0.722719 0.616233 0.714306 0.629097 0.725758 0.608641 0.722719 0.616233 0.714075 0.628551 0.698389 0.644083 0.714306 0.629097 0.698474 0.644657 0.698389 0.644083 0.714075 0.628551 0.714306 0.629097 0.679346 0.655082 0.698474 0.644657 0.679533 0.655553 0.679346 0.655082 0.698389 0.644083 0.698474 0.644657 0.679346 0.655082 0.679533 0.655553 0.675917 0.656966 0.665839 0.174195 0.666073 0.1746529 0.646551 0.1792989 0.679346 0.655082 0.675917 0.656966 0.675682 0.656509 0.64212 0.179193 0.646551 0.1792989 0.62617 0.1792989 0.64212 0.179193 0.665839 0.174195 0.646551 0.1792989 0.651963 0.661506 0.636014 0.661612 0.627194 0.660118 0.621964 0.658239 0.627194 0.660118 0.606608 0.652794 0.621964 0.658239 0.626962 0.659529 0.627194 0.660118 0.651963 0.661506 0.627194 0.660118 0.626962 0.659529 0.593799 0.644295 0.606608 0.652794 0.593066 0.644443 0.593799 0.644295 0.621964 0.658239 0.606608 0.652794 0.581668 0.633538 0.593066 0.644443 0.580973 0.633636 0.581668 0.633538 0.593799 0.644295 0.593066 0.644443 0.571602 0.620759 0.580973 0.633636 0.570838 0.620671 0.571602 0.620759 0.581668 0.633538 0.580973 0.633636 0.571602 0.620759 0.570838 0.620671 0.563111 0.606001 0.558873 0.590642 0.563111 0.606001 0.55812 0.590189 0.558873 0.590642 0.571602 0.620759 0.563111 0.606001 0.558873 0.590642 0.55812 0.590189 0.556036 0.573864 0.557452 0.558384 0.556036 0.573864 0.556863 0.557665 0.557452 0.558384 0.558873 0.590642 0.556036 0.573864 0.557452 0.558384 0.556863 0.557665 0.553075 0.593841 0.55632 0.587178 0.553075 0.593841 0.56235 0.574067 0.55632 0.587178 0.557452 0.558384 0.553075 0.593841 0.567929 0.567383 0.56235 0.574067 0.567499 0.566741 0.562695 0.574881 0.55632 0.587178 0.56235 0.574067 0.567929 0.567383 0.562695 0.574881 0.56235 0.574067 0.583668 0.551781 0.567499 0.566741 0.581837 0.552262 0.583668 0.551781 0.567929 0.567383 0.567499 0.566741 0.59916 0.542357 0.581837 0.552262 0.598868 0.541662 0.583668 0.551781 0.581837 0.552262 0.59916 0.542357 0.623498 0.534291 0.598868 0.541662 0.602432 0.54008 0.602715 0.540778 0.598868 0.541662 0.623498 0.534291 0.602715 0.540778 0.59916 0.542357 0.598868 0.541662 0.630122 0.534352 0.623498 0.534291 0.645684 0.53399 0.630122 0.534352 0.602715 0.540778 0.623498 0.534291 0.646014 0.534767 0.645684 0.53399 0.660747 0.537063 0.630122 0.534352 0.645684 0.53399 0.646014 0.534767 0.660095 0.537621 0.660747 0.537063 0.675357 0.542839 0.660095 0.537621 0.646014 0.534767 0.660747 0.537063 0.674646 0.543269 0.675357 0.542839 0.6889 0.55119 0.674646 0.543269 0.660095 0.537621 0.675357 0.542839 0.688226 0.551538 0.6889 0.55119 0.700993 0.561997 0.688226 0.551538 0.674646 0.543269 0.6889 0.55119 0.70035 0.562277 0.700993 0.561997 0.711128 0.574962 0.70035 0.562277 0.688226 0.551538 0.700993 0.561997 0.710418 0.575039 0.70035 0.562277 0.711128 0.574962 0.984697 0.956001 0.983331 0.93562 0.983689 0.930471 0.736223 0.663813 0.735443 0.668482 0.735443 0.643335 0.947507 0.844181 0.946166 0.852597 0.946166 0.820942 0.984697 0.922048 0.984697 0.956001 0.983689 0.930471 0.906927 0.652953 0.906402 0.665649 0.906402 0.64927 0.361506 0.687538 0.361506 0.723104 0.360148 0.700056 0.911895 0.668438 0.911678 0.664599 0.911895 0.647854 0.923952 0.836973 0.922184 0.85405 0.922184 0.820941 0.969186 0.553598 0.969186 0.590371 0.967634 0.570496 0.936823 0.832445 0.935163 0.853587 0.935163 0.820942 0.982748 0.590689 0.982748 0.62746 0.981254 0.611612 0.869772 0.667672 0.868491 0.656245 0.869772 0.632558 0.912637 0.852908 0.912238 0.853259 0.912238 0.839336 0.649635 0.928867 0.649635 0.959364 0.64926 0.929319 0.974825 0.888009 0.97363 0.874559 0.973743 0.865415 0.185536 0.639179 0.185079 0.635264 0.184972 0.611025 0.195964 0.732188 0.195816 0.732179 0.195964 0.72825 0.423193 0.663009 0.423028 0.66693 0.423028 0.662998 0.185536 0.606328 0.185536 0.639179 0.184972 0.611025 0.502081 0.958173 0.503016 0.946958 0.503016 0.969072 0.330003 0.938381 0.330327 0.938199 0.332422 0.957599 0.983629 0.661411 0.983629 0.62746 0.984876 0.650258 0.931186 0.820942 0.932444 0.831798 0.931186 0.853754 0.179342 0.845121 0.179487 0.877945 0.179342 0.877973 0.97363 0.888009 0.974707 0.899283 0.974467 0.913649 0.957898 0.703659 0.958592 0.699054 0.958592 0.714986 0.958592 0.707431 0.959308 0.699054 0.959308 0.714758 0.97363 0.921961 0.97363 0.888009 0.974467 0.913649 0.861665 0.632558 0.862447 0.639837 0.86291 0.65573 0.95652 0.711631 0.95712 0.699054 0.95712 0.715417 0.861665 0.668124 0.861665 0.632558 0.86291 0.65573 0.969342 0.828524 0.969638 0.832307 0.969342 0.849036 0.923952 0.837912 0.92572 0.820942 0.92572 0.854039 0.970968 0.755666 0.970968 0.718894 0.972481 0.738894 0.933567 0.841999 0.935162 0.820942 0.935162 0.8536 0.981075 0.846022 0.981075 0.80925 0.982607 0.825213 0.86291 0.632558 0.86426 0.644085 0.86291 0.667796 0.330003 0.938381 0.332422 0.915013 0.330327 0.938199 0.933567 0.853716 0.932958 0.824783 0.933567 0.820942 0.933567 0.853716 0.932444 0.842909 0.932958 0.824783 0.818896 0.638893 0.819185 0.638945 0.818896 0.667103 0.186051 0.606222 0.186051 0.639067 0.185762 0.606278 0.364436 0.861986 0.364791 0.88988 0.36419 0.862005 0.36419 0.89444 0.36419 0.862005 0.364791 0.88988 0.967502 0.908777 0.966392 0.920154 0.966392 0.897953 0.974825 0.854059 0.974825 0.888009 0.973743 0.865415 0.905196 0.609429 0.909396 0.609424 0.911688 0.64148 0.1841199 0.855236 0.184285 0.887716 0.1841199 0.887729 0.907504 0.577035 0.911688 0.577011 0.909396 0.609424 0.907504 0.577035 0.909396 0.609424 0.905196 0.609429 0.914344 0.669351 0.911688 0.64148 0.918479 0.669366 0.907504 0.641467 0.911688 0.64148 0.914344 0.669351 0.905196 0.609429 0.911688 0.64148 0.907504 0.641467 0.961159 0.962139 0.94068 0.561572 0.957485 0.960447 0.944432 0.563301 0.94068 0.561572 0.961159 0.962139 0.961159 0.962139 0.957485 0.960447 0.958078 0.922048 0.967428 0.841896 0.96377 0.840454 0.963355 0.802517 0.961159 0.962139 0.958078 0.922048 0.961658 0.923676 0.966917 0.8039 0.963355 0.802517 0.963944 0.772026 0.966917 0.8039 0.967428 0.841896 0.963355 0.802517 0.904577 0.53401 0.908321 0.53399 0.916381 0.562191 0.967428 0.773378 0.966917 0.8039 0.963944 0.772026 0.344225 0.896869 0.343979 0.896845 0.344225 0.864561 0.912685 0.562209 0.916381 0.562191 0.919102 0.594361 0.912685 0.562209 0.904577 0.53401 0.916381 0.562191 0.915421 0.59436 0.919102 0.594361 0.923763 0.575005 0.912685 0.562209 0.919102 0.594361 0.915421 0.59436 0.911959 0.60363 0.923763 0.575005 0.915703 0.603652 0.920067 0.574985 0.915421 0.59436 0.923763 0.575005 0.911959 0.60363 0.920067 0.574985 0.923763 0.575005 0.95979 0.805182 0.962674 0.772026 0.963355 0.8038 0.95979 0.805182 0.959186 0.773376 0.962674 0.772026 0.95979 0.805182 0.963355 0.8038 0.962849 0.842203 0.962315 0.592355 0.965881 0.590689 0.966594 0.628621 0.959186 0.843644 0.95979 0.805182 0.962849 0.842203 0.962934 0.630353 0.966594 0.628621 0.966053 0.659121 0.962934 0.630353 0.962315 0.592355 0.966594 0.628621 0.906962 0.599771 0.911097 0.599744 0.911688 0.577011 0.962934 0.630353 0.966053 0.659121 0.962315 0.660889 0.906962 0.599771 0.911688 0.577011 0.907504 0.577035 0.351889 0.862014 0.352147 0.861994 0.352147 0.894411 0.930197 0.849207 0.929032 0.853787 0.929032 0.820942 0.929688 0.822308 0.930197 0.849207 0.929032 0.820942 0.405679 0.669038 0.405933 0.667589 0.405933 0.669088 0.972481 0.732581 0.974473 0.718894 0.974473 0.752969 0.927871 0.820996 0.927871 0.853867 0.927599 0.820942 0.926884 0.850409 0.927599 0.820942 0.927871 0.853867 0.179111 0.614057 0.179111 0.597928 0.179489 0.601133 0.538641 0.711722 0.540551 0.687492 0.540551 0.723378 0.972957 0.745548 0.972481 0.732581 0.974473 0.752969 0.928401 0.822176 0.928401 0.790565 0.929038 0.798076 0.96877 0.623876 0.970919 0.602853 0.970919 0.6401 0.940016 0.853459 0.940016 0.820942 0.941003 0.832603 0.981069 0.732026 0.983201 0.715108 0.983201 0.752352 0.92572 0.853864 0.92572 0.820942 0.926884 0.837075 0.973088 0.622925 0.970919 0.640098 0.970919 0.602853 0.929032 0.820942 0.929032 0.853853 0.927871 0.838009 0.98116 0.575926 0.973778 0.590356 0.983271 0.554637 0.85193 0.655806 0.849956 0.668439 0.849956 0.632558 0.938962 0.820941 0.938962 0.853491 0.937929 0.833569 0.984224 0.834939 0.982607 0.84332 0.982607 0.80925 0.186229 0.903045 0.186229 0.934644 0.185508 0.91151 0.98466 0.826313 0.984224 0.834939 0.982607 0.80925 0.970132 0.848486 0.970132 0.828524 0.970594 0.844245 0.906402 0.61638 0.906812 0.647866 0.906545 0.64927 0.254795 0.664672 0.254303 0.661788 0.255648 0.662271 0.906402 0.649241 0.906402 0.61638 0.906545 0.64927 0.817201 0.638893 0.817345 0.667197 0.817201 0.667221 0.233333 0.653647 0.2297199 0.647711 0.254303 0.661788 0.233333 0.653647 0.254303 0.661788 0.254795 0.664672 0.906402 0.61638 0.907218 0.619824 0.906812 0.647866 0.274496 0.669105 0.255648 0.662271 0.283281 0.667057 0.274496 0.669105 0.254795 0.664672 0.255648 0.662271 0.179114 0.571386 0.179251 0.554172 0.179251 0.574912 0.297659 0.668523 0.283281 0.667057 0.303941 0.664717 0.274496 0.669105 0.283281 0.667057 0.297659 0.668523 0.982748 0.590689 0.984108 0.597978 0.984648 0.607613 0.302908 0.66754 0.303941 0.664717 0.313198 0.661987 0.982748 0.624764 0.982748 0.590689 0.984648 0.607613 0.297659 0.668523 0.303941 0.664717 0.302908 0.66754 0.178559 0.908951 0.179327 0.884623 0.179327 0.916276 0.320544 0.661756 0.313198 0.661987 0.340888 0.646178 0.320544 0.661756 0.302908 0.66754 0.313198 0.661987 0.938962 0.842075 0.940016 0.820942 0.940016 0.853471 0.36371 0.623088 0.340888 0.646178 0.36207 0.621015 0.85193 0.668445 0.85193 0.632558 0.853733 0.643989 0.341526 0.648868 0.320544 0.661756 0.340888 0.646178 0.36371 0.623088 0.341526 0.648868 0.340888 0.646178 0.375703 0.590985 0.36207 0.621015 0.373434 0.589688 0.375703 0.590985 0.36371 0.623088 0.36207 0.621015 0.375703 0.590985 0.373434 0.589688 0.373302 0.556781 0.375906 0.557242 0.373302 0.556781 0.35481 0.578636 0.375906 0.557242 0.375703 0.590985 0.373302 0.556781 0.361234 0.585472 0.35481 0.578636 0.350056 0.571425 0.375906 0.557242 0.35481 0.578636 0.361234 0.585472 0.3511 0.568602 0.350056 0.571425 0.334998 0.555509 0.361234 0.585472 0.350056 0.571425 0.3511 0.568602 0.331452 0.549618 0.334998 0.555509 0.311766 0.54194 0.348431 0.565255 0.334998 0.555509 0.331452 0.549618 0.348431 0.565255 0.3511 0.568602 0.334998 0.555509 0.409685 0.668816 0.409408 0.668816 0.409425 0.667349 0.312615 0.539528 0.311766 0.54194 0.310395 0.541416 0.331452 0.549618 0.311766 0.54194 0.312615 0.539528 0.289114 0.53399 0.310395 0.541416 0.281394 0.536147 0.289114 0.53399 0.311278 0.539023 0.310395 0.541416 0.312615 0.539528 0.310395 0.541416 0.311278 0.539023 0.184285 0.855236 0.184453 0.855247 0.184285 0.887367 0.819185 0.638893 0.819353 0.66698 0.819185 0.666991 0.930197 0.825511 0.931186 0.820942 0.931186 0.853787 0.966109 0.555948 0.984799 0.978306 0.967574 0.581739 0.965733 0.567953 0.966109 0.555948 0.967574 0.581739 0.813569 0.598988 0.813569 0.580449 0.813728 0.594327 0.853733 0.644995 0.855602 0.632558 0.855602 0.668439 0.542695 0.92013 0.542695 0.888488 0.543552 0.911821 0.936823 0.85352 0.936823 0.820942 0.937928 0.841129 0.266008 0.534849 0.281394 0.536147 0.264045 0.537777 0.266008 0.534849 0.289114 0.53399 0.281394 0.536147 0.265074 0.535012 0.264045 0.537777 0.251531 0.541206 0.265074 0.535012 0.266008 0.534849 0.264045 0.537777 0.2432489 0.541856 0.251531 0.541206 0.223868 0.556978 0.2432489 0.541856 0.265074 0.535012 0.251531 0.541206 0.20057 0.580831 0.223868 0.556978 0.202672 0.582113 0.222446 0.554932 0.2432489 0.541856 0.223868 0.556978 0.20057 0.580831 0.222446 0.554932 0.223868 0.556978 0.20057 0.580831 0.202672 0.582113 0.19866 0.561765 0.196259 0.561203 0.19866 0.561765 0.1987709 0.594701 0.196259 0.561203 0.20057 0.580831 0.19866 0.561765 0.196259 0.594767 0.1987709 0.594701 0.209888 0.624567 0.196259 0.594767 0.196259 0.561203 0.1987709 0.594701 0.203603 0.618031 0.209888 0.624567 0.21669 0.634466 0.196259 0.594767 0.209888 0.624567 0.203603 0.618031 0.215677 0.637236 0.21669 0.634466 0.2297199 0.647711 0.203603 0.618031 0.21669 0.634466 0.215677 0.637236 0.216407 0.638116 0.215677 0.637236 0.2297199 0.647711 0.233333 0.653647 0.216407 0.638116 0.2297199 0.647711 0.830565 0.638893 0.830711 0.638913 0.830565 0.661641 0.984505 0.749066 0.984252 0.716514 0.984505 0.715108 0.721656 0.816857 0.721656 0.850856 0.72151 0.816885 0.771461 0.654653 0.772437 0.643335 0.772437 0.666458 0.344225 0.887032 0.344391 0.864561 0.344391 0.88704 0.979942 0.667804 0.979942 0.633806 0.981184 0.656523 0.867126 0.632558 0.868436 0.644296 0.868491 0.64524 0.974239 0.780532 0.972397 0.798717 0.973906 0.780362 0.867126 0.667696 0.867126 0.632558 0.868491 0.64524 0.984505 0.749066 0.983201 0.737853 0.984252 0.716514 0.77341 0.654592 0.772437 0.666417 0.772437 0.643335 0.867126 0.667694 0.865645 0.648581 0.865814 0.644317 0.880938 0.57438 0.880623 0.574689 0.878825 0.558478 0.867126 0.632558 0.867126 0.667694 0.865814 0.644317 0.833504 0.668882 0.832104 0.656881 0.833504 0.632558 0.880938 0.57438 0.878825 0.598601 0.880623 0.574689 0.979942 0.668337 0.978506 0.652221 0.979942 0.633806 0.186392 0.898276 0.186161 0.888429 0.186392 0.88367 0.166607 0.915332 0.166266 0.915906 0.161788 0.891693 0.166607 0.915332 0.161788 0.950273 0.166266 0.915906 0.985042 0.559709 0.983271 0.57269 0.975888 0.590356 0.940236 0.558478 0.940236 0.595285 0.938931 0.571374 0.977175 0.550814 0.975354 0.56826 0.975354 0.53399 0.938931 0.558478 0.938931 0.596534 0.937355 0.575719 0.647489 0.953829 0.645847 0.975491 0.645847 0.941748 0.344041 0.908207 0.344041 0.946263 0.342443 0.929613 0.771315 0.654159 0.77017 0.666506 0.77017 0.643335 0.95629 0.641415 0.955964 0.639961 0.95629 0.619885 0.233333 0.653647 0.254795 0.664672 0.25342 0.664181 0.408933 0.668842 0.408646 0.668781 0.408933 0.667349 0.956043 0.641423 0.955964 0.639961 0.95629 0.641415 0.175396 0.931806 0.175396 0.965804 0.174291 0.94414 0.332451 0.941244 0.333629 0.952518 0.332451 0.975165 0.873889 0.632558 0.874177 0.666494 0.873889 0.66655 0.361506 0.687538 0.362701 0.70988 0.362633 0.711019 0.975155 0.895735 0.975554 0.895528 0.975554 0.918213 0.778132 0.655012 0.779267 0.643335 0.779267 0.666307 0.361506 0.722673 0.361506 0.687538 0.362633 0.711019 0.830725 0.632558 0.832104 0.644868 0.830725 0.669037 0.926072 0.635214 0.926072 0.603652 0.926445 0.634853 0.974239 0.780532 0.973906 0.780362 0.972397 0.764362 0.973763 0.821999 0.975421 0.809788 0.975421 0.843689 0.966272 0.590406 0.966272 0.553598 0.967634 0.57827 0.982643 0.685904 0.98445 0.669105 0.98445 0.703221 0.350364 0.943816 0.350364 0.905759 0.351962 0.927192 0.647489 0.962911 0.649206 0.941748 0.649206 0.975312 0.959629 0.640908 0.959629 0.602853 0.961202 0.619966 0.894944 0.610724 0.890804 0.610505 0.895339 0.577246 0.186161 0.88367 0.186161 0.850235 0.186407 0.85026 0.894923 0.611135 0.891903 0.643898 0.890804 0.610505 0.894944 0.610724 0.894923 0.611135 0.890804 0.610505 0.902221 0.567047 0.895339 0.577246 0.897814 0.599744 0.902221 0.567047 0.894944 0.610724 0.895339 0.577246 0.955371 0.656898 0.951752 0.664889 0.95097 0.632007 0.541942 0.719262 0.541711 0.72146 0.541711 0.697948 0.755805 0.643335 0.755805 0.667605 0.751371 0.650931 0.954881 0.626193 0.95097 0.632007 0.951402 0.592262 0.954881 0.626193 0.955371 0.656898 0.95097 0.632007 0.894786 0.596007 0.890885 0.597742 0.890885 0.558478 0.954881 0.626193 0.951402 0.592262 0.955371 0.590689 0.881207 0.620621 0.877012 0.647947 0.877479 0.61638 0.937355 0.579419 0.93542 0.59657 0.93542 0.558478 0.880946 0.650256 0.881207 0.667445 0.877012 0.647947 0.881207 0.620621 0.880946 0.650256 0.877012 0.647947 0.69416 0.840297 0.684992 0.857699 0.692021 0.827745 0.69416 0.840297 0.687188 0.863418 0.684992 0.857699 0.874177 0.632572 0.874342 0.632558 0.874342 0.666186 0.698797 0.7942 0.692021 0.827745 0.694394 0.794201 0.694565 0.838364 0.69416 0.840297 0.692021 0.827745 0.698797 0.7942 0.694565 0.838364 0.692021 0.827745 0.698796 0.79378 0.694394 0.794201 0.692021 0.761027 0.698796 0.79378 0.698797 0.7942 0.694394 0.794201 0.694565 0.750687 0.692021 0.761027 0.684992 0.732167 0.694565 0.750687 0.698796 0.79378 0.692021 0.761027 0.954851 0.776687 0.958611 0.772026 0.959186 0.804895 0.693976 0.747992 0.694565 0.750687 0.684992 0.732167 0.687187 0.726771 0.693976 0.747992 0.684992 0.732167 0.955256 0.807384 0.959186 0.804895 0.958742 0.844638 0.955256 0.807384 0.954851 0.776687 0.959186 0.804895 0.947937 0.53399 0.951903 0.535562 0.95226 0.574825 0.954851 0.842888 0.955256 0.807384 0.958742 0.844638 0.947937 0.598747 0.95226 0.574825 0.958975 0.554703 0.948351 0.569122 0.947937 0.53399 0.95226 0.574825 0.947937 0.598747 0.948351 0.569122 0.95226 0.574825 0.898264 0.657387 0.898732 0.673474 0.891903 0.643898 0.898264 0.657387 0.905196 0.679304 0.898732 0.673474 0.897706 0.654636 0.898264 0.657387 0.891903 0.643898 0.894923 0.611135 0.897706 0.654636 0.891903 0.643898 0.173677 0.635461 0.162953 0.649422 0.1722649 0.634889 0.152492 0.663066 0.13757 0.672453 0.162953 0.649422 0.175257 0.632196 0.185981 0.618236 0.175264 0.632201 0.173677 0.635461 0.1722649 0.634889 0.178842 0.619044 0.180265 0.619524 0.178842 0.619044 0.18317 0.585994 0.180265 0.619524 0.173677 0.635461 0.178842 0.619044 0.196229 0.560646 0.195474 0.568768 0.181972 0.591422 0.196259 0.585559 0.195474 0.568768 0.196229 0.560646 0.196259 0.585559 0.192569 0.602298 0.195474 0.568768 0.183016 0.590055 0.181972 0.591422 0.1811479 0.589376 0.196229 0.560646 0.181972 0.591422 0.183016 0.590055 0.183016 0.590055 0.1811479 0.589376 0.153581 0.553333 0.154136 0.551907 0.153581 0.553333 0.1532469 0.553076 0.170803 0.568563 0.153581 0.553333 0.154136 0.551907 0.182524 0.588848 0.183016 0.590055 0.153581 0.553333 0.170803 0.568563 0.182524 0.588848 0.153581 0.553333 0.135484 0.540933 0.1532469 0.553076 0.131426 0.535749 0.135484 0.540933 0.154136 0.551907 0.1532469 0.553076 0.129322 0.533994 0.131426 0.535749 0.128261 0.535359 0.132448 0.53441 0.131426 0.535749 0.129322 0.533994 0.135484 0.540933 0.131426 0.535749 0.132448 0.53441 0.108105 0.53399 0.128261 0.535359 0.099599 0.536869 0.108105 0.53399 0.129322 0.533994 0.128261 0.535359 0.08372497 0.540116 0.099599 0.536869 0.068699 0.549398 0.08372497 0.540116 0.108105 0.53399 0.099599 0.536869 0.05425798 0.558408 0.068699 0.549398 0.04331499 0.572429 0.06830698 0.547873 0.08372497 0.540116 0.068699 0.549398 0.05425798 0.558408 0.06830698 0.547873 0.068699 0.549398 0.03275996 0.585974 0.04331499 0.572429 0.02742695 0.602807 0.04233795 0.571182 0.05425798 0.558408 0.04331499 0.572429 0.03275996 0.585974 0.04233795 0.571182 0.04331499 0.572429 0.02960997 0.567087 0.02742695 0.602807 0.03048098 0.584181 0.02960997 0.567087 0.03275996 0.585974 0.02742695 0.602807 0.02952897 0.592161 0.03048098 0.584181 0.03625094 0.61229 0.02960997 0.567087 0.03048098 0.584181 0.02952897 0.592161 0.03504598 0.613861 0.03625094 0.61229 0.03742498 0.615249 0.02952897 0.592161 0.03625094 0.61229 0.03504598 0.613861 0.03504598 0.613861 0.03742498 0.615249 0.06466698 0.651041 0.06361597 0.652401 0.06466698 0.651041 0.06499201 0.651293 0.04755097 0.636173 0.06466698 0.651041 0.06361597 0.652401 0.03581094 0.615766 0.06466698 0.651041 0.04755097 0.636173 0.03581094 0.615766 0.03504598 0.613861 0.06466698 0.651041 0.08397901 0.681561 0.06499201 0.668518 0.106833 0.686102 0.06394398 0.652656 0.06361597 0.652401 0.06499201 0.651293 0.08397901 0.664335 0.06394398 0.652656 0.06499201 0.651293 0.107813 0.687936 0.106833 0.686102 0.109026 0.686384 0.106728 0.687792 0.106833 0.686102 0.107813 0.687936 0.08397901 0.681561 0.106833 0.686102 0.106728 0.687792 0.09903097 0.687936 0.109026 0.686384 0.10667 0.684982 0.09903097 0.687936 0.107813 0.687936 0.109026 0.686384 0.123292 0.68157 0.10667 0.684982 0.13757 0.672453 0.135596 0.664344 0.131021 0.67071 0.118973 0.667757 0.152492 0.663066 0.123292 0.68157 0.13757 0.672453 0.170803 0.568563 0.154136 0.551907 0.154476 0.552166 0.370354 0.685651 0.370595 0.685818 0.370354 0.686171 0.921922 0.689322 0.920714 0.677817 0.921922 0.654714 0.364372 0.69464 0.364372 0.72932 0.364084 0.694696 0.5471 0.893311 0.547436 0.893791 0.5471 0.915429 0.183719 0.843697 0.183928 0.843318 0.183928 0.84383 0.849845 0.186091 0.848612 0.163417 0.848688 0.16212 0.761927 0.683373 0.761529 0.683579 0.761529 0.660561 0.757866 0.672088 0.756717 0.683989 0.756717 0.660561 0.847384 0.649784 0.847384 0.68563 0.846227 0.661659 0.928349 0.833858 0.926938 0.821315 0.928349 0.796634 0.654555 0.907505 0.654555 0.846195 0.654182 0.907865 0.859719 0.66823 0.861585 0.649784 0.860053 0.6684 0.846151 0.685632 0.84481 0.67366 0.844747 0.672571 0.846151 0.649784 0.846151 0.685632 0.844747 0.672571 0.859719 0.66823 0.860053 0.6684 0.861585 0.684734 0.925936 0.861876 0.924252 0.874329 0.924252 0.839759 0.899589 0.627527 0.899589 0.66508 0.898195 0.639901 0.912566 0.578483 0.91073 0.595637 0.91073 0.578443 0.1910409 0.905751 0.1910409 0.851068 0.189404 0.829214 0.937188 0.58746 0.935578 0.570026 0.936745 0.55302 0.857736 0.583347 0.857106 0.587747 0.857106 0.570606 0.939649 0.04909598 0.939649 0.08792197 0.939206 0.05348098 0.748206 0.672602 0.747216 0.684148 0.747216 0.660561 0.956292 0.605498 0.956368 0.639735 0.956292 0.640144 0.956292 0.605498 0.957626 0.616939 0.956368 0.639735 0.771461 0.666545 0.771315 0.666525 0.771461 0.643335 0.179315 0.659192 0.179461 0.693851 0.179315 0.693879 0.943367 0.563301 0.943367 0.597986 0.942096 0.574809 0.805719 0.643344 0.805554 0.66627 0.805554 0.643335 0.766719 0.655391 0.767707 0.643335 0.767707 0.666878 0.855602 0.632558 0.857051 0.654373 0.856944 0.656417 0.966098 0.898388 0.966392 0.897953 0.966392 0.920343 0.855602 0.668405 0.855602 0.632558 0.856944 0.656417 0.9632 0.553598 0.96463 0.565818 0.9632 0.590657 0.542937 0.721034 0.542937 0.696228 0.543223 0.72069 0.854417 0.150245 0.855801 0.164382 0.854417 0.185454 0.861934 0.07106697 0.862077 0.08110195 0.861934 0.08392798 0.156877 0.927341 0.157216 0.926734 0.161788 0.951452 0.156877 0.927341 0.161788 0.891693 0.157216 0.926734 0.84265 0.59381 0.84326 0.580449 0.84326 0.597709 0.9502 0.599437 0.9502 0.561885 0.95154 0.586272 0.918118 0.169561 0.918417 0.1734549 0.918118 0.191318 0.948447 0.04909598 0.950184 0.07029497 0.948447 0.08746498 0.839246 0.580844 0.839588 0.580449 0.839588 0.598071 0.178549 0.699745 0.178549 0.659192 0.17884 0.699201 0.982486 0.794163 0.984156 0.772026 0.984156 0.806466 0.902865 0.71813 0.902865 0.679304 0.9045 0.696256 0.74507 0.673176 0.746231 0.660561 0.746231 0.684201 0.545472 0.76401 0.545472 0.729325 0.546609 0.75141 0.904612 0.747279 0.909796 0.733888 0.912217 0.767733 0.364372 0.69464 0.364537 0.728934 0.364372 0.728948 0.905896 0.705737 0.912217 0.699665 0.909796 0.733888 0.905896 0.705737 0.909796 0.733888 0.904612 0.747279 0.898201 0.803378 0.899913 0.784959 0.907085 0.814402 0.904612 0.747279 0.912217 0.767733 0.910505 0.786153 0.179639 0.857567 0.175028 0.867525 0.174735 0.833987 0.180369 0.88013 0.175028 0.867525 0.179639 0.857567 0.1796129 0.828435 0.174735 0.833987 0.175543 0.886955 0.179639 0.857567 0.174735 0.833987 0.1796129 0.828435 0.947726 0.758001 0.942782 0.756057 0.942307 0.715999 0.1796129 0.828435 0.175543 0.886955 0.180369 0.889176 0.947726 0.698071 0.942307 0.715999 0.9429 0.683804 0.94736 0.725874 0.947726 0.758001 0.942307 0.715999 0.947726 0.698071 0.94736 0.725874 0.942307 0.715999 0.808226 0.554197 0.809822 0.543767 0.81933 0.573241 0.808226 0.554197 0.79875 0.53399 0.809822 0.543767 0.184366 0.855236 0.1841199 0.855212 0.184366 0.821125 0.814545 0.579198 0.81933 0.573241 0.830725 0.555414 0.808226 0.554197 0.81933 0.573241 0.814545 0.579198 0.824803 0.569132 0.830725 0.555414 0.829001 0.589616 0.824803 0.569132 0.814545 0.579198 0.830725 0.555414 0.8194 0.6089 0.829001 0.589616 0.82151 0.620133 0.8194 0.6089 0.824803 0.569132 0.829001 0.589616 0.644056 0.893896 0.648321 0.865672 0.64926 0.899216 0.806133 0.638893 0.8194 0.6089 0.82151 0.620133 0.644301 0.91698 0.64926 0.899216 0.648991 0.939767 0.644301 0.91698 0.644056 0.893896 0.64926 0.899216 0.703933 0.864449 0.708737 0.86217 0.709718 0.902218 0.644056 0.941748 0.644301 0.91698 0.648991 0.939767 0.704817 0.92473 0.709718 0.902218 0.709329 0.934425 0.704845 0.896647 0.703933 0.864449 0.709718 0.902218 0.704817 0.92473 0.704845 0.896647 0.709718 0.902218 0.910642 0.680152 0.919389 0.669106 0.912217 0.699665 0.703933 0.946003 0.704817 0.92473 0.709329 0.934425 0.910642 0.680152 0.912217 0.699665 0.905896 0.705737 0.970387 0.764684 0.972397 0.764362 0.972397 0.806072 0.91389 0.819433 0.917761 0.819394 0.915299 0.845063 0.913277 0.844829 0.91389 0.819433 0.915299 0.845063 0.958257 0.644362 0.962315 0.617321 0.960405 0.657409 0.970387 0.764684 0.972397 0.806072 0.968762 0.765224 0.871192 0.585821 0.869747 0.599586 0.869747 0.558478 0.957501 0.604315 0.955371 0.590689 0.962315 0.617321 0.958257 0.644362 0.957501 0.604315 0.962315 0.617321 0.189342 0.678257 0.1918269 0.67071 0.194422 0.706973 0.955371 0.66282 0.958257 0.644362 0.960405 0.657409 0.191512 0.724224 0.194422 0.706973 0.195208 0.730046 0.190496 0.695676 0.189342 0.678257 0.194422 0.706973 0.191512 0.724224 0.190496 0.695676 0.194422 0.706973 0.191512 0.724224 0.195208 0.730046 0.195543 0.754812 0.191802 0.756074 0.195543 0.754812 0.195235 0.787022 0.191802 0.756074 0.191512 0.724224 0.195543 0.754812 0.176474 0.577062 0.1796039 0.554978 0.17304 0.574536 0.183307 0.556984 0.179499 0.587755 0.1796039 0.554978 0.176474 0.577062 0.183307 0.556984 0.1796039 0.554978 0.194815 0.979896 0.17304 0.574536 0.191657 0.977403 0.194815 0.979896 0.176474 0.577062 0.17304 0.574536 0.91389 0.819433 0.915637 0.797177 0.917761 0.819394 0.91389 0.819433 0.911567 0.797357 0.915637 0.797177 0.183396 0.588899 0.180105 0.61688 0.179499 0.587755 0.183307 0.556984 0.183396 0.588899 0.179499 0.587755 0.184972 0.634817 0.181282 0.639425 0.180105 0.61688 0.1841019 0.617451 0.184972 0.634817 0.180105 0.61688 0.183396 0.588899 0.1841019 0.617451 0.180105 0.61688 0.97089 0.559546 0.975354 0.53399 0.975354 0.573308 0.972546 0.57748 0.97089 0.559546 0.975354 0.573308 0.172276 0.931806 0.174291 0.931876 0.174291 0.973437 0.170644 0.932 0.172276 0.931806 0.174291 0.973437 0.169813 0.945956 0.170644 0.932 0.174291 0.973437 0.169823 0.960141 0.169813 0.945956 0.174291 0.973437 0.876832 0.558478 0.876832 0.599198 0.873282 0.586248 0.959642 0.553598 0.9632 0.589805 0.961208 0.590119 0.968221 0.809788 0.971484 0.824186 0.968221 0.852271 0.959642 0.553598 0.961208 0.590119 0.959642 0.590619 0.644056 0.941748 0.645373 0.947297 0.645847 0.961529 0.965035 0.554994 0.966272 0.553598 0.966272 0.590619 0.96463 0.585629 0.965035 0.554994 0.966272 0.590619 0.644056 0.941748 0.645847 0.961529 0.644056 0.975612 0.890342 0.55854 0.890885 0.5586 0.890885 0.598118 0.977175 0.53399 0.978393 0.567321 0.977848 0.567349 0.958644 0.589641 0.957067 0.582911 0.957038 0.561653 0.889173 0.591513 0.88967 0.558478 0.890885 0.598118 0.890342 0.55854 0.890885 0.598118 0.88967 0.558478 0.84265 0.592749 0.841378 0.597837 0.841378 0.580449 0.958644 0.554703 0.958644 0.589641 0.957038 0.561653 0.814684 0.646899 0.81346 0.667454 0.81346 0.638893 0.973763 0.809788 0.973763 0.846445 0.971484 0.831852 0.188926 0.954143 0.1704739 0.555263 0.187699 0.953985 0.966717 0.602853 0.966717 0.6408 0.964944 0.633315 0.188926 0.954143 0.187699 0.953985 0.188336 0.922387 0.820426 0.659182 0.819353 0.666718 0.819353 0.638893 0.963094 0.602853 0.963094 0.640799 0.961202 0.610928 0.911452 0.657628 0.910499 0.668867 0.910499 0.647854 0.973631 0.854059 0.973631 0.890714 0.971237 0.86922 0.913277 0.844829 0.911567 0.844909 0.91389 0.819433 0.87553 0.635757 0.874451 0.61638 0.877012 0.641834 0.872023 0.632558 0.872023 0.667494 0.869772 0.654054 0.87569 0.6532 0.877012 0.641834 0.876817 0.655323 0.87569 0.6532 0.87553 0.635757 0.877012 0.641834 0.191321 0.787619 0.195235 0.787022 0.194145 0.815084 0.191321 0.787619 0.191802 0.756074 0.195235 0.787022 0.795063 0.656305 0.798818 0.643335 0.798818 0.666131 0.190492 0.808951 0.191321 0.787619 0.194145 0.815084 0.189342 0.826731 0.190492 0.808951 0.194145 0.815084 0.87569 0.6532 0.876817 0.655323 0.875656 0.669066 0.8816 0.558538 0.882143 0.558478 0.882143 0.598532 0.875113 0.669006 0.87569 0.6532 0.875656 0.669066 0.955319 0.554703 0.957035 0.56145 0.957038 0.582743 0.8816 0.558538 0.882143 0.598532 0.880938 0.558608 0.876832 0.574202 0.878825 0.558478 0.878825 0.599168 0.756252 0.660888 0.756841 0.643335 0.756841 0.667478 0.840369 0.586422 0.841377 0.580449 0.841377 0.597906 0.955319 0.589641 0.955319 0.554703 0.957038 0.582743 0.814684 0.660261 0.815758 0.638893 0.815758 0.667459 0.981254 0.664118 0.981254 0.62746 0.983629 0.642129 0.948496 0.561884 0.950199 0.569442 0.948496 0.59966 0.187699 0.891559 0.188944 0.890848 0.188162 0.922387 0.187699 0.891559 0.187699 0.851829 0.188944 0.890848 0.967873 0.837004 0.969113 0.828524 0.969113 0.849872 0.963094 0.640799 0.963094 0.602853 0.964944 0.63265 0.859688 0.632558 0.861665 0.646525 0.859688 0.668334 0.948927 0.852465 0.948927 0.820942 0.950273 0.851601 0.472581 0.795656 0.48715 0.794054 0.489556 0.827005 0.977175 0.53399 0.977848 0.567349 0.977175 0.567394 0.472516 0.778295 0.489556 0.760737 0.48715 0.794054 0.472581 0.795656 0.472516 0.778295 0.48715 0.794054 0.472002 0.839047 0.489556 0.827005 0.496696 0.855712 0.472516 0.809774 0.472581 0.795656 0.489556 0.827005 0.472002 0.839047 0.472516 0.809774 0.489556 0.827005 0.07325595 0.951474 0.04831194 0.958354 0.03489196 0.928402 0.471933 0.84142 0.472002 0.839047 0.496696 0.855712 0.471037 0.862584 0.471933 0.84142 0.496696 0.855712 0.07283598 0.924119 0.03489196 0.928402 0.01968598 0.891693 0.07283598 0.924119 0.07325595 0.951474 0.03489196 0.928402 0.330001 0.918783 0.330003 0.926383 0.293764 0.941453 0.07283598 0.924119 0.01968598 0.891693 0.02728295 0.89189 0.290691 0.918135 0.293764 0.941453 0.264335 0.952665 0.330001 0.918783 0.293764 0.941453 0.290691 0.918135 0.910927 0.862978 0.946823 0.857179 0.955267 0.88621 0.290691 0.918135 0.264335 0.952665 0.259237 0.916317 0.911311 0.899117 0.955267 0.88621 0.957485 0.903512 0.910927 0.862978 0.955267 0.88621 0.911311 0.899117 0.875113 0.669006 0.874451 0.66893 0.87569 0.6532 0.948926 0.820942 0.948927 0.85251 0.947507 0.836726 0.911311 0.899117 0.957485 0.903512 0.957485 0.935078 0.911311 0.93947 0.957485 0.935078 0.955267 0.952501 0.911311 0.899117 0.957485 0.935078 0.911311 0.93947 0.910927 0.976045 0.955267 0.952501 0.946823 0.98199 0.911311 0.93947 0.955267 0.952501 0.910927 0.976045 0.219424 0.906158 0.191871 0.871263 0.2225739 0.882849 0.186416 0.907549 0.191871 0.871263 0.219424 0.906158 0.219424 0.906158 0.2225739 0.882849 0.259237 0.898157 0.119266 0.891891 0.126869 0.891693 0.11159 0.927854 0.219424 0.906158 0.259237 0.898157 0.259237 0.905763 0.07325595 0.950011 0.11159 0.927854 0.09826695 0.956424 0.119266 0.891891 0.11159 0.927854 0.07325595 0.893086 0.07361298 0.923716 0.07325595 0.893086 0.11159 0.927854 0.07325595 0.950011 0.07361298 0.923716 0.11159 0.927854 0.472002 0.748405 0.496696 0.730942 0.489556 0.760737 0.472002 0.748405 0.471037 0.723711 0.496696 0.730942 0.472023 0.749183 0.472002 0.748405 0.489556 0.760737 0.472516 0.778295 0.472023 0.749183 0.489556 0.760737 0.290691 0.918135 0.298995 0.872401 0.329988 0.872796 0.387448 0.715399 0.385452 0.714245 0.405685 0.69019 0.330001 0.918783 0.290691 0.918135 0.329988 0.872796 0.07283598 0.924119 0.02728295 0.89189 0.07325595 0.893084 0.378624 0.736667 0.374687 0.743776 0.385452 0.714245 0.387448 0.715399 0.378624 0.736667 0.385452 0.714245 0.290691 0.918135 0.271783 0.871263 0.298995 0.872401 0.41978 0.683155 0.405685 0.69019 0.432945 0.674513 0.401486 0.697147 0.387448 0.715399 0.405685 0.69019 0.41978 0.683155 0.401486 0.697147 0.405685 0.69019 0.910927 0.862978 0.864965 0.871671 0.864553 0.850196 0.448607 0.672722 0.432945 0.674513 0.461132 0.669144 0.290691 0.918135 0.259237 0.916317 0.271783 0.871263 0.41978 0.683155 0.432945 0.674513 0.448607 0.672722 0.911311 0.899117 0.864997 0.874068 0.864965 0.871671 0.45976 0.671499 0.461132 0.669144 0.463945 0.669105 0.910927 0.862978 0.911311 0.899117 0.864965 0.871671 0.448607 0.672722 0.461132 0.669144 0.45976 0.671499 0.911311 0.899117 0.865234 0.903525 0.864997 0.874068 0.479284 0.672774 0.463945 0.669105 0.494944 0.674619 0.45976 0.671499 0.463945 0.669105 0.479284 0.672774 0.911311 0.93947 0.865263 0.917669 0.865234 0.903525 0.506731 0.682523 0.494944 0.674619 0.507885 0.680532 0.911311 0.899117 0.911311 0.93947 0.865234 0.903525 0.479284 0.672774 0.494944 0.674619 0.506731 0.682523 0.911311 0.93947 0.865234 0.935015 0.865263 0.917669 0.53161 0.703044 0.507885 0.680532 0.522204 0.690388 0.53161 0.703044 0.50811 0.683305 0.507885 0.680532 0.506731 0.682523 0.507885 0.680532 0.50811 0.683305 0.911311 0.93947 0.865007 0.963969 0.865234 0.935015 0.53161 0.703044 0.522204 0.690388 0.541993 0.71375 0.910927 0.976045 0.864997 0.96474 0.865007 0.963969 0.540674 0.716064 0.541993 0.71375 0.542437 0.714511 0.911311 0.93947 0.910927 0.976045 0.865007 0.963969 0.540674 0.716064 0.53161 0.703044 0.541993 0.71375 0.910927 0.976045 0.847327 0.558478 0.864997 0.96474 0.546949 0.72961 0.542437 0.714511 0.553203 0.744079 0.546949 0.72961 0.540674 0.716064 0.542437 0.714511 0.219424 0.906158 0.227951 0.952004 0.199779 0.952847 0.552276 0.7598 0.553203 0.744079 0.553203 0.775526 0.186416 0.907549 0.219424 0.906158 0.199779 0.952847 0.552276 0.7598 0.546949 0.72961 0.553203 0.744079 0.259237 0.905763 0.259237 0.951788 0.227951 0.952004 0.549267 0.782634 0.553203 0.775526 0.542438 0.805057 0.219424 0.906158 0.259237 0.905763 0.227951 0.952004 0.549267 0.782634 0.552276 0.7598 0.553203 0.775526 0.540442 0.803902 0.542438 0.805057 0.522205 0.829111 0.540442 0.803902 0.549267 0.782634 0.542438 0.805057 0.934096 0.626013 0.944456 0.646939 0.932441 0.667302 0.609872 0.553607 0.60186 0.603068 0.625221 0.599744 0.861017 0.591634 0.869747 0.558478 0.869747 0.599245 0.720846 0.971517 0.709717 0.950919 0.720846 0.949136 0.609872 0.553607 0.587568 0.560653 0.60186 0.603068 0.934096 0.626013 0.950794 0.62415 0.944456 0.646939 0.632944 0.602299 0.625221 0.599744 0.648677 0.602583 0.609872 0.553607 0.625221 0.599744 0.632944 0.602299 0.9351 0.619057 0.950913 0.623278 0.950794 0.62415 0.655044 0.553019 0.648677 0.602583 0.649528 0.602806 0.934096 0.626013 0.9351 0.619057 0.950794 0.62415 0.632944 0.602299 0.648677 0.602583 0.655044 0.553019 0.9351 0.619057 0.95097 0.600049 0.950913 0.623278 0.670018 0.558239 0.649528 0.602806 0.678395 0.559933 0.655044 0.553019 0.649528 0.602806 0.670018 0.558239 0.977737 0.562882 0.98116 0.562868 0.98116 0.585948 0.695364 0.575538 0.678395 0.559933 0.696965 0.573895 0.977753 0.572869 0.977737 0.562882 0.98116 0.585948 0.969249 0.572088 0.977753 0.572869 0.98116 0.585948 0.358359 0.969756 0.352258 0.962587 0.358359 0.94951 0.969883 0.848473 0.969638 0.848277 0.970132 0.828524 0.970132 0.848663 0.969883 0.848473 0.970132 0.828524 0.9351 0.619057 0.932441 0.590689 0.95097 0.600049 0.670018 0.558239 0.678395 0.559933 0.695364 0.575538 0.977697 0.55291 0.981155 0.561287 0.98116 0.562868 0.695364 0.575538 0.696965 0.573895 0.698088 0.575009 0.977737 0.562882 0.977697 0.55291 0.98116 0.562868 0.977697 0.55291 0.973637 0.590356 0.981155 0.561287 0.696489 0.576653 0.698088 0.575009 0.712029 0.593158 0.696489 0.576653 0.695364 0.575538 0.698088 0.575009 0.947937 0.555594 0.924752 0.564459 0.935898 0.544477 0.713309 0.600431 0.712029 0.593158 0.720999 0.614197 0.945786 0.53399 0.947937 0.555594 0.935898 0.544477 0.713309 0.600431 0.696489 0.576653 0.712029 0.593158 0.938284 0.574434 0.923749 0.567068 0.924752 0.564459 0.713309 0.600431 0.720999 0.614197 0.721721 0.616895 0.947937 0.555594 0.938284 0.574434 0.924752 0.564459 0.934162 0.599806 0.926484 0.559334 0.923749 0.567068 0.721688 0.629918 0.721721 0.616895 0.721721 0.661013 0.938284 0.574434 0.934162 0.599806 0.923749 0.567068 0.719834 0.618862 0.713309 0.600431 0.721721 0.616895 0.721688 0.629918 0.719834 0.618862 0.721721 0.616895 0.942287 0.557904 0.932838 0.582096 0.926484 0.559334 0.719491 0.660441 0.721721 0.661013 0.713022 0.68292 0.934162 0.599806 0.942287 0.557904 0.926484 0.559334 0.719491 0.660441 0.721688 0.629918 0.721721 0.661013 0.976125 0.568047 0.959629 0.57152 0.952791 0.599744 0.711013 0.681791 0.713022 0.68292 0.698938 0.7018 0.942287 0.557904 0.955319 0.590689 0.932838 0.582096 0.711013 0.681791 0.719491 0.660441 0.713022 0.68292 0.905559 0.597284 0.894786 0.579505 0.905559 0.558478 0.697286 0.700191 0.698938 0.7018 0.680428 0.716367 0.976125 0.568047 0.976125 0.602853 0.959629 0.57152 0.697286 0.700191 0.711013 0.681791 0.698938 0.7018 0.505019 0.971432 0.503298 0.971429 0.503298 0.949514 0.658124 0.723414 0.680428 0.716367 0.658753 0.725629 0.506733 0.971339 0.505019 0.971432 0.503298 0.949514 0.506693 0.96693 0.506733 0.971339 0.503298 0.949514 0.506674 0.962396 0.506693 0.96693 0.503298 0.949514 0.515443 0.960883 0.506674 0.962396 0.503298 0.949514 0.972915 0.66813 0.966594 0.661533 0.97314 0.647816 0.97314 0.668362 0.972915 0.66813 0.97314 0.647816 0.35717 0.59906 0.356976 0.59882 0.35717 0.574477 0.679247 0.714388 0.697286 0.700191 0.680428 0.716367 0.658124 0.723414 0.679247 0.714388 0.680428 0.716367 0.946116 0.825214 0.94273 0.820942 0.94445 0.820989 0.946116 0.825214 0.946092 0.829338 0.94273 0.820942 0.94317 0.852877 0.94273 0.820942 0.946092 0.829338 0.627669 0.726398 0.658753 0.725629 0.614675 0.726771 0.627669 0.726398 0.658124 0.723414 0.658753 0.725629 0.946116 0.825214 0.94445 0.820989 0.946166 0.820942 0.784386 0.838795 0.783485 0.846648 0.783472 0.842238 0.784386 0.846411 0.783485 0.846648 0.784386 0.838795 0.406046 0.667589 0.405206 0.663399 0.406046 0.662998 0.784386 0.838795 0.783472 0.842238 0.78348 0.837704 0.786077 0.845385 0.785219 0.846602 0.785219 0.837704 0.410308 0.66876 0.409685 0.66876 0.409831 0.667349 0.780853 0.8449 0.779442 0.846888 0.779442 0.837752 0.764437 0.587232 0.764437 0.594848 0.762304 0.588259 0.764301 0.594999 0.762304 0.588259 0.764437 0.594848 0.764162 0.595147 0.763575 0.596346 0.762304 0.588259 0.764301 0.594999 0.764162 0.595147 0.762304 0.588259 0.415773 0.66842 0.415221 0.667349 0.415544 0.66736 0.415227 0.66842 0.415221 0.667349 0.415773 0.66842 0.780512 0.837704 0.780853 0.8449 0.779442 0.837752 0.415773 0.66842 0.415544 0.66736 0.415868 0.667382 0.250582 0.759951 0.213446 0.737779 0.245669 0.723296 0.250582 0.759951 0.214326 0.742682 0.213446 0.737779 0.400328 0.663343 0.401311 0.662998 0.401311 0.667979 0.259207 0.757889 0.245669 0.723296 0.280901 0.72515 0.259207 0.757889 0.250582 0.759951 0.245669 0.723296 0.259207 0.757889 0.280901 0.72515 0.290092 0.728557 0.324508 0.759541 0.290092 0.728557 0.311423 0.7429 0.296307 0.786281 0.290092 0.728557 0.324508 0.759541 0.284149 0.751926 0.259207 0.757889 0.290092 0.728557 0.287146 0.752229 0.284149 0.751926 0.290092 0.728557 0.288772 0.754771 0.287146 0.752229 0.290092 0.728557 0.296307 0.786281 0.288772 0.754771 0.290092 0.728557 0.823069 0.586175 0.823342 0.586351 0.815193 0.598297 0.94757 0.641721 0.94757 0.619885 0.952272 0.63356 0.822804 0.585989 0.823069 0.586175 0.815193 0.598297 0.815193 0.580449 0.822804 0.585989 0.815193 0.598297 0.515804 0.949507 0.522264 0.955112 0.515804 0.96633 0.296307 0.786281 0.324508 0.759541 0.332451 0.81562 0.543262 0.570388 0.54234 0.60521 0.534958 0.600249 0.40028 0.667995 0.400836 0.669105 0.400511 0.66909 0.83821 0.839814 0.836664 0.845223 0.836664 0.837704 0.1958799 0.734544 0.1958799 0.73221 0.196259 0.733315 0.40028 0.667995 0.400826 0.667995 0.400836 0.669105 0.422644 0.668589 0.422046 0.66908 0.422046 0.666978 0.40028 0.667995 0.400511 0.66909 0.400189 0.669062 0.758405 0.596688 0.757339 0.596586 0.758405 0.587232 0.80998 0.839114 0.809106 0.846256 0.809106 0.837704 0.753981 0.596767 0.753981 0.587232 0.755049 0.596407 0.757339 0.589359 0.756175 0.596727 0.756175 0.587232 0.830302 0.838004 0.830302 0.845668 0.828584 0.844968 0.830029 0.837704 0.830302 0.838004 0.828584 0.844968 0.80998 0.839114 0.810602 0.83981 0.809106 0.846256 0.81277 0.598965 0.81277 0.580449 0.813569 0.590412 0.406636 0.669047 0.406046 0.668899 0.406636 0.667349 0.812015 0.598984 0.811207 0.581943 0.812015 0.580449 0.741806 0.595774 0.742685 0.587232 0.742685 0.597219 0.811209 0.8391 0.812091 0.837704 0.812091 0.846244 0.407244 0.669 0.406636 0.668927 0.407244 0.667349 0.775675 0.839613 0.777171 0.837704 0.777171 0.847118 0.811209 0.8391 0.812091 0.846244 0.810602 0.839785 0.830439 0.837847 0.830572 0.837704 0.831952 0.845001 0.830439 0.837847 0.831952 0.845001 0.830302 0.837998 0.830302 0.845606 0.830302 0.837998 0.831952 0.845001 0.400934 0.668015 0.401484 0.6691 0.40116 0.6691 0.401484 0.667995 0.401484 0.6691 0.400934 0.668015 0.775675 0.839613 0.777171 0.847118 0.776066 0.847098 0.400934 0.668015 0.40116 0.6691 0.400835 0.669088 0.673396 0.942471 0.679652 0.949508 0.673396 0.977305 0.758405 0.587873 0.759271 0.587232 0.759271 0.596648 0.311235 0.852015 0.332451 0.81562 0.330435 0.822353 0.303108 0.84342 0.332451 0.81562 0.311235 0.852015 0.296814 0.788404 0.296307 0.786281 0.332451 0.81562 0.304856 0.822037 0.296814 0.788404 0.332451 0.81562 0.303108 0.84342 0.304856 0.822037 0.332451 0.81562 0.900492 0.718505 0.890804 0.713283 0.900492 0.679304 0.923274 0.580272 0.905559 0.561285 0.9162 0.558478 0.905559 0.596591 0.905559 0.561285 0.923274 0.580272 0.303108 0.84342 0.311235 0.852015 0.280627 0.869612 0.819996 0.846231 0.820839 0.84242 0.820944 0.846204 0.834683 0.597765 0.830896 0.597765 0.827114 0.597603 0.819051 0.846233 0.819051 0.837704 0.819996 0.83777 0.819892 0.841555 0.819051 0.846233 0.819996 0.83777 0.819996 0.846231 0.820897 0.838635 0.820839 0.84242 0.834683 0.597765 0.827114 0.597603 0.823342 0.59728 0.819996 0.846231 0.819996 0.837704 0.820897 0.838635 0.410754 0.668421 0.410308 0.668644 0.410308 0.667349 0.834683 0.597765 0.823342 0.59728 0.838466 0.597603 0.823443 0.59701 0.838466 0.597603 0.823342 0.59728 0.380352 0.668908 0.380889 0.668426 0.380843 0.669 0.380881 0.668714 0.380843 0.669 0.380889 0.668426 0.408933 0.667349 0.40936 0.668831 0.408933 0.668684 0.409408 0.667557 0.40936 0.668831 0.408933 0.667349 0.776184 0.594397 0.77543 0.595902 0.77543 0.587232 0.194738 0.972142 0.195132 0.967201 0.195132 0.977119 0.425143 0.667423 0.424426 0.669007 0.424613 0.667334 0.861017 0.599403 0.847841 0.58999 0.861017 0.558478 0.882143 0.59176 0.889173 0.558478 0.889173 0.598077 0.743591 0.595472 0.744994 0.587937 0.744057 0.597147 0.819892 0.841555 0.81995 0.845341 0.819051 0.846233 0.425143 0.667423 0.424613 0.667334 0.424426 0.666041 0.407939 0.667697 0.407553 0.668907 0.407553 0.667349 0.378729 0.668465 0.378729 0.668927 0.378214 0.669 0.378186 0.668426 0.378729 0.668465 0.378214 0.669 0.378184 0.668714 0.378186 0.668426 0.378214 0.669 0.823443 0.59701 0.838377 0.597329 0.838466 0.597603 0.861017 0.599403 0.847327 0.592763 0.847841 0.58999 0.616569 0.724829 0.614675 0.726771 0.611936 0.726114 0.616569 0.724829 0.627669 0.726398 0.614675 0.726771 0.794312 0.580449 0.794312 0.599365 0.776538 0.588467 0.597978 0.718781 0.611936 0.726114 0.590674 0.717689 0.597978 0.718781 0.616569 0.724829 0.611936 0.726114 0.840698 0.93376 0.856759 0.935944 0.856344 0.958488 0.573775 0.702578 0.590674 0.717689 0.572173 0.70422 0.849956 0.632558 0.849956 0.667899 0.833504 0.646933 0.573775 0.702578 0.597978 0.718781 0.590674 0.717689 0.556594 0.684919 0.572173 0.70422 0.57103 0.703126 0.840698 0.93376 0.856777 0.934363 0.856759 0.935944 0.572631 0.701483 0.572173 0.70422 0.556594 0.684919 0.573775 0.702578 0.572173 0.70422 0.572631 0.701483 0.84078 0.923953 0.8569 0.911242 0.856777 0.934363 0.840698 0.93376 0.84078 0.923953 0.856777 0.934363 0.840698 0.899178 0.856732 0.889465 0.8569 0.911242 0.554686 0.676589 0.556594 0.684919 0.54724 0.663666 0.84078 0.923953 0.840698 0.899178 0.8569 0.911242 0.572631 0.701483 0.556594 0.684919 0.554686 0.676589 0.33592 0.96268 0.349029 0.98228 0.348862 0.983141 0.549081 0.661755 0.54724 0.663666 0.546996 0.662824 0.333889 0.983744 0.33592 0.96268 0.348862 0.983141 0.554686 0.676589 0.54724 0.663666 0.549081 0.661755 0.33592 0.96268 0.350364 0.958663 0.349029 0.98228 0.549081 0.661755 0.546996 0.662824 0.543554 0.639448 0.697104 0.93136 0.700533 0.93156 0.699668 0.949443 0.546307 0.647103 0.543554 0.639448 0.546274 0.616008 0.696775 0.939384 0.697104 0.93136 0.699668 0.949443 0.757856 0.837704 0.767238 0.837704 0.767117 0.847431 0.33453 0.948288 0.343433 0.946584 0.350364 0.958663 0.334211 0.948338 0.33453 0.948288 0.350364 0.958663 0.333889 0.948377 0.334211 0.948338 0.350364 0.958663 0.33592 0.96268 0.333889 0.948377 0.350364 0.958663 0.549081 0.661755 0.543554 0.639448 0.546307 0.647103 0.697374 0.922727 0.701076 0.910272 0.700533 0.93156 0.548505 0.61658 0.546274 0.616008 0.554973 0.594101 0.697104 0.93136 0.697374 0.922727 0.700533 0.93156 0.546307 0.647103 0.546274 0.616008 0.548505 0.61658 0.684993 0.889459 0.701262 0.88703 0.701076 0.910272 0.561014 0.588702 0.554973 0.594101 0.569058 0.575221 0.697374 0.922727 0.684993 0.889459 0.701076 0.910272 0.548505 0.61658 0.554973 0.594101 0.561014 0.588702 0.684992 0.882439 0.701076 0.863418 0.701262 0.88703 0.582327 0.566831 0.569058 0.575221 0.587568 0.560653 0.684993 0.889459 0.684992 0.882439 0.701262 0.88703 0.561014 0.588702 0.569058 0.575221 0.582327 0.566831 0.582327 0.566831 0.587568 0.560653 0.609872 0.553607 0.303108 0.84342 0.280627 0.869612 0.273806 0.871263 0.966482 0.714549 0.966182 0.714425 0.975127 0.687425 0.23748 0.842097 0.273806 0.871263 0.245362 0.871263 0.966777 0.714681 0.966482 0.714549 0.975127 0.687425 0.975127 0.718385 0.966777 0.714681 0.975127 0.687425 0.697374 0.922727 0.688707 0.920681 0.684993 0.889459 0.23748 0.842097 0.268453 0.834692 0.273806 0.871263 0.303108 0.84342 0.273806 0.871263 0.268453 0.834692 0.415122 0.66841 0.414573 0.667349 0.414898 0.667357 0.239881 0.863602 0.23748 0.842097 0.245362 0.871263 0.78765 0.844763 0.786077 0.84653 0.786077 0.837704 0.833672 0.845479 0.833672 0.837704 0.834456 0.838437 0.415122 0.66841 0.414573 0.668422 0.414573 0.667349 0.415122 0.66841 0.414898 0.667357 0.415221 0.667375 0.761277 0.587232 0.762304 0.587394 0.761277 0.596471 0.784386 0.845417 0.785219 0.837704 0.785219 0.846609 0.755049 0.596746 0.755049 0.587232 0.756175 0.596568 0.777171 0.844891 0.778259 0.837704 0.778259 0.847072 0.764437 0.594801 0.764437 0.587232 0.766611 0.588265 0.764711 0.595094 0.764437 0.594801 0.766611 0.588265 0.765313 0.596292 0.764711 0.595094 0.766611 0.588265 0.812015 0.598984 0.812015 0.580449 0.81277 0.5904 0.404288 0.669083 0.403672 0.669042 0.404288 0.667724 0.1793929 0.963057 0.178559 0.948835 0.1793929 0.947762 0.826706 0.844341 0.827608 0.837704 0.827608 0.845734 0.761277 0.595404 0.760678 0.596613 0.760678 0.587232 0.425143 0.66732 0.425666 0.667311 0.425676 0.668971 0.783472 0.844847 0.781931 0.846776 0.781931 0.837712 0.824396 0.846043 0.82299 0.838486 0.825076 0.84496 0.825198 0.844849 0.825076 0.84496 0.82299 0.838486 0.825198 0.844849 0.82299 0.838486 0.82531 0.84474 0.82531 0.837704 0.82531 0.84474 0.82299 0.838486 0.398717 0.667979 0.399263 0.6691 0.39894 0.669087 0.399263 0.667979 0.399263 0.6691 0.398717 0.667979 0.783472 0.844847 0.781931 0.837712 0.783053 0.837704 0.398717 0.667979 0.39894 0.669087 0.398616 0.669063 0.23748 0.842097 0.231115 0.867015 0.218335 0.86028 0.239881 0.863602 0.231115 0.867015 0.23748 0.842097 0.76012 0.595958 0.759271 0.59664 0.759271 0.587232 0.189314 0.824176 0.218335 0.86028 0.2024559 0.84629 0.231889 0.842413 0.218335 0.86028 0.189314 0.824176 0.234886 0.842717 0.23748 0.842097 0.218335 0.86028 0.231889 0.842413 0.234886 0.842717 0.218335 0.86028 0.186477 0.779459 0.189314 0.824176 0.186416 0.8148 0.219637 0.795434 0.189314 0.824176 0.186477 0.779459 0.222221 0.806239 0.189314 0.824176 0.219637 0.795434 0.2302629 0.839872 0.231889 0.842413 0.189314 0.824176 0.222221 0.806239 0.2302629 0.839872 0.189314 0.824176 0.93338 0.562473 0.933683 0.562591 0.924884 0.596846 0.219637 0.795434 0.186477 0.779459 0.202661 0.748012 0.933084 0.562345 0.93338 0.562473 0.924884 0.596846 0.924884 0.558478 0.933084 0.562345 0.924884 0.596846 0.39755 0.667989 0.398099 0.669094 0.397774 0.669089 0.217015 0.767977 0.202661 0.748012 0.2075 0.749159 0.397451 0.663411 0.398948 0.662998 0.398948 0.667971 0.214179 0.772605 0.219637 0.795434 0.202661 0.748012 0.214479 0.769604 0.214179 0.772605 0.202661 0.748012 0.217015 0.767977 0.214479 0.769604 0.202661 0.748012 0.397451 0.663411 0.398948 0.667971 0.397892 0.66759 0.39755 0.667989 0.398099 0.667971 0.398099 0.669094 0.39755 0.667989 0.397774 0.669089 0.397451 0.669072 0.780853 0.837704 0.781931 0.837839 0.780853 0.84684 0.778259 0.844825 0.779442 0.837704 0.779442 0.846991 0.836664 0.837704 0.836664 0.845277 0.835496 0.83789 0.742685 0.587232 0.744994 0.587937 0.742685 0.594208 0.742909 0.594416 0.742685 0.594208 0.744994 0.587937 0.743591 0.595472 0.742909 0.594416 0.744994 0.587937 0.217015 0.767977 0.212022 0.747093 0.214326 0.742682 0.398948 0.663429 0.400328 0.662998 0.400328 0.667975 0.250582 0.759951 0.217015 0.767977 0.214326 0.742682 0.404801 0.667722 0.403672 0.667724 0.403672 0.662998 0.405206 0.663772 0.404801 0.667722 0.403672 0.662998 0.217015 0.767977 0.2075 0.749159 0.212022 0.747093 0.401311 0.663321 0.402334 0.662998 0.402334 0.667969 0.399323 0.667602 0.398948 0.663429 0.400328 0.667975 0.420673 0.662998 0.420673 0.667389 0.419541 0.663071 0.419074 0.666957 0.419541 0.663071 0.420673 0.667389 0.954461 0.920559 0.957214 0.899749 0.957215 0.923221 0.954461 0.88864 0.957214 0.88864 0.957214 0.899749 0.954461 0.88864 0.957214 0.899749 0.954461 0.920559 0.387243 0.668426 0.383414 0.668426 0.382145 0.665689 0.385975 0.665689 0.382145 0.665689 0.3835 0.662998 0.387243 0.668426 0.382145 0.665689 0.385975 0.665689 0.862224 0.955738 0.859562 0.958491 0.859562 0.923978 0.385975 0.665689 0.3835 0.662998 0.38733 0.662998 0.862224 0.923882 0.859562 0.923978 0.859562 0.91511 0.862224 0.955738 0.859562 0.923978 0.862224 0.923882 0.862224 0.892026 0.859562 0.91511 0.859562 0.889465 0.862224 0.923882 0.859562 0.91511 0.862224 0.892026 0.39228 0.668425 0.388586 0.668425 0.38733 0.665688 0.391023 0.665688 0.38733 0.665688 0.388697 0.662998 0.39228 0.668425 0.38733 0.665688 0.391023 0.665688 0.703933 0.928671 0.701373 0.931332 0.701372 0.898934 0.391023 0.665688 0.388697 0.662998 0.39239 0.662998 0.703933 0.928671 0.701372 0.898934 0.701372 0.896751 0.703933 0.896751 0.701372 0.896751 0.701372 0.86217 0.703933 0.928671 0.701372 0.896751 0.703933 0.896751 0.303108 0.84342 0.304555 0.825039 0.304856 0.822037 0.39239 0.662998 0.396084 0.662998 0.397451 0.665687 0.703933 0.896751 0.701372 0.86217 0.703932 0.864832 0.303108 0.84342 0.30202 0.826666 0.304555 0.825039 0.393758 0.665687 0.397451 0.665687 0.396195 0.668425 0.393758 0.665687 0.39239 0.662998 0.397451 0.665687 0.303108 0.84342 0.268453 0.834692 0.30202 0.826666 0.8569 0.892026 0.859562 0.889465 0.859562 0.923978 0.393758 0.665687 0.396195 0.668425 0.392501 0.668425 0.8569 0.923882 0.859562 0.923978 0.859562 0.955824 0.8569 0.892026 0.859562 0.923978 0.8569 0.923882 0.8569 0.955738 0.859562 0.955824 0.859562 0.958491 0.8569 0.923882 0.859562 0.955824 0.8569 0.955738 0.77543 0.595682 0.774291 0.595927 0.774291 0.587232 0.825671 0.845331 0.82531 0.846085 0.82531 0.837704 0.825925 0.844535 0.825671 0.845331 0.82531 0.837704 0.561203 0.661935 0.559435 0.668549 0.559435 0.661612 0.571651 0.667615 0.57051 0.667968 0.57051 0.661612 0.572003 0.662564 0.571651 0.667615 0.57051 0.661612 0.564256 0.661612 0.564288 0.668469 0.562406 0.668469 0.376961 0.662998 0.380791 0.662998 0.382145 0.665688 0.378315 0.665688 0.382145 0.665688 0.380876 0.668426 0.376961 0.662998 0.382145 0.665688 0.378315 0.665688 0.954461 0.856721 0.957214 0.854059 0.957214 0.88864 0.378315 0.665688 0.380876 0.668426 0.377046 0.668426 0.954461 0.856721 0.957214 0.88864 0.954461 0.88864 0.398099 0.667976 0.398616 0.667971 0.398616 0.6691 0.770814 0.595688 0.76706 0.587232 0.77103 0.587248 0.766611 0.595682 0.766834 0.587238 0.76706 0.587232 0.398099 0.667976 0.398616 0.6691 0.398391 0.669084 0.770814 0.595688 0.766611 0.595682 0.76706 0.587232 0.423193 0.662998 0.424134 0.663684 0.423193 0.666459 0.770814 0.595688 0.77103 0.587248 0.773957 0.587377 0.787653 0.846191 0.787651 0.837759 0.791564 0.837704 0.773957 0.595821 0.770814 0.595688 0.773957 0.587377 0.423028 0.662998 0.423028 0.666978 0.422046 0.666414 0.403495 0.667906 0.40364 0.667992 0.403349 0.669073 0.791797 0.846138 0.791564 0.837704 0.795116 0.837834 0.773957 0.587232 0.774291 0.595921 0.774128 0.595961 0.403495 0.667906 0.403349 0.669073 0.403349 0.667811 0.400189 0.667988 0.399802 0.669105 0.3998 0.667979 0.791797 0.846138 0.787653 0.846191 0.791564 0.837704 0.773957 0.587232 0.774128 0.595961 0.773957 0.595996 0.815725 0.846122 0.812091 0.845971 0.815722 0.837704 0.769691 0.841284 0.775675 0.846948 0.767238 0.846789 0.766611 0.595682 0.766611 0.587251 0.766834 0.587238 0.398099 0.667976 0.398391 0.669084 0.398168 0.669074 0.733291 0.598939 0.724861 0.587232 0.733291 0.587365 0.727312 0.594221 0.724861 0.587232 0.733291 0.598939 0.834456 0.837704 0.835496 0.838062 0.834456 0.845395 0.421226 0.66713 0.420674 0.667201 0.420674 0.662998 0.1956 0.977325 0.195591 0.965752 0.1961449 0.965689 0.831952 0.838018 0.833672 0.841629 0.831952 0.845462 0.831952 0.838018 0.832378 0.837704 0.833672 0.841629 0.421226 0.663369 0.422046 0.662998 0.422046 0.667142 0.559435 0.662358 0.558716 0.668747 0.558716 0.661612 0.556036 0.661612 0.557786 0.665261 0.556036 0.669078 0.769691 0.841284 0.775675 0.837704 0.775675 0.846948 0.760678 0.587232 0.760129 0.596618 0.76012 0.587374 0.760678 0.596481 0.760129 0.596618 0.760678 0.587232 0.558319 0.661612 0.558319 0.669043 0.557786 0.668817 0.195995 0.728657 0.195984 0.728455 0.195995 0.72825 0.377867 0.668474 0.378173 0.669015 0.378025 0.669012 0.378184 0.668426 0.378173 0.669015 0.377867 0.668474 0.377867 0.668474 0.378025 0.669012 0.377867 0.669016 0.41122 0.667349 0.411752 0.667454 0.41122 0.668593 0.724315 0.58724 0.724315 0.599422 0.723771 0.599414 0.823515 0.59673 0.838319 0.597047 0.838377 0.597329 0.723762 0.587232 0.724315 0.58724 0.723771 0.599414 0.833794 0.587417 0.836482 0.585004 0.838319 0.597047 0.829576 0.588451 0.838319 0.597047 0.823515 0.59673 0.829576 0.588451 0.833794 0.587417 0.838319 0.597047 0.823443 0.59701 0.823515 0.59673 0.838377 0.597329 0.558716 0.661612 0.558716 0.668889 0.558319 0.668503 0.832768 0.583197 0.831296 0.580449 0.836482 0.585004 0.833794 0.587417 0.832768 0.583197 0.836482 0.585004 0.740268 0.849899 0.740276 0.837709 0.740805 0.837704 0.1961449 0.977265 0.1956 0.977325 0.1961449 0.965689 0.82855 0.584231 0.825905 0.584778 0.831296 0.580449 0.740805 0.849893 0.740268 0.849899 0.740805 0.837704 0.829576 0.588451 0.823515 0.59673 0.825905 0.584778 0.82855 0.584231 0.829576 0.588451 0.825905 0.584778 0.82855 0.584231 0.831296 0.580449 0.832768 0.583197 0.382441 0.668442 0.382644 0.668426 0.382658 0.668974 0.380352 0.668908 0.380352 0.668446 0.380889 0.668426 0.382441 0.668442 0.382658 0.668974 0.382238 0.668456 0.382213 0.668974 0.382238 0.668456 0.382658 0.668974 0.525358 0.964836 0.525354 0.949507 0.528416 0.949729 0.970599 0.844075 0.970594 0.828746 0.97368 0.828524 0.970599 0.844075 0.97368 0.828524 0.973684 0.843853 0.124811 0.950076 0.124811 0.965418 0.1215569 0.96559 0.52842 0.965059 0.525358 0.964836 0.528416 0.949729 0.134478 0.96557 0.134478 0.950218 0.137638 0.950076 0.124811 0.950076 0.1215569 0.96559 0.1215569 0.950248 0.134478 0.96557 0.137638 0.950076 0.137638 0.965428 0.565539 0.668417 0.565539 0.661612 0.566588 0.661928 0.413733 0.668498 0.413512 0.668518 0.413512 0.667422 0.802148 0.846159 0.802092 0.837723 0.808665 0.837704 0.802148 0.846159 0.808665 0.837704 0.808887 0.837713 0.413952 0.668486 0.413733 0.668498 0.413512 0.667422 0.414033 0.667349 0.413952 0.668486 0.413512 0.667422 0.416304 0.668425 0.415868 0.66842 0.416304 0.667349 0.816638 0.837747 0.817106 0.846162 0.816447 0.846193 0.816638 0.837747 0.81744 0.837704 0.817106 0.846162 0.776356 0.595677 0.776184 0.595683 0.776184 0.587232 0.404762 0.668974 0.404762 0.667724 0.404912 0.667806 0.816638 0.837747 0.816447 0.846193 0.815725 0.846218 0.802092 0.837766 0.802092 0.846204 0.795289 0.846151 0.816638 0.837747 0.815725 0.846218 0.815725 0.83778 0.795116 0.837704 0.802092 0.837766 0.795289 0.846151 0.802148 0.846159 0.808887 0.837713 0.809106 0.837729 0.752256 0.849039 0.743827 0.849199 0.746278 0.842346 0.802148 0.846159 0.809106 0.837729 0.80901 0.846159 0.752256 0.849039 0.746278 0.842346 0.752256 0.837704 0.195984 0.728659 0.195974 0.728456 0.195984 0.72825 0.381883 0.668954 0.381444 0.668426 0.381643 0.668432 0.753602 0.83778 0.753039 0.849039 0.753039 0.837704 0.381444 0.668994 0.381444 0.668426 0.381883 0.668954 0.381883 0.668954 0.381643 0.668432 0.381845 0.668436 0.412272 0.668592 0.411752 0.668585 0.412272 0.667349 0.403349 0.667811 0.403277 0.669084 0.402894 0.667811 0.407939 0.668572 0.408316 0.667349 0.408316 0.6689 0.565086 0.667909 0.564288 0.668474 0.564288 0.661612 0.56484 0.661701 0.565086 0.667909 0.564288 0.661612 0.753602 0.83778 0.753593 0.849112 0.753039 0.849039 0.561757 0.668483 0.561203 0.668588 0.561203 0.661612 0.420674 0.668191 0.42068 0.667277 0.421239 0.667201 0.568109 0.662227 0.567372 0.668286 0.567372 0.661612 0.565086 0.66849 0.565086 0.661612 0.565539 0.668177 0.691602 0.951969 0.688488 0.951809 0.694175 0.949443 0.423206 0.669033 0.423206 0.666978 0.423749 0.667063 0.691602 0.951969 0.688058 0.952641 0.688488 0.951809 0.423206 0.669033 0.423749 0.667063 0.423668 0.667995 0.568543 0.661612 0.568952 0.661948 0.568543 0.668104 0.691602 0.951969 0.694175 0.949443 0.698349 0.953987 0.723241 0.599421 0.723232 0.587232 0.723762 0.587237 0.69445 0.957418 0.698349 0.953987 0.699969 0.966068 0.695744 0.953272 0.698349 0.953987 0.69445 0.957418 0.695744 0.953272 0.691602 0.951969 0.698349 0.953987 0.723762 0.599426 0.723241 0.599421 0.723762 0.587237 0.42068 0.668994 0.421239 0.667201 0.421239 0.668855 0.420674 0.668191 0.421239 0.667201 0.42068 0.668994 0.378731 0.668426 0.378757 0.669001 0.378729 0.668714 0.685098 0.965713 0.700022 0.966351 0.700106 0.966627 0.379251 0.668463 0.378757 0.669001 0.378731 0.668426 0.684992 0.965981 0.685098 0.965713 0.700106 0.966627 0.692536 0.966627 0.684992 0.965981 0.700106 0.966627 0.818232 0.837704 0.818232 0.846257 0.81744 0.838729 0.379251 0.668463 0.379251 0.668927 0.378757 0.669001 0.685175 0.965435 0.699969 0.966068 0.700022 0.966351 0.685098 0.965713 0.685175 0.965435 0.700022 0.966351 0.685175 0.965435 0.687779 0.953535 0.699969 0.966068 0.690307 0.956115 0.699969 0.966068 0.687779 0.953535 0.690307 0.956115 0.69445 0.957418 0.699969 0.966068 0.690307 0.956115 0.687779 0.953535 0.688058 0.952641 0.423206 0.669033 0.423668 0.667995 0.423749 0.668929 0.691602 0.951969 0.690307 0.956115 0.688058 0.952641 0.740805 0.849895 0.741368 0.837704 0.741368 0.849886 0.740815 0.837712 0.741368 0.837704 0.740805 0.849895 0.379762 0.668999 0.379813 0.668426 0.379803 0.668714 0.379251 0.668905 0.379813 0.668426 0.379762 0.668999 0.379251 0.668444 0.379813 0.668426 0.379251 0.668905 0.179488 0.884623 0.179488 0.897616 0.179327 0.89147 0.84717 0.597485 0.846316 0.59655 0.84717 0.580449 0.410754 0.66758 0.41122 0.667349 0.41122 0.668616 0.670334 0.964949 0.67033 0.94962 0.673392 0.949842 0.358364 0.965061 0.358359 0.949732 0.361445 0.94951 0.358364 0.965061 0.361445 0.94951 0.361449 0.964839 0.128064 0.950076 0.128064 0.965418 0.124811 0.96559 0.673396 0.965171 0.670334 0.964949 0.673392 0.949842 0.131317 0.96557 0.131317 0.950218 0.134478 0.950076 0.128064 0.950076 0.124811 0.96559 0.124811 0.950248 0.131317 0.96557 0.134478 0.950076 0.134478 0.965428 0.425156 0.666041 0.425676 0.666178 0.425666 0.667311 0.425143 0.66732 0.425156 0.666041 0.425666 0.667311 0.381883 0.668426 0.382213 0.668456 0.382213 0.668994 0.381883 0.668426 0.382213 0.668994 0.382048 0.668989 0.381883 0.668426 0.382048 0.668989 0.381892 0.66899 0.753981 0.587365 0.753971 0.596797 0.753431 0.59667 0.753431 0.587232 0.753981 0.587365 0.753431 0.59667 0.744994 0.587384 0.753431 0.587232 0.753431 0.59667 0.747447 0.593007 0.744994 0.587384 0.753431 0.59667 0.776534 0.595663 0.776356 0.595677 0.776184 0.587232 0.402465 0.669097 0.402293 0.66804 0.402465 0.667995 0.375906 0.669066 0.375906 0.662998 0.376961 0.663418 0.402293 0.668043 0.401484 0.669092 0.401484 0.667995 0.399539 0.667997 0.399769 0.668008 0.3998 0.669105 0.821994 0.837728 0.822217 0.846161 0.821406 0.846174 0.821994 0.837728 0.821406 0.846174 0.821176 0.846174 0.399308 0.667979 0.399539 0.667997 0.3998 0.669105 0.399263 0.669105 0.399308 0.667979 0.3998 0.669105 0.414573 0.668446 0.414033 0.668504 0.414117 0.667368 0.741743 0.59366 0.733392 0.598492 0.733291 0.59343 0.757856 0.847783 0.753602 0.845193 0.757856 0.837908 0.757654 0.837803 0.757856 0.837908 0.753602 0.845193 0.414573 0.668446 0.414117 0.667368 0.414344 0.667362 0.741743 0.59366 0.733291 0.59343 0.733355 0.587232 0.82299 0.837704 0.82299 0.846142 0.822217 0.846161 0.741743 0.59366 0.733355 0.587232 0.741806 0.587232 0.821994 0.837728 0.82299 0.837704 0.822217 0.846161 0.821994 0.837728 0.821176 0.846174 0.820944 0.846166 0.740268 0.849817 0.731843 0.849817 0.734243 0.842543 0.821994 0.837728 0.820944 0.846166 0.820944 0.83774 0.740268 0.849817 0.734243 0.842543 0.740185 0.837704 0.195964 0.72825 0.195974 0.728455 0.195964 0.728664 0.377411 0.668426 0.377867 0.669028 0.377665 0.668986 0.742488 0.837704 0.741932 0.84984 0.741923 0.837726 0.377867 0.668462 0.377867 0.669028 0.377411 0.668426 0.377411 0.668426 0.377665 0.668986 0.377469 0.668949 0.416863 0.66824 0.416304 0.66824 0.416583 0.667349 0.405679 0.667777 0.405679 0.669078 0.405243 0.667589 0.405206 0.66887 0.405243 0.667589 0.405679 0.669078 0.423206 0.666978 0.422644 0.668044 0.42265 0.666994 0.742488 0.837704 0.742488 0.849818 0.741932 0.84984 0.423206 0.666978 0.42265 0.669041 0.422644 0.668044 0.423206 0.66895 0.42265 0.669041 0.423206 0.666978 0.569736 0.66789 0.568953 0.661612 0.5695 0.6618 0.568953 0.668041 0.568953 0.661612 0.569736 0.66789 0.423749 0.669031 0.424208 0.667992 0.424289 0.668925 0.657831 0.964623 0.65316 0.964439 0.652728 0.963608 0.568109 0.668103 0.568109 0.661612 0.568543 0.66195 0.657831 0.964623 0.658858 0.966801 0.65316 0.964439 0.423749 0.669031 0.424289 0.66706 0.424208 0.667992 0.657831 0.964623 0.652728 0.963608 0.652447 0.962715 0.423749 0.669031 0.423749 0.666978 0.424289 0.66706 0.724861 0.587232 0.724861 0.599401 0.724315 0.599414 0.654629 0.961689 0.652447 0.962715 0.649821 0.950833 0.654629 0.961689 0.657831 0.964623 0.652447 0.962715 0.724324 0.587245 0.724861 0.587232 0.724315 0.599414 0.38035 0.669 0.380322 0.668426 0.380352 0.668712 0.66469 0.949919 0.649744 0.950556 0.649638 0.950288 0.379813 0.668981 0.380322 0.668426 0.38035 0.669 0.664774 0.949643 0.66469 0.949919 0.649638 0.950288 0.657192 0.949643 0.664774 0.949643 0.649638 0.950288 0.819051 0.837704 0.819051 0.846253 0.818232 0.838716 0.379813 0.668981 0.379813 0.668517 0.380322 0.668426 0.664637 0.950201 0.649821 0.950833 0.649744 0.950556 0.66469 0.949919 0.664637 0.950201 0.649744 0.950556 0.664637 0.950201 0.663032 0.962264 0.649821 0.950833 0.657569 0.958493 0.649821 0.950833 0.663032 0.962264 0.657569 0.958493 0.654629 0.961689 0.649821 0.950833 0.657831 0.964623 0.663032 0.962264 0.658858 0.966801 0.562406 0.668555 0.561757 0.668063 0.561942 0.661901 0.741923 0.837718 0.741377 0.849873 0.741368 0.837704 0.657831 0.964623 0.660771 0.961427 0.663032 0.962264 0.657569 0.958493 0.663032 0.962264 0.660771 0.961427 0.741923 0.849886 0.741377 0.849873 0.741923 0.837718 0.562406 0.668555 0.561942 0.661901 0.562406 0.661612 0.380936 0.668426 0.380889 0.668998 0.380897 0.668711 0.381442 0.668534 0.380889 0.668998 0.380936 0.668426 0.381444 0.668998 0.380889 0.668998 0.381442 0.668534 0.196259 0.716091 0.196259 0.73221 0.196103 0.724633 0.845432 0.580449 0.846316 0.581405 0.845432 0.59751 0.404762 0.668818 0.404288 0.669026 0.404288 0.667724 0.667268 0.964949 0.667264 0.94962 0.670326 0.949842 0.522268 0.965058 0.522264 0.949729 0.525349 0.949507 0.522268 0.965058 0.525349 0.949507 0.525354 0.964836 0.131317 0.950076 0.131317 0.965418 0.128064 0.96559 0.67033 0.965172 0.667268 0.964949 0.670326 0.949842 0.137638 0.96557 0.137638 0.950218 0.140799 0.950076 0.131317 0.950076 0.128064 0.96559 0.128064 0.950248 0.137638 0.96557 0.140799 0.950076 0.140799 0.965428 0.408646 0.668882 0.408316 0.668466 0.408646 0.667349 0.412735 0.667452 0.412271 0.668592 0.412271 0.667349 0.376961 0.668488 0.377411 0.668426 0.377351 0.668953 0.376961 0.668488 0.377351 0.668953 0.37716 0.668993 0.376961 0.668488 0.37716 0.668993 0.376961 0.669038 0.743268 0.849702 0.743268 0.837704 0.743817 0.837734 0.743827 0.849734 0.743268 0.849702 0.743817 0.837734 0.723232 0.599229 0.714814 0.599231 0.714967 0.587232 0.720876 0.592024 0.723232 0.599229 0.714967 0.587232 0.402888 0.667978 0.402334 0.662998 0.402894 0.662998 0.757447 0.837704 0.757654 0.837803 0.753602 0.845193 0.414573 0.668446 0.414344 0.667362 0.414573 0.667349 0.828584 0.837704 0.828584 0.845723 0.827608 0.845221 0.508111 0.836147 0.522205 0.829111 0.494945 0.844788 0.526404 0.822154 0.540442 0.803902 0.522205 0.829111 0.508111 0.836147 0.526404 0.822154 0.522205 0.829111 0.479283 0.846579 0.494945 0.844788 0.463945 0.850196 0.479283 0.846579 0.508111 0.836147 0.494945 0.844788 0.464412 0.847893 0.463945 0.850196 0.463064 0.85019 0.464412 0.847893 0.479283 0.846579 0.463945 0.850196 0.448607 0.846527 0.463064 0.85019 0.432946 0.844683 0.448607 0.846527 0.464412 0.847893 0.463064 0.85019 0.41978 0.835997 0.432946 0.844683 0.417264 0.837183 0.41978 0.835997 0.448607 0.846527 0.432946 0.844683 0.39628 0.816258 0.417264 0.837183 0.405686 0.828914 0.418414 0.83519 0.41978 0.835997 0.417264 0.837183 0.39628 0.816258 0.418414 0.83519 0.417264 0.837183 0.39628 0.816258 0.405686 0.828914 0.385453 0.80479 0.39628 0.816258 0.385453 0.80479 0.384084 0.802333 0.380941 0.789691 0.384084 0.802333 0.374687 0.775222 0.380941 0.789691 0.385442 0.799969 0.384084 0.802333 0.39628 0.816258 0.384084 0.802333 0.385442 0.799969 0.375614 0.759501 0.374687 0.775222 0.374687 0.743776 0.375614 0.759501 0.380941 0.789691 0.374687 0.775222 0.378624 0.736667 0.375614 0.759501 0.374687 0.743776 0.932266 0.167572 0.934319 0.15253 0.934319 0.19042 0.09376996 0.09676897 0.06212395 0.115839 0.09409499 0.09550398 0.185931 0.064067 0.186465 0.04588097 0.186166 0.06409096 0.04319798 0.574305 0.04243695 0.573544 0.07408297 0.554475 0.02072495 0.613139 0.04243695 0.573544 0.04319798 0.574305 0.203158 0.347828 0.202926 0.347857 0.202926 0.341336 0.1018069 0.09420299 0.09409499 0.09550398 0.101529 0.09316599 0.794697 0.183946 0.794697 0.161022 0.79529 0.1687999 0.09376996 0.09676897 0.09409499 0.09550398 0.1018069 0.09420299 0.928465 0.212637 0.930967 0.194174 0.930967 0.235457 0.110529 0.09322398 0.101529 0.09316599 0.110809 0.09218597 0.203158 0.347828 0.2030529 0.368936 0.202926 0.347857 0.1018069 0.09420299 0.101529 0.09316599 0.110529 0.09322398 0.549787 0.2428719 0.549555 0.2428719 0.549555 0.238523 0.114761 0.09424698 0.110809 0.09218597 0.11504 0.09320998 0.788975 0.183986 0.788975 0.161022 0.78935 0.165361 0.110529 0.09322398 0.110809 0.09218597 0.114761 0.09424698 0.929392 0.262967 0.926644 0.283301 0.926644 0.240176 0.114761 0.09424698 0.11504 0.09320998 0.152684 0.114249 0.549787 0.2428719 0.549709 0.265677 0.549555 0.2428719 0.193789 0.374135 0.193557 0.374107 0.1935639 0.371948 0.152374 0.115437 0.152684 0.114249 0.154445 0.11596 0.193789 0.352809 0.193789 0.374135 0.1935639 0.371948 0.152374 0.115437 0.114761 0.09424698 0.152684 0.114249 0.371987 0.125041 0.371752 0.1250579 0.371466 0.09095597 0.146302 0.574425 0.147062 0.573666 0.169813 0.613026 0.924096 0.262908 0.921066 0.285645 0.921066 0.240177 0.193789 0.374135 0.1936489 0.39253 0.193557 0.374107 0.146302 0.574425 0.1449919 0.573143 0.147062 0.573666 0.371987 0.125041 0.371466 0.146748 0.371752 0.1250579 0.168774 0.613303 0.146302 0.574425 0.169813 0.613026 0.768368 0.936746 0.787684 0.937007 0.77903 0.941108 0.839979 0.580698 0.840369 0.580449 0.840369 0.589354 0.798712 0.94896 0.818498 0.956854 0.759706 0.957146 0.759706 0.957146 0.77903 0.941108 0.798712 0.94896 0.17895 0.845368 0.178559 0.86482 0.178559 0.845121 0.759706 0.957146 0.768368 0.936746 0.77903 0.941108 0.768368 0.936746 0.796026 0.93308 0.787684 0.937007 0.839589 0.589623 0.840369 0.589354 0.840369 0.597936 0.839588 0.580947 0.840369 0.589354 0.839589 0.589623 0.839979 0.580698 0.840369 0.589354 0.839588 0.580947 0.790426 0.926302 0.796228 0.932966 0.796026 0.93308 0.1958169 0.735327 0.1958169 0.734544 0.196027 0.734559 0.768368 0.936746 0.790426 0.926302 0.796026 0.93308 0.839589 0.589623 0.840369 0.597936 0.839588 0.597993 0.790426 0.926302 0.796383 0.93284 0.796228 0.932966 0.196067 0.735343 0.196027 0.734559 0.196189 0.734567 0.1958169 0.735327 0.196027 0.734559 0.196067 0.735343 0.790426 0.926302 0.796497 0.932703 0.796383 0.93284 0.41274 0.667349 0.413512 0.667482 0.41351 0.66762 0.196067 0.735343 0.196189 0.734567 0.196259 0.735354 0.790426 0.926302 0.796569 0.932555 0.796497 0.932703 0.412737 0.667516 0.41351 0.66762 0.413509 0.66777 0.41274 0.667349 0.41351 0.66762 0.412737 0.667516 0.790426 0.926302 0.796601 0.932395 0.796569 0.932555 0.412735 0.667885 0.413509 0.66777 0.413508 0.667931 0.412736 0.667694 0.413509 0.66777 0.412735 0.667885 0.412737 0.667516 0.413509 0.66777 0.412736 0.667694 0.790426 0.926302 0.7966 0.932221 0.796601 0.932395 0.412736 0.668089 0.413508 0.667931 0.413509 0.668104 0.412735 0.667885 0.413508 0.667931 0.412736 0.668089 0.790426 0.926302 0.796574 0.932033 0.7966 0.932221 0.412737 0.668311 0.413509 0.668104 0.41351 0.668292 0.412736 0.668089 0.413509 0.668104 0.412737 0.668311 0.790426 0.926302 0.796524 0.931823 0.796574 0.932033 0.412737 0.668311 0.41351 0.668292 0.413512 0.668501 0.790426 0.926302 0.795728 0.928647 0.796524 0.931823 0.569737 0.661663 0.57051 0.661612 0.570509 0.664778 0.412737 0.668311 0.413512 0.668501 0.412739 0.66856 0.790426 0.926302 0.794833 0.925466 0.795728 0.928647 0.569736 0.664829 0.570509 0.664778 0.57051 0.667947 0.569737 0.661663 0.570509 0.664778 0.569736 0.664829 0.787619 0.919905 0.791838 0.918045 0.794833 0.925466 0.911465 0.839395 0.912238 0.839336 0.912226 0.84672 0.790426 0.926302 0.787619 0.919905 0.794833 0.925466 0.569736 0.664829 0.57051 0.667947 0.569737 0.66801 0.783902 0.9134 0.787986 0.911046 0.791838 0.918045 0.911851 0.853628 0.912226 0.84672 0.912238 0.853671 0.787619 0.919905 0.784276 0.913802 0.791838 0.918045 0.784105 0.913559 0.791838 0.918045 0.784276 0.913802 0.784105 0.913559 0.783902 0.9134 0.791838 0.918045 0.911453 0.846701 0.912226 0.84672 0.911464 0.853586 0.911851 0.853628 0.911464 0.853586 0.912226 0.84672 0.911465 0.839395 0.912226 0.84672 0.911453 0.846701 0.759705 0.893308 0.795811 0.906979 0.787986 0.911046 0.826316 0.837837 0.826706 0.837704 0.826706 0.845778 0.783902 0.9134 0.783632 0.913366 0.787986 0.911046 0.759705 0.893308 0.787986 0.911046 0.783632 0.913366 0.810754 0.916275 0.808002 0.922915 0.795811 0.906979 0.542727 0.605326 0.543115 0.60521 0.543324 0.621497 0.81054 0.916104 0.810754 0.916275 0.795811 0.906979 0.810359 0.915865 0.81054 0.916104 0.795811 0.906979 0.806855 0.911018 0.810359 0.915865 0.795811 0.906979 0.801002 0.90428 0.806855 0.911018 0.795811 0.906979 0.759705 0.893308 0.801002 0.90428 0.795811 0.906979 0.825925 0.837971 0.826706 0.845778 0.826315 0.845743 0.826315 0.845743 0.825925 0.845708 0.825925 0.837971 0.826316 0.837837 0.826706 0.845778 0.825925 0.837971 0.831088 0.925227 0.817841 0.952058 0.808002 0.922915 0.542546 0.621635 0.543324 0.621497 0.543118 0.650914 0.810754 0.916275 0.811039 0.916322 0.808002 0.922915 0.831088 0.925227 0.808002 0.922915 0.811039 0.916322 0.542546 0.621635 0.54234 0.605441 0.543324 0.621497 0.542727 0.605326 0.543324 0.621497 0.54234 0.605441 0.831088 0.957146 0.818175 0.954373 0.817841 0.952058 0.402894 0.663021 0.403671 0.662998 0.403672 0.66532 0.831088 0.925227 0.831088 0.957146 0.817841 0.952058 0.542546 0.621635 0.543118 0.650914 0.54234 0.650925 0.831088 0.957146 0.818498 0.956854 0.818175 0.954373 0.403283 0.667645 0.403672 0.66532 0.403671 0.667811 0.402894 0.665177 0.403672 0.66532 0.402894 0.667478 0.403283 0.667645 0.402894 0.667478 0.403672 0.66532 0.402894 0.663021 0.403672 0.66532 0.402894 0.665177 0.17895 0.884487 0.178559 0.884623 0.178559 0.86482 0.831088 0.957146 0.759706 0.957146 0.818498 0.956854 0.179342 0.864932 0.178559 0.86482 0.179342 0.845615 0.17895 0.845368 0.179342 0.845615 0.178559 0.86482 0.179342 0.88435 0.178559 0.86482 0.179342 0.864932 0.17895 0.884487 0.178559 0.86482 0.179342 0.88435 0.912637 0.839419 0.913415 0.839336 0.913431 0.845535 0.405096 0.667742 0.405159 0.668531 0.404912 0.668507 0.405096 0.667742 0.404912 0.668507 0.404912 0.667724 0.913431 0.845535 0.913414 0.852011 0.913025 0.851946 0.912652 0.845516 0.913431 0.845535 0.912637 0.851882 0.912637 0.839419 0.913431 0.845535 0.912652 0.845516 0.967893 0.919991 0.967502 0.920108 0.967502 0.897953 0.913025 0.851946 0.912637 0.851882 0.913431 0.845535 0.759706 0.925227 0.768268 0.922023 0.768368 0.936746 0.683005 0.948068 0.683778 0.947742 0.683778 0.962463 0.759706 0.957146 0.759706 0.925227 0.768368 0.936746 0.968284 0.919875 0.967502 0.897953 0.968284 0.898185 0.967893 0.919991 0.967502 0.897953 0.968284 0.919875 0.759705 0.893308 0.768381 0.921452 0.768268 0.922023 0.418411 0.669013 0.418404 0.66824 0.418976 0.66824 0.759706 0.925227 0.759705 0.893308 0.768268 0.922023 0.683005 0.948068 0.683778 0.962463 0.683005 0.962466 0.759705 0.893308 0.768874 0.920965 0.768381 0.921452 0.41698 0.668137 0.416863 0.667349 0.417386 0.667378 0.418411 0.669013 0.418976 0.66824 0.418925 0.669013 0.759705 0.893308 0.780468 0.914954 0.768874 0.920965 0.742488 0.837767 0.743268 0.837704 0.743268 0.849665 0.41698 0.668137 0.417386 0.667378 0.417386 0.668161 0.759705 0.893308 0.781901 0.914209 0.780468 0.914954 0.424426 0.66306 0.425207 0.662998 0.425207 0.664476 0.742488 0.849728 0.742488 0.837767 0.743268 0.849665 0.759705 0.893308 0.783357 0.913452 0.781901 0.914209 0.424426 0.664555 0.425207 0.664476 0.425207 0.665979 0.424426 0.66306 0.425207 0.664476 0.424426 0.664555 0.759705 0.893308 0.783632 0.913366 0.783357 0.913452 0.418498 0.667349 0.418593 0.668126 0.418313 0.668134 0.424426 0.664555 0.425207 0.665979 0.424426 0.666041 0.418311 0.667355 0.418313 0.668134 0.418044 0.668135 0.418498 0.667349 0.418313 0.668134 0.418311 0.667355 0.418121 0.667356 0.418044 0.668135 0.417851 0.668128 0.418311 0.667355 0.418044 0.668135 0.418121 0.667356 0.418121 0.667356 0.417851 0.668128 0.417978 0.667349 0.831088 0.925227 0.818454 0.895716 0.818407 0.895311 0.416697 0.668394 0.417081 0.66824 0.417082 0.668646 0.759705 0.893308 0.818407 0.895311 0.809781 0.899741 0.838861 0.598316 0.839246 0.589523 0.839246 0.598421 0.831087 0.893308 0.818407 0.895311 0.759705 0.893308 0.831087 0.893308 0.831088 0.925227 0.818407 0.895311 0.831088 0.925227 0.818482 0.896127 0.818454 0.895716 0.416304 0.668811 0.417082 0.668646 0.417081 0.669058 0.416304 0.668552 0.417082 0.668646 0.416304 0.668811 0.416697 0.668394 0.417082 0.668646 0.416304 0.668552 0.831088 0.925227 0.818483 0.904273 0.818482 0.896127 0.957121 0.699054 0.957898 0.699059 0.957898 0.707202 0.416304 0.668811 0.417081 0.669058 0.416304 0.66905 0.831088 0.925227 0.81849 0.9122 0.818483 0.904273 0.95712 0.707192 0.957898 0.707202 0.957898 0.715126 0.957121 0.699054 0.957898 0.707202 0.95712 0.707192 0.831088 0.925227 0.818388 0.912738 0.81849 0.9122 0.418401 0.66824 0.418404 0.669018 0.417869 0.669018 0.95712 0.707192 0.957898 0.715126 0.95712 0.715121 0.831088 0.925227 0.817927 0.913176 0.818388 0.912738 0.417738 0.667364 0.417851 0.668152 0.417386 0.668134 0.418401 0.66824 0.417869 0.669018 0.417935 0.66824 0.831088 0.925227 0.814557 0.914723 0.817927 0.913176 0.567371 0.668246 0.566588 0.668305 0.56659 0.66492 0.417738 0.667364 0.417386 0.668134 0.417386 0.667349 0.831088 0.925227 0.811326 0.916246 0.814557 0.914723 0.567372 0.664859 0.56659 0.66492 0.566588 0.661674 0.567371 0.668246 0.56659 0.66492 0.567372 0.664859 0.831088 0.925227 0.811039 0.916322 0.811326 0.916246 0.41718 0.669028 0.417082 0.668249 0.417369 0.66824 0.567372 0.664859 0.566588 0.661674 0.567371 0.661612 0.41757 0.669021 0.417369 0.66824 0.417654 0.66824 0.417374 0.669022 0.417369 0.66824 0.41757 0.669021 0.41718 0.669028 0.417369 0.66824 0.417374 0.669022 0.41757 0.669021 0.417654 0.66824 0.417869 0.66825 0.402485 0.668779 0.402465 0.667995 0.4027 0.668028 0.41757 0.669021 0.417869 0.66825 0.417726 0.669028 0.752265 0.837811 0.753039 0.837704 0.75303 0.842507 0.402485 0.668779 0.4027 0.668028 0.4027 0.668809 0.752265 0.849123 0.75303 0.842507 0.753039 0.849173 0.752256 0.842464 0.752265 0.837811 0.75303 0.842507 0.752256 0.842464 0.75303 0.842507 0.752265 0.849123 0.759705 0.893308 0.800992 0.904269 0.801002 0.90428 0.196009 0.728337 0.195995 0.72825 0.196006 0.72825 0.752609 0.849155 0.752265 0.849123 0.753039 0.849173 0.752952 0.849187 0.752609 0.849155 0.753039 0.849173 0.759705 0.893308 0.800982 0.904258 0.800992 0.904269 0.196013 0.728293 0.196006 0.72825 0.196017 0.72825 0.196013 0.728293 0.196009 0.728337 0.196006 0.72825 0.759705 0.893308 0.809781 0.899741 0.800982 0.904258 0.839202 0.580466 0.839246 0.580449 0.839246 0.589523 0.838466 0.589565 0.839246 0.589523 0.838466 0.598211 0.838861 0.598316 0.838466 0.598211 0.839246 0.589523 0.838466 0.580754 0.839246 0.589523 0.838466 0.589565 0.838812 0.580618 0.839246 0.589523 0.838466 0.580754 0.839158 0.580483 0.839246 0.589523 0.838812 0.580618 0.839202 0.580466 0.839246 0.589523 0.839158 0.580483 0.760695 0.890458 0.831087 0.893308 0.759705 0.893308 0.830098 0.959995 0.760697 0.959996 0.759706 0.957146 0.831088 0.957146 0.830098 0.959995 0.759706 0.957146 0.795397 0.960988 0.763541 0.960988 0.760697 0.959996 0.827253 0.960988 0.795397 0.960988 0.760697 0.959996 0.830098 0.959995 0.827253 0.960988 0.760697 0.959996 0.760695 0.890458 0.830096 0.890457 0.831087 0.893308 0.795396 0.889465 0.827253 0.889465 0.830096 0.890457 0.76354 0.889465 0.795396 0.889465 0.830096 0.890457 0.760695 0.890458 0.76354 0.889465 0.830096 0.890457 0.63326 0.967386 0.637102 0.944776 0.643501 0.950296 0.63326 0.967386 0.63207 0.950869 0.637102 0.944776 0.63326 0.967386 0.626345 0.956335 0.63207 0.950869 0.609932 0.987226 0.623713 0.958353 0.626345 0.956335 0.63326 0.967386 0.609932 0.987226 0.626345 0.956335 0.609932 0.987226 0.621058 0.960269 0.623713 0.958353 0.609932 0.987226 0.620848 0.960415 0.621058 0.960269 0.609932 0.987226 0.620652 0.960522 0.620848 0.960415 0.609932 0.987226 0.620459 0.960593 0.620652 0.960522 0.609932 0.987226 0.620268 0.960623 0.620459 0.960593 0.609932 0.987226 0.620071 0.960608 0.620268 0.960623 0.609932 0.987226 0.619867 0.960545 0.620071 0.960608 0.609932 0.987226 0.619658 0.960431 0.619867 0.960545 0.609932 0.987226 0.619441 0.960257 0.619658 0.960431 0.609932 0.987226 0.61287 0.95412 0.619441 0.960257 0.609932 0.987226 0.606034 0.947768 0.61287 0.95412 0.609932 0.987226 0.606034 0.968549 0.606034 0.947768 0.608054 0.988311 0.606034 0.989438 0.606034 0.968549 0.609932 0.987226 0.608054 0.988311 0.606034 0.968549 0.794597 0.583916 0.794932 0.583475 0.795202 0.583428 0.794476 0.587489 0.794597 0.583916 0.795202 0.583428 0.800924 0.582561 0.794476 0.587489 0.795202 0.583428 0.794597 0.583916 0.794747 0.583556 0.794932 0.583475 0.794597 0.583916 0.794637 0.583719 0.794747 0.583556 0.800924 0.582561 0.794312 0.591195 0.794476 0.587489 0.800924 0.582561 0.794437 0.591652 0.794312 0.591195 0.800924 0.582561 0.794812 0.591949 0.794437 0.591652 0.809574 0.580449 0.801872 0.595565 0.794812 0.591949 0.800924 0.582561 0.809574 0.580449 0.794812 0.591949 0.809574 0.590053 0.809114 0.599284 0.801872 0.595565 0.809574 0.580449 0.809574 0.590053 0.801872 0.595565 0.809574 0.599475 0.809332 0.599382 0.809114 0.599284 0.809574 0.590053 0.809574 0.599475 0.809114 0.599284 0.736676 0.667228 0.750149 0.649728 0.750311 0.65023 0.743547 0.66741 0.736676 0.667228 0.750311 0.65023 0.750783 0.663281 0.743547 0.66741 0.750311 0.65023 0.736676 0.667228 0.749733 0.649408 0.750149 0.649728 0.736676 0.667228 0.736676 0.643335 0.749733 0.649408 0.750844 0.664913 0.750381 0.667004 0.743547 0.66741 0.750783 0.663281 0.750844 0.664913 0.743547 0.66741 0.750904 0.666535 0.750597 0.666971 0.750381 0.667004 0.750844 0.664913 0.750904 0.666535 0.750381 0.667004 0.750904 0.666535 0.750782 0.666892 0.750597 0.666971 0.750904 0.666535 0.750881 0.666728 0.750782 0.666892 0.410388 0.667349 0.410388 0.663006 0.414731 0.662998 0.414731 0.667341 0.410388 0.667349 0.414731 0.662998 0.406046 0.667349 0.406046 0.663006 0.410388 0.662998 0.410388 0.667341 0.406046 0.667349 0.410388 0.662998 0.414731 0.667349 0.414731 0.663006 0.419074 0.662998 0.419074 0.667341 0.414731 0.667349 0.419074 0.662998 0.931236 0.191698 0.940609 0.191648 0.940609 0.2336 0.871393 0.180028 0.880765 0.180097 0.880737 0.184447 0.871393 0.180028 0.880737 0.184447 0.871364 0.184379 0.931236 0.23365 0.940609 0.2336 0.940598 0.235208 0.931236 0.23365 0.931236 0.191698 0.940609 0.2336 0.871415 0.141107 0.880788 0.141176 0.880765 0.180097 0.871415 0.141107 0.880765 0.180097 0.871393 0.180028 0.918835 0.261188 0.928193 0.261303 0.929567 0.29496 0.965676 0.685582 0.965687 0.683973 0.975049 0.685532 0.920209 0.294846 0.929567 0.29496 0.929567 0.339003 0.912826 0.752552 0.911453 0.718894 0.922184 0.752666 0.920209 0.338889 0.929567 0.339003 0.928193 0.38163 0.920209 0.338889 0.920209 0.294846 0.929567 0.339003 0.925372 0.289713 0.934733 0.289954 0.935364 0.322663 0.918835 0.381516 0.920209 0.338889 0.928193 0.38163 0.926002 0.322422 0.935364 0.322663 0.935363 0.324286 0.926002 0.322422 0.925372 0.289713 0.935364 0.322663 0.926001 0.324045 0.935363 0.324286 0.934733 0.366396 0.926001 0.324045 0.926002 0.322422 0.935363 0.324286 0.880788 0.1342239 0.890151 0.1340669 0.890213 0.138414 0.925372 0.366155 0.926001 0.324045 0.934733 0.366396 0.88085 0.138572 0.890213 0.138414 0.890262 0.177139 0.88085 0.138572 0.880788 0.1342239 0.890213 0.138414 0.871364 0.1340669 0.880737 0.134136 0.880788 0.141176 0.871364 0.1340669 0.880788 0.141176 0.871415 0.141107 0.350024 0.292708 0.340674 0.29271 0.342457 0.265593 0.350024 0.292708 0.342457 0.265593 0.351808 0.26559 0.341802 0.793787 0.332451 0.793789 0.333291 0.750416 0.341802 0.793787 0.333291 0.750416 0.342642 0.750413 0.351808 0.406853 0.342457 0.406856 0.340674 0.379547 0.880898 0.177296 0.890262 0.177139 0.890151 0.184105 0.880898 0.177296 0.890151 0.184105 0.880788 0.184262 0.342642 0.83725 0.333291 0.837253 0.332451 0.793789 0.351808 0.406853 0.340674 0.379547 0.350024 0.379544 0.342642 0.83725 0.332451 0.793789 0.341802 0.793787 0.88085 0.138572 0.890262 0.177139 0.880898 0.177296 0.95652 0.641995 0.959593 0.641971 0.959717 0.67226 0.182323 0.958007 0.185396 0.958031 0.185383 0.959617 0.182323 0.958007 0.185383 0.959617 0.18231 0.959591 0.956644 0.672284 0.959717 0.67226 0.959684 0.68671 0.956644 0.672284 0.95652 0.641995 0.959717 0.67226 0.956611 0.686735 0.959684 0.68671 0.959593 0.699031 0.956611 0.686735 0.956644 0.672284 0.959684 0.68671 0.182435 0.929434 0.185508 0.92946 0.185396 0.958031 0.182435 0.929434 0.185396 0.958031 0.182323 0.958007 0.890204 0.718905 0.893273 0.718894 0.894456 0.743545 0.95652 0.699055 0.956611 0.686735 0.959593 0.699031 0.891388 0.743556 0.894456 0.743545 0.894986 0.76535 0.891388 0.743556 0.890204 0.718905 0.894456 0.743545 0.892018 0.772974 0.894986 0.76535 0.895167 0.788362 0.892018 0.772974 0.891388 0.743556 0.894986 0.76535 0.892018 0.803611 0.895167 0.788362 0.894986 0.811014 0.892018 0.803611 0.892018 0.772974 0.895167 0.788362 0.892018 0.803611 0.894986 0.811014 0.894456 0.83176 0.891388 0.831771 0.894456 0.83176 0.893273 0.854047 0.891388 0.831771 0.892018 0.803611 0.894456 0.83176 0.948909 0.599744 0.951979 0.599793 0.959558 0.560577 0.890204 0.854059 0.891388 0.831771 0.893273 0.854047 0.956488 0.560526 0.959558 0.560577 0.959629 0.575133 0.956488 0.560526 0.948909 0.599744 0.959558 0.560577 0.956559 0.575084 0.959629 0.575133 0.959362 0.605498 0.956559 0.575084 0.956488 0.560526 0.959629 0.575133 0.96901 0.922106 0.97208 0.922048 0.972107 0.923632 0.956292 0.605449 0.956559 0.575084 0.959362 0.605498 0.969037 0.923689 0.972107 0.923632 0.972353 0.952108 0.969037 0.923689 0.96901 0.922106 0.972107 0.923632 0.182384 0.912007 0.185457 0.912031 0.185508 0.92946 0.182384 0.912007 0.185508 0.92946 0.182435 0.929434 0.18231 0.903045 0.185383 0.903071 0.185457 0.912031 0.18231 0.903045 0.185457 0.912031 0.182384 0.912007 0.36119 0.746731 0.358124 0.746732 0.359549 0.723297 0.36119 0.746731 0.359549 0.723297 0.362615 0.723296 0.969172 0.969452 0.972242 0.969395 0.97208 0.978248 0.969284 0.952167 0.972353 0.952108 0.972242 0.969395 0.969284 0.952167 0.972242 0.969395 0.969172 0.969452 0.362615 0.858692 0.359549 0.858693 0.358124 0.835106 0.969172 0.969452 0.97208 0.978248 0.96901 0.978306 0.36119 0.835105 0.358124 0.835106 0.357486 0.813758 0.362615 0.858692 0.358124 0.835106 0.36119 0.835105 0.360552 0.813757 0.357486 0.813758 0.357268 0.790873 0.36119 0.835105 0.357486 0.813758 0.360552 0.813757 0.360334 0.790872 0.357268 0.790873 0.357486 0.768011 0.360552 0.813757 0.357268 0.790873 0.360334 0.790872 0.360552 0.768011 0.357486 0.768011 0.358124 0.746732 0.360334 0.790872 0.357486 0.768011 0.360552 0.768011 0.360552 0.768011 0.358124 0.746732 0.36119 0.746731 0.969037 0.923689 0.972353 0.952108 0.969284 0.952167 0.910499 0.641381 0.907426 0.641405 0.907299 0.610325 0.433897 0.857856 0.433109 0.855695 0.464115 0.850196 0.910372 0.610302 0.910499 0.641381 0.907299 0.610325 0.878125 0.929824 0.881051 0.953282 0.877978 0.953253 0.413438 0.868517 0.433109 0.855695 0.433897 0.857856 0.413438 0.868517 0.412116 0.866633 0.433109 0.855695 0.910372 0.66885 0.907299 0.668874 0.907426 0.641405 0.494334 0.857779 0.464115 0.850196 0.495122 0.855615 0.910499 0.641381 0.910372 0.66885 0.907426 0.641405 0.464115 0.852497 0.464115 0.850196 0.494334 0.857779 0.433897 0.857856 0.464115 0.850196 0.464115 0.852497 0.35654 0.74859 0.353472 0.748601 0.352258 0.723307 0.520565 0.872779 0.495122 0.855615 0.522389 0.871299 0.355326 0.723296 0.35654 0.74859 0.352258 0.723307 0.494334 0.857779 0.495122 0.855615 0.520565 0.872779 0.356567 0.749376 0.353498 0.749387 0.353472 0.748601 0.520565 0.872779 0.522389 0.871299 0.523058 0.871864 0.35654 0.74859 0.356567 0.749376 0.353472 0.748601 0.357187 0.778776 0.354118 0.778787 0.353498 0.749387 0.540632 0.89651 0.523058 0.871864 0.542628 0.895357 0.356567 0.749376 0.357187 0.778776 0.353498 0.749387 0.520908 0.873064 0.523058 0.871864 0.540632 0.89651 0.520565 0.872779 0.523058 0.871864 0.520908 0.873064 0.357268 0.796156 0.3542 0.796167 0.354118 0.778787 0.547669 0.911929 0.542628 0.895357 0.549835 0.911139 0.357187 0.778776 0.357268 0.796156 0.354118 0.778787 0.540632 0.89651 0.542628 0.895357 0.547669 0.911929 0.357187 0.810212 0.354118 0.810223 0.3542 0.796167 0.551127 0.925288 0.549835 0.911139 0.553397 0.924885 0.357268 0.796156 0.357187 0.810212 0.3542 0.796167 0.547669 0.911929 0.549835 0.911139 0.551127 0.925288 0.35654 0.839107 0.353472 0.839118 0.354118 0.810223 0.551127 0.925288 0.553397 0.924885 0.553397 0.956324 0.357187 0.810212 0.35654 0.839107 0.354118 0.810223 0.356454 0.841425 0.353386 0.841436 0.353472 0.839118 0.551127 0.955927 0.553397 0.956324 0.552867 0.959076 0.35654 0.839107 0.356454 0.841425 0.353472 0.839118 0.551127 0.925288 0.553397 0.956324 0.551127 0.955927 0.355326 0.861975 0.352258 0.861986 0.353386 0.841436 0.550302 0.960026 0.552867 0.959076 0.525403 0.555242 0.356454 0.841425 0.355326 0.861975 0.353386 0.841436 0.551127 0.955927 0.552867 0.959076 0.550302 0.960026 0.92553 0.818335 0.92246 0.818286 0.922185 0.790565 0.523407 0.554094 0.525403 0.555242 0.505164 0.579351 0.925255 0.790613 0.92553 0.818335 0.922185 0.790565 0.550302 0.960026 0.525403 0.555242 0.523407 0.554094 0.925255 0.849492 0.922185 0.849443 0.92246 0.818286 0.503683 0.57759 0.505164 0.579351 0.477897 0.595105 0.92553 0.818335 0.925255 0.849492 0.92246 0.818286 0.523407 0.554094 0.505164 0.579351 0.503683 0.57759 0.888014 0.912836 0.884624 0.889531 0.887694 0.889465 0.884944 0.912901 0.884624 0.889531 0.888014 0.912836 0.503683 0.57759 0.477897 0.595105 0.477109 0.592943 0.454791 0.600249 0.477109 0.592943 0.477897 0.595105 0.595211 0.592413 0.594423 0.594567 0.567167 0.578801 0.617721 0.597458 0.61752 0.599744 0.594423 0.594567 0.595211 0.592413 0.617721 0.597458 0.594423 0.594567 0.557761 0.566167 0.567167 0.578801 0.546936 0.554717 0.57476 0.58174 0.595211 0.592413 0.567167 0.578801 0.557761 0.566167 0.57476 0.58174 0.567167 0.578801 0.562599 0.977393 0.546936 0.554717 0.553927 0.958602 0.557761 0.566167 0.546936 0.554717 0.562599 0.977393 0.555666 0.955465 0.553927 0.958602 0.553397 0.955856 0.555666 0.955465 0.55649 0.959555 0.553927 0.958602 0.562599 0.977393 0.553927 0.958602 0.55649 0.959555 0.555666 0.924909 0.553397 0.955856 0.553397 0.924503 0.555666 0.955465 0.553397 0.955856 0.555666 0.924909 0.559122 0.911593 0.553397 0.924503 0.556957 0.910801 0.555666 0.924909 0.553397 0.924503 0.559122 0.911593 0.566157 0.89623 0.556957 0.910801 0.564161 0.895076 0.566157 0.89623 0.559122 0.911593 0.556957 0.910801 0.566157 0.89623 0.564161 0.895076 0.583724 0.871687 0.586216 0.872604 0.583724 0.871687 0.584392 0.871125 0.585873 0.872888 0.583724 0.871687 0.586216 0.872604 0.566157 0.89623 0.583724 0.871687 0.585873 0.872888 0.586216 0.872604 0.584392 0.871125 0.611649 0.855538 0.627307 0.853777 0.611649 0.855538 0.642645 0.850196 0.605319 0.860611 0.586216 0.872604 0.611649 0.855538 0.627307 0.853777 0.605319 0.860611 0.611649 0.855538 0.650342 0.852851 0.642645 0.850196 0.67364 0.855742 0.650342 0.852851 0.627307 0.853777 0.642645 0.850196 0.694625 0.866694 0.672852 0.857897 0.67364 0.855742 0.650342 0.852851 0.67364 0.855742 0.672852 0.857897 0.878125 0.929824 0.881198 0.929853 0.881051 0.953282 0.694625 0.866694 0.693303 0.868569 0.672852 0.857897 0.918784 0.655599 0.921854 0.655655 0.921549 0.678603 0.132479 0.923436 0.1355839 0.930654 0.135896 0.95343 0.132827 0.953495 0.132479 0.923436 0.135896 0.95343 0.694625 0.866694 0.710302 0.884142 0.693303 0.868569 0.918479 0.678548 0.921549 0.678603 0.921549 0.700165 0.918479 0.678548 0.918784 0.655599 0.921549 0.678603 0.712067 0.882673 0.722689 0.903554 0.710302 0.884142 0.918479 0.700109 0.921549 0.700165 0.921854 0.718871 0.694625 0.866694 0.712067 0.882673 0.710302 0.884142 0.918479 0.678548 0.921549 0.700165 0.918479 0.700109 0.724778 0.902591 0.729544 0.925043 0.722689 0.903554 0.181051 0.778291 0.1841199 0.77828 0.183291 0.795336 0.712067 0.882673 0.724778 0.902591 0.722689 0.903554 0.918479 0.700109 0.921854 0.718871 0.918784 0.718816 0.731892 0.92509 0.732039 0.925951 0.729544 0.925043 0.729622 0.925481 0.729544 0.925043 0.732039 0.925951 0.724778 0.902591 0.731892 0.92509 0.729544 0.925043 0.180222 0.795347 0.183291 0.795336 0.183277 0.795708 0.181051 0.778291 0.183291 0.795336 0.180222 0.795347 0.899078 0.738378 0.896012 0.738379 0.896043 0.737619 0.729622 0.956037 0.729622 0.925481 0.732039 0.925951 0.731892 0.956443 0.729622 0.956037 0.732039 0.925951 0.898331 0.76717 0.895265 0.767171 0.896012 0.738379 0.898331 0.76717 0.896012 0.738379 0.899078 0.738378 0.899109 0.737618 0.896043 0.737619 0.897084 0.718895 0.899078 0.738378 0.896043 0.737619 0.899109 0.737618 0.877978 0.889465 0.881051 0.889494 0.881198 0.908096 0.899109 0.737618 0.897084 0.718895 0.90015 0.718894 0.878125 0.908067 0.881198 0.908096 0.881198 0.929853 0.877978 0.889465 0.881198 0.908096 0.878125 0.908067 0.878125 0.908067 0.881198 0.929853 0.878125 0.929824 0.903741 0.692306 0.900676 0.692307 0.899677 0.674337 0.903758 0.692693 0.900692 0.692694 0.900676 0.692307 0.903741 0.692306 0.903758 0.692693 0.900676 0.692307 0.1326889 0.897296 0.135896 0.891693 0.1355839 0.909597 0.902333 0.669105 0.903741 0.692306 0.899677 0.674337 0.132479 0.923436 0.1355839 0.909597 0.1355839 0.930654 0.132479 0.923436 0.1326889 0.897296 0.1355839 0.909597 0.904516 0.721575 0.90145 0.721575 0.900692 0.692694 0.903758 0.692693 0.904516 0.721575 0.900692 0.692694 0.904612 0.73851 0.901546 0.73851 0.90145 0.721575 0.904516 0.752267 0.90145 0.752268 0.901546 0.73851 0.904612 0.73851 0.904516 0.752267 0.901546 0.73851 0.904516 0.721575 0.904612 0.73851 0.90145 0.721575 0.903758 0.781067 0.900692 0.781068 0.90145 0.752268 0.904516 0.752267 0.903758 0.781067 0.90145 0.752268 0.9036 0.784634 0.900534 0.784635 0.900692 0.781068 0.902333 0.804502 0.899677 0.799316 0.900534 0.784635 0.9036 0.784634 0.902333 0.804502 0.900534 0.784635 0.903758 0.781067 0.9036 0.784634 0.900692 0.781068 0.933231 0.712145 0.936225 0.699665 0.936367 0.717794 0.640755 0.596532 0.641156 0.598794 0.61752 0.599744 0.884944 0.912901 0.888014 0.912836 0.888014 0.934442 0.617721 0.597458 0.640755 0.596532 0.61752 0.599744 0.662744 0.589698 0.663718 0.591781 0.641156 0.598794 0.884944 0.934508 0.888014 0.934442 0.887694 0.952812 0.640755 0.596532 0.662744 0.589698 0.641156 0.598794 0.884944 0.912901 0.888014 0.934442 0.884944 0.934508 0.678921 0.580014 0.681494 0.58094 0.663718 0.591781 0.90015 0.847133 0.897084 0.847134 0.896147 0.830713 0.662744 0.589698 0.678921 0.580014 0.663718 0.591781 0.884944 0.934508 0.887694 0.952812 0.884624 0.952878 0.682189 0.577421 0.681494 0.58094 0.678921 0.580014 0.682189 0.577421 0.701906 0.554079 0.681494 0.58094 0.68367 0.579185 0.681494 0.58094 0.701906 0.554079 0.899213 0.830712 0.896147 0.830713 0.896043 0.828298 0.90015 0.847133 0.896147 0.830713 0.899213 0.830712 0.18034 0.887634 0.183408 0.887623 0.1841199 0.903034 0.180209 0.883934 0.183277 0.883923 0.183408 0.887623 0.180209 0.883934 0.183408 0.887623 0.18034 0.887634 0.921995 0.655626 0.925068 0.655599 0.924927 0.674077 0.18034 0.887634 0.1841199 0.903034 0.181051 0.903045 0.921854 0.674104 0.924927 0.674077 0.924927 0.6955 0.921995 0.655626 0.924927 0.674077 0.921854 0.674104 0.921854 0.695527 0.924927 0.6955 0.925068 0.718408 0.921854 0.674104 0.924927 0.6955 0.921854 0.695527 0.933294 0.655599 0.936367 0.655628 0.936225 0.678462 0.921854 0.695527 0.925068 0.718408 0.921995 0.718435 0.933136 0.685756 0.936225 0.678462 0.936225 0.699665 0.933136 0.685756 0.933294 0.655599 0.936225 0.678462 0.933231 0.712145 0.933136 0.685756 0.936225 0.699665 0.180209 0.795719 0.183277 0.795708 0.182647 0.823868 0.180209 0.795719 0.180222 0.795347 0.183277 0.795708 0.731892 0.956443 0.725083 0.972313 0.729622 0.956037 0.179579 0.823879 0.182647 0.823868 0.182568 0.840688 0.180209 0.795719 0.182647 0.823868 0.179579 0.823879 0.731892 0.956443 0.727249 0.973105 0.725083 0.972313 0.701906 0.554079 0.725083 0.972313 0.727249 0.973105 0.179499 0.840699 0.182568 0.840688 0.182647 0.854505 0.179579 0.823879 0.182568 0.840688 0.179499 0.840699 0.898233 0.784495 0.895167 0.784495 0.895265 0.767171 0.703901 0.555233 0.701906 0.554079 0.727249 0.973105 0.898331 0.798662 0.895265 0.798663 0.895167 0.784495 0.898331 0.798662 0.895167 0.784495 0.898233 0.784495 0.898233 0.784495 0.895265 0.767171 0.898331 0.76717 0.179579 0.854516 0.182647 0.854505 0.183277 0.883923 0.703901 0.555233 0.68367 0.579185 0.701906 0.554079 0.179579 0.854516 0.179499 0.840699 0.182647 0.854505 0.179579 0.854516 0.183277 0.883923 0.180209 0.883934 0.899109 0.828298 0.896043 0.828298 0.895265 0.798663 0.899109 0.828298 0.899213 0.830712 0.896043 0.828298 0.899109 0.828298 0.895265 0.798663 0.898331 0.798662 0.454791 0.600249 0.454591 0.597957 0.477109 0.592943 0.396433 0.884098 0.394667 0.882621 0.412116 0.866633 0.413438 0.868517 0.396433 0.884098 0.412116 0.866633 0.38404 0.903537 0.381951 0.902567 0.394667 0.882621 0.396433 0.884098 0.38404 0.903537 0.394667 0.882621 0.377183 0.925071 0.374835 0.925113 0.381951 0.902567 0.38404 0.903537 0.377183 0.925071 0.381951 0.902567 0.377183 0.925071 0.374687 0.925976 0.374835 0.925113 0.377105 0.92551 0.374687 0.925976 0.377183 0.925071 0.377105 0.956149 0.374835 0.956551 0.374687 0.925976 0.377105 0.92551 0.377105 0.956149 0.374687 0.925976 0.454791 0.600249 0.431548 0.596981 0.454591 0.597957 0.431147 0.599248 0.409551 0.590084 0.431548 0.596981 0.454791 0.600249 0.431147 0.599248 0.431548 0.596981 0.408577 0.592171 0.393368 0.580341 0.409551 0.590084 0.431147 0.599248 0.408577 0.592171 0.409551 0.590084 0.408577 0.592171 0.390794 0.581265 0.393368 0.580341 0.390098 0.577735 0.393368 0.580341 0.390794 0.581265 0.390098 0.577735 0.390794 0.581265 0.388617 0.5795 0.377105 0.956149 0.379479 0.973268 0.374835 0.956551 0.377105 0.956149 0.381646 0.972478 0.379479 0.973268 0.368378 0.555443 0.379479 0.973268 0.381646 0.972478 0.370374 0.55429 0.368378 0.555443 0.381646 0.972478 0.370374 0.55429 0.388617 0.5795 0.368378 0.555443 0.370374 0.55429 0.390098 0.577735 0.388617 0.5795 0.926502 0.375398 0.935866 0.375265 0.935866 0.324827 0.310577 0.09598398 0.310157 0.09713298 0.265405 0.09308499 0.926502 0.32496 0.926502 0.375398 0.935866 0.324827 0.349195 0.357319 0.340463 0.406855 0.349825 0.407096 0.330954 0.106618 0.346955 0.122922 0.310157 0.09713298 0.303195 0.55369 0.323572 0.564323 0.302775 0.554839 0.918677 0.293272 0.909327 0.293128 0.907532 0.261188 0.265195 0.09187799 0.265405 0.09308499 0.224691 0.111863 0.916882 0.261332 0.918677 0.293272 0.907532 0.261188 0.28815 0.09095597 0.310577 0.09598398 0.265405 0.09308499 0.265195 0.09187799 0.28815 0.09095597 0.265405 0.09308499 0.911331 0.752421 0.901981 0.752277 0.901945 0.750833 0.223902 0.110922 0.224691 0.111863 0.223435 0.112929 0.918677 0.293272 0.918713 0.294715 0.909327 0.293128 0.243281 0.098688 0.265195 0.09187799 0.224691 0.111863 0.223902 0.110922 0.243281 0.098688 0.224691 0.111863 0.918835 0.336743 0.909485 0.336599 0.909363 0.294571 0.2221069 0.112458 0.223435 0.112929 0.198924 0.148436 0.918713 0.294715 0.918835 0.336743 0.909363 0.294571 0.2221069 0.112458 0.223902 0.110922 0.223435 0.112929 0.918762 0.340939 0.909412 0.340795 0.909485 0.336599 0.196429 0.15197 0.198924 0.148436 0.197585 0.152393 0.918835 0.336743 0.918762 0.340939 0.909485 0.336599 0.204253 0.134184 0.2221069 0.112458 0.198924 0.148436 0.196429 0.15197 0.204253 0.134184 0.198924 0.148436 0.917314 0.380098 0.907964 0.379954 0.909412 0.340795 0.193798 0.1627629 0.197585 0.152393 0.195008 0.193004 0.918762 0.340939 0.917314 0.380098 0.909412 0.340795 0.193798 0.1627629 0.196429 0.15197 0.197585 0.152393 0.9095 0.84474 0.90015 0.844596 0.900582 0.837659 0.195417 0.200525 0.195008 0.193004 0.19683 0.201044 0.917314 0.380098 0.916882 0.387034 0.907964 0.379954 0.193798 0.193213 0.193798 0.1627629 0.195008 0.193004 0.195417 0.200525 0.193798 0.193213 0.195008 0.193004 0.83847 0.381521 0.847843 0.38163 0.84808 0.408635 0.200708 0.215066 0.19683 0.201044 0.213993 0.233624 0.838708 0.408526 0.83847 0.381521 0.84808 0.408635 0.200708 0.215066 0.195417 0.200525 0.19683 0.201044 0.838708 0.33825 0.84808 0.338359 0.847843 0.38163 0.229995 0.249929 0.213993 0.233624 0.250791 0.259414 0.83847 0.381521 0.838708 0.33825 0.847843 0.38163 0.213054 0.23441 0.200708 0.215066 0.213993 0.233624 0.229995 0.249929 0.213054 0.23441 0.213993 0.233624 0.949799 0.02772498 0.917573 0.07856398 0.950034 0.07128399 0.917339 0.03500396 0.917573 0.07856398 0.949799 0.02772498 0.250371 0.260563 0.229995 0.249929 0.250791 0.259414 0.288161 0.721167 0.242989 0.718268 0.243409 0.717119 0.489429 0.26101 0.489009 0.259857 0.525821 0.234072 0.466993 0.266006 0.44424 0.263825 0.489009 0.259857 0.489429 0.26101 0.466993 0.266006 0.489009 0.259857 0.526761 0.234862 0.525821 0.234072 0.54299 0.201438 0.509813 0.250389 0.489429 0.26101 0.525821 0.234072 0.526761 0.234862 0.509813 0.250389 0.525821 0.234072 0.544404 0.2009209 0.54299 0.201438 0.544813 0.193379 0.539111 0.21549 0.526761 0.234862 0.54299 0.201438 0.544404 0.2009209 0.539111 0.21549 0.54299 0.201438 0.546023 0.193592 0.544813 0.193379 0.542235 0.152653 0.546023 0.193592 0.544404 0.2009209 0.544813 0.193379 0.543392 0.152231 0.542235 0.152653 0.540896 0.148683 0.546023 0.1630589 0.542235 0.152653 0.543392 0.152231 0.546023 0.1630589 0.546023 0.193592 0.542235 0.152653 0.535564 0.1343809 0.540896 0.148683 0.516375 0.11303 0.535564 0.1343809 0.543392 0.152231 0.540896 0.148683 0.515908 0.111017 0.516375 0.11303 0.515119 0.111959 0.515908 0.111017 0.517704 0.112561 0.516375 0.11303 0.535564 0.1343809 0.516375 0.11303 0.517704 0.112561 0.496522 0.09871 0.515119 0.111959 0.474389 0.09304696 0.496522 0.09871 0.515908 0.111017 0.515119 0.111959 0.451636 0.09086698 0.474389 0.09304696 0.429621 0.09701597 0.4746 0.091838 0.496522 0.09871 0.474389 0.09304696 0.451636 0.09086698 0.4746 0.091838 0.474389 0.09304696 0.4292 0.09586298 0.451636 0.09086698 0.429621 0.09701597 0.392809 0.122801 0.4292 0.09586298 0.429621 0.09701597 0.349195 0.357319 0.339833 0.357078 0.340463 0.406855 0.724094 0.184004 0.723468 0.18633 0.723778 0.183982 0.154062 0.195398 0.153737 0.195429 0.153546 0.168243 0.154062 0.195398 0.153546 0.168243 0.15383 0.165974 0.724094 0.184004 0.723778 0.183982 0.723468 0.161022 0.774061 0.176353 0.77307 0.183996 0.77307 0.161022 0.934709 0.146358 0.93403 0.12343 0.934709 0.115758 0.766374 0.168658 0.765381 0.184006 0.765381 0.161022 0.933988 0.364972 0.932983 0.349662 0.933988 0.334319 0.93419 0.2248049 0.93344 0.217146 0.93419 0.194174 0.392809 0.122801 0.408816 0.106484 0.4292 0.09586298 0.769424 0.161022 0.769644 0.161053 0.769424 0.184037 0.359563 0.354544 0.359563 0.385216 0.359344 0.354582 0.392809 0.122801 0.391869 0.122011 0.408816 0.106484 0.764388 0.168658 0.765381 0.161022 0.765381 0.184006 0.932774 0.224862 0.932774 0.194174 0.933441 0.217195 0.929799 0.320078 0.930019 0.297331 0.930019 0.320081 0.373817 0.163493 0.379518 0.141383 0.391869 0.122011 0.771078 0.176354 0.772069 0.161022 0.772069 0.183996 0.385426 0.580506 0.366434 0.621199 0.384486 0.579716 0.942483 0.327629 0.943488 0.342973 0.942483 0.358283 0.373817 0.163493 0.372606 0.16328 0.379518 0.141383 0.938509 0.317631 0.939269 0.325296 0.938509 0.348202 0.366163 0.622827 0.364844 0.623324 0.365224 0.620986 0.505935 0.394029 0.506251 0.393995 0.50664 0.396332 0.366434 0.621199 0.366163 0.622827 0.365224 0.620986 0.50664 0.36338 0.506251 0.393995 0.505935 0.394029 0.377734 0.20819 0.372226 0.165618 0.373545 0.165122 0.372606 0.193814 0.372226 0.165618 0.377734 0.20819 0.146842 0.1744509 0.1471199 0.176665 0.146888 0.203308 0.947517 0.08190697 0.938159 0.081914 0.938212 0.08052599 0.94675 0.12316 0.937392 0.123167 0.938159 0.081914 0.94675 0.12316 0.938159 0.081914 0.947517 0.08190697 0.342443 0.380186 0.333081 0.379945 0.332451 0.347235 0.947517 0.08190697 0.938212 0.08052599 0.94757 0.08051896 0.342443 0.380186 0.332451 0.347235 0.341812 0.347476 0.378108 0.212512 0.372606 0.193814 0.377734 0.20819 0.379265 0.212091 0.378108 0.212512 0.377734 0.20819 0.912293 0.144581 0.944768 0.137206 0.944774 0.13301 0.912293 0.144581 0.944774 0.13301 0.912299 0.140385 0.146559 0.20326 0.146888 0.203308 0.1471199 0.222793 0.146842 0.1744509 0.146888 0.203308 0.146559 0.20326 0.383065 0.222492 0.378108 0.212512 0.379265 0.212091 0.141928 0.17818 0.142404 0.1670359 0.142258 0.178135 0.931348 0.267892 0.932283 0.287367 0.931348 0.298429 0.383065 0.222492 0.379265 0.212091 0.403511 0.2449139 0.947322 0.167199 0.937964 0.167206 0.937386 0.127363 0.912871 0.1844249 0.944768 0.137206 0.912293 0.144581 0.402721 0.245856 0.383065 0.222492 0.403511 0.2449139 0.401296 0.708127 0.395339 0.703562 0.396128 0.702619 0.402711 0.707613 0.401296 0.708127 0.396128 0.702619 0.91558 0.2507 0.906221 0.250707 0.905974 0.24349 0.915332 0.243483 0.91558 0.2507 0.905974 0.24349 0.142075 0.207072 0.142258 0.178135 0.142404 0.206927 0.141928 0.17818 0.142258 0.178135 0.142075 0.207072 0.828367 0.355391 0.828663 0.355434 0.828367 0.362933 0.422108 0.258162 0.408678 0.250421 0.410093 0.249907 0.921505 0.218264 0.922209 0.225767 0.922224 0.241239 0.422108 0.258162 0.410093 0.249907 0.44424 0.263825 0.917339 0.03500396 0.949799 0.02772498 0.947573 0.02963197 0.917339 0.03500396 0.947573 0.02963197 0.915112 0.03691196 0.444029 0.265035 0.422108 0.258162 0.44424 0.263825 0.466993 0.266006 0.444029 0.265035 0.44424 0.263825 0.775226 0.168641 0.776186 0.161022 0.776186 0.183996 0.921505 0.218264 0.922224 0.241239 0.921505 0.248865 0.767332 0.176355 0.768289 0.161022 0.768289 0.184006 0.496827 0.32487 0.497885 0.34021 0.496827 0.355523 0.933366 0.063748 0.934161 0.071419 0.933366 0.09438896 0.771078 0.184036 0.770869 0.184006 0.771078 0.161022 0.604843 0.359428 0.604843 0.328751 0.605052 0.359392 0.767332 0.176356 0.766374 0.184006 0.766374 0.161022 0.35949 0.423288 0.358763 0.400278 0.35949 0.392601 0.820285 0.179452 0.820507 0.15658 0.820507 0.179459 0.775021 0.168641 0.774061 0.183996 0.774061 0.161022 0.93403 0.146412 0.932972 0.131098 0.93403 0.115758 0.944897 0.28123 0.944109 0.273612 0.94398 0.258139 0.944897 0.28123 0.94398 0.258139 0.944897 0.250707 0.154062 0.195398 0.153546 0.214958 0.153737 0.195429 0.318871 0.213505 0.318545 0.21344 0.318421 0.202439 0.935125 0.224712 0.93419 0.21365 0.935125 0.194174 0.318747 0.241671 0.318421 0.24151 0.318545 0.21344 0.949792 0.103046 0.949502 0.07245898 0.949792 0.072389 0.318747 0.241671 0.318545 0.21344 0.318871 0.213505 0.91473 0.402281 0.923479 0.40242 0.923211 0.339276 0.371785 0.404898 0.371572 0.404898 0.371727 0.374532 0.914462 0.339137 0.91473 0.402281 0.923211 0.339276 0.926595 0.03744298 0.915112 0.03707695 0.923861 0.03691196 0.929077 0.34022 0.929077 0.370911 0.928397 0.34789 0.289548 0.321127 0.289548 0.343815 0.289335 0.32113 0.914462 0.375265 0.923211 0.375403 0.923479 0.40242 0.307086 0.339029 0.306069 0.354376 0.306069 0.323699 0.91473 0.402281 0.914462 0.375265 0.923479 0.40242 0.770869 0.183996 0.769867 0.176366 0.770869 0.161022 0.940374 0.340861 0.940374 0.403735 0.941134 0.411398 0.351423 0.387661 0.351423 0.356992 0.351645 0.387623 0.718283 0.381963 0.727028 0.381932 0.725845 0.404219 0.933886 0.17551 0.9332 0.1831859 0.9332 0.152529 0.7171 0.40425 0.718283 0.381963 0.725845 0.404219 0.779494 0.18397 0.778496 0.16866 0.779494 0.161022 0.718913 0.353803 0.727658 0.353771 0.727028 0.381932 0.894154 0.144912 0.894476 0.1754429 0.89384 0.144893 0.718283 0.381963 0.718913 0.353803 0.727028 0.381932 0.894788 0.175356 0.894476 0.1754429 0.894154 0.144912 0.896559 0.182633 0.894476 0.1754429 0.894788 0.175356 0.933886 0.17551 0.9332 0.152529 0.933872 0.16001 0.718913 0.323166 0.727658 0.323135 0.727658 0.353771 0.943901 0.124213 0.942966 0.135359 0.942966 0.104728 0.718913 0.353803 0.718913 0.323166 0.727658 0.353771 0.894154 0.144912 0.89384 0.144893 0.896559 0.1340669 0.718283 0.293748 0.727028 0.293717 0.727658 0.323135 0.890561 0.164363 0.890261 0.164411 0.89384 0.1340669 0.718913 0.323166 0.718283 0.293748 0.727658 0.323135 0.89384 0.183516 0.890261 0.164411 0.890561 0.164363 0.7171 0.269097 0.725845 0.269066 0.727028 0.293717 0.872794 0.318559 0.87251 0.318632 0.873185 0.288039 0.718283 0.293748 0.7171 0.269097 0.727028 0.293717 0.873185 0.320889 0.87251 0.318632 0.872794 0.318559 0.803015 0.186046 0.803015 0.15658 0.803304 0.158861 0.915042 0.146115 0.9238 0.1460469 0.923676 0.172818 0.929043 0.285924 0.927993 0.301273 0.927993 0.270596 0.914918 0.172885 0.915042 0.146115 0.923676 0.172818 0.78239 0.183969 0.781441 0.176369 0.78239 0.161022 0.934099 0.03796994 0.931639 0.03691196 0.932423 0.04455095 0.914918 0.1158249 0.923676 0.115758 0.9238 0.1460469 0.926628 0.184059 0.92591 0.191736 0.92591 0.161046 0.915042 0.146115 0.914918 0.1158249 0.9238 0.1460469 0.778075 0.183995 0.77713 0.168676 0.778075 0.161022 0.922889 0.336615 0.931522 0.366845 0.922764 0.366772 0.820722 0.156583 0.820507 0.17941 0.820507 0.15658 0.922889 0.336615 0.931647 0.336687 0.931522 0.366845 0.796505 0.18674 0.796289 0.186736 0.796505 0.15658 0.924471 0.05988699 0.92469 0.05988496 0.92469 0.09017497 0.917846 0.03760898 0.915112 0.03707695 0.926595 0.03744298 0.7994 0.15658 0.799622 0.1565819 0.7994 0.186643 0.360241 0.141481 0.36594 0.163543 0.346955 0.122922 0.347895 0.1221359 0.360241 0.141481 0.346955 0.122922 0.323572 0.564323 0.340512 0.579842 0.339573 0.580628 0.359768 0.621039 0.358829 0.622873 0.358558 0.621249 0.360241 0.141481 0.36715 0.1633329 0.36594 0.163543 0.36715 0.1633329 0.36753 0.165665 0.366212 0.165168 0.36715 0.1937839 0.366212 0.165168 0.36753 0.165665 0.36715 0.1937839 0.362024 0.208111 0.366212 0.165168 0.725133 0.184001 0.724538 0.186281 0.724847 0.183938 0.88646 0.306094 0.88616 0.306048 0.883029 0.278102 0.803617 0.1853899 0.803304 0.1588079 0.803617 0.15658 0.725133 0.184001 0.724847 0.183938 0.724538 0.161022 0.781441 0.17637 0.780492 0.18397 0.780492 0.161022 0.943398 0.242245 0.942686 0.219234 0.943398 0.211588 0.77713 0.168675 0.776186 0.183996 0.776186 0.161022 0.927993 0.301274 0.926943 0.285924 0.927993 0.270596 0.933809 0.384249 0.93302 0.376579 0.933809 0.353607 0.775021 0.161022 0.775226 0.16105 0.775021 0.184034 0.372101 0.343224 0.372101 0.3739 0.371897 0.34326 0.295543 0.263462 0.272799 0.26559 0.250371 0.260563 0.769867 0.184036 0.769644 0.184005 0.769867 0.161022 0.295543 0.263462 0.295754 0.264668 0.272799 0.26559 0.77307 0.176365 0.772069 0.183995 0.772069 0.161022 0.329677 0.24965 0.317667 0.257858 0.295754 0.264668 0.780492 0.16866 0.779494 0.183969 0.779494 0.161022 0.295543 0.263462 0.329677 0.24965 0.295754 0.264668 0.943266 0.403774 0.942249 0.388427 0.943266 0.373097 0.329677 0.24965 0.331091 0.250165 0.317667 0.257858 0.94398 0.281324 0.943214 0.273656 0.943069 0.258156 0.336257 0.244683 0.331091 0.250165 0.329677 0.24965 0.337046 0.245625 0.331091 0.250165 0.336257 0.244683 0.94398 0.281324 0.943069 0.258156 0.94398 0.250707 0.36165 0.212421 0.360494 0.211998 0.362024 0.208111 0.36715 0.1937839 0.36165 0.212421 0.362024 0.208111 0.356695 0.2223629 0.360494 0.211998 0.36165 0.212421 0.337046 0.245625 0.336257 0.244683 0.360494 0.211998 0.356695 0.2223629 0.337046 0.245625 0.360494 0.211998 0.88646 0.306094 0.883029 0.325225 0.88616 0.306048 0.914061 0.363997 0.913753 0.364056 0.951815 0.346225 0.931348 0.298523 0.930413 0.287377 0.931348 0.267892 0.917334 0.394376 0.917014 0.394331 0.913753 0.364056 0.919825 0.118944 0.946543 0.251605 0.946863 0.251651 0.917334 0.394376 0.913753 0.364056 0.914061 0.363997 0.922764 0.403735 0.931522 0.403808 0.931647 0.336687 0.922889 0.336615 0.922764 0.403735 0.931647 0.336687 0.715675 0.292501 0.706937 0.292503 0.708362 0.269068 0.7171 0.269066 0.715675 0.292501 0.708362 0.269068 0.714917 0.321301 0.706179 0.321303 0.706937 0.292503 0.715675 0.292501 0.714917 0.321301 0.706937 0.292503 0.714917 0.351993 0.706179 0.351995 0.706179 0.321303 0.714917 0.321301 0.714917 0.351993 0.706179 0.321303 0.715675 0.380874 0.706937 0.380877 0.706179 0.351995 0.714917 0.351993 0.715675 0.380874 0.706179 0.351995 0.7171 0.404462 0.708362 0.404464 0.706937 0.380877 0.715675 0.380874 0.7171 0.404462 0.706937 0.380877 0.917846 0.03760898 0.926595 0.03744298 0.926322 0.063582 0.917573 0.063748 0.917846 0.03760898 0.926322 0.063582 0.91073 0.578443 0.91073 0.56084 0.912566 0.578483 0.175264 0.632201 0.1647959 0.64584 0.175257 0.632196</float_array>
          <technique_common>
            <accessor source="#_-mesh-map-0-array" count="10326" stride="2">
              <param name="S" type="float"/>
              <param name="T" type="float"/>
            </accessor>
          </technique_common>
        </source>
        <vertices id="_-mesh-vertices">
          <input semantic="POSITION" source="#_-mesh-positions"/>
        </vertices>
        <triangles material="default_003-material" count="3442">
          <input semantic="VERTEX" source="#_-mesh-vertices" offset="0"/>
          <input semantic="NORMAL" source="#_-mesh-normals" offset="1"/>
          <input semantic="TEXCOORD" source="#_-mesh-map-0" offset="2" set="0"/>
          <p>23 0 0 3 0 1 0 0 2 165 1 3 2 2 4 4 3 5 25 0 6 23 0 7 0 0 8 43 4 9 25 4 10 0 4 11 161 5 12 44 6 13 1 7 14 163 8 15 161 9 16 1 10 17 21 0 18 5 0 19 3 0 20 211 11 21 4 12 22 6 13 23 23 14 24 21 14 25 3 14 26 213 15 27 165 16 28 4 17 29 213 18 30 4 19 31 211 20 32 19 21 33 7 21 34 5 21 35 211 22 36 6 23 37 8 24 38 21 25 39 19 25 40 5 25 41 19 0 42 9 0 43 7 0 44 209 26 45 8 27 46 10 28 47 211 29 48 8 30 49 209 31 50 17 32 51 11 32 52 9 32 53 209 33 54 10 34 55 12 35 56 19 0 57 17 0 58 9 0 59 15 0 60 13 0 61 11 0 62 209 36 63 12 37 64 14 38 65 17 39 66 15 39 67 11 39 68 132 0 69 13 0 70 15 0 71 134 0 72 13 0 73 132 0 74 207 40 75 14 41 76 135 42 77 209 43 78 14 44 79 207 45 80 506 46 81 16 47 82 18 48 83 504 49 84 133 50 85 16 51 86 506 52 87 504 53 88 16 54 89 506 55 90 18 56 91 20 57 92 508 58 93 20 59 94 22 60 95 508 61 96 506 62 97 20 63 98 508 64 99 22 65 100 24 66 101 510 67 102 24 68 103 26 69 104 510 70 105 508 71 106 24 72 107 43 0 108 27 0 109 25 0 110 512 73 111 26 74 112 28 75 113 512 76 114 510 77 115 26 78 116 43 0 117 29 0 118 27 0 119 512 79 120 28 80 121 30 81 122 39 82 123 31 82 124 29 82 125 514 83 126 30 84 127 32 85 128 41 86 129 39 86 130 29 86 131 43 87 132 41 87 133 29 87 134 514 88 135 512 89 136 30 90 137 37 0 138 33 0 139 31 0 140 516 91 141 32 92 142 34 93 143 39 94 144 37 94 145 31 94 146 516 95 147 514 96 148 32 97 149 37 98 150 35 98 151 33 98 152 45 0 153 33 0 154 35 0 155 47 99 156 33 99 157 45 99 158 516 100 159 34 101 160 48 102 161 157 103 162 36 104 163 38 105 164 157 106 165 46 107 166 36 108 167 157 109 168 38 110 169 40 111 170 159 112 171 40 113 172 42 114 173 159 115 174 157 116 175 40 117 176 161 118 177 42 119 178 44 120 179 161 121 180 159 122 181 42 123 182 55 0 183 47 0 184 45 0 185 155 124 186 56 125 187 46 126 188 157 127 189 155 128 190 46 129 191 53 130 192 49 130 193 47 130 194 518 131 195 48 132 196 50 133 197 55 134 198 53 134 199 47 134 200 518 135 201 516 136 202 48 137 203 53 138 204 51 138 205 49 138 206 59 139 207 49 139 208 51 139 209 518 140 210 50 141 211 61 142 212 153 143 213 52 144 214 54 145 215 59 0 216 51 0 217 57 0 218 151 146 219 58 147 220 52 148 221 153 149 222 151 150 223 52 151 224 153 152 225 54 153 226 56 154 227 155 155 228 153 156 229 56 157 230 68 0 231 59 0 232 57 0 233 149 158 234 69 159 235 58 160 236 151 161 237 149 162 238 58 163 239 68 0 240 62 0 241 59 0 242 480 164 243 60 165 244 63 166 245 518 167 246 61 168 247 481 169 248 66 0 249 64 0 250 62 0 251 484 170 252 63 171 253 65 172 254 68 0 255 66 0 256 62 0 257 484 173 258 480 174 259 63 175 260 70 0 261 64 0 262 66 0 263 113 176 264 64 176 265 70 176 266 113 0 267 72 0 268 64 0 269 486 177 270 65 178 271 73 179 272 486 180 273 484 181 274 65 182 275 147 183 276 67 184 277 69 185 278 147 186 279 71 187 280 67 188 281 149 189 282 147 190 283 69 191 284 145 192 285 114 193 286 71 194 287 147 195 288 145 196 289 71 197 290 111 0 291 74 0 292 72 0 293 486 198 294 73 199 295 75 200 296 113 0 297 111 0 298 72 0 299 107 201 300 76 201 301 74 201 302 488 202 303 75 203 304 77 204 305 109 21 306 107 21 307 74 21 308 111 0 309 109 0 310 74 0 311 488 205 312 486 206 313 75 207 314 105 208 315 78 208 316 76 208 317 488 209 318 77 210 319 79 211 320 107 0 321 105 0 322 76 0 323 102 0 324 80 0 325 78 0 326 490 212 327 79 213 328 81 214 329 105 0 330 102 0 331 78 0 332 490 215 333 488 216 334 79 217 335 100 0 336 82 0 337 80 0 338 492 218 339 81 219 340 83 220 341 102 0 342 100 0 343 80 0 344 492 221 345 490 222 346 81 223 347 100 0 348 84 0 349 82 0 350 492 224 351 83 225 352 85 226 353 96 227 354 86 227 355 84 227 356 494 228 357 85 229 358 87 230 359 98 231 360 96 231 361 84 231 362 100 232 363 98 232 364 84 232 365 494 233 366 492 234 367 85 235 368 92 0 369 88 0 370 86 0 371 496 236 372 87 237 373 89 238 374 94 0 375 92 0 376 86 0 377 96 239 378 94 239 379 86 239 380 496 240 381 494 241 382 87 242 383 92 0 384 90 0 385 88 0 386 117 243 387 88 243 388 90 243 389 496 244 390 89 245 391 118 246 392 229 247 393 91 248 394 93 249 395 117 250 396 90 250 397 115 250 398 225 251 399 116 252 400 91 253 401 229 254 402 225 255 403 91 256 404 173 257 405 93 258 406 95 259 407 229 260 408 93 261 409 173 262 410 171 263 411 95 264 412 97 265 413 173 266 414 95 267 415 171 268 416 169 269 417 97 270 418 99 271 419 171 272 420 97 273 421 169 274 422 167 275 423 99 276 424 101 277 425 169 278 426 99 279 427 167 280 428 167 281 429 101 282 430 104 283 431 138 284 432 103 285 433 106 286 434 167 287 435 104 288 436 140 289 437 141 290 438 106 291 439 108 292 440 141 293 441 138 294 442 106 295 443 141 296 444 108 297 445 110 298 446 143 299 447 110 300 448 112 301 449 143 302 450 141 303 451 110 304 452 143 305 453 112 306 454 114 307 455 145 308 456 143 309 457 114 310 458 119 311 459 117 311 460 115 311 461 128 0 462 119 0 463 115 0 464 225 312 465 129 313 466 116 314 467 498 315 468 118 316 469 120 317 470 498 318 471 496 319 472 118 320 473 128 0 474 121 0 475 119 0 476 498 321 477 120 322 478 122 323 479 126 0 480 124 0 481 121 0 482 501 324 483 123 325 484 125 326 485 128 327 486 126 327 487 121 327 488 500 328 489 498 329 490 122 330 491 130 331 492 124 331 493 126 331 494 136 332 495 124 332 496 130 332 497 136 0 498 132 0 499 124 0 500 504 333 501 125 334 502 133 335 503 504 336 504 501 337 505 125 338 506 223 339 507 127 340 508 129 341 509 215 342 510 131 343 511 127 344 512 223 345 513 215 346 514 127 347 515 225 348 516 223 349 517 129 350 518 215 351 519 137 352 520 131 353 521 136 0 522 134 0 523 132 0 524 205 354 525 135 355 526 137 356 527 207 357 528 135 358 529 205 359 530 215 360 531 205 361 532 137 362 533 178 363 534 139 363 535 142 363 536 176 364 537 166 364 538 139 364 539 178 365 540 176 365 541 139 365 542 181 366 543 142 366 544 144 366 545 181 367 546 178 367 547 142 367 548 183 365 549 144 365 550 146 365 551 183 368 552 181 368 553 144 368 554 185 369 555 146 369 556 148 369 557 185 370 558 183 370 559 146 370 560 187 371 561 148 371 562 150 371 563 187 372 564 185 372 565 148 372 566 187 365 567 150 365 568 152 365 569 156 373 570 152 373 571 154 373 572 189 374 573 152 374 574 156 374 575 189 375 576 187 375 577 152 375 578 193 365 579 156 365 580 158 365 581 191 376 582 189 376 583 156 376 584 193 365 585 191 365 586 156 365 587 193 365 588 158 365 589 160 365 590 195 377 591 160 377 592 162 377 593 195 365 594 193 365 595 160 365 596 195 378 597 162 378 598 164 378 599 197 365 600 195 365 601 164 365 602 212 379 603 197 379 604 164 379 605 176 380 606 168 380 607 166 380 608 174 381 609 170 381 610 168 381 611 176 382 612 174 382 613 168 382 614 174 365 615 172 365 616 170 365 617 226 383 618 172 383 619 174 383 620 226 384 621 220 384 622 172 384 623 228 365 624 172 365 625 220 365 626 248 385 627 175 386 628 177 387 629 248 388 630 227 389 631 175 390 632 250 391 633 177 392 634 179 393 635 250 394 636 248 395 637 177 396 638 235 397 639 180 398 640 182 399 641 250 400 642 179 401 643 234 402 644 279 403 645 182 404 646 184 405 647 235 406 648 182 407 649 233 408 650 279 409 651 233 410 652 182 411 653 277 412 654 184 413 655 186 414 656 279 415 657 184 416 658 277 417 659 277 418 660 186 419 661 188 420 662 275 421 663 188 422 664 190 423 665 277 424 666 188 425 667 275 426 668 275 427 669 190 428 670 192 429 671 273 430 672 192 431 673 194 432 674 275 433 675 192 434 676 273 435 677 273 436 678 194 437 679 196 438 680 271 439 681 196 440 682 199 441 683 273 442 684 196 443 685 271 444 686 212 445 687 200 445 688 197 445 689 236 446 690 198 447 691 201 448 692 271 449 693 199 450 694 237 451 695 208 365 696 202 365 697 200 365 698 242 452 699 201 453 700 203 454 701 210 455 702 208 455 703 200 455 704 212 456 705 210 456 706 200 456 707 238 457 708 236 458 709 201 459 710 242 460 711 238 461 712 201 462 713 206 365 714 204 365 715 202 365 716 216 365 717 202 365 718 204 365 719 208 463 720 206 463 721 202 463 722 244 464 723 203 465 724 217 466 725 244 467 726 242 468 727 203 469 728 218 470 729 204 470 730 214 470 731 218 471 732 216 471 733 204 471 734 222 365 735 218 365 736 214 365 737 246 472 738 217 473 739 219 474 740 246 475 741 244 476 742 217 477 743 222 365 744 220 365 745 218 365 746 246 478 747 219 479 748 221 480 749 228 481 750 220 481 751 222 481 752 246 482 753 221 483 754 227 484 755 228 485 756 222 485 757 224 485 758 248 486 759 246 487 760 227 488 761 250 489 762 234 490 763 230 491 764 264 492 765 251 493 766 231 494 767 266 495 768 264 496 769 231 497 770 278 498 771 267 499 772 232 500 773 271 501 774 237 502 775 241 503 776 252 504 777 239 505 778 243 506 779 288 507 780 240 508 781 253 509 782 288 510 783 270 511 784 240 512 785 256 513 786 243 514 787 245 515 788 256 516 789 252 517 790 243 518 791 258 519 792 245 520 793 247 521 794 258 522 795 256 523 796 245 524 797 260 525 798 247 526 799 249 527 800 260 528 801 258 529 802 247 530 803 262 531 804 249 532 805 251 533 806 262 534 807 260 535 808 249 536 809 264 537 810 262 538 811 251 539 812 313 540 813 255 541 814 257 542 815 307 543 816 289 544 817 254 545 818 312 546 819 307 547 820 254 548 821 316 549 822 257 550 823 259 551 824 313 552 825 257 553 826 310 554 827 316 555 828 310 556 829 257 557 830 320 558 831 259 559 832 261 560 833 318 561 834 316 562 835 259 563 836 320 564 837 318 565 838 259 566 839 326 567 840 261 568 841 263 569 842 322 570 843 320 571 844 261 572 845 324 573 846 322 574 847 261 575 848 326 576 849 324 577 850 261 578 851 330 579 852 263 580 853 265 581 854 328 582 855 326 583 856 263 584 857 330 585 858 328 586 859 263 587 860 330 588 861 265 589 862 269 590 863 280 591 864 267 592 865 278 593 866 314 594 867 268 595 868 281 596 869 330 597 870 269 598 871 315 599 872 286 600 873 272 601 874 270 602 875 288 603 876 286 604 877 270 605 878 284 606 879 274 607 880 272 608 881 286 609 882 284 610 883 272 611 884 282 612 885 276 613 886 274 614 887 284 615 888 282 616 889 274 617 890 280 618 891 278 619 892 276 620 893 282 621 894 280 622 895 276 623 896 293 624 897 281 625 898 283 626 899 293 627 900 290 628 901 281 629 902 314 630 903 281 631 904 290 632 905 295 633 906 283 634 907 285 635 908 295 636 909 293 637 910 283 638 911 301 639 912 285 640 913 287 641 914 297 642 915 295 643 916 285 644 917 299 645 918 297 646 919 285 647 920 301 648 921 299 649 922 285 650 923 305 651 924 287 652 925 289 653 926 303 654 927 301 655 928 287 656 929 305 657 930 303 658 931 287 659 932 307 660 933 305 661 934 289 662 935 359 0 936 292 0 937 294 0 938 330 663 939 315 664 940 291 665 941 357 666 942 331 666 943 292 666 944 359 0 945 357 0 946 292 0 947 362 0 948 294 0 949 296 0 950 362 667 951 359 667 952 294 667 953 351 0 954 296 0 955 298 0 956 362 668 957 296 668 958 351 668 959 349 0 960 298 0 961 300 0 962 351 669 963 298 669 964 349 669 965 345 670 966 300 670 967 302 670 968 347 0 969 300 0 970 345 0 971 349 671 972 300 671 973 347 671 974 343 672 975 302 672 976 304 672 977 345 673 978 302 673 979 343 673 980 339 674 981 304 674 982 306 674 983 343 0 984 304 0 985 339 0 986 339 0 987 306 0 988 308 0 989 312 675 990 309 676 991 307 677 992 341 678 993 308 678 994 311 678 995 341 0 996 339 0 997 308 0 998 332 0 999 311 0 1000 317 0 1001 341 679 1002 311 679 1003 332 679 1004 335 0 1005 317 0 1006 319 0 1007 335 680 1008 332 680 1009 317 680 1010 337 0 1011 319 0 1012 321 0 1013 337 0 1014 335 0 1015 319 0 1016 368 0 1017 321 0 1018 323 0 1019 368 0 1020 337 0 1021 321 0 1022 366 0 1023 323 0 1024 325 0 1025 368 681 1026 323 681 1027 366 681 1028 353 0 1029 325 0 1030 327 0 1031 364 0 1032 325 0 1033 353 0 1034 366 682 1035 325 682 1036 364 682 1037 355 0 1038 327 0 1039 329 0 1040 355 683 1041 353 683 1042 327 683 1043 355 0 1044 329 0 1045 331 0 1046 357 0 1047 355 0 1048 331 0 1049 375 684 1050 334 685 1051 336 686 1052 390 687 1053 342 688 1054 333 689 1055 390 690 1056 333 691 1057 374 692 1058 479 693 1059 336 694 1060 338 695 1061 375 696 1062 336 697 1063 373 698 1064 479 699 1065 373 700 1066 336 701 1067 477 702 1068 338 703 1069 369 704 1070 479 705 1071 338 706 1072 477 707 1073 388 708 1074 340 709 1075 342 710 1076 388 711 1077 344 712 1078 340 713 1079 390 714 1080 388 715 1081 342 716 1082 386 717 1083 346 718 1084 344 719 1085 388 720 1086 386 721 1087 344 722 1088 386 723 1089 348 724 1090 346 725 1091 386 726 1092 350 727 1093 348 728 1094 384 729 1095 352 730 1096 350 731 1097 386 732 1098 384 733 1099 350 734 1100 384 735 1101 363 736 1102 352 737 1103 475 738 1104 354 739 1105 356 740 1106 475 741 1107 365 742 1108 354 743 1109 473 744 1110 356 745 1111 358 746 1112 475 747 1113 356 748 1114 473 749 1115 471 750 1116 358 751 1117 361 752 1118 473 753 1119 358 754 1120 471 755 1121 376 756 1122 360 757 1123 363 758 1124 471 759 1125 361 760 1126 377 761 1127 378 762 1128 376 763 1129 363 764 1130 382 765 1131 378 766 1132 363 767 1133 384 768 1134 382 769 1135 363 770 1136 475 771 1137 367 772 1138 365 773 1139 477 774 1140 369 775 1141 367 776 1142 477 777 1143 367 778 1144 475 779 1145 390 780 1146 374 781 1147 370 782 1148 404 783 1149 391 784 1150 371 785 1151 406 786 1152 404 787 1153 371 788 1154 478 789 1155 409 790 1156 372 791 1157 471 792 1158 377 793 1159 381 794 1160 392 795 1161 379 796 1162 383 797 1163 445 798 1164 380 799 1165 395 800 1166 470 801 1167 380 802 1168 445 803 1169 396 804 1170 383 805 1171 385 806 1172 396 807 1173 392 808 1174 383 809 1175 398 810 1176 385 811 1177 387 812 1178 398 813 1179 396 814 1180 385 815 1181 400 816 1182 387 817 1183 389 818 1184 400 819 1185 398 820 1186 387 821 1187 402 822 1188 389 823 1189 391 824 1190 402 825 1191 400 826 1192 389 827 1193 404 828 1194 402 829 1195 391 830 1196 410 831 1197 393 832 1198 397 833 1199 442 834 1200 394 835 1201 411 836 1202 444 837 1203 394 838 1204 442 839 1205 413 840 1206 397 841 1207 399 842 1208 413 843 1209 410 844 1210 397 845 1211 419 846 1212 399 847 1213 401 848 1214 415 849 1215 413 850 1216 399 851 1217 417 852 1218 415 853 1219 399 854 1220 419 855 1221 417 856 1222 399 857 1223 423 858 1224 401 859 1225 403 860 1226 421 861 1227 419 862 1228 401 863 1229 423 864 1230 421 865 1231 401 866 1232 427 867 1233 403 868 1234 405 869 1235 425 870 1236 423 871 1237 403 872 1238 427 873 1239 425 874 1240 403 875 1241 427 876 1242 405 877 1243 407 878 1244 429 879 1245 427 880 1246 407 881 1247 452 882 1248 430 883 1249 408 884 1250 478 885 1251 453 886 1252 409 887 1253 463 888 1254 412 888 1255 414 888 1256 462 889 1257 443 889 1258 412 889 1259 463 890 1260 462 890 1261 412 890 1262 463 365 1263 414 365 1264 416 365 1265 466 365 1266 416 365 1267 418 365 1268 466 891 1269 463 891 1270 416 891 1271 466 892 1272 418 892 1273 420 892 1274 424 893 1275 420 893 1276 422 893 1277 466 365 1278 420 365 1279 424 365 1280 428 894 1281 424 894 1282 426 894 1283 469 365 1284 424 365 1285 428 365 1286 469 365 1287 466 365 1288 424 365 1289 469 895 1290 428 895 1291 431 895 1292 454 896 1293 430 897 1294 452 898 1295 468 899 1296 431 899 1297 455 899 1298 469 900 1299 431 900 1300 468 900 1301 446 901 1302 434 902 1303 432 903 1304 461 904 1305 433 904 1306 435 904 1307 448 905 1308 446 906 1309 432 907 1310 460 908 1311 448 909 1312 432 910 1313 439 365 1314 435 365 1315 437 365 1316 446 911 1317 436 912 1318 434 913 1319 464 365 1320 435 365 1321 439 365 1322 464 365 1323 461 365 1324 435 365 1325 446 914 1326 438 915 1327 436 916 1328 443 917 1329 439 917 1330 441 917 1331 444 918 1332 440 919 1333 438 920 1334 462 921 1335 439 921 1336 443 921 1337 446 922 1338 444 923 1339 438 924 1340 464 925 1341 439 925 1342 462 925 1343 444 926 1344 442 927 1345 440 928 1346 470 929 1347 445 930 1348 447 931 1349 472 932 1350 447 933 1351 449 934 1352 472 935 1353 470 936 1354 447 937 1355 458 938 1356 450 939 1357 448 940 1358 474 941 1359 449 942 1360 451 943 1361 460 944 1362 458 945 1363 448 946 1364 474 947 1365 472 948 1366 449 949 1367 456 950 1368 452 951 1369 450 952 1370 476 953 1371 451 954 1372 453 955 1373 458 956 1374 456 957 1375 450 958 1376 476 959 1377 474 960 1378 451 961 1379 456 962 1380 454 963 1381 452 964 1382 478 965 1383 476 966 1384 453 967 1385 467 968 1386 455 968 1387 457 968 1388 468 969 1389 455 969 1390 467 969 1391 467 365 1392 457 365 1393 459 365 1394 464 970 1395 459 970 1396 461 970 1397 467 971 1398 459 971 1399 464 971 1400 465 365 1401 462 365 1402 463 365 1403 465 365 1404 464 365 1405 462 365 1406 466 365 1407 465 365 1408 463 365 1409 467 365 1410 464 365 1411 465 365 1412 468 365 1413 465 365 1414 466 365 1415 468 365 1416 467 365 1417 465 365 1418 469 365 1419 468 365 1420 466 365 1421 541 972 1422 483 973 1423 485 974 1424 538 975 1425 519 976 1426 482 977 1427 540 978 1428 538 979 1429 482 980 1430 544 981 1431 485 982 1432 487 983 1433 544 984 1434 541 985 1435 485 986 1436 546 987 1437 487 988 1438 489 989 1439 546 990 1440 544 991 1441 487 992 1442 548 993 1443 489 994 1444 491 995 1445 548 996 1446 546 997 1447 489 998 1448 550 999 1449 491 1000 1450 493 1001 1451 550 1002 1452 548 1003 1453 491 1004 1454 552 1005 1455 493 1006 1456 495 1007 1457 552 1008 1458 550 1009 1459 493 1010 1460 554 1011 1461 495 1012 1462 497 1013 1463 554 1014 1464 552 1015 1465 495 1016 1466 556 1017 1467 497 1018 1468 499 1019 1469 556 1020 1470 554 1021 1471 497 1022 1472 558 1023 1473 499 1024 1474 503 1025 1475 558 1026 1476 556 1027 1477 499 1028 1478 520 1029 1479 502 1030 1480 505 1031 1481 558 1032 1482 503 1033 1483 521 1034 1484 524 1035 1485 505 1036 1486 507 1037 1487 524 1038 1488 520 1039 1489 505 1040 1490 526 1041 1491 507 1042 1492 509 1043 1493 526 1044 1494 524 1045 1495 507 1046 1496 528 1047 1497 509 1048 1498 511 1049 1499 528 1050 1500 526 1051 1501 509 1052 1502 530 1053 1503 511 1054 1504 513 1055 1505 530 1056 1506 528 1057 1507 511 1058 1508 532 1059 1509 513 1060 1510 515 1061 1511 532 1062 1512 530 1063 1513 513 1064 1514 534 1065 1515 515 1066 1516 517 1067 1517 534 1068 1518 532 1069 1519 515 1070 1520 536 1071 1521 517 1072 1522 519 1073 1523 536 1074 1524 534 1075 1525 517 1076 1526 538 1077 1527 536 1078 1528 519 1079 1529 587 1080 1530 523 1081 1531 525 1082 1532 583 1083 1533 559 1084 1534 522 1085 1535 585 1086 1536 583 1087 1537 522 1088 1538 612 1089 1539 525 1090 1540 527 1091 1541 614 1092 1542 587 1093 1543 525 1094 1544 614 1095 1545 525 1096 1546 612 1097 1547 610 1098 1548 527 1099 1549 529 1100 1550 612 1101 1551 527 1102 1552 610 1103 1553 608 1104 1554 529 1105 1555 531 1106 1556 610 1107 1557 529 1108 1558 608 1109 1559 622 1110 1560 531 1111 1561 533 1112 1562 608 1113 1563 531 1114 1564 606 1115 1565 616 1116 1566 606 1117 1567 531 1118 1568 622 1119 1569 616 1120 1570 531 1121 1571 632 1122 1572 533 1123 1573 535 1124 1574 624 1125 1575 622 1126 1576 533 1127 1577 632 1128 1578 624 1129 1579 533 1130 1580 630 1131 1581 535 1132 1582 537 1133 1583 632 1134 1584 535 1135 1585 630 1136 1586 653 1137 1587 537 1138 1588 539 1139 1589 634 1140 1590 630 1141 1591 537 1142 1592 653 1143 1593 634 1144 1594 537 1145 1595 651 1146 1596 539 1147 1597 543 1148 1598 653 1149 1599 539 1150 1600 651 1151 1601 560 1152 1602 542 1153 1603 545 1154 1604 651 1155 1605 543 1156 1606 562 1157 1607 563 1158 1608 545 1159 1609 547 1160 1610 563 1161 1611 560 1162 1612 545 1163 1613 565 1164 1614 547 1165 1615 549 1166 1616 565 1167 1617 563 1168 1618 547 1169 1619 569 1170 1620 549 1171 1621 551 1172 1622 567 1173 1623 565 1174 1624 549 1175 1625 569 1176 1626 567 1177 1627 549 1178 1628 573 1179 1629 551 1180 1630 553 1181 1631 571 1182 1632 569 1183 1633 551 1184 1634 573 1185 1635 571 1186 1636 551 1187 1637 577 1188 1638 553 1189 1639 555 1190 1640 575 1191 1641 573 1192 1642 553 1193 1643 577 1194 1644 575 1195 1645 553 1196 1646 581 1197 1647 555 1198 1648 557 1199 1649 579 1200 1650 577 1201 1651 555 1202 1652 581 1203 1653 579 1204 1654 555 1205 1655 583 1206 1656 557 1207 1657 559 1208 1658 583 1209 1659 581 1210 1660 557 1211 1661 641 0 1662 561 0 1663 564 0 1664 641 0 1665 639 0 1666 561 0 1667 650 1212 1668 561 1212 1669 639 1212 1670 646 0 1671 564 0 1672 566 0 1673 644 1213 1674 641 1213 1675 564 1213 1676 646 1214 1677 644 1214 1678 564 1214 1679 648 0 1680 566 0 1681 568 0 1682 648 1215 1683 646 1215 1684 566 1215 1685 654 1216 1686 568 1216 1687 570 1216 1688 654 0 1689 648 0 1690 568 0 1691 656 0 1692 570 0 1693 572 0 1694 656 1217 1695 654 1217 1696 570 1217 1697 656 1218 1698 572 1218 1699 574 1218 1700 578 1219 1701 574 1219 1702 576 1219 1703 658 1220 1704 574 1220 1705 578 1220 1706 658 0 1707 656 0 1708 574 0 1709 588 1221 1710 578 1221 1711 580 1221 1712 658 1222 1713 578 1222 1714 588 1222 1715 588 1223 1716 580 1223 1717 582 1223 1718 592 0 1719 582 0 1720 584 0 1721 590 0 1722 588 0 1723 582 0 1724 592 0 1725 590 0 1726 582 0 1727 594 0 1728 584 0 1729 586 0 1730 594 0 1731 592 0 1732 584 0 1733 596 0 1734 594 0 1735 586 0 1736 613 0 1737 596 0 1738 586 0 1739 2707 1224 1740 589 1225 1741 591 1226 1742 2709 1227 1743 659 1228 1744 589 1229 1745 2709 1230 1746 589 1231 1747 2707 1232 1748 2705 1233 1749 591 1234 1750 593 1235 1751 2707 1236 1752 591 1237 1753 2705 1238 1754 2703 1239 1755 593 1240 1756 595 1241 1757 2705 1242 1758 593 1243 1759 2703 1244 1760 2701 1245 1761 595 1246 1762 598 1247 1763 2703 1248 1764 595 1249 1765 2701 1250 1766 613 1251 1767 599 1251 1768 596 1251 1769 660 1252 1770 597 1253 1771 600 1254 1772 2701 1255 1773 598 1256 1774 663 1257 1775 613 0 1776 601 0 1777 599 0 1778 664 1258 1779 600 1259 1780 602 1260 1781 664 1261 1782 660 1262 1783 600 1263 1784 609 1264 1785 603 1264 1786 601 1264 1787 666 1265 1788 602 1266 1789 604 1267 1790 611 0 1791 609 0 1792 601 0 1793 613 1268 1794 611 1268 1795 601 1268 1796 666 1269 1797 664 1270 1798 602 1271 1799 607 1272 1800 605 1272 1801 603 1272 1802 617 1273 1803 603 1273 1804 605 1273 1805 609 1274 1806 607 1274 1807 603 1274 1808 668 1275 1809 604 1276 1810 618 1277 1811 668 1278 1812 666 1279 1813 604 1280 1814 617 0 1815 605 0 1816 615 0 1817 621 1281 1818 617 1281 1819 615 1281 1820 621 1282 1821 619 1282 1822 617 1282 1823 670 1283 1824 618 1284 1825 620 1285 1826 670 1286 1827 668 1287 1828 618 1288 1829 631 1289 1830 619 1289 1831 621 1289 1832 631 1290 1833 625 1290 1834 619 1290 1835 672 1291 1836 620 1292 1837 626 1293 1838 672 1294 1839 670 1295 1840 620 1296 1841 631 1297 1842 621 1297 1843 623 1297 1844 629 0 1845 627 0 1846 625 0 1847 674 1298 1848 626 1299 1849 628 1300 1850 631 1301 1851 629 1301 1852 625 1301 1853 674 1302 1854 672 1303 1855 626 1304 1856 633 1305 1857 627 1305 1858 629 1305 1859 635 0 1860 627 0 1861 633 0 1862 674 1306 1863 628 1307 1864 636 1308 1865 652 1309 1866 635 1309 1867 633 1309 1868 652 1310 1869 637 1310 1870 635 1310 1871 676 1311 1872 636 1312 1873 638 1313 1874 676 1314 1875 674 1315 1876 636 1316 1877 650 0 1878 639 0 1879 637 0 1880 678 1317 1881 638 1318 1882 640 1319 1883 652 0 1884 650 0 1885 637 0 1886 678 1320 1887 676 1321 1888 638 1322 1889 678 1323 1890 640 1324 1891 642 1325 1892 683 1326 1893 643 1327 1894 645 1328 1895 680 1329 1896 678 1330 1897 642 1331 1898 2719 1332 1899 645 1333 1900 647 1334 1901 2721 1335 1902 683 1336 1903 645 1337 1904 2721 1338 1905 645 1339 1906 2719 1340 1907 2717 1341 1908 647 1342 1909 649 1343 1910 2719 1344 1911 647 1345 1912 2717 1346 1913 2715 1347 1914 649 1348 1915 655 1349 1916 2717 1350 1917 649 1351 1918 2715 1352 1919 2713 1353 1920 655 1354 1921 657 1355 1922 2715 1356 1923 655 1357 1924 2713 1358 1925 2711 1359 1926 657 1360 1927 659 1361 1928 2713 1362 1929 657 1363 1930 2711 1364 1931 2711 1365 1932 659 1366 1933 2709 1367 1934 708 1368 1935 661 1369 1936 665 1370 1937 2698 1371 1938 662 1372 1939 709 1373 1940 2700 1374 1941 662 1375 1942 2698 1376 1943 687 1377 1944 665 1378 1945 667 1379 1946 687 1380 1947 684 1381 1948 665 1382 1949 708 1383 1950 665 1384 1951 684 1385 1952 687 1386 1953 667 1387 1954 669 1388 1955 689 1389 1956 669 1390 1957 671 1391 1958 689 1392 1959 687 1393 1960 669 1394 1961 693 1395 1962 671 1396 1963 673 1397 1964 691 1398 1965 689 1399 1966 671 1400 1967 693 1401 1968 691 1402 1969 671 1403 1970 695 1404 1971 673 1405 1972 675 1406 1973 695 1407 1974 693 1408 1975 673 1409 1976 697 1410 1977 675 1411 1978 677 1412 1979 697 1413 1980 695 1414 1981 675 1415 1982 701 1416 1983 677 1417 1984 679 1418 1985 699 1419 1986 697 1420 1987 677 1421 1988 701 1422 1989 699 1423 1990 677 1424 1991 701 1425 1992 679 1426 1993 681 1427 1994 706 1428 1995 701 1429 1996 681 1430 1997 2720 1431 1998 707 1432 1999 682 1433 2000 3071 0 2001 686 0 2002 688 0 2003 2698 1434 2004 709 1435 2005 685 1436 2006 3069 0 2007 2699 0 2008 686 0 2009 3071 0 2010 3069 0 2011 686 0 2012 3075 1437 2013 688 1437 2014 690 1437 2015 3073 0 2016 3071 0 2017 688 0 2018 3075 1438 2019 3073 1438 2020 688 1438 2021 3077 1439 2022 690 1439 2023 692 1439 2024 3077 0 2025 3075 0 2026 690 0 2027 3079 0 2028 692 0 2029 694 0 2030 3079 1440 2031 3077 1440 2032 692 1440 2033 3079 1441 2034 694 1441 2035 696 1441 2036 3082 1442 2037 696 1442 2038 698 1442 2039 3082 0 2040 3079 0 2041 696 0 2042 3096 0 2043 698 0 2044 700 0 2045 3096 1443 2046 3082 1443 2047 698 1443 2048 3090 0 2049 700 0 2050 702 0 2051 3096 1444 2052 700 1444 2053 3090 1444 2054 706 1445 2055 703 1446 2056 701 1447 2057 3092 0 2058 702 0 2059 705 0 2060 3092 0 2061 3090 0 2062 702 0 2063 2720 1448 2064 704 1449 2065 707 1450 2066 2718 1451 2067 2684 1452 2068 704 1453 2069 3094 0 2070 705 0 2071 2685 0 2072 2720 1454 2073 2718 1455 2074 704 1456 2075 3094 0 2076 3092 0 2077 705 0 2078 764 1457 2079 713 1458 2080 710 1459 2081 786 1460 2082 711 1461 2083 714 1462 2084 3110 365 2085 765 365 2086 712 365 2087 786 1463 2088 784 1464 2089 711 1465 2090 788 1466 2091 711 1467 2092 784 1468 2093 3108 365 2094 712 365 2095 789 365 2096 3110 365 2097 712 365 2098 3108 365 2099 764 1469 2100 715 1470 2101 713 1471 2102 786 1472 2103 714 1473 2104 716 1474 2105 764 1475 2106 719 1476 2107 715 1477 2108 828 1478 2109 718 1479 2110 720 1480 2111 825 1481 2112 787 1482 2113 717 1483 2114 827 1484 2115 825 1485 2116 717 1486 2117 764 1487 2118 721 1488 2119 719 1489 2120 830 1490 2121 720 1491 2122 722 1492 2123 830 1493 2124 828 1494 2125 720 1495 2126 762 1496 2127 723 1497 2128 721 1498 2129 832 1499 2130 722 1500 2131 724 1501 2132 764 1502 2133 762 1503 2134 721 1504 2135 832 1505 2136 830 1506 2137 722 1507 2138 762 1508 2139 725 1509 2140 723 1510 2141 834 1511 2142 724 1512 2143 726 1513 2144 834 1514 2145 832 1515 2146 724 1516 2147 760 1517 2148 727 1518 2149 725 1519 2150 836 1520 2151 726 1521 2152 728 1522 2153 762 1523 2154 760 1524 2155 725 1525 2156 836 1526 2157 834 1527 2158 726 1528 2159 758 1529 2160 729 1530 2161 727 1531 2162 838 1532 2163 728 1533 2164 730 1534 2165 760 1535 2166 758 1536 2167 727 1537 2168 838 1538 2169 836 1539 2170 728 1540 2171 756 1541 2172 731 1542 2173 729 1543 2174 840 1544 2175 730 1545 2176 732 1546 2177 758 1547 2178 756 1548 2179 729 1549 2180 840 1550 2181 838 1551 2182 730 1552 2183 754 1553 2184 733 1554 2185 731 1555 2186 842 1556 2187 732 1557 2188 734 1558 2189 756 1559 2190 754 1560 2191 731 1561 2192 842 1562 2193 840 1563 2194 732 1564 2195 752 1565 2196 735 1566 2197 733 1567 2198 844 1568 2199 734 1569 2200 736 1570 2201 754 1571 2202 752 1572 2203 733 1573 2204 844 1574 2205 842 1575 2206 734 1576 2207 750 1577 2208 737 1578 2209 735 1579 2210 846 1580 2211 736 1581 2212 738 1582 2213 752 1583 2214 750 1584 2215 735 1585 2216 846 1586 2217 844 1587 2218 736 1588 2219 747 1589 2220 739 1590 2221 737 1591 2222 848 1592 2223 738 1593 2224 740 1594 2225 750 1595 2226 747 1596 2227 737 1597 2228 848 1598 2229 846 1599 2230 738 1600 2231 745 1601 2232 741 1602 2233 739 1603 2234 848 1604 2235 740 1605 2236 744 1606 2237 747 1607 2238 745 1608 2239 739 1609 2240 802 1610 2241 742 1611 2242 746 1612 2243 802 1613 2244 766 1614 2245 742 1615 2246 804 1616 2247 743 1617 2248 767 1618 2249 848 1619 2250 744 1620 2251 805 1621 2252 802 1622 2253 746 1623 2254 748 1624 2255 3126 365 2256 749 365 2257 751 365 2258 3124 365 2259 803 365 2260 749 365 2261 3126 365 2262 3124 365 2263 749 365 2264 3130 1625 2265 751 1625 2266 753 1625 2267 3128 365 2268 3126 365 2269 751 365 2270 3130 1626 2271 3128 1626 2272 751 1626 2273 3132 365 2274 753 365 2275 755 365 2276 3132 1627 2277 3130 1627 2278 753 1627 2279 3134 1628 2280 755 1628 2281 757 1628 2282 3134 1629 2283 3132 1629 2284 755 1629 2285 3116 1630 2286 757 1630 2287 759 1630 2288 3134 365 2289 757 365 2290 3116 365 2291 3116 1631 2292 759 1631 2293 761 1631 2294 3114 1632 2295 761 1632 2296 763 1632 2297 3116 1633 2298 761 1633 2299 3114 1633 2300 3112 1634 2301 763 1634 2302 765 1634 2303 3114 365 2304 763 365 2305 3112 365 2306 3112 1635 2307 765 1635 2308 3110 1635 2309 802 1636 2310 768 1637 2311 766 1638 2312 807 1639 2313 767 1640 2314 769 1641 2315 807 1642 2316 804 1643 2317 767 1644 2318 800 1645 2319 770 1646 2320 768 1647 2321 809 1648 2322 769 1649 2323 771 1650 2324 802 1651 2325 800 1652 2326 768 1653 2327 809 1654 2328 807 1655 2329 769 1656 2330 798 1657 2331 772 1658 2332 770 1659 2333 811 1660 2334 771 1661 2335 773 1662 2336 800 1663 2337 798 1664 2338 770 1665 2339 811 1666 2340 809 1667 2341 771 1668 2342 796 1669 2343 774 1670 2344 772 1671 2345 813 1672 2346 773 1673 2347 775 1674 2348 798 1675 2349 796 1676 2350 772 1677 2351 813 1678 2352 811 1679 2353 773 1680 2354 794 1681 2355 776 1682 2356 774 1683 2357 815 1684 2358 775 1685 2359 777 1686 2360 796 1687 2361 794 1688 2362 774 1689 2363 815 1690 2364 813 1691 2365 775 1692 2366 792 1693 2367 778 1694 2368 776 1695 2369 817 1696 2370 777 1697 2371 779 1698 2372 794 1699 2373 792 1700 2374 776 1701 2375 817 1702 2376 815 1703 2377 777 1704 2378 790 1705 2379 780 1706 2380 778 1707 2381 819 1708 2382 779 1709 2383 781 1710 2384 792 1711 2385 790 1712 2386 778 1713 2387 819 1714 2388 817 1715 2389 779 1716 2390 788 1717 2391 782 1718 2392 780 1719 2393 821 1720 2394 781 1721 2395 783 1722 2396 790 1723 2397 788 1724 2398 780 1725 2399 821 1726 2400 819 1727 2401 781 1728 2402 788 1729 2403 784 1730 2404 782 1731 2405 823 1732 2406 783 1733 2407 785 1734 2408 823 1735 2409 821 1736 2410 783 1737 2411 825 1738 2412 785 1739 2413 787 1740 2414 825 1741 2415 823 1742 2416 785 1743 2417 3104 1744 2418 789 1744 2419 791 1744 2420 3106 365 2421 789 365 2422 3104 365 2423 3108 1745 2424 789 1745 2425 3106 1745 2426 3102 1632 2427 791 1632 2428 793 1632 2429 3104 1746 2430 791 1746 2431 3102 1746 2432 3099 1747 2433 793 1747 2434 795 1747 2435 3102 1748 2436 793 1748 2437 3099 1748 2438 3099 1749 2439 795 1749 2440 797 1749 2441 3118 1750 2442 797 1750 2443 799 1750 2444 3118 365 2445 3099 365 2446 797 365 2447 3120 365 2448 799 365 2449 801 365 2450 3120 1751 2451 3118 1751 2452 799 1751 2453 3122 365 2454 801 365 2455 803 365 2456 3122 365 2457 3120 365 2458 801 365 2459 3124 1752 2460 3122 1752 2461 803 1752 2462 850 365 2463 806 365 2464 808 365 2465 871 365 2466 849 365 2467 806 365 2468 871 365 2469 806 365 2470 850 365 2471 855 365 2472 808 365 2473 810 365 2474 853 365 2475 850 365 2476 808 365 2477 855 365 2478 853 365 2479 808 365 2480 857 365 2481 810 365 2482 812 365 2483 857 1753 2484 855 1753 2485 810 1753 2486 861 1754 2487 812 1754 2488 814 1754 2489 859 1755 2490 857 1755 2491 812 1755 2492 861 1756 2493 859 1756 2494 812 1756 2495 861 1757 2496 814 1757 2497 816 1757 2498 902 1758 2499 816 1758 2500 818 1758 2501 902 365 2502 861 365 2503 816 365 2504 900 1759 2505 818 1759 2506 820 1759 2507 904 365 2508 818 365 2509 900 365 2510 904 365 2511 902 365 2512 818 365 2513 885 1760 2514 820 1760 2515 822 1760 2516 900 1761 2517 820 1761 2518 885 1761 2519 887 365 2520 822 365 2521 824 365 2522 887 1762 2523 885 1762 2524 822 1762 2525 889 1763 2526 824 1763 2527 826 1763 2528 889 365 2529 887 365 2530 824 365 2531 891 365 2532 826 365 2533 829 365 2534 891 365 2535 889 365 2536 826 365 2537 893 365 2538 829 365 2539 831 365 2540 893 365 2541 891 365 2542 829 365 2543 898 365 2544 831 365 2545 833 365 2546 896 1764 2547 893 1764 2548 831 1764 2549 898 365 2550 896 365 2551 831 365 2552 883 365 2553 833 365 2554 835 365 2555 898 1765 2556 833 1765 2557 883 1765 2558 879 1766 2559 835 1766 2560 837 1766 2561 883 1767 2562 835 1767 2563 879 1767 2564 879 1768 2565 837 1768 2566 839 1768 2567 875 1769 2568 839 1769 2569 841 1769 2570 881 365 2571 839 365 2572 875 365 2573 881 1770 2574 879 1770 2575 839 1770 2576 863 1771 2577 841 1771 2578 843 1771 2579 873 365 2580 841 365 2581 863 365 2582 875 365 2583 841 365 2584 873 365 2585 863 1772 2586 843 1772 2587 845 1772 2588 867 365 2589 845 365 2590 847 365 2591 865 1773 2592 863 1773 2593 845 1773 2594 867 1774 2595 865 1774 2596 845 1774 2597 869 1775 2598 847 1775 2599 849 1775 2600 869 365 2601 867 365 2602 847 365 2603 871 365 2604 869 365 2605 849 365 2606 932 1776 2607 852 1777 2608 854 1778 2609 930 1779 2610 872 1780 2611 851 1781 2612 931 1782 2613 930 1783 2614 851 1784 2615 994 1785 2616 854 1786 2617 856 1787 2618 994 1788 2619 932 1789 2620 854 1790 2621 994 1791 2622 856 1792 2623 858 1793 2624 993 1794 2625 858 1795 2626 860 1796 2627 994 1797 2628 858 1798 2629 993 1799 2630 993 1800 2631 860 1801 2632 862 1802 2633 906 365 2634 861 365 2635 902 365 2636 992 1803 2637 862 1804 2638 907 1805 2639 993 1806 2640 862 1807 2641 992 1808 2642 922 1809 2643 864 1810 2644 866 1811 2645 922 1812 2646 874 1813 2647 864 1814 2648 924 1815 2649 866 1816 2650 868 1817 2651 924 1818 2652 922 1819 2653 866 1820 2654 926 1821 2655 868 1822 2656 870 1823 2657 926 1824 2658 924 1825 2659 868 1826 2660 930 1827 2661 870 1828 2662 872 1829 2663 928 1830 2664 926 1831 2665 870 1832 2666 930 1833 2667 928 1834 2668 870 1835 2669 919 1836 2670 876 1837 2671 874 1838 2672 922 1839 2673 919 1840 2674 874 1841 2675 881 1842 2676 875 1842 2677 877 1842 2678 917 1843 2679 878 1844 2680 876 1845 2681 919 1846 2682 917 1847 2683 876 1848 2684 917 1849 2685 882 1850 2686 878 1851 2687 915 1852 2688 880 1853 2689 882 1854 2690 915 1855 2691 884 1856 2692 880 1857 2693 917 1858 2694 915 1859 2695 882 1860 2696 911 1861 2697 899 1862 2698 884 1863 2699 913 1864 2700 911 1865 2701 884 1866 2702 915 1867 2703 913 1868 2704 884 1869 2705 990 1870 2706 886 1871 2707 888 1872 2708 991 1873 2709 901 1874 2710 886 1875 2711 991 1876 2712 886 1877 2713 990 1878 2714 990 1879 2715 888 1880 2716 890 1881 2717 989 1882 2718 890 1883 2719 892 1884 2720 990 1885 2721 890 1886 2722 989 1887 2723 989 1888 2724 892 1889 2725 895 1890 2726 908 1891 2727 894 1892 2728 897 1893 2729 989 1894 2730 895 1895 2731 909 1896 2732 910 1897 2733 897 1898 2734 899 1899 2735 910 1900 2736 908 1901 2737 897 1902 2738 911 1903 2739 910 1904 2740 899 1905 2741 991 1906 2742 905 1907 2743 901 1908 2744 992 1909 2745 903 1910 2746 905 1911 2747 992 1912 2748 907 1913 2749 903 1914 2750 992 1915 2751 905 1916 2752 991 1917 2753 939 1918 2754 908 1919 2755 910 1920 2756 983 1921 2757 909 1922 2758 940 1923 2759 989 1924 2760 909 1925 2761 983 1926 2762 943 1927 2763 910 1928 2764 911 1929 2765 939 1930 2766 910 1931 2767 937 1932 2768 941 1933 2769 937 1934 2770 910 1935 2771 943 1936 2772 941 1937 2773 910 1938 2774 1115 1939 2775 912 1940 2776 914 1941 2777 1115 1942 2778 944 1943 2779 912 1944 2780 1111 1945 2781 914 1946 2782 916 1947 2783 1109 1948 2784 1107 1949 2785 914 1950 2786 1115 1951 2787 914 1952 2788 1107 1953 2789 1111 1954 2790 1109 1955 2791 914 1956 2792 1113 1957 2793 916 1958 2794 918 1959 2795 1113 1960 2796 1111 1961 2797 916 1962 2798 1113 1963 2799 918 1964 2800 921 1965 2801 1065 1966 2802 920 1967 2803 923 1968 2804 1113 1969 2805 921 1970 2806 1066 1971 2807 1068 1972 2808 923 1973 2809 925 1974 2810 1068 1975 2811 1065 1976 2812 923 1977 2813 1070 1978 2814 925 1979 2815 927 1980 2816 1070 1981 2817 1068 1982 2818 925 1983 2819 946 1984 2820 927 1985 2821 929 1986 2822 1064 1987 2823 927 1988 2824 946 1989 2825 1072 1990 2826 927 1991 2827 1064 1992 2828 1072 1993 2829 1070 1994 2830 927 1995 2831 945 1996 2832 928 1997 2833 930 1998 2834 947 1999 2835 930 2000 2836 931 2001 2837 947 2002 2838 945 2003 2839 930 2004 2840 949 2005 2841 947 2006 2842 931 2007 2843 951 2008 2844 949 2009 2845 931 2010 2846 994 2011 2847 952 2012 2848 932 2013 2849 939 2014 2850 937 2015 2851 933 2016 2852 1058 2017 2853 936 2018 2854 938 2019 2855 980 2020 2856 940 2021 2857 934 2022 2858 981 2023 2859 980 2024 2860 934 2025 2861 1057 2026 2862 982 2027 2863 935 2028 2864 1058 2029 2865 938 2030 2866 942 2031 2867 983 2032 2868 940 2033 2869 980 2034 2870 1115 2035 2871 942 2036 2872 944 2037 2873 1116 2038 2874 1058 2039 2875 942 2040 2876 1116 2041 2877 942 2042 2878 1115 2043 2879 1064 2044 2880 946 2045 2881 948 2046 2882 956 2047 2883 948 2048 2884 950 2049 2885 1054 2050 2886 948 2051 2887 956 2052 2888 1064 2053 2889 948 2054 2890 1054 2055 2891 953 2056 2892 949 2057 2893 951 2058 2894 988 2059 2895 954 2060 2896 952 2061 2897 994 2062 2898 988 2063 2899 952 2064 2900 988 2065 2901 957 2066 2902 954 2067 2903 1042 2068 2904 955 2069 2905 958 2070 2906 1053 2071 2907 955 2072 2908 1042 2073 2909 988 2074 2910 959 2075 2911 957 2076 2912 1000 2077 2913 957 2078 2914 959 2079 2915 1042 2080 2916 958 2081 2917 1001 2082 2918 988 2083 2919 960 2084 2920 959 2085 2921 998 2086 2922 959 2087 2923 960 2088 2924 998 2089 2925 995 2090 2926 959 2091 2927 1000 2092 2928 959 2093 2929 995 2094 2930 987 2095 2931 962 2096 2932 960 2097 2933 1276 2098 2934 961 2098 2935 963 2098 2936 988 2099 2937 987 2100 2938 960 2101 2939 1276 2102 2940 999 2102 2941 961 2102 2942 987 2103 2943 964 2104 2944 962 2105 2945 1278 2106 2946 963 2106 2947 965 2106 2948 1278 2107 2949 1276 2107 2950 963 2107 2951 986 2108 2952 966 2109 2953 964 2110 2954 1313 2111 2955 965 2111 2956 967 2111 2957 987 2112 2958 986 2113 2959 964 2114 2960 1280 2115 2961 1278 2115 2962 965 2115 2963 1313 2116 2964 1280 2116 2965 965 2116 2966 986 2117 2967 968 2118 2968 966 2119 2969 1315 2120 2970 967 2120 2971 969 2120 2972 1315 2121 2973 1313 2121 2974 967 2121 2975 985 2122 2976 970 2123 2977 968 2124 2978 1315 2125 2979 969 2125 2980 971 2125 2981 986 2126 2982 985 2127 2983 968 2128 2984 985 2129 2985 972 2130 2986 970 2131 2987 1309 2132 2988 971 2132 2989 973 2132 2990 1315 2133 2991 971 2133 2992 1309 2133 2993 984 2134 2994 974 2135 2995 972 2136 2996 1311 2137 2997 973 2137 2998 975 2137 2999 985 2138 3000 984 2139 3001 972 2140 3002 1311 2141 3003 1309 2141 3004 973 2141 3005 984 2142 3006 976 2143 3007 974 2144 3008 1292 2145 3009 975 2145 3010 977 2145 3011 1311 2146 3012 975 2146 3013 1292 2146 3014 983 2147 3015 978 2148 3016 976 2149 3017 1294 2150 3018 977 2150 3019 979 2150 3020 984 2151 3021 983 2152 3022 976 2153 3023 1294 2154 3024 1292 2154 3025 977 2154 3026 983 2155 3027 980 2156 3028 978 2157 3029 1007 2158 3030 978 2159 3031 980 2160 3032 1296 2161 3033 979 2161 3034 1008 2161 3035 1296 2162 3036 1294 2162 3037 979 2162 3038 1007 2163 3039 980 2164 3040 981 2165 3041 1007 2166 3042 981 2167 3043 1005 2168 3044 1057 2169 3045 1006 2170 3046 982 2171 3047 989 2172 3048 983 2173 3049 984 2174 3050 990 2175 3051 984 2176 3052 985 2177 3053 990 2178 3054 989 2179 3055 984 2180 3056 991 2181 3057 985 2182 3058 986 2183 3059 991 2184 3060 990 2185 3061 985 2186 3062 992 2187 3063 986 2188 3064 987 2189 3065 992 2190 3066 991 2191 3067 986 2192 3068 993 2193 3069 987 2194 3070 988 2195 3071 993 2196 3072 992 2197 3073 987 2198 3074 994 2199 3075 993 2200 3076 988 2201 3077 1271 2202 3078 997 2202 3079 999 2202 3080 1040 2203 3081 1001 2204 3082 996 2205 3083 1269 2206 3084 1041 2206 3085 997 2206 3086 1271 2207 3087 1269 2207 3088 997 2207 3089 1274 2208 3090 1271 2208 3091 999 2208 3092 1276 2209 3093 1274 2209 3094 999 2209 3095 1042 2210 3096 1001 2211 3097 1040 2212 3098 1007 2213 3099 1005 2214 3100 1002 2215 3101 1020 2216 3102 1003 2217 3103 1006 2218 3104 1298 2219 3105 1008 2219 3106 1004 2219 3107 1021 2220 3108 1003 2221 3109 1020 2222 3110 1300 2223 3111 1004 2223 3112 1022 2223 3113 1300 2224 3114 1298 2224 3115 1004 2224 3116 1057 2225 3117 1020 2226 3118 1006 2227 3119 1298 2228 3120 1296 2228 3121 1008 2228 3122 1031 2229 3123 1012 2230 3124 1009 2231 3125 1091 2232 3126 1011 2233 3127 1013 2234 3128 1049 2235 3129 1031 2236 3130 1009 2237 3131 1088 2238 3132 1050 2239 3133 1010 2240 3134 1090 2241 3135 1088 2242 3136 1010 2243 3137 1025 2244 3138 1014 2245 3139 1012 2246 3140 1093 2247 3141 1013 2248 3142 1015 2249 3143 1027 2250 3144 1025 2251 3145 1012 2252 3146 1029 2253 3147 1027 2254 3148 1012 2255 3149 1031 2256 3150 1029 2257 3151 1012 2258 3152 1093 2259 3153 1091 2260 3154 1013 2261 3155 1023 2262 3156 1016 2263 3157 1014 2264 3158 1095 2265 3159 1015 2266 3160 1017 2267 3161 1025 2268 3162 1023 2269 3163 1014 2270 3164 1095 2271 3165 1093 2272 3166 1015 2273 3167 1021 2274 3168 1018 2275 3169 1016 2276 3170 1056 2277 3171 1017 2278 3172 1019 2279 3173 1023 2280 3174 1021 2281 3175 1016 2282 3176 1116 2283 3177 1017 2284 3178 1056 2285 3179 1097 2286 3180 1095 2287 3181 1017 2288 3182 1116 2289 3183 1097 2290 3184 1017 2291 3185 1021 2292 3186 1020 2293 3187 1018 2294 3188 1055 2295 3189 1018 2296 3190 1020 2297 3191 1057 2298 3192 1055 2299 3193 1020 2300 3194 1305 2301 3195 1022 2301 3196 1024 2301 3197 1303 2302 3198 1300 2302 3199 1022 2302 3200 1305 2303 3201 1303 2303 3202 1022 2303 3203 1307 2304 3204 1024 2304 3205 1026 2304 3206 1307 2305 3207 1305 2305 3208 1024 2305 3209 1290 2306 3210 1026 2306 3211 1028 2306 3212 1290 2307 3213 1288 2307 3214 1026 2307 3215 1307 2308 3216 1026 2308 3217 1288 2308 3218 1290 2309 3219 1028 2309 3220 1030 2309 3221 1061 2310 3222 1029 2311 3223 1031 2312 3224 1282 2313 3225 1030 2313 3226 1062 2313 3227 1290 2314 3228 1030 2314 3229 1282 2314 3230 1049 2315 3231 1032 2316 3232 1031 2317 3233 1059 2318 3234 1031 2319 3235 1032 2320 3236 1061 2321 3237 1031 2322 3238 1059 2323 3239 1047 2324 3240 1034 2325 3241 1032 2326 3242 1284 2327 3243 1033 2327 3244 1035 2327 3245 1049 2328 3246 1047 2329 3247 1032 2330 3248 1062 2331 3249 1060 2331 3250 1033 2331 3251 1284 2332 3252 1062 2332 3253 1033 2332 3254 1047 2333 3255 1036 2334 3256 1034 2335 3257 1284 2336 3258 1035 2336 3259 1037 2336 3260 1047 2337 3261 1038 2338 3262 1036 2339 3263 1263 2340 3264 1037 2340 3265 1039 2340 3266 1286 2341 3267 1037 2341 3268 1263 2341 3269 1286 2342 3270 1284 2342 3271 1037 2342 3272 1043 2343 3273 1040 2344 3274 1038 2345 3275 1267 2346 3276 1039 2346 3277 1041 2346 3278 1045 2347 3279 1043 2348 3280 1038 2349 3281 1047 2350 3282 1045 2351 3283 1038 2352 3284 1265 2353 3285 1263 2353 3286 1039 2353 3287 1267 2354 3288 1265 2354 3289 1039 2354 3290 1043 2355 3291 1042 2356 3292 1040 2357 3293 1269 2358 3294 1267 2358 3295 1041 2358 3296 1051 2359 3297 1042 2360 3298 1043 2361 3299 1053 2362 3300 1042 2363 3301 1051 2364 3302 1063 2365 3303 1044 2366 3304 1046 2367 3305 1063 2368 3306 1052 2369 3307 1044 2370 3308 1086 2371 3309 1046 2372 3310 1048 2373 3311 1082 2374 3312 1063 2375 3313 1046 2376 3314 1084 2377 3315 1082 2378 3316 1046 2379 3317 1086 2380 3318 1084 2381 3319 1046 2382 3320 1088 2383 3321 1048 2384 3322 1050 2385 3323 1088 2386 3324 1086 2387 3325 1048 2388 3326 1063 2389 3327 1054 2390 3328 1052 2391 3329 1064 2392 3330 1054 2393 3331 1063 2394 3332 1116 2395 3333 1056 2396 3334 1058 2397 3335 1284 2398 3336 1282 2398 3337 1062 2398 3338 1076 2399 3339 1064 2400 3340 1063 2401 3341 1078 2402 3342 1076 2403 3343 1063 2404 3344 1080 2405 3345 1078 2406 3346 1063 2407 3347 1082 2408 3348 1080 2409 3349 1063 2410 3350 1074 2411 3351 1072 2412 3352 1064 2413 3353 1076 2414 3354 1074 2415 3355 1064 2416 3356 1125 2417 3357 1067 2417 3358 1069 2417 3359 1123 2417 3360 1114 2417 3361 1067 2417 3362 1125 2417 3363 1123 2417 3364 1067 2417 3365 1130 2418 3366 1069 2418 3367 1071 2418 3368 1128 2419 3369 1125 2419 3370 1069 2419 3371 1130 2420 3372 1128 2420 3373 1069 2420 3374 1132 2417 3375 1071 2417 3376 1073 2417 3377 1132 2417 3378 1130 2417 3379 1071 2417 3380 1134 2421 3381 1073 2421 3382 1075 2421 3383 1134 2417 3384 1132 2417 3385 1073 2417 3386 1136 2422 3387 1075 2422 3388 1077 2422 3389 1136 2417 3390 1134 2417 3391 1075 2417 3392 1138 2423 3393 1077 2423 3394 1079 2423 3395 1138 2417 3396 1136 2417 3397 1077 2417 3398 1140 2424 3399 1079 2424 3400 1081 2424 3401 1140 2417 3402 1138 2417 3403 1079 2417 3404 1140 2425 3405 1081 2425 3406 1083 2425 3407 1142 2417 3408 1083 2417 3409 1085 2417 3410 1142 2426 3411 1140 2426 3412 1083 2426 3413 1144 2417 3414 1085 2417 3415 1087 2417 3416 1144 2427 3417 1142 2427 3418 1085 2427 3419 1148 2428 3420 1087 2428 3421 1089 2428 3422 1146 2429 3423 1144 2429 3424 1087 2429 3425 1148 2430 3426 1146 2430 3427 1087 2430 3428 1150 2417 3429 1089 2417 3430 1092 2417 3431 1150 2431 3432 1148 2431 3433 1089 2431 3434 1152 2417 3435 1092 2417 3436 1094 2417 3437 1152 2417 3438 1150 2417 3439 1092 2417 3440 1157 2418 3441 1094 2418 3442 1096 2418 3443 1155 2417 3444 1152 2417 3445 1094 2417 3446 1157 2432 3447 1155 2432 3448 1094 2432 3449 1159 2417 3450 1096 2417 3451 1098 2417 3452 1159 2417 3453 1157 2417 3454 1096 2417 3455 1116 2433 3456 1099 2434 3457 1097 2435 3458 1163 2417 3459 1098 2417 3460 1100 2417 3461 1161 2417 3462 1159 2417 3463 1098 2417 3464 1163 2417 3465 1161 2417 3466 1098 2417 3467 1116 2436 3468 1101 2437 3469 1099 2438 3470 1165 2439 3471 1100 2439 3472 1102 2439 3473 1165 2440 3474 1163 2440 3475 1100 2440 3476 1115 2441 3477 1103 2442 3478 1101 2443 3479 1167 2444 3480 1102 2444 3481 1104 2444 3482 1116 2445 3483 1115 2446 3484 1101 2447 3485 1167 2417 3486 1165 2417 3487 1102 2417 3488 1115 2448 3489 1105 2449 3490 1103 2450 3491 1169 2451 3492 1104 2451 3493 1106 2451 3494 1169 2417 3495 1167 2417 3496 1104 2417 3497 1115 2452 3498 1107 2453 3499 1105 2454 3500 1169 2417 3501 1106 2417 3502 1108 2417 3503 1117 2417 3504 1108 2417 3505 1110 2417 3506 1169 2455 3507 1108 2455 3508 1117 2455 3509 1117 2417 3510 1110 2417 3511 1112 2417 3512 1121 2428 3513 1112 2428 3514 1114 2428 3515 1119 2417 3516 1117 2417 3517 1112 2417 3518 1121 2456 3519 1119 2456 3520 1112 2456 3521 1123 2457 3522 1121 2457 3523 1114 2457 3524 1248 2458 3525 1118 2459 3526 1120 2460 3527 1250 2461 3528 1170 2462 3529 1118 2463 3530 1250 2464 3531 1118 2465 3532 1248 2466 3533 1246 2467 3534 1120 2468 3535 1122 2469 3536 1248 2470 3537 1120 2471 3538 1246 2472 3539 1244 2473 3540 1122 2474 3541 1124 2475 3542 1246 2476 3543 1122 2477 3544 1244 2478 3545 1242 2479 3546 1124 2480 3547 1127 2481 3548 1244 2482 3549 1124 2483 3550 1242 2484 3551 1175 2485 3552 1126 2486 3553 1129 2487 3554 1242 2488 3555 1127 2489 3556 1178 2490 3557 1179 2491 3558 1129 2492 3559 1131 2493 3560 1179 2494 3561 1175 2495 3562 1129 2496 3563 1181 2497 3564 1131 2498 3565 1133 2499 3566 1181 2500 3567 1179 2501 3568 1131 2502 3569 1181 2503 3570 1133 2504 3571 1135 2505 3572 1183 2506 3573 1135 2507 3574 1137 2508 3575 1183 2509 3576 1181 2510 3577 1135 2511 3578 1185 2512 3579 1137 2513 3580 1139 2514 3581 1185 2515 3582 1183 2516 3583 1137 2517 3584 1187 2518 3585 1139 2519 3586 1141 2520 3587 1187 2521 3588 1185 2522 3589 1139 2523 3590 1187 2524 3591 1141 2525 3592 1143 2526 3593 1189 2527 3594 1143 2528 3595 1145 2529 3596 1189 2530 3597 1187 2531 3598 1143 2532 3599 1189 2533 3600 1145 2534 3601 1147 2535 3602 1191 2536 3603 1147 2537 3604 1149 2538 3605 1191 2539 3606 1189 2540 3607 1147 2541 3608 1193 2542 3609 1149 2543 3610 1151 2544 3611 1193 2545 3612 1191 2546 3613 1149 2547 3614 1193 2548 3615 1151 2549 3616 1153 2550 3617 1174 2551 3618 1154 2552 3619 1156 2553 3620 1193 2554 3621 1153 2555 3622 1171 2556 3623 1260 2557 3624 1156 2558 3625 1158 2559 3626 1262 2560 3627 1174 2561 3628 1156 2562 3629 1262 2563 3630 1156 2564 3631 1260 2565 3632 1258 2566 3633 1158 2567 3634 1160 2568 3635 1260 2569 3636 1158 2570 3637 1258 2571 3638 1258 2572 3639 1160 2573 3640 1162 2574 3641 1256 2575 3642 1162 2576 3643 1164 2577 3644 1258 2578 3645 1162 2579 3646 1256 2580 3647 1254 2581 3648 1164 2582 3649 1166 2583 3650 1256 2584 3651 1164 2585 3652 1254 2586 3653 1254 2587 3654 1166 2588 3655 1168 2589 3656 1252 2590 3657 1168 2591 3658 1170 2592 3659 1254 2593 3660 1168 2594 3661 1252 2595 3662 1252 2596 3663 1170 2597 3664 1250 2598 3665 1212 2599 3666 1194 2600 3667 1172 2601 3668 1214 2602 3669 1212 2603 3670 1172 2604 3671 1261 2605 3672 1216 2606 3673 1173 2607 3674 1195 2608 3675 1176 2609 3676 1180 2610 3677 1240 2611 3678 1177 2612 3679 1197 2613 3680 1241 2614 3681 1177 2615 3682 1240 2616 3683 1198 2617 3684 1180 2618 3685 1182 2619 3686 1198 2620 3687 1195 2621 3688 1180 2622 3689 1198 2623 3690 1182 2624 3691 1184 2625 3692 1200 2626 3693 1184 2627 3694 1186 2628 3695 1200 2629 3696 1198 2630 3697 1184 2631 3698 1204 2632 3699 1186 2633 3700 1188 2634 3701 1202 2635 3702 1200 2636 3703 1186 2637 3704 1204 2638 3705 1202 2639 3706 1186 2640 3707 1208 2641 3708 1188 2642 3709 1190 2643 3710 1206 2644 3711 1204 2645 3712 1188 2646 3713 1208 2647 3714 1206 2648 3715 1188 2649 3716 1210 2650 3717 1190 2651 3718 1192 2652 3719 1210 2653 3720 1208 2654 3721 1190 2655 3722 1212 2656 3723 1192 2657 3724 1194 2658 3725 1212 2659 3726 1210 2660 3727 1192 2661 3728 1232 2417 3729 1196 2417 3730 1199 2417 3731 1233 2417 3732 1196 2417 3733 1232 2417 3734 1234 2662 3735 1196 2662 3736 1233 2662 3737 1239 2417 3738 1196 2417 3739 1234 2417 3740 1232 2417 3741 1199 2417 3742 1201 2417 3743 1232 2663 3744 1201 2663 3745 1203 2663 3746 1207 2664 3747 1203 2664 3748 1205 2664 3749 1225 2665 3750 1203 2665 3751 1207 2665 3752 1232 2666 3753 1203 2666 3754 1225 2666 3755 1211 2667 3756 1207 2667 3757 1209 2667 3758 1225 2668 3759 1207 2668 3760 1211 2668 3761 1217 2417 3762 1211 2417 3763 1213 2417 3764 1225 2669 3765 1211 2669 3766 1217 2669 3767 1217 2417 3768 1213 2417 3769 1215 2417 3770 1218 2670 3771 1217 2670 3772 1215 2670 3773 1221 2417 3774 1218 2417 3775 1215 2417 3776 1259 2671 3777 1222 2672 3778 1216 2673 3779 1261 2674 3780 1259 2675 3781 1216 2676 3782 1226 2677 3783 1217 2677 3784 1218 2677 3785 1226 2417 3786 1225 2417 3787 1217 2417 3788 1221 2417 3789 1219 2417 3790 1218 2417 3791 1227 2678 3792 1218 2678 3793 1219 2678 3794 1227 2417 3795 1226 2417 3796 1218 2417 3797 1257 2679 3798 1220 2680 3799 1222 2681 3800 1227 2682 3801 1219 2682 3802 1223 2682 3803 1255 2683 3804 1224 2684 3805 1220 2685 3806 1257 2686 3807 1255 2687 3808 1220 2688 3809 1259 2689 3810 1257 2690 3811 1222 2691 3812 1228 2692 3813 1227 2692 3814 1223 2692 3815 1253 2693 3816 1229 2694 3817 1224 2695 3818 1255 2696 3819 1253 2697 3820 1224 2698 3821 1232 2417 3822 1225 2417 3823 1226 2417 3824 1233 2417 3825 1226 2417 3826 1227 2417 3827 1233 2417 3828 1232 2417 3829 1226 2417 3830 1235 2699 3831 1227 2699 3832 1228 2699 3833 1234 2700 3834 1233 2700 3835 1227 2700 3836 1235 2701 3837 1234 2701 3838 1227 2701 3839 1235 2702 3840 1228 2702 3841 1230 2702 3842 1251 2703 3843 1231 2704 3844 1229 2705 3845 1253 2706 3846 1251 2707 3847 1229 2708 3848 1249 2709 3849 1236 2710 3850 1231 2711 3851 1251 2712 3852 1249 2713 3853 1231 2714 3854 1239 2417 3855 1234 2417 3856 1235 2417 3857 1239 2715 3858 1235 2715 3859 1237 2715 3860 1247 2716 3861 1238 2717 3862 1236 2718 3863 1249 2719 3864 1247 2720 3865 1236 2721 3866 1245 2722 3867 1240 2723 3868 1238 2724 3869 1247 2725 3870 1245 2726 3871 1238 2727 3872 1243 2728 3873 1241 2729 3874 1240 2730 3875 1245 2731 3876 1243 2732 3877 1240 2733 3878 1342 2734 3879 1264 2735 3880 1266 2736 3881 1340 2737 3882 1287 2738 3883 1264 2739 3884 1342 2740 3885 1340 2741 3886 1264 2742 3887 1344 2743 3888 1266 2744 3889 1268 2745 3890 1344 2746 3891 1342 2747 3892 1266 2748 3893 1346 2749 3894 1268 2750 3895 1270 2751 3896 1346 2752 3897 1344 2753 3898 1268 2754 3899 1350 2755 3900 1270 2756 3901 1272 2757 3902 1348 2758 3903 1346 2759 3904 1270 2760 3905 1350 2761 3906 1348 2762 3907 1270 2763 3908 1353 2764 3909 1273 2765 3910 1275 2766 3911 1352 2767 3912 1350 2768 3913 1272 2769 3914 1357 2770 3915 1275 2771 3916 1277 2772 3917 1355 2773 3918 1353 2774 3919 1275 2775 3920 1357 2776 3921 1355 2777 3922 1275 2778 3923 1359 2779 3924 1277 2780 3925 1279 2781 3926 1359 2782 3927 1357 2783 3928 1277 2784 3929 1363 2785 3930 1279 2786 3931 1281 2787 3932 1361 2788 3933 1359 2789 3934 1279 2790 3935 1363 2791 3936 1361 2792 3937 1279 2793 3938 1363 2794 3939 1281 2795 3940 1314 2796 3941 1332 2797 3942 1283 2798 3943 1285 2799 3944 1330 2800 3945 1291 2801 3946 1283 2802 3947 1332 2803 3948 1330 2804 3949 1283 2805 3950 1334 2806 3951 1285 2807 3952 1287 2808 3953 1334 2809 3954 1332 2810 3955 1285 2811 3956 1336 2812 3957 1334 2813 3958 1287 2814 3959 1338 2815 3960 1336 2816 3961 1287 2817 3962 1340 2818 3963 1338 2819 3964 1287 2820 3965 1328 2821 3966 1289 2822 3967 1291 2823 3968 1328 2824 3969 1308 2825 3970 1289 2826 3971 1330 2827 3972 1328 2828 3973 1291 2829 3974 1377 2830 3975 1293 2831 3976 1295 2832 3977 1375 2833 3978 1312 2834 3979 1293 2835 3980 1377 2836 3981 1375 2837 3982 1293 2838 3983 1379 2839 3984 1295 2840 3985 1297 2841 3986 1379 2842 3987 1377 2843 3988 1295 2844 3989 1381 2845 3990 1297 2846 3991 1299 2847 3992 1381 2848 3993 1379 2849 3994 1297 2850 3995 1385 2851 3996 1299 2852 3997 1302 2853 3998 1383 2854 3999 1381 2855 4000 1299 2856 4001 1385 2857 4002 1383 2858 4003 1299 2859 4004 1317 2860 4005 1301 2861 4006 1304 2862 4007 1385 2863 4008 1302 2864 4009 1318 2865 4010 1322 2866 4011 1304 2867 4012 1306 2868 4013 1320 2869 4014 1317 2870 4015 1304 2871 4016 1322 2872 4017 1320 2873 4018 1304 2874 4019 1324 2875 4020 1306 2876 4021 1308 2877 4022 1324 2878 4023 1322 2879 4024 1306 2880 4025 1326 2881 4026 1324 2882 4027 1308 2883 4028 1328 2884 4029 1326 2885 4030 1308 2886 4031 1373 2887 4032 1310 2888 4033 1312 2889 4034 1371 2890 4035 1316 2891 4036 1310 2892 4037 1373 2893 4038 1371 2894 4039 1310 2895 4040 1375 2896 4041 1373 2897 4042 1312 2898 4043 1365 2899 4044 1314 2900 4045 1316 2901 4046 1365 2902 4047 1363 2903 4048 1314 2904 4049 1367 2905 4050 1365 2906 4051 1316 2907 4052 1369 2908 4053 1367 2909 4054 1316 2910 4055 1371 2911 4056 1369 2912 4057 1316 2913 4058 1428 2914 4059 1319 2914 4060 1321 2914 4061 1426 2915 4062 1386 2915 4063 1319 2915 4064 1428 2916 4065 1426 2916 4066 1319 2916 4067 1428 2917 4068 1321 2917 4069 1323 2917 4070 1430 2918 4071 1323 2918 4072 1325 2918 4073 1430 2919 4074 1428 2919 4075 1323 2919 4076 1430 2920 4077 1325 2920 4078 1327 2920 4079 1432 2921 4080 1327 2921 4081 1329 2921 4082 1432 2922 4083 1430 2922 4084 1327 2922 4085 1409 2923 4086 1329 2923 4087 1331 2923 4088 1432 2924 4089 1329 2924 4090 1409 2924 4091 1411 2925 4092 1331 2925 4093 1333 2925 4094 1411 2926 4095 1409 2926 4096 1331 2926 4097 1413 2927 4098 1333 2927 4099 1335 2927 4100 1413 2928 4101 1411 2928 4102 1333 2928 4103 1413 2929 4104 1335 2929 4105 1337 2929 4106 1405 2930 4107 1337 2930 4108 1339 2930 4109 1413 2931 4110 1337 2931 4111 1405 2931 4112 1407 2932 4113 1339 2932 4114 1341 2932 4115 1407 2933 4116 1405 2933 4117 1339 2933 4118 1407 2934 4119 1341 2934 4120 1343 2934 4121 1389 2935 4122 1343 2936 4123 1345 2937 4124 1389 2938 4125 1387 2938 4126 1343 2938 4127 1407 2939 4128 1343 2939 4129 1387 2939 4130 1391 2940 4131 1345 2940 4132 1347 2940 4133 1391 2941 4134 1389 2941 4135 1345 2941 4136 1393 2942 4137 1347 2942 4138 1349 2942 4139 1393 2943 4140 1391 2943 4141 1347 2943 4142 1395 2944 4143 1349 2944 4144 1351 2944 4145 1395 2945 4146 1393 2945 4147 1349 2945 4148 1395 2946 4149 1351 2946 4150 1354 2946 4151 1397 2947 4152 1354 2947 4153 1356 2947 4154 1397 2948 4155 1395 2948 4156 1354 2948 4157 1397 2949 4158 1356 2949 4159 1358 2949 4160 1399 2950 4161 1358 2950 4162 1360 2950 4163 1399 2951 4164 1397 2951 4165 1358 2951 4166 1399 2952 4167 1360 2952 4168 1362 2952 4169 1401 2953 4170 1362 2953 4171 1364 2953 4172 1401 2954 4173 1399 2954 4174 1362 2954 4175 1441 2955 4176 1364 2955 4177 1366 2955 4178 1403 2956 4179 1401 2956 4180 1364 2956 4181 1441 2957 4182 1403 2957 4183 1364 2957 4184 1443 2958 4185 1366 2958 4186 1368 2958 4187 1443 2959 4188 1441 2959 4189 1366 2959 4190 1434 2960 4191 1368 2960 4192 1370 2960 4193 1443 2223 4194 1368 2223 4195 1434 2223 4196 1374 2961 4197 1370 2961 4198 1372 2961 4199 1436 2962 4200 1370 2962 4201 1374 2962 4202 1436 2963 4203 1434 2963 4204 1370 2963 4205 1439 2964 4206 1374 2964 4207 1376 2964 4208 1439 2965 4209 1436 2965 4210 1374 2965 4211 1416 2966 4212 1376 2966 4213 1378 2966 4214 1439 2967 4215 1376 2967 4216 1416 2967 4217 1418 2968 4218 1378 2968 4219 1380 2968 4220 1418 2969 4221 1416 2969 4222 1378 2969 4223 1420 2970 4224 1380 2970 4225 1382 2970 4226 1420 2971 4227 1418 2971 4228 1380 2971 4229 1422 2972 4230 1382 2972 4231 1384 2972 4232 1422 2973 4233 1420 2973 4234 1382 2973 4235 1424 2974 4236 1384 2974 4237 1386 2974 4238 1424 2975 4239 1422 2975 4240 1384 2975 4241 1426 2976 4242 1424 2976 4243 1386 2976 4244 1448 2977 4245 1388 2978 4246 1390 2979 4247 1448 2980 4248 1408 2981 4249 1388 2982 4250 1450 2983 4251 1390 2984 4252 1392 2985 4253 1450 2986 4254 1448 2987 4255 1390 2988 4256 1452 2989 4257 1392 2990 4258 1394 2991 4259 1452 2992 4260 1450 2993 4261 1392 2994 4262 1452 2995 4263 1394 2996 4264 1396 2997 4265 1454 2998 4266 1396 2999 4267 1398 3000 4268 1454 3001 4269 1452 3002 4270 1396 3003 4271 1457 3004 4272 1398 3005 4273 1400 3006 4274 1457 3007 4275 1454 3008 4276 1398 3009 4277 1457 3010 4278 1400 3011 4279 1402 3012 4280 1459 3013 4281 1402 3014 4282 1404 3015 4283 1459 3016 4284 1457 3017 4285 1402 3018 4286 1459 3019 4287 1404 3020 4288 1442 3021 4289 1445 3022 4290 1406 3023 4291 1408 3024 4292 1468 3025 4293 1414 3026 4294 1406 3027 4295 1468 3028 4296 1406 3029 4297 1445 3030 4298 1448 3031 4299 1445 3032 4300 1408 3033 4301 1483 3034 4302 1410 3035 4303 1412 3036 4304 1481 3037 4305 1433 3038 4306 1410 3039 4307 1483 3040 4308 1481 3041 4309 1410 3042 4310 1483 3043 4311 1412 3044 4312 1415 3045 4313 1483 3046 4314 1415 3047 4315 1469 3048 4316 1470 3049 4317 1417 3050 4318 1419 3051 4319 1470 3052 4320 1440 3053 4321 1417 3054 4322 1472 3055 4323 1419 3056 4324 1421 3057 4325 1472 3058 4326 1470 3059 4327 1419 3060 4328 1472 3061 4329 1421 3062 4330 1423 3063 4331 1474 3064 4332 1423 3065 4333 1425 3066 4334 1474 3067 4335 1472 3068 4336 1423 3069 4337 1474 3070 4338 1425 3071 4339 1427 3072 4340 1476 3073 4341 1427 3074 4342 1429 3075 4343 1476 3076 4344 1474 3077 4345 1427 3078 4346 1479 3079 4347 1429 3080 4348 1431 3081 4349 1479 3082 4350 1476 3083 4351 1429 3084 4352 1479 3085 4353 1431 3086 4354 1433 3087 4355 1481 3088 4356 1479 3089 4357 1433 3090 4358 1461 3091 4359 1435 3092 4360 1437 3093 4361 1461 3094 4362 1444 3095 4363 1435 3096 4364 1467 3097 4365 1438 3098 4366 1440 3099 4367 1466 3100 4368 1461 3101 4369 1437 3102 4370 1467 3103 4371 1440 3104 4372 1464 3105 4373 1470 3106 4374 1464 3107 4375 1440 3108 4376 1461 3109 4377 1442 3110 4378 1444 3111 4379 1461 3112 4380 1459 3113 4381 1442 3114 4382 1546 3115 4383 1447 3116 4384 1449 3117 4385 1483 3118 4386 1469 3119 4387 1446 3120 4388 1550 3121 4389 1484 3122 4390 1447 3123 4391 1550 3124 4392 1447 3125 4393 1546 3126 4394 1541 3127 4395 1449 3128 4396 1451 3129 4397 1543 3130 4398 1449 3131 4399 1541 3132 4400 1546 3133 4401 1449 3134 4402 1543 3135 4403 1539 3136 4404 1451 3137 4405 1453 3138 4406 1541 3139 4407 1451 3140 4408 1539 3141 4409 1539 3142 4410 1453 3143 4411 1456 3144 4412 1497 3145 4413 1455 3146 4414 1458 3147 4415 1539 3148 4416 1456 3149 4417 1499 3150 4418 1500 3151 4419 1458 3152 4420 1460 3153 4421 1500 3154 4422 1497 3155 4423 1458 3156 4424 1502 3157 4425 1460 3158 4426 1462 3159 4427 1502 3160 4428 1500 3161 4429 1460 3162 4430 1466 3163 4431 1463 3164 4432 1461 3165 4433 1504 3166 4434 1462 3167 4435 1465 3168 4436 1504 3169 4437 1502 3170 4438 1462 3171 4439 1485 3172 4440 1465 3173 4441 1471 3174 4442 1504 3175 4443 1465 3176 4444 1485 3177 4445 1490 3178 4446 1471 3179 4447 1473 3180 4448 1488 3181 4449 1485 3182 4450 1471 3183 4451 1490 3184 4452 1488 3185 4453 1471 3186 4454 1492 3187 4455 1473 3188 4456 1475 3189 4457 1492 3190 4458 1490 3191 4459 1473 3192 4460 1492 3193 4461 1475 3194 4462 1477 3195 4463 1496 3196 4464 1478 3197 4465 1480 3198 4466 1494 3199 4467 1492 3200 4468 1477 3201 4469 1554 3202 4470 1480 3203 4471 1482 3204 4472 1554 3205 4473 1496 3206 4474 1480 3207 4475 1552 3208 4476 1482 3209 4477 1484 3210 4478 1554 3211 4479 1482 3212 4480 1552 3213 4481 1552 3214 4482 1484 3215 4483 1550 3216 4484 1537 3217 4485 1487 3218 4486 1489 3219 4487 1529 3220 4488 1505 3221 4489 1486 3222 4490 1531 3223 4491 1529 3224 4492 1486 3225 4493 1536 3226 4494 1531 3227 4495 1486 3228 4496 1557 3229 4497 1489 3230 4498 1491 3231 4499 1537 3232 4500 1489 3233 4501 1534 3234 4502 1555 3235 4503 1534 3236 4504 1489 3237 4505 1557 3238 4506 1555 3239 4507 1489 3240 4508 1561 3241 4509 1491 3242 4510 1493 3243 4511 1559 3244 4512 1557 3245 4513 1491 3246 4514 1561 3247 4515 1559 3248 4516 1491 3249 4517 1563 3250 4518 1493 3251 4519 1495 3252 4520 1563 3253 4521 1561 3254 4522 1493 3255 4523 1565 3256 4524 1495 3257 4525 1553 3258 4526 1565 3259 4527 1563 3260 4528 1495 3261 4529 1521 3262 4530 1498 3263 4531 1501 3264 4532 1521 3265 4533 1519 3266 4534 1498 3267 4535 1538 3268 4536 1498 3269 4537 1519 3270 4538 1523 3271 4539 1501 3272 4540 1503 3273 4541 1523 3274 4542 1521 3275 4543 1501 3276 4544 1525 3277 4545 1503 3278 4546 1505 3279 4547 1525 3280 4548 1523 3281 4549 1503 3282 4550 1527 3283 4551 1525 3284 4552 1505 3285 4553 1529 3286 4554 1527 3287 4555 1505 3288 4556 1542 3289 4557 1509 3290 4558 1506 3291 4559 1608 3292 4560 1508 3292 4561 1510 3292 4562 1547 3293 4563 1542 3294 4564 1506 3295 4565 1573 3296 4566 1548 3297 4567 1507 3298 4568 1619 3299 4569 1574 3299 4570 1508 3299 4571 1619 3300 4572 1508 3300 4573 1608 3300 4574 1542 3301 4575 1511 3302 4576 1509 3303 4577 1610 3304 4578 1510 3304 4579 1512 3304 4580 1610 3305 4581 1608 3305 4582 1510 3305 4583 1542 3306 4584 1513 3307 4585 1511 3308 4586 1606 3309 4587 1512 3309 4588 1514 3309 4589 1610 3310 4590 1512 3310 4591 1606 3310 4592 1540 3311 4593 1515 3312 4594 1513 3313 4595 1594 3314 4596 1514 3314 4597 1516 3314 4598 1542 3315 4599 1540 3316 4600 1513 3317 4601 1606 3318 4602 1514 3318 4603 1594 3318 4604 1540 3319 4605 1517 3320 4606 1515 3321 4607 1596 3322 4608 1516 3322 4609 1518 3322 4610 1596 3323 4611 1594 3323 4612 1516 3323 4613 1538 3324 4614 1519 3325 4615 1517 3326 4616 1600 3327 4617 1518 3327 4618 1520 3327 4619 1540 3328 4620 1538 3329 4621 1517 3330 4622 1598 3331 4623 1596 3331 4624 1518 3331 4625 1600 3332 4626 1598 3332 4627 1518 3332 4628 1602 3333 4629 1520 3333 4630 1522 3333 4631 1602 3334 4632 1600 3334 4633 1520 3334 4634 1602 3335 4635 1522 3335 4636 1524 3335 4637 1604 3336 4638 1524 3336 4639 1526 3336 4640 1604 3337 4641 1602 3337 4642 1524 3337 4643 1592 3338 4644 1526 3338 4645 1528 3338 4646 1604 3339 4647 1526 3339 4648 1592 3339 4649 1588 3340 4650 1528 3340 4651 1530 3340 4652 1592 3341 4653 1528 3341 4654 1588 3341 4655 1586 3342 4656 1530 3342 4657 1532 3342 4658 1590 3343 4659 1530 3343 4660 1586 3343 4661 1590 3344 4662 1588 3344 4663 1530 3344 4664 1536 3345 4665 1533 3346 4666 1531 3347 4667 1584 3348 4668 1532 3348 4669 1535 3348 4670 1586 3349 4671 1532 3349 4672 1584 3349 4673 1578 3350 4674 1535 3350 4675 1556 3350 4676 1578 3351 4677 1575 3351 4678 1535 3351 4679 1584 3352 4680 1535 3352 4681 1575 3352 4682 1547 3353 4683 1544 3354 4684 1542 3355 4685 1573 3356 4686 1545 3357 4687 1548 3358 4688 1573 3359 4689 1549 3360 4690 1545 3361 4691 1569 3362 4692 1551 3363 4693 1549 3364 4694 1571 3365 4695 1569 3366 4696 1549 3367 4697 1573 3368 4698 1571 3369 4699 1549 3370 4700 1567 3371 4701 1553 3372 4702 1551 3373 4703 1569 3374 4704 1567 3375 4705 1551 3376 4706 1567 3377 4707 1565 3378 4708 1553 3379 4709 1580 3380 4710 1556 3380 4711 1558 3380 4712 1580 3381 4713 1578 3381 4714 1556 3381 4715 1582 3382 4716 1558 3382 4717 1560 3382 4718 1582 3383 4719 1580 3383 4720 1558 3383 4721 1623 3384 4722 1560 3384 4723 1562 3384 4724 1623 3385 4725 1582 3385 4726 1560 3385 4727 1627 3386 4728 1562 3386 4729 1564 3386 4730 1625 3387 4731 1623 3387 4732 1562 3387 4733 1627 3388 4734 1625 3388 4735 1562 3388 4736 1627 3389 4737 1564 3389 4738 1566 3389 4739 1629 3390 4740 1566 3390 4741 1568 3390 4742 1629 3391 4743 1627 3391 4744 1566 3391 4745 1631 3392 4746 1568 3392 4747 1570 3392 4748 1631 3393 4749 1629 3393 4750 1568 3393 4751 1621 3394 4752 1570 3394 4753 1572 3394 4754 1631 3395 4755 1570 3395 4756 1621 3395 4757 1615 3396 4758 1572 3396 4759 1574 3396 4760 1621 3397 4761 1572 3397 4762 1615 3397 4763 1617 3398 4764 1615 3398 4765 1574 3398 4766 1619 3399 4767 1617 3399 4768 1574 3399 4769 1655 3400 4770 1577 3401 4771 1579 3402 4772 1649 3403 4773 1585 3404 4774 1576 3405 4775 1654 3406 4776 1649 3407 4777 1576 3408 4778 1658 3409 4779 1579 3410 4780 1581 3411 4781 1655 3412 4782 1579 3413 4783 1652 3414 4784 1658 3415 4785 1652 3416 4786 1579 3417 4787 1658 3418 4788 1581 3419 4789 1583 3420 4790 1660 3421 4791 1583 3422 4792 1624 3423 4793 1660 3424 4794 1658 3425 4795 1583 3426 4796 1649 3427 4797 1587 3428 4798 1585 3429 4799 1649 3430 4800 1591 3431 4801 1587 3432 4802 1647 3433 4803 1589 3434 4804 1591 3435 4805 1647 3436 4806 1593 3437 4807 1589 3438 4808 1649 3439 4809 1647 3440 4810 1591 3441 4811 1645 3442 4812 1605 3443 4813 1593 3444 4814 1647 3445 4815 1645 3446 4816 1593 3447 4817 1636 3448 4818 1595 3449 4819 1597 3450 4820 1636 3451 4821 1607 3452 4822 1595 3453 4823 1638 3454 4824 1597 3455 4825 1599 3456 4826 1638 3457 4827 1636 3458 4828 1597 3459 4829 1640 3460 4830 1599 3461 4831 1601 3462 4832 1640 3463 4833 1638 3464 4834 1599 3465 4835 1642 3466 4836 1601 3467 4837 1603 3468 4838 1642 3469 4839 1640 3470 4840 1601 3471 4841 1645 3472 4842 1603 3473 4843 1605 3474 4844 1645 3475 4845 1642 3476 4846 1603 3477 4847 1636 3478 4848 1611 3479 4849 1607 3480 4850 1633 3481 4851 1609 3482 4852 1611 3483 4853 1619 3484 4854 1608 3484 4855 1612 3484 4856 1656 3485 4857 1613 3486 4858 1609 3487 4859 1656 3488 4860 1609 3489 4861 1633 3490 4862 1636 3491 4863 1633 3492 4864 1611 3493 4865 1671 3494 4866 1620 3495 4867 1614 3496 4868 1671 3497 4869 1614 3498 4870 1657 3499 4871 1669 3500 4872 1616 3501 4873 1618 3502 4874 1669 3503 4875 1622 3504 4876 1616 3505 4877 1671 3506 4878 1618 3507 4879 1620 3508 4880 1671 3509 4881 1669 3510 4882 1618 3511 4883 1667 3512 4884 1632 3513 4885 1622 3514 4886 1669 3515 4887 1667 3516 4888 1622 3517 4889 1660 3518 4890 1624 3519 4891 1626 3520 4892 1662 3521 4893 1626 3522 4894 1628 3523 4895 1662 3524 4896 1660 3525 4897 1626 3526 4898 1664 3527 4899 1628 3528 4900 1630 3529 4901 1664 3530 4902 1662 3531 4903 1628 3532 4904 1667 3533 4905 1630 3534 4906 1632 3535 4907 1667 3536 4908 1664 3537 4909 1630 3538 4910 1711 3539 4911 1635 3540 4912 1637 3541 4913 1671 3542 4914 1657 3543 4915 1634 3544 4916 1709 3545 4917 1672 3546 4918 1635 3547 4919 1711 3548 4920 1709 3549 4921 1635 3550 4922 1713 3551 4923 1637 3552 4924 1639 3553 4925 1713 3554 4926 1711 3555 4927 1637 3556 4928 1717 3557 4929 1639 3558 4930 1641 3559 4931 1715 3560 4932 1713 3561 4933 1639 3562 4934 1717 3563 4935 1715 3564 4936 1639 3565 4937 1719 3566 4938 1641 3567 4939 1644 3568 4940 1719 3569 4941 1717 3570 4942 1641 3571 4943 1673 3572 4944 1643 3573 4945 1646 3574 4946 1719 3575 4947 1644 3576 4948 1674 3577 4949 1680 3578 4950 1646 3579 4951 1648 3580 4952 1676 3581 4953 1673 3582 4954 1646 3583 4955 1678 3584 4956 1676 3585 4957 1646 3586 4958 1680 3587 4959 1678 3588 4960 1646 3589 4961 1682 3590 4962 1648 3591 4963 1650 3592 4964 1682 3593 4965 1680 3594 4966 1648 3595 4967 1654 3596 4968 1651 3597 4969 1649 3598 4970 1686 3599 4971 1650 3600 4972 1653 3601 4973 1684 3602 4974 1682 3603 4975 1650 3604 4976 1686 3605 4977 1684 3606 4978 1650 3607 4979 1688 3608 4980 1653 3609 4981 1659 3610 4982 1688 3611 4983 1686 3612 4984 1653 3613 4985 1690 3614 4986 1659 3615 4987 1661 3616 4988 1690 3617 4989 1688 3618 4990 1659 3619 4991 1694 3620 4992 1661 3621 4993 1663 3622 4994 1692 3623 4995 1690 3624 4996 1661 3625 4997 1694 3626 4998 1692 3627 4999 1661 3628 5000 1696 3629 5001 1663 3630 5002 1665 3631 5003 1696 3632 5004 1694 3633 5005 1663 3634 5006 1699 3635 5007 1666 3636 5008 1668 3637 5009 1698 3638 5010 1696 3639 5011 1665 3640 5012 1703 3641 5013 1668 3642 5014 1670 3643 5015 1701 3644 5016 1699 3645 5017 1668 3646 5018 1703 3647 5019 1701 3648 5020 1668 3649 5021 1705 3650 5022 1670 3651 5023 1672 3652 5024 1705 3653 5025 1703 3654 5026 1670 3655 5027 1707 3656 5028 1705 3657 5029 1672 3658 5030 1709 3659 5031 1707 3660 5032 1672 3661 5033 1742 3662 5034 1675 3662 5035 1677 3662 5036 1740 3663 5037 1720 3663 5038 1675 3663 5039 1675 3664 5040 1742 3665 5041 3742 3666 5042 1742 3667 5043 1677 3667 5044 1679 3667 5045 1744 3668 5046 1679 3668 5047 1681 3668 5048 1744 3669 5049 1742 3669 5050 1679 3669 5051 1732 3349 5052 1681 3349 5053 1683 3349 5054 1746 3670 5055 1681 3670 5056 1732 3670 5057 1746 3671 5058 1744 3671 5059 1681 3671 5060 1726 3672 5061 1683 3672 5062 1685 3672 5063 1732 3673 5064 1683 3673 5065 1726 3673 5066 1726 3674 5067 1685 3674 5068 1687 3674 5069 1724 3675 5070 1687 3675 5071 1689 3675 5072 1730 3676 5073 1687 3676 5074 1724 3676 5075 1728 3677 5076 1726 3677 5077 1687 3677 5078 1730 3678 5079 1728 3678 5080 1687 3678 5081 1783 3679 5082 1689 3679 5083 1691 3679 5084 1783 3680 5085 1724 3680 5086 1689 3680 5087 1765 3681 5088 1691 3681 5089 1693 3681 5090 1781 3682 5091 1691 3682 5092 1765 3682 5093 1783 3683 5094 1691 3683 5095 1781 3683 5096 1767 3684 5097 1693 3684 5098 1695 3684 5099 1767 3685 5100 1765 3685 5101 1693 3685 5102 1769 3686 5103 1695 3686 5104 1697 3686 5105 1769 3687 5106 1767 3687 5107 1695 3687 5108 1773 3688 5109 1697 3688 5110 1700 3688 5111 1771 3689 5112 1769 3689 5113 1697 3689 5114 1773 3690 5115 1771 3690 5116 1697 3690 5117 1777 3691 5118 1700 3691 5119 1702 3691 5120 1775 3692 5121 1773 3692 5122 1700 3692 5123 1777 3693 5124 1775 3693 5125 1700 3693 5126 1779 3694 5127 1702 3694 5128 1704 3694 5129 1779 3695 5130 1777 3695 5131 1702 3695 5132 1763 3696 5133 1704 3696 5134 1706 3696 5135 1779 3697 5136 1704 3697 5137 1763 3697 5138 1759 3698 5139 1706 3698 5140 1708 3698 5141 1763 3699 5142 1706 3699 5143 1759 3699 5144 1759 3700 5145 1708 3700 5146 1710 3700 5147 1750 3701 5148 1710 3701 5149 1712 3701 5150 1757 3702 5151 1710 3702 5152 1750 3702 5153 1761 3703 5154 1710 3703 5155 1757 3703 5156 1761 3704 5157 1759 3704 5158 1710 3704 5159 1755 3386 5160 1712 3386 5161 1714 3386 5162 1752 3705 5163 1750 3705 5164 1712 3705 5165 1755 3706 5166 1752 3706 5167 1712 3706 5168 1734 3707 5169 1714 3707 5170 1716 3707 5171 1748 3708 5172 1714 3708 5173 1734 3708 5174 1755 3709 5175 1714 3709 5176 1748 3709 5177 1736 3710 5178 1716 3710 5179 1718 3710 5180 1736 3711 5181 1734 3711 5182 1716 3711 5183 1738 3712 5184 1718 3712 5185 1720 3712 5186 1738 3713 5187 1736 3713 5188 1718 3713 5189 1740 3714 5190 1738 3714 5191 1720 3714 5192 1730 3715 5193 1724 3715 5194 1721 3715 5195 1807 3716 5196 1723 3717 5197 1725 3718 5198 1801 3719 5199 1731 3720 5200 1722 3721 5201 1806 3722 5202 1801 3723 5203 1722 3724 5204 1804 3725 5205 1725 3726 5206 1784 3727 5207 1807 3728 5208 1725 3729 5209 1804 3730 5210 1799 3731 5211 1727 3732 5212 1729 3733 5213 1799 3734 5214 1733 3735 5215 1727 3736 5216 1801 3737 5217 1729 3738 5218 1731 3739 5219 1801 3740 5220 1799 3741 5221 1729 3742 5222 1797 3743 5223 1747 3744 5224 1733 3745 5225 1799 3746 5226 1797 3747 5227 1733 3748 5228 1790 3749 5229 1735 3750 5230 1737 3751 5231 1788 3752 5232 1749 3753 5233 1735 3754 5234 1790 3755 5235 1788 3756 5236 1735 3757 5237 1790 3758 5238 1737 3759 5239 1739 3760 5240 1792 3761 5241 1739 3762 5242 1741 3763 5243 1792 3764 5244 1790 3765 5245 1739 3766 5246 1794 3767 5247 1741 3768 5248 3743 3769 5249 1794 3770 5250 1792 3771 5251 1741 3772 5252 1794 3773 5253 1743 3774 5254 1745 3775 5255 1797 3776 5256 1745 3777 5257 1747 3778 5258 1797 3779 5259 1794 3780 5260 1745 3781 5261 1788 3782 5262 1756 3783 5263 1749 3784 5264 1823 3785 5265 1751 3786 5266 1754 3787 5267 1823 3788 5268 1758 3789 5269 1751 3790 5270 1808 3791 5271 1753 3792 5272 1756 3793 5273 1823 3794 5274 1754 3795 5275 1809 3796 5276 1788 3797 5277 1785 3798 5278 1756 3799 5279 1808 3800 5280 1756 3801 5281 1785 3802 5282 1823 3803 5283 1762 3804 5284 1758 3805 5285 1821 3806 5286 1760 3807 5287 1762 3808 5288 1821 3809 5289 1764 3810 5290 1760 3811 5291 1823 3812 5292 1821 3813 5293 1762 3814 5294 1819 3815 5295 1780 3816 5296 1764 3817 5297 1821 3818 5298 1819 3819 5299 1764 3820 5300 1810 3821 5301 1766 3822 5302 1768 3823 5303 1810 3824 5304 1782 3825 5305 1766 3826 5306 1812 3827 5307 1768 3828 5308 1770 3829 5309 1812 3830 5310 1810 3831 5311 1768 3832 5312 1814 3833 5313 1770 3834 5314 1772 3835 5315 1814 3836 5316 1812 3837 5317 1770 3838 5318 1814 3839 5319 1772 3840 5320 1774 3841 5321 1814 3842 5322 1774 3843 5323 1776 3844 5324 1816 3845 5325 1776 3846 5326 1778 3847 5327 1816 3848 5328 1814 3849 5329 1776 3850 5330 1819 3851 5331 1778 3852 5332 1780 3853 5333 1819 3854 5334 1816 3855 5335 1778 3856 5336 1810 3857 5337 1784 3858 5338 1782 3859 5339 1810 3860 5340 1804 3861 5341 1784 3862 5342 1855 3863 5343 1787 3864 5344 1789 3865 5345 1823 3866 5346 1809 3867 5347 1786 3868 5348 1857 3869 5349 1824 3870 5350 1787 3871 5351 1857 3872 5352 1787 3873 5353 1855 3874 5354 1853 3875 5355 1789 3876 5356 1791 3877 5357 1855 3878 5358 1789 3879 5359 1853 3880 5360 1851 3881 5361 1791 3882 5362 1793 3883 5363 1853 3884 5364 1791 3885 5365 1851 3886 5366 1849 3887 5367 1793 3888 5368 1796 3889 5369 1851 3890 5370 1793 3891 5371 1849 3892 5372 1839 3893 5373 1795 3894 5374 1798 3895 5375 1849 3896 5376 1796 3897 5377 1841 3898 5378 1844 3899 5379 1798 3900 5380 1800 3901 5381 1842 3902 5382 1839 3903 5383 1798 3904 5384 1844 3905 5385 1842 3906 5386 1798 3907 5387 1846 3908 5388 1800 3909 5389 1802 3910 5390 1846 3911 5391 1844 3912 5392 1800 3913 5393 1806 3914 5394 1803 3915 5395 1801 3916 5396 1825 3917 5397 1802 3918 5398 1805 3919 5399 1846 3920 5400 1802 3921 5401 1825 3922 5402 1828 3923 5403 1805 3924 5404 1811 3925 5405 1828 3926 5406 1825 3927 5407 1805 3928 5408 1830 3929 5409 1811 3930 5410 1813 3931 5411 1830 3932 5412 1828 3933 5413 1811 3934 5414 1832 3935 5415 1813 3936 5416 1815 3937 5417 1832 3938 5418 1830 3939 5419 1813 3940 5420 1834 3941 5421 1815 3942 5422 1817 3943 5423 1834 3944 5424 1832 3945 5425 1815 3946 5426 1837 3947 5427 1818 3948 5428 1820 3949 5429 1836 3950 5430 1834 3951 5431 1817 3952 5432 1892 3953 5433 1820 3954 5434 1822 3955 5435 1890 3956 5436 1837 3957 5437 1820 3958 5438 1892 3959 5439 1890 3960 5440 1820 3961 5441 1894 3962 5442 1822 3963 5443 1824 3964 5444 1894 3965 5445 1892 3966 5446 1822 3967 5447 1894 3968 5448 1824 3969 5449 1857 3970 5450 1889 3971 5451 1827 3972 5452 1829 3973 5453 1883 3974 5454 1847 3975 5455 1826 3976 5456 1888 3977 5457 1883 3978 5458 1826 3979 5459 1901 3980 5460 1829 3981 5461 1831 3982 5462 1889 3983 5463 1829 3984 5464 1886 3985 5465 1896 3986 5466 1886 3987 5467 1829 3988 5468 1898 3989 5469 1896 3990 5470 1829 3991 5471 1901 3992 5472 1898 3993 5473 1829 3994 5474 1903 3995 5475 1831 3996 5476 1833 3997 5477 1903 3998 5478 1901 3999 5479 1831 4000 5480 1907 4001 5481 1833 4002 5482 1835 4003 5483 1905 4004 5484 1903 4005 5485 1833 4006 5486 1907 4007 5487 1905 4008 5488 1833 4009 5489 1907 4010 5490 1835 4011 5491 1838 4012 5492 1909 4013 5493 1838 4014 5494 1891 4015 5495 1909 4016 5496 1907 4017 5497 1838 4018 5498 1879 4019 5499 1840 4020 5500 1843 4021 5501 1877 4022 5502 1848 4023 5503 1840 4024 5504 1879 4025 5505 1877 4026 5506 1840 4027 5507 1881 4028 5508 1843 4029 5509 1845 4030 5510 1881 4031 5511 1879 4032 5512 1843 4033 5513 1883 4034 5514 1845 4035 5515 1847 4036 5516 1883 4037 5517 1881 4038 5518 1845 4039 5519 1875 4040 5520 1850 4041 5521 1848 4042 5522 1877 4043 5523 1875 4044 5524 1848 4045 5525 1871 4046 5526 1852 4047 5527 1850 4048 5528 1873 4049 5529 1871 4050 5530 1850 4051 5531 1875 4052 5532 1873 4053 5533 1850 4054 5534 1869 4055 5535 1854 4056 5536 1852 4057 5537 1871 4058 5538 1869 4059 5539 1852 4060 5540 1859 4061 5541 1856 4062 5542 1854 4063 5543 1861 4064 5544 1859 4065 5545 1854 4066 5546 1864 4067 5547 1861 4068 5548 1854 4069 5549 1866 4070 5550 1864 4071 5551 1854 4072 5552 1869 4073 5553 1866 4074 5554 1854 4075 5555 1915 4076 5556 1858 4077 5557 1860 4078 5558 1915 4079 5559 1895 4080 5560 1858 4081 5561 1915 4082 5562 1860 4083 5563 1862 4084 5564 1959 4085 5565 1863 4086 5566 1865 4087 5567 1957 4088 5568 1916 4089 5569 1863 4090 5570 1959 4091 5571 1957 4092 5572 1863 4093 5573 1959 4094 5574 1865 4095 5575 1868 4096 5576 1942 4097 5577 1867 4098 5578 1870 4099 5579 1959 4100 5580 1868 4101 5581 1943 4102 5582 1920 4103 5583 1870 4104 5584 1872 4105 5585 1920 4106 5586 1917 4107 5587 1870 4108 5588 1942 4109 5589 1870 4110 5590 1917 4111 5591 1922 4112 5592 1872 4113 5593 1874 4114 5594 1922 4115 5595 1920 4116 5596 1872 4117 5597 1924 4118 5598 1874 4119 5599 1876 4120 5600 1924 4121 5601 1922 4122 5602 1874 4123 5603 1926 4124 5604 1876 4125 5605 1878 4126 5606 1926 4127 5607 1924 4128 5608 1876 4129 5609 1926 4130 5610 1878 4131 5611 1880 4132 5612 1929 4133 5613 1880 4134 5614 1882 4135 5615 1929 4136 5616 1926 4137 5617 1880 4138 5618 1931 4139 5619 1882 4140 5620 1884 4141 5621 1931 4142 5622 1929 4143 5623 1882 4144 5624 1888 4145 5625 1885 4146 5626 1883 4147 5627 1933 4148 5628 1884 4149 5629 1887 4150 5630 1933 4151 5631 1931 4152 5632 1884 4153 5633 1935 4154 5634 1887 4155 5635 1897 4156 5636 1935 4157 5637 1933 4158 5638 1887 4159 5639 1911 4160 5640 1891 4161 5641 1893 4162 5642 1911 4163 5643 1909 4164 5644 1891 4165 5645 1915 4166 5646 1893 4167 5647 1895 4168 5648 1913 4169 5649 1911 4170 5650 1893 4171 5651 1915 4172 5652 1913 4173 5653 1893 4174 5654 1935 4175 5655 1897 4176 5656 1899 4177 5657 1941 4178 5658 1900 4179 5659 1902 4180 5660 1940 4181 5661 1935 4182 5662 1899 4183 5663 1946 4184 5664 1902 4185 5665 1904 4186 5666 1941 4187 5667 1902 4188 5668 1938 4189 5669 1944 4190 5670 1938 4191 5671 1902 4192 5672 1946 4193 5673 1944 4194 5674 1902 4195 5675 1948 4196 5676 1904 4197 5677 1906 4198 5678 1948 4199 5679 1946 4200 5680 1904 4201 5681 1950 4202 5682 1906 4203 5683 1908 4204 5684 1950 4205 5685 1948 4206 5686 1906 4207 5687 1950 4208 5688 1908 4209 5689 1910 4210 5690 1952 4211 5691 1910 4212 5692 1912 4213 5693 1952 4214 5694 1950 4215 5695 1910 4216 5696 1955 4217 5697 1912 4218 5698 1914 4219 5699 1955 4220 5700 1952 4221 5701 1912 4222 5702 1955 4223 5703 1914 4224 5704 1916 4225 5705 1957 4226 5706 1955 4227 5707 1916 4228 5708 2672 4229 5709 1919 4230 5710 1921 4231 5711 1959 4232 5712 1943 4233 5713 1918 4234 5714 2670 4235 5715 1960 4236 5716 1919 4237 5717 2672 4238 5718 2670 4239 5719 1919 4240 5720 2676 4241 5721 1921 4242 5722 1923 4243 5723 2674 4244 5724 2672 4245 5725 1921 4246 5726 2676 4247 5727 2674 4248 5728 1921 4249 5729 2680 4250 5730 1923 4251 5731 1925 4252 5732 2678 4253 5733 2676 4254 5734 1923 4255 5735 2680 4256 5736 2678 4257 5737 1923 4258 5738 2682 4259 5739 1925 4260 5740 1928 4261 5741 2682 4262 5742 2680 4263 5743 1925 4264 5744 1997 4265 5745 1927 4266 5746 1930 4267 5747 2682 4268 5748 1928 4269 5749 1998 4270 5750 1996 4271 5751 1930 4272 5752 1932 4273 5753 1997 4274 5754 1930 4275 5755 1996 4276 5756 1995 4277 5757 1932 4278 5758 1934 4279 5759 1996 4280 5760 1932 4281 5761 1995 4282 5762 1994 4283 5763 1934 4284 5764 1936 4285 5765 1995 4286 5766 1934 4287 5767 1994 4288 5768 1940 4289 5769 1937 4290 5770 1935 4291 5771 1945 4292 5772 1936 4293 5773 1939 4294 5774 1994 4295 5775 1936 4296 5776 1945 4297 5777 1993 4298 5778 1945 4299 5779 1947 4300 5780 1994 4301 5781 1945 4302 5782 1993 4303 5783 1992 4304 5784 1947 4305 5785 1949 4306 5786 1993 4307 5787 1947 4308 5788 1992 4309 5789 1991 4310 5790 1949 4311 5791 1951 4312 5792 1992 4313 5793 1949 4314 5794 1991 4315 5795 1991 4316 5796 1951 4317 5797 1953 4318 5798 1990 4319 5799 1954 4320 5800 1956 4321 5801 1991 4322 5802 1953 4323 5803 1989 4324 5804 2664 4325 5805 1956 4326 5806 1958 4327 5807 1990 4328 5808 1956 4329 5809 1987 4330 5810 2662 4331 5811 1987 4332 5812 1956 4333 5813 2664 4334 5814 2662 4335 5815 1956 4336 5816 2666 4337 5817 1958 4338 5818 1960 4339 5819 2666 4340 5820 2664 4341 5821 1958 4342 5822 2668 4343 5823 2666 4344 5824 1960 4345 5825 2670 4346 5826 2668 4347 5827 1960 4348 5828 1996 4349 5829 1964 4350 5830 1961 4351 5831 3182 0 5832 1963 0 5833 1965 0 5834 1997 4352 5835 1996 4353 5836 1961 4354 5837 2682 4355 5838 1998 4356 5839 1962 4357 5840 3180 4358 5841 2683 4358 5842 1963 4358 5843 3182 0 5844 3180 0 5845 1963 0 5846 1996 4359 5847 1966 4360 5848 1964 4361 5849 3186 0 5850 1965 0 5851 1967 0 5852 3184 4362 5853 3182 4362 5854 1965 4362 5855 3186 4363 5856 3184 4363 5857 1965 4363 5858 1995 4364 5859 1968 4365 5860 1966 4366 5861 3172 0 5862 1967 0 5863 1969 0 5864 1996 4367 5865 1995 4368 5866 1966 4369 5867 3186 0 5868 1967 0 5869 3172 0 5870 1994 4370 5871 1970 4371 5872 1968 4372 5873 3170 4373 5874 1969 4373 5875 1971 4373 5876 1995 4374 5877 1994 4375 5878 1968 4376 5879 3172 4377 5880 1969 4377 5881 3170 4377 5882 1994 4378 5883 1972 4379 5884 1970 4380 5885 3168 0 5886 1971 0 5887 1973 0 5888 3170 4381 5889 1971 4381 5890 3168 4381 5891 1993 4382 5892 1974 4383 5893 1972 4384 5894 3143 0 5895 1973 0 5896 1975 0 5897 1994 4385 5898 1993 4386 5899 1972 4387 5900 3168 4388 5901 1973 4388 5902 3143 4388 5903 1993 4389 5904 1976 4390 5905 1974 4391 5906 3139 4392 5907 1975 4392 5908 1977 4392 5909 3139 4393 5910 3136 4393 5911 1975 4393 5912 3143 4394 5913 1975 4394 5914 3136 4394 5915 1993 4395 5916 1978 4396 5917 1976 4397 5918 3139 4398 5919 1977 4398 5920 1979 4398 5921 1992 4399 5922 1980 4400 5923 1978 4401 5924 3141 4402 5925 1979 4402 5926 1981 4402 5927 1993 4403 5928 1992 4404 5929 1978 4405 5930 3141 4406 5931 3139 4406 5932 1979 4406 5933 1992 4407 5934 1982 4408 5935 1980 4409 5936 3145 4410 5937 1981 4410 5938 1983 4410 5939 3145 4411 5940 3141 4411 5941 1981 4411 5942 1991 4412 5943 1984 4413 5944 1982 4414 5945 3147 0 5946 1983 0 5947 1985 0 5948 1992 4415 5949 1991 4416 5950 1982 4417 5951 3147 0 5952 3145 0 5953 1983 0 5954 1989 4418 5955 1986 4419 5956 1984 4420 5957 3149 4421 5958 1985 4421 5959 1988 4421 5960 1991 4422 5961 1989 4423 5962 1984 4424 5963 3149 0 5964 3147 0 5965 1985 0 5966 3151 0 5967 1988 0 5968 2663 0 5969 3151 0 5970 3149 0 5971 1988 0 5972 2098 4425 5973 2002 4426 5974 1999 4427 5975 3200 4428 5976 2001 4428 5977 2003 4428 5978 2103 4429 5979 2098 4430 5980 1999 4431 5981 2156 4432 5982 2104 4433 5983 2000 4434 5984 3200 4435 5985 2157 4435 5986 2001 4435 5987 2098 4436 5988 2004 4437 5989 2002 4438 5990 3198 4439 5991 2003 4439 5992 2005 4439 5993 3200 4440 5994 2003 4440 5995 3198 4440 5996 2096 4441 5997 2006 4442 5998 2004 4443 5999 3196 4444 6000 2005 4444 6001 2007 4444 6002 2098 4445 6003 2096 4446 6004 2004 4447 6005 3198 4448 6006 2005 4448 6007 3196 4448 6008 2096 4449 6009 2008 4450 6010 2006 4451 6011 3194 365 6012 2007 365 6013 2009 365 6014 3196 4452 6015 2007 4452 6016 3194 4452 6017 2079 4453 6018 2010 4454 6019 2008 4455 6020 3191 4456 6021 2009 4456 6022 2011 4456 6023 2081 4457 6024 2079 4458 6025 2008 4459 6026 2085 4460 6027 2081 4461 6028 2008 4462 6029 2087 4463 6030 2085 4464 6031 2008 4465 6032 2090 4466 6033 2087 4467 6034 2008 4468 6035 2092 4469 6036 2090 4470 6037 2008 4471 6038 2096 4472 6039 2092 4473 6040 2008 4474 6041 3194 365 6042 2009 365 6043 3191 365 6044 2075 4475 6045 2012 4476 6046 2010 4477 6047 3191 4478 6048 2011 4478 6049 2013 4478 6050 2079 4479 6051 2075 4480 6052 2010 4481 6053 2075 4482 6054 2014 4483 6055 2012 4484 6056 3216 365 6057 2013 365 6058 2015 365 6059 3216 365 6060 3191 365 6061 2013 365 6062 2062 4485 6063 2016 4486 6064 2014 4487 6065 3218 365 6066 2015 365 6067 2017 365 6068 2075 4488 6069 2062 4489 6070 2014 4490 6071 3218 4491 6072 3216 4491 6073 2015 4491 6074 2060 4492 6075 2018 4493 6076 2016 4494 6077 3218 4495 6078 2017 4495 6079 2019 4495 6080 2062 4496 6081 2060 4497 6082 2016 4498 6083 2058 4499 6084 2020 4500 6085 2018 4501 6086 3222 365 6087 2019 365 6088 2021 365 6089 2060 4502 6090 2058 4503 6091 2018 4504 6092 3220 4505 6093 3218 4505 6094 2019 4505 6095 3222 4506 6096 3220 4506 6097 2019 4506 6098 2056 4507 6099 2022 4508 6100 2020 4509 6101 3224 365 6102 2021 365 6103 2023 365 6104 2058 4510 6105 2056 4511 6106 2020 4512 6107 3224 4513 6108 3222 4513 6109 2021 4513 6110 2054 4514 6111 2024 4515 6112 2022 4516 6113 3226 4517 6114 2023 4517 6115 2025 4517 6116 2056 4518 6117 2054 4519 6118 2022 4520 6119 3226 4521 6120 3224 4521 6121 2023 4521 6122 2050 4522 6123 2026 4523 6124 2024 4524 6125 3228 4525 6126 2025 4525 6127 2027 4525 6128 2054 4526 6129 2050 4527 6130 2024 4528 6131 3228 4529 6132 3226 4529 6133 2025 4529 6134 2031 4530 6135 2028 4531 6136 2026 4532 6137 3232 4533 6138 2027 4533 6139 2030 4533 6140 2033 4534 6141 2031 4535 6142 2026 4536 6143 2037 4537 6144 2033 4538 6145 2026 4539 6146 2039 4540 6147 2037 4541 6148 2026 4542 6149 2043 4543 6150 2039 4544 6151 2026 4545 6152 2045 4546 6153 2043 4547 6154 2026 4548 6155 2048 4549 6156 2045 4550 6157 2026 4551 6158 2050 4552 6159 2048 4553 6160 2026 4554 6161 3230 365 6162 3228 365 6163 2027 365 6164 3232 4555 6165 3230 4555 6166 2027 4555 6167 2131 4556 6168 2029 4557 6169 2032 4558 6170 2131 4559 6171 2119 4560 6172 2029 4561 6173 2132 4562 6174 2029 4563 6175 2119 4564 6176 3234 4565 6177 2030 4566 6178 2133 4567 6179 3234 4568 6180 3232 4568 6181 2030 4568 6182 2131 4569 6183 2032 4570 6184 2036 4571 6185 2114 4572 6186 2034 4573 6187 2038 4574 6188 2116 4575 6189 2034 4576 6190 2114 4577 6191 2130 4578 6192 2035 4579 6193 2117 4580 6194 2114 4581 6195 2038 4582 6196 2040 4583 6197 2369 4584 6198 2041 4585 6199 2044 4586 6200 2370 4587 6201 2115 4588 6202 2042 4589 6203 2366 4590 6204 2044 4591 6205 2046 4592 6206 2366 4593 6207 2358 4594 6208 2044 4595 6209 2374 4596 6210 2044 4597 6211 2358 4598 6212 2371 4599 6213 2369 4600 6214 2044 4601 6215 2374 4602 6216 2371 4603 6217 2044 4604 6218 2276 4605 6219 2047 4606 6220 2049 4607 6221 2368 4608 6222 2047 4609 6223 2276 4610 6224 2367 4611 6225 2366 4612 6226 2046 4613 6227 2276 4614 6228 2049 4615 6229 2053 4616 6230 2232 4617 6231 2051 4617 6232 2055 4617 6233 2232 4618 6234 2215 4618 6235 2051 4618 6236 2275 4619 6237 2052 4620 6238 2216 4621 6239 2234 0 6240 2055 0 6241 2057 0 6242 2234 4622 6243 2232 4622 6244 2055 4622 6245 2234 4623 6246 2057 4623 6247 2059 4623 6248 2063 0 6249 2059 0 6250 2061 0 6251 2244 0 6252 2059 0 6253 2063 0 6254 2236 0 6255 2234 0 6256 2059 0 6257 2239 0 6258 2236 0 6259 2059 0 6260 2241 0 6261 2239 0 6262 2059 0 6263 2244 0 6264 2241 0 6265 2059 0 6266 2068 4624 6267 2064 4625 6268 2062 4626 6269 2263 4627 6270 2063 4627 6271 2065 4627 6272 2070 4628 6273 2068 4629 6274 2062 4630 6275 2073 4631 6276 2070 4632 6277 2062 4633 6278 2075 4634 6279 2073 4635 6280 2062 4636 6281 2244 4637 6282 2063 4637 6283 2097 4637 6284 2263 4638 6285 2097 4639 6286 2063 4640 6287 2549 4641 6288 2067 4642 6289 2069 4643 6290 2538 4644 6291 2264 4645 6292 2066 4646 6293 2541 4647 6294 2066 4648 6295 2529 4649 6296 2549 4650 6297 2530 4651 6298 2067 4652 6299 2541 4653 6300 2538 4654 6301 2066 4655 6302 2549 4656 6303 2069 4657 6304 2071 4658 6305 2550 4659 6306 2072 4660 6307 2074 4661 6308 2562 4662 6309 2074 4663 6310 2076 4664 6311 2550 4665 6312 2074 4666 6313 2546 4667 6314 2551 4668 6315 2546 4669 6316 2074 4670 6317 2553 4671 6318 2551 4672 6319 2074 4673 6320 2559 4674 6321 2553 4675 6322 2074 4676 6323 2562 4677 6324 2559 4678 6325 2074 4679 6326 2623 4680 6327 2077 4681 6328 2080 4682 6329 2622 4683 6330 2563 4684 6331 2078 4685 6332 2623 4686 6333 2621 4687 6334 2077 4688 6335 2623 4689 6336 2080 4690 6337 2082 4691 6338 2635 4692 6339 2084 4693 6340 2086 4694 6341 2634 4695 6342 2624 4696 6343 2083 4697 6344 2660 4698 6345 2086 4699 6346 2089 4700 6347 2635 4701 6348 2086 4702 6349 2633 4703 6350 2641 4704 6351 2633 4705 6352 2086 4706 6353 2641 4707 6354 2086 4708 6355 2638 4709 6356 2660 4710 6357 2638 4711 6358 2086 4712 6359 2532 4713 6360 2088 4714 6361 2091 4715 6362 2658 4716 6363 2088 4717 6364 2532 4718 6365 2660 4719 6366 2089 4720 6367 2659 4721 6368 2532 4722 6369 2091 4723 6370 2095 4724 6371 2263 0 6372 2093 0 6373 2097 0 6374 2531 4725 6375 2094 4726 6376 2264 4727 6377 2102 4728 6378 2097 4728 6379 2099 4728 6380 2262 0 6381 2097 0 6382 2102 0 6383 2246 0 6384 2244 0 6385 2097 0 6386 2248 0 6387 2246 0 6388 2097 0 6389 2262 0 6390 2248 0 6391 2097 0 6392 2103 4729 6393 2100 4730 6394 2098 4731 6395 2156 4732 6396 2101 4733 6397 2104 4734 6398 2158 4735 6399 2101 4736 6400 2156 4737 6401 2262 0 6402 2102 0 6403 2159 0 6404 2116 4738 6405 2108 4739 6406 2105 4740 6407 2129 4741 6408 2107 4741 6409 2109 4741 6410 2122 4742 6411 2117 4743 6412 2106 4744 6413 2128 4745 6414 2122 4746 6415 2106 4747 6416 2116 4748 6417 2110 4749 6418 2108 4750 6419 2129 0 6420 2109 0 6421 2113 0 6422 2116 4751 6423 2114 4752 6424 2110 4753 6425 2377 4754 6426 2112 4755 6427 2115 4756 6428 2129 0 6429 2113 0 6430 2127 0 6431 2379 0 6432 2127 0 6433 2113 0 6434 2376 4757 6435 2363 4758 6436 2111 4759 6437 2378 0 6438 2111 0 6439 2363 0 6440 2373 4760 6441 2115 4761 6442 2370 4762 6443 2377 4763 6444 2115 4764 6445 2373 4765 6446 2122 4766 6447 2118 4767 6448 2117 4768 6449 2130 4769 6450 2117 4770 6451 2118 4771 6452 2334 4772 6453 2121 4773 6454 2123 4774 6455 2202 4775 6456 2132 4776 6457 2119 4777 6458 2213 4778 6459 2202 4779 6460 2119 4780 6461 2333 4781 6462 2214 4782 6463 2120 4783 6464 2128 4784 6465 2124 4785 6466 2122 4786 6467 2334 4787 6468 2123 4788 6469 2126 4789 6470 2336 4790 6471 2334 4791 6472 2126 4792 6473 2337 4793 6474 2335 4794 6475 2125 4795 6476 2339 4796 6477 2337 4797 6478 2125 4798 6479 2342 0 6480 2339 0 6481 2125 0 6482 2379 4799 6483 2343 4799 6484 2127 4799 6485 2202 4800 6486 2134 4801 6487 2132 4802 6488 3236 4803 6489 2133 4803 6490 2135 4803 6491 3236 365 6492 3234 365 6493 2133 365 6494 2202 4804 6495 2136 4805 6496 2134 4806 6497 3238 4807 6498 2135 4807 6499 2137 4807 6500 3238 4808 6501 3236 4808 6502 2135 4808 6503 2200 4809 6504 2138 4810 6505 2136 4811 6506 3240 4812 6507 2137 4812 6508 2139 4812 6509 2202 4813 6510 2200 4814 6511 2136 4815 6512 3240 365 6513 3238 365 6514 2137 365 6515 2143 4816 6516 2139 4816 6517 2141 4816 6518 2200 4817 6519 2140 4818 6520 2138 4819 6521 3214 365 6522 2139 365 6523 2143 365 6524 3240 365 6525 2139 365 6526 3214 365 6527 2198 4820 6528 2142 4821 6529 2140 4822 6530 2200 4823 6531 2198 4824 6532 2140 4825 6533 2196 4826 6534 2144 4827 6535 2142 4828 6536 3212 365 6537 2143 365 6538 2145 365 6539 2198 4829 6540 2196 4830 6541 2142 4831 6542 3214 365 6543 2143 365 6544 3212 365 6545 2194 4832 6546 2146 4833 6547 2144 4834 6548 3210 4835 6549 2145 4835 6550 2147 4835 6551 2196 4836 6552 2194 4837 6553 2144 4838 6554 3212 4839 6555 2145 4839 6556 3210 4839 6557 2194 4840 6558 2148 4841 6559 2146 4842 6560 3210 4843 6561 2147 4843 6562 2149 4843 6563 2177 4844 6564 2150 4845 6565 2148 4846 6566 3208 365 6567 2149 365 6568 2151 365 6569 2179 4847 6570 2177 4848 6571 2148 4849 6572 2183 4850 6573 2179 4851 6574 2148 4852 6575 2185 4853 6576 2183 4854 6577 2148 4855 6578 2188 4856 6579 2185 4857 6580 2148 4858 6581 2190 4859 6582 2188 4860 6583 2148 4861 6584 2194 4862 6585 2190 4863 6586 2148 4864 6587 3210 4865 6588 2149 4865 6589 3208 4865 6590 2173 4866 6591 2152 4867 6592 2150 4868 6593 3206 365 6594 2151 365 6595 2153 365 6596 2177 4869 6597 2173 4870 6598 2150 4871 6599 3208 4872 6600 2151 4872 6601 3206 4872 6602 2160 4873 6603 2154 4874 6604 2152 4875 6605 3204 365 6606 2153 365 6607 2155 365 6608 2173 4876 6609 2160 4877 6610 2152 4878 6611 3206 4879 6612 2153 4879 6613 3204 4879 6614 2158 4880 6615 2156 4881 6616 2154 4882 6617 3202 4883 6618 2155 4883 6619 2157 4883 6620 2160 4884 6621 2158 4885 6622 2154 4886 6623 3204 4887 6624 2155 4887 6625 3202 4887 6626 3202 4888 6627 2157 4888 6628 3200 4888 6629 2262 4889 6630 2159 4889 6631 2161 4889 6632 2166 4890 6633 2162 4891 6634 2160 4892 6635 2258 0 6636 2161 0 6637 2163 0 6638 2168 4893 6639 2166 4894 6640 2160 4895 6641 2171 4896 6642 2168 4897 6643 2160 4898 6644 2173 4899 6645 2171 4900 6646 2160 4901 6647 2258 4902 6648 2256 4902 6649 2161 4902 6650 2262 4903 6651 2161 4903 6652 2256 4903 6653 2413 4904 6654 2165 4905 6655 2167 4906 6656 2260 4907 6657 2258 4907 6658 2163 4907 6659 2405 4908 6660 2261 4909 6661 2164 4910 6662 2405 4911 6663 2164 4912 6664 2393 4913 6665 2413 4914 6666 2394 4915 6667 2165 4916 6668 2413 4917 6669 2167 4918 6670 2169 4919 6671 2414 4920 6672 2170 4921 6673 2172 4922 6674 2426 4923 6675 2172 4924 6676 2174 4925 6677 2414 4926 6678 2172 4927 6679 2410 4928 6680 2415 4929 6681 2410 4930 6682 2172 4931 6683 2417 4932 6684 2415 4933 6685 2172 4934 6686 2423 4935 6687 2417 4936 6688 2172 4937 6689 2426 4938 6690 2423 4939 6691 2172 4940 6692 2487 4941 6693 2175 4942 6694 2178 4943 6695 2486 4944 6696 2427 4945 6697 2176 4946 6698 2487 4947 6699 2485 4948 6700 2175 4949 6701 2487 4950 6702 2178 4951 6703 2180 4952 6704 2499 4953 6705 2182 4954 6706 2184 4955 6707 2498 4956 6708 2488 4957 6709 2181 4958 6710 2524 4959 6711 2184 4960 6712 2187 4961 6713 2499 4962 6714 2184 4963 6715 2497 4964 6716 2505 4965 6717 2497 4966 6718 2184 4967 6719 2505 4968 6720 2184 4969 6721 2502 4970 6722 2524 4971 6723 2502 4972 6724 2184 4973 6725 2396 4974 6726 2186 4975 6727 2189 4976 6728 2522 4977 6729 2186 4978 6730 2396 4979 6731 2524 4980 6732 2187 4981 6733 2523 4982 6734 2396 4983 6735 2189 4984 6736 2193 4985 6737 2258 4986 6738 2191 4986 6739 2195 4986 6740 2260 0 6741 2191 0 6742 2258 0 6743 2395 4987 6744 2192 4988 6745 2261 4989 6746 2199 0 6747 2195 0 6748 2197 0 6749 2268 4990 6750 2195 4990 6751 2199 4990 6752 2265 0 6753 2258 0 6754 2195 0 6755 2268 0 6756 2265 0 6757 2195 0 6758 2203 4991 6759 2199 4991 6760 2201 4991 6761 2222 4992 6762 2199 4992 6763 2203 4992 6764 2273 0 6765 2199 0 6766 2222 0 6767 2270 0 6768 2268 0 6769 2199 0 6770 2273 0 6771 2270 0 6772 2199 0 6773 2208 4993 6774 2204 4994 6775 2202 4995 6776 2222 0 6777 2203 0 6778 2205 0 6779 2210 4996 6780 2208 4997 6781 2202 4998 6782 2213 4999 6783 2210 5000 6784 2202 5001 6785 2327 5002 6786 2207 5003 6787 2209 5004 6788 2229 0 6789 2205 0 6790 2220 0 6791 2292 5005 6792 2221 5006 6793 2206 5007 6794 2224 0 6795 2222 0 6796 2205 0 6797 2227 5008 6798 2224 5008 6799 2205 5008 6800 2229 5009 6801 2227 5009 6802 2205 5009 6803 2292 5010 6804 2206 5011 6805 2290 5012 6806 2327 5013 6807 2291 5014 6808 2207 5015 6809 2327 5016 6810 2209 5017 6811 2212 5018 6812 2326 5019 6813 2211 5020 6814 2214 5021 6815 2325 5022 6816 2296 5023 6817 2214 5024 6818 2326 5025 6819 2214 5026 6820 2296 5027 6821 2325 5028 6822 2214 5029 6823 2321 5030 6824 2330 5031 6825 2321 5032 6826 2214 5033 6827 2333 5034 6828 2330 5035 6829 2214 5036 6830 2229 0 6831 2217 0 6832 2215 0 6833 2280 5037 6834 2216 5038 6835 2218 5039 6836 2232 0 6837 2229 0 6838 2215 0 6839 2277 5040 6840 2275 5041 6841 2216 5042 6842 2280 5043 6843 2277 5044 6844 2216 5045 6845 2229 0 6846 2220 0 6847 2217 0 6848 2286 5046 6849 2219 5047 6850 2221 5048 6851 2285 5049 6852 2280 5050 6853 2218 5051 6854 2286 5052 6855 2221 5053 6856 2283 5054 6857 2292 5055 6858 2283 5056 6859 2221 5057 6860 2870 5058 6861 2223 5058 6862 2225 5058 6863 2873 5059 6864 2274 5059 6865 2223 5059 6866 2873 5060 6867 2223 5060 6868 2870 5060 6869 2871 5061 6870 2226 5062 6871 2228 5063 6872 2868 5064 6873 2228 5065 6874 2231 5066 6875 2871 5067 6876 2228 5068 6877 2868 5069 6878 2865 5070 6879 2230 5070 6880 2233 5070 6881 2868 5071 6882 2231 5072 6883 2866 5073 6884 2863 5074 6885 2233 5074 6886 2235 5074 6887 2865 5075 6888 2233 5075 6889 2863 5075 6890 2860 5076 6891 2235 5076 6892 2237 5076 6893 2863 5077 6894 2235 5077 6895 2860 5077 6896 2861 5078 6897 2238 5079 6898 2240 5080 6899 2858 5081 6900 2240 5082 6901 2243 5083 6902 2861 5084 6903 2240 5085 6904 2858 5086 6905 2855 5087 6906 2242 5087 6907 2245 5087 6908 2858 5088 6909 2243 5089 6910 2856 5090 6911 2855 5091 6912 2245 5091 6913 2247 5091 6914 2853 5092 6915 2247 5092 6916 2249 5092 6917 2855 5093 6918 2247 5093 6919 2853 5093 6920 2262 5094 6921 2251 5095 6922 2248 5096 6923 2851 5097 6924 2250 5098 6925 2252 5099 6926 2853 5100 6927 2249 5100 6928 2850 5100 6929 2262 5101 6930 2253 5101 6931 2251 5101 6932 2888 5102 6933 2252 5103 6934 2255 5104 6935 2888 5105 6936 2851 5106 6937 2252 5107 6938 2262 0 6939 2256 0 6940 2253 0 6941 2885 5108 6942 2254 5108 6943 2257 5108 6944 2888 5109 6945 2255 5110 6946 2886 5111 6947 2883 5112 6948 2257 5112 6949 2259 5112 6950 2885 5113 6951 2257 5113 6952 2883 5113 6953 2880 5114 6954 2259 5114 6955 2266 5114 6956 2883 5115 6957 2259 5115 6958 2880 5115 6959 2397 5116 6960 2395 5117 6961 2261 5118 6962 2400 5119 6963 2397 5120 6964 2261 5121 6965 2402 5122 6966 2400 5123 6967 2261 5124 6968 2405 5125 6969 2402 5126 6970 2261 5127 6971 2533 5128 6972 2531 5129 6973 2264 5130 6974 2536 5131 6975 2533 5132 6976 2264 5133 6977 2538 5134 6978 2536 5135 6979 2264 5136 6980 2881 5137 6981 2267 5138 6982 2269 5139 6983 2878 5140 6984 2269 5141 6985 2272 5142 6986 2881 5143 6987 2269 5144 6988 2878 5145 6989 2875 5146 6990 2271 5146 6991 2274 5146 6992 2878 5147 6993 2272 5148 6994 2876 5149 6995 2875 5060 6996 2274 5060 6997 2873 5060 6998 2368 5150 6999 2276 5151 7000 2279 5152 7001 2310 5153 7002 2278 5154 7003 2281 5155 7004 2306 5156 7005 2300 5157 7006 2278 5158 7007 2368 5159 7008 2279 5160 7009 2301 5161 7010 2310 5162 7011 2306 5163 7012 2278 5164 7013 2285 5165 7014 2282 5166 7015 2280 5167 7016 2310 5168 7017 2281 5169 7018 2284 5170 7019 2312 5171 7020 2284 5172 7021 2293 5173 7022 2312 5174 7023 2310 5175 7024 2284 5176 7025 2292 5177 7026 2290 5178 7027 2287 5179 7028 2299 5180 7029 2289 5181 7030 2291 5182 7031 2314 5183 7032 2293 5184 7033 2288 5185 7034 2314 5186 7035 2288 5187 7036 2298 5188 7037 2299 5189 7038 2291 5190 7039 2297 5191 7040 2327 5192 7041 2297 5193 7042 2291 5194 7043 2314 5195 7044 2312 5196 7045 2293 5197 7046 2314 5198 7047 2298 5199 7048 2294 5200 7049 2316 5201 7050 2314 5202 7051 2294 5203 7052 2324 5204 7053 2317 5204 7054 2295 5204 7055 2306 5205 7056 2302 5206 7057 2300 5207 7058 2368 5208 7059 2301 5209 7060 2305 5210 7061 2357 5211 7062 2303 5211 7063 2309 5211 7064 2365 5212 7065 2303 5212 7066 2357 5212 7067 2367 5213 7068 2304 5214 7069 2366 5215 7070 2349 5216 7071 2307 5217 7072 2311 5218 7073 2356 5219 7074 2308 5220 7075 2350 5221 7076 2351 5222 7077 2311 5223 7078 2313 5224 7079 2351 5225 7080 2349 5226 7081 2311 5227 7082 2354 5228 7083 2313 5229 7084 2315 5230 7085 2354 5231 7086 2351 5232 7087 2313 5233 7088 2354 5234 7089 2315 5235 7090 2319 5236 7091 2324 5237 7092 2320 5237 7093 2317 5237 7094 2338 5238 7095 2318 5239 7096 2323 5240 7097 2344 5241 7098 2318 5242 7099 2338 5243 7100 2354 5244 7101 2319 5245 7102 2345 5246 7103 2330 5247 7104 2328 5248 7105 2321 5249 7106 2335 5250 7107 2322 5251 7108 2329 5252 7109 2337 5253 7110 2322 5254 7111 2335 5255 7112 2335 5256 7113 2329 5257 7114 2331 5258 7115 2336 5259 7116 2332 5260 7117 2334 5261 7118 2344 5262 7119 2338 5263 7120 2340 5264 7121 2364 5265 7122 2341 5265 7123 2343 5265 7124 2346 5266 7125 2344 5267 7126 2340 5268 7127 2383 0 7128 2348 0 7129 2341 0 7130 2385 5269 7131 2341 5269 7132 2364 5269 7133 2385 0 7134 2383 0 7135 2341 0 7136 2379 5270 7137 2364 5270 7138 2343 5270 7139 2354 5271 7140 2345 5272 7141 2347 5273 7142 2380 0 7143 2355 0 7144 2348 0 7145 2383 5274 7146 2380 5274 7147 2348 5274 7148 2360 5275 7149 2350 5276 7150 2352 5277 7151 2360 5278 7152 2356 5279 7153 2350 5280 7154 2388 0 7155 2353 0 7156 2355 0 7157 2362 5281 7158 2360 5282 7159 2352 5283 7160 2385 5284 7161 2364 5284 7162 2353 5284 7163 2388 0 7164 2385 0 7165 2353 0 7166 2388 0 7167 2355 0 7168 2380 0 7169 2375 5285 7170 2359 5286 7171 2361 5287 7172 2376 5288 7173 2361 5289 7174 2363 5290 7175 2375 5291 7176 2361 5292 7177 2372 5293 7178 2376 5294 7179 2372 5295 7180 2361 5296 7181 3041 5297 7182 2381 5298 7183 2384 5299 7184 3044 5300 7185 2389 5301 7186 2382 5302 7187 3044 5303 7188 2382 5304 7189 3042 5305 7190 3049 5306 7191 2384 5307 7192 2386 5308 7193 3049 5309 7194 3041 5310 7195 2384 5311 7196 3047 5312 7197 2387 5313 7198 2389 5314 7199 3049 5315 7200 2386 5316 7201 3046 5317 7202 3047 5318 7203 2389 5319 7204 3044 5320 7205 2405 5321 7206 2393 5322 7207 2390 5323 7208 2407 5324 7209 2391 5325 7210 2394 5326 7211 2436 5327 7212 2406 5328 7213 2392 5329 7214 2436 5330 7215 2392 5331 7216 2408 5332 7217 2409 5333 7218 2407 5334 7219 2394 5335 7220 2413 5336 7221 2409 5337 7222 2394 5338 7223 2522 5339 7224 2396 5340 7225 2399 5341 7226 2515 5342 7227 2398 5343 7228 2401 5344 7229 2515 5345 7230 2512 5346 7231 2398 5347 7232 2516 5348 7233 2398 5349 7234 2512 5350 7235 2522 5351 7236 2399 5352 7237 2517 5353 7238 2515 5354 7239 2401 5355 7240 2404 5356 7241 2432 5357 7242 2403 5358 7243 2406 5359 7244 2515 5360 7245 2404 5361 7246 2435 5362 7247 2436 5363 7248 2432 5364 7249 2406 5365 7250 2436 5366 7251 2408 5367 7252 2412 5368 7253 2428 5369 7254 2411 5369 7255 2416 5369 7256 2436 5370 7257 2412 5371 7258 2429 5372 7259 2428 5373 7260 2416 5373 7261 2418 5373 7262 2423 5374 7263 2421 5375 7264 2417 5376 7265 2490 5377 7266 2419 5378 7267 2422 5379 7268 2492 5380 7269 2431 5381 7270 2420 5382 7271 2491 5383 7272 2419 5384 7273 2490 5385 7274 2490 5386 7275 2422 5387 7276 2425 5388 7277 2489 5389 7278 2424 5390 7279 2427 5391 7280 2486 5392 7281 2452 5393 7282 2427 5394 7283 2489 5395 7284 2427 5396 7285 2452 5397 7286 2441 5398 7287 2437 5399 7288 2430 5400 7289 2446 5401 7290 2441 5402 7291 2430 5403 7292 2492 5404 7293 2447 5405 7294 2431 5406 7295 2448 5407 7296 2433 5408 7297 2437 5409 7298 2514 5410 7299 2434 5411 7300 2449 5412 7301 2441 5413 7302 2438 5414 7303 2437 5415 7304 2448 5416 7305 2437 5417 7306 2438 5418 7307 2480 5419 7308 2439 5419 7309 2442 5419 7310 2509 5420 7311 2449 5421 7312 2440 5422 7313 2480 5423 7314 2459 5423 7315 2439 5423 7316 2509 5424 7317 2440 5425 7318 2460 5426 7319 2446 5427 7320 2443 5428 7321 2441 5429 7322 2480 5430 7323 2442 5430 7324 2444 5430 7325 2458 5431 7326 2445 5432 7327 2447 5433 7328 2475 5434 7329 2444 5434 7330 2456 5434 7331 2483 0 7332 2444 0 7333 2475 0 7334 2483 0 7335 2480 0 7336 2444 0 7337 2492 5435 7338 2458 5436 7339 2447 5437 7340 2511 5438 7341 2449 5439 7342 2509 5440 7343 2514 5441 7344 2449 5442 7345 2511 5443 7346 2457 0 7347 2453 0 7348 2455 0 7349 2467 5444 7350 2454 5444 7351 2450 5444 7352 2491 5445 7353 2453 5446 7354 2457 5447 7355 2469 5448 7356 2467 5448 7357 2450 5448 7358 2473 0 7359 2469 0 7360 2450 0 7361 2485 5449 7362 2474 5450 7363 2451 5451 7364 2491 5452 7365 2490 5453 7366 2453 5454 7367 2464 5455 7368 2456 5455 7369 2454 5455 7370 2467 0 7371 2464 0 7372 2454 0 7373 2464 5456 7374 2461 5456 7375 2456 5456 7376 2478 0 7377 2456 0 7378 2461 0 7379 2478 5457 7380 2475 5457 7381 2456 5457 7382 2478 0 7383 2461 0 7384 2459 0 7385 2509 5458 7386 2460 5459 7387 2463 5460 7388 2480 5461 7389 2478 5461 7390 2459 5461 7391 2507 5462 7392 2462 5463 7393 2466 5464 7394 2508 5465 7395 2462 5466 7396 2507 5467 7397 2472 0 7398 2465 0 7399 2468 0 7400 2494 5468 7401 2465 5469 7402 2472 5470 7403 2506 5471 7404 2465 5472 7405 2494 5473 7406 2485 5474 7407 2470 5475 7408 2474 5476 7409 2487 5477 7410 2470 5478 7411 2485 5479 7412 2493 5480 7413 2471 5481 7414 2488 5482 7415 3031 5297 7416 2476 5298 7417 2479 5299 7418 3034 5300 7419 2484 5301 7420 2477 5302 7421 3034 5303 7422 2477 5304 7423 3032 5305 7424 3039 5306 7425 2479 5307 7426 2481 5308 7427 3039 5309 7428 3031 5310 7429 2479 5311 7430 3037 5312 7431 2482 5313 7432 2484 5314 7433 3039 5315 7434 2481 5316 7435 3036 5317 7436 3037 5318 7437 2484 5319 7438 3034 5320 7439 2495 5483 7440 2493 5484 7441 2488 5485 7442 2498 5486 7443 2495 5487 7444 2488 5488 7445 2506 5489 7446 2494 5490 7447 2496 5491 7448 2506 5492 7449 2496 5493 7450 2504 5494 7451 2506 5495 7452 2504 5496 7453 2500 5497 7454 2508 5498 7455 2507 5499 7456 2501 5500 7457 2510 5501 7458 2508 5502 7459 2501 5503 7460 2521 5504 7461 2513 5504 7462 2503 5504 7463 2525 5505 7464 2521 5505 7465 2503 5505 7466 2518 5506 7467 2516 5507 7468 2512 5508 7469 2522 5509 7470 2517 5510 7471 2519 5511 7472 2524 5512 7473 2523 5513 7474 2520 5514 7475 2541 5515 7476 2529 5516 7477 2526 5517 7478 2543 5518 7479 2527 5519 7480 2530 5520 7481 2572 5521 7482 2542 5522 7483 2528 5523 7484 2572 5524 7485 2528 5525 7486 2544 5526 7487 2545 5527 7488 2543 5528 7489 2530 5529 7490 2549 5530 7491 2545 5531 7492 2530 5532 7493 2658 5533 7494 2532 5534 7495 2535 5535 7496 2651 5536 7497 2534 5537 7498 2537 5538 7499 2651 5539 7500 2648 5540 7501 2534 5541 7502 2652 5542 7503 2534 5543 7504 2648 5544 7505 2658 5545 7506 2535 5546 7507 2653 5547 7508 2651 5548 7509 2537 5549 7510 2540 5550 7511 2568 5551 7512 2539 5552 7513 2542 5553 7514 2651 5554 7515 2540 5555 7516 2571 5556 7517 2572 5557 7518 2568 5558 7519 2542 5559 7520 2572 5560 7521 2544 5561 7522 2548 5562 7523 2564 5563 7524 2547 5563 7525 2552 5563 7526 2572 5564 7527 2548 5565 7528 2565 5566 7529 2564 5567 7530 2552 5567 7531 2554 5567 7532 2559 5568 7533 2557 5569 7534 2553 5570 7535 2626 5571 7536 2555 5572 7537 2558 5573 7538 2628 5574 7539 2567 5575 7540 2556 5576 7541 2627 5577 7542 2555 5578 7543 2626 5579 7544 2626 5580 7545 2558 5581 7546 2561 5582 7547 2625 5583 7548 2560 5584 7549 2563 5585 7550 2622 5586 7551 2588 5587 7552 2563 5588 7553 2625 5589 7554 2563 5590 7555 2588 5591 7556 2582 5592 7557 2573 5593 7558 2566 5594 7559 2628 5595 7560 2583 5596 7561 2567 5597 7562 2582 5598 7563 2569 5599 7564 2573 5600 7565 2584 5601 7566 2569 5602 7567 2582 5603 7568 2596 5604 7569 2570 5605 7570 2585 5606 7571 2650 5607 7572 2570 5608 7573 2596 5609 7574 2584 5610 7575 2577 5611 7576 2574 5612 7577 2614 0 7578 2575 0 7579 2578 0 7580 2596 5613 7581 2585 5614 7582 2576 5615 7583 2614 0 7584 2595 0 7585 2575 0 7586 2584 5616 7587 2579 5617 7588 2577 5618 7589 2614 0 7590 2578 0 7591 2580 0 7592 2584 5619 7593 2582 5620 7594 2579 5621 7595 2594 5622 7596 2581 5623 7597 2583 5624 7598 2616 5625 7599 2580 5625 7600 2592 5625 7601 2616 0 7602 2614 0 7603 2580 0 7604 2628 5626 7605 2594 5627 7606 2583 5628 7607 2593 0 7608 2589 0 7609 2591 0 7610 2603 0 7611 2590 0 7612 2586 0 7613 2627 5629 7614 2589 5630 7615 2593 5631 7616 2605 0 7617 2603 0 7618 2586 0 7619 2609 0 7620 2605 0 7621 2586 0 7622 2621 5632 7623 2610 5633 7624 2587 5634 7625 2627 5635 7626 2626 5636 7627 2589 5637 7628 2600 0 7629 2592 0 7630 2590 0 7631 2603 0 7632 2600 0 7633 2590 0 7634 2600 5638 7635 2597 5638 7636 2592 5638 7637 2619 5639 7638 2592 5639 7639 2597 5639 7640 2619 5640 7641 2616 5640 7642 2592 5640 7643 2614 0 7644 2597 0 7645 2595 0 7646 2650 5641 7647 2596 5642 7648 2599 5643 7649 2643 5644 7650 2598 5645 7651 2602 5646 7652 2614 5647 7653 2611 5647 7654 2597 5647 7655 2619 5648 7656 2597 5648 7657 2611 5648 7658 2644 5649 7659 2598 5650 7660 2643 5651 7661 2650 5652 7662 2599 5653 7663 2645 5654 7664 2608 0 7665 2601 0 7666 2604 0 7667 2630 5655 7668 2601 5656 7669 2608 5657 7670 2642 5658 7671 2601 5659 7672 2630 5660 7673 2621 5661 7674 2606 5662 7675 2610 5663 7676 2623 5664 7677 2606 5665 7678 2621 5666 7679 2629 5667 7680 2607 5668 7681 2624 5669 7682 3051 5670 7683 2612 5671 7684 2615 5672 7685 3054 5673 7686 2620 5674 7687 2613 5675 7688 3054 5676 7689 2613 5677 7690 3052 5678 7691 3059 5679 7692 2615 5680 7693 2617 5681 7694 3059 5682 7695 3051 5683 7696 2615 5684 7697 3057 5685 7698 2618 5686 7699 2620 5687 7700 3059 5688 7701 2617 5689 7702 3056 5690 7703 3057 5691 7704 2620 5692 7705 3054 5693 7706 2631 5694 7707 2629 5695 7708 2624 5696 7709 2634 5697 7710 2631 5698 7711 2624 5699 7712 2642 5700 7713 2630 5701 7714 2632 5702 7715 2642 5703 7716 2632 5704 7717 2640 5705 7718 2642 5706 7719 2640 5707 7720 2636 5708 7721 2644 5709 7722 2643 5710 7723 2637 5711 7724 2646 5712 7725 2644 5713 7726 2637 5714 7727 2657 5715 7728 2649 5715 7729 2639 5715 7730 2661 5716 7731 2657 5716 7732 2639 5716 7733 2650 5717 7734 2645 5718 7735 2647 5719 7736 2654 5720 7737 2652 5721 7738 2648 5722 7739 2658 5723 7740 2653 5724 7741 2655 5725 7742 2660 5726 7743 2659 5727 7744 2656 5728 7745 3155 0 7746 2663 0 7747 2665 0 7748 3153 5729 7749 3151 5729 7750 2663 5729 7751 3155 5730 7752 3153 5730 7753 2663 5730 7754 3157 4410 7755 2665 4410 7756 2667 4410 7757 3157 5731 7758 3155 5731 7759 2665 5731 7760 3159 5732 7761 2667 5732 7762 2669 5732 7763 3159 5733 7764 3157 5733 7765 2667 5733 7766 3161 0 7767 2669 0 7768 2671 0 7769 3161 5734 7770 3159 5734 7771 2669 5734 7772 3163 0 7773 2671 0 7774 2673 0 7775 3163 0 7776 3161 0 7777 2671 0 7778 3188 5735 7779 2673 5735 7780 2675 5735 7781 3166 4394 7782 3163 4394 7783 2673 4394 7784 3188 5736 7785 3166 5736 7786 2673 5736 7787 3188 0 7788 2675 0 7789 2677 0 7790 3188 5737 7791 2677 5737 7792 2679 5737 7793 3176 0 7794 2679 0 7795 2681 0 7796 3176 4377 7797 3174 4377 7798 2679 4377 7799 3188 5738 7800 2679 5738 7801 3174 5738 7802 3178 0 7803 2681 0 7804 2683 0 7805 3178 5739 7806 3176 5739 7807 2681 5739 7808 3180 0 7809 3178 0 7810 2683 0 7811 2716 5740 7812 2686 5741 7813 2684 5742 7814 3086 5743 7815 2685 5743 7816 2687 5743 7817 2718 5744 7818 2716 5745 7819 2684 5746 7820 3088 5747 7821 2685 5747 7822 3086 5747 7823 3094 5748 7824 2685 5748 7825 3088 5748 7826 2714 5749 7827 2688 5750 7828 2686 5751 7829 3084 0 7830 2687 0 7831 2689 0 7832 2716 5752 7833 2714 5753 7834 2686 5754 7835 3086 0 7836 2687 0 7837 3084 0 7838 2712 5755 7839 2690 5756 7840 2688 5757 7841 3065 5758 7842 2689 5758 7843 2691 5758 7844 2714 5759 7845 2712 5760 7846 2688 5761 7847 3084 1443 7848 2689 1443 7849 3065 1443 7850 2710 5762 7851 2692 5763 7852 2690 5764 7853 3060 5765 7854 2691 5765 7855 2693 5765 7856 2712 5766 7857 2710 5767 7858 2690 5768 7859 3065 0 7860 2691 0 7861 3060 0 7862 2708 5769 7863 2694 5770 7864 2692 5771 7865 3060 0 7866 2693 0 7867 2695 0 7868 2710 5772 7869 2708 5773 7870 2692 5774 7871 2706 5775 7872 2696 5776 7873 2694 5777 7874 3063 1439 7875 2695 1439 7876 2697 1439 7877 2708 5778 7878 2706 5779 7879 2694 5780 7880 3063 5781 7881 3060 5781 7882 2695 5781 7883 2702 5782 7884 2698 5783 7885 2696 5784 7886 3067 0 7887 2697 0 7888 2699 0 7889 2704 5785 7890 2702 5786 7891 2696 5787 7892 2706 5788 7893 2704 5789 7894 2696 5790 7895 3067 5791 7896 3063 5791 7897 2697 5791 7898 2702 5792 7899 2700 5793 7900 2698 5794 7901 3069 0 7902 3067 0 7903 2699 0 7904 2780 5795 7905 2725 5795 7906 2722 5795 7907 3011 5796 7908 2723 5796 7909 2726 5796 7910 2770 5797 7911 2767 5797 7912 2854 5797 7913 2854 5798 7914 2722 5798 7915 2770 5798 7916 3012 5799 7917 2771 5799 7918 2724 5799 7919 2854 0 7920 2780 0 7921 2722 0 7922 2780 5800 7923 2727 5800 7924 2725 5800 7925 2923 5801 7926 2726 5802 7927 2728 5803 7928 2925 5804 7929 2726 5805 7930 2923 5804 7931 3011 5806 7932 2726 5807 7933 2925 5806 7934 2777 5808 7935 2730 5808 7936 2727 5808 7937 2921 5809 7938 2729 5810 7939 2731 5811 7940 2780 5812 7941 2777 5812 7942 2727 5812 7943 2923 5813 7944 2728 5814 7945 2920 5815 7946 2777 5816 7947 2732 5816 7948 2730 5816 7949 2918 5817 7950 2731 5818 7951 2733 5819 7952 2921 5820 7953 2731 5821 7954 2918 5822 7955 2777 5823 7956 2734 5823 7957 2732 5823 7958 2916 5824 7959 2733 5825 7960 2735 5826 7961 2918 5827 7962 2733 5828 7963 2916 5829 7964 2777 5830 7965 2736 5830 7966 2734 5830 7967 2914 5831 7968 2735 5832 7969 2737 5833 7970 2916 5834 7971 2735 5835 7972 2914 5836 7973 2777 5837 7974 2738 5837 7975 2736 5837 7976 2910 5838 7977 2737 5839 7978 2739 5840 7979 2912 5841 7980 2737 5842 7981 2910 5843 7982 2914 5844 7983 2737 5845 7984 2912 5846 7985 2777 5847 7986 2740 5847 7987 2738 5847 7988 2908 5848 7989 2739 5849 7990 2741 5850 7991 2910 5851 7992 2739 5852 7993 2908 5853 7994 2777 5854 7995 2742 5854 7996 2740 5854 7997 2906 5855 7998 2741 5856 7999 2743 5857 8000 2908 5858 8001 2741 5859 8002 2906 5860 8003 2777 5861 8004 2744 5861 8005 2742 5861 8006 2906 5862 8007 2743 5863 8008 2745 5864 8009 2777 5865 8010 2747 5865 8011 2744 5865 8012 2904 5866 8013 2746 5867 8014 2748 5868 8015 2906 5869 8016 2745 5870 8017 2903 5871 8018 2777 5872 8019 2749 5872 8020 2747 5872 8021 2901 5873 8022 2748 5874 8023 2750 5875 8024 2904 5876 8025 2748 5877 8026 2901 5878 8027 2775 0 8028 2752 0 8029 2749 0 8030 2899 5879 8031 2751 5880 8032 2753 5881 8033 2777 0 8034 2775 0 8035 2749 0 8036 2901 5882 8037 2750 5883 8038 2898 5884 8039 2801 0 8040 2754 0 8041 2752 0 8042 3013 5885 8043 2753 5886 8044 2755 5887 8045 2775 0 8046 2772 0 8047 2752 0 8048 2803 0 8049 2752 0 8050 2772 0 8051 2803 0 8052 2801 0 8053 2752 0 8054 2896 5888 8055 2753 5889 8056 2893 5890 8057 3013 5891 8058 2893 5892 8059 2753 5893 8060 2899 5894 8061 2753 5895 8062 2896 5896 8063 2849 5897 8064 2757 5897 8065 2754 5897 8066 3014 5898 8067 2756 5898 8068 2758 5898 8069 2801 0 8070 2799 0 8071 2754 0 8072 2849 5899 8073 2754 5899 8074 2799 5899 8075 2830 0 8076 2760 0 8077 2757 0 8078 3016 5900 8079 2759 5901 8080 2761 5902 8081 2832 0 8082 2830 0 8083 2757 0 8084 2834 0 8085 2832 0 8086 2757 0 8087 2837 0 8088 2834 0 8089 2757 0 8090 2839 0 8091 2837 0 8092 2757 0 8093 2849 5903 8094 2839 5903 8095 2757 5903 8096 2894 5904 8097 2758 5904 8098 3015 5904 8099 3015 5905 8100 2890 5905 8101 2894 5905 8102 3014 5906 8103 2758 5906 8104 2894 5906 8105 2872 5907 8106 2762 5907 8107 2760 5907 8108 2938 5908 8109 2761 5909 8110 2763 5910 8111 2830 0 8112 2828 0 8113 2760 0 8114 2872 5911 8115 2760 5911 8116 2828 5911 8117 2938 5912 8118 2891 5913 8119 2761 5914 8120 3016 5915 8121 2761 5916 8122 2891 5917 8123 2869 5918 8124 2765 5918 8125 2762 5918 8126 2936 5919 8127 2764 5920 8128 2766 5921 8129 2872 0 8130 2869 0 8131 2762 0 8132 2938 5922 8133 2763 5923 8134 2935 5924 8135 2869 5925 8136 2767 5925 8137 2765 5925 8138 3017 5926 8139 2766 5927 8140 2768 5928 8141 2933 5929 8142 2766 5930 8143 2930 5931 8144 3017 5932 8145 2930 5933 8146 2766 5934 8147 2936 5935 8148 2766 5936 8149 2933 5937 8150 3018 5938 8151 2769 5938 8152 2771 5938 8153 2869 5939 8154 2854 5939 8155 2767 5939 8156 2928 5940 8157 2771 5940 8158 2926 5940 8159 3012 5941 8160 2926 5941 8161 2771 5941 8162 2931 5942 8163 2771 5942 8164 2928 5942 8165 3018 5943 8166 2771 5943 8167 2931 5943 8168 2995 5944 8169 2773 5945 8170 2776 5946 8171 2998 5947 8172 2804 5948 8173 2774 5949 8174 2998 5950 8175 2774 5951 8176 2996 5952 8177 2776 5953 8178 2778 5954 8179 3019 5955 8180 2993 5956 8181 2776 5957 8182 2990 5958 8183 2995 5959 8184 2776 5960 8185 2993 5961 8186 3020 5962 8187 2779 5962 8188 2781 5962 8189 3019 5963 8190 2990 5964 8191 2776 5965 8192 2852 5966 8193 2783 5966 8194 2780 5966 8195 2988 5967 8196 2782 5967 8197 2784 5967 8198 2854 0 8199 2852 0 8200 2780 0 8201 2991 5968 8202 2781 5968 8203 2987 5968 8204 3020 5969 8205 2781 5969 8206 2991 5969 8207 2849 5970 8208 2786 5970 8209 2783 5970 8210 2985 5971 8211 2785 5972 8212 2787 5973 8213 2852 0 8214 2849 0 8215 2783 0 8216 2988 5974 8217 2784 5974 8218 2984 5974 8219 2849 5975 8220 2788 5975 8221 2786 5975 8222 2982 5976 8223 2787 5977 8224 2789 5978 8225 2985 5979 8226 2787 5980 8227 2982 5981 8228 2849 0 8229 2791 0 8230 2788 0 8231 2980 5982 8232 2790 5982 8233 2792 5982 8234 2982 5983 8235 2789 5984 8236 2979 5985 8237 2849 5986 8238 2794 5986 8239 2791 5986 8240 3010 5987 8241 2793 5988 8242 2795 5989 8243 3009 5990 8244 2980 5990 8245 2792 5990 8246 2849 5991 8247 2796 5991 8248 2794 5991 8249 3007 5992 8250 2795 5992 8251 2797 5992 8252 3010 5993 8253 2795 5994 8254 3007 5994 8255 2849 5995 8256 2799 5995 8257 2796 5995 8258 3005 5996 8259 2798 5997 8260 2800 5998 8261 3007 5999 8262 2797 5999 8263 3004 5999 8264 3002 6000 8265 2800 6001 8266 2802 6002 8267 3005 6003 8268 2800 6004 8269 3002 6005 8270 3000 6006 8271 2802 6007 8272 2804 6008 8273 3002 6009 8274 2802 6010 8275 3000 6011 8276 3000 6012 8277 2804 6013 8278 2998 6014 8279 2872 6015 8280 2808 6015 8281 2805 6015 8282 3021 6016 8283 2806 6017 8284 2809 6018 8285 2849 0 8286 2805 0 8287 2847 0 8288 3022 6019 8289 2848 6019 8290 2807 6019 8291 2874 0 8292 2805 0 8293 2849 0 8294 2874 0 8295 2872 0 8296 2805 0 8297 2872 6020 8298 2810 6020 8299 2808 6020 8300 2967 6021 8301 2809 6022 8302 2811 6023 8303 2969 6024 8304 2809 6025 8305 2967 6026 8306 3021 6027 8307 2809 6028 8308 2969 6029 8309 2872 6030 8310 2813 6030 8311 2810 6030 8312 2965 6031 8313 2812 6032 8314 2814 6033 8315 2967 6034 8316 2811 6035 8317 2964 6036 8318 2872 6037 8319 2815 6037 8320 2813 6037 8321 2962 6038 8322 2814 6039 8323 2816 6040 8324 2965 6041 8325 2814 6041 8326 2962 6041 8327 2872 6042 8328 2818 6042 8329 2815 6042 8330 2960 6043 8331 2817 6044 8332 2819 6045 8333 2962 6046 8334 2816 6047 8335 2959 6048 8336 2872 6049 8337 2820 6049 8338 2818 6049 8339 2957 6050 8340 2819 6051 8341 2821 6052 8342 2960 6053 8343 2819 6054 8344 2957 6055 8345 2872 6056 8346 2823 6056 8347 2820 6056 8348 2955 6057 8349 2822 6058 8350 2824 6059 8351 2957 6060 8352 2821 6061 8353 2954 6062 8354 2872 6063 8355 2825 6063 8356 2823 6063 8357 2952 6064 8358 2824 6065 8359 2826 6066 8360 2955 6067 8361 2824 6068 8362 2952 6069 8363 2872 6070 8364 2828 6070 8365 2825 6070 8366 2950 6071 8367 2827 6072 8368 2829 6073 8369 2952 6074 8370 2826 6075 8371 2949 6076 8372 2945 6077 8373 2829 6078 8374 2831 6079 8375 2947 6080 8376 2829 6081 8377 2945 6082 8378 2950 6083 8379 2829 6084 8380 2947 6085 8381 2945 6086 8382 2831 6087 8383 2833 6088 8384 2943 6089 8385 2833 6090 8386 2835 6091 8387 2945 6092 8388 2833 6093 8389 2943 6094 8390 2941 6095 8391 2836 6096 8392 2838 6097 8393 2943 6098 8394 2835 6099 8395 2940 6100 8396 2974 6101 8397 2838 6102 8398 2840 6103 8399 2977 6104 8400 2941 6105 8401 2838 6106 8402 2977 6107 8403 2838 6108 8404 2974 6109 8405 2849 6110 8406 2842 6111 8407 2839 6112 8408 3026 6113 8409 2841 6114 8410 2843 6115 8411 3023 6116 8412 2974 6117 8413 2840 6118 8414 3025 6119 8415 3023 6120 8416 2840 6121 8417 2849 6122 8418 2844 6123 8419 2842 6124 8420 3028 6125 8421 2843 6126 8422 2845 6127 8423 3028 6128 8424 3026 6129 8425 2843 6130 8426 2849 0 8427 2847 0 8428 2844 0 8429 3029 6131 8430 2846 6131 8431 2848 6131 8432 2972 6132 8433 2848 6132 8434 2970 6132 8435 3022 6133 8436 2970 6133 8437 2848 6133 8438 2975 6134 8439 2848 6134 8440 2972 6134 8441 3024 6135 8442 2848 6135 8443 2975 6135 8444 3027 6136 8445 2848 6136 8446 3024 6136 8447 3029 6137 8448 2848 6138 8449 3027 6139 8450 2887 0 8451 2874 0 8452 2849 0 8453 2867 6140 8454 2857 6140 8455 2854 6140 8456 2869 0 8457 2867 0 8458 2854 0 8459 2862 6141 8460 2859 6141 8461 2857 6141 8462 2864 6142 8463 2862 6142 8464 2857 6142 8465 2867 0 8466 2864 0 8467 2857 0 8468 2887 6143 8469 2877 6143 8470 2874 6143 8471 2882 6144 8472 2879 6144 8473 2877 6144 8474 2884 6145 8475 2882 6145 8476 2877 6145 8477 2887 0 8478 2884 0 8479 2877 0 8480 2937 6146 8481 2892 6146 8482 2889 6146 8483 2937 6147 8484 2895 6147 8485 2892 6147 8486 2937 6148 8487 2897 6148 8488 2895 6148 8489 2934 6149 8490 2900 6149 8491 2897 6149 8492 2937 0 8493 2934 0 8494 2897 0 8495 2934 6150 8496 2902 6150 8497 2900 6150 8498 2934 6151 8499 2905 6151 8500 2902 6151 8501 2934 6152 8502 2907 6152 8503 2905 6152 8504 2934 6153 8505 2909 6153 8506 2907 6153 8507 2934 6154 8508 2911 6154 8509 2909 6154 8510 2934 6155 8511 2913 6155 8512 2911 6155 8513 2934 6156 8514 2915 6156 8515 2913 6156 8516 2934 6157 8517 2917 6157 8518 2915 6157 8519 2934 6158 8520 2919 6158 8521 2917 6158 8522 2934 6159 8523 2922 6159 8524 2919 6159 8525 2934 6160 8526 2924 6160 8527 2922 6160 8528 2934 6161 8529 2927 6161 8530 2924 6161 8531 2932 6162 8532 2929 6162 8533 2927 6162 8534 2934 0 8535 2932 0 8536 2927 0 8537 2948 0 8538 2942 0 8539 2939 0 8540 2951 6163 8541 2948 6163 8542 2939 6163 8543 2976 0 8544 2951 0 8545 2939 0 8546 2948 0 8547 2944 0 8548 2942 0 8549 2948 0 8550 2946 0 8551 2944 0 8552 2976 6164 8553 2953 6164 8554 2951 6164 8555 2976 6165 8556 2956 6165 8557 2953 6165 8558 2976 6166 8559 2958 6166 8560 2956 6166 8561 2973 6167 8562 2961 6167 8563 2958 6167 8564 2976 0 8565 2973 0 8566 2958 0 8567 2971 6168 8568 2963 6168 8569 2961 6168 8570 2973 6169 8571 2971 6169 8572 2961 6169 8573 2968 6170 8574 2966 6170 8575 2963 6170 8576 2971 6171 8577 2968 6171 8578 2963 6171 8579 2989 6172 8580 2981 6172 8581 2978 6172 8582 2992 0 8583 2989 0 8584 2978 0 8585 3008 6173 8586 2992 6173 8587 2978 6173 8588 2989 6174 8589 2983 6174 8590 2981 6174 8591 2989 6175 8592 2986 6175 8593 2983 6175 8594 3006 0 8595 2994 0 8596 2992 0 8597 3008 0 8598 3006 0 8599 2992 0 8600 3003 6176 8601 2997 6176 8602 2994 6176 8603 3006 0 8604 3003 0 8605 2994 0 8606 3003 6177 8607 2999 6177 8608 2997 6177 8609 3003 0 8610 3001 0 8611 2999 0 8612 3035 0 8613 3033 0 8614 3030 0 8615 3038 0 8616 3035 0 8617 3030 0 8618 3045 0 8619 3043 0 8620 3040 0 8621 3048 0 8622 3045 0 8623 3040 0 8624 3055 6178 8625 3053 6178 8626 3050 6178 8627 3058 0 8628 3055 0 8629 3050 0 8630 3098 6179 8631 3061 6180 8632 3064 6181 8633 3119 6182 8634 3066 6183 8635 3062 6184 8636 3119 6185 8637 3062 6186 8638 3100 6187 8639 3101 6188 8640 3064 6189 8641 3068 6190 8642 3101 6191 8643 3098 6192 8644 3064 6193 8645 3121 6194 8646 3085 6195 8647 3066 6196 8648 3121 6197 8649 3066 6198 8650 3119 6199 8651 3103 6200 8652 3068 6201 8653 3070 6202 8654 3103 6203 8655 3101 6204 8656 3068 6205 8657 3105 6206 8658 3070 6207 8659 3072 6208 8660 3105 6209 8661 3103 6210 8662 3070 6211 8663 3107 6212 8664 3072 6213 8665 3074 6214 8666 3107 6215 8667 3105 6216 8668 3072 6217 8669 3109 6218 8670 3074 6219 8671 3076 6220 8672 3109 6221 8673 3107 6222 8674 3074 6223 8675 3111 6224 8676 3076 6225 8677 3078 6226 8678 3111 6227 8679 3109 6228 8680 3076 6229 8681 3113 6230 8682 3078 6231 8683 3080 6232 8684 3113 6233 8685 3111 6234 8686 3078 6235 8687 3117 6236 8688 3081 6237 8689 3083 6238 8690 3115 6239 8691 3113 6240 8692 3080 6241 8693 3135 6242 8694 3083 6243 8695 3097 6244 8696 3135 6245 8697 3117 6246 8698 3083 6247 8699 3123 6248 8700 3087 6249 8701 3085 6250 8702 3123 6251 8703 3085 6252 8704 3121 6253 8705 3125 6254 8706 3089 6255 8707 3087 6256 8708 3125 6257 8709 3087 6258 8710 3123 6259 8711 3127 6260 8712 3095 6261 8713 3089 6262 8714 3127 6263 8715 3089 6264 8716 3125 6265 8717 3131 6266 8718 3091 6267 8719 3093 6268 8720 3133 6269 8721 3097 6270 8722 3091 6271 8723 3133 6272 8724 3091 6273 8725 3131 6274 8726 3129 6275 8727 3093 6276 8728 3095 6277 8729 3131 6278 8730 3093 6279 8731 3129 6280 8732 3129 6281 8733 3095 6282 8734 3127 6283 8735 3135 6284 8736 3097 6285 8737 3133 6286 8738 3190 6287 8739 3137 6288 8740 3140 6289 8741 3217 6290 8742 3144 6291 8743 3138 6292 8744 3217 6293 8745 3138 6294 8746 3192 6295 8747 3193 6296 8748 3140 6297 8749 3142 6298 8750 3193 6299 8751 3190 6300 8752 3140 6301 8753 3195 6302 8754 3142 6303 8755 3146 6304 8756 3195 6305 8757 3193 6306 8758 3142 6307 8759 3219 6308 8760 3169 6309 8761 3144 6310 8762 3219 6311 8763 3144 6312 8764 3217 6313 8765 3197 6314 8766 3146 6315 8767 3148 6316 8768 3197 6317 8769 3195 6318 8770 3146 6319 8771 3199 6320 8772 3148 6321 8773 3150 6322 8774 3199 6323 8775 3197 6324 8776 3148 6325 8777 3201 6326 8778 3150 6327 8779 3152 6328 8780 3201 6329 8781 3199 6330 8782 3150 6331 8783 3203 6332 8784 3152 6333 8785 3154 6334 8786 3203 6335 8787 3201 6336 8788 3152 6337 8789 3203 6338 8790 3154 6339 8791 3156 6340 8792 3205 6341 8793 3156 6342 8794 3158 6343 8795 3205 6344 8796 3203 6345 8797 3156 6346 8798 3207 6347 8799 3158 6348 8800 3160 6349 8801 3207 6350 8802 3205 6351 8803 3158 6352 8804 3209 6353 8805 3160 6354 8806 3162 6355 8807 3209 6356 8808 3207 6357 8809 3160 6358 8810 3211 6359 8811 3162 6360 8812 3164 6361 8813 3211 6362 8814 3209 6363 8815 3162 6364 8816 3215 6365 8817 3165 6366 8818 3167 6367 8819 3213 6368 8820 3211 6369 8821 3164 6370 8822 3241 6371 8823 3167 6372 8824 3189 6373 8825 3241 6374 8826 3215 6375 8827 3167 6376 8828 3221 6377 8829 3171 6378 8830 3169 6379 8831 3221 6380 8832 3169 6381 8833 3219 6382 8834 3223 6383 8835 3173 6384 8836 3171 6385 8837 3223 6386 8838 3171 6387 8839 3221 6388 8840 3225 6389 8841 3187 6390 8842 3173 6391 8843 3225 6392 8844 3173 6393 8845 3223 6394 8846 3237 6395 8847 3175 6396 8848 3177 6397 8849 3239 6398 8850 3189 6399 8851 3175 6400 8852 3239 6401 8853 3175 6402 8854 3237 6403 8855 3235 6404 8856 3177 6405 8857 3179 6406 8858 3237 6407 8859 3177 6408 8860 3235 6409 8861 3233 6410 8862 3179 6411 8863 3181 6412 8864 3235 6413 8865 3179 6414 8866 3233 6415 8867 3231 6416 8868 3181 6417 8869 3183 6418 8870 3233 6419 8871 3181 6420 8872 3231 6421 8873 3229 6422 8874 3183 6423 8875 3185 6424 8876 3231 6425 8877 3183 6426 8878 3229 6427 8879 3227 6428 8880 3185 6429 8881 3187 6430 8882 3229 6431 8883 3185 6432 8884 3227 6433 8885 3227 6434 8886 3187 6435 8887 3225 6436 8888 3241 6437 8889 3189 6438 8890 3239 6439 8891 3293 6440 8892 3245 6441 8893 3242 6442 8894 3408 0 8895 3243 0 8896 3246 0 8897 3295 6443 8898 3293 6444 8899 3242 6445 8900 3411 6446 8901 3297 6447 8902 3244 6448 8903 3426 0 8904 3243 0 8905 3408 0 8906 3426 6449 8907 3410 6449 8908 3243 6449 8909 3291 6450 8910 3247 6451 8911 3245 6452 8912 3404 6453 8913 3246 6453 8914 3248 6453 8915 3293 6454 8916 3291 6455 8917 3245 6456 8918 3406 6457 8919 3246 6457 8920 3404 6457 8921 3408 0 8922 3246 0 8923 3406 0 8924 3289 6458 8925 3249 6459 8926 3247 6460 8927 3402 0 8928 3248 0 8929 3250 0 8930 3291 6461 8931 3289 6462 8932 3247 6463 8933 3404 6464 8934 3248 6464 8935 3402 6464 8936 3287 6465 8937 3251 6466 8938 3249 6467 8939 3402 0 8940 3250 0 8941 3252 0 8942 3289 6468 8943 3287 6469 8944 3249 6470 8945 3285 6471 8946 3253 6472 8947 3251 6473 8948 3398 0 8949 3252 0 8950 3254 0 8951 3287 6474 8952 3285 6475 8953 3251 6476 8954 3400 0 8955 3252 0 8956 3398 0 8957 3402 0 8958 3252 0 8959 3400 0 8960 3283 6477 8961 3255 6478 8962 3253 6479 8963 3396 0 8964 3254 0 8965 3256 0 8966 3285 6480 8967 3283 6481 8968 3253 6482 8969 3398 0 8970 3254 0 8971 3396 0 8972 3281 6483 8973 3257 6484 8974 3255 6485 8975 3394 0 8976 3256 0 8977 3258 0 8978 3283 6486 8979 3281 6487 8980 3255 6488 8981 3396 0 8982 3256 0 8983 3394 0 8984 3279 6489 8985 3259 6490 8986 3257 6491 8987 3394 0 8988 3258 0 8989 3260 0 8990 3281 6492 8991 3279 6493 8992 3257 6494 8993 3277 6495 8994 3261 6496 8995 3259 6497 8996 3392 6498 8997 3260 6498 8998 3262 6498 8999 3279 6499 9000 3277 6500 9001 3259 6501 9002 3394 6502 9003 3260 6502 9004 3392 6502 9005 3275 6503 9006 3263 6504 9007 3261 6505 9008 3390 0 9009 3262 0 9010 3264 0 9011 3277 6506 9012 3275 6507 9013 3261 6508 9014 3392 6509 9015 3262 6509 9016 3390 6509 9017 3273 6510 9018 3265 6511 9019 3263 6512 9020 3388 6513 9021 3264 6513 9022 3266 6513 9023 3275 6514 9024 3273 6515 9025 3263 6516 9026 3390 6517 9027 3264 6517 9028 3388 6517 9029 3270 6518 9030 3267 6519 9031 3265 6520 9032 3386 0 9033 3266 0 9034 3268 0 9035 3273 6521 9036 3270 6522 9037 3265 6523 9038 3388 6524 9039 3266 6524 9040 3386 6524 9041 3342 6525 9042 3269 6526 9043 3272 6527 9044 3443 6528 9045 3269 6529 9046 3342 6530 9047 3386 6531 9048 3268 6531 9049 3383 6531 9050 3442 6532 9051 3383 6532 9052 3268 6532 9053 3357 365 9054 3271 365 9055 3274 365 9056 3355 365 9057 3341 365 9058 3271 365 9059 3357 365 9060 3355 365 9061 3271 365 9062 3362 6533 9063 3274 6533 9064 3276 6533 9065 3360 365 9066 3357 365 9067 3274 365 9068 3362 6534 9069 3360 6534 9070 3274 6534 9071 3339 365 9072 3276 365 9073 3278 365 9074 3362 365 9075 3276 365 9076 3339 365 9077 3337 365 9078 3278 365 9079 3280 365 9080 3337 6535 9081 3335 6535 9082 3278 6535 9083 3339 6536 9084 3278 6536 9085 3335 6536 9086 3333 6537 9087 3280 6537 9088 3282 6537 9089 3337 365 9090 3280 365 9091 3333 365 9092 3329 365 9093 3282 365 9094 3284 365 9095 3333 6538 9096 3282 6538 9097 3329 6538 9098 3331 365 9099 3284 365 9100 3286 365 9101 3331 6539 9102 3329 6539 9103 3284 6539 9104 3331 6540 9105 3286 6540 9106 3288 6540 9107 3319 365 9108 3288 365 9109 3290 365 9110 3327 6541 9111 3288 6541 9112 3319 6541 9113 3331 6542 9114 3288 6542 9115 3327 6542 9116 3319 365 9117 3290 365 9118 3292 365 9119 3323 6533 9120 3292 6533 9121 3294 6533 9122 3321 365 9123 3319 365 9124 3292 365 9125 3323 365 9126 3321 365 9127 3292 365 9128 3325 365 9129 3294 365 9130 3296 365 9131 3325 6543 9132 3323 6543 9133 3294 6543 9134 3317 365 9135 3298 365 9136 3296 365 9137 3325 6544 9138 3296 6544 9139 3298 6544 9140 3411 6545 9141 3318 6546 9142 3297 6547 9143 3317 365 9144 3301 365 9145 3298 365 9146 3409 6548 9147 3300 6549 9148 3302 6550 9149 3405 6551 9150 3326 6552 9151 3299 6553 9152 3407 6554 9153 3405 6555 9154 3299 6556 9155 3317 6557 9156 3303 6557 9157 3301 6557 9158 3427 6558 9159 3302 6559 9160 3304 6560 9161 3427 6561 9162 3409 6562 9163 3302 6563 9164 3315 6564 9165 3305 6564 9166 3303 6564 9167 3425 6565 9168 3304 6566 9169 3306 6567 9170 3317 6568 9171 3315 6568 9172 3303 6568 9173 3427 6569 9174 3304 6570 9175 3425 6571 9176 3313 365 9177 3307 365 9178 3305 365 9179 3423 6572 9180 3306 6573 9181 3308 6574 9182 3315 6575 9183 3313 6575 9184 3305 6575 9185 3425 6576 9186 3306 6577 9187 3423 6578 9188 3311 6579 9189 3309 6579 9190 3307 6579 9191 3364 6580 9192 3307 6580 9193 3309 6580 9194 3313 6581 9195 3311 6581 9196 3307 6581 9197 3421 6582 9198 3308 6583 9199 3365 6584 9200 3423 6585 9201 3308 6586 9202 3421 6587 9203 3419 6588 9204 3310 6589 9205 3312 6590 9206 3366 6591 9207 3364 6591 9208 3309 6591 9209 3372 6592 9210 3366 6592 9211 3309 6592 9212 3445 6593 9213 3373 6594 9214 3310 6595 9215 3445 6596 9216 3310 6597 9217 3419 6598 9218 3417 6599 9219 3312 6600 9220 3314 6601 9221 3419 6602 9222 3312 6603 9223 3417 6604 9224 3415 6605 9225 3314 6606 9226 3316 6607 9227 3417 6608 9228 3314 6609 9229 3415 6610 9230 3413 6611 9231 3316 6612 9232 3318 6613 9233 3415 6614 9234 3316 6615 9235 3413 6616 9236 3413 6617 9237 3318 6618 9238 3411 6619 9239 3401 6620 9240 3320 6621 9241 3322 6622 9242 3399 6623 9243 3328 6624 9244 3320 6625 9245 3401 6626 9246 3399 6627 9247 3320 6628 9248 3403 6629 9249 3322 6630 9250 3324 6631 9251 3403 6632 9252 3401 6633 9253 3322 6634 9254 3405 6635 9255 3324 6636 9256 3326 6637 9257 3405 6638 9258 3403 6639 9259 3324 6640 9260 3397 6641 9261 3332 6642 9262 3328 6643 9263 3399 6644 9264 3397 6645 9265 3328 6646 9266 3395 6647 9267 3330 6648 9268 3332 6649 9269 3393 6650 9270 3334 6651 9271 3330 6652 9272 3395 6653 9273 3393 6654 9274 3330 6655 9275 3397 6656 9276 3395 6657 9277 3332 6658 9278 3391 6659 9279 3338 6660 9280 3334 6661 9281 3393 6662 9282 3391 6663 9283 3334 6664 9284 3389 6665 9285 3336 6666 9286 3338 6667 9287 3387 6668 9288 3340 6669 9289 3336 6670 9290 3389 6671 9291 3387 6672 9292 3336 6673 9293 3391 6674 9294 3389 6675 9295 3338 6676 9296 3387 6677 9297 3363 6678 9298 3340 6679 9299 3353 6680 9300 3343 6680 9301 3341 6680 9302 3443 6681 9303 3342 6682 9304 3344 6683 9305 3355 6684 9306 3353 6684 9307 3341 6684 9308 3351 6685 9309 3345 6685 9310 3343 6685 9311 3441 6686 9312 3344 6687 9313 3346 6688 9314 3353 6689 9315 3351 6689 9316 3343 6689 9317 3443 6690 9318 3344 6691 9319 3441 6692 9320 3349 365 9321 3347 365 9322 3345 365 9323 3439 6693 9324 3346 6694 9325 3348 6695 9326 3351 365 9327 3349 365 9328 3345 365 9329 3441 6696 9330 3346 6697 9331 3439 6698 9332 3376 6699 9333 3347 6699 9334 3349 6699 9335 3376 365 9336 3374 365 9337 3347 365 9338 3378 365 9339 3347 365 9340 3374 365 9341 3437 6700 9342 3348 6701 9343 3379 6702 9344 3439 6703 9345 3348 6704 9346 3437 6705 9347 3435 6706 9348 3350 6707 9349 3352 6708 9350 3459 6709 9351 3377 6710 9352 3350 6711 9353 3459 6712 9354 3350 6713 9355 3435 6714 9356 3433 6715 9357 3352 6716 9358 3354 6717 9359 3435 6718 9360 3352 6719 9361 3433 6720 9362 3431 6721 9363 3354 6722 9364 3356 6723 9365 3433 6724 9366 3354 6725 9367 3431 6726 9368 3429 6727 9369 3356 6728 9370 3359 6729 9371 3431 6730 9372 3356 6731 9373 3429 6732 9374 3382 6733 9375 3358 6734 9376 3361 6735 9377 3429 6736 9378 3359 6737 9379 3384 6738 9380 3385 6739 9381 3361 6740 9382 3363 6741 9383 3385 6742 9384 3382 6743 9385 3361 6744 9386 3387 6745 9387 3385 6746 9388 3363 6747 9389 3453 6748 9390 3365 6749 9391 3367 6750 9392 3453 6751 9393 3421 6752 9394 3365 6753 9395 3372 365 9396 3368 365 9397 3366 365 9398 3451 6754 9399 3367 6755 9400 3369 6756 9401 3453 6757 9402 3367 6758 9403 3451 6759 9404 3372 6760 9405 3370 6760 9406 3368 6760 9407 3374 6761 9408 3368 6761 9409 3370 6761 9410 3449 6762 9411 3369 6763 9412 3375 6764 9413 3451 6765 9414 3369 6766 9415 3449 6767 9416 3447 6768 9417 3371 6769 9418 3373 6770 9419 3380 365 9420 3374 365 9421 3370 365 9422 3455 6771 9423 3381 6772 9424 3371 6773 9425 3455 6774 9426 3371 6775 9427 3447 6776 9428 3447 6777 9429 3373 6778 9430 3445 6779 9431 3461 6780 9432 3375 6781 9433 3377 6782 9434 3380 6783 9435 3378 6783 9436 3374 6783 9437 3461 6784 9438 3449 6785 9439 3375 6786 9440 3461 6787 9441 3377 6788 9442 3459 6789 9443 3457 6790 9444 3379 6791 9445 3381 6792 9446 3457 6793 9447 3437 6794 9448 3379 6795 9449 3457 6796 9450 3381 6797 9451 3455 6798 9452 3442 6799 9453 3428 6799 9454 3383 6799 9455 3424 6800 9456 3412 6800 9457 3410 6800 9458 3426 6801 9459 3424 6801 9460 3410 6801 9461 3422 6802 9462 3414 6802 9463 3412 6802 9464 3424 6803 9465 3422 6803 9466 3412 6803 9467 3420 0 9468 3416 0 9469 3414 0 9470 3422 0 9471 3420 0 9472 3414 0 9473 3420 0 9474 3418 0 9475 3416 0 9476 3452 6804 9477 3418 6804 9478 3420 6804 9479 3450 0 9480 3444 0 9481 3418 0 9482 3452 0 9483 3450 0 9484 3418 0 9485 3442 6805 9486 3430 6805 9487 3428 6805 9488 3440 6806 9489 3432 6806 9490 3430 6806 9491 3442 6807 9492 3440 6807 9493 3430 6807 9494 3438 6808 9495 3434 6808 9496 3432 6808 9497 3440 6809 9498 3438 6809 9499 3432 6809 9500 3438 6810 9501 3436 6810 9502 3434 6810 9503 3458 6811 9504 3434 6811 9505 3436 6811 9506 3458 6812 9507 3436 6812 9508 3456 6812 9509 3450 0 9510 3446 0 9511 3444 0 9512 3450 6813 9513 3448 6813 9514 3446 6813 9515 3454 6814 9516 3446 6814 9517 3448 6814 9518 3460 0 9519 3454 0 9520 3448 0 9521 3460 0 9522 3456 0 9523 3454 0 9524 3460 6815 9525 3458 6815 9526 3456 6815 9527 3501 6816 9528 3465 6817 9529 3462 6818 9530 3644 365 9531 3463 365 9532 3466 365 9533 3503 6819 9534 3501 6820 9535 3462 6821 9536 3629 6822 9537 3505 6823 9538 3464 6824 9539 3642 6825 9540 3628 6825 9541 3463 6825 9542 3644 6826 9543 3642 6826 9544 3463 6826 9545 3499 6827 9546 3467 6828 9547 3465 6829 9548 3649 365 9549 3466 365 9550 3468 365 9551 3501 6830 9552 3499 6831 9553 3465 6832 9554 3647 6833 9555 3644 6833 9556 3466 6833 9557 3649 6834 9558 3647 6834 9559 3466 6834 9560 3497 6835 9561 3469 6836 9562 3467 6837 9563 3653 365 9564 3468 365 9565 3470 365 9566 3499 6838 9567 3497 6839 9568 3467 6840 9569 3651 365 9570 3649 365 9571 3468 365 9572 3653 6841 9573 3651 6841 9574 3468 6841 9575 3495 6842 9576 3471 6843 9577 3469 6844 9578 3655 365 9579 3470 365 9580 3472 365 9581 3497 6845 9582 3495 6846 9583 3469 6847 9584 3655 365 9585 3653 365 9586 3470 365 9587 3493 6848 9588 3473 6849 9589 3471 6850 9590 3659 6851 9591 3472 6851 9592 3474 6851 9593 3495 6852 9594 3493 6853 9595 3471 6854 9596 3657 365 9597 3655 365 9598 3472 365 9599 3659 365 9600 3657 365 9601 3472 365 9602 3491 6855 9603 3475 6856 9604 3473 6857 9605 3661 365 9606 3474 365 9607 3476 365 9608 3493 6858 9609 3491 6859 9610 3473 6860 9611 3661 6861 9612 3659 6861 9613 3474 6861 9614 3489 6862 9615 3477 6863 9616 3475 6864 9617 3665 365 9618 3476 365 9619 3478 365 9620 3491 6865 9621 3489 6866 9622 3475 6867 9623 3663 365 9624 3661 365 9625 3476 365 9626 3665 6868 9627 3663 6868 9628 3476 6868 9629 3487 6869 9630 3479 6870 9631 3477 6871 9632 3667 365 9633 3478 365 9634 3480 365 9635 3489 6872 9636 3487 6873 9637 3477 6874 9638 3667 6875 9639 3665 6875 9640 3478 6875 9641 3484 6876 9642 3481 6877 9643 3479 6878 9644 3671 6825 9645 3480 6825 9646 3482 6825 9647 3487 6879 9648 3484 6880 9649 3479 6881 9650 3669 365 9651 3667 365 9652 3480 365 9653 3671 6882 9654 3669 6882 9655 3480 6882 9656 3554 6883 9657 3483 6884 9658 3486 6885 9659 3687 6886 9660 3483 6887 9661 3554 6888 9662 3673 6889 9663 3671 6889 9664 3482 6889 9665 3686 6890 9666 3673 6890 9667 3482 6890 9668 3561 6891 9669 3485 6891 9670 3488 6891 9671 3559 6892 9672 3553 6892 9673 3485 6892 9674 3561 0 9675 3559 0 9676 3485 0 9677 3566 0 9678 3488 0 9679 3490 0 9680 3564 6893 9681 3561 6893 9682 3488 6893 9683 3566 6894 9684 3564 6894 9685 3488 6894 9686 3570 6895 9687 3490 6895 9688 3492 6895 9689 3568 0 9690 3566 0 9691 3490 0 9692 3570 0 9693 3568 0 9694 3490 0 9695 3576 0 9696 3492 0 9697 3494 0 9698 3576 0 9699 3570 0 9700 3492 0 9701 3572 6896 9702 3494 6896 9703 3496 6896 9704 3578 6897 9705 3494 6897 9706 3572 6897 9707 3578 0 9708 3576 0 9709 3494 0 9710 3574 6898 9711 3496 6898 9712 3498 6898 9713 3574 6899 9714 3572 6899 9715 3496 6899 9716 3508 6900 9717 3498 6900 9718 3500 6900 9719 3508 6901 9720 3506 6901 9721 3498 6901 9722 3574 6902 9723 3498 6902 9724 3506 6902 9725 3510 0 9726 3500 0 9727 3502 0 9728 3510 6903 9729 3508 6903 9730 3500 6903 9731 3514 6904 9732 3502 6904 9733 3504 6904 9734 3512 0 9735 3510 0 9736 3502 0 9737 3514 6905 9738 3512 6905 9739 3502 6905 9740 3516 0 9741 3514 0 9742 3504 0 9743 3533 6906 9744 3516 6906 9745 3504 6906 9746 3629 6907 9747 3534 6908 9748 3505 6909 9749 3613 6910 9750 3507 6911 9751 3509 6912 9752 3615 6913 9753 3575 6914 9754 3507 6915 9755 3615 6916 9756 3507 6917 9757 3613 6918 9758 3613 6919 9759 3509 6920 9760 3511 6921 9761 3611 6922 9762 3511 6923 9763 3513 6924 9764 3613 6925 9765 3511 6926 9766 3611 6927 9767 3609 6928 9768 3513 6929 9769 3515 6930 9770 3611 6931 9771 3513 6932 9772 3609 6933 9773 3609 6934 9774 3515 6935 9775 3517 6936 9776 3533 6937 9777 3519 6937 9778 3516 6937 9779 3739 6938 9780 3518 6939 9781 3520 6940 9782 3738 6941 9783 3609 6942 9784 3517 6943 9785 3533 6894 9786 3521 6894 9787 3519 6894 9788 3733 6944 9789 3520 6945 9790 3522 6946 9791 3733 6947 9792 3607 6948 9793 3520 6949 9794 3739 6950 9795 3520 6951 9796 3607 6952 9797 3531 0 9798 3523 0 9799 3521 0 9800 3731 6953 9801 3522 6954 9802 3524 6955 9803 3533 0 9804 3531 0 9805 3521 0 9806 3733 6956 9807 3522 6957 9808 3731 6958 9809 3531 0 9810 3525 0 9811 3523 0 9812 3731 6959 9813 3524 6960 9814 3526 6961 9815 3529 0 9816 3527 0 9817 3525 0 9818 3729 6962 9819 3526 6963 9820 3528 6964 9821 3531 0 9822 3529 0 9823 3525 0 9824 3731 6965 9825 3526 6966 9826 3729 6967 9827 3535 6968 9828 3527 6968 9829 3529 6968 9830 3537 0 9831 3527 0 9832 3535 0 9833 3729 6969 9834 3528 6970 9835 3538 6971 9836 3633 6972 9837 3530 6973 9838 3532 6974 9839 3689 6975 9840 3536 6976 9841 3530 6977 9842 3689 6978 9843 3530 6979 9844 3633 6980 9845 3631 6981 9846 3532 6982 9847 3534 6983 9848 3633 6984 9849 3532 6985 9850 3631 6986 9851 3631 6987 9852 3534 6988 9853 3629 6989 9854 3539 6990 9855 3537 6990 9856 3535 6990 9857 3541 6991 9858 3539 6991 9859 3535 6991 9860 3691 6992 9861 3542 6993 9862 3536 6994 9863 3691 6995 9864 3536 6996 9865 3689 6997 9866 3727 6998 9867 3538 6999 9868 3540 7000 9869 3729 7001 9870 3538 7002 9871 3727 7003 9872 3545 7004 9873 3539 7004 9874 3541 7004 9875 3725 7005 9876 3540 7006 9877 3546 7007 9878 3727 7008 9879 3540 7009 9880 3725 7010 9881 3545 7011 9882 3541 7011 9883 3543 7011 9884 3697 7012 9885 3544 7013 9886 3542 7014 9887 3697 7015 9888 3542 7016 9889 3691 7017 9890 3547 7018 9891 3545 7018 9892 3543 7018 9893 3549 7019 9894 3547 7019 9895 3543 7019 9896 3551 7020 9897 3549 7020 9898 3543 7020 9899 3685 7021 9900 3552 7022 9901 3544 7023 9902 3697 7024 9903 3685 7025 9904 3544 7026 9905 3723 7027 9906 3546 7028 9907 3548 7029 9908 3725 7030 9909 3546 7031 9910 3723 7032 9911 3723 7033 9912 3548 7034 9913 3550 7035 9914 3555 7036 9915 3549 7036 9916 3551 7036 9917 3723 7037 9918 3550 7038 9919 3556 7039 9920 3555 7040 9921 3551 7040 9922 3553 7040 9923 3687 7041 9924 3554 7042 9925 3552 7043 9926 3687 7044 9927 3552 7045 9928 3685 7046 9929 3557 0 9930 3555 0 9931 3553 0 9932 3559 7047 9933 3557 7047 9934 3553 7047 9935 3721 7048 9936 3556 7049 9937 3558 7050 9938 3723 7051 9939 3556 7052 9940 3721 7053 9941 3719 7054 9942 3558 7055 9943 3560 7056 9944 3721 7057 9945 3558 7058 9946 3719 7059 9947 3719 7060 9948 3560 7061 9949 3563 7062 9950 3740 7063 9951 3562 7064 9952 3565 7065 9953 3741 7066 9954 3719 7067 9955 3563 7068 9956 3623 7069 9957 3565 7070 9958 3567 7071 9959 3626 7072 9960 3565 7073 9961 3623 7074 9962 3740 7075 9963 3565 7076 9964 3626 7077 9965 3621 7078 9966 3567 7079 9967 3569 7080 9968 3623 7081 9969 3567 7082 9970 3621 7083 9971 3621 7084 9972 3569 7085 9973 3571 7086 9974 3621 7087 9975 3571 7088 9976 3577 7089 9977 3615 7090 9978 3573 7091 9979 3575 7092 9980 3617 7093 9981 3579 7094 9982 3573 7095 9983 3617 7096 9984 3573 7097 9985 3615 7098 9986 3619 7099 9987 3577 7100 9988 3579 7101 9989 3621 7102 9990 3577 7103 9991 3619 7104 9992 3619 7105 9993 3579 7106 9994 3617 7107 9995 3622 7108 9996 3584 7109 9997 3580 7110 9998 3736 7111 9999 3582 7112 10000 3585 7113 10001 3624 7114 10002 3622 7115 10003 3580 7116 10004 3716 7117 10005 3625 7118 10006 3581 7119 10007 3717 7120 10008 3583 7121 10009 3677 7122 10010 3737 7123 10011 3677 7124 10012 3583 7125 10013 3620 7126 10014 3586 7127 10015 3584 7128 10016 3670 7129 10017 3585 7130 10018 3587 7131 10019 3622 7132 10020 3620 7133 10021 3584 7134 10022 3672 7135 10023 3585 7136 10024 3670 7137 10025 3674 7138 10026 3585 7139 10027 3672 7140 10028 3736 7141 10029 3585 7142 10030 3674 7143 10031 3618 7144 10032 3588 7145 10033 3586 7146 10034 3668 7147 10035 3587 7148 10036 3589 7149 10037 3620 7150 10038 3618 7151 10039 3586 7152 10040 3670 7153 10041 3587 7154 10042 3668 7155 10043 3616 7156 10044 3590 7157 10045 3588 7158 10046 3662 7159 10047 3589 7160 10048 3591 7161 10049 3618 7162 10050 3616 7163 10051 3588 7164 10052 3664 7165 10053 3589 7166 10054 3662 7167 10055 3666 7168 10056 3589 7169 10057 3664 7170 10058 3668 7171 10059 3589 7172 10060 3666 7173 10061 3614 7174 10062 3592 7175 10063 3590 7176 10064 3660 7177 10065 3591 7178 10066 3593 7179 10067 3616 7180 10068 3614 7181 10069 3590 7182 10070 3662 7183 10071 3591 7184 10072 3660 7185 10073 3612 7186 10074 3594 7187 10075 3592 7188 10076 3658 7189 10077 3593 7190 10078 3595 7191 10079 3614 7192 10080 3612 7193 10081 3592 7194 10082 3660 7195 10083 3593 7196 10084 3658 7197 10085 3610 7198 10086 3596 7199 10087 3594 7200 10088 3654 7201 10089 3595 7202 10090 3597 7203 10091 3612 7204 10092 3610 7205 10093 3594 7206 10094 3656 7207 10095 3595 7208 10096 3654 7209 10097 3658 7210 10098 3595 7211 10099 3656 7212 10100 3608 7213 10101 3598 7214 10102 3596 7215 10103 3650 7216 10104 3597 7217 10105 3599 7218 10106 3610 7219 10107 3608 7220 10108 3596 7221 10109 3652 7222 10110 3597 7223 10111 3650 7224 10112 3654 7225 10113 3597 7226 10114 3652 7227 10115 3604 7228 10116 3600 7229 10117 3598 7230 10118 3648 7231 10119 3599 7232 10120 3602 7233 10121 3608 7234 10122 3604 7235 10123 3598 7236 10124 3650 7237 10125 3599 7238 10126 3648 7239 10127 3732 7240 10128 3601 7241 10129 3605 7242 10130 3734 7243 10131 3648 7244 10132 3602 7245 10133 3732 7246 10134 3702 7247 10135 3601 7248 10136 3735 7249 10137 3603 7250 10138 3703 7251 10139 3738 7252 10140 3606 7253 10141 3609 7254 10142 3718 7255 10143 3625 7256 10144 3716 7257 10145 3741 7258 10146 3627 7259 10147 3719 7260 10148 3638 365 10149 3630 365 10150 3628 365 10151 3640 365 10152 3638 365 10153 3628 365 10154 3642 7261 10155 3640 7261 10156 3628 7261 10157 3636 365 10158 3632 365 10159 3630 365 10160 3638 7262 10161 3636 7262 10162 3630 7262 10163 3636 7263 10164 3634 7263 10165 3632 7263 10166 3694 7264 10167 3632 7264 10168 3634 7264 10169 3694 7265 10170 3688 7265 10171 3632 7265 10172 3707 7266 10173 3635 7267 10174 3637 7268 10175 3709 7269 10176 3695 7270 10177 3635 7271 10178 3709 7272 10179 3635 7273 10180 3707 7274 10181 3707 7275 10182 3637 7276 10183 3639 7277 10184 3705 7278 10185 3639 7279 10186 3641 7280 10187 3707 7281 10188 3639 7282 10189 3705 7283 10190 3703 7284 10191 3641 7285 10192 3643 7286 10193 3705 7287 10194 3641 7288 10195 3703 7289 10196 3703 7290 10197 3643 7291 10198 3646 7292 10199 3734 7293 10200 3645 7294 10201 3648 7295 10202 3735 7296 10203 3703 7297 10204 3646 7298 10205 3686 7299 10206 3676 7299 10207 3673 7299 10208 3737 7300 10209 3675 7301 10210 3677 7302 10211 3686 7303 10212 3678 7303 10213 3676 7303 10214 3717 7304 10215 3677 7305 10216 3679 7306 10217 3684 365 10218 3680 365 10219 3678 365 10220 3715 7307 10221 3679 7308 10222 3681 7309 10223 3686 365 10224 3684 365 10225 3678 365 10226 3717 7310 10227 3679 7311 10228 3715 7312 10229 3684 365 10230 3682 365 10231 3680 365 10232 3715 7313 10233 3681 7314 10234 3683 7315 10235 3696 7316 10236 3682 7316 10237 3684 7316 10238 3698 365 10239 3682 365 10240 3696 365 10241 3715 7317 10242 3683 7318 10243 3699 7319 10244 3692 7320 10245 3690 7320 10246 3688 7320 10247 3694 365 10248 3692 365 10249 3688 365 10250 3700 7321 10251 3690 7321 10252 3692 7321 10253 3698 365 10254 3696 365 10255 3690 365 10256 3700 7322 10257 3698 7322 10258 3690 7322 10259 3709 7323 10260 3693 7324 10261 3695 7325 10262 3711 7326 10263 3701 7327 10264 3693 7328 10265 3711 7329 10266 3693 7330 10267 3709 7331 10268 3713 7332 10269 3699 7333 10270 3701 7334 10271 3715 7335 10272 3699 7336 10273 3713 7337 10274 3713 7338 10275 3701 7339 10276 3711 7340 10277 3730 7341 10278 3704 7342 10279 3702 7343 10280 3732 7344 10281 3730 7345 10282 3702 7346 10283 3728 7347 10284 3706 7348 10285 3704 7349 10286 3730 7350 10287 3728 7351 10288 3704 7352 10289 3726 7353 10290 3708 7354 10291 3706 7355 10292 3728 7356 10293 3726 7357 10294 3706 7358 10295 3724 7359 10296 3710 7360 10297 3708 7361 10298 3726 7362 10299 3724 7363 10300 3708 7364 10301 3722 7365 10302 3712 7366 10303 3710 7367 10304 3724 7368 10305 3722 7369 10306 3710 7370 10307 3720 7371 10308 3714 7372 10309 3712 7373 10310 3722 7374 10311 3720 7375 10312 3712 7376 10313 3718 7377 10314 3716 7378 10315 3714 7379 10316 3720 7380 10317 3718 7381 10318 3714 7382 10319 3743 7383 10320 1743 7384 10321 1794 7385 10322 3742 7386 10323 1740 7387 10324 1675 7388 10325</p>
        </triangles>
      </mesh>
    </geometry>
  </library_geometries>
  <library_visual_scenes>
    <visual_scene id="Scene" name="Scene">
      <node id="_" name="1" type="NODE">
        <matrix sid="transform">0.001 0 0 0 0 0.001 0 0 0 0 0.001 0 0 0 0 1</matrix>
        <instance_geometry url="#_-mesh" name="1">
          <bind_material>
            <technique_common>
              <instance_material symbol="default_003-material" target="#default_003-material">
                <bind_vertex_input semantic="UVMap" input_semantic="TEXCOORD" input_set="0"/>
              </instance_material>
            </technique_common>
          </bind_material>
        </instance_geometry>
      </node>
    </visual_scene>
  </library_visual_scenes>
  <scene>
    <instance_visual_scene url="#Scene"/>
  </scene>
</COLLADA>