<?xml version="1.0" encoding="utf-8"?>
<COLLADA xmlns="http://www.collada.org/2005/11/COLLADASchema" version="1.4.1" xmlns:xsi="http://www.w3.org/2001/XMLSchema-instance">
  <asset>
    <contributor>
      <author>Blender User</author>
      <authoring_tool>Blender 4.3.2 commit date:2024-12-16, commit time:21:10, hash:32f5fdce0a0a</authoring_tool>
    </contributor>
    <created>2025-04-11T18:13:08</created>
    <modified>2025-04-11T18:13:08</modified>
    <unit name="meter" meter="1"/>
    <up_axis>Z_UP</up_axis>
  </asset>
  <library_effects>
    <effect id="default_005-effect">
      <profile_COMMON>
        <newparam sid="Image_Joint_png-surface">
          <surface type="2D">
            <init_from>Image_Joint_png</init_from>
          </surface>
        </newparam>
        <newparam sid="Image_Joint_png-sampler">
          <sampler2D>
            <source>Image_Joint_png-surface</source>
          </sampler2D>
        </newparam>
        <technique sid="common">
          <lambert>
            <emission>
              <color sid="emission">0 0 0 1</color>
            </emission>
            <diffuse>
              <texture texture="Image_Joint_png-sampler" texcoord="UVMap"/>
            </diffuse>
            <index_of_refraction>
              <float sid="ior">1.45</float>
            </index_of_refraction>
          </lambert>
        </technique>
      </profile_COMMON>
    </effect>
  </library_effects>
  <library_images>
    <image id="Image_Joint_png" name="Image_Joint_png">
      <init_from>Image_Joint.png</init_from>
    </image>
  </library_images>
  <library_materials>
    <material id="default_005-material" name="default.005">
      <instance_effect url="#default_005-effect"/>
    </material>
  </library_materials>
  <library_geometries>
    <geometry id="__001-mesh" name="6.001">
      <mesh>
        <source id="__001-mesh-positions">
          <float_array id="__001-mesh-positions-array" count="7092">-66.13701 -90.39223 -3.446831 -66.13701 -90.39223 -3.446831 -66.13701 -90.39223 -3.446831 -66.13701 -89.80294 -3.288913 -66.13701 -89.80294 -3.288913 -66.13701 -89.25 -3.031093 -66.13701 -89.25 -3.031093 -66.13701 -89.25 -3.031093 -66.13701 -87.55362 0.6077576 -66.13701 -87.55362 0.6077576 -66.13701 -90.39223 3.446823 -66.13701 -90.39223 3.446823 -66.13701 -90.39223 3.446823 -66.13701 -96.10713 4.454514 -66.13701 -96.10713 4.454514 -66.13701 -96.10713 4.454514 -66.13701 -96.10713 4.454514 -66.13701 -96.36656 -4.37888e-6 -66.13701 -96.36656 -4.37888e-6 -66.13701 -96.10713 -4.454522 -66.13701 -96.10713 -4.454522 -66.13701 -96.10713 -4.454522 -66.13701 -96.10713 -4.454522 -66.13701 -92.5 -4.37888e-6 -66.13701 -92.5 -4.37888e-6 -66.13701 -92.5 -4.37888e-6 -66.13701 -91 1.499479 -66.13701 -91 1.499479 -66.13701 -89.5 -4.37888e-6 -66.13701 -89.5 -4.37888e-6 -66.13701 -89.5 -4.37888e-6 -66.13701 -91 -1.499487 -66.13701 -91 -1.499487 -66.63701 -90.30541 -3.939235 -66.63701 -90.30541 -3.939235 -66.63701 -90.30541 -3.939235 -66.63701 -90.30541 -3.939235 -66.28346 -90.33084 -3.795013 -66.28346 -90.33084 -3.795013 -66.32231 -95.93251 -4.81826 -66.32231 -95.93251 -4.81826 -66.63701 -95.47231 -4.850299 -66.63701 -95.47231 -4.850299 -66.63701 -95.47231 -4.850299 -66.63701 -95.47231 -4.850299 -71.26122 -90.30541 -3.939235 -71.26122 -90.30541 -3.939235 -71.26122 -90.30541 -3.939235 -71.26122 -90.30541 -3.939235 -69.51368 -93.37889 -4.481174 -69.51368 -93.37889 -4.481174 -66.63701 -89 -3.464106 -66.63701 -89 -3.464106 -66.63701 -89 -3.464106 -66.63701 -89 -3.464106 -66.63701 -89.63192 -3.758774 -66.63701 -89.63192 -3.758774 -71.49485 -89.63362 -3.759394 -71.49485 -89.63362 -3.759394 -71.61418 -89 -3.464106 -71.61418 -89 -3.464106 -71.61418 -89 -3.464106 -66.28346 -89.07323 -3.337279 -66.28346 -89.07323 -3.337279 -66.63701 -87.06077 0.6945887 -66.63701 -87.06077 0.6945887 -66.63701 -90.30541 3.939227 -66.63701 -90.30541 3.939227 -66.63701 -90.30541 3.939227 -66.63701 -90.30541 3.939227 -66.28346 -90.33084 3.795005 -66.28346 -90.33084 3.795005 -71.6314 -88.78938 -3.333643 -71.6314 -88.78938 -3.333643 -71.63701 -88.58403 -3.187958 -71.63701 -88.58403 -3.187958 -71.63701 -88.58403 -3.187958 -71.63701 -87 -4.37888e-6 -71.63701 -87 -4.37888e-6 -71.63701 -88.58403 3.18795 -71.63701 -88.58403 3.18795 -71.63701 -88.58403 3.18795 -71.54825 -89.40917 3.670044 -71.54825 -89.40917 3.670044 -71.26122 -90.30541 3.939227 -71.26122 -90.30541 3.939227 -71.26122 -90.30541 3.939227 -71.26122 -90.30541 3.939227 -72.6949 -90.47985 -5.489942 -72.6949 -90.47985 -5.489942 -72.6949 -90.47985 -5.489942 -73.0299 -89.04539 -5.088991 -73.0299 -89.04539 -5.088991 -73.13701 -87.67803 -4.383441 -73.13701 -87.67803 -4.383441 -73.13701 -87.67803 -4.383441 -73.13701 -87.67803 -4.383441 -72.68167 -88.32819 -3.525541 -72.68167 -88.32819 -3.525541 -72.28878 -90.53784 -4.441558 -72.28878 -90.53784 -4.441558 -67.07906 -96.35724 -5.465324 -67.07906 -96.35724 -5.465324 -67.25466 -96.55943 -6.556655 -67.25466 -96.55943 -6.556655 -67.25466 -96.55943 -6.556655 -70.63897 -94.09631 -6.124287 -70.63897 -94.09631 -6.124287 -65.77722 -97.07518 -4.567681 -65.77722 -97.07518 -4.567681 -64.90172 -97.57361 -4.625945 -64.90172 -97.57361 -4.625945 -64.90172 -97.57361 -4.625945 -65.54273 -97.24799 -6.015605 -65.54273 -97.24799 -6.015605 -65.79757 -97.05103 4.56485 -65.79757 -97.05103 4.56485 -64.90172 -97.57361 4.625936 -64.90172 -97.57361 4.625936 -64.90172 -97.57361 4.625936 -64.90172 -97.84307 -4.37888e-6 -64.90172 -97.84307 -4.37888e-6 -66.63701 -95.47231 4.850291 -66.63701 -95.47231 4.850291 -66.63701 -95.47231 4.850291 -66.63701 -95.47231 4.850291 -67.0661 -96.33444 5.429415 -67.0661 -96.33444 5.429415 -67.25452 -96.55912 6.556607 -67.25452 -96.55912 6.556607 -67.25452 -96.55912 6.556607 -65.54474 -97.24727 6.016968 -65.54474 -97.24727 6.016968 -66.32137 -95.9339 4.817722 -66.32137 -95.9339 4.817722 -72.25847 -90.53414 4.408849 -72.25847 -90.53414 4.408849 -72.69522 -90.47995 5.489967 -72.69522 -90.47995 5.489967 -72.69522 -90.47995 5.489967 -70.63897 -94.0963 6.124299 -70.63897 -94.0963 6.124299 -69.51368 -93.37889 4.481166 -69.51368 -93.37889 4.481166 -73.13701 -87.67803 4.383433 -73.13701 -87.67803 4.383433 -73.13701 -87.67803 4.383433 -73.13701 -87.67803 4.383433 -73.02933 -89.04909 5.090454 -73.02933 -89.04909 5.090454 -72.71344 -88.309 3.550854 -72.71344 -88.309 3.550854 -73.13701 -85.50002 6.76211e-5 -73.13701 -85.50002 6.76211e-5 -73.13701 -46.95715 -27.89365 -73.13701 -46.95715 -27.89365 -73.13701 -46.95715 -27.89365 -73.13701 -46.95715 -27.89365 -73.13701 -46.08221 -25.53693 -73.13701 -46.08221 -25.53693 -73.13701 -44.25 -23.8157 -73.13701 -44.25 -23.8157 -73.13701 -41.84326 -23.08958 -73.13701 -41.84326 -23.08958 -73.13701 -39.36481 -23.51021 -73.13701 -39.36481 -23.51021 -73.13701 -39.36481 -23.51021 -73.13701 -39.36481 -23.51021 -73.13701 -30.98504 -13.04504 -73.13701 -30.98504 -13.04504 -73.13701 -28.00051 -1.51379e-4 -73.13701 -28.00051 -1.51379e-4 -73.13701 -30.98494 13.04483 -73.13701 -30.98494 13.04483 -73.13701 -39.36481 23.51021 -73.13701 -39.36481 23.51021 -73.13701 -39.36481 23.51021 -73.13701 -39.36481 23.51021 -73.13701 -44.24993 23.81567 -73.13701 -44.24993 23.81567 -73.13701 -46.95715 27.89364 -73.13701 -46.95715 27.89364 -73.13701 -46.95715 27.89364 -73.13701 -46.95715 27.89364 -73.13701 -60.19762 29.91938 -73.13701 -60.19762 29.91938 -73.13701 -73 25.98076 -73.13701 -73 25.98076 -73.13701 -73 25.98076 -73.13701 -82.81214 16.86289 -73.13701 -82.81214 16.86289 -73.13701 -82.80482 -16.87313 -73.13701 -82.80482 -16.87313 -73.13701 -72.99987 -25.98025 -73.13701 -72.99987 -25.98025 -73.13701 -60.21037 -29.91815 -73.13701 -60.21037 -29.91815 -73.13701 -52.1399 -3.950004 -73.13701 -52.1399 -3.950004 -73.13701 -52.1399 -3.950004 -73.13701 -49.23151 6.851233 -73.13701 -49.23151 6.851233 -73.13701 -38.45669 3.949996 -73.13701 -38.45669 3.949996 -73.13701 -38.45669 3.949996 -73.13701 -41.34616 -6.840372 -73.13701 -41.34616 -6.840372 -73.13701 -71.19245 7.049996 -73.13701 -71.19245 7.049996 -73.13701 -71.19245 7.049996 -73.13701 -68.28407 17.85124 -73.13701 -68.28407 17.85124 -73.13701 -57.50925 14.94999 -73.13701 -57.50925 14.94999 -73.13701 -57.50925 14.94999 -73.13701 -60.39872 4.159628 -73.13701 -60.39872 4.159628 -73.13701 -71.19245 -14.95 -73.13701 -71.19245 -14.95 -73.13701 -71.19245 -14.95 -73.13701 -68.28407 -4.148766 -73.13701 -68.28407 -4.148766 -73.13701 -57.50925 -7.050004 -73.13701 -57.50925 -7.050004 -73.13701 -57.50925 -7.050004 -73.13701 -60.39872 -17.84037 -73.13701 -60.39872 -17.84037 -63.13701 -78 34.64101 -63.13701 -78 34.64101 -63.13701 -78 34.64101 -63.13701 -92.63999 20.00089 -63.13701 -92.63999 20.00089 -63.13701 -97.99955 -0.003323376 -63.13701 -97.99955 -0.003323376 -63.13701 -92.63987 -20.00199 -63.13701 -92.63987 -20.00199 -63.13701 -78.0144 -34.63219 -63.13701 -78.0144 -34.63219 -63.13701 -57.99386 -39.99954 -63.13701 -57.99386 -39.99954 -63.13701 -47.95914 -38.71887 -63.13701 -47.95914 -38.71887 -63.13701 -38 -34.64102 -63.13701 -38 -34.64102 -63.13701 -38 -34.64102 -64.02285 -38.01965 -34.60697 -64.02285 -38.01965 -34.60697 -64.90172 -38.07847 -34.5051 -64.90172 -38.07847 -34.5051 -64.90172 -38.07847 -34.5051 -64.90172 -38.07847 -34.5051 -64.90172 -40.11867 -35.60516 -64.90172 -40.11867 -35.60516 -64.90172 -42.21938 -36.58472 -64.90172 -42.21938 -36.58472 -64.90172 -42.21938 -36.58472 -65.54474 -43.58722 -36.99762 -65.54474 -43.58722 -36.99762 -67.25452 -44.39863 -36.67148 -67.25452 -44.39863 -36.67148 -67.25452 -44.39863 -36.67148 -70.63897 -45.25565 -34.32247 -70.63897 -45.25565 -34.32247 -72.69522 -46.51448 -30.87345 -72.69522 -46.51448 -30.87345 -72.69522 -46.51448 -30.87345 -73.02933 -46.88392 -29.43453 -73.02933 -46.88392 -29.43453 -70.20808 -76.53554 32.10448 -70.20808 -76.53554 32.10448 -61.13701 -18 -4.37888e-6 -61.13701 -18 -4.37888e-6 -61.13701 -18 -4.37888e-6 -61.13701 -23.35816 -19.99767 -61.13701 -23.35816 -19.99767 -61.13701 -38.00153 -34.64138 -61.13701 -38.00153 -34.64138 -61.13701 -47.97079 -38.72175 -61.13701 -47.97079 -38.72175 -61.13701 -58.00001 -40 -61.13701 -58.00001 -40 -61.13701 -78.03106 -34.62254 -61.13701 -78.03106 -34.62254 -61.13701 -92.64185 -19.99767 -61.13701 -92.64185 -19.99767 -61.13701 -98 -4.37888e-6 -61.13701 -98 -4.37888e-6 -61.13701 -98 -4.37888e-6 -16.26795 -98 -4.37888e-6 -16.26795 -98 -4.37888e-6 -16.26795 -98 -4.37888e-6 -17.54184 -95.04409 -15.09092 -17.54184 -95.04409 -15.09092 -21.13417 -86.67749 -27.88551 -21.13417 -86.67749 -27.88551 -26.63423 -73.88217 -36.71181 -26.63423 -73.88217 -36.71181 -33.33479 -58.28943 -39.99896 -33.33479 -58.28943 -39.99896 -33.33479 -58.28943 -39.99896 -40.20665 -42.25517 -36.77092 -40.20665 -42.25517 -36.77092 -45.75174 -29.24454 -27.80511 -45.75174 -29.24454 -27.80511 -49.31835 -20.84073 -14.80501 -49.31835 -20.84073 -14.80501 -50.52087 -18 -4.37888e-6 -50.52087 -18 -4.37888e-6 -50.52087 -18 -4.37888e-6 -61.13701 -92.64185 19.99767 -61.13701 -92.64185 19.99767 -61.13701 -78.03106 34.62253 -61.13701 -78.03106 34.62253 -61.13701 -57.99999 40 -61.13701 -57.99999 40 -61.13701 -47.97079 38.72175 -61.13701 -47.97079 38.72175 -61.13701 -38.00152 34.64137 -61.13701 -38.00152 34.64137 -61.13701 -23.35816 19.99766 -61.13701 -23.35816 19.99766 -49.3147 -20.8489 14.8255 -49.3147 -20.8489 14.8255 -45.72426 -29.30749 27.87005 -45.72426 -29.30749 27.87005 -40.16175 -42.36056 36.81586 -40.16175 -42.36056 36.81586 -33.33479 -58.28943 39.99895 -33.33479 -58.28943 39.99895 -33.33479 -58.28943 39.99895 -26.3069 -74.64139 36.37395 -26.3069 -74.64139 36.37395 -20.89236 -87.24074 27.2943 -20.89236 -87.24074 27.2943 -17.46934 -95.20699 14.68469 -17.46934 -95.20699 14.68469 -32.87454 -58.09768 40.49893 -32.87454 -58.09768 40.49893 -32.87454 -58.09768 40.49893 -32.87454 -58.09768 40.49893 -33.00484 -58.15047 40.15138 -33.00484 -58.15047 40.15138 -33.01486 -58.15465 -40.1405 -33.01486 -58.15465 -40.1405 -32.87454 -58.09768 -40.49894 -32.87454 -58.09768 -40.49894 -32.87454 -58.09768 -40.49894 -32.87454 -58.09768 -40.49894 -39.69298 -42.00293 -37.20689 -39.69298 -42.00293 -37.20689 -45.23785 -28.8675 -28.13525 -45.23785 -28.8675 -28.13525 -48.81643 -20.3661 -14.96547 -48.81643 -20.3661 -14.96547 -50.02087 -17.49986 -2.43789e-5 -50.02087 -17.49986 -2.43789e-5 -50.02087 -17.49986 -2.43789e-5 -48.81369 -20.37273 14.98181 -48.81369 -20.37273 14.98181 -45.24051 -28.86153 28.12836 -45.24051 -28.86153 28.12836 -39.70275 -41.97998 37.1966 -39.70275 -41.97998 37.1966 -30.54825 -63.57809 40.08685 -30.54825 -63.57809 40.08685 -28.28265 -68.9155 38.94579 -28.28265 -68.9155 38.94579 -24.03388 -78.92496 34.55674 -24.03388 -78.92496 34.55674 -20.50998 -87.22678 27.83148 -20.50998 -87.22678 27.83148 -17.91699 -93.33546 19.43703 -17.91699 -93.33546 19.43703 -15.80773 -98.30456 0.07270562 -15.80773 -98.30456 0.07270562 -16.32376 -97.08887 -9.848623 -16.32376 -97.08887 -9.848623 -17.89052 -93.39782 -19.32254 -17.89052 -93.39782 -19.32254 -20.48103 -87.29497 -27.75926 -20.48103 -87.29497 -27.75926 -24.00597 -78.99073 -34.5165 -24.00597 -78.99073 -34.5165 -31.06979 -62.34941 40.30626 -31.06979 -62.34941 40.30626 -29.28391 -66.55668 39.66687 -29.28391 -66.55668 39.66687 -27.53028 -70.68797 38.58773 -27.53028 -70.68797 38.58773 -25.83618 -74.67902 37.07659 -25.83618 -74.67902 37.07659 -22.80059 -81.83043 33.02897 -22.80059 -81.83043 33.02897 -20.27345 -87.784 27.86048 -20.27345 -87.784 27.86048 -18.28259 -92.47415 21.87964 -18.28259 -92.47415 21.87964 -16.75756 -96.06692 14.85343 -16.75756 -96.06692 14.85343 -15.55892 -98.89073 -4.37888e-6 -15.55892 -98.89073 -4.37888e-6 -15.55892 -98.89073 -4.37888e-6 -15.85986 -98.18176 -7.534686 -15.85986 -98.18176 -7.534686 -16.82798 -95.90101 -15.26444 -16.82798 -95.90101 -15.26444 -18.43206 -92.12205 -22.41837 -18.43206 -92.12205 -22.41837 -20.52386 -87.19406 -28.4693 -20.52386 -87.19406 -28.4693 -23.1245 -81.06734 -33.557 -23.1245 -81.06734 -33.557 -26.17349 -73.88438 -37.41701 -26.17349 -73.88438 -37.41701 -15.18974 -99.33429 -4.37888e-6 -15.18974 -99.33429 -4.37888e-6 -14.63841 -99.5 -4.37888e-6 -14.63841 -99.5 -4.37888e-6 -14.63841 -99.5 -4.37888e-6 -14.63841 -99.5 -4.37888e-6 -16.76287 -94.37174 -19.98367 -16.76287 -94.37174 -19.98367 -22.9167 -79.51631 -35.4866 -22.9167 -79.51631 -35.4866 -31.82862 -58.00247 -41.5 -31.82862 -58.00247 -41.5 -40.74359 -36.48127 -35.48513 -40.74359 -36.48127 -35.48513 -46.89508 -21.63149 -19.98954 -46.89508 -21.63149 -19.98954 -49.02087 -16.5 -4.37888e-6 -49.02087 -16.5 -4.37888e-6 -49.02087 -16.5 -4.37888e-6 -49.02087 -16.5 -4.37888e-6 -49.71602 -16.78233 -4.37888e-6 -49.71602 -16.78233 -4.37888e-6 -46.89641 -21.62827 19.98367 -46.89641 -21.62827 19.98367 -40.74258 -36.4837 35.4866 -40.74258 -36.4837 35.4866 -31.83066 -57.99754 41.5 -31.83066 -57.99754 41.5 -22.91569 -79.51874 35.48512 -22.91569 -79.51874 35.48512 -16.76421 -94.36851 19.98953 -16.76421 -94.36851 19.98953 -45.06409 -16.5 -4.37888e-6 -45.06409 -16.5 -4.37888e-6 -45.06409 -16.5 -4.37888e-6 -45.06409 -16.5 -4.37888e-6 -42.90282 -21.61606 19.96144 -42.90282 -21.61606 19.96144 -36.63524 -36.45302 35.46797 -36.63524 -36.45302 35.46797 -27.53216 -58.00265 41.5 -27.53216 -58.00265 41.5 -18.43227 -79.54471 35.46935 -18.43227 -79.54471 35.46935 -12.16235 -94.38719 19.9555 -12.16235 -94.38719 19.9555 -10.00247 -99.5 -4.37888e-6 -10.00247 -99.5 -4.37888e-6 -10.00247 -99.5 -4.37888e-6 -10.00247 -99.5 -4.37888e-6 -12.16373 -94.38394 -19.96145 -12.16373 -94.38394 -19.96145 -18.43132 -79.54698 -35.46799 -18.43132 -79.54698 -35.46799 -27.5344 -57.99733 -41.5 -27.5344 -57.99733 -41.5 -36.63428 -36.45528 -35.46936 -36.63428 -36.45528 -35.46936 -42.90421 -21.6128 -19.9555 -42.90421 -21.6128 -19.9555 -9.838298 -99.41426 -4.37888e-6 -9.838298 -99.41426 -4.37888e-6 -9.818366 -99.22186 -4.37888e-6 -9.818366 -99.22186 -4.37888e-6 -9.818366 -99.22186 -4.37888e-6 -10.48747 -97.64554 -11.30078 -10.48747 -97.64554 -11.30078 -11.81803 -94.51095 -19.15559 -11.81803 -94.51095 -19.15559 -16.94948 -82.422 -33.24765 -16.94948 -82.422 -33.24765 -25.28157 -62.79284 -41.01184 -25.28157 -62.79284 -41.01184 -34.8529 -40.24419 -37.32462 -34.8529 -40.24419 -37.32462 -42.16551 -23.01676 -22.07571 -42.16551 -23.01676 -22.07571 -44.21166 -18.19633 -11.29963 -44.21166 -18.19633 -11.29963 -44.87998 -16.62185 -4.37888e-6 -44.87998 -16.62185 -4.37888e-6 -44.87998 -16.62185 -4.37888e-6 -44.95461 -16.53262 -4.37888e-6 -44.95461 -16.53262 -4.37888e-6 -42.9727 -21.11513 18.73547 -42.9727 -21.11513 18.73547 -42.88029 -21.33284 19.15553 -42.88029 -21.33284 19.15553 -37.74887 -33.42171 33.24765 -37.74887 -33.42171 33.24765 -29.41679 -53.05087 41.01181 -29.41679 -53.05087 41.01181 -19.84545 -75.59952 37.32461 -19.84545 -75.59952 37.32461 -12.53282 -92.827 22.07574 -12.53282 -92.827 22.07574 -11.72805 -94.72292 18.74193 -11.72805 -94.72292 18.74193 -12.31316 -93.3445 18.7286 -12.31316 -93.3445 18.7286 -10.337 -98.00003 0.004343569 -10.337 -98.00003 0.004343569 -11.03017 -96.36702 -11.31249 -11.03017 -96.36702 -11.31249 -12.42912 -93.07131 -19.23528 -12.42912 -93.07131 -19.23528 -18.50086 -78.76718 -34.18651 -18.50086 -78.76718 -34.18651 -27.316 -58 -40 -27.316 -58 -40 -27.316 -58 -40 -36.13063 -37.23403 -34.18724 -36.13063 -37.23403 -34.18724 -42.20168 -22.93154 -19.24048 -42.20168 -22.93154 -19.24048 -43.60184 -19.63298 -11.31249 -43.60184 -19.63298 -11.31249 -44.295 -17.99997 -0.004352331 -44.295 -17.99997 -0.004352331 -42.31884 -22.65554 18.72865 -42.31884 -22.65554 18.72865 -42.20289 -22.9287 19.23528 -42.20289 -22.9287 19.23528 -36.13115 -37.23281 34.1865 -36.13115 -37.23281 34.1865 -27.316 -58 40 -27.316 -58 40 -27.316 -58 40 -18.50137 -78.76597 34.18723 -18.50137 -78.76597 34.18723 -12.43033 -93.06846 19.24047 -12.43033 -93.06846 19.24047 0 -58 40 0 -58 40 0 -58 40 0 -58 40 0 -58 40 -4.03 -58 40 -4.03 -58 40 -4.03 -58 -40 -4.03 -58 -40 0 -58 -40 0 -58 -40 0 -58 -40 0 -58 -40 0 -58 -40 -23.21476 -34.78524 -32.57415 -23.21476 -34.78524 -32.57415 -36.27026 -21.72974 -16.86618 -36.27026 -21.72974 -16.86618 -40 -18 -0.004050374 -40 -18 -0.004050374 -36.27419 -21.72581 16.85772 -36.27419 -21.72581 16.85772 -23.22166 -34.77834 32.56922 -23.22166 -34.77834 32.56922 0 0 -40 0 0 -40 0 0 -40 -10.0288 0 -38.72161 -10.0288 0 -38.72161 -19.98224 0 -34.65206 -19.98224 0 -34.65206 -34.67863 0 -19.93358 -34.67863 0 -19.93358 -39.99984 0 0.09991163 -39.99984 0 0.09991163 -34.62224 0 20.03163 -34.62224 0 20.03163 -20.0111 0 34.63557 -20.0111 0 34.63557 -10.03199 0 38.72072 -10.03199 0 38.72072 0 0 40 0 0 40 0 0 40 20.03151 0 34.62361 20.03151 0 34.62361 34.67863 0 19.93358 34.67863 0 19.93358 39.99984 0 -0.09992039 39.99984 0 -0.09992039 34.62224 0 -20.03163 34.62224 0 -20.03163 20.03062 0 -34.62429 20.03062 0 -34.62429 23.22166 -34.77834 -32.56923 23.22166 -34.77834 -32.56923 36.27419 -21.72581 -16.85773 36.27419 -21.72581 -16.85773 40 -18 0.004041612 40 -18 0.004041612 36.27026 -21.72974 16.86618 36.27026 -21.72974 16.86618 23.21476 -34.78524 32.57414 23.21476 -34.78524 32.57414 20.04489 0 -33.45542 20.04489 0 -33.45542 19.482 0 -33.78613 19.482 0 -33.78613 0 0 -39 0 0 -39 0 0 -39 -10.0304 0 -37.68731 -10.0304 0 -37.68731 -19.51169 0 -33.76916 -19.51169 0 -33.76916 -33.75763 0 -19.5292 -33.75763 0 -19.5292 -38.99985 0 -0.09504437 -38.99985 0 -0.09504437 -33.81047 0 19.4373 -33.81047 0 19.4373 -19.482 0 33.78612 -19.482 0 33.78612 -10.02741 0 37.68819 -10.02741 0 37.68819 0 0 39 0 0 39 0 0 39 19.51169 0 33.76915 19.51169 0 33.76915 20.04447 0 33.45578 20.04447 0 33.45578 33.75763 0 19.52919 33.75763 0 19.52919 38.99985 0 0.09503561 38.99985 0 0.09503561 33.81047 0 -19.43731 33.81047 0 -19.43731 0 -1 38 0 -1 38 0 -1 38 0 -1 38 0 -1 -38 0 -1 -38 0 -1 -38 0 -1 -38 -19 -1 -32.90897 -19 -1 -32.90897 -32.90896 -1 -19 -32.90896 -1 -19 -38 -1 -4.37888e-6 -38 -1 -4.37888e-6 -32.90896 -1 19 -32.90896 -1 19 -19 -1 32.90896 -19 -1 32.90896 0 -6 -38 0 -6 -38 0 -6 -38 -8.021613 -6 -37.14297 -8.021613 -6 -37.14297 -18.98187 -6 -32.92013 -18.98187 -6 -32.92013 -32.94219 -6 -18.94126 -32.94219 -6 -18.94126 -37.99986 -6 0.09022158 -37.99986 -6 0.09022158 -32.89285 -6 19.02705 -32.89285 -6 19.02705 -19.01235 -6 32.90269 -19.01235 -6 32.90269 -8.024187 -6 37.1426 -8.024187 -6 37.1426 0 -6 38 0 -6 38 0 -6 38 -7.999988 -6 11.95042 -7.999988 -6 -11.95433 19.01235 -6 -32.9027 19.01235 -6 -32.9027 22.04352 -6 -30.95318 22.04352 -6 -30.95318 22.03001 -6 -0.009081363 22.04277 -6 30.95376 22.04277 -6 30.95376 18.98187 -6 32.92013 18.98187 -6 32.92013 32.94219 -6 18.94125 32.94219 -6 18.94125 32.89285 -6 -19.02706 32.89285 -6 -19.02706 37.99986 -6 -0.09023034 37.99986 -6 -0.09023034 19 -1 -32.90897 19 -1 -32.90897 32.90896 -1 -19 32.90896 -1 -19 38 -1 -4.37888e-6 38 -1 -4.37888e-6 32.90896 -1 19 32.90896 -1 19 19 -1 32.90896 19 -1 32.90896 56 -58 -40 56 -58 -40 56 -58 -40 56 -37.96849 -34.62361 56 -37.96849 -34.62361 56 -23.32137 -19.93358 56 -23.32137 -19.93358 56 -18.00016 0.09991163 56 -18.00016 0.09991163 56 -23.37775 20.03163 56 -23.37775 20.03163 56 -37.96937 34.62429 56 -37.96937 34.62429 56 -58 40 56 -58 40 56 -58 40 26 -58 40 26 -58 40 26 -58 -40 26 -58 -40 56 -37.96401 34.274 56 -37.96401 34.274 56 -38.16785 34.39228 56 -38.16785 34.39228 56 -58 39.7 56 -58 39.7 56 -58 39.7 56 -68.03157 38.41087 56 -68.03157 38.41087 56 -68.0288 38.72161 56 -68.0288 38.72161 56 -77.98224 34.65205 56 -77.98224 34.65205 56 -77.86127 34.37564 56 -77.86127 34.37564 56 -92.36289 19.88087 56 -92.36289 19.88087 56 -97.69985 0.09844261 56 -97.69985 0.09844261 56 -92.4182 -19.78468 56 -92.4182 -19.78468 56 -77.83216 -34.39229 56 -77.83216 -34.39229 56 -68.02844 -38.41176 56 -68.02844 -38.41176 56 -68.03199 -38.72073 56 -68.03199 -38.72073 56 -78.0111 -34.63557 56 -78.0111 -34.63557 56 -92.62225 -20.03163 56 -92.62225 -20.03163 56 -97.99985 -0.09992039 56 -97.99985 -0.09992039 56 -92.67864 19.93358 56 -92.67864 19.93358 56 -58 -39.7 56 -58 -39.7 56 -58 -39.7 56 -38.13873 -34.37565 56 -38.13873 -34.37565 56 -37.96475 -34.27459 56 -37.96475 -34.27459 56 -23.63712 -19.88087 56 -23.63712 -19.88087 56 -18.30016 -0.09845137 56 -18.30016 -0.09845137 56 -23.5818 19.78467 56 -23.5818 19.78467 -4.03 -81.51142 -32.36068 -4.03 -96.04226 -12.36068 -4.03 -96.04226 12.36067 -4.03 -81.51142 32.36067 26 -81.51142 32.36067 26 -96.04226 12.36067 26 -96.04226 -12.36068 26 -81.51142 -32.36068 56.3 -58 -40 56.3 -58 -40 56.3 -58 -40 56.3 -58 -40 56.3 -38 -34.64102 56.3 -38 -34.64102 56.3 -23.35899 -20 56.3 -23.35899 -20 56.3 -18 -4.37888e-6 56.3 -18 -4.37888e-6 56.3 -23.35899 20 56.3 -23.35899 20 56.3 -38 34.64101 56.3 -38 34.64101 56.3 -58 40 56.3 -58 40 56.3 -58 40 56.3 -58 40 56.3 -78 34.64101 56.3 -78 34.64101 56.3 -92.64102 20 56.3 -92.64102 20 56.3 -98 -4.37888e-6 56.3 -98 -4.37888e-6 56.3 -92.64102 -20 56.3 -92.64102 -20 56.3 -78 -34.64102 56.3 -78 -34.64102 57 -58 40 57 -58 40 57 -58 40 57 -58 40 57 -78 34.64101 57 -78 34.64101 57 -92.64102 20 57 -92.64102 20 57 -98 -4.37888e-6 57 -98 -4.37888e-6 57 -92.64102 -20 57 -92.64102 -20 57 -78 -34.64102 57 -78 -34.64102 57 -58 -40 57 -58 -40 57 -58 -40 57 -58 -40 57 -38 -34.64102 57 -38 -34.64102 57 -23.35899 -20 57 -23.35899 -20 57 -18 -4.37888e-6 57 -18 -4.37888e-6 57 -23.35899 20 57 -23.35899 20 57 -38 34.64101 57 -38 34.64101 57.3 -58 -39.7 57.3 -58 -39.7 57.3 -58 -39.7 57.3 -38.16785 -34.39229 57.3 -38.16785 -34.39229 57.3 -37.65624 -34.09233 57.3 -37.65624 -34.09233 57.3 -23.5818 -19.78468 57.3 -23.5818 -19.78468 57.3 -18.30016 0.09844261 57.3 -18.30016 0.09844261 57.3 -23.63712 19.88087 57.3 -23.63712 19.88087 57.3 -37.65669 34.09272 57.3 -37.65669 34.09272 57.3 -38.13873 34.37564 57.3 -38.13873 34.37564 57.3 -58 39.7 57.3 -58 39.7 57.3 -58 39.7 57.3 -37.64855 33.16834 57.3 -37.64855 33.16834 57.3 -38.56132 33.71113 57.3 -38.56132 33.71113 57.3 -58 38.91339 57.3 -58 38.91339 57.3 -58 38.91339 57.3 -67.731 37.67625 57.3 -67.731 37.67625 57.3 -67.72866 38.4887 57.3 -67.72866 38.4887 57.3 -77.83216 34.39228 57.3 -77.83216 34.39228 57.3 -77.46844 33.69411 57.3 -77.46844 33.69411 57.3 -91.68276 19.48569 57.3 -91.68276 19.48569 57.3 -96.91326 0.09461659 57.3 -96.91326 0.09461659 57.3 -91.73529 -19.39435 57.3 -91.73529 -19.39435 57.3 -77.43869 -33.71113 57.3 -77.43869 -33.71113 57.3 -67.72795 -37.67709 57.3 -67.72795 -37.67709 57.3 -67.73184 -38.48789 57.3 -67.73184 -38.48789 57.3 -77.86127 -34.37565 57.3 -77.86127 -34.37565 57.3 -92.36289 -19.88087 57.3 -92.36289 -19.88087 57.3 -97.69985 -0.09845137 57.3 -97.69985 -0.09845137 57.3 -92.4182 19.78467 57.3 -92.4182 19.78467 57.3 -58 -38.9134 57.3 -58 -38.9134 57.3 -58 -38.9134 57.3 -38.53156 -33.69412 57.3 -38.53156 -33.69412 57.3 -37.64871 -33.16851 57.3 -37.64871 -33.16851 57.3 -24.31725 -19.4857 57.3 -24.31725 -19.4857 57.3 -19.08675 -0.09462535 57.3 -19.08675 -0.09462535 57.3 -24.26472 19.39434 57.3 -24.26472 19.39434 57.6 -58 -38.7402 57.6 -58 -38.7402 57.6 -58 -38.7402 57.6 -58 -38.7402 57.6 -38.6299 -33.54999 57.6 -38.6299 -33.54999 57.6 -24.45001 -19.3701 57.6 -24.45001 -19.3701 57.6 -19.25981 -4.37888e-6 57.6 -19.25981 -4.37888e-6 57.6 -24.45001 19.37009 57.6 -24.45001 19.37009 57.6 -38.6299 33.54999 57.6 -38.6299 33.54999 57.6 -58 38.74019 57.6 -58 38.74019 57.6 -58 38.74019 57.6 -58 38.74019 57.75 -58 38.7 57.75 -58 38.7 57.75 -58 38.7 57.67235 -58 38.71022 57.67235 -58 38.71022 57.67235 -58 -38.71022 57.67235 -58 -38.71022 57.75 -58 -38.7 57.75 -58 -38.7 57.75 -58 -38.7 57.75 -38.65182 -33.51574 57.75 -38.65182 -33.51574 57.75 -24.48427 -19.34818 57.75 -24.48427 -19.34818 57.75 -20.29726 -8.726494 57.75 -20.29726 -8.726494 57.75 -19.3 -4.37888e-6 57.75 -19.3 -4.37888e-6 57.75 -24.48427 19.34817 57.75 -24.48427 19.34817 57.75 -25.74377 21.3822 57.75 -25.74377 21.3822 57.75 -38.65182 33.51573 57.75 -38.65182 33.51573 57.6 -77.3701 -33.54999 57.6 -77.3701 -33.54999 57.6 -91.54999 -19.3701 57.6 -91.54999 -19.3701 57.6 -96.74019 -4.37888e-6 57.6 -96.74019 -4.37888e-6 57.6 -91.54999 19.37009 57.6 -91.54999 19.37009 57.6 -77.3701 33.54999 57.6 -77.3701 33.54999 57.75 -77.34818 33.51573 57.75 -77.34818 33.51573 57.75 -90.25623 21.3822 57.75 -90.25623 21.3822 57.75 -91.51573 19.34817 57.75 -91.51573 19.34817 57.75 -96.7 -4.37888e-6 57.75 -96.7 -4.37888e-6 57.75 -95.70275 -8.726494 57.75 -95.70275 -8.726494 57.75 -91.51573 -19.34818 57.75 -91.51573 -19.34818 57.75 -77.34818 -33.51574 57.75 -77.34818 -33.51574 63.55 -58 -38.7 63.55 -58 -38.7 63.55 -58 -38.7 63.55 -77.34818 -33.51574 63.55 -77.34818 -33.51574 63.55 -91.51573 -19.34818 63.55 -91.51573 -19.34818 63.55 -95.70275 -8.726494 63.55 -95.70275 -8.726494 63.55 -96.7 -4.37888e-6 63.55 -96.7 -4.37888e-6 63.55 -91.51573 19.34817 63.55 -91.51573 19.34817 63.55 -90.25623 21.3822 63.55 -90.25623 21.3822 63.55 -77.34818 33.51573 63.55 -77.34818 33.51573 63.55 -58 38.7 63.55 -58 38.7 63.55 -58 38.7 63.62765 -58 38.71022 63.62765 -58 38.71022 63.7 -58 38.74019 63.7 -58 38.74019 63.7 -58 38.74019 63.7 -58 38.74019 63.7 -77.3701 33.54999 63.7 -77.3701 33.54999 63.7 -91.54999 19.37009 63.7 -91.54999 19.37009 63.7 -96.74019 -4.37888e-6 63.7 -96.74019 -4.37888e-6 63.7 -91.54999 -19.3701 63.7 -91.54999 -19.3701 63.7 -77.3701 -33.54999 63.7 -77.3701 -33.54999 63.7 -58 -38.7402 63.7 -58 -38.7402 63.7 -58 -38.7402 63.7 -58 -38.7402 63.62765 -58 -38.71022 63.62765 -58 -38.71022 63.55 -38.65182 33.51573 63.55 -38.65182 33.51573 63.55 -25.74377 21.3822 63.55 -25.74377 21.3822 63.55 -24.48427 19.34817 63.55 -24.48427 19.34817 63.55 -19.3 -4.37888e-6 63.55 -19.3 -4.37888e-6 63.55 -20.29726 -8.726494 63.55 -20.29726 -8.726494 63.55 -24.48427 -19.34818 63.55 -24.48427 -19.34818 63.55 -38.65182 -33.51574 63.55 -38.65182 -33.51574 63.7 -38.6299 -33.54999 63.7 -38.6299 -33.54999 63.7 -24.45001 -19.3701 63.7 -24.45001 -19.3701 63.7 -19.25981 -4.37888e-6 63.7 -19.25981 -4.37888e-6 63.7 -24.45001 19.37009 63.7 -24.45001 19.37009 63.7 -38.6299 33.54999 63.7 -38.6299 33.54999 64 -58 -38.9134 64 -58 -38.9134 64 -58 -38.9134 64 -38.56132 -33.71113 64 -38.56132 -33.71113 64 -37.95417 -33.35387 64 -37.95417 -33.35387 64 -24.26472 -19.39435 64 -24.26472 -19.39435 64 -19.08675 0.09461659 64 -19.08675 0.09461659 64 -24.31725 19.48569 64 -24.31725 19.48569 64 -37.95455 33.35419 64 -37.95455 33.35419 64 -38.53156 33.69411 64 -38.53156 33.69411 64 -58 38.91339 64 -58 38.91339 64 -58 38.91339 64 -68.02727 37.59862 64 -68.02727 37.59862 64 -77.43869 33.71113 64 -77.43869 33.71113 64 -91.73529 19.39434 64 -91.73529 19.39434 64 -96.91326 -0.09462535 64 -96.91326 -0.09462535 64 -91.68276 -19.4857 64 -91.68276 -19.4857 64 -77.46844 -33.69412 64 -77.46844 -33.69412 64 -68.03024 -37.59774 64 -68.03024 -37.59774 64 -58 40 64 -58 40 64 -58 40 64 -68.03199 38.72072 64 -68.03199 38.72072 64 -37.96849 34.62361 64 -37.96849 34.62361 64 -23.32137 19.93358 64 -23.32137 19.93358 64 -37.96937 -34.62429 64 -37.96937 -34.62429 64 -23.37775 -20.03163 64 -23.37775 -20.03163 64 -18.00016 -0.09992039 64 -18.00016 -0.09992039 64 -58 -40 64 -58 -40 64 -58 -40 64 -68.0288 -38.72161 64 -68.0288 -38.72161 64 -77.98224 -34.65206 64 -77.98224 -34.65206 64 -78.0111 34.63557 64 -78.0111 34.63557 64 -92.62225 20.03163 64 -92.62225 20.03163 64 -97.99985 0.09991163 64 -97.99985 0.09991163 64 -92.67864 -19.93358 64 -92.67864 -19.93358 65.30001 -58 -40 65.30001 -58 -40 65.30001 -58 -40 65.30001 -37.96849 -34.62361 65.30001 -37.96849 -34.62361 65.30001 -23.32137 -19.93358 65.30001 -23.32137 -19.93358 65.30001 -18.00016 0.09991163 65.30001 -18.00016 0.09991163 65.30001 -23.37775 20.03163 65.30001 -23.37775 20.03163 65.30001 -37.96937 34.62429 65.30001 -37.96937 34.62429 65.30001 -58 40 65.30001 -58 40 65.30001 -58 40 65.30001 -68.03199 -38.72073 65.30001 -68.03199 -38.72073 65.30001 -68.02504 -36.44585 65.30001 -68.02504 -36.44585 65.30001 -58 -37.8 65.30001 -58 -37.8 65.30001 -58 -37.8 65.30001 -39.0875 -32.7294 65.30001 -39.0875 -32.7294 65.30001 -37.94533 -32.0424 65.30001 -37.94533 -32.0424 65.30001 -25.28013 -18.92667 65.30001 -25.28013 -18.92667 65.30001 -20.20013 -0.08927536 65.30001 -20.20013 -0.08927536 65.30001 -25.23148 18.84206 65.30001 -25.23148 18.84206 65.30001 -37.94534 32.04238 65.30001 -37.94534 32.04238 65.30001 -39.11814 32.74692 65.30001 -39.11814 32.74692 65.30001 -58 37.79999 65.30001 -58 37.79999 65.30001 -58 37.79999 65.30001 -68.02776 36.44496 65.30001 -68.02776 36.44496 65.30001 -68.0288 38.72161 65.30001 -68.0288 38.72161 65.30001 -77.98224 34.65205 65.30001 -77.98224 34.65205 65.30001 -76.91249 32.7294 65.30001 -76.91249 32.7294 65.30001 -90.71988 18.92666 65.30001 -90.71988 18.92666 65.30001 -95.79987 0.08926659 65.30001 -95.79987 0.08926659 65.30001 -90.76853 -18.84207 65.30001 -90.76853 -18.84207 65.30001 -76.88187 -32.74692 65.30001 -76.88187 -32.74692 65.30001 -78.0111 -34.63557 65.30001 -78.0111 -34.63557 65.30001 -92.62225 -20.03163 65.30001 -92.62225 -20.03163 65.30001 -97.99985 -0.09992039 65.30001 -97.99985 -0.09992039 65.30001 -92.67864 19.93358 65.30001 -92.67864 19.93358 65.5 -58 -37.6 65.5 -58 -37.6 65.5 -58 -37.6 65.5 -58 -37.6 65.5 -39.2 -32.56256 65.5 -39.2 -32.56256 65.5 -25.43745 -18.8 65.5 -25.43745 -18.8 65.5 -20.4 -4.37888e-6 65.5 -20.4 -4.37888e-6 65.5 -25.43745 18.8 65.5 -25.43745 18.8 65.5 -39.2 32.56255 65.5 -39.2 32.56255 65.5 -58 37.59999 65.5 -58 37.59999 65.5 -58 37.59999 65.5 -58 37.59999 65.35858 -58 37.65858 65.35858 -58 37.65858 65.35858 -58 -37.65858 65.35858 -58 -37.65858 65.5 -76.80001 32.56255 65.5 -76.80001 32.56255 65.5 -90.56256 18.8 65.5 -90.56256 18.8 65.5 -95.6 -4.37888e-6 65.5 -95.6 -4.37888e-6 65.5 -90.56256 -18.8 65.5 -90.56256 -18.8 65.5 -76.80001 -32.56256 65.5 -76.80001 -32.56256 66.30001 -58 37.59999 66.30001 -58 37.59999 66.30001 -58 37.59999 66.30001 -58 37.59999 66.30001 -76.80001 32.56255 66.30001 -76.80001 32.56255 66.30001 -90.56256 18.8 66.30001 -90.56256 18.8 66.30001 -95.6 -4.37888e-6 66.30001 -95.6 -4.37888e-6 66.30001 -90.56256 -18.8 66.30001 -90.56256 -18.8 66.30001 -76.80001 -32.56256 66.30001 -76.80001 -32.56256 66.30001 -58 -37.6 66.30001 -58 -37.6 66.30001 -58 -37.6 66.30001 -58 -37.6 66.30001 -39.2 -32.56256 66.30001 -39.2 -32.56256 66.30001 -25.43745 -18.8 66.30001 -25.43745 -18.8 66.30001 -20.4 -4.37888e-6 66.30001 -20.4 -4.37888e-6 66.30001 -25.43745 18.8 66.30001 -25.43745 18.8 66.30001 -39.2 32.56255 66.30001 -39.2 32.56255 66.44142 -58 -37.65858 66.44142 -58 -37.65858 66.5 -58 -37.8 66.5 -58 -37.8 66.5 -58 -37.8 66.5 -39.11814 -32.74692 66.5 -39.11814 -32.74692 66.5 -35.86713 -30.64278 66.5 -35.86713 -30.64278 66.5 -25.23148 -18.84207 66.5 -25.23148 -18.84207 66.5 -20.20013 0.08926659 66.5 -20.20013 0.08926659 66.5 -25.28013 18.92666 66.5 -25.28013 18.92666 66.5 -35.86645 30.64228 66.5 -35.86645 30.64228 66.5 -39.0875 32.7294 66.5 -39.0875 32.7294 66.5 -58 37.79999 66.5 -58 37.79999 66.5 -58 37.79999 66.44142 -58 37.65858 66.44142 -58 37.65858 66.5 -65.92103 36.96004 66.5 -65.92103 36.96004 66.5 -76.88187 32.74692 66.5 -76.88187 32.74692 66.5 -90.76853 18.84206 66.5 -90.76853 18.84206 66.5 -95.79987 -0.08927536 66.5 -95.79987 -0.08927536 66.5 -90.71988 -18.92667 66.5 -90.71988 -18.92667 66.5 -76.91249 -32.7294 66.5 -76.91249 -32.7294 66.5 -65.92354 -36.95971 66.5 -65.92354 -36.95971 66.5 -58 -37.9 66.5 -58 -37.9 66.5 -58 -37.9 66.5 -39.03757 -32.81605 66.5 -39.03757 -32.81605 66.5 -35.86366 -30.76361 66.5 -35.86366 -30.76361 66.5 -65.92092 -37.06234 66.5 -65.92092 -37.06234 66.5 -76.93187 -32.83353 66.5 -76.93187 -32.83353 66.5 -65.92343 37.062 66.5 -65.92343 37.062 66.5 -76.96243 32.81604 66.5 -76.96243 32.81604 66.5 -90.80637 18.97686 66.5 -90.80637 18.97686 66.5 -95.89987 0.08974361 66.5 -95.89987 0.08974361 66.5 -90.85536 -18.89166 66.5 -90.85536 -18.89166 66.5 -58 37.9 66.5 -58 37.9 66.5 -58 37.9 66.5 -35.86436 30.76412 66.5 -35.86436 30.76412 66.5 -39.06813 32.83352 66.5 -39.06813 32.83352 66.5 -25.14465 18.89166 66.5 -25.14465 18.89166 66.5 -25.19363 -18.97686 66.5 -25.19363 -18.97686 66.5 -20.10014 -0.08975237 66.5 -20.10014 -0.08975237 66.6 -58 38 66.6 -58 38 66.6 -58 38 66.6 -58 38 66.6 -77 32.90896 66.6 -77 32.90896 66.6 -90.90897 19 66.6 -90.90897 19 66.6 -96 -4.37888e-6 66.6 -96 -4.37888e-6 66.6 -90.90897 -19 66.6 -90.90897 -19 66.6 -77 -32.90897 66.6 -77 -32.90897 66.6 -58 -38 66.6 -58 -38 66.6 -58 -38 66.6 -58 -38 66.52929 -58 -37.97071 66.52929 -58 -37.97071 66.52929 -58 37.97071 66.52929 -58 37.97071 66.6 -39 -32.90897 66.6 -39 -32.90897 66.6 -25.09103 -19 66.6 -25.09103 -19 66.6 -20 -4.37888e-6 66.6 -20 -4.37888e-6 66.6 -25.09103 19 66.6 -25.09103 19 66.6 -39 32.90896 66.6 -39 32.90896 70.30001 -58 -38 70.30001 -58 -38 70.30001 -58 -38 70.30001 -58 -38 70.30001 -39 -32.90897 70.30001 -39 -32.90897 70.30001 -25.09103 -19 70.30001 -25.09103 -19 70.30001 -20 -4.37888e-6 70.30001 -20 -4.37888e-6 70.30001 -25.09103 19 70.30001 -25.09103 19 70.30001 -39 32.90896 70.30001 -39 32.90896 70.30001 -58 38 70.30001 -58 38 70.30001 -58 38 70.30001 -58 38 71.30001 -58 -37 71.30001 -58 -37 71.30001 -58 -37 71.30001 -39.51812 -32.05406 71.30001 -39.51812 -32.05406 71.30001 -34.9144 -28.91295 71.30001 -34.9144 -28.91295 71.30001 -25.92621 -18.44542 71.30001 -25.92621 -18.44542 71.30001 -21.00013 0.08546757 71.30001 -21.00013 0.08546757 71.30001 -25.9721 18.52522 71.30001 -25.9721 18.52522 71.30001 -34.91437 28.91311 71.30001 -34.91437 28.91311 71.30001 -39.48688 32.03618 71.30001 -39.48688 32.03618 71.30001 -58 37 71.30001 -58 37 71.30001 -58 37 71.30001 -34.96998 0.01011359 71.30001 -65.01538 -36.32862 71.30001 -65.01538 -36.32862 71.30001 -64.99999 -11.70652 71.30001 -64.99999 11.71011 71.30001 -65.01372 36.32872 71.30001 -65.01372 36.32872 71.30001 -76.48188 32.05406 71.30001 -76.48188 32.05406 71.30001 -76.51312 -32.03619 71.30001 -76.51312 -32.03619 71.30001 -90.0279 -18.52522 71.30001 -90.0279 -18.52522 71.30001 -94.99987 -0.08547633 71.30001 -94.99987 -0.08547633 71.30001 -90.07379 18.44541 71.30001 -90.07379 18.44541 70.30001 -77 -32.90897 70.30001 -77 -32.90897 70.30001 -90.90897 -19 70.30001 -90.90897 -19 70.30001 -96 -4.37888e-6 70.30001 -96 -4.37888e-6 70.30001 -90.90897 19 70.30001 -90.90897 19 70.30001 -77 32.90896 70.30001 -77 32.90896 -63.13701 -23.36002 -20.0009 -63.13701 -23.36002 -20.0009 -63.13701 -18.00045 0.003314614 -63.13701 -18.00045 0.003314614 -63.13701 -23.36013 20.00198 -63.13701 -23.36013 20.00198 -63.13701 -38.0014 34.6413 -63.13701 -38.0014 34.6413 -63.13701 -47.97782 38.72407 -63.13701 -47.97782 38.72407 -63.13701 -58.00613 39.99953 -63.13701 -58.00613 39.99953 -73.0299 -46.8845 29.43058 -73.0299 -46.8845 29.43058 -72.69525 -46.51448 30.87345 -72.69525 -46.51448 30.87345 -72.69525 -46.51448 30.87345 -70.63897 -45.25563 34.32246 -70.63897 -45.25563 34.32246 -67.2545 -44.39863 36.67144 -67.2545 -44.39863 36.67144 -67.2545 -44.39863 36.67144 -65.54273 -43.58567 36.99754 -65.54273 -43.58567 36.99754 -64.90172 -42.21938 36.58471 -64.90172 -42.21938 36.58471 -64.90172 -42.21938 36.58471 -64.90172 -38.07847 34.5051 -64.90172 -38.07847 34.5051 -64.90172 -34.20701 31.95877 -64.90172 -34.20701 31.95877 -64.90172 -34.20701 31.95877 -65.54474 -33.16552 30.98064 -65.54474 -33.16552 30.98064 -67.25452 -33.04225 30.11487 -67.25452 -33.04225 30.11487 -67.25452 -33.04225 30.11487 -70.63897 -34.64805 28.19816 -70.63897 -34.64805 28.19816 -72.69522 -37.00557 25.38347 -72.69522 -37.00557 25.38347 -72.69522 -37.00557 25.38347 -73.02933 -38.06699 24.34407 -73.02933 -38.06699 24.34407 -73.0299 -38.07011 -24.3416 -73.0299 -38.07011 -24.3416 -72.69525 -37.00557 -25.38349 -72.69525 -37.00557 -25.38349 -72.69525 -37.00557 -25.38349 -70.63897 -34.64806 -28.19818 -70.63897 -34.64806 -28.19818 -67.2545 -33.04228 -30.11486 -67.2545 -33.04228 -30.11486 -67.2545 -33.04228 -30.11486 -65.54273 -33.16634 -30.98195 -65.54273 -33.16634 -30.98195 -64.90172 -34.20701 -31.95878 -64.90172 -34.20701 -31.95878 -64.90172 -34.20701 -31.95878 -64.90172 -36.1057 -33.28827 -64.90172 -36.1057 -33.28827 -72.68167 -45.88911 28.02775 -72.68167 -45.88911 28.02775 -71.63701 -45.46884 28.08051 -71.63701 -45.46884 28.08051 -71.63701 -45.46884 28.08051 -71.54834 -45.47381 29.03575 -71.54834 -45.47381 29.03575 -71.26122 -45.25877 29.94692 -71.26122 -45.25877 29.94692 -71.26122 -45.25877 29.94692 -71.26122 -45.25877 29.94692 -72.28878 -45.57757 30.39937 -72.28878 -45.57757 30.39937 -69.51368 -44.19136 32.8796 -69.51368 -44.19136 32.8796 -66.63701 -43.46432 34.87711 -66.63701 -43.46432 34.87711 -66.63701 -43.46432 34.87711 -66.63701 -43.46432 34.87711 -66.91276 -43.40335 35.50433 -66.91276 -43.40335 35.50433 -67.12766 -43.64605 36.09878 -67.12766 -43.64605 36.09878 -67.22151 -43.97613 36.43994 -67.22151 -43.97613 36.43994 -66.63701 -45.25877 29.94692 -66.63701 -45.25877 29.94692 -66.63701 -45.25877 29.94692 -66.63701 -45.25877 29.94692 -66.63701 -39.5 25.11473 -66.63701 -39.5 25.11473 -66.63701 -39.5 25.11473 -66.63701 -39.5 25.11473 -66.63701 -44.07115 25.51466 -66.63701 -44.07115 25.51466 -71.63701 -43.5 25.11473 -71.63701 -43.5 25.11473 -71.63701 -39.94714 24.89256 -71.63701 -39.94714 24.89256 -71.63701 -39.94714 24.89256 -71.6314 -39.71831 24.99755 -71.6314 -39.71831 24.99755 -71.61418 -39.5 25.11473 -71.61418 -39.5 25.11473 -71.61418 -39.5 25.11473 -66.13701 -39.75 25.54775 -66.13701 -39.75 25.54775 -66.13701 -39.75 25.54775 -66.13701 -43.74942 25.89797 -66.13701 -43.74942 25.89797 -66.13701 -44.78892 29.77591 -66.13701 -44.78892 29.77591 -66.13701 -44.78892 29.77591 -66.28346 -45.12115 29.89683 -66.28346 -45.12115 29.89683 -66.28346 -39.57322 25.24156 -66.28346 -39.57322 25.24156 -66.13701 -39.25025 25.89769 -66.13701 -39.25025 25.89769 -66.13701 -38.81884 26.32908 -66.13701 -38.81884 26.32908 -66.13701 -38.81884 26.32908 -66.13701 -35.08871 30.77448 -66.13701 -35.08871 30.77448 -66.13701 -35.08871 30.77448 -66.13701 -35.08871 30.77448 -66.13701 -38.81672 33.22642 -66.13701 -38.81672 33.22642 -66.13701 -42.80416 35.229 -66.13701 -42.80416 35.229 -66.13701 -42.80416 35.229 -66.13701 -42.80416 35.229 -66.13701 -43 28.57884 -66.13701 -43 28.57884 -66.13701 -43 28.57884 -66.13701 -41.5 30.07832 -66.13701 -41.5 30.07832 -66.13701 -40 28.57884 -66.13701 -40 28.57884 -66.13701 -40 28.57884 -66.13701 -41.5 27.07935 -66.13701 -41.5 27.07935 -66.32231 -43.20647 35.25965 -66.32231 -43.20647 35.25965 -65.77722 -42.41814 36.12393 -65.77722 -42.41814 36.12393 -65.79757 -34.52121 31.53675 -65.79757 -34.52121 31.53675 -66.63701 -35.06337 30.02682 -66.63701 -35.06337 30.02682 -66.63701 -35.06337 30.02682 -66.63701 -35.06337 30.02682 -67.0661 -34.13076 30.48389 -67.0661 -34.13076 30.48389 -66.32137 -34.86078 30.44285 -66.32137 -34.86078 30.44285 -71.26122 -38.43582 26.00769 -71.26122 -38.43582 26.00769 -71.26122 -38.43582 26.00769 -71.26122 -38.43582 26.00769 -72.25847 -37.91475 25.97096 -72.25847 -37.91475 25.97096 -69.51368 -36.42975 28.39843 -69.51368 -36.42975 28.39843 -71.49483 -38.92759 25.51571 -71.49483 -38.92759 25.51571 -72.71344 -39.77037 24.47293 -72.71344 -39.77037 24.47293 -66.63701 -38.43582 26.00769 -66.63701 -38.43582 26.00769 -66.63701 -38.43582 26.00769 -66.63701 -38.43582 26.00769 -66.63701 -38.92885 25.51466 -66.63701 -38.92885 25.51466 -66.28346 -38.548 26.10182 -66.28346 -38.548 26.10182 -72.68167 -39.7827 -24.50222 -72.68167 -39.7827 -24.50222 -71.63701 -39.94714 -24.89257 -71.63701 -39.94714 -24.89257 -71.63701 -39.94714 -24.89257 -71.54834 -39.11739 -25.36587 -71.54834 -39.11739 -25.36587 -71.26122 -38.43582 -26.00769 -71.26122 -38.43582 -26.00769 -71.26122 -38.43582 -26.00769 -71.26122 -38.43582 -26.00769 -72.2624 -37.91096 -25.96937 -72.2624 -37.91096 -25.96937 -72.69329 -37.06311 -25.43099 -72.69329 -37.06311 -25.43099 -72.69472 -37.03425 -25.40735 -72.69472 -37.03425 -25.40735 -69.51368 -36.42975 -28.39844 -69.51368 -36.42975 -28.39844 -66.63701 -35.06337 -30.02683 -66.63701 -35.06337 -30.02683 -66.63701 -35.06337 -30.02683 -66.63701 -35.06337 -30.02683 -67.04296 -34.20316 -30.47781 -67.04296 -34.20316 -30.47781 -67.24673 -33.22941 -30.24941 -67.24673 -33.22941 -30.24941 -67.25244 -33.13357 -30.18548 -67.25244 -33.13357 -30.18548 -66.63701 -38.43582 -26.00769 -66.63701 -38.43582 -26.00769 -66.63701 -38.43582 -26.00769 -66.63701 -38.43582 -26.00769 -66.63701 -45.25877 -29.94692 -66.63701 -45.25877 -29.94692 -66.63701 -45.25877 -29.94692 -66.63701 -45.25877 -29.94692 -66.63701 -45.25877 -27.21076 -66.63701 -45.25877 -27.21076 -66.63701 -43.5 -25.11474 -66.63701 -43.5 -25.11474 -66.63701 -40.8054 -24.63961 -66.63701 -40.8054 -24.63961 -71.63701 -41.74965 -24.58664 -71.63701 -41.74965 -24.58664 -71.63701 -43.5 -25.11474 -71.63701 -43.5 -25.11474 -71.63701 -44.83253 -26.36654 -71.63701 -44.83253 -26.36654 -71.63701 -45.46884 -28.08052 -71.63701 -45.46884 -28.08052 -71.63701 -45.46884 -28.08052 -71.54825 -45.47377 -29.03616 -71.54825 -45.47377 -29.03616 -71.26122 -45.25877 -29.94692 -71.26122 -45.25877 -29.94692 -71.26122 -45.25877 -29.94692 -71.26122 -45.25877 -29.94692 -66.63701 -43.46432 -34.87712 -66.63701 -43.46432 -34.87712 -66.63701 -43.46432 -34.87712 -66.63701 -43.46432 -34.87712 -69.51368 -44.19136 -32.87961 -69.51368 -44.19136 -32.87961 -66.13701 -42.80416 -35.229 -66.13701 -42.80416 -35.229 -66.13701 -42.80416 -35.229 -66.13701 -42.80416 -35.229 -66.13701 -44.78892 -29.77591 -66.13701 -44.78892 -29.77591 -66.13701 -44.78892 -29.77591 -66.28346 -45.12115 -29.89684 -66.28346 -45.12115 -29.89684 -66.32137 -43.20532 -35.26058 -66.32137 -43.20532 -35.26058 -66.13701 -38.81884 -26.32909 -66.13701 -38.81884 -26.32909 -66.13701 -38.81884 -26.32909 -66.13701 -43.25 -25.54776 -66.13701 -43.25 -25.54776 -66.13701 -40.78129 -34.28574 -66.13701 -40.78129 -34.28574 -66.13701 -38.8167 -33.22645 -66.13701 -38.8167 -33.22645 -66.13701 -38.8167 -33.22645 -66.13701 -36.91703 -32.05471 -66.13701 -36.91703 -32.05471 -66.13701 -35.08871 -30.77449 -66.13701 -35.08871 -30.77449 -66.13701 -35.08871 -30.77449 -66.13701 -35.08871 -30.77449 -66.13701 -43 -28.57884 -66.13701 -43 -28.57884 -66.13701 -43 -28.57884 -66.13701 -41.5 -27.07936 -66.13701 -41.5 -27.07936 -66.13701 -40 -28.57884 -66.13701 -40 -28.57884 -66.13701 -40 -28.57884 -66.13701 -41.5 -30.07833 -66.13701 -41.5 -30.07833 -66.28346 -38.548 -26.10183 -66.28346 -38.548 -26.10183 -66.32231 -34.86101 -30.4414 -66.32231 -34.86101 -30.4414 -65.77722 -34.50669 -31.55626 -65.77722 -34.50669 -31.55626 -65.78746 -38.33543 -34.06003 -65.78746 -38.33543 -34.06003 -65.79757 -42.42777 -36.10161 -65.79757 -42.42777 -36.10161 -67.24674 -44.18852 -36.57669 -67.24674 -44.18852 -36.57669 -67.25245 -44.29177 -36.62771 -67.25245 -44.29177 -36.62771 -67.03265 -43.49153 -35.81879 -67.03265 -43.49153 -35.81879 -72.69326 -46.44457 -30.84737 -72.69326 -46.44457 -30.84737 -72.69468 -46.47947 -30.86053 -72.69468 -46.47947 -30.86053 -72.23427 -45.53116 -30.36464 -72.23427 -45.53116 -30.36464 -72.71344 -45.92063 -28.02379 -72.71344 -45.92063 -28.02379 -73.67658 -38.45669 3.949996 -73.67658 -38.45669 3.949996 -73.67658 -38.45669 3.949996 -73.67658 -38.45669 3.949996 -73.67658 -41.34829 -6.841605 -73.67658 -41.34829 -6.841605 -73.67658 -52.1399 -3.950004 -73.67658 -52.1399 -3.950004 -73.67658 -52.1399 -3.950004 -73.67658 -52.1399 -3.950004 -73.87181 -38.59232 3.871689 -73.87181 -38.59232 3.871689 -73.87181 -38.59232 3.871689 -73.87181 -38.59232 3.871689 -74.53701 -41.18467 2.374996 -74.53701 -41.18467 2.374996 -74.53701 -41.18467 2.374996 -74.53701 -42.90714 -4.104225 -74.53701 -42.90714 -4.104225 -74.53701 -46.49631 -4.596424 -74.53701 -46.49631 -4.596424 -74.53701 -49.41191 -2.375004 -74.53701 -49.41191 -2.375004 -74.53701 -49.41191 -2.375004 -73.87181 -52.00426 -3.871697 -73.87181 -52.00426 -3.871697 -73.87181 -52.00426 -3.871697 -73.87181 -52.00426 -3.871697 -73.87181 -41.42662 -6.705984 -73.87181 -41.42662 -6.705984 -74.53701 -44.10028 4.596415 -74.53701 -44.10028 4.596415 -74.53701 -47.68944 4.104217 -74.53701 -47.68944 4.104217 -74.53701 -41.57439 2.149996 -74.53701 -41.57439 2.149996 -74.53701 -41.57439 2.149996 -74.53701 -43.16297 -3.732321 -74.53701 -43.16297 -3.732321 -74.53701 -49.0222 -2.150004 -74.53701 -49.0222 -2.150004 -74.53701 -49.0222 -2.150004 -74.53701 -47.43361 3.732313 -74.53701 -47.43361 3.732313 -73.87181 -49.16997 6.705976 -73.87181 -49.16997 6.705976 -73.67658 -49.24829 6.841597 -73.67658 -49.24829 6.841597 -76.33702 -49.0222 -2.150004 -76.33702 -49.0222 -2.150004 -76.33702 -49.0222 -2.150004 -76.33702 -49.0222 -2.150004 -76.33702 -47.44829 3.723906 -76.33702 -47.44829 3.723906 -76.33702 -41.57439 2.149996 -76.33702 -41.57439 2.149996 -76.33702 -41.57439 2.149996 -76.33702 -41.57439 2.149996 -76.33702 -43.1483 -3.723914 -76.33702 -43.1483 -3.723914 -76.53701 -48.849 -2.050004 -76.53701 -48.849 -2.050004 -76.53701 -48.849 -2.050004 -76.53701 -43.24831 -3.550721 -76.53701 -43.24831 -3.550721 -76.53701 -41.74759 2.049996 -76.53701 -41.74759 2.049996 -76.53701 -41.74759 2.049996 -76.53701 -47.34827 3.550713 -76.53701 -47.34827 3.550713 -73.67658 -57.50925 14.94999 -73.67658 -57.50925 14.94999 -73.67658 -57.50925 14.94999 -73.67658 -57.50925 14.94999 -73.67658 -60.40085 4.158395 -73.67658 -60.40085 4.158395 -73.67658 -71.19245 7.049996 -73.67658 -71.19245 7.049996 -73.67658 -71.19245 7.049996 -73.67658 -71.19245 7.049996 -73.87181 -57.64488 14.87169 -73.87181 -57.64488 14.87169 -73.87181 -57.64488 14.87169 -73.87181 -57.64488 14.87169 -74.53701 -60.23723 13.375 -74.53701 -60.23723 13.375 -74.53701 -60.23723 13.375 -74.53701 -60.23723 13.375 -74.53701 -61.95986 6.89565 -74.53701 -61.95986 6.89565 -74.53701 -65.53256 6.399333 -74.53701 -65.53256 6.399333 -74.53701 -68.46448 8.624996 -74.53701 -68.46448 8.624996 -74.53701 -68.46448 8.624996 -74.53701 -68.46448 8.624996 -73.87181 -71.05683 7.128303 -73.87181 -71.05683 7.128303 -73.87181 -71.05683 7.128303 -73.87181 -71.05683 7.128303 -73.87181 -60.47918 4.294016 -73.87181 -60.47918 4.294016 -74.91167 -62.28268 12.19406 -74.91167 -62.28268 12.19406 -75.03701 -64.35086 11 -75.03701 -64.35086 11 -74.91167 -66.41903 9.805934 -74.91167 -66.41903 9.805934 -74.53701 -63.16915 15.60066 -74.53701 -63.16915 15.60066 -74.53701 -66.74185 15.10434 -74.53701 -66.74185 15.10434 -73.87181 -68.22253 17.70598 -73.87181 -68.22253 17.70598 -73.67658 -68.30085 17.8416 -73.67658 -68.30085 17.8416 -73.67658 -57.50925 -7.050004 -73.67658 -57.50925 -7.050004 -73.67658 -57.50925 -7.050004 -73.67658 -57.50925 -7.050004 -73.67658 -60.40085 -17.8416 -73.67658 -60.40085 -17.8416 -73.67658 -71.19245 -14.95 -73.67658 -71.19245 -14.95 -73.67658 -71.19245 -14.95 -73.67658 -71.19245 -14.95 -73.87181 -57.64488 -7.128311 -73.87181 -57.64488 -7.128311 -73.87181 -57.64488 -7.128311 -73.87181 -57.64488 -7.128311 -74.53701 -60.23723 -8.625005 -74.53701 -60.23723 -8.625005 -74.53701 -60.23723 -8.625005 -74.53701 -61.9597 -15.10423 -74.53701 -61.9597 -15.10423 -74.53701 -65.54887 -15.59642 -74.53701 -65.54887 -15.59642 -74.53701 -68.46448 -13.375 -74.53701 -68.46448 -13.375 -74.53701 -68.46448 -13.375 -73.87181 -71.05683 -14.8717 -73.87181 -71.05683 -14.8717 -73.87181 -71.05683 -14.8717 -73.87181 -71.05683 -14.8717 -73.87181 -60.47918 -17.70598 -73.87181 -60.47918 -17.70598 -74.53701 -63.15284 -6.403584 -74.53701 -63.15284 -6.403584 -74.53701 -66.74201 -6.895783 -74.53701 -66.74201 -6.895783 -73.87181 -68.22253 -4.294024 -73.87181 -68.22253 -4.294024 -73.67658 -68.30085 -4.158403 -73.67658 -68.30085 -4.158403 -56.13701 -40 28.57884 -56.13701 -40 28.57884 -56.13701 -40 28.57884 -56.13701 -41.5 30.07884 -56.13701 -41.5 30.07884 -56.13701 -43 28.57884 -56.13701 -43 28.57884 -56.13701 -43 28.57884 -56.13701 -41.5 27.07884 -56.13701 -41.5 27.07884 -56.13701 -92.5 -4.37888e-6 -56.13701 -92.5 -4.37888e-6 -56.13701 -92.5 -4.37888e-6 -56.13701 -91 -1.500004 -56.13701 -91 -1.500004 -56.13701 -89.5 -4.37888e-6 -56.13701 -89.5 -4.37888e-6 -56.13701 -89.5 -4.37888e-6 -56.13701 -91 1.499996 -56.13701 -91 1.499996 -56.13701 -43 -28.57884 -56.13701 -43 -28.57884 -56.13701 -43 -28.57884 -56.13701 -41.5 -30.07884 -56.13701 -41.5 -30.07884 -56.13701 -40 -28.57884 -56.13701 -40 -28.57884 -56.13701 -40 -28.57884 -56.13701 -41.5 -27.07884 -56.13701 -41.5 -27.07884 -76.47846 -41.62513 2.120698 -76.47846 -41.62513 2.120698 -76.47846 -48.97146 -2.120706 -76.47846 -48.97146 -2.120706 -73.80172 -38.49479 3.928 -73.80172 -38.49479 3.928 -73.80172 -52.1018 -3.928008 -73.80172 -52.1018 -3.928008 -73.80172 -57.54735 -7.072 -73.80172 -57.54735 -7.072 -73.80172 -71.15436 -14.92801 -73.80172 -71.15436 -14.92801 -73.80172 -57.54735 14.928 -73.80172 -57.54735 14.928 -73.80172 -71.15436 7.071992 -73.80172 -71.15436 7.071992 63.55 -58 38 63.55 -58 38 63.55 -58 38 63.55 -39.0024 32.91011 63.55 -39.0024 32.91011 63.55 -26.57063 21.35853 63.55 -26.57063 21.35853 63.55 -89.42937 21.35853 63.55 -89.42937 21.35853 63.55 -76.99761 32.91011 63.55 -76.99761 32.91011 63.55 -25.09255 19.00157 63.55 -25.09255 19.00157 63.55 -20.00066 -4.37888e-6 63.55 -20.00066 -4.37888e-6 63.55 -21.01196 -8.710828 63.55 -21.01196 -8.710828 63.55 -25.09255 -19.00158 63.55 -25.09255 -19.00158 63.55 -39.0024 -32.91012 63.55 -39.0024 -32.91012 63.55 -58 -38 63.55 -58 -38 63.55 -58 -38 63.55 -76.99761 -32.91012 63.55 -76.99761 -32.91012 63.55 -90.90745 -19.00158 63.55 -90.90745 -19.00158 63.55 -94.98804 -8.710828 63.55 -94.98804 -8.710828 63.55 -90.90745 19.00157 63.55 -90.90745 19.00157 63.55 -95.99934 -4.37888e-6 63.55 -95.99934 -4.37888e-6 57.75 -58 -38 57.75 -58 -38 57.75 -58 -38 57.75 -76.99761 -32.91012 57.75 -76.99761 -32.91012 57.75 -90.90745 -19.00158 57.75 -90.90745 -19.00158 57.75 -94.98804 -8.710828 57.75 -94.98804 -8.710828 57.75 -95.99934 -4.37888e-6 57.75 -95.99934 -4.37888e-6 57.75 -90.90745 19.00157 57.75 -90.90745 19.00157 57.75 -89.42937 21.35853 57.75 -89.42937 21.35853 57.75 -76.99761 32.91011 57.75 -76.99761 32.91011 57.75 -58 38 57.75 -58 38 57.75 -58 38 57.75 -26.57063 21.35853 57.75 -26.57063 21.35853 57.75 -39.0024 32.91011 57.75 -39.0024 32.91011 57.75 -39.0024 -32.91012 57.75 -39.0024 -32.91012 57.75 -25.09255 -19.00158 57.75 -25.09255 -19.00158 57.75 -21.01196 -8.710828 57.75 -21.01196 -8.710828 57.75 -25.09255 19.00157 57.75 -25.09255 19.00157 57.75 -20.00066 -4.37888e-6 57.75 -20.00066 -4.37888e-6 -63.13701 -58 -39 -63.13701 -58 -39 -63.13701 -58 -39 -63.13701 -47.95075 -37.68238 -63.13701 -47.95075 -37.68238 -63.13701 -78.03438 -33.4603 -63.13701 -78.03438 -33.4603 -63.13701 -77.49754 -33.77617 -63.13701 -77.49754 -33.77617 -63.13701 -38.50246 -33.77617 -63.13701 -38.50246 -33.77617 -63.13701 -24.22657 -19.50162 -63.13701 -24.22657 -19.50162 -63.13701 -19.00068 -4.37888e-6 -63.13701 -19.00068 -4.37888e-6 -63.13701 -24.22657 19.50162 -63.13701 -24.22657 19.50162 -63.13701 -38.50246 33.77616 -63.13701 -38.50246 33.77616 -63.13701 -47.95075 37.68238 -63.13701 -47.95075 37.68238 -63.13701 -58 39 -63.13701 -58 39 -63.13701 -58 39 -63.13701 -77.49754 33.77616 -63.13701 -77.49754 33.77616 -63.13701 -78.03438 33.4603 -63.13701 -78.03438 33.4603 -63.13701 -91.77344 -19.50162 -63.13701 -91.77344 -19.50162 -63.13701 -91.77344 19.50162 -63.13701 -91.77344 19.50162 -63.13701 -96.99932 -4.37888e-6 -63.13701 -96.99932 -4.37888e-6 -61.13701 -58 -39 -61.13701 -58 -39 -61.13701 -58 -39 -61.13701 -47.96664 -37.68661 -61.13701 -47.96664 -37.68661 -61.13701 -38.50246 -33.77617 -61.13701 -38.50246 -33.77617 -61.13701 -24.22657 -19.50162 -61.13701 -24.22657 -19.50162 -61.13701 -19.00068 -4.37888e-6 -61.13701 -19.00068 -4.37888e-6 -61.13701 -24.22657 19.50162 -61.13701 -24.22657 19.50162 -61.13701 -38.50246 33.77616 -61.13701 -38.50246 33.77616 -61.13701 -47.96664 37.68661 -61.13701 -47.96664 37.68661 -61.13701 -58 39 -61.13701 -58 39 -61.13701 -58 39 -61.13701 -77.49754 -33.77617 -61.13701 -77.49754 -33.77617 -61.13701 -78.05082 -33.45045 -61.13701 -78.05082 -33.45045 -61.13701 -91.77344 -19.50162 -61.13701 -91.77344 -19.50162 -61.13701 -96.99932 -4.37888e-6 -61.13701 -96.99932 -4.37888e-6 -61.13701 -91.77344 19.50162 -61.13701 -91.77344 19.50162 -61.13701 -78.05082 33.45044 -61.13701 -78.05082 33.45044 -61.13701 -77.49754 33.77616 -61.13701 -77.49754 33.77616 57.75 -58 38 57.75 -58 38 57.75 -58 38 57.75 -49.17079 36.9594 57.75 -49.17079 36.9594 57.75 -49.17374 37.78204 57.75 -49.17374 37.78204 57.75 -58 38.79999 57.75 -58 38.79999 57.75 -58 38.79999 57.75 -77.39237 33.60569 57.75 -77.39237 33.60569 57.75 -79.28518 32.43995 57.75 -79.28518 32.43995 57.75 -79.29959 31.46873 57.75 -79.29959 31.46873 57.75 -76.99761 32.91011 57.75 -76.99761 32.91011 57.75 -90.90745 19.00157 57.75 -90.90745 19.00157 57.75 -91.60063 19.40114 57.75 -91.60063 19.40114 57.75 -96.80001 4.76211e-5 57.75 -96.80001 4.76211e-5 57.75 -91.60062 -19.40116 57.75 -91.60062 -19.40116 57.75 -79.28518 -32.43996 57.75 -79.28518 -32.43996 57.75 -79.29959 -31.46874 57.75 -79.29959 -31.46874 57.75 -90.90745 -19.00158 57.75 -90.90745 -19.00158 57.75 -95.99934 -4.37888e-6 57.75 -95.99934 -4.37888e-6 57.75 -76.99761 -32.91012 57.75 -76.99761 -32.91012 57.75 -77.39234 -33.6057 57.75 -77.39234 -33.6057 57.75 -58 -38.8 57.75 -58 -38.8 57.75 -58 -38.8 57.75 -49.17373 -37.78205 57.75 -49.17373 -37.78205 57.75 -49.17079 -36.9594 57.75 -49.17079 -36.9594 57.75 -58 -38 57.75 -58 -38 57.75 -58 -38 57.75 -39.0024 32.91011 57.75 -39.0024 32.91011 57.75 -25.09255 19.00157 57.75 -25.09255 19.00157 57.75 -20.00066 -4.37888e-6 57.75 -20.00066 -4.37888e-6 57.75 -25.09255 -19.00158 57.75 -25.09255 -19.00158 57.75 -39.0024 -32.91012 57.75 -39.0024 -32.91012 57.75 -38.60763 -33.60569 57.75 -38.60763 -33.60569 57.75 -24.39938 -19.40114 57.75 -24.39938 -19.40114 57.75 -19.2 -5.63789e-5 57.75 -19.2 -5.63789e-5 57.75 -24.39939 19.40115 57.75 -24.39939 19.40115 57.75 -38.60766 33.6057 57.75 -38.60766 33.6057 57.95 -58 39 57.95 -58 39 57.95 -58 39 57.95 -58 39 63.35 -58 39 63.35 -58 39 63.35 -58 39 63.35 -58 39 63.35 -77.5 33.77499 63.35 -77.5 33.77499 63.35 -91.77499 19.5 63.35 -91.77499 19.5 63.35 -97 -6.37888e-6 63.35 -97 -6.37888e-6 63.35 -91.77499 -19.50001 63.35 -91.77499 -19.50001 63.35 -77.5 -33.775 63.35 -77.5 -33.775 63.35 -58 -39 63.35 -58 -39 63.35 -58 -39 63.35 -58 -39 57.95 -58 -39 57.95 -58 -39 57.95 -58 -39 57.95 -58 -39 57.95 -77.5 -33.775 57.95 -77.5 -33.775 57.95 -91.77499 -19.50001 57.95 -91.77499 -19.50001 57.95 -97 -5.37888e-6 57.95 -97 -5.37888e-6 57.95 -91.77499 19.5 57.95 -91.77499 19.5 57.95 -77.5 33.77499 57.95 -77.5 33.77499 63.55 -58 38 63.55 -58 38 63.55 -58 38 63.55 -76.99761 32.91011 63.55 -76.99761 32.91011 63.55 -79.29959 31.46873 63.55 -79.29959 31.46873 63.55 -79.28518 32.43995 63.55 -79.28518 32.43995 63.55 -77.39232 33.60572 63.55 -77.39232 33.60572 63.55 -58 38.79999 63.55 -58 38.79999 63.55 -58 38.79999 63.55 -49.17373 37.78204 63.55 -49.17373 37.78204 63.55 -49.17079 36.9594 63.55 -49.17079 36.9594 63.55 -39.0024 32.91011 63.55 -39.0024 32.91011 63.55 -38.60759 33.60566 63.55 -38.60759 33.60566 63.55 -24.39936 19.40111 63.55 -24.39936 19.40111 63.55 -19.2 -1.34379e-4 63.55 -19.2 -1.34379e-4 63.55 -24.39941 -19.40121 63.55 -24.39941 -19.40121 63.55 -38.60768 -33.60572 63.55 -38.60768 -33.60572 63.55 -49.17374 -37.78205 63.55 -49.17374 -37.78205 63.55 -49.17079 -36.9594 63.55 -49.17079 -36.9594 63.55 -39.0024 -32.91012 63.55 -39.0024 -32.91012 63.55 -25.09255 -19.00158 63.55 -25.09255 -19.00158 63.55 -20.00066 -4.37888e-6 63.55 -20.00066 -4.37888e-6 63.55 -25.09255 19.00157 63.55 -25.09255 19.00157 63.55 -58 -38 63.55 -58 -38 63.55 -58 -38 63.55 -58 -38.8 63.55 -58 -38.8 63.55 -58 -38.8 63.55 -77.39241 -33.60567 63.55 -77.39241 -33.60567 63.55 -79.28518 -32.43996 63.55 -79.28518 -32.43996 63.55 -79.29959 -31.46874 63.55 -79.29959 -31.46874 63.55 -76.99761 -32.91012 63.55 -76.99761 -32.91012 63.55 -90.90745 19.00157 63.55 -90.90745 19.00157 63.55 -95.99934 -4.37888e-6 63.55 -95.99934 -4.37888e-6 63.55 -90.90745 -19.00158 63.55 -90.90745 -19.00158 63.55 -91.60064 -19.40111 63.55 -91.60064 -19.40111 63.55 -96.80001 1.25621e-4 63.55 -96.80001 1.25621e-4 63.55 -91.60059 19.4012 63.55 -91.60059 19.4012 63.35 -38.50001 -33.775 63.35 -38.50001 -33.775 63.35 -24.22501 -19.50001 63.35 -24.22501 -19.50001 63.35 -19 -2.37888e-6 63.35 -19 -2.37888e-6 63.35 -24.22501 19.5 63.35 -24.22501 19.5 63.35 -38.50001 33.77499 63.35 -38.50001 33.77499 57.95 -38.50001 33.77499 57.95 -38.50001 33.77499 57.95 -24.22501 19.5 57.95 -24.22501 19.5 57.95 -19 -3.37888e-6 57.95 -19 -3.37888e-6 57.95 -24.22501 -19.50001 57.95 -24.22501 -19.50001 57.95 -38.50001 -33.775 57.95 -38.50001 -33.775 57.80858 -58 -38.94142 57.80858 -58 -38.94142 57.80858 -58 38.94142 57.80858 -58 38.94142 63.49142 -58 -38.94142 63.49142 -58 -38.94142 63.49142 -58 38.94142 63.49142 -58 38.94142 -63.13701 -58 -39 -63.13701 -58 -39 -63.13701 -58 -39 -63.13701 -77.49754 -33.77617 -63.13701 -77.49754 -33.77617 -63.13701 -91.77344 -19.50162 -63.13701 -91.77344 -19.50162 -63.13701 -95.69376 -10.00888 -63.13701 -95.69376 -10.00888 -63.13701 -96.72884 -10.00383 -63.13701 -96.72884 -10.00383 -63.13701 -92.63942 -20.00167 -63.13701 -92.63942 -20.00167 -63.13701 -77.99748 -34.64223 -63.13701 -77.99748 -34.64223 -63.13701 -58 -40 -63.13701 -58 -40 -63.13701 -58 -40 -63.13701 -38.00252 -34.64223 -63.13701 -38.00252 -34.64223 -63.13701 -23.36058 -20.00167 -63.13701 -23.36058 -20.00167 -63.13701 -19.27116 -10.00383 -63.13701 -19.27116 -10.00383 -63.13701 -20.30625 -10.00888 -63.13701 -20.30625 -10.00888 -63.13701 -24.22657 -19.50162 -63.13701 -24.22657 -19.50162 -63.13701 -38.50246 -33.77617 -63.13701 -38.50246 -33.77617 -63.13701 -19.00068 -4.37888e-6 -63.13701 -19.00068 -4.37888e-6 -63.13701 -18.0007 -4.37888e-6 -63.13701 -18.0007 -4.37888e-6 -63.13701 -23.37726 20.03054 -63.13701 -23.37726 20.03054 -63.13701 -24.54145 20.03739 -63.13701 -24.54145 20.03739 -63.13701 -24.22657 19.50162 -63.13701 -24.22657 19.50162 -63.13701 -38.50246 33.77616 -63.13701 -38.50246 33.77616 -63.13701 -38.00252 34.64222 -63.13701 -38.00252 34.64222 -63.13701 -58 40 -63.13701 -58 40 -63.13701 -58 40 -63.13701 -77.99748 34.64222 -63.13701 -77.99748 34.64222 -63.13701 -92.62274 20.03054 -63.13701 -92.62274 20.03054 -63.13701 -91.45856 20.03739 -63.13701 -91.45856 20.03739 -63.13701 -77.49754 33.77616 -63.13701 -77.49754 33.77616 -63.13701 -58 39 -63.13701 -58 39 -63.13701 -58 39 -63.13701 -96.99932 -4.37888e-6 -63.13701 -96.99932 -4.37888e-6 -63.13701 -91.77344 19.50162 -63.13701 -91.77344 19.50162 -63.13701 -97.9993 -4.37888e-6 -63.13701 -97.9993 -4.37888e-6 -61.13701 -58 39 -61.13701 -58 39 -61.13701 -58 39 -61.13701 -38.50246 33.77616 -61.13701 -38.50246 33.77616 -61.13701 -24.54145 20.03739 -61.13701 -24.54145 20.03739 -61.13701 -24.22657 19.50162 -61.13701 -24.22657 19.50162 -61.13701 -19.00068 -4.37888e-6 -61.13701 -19.00068 -4.37888e-6 -61.13701 -20.30625 -10.00888 -61.13701 -20.30625 -10.00888 -61.13701 -24.22657 -19.50162 -61.13701 -24.22657 -19.50162 -61.13701 -38.50246 -33.77617 -61.13701 -38.50246 -33.77617 -61.13701 -58 -39 -61.13701 -58 -39 -61.13701 -58 -39 -61.13701 -58 -40 -61.13701 -58 -40 -61.13701 -58 -40 -61.13701 -77.99748 -34.64223 -61.13701 -77.99748 -34.64223 -61.13701 -92.63942 -20.00167 -61.13701 -92.63942 -20.00167 -61.13701 -96.72884 -10.00383 -61.13701 -96.72884 -10.00383 -61.13701 -95.69376 -10.00888 -61.13701 -95.69376 -10.00888 -61.13701 -91.77344 -19.50162 -61.13701 -91.77344 -19.50162 -61.13701 -77.49754 -33.77617 -61.13701 -77.49754 -33.77617 -61.13701 -19.27116 -10.00383 -61.13701 -19.27116 -10.00383 -61.13701 -23.36058 -20.00167 -61.13701 -23.36058 -20.00167 -61.13701 -38.00252 -34.64223 -61.13701 -38.00252 -34.64223 -61.13701 -18.0007 -4.37888e-6 -61.13701 -18.0007 -4.37888e-6 -61.13701 -23.37726 20.03054 -61.13701 -23.37726 20.03054 -61.13701 -38.00252 34.64222 -61.13701 -38.00252 34.64222 -61.13701 -77.49754 33.77616 -61.13701 -77.49754 33.77616 -61.13701 -91.45856 20.03739 -61.13701 -91.45856 20.03739 -61.13701 -92.62274 20.03054 -61.13701 -92.62274 20.03054 -61.13701 -77.99748 34.64222 -61.13701 -77.99748 34.64222 -61.13701 -58 40 -61.13701 -58 40 -61.13701 -58 40 -61.13701 -97.9993 -4.37888e-6 -61.13701 -97.9993 -4.37888e-6 -61.13701 -91.77344 19.50162 -61.13701 -91.77344 19.50162 -61.13701 -96.99932 -4.37888e-6 -61.13701 -96.99932 -4.37888e-6</float_array>
          <technique_common>
            <accessor source="#__001-mesh-positions-array" count="2364" stride="3">
              <param name="X" type="float"/>
              <param name="Y" type="float"/>
              <param name="Z" type="float"/>
            </accessor>
          </technique_common>
        </source>
        <source id="__001-mesh-normals">
          <float_array id="__001-mesh-normals-array" count="13815">-1 4.48841e-6 0 -0.7070968 -0.3535506 0.6123858 -1 5.89713e-5 2.78056e-5 -1 7.82311e-6 1.82688e-5 -1 0 0 -0.7070976 -0.1227694 0.6963769 -1 3.62955e-5 -5.126e-6 -1 -9.90927e-6 -1.17123e-5 -0.7071169 -0.3535347 0.6123716 -0.7071181 -0.1227764 0.6963548 -1 -2.10544e-5 3.72529e-6 -1 1.08657e-6 0 -0.7070986 -0.3535479 0.612385 -1 -1.52439e-5 -3.09944e-6 -1 -7.05384e-6 8.64267e-7 -0.7071231 -0.3535579 0.6123511 -1 -3.97265e-5 -6.4075e-6 -1 -1.85966e-5 3.99053e-5 -1 -4.20743e-6 0 1.47521e-5 -0.9848141 -0.1736126 -1 2.10106e-5 -1.25766e-5 -1 6.04987e-6 -1.75834e-6 -0.7071124 -0.3535557 0.6123646 -1 -3.72529e-6 -4.19243e-5 2.1942e-5 -0.50002 0.8660139 -5.39422e-6 -0.9848099 -0.1736363 1.16229e-6 -0.5000172 0.8660155 -1 -2.82936e-5 -1.17421e-5 -1 2.59916e-6 0 -0.6313055 -0.1346561 -0.7637547 -1 5.48363e-6 1.69873e-5 -1 -6.61612e-6 1.93939e-5 -0.7071145 -0.12278 -0.6963579 2.92957e-5 -0.9848023 -0.1736789 -1 1.37091e-6 -1.31279e-5 -0.6313085 -0.1346142 -0.7637595 -0.7070913 -0.1192831 -0.6969889 -1 1.40592e-5 -1.06692e-5 -0.7601575 -0.6453444 -0.07543915 -1 7.92742e-6 -4.88255e-5 -1 1.01626e-5 2.80142e-6 -0.7737174 -0.6292511 0.07351589 -1 1.35005e-5 -2.74926e-6 -0.7601378 -0.6453655 -0.075459 -0.2407654 -0.9593684 0.1471206 -1 -1.12923e-5 -1.33887e-5 -0.7737509 -0.6292029 0.07357543 -0.6313558 -0.1347218 -0.7637016 -1 -1.88649e-5 1.055e-5 -0.2407491 -0.9593804 0.1470685 -0.7601551 -0.6453458 -0.07545298 -1 -1.055e-5 7.19912e-6 -1 -1.07444e-5 2.41119e-5 -0.6294292 -0.1349081 0.7652573 -1 2.23368e-5 -1.63615e-5 -0.7071254 -0.1228058 0.6963422 -0.7601118 -0.6453926 -0.07548922 -1 4.45545e-6 2.99513e-6 -0.629252 -0.1348254 0.7654176 -4.62091e-5 1 -4.61936e-6 0 1 -4.55976e-6 2.5332e-7 -4.67896e-6 -1 4.8352e-6 -4.76837e-6 1 2.58613e-5 -4.64916e-6 1 2.62558e-5 1 4.55976e-6 -4.17232e-7 2.36332e-5 1 2.69831e-5 1 -2.35438e-5 0 1 -2.35736e-5 4.82725e-6 4.76837e-6 -1 2.58534e-5 4.64916e-6 -1 2.62409e-5 -1 -4.55976e-6 2.58452e-5 2.35438e-5 -1 -3.8445e-6 1 2.36034e-5 7.80026e-5 2.34842e-5 -1 -4.62091e-5 -1 4.61936e-6 0 -1 4.55976e-6 2.5332e-7 4.67896e-6 1 -4.17232e-7 -2.36332e-5 -1 2.69831e-5 -1 2.35438e-5 0 -1 2.35736e-5 -3.8296e-6 -1 -2.36034e-5 7.80105e-5 -2.34842e-5 1 2.58531e-5 -2.35438e-5 1 -0.6294118 -0.1349145 0.7652706 -0.7071152 -0.1255713 0.6958591 -2.71201e-6 -0.1736316 0.9848107 -5.78165e-6 -0.3420351 0.9396872 -5.48759e-6 -0.1736341 0.9848102 -0.7071094 -0.1227633 0.696366 6.16908e-6 -0.1736326 0.9848105 -0.6294259 -0.1349261 0.7652569 6.70552e-6 -0.1736218 0.9848125 -5.05498e-7 -0.1736482 0.9848077 0 -0.1736485 0.9848077 2.37208e-6 -0.3420011 0.9396996 4.5325e-6 -0.1736176 0.9848132 0 -0.1736177 0.9848132 -1.11163e-5 -0.3420083 0.9396969 -0.7071044 -0.1227598 0.6963716 -1.48118e-5 -0.5000439 0.8660002 -0.7071151 -0.3535395 0.6123709 -2.5034e-6 -0.500019 0.8660144 -0.7071006 -0.1227617 0.6963751 -0.2405501 -0.95942 -0.1471356 -0.6291706 -0.1348724 0.7654762 4.58956e-6 -0.173617 0.9848133 -0.1764562 -0.9776498 -0.1142991 -0.7600963 -0.6454103 -0.07549327 -0.6292486 -0.1348196 0.7654214 -0.2405358 -0.9594375 -0.1470455 -0.1765037 -0.9776407 -0.1143028 -0.6291943 -0.1348461 0.7654615 -0.684803 -0.3285604 0.650456 -2.09093e-4 -0.1738184 0.9847777 -1.4323e-4 -0.1735141 0.9848315 -0.294833 -0.7637325 0.5742702 -1.51396e-4 -0.173826 0.9847764 -0.6848568 -0.3284932 0.6504332 -0.240602 -0.9594124 -0.1471007 1.94237e-5 -0.1736134 0.9848139 -0.2946895 -0.7635801 0.5745466 -0.6848391 -0.3285161 0.6504403 -1.42068e-4 -0.1735147 0.9848313 1.07016e-4 -0.173276 0.9848733 4.2133e-6 -0.3415764 0.939854 6.5472e-7 -0.1736447 0.9848084 3.21774e-6 -0.342027 0.9396902 4.93526e-5 -0.4977688 0.8673098 3.42429e-5 -0.1735284 0.984829 1.04278e-4 -0.3420666 0.9396757 -0.6963128 -0.4334739 0.5720568 1.57654e-5 -0.173623 0.9848123 1.11777e-5 -0.4977301 0.8673321 -0.6852767 -0.3286488 0.6499122 -1.75238e-5 -0.1736401 0.9848092 -0.6963033 -0.4335334 0.5720232 6.17964e-6 -0.341587 0.9398502 3.21159e-5 -0.3419925 0.9397028 4.34462e-6 -0.5000253 0.8660109 -1.83005e-6 -0.4999957 0.8660278 2.18395e-6 -0.3416001 0.9398455 1.99883e-6 -0.4999957 0.8660278 2.34544e-5 -0.9848139 -0.1736134 -3.39058e-5 -0.5000293 0.8660085 0 -0.5000293 0.8660085 -5.96047e-6 -0.5526149 0.8334369 -2.96608e-5 -0.4999877 0.8660325 -1.07676e-4 -0.9848117 -0.1736261 -0.6962774 -0.4334806 0.5720947 1.78814e-7 -0.4976971 0.8673509 2.93031e-5 -0.5528448 0.8332843 -0.7071178 -0.1227974 -0.6963514 5.54323e-6 -0.1736135 -0.9848139 -4.69983e-5 -0.984816 -0.1736014 -1.23661e-5 -0.6039869 -0.7969943 -3.00482e-5 -0.9848122 -0.1736237 -2.39015e-5 -0.173624 -0.9848121 1.88351e-5 -0.604006 0.7969799 7.52509e-6 -0.5526421 0.8334187 7.53701e-5 -0.9848088 -0.1736427 -1.20178e-5 -1 2.05846e-5 -1.02371e-5 -0.6039744 0.7970039 4.61265e-5 -0.9848135 -0.1736162 1.58697e-6 -0.6039859 -0.7969951 1.32732e-5 -1 1.2964e-5 1.35228e-5 -0.9848106 -0.1736326 7.77841e-6 -0.1735953 -0.9848172 8.73208e-6 -0.1736519 -0.9848071 -0.707118 -0.1227608 -0.6963576 -2.11596e-6 -0.3976947 -0.9175179 7.49156e-6 -0.6039918 -0.7969906 -2.0951e-5 -0.1736336 -0.9848104 -2.13087e-6 -0.1736328 -0.9848105 3.29688e-6 -0.3976773 -0.9175254 5.63285e-6 -0.1736328 -0.9848105 0 -0.1736479 -0.9848078 -0.6312792 -0.1346689 -0.763774 -1.67489e-5 -0.1736174 -0.9848132 -0.7071157 -0.1228275 -0.6963484 -0.6963165 -0.4335191 0.572018 -2.31266e-5 -0.5528622 0.8332728 9.86528e-6 -0.6040032 0.7969819 -0.6964401 -0.4334042 0.5719547 2.262e-5 -0.6039822 0.7969979 1.33216e-5 -1 -1.59107e-5 -1 1.56723e-5 1.2666e-6 1.61231e-5 -1 -3.36766e-5 5.39422e-6 -0.6040028 -0.7969822 -0.6964309 -0.4334368 0.5719411 2.44677e-5 -1 4.21703e-5 -1 -2.38493e-5 -6.49691e-6 -1 1.84178e-5 5.46575e-5 -1 2.29776e-5 6.52671e-5 2.59131e-5 -1 3.72529e-6 -0.6648668 -0.3261851 -0.6719788 5.60284e-6 -0.6039817 -0.7969982 -1.08116e-4 -0.3973634 -0.9176613 -0.7177425 -0.4205665 -0.5549501 -1.23084e-5 -0.6039708 -0.7970065 -0.6648626 -0.32615 -0.6719999 -1 -4.48972e-5 8.89301e-5 -2.81315e-5 -0.6039837 -0.7969967 -0.7176193 -0.4206697 -0.5550312 -0.6648818 -0.3261587 -0.6719768 -1.15633e-4 -0.3973426 -0.9176704 -6.45593e-6 -0.1736485 -0.9848078 -7.24806e-7 -0.1736488 -0.9848077 -0.6646559 -0.3260341 -0.6722607 1.33008e-4 -0.1732546 -0.9848771 -0.2861737 -0.7485184 -0.5981846 -1.99556e-4 -0.1735202 -0.9848304 -0.2861282 -0.7485077 -0.5982198 1.46419e-4 -0.1732559 -0.9848769 -1 3.7685e-5 -6.28829e-6 -0.9893082 -0.143925 -0.02355694 -0.9557804 -0.2899697 -0.04900395 -1 -2.48849e-6 2.97725e-5 -0.9557859 -0.2899506 -0.04901075 -0.9892883 -0.1440532 -0.02361124 -0.6852939 -0.328657 0.64989 -1 7.19726e-6 -6.02007e-6 -0.9557909 -0.2899385 -0.04898428 -0.7501562 -0.6519192 -0.110757 -0.684845 -0.3285177 0.6504333 -0.9557608 -0.2901127 -0.04853546 -1 3.51667e-5 -1.43051e-5 -0.7502024 -0.6518959 -0.1105812 -0.9557955 -0.2899183 -0.04901432 -1 1.18837e-5 5.39795e-6 -0.989295 -0.1440101 -0.02359628 -1 1.32099e-5 2.07499e-6 -0.6852859 -0.3286427 0.6499056 -0.6962944 -0.4335222 0.5720425 -1 -1.9528e-5 -2.12193e-5 -1 1.09598e-6 0 -0.4117113 -0.8983389 -0.153235 -0.29484 -0.7637417 0.5742543 -0.6848298 -0.3285334 0.6504414 -0.7501645 -0.6519182 -0.1107062 -0.4117 -0.8983393 -0.1532629 -0.6848282 -0.3285058 0.650457 -0.2405658 -0.9594225 -0.1470942 -0.2946622 -0.763592 0.5745447 -0.4117709 -0.8983926 -0.1527593 -1 -3.58373e-5 1.2368e-5 -0.4117602 -0.8983948 -0.1527765 -0.7502297 -0.6518638 -0.1105846 -7.53999e-6 -0.8659873 -0.5000662 -0.2405756 -0.9594314 -0.1470203 -0.411741 -0.898406 -0.1527616 -9.53674e-7 -0.8660138 -0.5000203 -0.4117604 -0.8983996 -0.1527469 -1 1.53594e-5 1.22413e-5 -0.7736946 -0.6292783 0.0735234 -0.7601495 -0.6453543 -0.07543677 -0.176485 -0.9776467 -0.1142802 -7.01845e-6 -0.8660133 -0.5000211 -0.1764547 -0.9776523 -0.1142796 -0.2405586 -0.9594357 -0.1470198 -0.1764554 -0.9843087 3.37213e-5 -0.7737105 -0.6292552 0.07355242 -0.1764566 -0.9776459 -0.1143316 -2.04964e-5 -1 -4.08441e-5 -0.176471 -0.9843059 3.09854e-6 -0.1764756 -0.9776484 -0.114281 -3.02196e-5 -0.8660168 -0.5000151 1.04904e-5 -1 -1.96099e-5 -0.1764991 -0.9776411 -0.1143073 -0.1764588 -0.9843081 -1.03442e-5 -0.1764578 -0.9776526 0.1142719 -0.7737202 -0.6292473 0.07351994 -0.2407445 -0.9593794 0.1470823 -0.7737616 -0.6291903 0.0735715 -0.1764701 -0.9776463 0.1143077 2.6226e-6 -0.8660702 0.4999225 -0.1764513 -0.9776495 0.1143094 -0.1764527 -0.9843092 6.43879e-5 -1.17272e-5 -0.8660434 0.4999688 -0.2407653 -0.9593779 0.1470581 -0.1764841 -0.9776479 0.1142713 1.25915e-5 -1 -8.88249e-6 -4.21703e-6 -0.8660451 0.499966 -0.1764764 -0.9843049 -1.42455e-5 -0.6313683 -0.1346679 -0.7637006 -0.285889 -0.7481783 -0.598746 1.19209e-5 -0.1736426 -0.9848088 -1.77726e-4 -0.1734735 -0.9848386 -1.60687e-4 -0.1738378 -0.9847744 -0.2861793 -0.7485148 -0.5981864 -0.6313676 -0.1346706 -0.7637009 -0.4117491 -0.898399 0.1527813 -0.2858691 -0.7481782 -0.5987556 -0.6646413 -0.3260551 -0.6722649 -0.286158 -0.7484951 -0.5982215 -0.4117238 -0.8983334 0.1532338 -0.631375 -0.1346836 -0.7636925 -0.2407628 -0.9593811 0.1470417 -0.4117661 -0.8983936 0.152767 2.87592e-5 -0.8660507 0.4999563 -0.4117722 -0.8983909 0.1527666 -0.2407562 -0.9593796 0.1470621 -0.7501354 -0.6519411 0.1107688 -0.6646335 -0.3260416 -0.6722791 -0.4117293 -0.8983306 0.1532359 1.56462e-5 -0.8660513 0.4999551 -0.7502093 -0.6518889 0.1105759 -0.4118 -0.8983821 0.1527433 -0.7501267 -0.6519544 0.1107494 -0.955765 -0.290107 0.04848927 -0.664623 -0.3260574 -0.6722818 -0.7177407 -0.4205747 -0.5549463 -0.6648575 -0.3261829 -0.6719891 -0.9557834 -0.2899568 0.04902392 3.8296e-6 -0.8660668 0.4999284 -0.9557953 -0.2899194 0.04901093 -0.7501826 -0.6519156 0.1105991 -0.9892114 -0.1445437 0.02382826 -1 3.21418e-5 1.06096e-5 -0.9557782 -0.2899773 0.04900461 -0.7177206 -0.4205898 -0.5549607 -0.9557867 -0.2899492 0.04900401 -1 -2.0707e-5 1.87941e-5 -2.90573e-5 -0.8660427 0.4999699 -0.9892385 -0.1443854 0.02366876 -0.9557933 -0.2899318 0.04897582 -5.47469e-5 -0.8660793 0.4999067 -1 -4.07845e-5 -5.99027e-6 -0.9892414 -0.1443696 0.02364116 -1 1.62423e-5 1.72406e-5 -0.7176169 -0.4206187 -0.555073 -1 8.01682e-6 3.41535e-5 -1 2.02413e-6 0 -1 4.07165e-7 0 7.7486e-7 -0.8660066 0.5000326 -1 1.72853e-6 -7.43568e-6 -1 -9.53674e-6 -3.56287e-5 -1 -1.32084e-6 0 -1 -7.07977e-7 0 -0.7175962 0.6910347 -0.08675783 -1 8.64267e-6 2.92063e-6 -1 1.57952e-6 -1.76206e-5 -1 1.90199e-7 0 -3.49479e-6 4.96805e-5 -1 -1 5.6833e-5 2.01762e-5 -1 5.3525e-5 1.98931e-5 -0.9892367 0.05167889 -0.1368947 -1.51992e-5 1.23471e-4 -1 -1 -9.38773e-6 3.68119e-5 -0.9892122 0.05167627 -0.1370728 -1 7.6592e-6 3.33488e-5 -0.9557822 0.1025057 -0.2756319 -0.7177492 0.6908754 -0.08676117 -0.9557828 0.1025016 -0.2756315 -1 7.47386e-7 -2.73809e-5 -1 5.79064e-7 0 -1.00527e-5 0.833136 -0.5530683 -1 -1.47223e-5 -2.98321e-5 -1 1.68383e-5 -1.28523e-6 9.26852e-6 0.9922025 -0.124637 -1 3.81768e-5 5.64381e-5 -8.10623e-6 0.8331237 -0.5530868 -0.7176136 0.6910172 -0.08675205 -1 2.23815e-5 -4.23193e-5 1.16555e-6 0.9922147 -0.1245393 -1 1.15809e-6 0 -1.13444e-5 0.5000032 -0.8660236 -1 -2.77013e-5 -2.01762e-5 -1 1.35303e-5 -7.40588e-6 5.69224e-6 0.8330984 -0.5531251 -1 5.60507e-5 3.4757e-5 -1.13249e-5 0.4999857 -0.8660337 -1 -1.68145e-6 0 -5.65126e-6 0.06242054 -0.99805 -1 -3.24175e-5 -1.02222e-5 -1 9.11951e-6 -1.73748e-5 8.25524e-6 0.4999487 -0.8660551 -1 6.68615e-5 4.82239e-6 -9.74536e-6 0.0623961 -0.9980515 -0.9892877 0.09247434 -0.1129523 -1 -6.7465e-6 1.24052e-5 -1 -9.12324e-6 9.69321e-6 -0.9558038 0.1873769 -0.2265597 -1 -5.55217e-5 1.57356e-5 -0.9893137 0.09235912 -0.1128194 -0.9554545 0.168228 -0.2424998 -1 1.24108e-5 7.71135e-6 -0.9557852 0.1874402 -0.2265852 -0.6675453 -0.4162721 -0.6173337 -0.6963022 -0.2786377 -0.6614563 -1 -4.02331e-6 -1.40518e-5 -1.83862e-5 0.06244373 -0.9980486 -1 2.83122e-5 -3.38405e-5 -0.6964427 -0.2785676 -0.6613378 -0.9545065 0.1490585 -0.2582615 -0.6675341 -0.4162571 -0.617356 -1 -9.14931e-6 1.26064e-5 -0.9554451 0.1682074 -0.242551 -0.95451 0.1490243 -0.2582682 -1 -1.1079e-5 -1.90362e-6 -1 4.31267e-7 0 1.06674e-5 0.8660514 -0.499955 -1 3.20971e-5 3.56287e-5 -1 3.64482e-5 5.50449e-5 -0.4117799 0.5814859 -0.7016491 -1 3.9719e-5 5.03808e-5 -1.61827e-5 0.8660392 -0.4999762 -0.9557889 0.1874029 -0.2266011 -0.9892885 0.09248465 -0.1129373 -1 -1.73002e-5 1.56313e-5 -0.7502092 0.4217296 -0.5092452 -0.9557912 0.1874175 -0.2265788 -1 -3.01301e-5 -2.02507e-5 -0.4117518 0.581515 -0.7016416 -0.7501901 0.4217314 -0.5092715 -1 1.72853e-6 -2.61366e-5 -1 -1.56336e-6 0 -2.15014e-5 1 -1.65477e-5 -1 -5.36442e-6 -5.42924e-5 -1 -1.00136e-5 -3.38256e-5 -2.0802e-5 1 6.00815e-5 -7.7188e-6 0.8660455 -0.4999654 -1 -2.13534e-5 -5.44786e-5 -2.28314e-6 0.8660154 0.5000174 -1 -1.69277e-5 1.11461e-5 -1 1.37575e-5 -2.66135e-5 1.95205e-5 0.8660128 0.5000219 -1.71363e-6 1 -5.36442e-7 -1 1.3262e-6 -4.79221e-5 -0.7175994 -0.2703577 0.6418395 -1 2.64421e-5 -2.39611e-5 -1 7.14511e-6 -2.24411e-5 -0.9892337 0.0927152 0.1132284 -3.69549e-6 0.8660048 0.5000357 -1 -1.14739e-5 1.04308e-5 -0.9892145 0.09286999 0.1132683 -1 6.77705e-5 8.9705e-6 -0.9557846 0.1874165 0.2266077 -0.7177516 -0.2703043 0.6416918 -0.9557881 0.1874056 0.2266018 -1 2.09343e-5 7.84546e-6 -1.55866e-5 0.5000197 0.8660141 -1 3.8743e-5 -4.06206e-5 -1 4.38988e-5 -5.10514e-5 5.36442e-6 -0.3882046 0.9215733 -1 -4.96209e-6 -1.4022e-5 -2.82526e-5 0.5000494 0.865997 -0.7176179 -0.2703406 0.6418259 -1 9.80496e-5 -9.26852e-6 1.2653e-5 -0.3881791 0.9215841 -1 0 0 -0.9892937 0.05156213 0.1365264 -1 1.14739e-6 -1.38059e-5 -1 1.39629e-6 -1.37389e-5 -0.9558048 0.1024749 0.2755652 -1 -5.69224e-6 3.9231e-5 -0.9893056 0.05157625 0.136434 -0.685288 0.7271565 -0.04029816 -1 1.71661e-5 3.5651e-5 -0.9557923 0.1025174 0.2755928 -0.6852757 0.7271698 -0.04026526 -0.6963007 0.7121582 0.08942127 -1 -1.75983e-5 2.77162e-5 1.72704e-5 0.5000389 0.8660029 -1 1.20187e-6 1.44839e-5 -0.6964359 0.7120301 0.08938771 -1 4.97631e-7 0 2.997e-6 -1.27953e-4 1 -1 -3.17693e-5 -2.09212e-5 -1 1.65105e-5 -6.24359e-6 -2.39015e-5 -1.40376e-4 1 9.16421e-6 0.2505738 0.9680975 -1 3.60943e-5 1.7981e-5 -0.4117964 0.3168761 0.8544082 -1 6.13928e-6 -2.98023e-6 -3.32296e-5 0.2505146 0.9681128 -0.9557905 0.1025067 0.2756031 -0.9892923 0.05155462 0.1365391 -1 8.73394e-6 1.88947e-5 -0.7501994 0.2301793 0.6198536 -0.9557886 0.1024985 0.2756123 -1 -4.79817e-6 1.69873e-5 -0.4117547 0.3168708 0.8544303 -0.7502134 0.2301396 0.6198515 -1 1.91331e-5 -1.25766e-5 -0.7071043 -0.353565 0.6123687 -1 1.41561e-6 -2.5928e-6 -1 -1.45137e-5 -1.66744e-5 -2.66731e-6 -1.28537e-4 1 -1 2.63453e-5 1.11088e-5 -0.7071355 -0.3535538 0.6123391 -1 -2.40328e-6 0 -2.34544e-5 -0.8660445 0.4999671 -3.01003e-5 -0.4999512 0.8660536 -1 -1.75089e-5 -1.37091e-5 -0.707128 -0.353549 0.6123506 -1 2.79546e-5 8.85129e-5 4.50015e-5 -0.5000124 0.8660183 1.30683e-5 -0.5003104 -0.8658462 -1 1.2368e-5 -4.31836e-5 -1 -4.27216e-5 7.96467e-6 -2.60174e-5 -0.5003041 -0.8658497 -6.13742e-6 -0.8659756 -0.5000864 -1 -3.91304e-5 5.41061e-5 -1 -4.11874e-7 0 2.32887e-5 -0.5003223 -0.8658394 -1 -8.01682e-6 -1.98483e-5 -1 -8.70228e-6 -1.96397e-5 7.59959e-6 1.37009e-4 -1 8.34465e-7 -0.5003713 -0.8658109 -1 -4.31687e-5 -7.90693e-6 -1.65727e-5 -0.8660273 -0.4999967 -3.38206e-5 -0.8660273 -0.4999967 2.487e-5 -0.4978781 0.8672471 6.14137e-6 0.5000278 -0.8660095 1.75384e-5 0.5002767 -0.8658657 4.15817e-5 -0.8660283 -0.4999951 3.37785e-5 -0.8660137 -0.5000205 -4.55379e-5 0.5000204 -0.8660137 3.03759e-5 -0.8660137 -0.5000205 2.12099e-5 -0.5000135 0.8660176 -5.95488e-5 -0.4978959 0.8672368 -4.04194e-6 0.8660081 0.5000302 2.85152e-5 -0.5000077 0.8660211 4.60725e-5 -0.8660075 -0.5000311 3.56659e-5 -0.4978871 0.8672419 -3.20571e-5 0.8660303 0.4999916 -3.37736e-5 0.8660303 0.4999916 4.86635e-5 0.5002824 -0.8658623 -4.64022e-5 -0.5000202 0.8660137 3.03759e-5 0.8660138 0.5000203 3.37785e-5 0.8660138 0.5000203 -1.42327e-5 0.5000236 -0.8660119 -4.27067e-5 0.8660171 0.5000144 -1.07847e-6 0.5002728 -0.865868 -1.65727e-5 -0.8660302 -0.4999917 -3.38205e-5 -0.8660303 -0.4999917 2.487e-5 -0.4978719 0.8672506 -1 -8.12775e-7 0 5.24707e-6 0.5000278 -0.8660094 1.66476e-5 0.5002762 -0.865866 4.03561e-5 -0.8660284 -0.4999949 -1 1.08771e-6 0 3.37785e-5 -0.8660137 -0.5000203 -4.64022e-5 0.5000202 -0.8660137 3.03759e-5 -0.8660137 -0.5000203 1.5961e-5 -0.500009 0.8660203 -6.48387e-5 -0.4978902 0.8672401 -5.64381e-6 0.8660116 0.500024 2.35979e-5 -0.5000078 0.8660209 4.16674e-5 -0.8660075 -0.5000312 3.08398e-5 -0.4978871 0.8672418 -3.20571e-5 0.8660311 0.4999903 -3.37736e-5 0.8660311 0.4999904 4.86635e-5 0.500281 -0.8658631 -4.60558e-5 -0.5000205 0.8660137 3.03759e-5 0.8660137 0.5000205 3.37785e-5 0.8660137 0.5000205 -1.42343e-5 0.5000237 -0.8660118 -4.27104e-5 0.866017 0.5000146 -1.07917e-6 0.5002729 -0.8658679 -1.65727e-5 -0.866027 -0.4999973 -3.38206e-5 -0.866027 -0.4999974 2.5209e-5 -0.4978787 0.8672467 9.39402e-6 0.5000313 -0.8660073 2.07603e-5 0.5002832 -0.8658619 4.55342e-5 -0.8660248 -0.5000012 3.37785e-5 -0.8660138 -0.5000203 -4.64022e-5 0.5000202 -0.8660137 3.03759e-5 -0.8660138 -0.5000203 1.809e-5 -0.5000141 0.8660174 -6.27674e-5 -0.4978956 0.867237 -4.04567e-6 0.8660081 0.5000302 2.41529e-5 -0.5000075 0.8660211 4.29302e-5 -0.8660314 -0.4999898 3.119e-5 -0.4978873 0.8672417 -1.50776e-5 0.5000237 -0.8660117 -1.77952e-6 0.5002727 -0.8658679 1 0 0 1.62274e-5 -9.38028e-5 1 -0.7071391 -0.3535137 0.6123579 2.23815e-5 -0.5000067 0.8660216 1 1.22463e-5 0 1 -1.25049e-5 0 1 -7.24583e-6 0 1 6.4353e-6 0 1 3.14772e-6 0 -0.9892347 0.05169886 -0.1369018 -2.14279e-5 0.2510979 -0.9679617 -2.46167e-5 3.8445e-5 -1 -0.08855319 0.4980445 -0.8626182 4.30271e-6 0.5000006 -0.8660252 8.68365e-6 0.2510594 -0.9679718 -0.176455 0.4921292 -0.8524509 -0.08856344 0.4980428 -0.8626181 1.35899e-5 0.2510589 -0.9679718 -0.1764881 0.4417573 -0.8796036 -0.1764877 0.4921716 -0.8524196 1.19209e-7 0.2510467 -0.967975 -0.1764822 0.3898568 -0.9038063 -0.1764805 0.4417724 -0.8795976 2.59876e-5 0.2510491 -0.9679744 -0.2407396 0.3522853 -0.9044001 -0.1764845 0.3898524 -0.9038078 7.37235e-6 0.2510557 -0.9679727 -0.4117953 0.3168882 -0.8544042 -0.2407419 0.3522974 -0.9043949 -1.14441e-5 0.2510868 -0.9679646 -0.7502116 0.2301619 -0.6198452 -0.4117903 0.3168995 -0.8544025 -1.8701e-6 0.2510274 -0.96798 -0.9558078 0.1024968 -0.2755468 -0.7501905 0.2301704 -0.6198676 5.52833e-5 0.2510502 -0.9679741 -0.989225 0.0517134 -0.136966 -0.9557942 0.1024913 -0.2755955 -3.31402e-5 0.2510797 -0.9679664 1 1.09987e-6 0 -0.1764643 0.5408905 -0.8223734 -1.54696e-6 0.5000007 -0.866025 -0.08857983 0.4980406 -0.8626176 -0.1764533 0.5877893 -0.7895365 -1.05202e-5 0.8660385 -0.4999774 2.30968e-5 0.5000154 -0.8660166 -0.1764565 0.5408989 -0.8223695 -0.1764569 0.587785 -0.7895389 1.61938e-5 0.5000108 -0.8660193 -0.1764507 0.5408862 -0.8223792 -0.08854365 0.4980388 -0.8626225 -0.176449 0.4921549 -0.8524374 -0.7737224 0.2509108 -0.5817194 -0.1764823 0.4921787 -0.8524167 -0.1764805 0.4417536 -0.879607 -0.7669455 0.3208738 -0.555729 -0.1764635 0.5408874 -0.8223755 -0.1764682 0.4921234 -0.8524516 -0.7737276 0.2509204 -0.5817084 -0.7669515 0.3208589 -0.5557294 -0.1764951 0.4921206 -0.8524475 -0.7737102 0.250881 -0.5817485 -0.1764467 0.4417497 -0.8796157 -0.1764469 0.3898339 -0.903823 -0.7737532 0.2508487 -0.5817051 -0.1764737 0.3898427 -0.903814 -0.2407509 0.3523274 -0.9043807 -0.6313745 0.7287219 0.2651993 -0.240739 0.3523048 -0.9043927 -0.4117622 0.3168932 -0.8544184 -0.6313533 0.7287438 0.2651897 -1 -4.44055e-6 -7.79331e-6 -0.2407659 0.3523274 -0.9043767 -0.773744 0.2508929 -0.5816985 -0.2407568 0.3522785 -0.9043982 -1 2.69935e-5 -1.07028e-5 -0.9553855 0.1263702 -0.2669629 -0.4117535 0.3164231 -0.8545968 -0.7501451 0.2300125 -0.6199813 -0.4103827 0.3881021 -0.8252047 -0.6313409 0.7287606 0.265173 -0.4118198 0.3169348 -0.854375 -0.9544596 0.1496081 -0.2581166 -0.4103639 0.3877127 -0.8253971 -0.4117534 0.3164464 -0.8545882 -0.9553818 0.1263734 -0.2669749 -0.9544484 0.149624 -0.2581492 -0.4116925 0.3163813 -0.8546417 -0.9553937 0.1263422 -0.2669472 -0.7501169 0.2300208 -0.6200122 -0.9557409 0.1030122 -0.2755864 -0.7177294 0.6908926 -0.08678656 -0.955444 0.1259186 -0.2669669 -0.9557878 0.1024889 -0.2756187 1.84625e-5 0.9289881 -0.3701097 1.093e-5 0.8660513 -0.4999553 3.11285e-5 1 1.17123e-5 -5.59259e-6 1 2.42786e-5 5.49108e-6 0.9289906 -0.3701034 -5.08566e-6 1 2.42591e-5 9.41753e-6 0.8660342 0.4999849 -1.60012e-5 1 -1.40071e-6 1.23637e-5 1 -1.38581e-6 6.77258e-6 0.7188865 -0.6951276 1.58027e-5 0.5000178 -0.8660152 -1.885e-5 0.8660325 -0.4999879 -1 -6.10195e-6 0 3.57349e-6 0.9289951 -0.3700923 -1.75089e-6 0.7188929 -0.6951209 -1.56891e-5 0.8660472 -0.4999623 -1 -1.95348e-6 0 1.71878e-5 0.3936211 -0.9192728 7.59214e-6 0.2506804 -0.9680699 1.38022e-6 0.5000058 -0.8660221 -1.28131e-5 0.7188924 -0.6951214 -9.13441e-6 0.3936104 -0.9192774 5.72205e-6 0.500017 -0.8660157 -1 3.00743e-6 0 2.36882e-6 -0.007211863 -0.9999741 7.48935e-6 -2.09164e-5 -1 -4.35486e-6 0.2506648 -0.968074 -1.06394e-5 0.393595 -0.9192839 -1.86265e-5 -0.007223188 -0.999974 7.73463e-6 0.2506812 -0.9680697 -1.55512e-5 -0.3970278 -0.9178066 -1.26343e-5 -0.500824 -0.8655492 -5.84871e-6 4.93228e-6 -1 1.28374e-5 -0.007236242 -0.9999738 -1.81124e-5 -0.397019 -0.9178105 1.32252e-5 2.87592e-6 -1 1.78395e-5 -0.716933 -0.6971422 -8.028e-6 -0.866034 -0.4999852 -1.25095e-5 -0.5008194 -0.8655518 -3.1665e-6 -0.3970559 -0.9177945 -7.96095e-6 -0.7169425 -0.6971324 2.38419e-7 -0.5008167 -0.8655534 -1 1.18826e-5 0 1.12201e-6 -1 1.81794e-6 1.23637e-5 -1 1.81794e-6 -7.56979e-6 -0.8660344 -0.4999846 -1.30758e-6 -0.92611 -0.3772537 -2.70456e-6 -1 1.00136e-5 -5.92694e-6 -0.8660343 -0.4999848 -3.85009e-6 -0.7169224 -0.697153 1.01104e-5 -0.9261141 -0.3772438 -1.82446e-6 -0.8660416 -0.499972 6.51553e-6 -0.9301881 0.3670833 -1.69154e-5 -1 -1.31726e-5 1.77175e-5 -1 -1.32134e-5 8.51974e-6 -0.9301722 0.3671237 -1.30013e-5 -0.8660274 0.4999966 -8.87364e-6 -1 -1.37538e-5 -0.9205094 -0.3907205 2.41026e-6 5.1707e-5 -1 -3.33041e-5 3.76105e-5 -0.9261007 -0.3772767 -0.9205157 -0.3907058 -1.41859e-5 4.70579e-5 -0.9301692 0.3671313 5.6738e-5 -1 -2.97725e-5 -0.9205146 -0.3907083 1.09896e-5 -0.920513 -0.3907119 4.46588e-5 6.21974e-5 -1 -2.05543e-5 -0.9205129 -0.3907126 1.62125e-5 7.7337e-5 -0.9261123 -0.3772482 9.14335e-5 -0.7169691 -0.6971049 -0.9205161 -0.3907046 1.51992e-6 -0.9205073 -0.3907257 7.56681e-5 5.92559e-5 -0.9261112 -0.3772509 -0.9205031 -0.3907354 -1.43349e-5 4.5836e-5 -0.7168924 -0.6971839 1.1003e-4 -0.397085 -0.9177819 -0.9205028 -0.3907361 2.0057e-5 -0.9205169 -0.3907029 -3.14415e-5 6.06477e-5 -0.7169681 -0.697106 -0.9205234 -0.3906877 -7.42078e-6 -0.920525 -0.3906837 -2.74181e-6 3.40343e-5 -0.7169405 -0.6971345 -0.9205169 -0.3907027 -3.77595e-5 3.71933e-5 -0.3969856 -0.9178249 7.30753e-5 -0.007233321 -0.9999739 -0.6384005 -0.276148 -0.7184616 6.34491e-5 -0.007188916 -0.9999741 1.9908e-4 0.393522 -0.9193152 -0.9204815 -0.3907862 3.98159e-5 3.91304e-5 -0.007178604 -0.9999743 -0.6384158 -0.2761541 -0.7184458 -0.9596973 -0.1950695 -0.2023096 1.69098e-4 0.3935937 -0.9192846 1.8052e-4 0.7186918 -0.6953287 -0.9205189 -0.3906978 2.70233e-4 -0.6383926 -0.2761842 -0.7184548 1.7193e-4 0.3935626 -0.9192978 -0.9321293 -0.3324625 -0.1435405 -0.9204838 -0.3907808 2.70337e-4 1.65172e-4 0.3935603 -0.9192988 -0.9596961 -0.1950629 -0.2023213 -0.9321551 -0.3324019 -0.1435125 1.84983e-4 0.3935418 -0.9193068 -0.9881169 -0.05691236 -0.1427797 1.69247e-4 0.7187401 -0.6952789 1.57613e-4 0.9288029 -0.3705744 -0.9881117 -0.05693578 -0.1428063 -0.9597036 -0.1950619 -0.2022866 2.0498e-4 0.7187383 -0.6952807 -0.9881099 -0.05689775 -0.1428339 1.39236e-4 0.9287865 -0.3706151 5.14686e-5 1 -7.08513e-5 -7.0259e-6 0.9287809 0.3706293 1.7602e-7 1 1.75345e-5 1.01477e-5 0.8660334 0.4999862 -1 -2.68338e-4 4.50313e-5 7.689e-5 1 -6.38142e-6 1.4475e-4 0.9285967 0.3710906 -1 -2.42144e-4 7.01807e-5 -0.9881252 -0.0569185 -0.1427192 7.85105e-5 1 -8.89599e-6 4.36697e-6 -0.7310157 0.6823607 -9.41753e-6 -0.5008286 0.8655466 8.46013e-6 -0.8660513 0.4999552 -1 7.25047e-6 0 -1.47112e-5 -0.9301714 0.3671257 1.26697e-5 -0.7310301 0.6823453 6.04009e-6 -0.8660285 0.4999948 -1 -2.01619e-6 0 8.43313e-7 -0.007205903 0.9999741 0 -1.48294e-5 1 -1.7412e-5 -0.5008065 0.8655593 -7.4394e-6 -0.4160397 0.9093465 -8.31485e-6 -0.007228314 0.9999739 -1.63112e-5 -0.5008195 0.8655517 -1.01998e-5 -0.7310002 0.6823773 -8.43778e-6 -0.4160157 0.9093576 1.65962e-6 -0.500837 0.8655418 2.05338e-5 0.39099 0.920395 1.49757e-6 0.2506865 0.9680684 -1.21072e-6 -6.83963e-6 1 -8.47131e-6 -0.007199287 0.9999741 1.02669e-5 0.390978 0.9204 1.46444e-5 -8.53837e-6 1 1.36639e-5 0.3909887 0.9203955 -4.48339e-6 0.5000019 0.8660244 -1.51992e-6 0.2506846 0.9680689 -1.35154e-5 0.7173123 0.6967518 -3.8892e-6 0.8660408 0.4999734 3.96371e-6 0.499996 0.8660277 1.20327e-5 0.3909848 0.9203971 6.16908e-6 0.717324 0.6967398 1.02595e-5 0.5000191 0.8660145 -1 2.25556e-6 0 -7.34627e-6 0.717306 0.6967584 6.18398e-6 0.9287754 0.3706432 7.24825e-6 0.8660351 0.4999833 -1 1.37095e-6 0 -0.9880977 -0.05699437 0.1428796 1.33395e-4 0.9286051 0.3710696 1.07646e-4 0.7172515 0.6968144 -0.9880943 -0.05701118 0.1428968 -1 -2.50578e-4 -4.11123e-5 1.68173e-4 0.9286211 0.3710294 -0.9597344 -0.1949294 0.2022686 9.43542e-5 0.7172776 0.6967876 7.12574e-5 0.3909268 0.9204218 -0.9597327 -0.1949369 0.2022693 -0.9880937 -0.056993 0.1429082 8.50288e-5 0.7172839 0.6967811 -0.9321879 -0.3322486 0.1436548 3.77297e-5 0.3909495 0.9204122 6.02007e-5 -0.007241845 0.9999738 -0.9321607 -0.3322998 0.1437129 -0.9597503 -0.1949062 0.2022151 3.7726e-5 0.3909786 0.9203999 -0.6613429 -0.285745 0.693524 5.20647e-5 -0.007219791 0.999974 8.60095e-5 -0.4160615 0.9093366 -0.9321835 -0.3322681 0.1436381 4.033e-5 -0.007212221 0.9999741 -0.6613534 -0.2857262 0.6935217 -0.9205079 -0.3907242 -2.39015e-5 7.25687e-5 -0.4160327 0.9093496 1.01149e-4 -0.7310993 0.6822712 -0.6613203 -0.2857317 0.693551 1.35422e-4 -0.4160913 0.9093229 -0.9204985 -0.3907463 5.63272e-5 -0.9205091 -0.3907211 1.1161e-5 -0.9205133 -0.3907113 1.16676e-5 9.10312e-5 -0.4160423 0.9093453 -0.9205001 -0.3907423 8.79168e-6 -0.9205 -0.3907427 9.11951e-6 1.12981e-4 -0.4159917 0.9093685 -0.9205318 -0.3906678 2.35736e-5 -0.9204795 -0.3907908 -3.919e-5 9.74089e-5 -0.41604 0.9093464 -0.9205084 -0.3907228 9.43243e-6 8.62777e-5 -0.7310068 0.6823703 6.81579e-5 -0.9301686 0.3671327 -0.9205097 -0.3907198 -1.49608e-5 -0.9205127 -0.3907127 -1.10567e-5 6.52671e-5 -0.7310846 0.6822869 -0.9205145 -0.3907087 1.84774e-6 -0.9205046 -0.390732 -3.39597e-5 7.6294e-5 -0.7310459 0.6823284 -0.9205202 -0.390695 -3.60087e-5 -0.9205185 -0.390699 -3.48389e-5 7.46697e-5 -0.9301911 0.3670757 -0.932184 -0.3322624 0.1436485 -0.6613211 -0.2857214 0.6935544 -0.9205014 -0.3907394 -2.653e-4 -1.44541e-5 0.5184178 0.8551276 -0.9321536 -0.3321065 0.1442044 -0.9205177 -0.3907009 7.87973e-5 -0.9205059 -0.3907287 -4.03536e-5 -3.76254e-7 6.24657e-5 1 -0.9204959 -0.3907524 6.75023e-5 -0.9205166 -0.3907036 2.18451e-5 2.17557e-6 1.87159e-5 1 -1.16229e-6 0.5183965 0.8551405 -0.9205112 -0.3907164 6.24603e-5 -0.9205106 -0.3907178 1.66893e-6 -0.6383807 -0.2761932 -0.7184619 -0.9205101 -0.390719 -4.78625e-5 -2.9793e-6 -5.41881e-5 -1 -0.9205075 -0.390725 -7.22706e-5 -0.9321324 -0.3321344 -0.1442774 -0.9205051 -0.3907306 0 -1.42455e-5 -5.45271e-5 -1 -0.9204965 -0.3907511 -2.10404e-5 -0.9205272 -0.3906788 -8.18968e-5 1.96695e-6 0.5184517 -0.855107 -0.9321603 -0.3320644 -0.1442586 -0.9597252 -0.194686 -0.202546 1.26623e-5 0.5184876 -0.8550852 7.45058e-7 -4.32134e-6 -1 -0.9321745 -0.3320373 -0.1442288 -6.25849e-7 0.8763733 -0.4816326 -0.9597284 -0.1946802 -0.2025366 -0.988155 -0.05528777 -0.1431539 -2.73436e-5 0.8763522 -0.481671 2.36034e-5 0.51846 -0.855102 -0.959727 -0.1947307 -0.2024948 2.94745e-5 0.8763539 -0.481668 -0.98816 -0.0553621 -0.1430904 -0.9999979 0.002095878 -7.12723e-5 -0.6936516 0.7203108 -1.64658e-5 -0.9999979 0.002071857 1.91592e-5 -0.9881268 -0.05558222 0.1432346 -0.6936416 0.7203204 -3.75845e-5 5.0962e-6 0.8763494 -0.481676 -0.999998 0.002045929 4.79817e-6 1.77026e-5 0.8764274 0.4815343 -0.9881305 -0.05554437 0.1432243 -0.959748 -0.194945 0.2021889 -0.6936523 0.72031 -6.77071e-6 -0.9881259 -0.05554354 0.1432554 -1.49943e-6 1 -2.81632e-6 -1.31903e-5 0.8764442 0.4815037 -1.28485e-5 1 -1.72436e-5 -0.9881268 -0.05554562 0.1432489 5.21541e-6 0.5184331 0.8551183 -0.9597458 -0.1949723 0.202173 -0.9321964 -0.3320353 0.1440916 -7.98702e-6 0.518423 0.8551244 -2.27988e-5 0.8764319 0.481526 -0.959742 -0.194999 0.2021654 -0.9205055 -0.3907299 0 -0.9205372 -0.3906551 -1.02129e-4 -0.9205015 -0.3907391 0 -0.9204968 -0.3907502 -3.24039e-5 -0.9205046 -0.3907316 0 -0.9205076 -0.3907246 -1.54321e-5 -0.9205111 -0.3907164 -3.36629e-5 -0.9205048 -0.3907316 0 -0.9205042 -0.3907328 0 -0.9205046 -0.3907319 0 -0.920505 -0.3907309 0 -0.9205035 -0.3907344 0 -0.9205051 -0.3907307 0 -0.9205065 -0.3907276 0 -0.920504 -0.3907333 -3.21546e-6 -0.9205059 -0.3907287 0 -0.9205088 -0.3907222 0 -0.9205032 -0.3907351 3.45526e-6 -0.9204987 -0.3907458 0 -0.9205065 -0.3907272 -1.07742e-5 -0.9205073 -0.3907256 0 -0.9205022 -0.3907375 1.19882e-5 -0.9205021 -0.3907375 1.25002e-5 2.72393e-5 3.515e-5 1 -0.9205059 -0.3907287 2.40505e-5 -0.9205371 -0.3906553 3.51071e-5 2.48849e-5 4.04567e-6 1 -0.9204945 -0.3907558 -2.43187e-5 -0.9205217 -0.3906917 -1.44541e-5 -1.87159e-5 3.3021e-5 1 -0.9205055 -0.3907298 2.13683e-5 -0.9205022 -0.3907375 2.0057e-5 1.66595e-5 -0.5185041 0.8550751 -0.920506 -0.3907285 3.0905e-5 -0.9204917 -0.3907624 1.02222e-5 -1.84178e-5 -0.5184887 0.8550845 -2.59876e-5 3.1285e-5 1 -0.9204877 -0.3907715 3.91752e-5 3.6031e-5 -0.5185032 0.8550758 -0.9205027 -0.3907365 2.40505e-5 -0.9205275 -0.3906782 7.42078e-5 -3.65824e-5 -0.518448 0.8551093 -0.9205067 -0.3907268 -2.61068e-5 -0.9205166 -0.3907034 6.61612e-6 -9.89437e-6 -0.8763784 0.4816234 -0.9205173 -0.390702 2.64198e-5 -0.9205081 -0.3907235 -1.31205e-5 -6.49318e-6 -0.8763584 0.4816598 5.51343e-7 -0.5185 0.8550776 -0.9205056 -0.3907296 -2.46167e-5 -1.19209e-5 -0.8763604 0.4816561 -0.9205156 -0.3907058 -2.2687e-5 -0.9205225 -0.3906896 5.55664e-5 -0.5512489 -0.8343409 -9.03197e-6 -0.9205083 -0.3907231 -6.91041e-7 -0.9205083 -0.3907231 -9.90927e-7 -1.2964e-5 -0.8763775 0.4816251 -0.9205036 -0.3907344 4.73857e-6 -0.5512467 -0.8343424 1.7859e-5 3.36766e-5 -1 6.08861e-5 -0.920502 -0.390738 -1.60187e-5 -0.920495 -0.3907544 3.78639e-5 1.03749e-5 -1 1.4849e-5 -0.5512028 -0.8343713 1.17607e-5 -0.9205141 -0.3907094 -2.88188e-5 -1.10269e-6 -0.8764308 -0.4815281 -0.9205017 -0.3907388 9.38773e-7 -0.9205031 -0.3907352 -5.66244e-7 1.13845e-5 -0.8764389 -0.4815133 1.41859e-5 -1 4.90732e-5 -0.9204978 -0.3907479 -2.4721e-5 2.76715e-5 -0.8764432 -0.4815055 -0.9205052 -0.3907303 2.5332e-5 -0.9205133 -0.3907113 -2.80142e-6 6.31586e-5 -0.8764579 -0.4814786 -0.9205052 -0.3907306 -2.64645e-5 -0.9205006 -0.390741 -1.6883e-5 -2.55108e-5 -0.5183932 -0.8551425 -0.9205015 -0.3907392 8.82149e-6 -0.9204986 -0.3907458 -4.13358e-5 2.29478e-6 -0.5184261 -0.8551226 1.7792e-5 -0.8764443 -0.4815033 -0.9204961 -0.3907518 7.6592e-6 5.26011e-6 -1.10641e-5 -1 -8.61287e-6 -0.5184017 -0.8551372 -0.9205301 -0.390672 5.126e-6 2.44379e-5 -0.8763677 0.4816429 -0.5512192 -0.8343605 2.93106e-5 3.58373e-5 -1 7.02962e-6 1.7908e-5 -1 -5.26011e-6 2.30428e-5 -1 -5.21494e-6 -1.84998e-5 -0.8764298 -0.4815298 -6.39004e-6 -0.8767989 0.4808571 1.11945e-5 -0.8763607 0.4816555 1.41524e-5 -1 2.21918e-5 -9.46037e-6 -1 1.86637e-6 2.76268e-5 -0.8768005 0.4808544 7.28821e-7 -1 1.84774e-6 -7.65361e-6 -0.5192022 -0.8546515 2.39164e-6 -0.8764223 -0.4815434 -1.3178e-5 -0.5184646 -0.8550992 -9.86643e-6 -0.8767404 -0.4809641 1.05277e-5 -1 9.574e-6 -1.22231e-5 -0.8764173 -0.4815524 -1.75089e-5 -0.5192117 -0.8546457 -1.08173e-5 -0.8767315 -0.4809802 1.30068e-5 -0.8764317 -0.4815262 2.42679e-6 -0.5192235 -0.8546385 1.09822e-5 -0.5184448 -0.8551112 -1.68309e-5 -3.68357e-5 -1 8.66674e-6 6.60121e-5 -1 -3.75509e-6 -2.97837e-5 -1 6.62357e-6 0.518525 -0.8550626 2.17333e-5 6.89439e-5 -1 1.79484e-5 -0.5191882 -0.85466 1.60858e-5 -2.69413e-5 -1 5.37094e-6 0.5191292 -0.8546958 9.99868e-6 0.5185143 -0.8550691 -2.69711e-5 0.8763593 -0.4816582 -1.70618e-6 0.5191525 -0.8546817 -9.6336e-6 4.6894e-5 -1 2.81329e-6 0.5184968 -0.8550797 -0.6936437 0.7203183 -1.89841e-5 -1.26362e-5 1 2.15817e-5 1.39177e-5 0.8763509 -0.4816733 2.00332e-5 0.8768078 -0.4808411 2.60212e-6 0.8763464 -0.4816817 -2.13161e-5 1 -9.30019e-6 1.68607e-5 0.8767963 -0.4808619 8.2776e-6 0.5191352 -0.8546922 1.0167e-5 0.876358 -0.4816606 3.35918e-6 1 4.88758e-6 -2.27708e-5 1 4.89084e-6 5.54509e-6 0.87643 0.4815295 2.61292e-5 0.8768007 -0.480854 -4.27135e-6 1 -1.46031e-6 -5.28432e-6 1 -1.47708e-6 1.01849e-5 0.5192095 0.8546471 6.18398e-7 0.8764249 0.4815388 4.79072e-6 0.5184307 0.8551197 3.91528e-6 0.8767304 0.4809824 -1.375e-5 1 1.35652e-5 9.02696e-6 0.8764305 0.4815286 -2.03699e-5 0.5191994 0.8546531 -7.12019e-6 0.8767234 0.480995 9.6634e-6 0.8764235 0.4815412 -1.63736e-5 0.5192028 0.8546512 4.03821e-6 0.5184653 0.8550987 -6.59376e-7 1.56444e-5 1 3.41167e-6 -8.27313e-5 1 -9.08971e-7 1.34595e-5 1 7.65175e-6 -0.5184981 0.8550789 -2.68742e-5 -4.64097e-5 1 8.73208e-6 0.5192074 0.8546483 -1.4656e-5 4.95315e-5 1 -8.12812e-7 -0.5191241 0.8546989 9.84222e-6 -0.5185094 0.855072 1.1187e-5 -0.8763573 0.4816616 -3.94881e-7 -0.5191378 0.8546906 4.90993e-6 -7.53477e-5 1 -1.24852e-5 -0.5185226 0.8550639 1.15409e-5 -0.876808 0.4808406 1.28821e-5 -0.5191512 0.8546825 -2.11154e-6 -0.8763465 0.4816813 0.5487913 0.8359595 1.49608e-5 1.50651e-5 1 1.56239e-5 -6.79493e-6 0.8767205 0.4810002 0.9196434 0.392754 -7.10487e-4 2.80142e-6 0.8768375 -0.4807869 1.57654e-5 1 -3.17097e-5 0.548807 0.8359491 2.3637e-5 0.9196289 0.3927879 -7.60794e-4 8.86153e-6 1 -1.12504e-6 0.9196969 0.3926175 0.003032803 1.94088e-5 0.8767755 0.4809001 9.27004e-6 0.5190881 0.8547208 0.5487745 0.8359705 -6.82473e-6 2.11e-5 0.8767314 0.4809803 0.9198254 0.392328 -1.84029e-5 0.9194928 0.3931046 0.001383125 0.9198223 0.3923354 3.86983e-5 -8.34465e-7 0.8767092 0.4810207 0.9194921 0.3931058 0.001444399 0.919502 0.3930832 0.001394093 2.68221e-6 0.8767356 0.4809727 0.919694 0.3926242 0.003048658 0.9194963 0.3930963 0.001446962 -2.30372e-5 0.8767424 0.4809603 0.9202683 0.3912541 0.005160748 4.14848e-5 0.5191013 0.8547127 2.01166e-5 -1.40071e-4 1 0.9202775 0.3912326 0.005135536 0.9196941 0.3926239 0.003052949 3.47644e-5 0.5191308 0.8546949 0.9216271 0.3880195 0.00666064 2.29478e-6 -6.53192e-5 1 -1.63019e-5 -0.5191699 0.8546711 0.9216316 0.3880078 0.0067119 0.9202821 0.3912217 0.00514537 6.84708e-6 -1.19358e-4 1 0.923534 0.3834788 0.005379378 -1.69873e-5 -0.5190764 0.8547279 2.98023e-6 -0.8767935 0.4808674 0.9235171 0.3835203 0.005352318 0.9216313 0.388009 0.006710767 3.30806e-6 -0.5191295 0.8546956 0.923721 0.3830382 0.00462681 4.04567e-6 -0.8768178 0.4808229 -8.9109e-6 -1 -1.80723e-5 0.9236947 0.3831015 0.004633903 0.9235193 0.3835147 0.005364 3.27826e-6 -0.8768178 0.4808228 0.8202887 -0.5719497 1.75089e-5 -4.20213e-6 -1 -2.52826e-5 -2.46167e-5 -0.8767392 -0.4809663 0.9237013 0.3830852 0.0046705 -6.71484e-6 -1 -1.26064e-5 0.8202953 -0.5719404 2.27215e-5 0.9222846 0.3864517 -0.006807267 -1.74642e-5 -0.8767287 -0.4809852 1.85072e-5 -0.5191825 -0.8546635 0.9238928 0.3826515 -1.26734e-5 0.8202809 -0.571961 4.35859e-5 4.50909e-5 -0.8767285 -0.4809856 0.9240055 0.3823689 -0.00283724 0.9238958 0.3826445 -1.00695e-5 2.8193e-5 -0.8767447 -0.4809563 0.9238013 0.3828424 -0.004802465 0.9240185 0.3823376 -0.002806842 3.21567e-5 -0.8767502 -0.4809459 0.9222759 0.3864728 -0.006778717 0.9237801 0.3828928 -0.0048635 4.52995e-6 -0.8767237 -0.4809944 0.9207515 0.3901033 -0.006019413 -3.11434e-5 -0.5191444 -0.8546866 -2.46316e-5 6.16368e-5 -1 0.920746 0.3901152 -0.006067633 0.9222694 0.3864885 -0.006782472 1.91182e-5 -0.519185 -0.854662 0.9198397 0.3922753 -0.003859579 -1.40294e-5 1.35928e-4 -1 -2.51643e-5 0.5191622 -0.8546758 0.9198374 0.3922807 -0.003881752 0.9207491 0.3901079 -0.006082832 -3.35276e-5 1.12012e-4 -1 0.9194912 0.3931067 -0.001775085 8.89227e-6 0.5191265 -0.8546975 3.70443e-5 0.8768485 -0.480767 0.9194917 0.3931057 -0.00176835 0.9198365 0.3922833 -0.003858208 -4.36306e-5 0.5191558 -0.8546798 0.9196192 0.3928104 -7.4482e-4 0.9194911 0.3931071 -0.001727581 -2.7597e-5 0.8768184 -0.4808217 0.9236967 0.3830966 0.004630386 0.8202925 -0.5719442 -1.64807e-5 0.9238837 0.3826733 9.29087e-6 0.9205042 0.3907329 0 0.9205042 0.3907327 0 0.9205053 0.3907303 -1.40376e-6 0.9205054 0.39073 1.21506e-7 0.9205052 0.3907305 0 0.9205048 0.3907315 1.26046e-6 0.9205088 0.3907217 -1.12956e-5 0.9205052 0.3907306 0 0.9205035 0.3907344 0 0.9205049 0.3907313 -2.299e-6 0.9205074 0.3907251 -3.44798e-6 0.9205049 0.390731 0 0.920505 0.3907309 -5.50871e-7 0.9205043 0.3907325 -7.15216e-7 0.5487945 0.8359574 1.02744e-5 0.9198104 0.3923633 -4.93228e-6 0.9196246 0.392798 -7.16586e-4 0.9205064 0.3907278 0 0.9205057 0.3907293 6.18901e-7 0.9205044 0.3907322 0 0.9205047 0.3907318 2.71791e-7 0.9205033 0.3907349 -2.70712e-6 0.9205058 0.3907288 2.43107e-7 0.9205051 0.3907306 0 0.9205058 0.390729 4.46338e-6 0.9205054 0.3907298 5.03388e-6 0.9205051 0.3907307 -3.22513e-7 0.9205048 0.3907316 0 0.9205049 0.3907311 0 0.9205055 0.3907297 0 0.9205052 0.3907303 2.40382e-6 0.9205037 0.3907341 0 0.9205042 0.3907329 -3.04168e-6 0.9205033 0.3907349 -8.14344e-7 0.9205045 0.3907318 -9.90178e-6 1.37091e-5 -0.9510527 0.3090289 1.0252e-5 -0.883516 0.468401 9.40263e-6 -1 1.10224e-4 -5.60284e-6 -0.5877738 0.8090253 -1.09673e-5 -0.8767116 0.4810163 -1.36644e-5 -0.8835099 0.4684128 2.74181e-5 -0.5877766 0.8090234 -1.43349e-5 -0.8835111 0.4684103 2.71648e-5 -0.9510602 0.309006 2.67625e-5 -0.9510484 0.309042 2.24113e-5 -1 9.91672e-5 -8.04663e-7 -0.9587104 -0.2843845 1.87941e-6 -0.9510666 -0.3089863 3.51924e-6 -0.9587147 -0.2843701 1.28895e-6 -0.8767961 -0.4808622 2.17557e-5 -0.9510561 0.3090186 -1.08443e-5 -0.9587166 -0.2843634 2.61739e-5 -0.9510558 -0.3090193 -1.32732e-5 -0.5877901 -0.8090134 -1.64397e-5 -0.8767936 -0.480867 1.78181e-5 -0.5191612 -0.8546764 1.3411e-5 -0.9510579 -0.3090129 1.07437e-5 -0.8767904 -0.4808728 -1.42157e-5 -0.5877965 -0.8090089 -2.40281e-5 -0.5877934 -0.8090112 1.88202e-5 -0.5191532 -0.8546813 -9.96143e-6 -3.42727e-7 -1 -6.4145e-6 1.96993e-5 -1 7.62194e-6 1.97142e-5 -1 -3.03239e-6 0.5191413 -0.8546884 -1.87904e-5 -0.5878084 -0.8090002 1.28789e-5 -1.90139e-5 -1 -1.47612e-5 -1.90139e-5 -1 8.0131e-6 0.5803695 -0.8143534 -1.40443e-6 0.5191294 -0.8546957 -1.10418e-5 0.8767137 -0.4810126 -3.09532e-7 1.87457e-5 -1 1.77398e-5 1.87606e-5 -1 1.13919e-5 0.5191404 -0.854689 1.24276e-5 0.5803562 -0.8143628 2.35289e-5 1.90139e-5 -1 -1.95354e-5 0.5191595 -0.8546775 7.38911e-6 0.9067644 -0.4216378 -1.96043e-6 0.8767145 -0.4810112 -2.04146e-6 0.9587053 -0.2844018 -1.41934e-6 0.9067565 -0.4216548 3.54946e-5 0.5803669 -0.8143553 -2.77162e-6 0.8767191 -0.4810029 -1.96695e-5 0.9067655 -0.4216356 -4.85778e-6 0.9587073 -0.2843949 -2.04146e-6 1 -8.36179e-5 -5.0054e-6 1 -8.23736e-5 -1.04047e-5 1 -8.23438e-5 -1.1215e-5 0.8835073 0.4684175 -7.4096e-6 1 -8.83359e-5 -2.13832e-6 0.9067754 -0.4216144 -1.54433e-5 1 -8.83043e-5 2.52016e-6 0.9068553 0.4214422 5.79096e-6 0.8835111 0.4684103 1.76299e-6 0.876789 0.4808755 -8.38935e-6 0.9068437 0.4214672 2.6565e-5 1 -9.40194e-5 -9.07481e-6 0.8835123 0.4684081 1.75461e-5 0.5805267 0.8142413 -2.71946e-6 0.8767778 0.4808958 9.51067e-6 0.5191587 0.8546779 8.9556e-6 0.5805329 0.8142368 -5.64754e-6 0.9068554 0.4214422 -4.47035e-7 0.8767984 0.4808582 -3.92646e-6 0.5805578 0.8142192 3.58e-6 0.5191746 0.8546683 -1.3411e-5 -1.48579e-5 1 -3.32989e-6 -1.94907e-5 1 2.38568e-5 -1.95019e-5 1 1.85967e-5 -0.5191411 0.8546887 -6.90296e-6 0.5805293 0.8142394 -4.40922e-6 1.4931e-5 1 -1.05202e-5 1.48788e-5 1 1.03526e-5 -0.5878046 0.8090031 2.43783e-5 -0.5191283 0.8546963 -1.22935e-5 -0.8767024 0.4810335 -1.11796e-5 -0.5877803 0.8090206 1.97142e-5 -1.19209e-7 1 3.31551e-6 -0.5191599 0.8546772 -1.79559e-5 0.5805295 0.8142393 -1.36006e-5 1.51098e-5 1 2.61217e-5 1.51247e-5 1 -4.70504e-6 -0.5878085 0.8090002 -1.17002e-5 -1.90735e-5 1 1.47612e-5 -1.90735e-5 1 -0.5002987 1.2612e-5 0.8658529 -0.5805538 1.09524e-5 0.8142219 1.43945e-5 2.4803e-5 1 -0.249923 -1.00993e-5 0.9682657 -0.5002664 2.68593e-6 0.8658716 -2.74181e-6 1.83359e-5 1 1.01775e-5 -6.04329e-6 1 -0.2499001 -6.30319e-6 0.9682717 1.01924e-5 2.9201e-6 1 0.5803649 -2.49744e-5 0.8143567 4.64916e-6 -2.58457e-5 1 4.66406e-6 -2.7582e-5 1 3.57069e-6 0.500795 0.865566 -2.13087e-6 0.5803645 0.814357 1.18986e-5 7.89762e-6 1 -1.40071e-5 2.13981e-5 1 1.03638e-5 0.5007933 0.8655669 -1.01764e-5 2.14279e-5 1 -9.83477e-6 -0.5878084 0.8090003 -1.65625e-5 -1.90139e-5 1 1.20699e-5 -1.90493e-5 1 -3.8892e-6 -0.5878087 -0.809 1.65625e-5 -1.93417e-5 -1 -2.53767e-5 -1.93417e-5 -1 -1.65649e-5 -0.5878085 -0.8090001 1.47634e-5 -0.5878085 -0.8090001 1.3411e-7 -1.90437e-5 -1 -4.76837e-6 -2.58457e-5 -1 -4.76837e-6 -2.7582e-5 -1 -0.5803649 -2.49892e-5 -0.8143566 0.5007931 0 -0.8655671 2.11895e-5 1.3985e-5 -1 2.12193e-5 -1.23814e-5 -1 0.5805538 1.7941e-5 -0.8142219 1.60038e-5 2.06381e-5 -1 0.5007663 8.08388e-7 -0.8655826 1.69793e-5 1.49608e-5 -1 -2.61366e-5 1.49608e-5 -1 9.20519e-6 0.5805293 -0.8142394 6.4224e-6 -0.5878084 -0.8090001 1.83674e-5 -1.90139e-5 -1 -0.8669621 -3.82587e-6 -0.4983742 -0.5803406 1.63317e-5 -0.8143739 -0.9067757 2.1033e-5 -0.4216135 -0.2506763 -3.27826e-7 -0.968071 -6.31064e-6 1.19209e-5 -1 -0.5803833 -3.17544e-5 -0.8143435 -0.4995834 2.1439e-6 -0.8662658 -0.2507101 8.08761e-6 -0.9680622 -0.580372 1.71196e-5 -0.8143516 -0.8669605 1.35452e-5 -0.4983768 -0.4995947 1.52923e-5 -0.8662594 -0.5803717 1.13696e-5 -0.8143517 -0.8669643 6.81728e-7 -0.4983704 -0.906771 3.62983e-6 -0.4216238 -1 8.45641e-6 -8.10996e-5 -0.999997 4.93368e-6 0.002488374 -1 3.62471e-6 -1.00295e-4 -0.9068578 1.1161e-5 0.4214369 -0.999997 1.75294e-5 0.002453923 -0.8669514 5.0813e-6 -0.4983928 -1 5.99876e-6 -8.69185e-5 -0.8655505 0 0.5008217 -0.9068527 -1.31875e-6 0.4214479 -0.5805577 -7.7337e-6 0.8142193 -0.8655393 -1.60523e-5 0.500841 -0.999997 -1.46031e-5 0.002482473 -0.906857 1.08778e-5 0.4214385 -0.500293 -4.42751e-6 0.8658562 -0.8655611 -1.16974e-5 0.5008033 -0.5805502 2.58721e-6 0.8142245 0 1 0 0.5803651 3.13371e-5 0.8143565 0.5008283 5.72205e-6 0.8655467 2.07424e-5 -1.3262e-5 1 0.5803622 -3.37139e-6 0.8143586 0.8669456 -1.17198e-5 0.4984027 0.5008131 -2.1033e-5 0.8655555 1 5.99865e-6 8.69185e-5 0.999997 1.75292e-5 -0.002453923 0.8669514 5.06639e-6 0.4983928 0.9067709 3.63355e-6 0.4216238 1 8.3968e-6 8.11443e-5 0.8669643 6.78003e-7 0.4983704 0.5803406 1.63615e-5 0.814374 0.9067757 2.10665e-5 0.4216135 0.8669621 -3.79607e-6 0.4983742 0.906857 1.11572e-5 -0.4214384 0.8655393 -1.57878e-5 -0.5008411 0.999997 -1.432e-5 -0.002482473 1 3.63216e-6 1.0031e-4 0.9068579 1.11386e-5 -0.4214369 0.9999969 4.98467e-6 -0.002488315 0.5805296 -1.16993e-5 -0.8142391 0.5007768 -3.34904e-6 -0.8655765 0.8655405 6.60121e-6 -0.5008391 0.9068527 -1.19954e-6 -0.4214479 0.5805577 -7.61449e-6 -0.8142193 0.8655505 1.80677e-7 -0.5008217 1.36718e-6 0.8669516 -0.4983923 -2.17855e-5 0.5805525 -0.8142229 1.19209e-5 0.9068515 -0.4214505 4.07919e-6 0.5008037 -0.865561 -5.46873e-6 1.92225e-6 -1 -8.81776e-6 0.5805236 -0.8142435 -3.39001e-7 1.49997e-5 -1 -6.3479e-6 0.5805294 -0.8142394 -5.00018e-6 1.49906e-5 -1 -2.22456e-5 0.866952 -0.4983919 -5.85616e-6 0.5008412 -0.8655393 3.28571e-6 0.5805298 -0.8142392 2.39909e-5 0.8669655 -0.4983681 -1.6985e-6 0.9068552 -0.4214426 1.771e-5 1 1.12385e-4 8.84302e-6 0.999997 0.002456128 2.67103e-6 1 1.07091e-4 -1.35079e-5 0.9067705 0.4216247 -1.20676e-6 0.9999971 0.002453267 -2.38121e-5 0.8669515 -0.4983925 -2.50316e-6 1 1.04308e-4 8.2124e-6 0.8655606 0.5008043 -4.01586e-6 0.9067646 0.4216372 5.51343e-7 0.580376 0.8143487 1.44057e-5 0.8655374 0.5008443 -2.30074e-5 0.999997 0.002484738 8.26083e-6 0.9067586 0.4216502 1.2042e-5 0.5007969 0.8655648 3.50177e-7 0.8655517 0.5008197 8.32044e-6 0.5803687 0.8143539 -0.353504 0.7071196 0.6123863 -0.3635399 0.7071175 0.6064847 -0.3532142 0.7071174 0.6125559 -0.6123741 0.7071209 0.3535223 -0.6130015 0.707116 0.352443 -0.3635259 0.7071185 0.6064918 -0.6123676 0.7071259 0.3535236 -0.3635331 0.7071052 0.6065031 -0.3535276 0.7071219 0.6123698 -0.3535381 0.7071255 0.6123598 -0.353212 0.7071127 0.6125626 -1.15698e-5 0.7070981 0.7071155 -4.17978e-6 0.7071027 0.707111 -4.19357e-6 0.7071097 0.707104 0.1812735 0.7071031 0.6834802 -0.3535428 0.7071248 0.6123579 -1.83284e-6 0.7071051 0.7071084 -1.82167e-6 0.7071092 0.7071044 0.353528 0.7071161 0.6123763 0.1812649 0.7071033 0.6834822 0.3537791 0.7071123 0.6122358 0.3535646 0.707125 0.6123451 2.17028e-5 0.7071161 0.7070975 0.1812649 0.7071191 0.6834659 0.3535438 0.7071201 0.6123626 0.353794 0.707118 0.6122205 0.6120635 0.7070996 0.3541023 0.6123503 0.7071261 0.3535532 0.6120433 0.70712 0.3540967 0.7071149 0.7070967 0.001729547 0.612374 0.7071171 0.3535302 0.3535321 0.7071135 0.6123771 0.6120495 0.7071037 0.3541186 0.7071067 0.7071068 -7.59959e-6 0.7071063 0.7071053 0.001721739 0.6130161 0.7070964 -0.352457 0.7071106 0.707103 -1.23321e-5 0.6123561 0.7071179 0.3535594 0.7070983 0.7071132 0.001716852 0.612364 0.7071245 -0.3535325 0.6129971 0.7071135 -0.3524559 0.3532462 0.707104 -0.612553 0.6123682 0.7071198 -0.3535347 0.7071169 0.7070968 -1.55596e-5 0.6129974 0.7071129 -0.3524566 0.3535326 0.7071218 -0.6123671 0.3532435 0.7071185 -0.6125378 0.1817871 0.7071217 -0.6833245 0.353548 0.7071176 -0.6123632 0.6123572 0.7071244 -0.3535447 0.3532142 0.7071211 -0.6125517 0.3535233 0.7071247 -0.6123692 0.1817687 0.7071037 -0.6833481 -6.4373e-6 0.7071107 -0.7071028 -4.76837e-7 0.7071129 -0.7071007 -4.62867e-7 0.7071021 -0.7071116 -0.3537961 0.707103 -0.6122367 0.3535428 0.7071248 -0.6123579 1.83284e-6 0.7071051 -0.7071084 1.82167e-6 0.7071092 -0.7071044 -0.3535251 0.7071196 -0.6123741 -0.3537793 0.7071121 -0.6122359 -0.3635042 0.7071112 -0.6065133 -0.3535339 0.7071207 -0.6123677 -1.42592e-5 0.7071084 -0.7071052 -0.3537928 0.7071013 -0.6122405 -0.3535459 0.7071329 -0.6123467 -0.3635081 0.7071133 -0.6065086 -0.6120472 0.7071179 -0.3540939 -0.6123503 0.707126 -0.3535532 -0.6120434 0.7071199 -0.3540967 -0.7071149 0.7070966 -0.001729488 -0.3535318 0.7071138 -0.6123768 -0.6120492 0.707104 -0.3541184 -0.6123738 0.7071174 -0.35353 -0.7071088 0.7071048 7.98702e-6 -0.7071084 0.7071031 -0.001720964 -0.6130183 0.7070943 0.3524576 -0.6123549 0.7071192 -0.3535591 -0.7070971 0.7071145 -0.001716375 -0.7071094 0.7071043 1.25463e-5 -0.7071172 0.7070964 1.568e-5 -0.6129978 0.7071125 0.3524567 -0.6123687 0.7071194 0.3535349 0.2105051 -3.47197e-6 -0.9775928 0.4999861 -4.90248e-6 -0.8660336 8.50856e-6 -1.23382e-5 -1 -2.26423e-5 0 -1 0.2105178 -1.03563e-6 -0.97759 -2.26349e-5 2.12702e-6 -1 -0.499993 -1.17049e-5 -0.8660295 -7.95722e-6 4.07564e-6 -1 -7.95722e-6 0 -1 7.95722e-6 4.07564e-6 1 7.95722e-6 0 1 0.499993 -1.17049e-5 0.8660295 -0.5003677 1.16266e-5 0.865813 -9.08971e-6 -2.84306e-6 1 -9.08971e-6 0 1 -0.499993 5.52008e-4 0.8660294 -8.5691e-6 -1.16676e-5 1 -0.5003662 9.31858e-6 0.865814 0.4995515 1.40592e-5 0.8662841 0.5000065 9.5071e-4 0.8660212 0.8660203 -1.12914e-5 0.5000087 0.2112379 -1.12951e-5 0.9774347 -3.06964e-6 -1.75834e-5 1 0.4999866 -4.58956e-6 0.8660332 0.4995493 -7.70849e-4 0.8662852 0.2112672 3.63961e-6 0.9774284 0.5000045 -9.4517e-6 0.8660229 0.866878 1.58101e-5 0.4985205 0.8660002 -0.003262042 0.5000333 1 -3.26112e-5 -1.91554e-5 0.8668991 0.003477275 0.4984716 0.4995238 -6.60121e-6 0.8663002 0.86603 1.56686e-5 0.4999921 0.9999973 -1.4341e-5 -0.002349257 1 -2.54158e-6 -2.33749e-7 0.8660255 -1.77175e-5 -0.5 0.9999973 1.39731e-5 -0.002337574 0.8668816 2.8193e-5 0.4985143 1 1.37081e-5 1.16676e-5 0.8655874 4.61854e-6 -0.5007579 0.8660207 -0.001494944 -0.5000061 0.5000107 -2.93329e-5 -0.8660193 0.8655771 0.001643896 -0.500773 0.9999973 -7.77841e-6 -0.002352774 0.8660131 -2.04666e-5 -0.5000213 0.500353 -8.30396e-4 -0.8658212 0.8655732 1.16229e-5 -0.5007825 0.5000224 9.62859e-6 -0.8660125 0.2104891 2.76836e-4 -0.9775962 0.5003561 8.49713e-6 -0.8658198 0.5000241 4.8168e-6 -0.8660116 0 1 -1.33421e-7 0 1 0 0 1 0 0 1 0 0 1 2.67525e-7 0 1 0 -0.5000128 8.99227e-6 -0.8660181 -0.4995583 -0.001178383 -0.8662796 1.1622e-5 1.13063e-5 -1 0 1 0 -0.5000125 1.50829e-6 0.8660183 -0.5003438 -2.81234e-4 0.8658267 -0.5806186 -1.86264e-7 0.8141757 0 1 0 -0.5000358 8.06153e-6 0.8660048 -0.5806143 -9.53674e-6 0.8141788 -0.8655859 -1.79261e-5 0.5007606 0 1 0 -0.5000142 3.70666e-6 -0.8660173 -0.5807386 8.04331e-5 -0.8140902 -0.4995574 -2.55782e-6 -0.8662809 -0.8660256 -1.63685e-5 -0.4999997 -0.8668944 0.002905666 -0.4984836 -0.580733 2.86102e-6 -0.8140941 -0.4999896 -2.95043e-6 -0.8660314 -0.8660318 -4.20213e-6 -0.499989 -0.5807372 -1.28597e-5 -0.8140912 -1 1.25114e-5 -1.17719e-5 -0.9999973 1.2774e-5 0.002337694 -0.8668816 2.71276e-5 -0.4985143 -0.8660001 -0.003262042 -0.5000331 -1 -3.26037e-5 1.91685e-5 -0.866878 1.58104e-5 -0.4985204 -0.8660132 -2.04664e-5 0.5000214 -0.8655772 0.001643896 0.5007731 -0.9999973 -7.77841e-6 0.002352774 -0.8660207 -0.001494944 0.5000062 -0.5000107 -2.93255e-5 0.8660194 -0.8655874 4.61854e-6 0.5007581 -1 -1.33971e-6 0 -0.8660254 -1.66446e-5 0.5000001 -0.9999973 -1.31438e-5 0.002349376 -3.50177e-6 -0.2498999 -0.9682717 -6.18857e-6 1.03563e-5 -1 -6.04329e-6 1.03563e-5 -1 1 4.52527e-5 0 1 -1.46874e-5 0 1.79089e-5 2.13385e-5 1 -1.23814e-5 2.13385e-5 1 -1.37463e-5 0.5007933 0.865567 -1.36346e-5 -0.5878086 0.8090001 -6.39587e-6 -1.91331e-5 1 1.47612e-5 -1.91331e-5 1 -4.7192e-5 -0.587785 0.8090173 -3.23355e-6 -0.2506937 0.9680665 -1.67592e-5 -1.17535e-5 1 -1.47634e-5 -0.5878085 0.8090001 -1.3411e-7 -1.91182e-5 1 1.65649e-5 -0.5878085 0.8090001 8.15839e-6 -0.5002915 -0.8658571 1.19135e-5 -2.5928e-6 -1 4.91738e-7 -0.2499282 -0.9682644 3.93391e-6 -0.5877856 -0.8090168 9.11951e-6 0 -1 -7.55489e-6 -0.5002859 -0.8658602 -0.7071155 0.3535612 0.6123579 -0.7071059 0.3569008 0.6104286 -0.7070922 0.3533116 0.6125288 -0.7071228 0.6123723 0.353522 -0.7071269 0.6130017 0.352421 -0.7071154 0.3569285 0.6104015 -0.7071105 0.3535388 0.6123766 -0.7071196 0.612358 0.3535528 -0.7071168 0.3568959 0.6104189 -0.7071064 0.3535559 0.6123715 -0.7071064 0.3532636 0.6125403 -0.7070994 1.94907e-5 0.7071142 -0.7070915 -1.93939e-5 0.7071221 -0.7070924 -2.00072e-5 0.7071212 -0.7070861 -0.17808 0.6843367 -0.7071023 -1.33645e-6 0.7071113 -0.7071251 0.3535403 0.612359 -0.7071134 -1.47522e-6 0.7071003 -0.7071184 -0.3535642 0.6123529 -0.7071154 -0.1780806 0.6843063 -0.7071213 -0.35377 0.6122306 -0.7070944 -0.3535966 0.6123619 -0.7070966 3.35202e-5 0.707117 -0.7071264 -0.1780565 0.6843013 -2.11969e-6 -0.5877992 0.8090069 -1.99489e-6 -0.499576 0.8662701 4.95091e-6 -0.2506743 0.9680715 1 1.04464e-5 0 -1.57319e-5 -0.5877888 0.8090144 9.58703e-6 -0.8669447 0.4984046 1.17458e-5 -0.4995798 0.866268 -0.70712 -0.3535442 0.6123627 -0.7071215 -0.3537516 0.6122411 -0.7070994 -0.612054 0.3541193 -0.7071085 -0.612383 0.3535319 -0.7071055 -0.612049 0.3541157 -0.7070963 -0.7071151 0.001763284 -0.7071076 -0.6123707 0.3535549 -0.7071159 -0.3535381 0.6123707 -0.7070958 -0.6120453 0.3541415 -0.7070828 -0.7071308 2.12491e-5 -0.7070953 -0.7071162 0.001746535 -0.7071027 -0.6130331 -0.352415 -0.707132 -0.7070816 3.17348e-5 -0.7071367 -0.6123549 0.3535239 -0.7071231 -0.7070884 0.001748919 1 -1.85441e-5 0 -0.7071104 -0.612375 -0.3535419 -0.7070991 -0.6130402 -0.3524098 -0.707109 -0.353256 -0.6125416 1 -2.82829e-5 0 -0.7071146 -0.6123746 -0.3535341 -0.7071115 -0.7071021 -1.64155e-5 -0.7071043 -0.613038 -0.3524032 -0.7071209 -0.3535315 -0.6123688 -0.7071092 -0.3532474 -0.6125463 -0.7071182 -0.1786076 -0.6841661 -0.7071285 -0.3535497 -0.6123496 -0.7071209 -0.6123728 -0.3535246 -0.7071203 -0.3532623 -0.6125249 -0.7071045 -0.3535528 -0.6123755 -0.7071369 -0.1785376 -0.684165 -0.7071341 2.40803e-5 -0.7070795 -1.00918e-5 -0.587786 -0.8090166 -7.78958e-6 -0.5003077 -0.8658478 9.6038e-6 -0.865554 -0.5008158 7.15256e-6 -0.9510599 -0.3090065 1.29938e-5 -0.8655512 -0.5008203 7.77095e-6 -0.999997 -0.002461075 -9.07481e-6 -0.5878046 -0.8090031 7.91438e-6 -0.8655537 -0.5008161 2.61031e-5 -0.9510623 -0.3089991 4.80469e-6 -0.9510623 0.3089993 -6.72788e-6 -0.9999971 -0.002445876 -7.39098e-6 -0.8669537 0.4983888 4.65661e-6 -0.9510615 -0.3090019 -1.093e-5 -0.999997 -0.002464473 1.33961e-5 -0.9510621 0.3090001 -6.98864e-6 -0.9510564 0.3090177 6.86571e-6 -0.8669492 0.4983968 1.09151e-6 -0.5877887 0.8090147 -0.7071224 -9.44734e-6 -0.7070912 -0.7071048 -1.0726e-5 -0.7071088 -0.7071151 0.3537848 -0.6122292 -0.7071312 -0.3535416 -0.6123511 -0.7071204 7.30157e-7 -0.7070932 -0.7071093 -6.09551e-7 -0.7071043 -0.7071102 0.3535479 -0.6123718 -0.7071105 0.3537635 -0.6122468 -0.7071036 0.3568742 -0.6104469 -0.7071138 0.3535515 -0.6123654 -0.7071146 -8.123e-6 -0.707099 -0.7071255 0.3537539 -0.6122351 -0.7071214 0.3535251 -0.612372 -0.7071097 0.3568789 -0.610437 -0.7071182 0.6120362 -0.3541122 -0.707112 0.6123792 -0.3535315 -0.707109 0.6120453 -0.3541151 -0.7071 0.7071114 -0.001762747 -0.7071117 0.6123678 -0.3535518 -0.7071196 0.3535357 -0.6123678 -0.7070998 0.6120424 -0.3541384 -0.7070975 0.7071162 -1.66297e-5 -0.7071095 0.707102 -0.001744151 -0.7071149 0.613017 0.3524184 -0.707118 0.7070956 -2.57595e-5 -0.7071239 0.6123721 -0.3535199 -0.7071086 0.7071028 -0.001745581 -0.7071146 0.6123746 0.3535341 -0.7071113 0.7071023 1.62609e-5 -0.7071043 0.613038 0.3524031 -1.65281e-5 -0.9510655 -0.3089895 1.47634e-5 -0.9510655 -0.3089895 0 -0.5878009 -0.8090057 -1.47612e-5 -0.5878009 -0.8090057 0 -0.9510655 -0.3089895 1.65256e-5 -0.5878008 -0.8090057 -1.65625e-5 -0.9510625 0.3089988 1.47612e-5 -0.9510625 0.3089988 0 -0.9510625 -0.3089988 -1.47612e-5 -0.9510625 -0.3089988 0 -0.9510625 0.3089988 1.65625e-5 -0.9510625 -0.3089988 -1.65256e-5 -0.5878008 0.8090057 1.47612e-5 -0.5878009 0.8090057 0 -0.9510655 0.3089895 -1.47634e-5 -0.9510655 0.3089895 0 -0.5878009 0.8090057 1.65281e-5 -0.9510655 0.3089895 1.37099e-5 7.19726e-6 -1 1.23637e-5 7.19726e-6 -1 -5.80307e-6 0.4999923 -0.8660299 1.37099e-5 -0.4999924 -0.8660299 1.23637e-5 -0.4999924 -0.8660299 -5.80307e-6 -7.13396e-6 -1 -1.23637e-5 -7.19726e-6 -1 5.80307e-6 -0.4999923 -0.8660299 -1.37099e-5 -7.19726e-6 -1 1.37099e-5 0.5000095 -0.8660199 1.23637e-5 0.5000095 -0.8660199 -6.23707e-6 0.866023 -0.5000041 -1.23637e-5 0.4999924 -0.8660299 5.80307e-6 7.13396e-6 -1 -1.37099e-5 0.4999924 -0.8660299 1.37099e-5 0.8660293 -0.4999935 1.23637e-5 0.8660293 -0.4999935 -6.23521e-6 1 -8.47451e-6 -1.23637e-5 0.8660199 -0.5000098 6.23707e-6 0.5000039 -0.8660233 -1.37099e-5 0.8660199 -0.5000098 1.37099e-5 1 8.43406e-6 1.23637e-5 1 8.43406e-6 -6.23614e-6 0.8660292 0.4999935 -1.23637e-5 1 -8.43406e-6 6.23614e-6 0.8660292 -0.4999935 -1.37099e-5 1 -8.43406e-6 1.37099e-5 0.866023 0.5000042 1.23637e-5 0.866023 0.5000042 -6.23707e-6 0.5000098 0.8660197 -1.23637e-5 0.8660293 0.4999935 6.23521e-6 1 8.47451e-6 -1.37099e-5 0.8660293 0.4999935 1.37099e-5 0.4999924 0.8660299 1.23637e-5 0.4999924 0.8660299 -5.80307e-6 7.13396e-6 1 -1.23637e-5 0.500004 0.8660231 5.99027e-6 0.8660197 0.5000101 -1.37099e-5 0.500004 0.8660231 1.37099e-5 -7.19726e-6 1 1.23637e-5 -7.19726e-6 1 -5.80307e-6 -0.4999923 0.8660299 5.80307e-6 0.4999923 0.8660299 -1.37099e-5 7.19726e-6 1 -1.23637e-5 7.19726e-6 1 1.37099e-5 -0.5000094 0.8660201 1.23637e-5 -0.5000094 0.86602 -5.9912e-6 -0.8660229 0.5000043 -1.23637e-5 -0.4999924 0.8660299 5.80307e-6 -7.13396e-6 1 -1.37099e-5 -0.4999924 0.8660299 1.37099e-5 -0.8660286 0.4999946 1.23637e-5 -0.8660286 0.4999946 -6.23614e-6 -1 9.83081e-6 -1.23637e-5 -0.86602 0.5000094 5.9912e-6 -0.5000043 0.866023 -1.37099e-5 -0.86602 0.5000094 1.37099e-5 -1 -7.46548e-6 1.23637e-5 -1 -7.46548e-6 -5.80493e-6 -0.8660297 -0.4999926 -1.23637e-5 -1 7.46548e-6 5.80493e-6 -0.8660297 0.4999926 -1.37099e-5 -1 7.46548e-6 1.37099e-5 -0.8660233 -0.5000039 1.23637e-5 -0.8660233 -0.5000039 -5.9912e-6 -0.5000103 -0.8660196 -1.23637e-5 -0.8660286 -0.4999946 6.23614e-6 -1 -9.83081e-6 -1.37099e-5 -0.8660286 -0.4999946 -1.23637e-5 -0.5000038 -0.8660233 6.23707e-6 -0.8660196 -0.5000104 -1.37099e-5 -0.5000038 -0.8660233 0.7071134 -5.85616e-6 0.7071002 0.7071023 -6.03125e-6 0.7071112 0.7071233 -0.3535474 0.6123568 0.7071238 0.3537606 0.6122331 0.7071121 0.3535584 0.6123634 0.7071147 -3.81842e-7 0.707099 0.7070978 -8.25804e-6 0.7071158 0.7071082 0.3537866 0.612236 0.7071154 -8.18074e-6 0.7070983 0.7071085 -0.3532484 0.6125465 0.7071167 -0.3535342 0.6123721 0.7071066 -0.6123704 0.3535573 0.7070862 -0.1733046 0.6855617 0.7070853 -9.07183e-5 0.7071283 0.7071567 -0.3535337 0.6123262 0.7071142 -0.3532513 0.6125383 0.7071104 -0.1732988 0.6855381 0.7071282 -0.3535344 0.6123588 0.7071101 -0.6130093 0.3524413 0.7071146 -0.6123746 0.3535341 0.7071115 -0.7071021 1.64155e-5 0.7071024 -0.613038 0.3524072 0.7071123 -0.3532536 0.6125392 0.7071137 -0.6123725 0.3535397 0.7071086 -0.7071028 -0.00174582 0.707118 -0.7070956 -2.59979e-5 0.707124 -0.6123719 -0.35352 0.7071055 -0.6130295 0.3524158 0.707112 -0.7071015 2.04593e-5 0.707117 -0.7070944 -0.001752138 0.707108 -0.6120381 -0.3541296 0.7071219 -0.6123621 -0.3535411 0.7071122 -0.3535508 -0.6123677 0.707111 -0.7071005 -0.001768112 0.7071211 -0.6123667 -0.3535348 0.7070997 -0.6120487 -0.3541277 0.7071619 -0.1726979 -0.6856365 0.7071409 -0.3534584 -0.6123879 0.7071357 -4.30569e-5 -0.7070779 0.707117 -0.3537713 -0.6122348 0.707113 -0.3535657 -0.6123581 0.7071144 -0.1727203 -0.68568 0.7071095 -0.6120403 -0.3541227 0.7071269 -0.3535293 -0.6123632 0.7071284 -0.3537357 -0.6122423 0.7071203 3.39746e-6 -0.7070932 0.7071092 4.74975e-6 -0.7071044 0.7071303 0.3535456 -0.6123498 0.7071236 -0.1727293 -0.6856682 0.707118 -1.94535e-5 -0.7070955 0.7071138 -1.87374e-5 -0.7070998 0.7071291 0.3624233 -0.607139 0.707118 0.3535429 -0.6123656 0.7071145 0.612377 -0.3535301 0.707108 0.3532568 -0.6125422 0.7070997 1.16131e-5 -0.7071139 0.7071081 0.3535488 -0.6123736 0.7071223 0.3624237 -0.6071469 0.7071183 0.3532556 -0.612531 0.7071282 0.3535484 -0.6123507 0.7071102 0.6130094 -0.3524412 0.7071146 0.6123746 -0.3535341 0.7071113 0.7071023 -1.62609e-5 0.707125 0.6130099 -0.3524105 0.7071009 0.3624466 -0.6071581 0.707113 0.6123619 -0.3535591 0.7070952 0.7071163 0.001742184 0.7071049 0.7071087 1.99163e-5 0.7071122 0.6123881 0.3535155 0.7071275 0.707084 0.001749992 0.7071387 0.6129925 -0.3524134 0.7071227 0.707091 -2.42144e-5 0.7071084 0.6120377 0.3541294 0.7071225 0.6123618 0.3535404 0.7071125 0.3535509 0.6123673 0.7071033 0.6120452 0.3541267 0.7071149 0.7070965 0.001767039 0.7071245 0.6123632 0.3535339 0.7071009 0.3624163 0.607176 0.7071102 0.6120397 0.3541225 0.7071431 0.353528 0.6123452 0.7071104 0.3537855 0.6122342 0.7071027 0.3623987 0.6071844 0.7071209 0.3535236 0.6123734 1 8.39368e-6 0 1 9.46683e-6 0 1 -6.42417e-6 0 1 8.67205e-6 0 1 -1.51419e-6 0 1 -9.96969e-7 0 0.5000112 0.4329901 0.7500057 0.5000301 0.4531155 0.7380084 0.5000094 0.4326159 0.7502227 0.4999687 0.750011 0.4330299 0.4999996 0.7507751 0.4316678 0.5000043 0.4531431 0.7380089 0.5000118 0.4330303 0.749982 0.5000048 0.7499863 0.4330311 0.5000126 0.4531387 0.7380059 0.5000225 0.4330126 0.7499851 0.500019 0.4326355 0.7502051 0.5000518 -6.06431e-6 0.8659956 0.5000196 -2.33352e-5 0.8660141 0.5000182 -2.3601e-5 0.8660149 0.5000239 -0.2158371 0.8386838 0.4999915 -1.28681e-5 0.8660303 0.4999678 0.4330123 0.7500218 0.4999944 -1.59442e-5 0.8660287 1 9.30522e-7 0 1 -3.70058e-6 0 0.4999858 -0.4330174 0.7500068 0.5000107 -0.215847 0.8386892 0.5000107 -0.4333002 0.7498269 0.4999833 -0.4329564 0.7500436 0.5000281 -4.19393e-5 0.8660092 0.4999861 -0.2158441 0.8387045 1 4.92331e-6 0 1 -8.30451e-6 0 0.4999994 -0.4330165 0.7499983 0.499995 -0.4333086 0.7498325 0.4999803 -0.7496041 0.4337206 1 1.71411e-5 0 0.4999883 -0.7500201 0.4329913 0.4999896 -0.7496094 0.4337006 0.4999962 -0.866025 0.002092123 0.5000229 -0.4329867 0.7499998 0.5000152 -0.7495977 0.4336913 0.5000018 -0.7499892 0.4330293 0.500013 -0.8660179 -7.30157e-6 0.4999845 -0.8660318 0.002091467 0.5000004 -0.7507697 -0.4316763 0.5000038 -0.7499893 0.4330269 0.5000098 -0.8660172 0.002125978 0.5000411 -0.8660017 -2.10837e-5 1 -7.65764e-6 0 0.4999914 -0.7500124 -0.4330012 0.5000316 -0.7507451 -0.431683 0.4999901 -0.4326398 -0.7502219 1 -3.30341e-6 0 0.5000357 -0.8660048 7.7975e-7 0.5000137 -0.7507788 -0.4316452 0.4999944 -0.7500098 -0.4330021 0.4999839 -0.4330276 -0.7500022 0.4999777 -0.4326544 -0.7502217 0.4999908 -0.216502 -0.8385322 1 -1.45214e-6 0 0.5000088 -0.7500045 -0.4329949 0.5000004 -0.4326398 -0.7502151 0.4999861 -0.4330183 -0.7500061 1 -1.8543e-6 0 0.4999996 -0.4329993 -0.7500081 0.4999952 -0.2165144 -0.8385264 0.4999952 -5.05596e-5 -0.8660282 0.5000327 -6.75022e-6 -0.8660065 0.500014 -6.48666e-6 -0.8660174 0.5000374 0.433291 -0.7498144 0.4999819 -0.4330069 -0.7500154 0.5000075 2.01464e-5 -0.8660212 0.5000047 1.93885e-5 -0.8660228 0.5000116 0.4329974 -0.7500012 0.5000356 0.4332824 -0.7498205 0.5000104 0.4530779 -0.7380448 0.4999799 0.4330376 -0.749999 0.5000259 -1.73131e-5 -0.8660105 0.5000196 0.433275 -0.7498354 0.5 0.4330472 -0.7499802 0.4999827 0.4530824 -0.7380608 0.4999938 0.7496125 -0.4336903 0.4999862 0.7500159 -0.4330013 0.4999873 0.7496061 -0.4337087 0.4999949 0.8660259 -0.002103269 0.4999855 0.7499979 -0.4330331 0.500009 0.4329961 -0.7500037 0.4999988 0.7496067 -0.4336947 0.5000084 0.8660205 1.6287e-5 0.4999794 0.8660349 -0.002080082 0.4999945 0.750768 0.431686 0.5000185 0.8660147 2.18879e-5 0.4999834 0.7500038 -0.4330255 0.499976 0.8660368 -0.002077937 0.4999875 0.750013 0.4330046 0.500029 0.8660088 1.98884e-6 0.500007 0.750782 0.4316475 0.258706 3.65824e-5 -0.9659562 0.499894 1.70413e-5 -0.8660866 0.4998534 0.4330569 -0.7500723 -1.42545e-4 -0.5000242 -0.8660114 0.4998942 4.78327e-6 -0.8660866 0.2586774 -9.32254e-7 -0.9659638 1.06432e-5 -0.500022 -0.8660128 0.5000225 -0.4330358 -0.7499717 0.500061 1.60635e-5 -0.8659902 -1.0726e-5 0.5000165 -0.866016 0.4999739 0.433018 -0.7500143 0.499954 0.7500223 -0.4330273 1.27281e-4 -1.75983e-5 -1 0.2589581 8.42381e-6 -0.9658886 0.5001406 0.4329955 -0.7499163 4.7937e-5 0.4999992 -0.8660258 3.5286e-5 1.14897e-5 -1 0.4999957 0.4330254 -0.7499956 4.1686e-6 0.8660053 -0.500035 0.4999893 0.7499997 -0.4330256 0.499982 0.8660358 1.47615e-5 -1.69277e-5 0.8660175 -0.5000138 -3.08454e-5 0.5000111 -0.866019 0.5000013 0.7499895 -0.4330295 4.08851e-6 1 -1.17421e-5 0.4999832 0.8660351 -1.81943e-5 0.4999955 0.7499976 0.433022 -3.10764e-5 0.9742258 -0.2255753 -2.8044e-5 0.865996 -0.500051 0.4999696 0.866043 4.57913e-5 -1.26362e-5 1 -2.27024e-5 4.57466e-6 0.9742396 -0.2255155 0.4999961 0.8660278 8.43406e-6 -1.86535e-5 0.8660162 0.5000161 0.4999674 0.7500205 0.4330148 0.4999477 0.4330332 0.750023 -2.42293e-5 0.866019 0.5000113 0 1 -8.00937e-6 0.4999949 0.7499905 0.433035 4.41801e-5 0.5000246 0.8660112 0.5000516 0.4330289 0.7499563 0.5000928 -2.1046e-5 0.8659719 1.38953e-6 0.8335474 0.552448 -1.00955e-6 0.8660354 0.4999829 0.4999477 0.4329916 0.750047 2.13236e-5 0.5000349 0.8660054 1.9297e-5 0.8335335 0.552469 0.5000015 0.4330103 0.7500004 -1.42545e-4 0.5000242 0.8660114 0.4998942 -4.78327e-6 0.8660866 0.2586774 9.32254e-7 0.9659638 0.4999145 -0.433045 0.7500385 0.258771 -2.3365e-5 0.9659388 0.4999525 -1.0523e-5 0.8660529 8.30218e-5 0.4999941 0.8660289 0.2589065 -3.69549e-6 0.9659025 7.48634e-5 2.98489e-6 1 0.5000763 -0.4330065 0.7499527 5.5925e-5 9.96888e-6 1 0.2588891 -8.52626e-6 0.9659072 4.7937e-5 -0.4999992 0.8660258 3.5286e-5 -1.14897e-5 1 0.4999957 -0.4330254 0.7499956 1 -4.50653e-6 0 1 -5.73716e-7 0 1.57587e-4 -0.4999942 -0.8660288 0.2589755 2.5183e-6 -0.965884 1.46337e-4 3.41702e-6 -1 1 4.50658e-6 0 1 5.73716e-7 0 1 -4.59263e-6 0 1 3.44181e-6 0 1 6.46217e-6 0 1 -3.8963e-6 0 1 9.11616e-6 0 1 3.72214e-6 0 1 -1.44215e-6 0 1 -1.05427e-5 0 -1.84029e-6 -0.8660175 -0.500014 0.4999822 -0.7500141 -0.433009 0.4999638 -0.4330273 -0.7500158 -2.47359e-5 -0.5000233 -0.8660119 -1.09673e-5 -0.8660091 -0.5000283 0.4999612 -0.4330236 -0.7500196 4.08851e-6 -1 1.17421e-5 0.4999832 -0.8660351 1.81943e-5 0.4999955 -0.7499976 -0.433022 -2.21655e-5 -0.9742391 -0.2255178 -2.27243e-5 -1 -8.60542e-5 0.4999535 -0.7500554 -0.4329705 3.71039e-6 -0.8660228 -0.5000047 -9.23872e-7 -0.9742415 -0.2255076 0.5000056 -0.7499911 -0.4330216 6.20075e-6 -0.8660049 0.5000355 0.4999911 -0.7499986 0.4330255 0.4999839 -0.8660348 -1.45603e-5 9.19402e-6 -1 0 -6.18398e-6 -0.8660209 0.5000079 0.5000208 -0.8660134 2.56151e-5 -1.0726e-5 -0.5000165 0.866016 0.4999739 -0.433018 0.7500144 0.4999539 -0.7500223 0.4330274 1.78814e-5 -0.8335319 0.5524714 2.34097e-5 -0.5000126 0.8660181 0.5000551 -0.7499577 0.4330224 3.8743e-6 -0.86602 0.5000094 5.30481e-6 -0.83355 0.5524441 0.4999976 -0.7500076 0.4330023 1 1.05428e-5 0 1 3.4445e-6 0 1 -9.11621e-6 0 1 3.89628e-6 0 1 -6.4622e-6 0 1 -3.44181e-6 0 -0.4999957 -0.4330254 -0.7499956 -4.7937e-5 -0.4999992 -0.8660258 -3.5286e-5 -1.14897e-5 -1 -0.2589715 6.87875e-6 -0.9658851 -0.5001054 -0.4330051 -0.7499341 -1.58726e-4 8.10623e-6 -1 -1.34245e-4 0.5000064 -0.8660216 -0.25895 1.39773e-5 -0.9658908 -1.3911e-4 -3.00989e-5 -1 -1 4.58968e-6 0 -0.4999747 -0.7500064 -0.4330309 6.58631e-6 -0.8660035 -0.5000382 -3.9041e-6 -0.5000131 -0.8660179 -0.4999739 -0.433018 -0.7500144 -0.4999539 -0.7500223 -0.4330274 1.0726e-5 -0.5000165 -0.866016 -1 -4.59268e-6 0 -1 -1.14727e-6 0 -0.4999836 -0.8660348 4.65512e-5 1.58697e-5 -0.9742259 -0.2255747 2.03103e-5 -0.8659957 -0.5000514 -1 1.59424e-5 0 -0.4999893 -0.7499995 -0.433026 -0.4999819 -0.8660359 1.42641e-5 -4.06988e-6 -0.8660051 -0.5000354 -1 -6.4622e-6 0 -0.4999955 -0.866028 9.06736e-6 1.32173e-5 -1 -2.2023e-5 -3.8743e-6 -0.9742398 -0.2255148 -1 9.72159e-6 0 -0.4999949 -0.7499904 0.4330353 2.42889e-5 -0.8660188 0.5000116 0 -1 -7.6592e-6 -0.4999832 -0.8660351 -1.81943e-5 -0.4999955 -0.7499976 0.433022 -4.08851e-6 -1 -1.17421e-5 -0.4999477 -0.432989 0.7500486 -7.18609e-6 -0.8335477 0.5524477 -7.33696e-6 -0.8660355 0.4999827 -0.4999727 -0.750004 0.4330374 -0.4999976 -0.4330326 0.7499902 4.25512e-5 -0.8660192 0.5000109 -1 -1.28844e-5 0 -0.4999886 -0.4330446 0.7499892 -4.88758e-6 -0.5000069 0.8660214 -1.94013e-5 -0.8335584 0.5524315 -1 -1.80269e-6 0 -0.258901 1.77622e-5 0.9659039 -6.81728e-5 1.11754e-5 1 -5.7973e-5 -0.5000181 0.866015 -0.4999095 -9.16421e-6 0.8660777 -0.2586957 -1.51936e-5 0.9659589 1.31488e-4 -0.5000381 0.8660034 -0.5000517 -0.433029 0.7499562 -0.5000929 2.09771e-5 0.8659718 -4.4262e-5 -0.5000247 0.8660112 -0.5000391 0.4330047 0.7499785 -8.68216e-5 -1.40965e-5 1 -0.2588825 2.24803e-5 0.9659089 -0.4999957 0.4330254 0.7499956 -4.7937e-5 0.4999992 0.8660258 -3.5286e-5 1.14897e-5 1 -1 -4.58968e-6 0 -0.4999312 0.4330257 0.7500383 -0.2587552 2.16365e-5 0.965943 -0.4999688 -9.38214e-6 0.8660435 -0.4999946 -2.28435e-5 0.8660287 -0.4999916 -2.58286e-5 0.8660303 -0.4999706 -0.4330033 0.7500252 -0.5000196 0.433275 0.7498354 -0.4999799 0.4330376 0.749999 -0.5000259 -1.73131e-5 0.8660105 -0.500014 -6.48666e-6 0.8660174 -0.5000374 0.433291 0.7498144 -0.5000327 -6.75022e-6 0.8660065 -0.5000132 -0.4326214 0.750217 -0.4999991 -0.4329981 0.7500091 -0.5000247 -0.7499892 0.433003 -0.5000014 -0.2231135 0.8367908 -0.5000041 5.12451e-5 0.8660232 -0.5000089 -0.433048 0.7499737 -0.5000042 -0.4326455 0.7502091 -0.5000138 -0.2231432 0.8367757 -0.4999968 -0.4330219 0.7499969 -0.5000152 -0.7507775 0.4316458 -0.4999958 -0.7500085 0.4330029 -0.5000377 -0.8660038 0 -0.5000192 -0.7507578 0.4316752 -0.4999793 -0.432657 0.7502192 -0.4999969 -0.7499882 0.4330369 -0.5000076 -0.8660187 -0.002083659 -0.5000216 -0.8660129 9.68017e-6 -0.5000109 -0.7499827 -0.4330301 -0.5000153 -0.8660141 -0.002081453 -0.5000386 -0.7507568 0.4316547 -0.5000122 -0.8660185 7.56979e-6 -0.5000139 -0.7495936 -0.4336999 -0.4999967 -0.7500108 -0.432998 -0.5000233 -0.4330197 -0.7499805 -0.4999896 -0.7496094 -0.4337006 -0.4999959 -0.8660253 -0.002092063 -0.5000196 -0.7499822 -0.4330208 -0.2586902 -2.54661e-5 -0.9659604 -0.4998916 -3.02382e-5 -0.866088 -0.4998712 -0.4330289 -0.7500765 -0.4999922 -0.2225223 -0.8369538 -0.4999986 -0.4330458 -0.7499819 -0.4999967 4.41745e-5 -0.8660273 -0.4999957 -0.4332783 -0.7498495 -0.4999799 -0.7496114 -0.4337084 -0.500002 -0.4330269 -0.7499906 -0.4999833 -0.2224614 -0.8369753 -0.4999917 -0.4332967 -0.7498416 -0.4999636 -0.4330137 -0.7500239 1.3414e-4 0.5000441 -0.866 -0.4999094 1.59293e-5 -0.8660778 -0.258696 2.19103e-5 -0.9659588 -0.5000224 0.4330358 -0.7499718 -0.500061 -1.61342e-5 -0.8659902 -1.0591e-5 0.5000219 -0.8660128 -0.5000073 2.19196e-5 -0.8660212 -0.5000045 2.26847e-5 -0.8660229 -0.4999833 0.4330011 -0.7500177 -0.5000132 -0.2224923 -0.8369492 -0.5000154 2.14949e-5 -0.8660165 -0.5000097 2.1428e-5 -0.86602 -0.5000564 0.7499572 0.433022 -1.94162e-5 0.8335319 0.5524715 -2.48551e-5 0.5000125 0.8660181 -0.4999594 0.433023 0.7500212 -0.4999381 0.750029 0.433034 2.74899e-5 0.5000178 0.8660152 -1 4.59268e-6 0 -1 1.31784e-6 0 -0.500003 0.7499934 0.4330208 -1.84178e-5 0.8660274 0.4999967 -9.86457e-6 0.8335371 0.5524636 -1 1.80269e-6 0 -0.5000209 0.8660134 2.57641e-5 -9.19402e-6 1 2.70084e-7 6.19888e-6 0.8660208 0.5000081 -0.4999912 0.7499988 0.4330252 -0.499984 0.8660347 -1.50912e-5 -6.25663e-6 0.8660052 0.5000352 -1 1.28843e-5 0 -0.4999589 0.7500518 -0.4329707 1.15261e-5 0.9742391 -0.2255177 1.11461e-5 1 -8.64267e-5 -0.4999832 0.8660351 1.81943e-5 -0.4999955 0.7499976 -0.433022 -4.08851e-6 1 1.17421e-5 -0.499996 0.7499923 -0.4330307 -2.08616e-7 0.8660314 -0.4999896 1.81794e-6 0.9742485 -0.2254769 -1 -1.59424e-5 0 -0.499976 0.4330192 -0.7500124 7.77841e-6 0.5000225 -0.8660125 -7.33137e-6 0.8660095 -0.5000277 -0.4999725 0.7500036 -0.4330382 -0.4999974 0.4330318 -0.7499907 4.26453e-5 0.8660187 -0.5000116 -0.5000098 0.4462584 -0.7421885 -0.499998 0.4330112 -0.7500022 -0.4999981 0.7499955 -0.4330227 -0.500019 0.4326355 -0.7502051 -0.5000518 -6.06431e-6 -0.8659956 -0.5000225 0.4330126 -0.7499851 -0.4999986 0.4462645 -0.7421923 -0.4999727 0.4326579 -0.7502229 -0.4999737 0.4330362 -0.7500042 -0.5000078 0.7507815 -0.4316474 -0.4999883 0.7500125 -0.4330046 -0.5000298 0.8660084 -1.85845e-6 -0.5000191 0.7507524 -0.4316849 -0.5000166 0.4462714 -0.7421761 -0.4999977 0.7500075 -0.4330023 -0.4999744 0.8660377 0.002078056 -0.499989 0.8660318 -1.27987e-5 -0.4999818 0.7500047 0.4330257 -0.5000126 0.8660157 0.002070307 -0.5000354 0.7507537 -0.4316639 -0.5000102 0.8660196 -1.58697e-5 -0.5000056 0.7495969 0.4337038 -0.4999883 0.7500144 0.4330012 -0.5000161 0.4330225 0.7499836 -0.4999757 0.7496175 0.4337027 -0.499981 0.8660338 0.002094566 -0.5000057 0.7499903 0.4330231 -0.50001 0.4462367 0.7422015 -0.5000018 0.7496052 0.4336938 -0.4999807 0.4330376 0.7499986 -0.5000288 0.4333022 0.7498136 -0.5000206 0.4462296 0.7421985 -0.5000017 0.4330148 0.7499977 1.43818e-6 1.0252e-5 1 6.04329e-6 1.02371e-5 1 3.29129e-6 -0.2499 0.9682717 3.54176e-6 0.5007693 0.8655808 2.14783e-5 0.5008106 0.865557 9.08785e-6 -6.00901e-6 1 -1.23814e-5 1.99378e-5 1 2.0586e-5 0.500792 0.8655677 8.94877e-6 1.99378e-5 1 2.08334e-6 -0.250671 0.9680724 -1.78072e-6 -0.2499282 0.9682645 7.66478e-6 -0.5002927 0.8658564 -8.41179e-6 -0.2506899 0.9680675 -6.32554e-6 8.41124e-6 1 9.93052e-7 -0.2499008 0.9682715 -5.16512e-6 0.8655557 0.500813 -1.63876e-5 0.8669504 0.4983946 -1.63205e-5 0.5008018 0.8655621 -1.39761e-5 0.5007867 0.8655707 -2.64756e-5 0.8655605 0.5008045 1.74612e-5 0.5008279 0.865547 2.90945e-6 0.9999971 0.002444803 -1.59815e-5 0.999997 -0.002456605 3.39747e-6 0.8669549 0.4983868 -5.61215e-6 0.8655545 0.5008147 1.62832e-5 0.999997 0.00246644 -1.11777e-5 0.8669491 0.4983968 -1.96595e-5 0.500825 -0.8655486 1.1778e-5 0.5007836 -0.8655726 2.42796e-5 0.8655587 -0.5008077 -8.94876e-6 2.22921e-5 -1 1.23814e-5 2.22921e-5 -1 -2.05878e-5 0.5007942 -0.8655665 -2.14783e-5 0.5008106 -0.865557 -9.08785e-6 -6.00901e-6 -1 -3.54176e-6 0.5007693 -0.8655808 1.13416e-5 0.8669503 -0.4983945 5.77234e-6 0.8655559 -0.5008125 -1.58064e-5 0.999997 -0.002463698 1.62739e-5 0.8669521 -0.4983915 1.63279e-5 0.500805 -0.8655601 5.06081e-6 0.8655573 -0.50081 1.70767e-5 0.999997 0.002449095 -2.52202e-6 0.8669508 -0.4983938 -1.75089e-6 0.999997 -0.002452313 -9.93052e-7 -0.2499008 -0.9682715 8.41179e-6 -0.2506899 -0.9680675 6.32554e-6 8.41124e-6 -1 -3.29129e-6 -0.2499 -0.9682717 -1.43818e-6 1.0252e-5 -1 -6.04329e-6 1.02371e-5 -1 -5.44917e-6 -0.5002945 -0.8658553 -4.63193e-6 -0.4995889 -0.8662626 -1.96528e-5 -0.2507057 -0.9680634 -4.91552e-6 -0.5002918 -0.8658569 6.65546e-7 -0.2506701 -0.9680726 -1.49554e-5 -0.2499271 -0.9682646 2.19587e-5 -0.8655573 -0.5008101 -1.23736e-5 -0.866953 -0.4983898 1.2476e-5 -0.4995674 -0.866275 1.20681e-5 -0.8655438 -0.5008333 -1.02343e-5 -0.4995756 -0.8662703 -1.25547e-5 -0.5002816 -0.8658627 9.38447e-6 -0.499574 0.8662714 1.17007e-5 -0.5002799 0.8658638 -1.29007e-5 -0.8655427 0.5008352 4.62006e-6 -0.4995852 0.8662647 1.96565e-5 -0.2507016 0.9680645 5.43729e-6 -0.5002908 0.8658574 8.7712e-6 -0.8669499 0.4983955 3.10689e-6 -0.8655553 0.5008135 -1.86823e-5 -0.999997 0.00246483 1.22599e-5 -0.8669549 0.4983868 -1.26101e-5 -0.4995707 0.8662732 -2.20686e-5 -0.8655589 0.5008071 2.91318e-6 -0.9999971 -0.002444624 -1.59144e-5 -0.9999971 0.002456784 3.39374e-6 -0.866955 -0.4983866 -2.74181e-6 -0.8669515 0.4983927 -1.8999e-6 -0.999997 0.002451181 1.69761e-5 -0.999997 -0.002450287 1.88015e-5 -0.999997 -0.00246787 -8.60915e-6 -0.8669485 -0.4983979 -2.95043e-6 -0.8655539 -0.500816 1 6.9137e-7 0 1 -3.17534e-6 0 1 -1.43274e-6 0 1 7.70768e-7 0 1 -1.0135e-5 0 1 7.39766e-7 0 1 1.38318e-6 0 1 1.34263e-6 0 1.41785e-5 -0.5000163 -0.866016 1 -3.53716e-6 -2.20984e-5 1 2.54065e-6 -2.29403e-5 2.86885e-5 -0.5000489 -0.8659973 1 -5.8189e-5 2.21133e-5 1 -5.3212e-5 2.38717e-5 0.7070991 -2.72766e-5 -0.7071145 1 -6.32554e-6 2.68221e-7 1 -1.52439e-5 -6.4373e-6 7.15256e-7 -0.4999632 -0.8660467 1 -1.82688e-5 8.93627e-6 0.707103 2.52575e-5 -0.7071106 -1.56139e-5 0.50004 -0.8660024 1 4.67598e-5 -7.62939e-6 1 -9.82732e-6 -4.65512e-5 5.1558e-6 0.5000491 -0.8659971 -1.07288e-6 -6.56247e-5 -1 1 2.487e-5 7.13021e-6 0.7070927 -9.33185e-6 -0.707121 1 -2.69189e-5 -2.61664e-5 -5.71404e-5 3.23355e-6 -1 1.48416e-5 0.4999861 -0.8660335 1 -1.14739e-5 8.52346e-6 1 -2.45571e-5 -3.91901e-6 -3.03248e-5 0.8660349 -0.4999834 1 1.2815e-6 1.01328e-5 1 1.09077e-5 5.32418e-5 2.23517e-6 0.8660209 -0.5000079 3.30508e-5 0.4999622 -0.8660473 1 3.02568e-5 1.96695e-5 1.95876e-5 1 3.8445e-6 1 -1.82986e-5 3.93987e-5 1 -7.7486e-7 -4.87268e-5 7.83801e-6 1 -9.90927e-6 4.17232e-6 0.8660251 -0.5000006 1 1.39493e-5 -4.63426e-6 1.85892e-6 0.8660234 0.5000035 1 1.44839e-5 1.2815e-6 1 2.43783e-5 -1.32322e-5 -1.06394e-5 0.8660321 0.4999885 2.64347e-5 1 -6.11097e-5 1 1.5107e-5 1.04476e-5 1.75834e-6 0.5000008 0.866025 1 -1.85966e-5 2.22623e-5 1 -8.44151e-6 3.91901e-6 1.23382e-5 0.5000091 0.8660202 8.9407e-7 0.8660328 0.4999872 1 -8.91834e-6 2.89083e-6 -2.02926e-5 0.5000219 0.8660128 1 2.99066e-5 -7.15256e-6 1 -1.90735e-6 -1.51992e-6 1 -6.68333e-7 0 0.7071325 2.2538e-6 0.707081 1 -3.68804e-6 -1.82986e-5 1 -1.3724e-5 -2.10106e-5 0.7071036 -2.41399e-5 0.7071101 -3.8743e-7 0.4999638 0.8660463 1 1.95354e-5 -9.3698e-6 1 1.34648e-6 0 2.8342e-5 -0.4999475 0.8660559 1 5.31524e-5 -2.84612e-5 1 2.54959e-5 -3.33637e-5 0.7071204 1.37743e-5 0.7070933 1 -7.24029e-5 -5.53131e-5 5.12581e-5 3.01749e-6 1 -2.30372e-5 -0.4999324 0.8660645 -1.94311e-5 8.92058e-5 1 1 -6.63847e-6 2.24262e-5 1 2.42747e-6 0 -2.35606e-5 -0.5000221 0.8660127 1 3.45111e-5 4.10974e-5 1 1.508e-5 2.13385e-5 -2.18535e-5 -0.8660372 0.4999797 1 9.0301e-6 -8.83639e-6 1 -1.49012e-6 -5.61029e-5 5.45382e-6 -0.8660234 0.5000036 3.25143e-5 -0.499962 0.8660474 1 -2.46763e-5 -1.60597e-5 -5.72391e-6 -1 4.28781e-6 1 0 -3.60161e-5 1 -3.54946e-5 4.73186e-5 3.37362e-5 -1 1.63466e-5 2.42889e-5 -0.8660207 0.5000084 1 7.41891e-6 7.28667e-6 -4.27943e-6 -0.866021 -0.5000076 1 7.39694e-5 -3.72529e-5 1 5.34654e-5 -7.30157e-6 1 -2.1122e-6 0 -2.92063e-6 -0.8660331 -0.4999866 3.43025e-5 -1 6.04838e-5 1 -6.46105e-6 -1.01067e-5 1 6.92219e-7 0 -7.7486e-6 -0.5000299 -0.8660082 -1.3411e-5 -0.8660368 -0.4999804 1 -3.32445e-5 -7.00355e-7 -8.83415e-7 1.18315e-5 -1 1.23637e-5 1.18315e-5 -1 -1.74297e-5 0.4999967 -0.8660274 2.72989e-5 -0.5000326 -0.8660067 0.7071466 -1.57952e-6 -0.707067 5.06043e-5 -3.85195e-6 -1 -8.83417e-7 -0.4999966 -0.8660275 1.23637e-5 -0.4999966 -0.8660275 -1.76132e-5 -1.2274e-5 -1 -1.23637e-5 -7.7337e-6 -1 1.74278e-5 -0.4999928 -0.8660296 8.83416e-7 -7.7337e-6 -1 -8.83417e-7 0.5000039 -0.8660232 1.23637e-5 0.5000039 -0.8660233 -1.78004e-5 0.8660196 -0.5000103 -1.23637e-5 0.499993 -0.8660295 1.7615e-5 7.90652e-6 -1 8.83416e-7 0.499993 -0.8660295 -8.83416e-7 0.8660293 -0.4999935 1.23637e-5 0.8660293 -0.4999935 -1.74297e-5 1 -8.40597e-6 -1.23637e-5 0.8660225 -0.5000052 1.78004e-5 0.5000089 -0.8660203 8.83416e-7 0.8660225 -0.5000052 -8.83416e-7 1 8.37445e-6 1.23637e-5 1 8.37445e-6 -1.74297e-5 0.8660292 0.4999935 -1.23637e-5 1 -3.97861e-6 1.74325e-5 0.8660077 -0.5000309 8.83417e-7 1 -3.97861e-6 -8.83415e-7 0.8660196 0.5000103 1.23637e-5 0.8660196 0.5000103 -1.78004e-5 0.5000033 0.8660236 -1.23659e-5 0.8660075 0.5000311 1.74297e-5 1 3.6509e-6 8.83573e-7 0.8660075 0.5000311 0.707146 7.45058e-6 0.7070676 5.11706e-5 9.71556e-6 1 6.49393e-5 0.5000154 0.8660165 -8.83417e-7 0.4999966 0.8660274 1.23637e-5 0.4999966 0.8660274 -1.74297e-5 1.23411e-5 1 -1.23637e-5 0.5000091 0.8660202 1.78004e-5 0.8660227 0.5000047 8.83415e-7 0.5000091 0.8660202 -8.83415e-7 -1.18315e-5 1 1.23637e-5 -1.18315e-5 1 -1.74278e-5 -0.4999967 0.8660274 1.74297e-5 0.4999928 0.8660296 8.83416e-7 7.7337e-6 1 -1.23637e-5 7.7337e-6 1 -8.83417e-7 -0.5000041 0.8660231 1.23637e-5 -0.5000041 0.8660232 -1.74316e-5 -0.8660196 0.5000101 -1.23637e-5 -0.4999929 0.8660296 1.74288e-5 -7.86944e-6 1 8.83415e-7 -0.4999929 0.8660295 -8.83416e-7 -0.8660294 0.4999932 1.23637e-5 -0.8660294 0.4999932 -1.74297e-5 -1 8.15256e-6 -1.23637e-5 -0.8660226 0.5000051 1.72462e-5 -0.500009 0.8660203 8.83416e-7 -0.8660226 0.5000051 -8.83415e-7 -1 -9.16421e-6 1.23637e-5 -1 -9.16421e-6 -1.74306e-5 -0.8660288 -0.4999942 -1.23637e-5 -1 4.73857e-6 1.74334e-5 -0.8660073 0.5000316 8.83417e-7 -1 4.73857e-6 -8.83415e-7 -0.8660196 -0.5000101 1.23637e-5 -0.8660195 -0.5000101 -1.72462e-5 -0.5000035 -0.8660234 -1.23659e-5 -0.8660076 -0.5000309 1.74297e-5 -1 -3.38259e-6 8.83573e-7 -0.8660076 -0.5000309 -1.23637e-5 -0.5000091 -0.8660201 1.74316e-5 -0.8660228 -0.5000045 8.83415e-7 -0.5000091 -0.8660201 -0.7071193 -1.35452e-5 0.7070943 -1.49906e-5 -4.22075e-5 1 -3.34978e-5 -0.5000193 0.8660143 -1 2.487e-5 -7.13021e-6 -5.1558e-6 0.5000491 0.8659971 1.07288e-6 -6.56247e-5 1 -0.7070657 -3.63961e-6 0.7071479 -1 -3.07038e-5 4.07994e-5 1.9094e-5 8.89599e-6 1 -1 -1.5825e-5 -1.04308e-6 5.45382e-6 -0.5000183 0.8660148 -7.95722e-6 -0.8660298 0.4999924 -0.7071049 3.93391e-6 0.7071087 2.58088e-5 -0.4999723 0.8660415 -1 1.8172e-5 8.36211e-6 -1 2.57092e-6 -1.60858e-5 -1 -1.04494e-6 -1.64993e-5 1.546e-5 -0.5000188 0.8660147 -1 1.42753e-5 1.98185e-5 -1 3.18587e-5 2.16663e-5 9.87435e-7 -0.5000481 0.8659977 -1 -6.46105e-6 1.01067e-5 2.92063e-6 -0.8660331 0.4999866 -3.43025e-5 -1 -6.04838e-5 -1 7.39694e-5 3.72529e-5 -1 5.34654e-5 7.30157e-6 4.27943e-6 -0.866021 0.5000076 -1 -1.39493e-5 -4.63426e-6 -7.83801e-6 -1 -9.90927e-6 -4.17232e-6 -0.8660251 -0.5000006 -1 0 3.6031e-5 -1 -3.54946e-5 -4.73186e-5 5.72391e-6 -1 -4.28781e-6 -1 -9.86457e-6 1.52253e-5 -2.53618e-5 -0.8660179 -0.5000128 -5.24521e-6 -0.5000673 -0.8659866 -1 9.0301e-6 8.83639e-6 -1 -1.49012e-6 5.61178e-5 2.18535e-5 -0.8660372 -0.4999797 -1 -3.53903e-7 -4.02331e-6 -4.57466e-6 -0.4999284 -0.8660669 -4.09782e-6 -3.29688e-5 -1 -1 3.03984e-5 -4.52101e-5 -1 9.53674e-6 -2.68817e-5 2.92491e-5 -0.5000225 -0.8660123 -1 -2.5779e-6 3.41237e-5 -1 2.60323e-5 2.90871e-5 -3.17693e-5 -0.4999955 -0.8660281 -0.7071193 1.34706e-5 -0.7070944 -1.49012e-5 4.21479e-5 -1 -3.3468e-5 0.5000193 -0.8660144 -1 -7.34543e-5 3.78489e-5 -2.16903e-5 2.44826e-5 -1 -0.7071478 3.08175e-5 -0.7070657 -1 -1.36346e-6 1.32024e-5 -1.70767e-5 0.5000039 -0.8660231 -2.01315e-5 0.8660302 -0.4999917 -1 -1.81347e-5 -8.09366e-6 -0.7071051 -4.09037e-6 -0.7071085 2.563e-5 0.4999723 -0.8660414 -1 2.99066e-5 7.15256e-6 -1 -1.90735e-6 1.51992e-6 2.02926e-5 0.5000219 -0.8660128 -1 -5.70416e-5 -3.54052e-5 -1 -2.65762e-5 -1.44243e-5 8.04663e-7 0.5000322 -0.8660069 -1 1.58539e-5 -1.06674e-5 1.12951e-5 0.8660321 -0.4999885 -2.55704e-5 1 6.11097e-5 -1 -2.91467e-5 -7.7635e-5 -1 -6.02007e-6 -5.58197e-5 -9.84222e-6 0.8660083 -0.5000299 -1 3.656e-5 2.30223e-6 1.94013e-5 1 3.59118e-6 1.81198e-5 0.86603 0.4999921 -1 -1.98483e-5 -3.89665e-5 -1 -2.92063e-6 4.93079e-5 -2.1195e-5 1 -3.68431e-6 -1 2.35774e-5 -1.05947e-5 -1.10567e-5 0.866015 0.5000181 9.05991e-6 0.5000668 0.865987 -1 1.2517e-6 -1.01328e-5 -1 1.09673e-5 -5.31673e-5 3.03248e-5 0.8660349 0.4999834 -1 -2.5779e-6 1.07214e-5 -1 9.59635e-6 -2.96533e-6 -5.34952e-6 0.4999819 0.8660359 -1 4.20213e-6 7.33137e-6 -1 3.65078e-6 5.60284e-6 -5.05784e-6 0.5000393 0.8660027 -1 -2.96477e-5 -3.75509e-6 -0.7071065 -2.21282e-6 -0.7071071 -1 2.76677e-5 -1.00434e-5 -1 9.40698e-6 0 -1 2.61523e-5 0 -1 -4.81584e-6 0 -1 7.62718e-5 0 -1 -4.95735e-5 0 -1 -1.29058e-5 0 -1 8.73863e-5 0 -1 -9.5275e-5 0 -1 -2.45356e-4 0 -1 -1.00336e-4 0 -1 2.00631e-5 0 -0.7070991 -2.72766e-5 0.7071145 -1 -6.32554e-6 -2.68221e-7 -1 -1.52439e-5 6.4373e-6 -1 2.61928e-5 0 -1 -5.56328e-5 0 -1 1.00772e-5 0 -1 2.39358e-5 0 -1 9.52797e-5 0 -1 -4.21708e-5 0 -1 4.43158e-5 0 -0.7070963 2.96235e-5 -0.7071173 -1 -8.09878e-6 -6.85453e-6 -1 -2.2471e-5 -5.36442e-6 2.11708e-5 -0.4999437 -0.8660579 -1 1.63587e-6 1.01738e-5 -1 3.07336e-6 1.12206e-5 -0.7071062 1.80826e-5 -0.7071074 7.89762e-6 -0.5000087 -0.8660205 -1 1.37761e-5 7.64802e-6 2.33576e-6 0.5000025 -0.866024 -1 4.67896e-6 -1.66297e-5 -1 1.20997e-5 -3.30508e-5 -0.7070276 1.77473e-5 -0.7071861 -1 -2.93553e-5 -8.73208e-5 4.90583e-5 -2.56449e-5 -1 1.06692e-5 0.4999585 -0.8660494 -1.02818e-5 -4.69387e-5 -1 -1 -5.53839e-5 -4.32134e-7 1.4618e-5 0.4999232 -0.8660699 -1 2.68891e-5 -1.57952e-5 -1 2.06754e-5 -1.48341e-5 -2.79862e-7 -0.5000199 -0.866014 -1 -5.52833e-6 2.27988e-5 -1 2.24113e-5 -2.74777e-5 1.63093e-5 -0.8660022 -0.5000404 -1 -3.48687e-5 2.72095e-5 -1 -9.0003e-6 2.17557e-6 -1.49906e-5 -0.5000137 -0.8660175 -2.04742e-5 -0.8660447 -0.4999667 -1 -4.33493e-5 3.938e-5 5.1856e-6 -0.4999977 0.8660268 -1 2.63304e-5 -1.00136e-5 -1 2.99541e-5 3.25637e-5 -0.7070924 2.75523e-5 0.7071213 -1 1.16788e-5 1.55866e-5 -1 2.94112e-5 1.17421e-5 2.01687e-5 -0.4999734 0.8660408 1.89021e-5 5.50672e-5 1 -1 -1.81664e-5 6.07148e-5 -0.707101 2.84109e-5 0.7071127 -1 7.09109e-5 2.38419e-5 -1.76404e-5 3.29241e-5 1 -8.60356e-6 -0.500018 0.866015 -1 5.96046e-7 -6.59525e-5 -1 -4.26173e-6 -4.49717e-5 9.28529e-7 -0.8660281 0.4999955 -1 8.70228e-6 -1.7032e-5 -1 5.27501e-6 4.18574e-5 1.01328e-6 -0.8660486 0.49996 2.65539e-5 -0.5000038 0.8660233 -1 -2.88486e-5 -3.18736e-5 -1.32471e-5 -1 9.53674e-7 -1 3.48687e-6 4.93079e-5 -1 -4.14252e-6 6.10203e-5 -9.92417e-6 -1 4.26993e-5 -2.65539e-5 -0.8660027 0.5000393 -1 3.74764e-6 6.44326e-5 2.21729e-5 -0.8660166 -0.5000153 3.3468e-5 -1 -4.50909e-5 -1 -2.3067e-5 7.7188e-6 -6.15418e-6 0.5000156 0.8660165 -1 -2.39909e-6 -1.49608e-5 -1 -6.30468e-5 -1.07288e-6 -1.35303e-5 0.5000014 0.8660246 -1 -3.11509e-5 -9.7868e-6 -0.7070935 2.21357e-5 0.7071202 -4.06504e-5 0.4999648 0.8660457 -1 2.05636e-5 -6.44028e-5 -1 -2.45795e-5 -3.45521e-5 -3.8445e-6 0.8660162 0.5000162 -1 -6.79493e-6 1.55568e-5 -1 6.28829e-6 9.74536e-6 -6.4075e-6 0.5000972 0.8659694 1.17719e-5 0.8660045 0.5000363 -1 -4.83021e-5 -3.80799e-5 -1.1161e-5 1 -1.2219e-6 -1 -1.75834e-6 -4.90993e-5 -1 5.81145e-6 -6.08116e-5 1.94907e-5 0.8660168 0.5000151 3.13222e-5 1 4.49121e-5 -1 2.03848e-5 -8.58307e-6 4.09316e-7 0.8660284 -0.4999949 -1 -8.40425e-6 1.75685e-5 -1 -5.60284e-6 -4.1157e-5 -1.94013e-5 0.866048 -0.499961 9.89437e-6 0.5000038 -0.8660233 -1 1.36942e-5 4.69983e-5 -1.00732e-5 1 -4.32059e-5 -2.61962e-5 0.8660025 -0.5000398 -1 -3.59118e-6 -6.48201e-5 8.9586e-6 -7.16746e-6 1 1.23637e-5 -7.16746e-6 1 -9.70811e-6 -0.4999923 0.8660298 -2.13087e-5 0.5000352 0.8660052 -0.7071232 3.19332e-5 0.7070905 5.75185e-6 -1.10567e-5 1 8.9586e-6 0.4999923 0.8660299 1.23637e-5 0.4999923 0.8660299 -9.71183e-6 7.01472e-6 1 -1.23637e-5 8.06153e-6 1 9.70811e-6 0.4999931 0.8660294 -8.9586e-6 8.06153e-6 1 8.9586e-6 -0.5000063 0.8660218 1.23637e-5 -0.5000063 0.8660218 -9.70066e-6 -0.8660212 0.5000076 -1.23637e-5 -0.4999931 0.8660295 9.71183e-6 -7.92928e-6 1 -8.9586e-6 -0.4999931 0.8660295 8.9586e-6 -0.8660289 0.4999941 1.23637e-5 -0.8660289 0.4999941 -9.70438e-6 -1 9.17353e-6 9.70438e-6 -0.5000081 0.8660207 -8.9586e-6 -0.8660221 0.5000059 -1.23637e-5 -0.8660221 0.5000059 8.9586e-6 -1 -9.10461e-6 1.23637e-5 -1 -9.10461e-6 -9.70438e-6 -0.8660289 -0.4999942 9.77144e-6 -0.8660299 0.4999924 -8.9586e-6 -1 7.21216e-6 -1.23637e-5 -1 7.21216e-6 8.9586e-6 -0.8660208 -0.5000081 1.23637e-5 -0.8660208 -0.5000081 -9.69693e-6 -0.5000058 -0.8660221 9.76771e-6 -1 -7.12927e-6 -8.9586e-6 -0.8660299 -0.4999925 -1.23637e-5 -0.8660299 -0.4999925 -0.7070978 3.7998e-6 -0.7071158 3.78489e-6 -5.49108e-6 -1 3.19183e-5 -0.499989 -0.8660318 8.9586e-6 -0.4999923 -0.8660299 1.23637e-5 -0.4999923 -0.8660299 -9.71183e-6 -7.01472e-6 -1 9.77144e-6 -0.8660225 -0.5000051 -8.9586e-6 -0.5000086 -0.8660205 -1.23637e-5 -0.5000086 -0.8660205 8.9586e-6 7.16746e-6 -1 1.23637e-5 7.16746e-6 -1 -9.70811e-6 0.4999923 -0.8660298 9.70811e-6 -0.4999931 -0.8660294 -8.9586e-6 -8.06153e-6 -1 -1.23637e-5 -8.06153e-6 -1 8.9586e-6 0.5000061 -0.866022 1.23637e-5 0.5000061 -0.866022 -9.76399e-6 0.866021 -0.5000079 -1.23637e-5 0.4999931 -0.8660295 9.71183e-6 7.92928e-6 -1 -8.9586e-6 0.4999931 -0.8660295 8.9586e-6 0.866029 -0.4999939 1.23637e-5 0.866029 -0.4999939 -9.70438e-6 1 -8.88761e-6 -1.23637e-5 0.8660222 -0.5000057 9.76399e-6 0.5000084 -0.8660207 -8.9586e-6 0.8660222 -0.5000057 8.9586e-6 1 9.10461e-6 1.23637e-5 1 9.10461e-6 -9.70438e-6 0.8660289 0.4999942 -1.23637e-5 1 -7.21216e-6 9.77144e-6 0.8660299 -0.4999924 -8.9586e-6 1 -7.21216e-6 8.9586e-6 0.8660209 0.5000079 1.23637e-5 0.8660209 0.5000079 -9.70066e-6 0.500006 0.8660221 -1.23637e-5 0.8660299 0.4999923 9.71183e-6 1 6.94115e-6 -8.9586e-6 0.8660299 0.4999923 -1.23637e-5 0.5000083 0.8660207 9.70066e-6 0.8660223 0.5000054 -8.9586e-6 0.5000082 0.8660207 0.7071164 6.4075e-7 -0.7070972 0.7071015 6.58445e-7 -0.7071121 0.7071068 0.3535508 -0.612374 0.7071121 -0.1336672 -0.6943526 0.7071074 -2.34544e-5 -0.7071063 0.7071064 -2.3453e-5 -0.7071073 0.70715 -0.3534652 -0.6123735 0.7070891 3.32594e-5 -0.7071245 0.7071262 -0.1336886 -0.6943342 0.7071204 0.4417077 -0.552155 0.7071373 0.353551 -0.6123387 0.7071141 0.6124023 -0.353487 0.70712 0.3532401 -0.6125379 0.707098 5.52856e-6 -0.7071156 0.7071213 0.3535302 -0.612369 0.7071172 0.4417396 -0.5521335 0.7071154 0.3532159 -0.6125573 0.7071194 0.3535461 -0.6123622 0.7071025 0.6129689 -0.3525269 0.7071141 0.6123603 -0.35356 0.7071138 0.7070998 1.18408e-5 0.7071068 0.6129676 -0.3525207 0.7071211 0.4417441 -0.5521249 0.7071141 0.6123626 -0.3535559 0.7071028 0.7071089 0.001628696 0.7071137 0.7071 -3.29595e-6 0.7071155 0.6123633 0.3535516 0.7070959 0.7071158 0.001633346 0.7071072 0.6129536 -0.3525443 0.7070999 0.7071137 1.13249e-6 0.7071029 0.6120867 0.3540557 0.7071179 0.6123613 0.3535506 0.7071208 0.3535476 0.6123597 0.7071042 0.6120726 0.3540774 0.7070957 0.7071161 0.001618802 0.7071189 0.6123716 0.3535306 0.7071271 0.3538351 0.6121863 0.7071099 0.3535527 0.6123692 0.7071118 1.06357e-6 0.7071018 0.7071161 0.441589 0.5522555 0.7071281 0.6120173 0.3541252 0.7071383 0.353556 0.6123347 0.7071119 0.3538389 0.6122017 0.7071152 0.4415727 0.5522696 0.7071176 0.3535455 0.6123646 0.7070949 -2.01156e-5 0.7071186 0.7071185 0.35381 0.6122106 0.7071122 -2.02954e-5 0.7071014 0.7071065 -0.3535519 0.6123737 0.7071164 -1.83284e-6 0.7070972 0.7071014 -1.82493e-6 0.7071121 1 -1.2957e-6 0 1 -1.40554e-6 0 1 4.94188e-7 0 1 -9.44442e-7 0 1 9.46372e-7 0 1 9.42496e-7 0 1 -5.62142e-7 0 1 -1.29196e-6 0 0.7071567 -0.3535283 0.6123294 0.7071335 -0.134145 0.6942388 0.7071363 -8.76635e-5 0.7070773 1 -1.73592e-7 0 0.7071193 -0.3535403 -0.6123656 0.7070994 -0.1336405 -0.6943708 0.7071133 -0.3538337 -0.6122029 1 -5.67367e-7 0 1 1.23201e-7 0 0.7071155 -0.353532 0.6123747 0.7071141 -0.353242 0.6125438 0.7070977 -0.134209 0.6942628 0.7071266 -0.61236 0.3535356 0.7071021 -0.6129552 0.3525516 0.7071254 -0.3532148 0.6125464 0.7071126 -0.3535346 0.6123766 0.7071266 -0.6123639 0.3535287 0.7071183 -0.3532409 0.6125395 0.7071084 -0.3535562 -0.6123691 0.7071145 -0.3538438 -0.6121958 0.7071023 -0.6120834 -0.3540624 0.7071187 -0.6123716 -0.3535312 0.7071039 -0.6120726 -0.3540779 0.7070956 -0.7071161 -0.001619517 0.7071179 -0.6123613 -0.3535506 0.7071208 -0.3535476 -0.6123597 0.7071029 -0.6120867 -0.3540557 0.7071001 -0.7071135 -1.02818e-6 0.7070961 -0.7071157 -0.001633226 0.7071073 -0.6129534 0.3525444 0.7071135 -0.7071 3.28012e-6 0.7071154 -0.6123635 -0.3535518 0.7071026 -0.707109 -0.001628756 0.7071127 -0.6123616 0.3535603 0.7071125 -0.7071011 -1.14515e-5 0.7071013 -0.6129701 0.3525273 -0.2405667 0.6070694 -0.7573603 -0.4117765 0.5814903 -0.7016475 1.80006e-5 0.8660347 -0.4999839 -0.1764516 0.5877992 -0.7895296 -0.2405691 0.6070743 -0.7573555 6.97374e-6 0.8660432 -0.4999694 1 6.26094e-6 0 1 8.10105e-6 0 -0.1764712 0.4921421 0.8524401 1.76057e-5 0.499906 0.8660797 -7.96094e-6 0.8659897 0.5000618 -0.1764895 0.5877922 0.7895264 -0.1764903 0.4921956 0.8524053 4.26173e-6 0.8660272 0.499997 -0.2407689 0.6070375 0.7573216 -0.1764957 0.58779 0.7895267 1.53333e-5 0.8659973 0.5000486 -0.4117954 0.5814889 0.7016376 -0.2407585 0.6070386 0.7573239 2.13981e-5 0.8659978 0.5000478 -0.7502002 0.4217295 0.5092583 -0.4118058 0.5814893 0.7016312 9.62615e-6 0.8660062 0.5000334 -0.9557889 0.1873968 0.2266056 -0.7501979 0.4217428 0.5092507 2.52873e-5 0.8660046 0.500036 -0.9892311 0.09272354 0.1132439 -0.9557785 0.1874207 0.2266293 1.90549e-5 0.8660364 0.4999812 1 1.36859e-6 0 -0.1764913 0.3898508 0.9038071 -2.34842e-5 0.2505013 0.9681163 -1.54972e-5 0.4999234 0.8660697 -0.1764774 0.4921411 0.8524394 -0.1764709 0.3898585 0.9038078 2.02438e-5 0.4999204 0.8660715 1 1.50609e-6 0 -0.2405759 0.3523376 0.9044233 -0.4117527 0.3168838 0.8544265 7.85291e-6 0.2505099 0.9681141 -0.1764809 0.3898611 0.9038047 -0.2405491 0.3523571 0.9044229 1.99564e-5 0.2504858 0.9681203 -0.3897581 0.5981013 0.7002596 -0.9557763 0.1029667 0.2754808 -0.7501133 0.2300777 0.6199954 -0.3272217 0.8181791 0.4727675 -0.684856 0.7275414 -0.04069179 -0.9557673 0.1029987 0.2754999 -0.3897818 0.5980947 0.7002521 -0.3272037 0.8181856 0.4727686 -0.9557511 0.102972 0.2755662 -0.3897496 0.5980959 0.7002691 -0.7501292 0.2300657 0.6199808 -0.4117347 0.316444 0.8545981 -0.3897265 0.5983644 0.7000524 -0.4117803 0.3168715 0.8544176 -0.2405291 0.3523039 0.9044489 -0.6292187 0.730329 -0.2659012 -0.2405757 0.3522795 0.904446 -0.1765041 0.3898258 0.9038153 -0.1836681 0.9800368 0.07611894 -0.2405626 0.3523311 0.9044294 2.20835e-5 0.9397012 -0.3419966 -0.6292103 0.7303358 -0.2659022 -3.77595e-5 0.9396915 -0.3420236 -0.2405557 0.3522478 0.9044637 -0.3269966 0.8184971 0.4723727 -0.2405174 0.3523348 0.9044399 -0.1836737 0.9800359 0.0761159 -0.3897186 0.5983908 0.7000343 -0.2405698 0.3523024 0.9044386 -0.3270261 0.818475 0.4723905 -0.7737183 0.3783108 0.5081743 -0.1764898 0.3898032 0.9038279 -0.1764925 0.4921723 0.8524183 -0.7600893 0.2573164 0.5967014 -0.6291781 0.7303791 -0.2658597 -0.1764519 0.3898683 0.9038072 -0.773731 0.3783037 0.5081603 -0.7601566 0.2573502 0.5966012 -0.1764976 0.3898606 0.9038017 -0.7737165 0.3783398 0.5081554 -0.1764605 0.492147 0.8524395 -0.1764589 0.5877907 0.7895343 -0.773762 0.3783044 0.5081125 -0.1764693 0.5878115 0.7895166 -0.2407456 0.6070608 0.7573103 -0.6313768 -0.5940306 0.4984888 -0.2407619 0.6070362 0.7573248 -0.411765 0.5815021 0.7016444 -0.7737519 0.3782757 0.5081494 -0.2407605 0.6070917 0.7572808 -1 -7.29412e-6 2.82899e-5 -0.6313562 -0.5940297 0.498516 -1 1.53035e-5 2.6226e-6 -0.2407603 0.6070522 0.7573125 -0.6646317 -0.4191901 0.6185017 -0.4117229 0.5819107 0.7013304 -0.7501344 0.4218991 0.5092148 -0.6313707 -0.5940526 0.4984704 -0.4117522 0.5815075 0.7016475 -0.2859328 -0.1443839 0.9473097 -0.6646419 -0.4191755 0.6185007 -0.2861608 -0.1438296 0.9473252 -0.411729 0.5818676 0.7013625 -0.6646431 -0.4191527 0.6185148 -0.7501318 0.4218789 0.5092354 -0.9557508 0.1870937 0.2270163 -0.7177425 -0.2703082 0.6417002 -0.6648594 -0.4188662 0.6184765 -0.9557836 0.1874362 0.2265952 -0.9554229 0.1680014 -0.2427811 -0.9557861 0.1870962 -0.2268654 -0.7501824 0.4219141 -0.5091316 -0.9553951 0.1679748 -0.2429091 -0.7501223 0.4218804 -0.5092478 -0.4117857 0.5818727 -0.7013249 -0.4103567 0.520606 -0.7487168 -0.411743 0.5814539 -0.7016974 -0.2405438 0.6070822 -0.7573573 -0.4103745 0.521013 -0.7484238 -0.9554078 0.1679728 -0.2428602 -0.4117165 0.5818891 -0.701352 -0.6292182 -0.5954397 -0.4995359 -0.2405706 0.6071327 -0.7573082 -0.1764977 0.5878134 -0.7895087 -0.2703557 -0.1927492 -0.9432686 -0.2405605 0.607103 -0.7573352 -1.64211e-5 -0.7660296 -0.6428055 -0.62921 -0.5954347 -0.4995521 -6.94394e-6 -0.7660564 -0.6427735 -0.2405601 0.6071441 -0.7573024 -0.4065258 0.4568564 -0.7912138 -0.2405675 0.6071047 -0.7573316 -0.2703737 -0.1927644 -0.9432604 -0.4103484 0.5206441 -0.7486948 -0.2405365 0.6070999 -0.7573453 -0.4065294 0.4568611 -0.7912091 -0.7669509 0.3208292 -0.5557473 -0.1764698 0.5878282 -0.789504 -0.1764652 0.5408716 -0.8223856 -0.760098 0.3880732 -0.5212007 -0.6292353 -0.5954777 -0.4994691 -0.1764594 0.5878114 -0.7895188 -0.7669438 0.3208487 -0.5557457 -0.7601414 0.3880248 -0.5211735 -0.1764677 0.5878019 -0.789524 7.22706e-5 0.993494 -0.1138845 -1.06639e-5 0.9922146 0.1245409 -0.6963154 0.7121467 0.08939784 -1.32918e-5 0.5000134 0.8660177 -0.6964381 0.7120302 0.08937025 2.67327e-5 0.9922108 0.1245706 2.5928e-6 0.9396955 -0.3420124 6.42613e-5 0.993498 -0.1138508 -0.6963263 0.7121383 0.08937978 -0.6852701 0.7271745 -0.04027748 -1.06692e-5 0.9396892 -0.3420296 -0.6962985 0.7121582 0.08943778 -8.05855e-5 0.6427754 0.7660548 1.52886e-5 0.992211 0.1245686 9.11579e-6 0.9934555 -0.1142202 2.85283e-5 0.4999884 0.8660322 8.61287e-6 0.9922112 0.1245674 2.24151e-5 0.6427756 0.7660546 3.17693e-5 0.6427957 0.7660377 -1.02222e-5 0.9934553 -0.1142219 -2.40989e-5 0.9396947 -0.3420147 -1.45644e-4 0.9396455 -0.34215 1.3156e-4 0.9395785 -0.3423335 -0.6848418 0.7275532 -0.04071956 0 0.9396932 -0.3420186 2.53916e-5 0.6427776 0.766053 -4.84007e-5 0.9397044 -0.3419879 0 0.9397044 -0.3419879 -1.18673e-4 0.9397775 -0.3417868 -1.41561e-4 0.9396479 -0.3421431 -0.6847996 0.7275947 -0.04068922 -0.1839619 0.979954 0.07647442 -1.61126e-4 0.9397656 -0.3418196 -0.6848313 0.7275647 -0.04069304 -0.3272105 0.8181507 0.4728243 -0.1839952 0.9799482 0.07646876 -0.6848408 0.7275573 -0.0406655 -2.52749e-7 0.9396927 -0.34202 -0.629436 0.7302046 -0.2657288 -7.21216e-6 0.9397031 -0.3419917 -8.34465e-6 0.9397029 -0.3419919 -1 1.47969e-5 3.06666e-5 -1.91927e-5 0.6427797 0.7660511 2.11597e-6 0.9396998 -0.3420008 -0.7071172 0.6644571 -0.2418309 -1 -2.57045e-5 3.6329e-5 1.70171e-5 0.9397012 -0.3419967 -0.6293976 0.7302315 -0.2657456 -0.7071025 0.6654323 -0.2391774 1.40667e-5 0.9396864 -0.3420374 -6.07222e-7 0.5000132 0.8660178 -3.08231e-5 0.642802 0.7660325 5.74589e-5 -0.5000064 0.8660218 -0.7071321 -0.3535532 0.6123434 1.34408e-5 -0.5000231 0.866012 -6.11842e-5 0.642798 0.7660359 -5.97537e-6 -0.3881859 0.9215812 -1.4171e-5 0.5000152 0.8660166 2.69413e-5 -0.4999922 0.8660299 8.7684e-7 -0.4454005 0.8953316 0 -0.3881722 0.9215869 -5.10225e-6 -0.5000104 0.8660195 -3.48315e-7 -0.4999969 0.8660272 -3.01597e-6 -0.4454339 0.8953149 -2.25933e-6 -0.4999969 0.8660272 2.74926e-6 -0.642775 0.7660552 2.78491e-6 -0.500018 0.866015 0 -0.500018 0.8660151 -6.10947e-6 -0.6427966 0.7660369 0 -0.5000101 0.8660197 -0.7071121 -0.353542 0.612373 -1 -2.15434e-5 -3.15905e-6 -1 -3.23355e-6 -6.58631e-6 -1.09524e-5 0.6427821 0.7660492 -0.7071117 -0.3535572 0.6123647 3.12328e-5 0.6427624 0.7660657 -1 8.61287e-6 4.93973e-6 8.46386e-6 -0.7660205 0.6428163 -5.76377e-5 -0.3881773 0.9215847 1.08153e-4 -0.4449453 0.8955578 -0.664874 -0.4188638 0.6184623 1.05649e-5 -0.3881731 0.9215865 -1.89878e-5 -0.7660444 0.6427876 -0.7177211 -0.2702701 0.6417403 4.70877e-6 -0.3881674 0.921589 -0.6648615 -0.4188436 0.6184896 4.05312e-5 -0.7660455 0.6427864 1.09076e-5 -0.4449908 0.8955352 1.66297e-5 -0.4999203 0.8660715 -2.82824e-5 -0.6430663 0.7658105 -2.64645e-5 -0.7660128 0.6428254 -5.16176e-5 -0.4998607 0.8661059 3.17353e-6 -0.6427888 0.7660434 -2.79862e-6 -0.6431192 0.7657662 3.39095e-6 -0.4999921 0.86603 -1 -6.9199e-7 0 -0.7071223 -0.5416508 0.4545245 -0.7071224 -0.3535388 0.6123629 -1 -7.06315e-6 -1.07288e-6 -1 5.05594e-5 0 -0.7070925 -0.5416769 0.4545397 -1 4.42862e-5 5.46873e-5 -1 3.7998e-7 2.69711e-5 -1 -3.95422e-6 0 -0.7071255 0.6644446 -0.2418408 -1 -7.24196e-6 1.46255e-5 -1 5.75185e-6 -3.23951e-5 -1 -5.30481e-6 -3.23281e-5 -1 8.64267e-6 4.4331e-6 -0.7071204 0.6644467 -0.2418498 -1 -1.1866e-6 0 -1 2.29079e-6 0 -0.6294354 0.7301947 -0.2657572 -1 -2.94745e-5 -2.36928e-6 -0.7071312 0.6644471 -0.2418172 -7.21216e-6 -0.6428129 0.7660233 -0.7071053 -0.3535286 0.6123885 -1.5676e-5 -0.7660766 0.6427493 -0.7070983 -0.5416821 0.4545246 1.4931e-5 -0.7660508 0.6427801 -0.7070868 -0.3535342 0.6124066 -1 -1.23587e-5 0 -0.7071326 -0.541656 0.4545024 -1 -2.09212e-5 -1.85072e-5 -1 -1.53854e-6 7.26804e-6 -0.6312986 -0.5940991 0.4985063 -1 -1.01328e-6 -1.50949e-5 -1 4.78327e-6 -3.32296e-6 -0.7070932 -0.5439666 0.4517958 -1 -1.01924e-5 -6.60121e-6 -0.6313136 -0.5940707 0.498521 -0.7601336 0.2573669 0.5966231 -1 -3.3468e-5 2.62856e-5 -1 1.26064e-5 1.01328e-6 -0.7737143 0.3783303 0.508166 -1 -6.34789e-6 2.5332e-6 -0.7601608 0.2573246 0.5966069 -0.7601523 0.2573286 0.596616 -1 1.25617e-5 9.32813e-6 -1 2.73064e-5 1.10315e-6 -1 -8.73629e-5 0 -1 3.48945e-6 0 -0.760093 0.2573034 0.5967023 -1 -1.45752e-6 -3.24845e-6 -0.6292124 0.7303363 -0.265896 0 1 -4.52995e-6 4.91669e-6 -4.82798e-6 1 2.59488e-5 -4.64916e-6 1 2.63453e-5 1 4.58956e-6 4.91669e-6 4.82798e-6 -1 2.59488e-5 4.64916e-6 -1 2.63453e-5 -1 -4.58956e-6 -3.74019e-6 1 2.3663e-5 7.8092e-5 2.34842e-5 -1 2.59406e-5 2.34246e-5 -1 0 -1 4.52995e-6 2.59406e-5 -2.34842e-5 1 -3.74019e-6 -1 -2.35736e-5 7.8092e-5 -2.34842e-5 1 -0.6313643 -0.5940549 0.4984756 -0.2858645 -0.1443985 0.9473281 1.15037e-5 -0.7660474 0.6427842 -1.51336e-4 -0.7661077 0.6427122 -1.62162e-4 -0.7659212 0.6429346 -0.286181 -0.1437883 0.9473254 -0.7071075 -0.5416532 0.4545448 -0.6313045 -0.5941027 0.4984944 -3.03984e-6 -0.7660543 0.642776 0 -0.7660526 0.6427781 0 -0.7660446 0.6427876 -0.7071177 -0.541663 0.454517 1.00732e-5 -0.7660623 0.6427664 1.90735e-6 -0.7660288 0.6428065 -0.6646527 -0.4191737 0.6184903 1.35422e-4 -0.7662494 0.6425433 -0.2861696 -0.1437752 0.9473308 -1.688e-4 -0.7661058 0.6427146 -0.2861986 -0.1437258 0.9473296 1.40578e-4 -0.7663067 0.642475 4.60093e-6 -0.7660449 0.6427873 4.71249e-7 -0.7660448 0.6427873 3.92273e-6 -0.6431102 0.7657738 -2.91709e-5 -0.6427996 0.7660345 -7.34813e-7 -0.7660306 0.6428043 5.52845e-6 -0.64313 0.7657571 7.36713e-5 -0.595376 -0.8034473 -1.8901e-5 -0.388206 -0.9215726 -0.6963048 -0.2785997 -0.6614695 1.70767e-5 0.0623939 -0.9980517 -0.6964635 -0.2785474 -0.6613245 2.49744e-5 -0.388186 -0.9215812 -1.89245e-5 -0.7660437 -0.6427885 8.2992e-5 -0.5953564 -0.8034619 -0.6963119 -0.2786483 -0.6614415 -0.6675268 -0.416276 -0.6173511 1.3262e-5 -0.766052 -0.6427786 -0.6963067 -0.2786147 -0.6614612 -3.72194e-5 -0.1736175 -0.9848132 1.39698e-6 -0.3881974 -0.9215763 3.07709e-6 -0.5956483 -0.8032454 2.24821e-6 0.06242942 -0.9980494 1.07735e-5 -0.388189 -0.9215798 -1.7008e-6 -0.173633 -0.9848104 7.80821e-6 -0.1736205 -0.9848126 1.56611e-5 -0.5956356 -0.8032549 -4.03449e-6 -0.7660359 -0.642798 -1.67817e-4 -0.7661287 -0.6426873 1.49943e-4 -0.7662665 -0.6425229 -0.6672269 -0.4166632 -0.617414 0 -0.7660441 -0.6427879 -4.90248e-6 -0.1736284 -0.9848113 -1.61404e-5 -0.7660282 -0.642807 0 -0.7660282 -0.642807 -0.4065217 0.4571171 -0.7910652 -0.6672452 -0.416653 -0.6174011 -0.9544529 0.148725 -0.2586519 -2.02298e-4 -0.7658932 -0.6429678 -1.57207e-4 -0.7661037 -0.642717 -0.6672558 -0.4165731 -0.6174437 -0.2707494 -0.1920215 -0.9433041 -1.52081e-4 -0.7658999 -0.64296 -0.6672317 -0.4166601 -0.6174109 -0.4065709 0.4571052 -0.7910469 -0.2707433 -0.1920231 -0.9433054 -0.6672409 -0.4166468 -0.61741 -0.4103657 0.5210226 -0.748422 -0.9544669 0.1487326 -0.2585954 -0.9554141 0.167972 -0.2428361 -0.4103639 0.521007 -0.748434 -0.4065409 0.4571139 -0.7910571 -0.9544525 0.1487503 -0.2586385 5.05499e-7 -0.7660467 -0.6427849 -0.6294277 -0.5952527 -0.4994949 3.30806e-6 -0.7660452 -0.6427867 9.77516e-6 -0.7660369 -0.6427965 -1 2.21096e-5 -2.80142e-6 1.2219e-5 -0.1736406 -0.9848091 1.56909e-5 -0.7660241 -0.6428119 -0.7071205 -0.541666 -0.4545091 -1 -5.02169e-5 2.17855e-5 2.82377e-5 -0.766044 -0.6427881 -0.6294392 -0.595247 -0.4994872 -0.7071102 -0.5398579 -0.4566713 9.53674e-6 -0.7660341 -0.6428 -4.26173e-6 0.9922099 -0.1245774 -1.3534e-5 0.9396905 -0.3420261 -2.3596e-5 0.9396901 0.3420273 -0.7071098 0.664454 0.241861 9.95398e-6 0.9396964 0.34201 5.60284e-6 0.9396955 -0.3420125 -4.55976e-6 0.9934477 0.114288 7.4394e-6 0.9922091 -0.1245841 -2.68593e-5 0.9397064 0.3419825 -2.11596e-6 0.9397044 0.3419877 3.28571e-6 0.9934446 0.1143143 5.63055e-6 0.9397044 0.3419877 0 0.9396928 0.3420197 -0.7071213 0.6644406 0.2418641 1.3113e-6 0.9396972 0.3420077 5.57303e-6 0.9396902 0.3420268 -1.48358e-5 0.5000227 -0.8660123 0 0.5000227 -0.8660124 -8.37445e-6 0.9396998 -0.3420004 -1 6.24359e-6 1.99713e-5 1.27405e-5 0.9396952 -0.3420132 1.55121e-5 0.5000273 -0.8660097 -5.00679e-6 0.8331381 -0.5530652 -2.90573e-6 0.5000324 -0.8660067 -3.58149e-5 0.9397081 -0.3419778 9.32813e-6 0.9922122 -0.1245594 3.86685e-6 0.8331487 -0.5530492 6.85081e-6 0.939698 -0.3420054 -0.7071171 0.6644517 0.2418459 -1.59144e-5 0.9396826 -0.3420479 -1 2.31639e-5 -6.98864e-6 -5.85057e-6 0.06240957 -0.9980507 1.17868e-5 -0.1736062 -0.9848152 1.08778e-6 0.5000072 -0.8660213 -1 -1.51396e-5 2.68593e-6 2.26498e-6 0.5000162 -0.8660162 1.72853e-5 -0.1736279 -0.9848114 0 0.500009 -0.8660203 1.00061e-5 0.06240147 -0.9980512 8.60662e-6 0.500009 -0.8660203 -1 2.563e-6 1.75536e-5 -1 -1.10865e-5 -1.89841e-5 4.79817e-6 0.5000005 -0.8660251 -0.6486587 0.7584108 0.06368017 1.01924e-5 0.9922115 -0.1245653 -1.01603e-4 0.9934021 0.1146839 -0.717727 0.6908948 -0.0867893 -2.34246e-5 0.9922114 -0.1245664 -0.6486728 0.7584022 0.06363737 -0.6486811 0.7583925 0.0636686 -7.82907e-5 0.9933997 0.1147044 1.50278e-5 0.9396966 0.3420094 0 0.9396946 0.342015 -0.2638986 0.9211438 -0.2860975 1.07288e-4 0.9395701 0.3423569 -1.18524e-4 0.9396368 0.3421736 -0.6484999 0.7585298 0.0638796 1.45167e-4 0.939565 0.3423707 -0.263859 0.9211627 -0.286073 -0.2638984 0.921141 -0.2861064 -1.63659e-4 0.939656 0.3421207 -1.65213e-4 0.9397579 0.341841 -0.6313121 0.7287581 0.2652483 -1.0252e-5 0.9396992 0.3420022 -0.7071105 0.664447 0.2418782 -0.2635892 0.9214205 -0.2854906 1.98185e-5 0.9397065 0.3419819 -0.6313605 0.7287316 0.2652058 -0.6313078 0.7287577 0.2652598 -1 -2.09212e-5 -4.47035e-6 -1 -1.69696e-5 -1.44243e-5 -0.7669429 0.3208835 -0.5557271 -1 -1.63913e-5 -1.41859e-5 -1 2.43597e-5 4.23193e-6 -0.7737063 0.2508872 -0.5817511 -1 2.08691e-5 1.43349e-5 -0.7669571 0.3208529 -0.5557251 -0.6312841 0.728763 0.2653018 -0.7071074 0.6632411 0.2451743 -1 -1.8239e-5 1.10045e-5 -1 -4.74422e-6 0 -0.4103593 0.388125 -0.8252056 -0.4065582 0.4567501 -0.7912584 -0.6313311 0.7287755 0.2651557 -0.2635979 0.9214115 -0.2855119 -0.6313987 0.7287191 0.2651495 -0.4065731 0.4567975 -0.7912233 -1 1.40778e-6 0 -0.7071144 -0.5416769 -0.4545058 -1 -1.78963e-5 -5.72205e-6 -1 -3.85456e-5 0 -1 4.7303e-6 0 -0.7071228 -0.5416716 -0.4544991 -1 9.11951e-6 -1.91331e-5 -1 -6.61612e-6 1.11163e-5 -1 -2.96532e-6 0 -1 1.69031e-6 0 -0.7669523 0.3208461 -0.5557356 -1 3.05325e-5 4.47035e-7 -1 -3.36859e-6 -1.80094e-5 -1 -2.98739e-6 0 -0.7601421 0.3880305 -0.5211682 -1 1.18315e-5 -9.77516e-6 -1 2.44156e-5 -2.95043e-6 -1 6.97884e-6 0 -0.7669484 0.3208467 -0.5557407 -1 1.88276e-5 -3.51667e-6 -0.7601448 0.3880316 -0.5211634 -0.7601611 0.3879939 -0.521168 -1 -2.69115e-5 -3.8147e-6 -1 -8.64826e-6 9.83989e-6 -0.6294327 -0.5952621 -0.4994774 -1 -1.81496e-5 -1.1757e-5 -0.7070969 -0.5416637 -0.4545487 -0.7600906 0.3881043 -0.5211884 -1 -4.58956e-6 -2.61515e-6 -0.6292493 -0.5954695 -0.4994612 2.59406e-5 2.34842e-5 -1 -3.74019e-6 1 2.35736e-5 7.8092e-5 2.34842e-5 -1 -3.74019e-6 -1 -2.3663e-5 7.8092e-5 -2.34842e-5 1 2.59406e-5 -2.34246e-5 1 -0.6485304 0.7585055 0.0638585 -0.4065584 0.4564914 -0.7914075 -0.4103646 0.3876458 -0.8254283 -0.6485013 0.7585288 0.06387656 -0.2638851 0.9211353 -0.2861375 -0.4065471 0.4565196 -0.7913972 -0.6485412 0.7584925 0.06390136 -0.4103245 0.3876727 -0.8254354 -0.9544638 0.1496328 -0.2580869 -0.717751 0.690882 -0.08669227 -0.9545156 0.1491319 -0.2581855 -0.9554412 0.1259209 -0.2669758 -0.7177221 0.6909048 -0.08675116 -0.6486917 0.758383 0.06367278 -0.954513 0.1491501 -0.2581846 -0.6256996 0.6755537 0.390035 -1.55717e-5 0.8660207 0.5000083 6.51479e-5 0.5000373 -0.8660039 -1.87457e-5 -0.5000169 0.8660157 -2.82824e-5 0.8660288 0.4999942 -0.976194 -0.1084555 0.1878369 -0.6256832 0.6755745 0.3900253 -0.9761873 -0.1084855 0.1878545 8.49366e-7 0.8660182 0.5000125 -0.9761946 0.1084563 -0.1878334 -2.14875e-5 0.5000162 -0.8660161 -3.14713e-5 -0.8660294 -0.4999933 -0.9761939 0.1084332 -0.1878501 -0.976184 0.1878613 0.1085036 4.5985e-5 0.5000182 -0.8660149 -0.6257546 0.6755269 0.3899931 -4.98891e-5 0.4999577 -0.8660498 -0.9761911 0.1878522 0.1084554 -0.6256934 -0.6755661 -0.3900234 -0.976188 0.1084869 -0.1878497 -1.32918e-5 -0.8660201 -0.5000092 -0.6257165 -0.6755369 -0.3900369 -3.75956e-5 -0.8660211 -0.5000076 4.60446e-5 -0.5000358 0.8660048 -0.976192 0.1084602 -0.1878449 -0.976194 0.1878449 0.1084427 -0.9761877 0.1878692 0.1084566 -0.9761908 0.05467903 0.2099093 -0.9761918 0.1878635 0.1084298 -0.9761943 0.1878535 0.108424 -0.9761919 -0.1084581 0.1878463 -0.976189 0.1878664 0.1084496 -0.9761904 0.05467963 0.209911 -0.6257451 0.6755241 0.3900133 -0.976198 0.1878271 0.1084368 -0.9762025 -0.1084139 0.187817 -0.9761919 0.1084632 -0.1878432 -0.9761878 0.1091771 -0.1874507 -0.9761939 0.1878517 0.1084312 -1 2.00546e-5 0 -0.976192 0.1084265 -0.1878642 -0.97619 -0.05468606 -0.2099111 -0.9761882 0.1091815 -0.1874462 -1 -5.22294e-6 0 -0.9761918 -0.1878635 -0.1084302 -0.9761943 -0.1878535 -0.1084244 -0.9761906 -0.05467903 -0.2099096 -1 -2.00546e-5 0 -0.976192 0.1084582 -0.1878461 -0.976189 -0.1878663 -0.1084495 -0.9761903 -0.05467957 -0.2099108 -1 1.47608e-6 0 -0.9761919 -0.1084601 0.187845 -0.9761939 -0.1878449 -0.1084425 -0.9761877 -0.1878692 -0.1084564 -0.9761919 -0.1084632 0.1878432 -0.9761878 -0.1091772 0.1874507 -0.9761939 -0.1878517 -0.1084312 -0.6257449 -0.6755242 -0.3900135 -0.976198 -0.1878271 -0.1084372 -0.9762024 0.1084139 -0.1878173 4.55976e-5 -0.500019 0.8660145 -0.976194 -0.1084339 0.1878497 -0.976184 -0.1878611 -0.1085042 -0.6257549 -0.6755266 -0.3899932 -5.04255e-5 -0.4999578 0.8660498 -0.9761912 -0.1878516 -0.1084555 -1 5.22294e-6 0 -0.976192 -0.1084265 0.1878642 -0.97619 0.05468606 0.2099111 -0.9761882 -0.1091815 0.1874462 -2.84944e-5 0.8660157 0.5000169 -3.38464e-5 0.8660157 0.500017 6.54012e-5 0.4965671 -0.8679985 2.60742e-5 -0.5000029 0.8660237 1.40886e-5 -0.4965946 0.8679826 -4.57168e-5 0.8660258 0.4999992 3.37785e-5 0.8660143 0.5000193 -4.17232e-6 -0.4999777 0.8660383 3.9058e-5 0.8660143 0.5000194 2.60742e-5 0.5000029 -0.8660237 1.40886e-5 0.4965946 -0.8679826 -4.57168e-5 -0.8660258 -0.4999992 6.2543e-6 0.4999973 -0.866027 -1.07735e-5 0.8660255 0.5000001 -1.53598e-5 0.4965891 -0.8679857 -2.84944e-5 -0.8660157 -0.5000169 -3.38464e-5 -0.8660157 -0.500017 6.54012e-5 -0.4965671 0.8679985 -4.17232e-6 0.4999777 -0.8660383 3.9058e-5 -0.8660143 -0.5000194 3.37785e-5 -0.8660143 -0.5000193 6.2543e-6 -0.4999973 0.866027 -1.07735e-5 -0.8660255 -0.5000001 -1.53598e-5 -0.4965891 0.8679857 -0.7071952 -0.6122962 -0.3535087 3.25441e-5 -0.8660214 -0.500007 -3.05325e-5 -0.4999696 0.866043 -1 -1.93715e-5 6.81169e-6 2.21729e-5 0.4999524 -0.8660529 7.09295e-6 -0.8660013 -0.5000417 -0.707215 -0.6122654 -0.3535225 -1 -3.89889e-5 1.3411e-5 7.76351e-5 -0.8660144 -0.5000193 -1 1.93715e-5 -6.81169e-6 2.21729e-5 -0.4999524 0.8660529 7.09295e-6 0.8660013 0.5000417 -1 -3.27826e-6 -5.2698e-5 -1 4.64916e-6 -1.87084e-5 5.34952e-5 -0.5000227 0.8660125 -0.7071934 -0.6122964 -0.353512 1.29938e-5 -0.5000326 0.8660067 -1 6.23614e-6 -3.39746e-6 -0.7071952 0.6122962 0.3535087 3.25441e-5 0.8660214 0.500007 -3.05325e-5 0.4999696 -0.866043 -0.707215 0.6122654 0.3535225 -1 3.89889e-5 -1.3411e-5 7.76351e-5 0.8660144 0.5000193 -1 3.09944e-6 1.83359e-5 -3.32892e-5 0.4999433 -0.8660581 -1 1.51694e-5 5.12227e-5 -0.7071921 0.612296 0.3535151 8.76188e-6 0.5000331 -0.8660064 -1 -6.25104e-6 5.69224e-6 -1 -4.5386e-7 0 -0.7072203 -0.612294 -0.3534624 -1 1.63019e-5 -1.60336e-5 -1 -2.6226e-5 3.66569e-6 -0.7072194 0.6122944 0.3534633 -1 -1.58995e-5 1.75238e-5 -1 2.65837e-5 -2.32458e-6 -0.6257789 0.675522 0.3899629 -5.15729e-5 0.8660266 0.499998 -8.23736e-5 0.4999851 -0.8660341 -3.75509e-6 -0.5000268 0.86601 -3.52263e-5 0.8660215 0.5000069 -0.9761854 -0.1084488 0.1878858 -0.6257846 0.6754901 0.3900089 -0.9761906 -0.1084907 0.1878343 -5.26011e-5 0.8659984 0.500047 -0.976187 0.1084367 -0.1878841 -1.63913e-5 0.5000174 -0.8660154 -2.76566e-5 -0.8660292 -0.4999935 -0.9762002 0.1083884 -0.1878435 -0.9762093 0.1878101 0.1083648 1.67489e-5 0.5000512 -0.8659959 -0.6256236 0.6756111 0.3900575 7.13766e-5 0.5000371 -0.866004 -0.9761634 0.1880313 0.1083949 -0.6257539 -0.6755193 -0.3900074 -0.9761856 0.1084719 -0.1878713 -8.04663e-6 -0.866009 -0.5000286 -0.6256876 -0.6755843 -0.3900011 -1.60038e-5 -0.8660207 -0.5000082 6.45816e-5 -0.5000374 0.8660039 -0.9761921 0.1084583 -0.1878451 -0.9761943 0.187843 0.1084426 -0.9761881 0.1878676 0.1084563 -0.9761918 0.05395191 0.2100925 -0.9761939 0.1878476 0.1084383 -0.9761922 0.1878542 0.1084423 -0.9761902 -0.1084547 0.1878576 -0.9761911 0.1878467 0.1084651 -0.9761863 0.05395859 0.2101163 -0.6257212 0.6755511 0.3900049 -0.9761927 0.1878543 0.1084369 -0.9762027 -0.108386 0.1878314 -0.9761921 0.1084478 -0.1878514 -0.9761886 0.1092022 -0.1874322 -0.9761971 0.1878341 0.1084327 -0.9945064 0.09065896 0.0523256 -0.9780853 0.180313 0.1040983 -0.9780855 0.1048077 -0.1799005 -0.9780841 0.0517829 0.2016682 -0.9780846 0.1803185 0.1040943 -0.9945052 0.09066611 0.05233675 -0.9761918 0.1084308 -0.1878631 -0.9761909 -0.05395072 -0.2100965 -0.9761862 0.1091894 -0.1874516 -1 1.32173e-5 -1.62721e-5 -0.9780848 0.1047871 -0.1799162 -0.9780843 -0.05177634 -0.2016695 -1 -1.11125e-5 8.66503e-6 -0.9945082 0.09064882 0.05230951 -0.9780907 0.1047798 -0.1798883 -0.9761933 -0.1878507 -0.1084375 -0.9761917 -0.1878573 -0.1084417 -0.9761917 -0.05395513 -0.2100919 -0.9945052 -0.09066611 -0.05233675 -0.9780841 -0.05178296 -0.2016682 -0.9780846 -0.1803185 -0.1040943 -0.9761902 0.1084523 -0.1878587 -0.9761908 -0.1878484 -0.1084646 -0.9761862 -0.05396044 -0.2101168 -0.9945083 -0.09064358 -0.05231857 -1 9.72301e-7 -5.93532e-6 -0.9780827 -0.05179566 -0.2016723 -0.9761922 -0.1084588 0.1878445 -0.9761941 -0.1878434 -0.108443 -0.9761956 -0.187838 -0.1084395 -0.9780862 -0.1048 0.1799008 -0.9945072 -0.09065115 -0.05232548 -0.9780813 -0.180332 -0.1041025 -0.9761912 -0.1084551 0.1878518 -0.9761877 -0.10921 0.1874324 -0.9761957 -0.1878415 -0.1084325 -0.6257459 -0.6755238 -0.3900126 -0.9761982 -0.1878265 -0.1084361 -0.9762025 0.1084139 -0.1878167 5.66244e-5 -0.5000185 0.8660148 -0.9761915 -0.1084512 0.1878525 -0.9761815 -0.1878767 -0.1084991 -0.6257357 -0.6755474 -0.3899881 1.57356e-5 -0.5000565 0.8659929 -0.9761961 -0.1878524 -0.1084106 -0.9780828 0.05179375 0.2016718 -0.9945085 0.09064167 0.05231809 -1 -2.74926e-6 5.33136e-6 -0.978091 -0.1047784 0.1798882 -1 1.2584e-5 -8.84384e-6 -0.9945084 -0.09064745 -0.05230957 -0.9780846 -0.1047891 0.1799163 -0.9780857 0.0517885 0.2016592 -1 3.75137e-6 1.90213e-5 -0.9761916 -0.1084301 0.1878639 -0.9761907 0.05395144 0.2100973 -0.9761862 -0.1091887 0.1874524 -0.6257082 0.6755537 0.3900211 -3.90857e-5 0.8660041 0.5000369 3.13968e-5 0.5000644 -0.8659883 -1.60038e-5 -0.5000141 0.8660174 -3.1352e-5 0.8660292 0.4999935 -0.9761872 -0.1084426 0.1878803 -0.6257784 0.6755027 0.3899968 -0.9761881 -0.1084757 0.1878563 -4.09186e-5 0.8660128 0.500022 -0.9761949 0.1084663 -0.1878265 -1.81496e-5 0.5000272 -0.8660097 -4.27067e-5 -0.8660214 -0.5000069 -0.9761937 0.108435 -0.1878509 -0.9761837 0.1878624 0.1085039 4.75794e-5 0.5000197 -0.8660141 -0.6257218 0.6755603 0.3899879 3.06964e-5 0.5000591 -0.8659914 -0.9761922 0.1878755 0.1084048 -0.6256812 -0.6755865 -0.3900076 -0.9761856 0.1084719 -0.1878713 6.95884e-6 -0.8660313 -0.4999899 -0.6257319 -0.6755604 -0.3899714 1.28299e-5 -0.8660109 -0.5000252 -3.81172e-5 -0.5000135 0.8660176 -0.9761921 0.1084596 -0.1878451 -0.9761941 0.1878443 0.1084425 -0.9761955 0.1878388 0.1084391 -0.9761905 0.05468201 0.2099094 -0.9761913 0.1878664 0.1084298 -0.9761938 0.1878563 0.1084242 -0.976192 -0.1084589 0.1878455 -0.9761891 0.1878659 0.1084495 -0.9761905 0.05467891 0.2099106 -0.6257367 0.6755265 0.3900226 -0.9761958 0.1878333 0.1084452 -0.9762011 -0.1084118 0.1878255 -0.976192 0.1084215 -0.187867 -0.9761878 0.1091772 -0.1874507 -1 2.68674e-6 0 -0.9761921 0.1084265 -0.1878639 -0.9761901 -0.05468606 -0.2099108 -0.9761882 0.1091815 -0.1874459 -1 2.15822e-6 0 -1 -3.83685e-6 0 -0.9761946 -0.1878533 -0.1084224 -0.9761937 -0.1878564 -0.1084244 -0.9761906 -0.05468213 -0.2099096 -1 -2.68673e-6 0 -0.9761919 0.1084594 -0.1878451 -0.9761891 -0.1878653 -0.1084499 -0.9761906 -0.05467826 -0.2099105 -0.9761922 -0.1084588 0.1878445 -0.9761942 -0.1878435 -0.1084431 -0.9761879 -0.1878679 -0.1084568 -0.9761915 -0.1084666 0.1878437 -0.9761874 -0.109181 0.187451 -0.9761931 -0.1878555 -0.1084309 -0.6257419 -0.6755257 -0.3900155 -0.9761971 -0.1878288 -0.1084416 -0.9762019 0.1084128 -0.1878209 5.3525e-5 -0.5000182 0.866015 -0.9761987 -0.1084014 0.1878442 -0.9762074 -0.1878219 -0.1083607 -0.6256958 -0.6755613 -0.3900278 3.45409e-5 -0.5000107 0.8660193 -0.9761822 -0.1879295 -0.1084007 -0.9761919 -0.1084266 0.1878647 -0.9761899 0.05468606 0.2099115 -0.9761881 -0.1091815 0.1874467 -1.11183e-5 -1.7181e-5 1 -1.23637e-5 -1.7181e-5 1 6.62357e-6 0.5000128 0.8660181 -1.11203e-5 -0.5000128 0.8660181 -1.23659e-5 -0.5000128 0.8660181 6.69062e-6 1.72649e-5 1 1.23637e-5 1.66744e-5 1 -6.68317e-6 -0.5000134 0.8660178 1.11183e-5 1.66744e-5 1 -7.08805e-6 0.4999968 0.8660273 -1.06636e-5 0.4999967 0.8660273 -6.56396e-6 0.8270729 0.5620948 1.23659e-5 0.5000134 0.8660177 -6.63102e-6 -1.65403e-5 1 1.11203e-5 0.5000134 0.8660177 -3.18283e-6 0.8270626 0.5621098 -1.75838e-6 0.8270626 0.5621098 1.20234e-6 0.8660305 0.4999914 6.57141e-6 0.4999985 0.8660263 7.08805e-6 0.8270471 0.5621327 1.06636e-5 0.8270471 0.5621327 -7.08953e-6 -0.8270732 0.5620943 -1.07015e-4 -0.8270731 0.5620943 -6.54161e-6 -0.4999971 0.8660271 -3.15798e-6 -0.8660328 0.4999873 -1.74465e-6 -0.8660328 0.4999872 1.20886e-6 -0.8270654 0.5621058 1.75838e-6 -0.8270586 0.5621157 -1.19582e-6 -0.8660029 0.5000391 3.18284e-6 -0.8270587 0.5621157 1.06636e-5 -0.4999988 0.8660262 6.54906e-6 -0.8270475 0.5621323 7.08805e-6 -0.4999988 0.8660262 -6.18186e-6 0.8660187 0.5000118 -1.23637e-5 0.8660187 0.5000118 -1.52737e-6 1 -1.82781e-5 1.74465e-6 0.8660309 0.4999905 -1.21165e-6 0.8270632 0.562109 3.15798e-6 0.8660309 0.4999905 6.81371e-6 1 2.90573e-7 -5.50907e-6 1 2.90573e-7 7.57724e-6 0.9733908 -0.229152 1.23659e-5 1 -1.90735e-5 1.46031e-6 0.8660191 0.5000112 6.18296e-6 1 -1.90735e-5 -8.95661e-6 0.9733913 -0.2291495 -6.96438e-6 0.9733913 -0.2291495 -9.69693e-6 0.8660109 -0.5000252 -7.58096e-6 1 -1.52737e-7 -6.81652e-6 0.9733906 -0.2291525 5.51135e-6 0.9733906 -0.2291525 -7.81845e-6 0.8660215 -0.5000067 -1.23659e-5 0.8660215 -0.5000067 1.13994e-6 0.500007 -0.8660213 9.70811e-6 0.9733915 -0.2291488 8.94495e-6 0.8660113 -0.5000246 6.95532e-6 0.8660113 -0.5000246 -1.11203e-5 0.5000128 -0.8660179 -1.23659e-5 0.5000128 -0.8660179 6.62356e-6 -1.71326e-5 -1 -1.20699e-6 0.8660221 -0.5000056 7.81565e-6 0.5000082 -0.8660207 1.23615e-5 0.5000082 -0.8660207 -1.11183e-5 1.7181e-5 -1 -1.23637e-5 1.7181e-5 -1 6.68317e-6 -0.5000128 -0.8660181 -6.63102e-6 0.5000134 -0.8660178 1.11183e-5 -1.66744e-5 -1 1.23637e-5 -1.66744e-5 -1 -7.81565e-6 -0.5000071 -0.8660213 -1.23615e-5 -0.5000071 -0.8660213 1.09524e-6 -0.8660215 -0.5000068 1.23659e-5 -0.5000134 -0.8660178 -6.67572e-6 1.66576e-5 -1 1.11203e-5 -0.5000134 -0.8660178 -8.94495e-6 -0.8660113 -0.5000244 -6.95532e-6 -0.8660113 -0.5000244 -9.71928e-6 -0.9733915 -0.2291485 1.24073e-4 -0.8660224 -0.5000054 -1.13994e-6 -0.5000087 -0.8660204 7.81845e-6 -0.8660224 -0.5000053 6.81652e-6 -0.9733909 -0.2291511 -5.51135e-6 -0.9733909 -0.2291511 7.58097e-6 -1 1.2815e-6 6.96438e-6 -0.9733912 -0.2291496 9.70066e-6 -0.8660108 -0.5000253 8.95661e-6 -0.9733912 -0.2291496 -6.18296e-6 -1 -1.83582e-5 -1.23659e-5 -1 -1.83582e-5 -1.51992e-6 -0.8660186 0.5000119 1.23637e-5 -0.866019 0.5000114 1.46776e-6 -1 -1.8945e-5 6.18186e-6 -0.866019 0.5000113 5.50907e-6 -1 -1.38581e-6 -7.58842e-6 -0.9733902 -0.2291536 -6.81371e-6 -1 -1.38581e-6 5.75617e-6 -1.98483e-5 -1 6.21136e-6 -1.98483e-5 -1 2.86847e-6 0.2576344 -0.9662425 -8.50556e-6 -0.5000138 -0.8660175 1.23659e-5 -0.5000138 -0.8660175 -9.65409e-6 1.60502e-5 -1 9.71742e-6 -0.5000126 -0.8660182 8.50404e-6 1.74642e-5 -1 -1.23637e-5 1.74642e-5 -1 -9.33488e-6 0.2572312 -0.9663499 8.9244e-6 0.2576481 -0.9662389 -1.33868e-5 0.5000151 -0.8660167 -4.69736e-6 0.2572413 -0.9663472 2.61515e-6 1.33263e-5 -1 1.00039e-5 0.2576116 -0.9662486 6.97248e-7 -0.5141977 -0.8576717 8.19935e-7 -0.5137453 -0.8579429 6.22822e-7 -0.5000268 -0.86601 -2.03451e-5 -0.8660071 -0.5000319 1.19961e-5 -0.866007 -0.5000318 -1.34539e-5 -0.5137838 -0.8579197 6.30319e-6 -0.8660289 -0.4999939 4.51994e-6 -0.5137583 -0.8579351 2.56486e-6 -0.5142105 -0.8576641 -1.72993e-7 -0.5142089 -0.8576651 -4.0699e-7 -0.499996 -0.8660277 -4.05338e-7 -0.499996 -0.8660277 -9.70556e-6 0.5000072 -0.8660213 1.23615e-5 0.5000072 -0.8660213 -7.59028e-6 0.8660215 -0.5000068 -6.2772e-6 0.5000022 -0.8660243 1.1608e-5 0.2572081 -0.9663561 -2.52769e-6 0.5000022 -0.8660243 -1.03243e-5 0.8660187 -0.5000117 1.23637e-5 0.8660187 -0.5000117 -6.74464e-6 1 1.84365e-5 -1.23659e-5 0.8660215 -0.5000068 7.58655e-6 0.5000071 -0.8660213 9.70903e-6 0.8660215 -0.5000067 -1.03262e-5 1 -1.84476e-5 1.23659e-5 1 -1.84476e-5 -6.74091e-6 0.8660187 0.5000118 -1.23659e-5 1 1.84476e-5 6.74091e-6 0.8660187 -0.5000118 1.03262e-5 1 1.84476e-5 -9.70903e-6 0.8660215 0.5000067 1.23659e-5 0.8660215 0.5000068 -7.58655e-6 0.5000071 0.8660213 -1.23637e-5 0.8660187 0.5000117 6.74464e-6 1 -1.84365e-5 1.03243e-5 0.8660187 0.5000117 -4.49905e-6 0.500019 0.8660144 6.26811e-6 0.500019 0.8660144 -7.51764e-6 0.2576438 0.9662401 -1.23615e-5 0.5000072 0.8660213 7.59028e-6 0.8660215 0.5000068 9.70556e-6 0.5000072 0.8660213 1.02187e-5 0.2572133 0.9663547 -6.42473e-6 0.2576302 0.9662437 -8.59611e-6 -1.56052e-5 1 -5.67816e-6 0.2572123 0.966355 5.28805e-6 0.4999983 0.8660264 1.45286e-7 0.2576295 0.9662438 -8.50403e-6 1.58995e-5 1 1.23637e-5 1.58846e-5 1 -9.59449e-6 -0.500014 0.8660174 -6.2e-6 9.045e-6 1 -6.50436e-6 0.257199 0.9663586 9.84512e-7 9.045e-6 1 -2.72281e-7 -0.5000265 0.8660102 2.75057e-6 -0.5000265 0.8660102 -5.48083e-7 -0.5137456 0.8579427 -1.23659e-5 -0.5000124 0.8660182 9.71556e-6 1.77608e-5 1 8.50556e-6 -0.5000124 0.8660184 8.67294e-7 -0.5142071 0.8576661 -1.1595e-6 -0.5137548 0.8579372 1.91461e-5 -0.866027 0.4999973 7.68574e-7 -0.4999966 0.8660275 9.39901e-7 -0.5137564 0.8579362 1.21567e-6 -0.5142088 0.8576651 -1.03262e-5 -1 1.88053e-5 1.23659e-5 -1 1.88053e-5 -6.74091e-6 -0.8660188 -0.5000114 6.74278e-6 -1 1.87496e-5 1.03243e-5 -0.8660188 -0.5000114 -1.23637e-5 -0.8660188 -0.5000114 -1.03243e-5 -0.8660188 0.5000114 1.23637e-5 -0.8660188 0.5000114 -6.74278e-6 -1 -1.87496e-5 2.55164e-5 -0.5141986 0.8576712 1.24905e-5 -0.8660092 0.5000281 -1.1985e-5 -0.8660092 0.5000281 6.74091e-6 -0.8660188 0.5000114 1.03262e-5 -1 -1.88053e-5 -1.23659e-5 -1 -1.88053e-5 -5.02405e-6 -1.24872e-5 -1 0 -1.24946e-5 -1 -1.85147e-6 -0.232383 -0.9726245 -1 8.10376e-7 0 -1 2.45889e-6 0 -1 -2.00463e-6 0 6.16856e-6 0.5000132 -0.8660178 0 0.5000132 -0.8660178 1.17049e-5 -1.67489e-5 -1 -1.17123e-5 0.5000128 -0.8660179 -6.16746e-6 -1.71512e-5 -1 0 -1.71512e-5 -1 -1 8.78977e-7 0 4.1009e-7 -0.2323914 -0.9726225 0 -0.2323914 -0.9726225 1.2964e-6 -0.5000045 -0.8660229 0 -0.2323828 -0.9726244 1.84774e-6 -1.23605e-5 -1 5.01996e-6 -0.2323828 -0.9726244 1.74791e-5 0.4999551 0.8660514 -1 -4.09782e-7 -9.47714e-6 -1 4.58024e-6 -9.32813e-6 -2.26321e-5 0.5000445 0.8659997 -1 -3.86536e-5 -7.53999e-6 -1 -1.63317e-5 -2.38419e-5 -0.7070825 -5.88596e-6 0.707131 -1 -2.35289e-5 2.76864e-5 -1 1.12504e-6 2.67625e-5 -0.7070996 1.61082e-5 0.707114 -1.02222e-5 0.4999474 0.8660558 -1 -8.42661e-6 -3.23821e-5 -1 8.58793e-6 0 7.51714e-6 -0.5000224 0.8660125 -1 -2.3663e-5 2.16663e-5 -1 -4.69983e-5 -3.45707e-6 -7.15256e-6 -0.4999719 0.8660417 -2.30968e-5 4.89652e-5 1 -1 -2.30521e-5 1.05575e-5 -0.7071051 4.0818e-5 0.7071086 -1 -7.25687e-5 -4.02033e-5 9.02824e-6 2.16663e-5 1 -1 -3.44443e-6 0 -1 -3.24015e-6 0 7.98702e-6 -0.4999592 0.8660489 -1 1.70767e-5 -2.16067e-5 -1 5.93066e-6 -3.51369e-5 -3.64141e-6 0.560463 -0.8281795 0 0.560463 -0.8281795 1.40816e-6 0.5000119 -0.8660186 -2.07429e-5 0.8660272 -0.4999971 0 0.8660271 -0.4999971 9.26107e-6 0.5604676 -0.8281764 -9.38028e-6 0.8660269 -0.4999974 2.07429e-5 0.5604673 -0.8281766 0 0.5604673 -0.8281766 -1.39978e-6 0.560468 -0.8281762 3.67088e-6 0.5000172 -0.8660156 0 0.5000171 -0.8660156 -1 -8.27866e-6 0 -1.8518e-5 1 1.88947e-5 0 1 1.88947e-5 1.17049e-5 0.866019 -0.5000114 -1.15708e-5 1 1.84514e-5 1.85147e-5 0.8660187 -0.5000118 0 0.8660187 -0.5000118 -9.24989e-6 -0.8660016 0.5000411 -1 -5.54323e-6 -1.11908e-5 -1 1.99676e-6 -1.80453e-5 2.04444e-5 -0.5000371 0.866004 -1 3.59789e-5 4.41074e-5 1.0103e-5 -0.8660174 0.5000139 -1 1.57248e-5 0 7.79517e-6 -1 -5.08428e-5 -1 -1.20997e-5 9.53674e-6 -1 8.04663e-7 -3.83556e-5 -1.62721e-5 -0.8659946 0.5000535 -1 -1.61976e-5 -1.33067e-5 3.60608e-6 -1 -2.78205e-5 3.31774e-5 -0.8660089 -0.5000286 -1 -2.0057e-5 1.67489e-5 -1 -1.02818e-5 6.55651e-6 -1.38581e-5 -1 3.86834e-5 -1 -8.71345e-6 3.0607e-5 -1.54972e-6 -0.8660414 -0.4999726 -1 -3.44446e-6 0 1.0401e-5 -0.5000624 -0.8659895 -1 -6.35982e-5 1.16527e-5 -1 5.6792e-6 -3.77926e-5 -1.2517e-6 -0.8659967 -0.5000498 -1 -5.42104e-5 -5.05745e-5 1.3262e-5 -0.5000076 -0.866021 -2.07429e-5 0.560468 0.8281762 0 0.560468 0.8281762 9.42498e-6 0.8660274 0.4999968 -3.67088e-6 0.5000172 0.8660156 0 0.5000171 0.8660156 1.39978e-6 0.560468 0.8281762 -1.40816e-6 0.5000119 0.8660186 3.64141e-6 0.560463 0.8281795 0 0.560463 0.8281795 -1.85147e-5 0.866019 0.5000114 0 0.866019 0.5000114 1.16155e-5 1 -1.88965e-5 0 0.8660267 0.4999978 -9.41008e-6 0.560467 0.8281768 2.07429e-5 0.8660267 0.4999978 -1.15559e-5 0.8660187 0.5000118 1.8518e-5 1 -1.84178e-5 0 1 -1.84178e-5 -1 -1.00231e-6 0 6.16746e-6 -1.67042e-5 1 0 -1.67042e-5 1 1.17049e-5 0.5000133 0.8660178 0 0.5000128 0.8660179 -1.17123e-5 -1.71326e-5 1 -6.16856e-6 0.5000128 0.8660179 3.49414e-5 -0.500008 -0.8660207 -1 2.87592e-6 -4.0859e-5 -1 -5.87702e-5 2.26498e-5 -1 1.0805e-6 0 -0.7071074 -6.09457e-6 -0.7071062 -1 -2.55555e-5 -6.22869e-6 -1 -2.45385e-5 3.60906e-5 -0.7070996 -1.61082e-5 -0.707114 -1.02222e-5 -0.4999474 -0.8660558 -1 8.42661e-6 3.23821e-5 -1 8.78973e-7 0 -2.15322e-5 -6.20931e-5 -1 -1 -8.53837e-6 3.56063e-5 -1 -1.03433e-5 3.43919e-5 -0.7071092 -2.78223e-5 -0.7071045 -1 -7.17714e-5 1.2368e-5 1.6883e-5 -6.40005e-6 -1 -5.01996e-6 -0.2323829 0.9726244 0 -0.2323829 0.9726244 -1.88872e-6 -1.24872e-5 1 4.1063e-7 -0.5000047 0.8660227 0 -0.5000047 0.8660227 1.30758e-6 -0.2323915 0.9726223 -1.3113e-6 -0.5000038 0.8660233 -4.10089e-7 -0.2323905 0.9726226 0 -0.2323905 0.9726226 0 -1.23605e-5 1 1.85147e-6 -0.2323828 0.9726244 5.02405e-6 -1.23605e-5 1 -2.3447e-5 -0.5000081 -0.8660207 0 -0.5000081 -0.8660207 1.17272e-5 -0.8660221 -0.5000059 0 -0.5000039 -0.8660232 -1.32993e-6 -0.2323907 -0.9726225 -4.1063e-7 -0.5000039 -0.8660232 -1 1.60475e-5 0 -1.85147e-5 -0.866019 -0.5000114 0 -0.866019 -0.5000114 1.16155e-5 -1 1.88965e-5 0 -0.8660215 -0.5000067 -1.15633e-5 -0.5000072 -0.8660212 2.34553e-5 -0.8660216 -0.5000067 -1 1.60556e-5 0 -1.8518e-5 -1 -1.90139e-5 0 -1 -1.90139e-5 1.17049e-5 -0.866019 0.5000112 -1 -1.57165e-5 0 -1.1608e-5 -0.8660187 -0.5000116 1.8518e-5 -1 1.85072e-5 0 -1 1.85072e-5 -2.34553e-5 -0.8660219 0.5000061 0 -0.8660219 0.500006 1.16229e-5 -0.5000078 0.8660209 -1.15708e-5 -1 -1.84514e-5 1.85147e-5 -0.8660187 0.5000118 0 -0.8660187 0.5000118 -1 -4.92526e-7 0 -1.15633e-5 -0.8660218 0.5000063 2.3447e-5 -0.5000076 0.8660212 0 -0.5000076 0.866021 3.50643e-5 0.5000005 -0.8660251 -1 3.83854e-5 1.18911e-5 -1 -9.83477e-6 -4.99189e-5 -7.36117e-6 0.4999719 -0.8660416 -2.33948e-5 -4.8846e-5 -1 -1 2.30372e-5 -1.017e-5 -9.22754e-6 0.8660018 -0.500041 -1 5.48363e-6 1.1161e-5 -1 -1.87755e-6 1.7941e-5 2.05636e-5 0.5000372 -0.866004 -1 -3.56883e-5 -4.42564e-5 1.05202e-5 0.8660175 -0.5000138 -1.90362e-6 1 5.07981e-5 -1 2.5034e-6 -1.13696e-5 -1 -1.04904e-5 3.59714e-5 -2.51532e-5 0.8659946 -0.5000536 -1 7.10413e-6 1.53929e-5 -5.51343e-6 1 2.83718e-5 1.25766e-5 0.5000335 0.8660061 -1 1.60635e-5 -1.98185e-5 -1 1.23605e-5 -3.30135e-5 -1.72332e-5 0.8660296 0.4999928 -1 4.85182e-5 -1.54078e-5 2.85208e-5 0.5000444 0.8659997 -2.25604e-5 1 -3.84748e-5 -1 -1.86265e-7 -3.16054e-5 -9.44734e-6 0.8660419 0.4999715 1.33738e-5 -0.4999935 0.8660292 -1.27e-5 -8.43406e-6 1 1.23637e-5 -8.43406e-6 1 -1.33142e-5 0.4999926 0.8660298 1.27e-5 7.37607e-6 1 -1.23637e-5 7.34627e-6 1 1.23637e-5 0.4999936 0.8660292 1.33738e-5 8.65757e-6 1 -1.27e-5 0.4999936 0.8660292 -0.7071429 -2.30819e-5 0.7070707 -2.52128e-5 -2.58535e-6 1 -1.40965e-5 0.5000073 0.8660212 1.27e-5 -0.4999927 0.8660297 -1.23637e-5 -0.4999927 0.8660297 -1.33067e-5 -7.49901e-6 1 0.7071428 2.31117e-5 0.7070708 2.50637e-5 2.63751e-6 1 1.40071e-5 -0.5000073 0.8660213 1 -1.12876e-5 -3.39821e-5 1.95876e-5 -6.18994e-5 1 1 -9.23872e-6 -3.4526e-5 0.7071544 1.00415e-5 0.7070593 1 -7.54669e-5 -4.5687e-5 2.74922e-5 -1.56909e-5 1 7.39098e-6 0.4999454 0.8660569 4.29749e-5 -5.21243e-5 1 1 -3.93391e-5 -4.50574e-5 1.27e-5 -0.8660211 0.5000077 -1.23637e-5 -0.866021 0.5000077 -1.3344e-5 -0.5000062 0.8660219 1 4.13954e-5 -5.18262e-5 -1.16825e-5 -0.5000045 0.8660228 -7.27177e-6 -0.8659949 0.500053 1.23637e-5 -0.5000081 0.8660209 1.33589e-5 -0.8660222 0.5000058 -1.27e-5 -0.5000081 0.8660208 1 2.87862e-5 5.52363e-5 -1.39475e-5 -0.4999918 0.8660301 1 -6.4522e-5 -2.38419e-6 1 -7.27996e-5 3.68655e-5 -4.72683e-5 -0.5000208 0.8660135 1 2.30372e-5 6.91116e-5 0.7070996 -1.61082e-5 0.707114 1.02222e-5 -0.4999474 0.8660558 1 8.42661e-6 -3.23821e-5 1.26846e-5 -1 8.85129e-6 -1.24871e-5 -1 8.85129e-6 -1.33663e-5 -0.8660289 0.4999939 1 -9.11951e-6 4.1455e-5 1.04308e-5 -0.8660008 0.5000428 -1.72984e-5 -1 3.9041e-6 1.23637e-5 -0.8660293 0.4999933 1.33663e-5 -1 8.23476e-6 -1.27e-5 -0.8660293 0.4999933 1 1.51992e-6 2.73287e-5 1 -1.91927e-5 9.32813e-6 1.06376e-5 -0.8660299 0.4999923 1 1.3724e-5 3.89442e-5 -5.54323e-6 -0.8660327 0.4999873 1 1.75834e-6 -4.07249e-5 1.27e-5 -0.866029 -0.4999938 -1.23637e-5 -0.866029 -0.4999938 -1.33589e-5 -1 -8.86433e-6 1 4.86895e-6 -2.84314e-5 -7.36117e-6 -1 -1.73897e-5 -2.13385e-5 -0.8660388 -0.4999768 1.24871e-5 -1 -8.24034e-6 1.33589e-5 -0.8660293 -0.4999933 -1.26846e-5 -1 -8.21054e-6 1.27e-5 -0.5000066 -0.8660216 -8.68422e-5 -0.5000066 -0.8660216 -1.33365e-5 -0.8660212 -0.5000073 1 1.97217e-5 -3.63067e-5 -1.26362e-5 -0.8659999 -0.5000442 8.31485e-6 -0.5000243 -0.8660114 1.23637e-5 -0.8660215 -0.500007 1.3411e-5 -0.500007 -0.8660215 -1.27e-5 -0.8660215 -0.500007 1 3.48687e-6 1.29938e-5 -3.8147e-6 -0.8660359 -0.4999819 1 -8.9407e-7 3.79086e-5 1.27e-5 -7.21216e-6 -1 -1.23637e-5 -7.21216e-6 -1 -1.33142e-5 -0.4999924 -0.8660299 1 3.42131e-5 2.60174e-5 -1.15931e-5 -0.4999463 -0.8660565 2.78652e-5 5.20795e-5 -1 1.23637e-5 -0.4999938 -0.8660291 1.33142e-5 -8.73208e-6 -1 -1.27e-5 -0.4999938 -0.8660291 1 -4.47929e-5 -1.43349e-5 -1.67284e-5 -0.4999718 -0.8660417 1 -5.16772e-5 -6.25849e-6 1 1.80006e-5 3.90112e-5 -7.80821e-6 -0.4999635 -0.8660466 1 2.59876e-5 2.25604e-5 1.33067e-5 0.4999936 -0.8660292 -1.27e-5 8.53837e-6 -1 1.23637e-5 8.52346e-6 -1 0.7071048 4.10639e-5 -0.7071089 1 -7.25612e-5 3.89516e-5 -9.69693e-6 2.20835e-5 -1 1.27e-5 0.4999926 -0.8660297 -1.23637e-5 0.4999926 -0.8660297 -1.33067e-5 7.4096e-6 -1 0.7071146 -1.3411e-5 -0.707099 -1.48416e-5 -5.45382e-6 -1 -2.15471e-5 0.5000074 -0.8660212 -0.7071145 1.34856e-5 -0.7070991 1.50204e-5 5.53206e-6 -1 2.16067e-5 -0.5000073 -0.8660213 1 4.00917e-6 0 1 -1.0805e-6 0 1 7.88133e-7 0 1 -4.29384e-6 0 1 6.48032e-6 0 0.7071337 -3.47383e-5 0.7070799 1 -7.64057e-6 -1.88053e-5 1 -2.33576e-6 -2.41101e-5 1 -3.51588e-6 0 1 6.89526e-6 0 -9.32999e-6 0.4999774 0.8660385 1 6.67572e-6 1.7494e-5 1 -1.21891e-5 3.20673e-5 1 1.57174e-5 0 7.87154e-6 0.8660345 0.4999845 1 -1.49608e-5 -3.86089e-5 1 -1.32322e-5 -1.20178e-5 1 -1.60554e-5 0 8.37445e-6 0.5000264 0.8660102 1 -1.70171e-5 3.61502e-5 -1.63913e-5 0.8660011 0.5000422 -5.66244e-6 0.8660328 -0.4999873 1 -1.75834e-6 4.06206e-5 1 -1.3724e-5 -3.89442e-5 1 -1.60466e-5 0 -1.00303e-5 1 -3.47197e-6 1 2.05636e-6 -4.00618e-5 1.78814e-5 0.8660007 -0.5000429 -1.95503e-5 0.8660407 0.4999735 1 -1.76392e-6 2.68072e-5 -1.27554e-5 1 1.28821e-5 1 -7.88053e-6 0 -6.04987e-6 0.4999879 -0.8660324 1 3.56436e-5 3.11136e-5 1 3.46377e-5 5.08875e-6 -4.39025e-6 0.8660481 -0.4999609 1 -2.61366e-5 -5.33462e-6 -1.2368e-5 0.5000326 -0.8660066 1 7.0318e-6 0 -5.52554e-6 0.4999831 -0.8660352 1 4.10974e-5 2.75373e-5 1 -1.54972e-6 8.19564e-6 1 1.05084e-6 0 1 -8.10376e-7 0 -1.8388e-5 0.4999552 -0.8660514 1 1.83471e-7 9.47714e-6 1 5.20609e-6 9.56654e-6 1 -1.96709e-6 0 1 4.0094e-6 0 0.70708 1.35228e-5 -0.7071335 1 -3.92646e-6 -2.61366e-5 1 1.87904e-5 -3.2872e-5 0.7070996 1.61082e-5 -0.707114 1.02222e-5 0.4999474 -0.8660558 1 -8.42661e-6 3.23821e-5 1 -8.58804e-6 0 1 -3.88818e-6 0 1 1.60465e-5 0 1 1.60554e-5 0 1 -1.57173e-5 0 1.27e-5 0.8660212 -0.5000076 -1.23637e-5 0.8660212 -0.5000076 -1.3344e-5 0.5000063 -0.8660218 1.23637e-5 0.5000079 -0.8660209 1.33514e-5 0.8660221 -0.500006 -1.27e-5 0.5000079 -0.8660209 1.27522e-5 1 -7.92742e-6 -1.24195e-5 1 -7.92742e-6 -1.32918e-5 0.8660295 -0.499993 1.23637e-5 0.8660295 -0.499993 1.33589e-5 1 -7.88644e-6 -1.27e-5 0.8660295 -0.499993 1.27e-5 0.8660292 0.4999936 -1.23637e-5 0.8660292 0.4999936 -1.33589e-5 1 8.54768e-6 1.23519e-5 1 8.53837e-6 1.32248e-5 0.8660291 0.4999936 -1.28198e-5 1 8.56817e-6 1.27e-5 0.5000064 0.8660218 -8.68422e-5 0.5000064 0.8660217 -1.3344e-5 0.8660211 0.5000075 1.23637e-5 0.8660215 0.5000068 1.33365e-5 0.5000072 0.8660213 -1.27e-5 0.8660215 0.5000067 -1 -3.1304e-6 0 2.5543e-5 -1.60187e-5 1 0 -1.60038e-5 1 6.46897e-6 0.5000138 0.8660175 -1 1.9565e-6 0 2.55475e-5 -0.5000137 0.8660175 0 -0.5000137 0.8660175 6.51926e-6 1.61855e-5 1 0 1.74642e-5 1 -6.51926e-6 -0.5000126 0.8660182 -2.5543e-5 1.74642e-5 1 2.91167e-5 0.5000073 0.8660213 0 0.5000073 0.8660213 6.49877e-6 0.8660216 0.5000066 0 0.5000125 0.8660182 -6.67013e-6 -1.7541e-5 1 -2.55475e-5 0.5000125 0.8660183 3.26131e-6 0.8660144 0.500019 0 0.8660144 0.500019 5.465e-6 0.9664989 0.256671 -1 -1.1444e-6 0 -6.62915e-6 0.5000069 0.8660214 -2.91271e-5 0.8660214 0.500007 0 0.8660214 0.500007 -1 3.59547e-6 0 -1 -3.58662e-6 0 1.78922e-6 0.9664999 0.2566671 0 0.9664999 0.2566671 5.38304e-6 1 -1.39936e-5 -5.46128e-6 0.8660145 0.500019 -3.26367e-6 0.9664989 0.256671 0 0.9664989 0.2566711 2.29216e-6 -0.968218 -0.2501081 6.45196e-6 -0.968218 -0.2501081 -7.94791e-6 -0.866027 -0.4999973 6.64356e-6 -1 -3.55393e-6 6.0183e-6 -1 -3.55393e-6 -1.29659e-5 -0.9682203 -0.2500991 1.29491e-5 -1 -4.36511e-6 -6.65108e-6 -0.9682201 -0.2500998 -6.02512e-6 -0.9682201 -0.2500998 1.08734e-5 -0.866022 -0.500006 1.23659e-5 -0.866022 -0.500006 -2.73604e-5 -0.5000079 -0.8660209 7.95908e-6 -0.9682174 -0.2501102 -2.28974e-6 -0.8660259 -0.4999992 -6.44516e-6 -0.8660259 -0.4999992 1.20769e-5 -0.5000136 -0.8660176 1.23659e-5 -0.5000136 -0.8660176 1.97832e-5 1.62353e-5 -1 2.70586e-5 -0.8660217 -0.5000066 -1.08695e-5 -0.5000074 -0.8660212 -1.23615e-5 -0.5000074 -0.8660212 1.20747e-5 -1.61529e-5 -1 1.23637e-5 -1.61529e-5 -1 1.99061e-5 0.5000137 -0.8660175 -1.97887e-5 -0.5000124 -0.8660182 -1.20747e-5 1.76132e-5 -1 -1.23637e-5 1.76281e-5 -1 1.08695e-5 0.5000076 -0.866021 1.23615e-5 0.5000076 -0.866021 -2.72468e-5 0.8660218 -0.5000063 -1.23659e-5 0.5000123 -0.8660184 -1.97832e-5 -1.77878e-5 -1 -1.20769e-5 0.5000123 -0.8660184 2.28974e-6 0.866027 -0.4999973 6.44515e-6 0.866027 -0.4999973 -7.95722e-6 0.968218 -0.250108 2.72375e-5 0.5000076 -0.866021 -1.08734e-5 0.8660218 -0.5000063 -1.23659e-5 0.8660218 -0.5000063 -1 3.58661e-6 0 6.65108e-6 0.9682202 -0.2500994 6.02512e-6 0.9682202 -0.2500994 -1.29472e-5 1 -3.89991e-6 7.94791e-6 0.8660259 -0.4999993 -2.29216e-6 0.9682174 -0.2501102 -6.45196e-6 0.9682174 -0.2501102 3.26367e-6 -0.9664989 0.256671 0 -0.9664989 0.2566711 5.46128e-6 -0.8660145 0.500019 1.78725e-6 -1 -1.32769e-5 0 -1 -1.3262e-5 5.38677e-6 -0.9664996 0.2566679 0 -0.9664995 0.2566686 -5.38118e-6 -1 -1.25198e-5 -1.78922e-6 -0.9664995 0.2566686 2.91271e-5 -0.8660216 0.5000067 0 -0.8660216 0.5000067 6.32182e-6 -0.5000073 0.8660213 0 -0.8660144 0.500019 -5.465e-6 -0.9664989 0.256671 -3.26131e-6 -0.8660144 0.500019 0 -0.5000072 0.8660213 -6.37956e-6 -0.8660216 0.5000067 -2.91167e-5 -0.5000072 0.8660213 -7.0375e-6 -0.8660188 -0.5000117 0 -0.8660188 -0.5000117 6.51926e-6 -1 1.85333e-5 -6.51553e-6 -0.8660188 -0.5000117 7.03877e-6 -1 1.85072e-5 -2.27545e-6 1 1.44839e-5 1.23836e-5 1 1.44839e-5 -6.73719e-6 0.8655945 0.5007459 -6.0183e-6 1 -4.70877e-6 1.29957e-5 0.9682201 -0.2501002 -6.64356e-6 1 -4.70877e-6 -1 7.95897e-6 0 -1 1.58613e-7 0 -1.44995e-5 0.8655974 0.5007408 1.2346e-5 0.8655974 0.5007408 2.16439e-6 0.5000202 0.8660138 -1.23836e-5 0.8655944 0.5007458 6.73905e-6 1 1.44867e-5 2.27545e-6 0.8655944 0.5007458 -3.67526e-7 -0.8579509 -0.5137317 0 -0.8579509 -0.5137317 2.72878e-7 -0.8660182 -0.5000125 2.60959e-5 -0.4999917 -0.8660302 0 -0.4999917 -0.8660302 6.61612e-6 -0.8579453 -0.5137413 0 -0.8579453 -0.5137413 -6.61612e-6 -0.4999917 -0.8660302 -2.61055e-5 -0.8579453 -0.5137413 0 -0.8660182 -0.5000126 -2.90107e-7 -0.8579509 -0.5137317 3.46034e-7 -0.8660182 -0.5000126 -1 2.34779e-6 0 2.5543e-5 1.61082e-5 -1 0 1.61082e-5 -1 6.59376e-6 -0.5000137 -0.8660175 0 -0.5000126 -0.8660182 -6.51926e-6 1.74511e-5 -1 -2.55475e-5 -0.5000126 -0.8660182 1.20769e-5 0.5000137 0.8660175 1.23659e-5 0.5000137 0.8660175 1.99042e-5 -1.6127e-5 1 -1.23416e-5 0.5000202 0.8660139 -2.16626e-6 0.8655974 0.5007408 1.44943e-5 0.5000202 0.8660139 1.20747e-5 1.60784e-5 1 1.23637e-5 1.60784e-5 1 1.99042e-5 -0.5000139 0.8660175 -1.23637e-5 -1.77026e-5 1 -1.9785e-5 0.5000123 0.8660184 -1.20747e-5 -1.77175e-5 1 -1.44943e-5 -0.5000203 0.8660137 1.23416e-5 -0.5000203 0.8660137 1.97999e-6 -0.8655974 0.5007407 -1.97832e-5 1.78623e-5 1 -1.20769e-5 -0.5000123 0.8660184 -1.23659e-5 -0.5000123 0.8660184 -1 -7.95897e-6 0 -2.27545e-6 -0.8655946 0.5007455 1.23836e-5 -0.8655946 0.5007455 -6.73905e-6 -1 1.41736e-5 -1.98185e-6 -0.5000199 0.8660139 1.44995e-5 -0.8655971 0.5007411 -1.2346e-5 -0.8655971 0.5007411 2.61055e-5 0.857945 -0.5137416 0 0.857945 -0.5137416 6.49132e-6 0.4999914 -0.8660304 -3.46034e-7 0.8660182 -0.5000126 0 0.8660182 -0.5000126 2.90107e-7 0.8579509 -0.5137317 -2.72878e-7 0.8660182 -0.5000125 3.67526e-7 0.8579509 -0.5137317 0 0.8579509 -0.5137317 2.55475e-5 0.5000137 -0.8660176 0 0.5000137 -0.8660176 6.51926e-6 -1.62749e-5 -1 -6.49504e-6 0.8579453 -0.5137412 -2.60959e-5 0.4999918 -0.8660302 0 0.4999918 -0.8660302 -6.66827e-6 0.5000127 -0.8660181 -2.5543e-5 -1.7345e-5 -1 0 -1.7345e-5 -1 -7.03876e-6 1 1.88649e-5 0 1 1.88649e-5 6.51553e-6 0.866019 -0.5000113 0 1 -1.32769e-5 -5.35324e-6 0.9664998 0.2566679 -1.78725e-6 1 -1.32769e-5 -6.51926e-6 1 1.89366e-5 7.0375e-6 0.866019 -0.5000113 0 0.866019 -0.5000113 -1.23836e-5 -1 1.41859e-5 6.73719e-6 -0.8655946 0.5007455 2.27545e-6 -1 1.41561e-5 1 -3.1304e-6 0 1 3.1304e-6 0 1 7.63035e-7 0 1 -1.22741e-5 0 1 -1.96327e-6 0 1 6.5503e-6 0 1 -3.4332e-6 0 1 1.9565e-6 0 1 1.14455e-6 0 1 6.10346e-6 0 1 -1.18194e-5 0 1 -5.25615e-6 0 1 1.96328e-6 0 1 7.95897e-6 0 1 -7.89511e-7 0</float_array>
          <technique_common>
            <accessor source="#__001-mesh-normals-array" count="4605" stride="3">
              <param name="X" type="float"/>
              <param name="Y" type="float"/>
              <param name="Z" type="float"/>
            </accessor>
          </technique_common>
        </source>
        <source id="__001-mesh-map-0">
          <float_array id="__001-mesh-map-0-array" count="12492">0.5382342 0.7537884 0.5540075 0.7605283 0.552653 0.7609797 0.2219583 0.7239925 0.2211202 0.7269831 0.2212443 0.7255607 0.5394458 0.7641361 0.5382342 0.7537884 0.552653 0.7609797 0.743974 0.6553041 0.7431241 0.6688889 0.7431241 0.6553097 0.2219583 0.7239925 0.2219583 0.7271248 0.2211202 0.7269831 0.5382342 0.7537884 0.5552636 0.7598491 0.5540075 0.7605283 0.2219583 0.7239925 0.2212443 0.7255607 0.2211202 0.7241382 0.5542676 0.7528184 0.5587298 0.7511265 0.5552636 0.7598491 0.6501703 0.7370681 0.6495101 0.7365318 0.6501703 0.727169 0.550969 0.7565259 0.5552636 0.7598491 0.5382342 0.7537884 0.550969 0.7565259 0.5542676 0.7528184 0.5552636 0.7598491 0.5505612 0.7495347 0.5517155 0.7449091 0.5587298 0.7511265 0.3325918 0.6694165 0.331339 0.6683356 0.3325918 0.6613782 0.5542676 0.7528184 0.5505612 0.7495347 0.5587298 0.7511265 0.6529058 0.736741 0.6525593 0.7274085 0.6537348 0.7370309 0.6537348 0.7271691 0.6537348 0.7370309 0.6525593 0.7274085 0.5505612 0.7495347 0.5382342 0.7433673 0.5517155 0.7449091 0.7458769 0.6555765 0.7449972 0.6688734 0.7449972 0.6553041 0.9396004 0.8930973 0.9396004 0.9036759 0.9389205 0.8935289 0.7458769 0.6555765 0.7458024 0.6688903 0.7449972 0.6688734 0.5472626 0.7532421 0.5382342 0.7537884 0.5382342 0.7433673 0.9659406 0.7459731 0.9681749 0.7249503 0.9675964 0.7353553 0.5505612 0.7495347 0.5472626 0.7532421 0.5382342 0.7433673 0.9659406 0.7246501 0.9681749 0.7249503 0.9659406 0.7459731 0.364831 0.6613782 0.3639454 0.6659087 0.3626472 0.6640656 0.364831 0.6656565 0.3639454 0.6659087 0.364831 0.6613782 0.9659406 0.7459731 0.9675964 0.7353553 0.9682316 0.7457543 0.550969 0.7565259 0.5382342 0.7537884 0.5472626 0.7532421 0.7440623 0.6686271 0.7431241 0.6688889 0.743974 0.6553041 0.2030543 0.7241237 0.2038061 0.7262988 0.2030543 0.7269179 0.9625682 0.6011338 0.9626 0.5780084 0.96614 0.5785492 0.8291025 0.754743 0.8291025 0.7315024 0.8326471 0.7310914 0.8310556 0.8992743 0.8346002 0.8756227 0.8346002 0.8988633 0.9725068 0.7390928 0.9725068 0.7164483 0.9761433 0.7173024 0.9661093 0.6016746 0.9625682 0.6011338 0.96614 0.5785492 0.9767792 0.797592 0.9767758 0.6940433 0.9731652 0.6940259 0.9725068 0.7390928 0.9761433 0.7173024 0.9761434 0.7399471 0.9767792 0.797592 0.9731652 0.6940259 0.9731674 0.7975746 0.7661719 0.6553042 0.7662523 0.6683923 0.7654721 0.6684723 0.206485 0.7241237 0.207153 0.7255477 0.206485 0.7259588 0.7654721 0.6563977 0.7661719 0.6553042 0.7654721 0.6684723 0.7735121 0.6603436 0.780196 0.6553042 0.780196 0.6673788 0.7735121 0.6603436 0.780196 0.6673788 0.7694517 0.6676155 0.2268733 0.7308022 0.2284455 0.720107 0.2284455 0.7308539 0.3594594 0.6677871 0.3591179 0.6694135 0.3591179 0.6661914 0.3584126 0.6665812 0.3591179 0.6661914 0.3591179 0.669431 0.2186183 0.7241 0.2179452 0.7200304 0.2186183 0.7191517 0.2203087 0.7241226 0.2194692 0.7219421 0.2203087 0.7191516 0.2186183 0.7241 0.2153369 0.7230644 0.2179452 0.7200304 0.9610453 0.7046523 0.9610453 0.722123 0.9602422 0.713819 0.1981635 0.7454596 0.1961455 0.7445163 0.1981635 0.7270537 0.2134609 0.7241805 0.2134609 0.7191516 0.2153369 0.7203528 0.6469773 0.7277082 0.6469773 0.7369837 0.6449943 0.7288944 0.2268773 0.7195125 0.2284455 0.720107 0.2268733 0.7308022 0.3584126 0.6661914 0.3584126 0.6695091 0.3582613 0.6678395 0.1933255 0.7191517 0.191061 0.7244338 0.1912889 0.7212513 0.1933717 0.7244338 0.191061 0.7244338 0.1933255 0.7191517 0.2268773 0.7195125 0.2268733 0.7308022 0.2254012 0.7307189 0.2254012 0.7191517 0.2268773 0.7195125 0.2254012 0.7307189 0.9485185 0.888501 0.9485185 0.9037475 0.9409838 0.8948637 0.8565104 0.655426 0.8569912 0.6553042 0.8569912 0.6666243 0.1933255 0.7191517 0.1912889 0.7212513 0.1912506 0.7207568 0.3304653 0.6615349 0.331339 0.6613781 0.331339 0.6694585 0.6942324 0.6560387 0.6942324 0.6693489 0.6872136 0.6653453 0.8560503 0.6555638 0.8565104 0.655426 0.8569912 0.6666243 0.7349534 0.6619119 0.7316066 0.668698 0.7251591 0.6553041 0.7381717 0.6553041 0.7349534 0.6619119 0.7251591 0.6553041 0.765374 0.6563479 0.7654719 0.6685177 0.7645842 0.6685088 0.6923611 0.655416 0.6942324 0.6560387 0.6872136 0.6653453 0.6901841 0.6553041 0.6923611 0.655416 0.6872136 0.6653453 0.8032217 0.6553041 0.8132662 0.6674669 0.8027948 0.6674669 0.7645842 0.6553041 0.765374 0.6563479 0.7645842 0.6685088 0.1933255 0.7191517 0.1912506 0.7207568 0.191193 0.7202799 0.9085441 0.7235551 0.90641 0.7221286 0.9085441 0.7148693 0.2051565 0.7350242 0.201548 0.7346414 0.1981635 0.7270537 0.1981635 0.7429083 0.201548 0.7346414 0.1996287 0.7450445 0.2051565 0.7350242 0.1996287 0.7450445 0.201548 0.7346414 0.191061 0.7191517 0.1884843 0.7235655 0.1887621 0.721613 0.191061 0.7244602 0.1884843 0.7235655 0.191061 0.7191517 0.3287947 0.669385 0.3277978 0.6613782 0.3304653 0.6613782 0.191061 0.7191517 0.1887621 0.721613 0.1884829 0.7194511 0.8095629 0.660232 0.8132662 0.6674669 0.8032217 0.6553041 0.9579248 0.7046522 0.9602423 0.7058208 0.9579248 0.7223626 0.4868357 0.7367168 0.4861305 0.7455016 0.4861305 0.7285447 0.3465092 0.6613782 0.3468335 0.6649641 0.3463998 0.6684333 0.8769253 0.6177467 0.8837286 0.5863544 0.8867089 0.5881822 0.3440071 0.6676511 0.3465092 0.6613782 0.3463998 0.6684333 0.1495001 0.7474161 0.1495001 0.7381982 0.1518685 0.7390509 0.8769253 0.6177467 0.8769253 0.5809413 0.8837286 0.5863544 0.8769253 0.6177467 0.8867089 0.5881822 0.8901086 0.5893681 0.3440071 0.6676511 0.3440071 0.6620488 0.3465092 0.6613782 0.8346102 0.8083221 0.848261 0.7489203 0.8592431 0.745702 0.8346102 0.8083221 0.8346102 0.7770771 0.848261 0.7489203 0.9218764 0.6216021 0.9195281 0.6204453 0.9218764 0.6065471 0.1907628 0.7361292 0.1885427 0.7457236 0.1885427 0.7270537 0.3731875 0.6695964 0.3731875 0.6657467 0.3757351 0.6662626 0.9175198 0.80571 0.9175198 0.7126539 0.9110156 0.705304 0.1029476 0.7342893 0.1085245 0.7018846 0.1125391 0.7031039 0.8346102 0.8877547 0.8536363 0.8620486 0.8536363 0.9031122 0.2102297 0.723523 0.2122583 0.7447935 0.2102297 0.7451624 0.1029476 0.7342893 0.1070204 0.6986556 0.1085245 0.7018846 0.8345522 0.7367728 0.8358334 0.7261533 0.8358334 0.747516 0.1028853 0.8148228 0.1070173 0.8148049 0.1070204 0.6986556 0.1029476 0.7342893 0.1028853 0.8148228 0.1070204 0.6986556 0.9377405 0.9040351 0.9356563 0.8933966 0.9377405 0.8930972 0.2173894 0.7240999 0.2173894 0.7275356 0.2153369 0.7270661 0.9028564 0.616383 0.9048448 0.6541063 0.9028564 0.6647639 0.8957327 0.8057101 0.8849831 0.7104846 0.8821011 0.7126537 0.1028853 0.8148228 0.1029476 0.7676569 0.1070173 0.8148049 0.2052826 0.7260451 0.206485 0.7241237 0.206485 0.7265622 0.1687536 0.7191516 0.1710129 0.7268581 0.1687536 0.7277756 0.3835592 0.6646965 0.3804085 0.6613782 0.3827646 0.6626085 0.9259299 0.7229502 0.9237031 0.7088107 0.9259299 0.7073717 0.3835592 0.6646965 0.3804085 0.665596 0.3804085 0.6613782 0.8957327 0.8057101 0.8891339 0.7112336 0.8849831 0.7104846 0.9633551 0.7126009 0.9660593 0.7041144 0.9660593 0.7216547 0.8957327 0.8057101 0.8957327 0.7157466 0.8891339 0.7112336 0.6378613 0.7353248 0.640128 0.743825 0.6378613 0.7447841 0.3385127 0.6677611 0.3385127 0.6621299 0.3408563 0.6613782 0.7243286 0.7099621 0.7383112 0.7429685 0.7295192 0.7432723 0.3411821 0.6648743 0.3408151 0.6684747 0.3408563 0.6613782 0.3385127 0.6677611 0.3408563 0.6613782 0.3408151 0.6684747 0.7243286 0.7099621 0.7418192 0.7431205 0.7383112 0.7429685 0.7243286 0.7099621 0.7453364 0.743973 0.7418192 0.7431205 0.9194715 0.6203722 0.9172832 0.6099591 0.9194715 0.6089483 0.8563961 0.7939288 0.8592431 0.745702 0.8632892 0.7350186 0.8563961 0.7939288 0.8632892 0.7350186 0.8924291 0.7235687 0.7243286 0.7099621 0.7494897 0.7129411 0.7453364 0.743973 0.8563961 0.7939288 0.8346102 0.8083221 0.8592431 0.745702 0.8917249 0.8048517 0.8782287 0.8537502 0.8727957 0.8559879 0.1795069 0.7248312 0.1771028 0.7248312 0.1786084 0.7191517 0.8686273 0.8170102 0.8727957 0.8559879 0.8482234 0.836485 0.01217865 0.7273697 0.0402615 0.7194086 0.04382342 0.7500631 0.8686273 0.8170102 0.8917249 0.8048517 0.8727957 0.8559879 0.8769253 0.583367 0.8742861 0.6186442 0.8742861 0.5809413 0.3520025 0.6649389 0.3524154 0.6613782 0.352301 0.6683363 0.3547402 0.6619908 0.352301 0.6683363 0.3524154 0.6613782 0.9063399 0.7821244 0.8840965 0.8541609 0.8782287 0.8537502 0.9237031 0.720576 0.9194219 0.7229286 0.9190257 0.7186759 0.8917249 0.8048517 0.9063399 0.7821244 0.8782287 0.8537502 0.3573288 0.6678789 0.3547402 0.6613782 0.3582613 0.6639574 0.3547402 0.6672882 0.3547402 0.6613782 0.3573288 0.6678789 0.9063399 0.7821244 0.8891732 0.8571341 0.8840965 0.8541609 0.923415 0.7174831 0.9190257 0.7186759 0.9194219 0.7131021 0.9237031 0.720576 0.9190257 0.7186759 0.923415 0.7174831 0.905588 0.8091379 0.8923984 0.8620486 0.8891732 0.8571341 0.9237031 0.7134295 0.9194219 0.7131021 0.9205277 0.7073718 0.9063399 0.7821244 0.905588 0.8091379 0.8891732 0.8571341 0.923415 0.7174831 0.9194219 0.7131021 0.9237031 0.7134295 0.9178192 0.8322194 0.9236801 0.859815 0.8923984 0.8620486 0.9011456 0.8916814 0.8977499 0.8905535 0.910827 0.8620486 0.9178192 0.8322194 0.8923984 0.8620486 0.905588 0.8091379 0.3516263 0.6683439 0.3516775 0.6613782 0.3520025 0.6649415 0.3515412 0.6683247 0.3516775 0.6613782 0.3516263 0.6683439 0.3492803 0.6674371 0.3492803 0.6619486 0.3516775 0.6613782 0.1753958 0.7252863 0.1753958 0.7191517 0.1771028 0.7209289 0.3514563 0.6683048 0.3492803 0.6674371 0.3516775 0.6613782 0.3515412 0.6683247 0.3514563 0.6683048 0.3516775 0.6613782 0.9657467 0.778631 0.9507938 0.8442443 0.9236801 0.859815 0.2056009 0.6924914 0.1797266 0.6763359 0.1808026 0.645745 0.9684267 0.767525 0.9657467 0.778631 0.9236801 0.859815 0.9409168 0.8200608 0.9684267 0.767525 0.9236801 0.859815 0.9178192 0.8322194 0.9409168 0.8200608 0.9236801 0.859815 0.1925885 0.7163464 0.1797266 0.6763359 0.2056009 0.6924914 0.9041133 0.8933873 0.9011456 0.8916814 0.910827 0.8620486 0.910827 0.8981376 0.9041133 0.8933873 0.910827 0.8620486 0.1925885 0.7163464 0.1841828 0.7118827 0.1797266 0.6763359 0.9730011 0.7874875 0.9684038 0.818444 0.9507938 0.8442443 0.2075332 0.6455646 0.1808026 0.645745 0.1797267 0.6152757 0.9657467 0.778631 0.9730011 0.7874875 0.9507938 0.8442443 0.2075332 0.6455646 0.2056009 0.6924914 0.1808026 0.645745 0.9409838 0.8930972 0.9162685 0.8930972 0.9203442 0.8620677 0.2056009 0.5988695 0.2075332 0.6455646 0.1797267 0.6152757 0.9507679 0.8988315 0.9485184 0.8999493 0.9485184 0.888501 0.9238615 0.8628932 0.9409838 0.8930972 0.9203442 0.8620677 0.3440071 0.6648568 0.3435875 0.6684451 0.3436669 0.6613782 0.3411821 0.6677209 0.3436669 0.6613782 0.3435875 0.6684451 0.3032494 0.7439513 0.2992177 0.7466035 0.2992177 0.7370647 0.9620146 0.8885011 0.9620146 0.8988328 0.9593019 0.8963729 0.9533841 0.8987211 0.9557868 0.8885011 0.9557868 0.899037 0.9409168 0.8200608 0.9508177 0.7416213 0.9684267 0.767525 0.9003168 0.5878984 0.9037142 0.5891185 0.8901087 0.6173313 0.3362395 0.6613782 0.3361157 0.6684783 0.3358297 0.6648797 0.3385127 0.6621408 0.3361157 0.6684783 0.3362395 0.6613782 0.3385127 0.6621408 0.3385127 0.6677858 0.3361157 0.6684783 0.9564222 0.7441599 0.9564222 0.7340366 0.9582476 0.7357375 0.9172551 0.7468996 0.923682 0.7259263 0.9508177 0.7416213 0.803408 0.815621 0.8244181 0.7031216 0.8203483 0.7342039 0.9409168 0.8200608 0.9287344 0.7969945 0.9508177 0.7416213 0.9294375 0.7699658 0.9508177 0.7416213 0.9287344 0.7969945 0.9294375 0.7699658 0.9172551 0.7468996 0.9508177 0.7416213 0.803408 0.815621 0.8158512 0.7955198 0.8244181 0.7031216 0.9476485 0.7054496 0.9407482 0.7943691 0.957673 0.6982623 0.897294 0.586084 0.9003168 0.5878984 0.8901087 0.6173313 0.8901087 0.5809413 0.897294 0.586084 0.8901087 0.6173313 0.9476485 0.7054496 0.9407482 0.7025809 0.9407482 0.7943691 0.8941087 0.7590429 0.8924291 0.7235687 0.923682 0.7259263 0.854729 0.5809413 0.8680948 0.5914672 0.854729 0.619816 0.9172551 0.7468996 0.8941087 0.7590429 0.923682 0.7259263 0.803408 0.815621 0.8203483 0.7342039 0.803408 0.7357733 0.8795425 0.7817854 0.8924291 0.7235687 0.8941087 0.7590429 0.8795425 0.7817854 0.8563961 0.7939288 0.8924291 0.7235687 0.7243286 0.7099621 0.7494897 0.7955198 0.7494897 0.7129411 0.9384585 0.6292906 0.9268249 0.6641184 0.9268249 0.6161311 0.01171869 0.8069608 0.04382342 0.7920358 0.04026508 0.8160423 0.01171869 0.8069608 0.01763719 0.7710208 0.04382342 0.7920358 0.8563961 0.7939288 0.8482234 0.836485 0.8346102 0.8083221 0.01171869 0.8069608 0.04026508 0.8160423 0.0402615 0.7194086 0.8686273 0.8170102 0.8482234 0.836485 0.8563961 0.7939288 0.01217865 0.7273697 0.01171869 0.8069608 0.0402615 0.7194086 0.9294375 0.7699658 0.9287344 0.7969945 0.905588 0.8091379 0.9338483 0.7042253 0.9325854 0.7042251 0.9326192 0.8057101 0.9231866 0.6064717 0.9219678 0.6065472 0.9219678 0.5810119 0.9063399 0.7821244 0.9294375 0.7699658 0.905588 0.8091379 0.9231876 0.5809413 0.9231866 0.6064717 0.9219678 0.5810119 0.1125431 0.7225199 0.1137925 0.7225973 0.1137925 0.7478919 0.9338818 0.8057339 0.9338483 0.7042253 0.9326192 0.8057101 0.9618451 0.6407913 0.9630919 0.6407417 0.9630926 0.6660757 0.1125431 0.7225199 0.1137925 0.7478919 0.1125391 0.7478535 0.9618451 0.6661282 0.9618451 0.6407913 0.9630926 0.6660757 0.8373762 0.7417159 0.8361133 0.7417157 0.8361471 0.7162475 0.8917249 0.8048517 0.8941087 0.7590429 0.9063399 0.7821244 0.9207469 0.6064717 0.9195281 0.6065472 0.9195281 0.5810119 0.8917249 0.8048517 0.8795425 0.7817854 0.8941087 0.7590429 0.9207479 0.5809413 0.9207469 0.6064717 0.9195281 0.5810119 0.1137964 0.72252 0.1150459 0.7225973 0.1150459 0.747892 0.8374097 0.7162714 0.8373762 0.7417159 0.8361471 0.7162475 0.9630932 0.6407913 0.96434 0.6407417 0.96434 0.6660756 0.1137964 0.72252 0.1150459 0.747892 0.1137925 0.7478536 0.9630926 0.6661282 0.9630932 0.6407913 0.96434 0.6660756 0.4730427 0.7385322 0.4717798 0.738532 0.4718136 0.7130639 0.9219666 0.6064717 0.9207479 0.6065471 0.9207479 0.5810119 0.9219677 0.5809413 0.9219666 0.6064717 0.9207479 0.5810119 0.9657694 0.7164484 0.9670189 0.7165257 0.9670189 0.7418203 0.4730762 0.7130877 0.4730427 0.7385322 0.4718136 0.7130639 0.9643406 0.6407912 0.9655874 0.6407417 0.9655874 0.6660756 0.9657694 0.7164484 0.9670189 0.7418203 0.9657655 0.741782 0.96434 0.6661282 0.9643406 0.6407912 0.9655874 0.6660756 0.1642664 0.7954661 0.1661527 0.7934467 0.1661527 0.8418167 0.9658016 0.7668503 0.9612765 0.7216155 0.9773934 0.7216155 0.140415 0.7533721 0.1420699 0.7517203 0.1661527 0.7934467 0.167809 0.8799973 0.1443213 0.8393096 0.1700589 0.8793842 0.1681727 0.8814036 0.167809 0.8799973 0.1700589 0.8793842 0.1639052 0.8412245 0.1661527 0.8418167 0.142055 0.8838725 0.1639052 0.8666151 0.1681727 0.8814036 0.1661527 0.8672074 0.0997253 0.9060708 0.142055 0.8838725 0.1003277 0.9083248 0.1404145 0.8822252 0.142055 0.8838725 0.0997253 0.9060708 0.1404145 0.831444 0.1639052 0.8666151 0.142055 0.8330913 0.05414831 0.9067274 0.1003277 0.9083248 0.05218708 0.908643 0.0997253 0.9060708 0.1003277 0.9083248 0.05414831 0.9067274 0.04331576 0.8830538 0.05218708 0.908643 0.04166096 0.8847056 0.05274516 0.9063714 0.05218708 0.908643 0.04331576 0.8830538 0.05274516 0.9063714 0.05414831 0.9067274 0.05218708 0.908643 0.8616846 0.8620488 0.8786854 0.8842535 0.8616846 0.900305 0.04331576 0.8830538 0.04166096 0.8847056 0.02725595 0.8661056 0.9632833 0.8815298 0.9635393 0.8835398 0.9409838 0.888501 0.02894771 0.8643686 0.02725595 0.8661056 0.01757812 0.8429793 0.962928 0.8795064 0.9632833 0.8815298 0.9409838 0.888501 0.9583459 0.880676 0.962928 0.8795064 0.9409838 0.888501 0.9536055 0.8817917 0.9583459 0.880676 0.9409838 0.888501 0.9503371 0.8809394 0.9536055 0.8817917 0.9409838 0.888501 0.9480072 0.8771108 0.9503371 0.8809394 0.9409838 0.888501 0.9448885 0.8683499 0.9480072 0.8771108 0.9409838 0.888501 0.9409838 0.8620486 0.9448885 0.8683499 0.9409838 0.888501 0.9100744 0.5809413 0.9119751 0.5837969 0.9100744 0.6127445 0.02894771 0.8643686 0.04331576 0.8830538 0.02725595 0.8661056 0.9576218 0.8925736 0.959302 0.8988338 0.957581 0.8977643 0.1976094 0.7206931 0.2056009 0.6924914 0.2003229 0.7270537 0.01982802 0.842366 0.01757812 0.8429793 0.01757812 0.7946091 0.9576218 0.8925736 0.959302 0.8885011 0.959302 0.8988338 0.01982802 0.842366 0.02894771 0.8643686 0.01757812 0.8429793 0.9576218 0.8925736 0.957581 0.8977643 0.9557869 0.8967635 0.6525593 0.727169 0.6502308 0.7369815 0.6501704 0.7322528 0.9650897 0.5619574 0.9674615 0.5571467 0.9674295 0.5617207 0.6525593 0.727169 0.6525593 0.7366518 0.6502308 0.7369815 0.6525593 0.727169 0.6501704 0.7322528 0.6501996 0.727383 0.1986029 0.7241237 0.2009724 0.7241237 0.1991138 0.726944 0.3684809 0.6613782 0.3684809 0.6657782 0.364831 0.6634811 0.3731875 0.6616973 0.3740616 0.6613782 0.3731875 0.6657467 0.3753585 0.6631041 0.3731875 0.6657467 0.3740616 0.6613782 0.1816841 0.7270537 0.1816841 0.7460794 0.1797267 0.7364614 0.2230179 0.7274548 0.2231549 0.72347 0.2231549 0.7276857 0.3063427 0.596861 0.3063427 0.6134979 0.3061026 0.6134382 0.306265 0.5968393 0.3063427 0.596861 0.3061026 0.6134382 0.1687155 0.6820643 0.1687155 0.6902783 0.1686282 0.682066 0.3547402 0.6619908 0.3523866 0.6683195 0.352301 0.6683363 0.3535612 0.6995697 0.326505 0.7141782 0.3242938 0.7942322 0.4683868 0.7493934 0.4700396 0.7477357 0.4941875 0.7896547 0.3487514 0.7921017 0.3535612 0.6995697 0.3242938 0.7942322 0.3765856 0.6994566 0.3988019 0.7483555 0.3743522 0.746136 0.427576 0.725827 0.4281919 0.7235688 0.4700396 0.7477357 0.427576 0.725827 0.4700396 0.7477357 0.4683868 0.7493934 0.3614572 0.7295985 0.3242938 0.7490797 0.326505 0.7141782 0.4919098 0.8375089 0.4941875 0.7896547 0.4941648 0.8381087 0.3535612 0.6995697 0.3614572 0.7295985 0.326505 0.7141782 0.4919347 0.7902737 0.4941875 0.7896547 0.4919098 0.8375089 0.4683868 0.7493934 0.4941875 0.7896547 0.4919347 0.7902737 0.09334427 0.6583026 0.04575407 0.6643425 0.04664742 0.6412415 0.4827306 0.8596481 0.4941648 0.8381087 0.4844318 0.8613654 0.07992476 0.6262265 0.09334427 0.6583026 0.04664742 0.6412415 0.4919098 0.8375089 0.4941648 0.8381087 0.4827306 0.8596481 0.1052962 0.6978043 0.04316705 0.6875672 0.04575407 0.6643425 0.4683259 0.8784391 0.4844318 0.8613654 0.469976 0.8800914 0.09334427 0.6583026 0.1052962 0.6978043 0.04575407 0.6643425 0.4827306 0.8596481 0.4844318 0.8613654 0.4683259 0.8784391 0.1131209 0.7361901 0.0645135 0.7339109 0.04316705 0.6875672 0.4683259 0.8784391 0.469976 0.8800914 0.4280179 0.9043885 0.1052962 0.6978043 0.1131209 0.7361901 0.04316705 0.6875672 0.1158848 0.767657 0.05089741 0.767657 0.0645135 0.7339109 0.4260513 0.9024845 0.4280179 0.9043885 0.3797534 0.9044267 0.1131209 0.7361901 0.1158848 0.767657 0.0645135 0.7339109 0.4275026 0.9021062 0.4683259 0.8784391 0.4280179 0.9043885 0.4260513 0.9024845 0.4275026 0.9021062 0.4280179 0.9043885 0.03842091 0.7457795 0.03843617 0.7677192 0.08485352 0.7676569 0.3803692 0.9021685 0.3797534 0.9044267 0.3379056 0.8802598 0.07352387 0.7427636 0.03842091 0.7457795 0.08485352 0.7676569 0.1028853 0.7342588 0.07352387 0.7427636 0.08485352 0.7676569 0.3803692 0.9021685 0.4260513 0.9024845 0.3797534 0.9044267 0.2514135 0.7751941 0.2168532 0.7504101 0.2168685 0.7723499 0.2514135 0.7751941 0.2640037 0.7504724 0.2168532 0.7504101 0.3395584 0.8786021 0.3379056 0.8802598 0.3137577 0.8383408 0.3395584 0.8786021 0.3803692 0.9021685 0.3379056 0.8802598 0.90641 0.7017363 0.9087804 0.80571 0.9087804 0.7148692 0.8338072 0.7031085 0.8361133 0.7955197 0.8348937 0.703207 0.8361133 0.7261533 0.8338072 0.7031085 0.8348937 0.703207 0.9017081 0.8161432 0.9038874 0.8057101 0.9038874 0.7150594 0.2087756 0.7457467 0.2087756 0.7235229 0.2095859 0.7359574 0.8919069 0.8860824 0.894405 0.8620487 0.894405 0.8991869 0.4868361 0.7486954 0.4881737 0.7284684 0.4881737 0.7494915 0.9615892 0.7260241 0.9615892 0.746454 0.9604981 0.7447404 0.8605515 0.616383 0.8624582 0.6299127 0.8605515 0.6687975 0.856688 0.9033803 0.8558217 0.9033098 0.856688 0.8620486 0.2172833 0.6192868 0.2164149 0.5670832 0.2172833 0.567045 0.6548002 0.7780032 0.65279 0.8128252 0.6531724 0.7780572 0.8689176 0.6193178 0.8680948 0.6192761 0.8689176 0.5809413 0.6543225 0.8130452 0.64951 0.727169 0.65279 0.8128252 0.6548002 0.7780032 0.6543225 0.8130452 0.65279 0.8128252 0.6511415 0.7535734 0.6531724 0.7780572 0.64951 0.7538772 0.6511415 0.7535734 0.6548002 0.7780032 0.6531724 0.7780572 0.5698624 0.7254744 0.5685306 0.725107 0.5667738 0.817349 0.403641 0.7140147 0.3988019 0.7483555 0.3765856 0.6994566 0.5681105 0.8173404 0.5667738 0.817349 0.5685361 0.7827137 0.5681105 0.8173404 0.5698624 0.7254744 0.5667738 0.817349 0.2814571 0.7832981 0.2992177 0.7506421 0.2640037 0.7504724 0.3156591 0.7919414 0.3137577 0.8383408 0.3137577 0.789972 0.2514135 0.7751941 0.2814571 0.7832981 0.2640037 0.7504724 0.3160105 0.8377218 0.3395584 0.8786021 0.3137577 0.8383408 0.3156591 0.7919414 0.3160105 0.8377218 0.3137577 0.8383408 0.5733932 0.6978704 0.6325293 0.671823 0.6495102 0.7154157 0.3396193 0.7495564 0.3137577 0.789972 0.3379693 0.7479041 0.5724409 0.739816 0.5733932 0.6978704 0.6495102 0.7154157 0.5700529 0.7726882 0.5724409 0.739816 0.6495102 0.7154157 0.3160355 0.7904866 0.3137577 0.789972 0.3396193 0.7495564 0.3160355 0.7904866 0.3156591 0.7919414 0.3137577 0.789972 0.572512 0.6576187 0.6229817 0.6503465 0.6325293 0.671823 0.3396193 0.7495564 0.3379693 0.7479041 0.3566434 0.7334023 0.5733932 0.6978704 0.572512 0.6576187 0.6325293 0.671823 0.572512 0.6576187 0.6127513 0.6292455 0.6229817 0.6503465 0.3583584 0.7351058 0.3566434 0.7334023 0.3798424 0.7236298 0.3396193 0.7495564 0.3566434 0.7334023 0.3583584 0.7351058 0.4115755 0.8112109 0.3765856 0.6994566 0.3743522 0.7921017 0.3804427 0.7258893 0.3798424 0.7236298 0.4281919 0.7235688 0.572512 0.6576187 0.5700529 0.6252209 0.6127513 0.6292455 0.3583584 0.7351058 0.3798424 0.7236298 0.3804427 0.7258893 0.4115755 0.8112109 0.403641 0.7140147 0.3765856 0.6994566 0.3804427 0.7258893 0.4281919 0.7235688 0.427576 0.725827 0.8969483 0.7159007 0.8958019 0.7156926 0.8957327 0.8057373 0.5698664 0.7823398 0.5681105 0.8173404 0.5685361 0.7827137 0.9149651 0.8620486 0.9162685 0.8627443 0.9149651 0.8952091 0.8969483 0.8057101 0.8969483 0.7159007 0.8957327 0.8057373 0.856688 0.8620486 0.8579033 0.8625213 0.8574797 0.9027805 0.8701927 0.5811271 0.8689176 0.619192 0.8689176 0.5809413 0.8540377 0.8620486 0.8548302 0.8620486 0.8544496 0.9040032 0.856688 0.8620486 0.8574797 0.9027805 0.856688 0.902744 0.9038875 0.816329 0.9064101 0.8057101 0.9064101 0.7149443 0.8608478 0.8623241 0.8608478 0.902184 0.8600542 0.8620486 0.8581066 0.8749117 0.8600542 0.8620486 0.8608478 0.902184 0.8579034 0.8877793 0.8581066 0.8749117 0.8608478 0.902184 0.91859 0.6067806 0.91859 0.5809414 0.9195282 0.595274 0.910827 0.8849618 0.9131645 0.8620487 0.9131645 0.8966153 0.9053269 0.7141994 0.9038875 0.816329 0.9064101 0.7149443 0.9625021 0.7467983 0.9625021 0.725824 0.9637259 0.7267648 0.9509593 0.5741248 0.9509593 0.5273437 0.9524013 0.5392234 0.8616846 0.9012435 0.8608478 0.8621227 0.8616846 0.8620487 0.90895 0.6161311 0.9111855 0.6289881 0.90895 0.6695899 0.3177164 0.5333905 0.3277978 0.5332031 0.3148031 0.533827 0.8338072 0.8050014 0.831325 0.8053548 0.8291025 0.7955197 0.8338072 0.8050014 0.8291025 0.7310914 0.831325 0.8053548 0.4850199 0.5689201 0.4857624 0.6204 0.4850199 0.6207571 0.1585626 0.8070355 0.155698 0.8062356 0.1529271 0.7649707 0.2903657 0.6614409 0.2782579 0.6543524 0.3277978 0.6696124 0.1585626 0.8070355 0.1547753 0.7188999 0.155698 0.8062356 0.8880076 0.8862658 0.8841416 0.8992664 0.8841416 0.8620487 0.1543462 0.7518042 0.1585626 0.8070355 0.1529271 0.7649707 0.9017081 0.8169475 0.8979475 0.715093 0.8979475 0.8057101 0.8841416 0.8620487 0.8841416 0.8996971 0.8808023 0.8810129 0.9384943 0.6182028 0.9359696 0.6060155 0.9384943 0.5709754 0.9104019 0.7148723 0.9087804 0.7145344 0.9104019 0.80571 0.8377071 0.7955198 0.8377071 0.7162476 0.8361134 0.7959711 0.8919068 0.8874578 0.8880075 0.8991924 0.8880075 0.8620486 0.9607965 0.7260241 0.9592944 0.6910604 0.962502 0.7259086 0.962502 0.6791502 0.962502 0.7259086 0.9592944 0.6910604 0.8742861 0.5938879 0.8701926 0.6190276 0.8701926 0.5809413 0.8977499 0.8620487 0.8977499 0.8990877 0.894405 0.8804371 0.3077405 0.5346238 0.3148031 0.533827 0.3021475 0.536162 0.3077405 0.5346238 0.3177164 0.5333905 0.3148031 0.533827 0.2979447 0.5368887 0.3021475 0.536162 0.2784139 0.5457931 0.2979447 0.5368887 0.3077405 0.5346238 0.3021475 0.536162 0.2715247 0.5491814 0.2784139 0.5457931 0.2587293 0.5609852 0.2884815 0.540171 0.2979447 0.5368887 0.2784139 0.5457931 0.2715247 0.5491814 0.2884815 0.540171 0.2784139 0.5457931 0.2462871 0.5745598 0.2587293 0.5609852 0.2442449 0.5802105 0.2574081 0.5608831 0.2715247 0.5491814 0.2587293 0.5609852 0.2462871 0.5745598 0.2574081 0.5608831 0.2587293 0.5609852 0.2377683 0.5907453 0.2442449 0.5802105 0.2324626 0.5723883 0.2377683 0.5907453 0.2462871 0.5745598 0.2442449 0.5802105 0.2310727 0.5725219 0.2324626 0.5723883 0.2353451 0.5956313 0.2310727 0.5725219 0.2377683 0.5907453 0.2324626 0.5723883 0.2381616 0.6083515 0.2353451 0.5956313 0.244097 0.6179824 0.2327538 0.5901604 0.2310727 0.5725219 0.2353451 0.5956313 0.2381616 0.6083515 0.2327538 0.5901604 0.2353451 0.5956313 0.247122 0.6252905 0.244097 0.6179824 0.2585676 0.6380603 0.247122 0.6252905 0.2381616 0.6083515 0.244097 0.6179824 0.2588069 0.6397247 0.2585676 0.6380603 0.2782579 0.6543524 0.2588069 0.6397247 0.247122 0.6252905 0.2585676 0.6380603 0.2733341 0.6519836 0.2588069 0.6397247 0.2782579 0.6543524 0.2903657 0.6614409 0.2733341 0.6519836 0.2782579 0.6543524 0.9175197 0.80571 0.9190256 0.8159749 0.9183267 0.6997458 0.9175197 0.80571 0.9183267 0.6997458 0.9175197 0.7103094 0.8548302 0.8620486 0.8558217 0.8934152 0.8548302 0.9037005 0.932077 0.7160182 0.9345946 0.7042874 0.9345946 0.7234895 0.4859464 0.621561 0.4859464 0.5665453 0.4879519 0.6082989 0.9617285 0.7041144 0.963355 0.7097979 0.9617285 0.7235586 0.86894 0.80571 0.8706018 0.7053722 0.86894 0.723289 0.8624582 0.65625 0.8645969 0.650872 0.8658642 0.6678941 0.8624582 0.65625 0.8658642 0.616383 0.8645969 0.650872 0.1590873 0.7814166 0.1602141 0.7940273 0.1590873 0.702414 0.2051565 0.7270536 0.2062005 0.7272722 0.2051565 0.7449598 0.4717798 0.7921016 0.4728264 0.7128571 0.4717798 0.7130638 0.8969483 0.80571 0.8979475 0.6967594 0.8969483 0.7157033 0.2062005 0.7270536 0.2074776 0.7272516 0.2062005 0.744825 0.824418 0.715004 0.8268139 0.704333 0.827118 0.7212408 0.824418 0.715004 0.8291024 0.7955197 0.8268139 0.704333 0.824418 0.715004 0.827118 0.7212408 0.8291024 0.7357864 0.9707053 0.6092534 0.9725997 0.6359605 0.9707053 0.6550701 0.1557875 0.7336396 0.1529271 0.7365876 0.1547753 0.7188999 0.8786854 0.9001973 0.8786853 0.8620487 0.8808023 0.8963026 0.1585626 0.8070355 0.1557875 0.7336396 0.1547753 0.7188999 0.9346858 0.5709754 0.9359695 0.6182105 0.9346858 0.6183589 0.313744 0.7921018 0.3242939 0.7946366 0.3183527 0.7139769 0.626331 0.8147987 0.6368042 0.8122839 0.6425625 0.7323631 0.6319934 0.7348171 0.626331 0.8147987 0.6425625 0.7323631 0.3140959 0.7491672 0.3183527 0.7139769 0.3242939 0.7516601 0.3078984 0.7114124 0.313744 0.7921018 0.3183527 0.7139769 0.3140959 0.7491672 0.3078984 0.7114124 0.3183527 0.7139769 0.1252442 0.7397863 0.1158848 0.7358669 0.119369 0.8093042 0.1283699 0.8129843 0.119369 0.8093042 0.1158848 0.7540218 0.1283699 0.8129843 0.1252442 0.7397863 0.119369 0.8093042 0.9625681 0.6169385 0.953154 0.6155754 0.9497124 0.5780846 0.1245071 0.7574954 0.1283699 0.8129843 0.1158848 0.7540218 0.9448902 0.6161311 0.9465911 0.6163008 0.9448902 0.6632647 0.9588592 0.5793648 0.9497124 0.5780846 0.9359394 0.5781192 0.9588592 0.5793648 0.9625681 0.6169385 0.9497124 0.5780846 0.3743522 0.7486338 0.3652999 0.7499693 0.3614572 0.703369 0.9588592 0.5793648 0.9359394 0.5781192 0.94499 0.579466 0.3743522 0.7921016 0.3614572 0.703369 0.3649383 0.7934471 0.3706056 0.7020716 0.3743522 0.7486338 0.3614572 0.703369 0.3743522 0.7921016 0.3706056 0.7020716 0.3614572 0.703369 0.6549795 0.7546997 0.6638111 0.7510632 0.6657748 0.8050082 0.6565709 0.8088926 0.6657748 0.8050082 0.6645647 0.7330575 0.6565709 0.8088926 0.6549795 0.7546997 0.6657748 0.8050082 0.6323496 0.7750992 0.6425625 0.7726883 0.6368042 0.8122839 0.6549795 0.7371549 0.6565709 0.8088926 0.6645647 0.7330575 0.626331 0.8147987 0.6323496 0.7750992 0.6368042 0.8122839 0.5156218 0.089796 0.5153809 0.08981126 0.5153809 0.04309868 0.8904301 0.1816194 0.8876773 0.2030401 0.8876773 0.1551936 0.1870169 0.1636171 0.1867759 0.1901214 0.1867759 0.1636038 0.8347226 0.16426 0.8331912 0.2065875 0.8331912 0.1554455 0.1978085 0.3901478 0.1978085 0.3417334 0.1980276 0.3900847 0.3338854 0.149199 0.3334465 0.1944956 0.3334465 0.146127 0.2474725 0.391997 0.2473308 0.3929745 0.2473308 0.3901157 0.8241577 0.3447726 0.8241577 0.3892281 0.8233967 0.3873887 0.8624384 0.1668267 0.8604043 0.2085601 0.8604043 0.1551936 0.8196688 0.1554455 0.8196688 0.2068554 0.817437 0.1981002 0.808026 0.198033 0.8097703 0.1554455 0.8097703 0.2080906 0.8840185 0.3890705 0.8840185 0.3334317 0.8869971 0.3451514 0.1832118 0.2255755 0.1840659 0.1817868 0.1840659 0.2316427 0.9095473 0.3277867 0.9095473 0.2729002 0.9124194 0.2829669 0.8650509 0.3961315 0.8657559 0.393176 0.8657559 0.4404876 0.8622307 0.03900533 0.8622307 0.02997493 0.8628973 0.03613233 0.5151573 0.2666625 0.5155372 0.2667135 0.5151573 0.3133436 0.8650509 0.3961315 0.8657559 0.4404876 0.8653742 0.4405232 0.8523008 0.2214003 0.8535464 0.178883 0.8535464 0.2300251 0.1870241 0.1428515 0.187452 0.1427422 0.187452 0.1911649 0.8716418 0.2054988 0.8743082 0.178883 0.8743082 0.227227 0.08491426 0.4671582 0.0853455 0.4487299 0.0853455 0.4691565 0.8224207 0.3892282 0.8224207 0.3447726 0.8233968 0.3464605 0.8624383 0.1972337 0.8643187 0.1551936 0.8643187 0.2085602 0.8150829 0.2068554 0.8150829 0.1554455 0.8174371 0.1639675 0.8080261 0.165161 0.8062568 0.2080906 0.8062568 0.1554455 0.8899669 0.3334316 0.8899669 0.3890705 0.8869972 0.3776139 0.2361194 0.2495244 0.2350674 0.2935933 0.2350674 0.2437373 0.9133747 0.3406583 0.9133747 0.3955448 0.9106481 0.3856976 0.8689996 0.1746913 0.8689996 0.2024083 0.8679479 0.1964856 0.3344943 0.4320048 0.3344943 0.4772115 0.3340678 0.4770968 0.1741645 0.1905759 0.1760952 0.1928496 0.153339 0.2069106 0.1741645 0.1905759 0.2025503 0.1563311 0.1760952 0.1928496 0.1512896 0.2045558 0.153339 0.2069106 0.1928808 0.220713 0.1512896 0.2045558 0.1741645 0.1905759 0.153339 0.2069106 0.1904538 0.2181615 0.1928808 0.220713 0.1484428 0.2194629 0.1904538 0.2181615 0.1512896 0.2045558 0.1928808 0.220713 0.1409615 0.2140924 0.1484428 0.2194629 0.1424465 0.1908041 0.1409615 0.2140924 0.1904538 0.2181615 0.1484428 0.2194629 0.1366561 0.18039 0.1424465 0.1908041 0.1132812 0.143422 0.1366561 0.18039 0.1409615 0.2140924 0.1424465 0.1908041 0.1141289 0.1331208 0.1132812 0.143422 0.1132812 0.0885356 0.1141289 0.1331208 0.1366561 0.18039 0.1132812 0.143422 0.1182278 0.08411598 0.1132812 0.0885356 0.1249483 0.06339389 0.1182278 0.08411598 0.1141289 0.1331208 0.1132812 0.0885356 0.5153809 0.1356982 0.5156069 0.1357281 0.5153809 0.1624009 0.1058198 0.04995816 0.1249483 0.06339389 0.1036412 0.04739445 0.1272045 0.06607902 0.1182278 0.08411598 0.1249483 0.06339389 0.1058198 0.04995816 0.1272045 0.06607902 0.1249483 0.06339389 0.1058198 0.04995816 0.1036412 0.04739445 0.1443511 0.0275712 0.1467828 0.03043967 0.1443511 0.0275712 0.1454494 0.02734375 0.1467828 0.03043967 0.1058198 0.04995816 0.1443511 0.0275712 0.1481242 0.03018504 0.1454494 0.02734375 0.1898874 0.02859365 0.1481242 0.03018504 0.1467828 0.03043967 0.1454494 0.02734375 0.1976166 0.03425413 0.1898874 0.02859365 0.1763523 0.04553377 0.1976166 0.03425413 0.1481242 0.03018504 0.1898874 0.02859365 0.1823907 0.05623787 0.1763523 0.04553377 0.2055177 0.09291583 0.1823907 0.05623787 0.1976166 0.03425413 0.1763523 0.04553377 0.204918 0.1035069 0.2055177 0.09291583 0.2055178 0.1478022 0.204918 0.1035069 0.1823907 0.05623787 0.2055177 0.09291583 0.200819 0.1525118 0.2055178 0.1478022 0.2025503 0.1563311 0.200819 0.1525118 0.204918 0.1035069 0.2055178 0.1478022 0.1741645 0.1905759 0.2003394 0.1537935 0.2025503 0.1563311 0.200819 0.1525118 0.2025503 0.1563311 0.2003394 0.1537935 0.8036284 0.03217858 0.8188372 0.02219802 0.7746843 0.01781409 0.8514119 0.03202778 0.8200554 0.02246731 0.8188372 0.02219802 0.8514119 0.03202778 0.8188372 0.02219802 0.8036284 0.03217858 0.8036284 0.03217858 0.7746843 0.01781409 0.7483319 0.01963174 0.7457948 0.03256547 0.7483319 0.01963174 0.7300444 0.02306658 0.8036284 0.03217858 0.7483319 0.01963174 0.7457948 0.03256547 0.7000016 0.03304064 0.7300444 0.02306658 0.6961398 0.03767037 0.7457948 0.03256547 0.7300444 0.02306658 0.7000016 0.03304064 0.2874106 0.2573976 0.2939851 0.2256487 0.3430545 0.2086749 0.6333875 0.4591217 0.5973967 0.4205836 0.6162552 0.3703446 0.2874106 0.2573976 0.3430545 0.2086749 0.3430545 0.2614057 0.2873904 0.2087845 0.2566392 0.2125687 0.247756 0.1772763 0.6396162 0.4657914 0.6333875 0.4591217 0.6162552 0.3703446 0.6396162 0.3871695 0.6396162 0.4657914 0.6162552 0.3703446 0.2619059 0.1717139 0.247756 0.1772763 0.2457072 0.1586501 0.2619059 0.1717139 0.2873904 0.2087845 0.247756 0.1772763 0.2619059 0.1717139 0.2457072 0.1586501 0.244693 0.1321492 0.2546253 0.1321622 0.244693 0.1321492 0.2475845 0.08840823 0.2546253 0.1321622 0.2619059 0.1717139 0.244693 0.1321492 0.2618982 0.09278714 0.2475845 0.08840823 0.2477542 0.08722847 0.2618982 0.09278714 0.2546253 0.1321622 0.2475845 0.08840823 0.2873769 0.05632424 0.2477542 0.08722847 0.2566384 0.05254822 0.2873769 0.05632424 0.2618982 0.09278714 0.2477542 0.08722847 0.5156719 0.3968188 0.5416951 0.379996 0.5616199 0.4283341 0.2055178 0.07364916 0.2055178 0.01953125 0.2539857 0.04168111 0.5156719 0.3968188 0.5616199 0.4283341 0.5224508 0.4656774 0.8514119 0.03202778 0.8560946 0.0366016 0.8200554 0.02246731 0.2603695 0.0758261 0.2055178 0.07364916 0.2539857 0.04168111 0.5156719 0.3968188 0.5224508 0.4656774 0.5156719 0.4721402 0.2603695 0.0758261 0.2055178 0.08301508 0.2055178 0.07364916 0.8131465 0.1554455 0.8062568 0.07410651 0.8581688 0.01953125 0.8352079 0.1553275 0.8131465 0.1554455 0.8581688 0.01953125 0.8581688 0.1552721 0.8352079 0.1553275 0.8581688 0.01953125 0.853878 0.2631102 0.7978706 0.344416 0.7978707 0.2086749 0.9047421 0.1745988 0.8972435 0.09896296 0.8775242 0.03911185 0.8775242 0.09953725 0.9047421 0.1745988 0.8775242 0.03911185 0.2603695 0.0758261 0.2055178 0.1434404 0.2055178 0.08301508 0.2874106 0.3253999 0.3430545 0.2614057 0.3430545 0.2705315 0.2874106 0.3253999 0.2874106 0.2573976 0.3430545 0.2614057 0.8657703 0.3549556 0.8657703 0.2192931 0.8485141 0.2695778 0.8641781 0.1543446 0.9063532 0.01953125 0.9063532 0.1551936 0.8581689 0.07276666 0.9063532 0.01953125 0.8641781 0.1543446 0.1876371 0.4027183 0.1876371 0.3438418 0.2413153 0.3915324 0.2874106 0.3253999 0.3430545 0.2705315 0.3430545 0.329408 0.8819549 0.3501692 0.8485141 0.2695778 0.8873746 0.299131 0.889236 0.3550631 0.8657703 0.3549556 0.8485141 0.2695778 0.9141833 0.3549457 0.889236 0.3550631 0.8485141 0.2695778 0.8819549 0.3501692 0.9141833 0.3549457 0.8485141 0.2695778 0.865165 0.4806697 0.8892487 0.4743544 0.9008609 0.4362454 0.8686749 0.4348579 0.9008609 0.4362454 0.8945913 0.3957854 0.8686749 0.4348579 0.865165 0.4806697 0.9008609 0.4362454 0.8714817 0.3875493 0.8945913 0.3957854 0.8657703 0.3550631 0.8714817 0.3875493 0.8686749 0.4348579 0.8945913 0.3957854 0.8728531 0.3511569 0.8714817 0.3875493 0.8657703 0.3550631 0.5626246 0.1748148 0.5609821 0.1764819 0.546584 0.1580507 0.5626246 0.1748148 0.6027636 0.2000759 0.5609821 0.1764819 0.5482804 0.1563238 0.546584 0.1580507 0.5368947 0.1350889 0.5482804 0.1563238 0.5626246 0.1748148 0.546584 0.1580507 0.539119 0.1343818 0.5368947 0.1350889 0.5368947 0.08666527 0.539119 0.1343818 0.5482804 0.1563238 0.5368947 0.1350889 0.539074 0.08748799 0.5368947 0.08666527 0.5610477 0.04461842 0.539074 0.08748799 0.539119 0.1343818 0.5368947 0.08666527 0.6029928 0.02244031 0.5610477 0.04461842 0.6026337 0.02013015 0.5623725 0.04656875 0.539074 0.08748799 0.5610477 0.04461842 0.6029928 0.02244031 0.5623725 0.04656875 0.5610477 0.04461842 0.6501331 0.02180737 0.6026337 0.02013015 0.650658 0.01953125 0.6501331 0.02180737 0.6029928 0.02244031 0.6026337 0.02013015 0.6720959 0.03066879 0.650658 0.01953125 0.6737844 0.02893996 0.6720959 0.03066879 0.6501331 0.02180737 0.650658 0.01953125 0.6907463 0.04477947 0.6737844 0.02893996 0.6923888 0.04311239 0.6907463 0.04477947 0.6720959 0.03066879 0.6737844 0.02893996 0.853878 0.2631102 0.8459128 0.3444829 0.7978706 0.344416 0.6907463 0.04477947 0.6923888 0.04311239 0.7165106 0.08463287 0.853878 0.2631102 0.8840187 0.3447726 0.8459128 0.3444829 0.7146136 0.08660084 0.7165106 0.08463287 0.7164763 0.132929 0.7142519 0.08521246 0.6907463 0.04477947 0.7165106 0.08463287 0.7146136 0.08660084 0.7142519 0.08521246 0.7165106 0.08463287 0.5630139 0.2976304 0.5211789 0.2977104 0.5197114 0.2512546 0.7142969 0.1321063 0.7164763 0.132929 0.6923232 0.1749758 0.5706539 0.2585053 0.5630139 0.2976304 0.5197114 0.2512546 0.5973967 0.2228772 0.5706539 0.2585053 0.5197114 0.2512546 0.7142969 0.1321063 0.7146136 0.08660084 0.7164763 0.132929 0.5706459 0.337392 0.5196959 0.3447457 0.5211789 0.2977104 0.6503781 0.1971539 0.6923232 0.1749758 0.6507372 0.1994641 0.5630139 0.2976304 0.5706459 0.337392 0.5211789 0.2977104 0.6909984 0.1730255 0.7142969 0.1321063 0.6923232 0.1749758 0.6503781 0.1971539 0.6909984 0.1730255 0.6923232 0.1749758 0.5973826 0.3752603 0.5156719 0.379996 0.5196959 0.3447457 0.604707 0.1981505 0.6507372 0.1994641 0.6027636 0.2000759 0.5706459 0.337392 0.5973826 0.3752603 0.5196959 0.3447457 0.6503781 0.1971539 0.6507372 0.1994641 0.604707 0.1981505 0.6032378 0.1977869 0.604707 0.1981505 0.6027636 0.2000759 0.5626246 0.1748148 0.6032378 0.1977869 0.6027636 0.2000759 0.324643 0.3353269 0.2447114 0.3650287 0.2796016 0.3280329 0.2340294 0.4670417 0.1876371 0.4706527 0.2413153 0.3915324 0.1876371 0.4027183 0.2413153 0.3915324 0.1876371 0.4706527 0.324643 0.3353269 0.3193624 0.3700061 0.2447114 0.3650287 0.324643 0.3353269 0.2796016 0.3280329 0.2895609 0.2885058 0.3265614 0.2883324 0.2895609 0.2885058 0.2795911 0.2491062 0.3265614 0.2883324 0.324643 0.3353269 0.2895609 0.2885058 0.3246226 0.2417943 0.2795911 0.2491062 0.244693 0.2125686 0.3246226 0.2417943 0.3265614 0.2883324 0.2795911 0.2491062 0.9047421 0.1745988 0.8702612 0.1785975 0.8972435 0.09896296 0.2886312 0.03837376 0.2914081 0.03963559 0.2901064 0.04040777 0.318843 0.06250643 0.3232415 0.03616857 0.2914081 0.03963559 0.318843 0.06250643 0.2914081 0.03963559 0.2886312 0.03837376 0.2886312 0.03837376 0.2901064 0.04040777 0.2450535 0.05254822 0.0849142 0.4721273 0.08255153 0.4724043 0.08255153 0.4487299 0.2886312 0.03837376 0.2450535 0.05254822 0.244693 0.05022823 0.9130114 0.4509056 0.9106479 0.4730802 0.9106479 0.4499608 0.8515543 0.2047686 0.8515543 0.2503096 0.9205249 0.2319781 0.9169796 0.1943707 0.9149953 0.1952096 0.9149953 0.1483158 0.6868115 0.3473977 0.6842677 0.3487196 0.6823232 0.3036785 0.9169892 0.1485764 0.9169796 0.1943707 0.9149953 0.1483158 0.6849198 0.3033601 0.6823232 0.3036785 0.683244 0.2575788 0.6849198 0.3033601 0.6868115 0.3473977 0.6823232 0.3036785 0.6858273 0.2585134 0.683244 0.2575788 0.6868115 0.2228773 0.6858273 0.2585134 0.6849198 0.3033601 0.683244 0.2575788 0.6417885 0.4157744 0.6396162 0.415381 0.6427634 0.391908 0.6417885 0.4157744 0.6536746 0.4599341 0.6396162 0.415381 0.6417885 0.4157744 0.6427634 0.391908 0.6518166 0.3703444 0.2525055 0.3997032 0.252866 0.3973424 0.2979875 0.4096467 0.6417885 0.4157744 0.6518166 0.3703444 0.6536746 0.3718448 0.2964437 0.4116786 0.2979875 0.4096467 0.2992196 0.4103817 0.2964437 0.4116786 0.2525055 0.3997032 0.2979875 0.4096467 0.2964437 0.4116786 0.2992196 0.4103817 0.3309318 0.4430189 0.3286086 0.4442751 0.3309318 0.4430189 0.3352421 0.03734701 0.2964437 0.4116786 0.3309318 0.4430189 0.3286086 0.4442751 0.3325694 0.03758668 0.3352421 0.03734701 0.3232415 0.03616857 0.3286086 0.4442751 0.3352421 0.03734701 0.3325694 0.03758668 0.3325694 0.03758668 0.3232415 0.03616857 0.318843 0.06250643 0.8702613 0.2011871 0.8820727 0.1785975 0.8820727 0.2186154 0.8703801 0.2188506 0.8702613 0.2011871 0.8820727 0.2186154 0.914532 0.08525997 0.9032741 0.03911191 0.9149686 0.03922533 0.4663331 0.4715923 0.4546314 0.4716407 0.454506 0.426075 0.8760205 0.1980205 0.8643419 0.1551936 0.8760436 0.1552451 0.8643187 0.1979421 0.8643419 0.1551936 0.8760205 0.1980205 0.4662078 0.4260718 0.454506 0.426075 0.4546306 0.3898999 0.4662528 0.4527127 0.4663331 0.4715923 0.454506 0.426075 0.4662078 0.4260718 0.4662528 0.4527127 0.454506 0.426075 0.9017676 0.4630568 0.8901644 0.4635108 0.8873785 0.4195207 0.4663331 0.389758 0.4662078 0.4260718 0.4546306 0.3898999 0.8989884 0.4189904 0.8873785 0.4195207 0.8873746 0.3746648 0.8989884 0.4189904 0.9017676 0.4630568 0.8873785 0.4195207 0.8989936 0.3742808 0.8873746 0.3746648 0.890154 0.3409621 0.8989936 0.3742808 0.8989884 0.4189904 0.8873746 0.3746648 0.9017676 0.3406584 0.8989936 0.3742808 0.890154 0.3409621 0.8702613 0.2011871 0.8703803 0.1788084 0.8820727 0.1785975 0.7443042 0.1940494 0.7788428 0.1943666 0.7614161 0.1876921 0.7165105 0.1317805 0.7614161 0.1876921 0.7394188 0.1716639 0.7764318 0.1306856 0.7614161 0.1876921 0.7165105 0.1317805 0.7443042 0.1940494 0.7614161 0.1876921 0.7764318 0.1306856 0.7764318 0.1306856 0.7165105 0.1317805 0.7165105 0.08571404 0.7105581 0.07657277 0.7165105 0.08571404 0.739182 0.04586124 0.7764318 0.1306856 0.7165105 0.08571404 0.7105581 0.07657277 0.7105581 0.07657277 0.739182 0.04586124 0.7784632 0.02264362 0.7105581 0.07657277 0.7784632 0.02264362 0.7254734 0.01953125 0.7833486 0.04502904 0.7254734 0.01953125 0.7439246 0.02232635 0.7890242 0.05128693 0.7105581 0.07657277 0.7254734 0.01953125 0.7833486 0.04502904 0.7890242 0.05128693 0.7254734 0.01953125 0.914532 0.08525997 0.9028375 0.08509892 0.9032741 0.03911191 0.7705972 0.1213696 0.7764318 0.1306856 0.7105581 0.07657277 0.7890242 0.05128693 0.7705972 0.1213696 0.7105581 0.07657277 0.7522402 0.1914253 0.7443042 0.1940494 0.7764318 0.1306856 0.7705972 0.1213696 0.7522402 0.1914253 0.7764318 0.1306856 0.8643187 0.1979421 0.8760205 0.1980205 0.8760436 0.2045257 0.7835853 0.1708318 0.7522402 0.1914253 0.7705972 0.1213696 0.9028375 0.162521 0.8909556 0.1573995 0.8903915 0.1278371 0.8062568 0.08491253 0.7705972 0.1213696 0.7890242 0.05128693 0.8062568 0.130979 0.7705972 0.1213696 0.8062568 0.08491253 0.8062568 0.130979 0.7835853 0.1708318 0.7705972 0.1213696 0.914532 0.08525997 0.9028522 0.09319436 0.9028375 0.08509892 0.9149686 0.1249942 0.903277 0.1249908 0.9028522 0.09319436 0.914532 0.08525997 0.9149686 0.1249942 0.9028522 0.09319436 0.902087 0.0826742 0.8903891 0.08281123 0.8911377 0.03917008 0.9028375 0.03911185 0.902087 0.0826742 0.8911377 0.03917008 0.902087 0.1278451 0.8903915 0.1278371 0.8903891 0.08281123 0.902087 0.1278451 0.9028375 0.162521 0.8903915 0.1278371 0.902087 0.0826742 0.902087 0.1278451 0.8903891 0.08281123 0.3817344 0.1760458 0.3812412 0.1765449 0.3570947 0.134745 0.3194813 0.3968029 0.3430545 0.329408 0.3430545 0.3973424 0.3817344 0.1760458 0.3998646 0.1908704 0.3812412 0.1765449 0.3576624 0.1341581 0.3570947 0.134745 0.357129 0.08628022 0.3577827 0.1346116 0.3817344 0.1760458 0.3570947 0.134745 0.3576624 0.1341581 0.3577827 0.1346116 0.3570947 0.134745 0.3577357 0.08671039 0.357129 0.08628022 0.3813068 0.04422074 0.3577357 0.08671039 0.3576624 0.1341581 0.357129 0.08628022 0.4228653 0.0206238 0.3813068 0.04422074 0.4229354 0.01987826 0.3814747 0.04504281 0.3577357 0.08671039 0.3813068 0.04422074 0.4228653 0.0206238 0.3814747 0.04504281 0.3813068 0.04422074 0.4703735 0.02010524 0.4229354 0.01987826 0.4709582 0.01953125 0.4228653 0.0206238 0.4229354 0.01987826 0.4703735 0.02010524 0.8775242 0.09953725 0.8775242 0.1692588 0.9047421 0.1745988 0.5122892 0.04393941 0.4709582 0.01953125 0.5127825 0.04344028 0.4709036 0.02024281 0.4703735 0.02010524 0.4709582 0.01953125 0.5122892 0.04393941 0.4709036 0.02024281 0.4709582 0.01953125 0.2603695 0.1456174 0.2055178 0.213162 0.2055178 0.1434404 0.5271953 0.06201595 0.5122892 0.04393941 0.5127825 0.04344028 0.2603695 0.1456174 0.2289598 0.2135427 0.2055178 0.213162 0.2603695 0.1456174 0.2055178 0.1434404 0.2603695 0.0758261 0.2957919 0.3946036 0.3430545 0.329408 0.3194813 0.3968029 0.2874106 0.3253999 0.3430545 0.329408 0.2957919 0.3946036 0.6941217 0.362556 0.6932761 0.3628933 0.6934184 0.3623614 0.5009124 0.4373831 0.5001701 0.4374215 0.5001701 0.3897579 0.6925169 0.3141521 0.6925169 0.3485264 0.6917125 0.3148946 0.6941217 0.362556 0.6934184 0.3623614 0.6932761 0.3143676 0.5271953 0.06201595 0.5266889 0.06253749 0.5122892 0.04393941 0.8855019 0.4456812 0.8862435 0.4457789 0.8855019 0.4694326 0.6939926 0.3141521 0.6941217 0.362556 0.6932761 0.3143676 0.5368946 0.08511203 0.5266889 0.06253749 0.5271953 0.06201595 0.5362409 0.08537352 0.5266889 0.06253749 0.5368946 0.08511203 0.1672086 0.3707147 0.1802708 0.3494603 0.1678909 0.3710289 0.8803761 0.212917 0.8803761 0.1647254 0.8828114 0.1881452 0.2603695 0.1456174 0.252162 0.2146955 0.2289598 0.2135427 0.5368946 0.133705 0.5362409 0.08537352 0.5368946 0.08511203 0.7786863 0.4597927 0.7483898 0.3896508 0.783829 0.3895844 0.5368946 0.133705 0.536288 0.1332747 0.5362409 0.08537352 0.1672086 0.3707147 0.1678909 0.3710289 0.1618399 0.4186188 0.5127168 0.1757645 0.5125489 0.1749423 0.536288 0.1332747 0.1611093 0.4187748 0.1618399 0.4186188 0.1802708 0.4628077 0.5368946 0.133705 0.5127168 0.1757645 0.536288 0.1332747 0.1611093 0.4187748 0.1672086 0.3707147 0.1618399 0.4186188 0.5127168 0.1757645 0.4711583 0.1993613 0.5125489 0.1749423 0.85673 0.1554455 0.8574774 0.1554656 0.85673 0.2034803 0.5134742 0.453154 0.5135365 0.4059981 0.5141799 0.4529033 0.4710882 0.2001069 0.4231201 0.1997424 0.4711583 0.1993613 0.6932761 0.3628933 0.6939825 0.362966 0.6932761 0.411156 0.5127168 0.1757645 0.4710882 0.2001069 0.4711583 0.1993613 0.9198202 0.2550978 0.9197579 0.2086749 0.9205249 0.2545789 0.4230147 0.2004407 0.4003669 0.1903505 0.4231201 0.1997424 0.3308659 0.1842775 0.3317449 0.18451 0.3333657 0.2078277 0.4710882 0.2001069 0.4230147 0.2004407 0.4231201 0.1997424 0.3308659 0.1842775 0.3333657 0.1479016 0.3317449 0.18451 0.4230147 0.2004407 0.3998646 0.1908704 0.4003669 0.1903505 0.3817344 0.1760458 0.4003669 0.1903505 0.3998646 0.1908704 0.8828114 0.1647254 0.8856451 0.1894142 0.8828114 0.2127329 0.2874106 0.3253999 0.2957919 0.3946036 0.2603695 0.3862861 0.7531474 0.4603304 0.7349765 0.3902769 0.7812368 0.3899049 0.7073541 0.4608055 0.7349765 0.3902769 0.7531474 0.4603304 0.7309028 0.4599435 0.7812368 0.3899049 0.7483898 0.3896508 0.7531474 0.4603304 0.7812368 0.3899049 0.7309028 0.4599435 0.7309028 0.4599435 0.7483898 0.3896508 0.7786863 0.4597927 0.9117973 0.37013 0.9109472 0.3700214 0.9146087 0.3240295 0.89043 0.1551936 0.8912838 0.2024338 0.89043 0.2025089 0.915486 0.3238169 0.9146087 0.3240295 0.9146083 0.3236262 0.915486 0.3238169 0.9117973 0.37013 0.9146087 0.3240295 0.915486 0.3238169 0.9146083 0.3236262 0.9109472 0.2903635 0.2418267 0.2583164 0.2410326 0.2580423 0.2429567 0.2116349 0.9117851 0.2898272 0.915486 0.3238169 0.9109472 0.2903635 0.2437587 0.2113994 0.2429567 0.2116349 0.2410526 0.1652087 0.2437587 0.2113994 0.2418267 0.2583164 0.2429567 0.2116349 0.2418267 0.1647012 0.2437587 0.2113994 0.2410526 0.1652087 0.7531474 0.4603304 0.7457948 0.03256547 0.7000016 0.03304064 0.7073541 0.4608055 0.7531474 0.4603304 0.7000016 0.03304064 0.7309028 0.4599435 0.8036284 0.03217858 0.7457948 0.03256547 0.7531474 0.4603304 0.7309028 0.4599435 0.7457948 0.03256547 0.7786863 0.4597927 0.8514119 0.03202778 0.8036284 0.03217858 0.7309028 0.4599435 0.7786863 0.4597927 0.8036284 0.03217858 0.9192602 0.2898272 0.9208405 0.2899501 0.9208405 0.3364099 0.1557136 0.3881766 0.1572847 0.3879663 0.1608403 0.4351479 0.1592692 0.4353582 0.1557136 0.3881766 0.1608403 0.4351479 0.6784714 0.3511654 0.6768538 0.3512297 0.6807056 0.3164775 0.9192602 0.336287 0.9192602 0.2898272 0.9208405 0.3364099 0.6823231 0.3164131 0.6807056 0.3164775 0.6807056 0.2695208 0.6823231 0.3164131 0.6784714 0.3511654 0.6807056 0.3164775 0.6823231 0.2694564 0.6807056 0.2695208 0.6768538 0.2229416 0.6823231 0.2694564 0.6823231 0.3164131 0.6807056 0.2695208 0.1432052 0.4471294 0.141582 0.4470211 0.1398829 0.4122331 0.6784713 0.2228772 0.6823231 0.2694564 0.6768538 0.2229416 0.1415061 0.4123414 0.1398829 0.4122331 0.141582 0.3653133 0.1415061 0.4123414 0.1432052 0.4471294 0.1398829 0.4122331 0.917319 0.171705 0.9156931 0.1717585 0.9156931 0.1250477 0.1415061 0.4123414 0.141582 0.3653133 0.1432052 0.3654216 0.1962867 0.2129005 0.197925 0.2129008 0.1977549 0.2481546 0.917319 0.1249942 0.917319 0.171705 0.9156931 0.1250477 0.1961166 0.2481544 0.1977549 0.2481546 0.1976927 0.2953106 0.1961166 0.2481544 0.1962867 0.2129005 0.1977549 0.2481546 0.1960544 0.2953104 0.1976927 0.2953106 0.1977549 0.3417334 0.1960544 0.2953104 0.1961166 0.2481544 0.1976927 0.2953106 0.1592692 0.3518887 0.1608403 0.3516783 0.1572847 0.3879663 0.1961166 0.3417332 0.1960544 0.2953104 0.1977549 0.3417334 0.1557136 0.3881766 0.1592692 0.3518887 0.1572847 0.3879663 0.9192601 0.3365192 0.9184801 0.3365381 0.9184801 0.2898272 0.9052651 0.2018492 0.9044848 0.2021443 0.9044854 0.1551936 0.9052651 0.1552242 0.9052651 0.2018492 0.9044854 0.1551936 0.186431 0.3308455 0.1870414 0.3306651 0.187077 0.3790383 0.8775243 0.1874867 0.8803761 0.1647255 0.8803761 0.2129939 0.9104265 0.1837604 0.9096544 0.2073292 0.9096544 0.1833747 0.3331859 0.05303668 0.3338854 0.05254828 0.3338232 0.09970426 0.186431 0.379073 0.186431 0.3308455 0.187077 0.3790383 0.3331245 0.09991395 0.3338232 0.09970426 0.3338854 0.1461271 0.3331859 0.05303668 0.3338232 0.09970426 0.3331245 0.09991395 0.8234888 0.3934422 0.8240714 0.3931761 0.8307517 0.4408957 0.3331245 0.09991395 0.3338854 0.1461271 0.3331865 0.1458292 0.8496423 0.1809188 0.8520751 0.1554456 0.8520751 0.2038497 0.8300927 0.4406978 0.8307517 0.4408957 0.8234888 0.4652215 0.8234888 0.3934422 0.8307517 0.4408957 0.8300927 0.4406978 0.2361194 0.3427112 0.2353994 0.3428277 0.2350528 0.2946375 0.5973315 0.4500839 0.5973315 0.473049 0.5966276 0.4728577 0.8602343 0.3783388 0.8596208 0.3797377 0.8596208 0.3447726 0.2357615 0.2949293 0.2361194 0.3427112 0.2350528 0.2946375 0.2361194 0.2935934 0.2357615 0.2949293 0.2350528 0.2946375 0.200899 0.1630756 0.2003008 0.1636029 0.187637 0.1168262 0.200899 0.1630756 0.2337597 0.1965257 0.2003008 0.1636029 0.1884163 0.1165722 0.187637 0.1168262 0.1998839 0.07003569 0.1884163 0.1165722 0.200899 0.1630756 0.187637 0.1168262 0.2006142 0.07029074 0.1998839 0.07003569 0.2337597 0.03576886 0.2006142 0.07029074 0.1884163 0.1165722 0.1998839 0.07003569 0.6932438 0.3150774 0.6925168 0.3484311 0.6925168 0.3141521 0.1992464 0.2132208 0.1985979 0.2143464 0.1985979 0.2129005 0.5412451 0.1978512 0.5399518 0.1991599 0.5160211 0.157801 0.5412451 0.1978512 0.5579704 0.2131051 0.5399518 0.1991599 0.5412451 0.1978512 0.5160211 0.157801 0.5156719 0.1564628 0.5171785 0.1549134 0.5156719 0.1564628 0.5160211 0.1095734 0.5177681 0.1572359 0.5412451 0.1978512 0.5156719 0.1564628 0.5171785 0.1549134 0.5177681 0.1572359 0.5156719 0.1564628 0.5177239 0.1102823 0.5160211 0.1095734 0.5400174 0.06782943 0.5177239 0.1102823 0.5171785 0.1549134 0.5160211 0.1095734 0.5815673 0.04550796 0.5400174 0.06782943 0.5813338 0.04366916 0.5409952 0.06944078 0.5177239 0.1102823 0.5400174 0.06782943 0.5815673 0.04550796 0.5409952 0.06944078 0.5400174 0.06782943 0.6262551 0.04454267 0.5813338 0.04366916 0.6277885 0.04301804 0.5815673 0.04550796 0.5813338 0.04366916 0.6262551 0.04454267 0.6286507 0.04513669 0.6277885 0.04301804 0.6290475 0.04333794 0.6286507 0.04513669 0.6262551 0.04454267 0.6277885 0.04301804 0.6692147 0.0683639 0.6290475 0.04333794 0.6705082 0.06705516 0.6692147 0.0683639 0.6286507 0.04513669 0.6290475 0.04333794 0.6845368 0.08502709 0.6692147 0.0683639 0.6705082 0.06705516 0.244693 0.36772 0.2440289 0.3700062 0.2439466 0.3678541 0.1867758 0.1951174 0.1860251 0.195464 0.1860251 0.1636038 0.919758 0.2086749 0.919758 0.2553423 0.918725 0.2109861 0.244693 0.36772 0.2439466 0.3678541 0.2439484 0.3222215 0.6845368 0.08502709 0.6832048 0.08638268 0.6692147 0.0683639 0.8618959 0.4735158 0.8611509 0.4734995 0.8618959 0.4507628 0.244693 0.3222481 0.244693 0.36772 0.2439484 0.3222215 0.6944387 0.1084141 0.6832048 0.08638268 0.6845368 0.08502709 0.6926918 0.1089791 0.6832048 0.08638268 0.6944387 0.1084141 0.1863198 0.2973314 0.1858217 0.2747943 0.187077 0.2974864 0.915627 0.3195739 0.915627 0.2729002 0.9190655 0.2953212 0.6944387 0.1566416 0.6926918 0.1089791 0.6944387 0.1084141 0.6944387 0.1566416 0.692736 0.1559327 0.6926918 0.1089791 0.1863198 0.2973314 0.187077 0.2974864 0.1865793 0.330665 0.6704425 0.1983857 0.6694647 0.1967743 0.692736 0.1559327 0.5124241 0.04335993 0.5131247 0.04309868 0.5130639 0.08882135 0.6944387 0.1566416 0.6704425 0.1983857 0.692736 0.1559327 0.1863198 0.2973314 0.1865793 0.330665 0.1858217 0.3304297 0.6704425 0.1983857 0.6288926 0.2207071 0.6694647 0.1967743 0.5123638 0.08903074 0.5130639 0.08882135 0.5131241 0.1340609 0.5124241 0.04335993 0.5130639 0.08882135 0.5123638 0.08903074 0.6291261 0.2225459 0.5818092 0.2210784 0.6288926 0.2207071 0.5124241 0.1339914 0.5131241 0.1340609 0.5132902 0.1665766 0.6704425 0.1983857 0.6291261 0.2225459 0.6288926 0.2207071 0.5123638 0.08903074 0.5131241 0.1340609 0.5124241 0.1339914 0.5814124 0.2228772 0.5592972 0.2117497 0.5818092 0.2210784 0.596061 0.4502835 0.5966276 0.4500838 0.5966276 0.4732339 0.6291261 0.2225459 0.5814124 0.2228772 0.5818092 0.2210784 0.5124241 0.1339914 0.5132902 0.1665766 0.5125888 0.1661948 0.5814124 0.2228772 0.5579704 0.2131051 0.5592972 0.2117497 0.5412451 0.1978512 0.5592972 0.2117497 0.5579704 0.2131051 0.9144015 0.3955448 0.9176886 0.4197745 0.9144015 0.4423186 0.8866695 0.3511568 0.8872434 0.3512184 0.8870786 0.396443 0.334617 0.3407434 0.3351939 0.38655 0.334617 0.3865686 0.886504 0.3961531 0.8870786 0.396443 0.8872434 0.3984831 0.886504 0.3961531 0.8866695 0.3511568 0.8870786 0.396443 0.9063269 0.202111 0.9052652 0.1998243 0.9058433 0.1551936 0.3326765 0.4317379 0.3320306 0.4320048 0.3339163 0.3865156 0.9063269 0.1552612 0.9063269 0.202111 0.9058433 0.1551936 0.3345476 0.3862986 0.3339163 0.3865156 0.3320495 0.3410097 0.3345476 0.3862986 0.3326765 0.4317379 0.3339163 0.3865156 0.3326765 0.3410712 0.3345476 0.3862986 0.3320495 0.3410097 0.1861529 0.4270374 0.1862984 0.4270513 0.1862984 0.4720478 0.6941216 0.314632 0.6944373 0.3603905 0.6942912 0.3603963 0.6941216 0.314632 0.6944373 0.3145653 0.6944373 0.3603905 0.2417014 0.4263308 0.2413707 0.4264397 0.2435122 0.3926436 0.1859837 0.4270234 0.1861529 0.4270374 0.1862984 0.4720478 0.1859837 0.471969 0.1859837 0.4270234 0.1862984 0.4720478 0.2438409 0.3925642 0.2435122 0.3926436 0.2413707 0.3472163 0.2438409 0.3925642 0.2417014 0.4263308 0.2435122 0.3926436 0.3348187 0.1890605 0.3344864 0.1890498 0.3338854 0.1437877 0.9184532 0.3569263 0.9154862 0.3834478 0.9154862 0.3366371 0.3348187 0.1890605 0.3338854 0.209486 0.3344864 0.1890498 0.244669 0.1637811 0.2443074 0.1638194 0.2443074 0.130087 0.3342184 0.1438496 0.3348187 0.1890605 0.3338854 0.1437877 0.3337725 0.2579898 0.3334119 0.258018 0.3348433 0.2125687 0.9197248 0.3779733 0.9184532 0.3834106 0.9184532 0.3366371 0.3337725 0.2579898 0.3352023 0.2886219 0.3334119 0.258018 0.3337725 0.2579898 0.3348433 0.2125687 0.3350194 0.2125803 0.1858217 0.229578 0.1874542 0.2747835 0.187278 0.2747943 0.3337725 0.2579898 0.3350194 0.2125803 0.3352023 0.2125918 0.1858217 0.229578 0.187637 0.2747718 0.1874542 0.2747835 0.7325012 0.2112713 0.7329208 0.2096889 0.7732893 0.2328274 0.1861823 0.2296067 0.187637 0.2747718 0.1858217 0.229578 0.7721374 0.2339912 0.7732893 0.2328274 0.7965961 0.2732043 0.7325012 0.2112713 0.7732893 0.2328274 0.7721374 0.2339912 0.6941216 0.314632 0.6942912 0.3603963 0.6941217 0.3604053 0.7271566 0.3603472 0.7260048 0.361511 0.7026979 0.321134 0.7667929 0.3830671 0.7663732 0.3846494 0.7260048 0.361511 0.7667929 0.3830671 0.7260048 0.361511 0.7271566 0.3603472 0.7042692 0.2747473 0.7026979 0.321134 0.7026979 0.2743251 0.7042714 0.3207026 0.7271566 0.3603472 0.7026979 0.321134 0.7042692 0.2747473 0.7042714 0.3207026 0.7026979 0.321134 0.7144881 0.2509403 0.7026979 0.2743251 0.7132863 0.2497932 0.7144881 0.2509403 0.7042692 0.2747473 0.7026979 0.2743251 0.7271578 0.2347978 0.7132863 0.2497932 0.7260048 0.2336478 0.7271578 0.2347978 0.7144881 0.2509403 0.7132863 0.2497932 0.7271578 0.2347978 0.7260048 0.2336478 0.7663732 0.2099893 0.7668038 0.211564 0.7663732 0.2099893 0.7717928 0.2086749 0.7271578 0.2347978 0.7663732 0.2099893 0.7668038 0.211564 0.7731145 0.2100715 0.7717928 0.2086749 0.7329208 0.2096889 0.7668038 0.211564 0.7717928 0.2086749 0.7731145 0.2100715 0.7325012 0.2112713 0.7731145 0.2100715 0.7329208 0.2096889 0.2422328 0.0478276 0.2425832 0.04788309 0.2445363 0.02344626 0.2441859 0.02336281 0.2422328 0.0478276 0.2445363 0.02344626 0.1870241 0.09777873 0.1873747 0.09778153 0.187435 0.1427422 0.9154861 0.3101134 0.9184802 0.2898273 0.9184802 0.3366371 0.2422328 0.0478276 0.2442629 0.04279625 0.2425832 0.04788309 0.1870843 0.0521596 0.187435 0.05211073 0.1873747 0.09778153 0.1870241 0.09777873 0.1870843 0.0521596 0.1873747 0.09778153 0.1861823 0.2296067 0.1858217 0.229578 0.187637 0.1965257 0.9131832 0.4369789 0.9144017 0.3955448 0.9144017 0.4424532 0.1870843 0.0521596 0.1870989 0.04731494 0.187435 0.05211073 0.7964711 0.3132464 0.7965961 0.2732043 0.7978706 0.3145643 0.7950227 0.2736358 0.7965961 0.2732043 0.7964711 0.3132464 0.7721374 0.2339912 0.7965961 0.2732043 0.7950227 0.2736358 0.7950249 0.3195911 0.7978706 0.3145643 0.7965961 0.3200134 0.7964711 0.3132464 0.7978706 0.3145643 0.7950249 0.3195911 0.7721363 0.3595405 0.7965961 0.3200134 0.7732893 0.3606905 0.7950249 0.3195911 0.7965961 0.3200134 0.7721363 0.3595405 0.7721363 0.3595405 0.7732893 0.3606905 0.7572887 0.3735622 0.7561385 0.372363 0.7572887 0.3735622 0.7329208 0.3843491 0.7721363 0.3595405 0.7572887 0.3735622 0.7561385 0.372363 0.7324903 0.3827744 0.7329208 0.3843491 0.7663732 0.3846494 0.7561385 0.372363 0.7329208 0.3843491 0.7324903 0.3827744 0.7324903 0.3827744 0.7663732 0.3846494 0.7667929 0.3830671 0.9071435 0.3249723 0.9075072 0.3249724 0.9109473 0.3706163 0.8457227 0.1945505 0.8468784 0.1957066 0.8063783 0.2192111 0.9107672 0.3706412 0.9071435 0.3249723 0.9109473 0.3706163 0.3349797 0.4770203 0.3347983 0.4320614 0.3349797 0.4320747 0.8686827 0.1546587 0.8702613 0.1550779 0.8468784 0.1957066 0.8457227 0.1945505 0.8686827 0.1546587 0.8468784 0.1957066 0.9105867 0.2898272 0.9109473 0.2898579 0.9075072 0.3249724 0.7600324 0.2177126 0.8063783 0.2192111 0.7596004 0.2192932 0.9071435 0.3249723 0.9105867 0.2898272 0.9075072 0.3249724 0.8059572 0.2176298 0.8457227 0.1945505 0.8063783 0.2192111 0.7600324 0.2177126 0.8059572 0.2176298 0.8063783 0.2192111 0.9149841 0.2086749 0.9179267 0.2290251 0.9149841 0.2555109 0.7363071 0.2074799 0.7596004 0.2192932 0.735153 0.2086902 0.8480614 0.4755885 0.8480011 0.4306278 0.8484129 0.4755349 0.7363071 0.2074799 0.7600324 0.2177126 0.7596004 0.2192932 0.2519984 0.4736236 0.25235 0.4736209 0.244549 0.04279619 0.7202571 0.1947696 0.735153 0.2086902 0.7191003 0.1959308 0.7202571 0.1947696 0.7363071 0.2074799 0.735153 0.2086902 0.2520587 0.4279528 0.2524102 0.4280018 0.25235 0.4736209 0.7202571 0.1947696 0.7191003 0.1959308 0.6957174 0.1553843 0.2519984 0.4736236 0.2520587 0.4279528 0.25235 0.4736209 0.1862985 0.4270235 0.1875578 0.4683801 0.1862985 0.4738327 0.6972938 0.1549485 0.6957174 0.1553843 0.6944388 0.1499375 0.2520587 0.4279528 0.2522234 0.3938093 0.2524102 0.4280018 0.7202571 0.1947696 0.6957174 0.1553843 0.6972938 0.1549485 0.8651001 0.1746913 0.8654509 0.1747725 0.8651001 0.2040398 0.6958429 0.1486063 0.6944388 0.1499375 0.6957174 0.1085053 0.6972938 0.1549485 0.6944388 0.1499375 0.6958429 0.1486063 0.6764174 0.461171 0.6762398 0.4611771 0.6762398 0.4159886 0.697296 0.1089245 0.6957174 0.1085053 0.7191003 0.06787669 0.6765771 0.4611651 0.6764174 0.461171 0.6762398 0.4159886 0.6765771 0.4159255 0.6765771 0.4611651 0.6762398 0.4159886 0.697296 0.1089245 0.6958429 0.1486063 0.6957174 0.1085053 0.3349545 0.4320498 0.334617 0.3865686 0.3347946 0.3865738 0.3349545 0.4320498 0.334617 0.431989 0.334617 0.3865686 0.7202559 0.06903278 0.7191003 0.06787669 0.7596004 0.04437214 0.697296 0.1089245 0.7191003 0.06787669 0.7202559 0.06903278 0.3349545 0.4320498 0.3347946 0.3865738 0.3349544 0.386578 0.9027498 0.2099398 0.902101 0.2099651 0.902101 0.1647254 0.5148295 0.4517173 0.5141798 0.4514698 0.51423 0.405998 0.5148791 0.4060146 0.5148295 0.4517173 0.51423 0.405998 0.5116608 0.04309862 0.5123637 0.04347103 0.512199 0.07761448 0.8958099 0.1786236 0.8991237 0.1551936 0.8991237 0.2022217 0.2375735 0.3211794 0.2375735 0.3431448 0.2369297 0.321376 0.5114947 0.07757031 0.512199 0.07761448 0.5121387 0.1232852 0.5114947 0.07757031 0.5116608 0.04309862 0.512199 0.07761448 0.5114346 0.1235184 0.5121387 0.1232852 0.512199 0.1682459 0.5114346 0.1235184 0.5114947 0.07757031 0.5121387 0.1232852 0.5148721 0.3482276 0.5156661 0.3483802 0.5142683 0.3836659 0.5114953 0.1685253 0.5114346 0.1235184 0.512199 0.1682459 0.9107672 0.3706412 0.9105876 0.3706679 0.9071435 0.3249723 0.9143085 0.04302704 0.9177561 0.01953125 0.9177561 0.06641083 0.5134742 0.3835977 0.5148721 0.3482276 0.5142683 0.3836659 0.5156661 0.4059981 0.5134742 0.3835977 0.5142683 0.3836659 0.3349797 0.4770203 0.3346171 0.4320499 0.3347983 0.4320614 0.3346171 0.4770465 0.3346171 0.4320499 0.3349797 0.4770203 0.917319 0.1249941 0.9180995 0.1250399 0.9181033 0.1700364 0.8865039 0.4457176 0.8872851 0.4692631 0.8865039 0.4692965 0.9204143 0.06614041 0.9191982 0.060732 0.9204143 0.01953125 0.799615 0.04442769 0.7596004 0.04437214 0.800941 0.04301816 0.5155202 0.3133436 0.5155202 0.3466354 0.5151573 0.3133683 0.7600215 0.04595339 0.7202559 0.06903278 0.7596004 0.04437214 0.799615 0.04442769 0.7600215 0.04595339 0.7596004 0.04437214 0.3316392 0.05723822 0.3312795 0.05728667 0.3308659 0.05254828 0.8059462 0.0458706 0.800941 0.04301816 0.8063783 0.04429006 0.8059462 0.0458706 0.799615 0.04442769 0.800941 0.04301816 0.3331245 0.1024799 0.3327631 0.1024772 0.3312795 0.05728667 0.8457216 0.06881362 0.8063783 0.04429006 0.8468784 0.0676524 0.3316392 0.05723822 0.3331245 0.1024799 0.3312795 0.05728667 0.8457216 0.06881362 0.8059462 0.0458706 0.8063783 0.04429006 0.9021011 0.211635 0.8991127 0.1850602 0.9021011 0.1647254 0.8457216 0.06881362 0.8468784 0.0676524 0.8596383 0.0837174 0.3331245 0.1024799 0.3308659 0.1479016 0.3327631 0.1024772 0.185104 0.1885696 0.1847413 0.1885592 0.1834324 0.1636037 0.8584326 0.08487606 0.8596383 0.0837174 0.8702613 0.1081989 0.8584326 0.08487606 0.8457216 0.06881362 0.8596383 0.0837174 0.1837939 0.2224081 0.1834324 0.2223683 0.1847413 0.1885592 0.8686848 0.1086346 0.8702613 0.1081989 0.8702613 0.1550779 0.185104 0.1885696 0.1837939 0.2224081 0.1847413 0.1885592 0.8686848 0.1086346 0.8584326 0.08487606 0.8702613 0.1081989 0.8686827 0.1546587 0.8686848 0.1086346 0.8702613 0.1550779 0.9141172 0.3861168 0.9133747 0.3875781 0.9133747 0.3406584 0.917319 0.1701502 0.917319 0.1249941 0.9181033 0.1700364 0.9174351 0.171553 0.917319 0.1701502 0.9181033 0.1700364 0.2388922 0.1594193 0.2381319 0.1593609 0.2402752 0.1139336 0.2388922 0.1594193 0.2337597 0.1923392 0.2381319 0.1593609 0.2410326 0.1137141 0.2402752 0.1139336 0.2386748 0.06869584 0.2410326 0.1137141 0.2388922 0.1594193 0.2402752 0.1139336 0.239418 0.06842797 0.2386748 0.06869584 0.2337597 0.03576892 0.239418 0.06842797 0.2410326 0.1137141 0.2386748 0.06869584 0.918725 0.2100726 0.9179267 0.2554755 0.9179267 0.208675 0.5148295 0.4517173 0.5148791 0.4530777 0.5141798 0.4514698 0.6961275 0.05281341 0.6701286 0.01691532 0.693643 0.05228561 0.6532509 0.03321486 0.6513937 0.03136056 0.6701286 0.01691532 0.6719219 0.01871043 0.6701286 0.01691532 0.6961275 0.05281341 0.6532509 0.03321486 0.6701286 0.01691532 0.6719219 0.01871043 0.6961275 0.05281341 0.693643 0.05228561 0.694056 0.05068939 0.7039523 0.4557014 0.694056 0.05068939 0.7014359 0.4561182 0.7039523 0.4557014 0.6961275 0.05281341 0.694056 0.05068939 0.6799374 0.4138637 0.7014359 0.4561182 0.6778219 0.4153426 0.6799374 0.4138637 0.7039523 0.4557014 0.7014359 0.4561182 0.6799374 0.4138637 0.6778219 0.4153426 0.6371815 0.3919743 0.6380868 0.3895844 0.6371815 0.3919743 0.5917728 0.3916584 0.6799374 0.4138637 0.6371815 0.3919743 0.6380868 0.3895844 0.5896548 0.3895844 0.5917728 0.3916584 0.590259 0.3920529 0.6380868 0.3895844 0.5917728 0.3916584 0.5896548 0.3895844 0.5896548 0.3895844 0.590259 0.3920529 0.5494957 0.4156872 0.5332472 0.4326271 0.5494957 0.4156872 0.535107 0.434473 0.5332472 0.4326271 0.5477024 0.413892 0.5494957 0.4156872 0.5896548 0.3895844 0.5494957 0.4156872 0.5477024 0.413892 0.5235103 0.4559099 0.535107 0.434473 0.5259813 0.4564887 0.5235103 0.4559099 0.5332472 0.4326271 0.535107 0.434473 0.5156719 0.05307292 0.5259813 0.4564887 0.5181884 0.05265617 0.5156719 0.05307292 0.5235103 0.4559099 0.5259813 0.4564887 0.5396869 0.01873874 0.5181884 0.05265617 0.5418024 0.01725977 0.5396869 0.01873874 0.5156719 0.05307292 0.5181884 0.05265617 0.5396869 0.01873874 0.5418024 0.01725977 0.5824428 0.04062813 0.5815374 0.04301804 0.5824428 0.04062813 0.6293653 0.04054957 0.5815374 0.04301804 0.5396869 0.01873874 0.5824428 0.04062813 0.6300978 0.04298341 0.6293653 0.04054957 0.6513937 0.03136056 0.5815374 0.04301804 0.6293653 0.04054957 0.6300978 0.04298341 0.6300978 0.04298341 0.6513937 0.03136056 0.6532509 0.03321486 0.9175266 0.3873277 0.9145069 0.387427 0.9141172 0.3639777 0.9093677 0.1487041 0.9063532 0.1485052 0.9080493 0.101511 0.9110639 0.101712 0.9093677 0.1487041 0.9080493 0.101511 0.9171368 0.3638859 0.9141172 0.3639777 0.9145094 0.3406903 0.9171368 0.3638859 0.9175266 0.3873277 0.9141172 0.3639777 0.9110639 0.1833747 0.9080673 0.1833093 0.9063532 0.1485052 0.9093677 0.1487041 0.9110639 0.1833747 0.9063532 0.1485052 0.3333913 0.2589871 0.3304067 0.2595742 0.3265615 0.2129157 0.3295356 0.2125685 0.3333913 0.2589871 0.3265615 0.2129157 0.3295656 0.3408882 0.3265614 0.3410096 0.3303973 0.3063719 0.9169893 0.1483159 0.9199242 0.1485443 0.9199242 0.1950749 0.9169895 0.1948485 0.9169893 0.1483159 0.9199242 0.1950749 0.3334119 0.3060208 0.3303973 0.3063719 0.3304067 0.2595742 0.3334119 0.3060208 0.3295656 0.3408882 0.3303973 0.3063719 0.3333913 0.2589871 0.3334119 0.3060208 0.3304067 0.2595742 0.07995021 0.4252943 0.08286845 0.4249104 0.08546805 0.4483385 0.07995021 0.4252943 0.08546805 0.4483385 0.08255034 0.4487299 0.07897973 0.4015228 0.08189755 0.4012009 0.08286845 0.4249104 0.07897973 0.4015228 0.08286845 0.4249104 0.07995021 0.4252943 0.08251273 0.365309 0.08546805 0.364771 0.08189755 0.4012009 0.08251273 0.365309 0.08189755 0.4012009 0.07897973 0.4015228 0.2412652 0.03576898 0.2443074 0.03580993 0.2441377 0.07097494 0.9175266 0.3406583 0.9171368 0.3638859 0.9145094 0.3406903 0.2410944 0.07120776 0.2441377 0.07097494 0.2440752 0.1179724 0.2410944 0.07120776 0.2412652 0.03576898 0.2441377 0.07097494 0.2410326 0.1184395 0.2440752 0.1179724 0.244137 0.1644762 0.2410944 0.07120776 0.2440752 0.1179724 0.2410326 0.1184395 0.2410326 0.1184395 0.244137 0.1644762 0.2410951 0.1647012 0.3708184 0.3620283 0.367201 0.3656887 0.3430545 0.3238888 0.3708184 0.3620283 0.3858245 0.3800141 0.367201 0.3656887 0.3472607 0.3195562 0.3430545 0.3238888 0.3430889 0.275424 0.3480119 0.3225725 0.3708184 0.3620283 0.3430545 0.3238888 0.3472607 0.3195562 0.3480119 0.3225725 0.3430545 0.3238888 0.3479701 0.2769613 0.3430889 0.275424 0.3672667 0.2333644 0.3479701 0.2769613 0.3472607 0.3195562 0.3430889 0.275424 0.4099919 0.2140415 0.3672667 0.2333644 0.4088953 0.2090219 0.3705784 0.2372875 0.3479701 0.2769613 0.3672667 0.2333644 0.4099919 0.2140415 0.3705784 0.2372875 0.3672667 0.2333644 0.4526332 0.2129313 0.4088953 0.2090219 0.4569181 0.2086749 0.4526332 0.2129313 0.4099919 0.2140415 0.4088953 0.2090219 0.495125 0.2362443 0.4569181 0.2086749 0.4987424 0.2325839 0.4557229 0.2136827 0.4526332 0.2129313 0.4569181 0.2086749 0.495125 0.2362443 0.4557229 0.2136827 0.4569181 0.2086749 0.5131552 0.2511597 0.495125 0.2362443 0.4987424 0.2325839 0.3708184 0.3620283 0.3895536 0.3762178 0.3858245 0.3800141 0.4089746 0.3895845 0.3858245 0.3800141 0.3895536 0.3762178 0.5856187 0.4240533 0.5831803 0.4462702 0.5741707 0.4679768 0.4089746 0.3895845 0.3895536 0.3762178 0.4102205 0.38459 0.5856187 0.4240533 0.5860735 0.4241604 0.5831803 0.4462702 0.244197 0.4155062 0.2438693 0.4155791 0.2438693 0.3700062 0.5856187 0.4240533 0.5741707 0.4679768 0.5738885 0.4677948 0.2212154 0.3623846 0.2208055 0.3626943 0.2186558 0.3604489 0.2212154 0.3623846 0.2603695 0.3851673 0.2208055 0.3626943 0.8283185 0.3448019 0.8280344 0.3887503 0.8280344 0.3447726 0.2212154 0.3623846 0.2186558 0.3604489 0.1981235 0.3231227 0.1986098 0.3229311 0.1981235 0.3231227 0.1980504 0.2774593 0.1986098 0.3229311 0.2212154 0.3623846 0.1981235 0.3231227 0.1986098 0.2773781 0.1980504 0.2774593 0.2207214 0.2377123 0.1986098 0.2773781 0.1986098 0.3229311 0.1980504 0.2774593 0.2212154 0.2379316 0.2207214 0.2377123 0.2571845 0.2155773 0.2212154 0.2379316 0.1986098 0.2773781 0.2207214 0.2377123 0.2603695 0.2151613 0.2571845 0.2155773 0.2602395 0.2146955 0.2603695 0.2151613 0.2212154 0.2379316 0.2571845 0.2155773 0.8255379 0.3889265 0.8250164 0.3890981 0.8250164 0.3447726 0.5131552 0.2511597 0.5094101 0.2549459 0.495125 0.2362443 0.5009124 0.4351046 0.5012333 0.4350433 0.5012333 0.4585765 0.6943401 0.4112274 0.6940213 0.4564325 0.6940213 0.411156 0.5228545 0.2742558 0.5094101 0.2549459 0.5131552 0.2511597 0.5179315 0.2757002 0.5094101 0.2549459 0.5228545 0.2742558 0.912943 0.3200151 0.9124194 0.3405101 0.9124194 0.3197742 0.9104264 0.2068163 0.9105627 0.1833747 0.9107713 0.2068163 0.9197542 0.2151073 0.9197542 0.1698073 0.9231813 0.1929751 0.5228545 0.3228487 0.5179315 0.2757002 0.5228545 0.2742558 0.5228545 0.3228487 0.5179733 0.3213114 0.5179315 0.2757002 0.857485 0.1555662 0.8578947 0.1554455 0.8578947 0.2010568 0.4986767 0.3649082 0.495365 0.3609851 0.5179733 0.3213114 0.3344704 0.05283373 0.3349367 0.05254822 0.3348777 0.09696531 0.5228545 0.3228487 0.4986767 0.3649082 0.5179733 0.3213114 0.8574774 0.2010371 0.857485 0.1555662 0.8578947 0.2010568 0.4986767 0.3649082 0.4559515 0.3842312 0.495365 0.3609851 0.3344119 0.09716039 0.3348777 0.09696531 0.3349362 0.1409103 0.3344119 0.09716039 0.3344704 0.05283373 0.3348777 0.09696531 0.4570481 0.3892507 0.4102205 0.38459 0.4559515 0.3842312 0.5738885 0.3803048 0.5742008 0.3799961 0.5860735 0.4241604 0.4986767 0.3649082 0.4570481 0.3892507 0.4559515 0.3842312 0.3344704 0.1407977 0.3344119 0.09716039 0.3349362 0.1409103 0.4570481 0.3892507 0.4089746 0.3895845 0.4102205 0.38459 0.5856187 0.4240533 0.5738885 0.3803048 0.5860735 0.4241604 0.8286308 0.3447726 0.830437 0.344913 0.830437 0.3885852 0.8241577 0.3447726 0.8244431 0.3892375 0.8241577 0.389249 0.7328882 0.4275271 0.7346838 0.4272868 0.738026 0.4716375 0.7362304 0.4718778 0.7328882 0.4275271 0.738026 0.4716375 0.32841 0.4616006 0.3265614 0.4616742 0.330182 0.429007 0.8286308 0.3884448 0.8286308 0.3447726 0.830437 0.3885852 0.3320306 0.4289335 0.330182 0.429007 0.330182 0.3848677 0.3320306 0.4289335 0.32841 0.4616006 0.330182 0.429007 0.3320306 0.3847941 0.330182 0.3848677 0.3265614 0.3410833 0.3320306 0.3847941 0.3320306 0.4289335 0.330182 0.3848677 0.7516724 0.4701052 0.7498173 0.4699813 0.7482201 0.4372807 0.32841 0.3410097 0.3320306 0.3847941 0.3265614 0.3410833 0.8255378 0.3447725 0.8258824 0.3447871 0.8255378 0.3889193 0.7500752 0.4374045 0.7482201 0.4372807 0.7498173 0.393176 0.7500752 0.4374045 0.7516724 0.4701052 0.7482201 0.4372807 0.8280343 0.3886808 0.826176 0.3887419 0.826176 0.3448338 0.7500752 0.4374045 0.7498173 0.393176 0.7516724 0.3932998 0.5135085 0.04309868 0.5153809 0.04309898 0.515221 0.07623749 0.8280343 0.3447726 0.8280343 0.3886808 0.826176 0.3448338 0.5133486 0.07623726 0.515221 0.07623749 0.5151625 0.1205641 0.5133486 0.07623726 0.5135085 0.04309868 0.515221 0.07623749 0.5132901 0.1205638 0.5151625 0.1205641 0.515221 0.1642015 0.5132901 0.1205638 0.5133486 0.07623726 0.5151625 0.1205641 0.7362304 0.3934165 0.738026 0.3931761 0.7346838 0.4272868 0.5133486 0.1642013 0.5132901 0.1205638 0.515221 0.1642015 0.7328882 0.4275271 0.7362304 0.3934165 0.7346838 0.4272868 0.8286307 0.3886691 0.8283184 0.3886808 0.8283184 0.3447726 0.5738885 0.4239499 0.5733993 0.4239447 0.5616198 0.3799961 0.8247554 0.3447837 0.8244431 0.3891802 0.8244431 0.3447726 0.8840329 0.2482921 0.8845051 0.248473 0.8844612 0.2940118 0.9071436 0.2089121 0.8845051 0.248473 0.9069007 0.2086749 0.8951967 0.2231788 0.9069007 0.2086749 0.8845051 0.248473 0.8840329 0.2482921 0.8951967 0.2231788 0.8845051 0.248473 0.8840187 0.2942717 0.8844612 0.2940118 0.9071436 0.3334316 0.8840187 0.2942717 0.8840329 0.2482921 0.8844612 0.2940118 0.08546799 0.4104963 0.08598017 0.4104496 0.08598017 0.4558802 0.8174181 0.3894061 0.8174766 0.3447726 0.8178885 0.3891837 0.6762399 0.3703446 0.676698 0.370429 0.6766903 0.4158697 0.8304958 0.3884946 0.8304368 0.3447726 0.8309658 0.3881876 0.9190655 0.3000888 0.9223858 0.2729002 0.9223858 0.3184 0.6762399 0.4159256 0.6762399 0.3703446 0.6766903 0.4158697 0.8711414 0.2008531 0.8711414 0.1746913 0.8717148 0.1748913 0.8309658 0.3447726 0.8313198 0.344798 0.8309658 0.3884688 0.2202996 0.3247098 0.2206544 0.3432953 0.2202996 0.3433024 0.9215168 0.3774912 0.9192169 0.3861972 0.9192169 0.3406584 0.08577603 0.4104495 0.08546799 0.4103589 0.08577603 0.3647709 0.185104 0.2074619 0.185732 0.1636038 0.1856808 0.2073069 0.185732 0.2149751 0.185104 0.2074619 0.1856808 0.2073069 0.1864737 0.1356708 0.1859344 0.1355912 0.1864958 0.09145551 0.1864737 0.1356708 0.1834323 0.1636038 0.1859344 0.1355912 0.1870241 0.091228 0.1864958 0.09145551 0.1834323 0.04762858 0.1870241 0.091228 0.1864737 0.1356708 0.1864958 0.09145551 0.5620802 0.4679749 0.5616199 0.467832 0.5733993 0.4239447 0.1839428 0.04731494 0.1870241 0.091228 0.1834323 0.04762858 0.5734279 0.4329031 0.5620802 0.4679749 0.5733993 0.4239447 0.5738885 0.4239499 0.5734279 0.4329031 0.5733993 0.4239447 0.2199798 0.32471 0.2202996 0.3433159 0.2199798 0.3433446 0.8032675 0.3930297 0.7573837 0.3929504 0.8031268 0.3928256 0.7399119 0.3865551 0.7399677 0.3863219 0.7573837 0.3929504 0.8032675 0.3930297 0.7573235 0.3931761 0.7573837 0.3929504 0.7399119 0.3865551 0.7573837 0.3929504 0.7573235 0.3931761 0.8116797 0.3902941 0.8031268 0.3928256 0.8117445 0.3900194 0.8116797 0.3902941 0.8032675 0.3930297 0.8031268 0.3928256 0.8428974 0.3700702 0.8117445 0.3900194 0.8428928 0.3697435 0.8428974 0.3700702 0.8116797 0.3902941 0.8117445 0.3900194 0.8657702 0.3304939 0.8428928 0.3697435 0.8656517 0.3300303 0.8657702 0.3304939 0.8428974 0.3700702 0.8428928 0.3697435 0.8657702 0.2846499 0.8656517 0.3300303 0.8654848 0.2844899 0.8657702 0.3304939 0.8656517 0.3300303 0.8657702 0.2846499 0.8657702 0.2846499 0.8654848 0.2844899 0.8485834 0.251731 0.8486614 0.2514574 0.8485834 0.251731 0.8425527 0.2450976 0.8657702 0.2846499 0.8485834 0.251731 0.8486614 0.2514574 0.6939825 0.3629846 0.6943095 0.3628932 0.6943095 0.4086672 0.8426591 0.2448742 0.8425527 0.2450976 0.8028254 0.2223603 0.8426591 0.2448742 0.8486614 0.2514574 0.8425527 0.2450976 0.784461 0.2192932 0.8028254 0.2223603 0.7844052 0.2195247 0.8028855 0.2221346 0.8028254 0.2223603 0.784461 0.2192932 0.8426591 0.2448742 0.8028254 0.2223603 0.8028855 0.2221346 0.7569415 0.222281 0.7844052 0.2195247 0.7570822 0.2224851 0.7569415 0.222281 0.784461 0.2192932 0.7844052 0.2195247 0.7173116 0.2452405 0.7570822 0.2224851 0.7173162 0.2455672 0.7173116 0.2452405 0.7569415 0.222281 0.7570822 0.2224851 0.6944388 0.2848168 0.7173162 0.2455672 0.6945573 0.2852805 0.6944388 0.2848168 0.7173116 0.2452405 0.7173162 0.2455672 0.6944388 0.3306609 0.6945573 0.2852805 0.6947242 0.3308209 0.6944388 0.3306609 0.6944388 0.2848168 0.6945573 0.2852805 0.6944388 0.3306609 0.6947242 0.3308209 0.7176563 0.370213 0.7175499 0.3704364 0.7176563 0.370213 0.7399677 0.3863219 0.6944388 0.3306609 0.7176563 0.370213 0.7175499 0.3704364 0.7175499 0.3704364 0.7399677 0.3863219 0.7399119 0.3865551 0.2446905 0.04190957 0.2445363 0.04186517 0.2446905 0.04279619 0.9208405 0.2898272 0.8494358 0.3132915 0.9208405 0.3354886 0.187435 0.09328925 0.187435 0.04731494 0.1875907 0.09325039 0.2352326 0.2364704 0.235521 0.2364012 0.2361194 0.2437374 0.2361194 0.1923534 0.235521 0.2364012 0.2359425 0.1923393 0.2352326 0.2364704 0.2359425 0.1923393 0.235521 0.2364012 0.9192168 0.3864974 0.9175265 0.3777754 0.9192168 0.3406584 0.8708582 0.1746913 0.8711415 0.1748232 0.8708582 0.2010344 0.3349366 0.0526219 0.3351987 0.05254828 0.3351987 0.09855061 0.334967 0.09854596 0.3349366 0.0526219 0.3351987 0.09855061 0.09082752 0.3852946 0.1048271 0.361407 0.09104806 0.3854151 0.5131062 0.1665766 0.5132751 0.1665941 0.5131062 0.1852356 0.9197247 0.3824191 0.9197247 0.3366372 0.8481652 0.3510669 0.2445363 0.03113692 0.2445363 0.04190963 0.2446925 0.03113448 0.09082752 0.3852946 0.09104806 0.3854151 0.08628952 0.4309675 0.08605366 0.4310696 0.08628952 0.4309675 0.1048271 0.4727504 0.08605366 0.4310696 0.09082752 0.3852946 0.08628952 0.4309675 0.6941217 0.2230027 0.6944053 0.2228772 0.6944053 0.2687214 0.3349367 0.1433488 0.3349958 0.09855061 0.3351719 0.143132 0.8259415 0.3888742 0.8258824 0.3447726 0.8261762 0.3886171 0.9131829 0.4414418 0.9129536 0.4413557 0.9106479 0.3955985 0.9131829 0.4414418 0.9106479 0.3955985 0.9108089 0.3955448 0.9131829 0.4414418 0.9106479 0.4499608 0.9129536 0.4413557 0.2413007 0.3422762 0.2410327 0.3423964 0.2410327 0.305054 0.9197542 0.1249942 0.9197542 0.1707699 0.9181033 0.1336978 0.6943989 0.3144056 0.6941217 0.3145654 0.6941217 0.2687213 0.8250162 0.3447726 0.8250162 0.3891738 0.8247553 0.3450163 0.8181588 0.3893815 0.8178885 0.3893402 0.8178885 0.3449953 0.1860251 0.1636037 0.1860251 0.1960848 0.185732 0.1637748 0.8181469 0.3447726 0.8181588 0.3893815 0.8178885 0.3449953 0.8148183 0.3891479 0.806224 0.3894308 0.806224 0.3450555 0.1874558 0.1828463 0.1874558 0.1382389 0.187612 0.1382434 0.746606 0.4383225 0.738026 0.4377499 0.7396402 0.393176 0.7482202 0.3937487 0.746606 0.4383225 0.7396402 0.393176 0.9019882 0.3406583 0.9106479 0.3406596 0.9104863 0.3741507 0.8148183 0.3447726 0.8148183 0.3891479 0.806224 0.3450555 0.9018266 0.3741495 0.9104863 0.3741507 0.9104271 0.4189489 0.9019882 0.3406583 0.9104863 0.3741507 0.9018266 0.3741495 0.9017675 0.4189476 0.9104271 0.4189489 0.9104863 0.4630506 0.9018266 0.3741495 0.9104271 0.4189489 0.9017675 0.4189476 0.7119951 0.3942877 0.7202997 0.393176 0.7169219 0.4276496 0.9017675 0.4189476 0.9104863 0.4630506 0.9018266 0.4630493 0.1876121 0.138226 0.187435 0.1382388 0.187435 0.09328925 0.7086174 0.4287613 0.7169219 0.4276496 0.7202997 0.4724721 0.7119951 0.3942877 0.7169219 0.4276496 0.7086174 0.4287613 0.7978706 0.3447726 0.806224 0.3454219 0.806224 0.3895586 0.7086174 0.4287613 0.7202997 0.4724721 0.7119952 0.4735838 0.5098151 0.4701012 0.5012655 0.4704415 0.5049247 0.4374269 0.7978706 0.3889094 0.7978706 0.3447726 0.806224 0.3895586 0.5134743 0.4370866 0.5049247 0.4374269 0.5049247 0.392818 0.5134743 0.4370866 0.5098151 0.4701012 0.5049247 0.4374269 0.5134743 0.3924777 0.5049247 0.392818 0.5012655 0.3485678 0.5134743 0.3924777 0.5134743 0.4370866 0.5049247 0.392818 0.7482202 0.4713711 0.7396402 0.4707984 0.738026 0.4377499 0.5098152 0.3482275 0.5134743 0.3924777 0.5012655 0.3485678 0.746606 0.4383225 0.7482202 0.4713711 0.738026 0.4377499 0.915363 0.2723489 0.9129951 0.2729002 0.9095472 0.2272483 0.9179804 0.1954246 0.9179804 0.212463 0.9156932 0.2116385 0.8503838 0.3856781 0.8503838 0.4306278 0.8480011 0.4141868 0.8631994 0.1980123 0.8608812 0.207908 0.8608812 0.1746913 0.9119954 0.2279467 0.915363 0.2723489 0.9095472 0.2272483 0.915363 0.2153869 0.9119954 0.2279467 0.9095472 0.2272483 0.06364172 0.3415839 0.06151634 0.3430884 0.04687494 0.299441 0.06364172 0.3415839 0.08605366 0.364771 0.06151634 0.3430884 0.0494529 0.2990087 0.04687494 0.299441 0.05585622 0.254379 0.0494529 0.2990087 0.06364172 0.3415839 0.04687494 0.299441 0.05824142 0.2552711 0.05585622 0.254379 0.08605366 0.2199766 0.05824142 0.2552711 0.0494529 0.2990087 0.05585622 0.254379 0.8174181 0.3883346 0.8148184 0.3893756 0.8148184 0.3447725 0.8622307 0.0359627 0.8604301 0.03094261 0.8604301 0.0261113 0.717891 0.1943666 0.717891 0.2072393 0.7154709 0.1944171 0.8174173 0.3448745 0.8174181 0.3883346 0.8148184 0.3447725 0.8198207 0.3447726 0.8224207 0.3890851 0.8198207 0.3891479 0.4123229 0.3897579 0.3961731 0.3870552 0.3576339 0.3647478 0.4123229 0.3897579 0.3576339 0.3647478 0.3491734 0.3548732 0.3665587 0.2894885 0.3491734 0.3548732 0.3352422 0.3257895 0.4269822 0.3340584 0.3491734 0.3548732 0.3665587 0.2894885 0.4269822 0.3340584 0.4123229 0.3897579 0.3491734 0.3548732 0.3665587 0.2894885 0.3352422 0.3257895 0.3352421 0.2809123 0.3665587 0.2894885 0.3352421 0.2809123 0.3574083 0.2421969 0.3665587 0.2894885 0.3574083 0.2421969 0.3836824 0.2240822 0.4409567 0.2810947 0.3836824 0.2240822 0.3958113 0.2197697 0.4409567 0.2810947 0.3665587 0.2894885 0.3836824 0.2240822 0.4556793 0.2254206 0.3958113 0.2197697 0.4403345 0.219682 0.4556793 0.2254206 0.4409567 0.2810947 0.3958113 0.2197697 0.8495752 0.1898514 0.9218184 0.1646822 0.8495752 0.1444097 0.4409567 0.2810947 0.4269822 0.3340584 0.3665587 0.2894885 0.4406963 0.3869675 0.4123229 0.3897579 0.4269822 0.3340584 0.8161235 0.4383102 0.8064847 0.4653051 0.8138983 0.4377756 0.5012655 0.3258251 0.4269822 0.3340584 0.4409567 0.2810947 0.4790993 0.3645404 0.4406963 0.3869675 0.4269822 0.3340584 0.5012655 0.3258251 0.4790993 0.3645404 0.4269822 0.3340584 0.5012655 0.2809479 0.4409567 0.2810947 0.4556793 0.2254206 0.5012655 0.2809479 0.5012655 0.3258251 0.4409567 0.2810947 0.5012655 0.2809479 0.4556793 0.2254206 0.4788737 0.2419894 0.8654508 0.1746912 0.8679478 0.1760447 0.8654508 0.2026981 0.3340678 0.4779593 0.3320307 0.4776502 0.3320582 0.4327153 0.3340678 0.4320048 0.3340678 0.4779593 0.3320582 0.4327153 0.8161235 0.4383102 0.8138983 0.4377756 0.8064847 0.3939258 0.2437587 0.3472163 0.2414284 0.3460449 0.2413707 0.3032458 0.8084862 0.3931761 0.8161235 0.4383102 0.8064847 0.3939258 0.2436995 0.3031146 0.2413707 0.3032458 0.2414279 0.2595564 0.2436995 0.3031146 0.2437587 0.3472163 0.2413707 0.3032458 0.2437587 0.2583164 0.2436995 0.3031146 0.2414279 0.2595564 0.01982557 0.7952014 0.01757812 0.7946091 0.0416758 0.7525534 0.1965023 0.7183837 0.1925885 0.7163464 0.2056009 0.6924914 0.1976094 0.7206931 0.1965023 0.7183837 0.2056009 0.6924914 0.01982557 0.7952014 0.01982802 0.842366 0.01757812 0.7946091 0.05275553 0.7303551 0.0416758 0.7525534 0.05215317 0.7281011 0.04331624 0.7542006 0.01982557 0.7952014 0.0416758 0.7525534 0.1152555 0.8241051 0.07456624 0.8479506 0.0729258 0.8463034 0.9037142 0.5809413 0.9077564 0.5817423 0.9037142 0.6158742 0.09973561 0.7300544 0.05215317 0.7281011 0.1003347 0.7277937 0.9325201 0.5815269 0.9346856 0.5709754 0.9346857 0.6186193 0.9158746 0.582966 0.9177333 0.5809413 0.9177333 0.6076388 0.9279739 0.8090123 0.9320771 0.8106001 0.9190257 0.7073718 0.9190257 0.8057101 0.9279739 0.8090123 0.9190257 0.7073718 0.9273563 0.8629511 0.9360536 0.8620486 0.9409838 0.8930972 0.9238615 0.8628932 0.9273563 0.8629511 0.9409838 0.8930972 0.1622356 0.8238044 0.1152555 0.8241051 0.1146531 0.821851 0.9524289 0.7112184 0.957673 0.6982623 0.9557356 0.7216492 0.1217107 0.7390682 0.1003347 0.7277937 0.1234693 0.7373807 0.9517292 0.720948 0.9524289 0.7112184 0.9557356 0.7216492 0.1217107 0.7390682 0.09973561 0.7300544 0.1003347 0.7277937 0.140415 0.7533721 0.1234693 0.7373807 0.1420699 0.7517203 0.9512567 0.7078314 0.9476485 0.7054496 0.957673 0.6982623 0.9524289 0.7112184 0.9512567 0.7078314 0.957673 0.6982623 0.140415 0.7533721 0.1217107 0.7390682 0.1234693 0.7373807 0.1877263 0.7270536 0.1885426 0.7458735 0.1859209 0.7366146 0.921878 0.6065472 0.9242742 0.6210733 0.9218765 0.6210733 0.1877263 0.7270536 0.1885426 0.7273256 0.1885426 0.7458735 0.3325918 0.6692996 0.3325918 0.6613782 0.3334627 0.6688002 0.3835592 0.6619393 0.3843915 0.6613781 0.3843915 0.6657015 0.1985728 0.723138 0.1954983 0.7201538 0.198603 0.7191516 0.3777153 0.6654065 0.3753585 0.6613782 0.3793036 0.6652753 0.1985728 0.723138 0.198603 0.7242454 0.1954983 0.7201538 0.3762156 0.6655336 0.3753585 0.6613782 0.3777153 0.6654065 0.3753585 0.6656083 0.3753585 0.6613782 0.3762156 0.6655336 0.2122583 0.7451583 0.2122583 0.723523 0.213542 0.7342731 0.2203087 0.7259227 0.2211202 0.7239926 0.2211202 0.727707 0.1907627 0.7456782 0.1907627 0.7270537 0.1926361 0.7276303 0.4717798 0.7468042 0.4736835 0.7385322 0.4736835 0.747677 0.2030543 0.7266451 0.2009724 0.7268722 0.2009724 0.7241237 0.3613265 0.6618921 0.3626472 0.6659698 0.3589001 0.6659698 0.3709534 0.6639303 0.3731875 0.6613782 0.3722485 0.6657715 0.3731875 0.6655243 0.3722485 0.6657715 0.3731875 0.6613782 0.9287859 0.7073718 0.9287859 0.7227834 0.9259299 0.7150773 0.3613265 0.6618921 0.3589001 0.6659698 0.3594479 0.6634504 0.9320417 0.7225872 0.9296348 0.708616 0.9320417 0.7073718 0.6425624 0.7370086 0.6425624 0.7277082 0.6449942 0.7361074 0.3411821 0.6677209 0.3411821 0.6621212 0.3436669 0.6613782 0.1686282 0.673838 0.1687154 0.6738404 0.1686282 0.6820643 0.9635393 0.8876375 0.9653071 0.8954011 0.9635393 0.9042581 0.1883278 0.7221804 0.1884829 0.7223265 0.1847053 0.7245764 0.7490671 0.6687841 0.7493366 0.6553075 0.7493366 0.6688018 0.3858371 0.6613782 0.3875114 0.665558 0.3843915 0.665558 0.1863991 0.7204883 0.1847053 0.7245764 0.1847053 0.7191517 0.3582613 0.6621757 0.3589002 0.6613782 0.3589002 0.6661914 0.1881628 0.7220274 0.1847053 0.7245764 0.1863991 0.7204883 0.1883278 0.7221804 0.1847053 0.7245764 0.1881628 0.7220274 0.9650897 0.5619574 0.9673977 0.5527417 0.9674615 0.5571467 0.2186183 0.7219771 0.2194692 0.7191517 0.2194692 0.7241463 0.9650897 0.5619574 0.9650897 0.5530818 0.9673977 0.5527417 0.1818045 0.7219745 0.1820086 0.7242097 0.1795068 0.7248003 0.3334627 0.6689015 0.3334627 0.6613782 0.3358297 0.6623806 0.1821478 0.7197397 0.1818045 0.7219745 0.1795068 0.7248003 0.1795068 0.7191516 0.1821478 0.7197397 0.1795068 0.7248003 0.8365004 0.6553041 0.8300143 0.6671127 0.8277894 0.6668172 0.8369386 0.6666887 0.8300143 0.6671127 0.8365004 0.6553041 0.8365004 0.6553041 0.8277894 0.6668172 0.8256859 0.665988 0.5608745 0.7394531 0.5632866 0.7472699 0.5608745 0.7484957 0.7908738 0.6668974 0.780196 0.6674794 0.7842313 0.6603633 0.8365004 0.6553041 0.8256859 0.665988 0.8261426 0.6553041 0.7694517 0.6681434 0.7686724 0.6618407 0.7694517 0.6553041 0.1946882 0.7276601 0.1961455 0.7283053 0.1933107 0.745441 0.1933107 0.7270537 0.1946882 0.7276601 0.1933107 0.745441 0.7908738 0.6668974 0.7842313 0.6603633 0.7908738 0.6553041 0.8248139 0.6553041 0.8239421 0.6678346 0.8240369 0.6562418 0.9633232 0.8980101 0.9620147 0.8988589 0.9620147 0.8885011 0.9628764 0.8886523 0.9633232 0.8980101 0.9620147 0.8885011 0.8248139 0.6553041 0.8248139 0.6679087 0.8239421 0.6678346 0.8464063 0.6553502 0.8476462 0.6668732 0.8369386 0.6668732 0.916194 0.7231946 0.9154057 0.7233616 0.9154057 0.7126539 0.8380861 0.6553257 0.8464063 0.6553502 0.8369386 0.6668732 0.8375532 0.6553041 0.8380861 0.6553257 0.8369386 0.6668732 0.8370448 0.6553065 0.8375532 0.6553041 0.8369386 0.6668732 0.2240735 0.7306067 0.2254012 0.7191517 0.2254012 0.7307189 0.1687154 0.673838 0.169301 0.6750348 0.1687154 0.6755884 0.6668972 0.7344212 0.6659322 0.7437398 0.6659322 0.7335633 0.9396005 0.9036074 0.9396005 0.8930972 0.940314 0.9031443 0.2270689 0.8050891 0.2270689 0.8094075 0.2269392 0.8088366 0.3684809 0.6657753 0.3709533 0.6613782 0.3709533 0.6649343 0.3685304 0.6614199 0.3709533 0.6613782 0.3684809 0.6657753 0.2231627 0.7191516 0.223033 0.7228991 0.2229434 0.722332 0.2268049 0.8066607 0.2270689 0.8050891 0.2268496 0.8082695 0.2240735 0.7306067 0.2240706 0.7193166 0.2254012 0.7191517 0.9390782 0.7540339 0.9377145 0.75929 0.9342496 0.750563 0.2227959 0.7239926 0.2227959 0.7271244 0.2219583 0.7269754 0.9535259 0.7635843 0.93897 0.7599699 0.9377145 0.75929 0.2227959 0.7239926 0.2219583 0.7269754 0.2220824 0.725553 0.9437851 0.7556061 0.9535259 0.7635843 0.9377145 0.75929 0.9390782 0.7540339 0.9437851 0.7556061 0.9377145 0.75929 0.6537348 0.727169 0.6543756 0.7276616 0.6537348 0.7370111 0.9406372 0.7493339 0.9342496 0.750563 0.9412611 0.7443452 0.9390782 0.7540339 0.9342496 0.750563 0.9406372 0.7493339 0.7467618 0.6553041 0.7467618 0.6688674 0.7459537 0.6688876 0.954737 0.7428075 0.954737 0.7532328 0.9412611 0.7443452 0.9406372 0.7493339 0.9412611 0.7443452 0.954737 0.7532328 0.7458768 0.6555836 0.7467618 0.6553041 0.7459537 0.6688876 0.3598014 0.6677865 0.3594594 0.6693923 0.3594594 0.6661914 0.2173894 0.7246369 0.2180339 0.7241 0.2180339 0.7269405 0.9535259 0.7635843 0.940324 0.7604219 0.93897 0.7599699 0.2227959 0.7239926 0.2220824 0.725553 0.2219583 0.724131 0.744997 0.6555672 0.7440623 0.6688795 0.7440623 0.6553042 0.7449111 0.6688884 0.7440623 0.6688795 0.744997 0.6555672 0.9437851 0.7556061 0.954737 0.7532328 0.9535259 0.7635843 0.1124569 0.7342894 0.1102156 0.7554178 0.1107937 0.7450117 0.1124569 0.7556264 0.1102156 0.7554178 0.1124569 0.7342894 0.1124569 0.7342894 0.1107937 0.7450117 0.1101585 0.7346057 0.945344 0.7509061 0.9406372 0.7493339 0.954737 0.7532328 0.9437851 0.7556061 0.945344 0.7509061 0.954737 0.7532328 0.2038061 0.7241237 0.204537 0.7263257 0.2038061 0.7268977 0.9442654 0.5620815 0.9677347 0.9510655 0.9712747 0.9516063 0.9689621 0.7400999 0.9689621 0.7168592 0.9725067 0.7164483 0.9689621 0.7400999 0.9725067 0.7164483 0.9725067 0.7396889 0.1065219 0.7569339 0.106522 0.7342894 0.1101585 0.7351434 0.9677029 0.9234096 0.9712747 0.900825 0.971244 0.9239504 0.9766151 0.8134965 0.9766117 0.8369009 0.9730011 0.8368835 0.1065219 0.7569339 0.1101585 0.7351434 0.1101585 0.7577882 0.9730033 0.8134791 0.9766151 0.8134965 0.9730011 0.8368835 0.3613265 0.6618921 0.3594479 0.6634504 0.3607489 0.6613782 0.3492184 0.6613782 0.3492804 0.668365 0.3468335 0.668365 0.9161939 0.7230623 0.9162831 0.7126539 0.9170235 0.7136382 0.9219994 0.8998532 0.9162685 0.9039199 0.9259034 0.8931364 0.91627 0.8930972 0.9259034 0.8931364 0.9162685 0.9039199 0.9161939 0.7230623 0.9170235 0.7136382 0.9170235 0.7232716 0.7381718 0.6553041 0.7405733 0.6563304 0.7381718 0.6692126 0.9287858 0.7154706 0.9296348 0.7073718 0.9296348 0.7227975 0.9187069 0.7103151 0.9187053 0.7211378 0.9175207 0.7216788 0.9175197 0.7103094 0.9187069 0.7103151 0.9175207 0.7216788 0.2206478 0.7217916 0.2203512 0.7197788 0.2228987 0.7191516 0.1933717 0.7243613 0.1933717 0.7191517 0.1954984 0.7206881 0.2203088 0.723698 0.2206478 0.7217916 0.2228987 0.7191516 0.2228987 0.7239925 0.2203088 0.723698 0.2228987 0.7191516 0.7971356 0.6666374 0.7991647 0.6554461 0.8011458 0.6559087 0.7949226 0.6553041 0.7991647 0.6554461 0.7971356 0.6666374 0.7971356 0.6666374 0.8011458 0.6559087 0.8027948 0.6569235 0.1731141 0.7276178 0.1710129 0.7206941 0.1731141 0.7191517 0.9259034 0.9039199 0.9259512 0.8930973 0.931389 0.8971872 0.7971356 0.6666374 0.8027948 0.6569235 0.8027948 0.667395 0.1572526 0.754361 0.1551265 0.7366523 0.1574653 0.7365875 0.833494 0.748015 0.832647 0.7399704 0.833494 0.7310914 0.1550168 0.7536674 0.1529271 0.7531306 0.1551265 0.7366523 0.1572526 0.754361 0.1550168 0.7536674 0.1551265 0.7366523 0.7490671 0.6687841 0.7492494 0.6553041 0.7493366 0.6553075 0.1574653 0.7544341 0.1572526 0.754361 0.1574653 0.7365875 0.9259034 0.9039199 0.931389 0.8971872 0.9350754 0.9039199 0.9403139 0.9032489 0.9403139 0.8930972 0.9409809 0.902245 0.9507681 0.8885011 0.9533842 0.8940246 0.9507681 0.8998565 0.2232367 0.7301656 0.2240706 0.7191517 0.2240706 0.730492 0.6472328 0.7370133 0.6469772 0.7277082 0.6478728 0.7277082 0.8520259 0.6553042 0.8540499 0.6669426 0.8476462 0.6669426 0.1739813 0.7254364 0.1731141 0.7255553 0.1731141 0.7191516 0.849789 0.6555077 0.8520259 0.6553042 0.8476462 0.6669426 0.8476609 0.6562489 0.849789 0.6555077 0.8476462 0.6669426 0.8239421 0.6674395 0.8132661 0.6553041 0.8239421 0.6559193 0.8256858 0.6553041 0.8249064 0.6669009 0.8248139 0.6553812 0.9172832 0.6089482 0.9172673 0.6205109 0.9123259 0.6198768 0.2310727 0.7303868 0.2284455 0.7249885 0.2310727 0.7191516 0.7493367 0.6569351 0.7519804 0.6553041 0.7519804 0.6685036 0.8520259 0.6553042 0.8560503 0.6555336 0.8540499 0.6669426 0.2304188 0.7308905 0.2284455 0.7249885 0.2310727 0.7303868 0.7949226 0.6553041 0.7971356 0.6666374 0.7908738 0.6669765 0.1739814 0.7196978 0.1753958 0.7191517 0.1753958 0.7254227 0.7908738 0.6556541 0.7949226 0.6553041 0.7908738 0.6669765 0.9389206 0.8941838 0.9377404 0.9040559 0.9377404 0.8930972 0.1821479 0.7247644 0.1847053 0.7198655 0.1844061 0.7220916 0.1821479 0.7191517 0.1847053 0.7198655 0.1821479 0.7247644 0.1821479 0.7247644 0.1844061 0.7220916 0.1846554 0.7243312 0.8173007 0.6623893 0.8132661 0.6553041 0.8239421 0.6674395 0.9615893 0.7428438 0.9615893 0.7260242 0.9622741 0.7339125 0.1834867 0.7270537 0.1859208 0.7277954 0.1852011 0.745006 0.5587298 0.7485693 0.5587298 0.739453 0.5608745 0.747516 0.8256858 0.6678326 0.8249064 0.6669009 0.8256858 0.6553041 0.3793037 0.6637675 0.3793037 0.6613782 0.3804085 0.6618831 0.7476629 0.6686301 0.7485674 0.6553041 0.7485674 0.6688486 0.6018252 0.7568091 0.6015222 0.7620241 0.588121 0.7600595 0.9154056 0.7126539 0.9132502 0.7232352 0.9133887 0.7180132 0.9154056 0.7233576 0.9132502 0.7232352 0.9154056 0.7126539 0.7476629 0.6686301 0.7477423 0.65533 0.7485674 0.6553041 0.5876433 0.7550446 0.588121 0.7600595 0.5811394 0.7521947 0.5876433 0.7550446 0.6018252 0.7568091 0.588121 0.7600595 0.2230179 0.7274548 0.2228987 0.7272156 0.2231549 0.72347 0.3793037 0.6637675 0.3804085 0.6618831 0.3793072 0.6657044 0.5862244 0.7502894 0.5811394 0.7521947 0.587653 0.7439322 0.9356562 0.904183 0.9350755 0.9036023 0.9356562 0.8930972 0.6009174 0.7411819 0.6015222 0.7463703 0.587653 0.7439322 0.5909665 0.7488635 0.587653 0.7439322 0.6015222 0.7463703 0.7475827 0.65533 0.7467618 0.6688507 0.7467618 0.6553042 0.5909665 0.7488635 0.5862244 0.7502894 0.587653 0.7439322 0.5862244 0.7502894 0.5876433 0.7550446 0.5811394 0.7521947 0.5923854 0.7536188 0.6018252 0.7515852 0.6018252 0.7568091 0.9154056 0.7126539 0.9133887 0.7180132 0.9132241 0.7127919 0.5923854 0.7536188 0.6018252 0.7568091 0.5876433 0.7550446 0.5909665 0.7488635 0.6015222 0.7463703 0.6018252 0.7515852 0.9132241 0.7126539 0.9110414 0.7232451 0.91118 0.7180233 0.5923854 0.7536188 0.5909665 0.7488635 0.6018252 0.7515852 0.9132241 0.7233607 0.9110414 0.7232451 0.9132241 0.7126539 0.9132241 0.7126539 0.91118 0.7180233 0.9110156 0.7128024 0.7476629 0.6686292 0.7467618 0.6688507 0.7475827 0.65533 0.2052827 0.72676 0.204537 0.7246759 0.2052827 0.7241237 0.04382342 0.751152 0.04385524 0.7280267 0.04739522 0.7285675 0.9478371 0.5626078 0.9712746 0.9514764 0.9748192 0.9510655 0.9478371 0.5626078 0.9748192 0.9510655 0.9513818 0.5621967 0.1028853 0.7569338 0.1028853 0.7342893 0.1065219 0.7351433 0.04736465 0.7516928 0.04382342 0.751152 0.04739522 0.7285675 0.9766151 0.8369184 0.9766117 0.8603227 0.9730012 0.8603053 0.1028853 0.7569338 0.1065219 0.7351433 0.1065219 0.7577881 0.9766151 0.8369184 0.9730012 0.8603053 0.9730033 0.8369009 0.7249004 0.6553042 0.7251592 0.6692927 0.7249004 0.669368 0.1834867 0.7270537 0.1852011 0.745006 0.1834867 0.7459074 0.1834868 0.7270536 0.1833994 0.745969 0.1816841 0.7270536 0.3547402 0.6619908 0.3524721 0.6683018 0.3523866 0.6683195 0.3547402 0.6619908 0.3547402 0.6674503 0.3524721 0.6683018 0.1332071 0.7108129 0.1335079 0.7107486 0.1335079 0.7360855 0.9609019 0.7217499 0.9609019 0.7470836 0.9604799 0.7219235 0.9606201 0.7469863 0.9604799 0.7219235 0.9609019 0.7470836 0.9325854 0.7040628 0.932077 0.7042874 0.9320769 0.8057101 0.1330155 0.7357891 0.1330155 0.7109544 0.1335079 0.7360855 0.1332071 0.7108129 0.1335079 0.7360855 0.1330155 0.7109544 0.9323787 0.8057799 0.9325854 0.7040628 0.9320769 0.8057101 0.9341753 0.7041473 0.9338819 0.7042014 0.9339155 0.8057101 0.9323769 0.7505669 0.9275041 0.7300258 0.9323769 0.7249781 0.6360775 0.7481895 0.6378612 0.760995 0.6328269 0.7561084 0.6378612 0.735395 0.6378612 0.760995 0.6360775 0.7481895 0.05081379 0.7968004 0.05061972 0.7966202 0.05081379 0.7710208 0.9323769 0.7505669 0.9275348 0.7456916 0.9275041 0.7300258 0.7953997 0.7447583 0.796145 0.7440142 0.796145 0.75968 0.7953997 0.7447583 0.7882237 0.7407698 0.796145 0.7440142 0.9323769 0.7505669 0.9197281 0.7489947 0.9275348 0.7456916 0.7953437 0.7589959 0.796145 0.75968 0.7883318 0.7629677 0.7953437 0.7589959 0.7953997 0.7447583 0.796145 0.75968 0.7603837 0.6553041 0.7645843 0.6609006 0.7603837 0.6683591 0.7811557 0.7589792 0.7883318 0.7629677 0.7804104 0.7597233 0.9670187 0.7414726 0.9670187 0.7164483 0.9689621 0.729302 0.7811557 0.7589792 0.7953437 0.7589959 0.7883318 0.7629677 0.6378612 0.735395 0.6171301 0.7403615 0.6122725 0.7353247 0.7811557 0.7589792 0.7804104 0.7597233 0.7804104 0.7440574 0.6378612 0.735395 0.6327959 0.7403737 0.6171301 0.7403615 0.9323787 0.8057799 0.9325854 0.8059917 0.9325854 0.7040628 0.9575871 0.6443122 0.9580396 0.6446318 0.9575871 0.6695677 0.1600873 0.7031883 0.1600873 0.677138 0.160282 0.7030116 0.7812118 0.7447415 0.7804104 0.7440574 0.7882237 0.7407698 0.6378612 0.735395 0.6360775 0.7481895 0.6327959 0.7403737 0.7812118 0.7447415 0.7882237 0.7407698 0.7953997 0.7447583 0.7812118 0.7447415 0.7811557 0.7589792 0.7804104 0.7440574 0.7118578 0.6554697 0.7160171 0.6553041 0.7160126 0.6691153 0.7162594 0.6553041 0.7204374 0.6554656 0.7204408 0.6692207 0.7162594 0.6690933 0.7162594 0.6553041 0.7204408 0.6692207 0.698309 0.6692004 0.6942325 0.6694029 0.6942397 0.6555399 0.7118578 0.6692607 0.7118578 0.6554697 0.7160126 0.6691153 0.724882 0.6691749 0.7206692 0.6691743 0.7206876 0.6553041 0.698309 0.6692004 0.6942397 0.6555399 0.698309 0.6553041 0.7249003 0.6553254 0.724882 0.6691749 0.7206876 0.6553041 0.7414426 0.6690817 0.741111 0.6691536 0.7411293 0.6553041 0.741111 0.6689202 0.7405732 0.6692004 0.7405732 0.6553041 0.740918 0.6554006 0.741111 0.6689202 0.7405732 0.6553041 0.7414427 0.6555294 0.7418669 0.6553042 0.7418669 0.6690933 0.7431241 0.6557179 0.7426684 0.6689154 0.7426684 0.6553041 0.716017 0.669436 0.716017 0.6553041 0.7162592 0.6692114 0.7420887 0.6553875 0.7424309 0.6553041 0.7424309 0.6690952 0.7415502 0.6689655 0.7414427 0.6555294 0.7418669 0.6690933 0.7490671 0.6553041 0.7490671 0.6688466 0.7485673 0.6684442 0.720669 0.6553041 0.720669 0.6693983 0.7204406 0.6555449 0.7118578 0.6688962 0.698309 0.668859 0.698309 0.6553042 0.7418668 0.6553042 0.7420887 0.6555488 0.7418668 0.6691018 0.7118578 0.6553414 0.7118578 0.6688962 0.698309 0.6553042 0.7426683 0.6690889 0.7424309 0.6688569 0.7426683 0.6553042 0.473268 0.7128763 0.4735687 0.712812 0.4735687 0.7381489 0.9604798 0.72175 0.9604798 0.7470836 0.9600579 0.7219236 0.9601981 0.7469863 0.9600579 0.7219236 0.9604798 0.7470836 0.9242044 0.6062472 0.923696 0.6064718 0.923696 0.5809413 0.4730764 0.7378525 0.4730764 0.7130179 0.4735687 0.7381489 0.473268 0.7128763 0.4735687 0.7381489 0.4730764 0.7130179 0.9239977 0.5810112 0.9242044 0.6062472 0.923696 0.5809413 0.9344685 0.7041473 0.9341752 0.7042014 0.9342088 0.8057101 0.9761487 0.8876374 0.9712759 0.8670963 0.9761487 0.8620486 0.6639907 0.7499804 0.6657747 0.7628253 0.6607404 0.7579386 0.6657747 0.7372252 0.6657747 0.7628253 0.6639907 0.7499804 0.158775 0.7587884 0.1585809 0.7586081 0.158775 0.7330088 0.9761487 0.8876374 0.9713064 0.8827625 0.9712759 0.8670963 0.5701181 0.7467149 0.570053 0.7411819 0.5811395 0.7522507 0.1190205 0.7431588 0.1269277 0.7397864 0.1270143 0.7453191 0.9761487 0.8876374 0.9635393 0.8860648 0.9713064 0.8827625 0.5701399 0.7523058 0.5811395 0.7522507 0.5779733 0.7600743 0.5701399 0.7523058 0.5701181 0.7467149 0.5811395 0.7522507 0.7519803 0.6553042 0.7561829 0.6608992 0.7519803 0.6683983 0.5701181 0.7578933 0.5779733 0.7600743 0.570053 0.7634159 0.9584922 0.6693364 0.9584922 0.6443122 0.9604357 0.6572044 0.5701181 0.7578933 0.5701399 0.7523058 0.5779733 0.7600743 0.6657747 0.7372252 0.6450436 0.7421918 0.640186 0.737155 0.1158849 0.7509947 0.127058 0.7564975 0.1270144 0.7620203 0.6657747 0.7372252 0.6607098 0.7422043 0.6450436 0.7421918 0.9239977 0.5810112 0.9242044 0.581223 0.9242044 0.6062472 0.9571345 0.6443122 0.957587 0.6446318 0.9571345 0.6695677 0.2171018 0.7212431 0.2171018 0.6951929 0.2172964 0.7210664 0.1190205 0.7431588 0.1270143 0.7453191 0.127058 0.7509099 0.1158849 0.7509947 0.127058 0.7509099 0.127058 0.7564975 0.1158849 0.7509947 0.1190205 0.7431588 0.127058 0.7509099 0.6657747 0.7372252 0.6639907 0.7499804 0.6607098 0.7422043 0.8378987 0.715978 0.8381994 0.7159138 0.8381994 0.7412506 0.1154679 0.7225199 0.1154679 0.7478536 0.115046 0.7226936 0.115186 0.7477563 0.115046 0.7226936 0.1154679 0.7478536 0.923696 0.6062471 0.9231875 0.6064717 0.9231875 0.5809413 0.8377071 0.7409542 0.8377071 0.7161196 0.8381994 0.7412506 0.8378987 0.715978 0.8381994 0.7412506 0.8377071 0.7161196 0.9234893 0.5810112 0.923696 0.6062471 0.9231875 0.5809413 0.9347618 0.7041473 0.9344685 0.7042014 0.9345021 0.8057101 0.977836 0.5527417 0.9528884 0.5798335 0.9571014 0.5742233 0.8273187 0.7486512 0.8291024 0.7614566 0.8240681 0.75657 0.8291024 0.7358565 0.8291024 0.7614566 0.8273187 0.7486512 0.1336906 0.7798015 0.1334966 0.7796213 0.1336906 0.754022 0.977836 0.5527417 0.9724295 0.5485009 0.9528884 0.5798335 0.1415787 0.7381982 0.1495001 0.7414426 0.1495001 0.7571085 0.977836 0.5527417 0.9650898 0.5527417 0.9724295 0.5485009 0.1337655 0.7414859 0.1495001 0.7571085 0.1416869 0.7603961 0.1337655 0.7414859 0.1415787 0.7381982 0.1495001 0.7571085 0.7561829 0.6553041 0.7603836 0.6609006 0.7561829 0.6683591 0.1337655 0.7414859 0.1416869 0.7603961 0.1337655 0.7571517 0.5667738 0.7504987 0.5667738 0.7254744 0.5687173 0.7383281 0.8291024 0.7358565 0.8083713 0.7408231 0.8035137 0.7357863 0.8291024 0.7358565 0.8240371 0.7408353 0.8083713 0.7408231 0.9234893 0.5810112 0.923696 0.5812229 0.923696 0.6062471 0.9580396 0.6443122 0.9584921 0.6446318 0.9580396 0.6695677 0.2171018 0.6951929 0.2171018 0.6691427 0.2172964 0.6950162 0.8291024 0.7358565 0.8273187 0.7486512 0.8240371 0.7408353 0.198603 0.7241237 0.198603 0.7191604 0.2035557 0.7191517 0.2035557 0.724115 0.198603 0.7241237 0.2035557 0.7191517 0.2085083 0.7191517 0.2085083 0.724115 0.2035557 0.7241237 0.2035557 0.7191604 0.2085083 0.7191517 0.2035557 0.7241237 0.2134609 0.7191517 0.2134609 0.724115 0.2085083 0.7241237 0.2085083 0.7191604 0.2134609 0.7191517 0.2085083 0.7241237 0.778199 0.393176 0.7916533 0.3939986 0.7902878 0.4385751 0.7916534 0.4230182 0.8051053 0.4221562 0.8064847 0.4665044 0.7930328 0.4673664 0.7916534 0.4230182 0.8064847 0.4665044 0.7768334 0.4377524 0.7902878 0.4385751 0.7916533 0.4680704 0.7768334 0.4377524 0.778199 0.393176 0.7902878 0.4385751 0.1432285 0.2243363 0.1566336 0.2238827 0.1573593 0.2293466 0.7768334 0.4377524 0.7916533 0.4680704 0.778199 0.4672478 0.7930328 0.394038 0.8064847 0.393176 0.8051053 0.4221562 0.8864868 0.356774 0.8729122 0.356772 0.8729294 0.3511569 0.8865039 0.3511589 0.8864868 0.356774 0.8729294 0.3511569 0.7916534 0.4230182 0.7930328 0.394038 0.8051053 0.4221562 0.1439542 0.2298002 0.1573593 0.2293466 0.1607553 0.2736215 0.1439542 0.2298002 0.1432285 0.2243363 0.1573593 0.2293466 0.1473503 0.2740751 0.1607553 0.2736215 0.1611092 0.2940289 0.1473503 0.2740751 0.1439542 0.2298002 0.1607553 0.2736215 0.1477042 0.2944826 0.1611092 0.2940289 0.1604896 0.3182333 0.1473503 0.2740751 0.1611092 0.2940289 0.1477042 0.2944826 0.1470845 0.3186869 0.1604896 0.3182333 0.1566336 0.3512246 0.1477042 0.2944826 0.1604896 0.3182333 0.1470845 0.3186869 0.8592901 0.0607739 0.9204143 0.06366252 0.9204143 0.01953125 0.1470845 0.3186869 0.1566336 0.3512246 0.1432285 0.3516783 0.4991235 0.4690504 0.4861056 0.4707929 0.4827283 0.4259761 0.8592901 0.0607739 0.9204143 0.01953125 0.8592901 0.01664263 0.4957461 0.4242336 0.4827283 0.4259761 0.4861056 0.3915006 0.4957461 0.4242336 0.4991235 0.4690504 0.4827283 0.4259761 0.8864868 0.4456812 0.8729122 0.4456793 0.8728648 0.4218835 0.4991235 0.3897581 0.4957461 0.4242336 0.4861056 0.3915006 0.8864394 0.4218855 0.8728648 0.4218835 0.8728531 0.401574 0.8864394 0.4218855 0.8864868 0.4456812 0.8728648 0.4218835 0.8864277 0.4015759 0.8728531 0.401574 0.8729122 0.356772 0.8864868 0.356774 0.8864277 0.4015759 0.8729122 0.356772 0.8864277 0.4015759 0.8864394 0.4218855 0.8728531 0.401574 0.9713696 0.9043461 0.9758849 0.904697 0.9750655 0.9280955 0.9395564 0.5633273 0.9440454 0.5627264 0.9650897 0.5618476 0.9395564 0.5633273 0.9650897 0.5618476 0.9606008 0.5624485 0.9705502 0.9277077 0.9750655 0.9280955 0.9758849 0.9499896 0.9705502 0.9277077 0.9713696 0.9043461 0.9750655 0.9280955 0.8848726 0.8647274 0.8893613 0.8641663 0.8893579 0.8654608 0.8883352 0.8306789 0.8928241 0.830078 0.8893613 0.8641663 0.9430227 0.5279446 0.9440488 0.561432 0.9395601 0.5619931 0.8848726 0.8647274 0.8893579 0.8654608 0.8848689 0.8660616 0.9388711 0.7467245 0.9342496 0.7469084 0.9380055 0.713026 0.9713696 0.9496387 0.9705502 0.9277077 0.9758849 0.9499896 0.9426269 0.7128421 0.9380055 0.713026 0.9380056 0.6672394 0.9426269 0.7128421 0.9388711 0.7467245 0.9380055 0.713026 0.942627 0.6670554 0.9380056 0.6672394 0.9342496 0.6218209 0.942627 0.6670554 0.9426269 0.7128421 0.9380056 0.6672394 0.6992503 0.7485376 0.6946125 0.748228 0.692956 0.7143077 0.9388711 0.621637 0.942627 0.6670554 0.9342496 0.6218209 0.6975938 0.7146172 0.692956 0.7143077 0.6933812 0.6920856 0.6975938 0.7146172 0.6992503 0.7485376 0.692956 0.7143077 0.6980204 0.6923578 0.6933812 0.6920856 0.6946125 0.7955197 0.6980204 0.6923578 0.6975938 0.7146172 0.6933812 0.6920856 0.9431875 0.6178026 0.938542 0.6179603 0.9384942 0.5724231 0.6992503 0.7958292 0.6980204 0.6923578 0.6946125 0.7955197 0.9450927 0.5898434 0.9404473 0.5900012 0.9404937 0.5887497 0.9431396 0.5722653 0.9431875 0.6178026 0.9384942 0.5724231 0.6596877 0.6252444 0.6643688 0.625221 0.6642091 0.6588168 0.9450927 0.5898434 0.9404937 0.5887497 0.9451406 0.5885536 0.6594676 0.704797 0.6641485 0.7047977 0.6642091 0.7500637 0.6594676 0.704797 0.6642091 0.7500637 0.6595283 0.750063 0.6595283 0.658816 0.6642091 0.6588168 0.6641485 0.7047977 0.6596877 0.6252444 0.6642091 0.6588168 0.6595283 0.658816 0.6595283 0.658816 0.6641485 0.7047977 0.6594676 0.704797 0.3761257 0.05381071 0.3774888 0.05516427 0.3611966 0.06808084 0.466333 0.3915005 0.4793509 0.389758 0.4816818 0.4103706 0.3598757 0.06675982 0.3761257 0.05381071 0.3611966 0.06808084 0.3364418 0.1074813 0.3598757 0.06675982 0.3611966 0.06808084 0.3382419 0.1079756 0.3364418 0.1074813 0.3611966 0.06808084 0.8201075 0.1607651 0.8331913 0.1619128 0.8327527 0.2060419 0.8201075 0.1607651 0.8327527 0.2060419 0.8196689 0.2048942 0.4004623 0.04319334 0.3774888 0.05516427 0.3761257 0.05381071 0.4004623 0.04319334 0.4009591 0.04499626 0.3774888 0.05516427 0.4686639 0.4121131 0.4816818 0.4103706 0.4827283 0.4345748 0.4686639 0.4121131 0.466333 0.3915005 0.4816818 0.4103706 0.9178158 0.08583122 0.9149685 0.05955684 0.9178158 0.03911179 0.8234888 0.4187573 0.8230043 0.4188207 0.8161235 0.393176 0.3348187 0.1437876 0.335147 0.1438741 0.3348187 0.1908558 0.2446347 0.08294397 0.2446347 0.130087 0.2443074 0.08303421 0.3382419 0.1079756 0.3352422 0.1125438 0.3364418 0.1074813 0.333412 0.335833 0.3338982 0.3357047 0.3351939 0.3407434 0.333412 0.335833 0.3351939 0.2886219 0.3338982 0.3357047 0.5009124 0.4350435 0.5009124 0.3897581 0.5012247 0.4350326 0.3382419 0.1079756 0.3368219 0.1141715 0.3352422 0.1125438 0.3364418 0.1544888 0.3352422 0.1125438 0.3368219 0.1141715 0.6932761 0.4111561 0.6940212 0.4162703 0.6932761 0.4581729 0.8196689 0.1554455 0.8327527 0.1565932 0.8331913 0.1619128 0.3364418 0.1544888 0.3368219 0.1141715 0.3382457 0.1539996 0.2028855 0.225959 0.1894728 0.2259405 0.1936576 0.1965258 0.2028855 0.225959 0.1936576 0.1965258 0.2070704 0.1965442 0.8196689 0.1554455 0.8331913 0.1619128 0.8201075 0.1607651 0.3612141 0.1938177 0.3364418 0.1544888 0.3382457 0.1539996 0.2010498 0.2705339 0.187637 0.2705155 0.1894728 0.2259405 0.2010498 0.2705339 0.1894728 0.2259405 0.2028855 0.225959 0.3612141 0.1938177 0.3598924 0.1951447 0.3364418 0.1544888 0.2983834 0.08684086 0.2988132 0.08709084 0.287874 0.1327326 0.3308659 0.05254834 0.2988132 0.08709084 0.2983834 0.08684086 0.4009925 0.2167555 0.4005081 0.2185643 0.3598924 0.1951447 0.2873905 0.1327152 0.287874 0.1327326 0.3012501 0.177668 0.3612141 0.1938177 0.4009925 0.2167555 0.3598924 0.1951447 0.2983834 0.08684086 0.287874 0.1327326 0.2873905 0.1327152 0.4407376 0.2181022 0.4423649 0.2196822 0.4005081 0.2185643 0.3008327 0.1778795 0.3012501 0.177668 0.3308659 0.2072678 0.4009925 0.2167555 0.4407376 0.2181022 0.4005081 0.2185643 0.2873905 0.1327152 0.3012501 0.177668 0.3008327 0.1778795 0.4469172 0.2166667 0.4423649 0.2196822 0.4407376 0.2181022 0.4474142 0.2184697 0.4423649 0.2196822 0.4469172 0.2166667 0.5114345 0.1728845 0.5123549 0.1685255 0.5120041 0.173085 0.9037693 0.1551938 0.9044847 0.1970941 0.9037693 0.202174 0.2070704 0.3438418 0.1936576 0.3438233 0.1894728 0.3148824 0.8496423 0.1613476 0.836171 0.1608761 0.8359682 0.1554455 0.8496423 0.1613476 0.8359682 0.1554455 0.8494395 0.1559171 0.2028855 0.3149008 0.1894728 0.3148824 0.187637 0.2705155 0.2028855 0.3149008 0.2070704 0.3438418 0.1894728 0.3148824 0.2028855 0.3149008 0.187637 0.2705155 0.2010498 0.2705339 0.4866798 0.1935822 0.4474142 0.2184697 0.4469172 0.2166667 0.8494395 0.2059446 0.8359682 0.2054731 0.836171 0.1608761 0.8496423 0.1613476 0.8494395 0.2059446 0.836171 0.1608761 0.4866798 0.1935822 0.4880006 0.1949032 0.4474142 0.2184697 0.5114345 0.1728845 0.5120041 0.173085 0.5123549 0.2189612 0.4866798 0.1935822 0.5008891 0.1785922 0.4880006 0.1949032 0.3351362 0.2116884 0.3348186 0.2116417 0.3351362 0.1908557 0.2443074 0.08294391 0.2443074 0.03576898 0.244619 0.0828666 0.4866798 0.1935822 0.4995357 0.1772289 0.5008891 0.1785922 0.5114346 0.1541817 0.5008891 0.1785922 0.4995357 0.1772289 0.2441715 0.4733404 0.2413707 0.4527559 0.2441715 0.4264397 0.9136232 0.3197928 0.9132687 0.3403592 0.9132687 0.3197742 0.9335939 0.1456332 0.9201217 0.1460766 0.9197542 0.1254376 0.5114346 0.1541817 0.4995357 0.1772289 0.5096346 0.1536874 0.9332265 0.1693639 0.9197542 0.1698073 0.9201217 0.1460766 0.9332265 0.1693639 0.9201217 0.1460766 0.9335939 0.1456332 0.9332265 0.1249942 0.9335939 0.1456332 0.9197542 0.1254376 0.4473683 0.04309868 0.4468839 0.04490751 0.4009591 0.04499626 0.4697104 0.4363173 0.4827283 0.4345748 0.4793509 0.4690503 0.4004623 0.04319334 0.4473683 0.04309868 0.4009591 0.04499626 0.4697104 0.4363173 0.4686639 0.4121131 0.4827283 0.4345748 0.487984 0.0665183 0.4866623 0.06784534 0.4468839 0.04490751 0.8959136 0.2153869 0.9094882 0.2153889 0.9095473 0.2594943 0.4473683 0.04309868 0.487984 0.0665183 0.4468839 0.04490751 0.466333 0.4707928 0.4697104 0.4363173 0.4793509 0.4690503 0.5114346 0.1071742 0.5096307 0.1076633 0.4866623 0.06784534 0.8959727 0.2594923 0.9095473 0.2594943 0.9094882 0.3042962 0.487984 0.0665183 0.5114346 0.1071742 0.4866623 0.06784534 0.8959136 0.2153869 0.9095473 0.2594943 0.8959727 0.2594923 0.5114346 0.1071742 0.5096346 0.1536874 0.5096307 0.1076633 0.8959136 0.3042942 0.9094882 0.3042962 0.9093266 0.3377863 0.8959727 0.2594923 0.9094882 0.3042962 0.8959136 0.3042942 0.5114346 0.1071742 0.5114346 0.1541817 0.5096346 0.1536874 0.8959136 0.3042942 0.9093266 0.3377863 0.895752 0.3377844 0.9149953 0.1346768 0.9144085 0.1348493 0.911064 0.1018385 0.9149953 0.1346768 0.911064 0.1798042 0.9144085 0.1348493 0.6922379 0.314152 0.6917124 0.3139235 0.693587 0.2684115 0.9149953 0.1346768 0.911064 0.1018385 0.9116328 0.101511 0.6941215 0.268408 0.693587 0.2684115 0.6917124 0.2231115 0.6922379 0.314152 0.693587 0.2684115 0.6941215 0.268408 0.8234888 0.4187573 0.8161235 0.4652194 0.8230043 0.4188207 0.8165686 0.4653792 0.8161235 0.4652194 0.8234888 0.4187573 0.6941215 0.268408 0.6917124 0.2231115 0.6922379 0.2228772 0.9195106 0.1019238 0.8578349 0.1431478 0.9195106 0.1474668 0.7069608 0.4397586 0.6960954 0.393176 0.7086175 0.3940118 0.6944388 0.4389229 0.6960954 0.393176 0.7069608 0.4397586 0.1861187 0.330665 0.186431 0.3306753 0.1861187 0.376451 0.9195106 0.1019238 0.8578349 0.09760481 0.8578349 0.1431478 0.186431 0.421984 0.1860863 0.421994 0.1860863 0.376451 0.8963126 0.2117569 0.8963126 0.1647253 0.8991127 0.185353 0.1431562 0.4471437 0.1428116 0.4678284 0.1428116 0.4471295 0.187077 0.3667037 0.1870771 0.3209269 0.1875963 0.3664715 0.8902233 0.07348608 0.8775849 0.07348424 0.8777508 0.03911185 0.886504 0.403635 0.88728 0.3984831 0.88728 0.4457175 0.8903891 0.03911364 0.8902233 0.07348608 0.8777508 0.03911185 0.244279 0.2712116 0.2437586 0.2709746 0.2444455 0.266799 0.2444455 0.3165029 0.2437586 0.2709746 0.244279 0.2712116 0.2352326 0.1923393 0.2352326 0.2392551 0.2349219 0.1924402 0.8901626 0.1194632 0.8775242 0.1194613 0.8775849 0.07348424 0.3338854 0.09851133 0.3344119 0.05254828 0.3343513 0.0985254 0.8902233 0.07348608 0.8901626 0.1194632 0.8775849 0.07348424 0.8751206 0.04262775 0.8755219 0.03001743 0.8755219 0.04271429 0.3339459 0.05276745 0.3344119 0.05254828 0.3338854 0.09851133 0.8902233 0.1647254 0.8775849 0.1647235 0.8775242 0.1194613 0.3338854 0.09851133 0.3343513 0.0985254 0.3344119 0.1437876 0.8901626 0.1194632 0.8902233 0.1647254 0.8775242 0.1194613 0.4510394 0.4251387 0.4389194 0.4267611 0.442386 0.3913804 0.5151574 0.2197536 0.5155805 0.2196821 0.5155805 0.2666625 0.454506 0.3897579 0.4510394 0.4251387 0.442386 0.3913804 0.3338854 0.09851133 0.3344119 0.1437876 0.3339459 0.1435443 0.454506 0.4711408 0.442386 0.4727632 0.4389194 0.4267611 0.1973571 0.3467332 0.1978085 0.3466676 0.1960544 0.3935294 0.4510394 0.4251387 0.454506 0.4711408 0.4389194 0.4267611 0.1960544 0.3417334 0.1978085 0.3466676 0.1973571 0.3467332 0.5156632 0.405998 0.5156632 0.4530404 0.5148791 0.4478626 0.9275545 0.2616328 0.9153631 0.2153869 0.9275545 0.2163344 0.5153809 0.1356981 0.5153809 0.08981114 0.5156663 0.1356869 0.9275545 0.2616328 0.9153631 0.2606852 0.9153631 0.2153869 0.3349544 0.3865686 0.3352386 0.3865975 0.3349544 0.4318949 0.187431 0.3209013 0.1870771 0.3209269 0.1870771 0.2747943 0.1822366 0.1109836 0.1804423 0.1114919 0.1575623 0.07184439 0.1588789 0.0705145 0.1822366 0.1109836 0.1575623 0.07184439 0.1426817 0.05771756 0.1588789 0.0705145 0.1575623 0.07184439 0.141323 0.0590803 0.1426817 0.05771756 0.1575623 0.07184439 0.1834324 0.1160288 0.1818577 0.117667 0.1804423 0.1114919 0.1822366 0.1109836 0.1834324 0.1160288 0.1804423 0.1114919 0.1822366 0.1579208 0.1818577 0.117667 0.1834324 0.1160288 0.1822366 0.1579208 0.1804385 0.1574473 0.1818577 0.117667 0.912943 0.3197741 0.9132687 0.3197996 0.912943 0.3404394 0.1184241 0.04731494 0.1426817 0.05771756 0.141323 0.0590803 0.1184241 0.04731494 0.141323 0.0590803 0.1179291 0.04911929 0.110733 0.04369765 0.1184241 0.04731494 0.1179291 0.04911929 0.111216 0.04549974 0.110733 0.04369765 0.1179291 0.04911929 0.251752 0.3938094 0.2519984 0.3942315 0.2145141 0.4221763 0.07156687 0.06872844 0.07024937 0.06741428 0.110733 0.04369765 0.2140904 0.421894 0.2145141 0.4221763 0.195966 0.4652736 0.111216 0.04549974 0.07156687 0.06872844 0.110733 0.04369765 0.251752 0.3938094 0.2145141 0.4221763 0.2140904 0.421894 0.04867309 0.1086747 0.046875 0.1082012 0.07024937 0.06741428 0.193012 0.06098151 0.195966 0.4652736 0.1935032 0.06080627 0.07156687 0.06872844 0.04867309 0.1086747 0.07024937 0.06741428 0.1954496 0.465211 0.195966 0.4652736 0.193012 0.06098151 0.2140904 0.421894 0.195966 0.4652736 0.1954496 0.465211 0.04866921 0.1546301 0.046875 0.1551384 0.046875 0.1082012 0.2209624 0.02279937 0.1935032 0.06080627 0.2213242 0.02243787 0.04867309 0.1086747 0.04866921 0.1546301 0.046875 0.1082012 0.193012 0.06098151 0.1935032 0.06080627 0.2209624 0.02279937 0.05873519 0.1780538 0.05738615 0.1794262 0.046875 0.1551384 0.2209624 0.02279937 0.2213242 0.02243787 0.2441859 0.03576904 0.04866921 0.1546301 0.05873519 0.1780538 0.046875 0.1551384 0.07154929 0.1942777 0.05738615 0.1794262 0.05873519 0.1780538 0.07023274 0.1956075 0.05738615 0.1794262 0.07154929 0.1942777 0.8912838 0.1551937 0.894109 0.18173 0.8912838 0.2023257 0.1106874 0.2188071 0.07023274 0.1956075 0.07154929 0.1942777 0.1111825 0.2170028 0.1106874 0.2188071 0.07154929 0.1942777 0.2413518 0.3050541 0.2410326 0.3049502 0.2413518 0.2583165 0.5152956 0.211187 0.5152956 0.1642014 0.5156235 0.2111152 0.1111825 0.2170028 0.11572 0.2199764 0.1106874 0.2188071 0.1111825 0.2170028 0.1173421 0.2183856 0.11572 0.2199764 0.1183785 0.2224244 0.11572 0.2199764 0.1173421 0.2183856 0.1183785 0.2224244 0.1173421 0.2183856 0.1178956 0.2206223 0.1588622 0.1987078 0.1575447 0.1973936 0.1804385 0.1574473 0.1822366 0.1579208 0.1588622 0.1987078 0.1804385 0.1574473 0.1183785 0.2224244 0.1178956 0.2206223 0.1575447 0.1973936 0.1588622 0.1987078 0.1183785 0.2224244 0.1575447 0.1973936 0.1648647 0.3155769 0.1773425 0.3150802 0.173587 0.3489637 0.1611092 0.3494603 0.1648647 0.3155769 0.173587 0.3489637 0.1648647 0.2697941 0.1773425 0.2692974 0.1773425 0.3150802 0.1648647 0.3155769 0.1648647 0.2697941 0.1773425 0.3150802 0.1611092 0.2243794 0.173587 0.2238827 0.1773425 0.2692974 0.1648647 0.2697941 0.1611092 0.2243794 0.1773425 0.2692974 0.6944388 0.4389229 0.7069608 0.4397586 0.7086175 0.4736769 0.6960954 0.4728411 0.6944388 0.4389229 0.7086175 0.4736769 0.1007338 0.7277042 0.1001293 0.7254453 0.1409402 0.7017567 0.703888 0.7485375 0.6992502 0.748228 0.7009067 0.7024869 0.1425911 0.7034082 0.1007338 0.7277042 0.1409402 0.7017567 0.1645024 0.7877672 0.1425911 0.7034082 0.1409402 0.7017567 0.1330155 0.7562859 0.1283699 0.7564388 0.1283699 0.7109015 0.1330155 0.7107486 0.1330155 0.7562859 0.1283699 0.7109015 0.1007338 0.7277042 0.05299597 0.7255325 0.1001293 0.7254453 0.7055445 0.7027965 0.7009067 0.7024869 0.6992502 0.7955197 0.7055445 0.7027965 0.703888 0.7485375 0.7009067 0.7024869 0.052392 0.7277936 0.06210219 0.7163532 0.05299597 0.7255325 0.1583762 0.7513141 0.1537547 0.751498 0.1514317 0.7294383 0.1007338 0.7277042 0.052392 0.7277936 0.05299597 0.7255325 0.7055445 0.7027965 0.6992502 0.7955197 0.703888 0.7958292 0.052392 0.7277936 0.06038516 0.7180604 0.06210219 0.7163532 0.01217281 0.7019877 0.06210219 0.7163532 0.06038516 0.7180604 0.1560532 0.7292544 0.1514317 0.7294383 0.1499988 0.7060796 0.1583762 0.7513141 0.1514317 0.7294383 0.1560532 0.7292544 0.2087904 0.7004125 0.2134712 0.7004132 0.2135188 0.7235231 0.010522 0.7036451 0.01217281 0.7019877 0.06038516 0.7180604 0.2087756 0.6770958 0.2134565 0.6770964 0.2134712 0.7004132 0.2087756 0.6770958 0.2134712 0.7004132 0.2087904 0.7004125 0.5622849 0.7829406 0.5667738 0.7823398 0.5632187 0.6916766 0.2087904 0.7004125 0.2135188 0.7235231 0.2088379 0.7235224 0.5587298 0.6922775 0.5632187 0.6916766 0.5667738 0.7388522 0.5622849 0.7829406 0.5632187 0.6916766 0.5587298 0.6922775 0.1645024 0.7877672 0.1667575 0.7883688 0.1425911 0.7034082 0.9657765 0.5624485 0.9702919 0.5627994 0.9702919 0.6092534 0.5587298 0.6922775 0.5667738 0.7388522 0.5622849 0.7394531 0.1645025 0.7405319 0.1667575 0.7399224 0.1667575 0.7883688 0.4785431 0.7503877 0.4739216 0.7505713 0.4777761 0.7158203 0.1645024 0.7877672 0.1645025 0.7405319 0.1667575 0.7883688 0.9657765 0.6089025 0.9657765 0.5624485 0.9702919 0.6092534 0.155302 0.7183573 0.1570023 0.7166334 0.1667575 0.7399224 0.4823976 0.7156367 0.4777761 0.7158203 0.4782846 0.6922974 0.1645025 0.7405319 0.155302 0.7183573 0.1667575 0.7399224 0.4785431 0.7503877 0.4777761 0.7158203 0.4823976 0.7156367 0.140933 0.6996641 0.1570023 0.7166334 0.155302 0.7183573 0.1425838 0.6980067 0.1570023 0.7166334 0.140933 0.6996641 0.4829061 0.6921138 0.4782846 0.6922974 0.4777795 0.6688597 0.4823976 0.7156367 0.4782846 0.6922974 0.4829061 0.6921138 0.4831175 0.6920284 0.4877984 0.6920291 0.4877529 0.7145053 0.4831327 0.6685237 0.4878135 0.6685243 0.4877984 0.6920291 0.4831175 0.6920284 0.4831327 0.6685237 0.4877984 0.6920291 0.483072 0.7145046 0.4877529 0.7145053 0.487587 0.7488768 0.483072 0.7145046 0.4831175 0.6920284 0.4877529 0.7145053 0.4829061 0.7488761 0.483072 0.7145046 0.487587 0.7488768 0.1006386 0.673838 0.1425838 0.6980067 0.140933 0.6996641 0.1626098 0.6429161 0.1631386 0.6406349 0.1448392 0.6586484 0.483072 0.6232577 0.4877529 0.6232584 0.4878135 0.6685243 0.4831327 0.6685237 0.483072 0.6232577 0.4878135 0.6685243 0.4824009 0.6686761 0.4777795 0.6688597 0.4739216 0.6222095 0.4824009 0.6686761 0.4829061 0.6921138 0.4777795 0.6688597 0.1626098 0.6429161 0.1612054 0.6425532 0.1631386 0.6406349 0.05237191 0.6739475 0.1006386 0.673838 0.09870541 0.6757563 0.6488961 0.7277081 0.6442583 0.7273989 0.6425624 0.6926491 0.4785431 0.6220259 0.4824009 0.6686761 0.4739216 0.6222095 0.4830683 0.6220258 0.4877492 0.6220265 0.4877529 0.6232584 0.05237191 0.6739475 0.09870541 0.6757563 0.05297648 0.6762064 0.9612749 0.7162067 0.9657654 0.7156172 0.9624152 0.7501751 0.9579248 0.7507647 0.9612749 0.7162067 0.9624152 0.7501751 0.483072 0.6232577 0.4830683 0.6220258 0.4877529 0.6232584 0.0746656 0.6666919 0.1148719 0.6407444 0.1154764 0.6430033 0.9579248 0.670202 0.9624152 0.6696124 0.9657654 0.7156172 0.9612749 0.7162067 0.9579248 0.670202 0.9657654 0.7156172 0.0121656 0.699895 0.01051461 0.6982436 0.05237191 0.6739475 0.6472002 0.6929583 0.6425624 0.6926491 0.6442583 0.7726882 0.6472002 0.6929583 0.6488961 0.7277081 0.6425624 0.6926491 0.01985335 0.7408377 0.01759827 0.7402361 0.01051461 0.6982436 0.9545506 0.6628361 0.949905 0.662989 0.949905 0.616284 0.0121656 0.699895 0.01985335 0.7408377 0.01051461 0.6982436 0.6488961 0.7729974 0.6472002 0.6929583 0.6442583 0.7726882 0.01948863 0.7866662 0.01757812 0.7886071 0.01759827 0.7402361 0.209008 0.5946831 0.2136889 0.5946837 0.213519 0.6298678 0.01985335 0.7408377 0.01948863 0.7866662 0.01759827 0.7402361 0.9545506 0.6628361 0.949905 0.616284 0.9545506 0.6161312 0.05110335 0.7548698 0.04882812 0.7554039 0.05073863 0.753463 0.05110335 0.7548698 0.07467281 0.7957376 0.04882812 0.7554039 0.010522 0.7036451 0.01757812 0.7886071 0.01217281 0.7019877 0.2088381 0.6298671 0.213519 0.6298678 0.2134565 0.6770964 0.209008 0.5946831 0.213519 0.6298678 0.2088381 0.6298671 0.1546819 0.6588451 0.1500605 0.659029 0.1537548 0.6264105 0.1546204 0.6601091 0.1499989 0.660293 0.1500605 0.659029 0.1546204 0.6601091 0.1500605 0.659029 0.1546819 0.6588451 0.9645637 0.8017948 0.969079 0.8021457 0.969079 0.7204852 0.1546819 0.6588451 0.1537548 0.6264105 0.1583762 0.6262266 0.9645637 0.8017948 0.969079 0.7204852 0.9645637 0.7201343 0.1546202 0.7058956 0.1499988 0.7060796 0.1499989 0.660293 0.1546202 0.7058956 0.1560532 0.7292544 0.1499988 0.7060796 0.1546202 0.7058956 0.1499989 0.660293 0.1546204 0.6601091 0.2087756 0.6770958 0.2088381 0.6298671 0.2134565 0.6770964 0.6493306 0.6935474 0.6476843 0.6952093 0.6070158 0.6718726 0.673401 0.7352897 0.671153 0.735908 0.6476843 0.6952093 0.6493306 0.6935474 0.673401 0.7352897 0.6476843 0.6952093 0.6076193 0.6696125 0.6070158 0.6718726 0.5614355 0.671778 0.6493306 0.6935474 0.6070158 0.6718726 0.6076193 0.6696125 0.5595094 0.6698777 0.5614355 0.671778 0.5600355 0.6721513 0.6076193 0.6696125 0.5614355 0.671778 0.5595094 0.6698777 0.5595094 0.6698777 0.5600355 0.6721513 0.5193352 0.6959778 0.5033109 0.7130465 0.5193352 0.6959778 0.5050051 0.7147547 0.5176904 0.6943357 0.5193352 0.6959778 0.5033109 0.7130465 0.5595094 0.6698777 0.5193352 0.6959778 0.5176904 0.6943357 0.4935777 0.7363765 0.5050051 0.7147547 0.4958253 0.7369676 0.4935777 0.7363765 0.5033109 0.7130465 0.5050051 0.7147547 0.4935576 0.7847505 0.4958253 0.7369676 0.4958057 0.7841323 0.4935576 0.7847505 0.4935777 0.7363765 0.4958253 0.7369676 0.4935576 0.7847505 0.4958057 0.7841323 0.5192744 0.6978779 0.5599429 0.7212145 0.5176281 0.6995397 0.5192744 0.6978779 0.4935576 0.7847505 0.5192744 0.6978779 0.5176281 0.6995397 0.5599429 0.7212145 0.5593394 0.7234747 0.5176281 0.6995397 0.6069231 0.7209358 0.6075242 0.7231889 0.5593394 0.7234747 0.5599429 0.7212145 0.6069231 0.7209358 0.5593394 0.7234747 0.6289988 0.7115983 0.6307095 0.7132897 0.6075242 0.7231889 0.6069231 0.7209358 0.6289988 0.7115983 0.6075242 0.7231889 0.6476235 0.6971093 0.6307095 0.7132897 0.6289988 0.7115983 0.6476235 0.6971093 0.6492683 0.6987515 0.6307095 0.7132897 0.673401 0.7352897 0.6714975 0.7816652 0.671153 0.735908 0.673401 0.7352897 0.673401 0.7835884 0.6714975 0.7816652 0.6711334 0.7830727 0.6714975 0.7816652 0.673401 0.7835884 0.6476235 0.6971093 0.673401 0.7835884 0.6492683 0.6987515 0.6476235 0.6971093 0.6711334 0.7830727 0.673401 0.7835884</float_array>
          <technique_common>
            <accessor source="#__001-mesh-map-0-array" count="6246" stride="2">
              <param name="S" type="float"/>
              <param name="T" type="float"/>
            </accessor>
          </technique_common>
        </source>
        <vertices id="__001-mesh-vertices">
          <input semantic="POSITION" source="#__001-mesh-positions"/>
        </vertices>
        <triangles material="default_005-material" count="2082">
          <input semantic="VERTEX" source="#__001-mesh-vertices" offset="0"/>
          <input semantic="NORMAL" source="#__001-mesh-normals" offset="1"/>
          <input semantic="TEXCOORD" source="#__001-mesh-map-0" offset="2" set="0"/>
          <p>17 0 0 3 0 1 0 0 2 62 1 3 2 2 4 4 3 5 19 4 6 17 4 7 0 4 8 37 5 9 20 6 10 1 7 11 62 8 12 38 9 13 2 10 14 17 11 15 5 11 16 3 11 17 62 12 18 4 13 19 6 14 20 28 4 21 8 4 22 5 4 23 63 15 24 7 16 25 9 17 26 31 4 27 5 4 28 17 4 29 31 4 30 28 4 31 5 4 32 26 18 33 10 18 34 8 18 35 64 19 36 9 20 37 11 21 38 28 4 39 26 4 40 8 4 41 63 22 42 9 23 43 53 24 44 64 25 45 53 26 46 9 27 47 26 28 48 13 28 49 10 28 50 134 29 51 12 30 52 16 31 53 70 32 54 64 33 55 11 34 56 134 35 57 71 36 58 12 37 59 23 4 60 17 4 61 13 4 62 109 38 63 14 39 64 18 40 65 26 4 66 23 4 67 13 4 68 115 41 69 14 42 70 109 43 71 131 44 72 15 45 73 116 46 74 133 47 75 15 48 76 131 49 77 109 50 78 18 51 79 22 52 80 31 4 81 17 4 82 23 4 83 39 53 84 20 54 85 37 55 86 108 56 87 21 57 88 40 58 89 1865 59 90 24 60 91 27 61 92 1868 62 93 32 63 94 25 64 95 1868 65 96 25 66 97 1866 67 98 1873 68 99 27 69 100 29 70 101 1873 71 102 1865 72 103 27 73 104 1871 74 105 30 75 106 32 76 107 1873 77 108 29 78 109 1870 79 110 1871 80 111 32 81 112 1868 82 113 39 83 114 37 84 115 33 85 116 56 86 117 36 87 118 38 88 119 41 89 120 39 90 121 33 91 122 49 92 123 42 92 124 34 92 125 49 93 126 34 93 127 45 93 128 55 94 129 46 95 130 35 96 131 56 97 132 38 98 133 52 99 134 62 100 135 52 101 136 38 102 137 113 103 138 40 104 139 44 105 140 110 106 141 108 107 142 40 108 143 113 109 144 110 110 145 40 111 146 100 112 147 43 113 148 50 114 149 101 115 150 43 116 151 100 117 152 113 118 153 44 119 154 102 120 155 100 121 156 50 122 157 48 123 158 57 124 159 46 125 160 55 126 161 61 127 162 47 128 163 58 129 164 97 130 165 47 131 166 61 132 167 99 133 168 47 134 169 97 135 170 57 136 171 55 137 172 51 138 173 59 139 174 57 140 175 51 141 176 65 142 177 60 143 178 54 144 179 72 145 180 60 146 181 65 147 182 97 148 183 61 149 184 73 150 185 70 151 186 66 152 187 64 153 188 79 154 189 65 155 190 67 156 191 74 157 192 72 158 193 65 159 194 77 160 195 74 161 196 65 162 197 79 163 198 77 164 199 65 165 200 125 166 201 69 167 202 71 168 203 82 169 204 79 170 205 67 171 206 84 172 207 82 173 208 67 174 209 124 175 210 87 175 211 68 175 212 134 176 213 125 177 214 71 178 215 97 179 216 73 180 217 75 181 218 98 182 219 76 183 220 78 184 221 152 185 222 78 186 223 81 187 224 98 188 225 78 189 226 94 190 227 152 191 228 94 192 229 78 193 230 136 194 231 80 195 232 83 196 233 150 197 234 80 198 235 136 199 236 152 200 237 81 201 238 151 202 239 136 203 240 83 204 241 86 205 242 143 206 243 87 206 244 124 206 245 135 207 246 85 208 247 127 209 248 142 210 249 127 211 250 85 212 251 93 213 252 91 214 253 88 215 254 192 216 255 90 217 256 92 218 257 99 219 258 93 220 259 88 221 260 106 222 261 100 223 262 89 224 263 192 225 264 107 226 265 90 227 266 192 228 267 92 229 268 96 230 269 99 231 270 97 232 271 93 233 272 193 234 273 95 234 274 153 234 275 193 4 276 191 4 277 95 4 278 103 235 279 101 236 280 100 237 281 106 238 282 103 239 283 100 240 284 113 241 285 102 242 286 104 243 287 192 244 288 105 245 289 107 246 290 234 247 291 114 248 292 105 249 293 234 250 294 105 251 295 192 252 296 115 253 297 109 254 298 111 255 299 234 256 300 112 257 301 114 258 302 120 259 303 115 260 304 111 261 305 232 262 306 121 263 307 112 264 308 234 265 309 232 266 310 112 267 311 120 268 312 117 269 313 115 270 314 131 271 315 116 272 316 118 273 317 230 274 318 119 275 319 121 276 320 230 277 321 132 278 322 119 279 323 232 280 324 230 281 325 121 282 326 133 283 327 126 284 328 122 285 329 142 286 330 123 287 331 127 288 332 133 289 333 128 290 334 126 291 335 135 292 336 127 293 337 129 294 338 133 295 339 131 296 340 128 297 341 230 298 342 130 299 343 132 300 344 140 301 345 135 302 346 129 303 347 230 304 348 141 305 349 130 306 350 140 307 351 137 308 352 135 309 353 150 310 354 136 311 355 138 312 356 230 313 357 139 314 358 141 315 359 148 316 360 144 317 361 138 318 362 150 319 363 138 320 364 144 321 365 230 322 366 149 323 367 139 324 368 230 325 369 147 326 370 149 327 371 152 328 372 151 329 373 145 330 374 217 331 375 153 331 376 146 331 377 217 332 378 146 332 379 189 332 380 230 333 381 190 334 382 147 335 383 217 336 384 193 336 385 153 336 386 222 337 387 158 337 388 154 337 389 1699 338 390 157 339 391 159 340 392 225 341 393 154 341 394 195 341 395 238 342 396 196 343 397 155 344 398 225 4 399 222 4 400 154 4 401 266 345 402 238 346 403 155 347 404 267 348 405 156 349 406 265 350 407 1698 351 408 265 352 409 156 353 410 215 354 411 160 354 412 158 354 413 1623 355 414 159 356 415 161 357 416 222 4 417 215 4 418 158 4 419 1626 358 420 159 359 421 1623 360 422 1699 361 423 159 362 424 1626 363 425 215 364 426 162 364 427 160 364 428 1621 365 429 161 366 430 163 367 431 1623 368 432 161 369 433 1621 370 434 197 371 435 164 371 436 162 371 437 1619 372 438 163 373 439 167 374 440 215 4 441 197 4 442 162 4 443 1621 375 444 163 376 445 1619 377 446 205 4 447 168 4 448 164 4 449 1442 378 450 165 379 451 169 380 452 205 4 453 164 4 454 197 4 455 1445 381 456 166 382 457 1443 383 458 1590 384 459 166 385 460 1445 386 461 1586 387 462 1575 388 463 166 389 464 1619 390 465 167 391 466 1576 392 467 1588 393 468 1586 394 469 166 395 470 1590 396 471 1588 397 472 166 398 473 178 399 474 170 399 475 168 399 476 1398 400 477 169 401 478 171 402 479 180 4 480 178 4 481 168 4 482 202 4 483 180 4 484 168 4 485 205 4 486 202 4 487 168 4 488 1449 403 489 169 404 490 1398 405 491 1444 406 492 1442 407 493 169 408 494 1447 409 495 1444 410 496 169 411 497 1449 412 498 1447 413 499 169 414 500 174 415 501 172 415 502 170 415 503 1400 416 504 171 417 505 173 418 506 178 4 507 174 4 508 170 4 509 1400 419 510 1398 420 511 171 421 512 1402 422 513 173 423 514 175 424 515 1402 425 516 1400 426 517 173 427 518 1566 428 519 177 429 520 179 430 521 1440 431 522 1402 432 523 175 433 524 1441 434 525 176 435 526 1439 436 527 1565 437 528 1439 438 529 176 439 530 1495 440 531 179 441 532 183 442 533 1498 443 534 179 444 535 1495 445 536 1566 446 537 179 447 538 1498 448 539 202 449 540 184 449 541 180 449 542 1410 450 543 181 451 544 185 452 545 1413 453 546 182 454 547 1411 455 548 1470 456 549 182 457 550 1413 458 551 1470 459 552 1459 460 553 182 461 554 1495 462 555 183 463 556 1460 464 557 210 465 558 186 465 559 184 465 560 1408 466 561 185 467 562 188 468 563 202 4 564 200 4 565 184 4 566 212 4 567 184 4 568 200 4 569 212 4 570 210 4 571 184 4 572 1408 469 573 1406 470 574 185 471 575 1417 472 576 185 473 577 1406 474 578 1412 475 579 1410 476 580 185 477 581 1415 478 582 1412 479 583 185 480 584 1417 481 585 1415 482 586 185 483 587 207 4 588 189 4 589 186 4 590 268 484 591 187 485 592 190 486 593 210 4 594 207 4 595 186 4 596 1408 487 597 188 488 598 269 489 599 220 490 600 189 490 601 207 490 602 220 4 603 217 4 604 189 4 605 230 491 606 227 492 607 190 493 608 268 494 609 190 495 610 227 496 611 236 497 612 192 498 613 194 499 614 236 500 615 234 501 616 192 502 617 217 503 618 195 503 619 193 503 620 236 504 621 194 505 622 196 506 623 225 4 624 195 4 625 217 4 626 238 507 627 236 508 628 196 509 629 212 4 630 200 4 631 197 4 632 1707 510 633 199 511 634 201 512 635 1704 513 636 206 514 637 198 515 638 215 4 639 212 4 640 197 4 641 1706 516 642 1704 517 643 198 518 644 1746 519 645 201 520 646 204 521 647 1746 522 648 1707 523 649 201 524 650 1700 525 651 203 526 652 206 527 653 1746 528 654 204 529 655 1701 530 656 1704 531 657 1700 532 658 206 533 659 1777 534 660 209 535 661 211 536 662 222 537 663 207 537 664 215 537 665 1774 538 666 216 539 667 208 540 668 222 541 669 220 541 670 207 541 671 1776 542 672 1774 543 673 208 544 674 1814 545 675 211 546 676 214 547 677 1814 548 678 1777 549 679 211 550 680 1770 551 681 213 552 682 216 553 683 1814 554 684 214 555 685 1771 556 686 1774 557 687 1770 558 688 216 559 689 1823 560 690 219 561 691 221 562 692 1820 563 693 226 564 694 218 565 695 1822 566 696 1820 567 697 218 568 698 1852 569 699 221 570 700 224 571 701 1852 572 702 1823 573 703 221 574 704 1816 551 705 223 552 706 226 553 707 1852 554 708 224 555 709 1817 556 710 1820 575 711 1816 558 712 226 576 713 1994 577 714 229 577 715 231 577 716 1408 578 717 269 579 718 228 580 719 1989 577 720 1409 577 721 229 577 722 1992 577 723 1989 577 724 229 577 725 1994 581 726 1992 581 727 229 581 728 1998 577 729 231 577 730 233 577 731 1998 577 732 1994 577 733 231 577 734 1996 577 735 233 577 736 235 577 737 2000 582 738 233 582 739 1996 582 740 2000 577 741 1998 577 742 233 577 743 1973 583 744 235 583 745 237 583 746 1996 584 747 235 584 748 1973 584 749 1968 577 750 237 577 751 239 577 752 1975 585 753 237 585 754 1968 585 755 1975 577 756 1973 577 757 237 577 758 266 586 759 240 587 760 238 588 761 1968 577 762 239 577 763 241 577 764 245 589 765 242 590 766 240 591 767 1971 577 768 241 577 769 244 577 770 247 592 771 245 593 772 240 594 773 251 595 774 247 596 775 240 597 776 253 598 777 251 599 778 240 600 779 256 601 780 253 602 781 240 603 782 258 604 783 256 605 784 240 606 785 261 607 786 258 608 787 240 609 788 263 610 789 261 611 790 240 612 791 266 613 792 263 614 793 240 615 794 1971 616 795 1968 616 796 241 616 797 1457 617 798 243 618 799 246 619 800 1454 620 801 1398 621 802 243 622 803 1977 577 804 244 577 805 1399 577 806 1457 623 807 1454 624 808 243 625 809 1977 577 810 1971 577 811 244 577 812 1457 626 813 246 627 814 248 628 815 1684 629 816 250 630 817 252 631 818 1682 632 819 1458 633 820 249 634 821 1684 635 822 1683 636 823 250 637 824 1684 638 825 252 639 826 254 640 827 1685 641 828 255 642 829 257 643 830 1649 644 831 257 645 832 259 646 833 1649 647 834 1642 648 835 257 649 836 1685 650 837 257 651 838 1642 652 839 1694 653 840 260 654 841 262 655 842 1688 656 843 1649 657 844 259 658 845 1692 659 846 1689 660 847 260 661 848 1694 662 849 1692 663 850 260 664 851 1694 665 852 262 666 853 264 667 854 1698 668 855 1695 669 856 265 670 857 304 671 858 273 672 859 270 673 860 2012 4 861 272 4 862 274 4 863 306 674 864 304 675 865 270 676 866 319 677 867 307 678 868 271 679 869 2014 4 870 320 4 871 272 4 872 2014 4 873 272 4 874 2012 4 875 302 680 876 275 681 877 273 682 878 2008 683 879 274 683 880 276 683 881 304 684 882 302 685 883 273 686 884 2010 4 885 274 4 886 2008 4 887 2012 687 888 274 687 889 2010 687 890 300 688 891 277 689 892 275 690 893 2006 4 894 276 4 895 278 4 896 302 691 897 300 692 898 275 693 899 2008 694 900 276 694 901 2006 694 902 297 695 903 279 696 904 277 697 905 2003 4 906 278 4 907 280 4 908 300 698 909 297 699 910 277 700 911 2006 4 912 278 4 913 2003 4 914 295 701 915 281 702 916 279 703 917 2003 4 918 280 4 919 282 4 920 297 704 921 295 705 922 279 706 923 293 707 924 283 708 925 281 709 926 2024 4 927 282 4 928 284 4 929 295 710 930 293 711 931 281 712 932 2022 4 933 2003 4 934 282 4 935 2024 713 936 2022 713 937 282 713 938 288 714 939 285 715 940 283 716 941 2026 4 942 284 4 943 287 4 944 291 717 945 288 718 946 283 719 947 293 720 948 291 721 949 283 722 950 2026 4 951 2024 4 952 284 4 953 334 723 954 286 724 955 289 725 956 334 726 957 309 727 958 286 728 959 2028 4 960 287 4 961 310 4 962 2028 4 963 2026 4 964 287 4 965 375 729 966 290 730 967 292 731 968 373 732 969 335 733 970 290 734 971 375 735 972 373 736 973 290 737 974 377 738 975 292 739 976 294 740 977 377 741 978 375 742 979 292 743 980 381 744 981 294 745 982 296 746 983 379 747 984 377 748 985 294 749 986 381 750 987 379 751 988 294 752 989 381 753 990 296 754 991 299 755 992 342 756 993 298 757 994 301 758 995 381 759 996 299 760 997 343 761 998 350 762 999 301 763 1000 303 764 1001 344 765 1002 342 766 1003 301 767 1004 348 768 1005 344 769 1006 301 770 1007 350 771 1008 348 772 1009 301 773 1010 352 774 1011 303 775 1012 305 776 1013 352 777 1014 350 778 1015 303 779 1016 352 780 1017 305 781 1018 308 782 1019 321 783 1020 307 784 1021 319 785 1022 354 786 1023 308 787 1024 322 788 1025 354 789 1026 352 790 1027 308 791 1028 332 792 1029 311 793 1030 309 794 1031 2032 795 1032 310 795 1033 312 795 1034 334 796 1035 332 797 1036 309 798 1037 2030 4 1038 2028 4 1039 310 4 1040 2032 799 1041 2030 799 1042 310 799 1043 327 800 1044 313 801 1045 311 802 1046 2020 4 1047 312 4 1048 314 4 1049 330 803 1050 327 804 1051 311 805 1052 332 806 1053 330 807 1054 311 808 1055 2034 4 1056 312 4 1057 2020 4 1058 2034 4 1059 2032 4 1060 312 4 1061 325 809 1062 315 810 1063 313 811 1064 2020 4 1065 314 4 1066 316 4 1067 327 812 1068 325 813 1069 313 814 1070 325 815 1071 317 816 1072 315 817 1073 2018 4 1074 316 4 1075 318 4 1076 2020 4 1077 316 4 1078 2018 4 1079 323 818 1080 319 819 1081 317 820 1082 2016 4 1083 318 4 1084 320 4 1085 325 821 1086 323 822 1087 317 823 1088 2018 824 1089 318 824 1090 2016 824 1091 323 825 1092 321 826 1093 319 827 1094 2016 828 1095 320 828 1096 2014 828 1097 357 829 1098 322 830 1099 324 831 1100 357 832 1101 354 833 1102 322 834 1103 359 835 1104 324 836 1105 326 837 1106 359 838 1107 357 839 1108 324 840 1109 361 841 1110 326 842 1111 328 843 1112 361 844 1113 359 845 1114 326 846 1115 341 847 1116 329 848 1117 331 849 1118 361 850 1119 328 851 1120 340 852 1121 367 853 1122 331 854 1123 333 855 1124 341 856 1125 331 857 1126 337 858 1127 363 859 1128 337 860 1129 331 861 1130 365 862 1131 363 863 1132 331 864 1133 367 865 1134 365 866 1135 331 867 1136 371 868 1137 333 869 1138 335 870 1139 369 871 1140 367 872 1141 333 873 1142 371 874 1143 369 875 1144 333 876 1145 373 877 1146 371 878 1147 335 879 1148 361 880 1149 340 881 1150 336 882 1151 438 883 1152 362 884 1153 339 885 1154 383 886 1155 338 886 1156 364 886 1157 440 887 1158 339 888 1159 384 889 1160 440 890 1161 438 891 1162 339 892 1163 381 893 1164 343 894 1165 345 895 1166 424 896 1167 347 897 1168 349 898 1169 412 899 1170 382 899 1171 346 899 1172 424 900 1173 413 901 1174 347 902 1175 426 903 1176 349 904 1177 351 905 1178 426 906 1179 424 907 1180 349 908 1181 428 909 1182 351 910 1183 353 911 1184 428 912 1185 426 913 1186 351 914 1187 428 915 1188 353 916 1189 355 917 1190 435 918 1191 356 919 1192 358 920 1193 434 921 1194 428 922 1195 355 923 1196 436 924 1197 358 925 1198 360 926 1199 435 927 1200 358 928 1201 431 929 1202 436 930 1203 431 931 1204 358 932 1205 438 933 1206 360 934 1207 362 935 1208 438 936 1209 436 937 1210 360 938 1211 385 939 1212 364 939 1213 366 939 1214 385 940 1215 383 940 1216 364 940 1217 387 941 1218 366 941 1219 368 941 1220 387 942 1221 385 942 1222 366 942 1223 391 943 1224 368 943 1225 370 943 1226 389 944 1227 387 944 1228 368 944 1229 391 945 1230 389 945 1231 368 945 1232 395 946 1233 370 946 1234 372 946 1235 393 947 1236 391 947 1237 370 947 1238 395 948 1239 393 948 1240 370 948 1241 397 949 1242 372 949 1243 374 949 1244 397 950 1245 395 950 1246 372 950 1247 399 951 1248 374 951 1249 376 951 1250 399 952 1251 397 952 1252 374 952 1253 404 953 1254 376 953 1255 378 953 1256 402 954 1257 399 954 1258 376 954 1259 404 955 1260 402 955 1261 376 955 1262 406 956 1263 378 956 1264 380 956 1265 406 957 1266 404 957 1267 378 957 1268 408 958 1269 380 958 1270 382 958 1271 408 959 1272 406 959 1273 380 959 1274 410 960 1275 408 960 1276 382 960 1277 412 961 1278 410 961 1279 382 961 1280 440 962 1281 384 963 1282 386 964 1283 440 965 1284 386 966 1285 388 967 1286 440 968 1287 388 969 1288 390 970 1289 442 971 1290 390 972 1291 392 973 1292 442 974 1293 440 975 1294 390 976 1295 442 977 1296 392 978 1297 394 979 1298 442 980 1299 394 981 1300 396 982 1301 444 983 1302 396 984 1303 398 985 1304 444 986 1305 442 987 1306 396 988 1307 444 989 1308 398 990 1309 401 991 1310 414 992 1311 400 993 1312 403 994 1313 444 995 1314 401 996 1315 415 997 1316 416 998 1317 403 999 1318 405 1000 1319 416 1001 1320 414 1002 1321 403 1003 1322 420 1004 1323 405 1005 1324 407 1006 1325 420 1007 1326 416 1008 1327 405 1009 1328 420 1010 1329 407 1011 1330 409 1012 1331 420 1013 1332 409 1014 1333 411 1015 1334 422 1016 1335 411 1017 1336 413 1018 1337 422 1019 1338 420 1020 1339 411 1021 1340 424 1022 1341 422 1023 1342 413 1024 1343 444 1025 1344 415 1026 1345 417 1027 1346 461 1028 1347 419 1029 1348 421 1030 1349 458 1031 1350 445 1032 1351 418 1033 1352 460 1034 1353 458 1035 1354 418 1036 1355 466 1037 1356 421 1038 1357 423 1039 1358 464 1040 1359 461 1041 1360 421 1042 1361 466 1043 1362 464 1044 1363 421 1045 1364 466 1046 1365 423 1047 1366 425 1048 1367 468 1049 1368 425 1050 1369 427 1051 1370 468 1052 1371 466 1053 1372 425 1054 1373 470 1055 1374 427 1056 1375 429 1057 1376 470 1058 1377 468 1059 1378 427 1060 1379 434 1061 1380 430 1062 1381 428 1063 1382 472 1064 1383 429 1065 1384 433 1066 1385 472 1067 1386 470 1068 1387 429 1069 1388 446 1070 1389 432 1071 1390 437 1072 1391 472 1073 1392 433 1074 1393 447 1075 1394 452 1076 1395 437 1077 1396 439 1078 1397 450 1079 1398 446 1080 1399 437 1081 1400 452 1082 1401 450 1083 1402 437 1084 1403 452 1085 1404 439 1086 1405 441 1087 1406 454 1088 1407 441 1089 1408 443 1090 1409 454 1091 1410 452 1092 1411 441 1093 1412 456 1094 1413 443 1095 1414 445 1096 1415 456 1097 1416 454 1098 1417 443 1099 1418 458 1100 1419 456 1101 1420 445 1102 1421 497 1103 1422 449 1104 1423 451 1105 1424 491 1106 1425 473 1107 1426 448 1108 1427 496 1109 1428 491 1110 1429 448 1111 1430 502 1112 1431 451 1113 1432 453 1114 1433 497 1115 1434 451 1116 1435 494 1117 1436 498 1118 1437 494 1119 1438 451 1120 1439 500 1121 1440 498 1122 1441 451 1123 1442 502 1124 1443 500 1125 1444 451 1126 1445 504 1127 1446 453 1128 1447 455 1129 1448 504 1130 1449 502 1131 1450 453 1132 1451 506 1133 1452 455 1134 1453 457 1135 1454 506 1136 1455 504 1137 1456 455 1138 1457 508 1139 1458 457 1140 1459 459 1141 1460 508 1142 1461 506 1143 1462 457 1144 1463 510 1145 1464 459 1146 1465 463 1147 1466 510 1148 1467 508 1149 1468 459 1150 1469 474 1151 1470 462 1152 1471 465 1153 1472 510 1154 1473 463 1155 1474 475 1156 1475 483 1157 1476 465 1158 1477 467 1159 1478 476 1160 1479 474 1161 1480 465 1162 1481 479 1163 1482 476 1164 1483 465 1165 1484 481 1166 1485 479 1167 1486 465 1168 1487 483 1169 1488 481 1170 1489 465 1171 1490 485 1172 1491 467 1173 1492 469 1174 1493 485 1175 1494 483 1176 1495 467 1177 1496 487 1178 1497 469 1179 1498 471 1180 1499 487 1181 1500 485 1182 1501 469 1183 1502 489 1184 1503 471 1185 1504 473 1186 1505 489 1187 1506 487 1188 1507 471 1189 1508 491 1190 1509 489 1191 1510 473 1192 1511 510 1193 1512 475 1194 1513 477 1195 1514 514 1196 1515 478 1196 1516 480 1196 1517 514 1197 1518 511 1197 1519 478 1197 1520 516 1198 1521 480 1198 1522 482 1198 1523 516 1199 1524 514 1199 1525 480 1199 1526 518 1200 1527 482 1200 1528 484 1200 1529 518 1201 1530 516 1201 1531 482 1201 1532 520 1202 1533 484 1202 1534 486 1202 1535 520 1203 1536 518 1203 1537 484 1203 1538 522 1204 1539 486 1204 1540 488 1204 1541 522 1205 1542 520 1205 1543 486 1205 1544 525 1206 1545 488 1206 1546 490 1206 1547 525 1207 1548 522 1207 1549 488 1207 1550 527 1208 1551 490 1208 1552 492 1208 1553 527 1209 1554 525 1209 1555 490 1209 1556 496 1210 1557 493 1211 1558 491 1212 1559 531 1213 1560 492 1213 1561 495 1213 1562 529 1214 1563 527 1214 1564 492 1214 1565 531 1215 1566 529 1215 1567 492 1215 1568 531 1216 1569 495 1216 1570 499 1216 1571 533 1217 1572 499 1217 1573 501 1217 1574 533 1218 1575 531 1218 1576 499 1218 1577 535 1219 1578 501 1219 1579 503 1219 1580 535 1220 1581 533 1220 1582 501 1220 1583 537 1221 1584 503 1221 1585 505 1221 1586 537 1222 1587 535 1222 1588 503 1222 1589 539 1223 1590 505 1223 1591 507 1223 1592 539 1224 1593 537 1224 1594 505 1224 1595 542 1225 1596 507 1225 1597 509 1225 1598 542 1226 1599 539 1226 1600 507 1226 1601 544 1227 1602 509 1227 1603 511 1227 1604 544 1228 1605 542 1228 1606 509 1228 1607 514 1229 1608 512 1229 1609 511 1229 1610 544 1230 1611 511 1230 1612 512 1230 1613 779 1231 1614 513 1232 1615 515 1233 1616 780 1234 1617 545 1235 1618 513 1236 1619 780 1237 1620 513 1238 1621 779 1239 1622 779 1240 1623 515 1241 1624 517 1242 1625 778 1243 1626 517 1244 1627 519 1245 1628 779 1246 1629 517 1247 1630 778 1248 1631 777 1249 1632 519 1250 1633 521 1251 1634 778 1252 1635 519 1253 1636 777 1254 1637 777 1255 1638 521 1256 1639 524 1257 1640 553 1258 1641 523 1259 1642 526 1260 1643 777 1261 1644 524 1262 1645 554 1263 1646 560 1264 1647 526 1265 1648 528 1266 1649 555 1267 1650 553 1268 1651 526 1269 1652 560 1270 1653 555 1271 1654 526 1272 1655 562 1273 1656 528 1274 1657 530 1275 1658 562 1276 1659 560 1277 1660 528 1278 1661 562 1279 1662 530 1280 1663 532 1281 1664 564 1282 1665 532 1283 1666 534 1284 1667 564 1285 1668 562 1286 1669 532 1287 1670 566 1288 1671 534 1289 1672 536 1290 1673 566 1291 1674 564 1292 1675 534 1293 1676 568 1294 1677 536 1295 1678 538 1296 1679 568 1297 1680 566 1298 1681 536 1299 1682 568 1300 1683 538 1301 1684 540 1302 1685 552 1303 1686 541 1304 1687 543 1305 1688 568 1306 1689 540 1307 1690 551 1308 1691 780 1309 1692 543 1310 1693 545 1311 1694 780 1312 1695 552 1313 1696 543 1314 1697 568 1315 1698 551 1316 1699 546 1317 1700 780 1318 1701 550 1319 1702 552 1320 1703 583 1321 1704 569 1322 1705 547 1323 1706 585 1324 1707 583 1325 1708 547 1326 1709 587 1327 1710 585 1328 1711 547 1329 1712 608 1330 1713 588 1331 1714 548 1332 1715 720 1333 1716 609 1334 1717 549 1335 1718 725 1336 1719 720 1337 1720 549 1338 1721 780 1339 1722 726 1340 1723 550 1341 1724 784 1342 1725 554 1343 1726 559 1344 1727 784 1345 1728 777 1346 1729 554 1347 1730 570 1348 1731 556 1349 1732 561 1350 1733 598 1351 1734 557 1352 1735 571 1353 1736 600 1354 1737 557 1355 1738 598 1356 1739 727 1357 1740 558 1358 1741 601 1359 1742 784 1360 1743 559 1361 1744 728 1263 1745 577 1362 1746 561 1363 1747 563 1364 1748 573 1365 1749 570 1366 1750 561 1367 1751 575 1368 1752 573 1369 1753 561 1370 1754 577 1371 1755 575 1372 1756 561 1373 1757 577 1374 1758 563 1375 1759 565 1376 1760 579 1377 1761 565 1378 1762 567 1379 1763 579 1380 1764 577 1381 1765 565 1382 1766 581 1383 1767 567 1384 1768 569 1385 1769 581 1386 1770 579 1387 1771 567 1388 1772 583 1389 1773 581 1390 1774 569 1391 1775 614 1392 1776 572 1392 1777 574 1392 1778 614 1392 1779 599 1392 1780 572 1392 1781 617 1392 1782 574 1392 1783 576 1392 1784 617 1392 1785 614 1392 1786 574 1392 1787 619 1392 1788 576 1392 1789 578 1392 1790 619 1392 1791 617 1392 1792 576 1392 1793 621 1392 1794 578 1392 1795 580 1392 1796 621 1392 1797 619 1392 1798 578 1392 1799 625 1392 1800 580 1392 1801 582 1392 1802 623 1392 1803 621 1392 1804 580 1392 1805 625 1392 1806 623 1392 1807 580 1392 1808 627 1392 1809 582 1392 1810 584 1392 1811 627 1392 1812 625 1392 1813 582 1392 1814 629 1392 1815 584 1392 1816 586 1392 1817 629 1392 1818 627 1392 1819 584 1392 1820 631 1392 1821 586 1392 1822 589 1392 1823 631 1392 1824 629 1392 1825 586 1392 1826 608 1393 1827 590 1394 1828 588 1395 1829 631 1392 1830 589 1392 1831 591 1392 1832 608 1396 1833 592 1397 1834 590 1398 1835 636 1392 1836 591 1392 1837 593 1392 1838 634 1392 1839 631 1392 1840 591 1392 1841 636 1392 1842 634 1392 1843 591 1392 1844 604 1399 1845 594 1400 1846 592 1401 1847 638 1392 1848 593 1392 1849 595 1392 1850 606 1402 1851 604 1403 1852 592 1404 1853 608 1405 1854 606 1406 1855 592 1407 1856 638 1392 1857 636 1392 1858 593 1392 1859 602 1408 1860 596 1409 1861 594 1410 1862 642 1392 1863 595 1392 1864 597 1392 1865 604 1411 1866 602 1412 1867 594 1413 1868 640 1392 1869 638 1392 1870 595 1392 1871 642 1392 1872 640 1392 1873 595 1392 1874 600 1414 1875 598 1415 1876 596 1416 1877 610 1392 1878 597 1392 1879 599 1392 1880 602 1417 1881 600 1418 1882 596 1419 1883 642 1392 1884 597 1392 1885 610 1392 1886 612 1392 1887 610 1392 1888 599 1392 1889 614 1392 1890 612 1392 1891 599 1392 1892 714 1420 1893 601 1421 1894 603 1422 1895 712 1423 1896 709 1424 1897 601 1425 1898 727 1426 1899 601 1427 1900 709 1428 1901 714 1429 1902 712 1430 1903 601 1431 1904 714 1432 1905 603 1433 1906 605 1434 1907 716 1435 1908 605 1436 1909 607 1437 1910 716 1438 1911 714 1439 1912 605 1440 1913 718 1441 1914 607 1442 1915 609 1443 1916 718 1444 1917 716 1445 1918 607 1446 1919 720 1447 1920 718 1448 1921 609 1449 1922 700 1450 1923 611 1451 1924 613 1452 1925 702 1453 1926 643 1454 1927 611 1455 1928 702 1456 1929 611 1457 1930 700 1458 1931 700 1459 1932 613 1460 1933 616 1461 1934 648 1462 1935 615 1463 1936 618 1464 1937 700 1465 1938 616 1466 1939 651 1467 1940 652 1468 1941 618 1469 1942 620 1470 1943 652 1471 1944 648 1472 1945 618 1473 1946 652 1474 1947 620 1475 1948 622 1476 1949 654 1477 1950 622 1478 1951 624 1479 1952 654 1480 1953 652 1481 1954 622 1482 1955 656 1483 1956 624 1484 1957 626 1485 1958 656 1486 1959 654 1487 1960 624 1488 1961 658 1489 1962 626 1490 1963 628 1491 1964 658 1492 1965 656 1493 1966 626 1494 1967 660 1495 1968 628 1496 1969 630 1497 1970 660 1498 1971 658 1499 1972 628 1500 1973 660 1501 1974 630 1502 1975 632 1503 1976 647 1504 1977 633 1505 1978 635 1506 1979 660 1507 1980 632 1508 1981 644 1509 1982 708 1510 1983 635 1511 1984 637 1512 1985 708 1513 1986 647 1514 1987 635 1515 1988 708 1516 1989 637 1517 1990 639 1518 1991 706 1519 1992 639 1520 1993 641 1521 1994 708 1522 1995 639 1523 1996 706 1524 1997 704 1525 1998 641 1526 1999 643 1527 2000 706 1528 2001 641 1529 2002 704 1530 2003 704 1531 2004 643 1532 2005 702 1533 2006 677 1534 2007 661 1535 2008 645 1536 2009 679 1537 2010 677 1538 2011 645 1539 2012 707 1540 2013 681 1541 2014 646 1542 2015 662 1543 2016 649 1544 2017 653 1545 2018 685 1546 2019 650 1547 2020 664 1548 2021 699 1549 2022 650 1550 2023 685 1551 2024 667 1552 2025 653 1553 2026 655 1554 2027 665 1555 2028 662 1556 2029 653 1557 2030 667 1558 2031 665 1559 2032 653 1560 2033 669 1561 2034 655 1562 2035 657 1563 2036 669 1564 2037 667 1565 2038 655 1566 2039 671 1567 2040 657 1568 2041 659 1569 2042 671 1570 2043 669 1571 2044 657 1572 2045 673 1573 2046 659 1574 2047 661 1575 2048 673 1576 2049 671 1577 2050 659 1578 2051 675 1579 2052 673 1580 2053 661 1581 2054 677 1582 2055 675 1583 2056 661 1584 2057 684 1585 2058 663 1585 2059 666 1585 2060 670 1392 2061 666 1392 2062 668 1392 2063 683 1392 2064 666 1392 2065 670 1392 2066 684 1586 2067 666 1586 2068 683 1586 2069 683 1587 2070 670 1587 2071 672 1587 2072 682 1392 2073 672 1392 2074 674 1392 2075 683 1392 2076 672 1392 2077 682 1392 2078 682 1588 2079 674 1588 2080 676 1588 2081 682 1392 2082 676 1392 2083 678 1392 2084 691 1589 2085 678 1589 2086 680 1589 2087 689 1590 2088 682 1590 2089 678 1590 2090 691 1392 2091 689 1392 2092 678 1392 2093 707 1591 2094 692 1592 2095 681 1593 2096 688 1392 2097 683 1392 2098 682 1392 2099 689 1594 2100 688 1594 2101 682 1594 2102 686 1392 2103 684 1392 2104 683 1392 2105 688 1392 2106 686 1392 2107 683 1392 2108 699 1595 2109 685 1596 2110 687 1597 2111 695 1598 2112 686 1598 2113 688 1598 2114 699 1599 2115 687 1600 2116 696 1601 2117 693 1602 2118 688 1602 2119 689 1602 2120 697 1392 2121 688 1392 2122 693 1392 2123 697 1392 2124 695 1392 2125 688 1392 2126 707 1603 2127 690 1604 2128 692 1605 2129 705 1606 2130 694 1607 2131 690 1608 2132 707 1609 2133 705 1610 2134 690 1611 2135 703 1612 2136 698 1613 2137 694 1614 2138 705 1615 2139 703 1616 2140 694 1617 2141 701 1618 2142 696 1619 2143 698 1620 2144 701 1621 2145 699 1622 2146 696 1623 2147 703 1624 2148 701 1625 2149 698 1626 2150 764 577 2151 710 577 2152 713 577 2153 755 1627 2154 728 1628 2155 711 1629 2156 764 577 2157 754 577 2158 710 577 2159 769 577 2160 713 577 2161 715 577 2162 767 577 2163 764 577 2164 713 577 2165 769 577 2166 767 577 2167 713 577 2168 771 577 2169 715 577 2170 717 577 2171 771 577 2172 769 577 2173 715 577 2174 775 1630 2175 717 1630 2176 719 1630 2177 773 577 2178 771 577 2179 717 577 2180 775 1631 2181 773 1631 2182 717 1631 2183 729 577 2184 719 577 2185 721 577 2186 775 577 2187 719 577 2188 729 577 2189 725 1632 2190 722 1633 2191 720 1634 2192 733 577 2193 721 577 2194 723 577 2195 731 577 2196 729 577 2197 721 577 2198 733 577 2199 731 577 2200 721 577 2201 781 1635 2202 724 1636 2203 726 1637 2204 738 577 2205 733 577 2206 723 577 2207 781 1638 2208 739 1639 2209 724 1640 2210 781 1641 2211 726 1642 2212 780 1643 2213 757 1644 2214 728 1645 2215 755 1646 2216 784 1647 2217 728 1648 2218 757 1649 2219 797 1650 2220 730 1651 2221 732 1652 2222 795 1653 2223 776 1654 2224 730 1655 2225 797 1656 2226 795 1657 2227 730 1658 2228 797 1659 2229 732 1660 2230 734 1661 2231 738 577 2232 736 577 2233 733 577 2234 800 1662 2235 735 1663 2236 737 1664 2237 799 1665 2238 797 1666 2239 734 1667 2240 740 577 2241 736 577 2242 738 577 2243 742 577 2244 736 577 2245 740 577 2246 803 1668 2247 737 1669 2248 743 1670 2249 803 1671 2250 800 1672 2251 737 1673 2252 781 1674 2253 741 1675 2254 739 1676 2255 762 1677 2256 742 1677 2257 740 1677 2258 781 1678 2259 763 1679 2260 741 1680 2261 762 577 2262 744 577 2263 742 577 2264 803 1681 2265 743 1682 2266 745 1683 2267 760 577 2268 746 577 2269 744 577 2270 805 1684 2271 745 1685 2272 747 1686 2273 762 577 2274 760 577 2275 744 577 2276 805 1687 2277 803 1688 2278 745 1689 2279 760 577 2280 748 577 2281 746 577 2282 807 1690 2283 747 1691 2284 749 1692 2285 807 1693 2286 805 1694 2287 747 1695 2288 758 1696 2289 750 1696 2290 748 1696 2291 809 1697 2292 749 1698 2293 751 1699 2294 760 1700 2295 758 1700 2296 748 1700 2297 809 1701 2298 807 1702 2299 749 1703 2300 756 577 2301 752 577 2302 750 577 2303 811 1704 2304 751 1705 2305 753 1706 2306 758 577 2307 756 577 2308 750 577 2309 811 1707 2310 809 1708 2311 751 1709 2312 756 577 2313 754 577 2314 752 577 2315 764 577 2316 752 577 2317 754 577 2318 811 1710 2319 753 1711 2320 766 1712 2321 784 1713 2322 757 1714 2323 759 1715 2324 783 1716 2325 759 1717 2326 761 1718 2327 784 1719 2328 759 1720 2329 783 1721 2330 782 1722 2331 761 1723 2332 763 1724 2333 783 1725 2334 761 1726 2335 782 1727 2336 782 1728 2337 763 1729 2338 781 1730 2339 785 1731 2340 765 1732 2341 768 1733 2342 811 1734 2343 766 1735 2344 786 1736 2345 789 1737 2346 768 1738 2347 770 1739 2348 789 1740 2349 785 1741 2350 768 1742 2351 789 1743 2352 770 1744 2353 772 1745 2354 791 1746 2355 772 1747 2356 774 1748 2357 791 1749 2358 789 1750 2359 772 1751 2360 793 1752 2361 774 1753 2362 776 1754 2363 793 1755 2364 791 1756 2365 774 1757 2366 795 1758 2367 793 1759 2368 776 1760 2369 783 1761 2370 778 1762 2371 777 1763 2372 784 1764 2373 783 1765 2374 777 1766 2375 782 1767 2376 779 1768 2377 778 1769 2378 783 1770 2379 782 1771 2380 778 1772 2381 781 1773 2382 780 1774 2383 779 1775 2384 782 1776 2385 781 1777 2386 779 1778 2387 828 1779 2388 788 1780 2389 790 1781 2390 825 1782 2391 812 1783 2392 787 1784 2393 827 1785 2394 825 1786 2395 787 1787 2396 831 1788 2397 790 1789 2398 792 1790 2399 831 1791 2400 828 1792 2401 790 1793 2402 833 1794 2403 792 1795 2404 794 1796 2405 833 1797 2406 831 1798 2407 792 1799 2408 835 1800 2409 794 1801 2410 796 1802 2411 835 1803 2412 833 1804 2413 794 1805 2414 837 1806 2415 796 1807 2416 798 1808 2417 837 1809 2418 835 1810 2419 796 1811 2420 839 1812 2421 798 1813 2422 802 1814 2423 839 1815 2424 837 1816 2425 798 1817 2426 813 1818 2427 801 1819 2428 804 1820 2429 839 1821 2430 802 1822 2431 814 1823 2432 817 1824 2433 804 1825 2434 806 1826 2435 817 1827 2436 813 1828 2437 804 1829 2438 819 1830 2439 806 1831 2440 808 1832 2441 819 1833 2442 817 1834 2443 806 1835 2444 821 1836 2445 808 1837 2446 810 1838 2447 821 1839 2448 819 1840 2449 808 1841 2450 823 1842 2451 810 1843 2452 812 1844 2453 823 1845 2454 821 1846 2455 810 1847 2456 825 1848 2457 823 1849 2458 812 1850 2459 860 1851 2460 816 1852 2461 818 1853 2462 856 1854 2463 840 1855 2464 815 1856 2465 858 1857 2466 856 1858 2467 815 1859 2468 873 1860 2469 818 1861 2470 820 1862 2471 871 1863 2472 860 1864 2473 818 1865 2474 873 1866 2475 871 1867 2476 818 1868 2477 895 1869 2478 820 1870 2479 822 1871 2480 895 1872 2481 873 1873 2482 820 1874 2483 893 1875 2484 822 1876 2485 824 1877 2486 895 1878 2487 822 1879 2488 893 1880 2489 891 1881 2490 824 1882 2491 826 1883 2492 893 1884 2493 824 1885 2494 891 1886 2495 887 1887 2496 826 1888 2497 830 1889 2498 889 1890 2499 826 1891 2500 887 1892 2501 891 1893 2502 826 1894 2503 889 1895 2504 841 1896 2505 829 1897 2506 832 1898 2507 887 1899 2508 830 1900 2509 843 1901 2510 846 1902 2511 832 1903 2512 834 1904 2513 844 1905 2514 841 1906 2515 832 1907 2516 846 1908 2517 844 1909 2518 832 1910 2519 848 1911 2520 834 1912 2521 836 1913 2522 848 1914 2523 846 1915 2524 834 1916 2525 850 1917 2526 836 1918 2527 838 1919 2528 850 1920 2529 848 1921 2530 836 1922 2531 852 1923 2532 838 1924 2533 840 1925 2534 852 1926 2535 850 1927 2536 838 1928 2537 854 1929 2538 852 1930 2539 840 1931 2540 856 1932 2541 854 1933 2542 840 1934 2543 896 577 2544 842 577 2545 845 577 2546 896 577 2547 886 577 2548 842 577 2549 896 1935 2550 845 1935 2551 847 1935 2552 901 1936 2553 847 1936 2554 849 1936 2555 899 577 2556 896 577 2557 847 577 2558 901 577 2559 899 577 2560 847 577 2561 903 577 2562 849 577 2563 851 577 2564 903 577 2565 901 577 2566 849 577 2567 907 577 2568 851 577 2569 853 577 2570 905 577 2571 903 577 2572 851 577 2573 907 1937 2574 905 1937 2575 851 1937 2576 861 577 2577 853 577 2578 855 577 2579 907 577 2580 853 577 2581 861 577 2582 863 1938 2583 855 1938 2584 857 1938 2585 863 577 2586 861 577 2587 855 577 2588 865 577 2589 857 577 2590 859 577 2591 865 1939 2592 863 1939 2593 857 1939 2594 870 1940 2595 865 1940 2596 859 1940 2597 921 1941 2598 862 1942 2599 864 1943 2600 919 1944 2601 908 1945 2602 862 1946 2603 921 1947 2604 919 1948 2605 862 1949 2606 921 1950 2607 864 1951 2608 866 1952 2609 870 577 2610 868 577 2611 865 577 2612 926 1953 2613 867 1954 2614 869 1955 2615 923 1956 2616 921 1957 2617 866 1958 2618 872 1959 2619 868 1959 2620 870 1959 2621 874 1960 2622 868 1960 2623 872 1960 2624 960 1961 2625 869 1962 2626 875 1963 2627 960 1964 2628 926 1965 2629 869 1966 2630 894 1967 2631 874 1967 2632 872 1967 2633 894 1968 2634 876 1968 2635 874 1968 2636 960 1969 2637 875 1970 2638 877 1971 2639 892 1972 2640 878 1972 2641 876 1972 2642 958 1973 2643 877 1974 2644 879 1975 2645 894 577 2646 892 577 2647 876 577 2648 960 1976 2649 877 1977 2650 958 1978 2651 892 577 2652 880 577 2653 878 577 2654 956 1979 2655 879 1980 2656 881 1981 2657 958 1982 2658 879 1983 2659 956 1984 2660 890 1985 2661 882 1985 2662 880 1985 2663 954 1986 2664 881 1987 2665 883 1988 2666 892 1989 2667 890 1989 2668 880 1989 2669 956 1990 2670 881 1991 2671 954 1992 2672 888 577 2673 884 577 2674 882 577 2675 952 1993 2676 883 1994 2677 885 1995 2678 890 1996 2679 888 1996 2680 882 1996 2681 954 1997 2682 883 1998 2683 952 1999 2684 888 2000 2685 886 2000 2686 884 2000 2687 896 577 2688 884 577 2689 886 577 2690 952 2001 2691 885 2002 2692 898 2003 2693 909 2004 2694 897 2005 2695 900 2006 2696 952 2007 2697 898 2008 2698 912 2009 2699 913 2010 2700 900 2011 2701 902 2012 2702 913 2013 2703 909 2014 2704 900 2015 2705 913 2016 2706 902 2017 2707 904 2018 2708 915 2019 2709 904 2020 2710 906 2021 2711 915 2022 2712 913 2023 2713 904 2024 2714 917 2025 2715 906 2026 2716 908 2027 2717 917 2028 2718 915 2029 2719 906 2030 2720 919 2031 2721 917 2032 2722 908 2033 2723 932 2034 2724 910 2035 2725 914 2036 2726 973 2037 2727 911 2038 2728 933 2039 2729 973 2040 2730 951 2041 2731 911 2042 2732 937 2043 2733 914 2044 2734 916 2045 2735 934 2046 2736 932 2047 2737 914 2048 2738 937 2049 2739 934 2050 2740 914 2051 2741 939 2052 2742 916 2053 2743 918 2054 2744 939 2055 2745 937 2056 2746 916 2057 2747 943 2058 2748 918 2059 2749 920 2060 2750 941 2061 2751 939 2062 2752 918 2063 2753 943 2064 2754 941 2065 2755 918 2066 2756 945 2067 2757 920 2068 2758 922 2069 2759 945 2070 2760 943 2071 2761 920 2072 2762 949 2073 2763 922 2074 2764 924 2075 2765 947 2076 2766 945 2077 2767 922 2078 2768 949 2079 2769 947 2080 2770 922 2081 2771 949 2082 2772 924 2083 2773 930 2084 2774 959 2085 2775 931 2086 2776 925 2087 2777 949 2088 2778 930 2089 2779 927 2090 2780 959 2091 2781 928 2092 2782 931 2093 2783 1956 577 2784 950 577 2785 929 577 2786 961 2094 2787 928 2095 2788 959 2096 2789 1952 2097 2790 929 2097 2791 962 2097 2792 1956 2098 2793 929 2098 2794 1952 2098 2795 973 2099 2796 933 2100 2797 935 2101 2798 1935 2102 2799 936 2102 2800 938 2102 2801 1938 577 2802 974 577 2803 936 577 2804 1938 2103 2805 936 2103 2806 1935 2103 2807 1960 577 2808 938 577 2809 940 577 2810 1958 2104 2811 1935 2104 2812 938 2104 2813 1960 2105 2814 1958 2105 2815 938 2105 2816 1962 577 2817 940 577 2818 942 577 2819 1962 2106 2820 1960 2106 2821 940 2106 2822 1966 577 2823 942 577 2824 944 577 2825 1966 2107 2826 1962 2107 2827 942 2107 2828 1966 577 2829 944 577 2830 946 577 2831 1964 2108 2832 946 2108 2833 948 2108 2834 1966 2109 2835 946 2109 2836 1964 2109 2837 1954 577 2838 948 577 2839 950 577 2840 1964 2110 2841 948 2110 2842 1954 2110 2843 1956 2111 2844 1954 2111 2845 950 2111 2846 971 2112 2847 953 2113 2848 951 2114 2849 973 2115 2850 971 2116 2851 951 2117 2852 967 2118 2853 955 2119 2854 953 2120 2855 969 2121 2856 967 2122 2857 953 2123 2858 971 2124 2859 969 2125 2860 953 2126 2861 965 2127 2862 957 2128 2863 955 2129 2864 967 2130 2865 965 2131 2866 955 2132 2867 961 2133 2868 959 2134 2869 957 2135 2870 963 2136 2871 961 2137 2872 957 2138 2873 965 2139 2874 963 2140 2875 957 2141 2876 1948 577 2877 962 577 2878 964 577 2879 1950 2142 2880 962 2142 2881 1948 2142 2882 1952 2143 2883 962 2143 2884 1950 2143 2885 1946 2144 2886 964 2144 2887 966 2144 2888 1948 577 2889 964 577 2890 1946 577 2891 1944 577 2892 966 577 2893 968 577 2894 1946 577 2895 966 577 2896 1944 577 2897 1944 577 2898 968 577 2899 970 577 2900 1942 577 2901 970 577 2902 972 577 2903 1944 2145 2904 970 2145 2905 1942 2145 2906 1940 577 2907 972 577 2908 974 577 2909 1942 2146 2910 972 2146 2911 1940 2146 2912 1940 2147 2913 974 2147 2914 1938 2147 2915 1009 2148 2916 978 2149 2917 975 2150 2918 1921 4 2919 977 4 2920 979 4 2921 1015 2151 2922 1009 2152 2923 975 2153 2924 1029 2154 2925 1016 2155 2926 976 2156 2927 1919 4 2928 1030 4 2929 977 4 2930 1921 2157 2931 1919 2157 2932 977 2157 2933 1007 2158 2934 980 2159 2935 978 2160 2936 1926 4 2937 979 4 2938 981 4 2939 1009 2161 2940 1007 2162 2941 978 2163 2942 1924 2164 2943 1921 2164 2944 979 2164 2945 1926 2165 2946 1924 2165 2947 979 2165 2948 1005 2166 2949 982 2167 2950 980 2168 2951 1928 2169 2952 981 2169 2953 983 2169 2954 1007 2170 2955 1005 2171 2956 980 2172 2957 1928 2173 2958 1926 2173 2959 981 2173 2960 1005 2174 2961 984 2175 2962 982 2176 2963 1932 4 2964 983 4 2965 985 4 2966 1932 2177 2967 1928 2177 2968 983 2177 2969 1003 2178 2970 986 2179 2971 984 2180 2972 1932 4 2973 985 4 2974 987 4 2975 1005 2181 2976 1003 2182 2977 984 2183 2978 1001 2184 2979 988 2185 2980 986 2186 2981 1930 4 2982 987 4 2983 989 4 2984 1003 2187 2985 1001 2188 2986 986 2189 2987 1932 2190 2988 987 2190 2989 1930 2190 2990 1001 2191 2991 990 2192 2992 988 2193 2993 1907 4 2994 989 4 2995 991 4 2996 1930 2194 2997 989 2194 2998 1907 2194 2999 995 2195 3000 992 2196 3001 990 2197 3002 1909 4 3003 991 4 3004 994 4 3005 997 2198 3006 995 2199 3007 990 2200 3008 1001 2201 3009 997 2202 3010 990 2203 3011 1909 4 3012 1907 4 3013 991 4 3014 1039 2204 3015 993 2205 3016 996 2206 3017 1039 2207 3018 1017 2208 3019 993 2209 3020 1900 4 3021 994 4 3022 1018 4 3023 1909 2210 3024 994 2210 3025 1900 2210 3026 1039 2211 3027 996 2212 3028 998 2213 3029 1059 2214 3030 1000 2215 3031 1002 2216 3032 1056 2217 3033 1040 2218 3034 999 2219 3035 1058 2220 3036 1056 2221 3037 999 2222 3038 1063 2223 3039 1002 2224 3040 1004 2225 3041 1061 2226 3042 1059 2227 3043 1002 2228 3044 1063 2229 3045 1061 2230 3046 1002 2231 3047 1065 2232 3048 1004 2233 3049 1006 2234 3050 1065 2235 3051 1063 2236 3052 1004 2237 3053 1067 2238 3054 1006 2239 3055 1008 2240 3056 1067 2241 3057 1065 2242 3058 1006 2243 3059 1069 2244 3060 1008 2245 3061 1010 2246 3062 1069 2247 3063 1067 2248 3064 1008 2249 3065 1015 2250 3066 1011 2251 3067 1009 2252 3068 1073 2253 3069 1010 2254 3070 1014 2255 3071 1071 2256 3072 1069 2257 3073 1010 2258 3074 1073 2259 3075 1071 2260 3076 1010 2261 3077 1029 2262 3078 1012 2263 3079 1016 2264 3080 1031 2265 3081 1012 2266 3082 1029 2267 3083 1041 2268 3084 1013 2269 3085 1032 2270 3086 1073 2271 3087 1014 2272 3088 1042 2273 3089 1037 2274 3090 1019 2275 3091 1017 2276 3092 1905 4 3093 1018 4 3094 1020 4 3095 1039 2277 3096 1037 2278 3097 1017 2279 3098 1903 2280 3099 1900 2280 3100 1018 2280 3101 1905 2281 3102 1903 2281 3103 1018 2281 3104 1037 2282 3105 1021 2283 3106 1019 2284 3107 1911 4 3108 1020 4 3109 1022 4 3110 1911 2285 3111 1905 2285 3112 1020 2285 3113 1035 2286 3114 1023 2287 3115 1021 2288 3116 1913 4 3117 1022 4 3118 1024 4 3119 1037 2289 3120 1035 2290 3121 1021 2291 3122 1913 2292 3123 1911 2292 3124 1022 2292 3125 1033 2293 3126 1025 2294 3127 1023 2295 3128 1913 4 3129 1024 4 3130 1026 4 3131 1035 2296 3132 1033 2297 3133 1023 2298 3134 1033 2299 3135 1027 2300 3136 1025 2301 3137 1915 2302 3138 1026 2302 3139 1028 2302 3140 1915 4 3141 1913 4 3142 1026 4 3143 1031 2303 3144 1029 2304 3145 1027 2305 3146 1917 4 3147 1028 4 3148 1030 4 3149 1033 2306 3150 1031 2307 3151 1027 2308 3152 1917 4 3153 1915 4 3154 1028 4 3155 1919 4 3156 1917 4 3157 1030 4 3158 1046 2309 3159 1032 2310 3160 1034 2311 3161 1044 2312 3162 1041 2313 3163 1032 2314 3164 1046 2315 3165 1044 2316 3166 1032 2317 3167 1048 2318 3168 1034 2319 3169 1036 2320 3170 1048 2321 3171 1046 2322 3172 1034 2323 3173 1050 2324 3174 1036 2325 3175 1038 2326 3176 1050 2327 3177 1048 2328 3178 1036 2329 3179 1052 2330 3180 1038 2331 3181 1040 2332 3182 1052 2333 3183 1050 2334 3184 1038 2335 3185 1054 2336 3186 1052 2337 3187 1040 2338 3188 1056 2339 3189 1054 2340 3190 1040 2341 3191 1084 4 3192 1043 4 3193 1045 4 3194 1093 4 3195 1074 4 3196 1043 4 3197 1090 4 3198 1043 4 3199 1084 4 3200 1093 4 3201 1043 4 3202 1090 4 3203 1084 4 3204 1045 4 3205 1047 4 3206 1086 4 3207 1047 4 3208 1049 4 3209 1086 4 3210 1084 4 3211 1047 4 3212 1088 4 3213 1049 4 3214 1051 4 3215 1088 4 3216 1086 4 3217 1049 4 3218 1088 4 3219 1051 4 3220 1053 4 3221 1082 4 3222 1053 4 3223 1055 4 3224 1088 4 3225 1053 4 3226 1082 4 3227 1080 4 3228 1055 4 3229 1057 4 3230 1082 4 3231 1055 4 3232 1080 4 3233 1080 4 3234 1057 4 3235 1060 4 3236 1078 4 3237 1060 4 3238 1062 4 3239 1078 4 3240 1075 4 3241 1060 4 3242 1080 4 3243 1060 4 3244 1075 4 3245 1097 4 3246 1062 4 3247 1064 4 3248 1097 4 3249 1078 4 3250 1062 4 3251 1099 4 3252 1064 4 3253 1066 4 3254 1099 4 3255 1097 4 3256 1064 4 3257 1101 4 3258 1066 4 3259 1068 4 3260 1101 4 3261 1099 4 3262 1066 4 3263 1101 4 3264 1068 4 3265 1070 4 3266 1103 4 3267 1070 4 3268 1072 4 3269 1103 4 3270 1101 4 3271 1070 4 3272 1095 4 3273 1072 4 3274 1074 4 3275 1103 4 3276 1072 4 3277 1095 4 3278 1095 4 3279 1074 4 3280 1093 4 3281 1120 2342 3282 1077 2343 3283 1079 2344 3284 1116 2345 3285 1081 2346 3286 1076 2347 3287 1118 2348 3288 1116 2349 3289 1076 2350 3290 1148 2351 3291 1079 2352 3292 1098 2353 3293 1148 2354 3294 1120 2355 3295 1079 2356 3296 1114 2357 3297 1083 2358 3298 1081 2359 3299 1116 2360 3300 1114 2361 3301 1081 2362 3302 1112 2363 3303 1089 2364 3304 1083 2365 3305 1114 2366 3306 1112 2367 3307 1083 2368 3308 1108 2369 3309 1085 2370 3310 1087 2371 3311 1105 2372 3312 1091 2373 3313 1085 2374 3314 1108 2375 3315 1105 2376 3316 1085 2377 3317 1110 2378 3318 1087 2379 3319 1089 2380 3320 1110 2381 3321 1108 2382 3322 1087 2383 3323 1112 2384 3324 1110 2385 3325 1089 2386 3326 1122 2387 3327 1094 2388 3328 1092 2389 3329 1122 2390 3330 1092 2391 3331 1107 2392 3332 1162 2393 3333 1096 2394 3334 1094 2395 3335 1162 2396 3336 1094 2397 3337 1122 2398 3338 1164 2399 3339 1104 2400 3340 1096 2401 3341 1164 2402 3342 1096 2403 3343 1162 2404 3344 1150 2405 3345 1098 2406 3346 1100 2407 3347 1150 2408 3348 1148 2409 3349 1098 2410 3350 1168 2411 3351 1100 2412 3352 1102 2413 3353 1168 2414 3354 1150 2415 3355 1100 2416 3356 1166 2417 3357 1102 2418 3358 1104 2419 3359 1168 2420 3360 1102 2421 3361 1166 2422 3362 1166 2423 3363 1104 2424 3364 1164 2425 3365 1125 577 3366 1106 577 3367 1109 577 3368 1125 2426 3369 1121 2426 3370 1106 2426 3371 1130 577 3372 1109 577 3373 1111 577 3374 1128 577 3375 1125 577 3376 1109 577 3377 1130 577 3378 1128 577 3379 1109 577 3380 1132 577 3381 1111 577 3382 1113 577 3383 1132 2427 3384 1130 2427 3385 1111 2427 3386 1136 577 3387 1113 577 3388 1115 577 3389 1134 577 3390 1132 577 3391 1113 577 3392 1136 2428 3393 1134 2428 3394 1113 2428 3395 1138 577 3396 1115 577 3397 1117 577 3398 1138 2429 3399 1136 2429 3400 1115 2429 3401 1142 577 3402 1117 577 3403 1119 577 3404 1140 2430 3405 1138 2430 3406 1117 2430 3407 1142 2431 3408 1140 2431 3409 1117 2431 3410 1147 2432 3411 1142 2432 3412 1119 2432 3413 1125 577 3414 1123 577 3415 1121 577 3416 1161 2433 3417 1121 2433 3418 1123 2433 3419 1199 2434 3420 1124 2435 3421 1127 2436 3422 1161 577 3423 1123 577 3424 1159 577 3425 1199 2437 3426 1160 2438 3427 1124 2439 3428 1189 2440 3429 1126 2441 3430 1129 2442 3431 1199 2443 3432 1127 2444 3433 1190 2445 3434 1173 2446 3435 1129 2447 3436 1131 2448 3437 1173 2449 3438 1169 2450 3439 1129 2451 3440 1189 2452 3441 1129 2453 3442 1169 2454 3443 1173 2455 3444 1131 2456 3445 1133 2457 3446 1175 2458 3447 1133 2459 3448 1135 2460 3449 1175 2461 3450 1173 2462 3451 1133 2463 3452 1177 2464 3453 1135 2465 3454 1137 2466 3455 1177 2467 3456 1175 2468 3457 1135 2469 3458 1179 2470 3459 1137 2471 3460 1139 2472 3461 1179 2473 3462 1177 2474 3463 1137 2475 3464 1181 2476 3465 1139 2477 3466 1141 2478 3467 1181 2479 3468 1179 2480 3469 1139 2481 3470 1181 2482 3471 1141 2483 3472 1143 2484 3473 1147 2485 3474 1145 2485 3475 1142 2485 3476 1188 2486 3477 1144 2487 3478 1146 2488 3479 1187 2489 3480 1181 2490 3481 1143 2491 3482 1149 2492 3483 1145 2492 3484 1147 2492 3485 1151 577 3486 1145 577 3487 1149 577 3488 1191 2493 3489 1146 2494 3490 1152 2495 3491 1188 2496 3492 1146 2497 3493 1184 2498 3494 1191 2499 3495 1184 2500 3496 1146 2501 3497 1167 2502 3498 1151 2502 3499 1149 2502 3500 1167 577 3501 1153 577 3502 1151 577 3503 1191 2503 3504 1152 2504 3505 1154 2505 3506 1165 577 3507 1155 577 3508 1153 577 3509 1193 2506 3510 1154 2507 3511 1156 2508 3512 1167 577 3513 1165 577 3514 1153 577 3515 1193 2509 3516 1191 2510 3517 1154 2511 3518 1165 577 3519 1157 577 3520 1155 577 3521 1195 2512 3522 1156 2513 3523 1158 2514 3524 1195 2515 3525 1193 2516 3526 1156 2517 3527 1163 577 3528 1159 577 3529 1157 577 3530 1197 2518 3531 1158 2519 3532 1160 2520 3533 1165 2521 3534 1163 2521 3535 1157 2521 3536 1197 2522 3537 1195 2523 3538 1158 2524 3539 1163 2525 3540 1161 2525 3541 1159 2525 3542 1199 2526 3543 1197 2527 3544 1160 2528 3545 1216 2529 3546 1172 2530 3547 1174 2531 3548 1199 2532 3549 1190 2533 3550 1170 2534 3551 1213 2535 3552 1200 2536 3553 1171 2537 3554 1215 2538 3555 1213 2539 3556 1171 2540 3557 1219 2541 3558 1174 2542 3559 1176 2543 3560 1219 2544 3561 1216 2545 3562 1174 2546 3563 1221 2547 3564 1176 2548 3565 1178 2549 3566 1221 2550 3567 1219 2551 3568 1176 2552 3569 1223 2553 3570 1178 2554 3571 1180 2555 3572 1223 2556 3573 1221 2557 3574 1178 2558 3575 1225 2559 3576 1180 2560 3577 1182 2561 3578 1225 2562 3579 1223 2563 3580 1180 2564 3581 1187 2565 3582 1183 2566 3583 1181 2567 3584 1227 2568 3585 1182 2569 3586 1186 2570 3587 1227 2571 3588 1225 2572 3589 1182 2573 3590 1201 2574 3591 1185 2575 3592 1192 2576 3593 1227 2577 3594 1186 2578 3595 1202 2579 3596 1205 2580 3597 1192 2581 3598 1194 2582 3599 1205 2583 3600 1201 2584 3601 1192 2585 3602 1207 2586 3603 1194 2587 3604 1196 2588 3605 1207 2589 3606 1205 2590 3607 1194 2591 3608 1209 2592 3609 1196 2593 3610 1198 2594 3611 1209 2595 3612 1207 2596 3613 1196 2597 3614 1211 2598 3615 1198 2599 3616 1200 2600 3617 1211 2601 3618 1209 2602 3619 1198 2603 3620 1213 2604 3621 1211 2605 3622 1200 2606 3623 1252 2607 3624 1204 2608 3625 1206 2609 3626 1246 2610 3627 1228 2611 3628 1203 2612 3629 1251 2613 3630 1246 2614 3631 1203 2615 3632 1255 2616 3633 1206 2617 3634 1208 2618 3635 1252 2619 3636 1206 2620 3637 1249 2621 3638 1253 2622 3639 1249 2623 3640 1206 2624 3641 1255 2625 3642 1253 2626 3643 1206 2627 3644 1257 2628 3645 1208 2629 3646 1210 2630 3647 1257 2631 3648 1255 2632 3649 1208 2633 3650 1259 2634 3651 1210 2635 3652 1212 2636 3653 1259 2637 3654 1257 2638 3655 1210 2639 3656 1261 2640 3657 1212 2641 3658 1214 2642 3659 1261 2643 3660 1259 2644 3661 1212 2645 3662 1265 2646 3663 1214 2647 3664 1218 2648 3665 1263 2649 3666 1261 2650 3667 1214 2651 3668 1265 2652 3669 1263 2653 3670 1214 2654 3671 1229 2655 3672 1217 2656 3673 1220 2657 3674 1265 2658 3675 1218 2659 3676 1230 2660 3677 1236 2661 3678 1220 2662 3679 1222 2663 3680 1231 2664 3681 1229 2665 3682 1220 2666 3683 1234 2667 3684 1231 2668 3685 1220 2669 3686 1236 2670 3687 1234 2671 3688 1220 2672 3689 1238 2673 3690 1222 2674 3691 1224 2675 3692 1238 2676 3693 1236 2677 3694 1222 2678 3695 1240 2679 3696 1224 2680 3697 1226 2681 3698 1240 2682 3699 1238 2683 3700 1224 2684 3701 1242 2685 3702 1226 2686 3703 1228 2687 3704 1242 2688 3705 1240 2689 3706 1226 2690 3707 1244 2691 3708 1242 2692 3709 1228 2693 3710 1246 2694 3711 1244 2695 3712 1228 2696 3713 1265 2697 3714 1230 2698 3715 1232 2699 3716 1270 4 3717 1233 4 3718 1235 4 3719 1274 2700 3720 1266 2700 3721 1233 2700 3722 1270 2701 3723 1267 2701 3724 1233 2701 3725 1274 2702 3726 1233 2702 3727 1267 2702 3728 1272 2703 3729 1235 2703 3730 1237 2703 3731 1272 2704 3732 1270 2704 3733 1235 2704 3734 1297 4 3735 1237 4 3736 1239 4 3737 1297 2705 3738 1272 2705 3739 1237 2705 3740 1299 2706 3741 1239 2706 3742 1241 2706 3743 1299 2707 3744 1297 2707 3745 1239 2707 3746 1295 4 3747 1241 4 3748 1243 4 3749 1299 2708 3750 1241 2708 3751 1295 2708 3752 1295 2709 3753 1243 2709 3754 1245 2709 3755 1291 4 3756 1245 4 3757 1247 4 3758 1295 2710 3759 1245 2710 3760 1291 2710 3761 1251 2711 3762 1248 2712 3763 1246 2713 3764 1293 4 3765 1247 4 3766 1250 4 3767 1293 4 3768 1291 4 3769 1247 4 3770 1278 4 3771 1250 4 3772 1254 4 3773 1288 4 3774 1250 4 3775 1278 4 3776 1293 2714 3777 1250 2714 3778 1288 2714 3779 1280 2715 3780 1254 2715 3781 1256 2715 3782 1280 2716 3783 1278 2716 3784 1254 2716 3785 1282 4 3786 1256 4 3787 1258 4 3788 1282 2717 3789 1280 2717 3790 1256 2717 3791 1284 4 3792 1258 4 3793 1260 4 3794 1284 2718 3795 1282 2718 3796 1258 2718 3797 1286 4 3798 1260 4 3799 1262 4 3800 1286 2719 3801 1284 2719 3802 1260 2719 3803 1286 4 3804 1262 4 3805 1264 4 3806 1276 4 3807 1264 4 3808 1266 4 3809 1286 4 3810 1264 4 3811 1276 4 3812 1276 2720 3813 1266 2720 3814 1274 2720 3815 1320 2721 3816 1269 2722 3817 1271 2723 3818 1313 2724 3819 1275 2725 3820 1268 2726 3821 1319 2727 3822 1313 2728 3823 1268 2729 3824 1323 2730 3825 1271 2731 3826 1273 2732 3827 1320 2733 3828 1271 2734 3829 1316 2735 3830 1323 2736 3831 1316 2737 3832 1271 2738 3833 1323 2739 3834 1273 2740 3835 1298 2741 3836 1313 2742 3837 1277 2743 3838 1275 2744 3839 1311 2745 3840 1287 2746 3841 1277 2747 3842 1313 2748 3843 1311 2749 3844 1277 2750 3845 1305 2751 3846 1279 2752 3847 1281 2753 3848 1321 2754 3849 1289 2755 3850 1279 2756 3851 1305 2757 3852 1301 2758 3853 1279 2759 3854 1321 2760 3855 1279 2761 3856 1301 2762 3857 1305 2763 3858 1281 2764 3859 1283 2765 3860 1307 2766 3861 1283 2767 3862 1285 2768 3863 1307 2769 3864 1305 2770 3865 1283 2771 3866 1309 2772 3867 1285 2773 3868 1287 2774 3869 1309 2775 3870 1307 2776 3871 1285 2777 3872 1311 2778 3873 1309 2779 3874 1287 2780 3875 1331 2781 3876 1294 2782 3877 1290 2783 3878 1331 2784 3879 1290 2785 3880 1322 2786 3881 1331 2787 3882 1292 2788 3883 1294 2789 3884 1329 2790 3885 1296 2791 3886 1292 2792 3887 1331 2793 3888 1329 2794 3889 1292 2795 3890 1327 2796 3891 1300 2797 3892 1296 2798 3893 1329 2799 3894 1327 2800 3895 1296 2801 3896 1325 2802 3897 1298 2803 3898 1300 2804 3899 1325 2805 3900 1323 2806 3901 1298 2807 3902 1327 2808 3903 1325 2809 3904 1300 2810 3905 1350 2811 3906 1304 2812 3907 1306 2813 3908 1331 2814 3909 1322 2815 3910 1302 2816 3911 1345 2817 3912 1332 2818 3913 1303 2819 3914 1347 2820 3915 1345 2821 3916 1303 2822 3917 1397 2823 3918 1306 2824 3919 1308 2825 3920 1397 2826 3921 1350 2827 3922 1306 2828 3923 1395 2829 3924 1308 2830 3925 1310 2831 3926 1397 2832 3927 1308 2833 3928 1395 2834 3929 1393 2835 3930 1310 2836 3931 1312 2837 3932 1395 2838 3933 1310 2839 3934 1393 2840 3935 1391 2841 3936 1312 2842 3937 1314 2843 3938 1393 2844 3939 1312 2845 3940 1391 2846 3941 1319 2847 3942 1315 2848 3943 1313 2849 3944 1389 2850 3945 1314 2851 3946 1318 2852 3947 1391 2853 3948 1314 2854 3949 1389 2855 3950 1333 2856 3951 1317 2857 3952 1324 2858 3953 1389 2859 3954 1318 2860 3955 1336 2861 3956 1337 2862 3957 1324 2863 3958 1326 2864 3959 1337 2865 3960 1333 2866 3961 1324 2867 3962 1339 2868 3963 1326 2869 3964 1328 2870 3965 1339 2871 3966 1337 2872 3967 1326 2873 3968 1341 2874 3969 1328 2875 3970 1330 2876 3971 1341 2877 3972 1339 2878 3973 1328 2879 3974 1343 2880 3975 1330 2881 3976 1332 2882 3977 1343 2883 3978 1341 2884 3979 1330 2885 3980 1345 2886 3981 1343 2887 3982 1332 2888 3983 1351 2889 3984 1334 2890 3985 1338 2891 3986 1373 2892 3987 1335 2893 3988 1353 2894 3989 1388 2895 3990 1335 2896 3991 1373 2897 3992 1356 2898 3993 1338 2899 3994 1340 2900 3995 1354 2901 3996 1351 2902 3997 1338 2903 3998 1356 2904 3999 1354 2905 4000 1338 2906 4001 1358 2907 4002 1340 2908 4003 1342 2909 4004 1358 2910 4005 1356 2911 4006 1340 2912 4007 1360 2913 4008 1342 2914 4009 1344 2915 4010 1360 2916 4011 1358 2917 4012 1342 2918 4013 1362 2919 4014 1344 2920 4015 1346 2921 4016 1362 2922 4017 1360 2923 4018 1344 2924 4019 1366 2925 4020 1346 2926 4021 1348 2927 4022 1364 2928 4023 1362 2929 4024 1346 2930 4025 1366 2931 4026 1364 2932 4027 1346 2933 4028 1368 2934 4029 1366 2935 4030 1348 2936 4031 1396 2937 4032 1370 2938 4033 1349 2939 4034 1372 2940 4035 1352 2940 4036 1355 2940 4037 1372 577 4038 1355 577 4039 1357 577 4040 1371 2941 4041 1357 2941 4042 1359 2941 4043 1374 577 4044 1357 577 4045 1371 577 4046 1374 2942 4047 1372 2942 4048 1357 2942 4049 1371 2943 4050 1359 2943 4051 1361 2943 4052 1371 2944 4053 1361 2944 4054 1363 2944 4055 1371 2945 4056 1363 2945 4057 1365 2945 4058 1375 577 4059 1365 577 4060 1367 577 4061 1375 2946 4062 1371 2946 4063 1365 2946 4064 1376 2947 4065 1367 2947 4066 1369 2947 4067 1376 577 4068 1375 577 4069 1367 577 4070 1396 2948 4071 1377 2949 4072 1370 2950 4073 1375 2951 4074 1374 2951 4075 1371 2951 4076 1380 577 4077 1372 577 4078 1374 577 4079 1388 2952 4080 1373 2953 4081 1381 2954 4082 1384 577 4083 1374 577 4084 1375 577 4085 1382 2955 4086 1380 2955 4087 1374 2955 4088 1384 2956 4089 1382 2956 4090 1374 2956 4091 1386 577 4092 1375 577 4093 1376 577 4094 1386 577 4095 1384 577 4096 1375 577 4097 1386 577 4098 1376 577 4099 1378 577 4100 1396 2957 4101 1379 2958 4102 1377 2959 4103 1394 2960 4104 1387 2961 4105 1379 2962 4106 1396 2963 4107 1394 2964 4108 1379 2965 4109 1388 2966 4110 1381 2967 4111 1383 2968 4112 1390 2969 4113 1383 2970 4114 1385 2971 4115 1390 2972 4116 1388 2973 4117 1383 2974 4118 1392 2975 4119 1385 2976 4120 1387 2977 4121 1392 2978 4122 1390 2979 4123 1385 2980 4124 1394 2981 4125 1392 2982 4126 1387 2983 4127 1979 577 4128 1399 577 4129 1401 577 4130 1452 2984 4131 1449 2985 4132 1398 2986 4133 1454 2987 4134 1452 2988 4135 1398 2989 4136 1979 2990 4137 1977 2990 4138 1399 2990 4139 1983 577 4140 1401 577 4141 1403 577 4142 1981 577 4143 1979 577 4144 1401 577 4145 1983 2991 4146 1981 2991 4147 1401 2991 4148 1425 2992 4149 1404 2993 4150 1402 2994 4151 1985 577 4152 1403 577 4153 1405 577 4154 1427 2995 4155 1425 2996 4156 1402 2997 4157 1430 2998 4158 1427 2999 4159 1402 3000 4160 1432 3001 4161 1430 3002 4162 1402 3003 4163 1435 3004 4164 1432 3005 4165 1402 3006 4166 1437 3007 4167 1435 3008 4168 1402 3009 4169 1440 3010 4170 1437 3011 4171 1402 3012 4172 1985 3013 4173 1983 3013 4174 1403 3013 4175 1422 3014 4176 1406 3015 4177 1404 3016 4178 1987 577 4179 1405 577 4180 1407 577 4181 1425 3017 4182 1422 3018 4183 1404 3019 4184 1987 3020 4185 1985 3020 4186 1405 3020 4187 1989 577 4188 1407 577 4189 1409 577 4190 1420 3021 4191 1417 3022 4192 1406 3023 4193 1422 3024 4194 1420 3025 4195 1406 3026 4196 1989 577 4197 1987 577 4198 1407 577 4199 1482 3027 4200 1414 3028 4201 1416 3029 4202 1480 3030 4203 1471 3031 4204 1414 3032 4205 1482 3033 4206 1480 3034 4207 1414 3035 4208 1482 3036 4209 1416 3037 4210 1418 3038 4211 1483 3039 4212 1419 3040 4213 1421 3041 4214 1542 3042 4215 1421 3043 4216 1423 3044 4217 1479 3045 4218 1421 3046 4219 1477 3047 4220 1542 3048 4221 1477 3049 4222 1421 3050 4223 1481 3051 4224 1421 3052 4225 1479 3053 4226 1483 3054 4227 1421 3055 4228 1481 3056 4229 1545 3057 4230 1424 3058 4231 1426 3059 4232 1543 3060 4233 1542 3061 4234 1423 3062 4235 1545 3063 4236 1544 3064 4237 1424 3065 4238 1545 3066 4239 1426 3067 4240 1428 3068 4241 1546 3069 4242 1429 3070 4243 1431 3071 4244 1553 3072 4245 1431 3073 4246 1433 3074 4247 1546 3075 4248 1431 3076 4249 1523 3077 4250 1553 3078 4251 1523 3079 4252 1431 3080 4253 1559 3081 4254 1434 3082 4255 1436 3083 4256 1553 3084 4257 1433 3085 4258 1551 3086 4259 1559 3087 4260 1552 3088 4261 1434 3089 4262 1559 3090 4263 1436 3091 4264 1438 3092 4265 1565 3093 4266 1560 3094 4267 1439 3095 4268 1591 3096 4269 1446 3097 4270 1448 3098 4271 1591 3099 4272 1448 3100 4273 1450 3101 4274 1603 3102 4275 1451 3103 4276 1453 3104 4277 1602 3105 4278 1591 3106 4279 1450 3107 4280 1679 3108 4281 1453 3109 4282 1455 3110 4283 1599 3111 4284 1453 3112 4285 1597 3113 4286 1679 3114 4287 1597 3115 4288 1453 3116 4289 1601 3117 4290 1453 3118 4291 1599 3119 4292 1603 3120 4293 1453 3121 4294 1601 3122 4295 1682 3123 4296 1456 3124 4297 1458 3125 4298 1680 3126 4299 1679 3127 4300 1455 3128 4301 1682 3129 4302 1681 3130 4303 1456 3131 4304 1464 3132 4305 1461 3133 4306 1459 3134 4307 1495 3135 4308 1460 3136 4309 1463 3137 4310 1466 3138 4311 1464 3139 4312 1459 3140 4313 1470 3141 4314 1466 3142 4315 1459 3143 4316 1492 3144 4317 1462 3145 4318 1465 3146 4319 1494 3147 4320 1462 3148 4321 1492 3149 4322 1492 3150 4323 1465 3151 4324 1469 3152 4325 1472 3153 4326 1467 3154 4327 1471 3155 4328 1484 3156 4329 1468 3156 4330 1473 3156 4331 1492 3157 4332 1469 3158 4333 1485 3159 4334 1474 3160 4335 1472 3161 4336 1471 3162 4337 1478 3163 4338 1474 3164 4339 1471 3165 4340 1480 3166 4341 1478 3167 4342 1471 3168 4343 1484 3169 4344 1473 3169 4345 1475 3169 4346 1541 3170 4347 1487 3171 4348 1476 3172 4349 1507 3173 4350 1493 3174 4351 1486 3175 4352 1512 3176 4353 1507 3177 4354 1486 3178 4355 1541 3179 4356 1513 3180 4357 1487 3181 4358 1494 3182 4359 1492 3183 4360 1488 3184 4361 1514 3185 4362 1489 3186 4363 1493 3187 4364 1496 3188 4365 1494 3189 4366 1488 3190 4367 1499 3191 4368 1496 3192 4369 1488 3193 4370 1501 3194 4371 1499 3195 4372 1488 3196 4373 1571 3197 4374 1503 3198 4375 1490 3199 4376 1572 3200 4377 1491 3201 4378 1515 3202 4379 1507 3203 4380 1504 3204 4381 1493 3205 4382 1514 3206 4383 1493 3207 4384 1504 3208 4385 1556 3209 4386 1497 3210 4387 1500 3211 4388 1560 3212 4389 1497 3213 4390 1556 3214 4391 1565 3215 4392 1497 3216 4393 1560 3217 4394 1556 3218 4395 1500 3219 4396 1502 3220 4397 1563 3221 4398 1556 3222 4399 1502 3223 4400 1571 3224 4401 1564 3225 4402 1503 3226 4403 1539 3227 4404 1505 3227 4405 1508 3227 4406 1574 3228 4407 1515 3229 4408 1506 3230 4409 1521 3231 4410 1516 3231 4411 1505 3231 4412 1574 3232 4413 1506 3233 4414 1517 3234 4415 1536 3235 4416 1521 3235 4417 1505 3235 4418 1539 4 4419 1536 4 4420 1505 4 4421 1512 3236 4422 1509 3237 4423 1507 3238 4424 1531 4 4425 1508 4 4426 1510 4 4427 1539 4 4428 1508 4 4429 1531 4 4430 1528 3239 4431 1511 3240 4432 1513 3241 4433 1527 3242 4434 1525 3242 4435 1510 3242 4436 1531 3243 4437 1510 3243 4438 1525 3243 4439 1541 3244 4440 1528 3245 4441 1513 3246 4442 1572 3247 4443 1515 3248 4444 1570 3249 4445 1574 3250 4446 1570 3251 4447 1515 3252 4448 1521 3253 4449 1518 3253 4450 1516 3253 4451 1574 3254 4452 1517 3255 4453 1520 3256 4454 1554 3257 4455 1519 3258 4456 1524 3259 4457 1573 3260 4458 1519 3261 4459 1554 3262 4460 1536 4 4461 1525 4 4462 1521 4 4463 1544 3263 4464 1522 3264 4465 1526 3265 4466 1545 3266 4467 1522 3267 4468 1544 3268 4469 1544 3269 4470 1526 3270 4471 1530 3271 4472 1534 3272 4473 1531 3272 4474 1525 3272 4475 1536 3273 4476 1534 3273 4477 1525 3273 4478 1543 3274 4479 1529 3275 4480 1542 3276 4481 1860 59 4482 1532 3277 4483 1535 61 4484 1863 3278 4485 1540 3279 4486 1533 3280 4487 1863 65 4488 1533 66 4489 1861 67 4490 1858 3281 4491 1535 3282 4492 1537 3283 4493 1860 3284 4494 1535 3285 4495 1858 3286 4496 1856 74 4497 1538 3287 4498 1540 76 4499 1858 77 4500 1537 78 4501 1855 79 4502 1863 3288 4503 1856 3289 4504 1540 3290 4505 1553 3291 4506 1551 3292 4507 1547 3293 4508 1561 3294 4509 1548 3295 4510 1552 3296 4511 1573 3297 4512 1554 3298 4513 1550 3299 4514 1562 3300 4515 1558 3300 4516 1549 3300 4517 1568 3301 4518 1549 3301 4519 1558 3301 4520 1573 3302 4521 1550 3303 4522 1569 3304 4523 1559 3305 4524 1555 3306 4525 1552 3307 4526 1561 3308 4527 1552 3309 4528 1555 3310 4529 1567 3311 4530 1557 3312 4531 1564 3313 4532 1571 3314 4533 1567 3315 4534 1564 3316 4535 1580 3317 4536 1577 3318 4537 1575 3319 4538 1619 3320 4539 1576 3321 4540 1579 3322 4541 1582 3323 4542 1580 3324 4543 1575 3325 4544 1586 3326 4545 1582 3327 4546 1575 3328 4547 1616 3329 4548 1578 3330 4549 1581 3331 4550 1618 3332 4551 1578 3333 4552 1616 3334 4553 1616 3335 4554 1581 3336 4555 1585 3337 4556 1592 3338 4557 1583 3339 4558 1587 3340 4559 1604 3341 4560 1584 3341 4561 1593 3341 4562 1616 3342 4563 1585 3343 4564 1605 3344 4565 1600 3345 4566 1587 3346 4567 1589 3347 4568 1594 3348 4569 1592 3349 4570 1587 3350 4571 1598 3351 4572 1594 3352 4573 1587 3353 4574 1600 3354 4575 1598 3355 4576 1587 3356 4577 1602 3357 4578 1589 3358 4579 1591 3359 4580 1602 3360 4581 1600 3361 4582 1589 3362 4583 1604 3363 4584 1593 3363 4585 1595 3363 4586 1678 3364 4587 1606 3365 4588 1596 3366 4589 1654 3367 4590 1617 3368 4591 1607 3369 4592 1677 3370 4593 1654 3371 4594 1607 3372 4595 1678 3373 4596 1676 3374 4597 1606 3375 4598 1624 3376 4599 1612 3377 4600 1608 3378 4601 1647 3379 4602 1611 3380 4603 1613 3381 4604 1627 3382 4605 1624 3383 4606 1608 3384 4607 1629 3385 4608 1627 3386 4609 1608 3387 4610 1633 3388 4611 1630 3388 4612 1609 3388 4613 1646 3389 4614 1634 3390 4615 1610 3391 4616 1620 3392 4617 1614 3393 4618 1612 3394 4619 1645 3395 4620 1613 3396 4621 1615 3397 4622 1622 3398 4623 1620 3399 4624 1612 3400 4625 1624 3401 4626 1622 3402 4627 1612 3403 4628 1647 3404 4629 1613 3405 4630 1645 3406 4631 1618 3407 4632 1616 3408 4633 1614 3409 4634 1654 3410 4635 1615 3411 4636 1617 3412 4637 1620 3413 4638 1618 3414 4639 1614 3415 4640 1654 3416 4641 1645 3417 4642 1615 3418 4643 1697 3419 4644 1625 3420 4645 1628 3421 4646 1698 3422 4647 1625 3423 4648 1697 3424 4649 1697 3425 4650 1628 3426 4651 1632 3427 4652 1637 3428 4653 1630 3428 4654 1633 3428 4655 1691 3429 4656 1631 3430 4657 1638 3431 4658 1696 3432 4659 1631 3433 4660 1691 3434 4661 1691 3435 4662 1638 3436 4663 1636 3437 4664 1648 3438 4665 1634 3439 4666 1646 3440 4667 1690 3441 4668 1635 3442 4669 1649 3443 4670 1648 3444 4671 1643 3445 4672 1639 3446 4673 1655 4 4674 1640 4 4675 1644 4 4676 1683 3447 4677 1641 3448 4678 1656 3449 4679 1684 3450 4680 1641 3451 4681 1683 3452 4682 1648 3453 4683 1646 3454 4684 1643 3455 4685 1666 4 4686 1644 4 4687 1653 4 4688 1666 3456 4689 1655 3456 4690 1644 3456 4691 1688 3457 4692 1686 3458 4693 1649 3459 4694 1690 3460 4695 1649 3461 4696 1686 3462 4697 1669 3463 4698 1653 3463 4699 1650 3463 4700 1677 3464 4701 1652 3465 4702 1654 3466 4703 1662 3467 4704 1660 3467 4705 1650 3467 4706 1671 4 4707 1650 4 4708 1660 4 4709 1676 3468 4710 1663 3469 4711 1651 3470 4712 1671 3471 4713 1669 3471 4714 1650 3471 4715 1669 4 4716 1666 4 4717 1653 4 4718 1674 3472 4719 1657 3472 4720 1655 3472 4721 1683 3473 4722 1656 3474 4723 1659 3475 4724 1674 4 4725 1655 4 4726 1666 4 4727 1671 3476 4728 1660 3476 4729 1657 3476 4730 1681 3477 4731 1658 3478 4732 1661 3479 4733 1674 3480 4734 1671 3480 4735 1657 3480 4736 1682 3481 4737 1658 3482 4738 1681 3483 4739 1681 3484 4740 1661 3485 4741 1665 3486 4742 1678 3487 4743 1663 3488 4744 1676 3489 4745 1680 3490 4746 1664 3491 4747 1679 3492 4748 1875 59 4749 1667 3277 4750 1670 61 4751 1878 3278 4752 1675 3279 4753 1668 3280 4754 1878 65 4755 1668 66 4756 1876 67 4757 1883 3281 4758 1670 3282 4759 1672 3283 4760 1883 3493 4761 1875 3494 4762 1670 3495 4763 1881 74 4764 1673 3287 4765 1675 76 4766 1883 77 4767 1672 78 4768 1880 79 4769 1881 3496 4770 1675 3497 4771 1878 3498 4772 1696 3499 4773 1687 3500 4774 1689 3501 4775 1696 3502 4776 1691 3503 4777 1687 3504 4778 1696 3505 4779 1689 3506 4780 1692 3507 4781 1698 3508 4782 1693 3509 4783 1695 3510 4784 1698 3511 4785 1697 3512 4786 1693 3513 4787 1889 3514 4788 1703 3515 4789 1705 3516 4790 1747 3517 4791 1702 3518 4792 1745 3519 4793 1888 3520 4794 1745 3521 4795 1702 3522 4796 1729 3523 4797 1705 3524 4798 1709 3525 4799 1729 3526 4800 1713 3527 4801 1705 3528 4802 1889 3529 4803 1705 3530 4804 1713 3531 4805 1891 3532 4806 1729 3533 4807 1709 3534 4808 1890 3535 4809 1708 3536 4810 1747 3537 4811 1728 3538 4812 1714 3539 4813 1710 3540 4814 1731 3541 4815 1711 3542 4816 1716 3543 4817 1744 3544 4818 1711 3545 4819 1731 3546 4820 1888 3547 4821 1712 3548 4822 1745 3549 4823 1728 3550 4824 1717 3551 4825 1714 3552 4826 1734 4 4827 1715 4 4828 1718 4 4829 1734 3553 4830 1730 3553 4831 1715 3553 4832 1728 3554 4833 1719 3555 4834 1717 3556 4835 1737 3557 4836 1718 3557 4837 1720 3557 4838 1737 4 4839 1734 4 4840 1718 4 4841 1724 3558 4842 1721 3559 4843 1719 3560 4844 1739 3561 4845 1720 3561 4846 1722 3561 4847 1728 3562 4848 1724 3563 4849 1719 3564 4850 1739 3565 4851 1737 3565 4852 1720 3565 4853 1744 3566 4854 1723 3567 4855 1725 3568 4856 1739 4 4857 1722 4 4858 1732 4 4859 1744 3569 4860 1733 3570 4861 1723 3571 4862 1891 3572 4863 1727 3573 4864 1729 3574 4865 1747 3575 4866 1745 3576 4867 1726 3577 4868 1890 3578 4869 1747 3579 4870 1726 3580 4871 1742 3581 4872 1732 3581 4873 1730 3581 4874 1744 3582 4875 1731 3583 4876 1733 3584 4877 1742 4 4878 1730 4 4879 1734 4 4880 1742 4 4881 1739 4 4882 1732 4 4883 1755 3585 4884 1736 3586 4885 1738 3587 4886 1752 3588 4887 1743 3589 4888 1735 3590 4889 1754 3591 4890 1752 3592 4891 1735 3593 4892 1758 3594 4893 1738 3595 4894 1741 3596 4895 1758 3597 4896 1755 3598 4897 1738 3599 4898 1748 3600 4899 1740 3601 4900 1743 3602 4901 1758 3603 4902 1741 3604 4903 1749 3605 4904 1752 3606 4905 1748 3607 4906 1743 3608 4907 1886 3609 4908 1750 3610 4909 1753 3611 4910 1764 3612 4911 1759 3613 4912 1751 3614 4913 1887 3615 4914 1764 3616 4915 1751 3617 4916 1769 3618 4917 1753 3619 4918 1756 3620 4919 1769 3621 4920 1761 3622 4921 1753 3623 4922 1886 3624 4923 1753 3625 4924 1761 3626 4925 1885 3627 4926 1757 3628 4927 1759 3629 4928 1884 3630 4929 1769 3631 4930 1756 3632 4931 1767 3633 4932 1759 3634 4933 1764 3635 4934 1885 3636 4935 1759 3637 4936 1767 3638 4937 1765 3639 4938 1763 3639 4939 1760 3639 4940 1887 3640 4941 1762 3641 4942 1764 3642 4943 1768 4 4944 1765 4 4945 1760 4 4946 1884 3643 4947 1766 3644 4948 1769 3645 4949 1897 3646 4950 1773 3647 4951 1775 3648 4952 1815 3649 4953 1772 3650 4954 1813 3651 4955 1896 3652 4956 1813 3653 4957 1772 3654 4958 1801 3655 4959 1775 3656 4960 1779 3657 4961 1801 3658 4962 1783 3659 4963 1775 3660 4964 1897 3661 4965 1775 3662 4966 1783 3663 4967 1899 3664 4968 1801 3665 4969 1779 3666 4970 1898 3667 4971 1778 3668 4972 1815 3669 4973 1800 3670 4974 1784 3671 4975 1780 3672 4976 1809 3673 4977 1781 3674 4978 1787 3675 4979 1812 3676 4980 1781 3677 4981 1809 3678 4982 1896 3679 4983 1782 3680 4984 1813 3681 4985 1800 3682 4986 1788 3683 4987 1784 3684 4988 1802 3685 4989 1785 3686 4990 1789 3687 4991 1808 3688 4992 1786 3689 4993 1803 3690 4994 1800 3691 4995 1790 3692 4996 1788 3693 4997 1804 3694 4998 1789 3695 4999 1791 3696 5000 1804 3697 5001 1802 3698 5002 1789 3699 5003 1796 3700 5004 1792 3701 5005 1790 3702 5006 1806 3703 5007 1791 3704 5008 1793 3705 5009 1800 3706 5010 1796 3707 5011 1790 3708 5012 1806 3709 5013 1804 3710 5014 1791 3711 5015 1812 3712 5016 1795 3713 5017 1797 3714 5018 1810 3715 5019 1807 3716 5020 1794 3717 5021 1812 3718 5022 1811 3719 5023 1795 3720 5024 1899 3721 5025 1799 3722 5026 1801 3723 5027 1815 3724 5028 1813 3725 5029 1798 3726 5030 1898 3727 5031 1815 3728 5032 1798 3729 5033 1808 3730 5034 1803 3731 5035 1805 3732 5036 1810 3733 5037 1805 3734 5038 1807 3735 5039 1810 3736 5040 1808 3737 5041 1805 3738 5042 1812 3739 5043 1809 3740 5044 1811 3741 5045 1893 3742 5046 1819 3743 5047 1821 3744 5048 1853 3745 5049 1818 3746 5050 1851 3747 5051 1892 3748 5052 1851 3749 5053 1818 3750 5054 1845 3751 5055 1821 3752 5056 1825 3753 5057 1845 3754 5058 1829 3755 5059 1821 3756 5060 1893 3757 5061 1821 3758 5062 1829 3759 5063 1895 3760 5064 1845 3761 5065 1825 3762 5066 1894 3763 5067 1824 3764 5068 1853 3765 5069 1844 3766 5070 1830 3767 5071 1826 3768 5072 1847 3769 5073 1827 3770 5074 1832 3771 5075 1850 3772 5076 1827 3773 5077 1847 3774 5078 1892 3775 5079 1828 3776 5080 1851 3777 5081 1844 3778 5082 1833 3779 5083 1830 3552 5084 1846 3780 5085 1831 3780 5086 1834 3780 5087 1844 3781 5088 1835 3782 5089 1833 3783 5090 1848 3784 5091 1834 3784 5092 1836 3784 5093 1848 3785 5094 1846 3785 5095 1834 3785 5096 1840 3786 5097 1837 3787 5098 1835 3788 5099 1848 3789 5100 1836 3789 5101 1838 3789 5102 1844 3790 5103 1840 3791 5104 1835 3792 5105 1850 3793 5106 1839 3794 5107 1841 3795 5108 1850 3796 5109 1849 3797 5110 1839 3798 5111 1895 3799 5112 1843 3800 5113 1845 3801 5114 1853 3802 5115 1851 3803 5116 1842 3804 5117 1894 3805 5118 1853 3806 5119 1842 3807 5120 1850 3808 5121 1847 3809 5122 1849 3810 5123 1859 4 5124 1857 4 5125 1854 4 5126 1862 4 5127 1859 4 5128 1854 4 5129 1869 4 5130 1867 4 5131 1864 4 5132 1872 4 5133 1869 4 5134 1864 4 5135 1879 4 5136 1877 4 5137 1874 4 5138 1882 4 5139 1879 4 5140 1874 4 5141 1953 3811 5142 1902 3812 5143 1904 3813 5144 1949 3814 5145 1910 3815 5146 1901 3816 5147 1951 3817 5148 1949 3818 5149 1901 3819 5150 1957 3820 5151 1904 3821 5152 1906 3822 5153 1957 3823 5154 1953 3824 5155 1904 3825 5156 1955 3826 5157 1906 3827 5158 1912 3828 5159 1957 3829 5160 1906 3830 5161 1955 3831 5162 1947 3832 5163 1908 3833 5164 1910 3834 5165 1945 3835 5166 1931 3836 5167 1908 3837 5168 1947 3838 5169 1945 3839 5170 1908 3840 5171 1949 3841 5172 1947 3842 5173 1910 3843 5174 1965 3844 5175 1912 3845 5176 1914 3846 5177 1965 3847 5178 1955 3848 5179 1912 3849 5180 1967 3850 5181 1914 3851 5182 1916 3852 5183 1967 3853 5184 1965 3854 5185 1914 3855 5186 1963 3856 5187 1916 3857 5188 1918 3858 5189 1967 3859 5190 1916 3860 5191 1963 3861 5192 1961 3862 5193 1918 3863 5194 1920 3864 5195 1963 3865 5196 1918 3866 5197 1961 3867 5198 1959 3868 5199 1920 3869 5200 1923 3870 5201 1961 3871 5202 1920 3872 5203 1959 3873 5204 1934 3874 5205 1922 3875 5206 1925 3876 5207 1959 3877 5208 1923 3878 5209 1936 3879 5210 1937 3880 5211 1925 3881 5212 1927 3882 5213 1937 3883 5214 1934 3884 5215 1925 3885 5216 1939 3886 5217 1927 3887 5218 1929 3888 5219 1939 3889 5220 1937 3890 5221 1927 3891 5222 1941 3892 5223 1929 3893 5224 1933 3894 5225 1941 3895 5226 1939 3896 5227 1929 3897 5228 1943 3898 5229 1933 3899 5230 1931 3900 5231 1945 3901 5232 1943 3902 5233 1931 3903 5234 1943 3904 5235 1941 3905 5236 1933 3906 5237 2002 3907 5238 1969 3908 5239 1972 3909 5240 2023 3910 5241 1976 3911 5242 1970 3912 5243 2023 3913 5244 1970 3914 5245 2004 3915 5246 2005 3916 5247 1972 3917 5248 1978 3918 5249 2005 3919 5250 2002 3920 5251 1972 3921 5252 2025 3922 5253 1974 3923 5254 1976 3924 5255 2027 3925 5256 1997 3926 5257 1974 3927 5258 2027 3928 5259 1974 3929 5260 2025 3930 5261 2025 3931 5262 1976 3932 5263 2023 3933 5264 2007 3934 5265 1978 3935 5266 1980 3936 5267 2007 3937 5268 2005 3938 5269 1978 3939 5270 2009 3940 5271 1980 3941 5272 1982 3942 5273 2009 3943 5274 2007 3944 5275 1980 3945 5276 2011 3946 5277 1982 3947 5278 1984 3948 5279 2011 3949 5280 2009 3950 5281 1982 3951 5282 2013 3952 5283 1984 3953 5284 1986 3954 5285 2013 3955 5286 2011 3956 5287 1984 3957 5288 2015 3958 5289 1986 3959 5290 1988 3960 5291 2015 3961 5292 2013 3962 5293 1986 3963 5294 2017 3964 5295 1988 3965 5296 1990 3966 5297 2017 3967 5298 2015 3968 5299 1988 3969 5300 2021 3970 5301 1991 3971 5302 1993 3972 5303 2019 3973 5304 2017 3974 5305 1990 3975 5306 2035 3976 5307 1993 3977 5308 1995 3978 5309 2035 3979 5310 2021 3980 5311 1993 3981 5312 2033 3982 5313 1995 3983 5314 1999 3984 5315 2035 3985 5316 1995 3986 5317 2033 3987 5318 2029 3988 5319 2001 3989 5320 1997 3990 5321 2029 3991 5322 1997 3992 5323 2027 3993 5324 2031 3994 5325 1999 3995 5326 2001 3996 5327 2033 3997 5328 1999 3998 5329 2031 3999 5330 2031 4000 5331 2001 4001 5332 2029 4002 5333 2041 4 5334 2039 4 5335 2036 4 5336 2142 4003 5337 2038 4004 5338 2040 4005 5339 2043 4006 5340 2041 4006 5341 2036 4006 5342 2046 4007 5343 2043 4007 5344 2036 4007 5345 2052 4008 5346 2046 4008 5347 2036 4008 5348 2144 4009 5349 2053 4010 5350 2037 4011 5351 2144 4012 5352 2037 4013 5353 2141 4014 5354 2102 4015 5355 2039 4015 5356 2041 4015 5357 2102 4 5358 2084 4 5359 2039 4 5360 2157 4016 5361 2040 4017 5362 2085 4018 5363 2157 4019 5364 2142 4020 5365 2040 4021 5366 2219 4022 5367 2042 4023 5368 2045 4024 5369 2219 4025 5370 2103 4026 5371 2042 4027 5372 2230 4028 5373 2044 4029 5374 2047 4030 5375 2231 4031 5376 2219 4032 5377 2045 4033 5378 2052 4034 5379 2048 4034 5380 2046 4034 5381 2139 4035 5382 2047 4036 5383 2049 4037 5384 2139 4038 5385 2106 4039 5386 2047 4040 5387 2230 4041 5388 2047 4042 5389 2106 4043 5390 2052 4044 5391 2050 4044 5392 2048 4044 5393 2056 4045 5394 2048 4045 5395 2050 4045 5396 2139 4046 5397 2049 4047 5398 2057 4048 5399 2146 4049 5400 2051 4050 5401 2053 4051 5402 2056 4 5403 2050 4 5404 2054 4 5405 2197 4052 5406 2055 4053 5407 2051 4054 5408 2197 4055 5409 2051 4056 5410 2146 4057 5411 2146 4058 5412 2053 4059 5413 2144 4060 5414 2068 4061 5415 2056 4061 5416 2054 4061 5417 2199 4062 5418 2069 4063 5419 2055 4064 5420 2199 4065 5421 2055 4066 5422 2197 4067 5423 2068 4 5424 2058 4 5425 2056 4 5426 2137 4068 5427 2057 4069 5428 2059 4070 5429 2139 4071 5430 2057 4072 5431 2137 4073 5432 2066 4074 5433 2060 4074 5434 2058 4074 5435 2135 4075 5436 2059 4076 5437 2061 4077 5438 2068 4 5439 2066 4 5440 2058 4 5441 2137 4078 5442 2059 4079 5443 2135 4080 5444 2064 4 5445 2062 4 5446 2060 4 5447 2133 4081 5448 2061 4082 5449 2063 4083 5450 2066 4 5451 2064 4 5452 2060 4 5453 2135 4084 5454 2061 4085 5455 2133 4086 5456 2070 4087 5457 2062 4087 5458 2064 4087 5459 2072 4 5460 2062 4 5461 2070 4 5462 2131 4088 5463 2063 4089 5464 2073 4090 5465 2133 4091 5466 2063 4092 5467 2131 4093 5468 2193 4094 5469 2065 4095 5470 2067 4096 5471 2195 4097 5472 2071 4098 5473 2065 4099 5474 2195 4100 5475 2065 4101 5476 2193 4102 5477 2201 4103 5478 2067 4104 5479 2069 4105 5480 2201 4106 5481 2193 4107 5482 2067 4108 5483 2201 4109 5484 2069 4110 5485 2199 4111 5486 2081 4112 5487 2072 4112 5488 2070 4112 5489 2183 4113 5490 2082 4114 5491 2071 4115 5492 2195 4116 5493 2183 4117 5494 2071 4118 5495 2081 4 5496 2074 4 5497 2072 4 5498 2131 4119 5499 2073 4120 5500 2075 4121 5501 2081 4122 5502 2077 4122 5503 2074 4122 5504 2229 4123 5505 2076 4124 5506 2078 4125 5507 2228 4126 5508 2131 4127 5509 2075 4128 5510 2081 4 5511 2079 4 5512 2077 4 5513 2094 4129 5514 2077 4129 5515 2079 4129 5516 2129 4130 5517 2078 4131 5518 2095 4132 5519 2229 4133 5520 2078 4134 5521 2129 4135 5522 2173 4136 5523 2080 4137 5524 2083 4138 5525 2094 4 5526 2079 4 5527 2092 4 5528 2175 4139 5529 2093 4140 5530 2080 4141 5531 2175 4142 5532 2080 4143 5533 2173 4144 5534 2184 4145 5535 2173 4146 5536 2083 4147 5537 2100 4 5538 2086 4 5539 2084 4 5540 2159 4148 5541 2085 4149 5542 2087 4150 5543 2102 4 5544 2100 4 5545 2084 4 5546 2159 4151 5547 2157 4152 5548 2085 4153 5549 2098 4154 5550 2088 4154 5551 2086 4154 5552 2181 4155 5553 2087 4156 5554 2089 4157 5555 2100 4 5556 2098 4 5557 2086 4 5558 2181 4158 5559 2159 4159 5560 2087 4160 5561 2096 4161 5562 2090 4161 5563 2088 4161 5564 2179 4162 5565 2089 4163 5566 2091 4164 5567 2098 4165 5568 2096 4165 5569 2088 4165 5570 2181 4166 5571 2089 4167 5572 2179 4168 5573 2096 4 5574 2092 4 5575 2090 4 5576 2177 4169 5577 2091 4170 5578 2093 4171 5579 2179 4172 5580 2091 4173 5581 2177 4174 5582 2096 4175 5583 2094 4175 5584 2092 4175 5585 2177 4176 5586 2093 4177 5587 2175 4178 5588 2227 4179 5589 2095 4180 5590 2097 4181 5591 2227 4182 5592 2129 4183 5593 2095 4184 5594 2225 4185 5595 2097 4186 5596 2099 4187 5597 2227 4188 5598 2097 4189 5599 2225 4190 5600 2223 4191 5601 2099 4192 5602 2101 4193 5603 2225 4194 5604 2099 4195 5605 2223 4196 5606 2219 4197 5607 2101 4198 5608 2103 4199 5609 2221 4200 5610 2101 4201 5611 2219 4202 5612 2223 4203 5613 2101 4204 5614 2221 4205 5615 2138 4206 5616 2108 4207 5617 2104 4208 5618 2216 4209 5619 2105 4210 5620 2109 4211 5621 2218 4212 5622 2105 4213 5623 2216 4214 5624 2231 4215 5625 2107 4216 5626 2219 4217 5627 2138 4218 5628 2112 4219 5629 2108 4220 5630 2234 4221 5631 2110 4222 5632 2113 4223 5633 2161 4224 5634 2111 4225 5635 2155 4226 5636 2235 4227 5637 2155 4228 5638 2111 4229 5639 2217 4230 5640 2111 4231 5641 2161 4232 5642 2136 4233 5643 2114 4234 5644 2112 4235 5645 2148 4236 5646 2113 4237 5647 2115 4238 5648 2138 4239 5649 2136 4240 5650 2112 4241 5651 2150 4242 5652 2113 4243 5653 2148 4244 5654 2152 4245 5655 2113 4246 5656 2150 4247 5657 2234 4248 5658 2113 4249 5659 2152 4250 5660 2134 4251 5661 2116 4252 5662 2114 4253 5663 2205 4254 5664 2115 4255 5665 2117 4256 5666 2136 4257 5667 2134 4258 5668 2114 4259 5669 2207 4260 5670 2148 4261 5671 2115 4262 5672 2207 4263 5673 2115 4264 5674 2205 4265 5675 2132 4266 5676 2118 4267 5677 2116 4268 5678 2205 4269 5679 2117 4270 5680 2119 4271 5681 2134 4272 5682 2132 4273 5683 2116 4274 5684 2130 4275 5685 2120 4276 5686 2118 4277 5687 2203 4278 5688 2119 4279 5689 2121 4280 5690 2132 4281 5691 2130 4282 5692 2118 4283 5693 2205 4284 5694 2119 4285 5695 2203 4286 5696 2126 4287 5697 2122 4288 5698 2120 4289 5699 2189 4290 5700 2121 4291 5701 2124 4292 5702 2130 4293 5703 2126 4294 5704 2120 4295 5705 2191 4296 5706 2121 4297 5707 2189 4298 5708 2203 4299 5709 2121 4300 5710 2191 4301 5711 2226 4302 5712 2123 4303 5713 2127 4304 5714 2232 4305 5715 2189 4306 5716 2124 4307 5717 2226 4308 5718 2208 4309 5719 2123 4310 5720 2233 4311 5721 2125 4312 5722 2209 4313 5723 2228 4314 5724 2128 4315 5725 2131 4316 5726 2149 4317 5727 2143 4317 5728 2140 4317 5729 2151 577 5730 2149 577 5731 2140 577 5732 2154 4318 5733 2151 4318 5734 2140 4318 5735 2156 4319 5736 2154 4319 5737 2140 4319 5738 2147 577 5739 2145 577 5740 2143 577 5741 2149 4320 5742 2147 4320 5743 2143 4320 5744 2206 4321 5745 2145 4321 5746 2147 4321 5747 2206 577 5748 2196 577 5749 2145 577 5750 2235 4322 5751 2153 4323 5752 2155 4324 5753 2160 4325 5754 2154 4325 5755 2156 4325 5756 2160 577 5757 2156 577 5758 2158 577 5759 2162 4326 5760 2160 4326 5761 2158 4326 5762 2180 577 5763 2162 577 5764 2158 577 5765 2217 4327 5766 2161 4328 5767 2163 4329 5768 2178 4330 5769 2164 4330 5770 2162 4330 5771 2215 4331 5772 2163 4332 5773 2165 4333 5774 2180 4334 5775 2178 4334 5776 2162 4334 5777 2217 4335 5778 2163 4336 5779 2215 4337 5780 2176 577 5781 2166 577 5782 2164 577 5783 2211 4338 5784 2165 4339 5785 2167 4340 5786 2178 4341 5787 2176 4341 5788 2164 4341 5789 2213 4342 5790 2165 4343 5791 2211 4344 5792 2215 4345 5793 2165 4346 5794 2213 4347 5795 2174 4348 5796 2168 4348 5797 2166 4348 5798 2209 4349 5799 2167 4350 5800 2169 4351 5801 2176 577 5802 2174 577 5803 2166 577 5804 2211 4352 5805 2167 4353 5806 2209 4354 5807 2172 4355 5808 2170 4355 5809 2168 4355 5810 2209 4356 5811 2169 4357 5812 2171 4358 5813 2174 577 5814 2172 577 5815 2168 577 5816 2182 4359 5817 2170 4359 5818 2172 4359 5819 2185 4360 5820 2170 4360 5821 2182 4360 5822 2209 4361 5823 2171 4362 5824 2187 4363 5825 2188 4364 5826 2185 4364 5827 2182 4364 5828 2194 4365 5829 2188 4365 5830 2182 4365 5831 2232 4366 5832 2186 4367 5833 2189 4368 5834 2233 4369 5835 2209 4370 5836 2187 4371 5837 2194 4372 5838 2190 4372 5839 2188 4372 5840 2194 577 5841 2192 577 5842 2190 577 5843 2202 4373 5844 2190 4373 5845 2192 4373 5846 2202 577 5847 2192 577 5848 2200 577 5849 2204 4374 5850 2198 4374 5851 2196 4374 5852 2206 577 5853 2204 577 5854 2196 577 5855 2202 4375 5856 2200 4375 5857 2198 4375 5858 2204 4376 5859 2202 4376 5860 2198 4376 5861 2224 4377 5862 2210 4378 5863 2208 4379 5864 2226 4380 5865 2224 4381 5866 2208 4382 5867 2222 4383 5868 2212 4384 5869 2210 4385 5870 2224 4386 5871 2222 4387 5872 2210 4388 5873 2220 4389 5874 2214 4390 5875 2212 4391 5876 2222 4392 5877 2220 4393 5878 2212 4394 5879 2218 4395 5880 2216 4396 5881 2214 4397 5882 2220 4398 5883 2218 4399 5884 2214 4400 5885 2249 4401 5886 2239 4401 5887 2236 4401 5888 2319 4402 5889 2238 4403 5890 2240 4404 5891 2251 4 5892 2249 4 5893 2236 4 5894 2264 4405 5895 2251 4405 5896 2236 4405 5897 2315 4406 5898 2265 4407 5899 2237 4408 5900 2317 4409 5901 2315 4410 5902 2237 4411 5903 2249 4 5904 2241 4 5905 2239 4 5906 2334 4412 5907 2240 4413 5908 2242 4414 5909 2334 4415 5910 2319 4416 5911 2240 4417 5912 2247 4 5913 2243 4 5914 2241 4 5915 2332 4418 5916 2242 4419 5917 2244 4420 5918 2249 4421 5919 2247 4421 5920 2241 4421 5921 2334 4422 5922 2242 4423 5923 2332 4424 5924 2247 4425 5925 2245 4425 5926 2243 4425 5927 2294 4426 5928 2243 4426 5929 2245 4426 5930 2330 4427 5931 2244 4428 5932 2295 4429 5933 2332 4430 5934 2244 4431 5935 2330 4432 5936 2328 4433 5937 2246 4434 5938 2248 4435 5939 2298 4 5940 2294 4 5941 2245 4 5942 2359 4436 5943 2299 4437 5944 2246 4438 5945 2359 4439 5946 2246 4440 5947 2328 4441 5948 2326 4442 5949 2248 4443 5950 2250 4444 5951 2328 4445 5952 2248 4446 5953 2326 4447 5954 2324 4448 5955 2250 4449 5956 2253 4450 5957 2326 4451 5958 2250 4452 5959 2324 4453 5960 2264 4 5961 2254 4 5962 2251 4 5963 2321 4454 5964 2252 4455 5965 2255 4456 5966 2324 4457 5967 2253 4458 5968 2322 4459 5969 2262 4 5970 2256 4 5971 2254 4 5972 2340 4460 5973 2255 4461 5974 2257 4462 5975 2264 4 5976 2262 4 5977 2254 4 5978 2340 4463 5979 2321 4464 5980 2255 4465 5981 2260 4 5982 2258 4 5983 2256 4 5984 2338 4466 5985 2257 4467 5986 2259 4468 5987 2262 4 5988 2260 4 5989 2256 4 5990 2340 4469 5991 2257 4470 5992 2338 4471 5993 2266 4472 5994 2258 4472 5995 2260 4472 5996 2268 4 5997 2258 4 5998 2266 4 5999 2336 4473 6000 2259 4474 6001 2269 4475 6002 2338 4476 6003 2259 4477 6004 2336 4478 6005 2311 4479 6006 2261 4480 6007 2263 4481 6008 2309 4482 6009 2267 4483 6010 2261 4484 6011 2311 4485 6012 2309 4486 6013 2261 4487 6014 2313 4488 6015 2263 4489 6016 2265 4490 6017 2313 4491 6018 2311 4492 6019 2263 4493 6020 2315 4494 6021 2313 4495 6022 2265 4496 6023 2270 4 6024 2268 4 6025 2266 4 6026 2274 4 6027 2270 4 6028 2266 4 6029 2307 4497 6030 2275 4498 6031 2267 4499 6032 2309 4168 6033 2307 4500 6034 2267 4501 6035 2342 4502 6036 2269 4503 6037 2271 4504 6038 2342 4505 6039 2336 4506 6040 2269 4507 6041 2274 4508 6042 2272 4508 6043 2270 4508 6044 2278 4509 6045 2270 4509 6046 2272 4509 6047 2344 4510 6048 2271 4511 6049 2279 4512 6050 2344 4513 6051 2342 4514 6052 2271 4515 6053 2305 4516 6054 2273 4517 6055 2275 4518 6056 2278 4 6057 2272 4 6058 2276 4 6059 2303 4519 6060 2277 4520 6061 2273 4521 6062 2305 4522 6063 2303 4523 6064 2273 4524 6065 2307 4525 6066 2305 4526 6067 2275 4527 6068 2291 4528 6069 2278 4528 6070 2276 4528 6071 2300 4529 6072 2292 4530 6073 2277 4531 6074 2303 4532 6075 2300 4533 6076 2277 4534 6077 2291 4 6078 2280 4 6079 2278 4 6080 2346 4535 6081 2279 4536 6082 2281 4537 6083 2346 4538 6084 2344 4539 6085 2279 4540 6086 2289 4 6087 2283 4 6088 2280 4 6089 2357 4541 6090 2282 4542 6091 2284 4543 6092 2291 4401 6093 2289 4401 6094 2280 4401 6095 2356 4544 6096 2346 4545 6097 2281 4546 6098 2287 4 6099 2285 4 6100 2283 4 6101 2354 4547 6102 2284 4548 6103 2286 4549 6104 2289 4 6105 2287 4 6106 2283 4 6107 2357 4550 6108 2284 4551 6109 2354 4552 6110 2296 4553 6111 2285 4553 6112 2287 4553 6113 2296 4 6114 2294 4 6115 2285 4 6116 2298 4 6117 2285 4 6118 2294 4 6119 2352 4554 6120 2286 4555 6121 2299 4556 6122 2354 4557 6123 2286 4558 6124 2352 4559 6125 2350 4560 6126 2288 4561 6127 2290 4562 6128 2361 4563 6129 2297 4564 6130 2288 4565 6131 2361 4566 6132 2288 4567 6133 2350 4568 6134 2348 4569 6135 2290 4570 6136 2293 4571 6137 2350 4572 6138 2290 4573 6139 2348 4574 6140 2348 4575 6141 2293 4576 6142 2302 4577 6143 2363 4578 6144 2295 4579 6145 2297 4580 6146 2363 4581 6147 2330 4582 6148 2295 4583 6149 2363 4584 6150 2297 4585 6151 2361 4586 6152 2359 4587 6153 2352 4588 6154 2299 4589 6155 2355 4590 6156 2301 4590 6157 2304 4590 6158 2353 4591 6159 2347 4591 6160 2301 4591 6161 2355 577 6162 2353 577 6163 2301 577 6164 2345 577 6165 2304 577 6166 2306 577 6167 2355 4592 6168 2304 4592 6169 2345 4592 6170 2343 4593 6171 2306 4593 6172 2308 4593 6173 2345 4594 6174 2306 4594 6175 2343 4594 6176 2343 577 6177 2308 577 6178 2310 577 6179 2335 577 6180 2310 577 6181 2312 577 6182 2341 577 6183 2310 577 6184 2335 577 6185 2343 577 6186 2310 577 6187 2341 577 6188 2337 577 6189 2312 577 6190 2314 577 6191 2337 4595 6192 2335 4595 6193 2312 4595 6194 2339 577 6195 2314 577 6196 2316 577 6197 2339 4596 6198 2337 4596 6199 2314 4596 6200 2339 4590 6201 2316 4590 6202 2318 4590 6203 2333 4597 6204 2320 4597 6205 2318 4597 6206 2339 4598 6207 2318 4598 6208 2320 4598 6209 2333 577 6210 2323 577 6211 2320 577 6212 2331 4599 6213 2325 4599 6214 2323 4599 6215 2333 577 6216 2331 577 6217 2323 577 6218 2329 4600 6219 2327 4600 6220 2325 4600 6221 2331 577 6222 2329 577 6223 2325 577 6224 2362 4601 6225 2327 4601 6226 2329 4601 6227 2362 577 6228 2358 577 6229 2327 577 6230 2353 577 6231 2349 577 6232 2347 577 6233 2353 4602 6234 2351 4602 6235 2349 4602 6236 2360 4603 6237 2349 4603 6238 2351 4603 6239 2362 577 6240 2351 577 6241 2358 577 6242 2362 4604 6243 2360 4604 6244 2351 4604 6245</p>
        </triangles>
      </mesh>
    </geometry>
  </library_geometries>
  <library_visual_scenes>
    <visual_scene id="Scene" name="Scene">
      <node id="_" name="6" type="NODE">
        <matrix sid="transform">-4.37114e-11 -7.54979e-11 0.001 0 0.001 0 4.37114e-11 0 0 0.001 7.54979e-11 0 0 0 0 1</matrix>
        <instance_geometry url="#__001-mesh" name="6">
          <bind_material>
            <technique_common>
              <instance_material symbol="default_005-material" target="#default_005-material">
                <bind_vertex_input semantic="UVMap" input_semantic="TEXCOORD" input_set="0"/>
              </instance_material>
            </technique_common>
          </bind_material>
        </instance_geometry>
      </node>
    </visual_scene>
  </library_visual_scenes>
  <scene>
    <instance_visual_scene url="#Scene"/>
  </scene>
</COLLADA>