<?xml version="1.0" encoding="utf-8"?>
<COLLADA xmlns="http://www.collada.org/2005/11/COLLADASchema" version="1.4.1" xmlns:xsi="http://www.w3.org/2001/XMLSchema-instance">
  <asset>
    <contributor>
      <author>Blender User</author>
      <authoring_tool>Blender 4.3.2 commit date:2024-12-16, commit time:21:10, hash:32f5fdce0a0a</authoring_tool>
    </contributor>
    <created>2025-04-11T18:07:18</created>
    <modified>2025-04-11T18:07:18</modified>
    <unit name="meter" meter="1"/>
    <up_axis>Z_UP</up_axis>
  </asset>
  <library_effects>
    <effect id="default_002-effect">
      <profile_COMMON>
        <newparam sid="Image_Joint_png-surface">
          <surface type="2D">
            <init_from>Image_Joint_png</init_from>
          </surface>
        </newparam>
        <newparam sid="Image_Joint_png-sampler">
          <sampler2D>
            <source>Image_Joint_png-surface</source>
          </sampler2D>
        </newparam>
        <technique sid="common">
          <lambert>
            <emission>
              <color sid="emission">0 0 0 1</color>
            </emission>
            <diffuse>
              <texture texture="Image_Joint_png-sampler" texcoord="UVMap"/>
            </diffuse>
            <index_of_refraction>
              <float sid="ior">1.45</float>
            </index_of_refraction>
          </lambert>
        </technique>
      </profile_COMMON>
    </effect>
  </library_effects>
  <library_images>
    <image id="Image_Joint_png" name="Image_Joint_png">
      <init_from>Image_Joint.png</init_from>
    </image>
  </library_images>
  <library_materials>
    <material id="default_002-material" name="default.002">
      <instance_effect url="#default_002-effect"/>
    </material>
  </library_materials>
  <library_geometries>
    <geometry id="_-mesh" name="5">
      <mesh>
        <source id="_-mesh-positions">
          <float_array id="_-mesh-positions-array" count="7734">2e-6 16.62185 44.87998 2e-6 16.62185 44.87998 2e-6 16.62185 44.87998 -18.73555 21.11516 42.97269 -18.73555 21.11516 42.97269 -19.15698 21.33359 42.87997 -19.15698 21.33359 42.87997 -33.26804 33.4494 37.73711 -33.26804 33.4494 37.73711 -41.01405 53.06967 29.4088 -41.01405 53.06967 29.4088 -37.3375 75.57227 19.85702 -37.3375 75.57227 19.85702 -22.07238 92.82912 12.53192 -22.07238 92.82912 12.53192 -18.74095 94.72351 11.7278 -18.74095 94.72351 11.7278 -4e-6 99.22186 9.818366 -4e-6 99.22186 9.818366 -4e-6 99.22186 9.818366 -4e-6 99.41425 9.838295 -4e-6 99.41425 9.838295 -4e-6 99.5 10.00247 -4e-6 99.5 10.00247 -4e-6 99.5 10.00247 -4e-6 99.5 10.00247 -19.95554 94.38718 12.16235 -19.95554 94.38718 12.16235 -35.46936 79.54471 18.43227 -35.46936 79.54471 18.43227 -41.5 58.00251 27.53221 -41.5 58.00251 27.53221 -35.46787 36.45283 36.63531 -35.46787 36.45283 36.63531 -19.96144 21.61606 42.90282 -19.96144 21.61606 42.90282 2e-6 16.5 45.06409 2e-6 16.5 45.06409 2e-6 16.5 45.06409 2e-6 16.5 45.06409 2e-6 16.53262 44.95461 2e-6 16.53262 44.95461 -18.72849 93.34455 12.31313 -18.72849 93.34455 12.31313 0.002749979 98.00003 10.337 0.002749979 98.00003 10.337 11.3125 96.36701 11.03017 11.3125 96.36701 11.03017 11.30047 97.64559 10.48745 11.30047 97.64559 10.48745 19.15702 94.5102 11.81835 19.15702 94.5102 11.81835 19.2495 93.06351 12.43243 19.2495 93.06351 12.43243 34.19982 78.74524 18.51018 34.19982 78.74524 18.51018 40 58 27.31601 40 58 27.31601 40 58 27.31601 34.20049 37.25587 36.12136 34.20049 37.25587 36.12136 19.24711 22.93519 42.20013 19.24711 22.93519 42.20013 11.3125 19.63298 43.60184 11.3125 19.63298 43.60184 11.29951 18.1963 44.21167 11.29951 18.1963 44.21167 22.07235 23.01464 42.16641 22.07235 23.01464 42.16641 37.33749 40.27144 34.84133 37.33749 40.27144 34.84133 41.01407 62.77404 25.28955 41.01407 62.77404 25.28955 33.26803 82.3943 16.96124 33.26803 82.3943 16.96124 -0.002751946 17.99998 44.295 -0.002751946 17.99998 44.295 -18.72847 22.65544 42.31888 -18.72847 22.65544 42.31888 -19.2495 22.9365 42.19958 -19.2495 22.9365 42.19958 -34.19982 37.25476 36.12183 -34.19982 37.25476 36.12183 -40 58 27.316 -40 58 27.316 -40 58 27.316 -34.20049 78.74413 18.51064 -34.20049 78.74413 18.51064 -19.24711 93.06481 12.43187 -19.24711 93.06481 12.43187 19.95553 21.61282 42.9042 19.95553 21.61282 42.9042 35.46935 36.45528 36.63428 35.46935 36.45528 36.63428 41.5 57.99748 27.53434 41.5 57.99748 27.53434 35.46787 79.54716 18.43124 35.46787 79.54716 18.43124 19.96144 94.38394 12.16373 19.96144 94.38394 12.16373 10e-7 16.5 49.02087 10e-7 16.5 49.02087 10e-7 16.5 49.02087 10e-7 16.5 49.02087 19.98954 21.63149 46.89508 19.98954 21.63149 46.89508 35.48502 36.4811 40.74367 35.48502 36.4811 40.74367 41.5 58.00234 31.82868 41.5 58.00234 31.82868 35.48659 79.51631 22.9167 35.48659 79.51631 22.9167 19.98369 94.37172 16.76287 19.98369 94.37172 16.76287 -4e-6 99.5 14.63841 -4e-6 99.5 14.63841 -4e-6 99.5 14.63841 -4e-6 99.5 14.63841 -19.98954 94.36851 16.76421 -19.98954 94.36851 16.76421 -35.48502 79.51891 22.91562 -35.48502 79.51891 22.91562 -41.5 57.99767 31.83061 -41.5 57.99767 31.83061 -35.4866 36.4837 40.74258 -35.4866 36.4837 40.74258 -19.9837 21.62829 46.89641 -19.9837 21.62829 46.89641 -4e-6 99.33429 15.18974 -4e-6 99.33429 15.18974 -4e-6 98.89073 15.55892 -4e-6 98.89073 15.55892 -4e-6 98.89073 15.55892 -14.87876 96.05855 16.76111 -14.87876 96.05855 16.76111 -21.77734 92.53711 18.25587 -21.77734 92.53711 18.25587 -27.98523 87.66622 20.32344 -27.98523 87.66622 20.32344 -33.22325 81.55226 22.91866 -33.22325 81.55226 22.91866 -37.20787 74.38422 25.96131 -37.20787 74.38422 25.96131 -38.65061 70.48812 27.61511 -38.65061 70.48812 27.61511 -39.69121 66.44255 29.33235 -39.69121 66.44255 29.33235 -40.31102 62.29436 31.09316 -40.31102 62.29436 31.09316 -40.49894 58.09768 32.87454 -40.49894 58.09768 32.87454 -40.49894 58.09768 32.87454 -40.49894 58.09768 32.87454 -37.15371 41.88159 39.74441 -37.15371 41.88159 39.74441 -27.92649 28.66862 45.32194 -27.92649 28.66862 45.32194 -14.8428 20.31725 48.83685 -14.8428 20.31725 48.83685 10e-7 17.4999 50.02102 10e-7 17.4999 50.02102 10e-7 17.4999 50.02102 10e-7 16.78336 49.71708 10e-7 16.78336 49.71708 40.49894 58.09769 32.87454 40.49894 58.09769 32.87454 40.49894 58.09769 32.87454 40.49894 58.09769 32.87454 37.20787 74.38422 25.96132 37.20787 74.38422 25.96132 33.22325 81.55226 22.91867 33.22325 81.55226 22.91867 27.98523 87.66622 20.32345 27.98523 87.66622 20.32345 21.77734 92.5371 18.25588 21.77734 92.5371 18.25588 14.87877 96.05855 16.76111 14.87877 96.05855 16.76111 7.541939 98.18209 15.85972 7.541939 98.18209 15.85972 14.97125 20.36798 48.81549 14.97125 20.36798 48.81549 28.13991 28.87254 45.23584 28.13991 28.87254 45.23584 37.20785 42.00614 39.69169 37.20785 42.00614 39.69169 -40.15138 58.15047 33.00484 -40.15138 58.15047 33.00484 -39.99895 58.28943 33.33479 -39.99895 58.28943 33.33479 -39.99895 58.28943 33.33479 -36.74638 42.19799 40.23058 -36.74638 42.19799 40.23058 -27.6429 29.08858 45.81771 -27.6429 29.08858 45.81771 -14.69477 20.79699 49.3369 -14.69477 20.79699 49.3369 10e-7 18 50.52087 10e-7 18 50.52087 10e-7 18 50.52087 18.07352 22.316 48.69283 18.07352 22.316 48.69283 33.60618 36.30613 42.74509 33.60618 36.30613 42.74509 39.99895 58.28943 33.33479 39.99895 58.28943 33.33479 39.99895 58.28943 33.33479 40.14051 58.15465 33.01485 40.14051 58.15465 33.01485 36.57355 74.198 26.4975 36.57355 74.198 26.4975 27.43307 87.1106 20.94806 27.43307 87.1106 20.94806 14.56292 95.25482 17.44782 14.56292 95.25482 17.44782 -4e-6 98 16.26795 -4e-6 98 16.26795 -4e-6 98 16.26795 -14.56294 95.25481 17.44782 -14.56294 95.25481 17.44782 -27.43307 87.1106 20.94805 -27.43307 87.1106 20.94805 -36.57356 74.19799 26.49749 -36.57356 74.19799 26.49749 -40.087 63.57715 30.54864 -40.087 63.57715 30.54864 -38.94611 68.91446 28.28309 -38.94611 68.91446 28.28309 -34.55668 78.92507 24.03384 -34.55668 78.92507 24.03384 -27.83092 87.22731 20.50975 -27.83092 87.22731 20.50975 -19.43673 93.33563 17.91692 -19.43673 93.33563 17.91692 -0.074575 98.30456 15.80774 -0.074575 98.30456 15.80774 9.846798 97.08933 16.32357 9.846798 97.08933 16.32357 19.3199 93.39925 17.88992 19.3199 93.39925 17.88992 27.75708 87.29701 20.48016 27.75708 87.29701 20.48016 34.51547 78.9924 24.00526 34.51547 78.9924 24.00526 10e-7 18 61.13701 10e-7 18 61.13701 10e-7 18 61.13701 10.00353 19.27109 61.13701 10.00353 19.27109 61.13701 20 23.35899 61.13701 20 23.35899 61.13701 34.64101 38 61.13701 34.64101 38 61.13701 40 58 61.13701 40 58 61.13701 34.64101 78 61.13701 34.64101 78 61.13701 20 92.64102 61.13701 20 92.64102 61.13701 10.00353 96.72891 61.13701 10.00353 96.72891 61.13701 -6e-6 98 61.13701 -6e-6 98 61.13701 -6e-6 98 61.13701 -20.03078 92.62323 61.13701 -20.03078 92.62323 61.13701 -34.64102 78 61.13701 -34.64102 78 61.13701 -40 58 61.13701 -40 58 61.13701 -34.64101 38 61.13701 -34.64101 38 61.13701 -20.03077 23.37677 61.13701 -20.03077 23.37677 61.13701 10e-7 18 63.13701 10e-7 18 63.13701 10e-7 18 63.13701 -20.03077 23.37677 63.13701 -20.03077 23.37677 63.13701 -34.64101 38 63.13701 -34.64101 38 63.13701 -40 58 63.13701 -40 58 63.13701 -34.64102 78 63.13701 -34.64102 78 63.13701 -20.03078 92.62323 63.13701 -20.03078 92.62323 63.13701 -6e-6 98 63.13701 -6e-6 98 63.13701 -6e-6 98 63.13701 -6e-6 97.9607 64.02285 -6e-6 97.9607 64.02285 -6e-6 97.84307 64.90172 -6e-6 97.84307 64.90172 -6e-6 97.84307 64.90172 -6e-6 97.84307 64.90172 -2.316897 97.77564 64.90172 -2.316897 97.77564 64.90172 -4.625947 97.57361 64.90172 -4.625947 97.57361 64.90172 -4.625947 97.57361 64.90172 -6.016978 97.24727 65.54474 -6.016978 97.24727 65.54474 -6.556617 96.55912 67.25452 -6.556617 96.55912 67.25452 -6.556617 96.55912 67.25452 -6.124309 94.0963 70.63897 -6.124309 94.0963 70.63897 -5.489977 90.47995 72.69522 -5.489977 90.47995 72.69522 -5.489977 90.47995 72.69522 -5.090464 89.04909 73.02933 -5.090464 89.04909 73.02933 -4.383443 87.67803 73.13701 -4.383443 87.67803 73.13701 -4.383443 87.67803 73.13701 -4.383443 87.67803 73.13701 -16.85315 82.81871 73.13701 -16.85315 82.81871 73.13701 -25.98063 72.99993 73.13701 -25.98063 72.99993 73.13701 -29.92022 60.18589 73.13701 -29.92022 60.18589 73.13701 -27.89365 46.95715 73.13701 -27.89365 46.95715 73.13701 -27.89365 46.95715 73.13701 -27.89365 46.95715 73.13701 -29.43059 46.88449 73.0299 -29.43059 46.88449 73.0299 -30.87335 46.51449 72.6949 -30.87335 46.51449 72.6949 -30.87335 46.51449 72.6949 -34.32246 45.25563 70.63897 -34.32246 45.25563 70.63897 -36.67177 44.39851 67.25466 -36.67177 44.39851 67.25466 -36.67177 44.39851 67.25466 -36.99755 43.58567 65.54273 -36.99755 43.58567 65.54273 -36.58472 42.21938 64.90172 -36.58472 42.21938 64.90172 -36.58472 42.21938 64.90172 -34.5051 38.07847 64.90172 -34.5051 38.07847 64.90172 -31.95878 34.20701 64.90172 -31.95878 34.20701 64.90172 -31.95878 34.20701 64.90172 -30.98064 33.16551 65.54474 -30.98064 33.16551 65.54474 -30.11487 33.04225 67.25452 -30.11487 33.04225 67.25452 -30.11487 33.04225 67.25452 -28.19816 34.64804 70.63897 -28.19816 34.64804 70.63897 -25.38348 37.00557 72.69522 -25.38348 37.00557 72.69522 -25.38348 37.00557 72.69522 -24.34407 38.06699 73.02933 -24.34407 38.06699 73.02933 -23.51021 39.36481 73.13701 -23.51021 39.36481 73.13701 -23.51021 39.36481 73.13701 -23.51021 39.36481 73.13701 -13.0565 30.99024 73.13701 -13.0565 30.99024 73.13701 -10e-7 28 73.13701 -10e-7 28 73.13701 -10e-7 28 73.13701 0 20.92893 70.20808 0 20.92893 70.20808 10.00353 96.72891 63.13701 10.00353 96.72891 63.13701 20 92.64102 63.13701 20 92.64102 63.13701 34.64101 78 63.13701 34.64101 78 63.13701 40 58 63.13701 40 58 63.13701 34.64101 38 63.13701 34.64101 38 63.13701 20 23.35899 63.13701 20 23.35899 63.13701 10.00353 19.27109 63.13701 10.00353 19.27109 63.13701 13.05649 30.99025 73.13701 13.05649 30.99025 73.13701 23.51021 39.36482 73.13701 23.51021 39.36482 73.13701 23.51021 39.36482 73.13701 23.51021 39.36482 73.13701 24.3416 38.07011 73.0299 24.3416 38.07011 73.0299 25.38341 37.00565 72.6949 25.38341 37.00565 72.6949 25.38341 37.00565 72.6949 28.19817 34.64806 70.63897 28.19817 34.64806 70.63897 30.11512 33.04206 67.25466 30.11512 33.04206 67.25466 30.11512 33.04206 67.25466 30.98195 33.16635 65.54273 30.98195 33.16635 65.54273 31.95878 34.20702 64.90172 31.95878 34.20702 64.90172 31.95878 34.20702 64.90172 34.5051 38.07847 64.90172 34.5051 38.07847 64.90172 36.58472 42.21938 64.90172 36.58472 42.21938 64.90172 36.58472 42.21938 64.90172 36.99761 43.58722 65.54474 36.99761 43.58722 65.54474 36.67169 44.39858 67.25488 36.67169 44.39858 67.25488 36.67169 44.39858 67.25488 34.32246 45.25565 70.63897 34.32246 45.25565 70.63897 30.87335 46.51452 72.6949 30.87335 46.51452 72.6949 30.87335 46.51452 72.6949 29.43453 46.88393 73.02933 29.43453 46.88393 73.02933 27.89365 46.95715 73.13701 27.89365 46.95715 73.13701 27.89365 46.95715 73.13701 27.89365 46.95715 73.13701 29.92021 60.1859 73.13701 29.92021 60.1859 73.13701 25.98063 72.99993 73.13701 25.98063 72.99993 73.13701 16.85314 82.81871 73.13701 16.85314 82.81871 73.13701 4.383431 87.67803 73.13701 4.383431 87.67803 73.13701 4.383431 87.67803 73.13701 4.383431 87.67803 73.13701 5.088981 89.04539 73.0299 5.088981 89.04539 73.0299 5.489932 90.47985 72.6949 5.489932 90.47985 72.6949 5.489932 90.47985 72.6949 6.124277 94.09631 70.63897 6.124277 94.09631 70.63897 6.556645 96.55943 67.25466 6.556645 96.55943 67.25466 6.556645 96.55943 67.25466 6.015595 97.24799 65.54273 6.015595 97.24799 65.54273 4.625935 97.57361 64.90172 4.625935 97.57361 64.90172 4.625935 97.57361 64.90172 2.316885 97.77564 64.90172 2.316885 97.77564 64.90172 -6e-6 85.50006 73.13701 -6e-6 85.50006 73.13701 23.81575 44.25006 73.13701 23.81575 44.25006 73.13701 -23.81568 44.24993 73.13701 -23.81568 44.24993 73.13701 -17.50001 78 73.13701 -17.50001 78 73.13701 -17.50001 78 73.13701 -19.35507 77.35323 73.13701 -19.35507 77.35323 73.13701 -20 75.5 73.13701 -20 75.5 73.13701 -20 75.5 73.13701 -20 58 73.13701 -20 58 73.13701 -20 40.5 73.13701 -20 40.5 73.13701 -20 40.5 73.13701 -19.35323 38.64494 73.13701 -19.35323 38.64494 73.13701 -17.5 38 73.13701 -17.5 38 73.13701 -17.5 38 73.13701 -10e-7 38 73.13701 -10e-7 38 73.13701 17.5 38 73.13701 17.5 38 73.13701 17.5 38 73.13701 19.35506 38.64677 73.13701 19.35506 38.64677 73.13701 20 40.5 73.13701 20 40.5 73.13701 20 40.5 73.13701 20 58 73.13701 20 58 73.13701 20 75.5 73.13701 20 75.5 73.13701 20 75.5 73.13701 19.35322 77.35506 73.13701 19.35322 77.35506 73.13701 17.5 78 73.13701 17.5 78 73.13701 17.5 78 73.13701 -5e-6 78 73.13701 -5e-6 78 73.13701 3.187948 88.58403 71.63701 3.187948 88.58403 71.63701 3.187948 88.58403 71.63701 3.525531 88.32819 72.68167 3.525531 88.32819 72.68167 -3.550864 88.309 72.71344 -3.550864 88.309 72.71344 -3.18796 88.58403 71.63701 -3.18796 88.58403 71.63701 -3.18796 88.58403 71.63701 -1.779906 87.41783 71.63701 -1.779906 87.41783 71.63701 -6e-6 87 71.63701 -6e-6 87 71.63701 1.779894 87.41783 71.63701 1.779894 87.41783 71.63701 3.669878 89.40879 71.54834 3.669878 89.40879 71.54834 3.939225 90.30541 71.26122 3.939225 90.30541 71.26122 3.939225 90.30541 71.26122 3.939225 90.30541 71.26122 4.41293 90.53465 72.2624 4.41293 90.53465 72.2624 5.416382 90.49233 72.69329 5.416382 90.49233 72.69329 5.453189 90.48628 72.69472 5.453189 90.48628 72.69472 4.481164 93.37889 69.51368 4.481164 93.37889 69.51368 4.850289 95.47231 66.63701 4.850289 95.47231 66.63701 4.850289 95.47231 66.63701 4.850289 95.47231 66.63701 5.369759 96.29297 67.04296 5.369759 96.29297 67.04296 6.327247 96.58205 67.24673 6.327247 96.58205 67.24673 6.442212 96.5746 67.25244 6.442212 96.5746 67.25244 3.939225 90.30541 66.63701 3.939225 90.30541 66.63701 3.939225 90.30541 66.63701 3.939225 90.30541 66.63701 -3.939237 90.30541 66.63701 -3.939237 90.30541 66.63701 -3.939237 90.30541 66.63701 -3.939237 90.30541 66.63701 -2.571156 87.93582 66.63701 -2.571156 87.93582 66.63701 -5e-6 87 66.63701 -5e-6 87 66.63701 2.571145 87.93582 66.63701 2.571145 87.93582 66.63701 -3.670054 89.40917 71.54825 -3.670054 89.40917 71.54825 -3.939237 90.30541 71.26122 -3.939237 90.30541 71.26122 -3.939237 90.30541 71.26122 -3.939237 90.30541 71.26122 -4.850301 95.47231 66.63701 -4.850301 95.47231 66.63701 -4.850301 95.47231 66.63701 -4.850301 95.47231 66.63701 -4.481176 93.37889 69.51368 -4.481176 93.37889 69.51368 -4.454524 96.10713 66.13701 -4.454524 96.10713 66.13701 -4.454524 96.10713 66.13701 -4.454524 96.10713 66.13701 -3.446833 90.39223 66.13701 -3.446833 90.39223 66.13701 -3.446833 90.39223 66.13701 -3.795015 90.33084 66.28346 -3.795015 90.33084 66.28346 -4.817682 95.93399 66.32128 -4.817682 95.93399 66.32128 3.446821 90.39223 66.13701 3.446821 90.39223 66.13701 3.446821 90.39223 66.13701 -7e-6 87.5 66.13701 -7e-6 87.5 66.13701 -2.23104 96.30168 66.13701 -2.23104 96.30168 66.13701 -6e-6 96.3666 66.13701 -6e-6 96.3666 66.13701 -6e-6 96.3666 66.13701 2.231028 96.30168 66.13701 2.231028 96.30168 66.13701 4.454512 96.10713 66.13701 4.454512 96.10713 66.13701 4.454512 96.10713 66.13701 4.454512 96.10713 66.13701 -6e-6 92.5 66.13701 -6e-6 92.5 66.13701 -6e-6 92.5 66.13701 -1.500006 91 66.13701 -1.500006 91 66.13701 -6e-6 89.5 66.13701 -6e-6 89.5 66.13701 -6e-6 89.5 66.13701 1.499994 91 66.13701 1.499994 91 66.13701 3.795003 90.33084 66.28346 3.795003 90.33084 66.28346 4.818201 95.93261 66.32222 4.818201 95.93261 66.32222 4.567671 97.07518 65.77722 4.567671 97.07518 65.77722 -6e-6 97.32913 65.78746 -6e-6 97.32913 65.78746 -4.56486 97.05103 65.79757 -4.56486 97.05103 65.79757 -6.327259 96.58208 67.24674 -6.327259 96.58208 67.24674 -6.442186 96.57465 67.25245 -6.442186 96.57465 67.25245 -5.344699 96.27422 67.03265 -5.344699 96.27422 67.03265 -5.416394 90.49231 72.69326 -5.416394 90.49231 72.69326 -5.453198 90.48627 72.69468 -5.453198 90.48627 72.69468 -4.383992 90.53096 72.23426 -4.383992 90.53096 72.23426 24.89256 39.94714 71.63701 24.89256 39.94714 71.63701 24.89256 39.94714 71.63701 24.50221 39.7827 72.68167 24.50221 39.7827 72.68167 28.02379 45.92064 72.71344 28.02379 45.92064 72.71344 28.08052 45.46884 71.63701 28.08052 45.46884 71.63701 28.08052 45.46884 71.63701 25.11474 43.5 71.63701 25.11474 43.5 71.63701 25.36587 39.11739 71.54834 25.36587 39.11739 71.54834 26.00769 38.43582 71.26122 26.00769 38.43582 71.26122 26.00769 38.43582 71.26122 26.00769 38.43582 71.26122 25.95782 37.88458 72.28878 25.95782 37.88458 72.28878 28.39843 36.42975 69.51368 28.39843 36.42975 69.51368 30.02682 35.06337 66.63701 30.02682 35.06337 66.63701 30.02682 35.06337 66.63701 30.02682 35.06337 66.63701 30.39323 34.55066 66.91276 30.39323 34.55066 66.91276 30.48028 33.91451 67.12766 30.48028 33.91451 67.12766 30.365 33.45402 67.22151 30.365 33.45402 67.22151 26.00769 38.43582 66.63701 26.00769 38.43582 66.63701 26.00769 38.43582 66.63701 26.00769 38.43582 66.63701 28.57884 45.5 66.63701 28.57884 45.5 66.63701 28.57884 45.5 66.63701 28.57884 45.5 66.63701 24.82007 42.86808 66.63701 24.82007 42.86808 66.63701 28.33119 45.49233 71.6314 28.33119 45.49233 71.6314 28.57884 45.5 71.61418 28.57884 45.5 71.61418 28.57884 45.5 71.61418 28.57884 45 66.13701 28.57884 45 66.13701 28.57884 45 66.13701 25.29035 42.69699 66.13701 25.29035 42.69699 66.13701 26.32908 38.81885 66.13701 26.32908 38.81885 66.13701 26.32908 38.81885 66.13701 26.10182 38.54801 66.28346 26.10182 38.54801 66.28346 28.57884 45.35355 66.28346 28.57884 45.35355 66.28346 29.1866 44.94681 66.13701 29.1866 44.94681 66.13701 29.77591 44.78892 66.13701 29.77591 44.78892 66.13701 29.77591 44.78892 66.13701 35.229 42.80416 66.13701 35.229 42.80416 66.13701 35.229 42.80416 66.13701 35.229 42.80416 66.13701 33.22642 38.81672 66.13701 33.22642 38.81672 66.13701 30.77448 35.08871 66.13701 30.77448 35.08871 66.13701 30.77448 35.08871 66.13701 30.77448 35.08871 66.13701 28.57884 43 66.13701 28.57884 43 66.13701 28.57884 43 66.13701 27.07884 41.5 66.13701 27.07884 41.5 66.13701 28.57884 40 66.13701 28.57884 40 66.13701 28.57884 40 66.13701 30.07884 41.5 66.13701 30.07884 41.5 66.13701 30.4415 34.86101 66.32222 30.4415 34.86101 66.32222 31.55626 34.50669 65.77722 31.55626 34.50669 65.77722 36.1016 42.42777 65.79757 36.1016 42.42777 65.79757 34.87712 43.46433 66.63701 34.87712 43.46433 66.63701 34.87712 43.46433 66.63701 34.87712 43.46433 66.63701 35.91331 43.5348 67.0661 35.91331 43.5348 67.0661 35.26063 43.20524 66.32128 35.26063 43.20524 66.32128 29.94692 45.25877 71.26122 29.94692 45.25877 71.26122 29.94692 45.25877 71.26122 29.94692 45.25877 71.26122 30.37981 45.55111 72.25847 30.37981 45.55111 72.25847 32.8796 44.19136 69.51368 32.8796 44.19136 69.51368 29.27505 45.43895 71.49483 29.27505 45.43895 71.49483 29.94692 45.25877 66.63701 29.94692 45.25877 66.63701 29.94692 45.25877 66.63701 29.94692 45.25877 66.63701 29.27343 45.43923 66.63701 29.27343 45.43923 66.63701 29.89683 45.12116 66.28346 29.89683 45.12116 66.28346 -28.08052 45.46883 71.63701 -28.08052 45.46883 71.63701 -28.08052 45.46883 71.63701 -28.02775 45.88911 72.68167 -28.02775 45.88911 72.68167 -24.47294 39.77037 72.71344 -24.47294 39.77037 72.71344 -24.89257 39.94713 71.63701 -24.89257 39.94713 71.63701 -24.89257 39.94713 71.63701 -25.11474 43.5 71.63701 -25.11474 43.5 71.63701 -28.33121 45.49232 71.6314 -28.33121 45.49232 71.6314 -28.57884 45.5 71.61418 -28.57884 45.5 71.61418 -28.57884 45.5 71.61418 -29.27522 45.43891 71.49485 -29.27522 45.43891 71.49485 -29.94692 45.25876 71.26122 -29.94692 45.25876 71.26122 -29.94692 45.25876 71.26122 -29.94692 45.25876 71.26122 -30.39938 45.57757 72.28878 -30.39938 45.57757 72.28878 -32.8796 44.19136 69.51368 -32.8796 44.19136 69.51368 -34.87712 43.46432 66.63701 -34.87712 43.46432 66.63701 -34.87712 43.46432 66.63701 -34.87712 43.46432 66.63701 -35.95101 43.55448 67.07906 -35.95101 43.55448 67.07906 -29.94692 45.25876 66.63701 -29.94692 45.25876 66.63701 -29.94692 45.25876 66.63701 -29.94692 45.25876 66.63701 -28.57884 45.5 66.63701 -28.57884 45.5 66.63701 -28.57884 45.5 66.63701 -28.57884 45.5 66.63701 -29.27343 45.43923 66.63701 -29.27343 45.43923 66.63701 -28.57884 45 66.13701 -28.57884 45 66.13701 -28.57884 45 66.13701 -29.18661 44.94681 66.13701 -29.18661 44.94681 66.13701 -29.77591 44.78892 66.13701 -29.77591 44.78892 66.13701 -29.77591 44.78892 66.13701 -29.89683 45.12115 66.28346 -29.89683 45.12115 66.28346 -28.57884 45.35355 66.28346 -28.57884 45.35355 66.28346 -25.29031 42.69685 66.13701 -25.29031 42.69685 66.13701 -26.32909 38.81884 66.13701 -26.32909 38.81884 66.13701 -26.32909 38.81884 66.13701 -30.77448 35.08871 66.13701 -30.77448 35.08871 66.13701 -30.77448 35.08871 66.13701 -30.77448 35.08871 66.13701 -33.22642 38.81671 66.13701 -33.22642 38.81671 66.13701 -35.229 42.80416 66.13701 -35.229 42.80416 66.13701 -35.229 42.80416 66.13701 -35.229 42.80416 66.13701 -28.57884 43 66.13701 -28.57884 43 66.13701 -28.57884 43 66.13701 -30.07884 41.5 66.13701 -30.07884 41.5 66.13701 -28.57884 40 66.13701 -28.57884 40 66.13701 -28.57884 40 66.13701 -27.07884 41.5 66.13701 -27.07884 41.5 66.13701 -35.2597 43.20638 66.32222 -35.2597 43.20638 66.32222 -36.12393 42.41813 65.77722 -36.12393 42.41813 65.77722 -31.53675 34.52121 65.79757 -31.53675 34.52121 65.79757 -30.02682 35.06336 66.63701 -30.02682 35.06336 66.63701 -30.02682 35.06336 66.63701 -30.02682 35.06336 66.63701 -30.48389 34.13076 67.0661 -30.48389 34.13076 67.0661 -30.44296 34.86077 66.32128 -30.44296 34.86077 66.32128 -26.00769 38.43582 71.26122 -26.00769 38.43582 71.26122 -26.00769 38.43582 71.26122 -26.00769 38.43582 71.26122 -25.97097 37.91475 72.25847 -25.97097 37.91475 72.25847 -28.39844 36.42974 69.51368 -28.39844 36.42974 69.51368 -25.36611 39.11706 71.54825 -25.36611 39.11706 71.54825 -26.00769 38.43582 66.63701 -26.00769 38.43582 66.63701 -26.00769 38.43582 66.63701 -26.00769 38.43582 66.63701 -24.82007 42.86808 66.63701 -24.82007 42.86808 66.63701 -26.10182 38.548 66.28346 -26.10182 38.548 66.28346 40 58 2e-6 40 58 2e-6 40 58 2e-6 40 58 2e-6 40 58 2e-6 40 58 4.030002 40 58 4.030002 32.36067 81.51142 4.030002 12.36068 96.04226 4.030001 -12.36068 96.04226 4.03 -32.36068 81.51141 4.029999 -40 58 4.029998 -40 58 4.029998 -40 58 -2e-6 -40 58 -2e-6 -40 58 -2e-6 -40 58 -2e-6 -40 58 -2e-6 -40 58 -26 -40 58 -26 -32.36068 81.51141 -26 -12.36068 96.04226 -26 12.36068 96.04226 -26 32.36068 81.51142 -26 40 58 -26 40 58 -26 40 58 -56 40 58 -56 40 58 -56 -40 58 -56 -40 58 -56 -40 58 -56 -38.72891 68.00352 -56 -38.72891 68.00352 -56 -34.64093 78.00015 -56 -34.64093 78.00015 -56 -20.00015 92.64093 -56 -20.00015 92.64093 -56 -10e-7 98 -56 -10e-7 98 -56 20.00015 92.64093 -56 20.00015 92.64093 -56 34.64093 78.00016 -56 34.64093 78.00016 -56 38.72891 68.00353 -56 38.72891 68.00353 -56 34.62324 37.96924 -56 34.62324 37.96924 -56 20.00016 23.35907 -56 20.00016 23.35907 -56 6e-6 18 -56 6e-6 18 -56 -20.00015 23.35907 -56 -20.00015 23.35907 -56 -34.62323 37.96923 -56 -34.62323 37.96923 -56 -32.57401 34.78506 -23.21495 -32.57401 34.78506 -23.21495 -16.86621 21.72976 -36.27024 -16.86621 21.72976 -36.27024 -0.004023969 18 -40 -0.004023969 18 -40 16.8578 21.72584 -36.27416 16.8578 21.72584 -36.27416 32.56911 34.77817 -23.22183 32.56911 34.77817 -23.22183 -33.35506 37.95778 -56 -33.35506 37.95778 -56 -33.6999 38.54315 -56 -33.6999 38.54315 -56 -38.91339 58 -56 -38.91339 58 -56 -38.91339 58 -56 -37.60633 68.0008 -56 -37.60633 68.0008 -56 -33.6999 77.45684 -56 -33.6999 77.45684 -56 -19.45685 91.69991 -56 -19.45685 91.69991 -56 -10e-7 96.9134 -56 -10e-7 96.9134 -56 19.45685 91.69991 -56 19.45685 91.69991 -56 33.6999 77.45685 -56 33.6999 77.45685 -56 37.60633 68.0008 -56 37.60633 68.0008 -56 38.9134 58 -56 38.9134 58 -56 38.9134 58 -56 33.69991 38.54316 -56 33.69991 38.54316 -56 33.35507 37.95779 -56 33.35507 37.95779 -56 19.45685 24.3001 -56 19.45685 24.3001 -56 6e-6 19.0866 -56 6e-6 19.0866 -56 -19.45684 24.3001 -56 -19.45684 24.3001 -56 38.7402 58 -56.3 38.7402 58 -56.3 38.7402 58 -56.3 38.7402 58 -56.3 33.54999 38.6299 -56.3 33.54999 38.6299 -56.3 19.3701 24.45001 -56.3 19.3701 24.45001 -56.3 6e-6 19.25981 -56.3 6e-6 19.25981 -56.3 -19.37009 24.45001 -56.3 -19.37009 24.45001 -56.3 -33.54999 38.6299 -56.3 -33.54999 38.6299 -56.3 -38.74019 58 -56.3 -38.74019 58 -56.3 -38.74019 58 -56.3 -38.74019 58 -56.3 -38.7 58 -56.45 -38.7 58 -56.45 -38.7 58 -56.45 -38.71022 58 -56.37235 -38.71022 58 -56.37235 38.71022 58 -56.37235 38.71022 58 -56.37235 38.7 58 -56.45 38.7 58 -56.45 38.7 58 -56.45 33.51519 38.65 -56.45 33.51519 38.65 -56.45 19.35001 24.48482 -56.45 19.35001 24.48482 -56.45 8.707947 20.29247 -56.45 8.707947 20.29247 -56.45 6e-6 19.3 -56.45 6e-6 19.3 -56.45 -19.35 24.48482 -56.45 -19.35 24.48482 -56.45 -21.34719 25.72022 -56.45 -21.34719 25.72022 -56.45 -33.51518 38.64999 -56.45 -33.51518 38.64999 -56.45 33.54999 77.3701 -56.3 33.54999 77.3701 -56.3 19.3701 91.54999 -56.3 19.3701 91.54999 -56.3 -10e-7 96.74019 -56.3 -10e-7 96.74019 -56.3 -19.3701 91.54999 -56.3 -19.3701 91.54999 -56.3 -33.54999 77.3701 -56.3 -33.54999 77.3701 -56.3 -33.51518 77.35 -56.45 -33.51518 77.35 -56.45 -21.3472 90.27979 -56.45 -21.3472 90.27979 -56.45 -19.35 91.51519 -56.45 -19.35 91.51519 -56.45 -10e-7 96.7 -56.45 -10e-7 96.7 -56.45 8.707941 95.70754 -56.45 8.707941 95.70754 -56.45 19.35 91.51519 -56.45 19.35 91.51519 -56.45 33.51518 77.35001 -56.45 33.51518 77.35001 -56.45 38.7 58 -62.25 38.7 58 -62.25 38.7 58 -62.25 33.51518 77.35001 -62.25 33.51518 77.35001 -62.25 19.35 91.51519 -62.25 19.35 91.51519 -62.25 8.707941 95.70754 -62.25 8.707941 95.70754 -62.25 -10e-7 96.7 -62.25 -10e-7 96.7 -62.25 -19.35 91.51519 -62.25 -19.35 91.51519 -62.25 -21.3472 90.27979 -62.25 -21.3472 90.27979 -62.25 -33.51518 77.35 -62.25 -33.51518 77.35 -62.25 -38.7 58 -62.25 -38.7 58 -62.25 -38.7 58 -62.25 -38.71022 58 -62.32764 -38.71022 58 -62.32764 -38.74019 58 -62.4 -38.74019 58 -62.4 -38.74019 58 -62.4 -38.74019 58 -62.4 -33.54999 77.3701 -62.4 -33.54999 77.3701 -62.4 -19.3701 91.54999 -62.4 -19.3701 91.54999 -62.4 -10e-7 96.74019 -62.4 -10e-7 96.74019 -62.4 19.3701 91.54999 -62.4 19.3701 91.54999 -62.4 33.54999 77.3701 -62.4 33.54999 77.3701 -62.4 38.7402 58 -62.4 38.7402 58 -62.4 38.7402 58 -62.4 38.7402 58 -62.4 38.71022 58 -62.32764 38.71022 58 -62.32764 -33.51518 38.64999 -62.25 -33.51518 38.64999 -62.25 -21.34719 25.72022 -62.25 -21.34719 25.72022 -62.25 -19.35 24.48482 -62.25 -19.35 24.48482 -62.25 6e-6 19.3 -62.25 6e-6 19.3 -62.25 8.707947 20.29247 -62.25 8.707947 20.29247 -62.25 19.35001 24.48482 -62.25 19.35001 24.48482 -62.25 33.51519 38.65 -62.25 33.51519 38.65 -62.25 33.54999 38.6299 -62.4 33.54999 38.6299 -62.4 19.3701 24.45001 -62.4 19.3701 24.45001 -62.4 6e-6 19.25981 -62.4 6e-6 19.25981 -62.4 -19.37009 24.45001 -62.4 -19.37009 24.45001 -62.4 -33.54999 38.6299 -62.4 -33.54999 38.6299 -62.4 38.9134 58 -62.7 38.9134 58 -62.7 38.9134 58 -62.7 33.69991 38.54316 -62.7 33.69991 38.54316 -62.7 33.23225 37.75482 -62.7 33.23225 37.75482 -62.7 19.45685 24.3001 -62.7 19.45685 24.3001 -62.7 6e-6 19.0866 -62.7 6e-6 19.0866 -62.7 -19.45684 24.3001 -62.7 -19.45684 24.3001 -62.7 -33.23225 37.75481 -62.7 -33.23225 37.75481 -62.7 -33.6999 38.54315 -62.7 -33.6999 38.54315 -62.7 -38.91339 58 -62.7 -38.91339 58 -62.7 -38.91339 58 -62.7 -37.65843 67.8028 -62.7 -37.65843 67.8028 -62.7 -33.6999 77.45684 -62.7 -33.6999 77.45684 -62.7 -19.45685 91.69991 -62.7 -19.45685 91.69991 -62.7 -10e-7 96.9134 -62.7 -10e-7 96.9134 -62.7 19.45685 91.69991 -62.7 19.45685 91.69991 -62.7 33.6999 77.45685 -62.7 33.6999 77.45685 -62.7 37.65843 67.8028 -62.7 37.65843 67.8028 -62.7 39.8 58 -62.7 39.8 58 -62.7 39.8 58 -62.7 34.46773 38.09985 -62.7 34.46773 38.09985 -62.7 34.27061 37.7623 -62.7 34.27061 37.7623 -62.7 38.5734 67.80469 -62.7 38.5734 67.80469 -62.7 34.46772 77.90016 -62.7 34.46772 77.90016 -62.7 -38.5734 67.80468 -62.7 -38.5734 67.80468 -62.7 -34.46772 77.90015 -62.7 -34.46772 77.90015 -62.7 -19.90015 92.46773 -62.7 -19.90015 92.46773 -62.7 -10e-7 97.80001 -62.7 -10e-7 97.80001 -62.7 19.90015 92.46773 -62.7 19.90015 92.46773 -62.7 -39.79999 58 -62.7 -39.79999 58 -62.7 -39.79999 58 -62.7 -34.27061 37.76229 -62.7 -34.27061 37.76229 -62.7 -34.46772 38.09984 -62.7 -34.46772 38.09984 -62.7 -19.90015 23.53228 -62.7 -19.90015 23.53228 -62.7 19.90016 23.53228 -62.7 19.90016 23.53228 -62.7 6e-6 18.2 -62.7 6e-6 18.2 -62.7 -40 58 -62.9 -40 58 -62.9 -40 58 -62.9 -40 58 -62.9 -34.64093 78.00015 -62.9 -34.64093 78.00015 -62.9 -20.00015 92.64093 -62.9 -20.00015 92.64093 -62.9 -10e-7 98 -62.9 -10e-7 98 -62.9 20.00015 92.64093 -62.9 20.00015 92.64093 -62.9 34.64093 78.00016 -62.9 34.64093 78.00016 -62.9 40 58 -62.9 40 58 -62.9 40 58 -62.9 40 58 -62.9 34.64093 37.99985 -62.9 34.64093 37.99985 -62.9 20.00016 23.35907 -62.9 20.00016 23.35907 -62.9 6e-6 18 -62.9 6e-6 18 -62.9 -20.00015 23.35907 -62.9 -20.00015 23.35907 -62.9 -34.64093 37.99985 -62.9 -34.64093 37.99985 -62.9 40 58 -63.8 40 58 -63.8 40 58 -63.8 40 58 -63.8 34.64093 37.99985 -63.8 34.64093 37.99985 -63.8 20.00016 23.35907 -63.8 20.00016 23.35907 -63.8 6e-6 18 -63.8 6e-6 18 -63.8 -20.00015 23.35907 -63.8 -20.00015 23.35907 -63.8 -34.64093 37.99985 -63.8 -34.64093 37.99985 -63.8 -40 58 -63.8 -40 58 -63.8 -40 58 -63.8 -40 58 -63.8 -34.64093 78.00015 -63.8 -34.64093 78.00015 -63.8 -20.00015 92.64093 -63.8 -20.00015 92.64093 -63.8 -10e-7 98 -63.8 -10e-7 98 -63.8 20.00015 92.64093 -63.8 20.00015 92.64093 -63.8 34.64093 78.00016 -63.8 34.64093 78.00016 -63.8 -39.79999 58 -64 -39.79999 58 -64 -39.79999 58 -64 -38.52243 68.00307 -64 -38.52243 68.00307 -64 -34.46772 77.90015 -64 -34.46772 77.90015 -64 -19.90015 92.46773 -64 -19.90015 92.46773 -64 -10e-7 97.80001 -64 -10e-7 97.80001 -64 19.90015 92.46773 -64 19.90015 92.46773 -64 34.46772 77.90016 -64 34.46772 77.90016 -64 38.52244 68.00308 -64 38.52244 68.00308 -64 39.8 58 -64 39.8 58 -64 39.8 58 -64 34.39055 37.96677 -64 34.39055 37.96677 -64 19.90016 23.53228 -64 19.90016 23.53228 -64 6e-6 18.2 -64 6e-6 18.2 -64 -19.90015 23.53228 -64 -19.90015 23.53228 -64 -34.39054 37.96676 -64 -34.39054 37.96676 -64 -40 58 -64 -40 58 -64 -40 58 -64 -38.72891 68.00352 -64 -38.72891 68.00352 -64 -34.62323 37.96923 -64 -34.62323 37.96923 -64 -20.00015 23.35907 -64 -20.00015 23.35907 -64 34.62324 37.96924 -64 34.62324 37.96924 -64 20.00016 23.35907 -64 20.00016 23.35907 -64 6e-6 18 -64 6e-6 18 -64 40 58 -64 40 58 -64 40 58 -64 38.72892 68.00353 -64 38.72892 68.00353 -64 34.64093 78.00016 -64 34.64093 78.00016 -64 -34.64093 78.00015 -64 -34.64093 78.00015 -64 -20.00015 92.64093 -64 -20.00015 92.64093 -64 -10e-7 98 -64 -10e-7 98 -64 20.00015 92.64093 -64 20.00015 92.64093 -64 40 58 -65.30001 40 58 -65.30001 40 58 -65.30001 34.62324 37.96924 -65.30001 34.62324 37.96924 -65.30001 20.00016 23.35907 -65.30001 20.00016 23.35907 -65.30001 6e-6 18 -65.30001 6e-6 18 -65.30001 -20.00015 23.35907 -65.30001 -20.00015 23.35907 -65.30001 -34.62323 37.96923 -65.30001 -34.62323 37.96923 -65.30001 -40 58 -65.30001 -40 58 -65.30001 -40 58 -65.30001 38.72892 68.00353 -65.30001 38.72892 68.00353 -65.30001 36.44895 68.01483 -65.30001 36.44895 68.01483 -65.30001 37.8 58 -65.30001 37.8 58 -65.30001 37.8 58 -65.30001 32.74507 39.11635 -65.30001 32.74507 39.11635 -65.30001 32.05546 37.96784 -65.30001 32.05546 37.96784 -65.30001 18.90878 25.26943 -65.30001 18.90878 25.26943 -65.30001 -5.7e-5 20.2 -65.30001 -5.7e-5 20.2 -65.30001 -18.90866 25.26938 -65.30001 -18.90866 25.26938 -65.30001 -32.05545 37.96783 -65.30001 -32.05545 37.96783 -65.30001 -32.74479 39.11587 -65.30001 -32.74479 39.11587 -65.30001 -37.79999 58 -65.30001 -37.79999 58 -65.30001 -37.79999 58 -65.30001 -36.44895 68.01482 -65.30001 -36.44895 68.01482 -65.30001 -38.72891 68.00352 -65.30001 -38.72891 68.00352 -65.30001 -34.64093 78.00015 -65.30001 -34.64093 78.00015 -65.30001 -32.74506 76.88365 -65.30001 -32.74506 76.88365 -65.30001 -18.90877 90.73057 -65.30001 -18.90877 90.73057 -65.30001 6.3e-5 95.80001 -65.30001 6.3e-5 95.80001 -65.30001 18.90867 90.73062 -65.30001 18.90867 90.73062 -65.30001 32.7448 76.88413 -65.30001 32.7448 76.88413 -65.30001 34.64093 78.00016 -65.30001 34.64093 78.00016 -65.30001 20.00015 92.64093 -65.30001 20.00015 92.64093 -65.30001 -10e-7 98 -65.30001 -10e-7 98 -65.30001 -20.00015 92.64093 -65.30001 -20.00015 92.64093 -65.30001 37.6 58 -65.5 37.6 58 -65.5 37.6 58 -65.5 37.6 58 -65.5 32.56256 39.2 -65.5 32.56256 39.2 -65.5 18.80001 25.43745 -65.5 18.80001 25.43745 -65.5 6e-6 20.4 -65.5 6e-6 20.4 -65.5 -18.79999 25.43745 -65.5 -18.79999 25.43745 -65.5 -32.56255 39.2 -65.5 -32.56255 39.2 -65.5 -37.59999 58 -65.5 -37.59999 58 -65.5 -37.59999 58 -65.5 -37.59999 58 -65.5 -37.65858 58 -65.35858 -37.65858 58 -65.35858 37.65858 58 -65.35858 37.65858 58 -65.35858 -32.56255 76.8 -65.5 -32.56255 76.8 -65.5 -18.8 90.56256 -65.5 -18.8 90.56256 -65.5 0 95.6 -65.5 0 95.6 -65.5 18.8 90.56256 -65.5 18.8 90.56256 -65.5 32.56255 76.80001 -65.5 32.56255 76.80001 -65.5 -37.59999 58 -66.30001 -37.59999 58 -66.30001 -37.59999 58 -66.30001 -37.59999 58 -66.30001 -32.56255 76.8 -66.30001 -32.56255 76.8 -66.30001 -18.8 90.56256 -66.30001 -18.8 90.56256 -66.30001 0 95.6 -66.30001 0 95.6 -66.30001 18.8 90.56256 -66.30001 18.8 90.56256 -66.30001 32.56255 76.80001 -66.30001 32.56255 76.80001 -66.30001 37.6 58 -66.30001 37.6 58 -66.30001 37.6 58 -66.30001 37.6 58 -66.30001 32.56256 39.2 -66.30001 32.56256 39.2 -66.30001 18.80001 25.43745 -66.30001 18.80001 25.43745 -66.30001 6e-6 20.4 -66.30001 6e-6 20.4 -66.30001 -18.79999 25.43745 -66.30001 -18.79999 25.43745 -66.30001 -32.56255 39.2 -66.30001 -32.56255 39.2 -66.30001 37.65858 58 -66.44142 37.65858 58 -66.44142 37.8 58 -66.5 37.8 58 -66.5 37.8 58 -66.5 32.7448 39.11588 -66.5 32.7448 39.11588 -66.5 22.1639 27.37989 -66.5 22.1639 27.37989 -66.5 18.90867 25.26938 -66.5 18.90867 25.26938 -66.5 6.9e-5 20.2 -66.5 6.9e-5 20.2 -66.5 -7.905366 21.03592 -66.5 -7.905366 21.03592 -66.5 -18.90876 25.26943 -66.5 -18.90876 25.26943 -66.5 -32.74506 39.11634 -66.5 -32.74506 39.11634 -66.5 -37.79999 58 -66.5 -37.79999 58 -66.5 -37.79999 58 -66.5 -37.65858 58 -66.44142 -37.65858 58 -66.44142 -32.7448 76.88412 -66.5 -32.7448 76.88412 -66.5 -18.90867 90.73062 -66.5 -18.90867 90.73062 -66.5 -7.905375 94.96408 -66.5 -7.905375 94.96408 -66.5 -6.3e-5 95.80001 -66.5 -6.3e-5 95.80001 -66.5 18.90877 90.73057 -66.5 18.90877 90.73057 -66.5 22.1639 88.62012 -66.5 22.1639 88.62012 -66.5 32.74506 76.88366 -66.5 32.74506 76.88366 -66.5 37.9 58 -66.5 37.9 58 -66.5 37.9 58 -66.5 32.83169 39.06639 -66.5 32.83169 39.06639 -66.5 22.16425 27.25678 -66.5 22.16425 27.25678 -66.5 22.16424 88.74323 -66.5 22.16424 88.74323 -66.5 32.83142 76.93408 -66.5 32.83142 76.93408 -66.5 18.95869 90.81722 -66.5 18.95869 90.81722 -66.5 -7.905558 95.06629 -66.5 -7.905558 95.06629 -66.5 6.4e-5 95.9 -66.5 6.4e-5 95.9 -66.5 -18.95879 90.81716 -66.5 -18.95879 90.81716 -66.5 -7.905553 20.93371 -66.5 -7.905553 20.93371 -66.5 -18.95869 25.18279 -66.5 -18.95869 25.18279 -66.5 -32.83142 39.06592 -66.5 -32.83142 39.06592 -66.5 -37.9 58 -66.5 -37.9 58 -66.5 -37.9 58 -66.5 -32.83169 76.93361 -66.5 -32.83169 76.93361 -66.5 -5.8e-5 20.1 -66.5 -5.8e-5 20.1 -66.5 18.9588 25.18284 -66.5 18.9588 25.18284 -66.5 -38 58 -66.6 -38 58 -66.6 -38 58 -66.6 -38 58 -66.6 -32.90896 77 -66.6 -32.90896 77 -66.6 -19 90.90897 -66.6 -19 90.90897 -66.6 0 96 -66.6 0 96 -66.6 19 90.90897 -66.6 19 90.90897 -66.6 32.90896 77 -66.6 32.90896 77 -66.6 38 58 -66.6 38 58 -66.6 38 58 -66.6 38 58 -66.6 37.97071 58 -66.52929 37.97071 58 -66.52929 -37.97071 58 -66.52929 -37.97071 58 -66.52929 32.90897 39 -66.6 32.90897 39 -66.6 19.00001 25.09103 -66.6 19.00001 25.09103 -66.6 6e-6 20 -66.6 6e-6 20 -66.6 -19 25.09103 -66.6 -19 25.09103 -66.6 -32.90896 39 -66.6 -32.90896 39 -66.6 38 58 -71 38 58 -71 38 58 -71 38 58 -71 32.90877 38.99965 -71 32.90877 38.99965 -71 19.00036 25.09124 -71 19.00036 25.09124 -71 6e-6 20 -71 6e-6 20 -71 -19.00035 25.09124 -71 -19.00035 25.09124 -71 -32.90876 38.99964 -71 -32.90876 38.99964 -71 -38 58 -71 -38 58 -71 -38 58 -71 -38 58 -71 37.7 58 -71.30001 37.7 58 -71.30001 37.7 58 -71.30001 32.64856 39.14917 -71.30001 32.64856 39.14917 -71.30001 30.29568 35.56219 -71.30001 30.29568 35.56219 -71.30001 18.85078 25.35141 -71.30001 18.85078 25.35141 -71.30001 -2.68e-4 20.3 -71.30001 -2.68e-4 20.3 -71.30001 -18.85092 25.35149 -71.30001 -18.85092 25.35149 -71.30001 -30.29567 35.56218 -71.30001 -30.29567 35.56218 -71.30001 -32.64852 39.14912 -71.30001 -32.64852 39.14912 -71.30001 -37.7 58 -71.30001 -37.7 58 -71.30001 -37.7 58 -71.30001 -2.224293 95.43398 -71.30001 -2.224293 95.43398 -71.30001 -2.224293 95.43398 -71.30001 -2.413015 95.6227 -71.30001 -2.413015 95.6227 -71.30001 -2.413015 95.6227 -71.30001 -27.49782 83.79069 -71.30001 -27.49782 83.79069 -71.30001 -36.92044 65.62691 -71.30001 -36.92044 65.62691 -71.30001 -11.56124 65.6227 -71.30001 11.56217 65.6227 -71.30001 36.92045 65.62689 -71.30001 36.92045 65.62689 -71.30001 27.50323 83.78493 -71.30001 27.50323 83.78493 -71.30001 2.428773 95.62168 -71.30001 2.428773 95.62168 -71.30001 2.428773 95.62168 -71.30001 2.223005 95.43405 -71.30001 2.223005 95.43405 -71.30001 2.223005 95.43405 -71.30001 -6.45e-4 95.5 -71.30001 -6.45e-4 95.5 -71.30001 -1.2e-5 35.5927 -71.30001 2.223005 95.43405 -70.55001 2.223005 95.43405 -70.55001 2.223005 95.43405 -70.55001 -6.45e-4 95.5 -70.55001 -6.45e-4 95.5 -70.55001 -2.224293 95.43398 -70.55001 -2.224293 95.43398 -70.55001 -2.224293 95.43398 -70.55001 1.75 88.75 -70.55001 1.75 88.75 -70.55001 1.75 88.75 -70.55001 1.227662 87.50322 -70.55001 1.227662 87.50322 -70.55001 -0.006912946 87.00003 -70.55001 -0.006912946 87.00003 -70.55001 -1.75 88.75 -70.55001 -1.75 88.75 -70.55001 -1.75 88.75 -70.55001 -1.75 94.95969 -70.55001 -1.75 94.95969 -70.55001 -1.75 94.95969 -70.55001 1.75 95.00273 -70.55001 1.75 95.00273 -70.55001 1.75 95.00273 -70.55001 1.75 95.00273 -69.7 1.75 95.00273 -69.7 1.75 95.00273 -69.7 1.75 88.75 -69.7 1.75 88.75 -69.7 1.75 88.75 -69.7 2.58204 95.76145 -71.15039 2.58204 95.76145 -71.15039 2.735537 95.90142 -71 2.735537 95.90142 -71 2.735537 95.90142 -71 2.735537 95.90142 -69.7 2.735537 95.90142 -69.7 2.735537 95.90142 -69.7 27.82041 83.88484 -71 27.82041 83.88484 -71 -27.80645 83.89984 -71 -27.80645 83.89984 -71 -2.694655 95.90435 -71 -2.694655 95.90435 -71 -2.694655 95.90435 -71 -2.694655 95.90435 -69.7 -2.694655 95.90435 -69.7 -2.694655 95.90435 -69.7 0.02049297 95.99999 -69.7 0.02049297 95.99999 -69.7 -2.553711 95.7634 -71.15036 -2.553711 95.7634 -71.15036 -1.75 94.95969 -69.7 -1.75 94.95969 -69.7 -1.75 94.95969 -69.7 -1.75 88.75 -69.7 -1.75 88.75 -69.7 -1.75 88.75 -69.7 0.006914973 87.00003 -69.7 0.006914973 87.00003 -69.7 -1.227661 87.50322 -69.7 -1.227661 87.50322 -69.7 -40 -3.8147e-6 -2e-6 -40 -3.8147e-6 -2e-6 -40 -3.8147e-6 -2e-6 -34.62322 -3.8147e-6 -20.03077 -34.62322 -3.8147e-6 -20.03077 -20.00015 0 -34.64093 -20.00015 0 -34.64093 7e-6 0 -40 7e-6 0 -40 20.00016 0 -34.64093 20.00016 0 -34.64093 34.62324 3.8147e-6 -20.03076 34.62324 3.8147e-6 -20.03076 40 3.8147e-6 2e-6 40 3.8147e-6 2e-6 40 3.8147e-6 2e-6 33.45651 3.8147e-6 -20.04149 33.45651 3.8147e-6 -20.04149 33.77491 3.8147e-6 -19.50015 33.77491 3.8147e-6 -19.50015 39 3.8147e-6 2e-6 39 3.8147e-6 2e-6 39 3.8147e-6 2e-6 37.69588 3.8147e-6 10.00104 37.69588 3.8147e-6 10.00104 38.72892 3.8147e-6 10.00352 38.72892 3.8147e-6 10.00352 34.64093 3.8147e-6 20.00015 34.64093 3.8147e-6 20.00015 33.77491 3.8147e-6 19.50015 33.77491 3.8147e-6 19.50015 19.50015 0 33.7749 19.50015 0 33.7749 3e-6 0 39 3e-6 0 39 -19.50015 0 33.7749 -19.50015 0 33.7749 -33.7749 -3.8147e-6 19.50015 -33.7749 -3.8147e-6 19.50015 -37.69587 -3.8147e-6 10.00104 -37.69587 -3.8147e-6 10.00104 -38.72891 -3.8147e-6 10.00352 -38.72891 -3.8147e-6 10.00352 -34.64093 -3.8147e-6 20.00015 -34.64093 -3.8147e-6 20.00015 -20.00015 0 34.64093 -20.00015 0 34.64093 3e-6 0 40 3e-6 0 40 20.00016 0 34.64093 20.00016 0 34.64093 -39 -3.8147e-6 -2e-6 -39 -3.8147e-6 -2e-6 -39 -3.8147e-6 -2e-6 -33.7749 -3.8147e-6 -19.50015 -33.7749 -3.8147e-6 -19.50015 -33.45649 -3.8147e-6 -20.04149 -33.45649 -3.8147e-6 -20.04149 -19.50014 0 -33.7749 -19.50014 0 -33.7749 7e-6 0 -39 7e-6 0 -39 19.50016 0 -33.7749 19.50016 0 -33.7749 -32.56911 34.77817 23.22183 -32.56911 34.77817 23.22183 -16.8578 21.72584 36.27416 -16.8578 21.72584 36.27416 0.004030942 18 40 0.004030942 18 40 16.86622 21.72976 36.27024 16.86622 21.72976 36.27024 32.57402 34.78506 23.21495 32.57402 34.78506 23.21495 -38 0.9999962 -2e-6 -38 0.9999962 -2e-6 -38 0.9999962 -2e-6 -38 0.9999962 -2e-6 38 1.000004 2e-6 38 1.000004 2e-6 38 1.000004 2e-6 38 1.000004 2e-6 32.90877 1.000004 19.00035 32.90877 1.000004 19.00035 19.00036 1 32.90876 19.00036 1 32.90876 3e-6 1 38 3e-6 1 38 -19.00035 1 32.90876 -19.00035 1 32.90876 -32.90876 0.9999962 19.00035 -32.90876 0.9999962 19.00035 38 6.000004 2e-6 38 6.000004 2e-6 38 6.000004 2e-6 37.14729 6.000004 8.004855 37.14729 6.000004 8.004855 32.90836 6.000004 19.00084 32.90836 6.000004 19.00084 19.00078 6 32.90839 19.00078 6 32.90839 -2.75e-4 6 38 -2.75e-4 6 38 -19.00093 6 32.9083 -19.00093 6 32.9083 -32.90833 5.999996 19.00088 -32.90833 5.999996 19.00088 -37.14728 5.999996 8.00485 -37.14728 5.999996 8.00485 -38 5.999996 -2e-6 -38 5.999996 -2e-6 -38 5.999996 -2e-6 -11.95207 6 8 11.95209 6 8.000001 32.90834 6.000004 -19.00088 32.90834 6.000004 -19.00088 30.93781 6.000004 -22.06451 30.93781 6.000004 -22.06451 2.2e-5 6 -22.03 -30.93781 5.999996 -22.06451 -30.93781 5.999996 -22.06451 -32.90835 5.999996 -19.00084 -32.90835 5.999996 -19.00084 -19.00077 6 -32.90839 -19.00077 6 -32.90839 19.00094 6 -32.9083 19.00094 6 -32.9083 2.84e-4 6 -38 2.84e-4 6 -38 32.90877 1.000004 -19.00035 32.90877 1.000004 -19.00035 19.00036 1 -32.90876 19.00036 1 -32.90876 7e-6 1 -38 7e-6 1 -38 -19.00035 1 -32.90876 -19.00035 1 -32.90876 -32.90876 0.9999962 -19.00035 -32.90876 0.9999962 -19.00035 8.495314 66.54927 72.13701 8.495314 66.54927 72.13701 8.495314 66.54927 72.13701 8.281965 66.13988 72.13701 8.281965 66.13988 72.13701 8.085105 65.74851 72.13701 8.085105 65.74851 72.13701 8.085105 65.74851 72.13701 6.072915 61.49311 72.13701 6.072915 61.49311 72.13701 4.128269 57.35198 72.13701 4.128269 57.35198 72.13701 4.128269 57.35198 72.13701 4.058088 57.23026 72.13701 4.058088 57.23026 72.13701 3.965883 57.12742 72.13701 3.965883 57.12742 72.13701 3.847682 57.0582 72.13701 3.847682 57.0582 72.13701 3.712294 57.03791 72.13701 3.712294 57.03791 72.13701 3.5777 57.05088 72.13701 3.5777 57.05088 72.13701 3.44645 57.08107 72.13701 3.44645 57.08107 72.13701 3.44645 57.08107 72.13701 1.723055 57.51385 72.13701 1.723055 57.51385 72.13701 -3e-6 58 72.13701 -3e-6 58 72.13701 -3e-6 58 72.13701 -4.152274 59.6887 72.13701 -4.152274 59.6887 72.13701 -7.818737 61.71971 72.13701 -7.818737 61.71971 72.13701 -7.818737 61.71971 72.13701 -10.02405 57.4687 72.13701 -10.02405 57.4687 72.13701 -10.02405 57.4687 72.13701 1.261994 49.50183 72.13701 1.261994 49.50183 72.13701 14.41826 45.50074 72.13701 14.41826 45.50074 72.13701 14.41826 45.50074 72.13701 15.68046 45.31832 72.13701 15.68046 45.31832 72.13701 17.01865 45.14336 72.13701 17.01865 45.14336 72.13701 17.01865 45.14336 72.13701 12.74626 55.87322 72.13701 12.74626 55.87322 72.13701 -6.324529 63.73539 72.13701 -6.324529 63.73539 72.13701 -6.324529 63.73539 72.13701 -3.013925 61.9186 72.13701 -3.013925 61.9186 72.13701 0.453298 60.39404 72.13701 0.453298 60.39404 72.13701 0.453298 60.39404 72.13701 6.115707 72.37755 72.13701 6.115707 72.37755 72.13701 6.115707 72.37755 72.13701 5.908376 72.40777 72.13701 5.908376 72.40777 72.13701 5.696782 72.42604 72.13701 5.696782 72.42604 72.13701 5.696782 72.42604 72.13701 1.870629 72.42749 72.13701 1.870629 72.42749 72.13701 -1.86722 72.43204 72.13701 -1.86722 72.43204 72.13701 -1.86722 72.43204 72.13701 -2.203826 72.35531 72.13701 -2.203826 72.35531 72.13701 -2.440807 72.10252 72.13701 -2.440807 72.10252 72.13701 -2.440807 72.10252 72.13701 -5.699883 65.80406 72.13701 -5.699883 65.80406 72.13701 -5.699883 65.80406 72.13701 -6.104444 65.02441 72.13701 -6.104444 65.02441 72.13701 -6.514133 64.23451 72.13701 -6.514133 64.23451 72.13701 -6.514133 64.23451 72.13701 -6.559457 64.09558 72.13701 -6.559457 64.09558 72.13701 -6.550054 63.95795 72.13701 -6.550054 63.95795 72.13701 -6.462414 63.8333 72.13701 -6.462414 63.8333 72.13701 -16.35027 45.19237 72.13701 -16.35027 45.19237 72.13701 -16.35027 45.19237 72.13701 -16.13087 45.16693 72.13701 -16.13087 45.16693 72.13701 -15.90798 45.15164 72.13701 -15.90798 45.15164 72.13701 -15.90798 45.15164 72.13701 -11.50063 45.1516 72.13701 -11.50063 45.1516 72.13701 -7.193235 45.14743 72.13701 -7.193235 45.14743 72.13701 -7.193235 45.14743 72.13701 -6.872086 45.21949 72.13701 -6.872086 45.21949 72.13701 -6.66363 45.45335 72.13701 -6.66363 45.45335 72.13701 -6.66363 45.45335 72.13701 -5.827753 47.27899 72.13701 -5.827753 47.27899 72.13701 -4.999459 49.03993 72.13701 -4.999459 49.03993 72.13701 -4.999459 49.03993 72.13701 -4.957992 49.19676 72.13701 -4.957992 49.19676 72.13701 -4.984442 49.35202 72.13701 -4.984442 49.35202 72.13701 -5.082868 49.47236 72.13701 -5.082868 49.47236 72.13701 -5.206064 49.56504 72.13701 -5.206064 49.56504 72.13701 -5.206064 49.56504 72.13701 -8.475322 51.99047 72.13701 -8.475322 51.99047 72.13701 -11.48727 54.64821 72.13701 -11.48727 54.64821 72.13701 -11.48727 54.64821 72.13701 -19.49968 24.22488 61.13701 -19.49968 24.22488 61.13701 -11.49933 54.65893 72.13701 -11.49933 54.65893 72.13701 -11.49933 54.65893 72.13701 -13.94753 49.88128 72.13701 -13.94753 49.88128 72.13701 -18.26795 42.23205 72.13701 -18.26795 42.23205 72.13701 -18.26795 42.23205 72.13701 -18.26795 58 72.13701 -18.26795 58 72.13701 -18.26795 73.76795 72.13701 -18.26795 73.76795 72.13701 -18.26795 73.76795 72.13701 -17.62301 75.62118 72.13701 -17.62301 75.62118 72.13701 -15.76795 76.26795 72.13701 -15.76795 76.26795 72.13701 -15.76795 76.26795 72.13701 -5e-6 76.26795 72.13701 -5e-6 76.26795 72.13701 15.76794 76.26795 72.13701 15.76794 76.26795 72.13701 15.76794 76.26795 72.13701 17.62117 75.62301 72.13701 17.62117 75.62301 72.13701 18.26795 73.76795 72.13701 18.26795 73.76795 72.13701 18.26795 73.76795 72.13701 18.26795 58 72.13701 18.26795 58 72.13701 18.26795 42.23205 72.13701 18.26795 42.23205 72.13701 18.26795 42.23205 72.13701 17.62301 40.37882 72.13701 17.62301 40.37882 72.13701 15.76795 39.73205 72.13701 15.76795 39.73205 72.13701 15.76795 39.73205 72.13701 -2e-6 39.73205 72.13701 -2e-6 39.73205 72.13701 -15.76795 39.73205 72.13701 -15.76795 39.73205 72.13701 -15.76795 39.73205 72.13701 -17.62118 40.37699 72.13701 -17.62118 40.37699 72.13701 -9.884122 57.48776 72.63701 -9.884122 57.48776 72.63701 -9.884122 57.48776 72.63701 -7.773843 61.55557 72.63701 -7.773843 61.55557 72.63701 -7.773843 61.55557 72.63701 -4.016367 59.49547 72.63701 -4.016367 59.49547 72.63701 -0.03646296 57.89048 72.63701 -0.03646296 57.89048 72.63701 -0.03646296 57.89048 72.63701 1.693329 57.40216 72.63701 1.693329 57.40216 72.63701 3.416428 56.96961 72.63701 3.416428 56.96961 72.63701 3.416428 56.96961 72.63701 3.569125 56.93521 72.63701 3.569125 56.93521 72.63701 3.72716 56.9225 72.63701 3.72716 56.9225 72.63701 3.888905 56.95049 72.63701 3.888905 56.95049 72.63701 4.034811 57.03445 72.63701 4.034811 57.03445 72.63701 4.148694 57.1585 72.63701 4.148694 57.1585 72.63701 4.232882 57.30319 72.63701 4.232882 57.30319 72.63701 4.232882 57.30319 72.63701 6.177401 61.44404 72.63701 6.177401 61.44404 72.63701 8.189459 65.69916 72.63701 8.189459 65.69916 72.63701 8.189459 65.69916 72.63701 8.329719 65.98133 72.63701 8.329719 65.98133 72.63701 8.481499 66.27191 72.63701 8.481499 66.27191 72.63701 8.481499 66.27191 72.63701 12.64956 55.80403 72.63701 12.64956 55.80403 72.63701 16.83835 45.28414 72.63701 16.83835 45.28414 72.63701 16.83835 45.28414 72.63701 15.6047 45.44471 72.63701 15.6047 45.44471 72.63701 14.43705 45.61463 72.63701 14.43705 45.61463 72.63701 14.43705 45.61463 72.63701 1.347723 49.58922 72.63701 1.347723 49.58922 72.63701 -11.46433 54.47411 72.63701 -11.46433 54.47411 72.63701 -11.46433 54.47411 72.63701 -8.494778 51.85626 72.63701 -8.494778 51.85626 72.63701 -5.272926 49.47095 72.63701 -5.272926 49.47095 72.63701 -5.272926 49.47095 72.63701 -5.153495 49.38084 72.63701 -5.153495 49.38084 72.63701 -5.085034 49.29475 72.63701 -5.085034 49.29475 72.63701 -5.074461 49.19076 72.63701 -5.074461 49.19076 72.63701 -5.103589 49.08975 72.63701 -5.103589 49.08975 72.63701 -5.103589 49.08975 72.63701 -5.932378 47.32776 72.63701 -5.932378 47.32776 72.63701 -6.768761 45.50102 72.63701 -6.768761 45.50102 72.63701 -6.768761 45.50102 72.63701 -6.902259 45.33797 72.63701 -6.902259 45.33797 72.63701 -7.192976 45.26286 72.63701 -7.192976 45.26286 72.63701 -7.192976 45.26286 72.63701 -11.5032 45.26704 72.63701 -11.5032 45.26704 72.63701 -15.90793 45.26708 72.63701 -15.90793 45.26708 72.63701 -15.90793 45.26708 72.63701 -16.03525 45.27337 72.63701 -16.03525 45.27337 72.63701 -16.17143 45.28823 72.63701 -16.17143 45.28823 72.63701 -16.17143 45.28823 72.63701 -13.83928 49.8394 72.63701 -13.83928 49.8394 72.63701 -2.338284 72.04947 72.63701 -2.338284 72.04947 72.63701 -2.338284 72.04947 72.63701 -2.14843 72.25431 72.63701 -2.14843 72.25431 72.63701 -1.867523 72.31661 72.63701 -1.867523 72.31661 72.63701 -1.867523 72.31661 72.63701 1.870413 72.31205 72.63701 1.870413 72.31205 72.63701 5.696664 72.31061 72.63701 5.696664 72.31061 72.63701 5.696664 72.31061 72.63701 5.82149 72.30239 72.63701 5.82149 72.30239 72.63701 5.94445 72.28531 72.63701 5.94445 72.28531 72.63701 5.94445 72.28531 72.63701 0.394502 60.5398 72.63701 0.394502 60.5398 72.63701 0.394502 60.5398 72.63701 -3.011486 62.04644 72.63701 -3.011486 62.04644 72.63701 -6.265521 63.83461 72.63701 -6.265521 63.83461 72.63701 -6.265521 63.83461 72.63701 -6.376682 63.91153 72.63701 -6.376682 63.91153 72.63701 -6.439324 63.99125 72.63701 -6.439324 63.99125 72.63701 -6.443639 64.08853 72.63701 -6.443639 64.08853 72.63701 -6.411667 64.18136 72.63701 -6.411667 64.18136 72.63701 -6.411667 64.18136 72.63701 -6.004514 64.96636 72.63701 -6.004514 64.96636 72.63701 -5.597361 65.751 72.63701 -5.597361 65.751 72.63701 -5.597361 65.751 72.63701 8.488539 66.41076 72.3862 8.488539 66.41076 72.3862 -7.796332 61.63767 72.38679 -7.796332 61.63767 72.38679 -9.954036 57.47821 72.38725 -9.954036 57.47821 72.38725 16.92862 45.2137 72.3866 16.92862 45.2137 72.3866 0.423881 60.46688 72.38702 0.423881 60.46688 72.38702 6.030892 72.33148 72.38392 6.030892 72.33148 72.38392 -16.26158 45.24024 72.3843 -16.26158 45.24024 72.3843 -11.47995 54.55654 72.41399 -11.47995 54.55654 72.41399 -11.49556 54.63879 72.19137 -11.49556 54.63879 72.19137 -11.49556 54.63879 72.19137 -11.49746 54.64895 72.16395 -11.49746 54.64895 72.16395 -28.57884 43 56.13701 -28.57884 43 56.13701 -28.57884 43 56.13701 -27.07891 41.5 56.13701 -27.07891 41.5 56.13701 -28.57884 40 56.13701 -28.57884 40 56.13701 -28.57884 40 56.13701 -30.07877 41.5 56.13701 -30.07877 41.5 56.13701 -5e-6 92.5 56.13701 -5e-6 92.5 56.13701 -5e-6 92.5 56.13701 1.499928 91 56.13701 1.499928 91 56.13701 -5e-6 89.5 56.13701 -5e-6 89.5 56.13701 -5e-6 89.5 56.13701 -1.499938 91 56.13701 -1.499938 91 56.13701 28.57884 43 56.13701 28.57884 43 56.13701 28.57884 43 56.13701 30.07877 41.5 56.13701 30.07877 41.5 56.13701 28.57884 40 56.13701 28.57884 40 56.13701 28.57884 40 56.13701 27.0789 41.5 56.13701 27.0789 41.5 56.13701 -38 58 -62.25 -38 58 -62.25 -38 58 -62.25 -32.90873 38.99964 -62.25 -32.90873 38.99964 -62.25 -21.34055 26.55831 -62.25 -21.34055 26.55831 -62.25 -21.34056 89.44168 -62.25 -21.34056 89.44168 -62.25 -32.90874 77.00035 -62.25 -32.90874 77.00035 -62.25 -18.99968 25.0909 -62.25 -18.99968 25.0909 -62.25 6e-6 20.00006 -62.25 6e-6 20.00006 -62.25 8.702416 21.0099 -62.25 8.702416 21.0099 -62.25 18.99969 25.0909 -62.25 18.99969 25.0909 -62.25 32.90874 38.99964 -62.25 32.90874 38.99964 -62.25 38 58 -62.25 38 58 -62.25 38 58 -62.25 32.90874 77.00037 -62.25 32.90874 77.00037 -62.25 18.99968 90.9091 -62.25 18.99968 90.9091 -62.25 8.702408 94.99011 -62.25 8.702408 94.99011 -62.25 -18.99968 90.9091 -62.25 -18.99968 90.9091 -62.25 -10e-7 95.99994 -62.25 -10e-7 95.99994 -62.25 38 58 -56.45 38 58 -56.45 38 58 -56.45 32.90874 77.00037 -56.45 32.90874 77.00037 -56.45 18.99968 90.9091 -56.45 18.99968 90.9091 -56.45 8.702408 94.99011 -56.45 8.702408 94.99011 -56.45 -10e-7 95.99994 -56.45 -10e-7 95.99994 -56.45 -18.99968 90.9091 -56.45 -18.99968 90.9091 -56.45 -21.34056 89.44168 -56.45 -21.34056 89.44168 -56.45 -32.90874 77.00035 -56.45 -32.90874 77.00035 -56.45 -38 58 -56.45 -38 58 -56.45 -38 58 -56.45 -21.34055 26.55831 -56.45 -21.34055 26.55831 -56.45 -32.90873 38.99964 -56.45 -32.90873 38.99964 -56.45 32.90874 38.99964 -56.45 32.90874 38.99964 -56.45 18.99969 25.0909 -56.45 18.99969 25.0909 -56.45 8.702416 21.0099 -56.45 8.702416 21.0099 -56.45 -18.99968 25.0909 -56.45 -18.99968 25.0909 -56.45 6e-6 20.00006 -56.45 6e-6 20.00006 -56.45 -39 58 61.13701 -39 58 61.13701 -39 58 61.13701 -33.77476 38.49962 61.13701 -33.77476 38.49962 61.13701 -20.03736 24.54108 61.13701 -20.03736 24.54108 61.13701 -20.03737 91.45893 61.13701 -20.03737 91.45893 61.13701 -33.77476 77.50037 61.13701 -33.77476 77.50037 61.13701 -19.49968 24.22488 61.13701 -19.49968 24.22488 61.13701 10e-7 19.00006 61.13701 10e-7 19.00006 61.13701 10.00959 20.30645 61.13701 10.00959 20.30645 61.13701 19.49968 24.22488 61.13701 19.49968 24.22488 61.13701 33.77476 38.49963 61.13701 33.77476 38.49963 61.13701 39 58 61.13701 39 58 61.13701 39 58 61.13701 33.77475 77.50038 61.13701 33.77475 77.50038 61.13701 19.49967 91.77513 61.13701 19.49967 91.77513 61.13701 10.00959 95.69355 61.13701 10.00959 95.69355 61.13701 -19.49968 91.77513 61.13701 -19.49968 91.77513 61.13701 -6e-6 96.99994 61.13701 -6e-6 96.99994 61.13701 39 58 63.13701 39 58 63.13701 39 58 63.13701 33.77475 77.50038 63.13701 33.77475 77.50038 63.13701 19.49967 91.77513 63.13701 19.49967 91.77513 63.13701 10.00959 95.69355 63.13701 10.00959 95.69355 63.13701 -6e-6 96.99994 63.13701 -6e-6 96.99994 63.13701 -19.49968 91.77513 63.13701 -19.49968 91.77513 63.13701 -20.03737 91.45893 63.13701 -20.03737 91.45893 63.13701 -33.77476 77.50037 63.13701 -33.77476 77.50037 63.13701 -39 58 63.13701 -39 58 63.13701 -39 58 63.13701 -20.03736 24.54108 63.13701 -20.03736 24.54108 63.13701 -33.77476 38.49962 63.13701 -33.77476 38.49962 63.13701 33.77476 38.49963 63.13701 33.77476 38.49963 63.13701 19.49968 24.22488 63.13701 19.49968 24.22488 63.13701 10.00959 20.30645 63.13701 10.00959 20.30645 63.13701 -19.49968 24.22488 63.13701 -19.49968 24.22488 63.13701 10e-7 19.00006 63.13701 10e-7 19.00006 63.13701 -38 58 -62.25 -38 58 -62.25 -38 58 -62.25 -38 58 -56.45 -38 58 -56.45 -38 58 -56.45 -32.90874 77.00035 -56.45 -32.90874 77.00035 -56.45 -21.23819 89.51094 -56.45 -21.23819 89.51094 -56.45 -18.99968 90.9091 -56.45 -18.99968 90.9091 -56.45 -10e-7 95.99994 -56.45 -10e-7 95.99994 -56.45 8.80332 94.96622 -56.45 8.80332 94.96622 -56.45 18.99968 90.9091 -56.45 18.99968 90.9091 -56.45 32.90874 77.00037 -56.45 32.90874 77.00037 -56.45 38 58 -56.45 38 58 -56.45 38 58 -56.45 38 58 -62.25 38 58 -62.25 38 58 -62.25 32.90874 77.00037 -62.25 32.90874 77.00037 -62.25 18.99968 90.9091 -62.25 18.99968 90.9091 -62.25 8.80332 94.96622 -62.25 8.80332 94.96622 -62.25 -10e-7 95.99994 -62.25 -10e-7 95.99994 -62.25 -18.99968 90.9091 -62.25 -18.99968 90.9091 -62.25 -21.23819 89.51094 -62.25 -21.23819 89.51094 -62.25 -32.90874 77.00035 -62.25 -32.90874 77.00035 -62.25 -32.90873 38.99964 -56.45 -32.90873 38.99964 -56.45 -21.23818 26.48907 -56.45 -21.23818 26.48907 -56.45 -21.24859 25.53566 -56.45 -21.24859 25.53566 -56.45 -33.60262 38.60145 -56.45 -33.60262 38.60145 -56.45 -38.79999 58 -56.45 -38.79999 58 -56.45 -38.79999 58 -56.45 -33.60263 77.39854 -56.45 -33.60263 77.39854 -56.45 -21.2486 90.46434 -56.45 -21.2486 90.46434 -56.45 -19.40073 91.60137 -56.45 -19.40073 91.60137 -56.45 -3e-6 96.80001 -56.45 -3e-6 96.80001 -56.45 8.807856 95.78701 -56.45 8.807856 95.78701 -56.45 19.40073 91.60137 -56.45 19.40073 91.60137 -56.45 33.60263 77.39855 -56.45 33.60263 77.39855 -56.45 38.8 58 -56.45 38.8 58 -56.45 38.8 58 -56.45 33.60263 38.60146 -56.45 33.60263 38.60146 -56.45 19.40074 24.39864 -56.45 19.40074 24.39864 -56.45 8.807863 20.21299 -56.45 8.807863 20.21299 -56.45 8.803327 21.03379 -56.45 8.803327 21.03379 -56.45 18.99969 25.0909 -56.45 18.99969 25.0909 -56.45 32.90874 38.99964 -56.45 32.90874 38.99964 -56.45 -18.99968 25.0909 -56.45 -18.99968 25.0909 -56.45 6e-6 20.00006 -56.45 6e-6 20.00006 -56.45 8e-6 19.2 -56.45 8e-6 19.2 -56.45 -19.40072 24.39863 -56.45 -19.40072 24.39863 -56.45 -39 58 -62.05 -39 58 -62.05 -39 58 -62.05 -39 58 -62.05 -33.77499 77.50001 -62.05 -33.77499 77.50001 -62.05 -19.5 91.775 -62.05 -19.5 91.775 -62.05 -10e-7 97 -62.05 -10e-7 97 -62.05 19.5 91.775 -62.05 19.5 91.775 -62.05 33.77499 77.50002 -62.05 33.77499 77.50002 -62.05 39 58 -62.05 39 58 -62.05 39 58 -62.05 39 58 -62.05 39 58 -56.65 39 58 -56.65 39 58 -56.65 39 58 -56.65 33.77499 77.50002 -56.65 33.77499 77.50002 -56.65 19.5 91.775 -56.65 19.5 91.775 -56.65 -10e-7 97 -56.65 -10e-7 97 -56.65 -19.5 91.775 -56.65 -19.5 91.775 -56.65 -33.77499 77.50001 -56.65 -33.77499 77.50001 -56.65 -39 58 -56.65 -39 58 -56.65 -39 58 -56.65 -39 58 -56.65 -21.2486 90.46434 -62.25 -21.2486 90.46434 -62.25 -33.60262 77.39855 -62.25 -33.60262 77.39855 -62.25 -38.79999 58 -62.25 -38.79999 58 -62.25 -38.79999 58 -62.25 -33.60263 38.60146 -62.25 -33.60263 38.60146 -62.25 -21.24859 25.53566 -62.25 -21.24859 25.53566 -62.25 -21.23818 26.48907 -62.25 -21.23818 26.48907 -62.25 -32.90873 38.99964 -62.25 -32.90873 38.99964 -62.25 -18.99968 25.0909 -62.25 -18.99968 25.0909 -62.25 -19.40073 24.39864 -62.25 -19.40073 24.39864 -62.25 -5e-6 19.2 -62.25 -5e-6 19.2 -62.25 8.807863 20.21299 -62.25 8.807863 20.21299 -62.25 8.803327 21.03379 -62.25 8.803327 21.03379 -62.25 6e-6 20.00006 -62.25 6e-6 20.00006 -62.25 18.99969 25.0909 -62.25 18.99969 25.0909 -62.25 19.40072 24.39863 -62.25 19.40072 24.39863 -62.25 33.60262 38.60145 -62.25 33.60262 38.60145 -62.25 38.8 58 -62.25 38.8 58 -62.25 38.8 58 -62.25 33.60263 77.39854 -62.25 33.60263 77.39854 -62.25 19.40074 91.60137 -62.25 19.40074 91.60137 -62.25 8.807856 95.78701 -62.25 8.807856 95.78701 -62.25 32.90874 38.99964 -62.25 32.90874 38.99964 -62.25 10e-6 96.80001 -62.25 10e-6 96.80001 -62.25 -19.40072 91.60137 -62.25 -19.40072 91.60137 -62.25 33.77499 38.49999 -62.05 33.77499 38.49999 -62.05 19.5 24.22501 -62.05 19.5 24.22501 -62.05 6e-6 19 -62.05 6e-6 19 -62.05 -19.49999 24.22501 -62.05 -19.49999 24.22501 -62.05 -33.77498 38.49998 -62.05 -33.77498 38.49998 -62.05 -33.77498 38.49998 -56.65 -33.77498 38.49998 -56.65 -19.49999 24.22501 -56.65 -19.49999 24.22501 -56.65 6e-6 19 -56.65 6e-6 19 -56.65 19.5 24.22501 -56.65 19.5 24.22501 -56.65 33.77499 38.49999 -56.65 33.77499 38.49999 -56.65 38.94142 58 -62.19142 38.94142 58 -62.19142 -38.94142 58 -62.19142 -38.94142 58 -62.19142 38.94142 58 -56.50858 38.94142 58 -56.50858 -38.94142 58 -56.50858 -38.94142 58 -56.50858 -39 58 61.13701 -39 58 61.13701 -39 58 61.13701 -39 58 63.13701 -39 58 63.13701 -39 58 63.13701 -33.77476 77.50037 63.13701 -33.77476 77.50037 63.13701 -20.03737 91.45893 63.13701 -20.03737 91.45893 63.13701 -19.49968 91.77513 63.13701 -19.49968 91.77513 63.13701 -6e-6 96.99994 63.13701 -6e-6 96.99994 63.13701 10.00959 95.69355 63.13701 10.00959 95.69355 63.13701 19.49967 91.77513 63.13701 19.49967 91.77513 63.13701 33.77475 77.50038 63.13701 33.77475 77.50038 63.13701 39 58 63.13701 39 58 63.13701 39 58 63.13701 39 58 61.13701 39 58 61.13701 39 58 61.13701 33.77475 77.50038 61.13701 33.77475 77.50038 61.13701 19.49967 91.77513 61.13701 19.49967 91.77513 61.13701 10.00959 95.69355 61.13701 10.00959 95.69355 61.13701 -6e-6 96.99994 61.13701 -6e-6 96.99994 61.13701 -19.49968 91.77513 61.13701 -19.49968 91.77513 61.13701 -20.03737 91.45893 61.13701 -20.03737 91.45893 61.13701 -33.77476 77.50037 61.13701 -33.77476 77.50037 61.13701 -33.77476 38.49962 63.13701 -33.77476 38.49962 63.13701 -20.03736 24.54108 63.13701 -20.03736 24.54108 63.13701 -20.03055 23.3767 63.13701 -20.03055 23.3767 63.13701 -34.64078 37.99962 63.13701 -34.64078 37.99962 63.13701 -40 58 63.13701 -40 58 63.13701 -40 58 63.13701 -34.64078 78.00038 63.13701 -34.64078 78.00038 63.13701 -20.03056 92.62331 63.13701 -20.03056 92.62331 63.13701 -6e-6 97.99994 63.13701 -6e-6 97.99994 63.13701 10.00872 96.72753 63.13701 10.00872 96.72753 63.13701 19.99966 92.64115 63.13701 19.99966 92.64115 63.13701 34.64077 78.00038 63.13701 34.64077 78.00038 63.13701 40 58 63.13701 40 58 63.13701 40 58 63.13701 34.64078 37.99962 63.13701 34.64078 37.99962 63.13701 19.99967 23.35885 63.13701 19.99967 23.35885 63.13701 10.00873 19.27247 63.13701 10.00873 19.27247 63.13701 10.00959 20.30645 63.13701 10.00959 20.30645 63.13701 19.49968 24.22488 63.13701 19.49968 24.22488 63.13701 33.77476 38.49963 63.13701 33.77476 38.49963 63.13701 -19.49968 24.22488 63.13701 -19.49968 24.22488 63.13701 10e-7 19.00006 63.13701 10e-7 19.00006 63.13701 10e-7 18.00006 63.13701 10e-7 18.00006 63.13701 -40 58 61.13701 -40 58 61.13701 -40 58 61.13701 -34.64078 78.00038 61.13701 -34.64078 78.00038 61.13701 -20.03056 92.62331 61.13701 -20.03056 92.62331 61.13701 -6e-6 97.99994 61.13701 -6e-6 97.99994 61.13701 10.00872 96.72753 61.13701 10.00872 96.72753 61.13701 19.99966 92.64115 61.13701 19.99966 92.64115 61.13701 34.64077 78.00038 61.13701 34.64077 78.00038 61.13701 40 58 61.13701 40 58 61.13701 40 58 61.13701 -34.64078 37.99962 61.13701 -34.64078 37.99962 61.13701 -20.03055 23.3767 61.13701 -20.03055 23.3767 61.13701 -20.03736 24.54108 61.13701 -20.03736 24.54108 61.13701 -33.77476 38.49962 61.13701 -33.77476 38.49962 61.13701 33.77476 38.49963 61.13701 33.77476 38.49963 61.13701 19.49968 24.22488 61.13701 19.49968 24.22488 61.13701 10.00959 20.30645 61.13701 10.00959 20.30645 61.13701 10.00873 19.27247 61.13701 10.00873 19.27247 61.13701 19.99967 23.35885 61.13701 19.99967 23.35885 61.13701 34.64078 37.99962 61.13701 34.64078 37.99962 61.13701 10e-7 18.00006 61.13701 10e-7 18.00006 61.13701 10e-7 19.00006 61.13701 10e-7 19.00006 61.13701</float_array>
          <technique_common>
            <accessor source="#_-mesh-positions-array" count="2578" stride="3">
              <param name="X" type="float"/>
              <param name="Y" type="float"/>
              <param name="Z" type="float"/>
            </accessor>
          </technique_common>
        </source>
        <source id="_-mesh-normals">
          <float_array id="_-mesh-normals-array" count="14193">-0.4810177 -0.8767109 -1.53482e-5 -0.001385927 -0.3930726 -0.9195064 -3.7685e-5 -0.3922945 -0.9198397 -1.0885e-6 -0.3907316 -0.9205046 -6.4224e-6 -0.835951 -0.5488042 -0.4809916 -0.8767253 -3.40045e-5 2.18302e-5 -0.3922562 -0.919856 6.81549e-4 -0.3928135 -0.9196179 -2.73436e-6 -0.8359613 -0.5487885 1.10194e-5 -0.392286 -0.9198434 0 -0.3907315 -0.9205047 -0.4810278 -0.8767054 -4.69983e-5 -0.001387536 -0.3930395 -0.9195206 -0.001405894 -0.3930451 -0.9195182 -8.09521e-6 -0.3907333 -0.9205039 -9.72845e-7 -0.3907339 -0.9205038 -0.4810011 -0.87672 -1.73151e-5 -0.003020524 -0.392592 -0.9197079 -0.001496791 -0.3931178 -0.919487 -2.61344e-6 -0.3907321 -0.9205045 0 -0.3907309 -0.9205049 -0.8546627 -0.5191836 1.36048e-5 -0.005109906 -0.391195 -0.9202936 -0.00308299 -0.3925777 -0.9197137 0 -0.3907314 -0.9205047 -0.4809308 -0.8767586 4.28148e-5 -0.8547204 -0.5190888 -2.15811e-6 -0.003018796 -0.3926164 -0.9196975 0 -0.3907309 -0.9205049 -1 1.04457e-4 -1.00918e-5 -0.006711006 -0.3880209 -0.9216263 -0.00508815 -0.3911916 -0.9202952 0 -0.3907319 -0.9205046 -0.8547009 -0.5191208 2.49818e-5 -1 -2.43038e-5 -3.56138e-6 -0.005103886 -0.3912102 -0.9202873 0 -0.3907303 -0.9205053 -0.8546756 0.5191625 3.53903e-6 -0.005286991 -0.3835271 -0.9235146 -0.006685733 -0.3879946 -0.9216374 0 -0.3907277 -0.9205064 -1 7.74562e-5 1.43051e-5 -0.8546705 0.5191708 2.31564e-5 -0.006746411 -0.3880052 -0.9216325 0 -0.390731 -0.920505 -0.4808053 0.8768274 -3.66569e-5 -0.004565954 -0.3830968 -0.923697 -0.005316555 -0.3835141 -0.9235197 1.53776e-6 -0.3907349 -0.9205033 -0.8546978 0.5191259 -2.39015e-5 -0.4808753 0.876789 1.44541e-5 -0.005398333 -0.3835029 -0.9235239 1.52112e-6 -0.3907325 -0.9205043 1.48565e-5 0.5719006 -0.8203229 -3.35127e-5 -0.3825929 -0.9239171 -0.004631817 -0.3831046 -0.9236934 -6.13063e-7 -0.3907273 -0.9205065 -3.24845e-6 1 -7.8246e-5 1.82418e-5 0.5718721 -0.820343 -0.004657745 -0.3831267 -0.9236841 -0.4807985 0.8768312 6.02752e-6 -9.26433e-6 1 2.13049e-5 -0.004657685 -0.3831229 -0.9236857 1.35641e-7 -0.390731 -0.920505 4.88621e-6 -0.3907309 -0.9205051 0.4809831 0.8767299 2.22921e-5 1.38432e-5 -0.3826924 -0.9238758 -1.64658e-5 0.5719205 -0.8203092 1.27199e-7 -0.3907278 -0.9205062 0.4809415 0.8767527 2.18749e-5 0.002800166 -0.3823592 -0.9240096 -1.14366e-5 -0.3826375 -0.9238986 0.4809847 0.876729 6.50585e-5 -1.19805e-5 0.5719475 -0.8202903 4.67524e-7 1 4.15146e-5 -2.05636e-6 1 -7.87995e-7 -2.05613e-6 1 9.41753e-6 -0.4808966 0.8767774 -2.75113e-5 0.4815943 0.8763943 1.20166e-5 0.481006 0.8767174 9.75281e-6 -9.65223e-6 1 -9.18657e-6 5.64242e-6 1 -2.30968e-5 0.4815302 0.8764296 1.84774e-5 5.64754e-6 1 -1.78784e-5 -0.4817233 0.8763235 2.33459e-6 -0.4807987 0.8768311 -1.05277e-5 -0.8546575 0.5191922 -1.14534e-5 -0.4816563 0.8763603 2.77851e-5 -2.25229e-5 1 -1.2964e-5 -0.4808993 0.8767759 8.42847e-6 -0.8550866 0.5184852 -1.78657e-5 -0.8547137 0.5190998 6.88434e-6 -1 -1.69212e-5 1.07139e-5 -0.8550724 0.5185086 -1.57356e-5 -0.4816623 0.876357 2.32942e-5 -0.8546748 0.5191637 -5.06185e-6 -1 1.2517e-6 -1.57801e-5 -1 1.15484e-6 -8.9705e-6 -0.8546497 -0.5192051 9.17166e-6 -1 -1.60299e-5 -5.8338e-6 -0.8550803 0.5184957 2.37599e-5 -1 -1.60933e-5 -1.07508e-5 -0.4815384 -0.876425 -9.02265e-6 -0.8546765 -0.5191611 1.94386e-5 -0.4809923 -0.8767249 7.51228e-6 -0.8550726 -0.5185085 -8.56072e-6 -1 -1.82744e-5 -1.37314e-5 -0.8546497 -0.519205 1.12541e-5 -0.4814987 -0.8764468 1.22637e-5 -0.8551209 -0.5184288 0 -0.8546482 -0.5192074 -6.07222e-6 -1.14739e-6 -0.8360004 -0.5487288 5.75557e-6 -1 1.00985e-4 -0.4810245 -0.8767072 4.66406e-5 -0.4815288 -0.8764304 -8.17864e-6 -0.4810246 -0.8767072 -3.30806e-6 -1.37319e-5 -1 1.61529e-5 7.41214e-4 -0.3927731 -0.9196351 -7.34627e-6 -1 -3.24105e-5 -2.6837e-5 -0.8359241 -0.5488451 0.4807861 -0.876838 2.20537e-6 3.12179e-5 -1 -4.29153e-6 6.8878e-4 -0.3927682 -0.9196373 1.75834e-6 -1 3.5148e-6 1.63866e-6 -1 4.55417e-6 0.4808962 -0.8767775 -2.68444e-5 -0.4815302 -0.8764296 -5.22099e-6 -5.72205e-6 -1 -2.84751e-6 -5.64568e-6 -1 2.33334e-5 -0.3090016 0.9510615 -1.54004e-5 -0.4683931 0.8835202 1.30683e-5 1.11185e-4 1 -5.1409e-6 -0.8090282 0.5877699 -1.0103e-5 -0.4812238 0.8765978 -9.50694e-6 -0.4683962 0.8835186 -7.7039e-6 -0.8090041 0.5878032 2.93851e-5 -0.4684098 0.8835114 1.51992e-5 -0.3089666 0.951073 -2.02656e-6 0 -0.3907275 -0.9205064 -0.3090506 0.9510456 -5.78165e-6 -2.25287e-5 1 -9.08971e-6 0.2844311 0.9586965 -1.40667e-5 0 -0.3907263 -0.920507 0 -0.3907322 -0.9205045 0.3089903 0.9510653 4.09316e-6 0.2844198 0.9586999 7.44313e-6 0.4811993 0.8766113 7.72625e-6 -0.3089736 0.9510707 -2.9251e-5 0.2844087 0.9587032 1.77287e-5 0.3089678 0.9510725 1.17794e-5 0.4808271 0.8768155 -8.30293e-5 0.00478059 -0.3828503 -0.9237981 0.002803266 -0.3823518 -0.9240126 -1.63797e-6 -0.3907302 -0.9205053 0.4809138 0.876768 3.56734e-5 0.006803214 -0.3864626 -0.92228 0.004925668 -0.382912 -0.9237718 -6.8162e-7 -0.3907335 -0.9205039 0.8089891 0.5878237 -6.70925e-6 0.4812949 0.8765587 5.2359e-6 0.8550077 0.5186154 0 0.3090139 0.9510576 1.51843e-5 0.4812017 0.87661 1.58399e-5 0.8089907 0.5878216 7.7486e-7 -1.15301e-6 -0.3907308 -0.920505 0.8090067 0.5877994 -1.53109e-5 0.855004 0.5186215 -1.32024e-5 1 2.05338e-5 6.74277e-6 -5.62746e-6 -0.3907286 -0.9205061 0 -0.3907313 -0.9205048 1 1.19805e-5 2.38694e-5 1 1.19954e-5 2.487e-5 0.8550035 -0.5186225 -2.14279e-5 -2.13334e-5 -0.3907321 -0.9205046 0.8089999 0.5878088 1.87457e-5 1 1.94311e-5 -1.28421e-5 1 1.94311e-5 1.47612e-5 0 -0.3907318 -0.9205046 0.8144017 -0.5803017 4.99189e-7 0.855011 -0.51861 -4.53368e-6 0.4812052 -0.876608 -5.31971e-6 -1.38696e-5 -0.390734 -0.9205037 1 8.85129e-6 -1.03563e-6 0.8550018 -0.5186253 -8.34465e-6 1 8.85129e-6 1.88621e-5 0.8143556 -0.5803662 5.47618e-6 1 -4.70877e-6 0 0.8550179 -0.5185986 3.90038e-6 0 -0.3907304 -0.9205052 0.4216048 -0.9067797 -1.50353e-5 0.4812166 -0.8766018 1.4035e-6 0.2843903 -0.9587087 -2.71946e-6 0 -0.3907325 -0.9205043 0.8143582 -0.5803626 -1.38879e-5 0.4812196 -0.8766001 -1.49161e-5 0.4216159 -0.9067746 4.72739e-6 0 -0.3907303 -0.9205052 1.03335e-4 -1 -5.48363e-6 0.2844228 -0.9586991 -1.02082e-5 7.45058e-6 -1 -1.1663e-5 0.421574 -0.906794 -4.03821e-6 0.2844061 -0.958704 3.09944e-6 1.0642e-4 -1 -2.60547e-5 0.4808309 -0.8768134 8.13603e-6 6.96219e-4 -0.3928182 -0.9196159 0.001780927 -0.3931168 -0.9194869 0.854694 -0.5191321 -1.65403e-5 0.001803696 -0.3931098 -0.9194898 0.003884077 -0.3922972 -0.9198305 0.8546729 -0.5191668 -2.17762e-5 0.480801 -0.8768298 2.91597e-5 0.001832842 -0.3931274 -0.9194822 1 1.00136e-5 2.07275e-5 0.003920078 -0.3923242 -0.9198187 0.00607717 -0.3901198 -0.9207441 1 -2.94447e-5 -1.07214e-5 0.8547115 -0.5191033 6.79493e-6 0.003905296 -0.3923128 -0.9198236 0.854654 0.5191981 1.83433e-5 0.006112933 -0.3901377 -0.9207363 0.006817042 -0.3864768 -0.9222741 0.8547124 0.519102 1.39177e-5 1 -9.04277e-5 1.02222e-5 0.006110191 -0.3901048 -0.9207503 0.4809988 0.8767213 -2.46167e-5 0.8546852 0.5191468 1.68979e-5 0.006753742 -0.3865037 -0.9222632 -0.4213945 -0.9068774 -2.10237e-5 -7.59526e-5 -1 6.98119e-6 -0.4684006 -0.8835163 2.0586e-5 1.01745e-4 -1 1.46058e-6 5.88596e-6 -1 1.11088e-5 -0.4213981 -0.9068759 -3.75882e-6 -0.4213998 -0.906875 -4.76651e-6 -0.468406 -0.8835134 2.87592e-6 -0.4812149 -0.8766028 1.48508e-5 -0.8142414 -0.5805265 1.02371e-5 -0.4812166 -0.8766018 8.91834e-6 -0.8550018 -0.5186251 1.17868e-5 -0.4214515 -0.9068511 3.96371e-6 -0.4812151 -0.8766025 1.95205e-6 -0.8142359 -0.5805342 5.28991e-6 -0.8141919 -0.580596 4.00841e-6 -0.8550211 -0.5185934 5.51715e-6 -1 -4.64381e-6 -1.0957e-5 -1 -1.25468e-5 -1.88535e-5 -1 -1.25468e-5 -2.11671e-5 -0.8550037 0.5186221 5.53578e-6 -0.814238 -0.5805314 8.06525e-6 -1 -1.74344e-5 3.60996e-6 -1 -1.74567e-5 1.04755e-5 -0.8090001 0.5878087 3.31551e-6 -0.8550167 0.5186007 -1.51992e-6 -0.4811944 0.876614 -8.24034e-6 -1 1.86265e-5 -2.639e-5 -0.8550123 0.5186077 1.39885e-5 -0.8090021 0.5878059 -4.38094e-6 0.4816601 -0.8763582 -8.85688e-6 0.4809037 -0.8767735 -1.59144e-5 0.8547167 -0.5190947 -5.1409e-6 0.4817242 -0.8763229 -3.76627e-6 9.96515e-6 -1 1.92299e-5 0.4807996 -0.8768306 -2.02847e-5 0.8550834 -0.5184906 9.31323e-7 0.8547102 -0.5191054 6.05732e-6 1 8.65757e-6 -2.74703e-5 0.8550909 -0.5184782 1.98707e-5 0.481653 -0.8763621 1.41114e-5 0.8547177 -0.5190932 -9.979e-6 1 -9.65595e-6 -1.1643e-5 1 -9.71556e-6 -1.61231e-5 0.8546542 0.5191978 -1.02818e-6 1 1.85482e-5 -1.8999e-6 0.8550815 -0.5184937 2.69115e-5 1 1.85072e-5 -1.31815e-5 0.4815249 0.8764325 -1.69147e-5 0.8546447 0.5192133 1.16602e-5 0.4810202 0.8767095 6.44836e-6 0.8551393 0.5183985 2.13832e-5 1 -1.72481e-5 6.41495e-6 0.8546418 0.5192182 -4.14765e-6 0.4815399 0.8764243 1.0699e-5 0.8550723 0.5185089 1.82684e-5 0.8546494 0.5192057 1.23959e-5 -1.69873e-5 -0.719288 0.6947121 -1.26088e-5 -1 2.17259e-5 0.4815819 -0.8764011 -2.6077e-5 -0.1423027 0.0540331 0.9883473 -0.4815278 -0.8764308 -1.80993e-5 1.20348e-5 -1 -2.75886e-5 -1.63503e-5 -0.7193888 0.6946076 -0.1423513 0.05410832 0.9883362 3.11285e-5 -1 2.07312e-6 0.2021861 0.1950248 0.9597323 0.4816665 -0.8763548 8.10623e-6 0.8550791 -0.5184978 1.03116e-5 -2.5291e-5 -0.7192991 0.6947006 0.481711 -0.8763301 1.58846e-5 -2.46465e-5 -0.002096474 0.9999978 0.1433969 0.054973 0.9881373 9.3773e-5 -0.002108454 0.9999978 0.4816653 -0.8763553 -6.16908e-6 0.2022528 0.1950129 0.9597207 0.143404 0.05500096 0.9881348 0.4816321 -0.8763737 -1.12355e-5 0.143907 0.3321979 0.9321671 0.8550983 -0.5184659 1.31503e-5 1 -9.84222e-6 7.30157e-6 0.1439225 0.332248 0.9321468 0.202315 0.1950324 0.9597036 0.8550996 -0.5184638 -1.08778e-5 6.2272e-5 0.3907205 0.9205095 1 -2.69339e-5 8.88109e-6 0.8551409 0.5183957 -1.01328e-6 -1.16229e-5 0.3906935 0.9205209 8.96221e-5 0.3906867 0.9205238 1 3.05064e-5 -1.19507e-5 0.1438835 0.3322229 0.9321618 1 -7.10487e-5 -2.45869e-6 2.14815e-4 0.390824 0.9204655 2.37301e-5 0.3906828 0.9205254 0.8551307 0.5184126 5.40912e-6 0.4815058 0.876443 -6.74464e-6 -1.08778e-5 0.390724 0.920508 4.82798e-6 0.3907947 0.9204779 0.85512 0.5184303 4.67896e-6 1.64911e-4 0.3907222 0.9205087 0.4815037 0.8764441 2.37525e-5 -4.08338e-5 1 -3.27826e-7 3.2872e-5 0.3907063 0.9205154 2.68221e-5 0.390719 0.92051 0.4815007 0.8764458 -1.33738e-5 3.69251e-5 0.3906791 0.9205271 1.40071e-5 0.3906968 0.9205195 0.4814947 0.876449 -2.33352e-5 -3.74019e-6 0.3907314 0.9205047 2.58982e-5 0.3907167 0.9205111 0.4815049 0.8764434 -1.36495e-5 5.02169e-6 0.8343878 0.5511778 -7.04452e-6 1 -5.59688e-5 -0.4816153 0.8763828 -7.51019e-6 -8.72463e-5 0.3906893 0.9205226 5.1409e-7 1 4.42844e-7 -1.26138e-5 0.8343829 0.5511853 7.98702e-6 0.3906594 0.9205353 3.97116e-5 0.390791 0.9204795 2.30074e-5 1 7.30157e-6 4.20213e-6 0.3907074 0.9205149 -0.4817175 0.8763266 2.61068e-5 -0.8550706 0.5185116 -2.16663e-5 1.11163e-5 0.3907073 0.920515 -1.56611e-5 0.8343516 0.5512326 -0.4816241 0.8763779 2.68221e-6 2.14577e-5 0.390756 0.9204943 -3.55989e-5 0.3907452 0.9204989 -0.4817038 0.8763341 3.20673e-5 -8.9407e-7 0.390735 0.9205032 -3.09199e-6 0.3907841 0.9204825 -0.4816434 0.8763673 -3.17395e-5 3.36319e-5 0.3907164 0.9205111 -0.8550669 0.5185177 -1.20103e-5 -1 5.27501e-6 2.26945e-5 3.40939e-5 0.3906915 0.9205217 1.4931e-5 0.3906779 0.9205275 -0.8550812 0.5184941 -1.05947e-5 2.41995e-5 0.3907309 0.9205051 -1.11163e-5 0.3906911 0.9205219 -0.8550729 0.5185079 1.2517e-5 -1.28746e-5 0.3907492 0.9204972 -1.03712e-5 0.3907561 0.9204942 -0.8550862 0.5184859 -1.37091e-6 -7.68907e-5 0.3906875 0.9205234 -1 5.84125e-6 2.17855e-5 -0.8551371 -0.5184021 -1.89245e-5 2.78652e-5 0.390723 0.9205083 2.23815e-5 0.3907189 0.9205102 -1 -4.8697e-5 7.86781e-6 7.58469e-5 0.3906919 0.9205215 -5.15729e-5 0.390751 0.9204965 -1 -1.71214e-5 1.46478e-5 -1.85072e-5 0.3907296 0.9205056 -2.03848e-5 0.3907273 0.9205065 -1 -2.79723e-5 1.508e-5 -8.47578e-5 0.3907565 0.9204942 9.11951e-6 0.3907024 0.920517 -1 -2.36034e-5 -6.4224e-6 -0.2018561 0.1926261 0.960286 -0.8551135 -0.518441 1.26064e-5 -0.4815297 -0.8764299 1.36942e-5 -0.1445254 0.331558 0.9322991 -1.01835e-4 0.3906713 0.9205303 -0.8551254 -0.5184212 1.64509e-5 -0.2019001 0.1925531 0.9602915 -0.1444794 0.3313703 0.9323731 -0.8551132 -0.5184414 2.67029e-5 -0.1423218 0.05410182 0.9883408 -0.2018616 0.192595 0.9602912 -0.4815306 -0.8764293 5.48363e-6 1.09524e-6 0.3906863 0.920524 1.75983e-5 0.8343509 0.5512337 -1.7805e-5 0.3906887 0.9205229 0 0.3907175 0.9205107 0 0.3907244 0.9205077 -2.97271e-7 0.3907426 0.9205 0 0.3907366 0.9205027 -9.34115e-7 0.3907386 0.9205017 -4.04029e-6 0.3907228 0.9205085 0 0.3907313 0.9205048 -8.66385e-6 0.390744 0.9204995 0 0.3907341 0.9205037 3.19248e-6 0.3907266 0.9205069 -3.71776e-6 0.3907398 0.9205013 0 0.3907343 0.9205036 1.77825e-6 0.3907269 0.9205068 2.09337e-4 0.3907272 0.9205065 0 0.3907263 0.9205069 0 0.3907563 0.9204943 -0.6936056 0.2856892 0.6612814 1.80006e-4 0.3907161 0.9205112 -0.1443899 0.331514 0.9323359 -0.9143522 0.4049198 -2.27094e-5 4.59072e-6 0.3907319 0.9205046 -0.6935859 0.2857019 0.6612964 1.06245e-5 0.3907068 0.9205152 1.11014e-5 0.390712 0.920513 -0.9143086 0.4050185 -5.40912e-6 -0.9186804 -0.3950018 -4.34928e-6 -0.1444075 0.3314941 0.9323402 -0.2022745 0.1922746 0.9602686 -0.9999742 0.007188677 1.06171e-5 -0.6935961 0.2857225 0.6612769 -0.144402 0.331578 0.9323112 -0.9186971 -0.394963 -1.89841e-5 -0.9999746 0.007132649 -1.10328e-4 -0.1443873 0.3315914 0.9323087 -0.6911116 -0.7227481 -1.71252e-5 -0.2023587 0.1923015 0.9602454 -0.1418749 0.05599981 0.9882993 -0.6910836 -0.7227749 -1.35899e-5 -0.9186856 -0.3949897 1.2666e-5 -0.2022781 0.1922731 0.960268 -2.35438e-6 -0.7193919 0.6946045 1.28597e-5 -0.002084553 0.9999979 -0.1423038 0.05407959 0.9883447 -0.3679351 -0.9298515 -9.34202e-5 -0.1418663 0.05599075 0.9883012 -7.32914e-5 2.05338e-4 1 -0.3678994 -0.9298657 -8.40426e-5 -0.6911495 -0.7227118 -2.25306e-5 -0.1418631 0.0559777 0.9883024 -5.75185e-6 -1 -1.12157e-4 1.88127e-6 2.99603e-4 1 0.1428697 0.0569905 0.9880995 1.14925e-4 -1 1.00434e-5 -0.3678659 -0.9298788 -1.26481e-4 4.73857e-6 3.0683e-4 1 0 0.3907306 0.9205052 0.8401386 -0.5423719 -2.9752e-5 0.1435265 0.3325047 0.9321164 -2.97427e-4 0.3907023 0.9205172 0.7184377 0.2761082 0.6384448 0.8401189 -0.5424023 1.49012e-6 -2.98497e-4 0.3907335 0.9205039 -1.27852e-5 0.3907119 0.920513 0.7184352 0.2761104 0.6384466 -1.12951e-5 0.390708 0.9205147 0 0.390718 0.9205104 -5.09999e-6 0.3907254 0.9205073 0 0.3907348 0.9205034 -5.99931e-6 0.3907348 0.9205033 -2.59514e-6 0.3907291 0.9205057 2.95583e-6 0.3907288 0.9205059 -4.49765e-6 0.3907275 0.9205064 3.98863e-7 0.3907313 0.9205048 0.451681 -0.8921796 6.7614e-6 0.1428305 0.05702376 0.9881032 0.2024082 0.1951708 0.9596558 0.4517263 -0.8921567 2.04891e-5 8.14795e-5 -1 -9.62168e-5 0.1427977 0.057006 0.9881089 0.8401003 -0.5424313 2.17557e-6 0.2022944 0.1952256 0.9596687 0.143485 0.3324171 0.9321539 0.8400946 -0.5424401 3.05623e-5 0.451685 -0.8921775 3.75008e-5 0.2022963 0.1951928 0.959675 -0.9143053 0.4050256 -8.40425e-6 -0.6935189 0.2857404 0.6613501 -0.9999743 0.007186055 -1.05262e-4 -1 -5.84126e-6 -1.74565e-5 -0.9999743 0.007184803 2.08765e-5 -0.9186802 -0.3950024 -2.89083e-6 -0.8660297 0.4999926 2.82004e-6 -0.9143468 0.4049322 5.69969e-7 -0.9999741 0.007211685 1.28299e-5 -1 2.16743e-5 -1.90223e-7 -0.8660118 0.5000238 1.41934e-5 -0.999974 0.007212817 -1.46821e-5 -0.8660079 -0.5000304 -6.63102e-6 -0.918685 -0.3949908 -1.33961e-5 -0.6910793 -0.722779 -1.41934e-5 -0.86601 -0.5000268 -1.6652e-6 -1 -1.90437e-5 -3.78489e-6 -0.9186843 -0.3949928 3.42727e-7 -0.5007899 -0.8655689 -5.40764e-6 -0.6910911 -0.7227678 1.71363e-7 -0.3672891 -0.9301069 -6.32554e-6 -0.500696 -0.8656232 7.96467e-6 -0.8660128 -0.5000221 -1.4782e-5 -0.6910792 -0.722779 -1.71214e-5 -0.5007802 -0.8655745 6.72042e-6 -0.3673748 -0.930073 8.73208e-6 1.61026e-5 -1 7.34255e-6 -6.07967e-6 -1 6.68336e-6 -6.0699e-6 -1 2.14987e-5 0.4518012 -0.8921188 -1.53333e-5 -0.5007928 -0.8655673 -1.84923e-5 -2.0802e-5 -1 -9.43656e-6 -2.0802e-5 -1 -1.23836e-5 0.5000042 -0.866023 9.31322e-6 0.4518014 -0.8921185 1.29584e-5 0.8401106 -0.5424152 3.8892e-6 0.2501041 -0.9682191 -1.87606e-5 1.85519e-6 -1 -6.17281e-6 0.4518086 -0.892115 2.25306e-5 0.4999928 -0.8660297 8.55885e-6 0.2500965 -0.968221 -2.17557e-6 0.4517928 -0.8921229 -1.2964e-6 0.7184848 0.2761814 0.63836 0.9999741 0.00720632 -8.34167e-5 0.8401288 -0.542387 2.02656e-6 0.8660252 -0.5000004 -9.1996e-6 0.8401083 -0.5424188 -1.45137e-5 0.9999741 0.007202863 -1.13249e-5 0.8660237 -0.5000031 5.51902e-6 0.5000039 -0.8660233 1.11759e-6 0.8401841 -0.5423014 -9.76026e-6 4.41074e-6 0.3907994 0.920476 0.9999741 0.0072003 -1.23642e-4 0.7184446 0.2761808 0.6384056 -5.97239e-5 0.3906901 0.9205223 0.9143277 0.4049752 -1.03414e-5 0.9999746 0.007125794 -1.12161e-4 1 9.23872e-6 -1.65147e-6 0.9999741 0.00720036 -9.02265e-6 0.9143458 0.4049344 6.20633e-6 1 -2.17043e-5 9.87458e-6 0.8660125 -0.5000224 -1.04457e-5 0.999974 0.007217407 1.05798e-6 1.02371e-5 0.390706 0.9205155 0.685821 0.7277703 2.98023e-6 0.9143558 0.4049117 -9.83477e-6 0.8660277 0.4999963 5.69969e-7 0.914344 0.4049386 -2.2836e-6 0.6857815 0.7278075 -9.33185e-6 0.8660109 0.5000252 -1.10436e-5 1 1.61976e-5 1.67191e-5 0.9143168 0.4049997 1.25207e-5 7.00355e-7 0.3907108 0.9205135 0.364089 0.9313643 -2.16067e-5 0.6858277 0.7277641 -2.17557e-6 0.4999932 0.8660295 6.20633e-6 0.6858427 0.7277499 -2.49036e-6 0.364085 0.9313657 -5.0813e-6 2.38419e-5 0.3907005 0.9205179 1.90437e-5 0.3907012 0.9205176 0.6858112 0.7277796 -2.79006e-5 -3.86834e-5 0.3907171 0.9205108 -1.25542e-6 0.390753 0.9204956 0.6857996 0.7277905 4.32134e-6 0.5000224 0.8660126 1.85892e-5 0.8660122 0.500023 1.38134e-5 0.6858003 0.7277898 1.28029e-5 1.03544e-5 0.3906979 0.9205189 -9.08971e-6 1 -8.04067e-5 0.3640543 0.9313778 1.68383e-5 0.2500851 0.9682239 2.4843e-6 0.3641037 0.9313584 3.15614e-6 -1.35899e-5 1 4.48525e-6 -1.00583e-5 0.3906788 0.9205271 -4.70579e-5 0.3906959 0.9205198 0.3640007 0.9313986 1.71391e-5 0.2500862 0.9682236 6.91507e-6 0.5000007 0.866025 5.21913e-6 0.3640905 0.9313636 2.09082e-7 9.65595e-6 0.3907368 0.9205024 -0.3640901 0.9313638 -3.41237e-5 -2.2918e-5 1 -1.37136e-4 1.72555e-5 1 1.79636e-5 1.73036e-5 1 5.85802e-7 -0.36409 0.9313638 -1.40183e-5 -1.42045e-5 0.3906877 0.9205234 3.27826e-7 0.3906919 0.9205215 9.01893e-6 1 -9.19998e-5 2.10851e-5 1 -6.02057e-6 0.250116 0.968216 -3.41982e-6 2.10851e-5 1 9.76947e-6 9.55164e-6 0.3907009 0.9205177 -0.6858326 0.7277594 1.25766e-5 -0.3639988 0.9313995 -1.42157e-5 -0.500766 0.8655828 4.86709e-6 -0.364097 0.9313611 1.2137e-5 -0.6858118 0.727779 -9.10834e-6 -2.79918e-5 0.3907353 0.9205031 -3.94583e-5 0.3907299 0.9205054 -0.3640537 0.931378 -1.33514e-5 -0.5007674 0.8655819 1.76541e-5 -2.5332e-6 1 1.733e-5 -0.3641067 0.9313573 3.98606e-7 -3.96371e-6 0.3907189 0.9205101 -0.9143123 0.4050101 2.51234e-5 -0.6858308 0.727761 -3.8445e-6 -0.8660281 0.4999954 -2.41399e-6 -0.6857817 0.7278074 -1.22711e-5 -0.9143441 0.4049383 -1.88313e-6 -6.28829e-6 0.3906941 0.9205207 -7.12275e-6 0.3907042 0.9205163 -0.6858077 0.7277829 2.30223e-6 6.52671e-6 0.3907784 0.9204848 -3.66792e-5 0.3906908 0.920522 -0.6858019 0.7277883 -1.32918e-5 -0.8660222 0.5000056 -2.49445e-5 -0.5007701 0.8655803 1.57133e-5 -0.6857844 0.7278048 -1.9182e-5 -1.7643e-5 0.390725 0.9205076 -2.67327e-5 0.3906794 0.9205268 -0.9143086 0.4050183 -2.25008e-5 -5.33461e-6 0.3907686 0.9204889 3.69996e-5 0.3907265 0.9205068 -0.9143115 0.4050118 3.52487e-5 0 0 1 -2.95564e-6 0 1 -3.6837e-7 0 1 6.10268e-6 0 1 2.99843e-6 0 1 -6.2607e-6 0 1 6.10262e-6 0 1 3.91297e-7 0 1 -2.95561e-6 0 1 2.99844e-6 0 1 7.36729e-7 0 1 -7.21688e-6 0 1 1.18513e-6 0 1 6.43981e-6 0 1 -7.21691e-6 0 1 -1.60997e-6 0 1 3.95045e-7 0 1 6.91414e-6 -3.64333e-6 1 -0.5007613 -0.8655855 1.63019e-5 -3.37958e-5 -1 8.9556e-6 0 0 -1 -5.26011e-6 -0.7070848 0.7071288 6.92606e-5 -6.20671e-5 1 4.07994e-5 -1 4.4249e-5 0.2501389 -0.96821 -1.51992e-6 1.81794e-6 -0.707094 0.7071196 1.58772e-5 -1 -2.18153e-5 -0.8524019 -0.4922059 0.1764778 -0.8660218 -0.5000064 3.95626e-6 -0.5007808 -0.8655743 -1.8537e-5 7.21691e-6 0 -1 -0.7895681 -0.5877432 0.1764663 -0.8524372 -0.4921323 0.1765127 -0.5007866 -0.8655709 -2.2471e-5 -0.7572694 -0.6071003 0.2407748 -0.7895103 -0.5878149 0.176486 -0.5007725 -0.8655791 -2.31117e-5 -0.7016447 -0.5814884 0.411784 -0.7573356 -0.6069991 0.2408214 -0.5007829 -0.865573 2.88188e-5 -0.5092757 -0.4216839 0.750214 -0.7015967 -0.5815169 0.4118256 -0.5007414 -0.865597 1.84774e-5 -0.2265841 -0.1873911 0.9557951 -0.5092682 -0.4218088 0.7501488 -0.500839 -0.8655405 6.4224e-6 -0.1131987 -0.09267765 0.9892406 -0.2266359 -0.1874167 0.9557778 -0.5007804 -0.8655745 -2.28398e-5 1.30534e-5 -1.6436e-5 1 -0.1132956 -0.09271359 0.9892261 -0.5007009 -0.8656205 1.11759e-5 -2.37525e-5 2.88785e-5 1 -4.8846e-5 4.94719e-5 1 -0.5007845 -0.865572 3.99491e-6 3.95045e-7 0 -1 -0.9037925 -0.389877 0.1765077 -1 -6.0685e-6 -2.02358e-5 -0.86602 -0.5000095 2.78354e-5 -0.8524387 -0.4921275 0.1765188 -0.9037868 -0.3899003 0.1764855 -0.8660165 -0.5000156 -2.28691e-5 -6.4399e-6 0 -1 3.88548e-6 -1.22637e-5 1 -0.8660324 0.4999879 4.58956e-6 -1 1.508e-5 4.35114e-6 -9.35793e-6 3.42727e-6 1 -1.02222e-5 1.2815e-6 1 -1 5.9817e-5 2.50516e-5 -0.8544292 -0.3169181 0.4117203 -1.61417e-5 2.81334e-5 1 -1 -2.27094e-5 1.36793e-5 -0.9043933 -0.3524101 0.2405827 -0.8544413 -0.3169163 0.4116967 -1 -1.75089e-7 -2.19941e-5 -0.9037898 -0.3898789 0.1765177 -0.9044421 -0.3523367 0.2405062 -1 -1.57421e-5 -4.60446e-6 8.22544e-6 3.59192e-5 1 -0.500718 0.8656105 -4.76837e-7 -0.8660418 0.4999716 -7.94232e-6 7.21688e-6 0 -1 -2.64943e-5 -1.75834e-6 1 2.61553e-5 5.51045e-5 1 -0.8660507 0.4999564 -5.52647e-6 -6.43981e-6 0 -1 -2.54274e-6 0 -1 -1.54674e-5 0.9960693 0.08857727 -1.20343e-5 1 -2.5183e-5 -0.5007972 0.8655647 -2.85022e-5 -7.06315e-6 0.9842965 0.1765236 -1.86174e-6 0.9960672 0.08860135 -0.500779 0.8655751 1.73226e-5 -0.05715668 0.9826374 0.1765133 4.03523e-5 0.984298 0.1765149 -0.500747 0.8655937 -1.18017e-5 -0.1142914 0.9776446 0.17649 -0.05716288 0.9826412 0.1764903 -0.5006981 0.8656221 -6.07967e-6 -0.1471086 0.9593666 0.2407796 -0.1143097 0.9776404 0.176501 -0.5007985 0.865564 7.86781e-6 -0.1528115 0.8983713 0.4117981 -0.1470766 0.9593658 0.2408024 -0.500766 0.8655828 4.36604e-6 -0.1105991 0.6519011 0.7501952 -0.1527153 0.8983832 0.411808 -0.500742 0.8655967 1.7792e-5 -0.04902368 0.2899621 0.9557818 -0.1105981 0.6518864 0.7502082 -0.5007418 0.8655967 1.70171e-5 -0.02360165 0.1443857 0.9892401 -0.04900121 0.2899236 0.9557945 -0.5007708 0.86558 2.66135e-5 -2.09212e-5 2.81632e-5 1 -0.02356815 0.1443782 0.9892418 -0.5007537 0.8655899 2.38419e-7 4.59701e-5 2.85804e-5 1 3.36766e-6 1.18613e-5 1 -0.500801 0.8655624 7.35139e-6 0.05720961 0.9826354 0.1765071 5.52088e-6 1 -1.20319e-5 1.04513e-5 0.9960687 0.08858501 0.1142889 0.9776411 0.1765109 0.2501136 0.9682165 -3.38256e-6 -2.19084e-5 1 1.3262e-6 0.05719816 0.9826333 0.1765226 0.1142945 0.9776464 0.1764779 1.09375e-5 1 9.96143e-6 0.05721348 0.9826335 0.1765167 6.18398e-6 0.9960676 0.08859711 -2.4201e-6 0.9843013 0.1764964 -0.07360428 0.629284 0.7736822 2.82316e-5 0.9843047 0.1764779 -0.05718749 0.9826427 0.1764739 1.82763e-5 0.6417089 0.7669484 0.05722868 0.9826328 0.1765156 1.61286e-5 0.9842979 0.1765151 -0.07347863 0.6292663 0.7737086 1.23084e-5 0.6416976 0.7669578 2.0735e-5 0.9842985 0.1765118 -0.07349073 0.6292833 0.7736936 -0.05717509 0.9826369 0.17651 -0.1142934 0.9776411 0.1765074 -0.07361811 0.6291967 0.773752 -0.1143003 0.9776465 0.1764731 -0.1470987 0.959386 0.2407086 0.7635716 0.1347094 0.6315155 -0.1470815 0.9593754 0.2407614 -0.1528044 0.8983879 0.4117648 0.7636095 0.1346023 0.6314925 -1.46031e-6 -4.20213e-6 1 -0.1470787 0.959372 0.2407763 -0.0736221 0.6291745 0.7737697 -0.1471191 0.9593576 0.240809 1.87829e-5 1.74362e-5 1 -0.02399146 0.2943905 0.9553841 -0.1533076 0.898307 0.4117541 -0.1106922 0.6519435 0.7501446 -0.07651448 0.9087718 0.4102187 0.7635944 0.1347079 0.6314883 -0.1528301 0.8983993 0.4117302 4.67727e-4 0.2982956 0.9544734 -0.07704192 0.9086827 0.4103174 -0.1532394 0.898325 0.4117401 -0.02400273 0.2943481 0.9553969 4.95518e-4 0.2983185 0.9544663 -0.1532695 0.8983437 0.4116882 -0.02398586 0.2942909 0.9554149 -0.1108012 0.6519436 0.7501285 -0.04850918 0.2900689 0.9557756 1.67489e-5 -3.02792e-5 1 -0.04900056 0.2899606 0.9557834 -0.02381116 0.1445971 0.9892041 0.5549897 0.4206076 0.7176878 -0.04900974 0.2898939 0.9558032 -1.97384e-5 2.1426e-5 1 -0.02439427 0.2942173 0.9554273 -0.04898476 0.2899262 0.9557946 0.5549896 0.4205965 0.7176944 -4.29877e-7 0 1 0.5551268 0.4205788 0.7175986 -2.76864e-5 -1.51992e-6 1 -1.00881e-5 -1.30832e-5 1 1.56332e-6 0 1 -8.74755e-7 0 1 2.33268e-6 0 1 -0.1365155 -0.05160689 0.9892929 1.66148e-6 6.11506e-6 1 3.12924e-6 -1.62865e-6 1 -0.2755831 -0.102479 0.9557992 -0.1365106 -0.05159544 0.9892941 -1.09375e-5 -1.4402e-5 1 -0.6198174 -0.2302017 0.7502225 -0.2755824 -0.1024876 0.9557985 -6.76513e-6 1.40965e-5 1 -0.8544144 -0.3169396 0.4117347 -0.6198906 -0.2301858 0.7501668 -1.71959e-5 -2.65241e-6 1 -0.2755643 -0.1024867 0.9558038 1.36718e-5 -2.20537e-5 1 -0.1363922 -0.05149435 0.9893158 0.04027414 -0.7271611 0.6852844 1.19433e-5 1.18911e-5 1 -0.2756008 -0.1025073 0.9557911 -0.8660128 -0.5000219 1.87121e-5 4.40776e-5 -3.66569e-5 1 5.32269e-5 -4.35561e-5 1 -0.8659955 -0.5000517 2.33948e-5 -2.58759e-5 -1.98279e-6 1 -0.08939915 -0.7120316 0.696433 0.04026681 -0.7271743 0.6852709 -0.08936434 -0.7121985 0.6962667 -2.61813e-5 1.0103e-5 1 0.04071605 -0.7276064 0.6847856 -0.2756279 -0.1030081 0.9557294 -0.6199908 -0.2300951 0.7501118 0.04072302 -0.727599 0.6847929 -0.6199586 -0.2299901 0.7501706 -0.8546376 -0.3163907 0.4116932 -0.3739838 -0.8793678 0.2947008 -0.8543897 -0.3168998 0.4118167 -0.9044721 -0.352299 0.240449 -0.3742765 -0.8792104 0.294799 0.04068148 -0.7276304 0.6847621 -0.8545988 -0.3164666 0.4117159 0.265879 -0.7301836 0.6293968 -0.9044067 -0.3524426 0.2404848 -0.9038196 -0.389822 0.1764916 -0.3740033 -0.879364 0.2946872 -0.9044238 -0.3523212 0.2405982 0.3420138 -0.939695 -1.7114e-5 0.2658919 -0.7302035 0.6293683 0.3420635 -0.9396769 7.46548e-5 -0.9044646 -0.3522778 0.2405084 -0.5082123 -0.3782951 0.773701 -0.9038241 -0.3898105 0.1764937 -0.8523806 -0.4922368 0.176495 -0.596686 -0.2573053 0.7601052 0.2658433 -0.7302393 0.6293472 -0.9038158 -0.389849 0.1764505 -0.5082055 -0.3783079 0.7736991 -0.5965802 -0.2573152 0.760185 -0.9037891 -0.3898985 0.1764783 -0.5081814 -0.3782973 0.7737203 -0.8523972 -0.4922071 0.176497 -0.7894997 -0.5878217 0.1765106 -0.5080717 -0.3782923 0.7737947 -0.7895217 -0.5877895 0.1765196 -0.7573046 -0.6070817 0.2407106 -0.4984442 0.5939202 0.6315159 -0.7573045 -0.6070609 0.2407637 -0.7016252 -0.5815246 0.4117661 -0.5080904 -0.3783072 0.7737752 -0.7572686 -0.6070893 0.2408048 -2.50489e-5 3.63588e-6 1 -0.4984189 0.5939115 0.6315439 -1.13547e-5 -1.10865e-5 1 -0.7573016 -0.6070517 0.2407957 -0.6185015 0.4191886 0.6646329 -0.7013293 -0.5819119 0.4117231 -0.5092129 -0.4219011 0.7501346 -0.4984766 0.5939194 0.6314911 -0.7016765 -0.5814623 0.4117666 -0.947313 0.1444097 0.2859091 -0.6184889 0.4192131 0.6646291 -0.9473177 0.1438042 0.2861987 -0.7014071 -0.5818759 0.4116412 -0.6185221 0.4191861 0.6646154 -0.5092268 -0.4219329 0.7501072 -0.2270298 -0.1870993 0.9557465 2.17557e-5 3.46899e-5 1 -0.2266144 -0.1874061 0.9557849 -0.1132817 -0.092866 0.9892135 -0.6416674 0.2702786 0.7177831 -0.2266066 -0.1874153 0.955785 -1.60318e-5 -2.7163e-5 1 -0.6184687 0.4188694 0.6648645 -0.226616 -0.187393 0.9557872 -0.6417222 0.2703334 0.7177134 -0.6418073 0.2703986 0.7176128 1.77324e-5 -2.53562e-5 1 1.72555e-5 -6.52671e-6 1 -1.28597e-5 -0.70711 0.7071036 -1.37836e-6 1.84774e-6 1 -2.19345e-5 6.4224e-6 1 -7.80144e-7 0 1 0.250058 -0.9682309 1.63242e-5 -1.49012e-7 3.81619e-5 1 -6.83963e-6 -0.7071263 0.7070873 1.86265e-6 1.3113e-5 1 2.88189e-5 1.92374e-5 1 0.2500591 -0.9682306 -1.68979e-5 9.34939e-7 0 1 3.80948e-5 -2.38894e-5 1 0.5000507 0.8659961 1.15931e-5 0.250043 0.9682347 9.79006e-6 0.1528273 0.8984163 0.4116942 -3.72827e-5 5.93737e-5 1 0.2501028 0.9682193 -1.0103e-5 0.1469946 0.9594279 0.2406052 0.1527104 0.8983905 0.4117938 0.2501159 0.9682159 1.34259e-5 0.1143186 0.977638 0.1765086 0.1470054 0.959427 0.2406018 0.2501055 0.9682186 1.47447e-5 -1.3046e-5 2.31713e-6 1 0.8660183 0.5000124 5.27501e-6 0.5000129 0.866018 4.94719e-6 7.98702e-6 5.93066e-6 1 5.90086e-6 7.38725e-6 1 0.5000393 0.8660027 -1.97468e-5 -2.99844e-6 0 -1 2.98526e-5 -2.60174e-5 1 1 6.22123e-6 -1.75238e-5 0.865998 0.5000475 -2.38419e-7 1.09971e-5 2.34991e-5 1 3.40939e-5 -5.06639e-5 1 0.8660002 0.5000437 -4.65941e-6 -1.95649e-6 0 -1 0.8524058 -0.4922004 0.1764743 0.8660198 -0.50001 1.1608e-5 1 4.06336e-6 -2.93925e-6 0.9038107 -0.3898445 0.1764866 0.8524581 -0.4921038 0.1764909 1 4.03821e-5 -5.48363e-6 0.9043731 -0.3523052 0.2408121 0.9037767 -0.389923 0.1764877 1 -1.61305e-5 -6.70552e-7 0.8543871 -0.3169075 0.4118158 0.9043984 -0.3523091 0.240711 1 -2.99215e-5 -4.91738e-7 0.6198965 -0.2300986 0.7501887 0.8544053 -0.3168832 0.4117969 1 -5.74887e-5 2.10404e-5 0.2755969 -0.1024798 0.9557952 0.6198692 -0.2301729 0.7501885 1 4.72665e-5 2.96533e-5 0.136901 -0.05171656 0.9892339 0.2756102 -0.1025243 0.9557865 1 6.61612e-5 4.30047e-5 2.12132e-5 -1.17719e-5 1 0.1369215 -0.05169814 0.989232 1 -3.33786e-6 -3.84152e-5 -1.14143e-5 2.5034e-6 1 -1.94609e-5 -5.00381e-5 1 1 3.45856e-5 -1.15316e-5 0.7894993 -0.5878189 0.1765218 0.5000032 -0.8660237 -1.94907e-5 0.8660178 -0.5000135 -1.45137e-5 0.85244 -0.492134 0.1764947 0.7895148 -0.5878062 0.1764943 0.8660172 -0.5000143 8.48368e-6 -2.34776e-6 0 -1 3.52561e-5 8.71252e-6 1 0.2501047 -0.9682189 -3.8743e-6 0.5000475 -0.865998 7.19447e-6 0.7016558 -0.5814706 0.4117902 -1.64062e-5 -2.08393e-5 1 0.5000223 -0.8660126 2.04146e-5 0.7573662 -0.6070535 0.240588 0.7016282 -0.5814989 0.4117971 0.500006 -0.8660221 -1.9744e-5 0.7895014 -0.5878122 0.1765347 0.7573571 -0.6070678 0.2405806 0.5000085 -0.8660206 -1.61976e-5 -2.99843e-6 0 -1 1.47348e-6 0 -1 0.1130042 -0.09250092 0.9892795 -1.03116e-5 5.10365e-6 1 -1.99303e-6 1.14813e-5 1 -3.38468e-6 0 1 0.2266196 -0.1873933 0.9557862 0.1129055 -0.09250634 0.9892901 -1.52215e-5 1.48714e-5 1 0.5092087 -0.4217197 0.7502394 0.2265938 -0.1873753 0.9557959 2.95341e-5 3.42727e-6 1 0.7017059 -0.5814996 0.4116637 0.5093106 -0.4216805 0.7501924 2.06828e-5 1.60933e-5 1 0.2266049 -0.1874362 0.9557814 -6.25849e-6 2.39313e-5 1 0.1128131 -0.09233021 0.9893171 0.6095725 0.3984966 0.6852896 -5.75185e-6 2.27988e-6 1 0.2266058 -0.1873862 0.9557909 0.8660269 -0.4999974 -2.84985e-5 1.40667e-5 5.65182e-5 1 1.52588e-5 6.77109e-5 1 -9.93594e-7 0 1 0.8659538 -0.5001242 -2.45869e-6 1.29975e-5 -1.18949e-5 1 0.6613334 0.2786024 0.696433 0.6095634 0.3985133 0.685288 0.6614856 0.2785958 0.6962911 2.99513e-6 -2.83718e-5 1 0.8680992 -0.3073863 0.3897659 0.227031 -0.1871029 0.9557456 0.5091917 -0.4219132 0.7501421 0.9449471 -3.4821e-4 0.3272232 0.609723 0.3991121 0.6847975 0.227012 -0.1870672 0.955757 0.8680797 -0.3074018 0.3897975 0.9449652 -4.02048e-4 0.3271709 0.2269734 -0.1870438 0.9557708 0.8680788 -0.3073893 0.389809 0.509226 -0.4219207 0.7501146 0.7013935 -0.5818802 0.4116585 0.8682144 -0.3071233 0.3897168 0.7016714 -0.5814628 0.4117745 0.7573198 -0.6071421 0.2405105 0.4993967 0.5953897 0.629376 0.7573596 -0.607102 0.2404866 0.7895068 -0.5878177 0.1764925 0.8867932 0.42408 0.1837231 0.7573427 -0.6070918 0.240565 0.6428066 0.7660287 -1.24574e-5 0.4994258 0.5953692 0.6293724 0.6427124 0.7661076 -2.98023e-6 0.7573076 -0.60712 0.2406047 0.9450263 1.01447e-4 0.3269943 0.7573779 -0.6070653 0.2405217 0.8867869 0.4240982 0.1837112 0.8682238 -0.3071075 0.3897083 0.7572838 -0.6071297 0.2406548 0.945021 1.23033e-4 0.3270097 0.5817235 -0.2508896 0.7737262 0.7894914 -0.5878369 0.1764972 0.8524407 -0.4921304 0.1765014 0.5211824 -0.3880867 0.7601039 0.4994801 0.5953468 0.6293503 0.7895364 -0.5877912 0.1764481 0.5817088 -0.250931 0.7737239 0.5212011 -0.3879556 0.7601578 0.7895005 -0.5878236 0.1765003 0.5817336 -0.2509064 0.7737132 0.8523954 -0.4922049 0.1765121 0.9037995 -0.3898645 0.1765002 0.5816738 -0.2508808 0.7737665 0.9038171 -0.3898339 0.1764771 0.9044027 -0.3522984 0.2407106 -0.2651063 -0.7285994 0.6315548 0.9044037 -0.352301 0.2407031 0.8544164 -0.3169108 0.4117529 0.5817154 -0.2509126 0.7737249 0.9043843 -0.3522689 0.2408228 -6.42985e-6 -2.08691e-5 1 -0.2651537 -0.7285931 0.6315423 -2.6077e-7 4.58956e-6 1 0.9043805 -0.3523115 0.2407749 -0.05375331 -0.7452259 0.6646421 0.8546409 -0.3164326 0.4116545 0.6200389 -0.2299897 0.7501043 -0.2651803 -0.7286316 0.6314867 0.854411 -0.3168997 0.4117725 0.3485641 -0.8926171 0.2858985 -0.05380672 -0.7452046 0.6646616 0.3490723 -0.8923102 0.2862361 0.8546141 -0.3164016 0.411734 -0.05379861 -0.7452352 0.6646279 0.6199996 -0.2300142 0.7501294 0.2755329 -0.1029809 0.9557597 3.59342e-5 -1.05202e-5 1 0.275617 -0.1025285 0.9557841 0.1370866 -0.05162519 0.9892129 0.08669483 -0.6908645 0.7177676 0.2755978 -0.1024906 0.9557937 2.51345e-5 -1.73738e-6 1 -0.0535137 -0.745064 0.6648429 0.2756258 -0.1025021 0.9557844 0.08679306 -0.6908975 0.7177239 0.08672976 -0.6910178 0.7176159 9.81986e-6 3.17693e-5 1 -5.90831e-6 2.18451e-5 1 3.22003e-6 0 1 0.02359598 0.1440218 0.9892932 1.15857e-6 -1.27926e-5 1 -6.19888e-6 -1.00359e-5 1 1.07183e-6 0 1 0.0489999 0.2898936 0.9558038 0.0235964 0.1440021 0.989296 -2.7217e-5 -1.26809e-5 1 0.1105868 0.6518927 0.7502044 0.04899775 0.2898743 0.9558098 1.57952e-5 -4.73857e-6 1 0.1528065 0.8984218 0.4116898 0.1106129 0.6518865 0.7502058 3.45707e-6 1.32024e-5 1 0.04900044 0.289993 0.9557736 1.51694e-5 1.30087e-5 1 0.02352052 0.1439165 0.9893103 0.02441298 0.2941197 0.9554568 -1.84774e-6 1.46013e-5 1 0.04899215 0.2899122 0.9557985 -3.14415e-5 1 9.96143e-6 -4.8399e-5 -1.15931e-5 1 -8.82e-5 2.31266e-5 1 -0.4449443 0.8955583 1.71091e-5 3.8296e-6 4.24981e-5 1 -0.5719175 0.4334914 0.6964163 -0.6692072 0.3264949 0.667505 -0.5720087 0.4335089 0.6963304 -1.68085e-5 1.64025e-5 1 -0.445012 0.8955246 -3.52859e-5 -4.12017e-6 1 -8.79168e-6 -7.37905e-5 1.45733e-5 1 -8.15699e-5 0.2981851 0.9545081 -0.6691935 0.3265162 0.6675083 7.6592e-6 -2.25157e-5 1 0.02439749 0.2942113 0.955429 -8.6464e-5 0.298209 0.9545006 -2.42889e-6 2.18153e-5 1 0.02398842 0.2942833 0.9554172 0.0485084 0.2901022 0.9557656 0.1106893 0.6519438 0.7501449 0.02397519 0.2943476 0.9553977 0.1107271 0.6519297 0.7501515 0.1532997 0.8983404 0.4116842 0.07646143 0.9087218 0.4103394 0.1526553 0.8983965 0.4118011 0.1470704 0.9594311 0.2405461 0.0769596 0.9086919 0.4103124 0.02391684 0.2942969 0.9554148 0.1532322 0.8983374 0.4117158 -0.7653 0.1348289 0.6293944 0.1470825 0.9594434 0.2404894 0.1143097 0.9776419 0.1764929 -0.6385832 0.7204847 0.2703949 0.147094 0.9594233 0.2405624 -0.9848129 0.1736197 2.21878e-5 -0.7653194 0.1348254 0.6293714 -0.9848254 0.1735481 -6.91414e-6 0.1471116 0.9593968 0.2406578 -6.55651e-6 0.9136393 0.4065259 0.1471025 0.9594213 0.2405651 -0.6385692 0.7205055 0.2703723 0.07653474 0.9086887 0.4103989 0.1471514 0.9594307 0.240498 5.14842e-5 0.9136471 0.4065083 -1.98521e-5 0.6417248 0.7669351 0.1143235 0.9776405 0.1764912 0.05717498 0.9826403 0.1764914 0.07551771 0.6454007 0.760102 -0.7653164 0.1348956 0.62936 0.1143252 0.9776471 0.176454 -1.06739e-5 0.6417147 0.7669435 0.07549673 0.6453995 0.7601051 0.1142799 0.9776417 0.1765135 0.7970023 0.6039762 -6.55465e-6 0.5551252 0.420585 0.7175962 -1.19209e-4 2.67476e-6 1 0.4450255 0.895518 8.22544e-6 0.7969875 0.6039959 -7.98702e-6 -7.18236e-5 2.08765e-5 1 -1.40294e-5 1 -6.28829e-6 0.4449124 0.8955741 2.23219e-5 6.06999e-5 -3.12794e-5 1 0.1244806 -0.9922221 2.80663e-5 0.08671212 -0.6910172 0.7176185 1.01283e-4 1.14739e-5 1 0.86601 -0.500027 -1.68383e-5 0.1245926 -0.992208 -5.90086e-6 -9.87947e-6 9.23872e-6 1 -0.9215841 0.3881788 -1.01365e-5 -0.641824 0.2703407 0.7176197 1.19805e-5 -9.79602e-5 1 -0.8659968 -0.5000495 2.61366e-5 -0.9215732 0.3882045 -7.42078e-6 1.14143e-5 5.02169e-6 1 3.12924e-7 -0.500011 0.8660191 3.11062e-7 -0.5000116 0.8660188 0.2674109 -0.2670946 0.925825 0 -0.4999983 0.8660265 0 -0.500003 0.8660237 0.2674947 -0.2671047 0.9257979 0.2675045 -0.2671142 0.9257923 0.5000278 9.92417e-6 0.8660094 2.17184e-6 -0.5000151 0.8660167 0.2674133 -0.2670992 0.925823 0.2674137 -0.2670985 0.925823 0.4999997 0 0.8660256 0.2674183 -0.2670918 0.9258238 0.50002 2.14726e-5 0.8660139 0.5000259 1.57692e-5 0.8660105 0.5 0 0.8660255 0.4999967 0 0.8660274 0.5000112 6.55651e-7 0.866019 0.5000117 4.41447e-7 0.8660187 0.267095 0.2674114 0.9258248 0.2670997 0.2674221 0.9258204 0.2670935 0.2674165 0.9258237 -9.41753e-6 0.5000287 0.8660089 0.2670993 0.2674154 0.9258223 0.5000087 -2.18302e-6 0.8660205 0.2670921 0.2674089 0.9258264 0 0.4999997 0.8660256 0.26709 0.2674174 0.9258245 -2.3514e-5 0.5000193 0.8660143 -1.7222e-5 0.5000252 0.866011 0 0.5000003 0.8660253 -1.04308e-6 0.5000151 0.8660168 -1.58697e-6 0.5000154 0.8660166 -0.267412 0.2670988 0.9258235 0 0.4999994 0.8660258 -0.2674923 0.2671027 0.9257991 -0.2675017 0.2671126 0.9257936 -0.5000254 -1.15931e-5 0.8660108 -1.14366e-6 0.5000118 0.8660187 -0.2674123 0.2670954 0.9258244 -0.2674124 0.2670952 0.9258244 -0.4999997 0 0.8660256 -0.2674192 0.267093 0.925823 -0.500021 -2.02507e-5 0.8660134 -0.5000272 -1.46162e-5 0.8660098 -0.4999999 0 0.8660255 -0.5000027 -1.20963e-7 0.8660238 -0.5000211 8.79168e-7 0.8660133 -0.500021 0 0.8660134 -0.2671055 -0.2674107 0.925822 -0.4999969 0 0.8660272 -0.2671007 -0.2674202 0.9258205 -0.2670944 -0.2674143 0.9258241 8.19564e-6 -0.5000271 0.8660098 -0.5000076 -1.63913e-7 0.8660211 -0.2670905 -0.2674112 0.9258261 -0.2670906 -0.2674106 0.9258263 0 -0.4999951 0.8660283 -0.2670896 -0.267417 0.9258248 -1.21891e-5 -0.4999916 0.8660302 -1.8606e-5 -0.4999974 0.8660269 0 -0.5000014 0.8660246 -0.4450098 0.8955256 3.06964e-5 -0.5719977 0.4333817 0.6964187 -0.7969984 0.6039814 1.11163e-5 -0.917338 0.3981093 -1.13279e-4 -0.7969777 0.6040087 2.61855e-5 -0.5720645 0.4335083 0.6962851 -0.6428117 0.7660242 -1.66477e-5 -0.4449571 0.895552 -5.49667e-6 -0.7969986 0.6039812 -9.59635e-6 -0.6428082 0.7660272 -2.17035e-5 -0.7969804 0.6040052 -9.50508e-6 -0.9174712 0.3978021 -3.76254e-7 -0.9848116 0.1736268 1.54972e-5 -0.9173341 0.3981182 9.90927e-6 -0.5720855 0.4334834 0.6962832 -0.66921 0.3265212 0.6674893 -0.9848174 0.1735935 2.19047e-5 -0.5720807 0.4334672 0.6962972 0.6886274 0.3239834 0.6487119 0.5549316 0.4206144 0.7177287 0.7969806 0.6040049 -1.60038e-5 -0.02435839 0.2942337 0.9554231 0.5550476 0.4205136 0.717698 1.32386e-4 0.298202 0.9545028 0.6886835 0.3240881 0.6486 9.23127e-5 0.29817 0.9545128 0.5549237 0.4206025 0.7177418 0.6428111 0.7660248 -1.31106e-5 0.7969989 0.6039808 -9.75281e-6 0.444957 0.895552 1.93715e-7 0.6428193 0.7660179 1.96584e-5 0.9848174 0.1735939 1.81943e-5 0.7969903 0.6039921 4.49456e-6 0.9175151 0.397701 -7.09668e-6 0.7969872 0.6039962 -5.70342e-6 0.984818 0.1735904 1.26287e-5 0.6885628 0.324126 0.6487092 0.7969967 0.6039838 1.53817e-5 0.9176575 0.3973725 1.0715e-4 0.6428251 0.7660131 3.08901e-5 0.4450297 0.8955158 -1.31354e-5 -7.7635e-6 1 -7.77096e-6 8.06153e-6 1 -5.42106e-6 8.83639e-6 1 3.25003e-6 -0.445029 0.8955162 -6.76513e-6 -2.23219e-5 1 -2.09614e-6 0.6428036 0.7660312 6.30319e-6 -2.16365e-5 1 1.26773e-5 -0.6428284 0.7660103 -2.59168e-5 8.10623e-6 1 -3.1516e-6 -0.4450175 0.895522 -1.3547e-5 -0.6428034 0.7660312 5.0962e-6 -0.9174814 0.397779 1.39773e-5 -0.9848157 0.1736039 2.73436e-6 -0.9848309 0.1735171 1.67727e-4 -0.9848721 0.1732829 -8.29287e-5 -0.6694653 0.3264088 0.6672882 -0.9848077 0.1736484 0 -0.6428077 0.7660276 4.94719e-6 -0.9848114 0.1736277 1.61426e-5 -0.9848114 0.1736277 0 3.39597e-4 0.9136394 0.4065257 -0.6695044 0.3263906 0.6672579 -4.628e-4 0.2983972 0.9544417 -0.9847888 0.173756 1.11133e-4 -0.9848312 0.173515 1.98245e-4 -0.6694878 0.3264323 0.6672541 -0.637997 0.7208887 0.2707015 -0.9847796 0.1738081 8.44747e-5 -0.6695073 0.3264337 0.6672339 4.03654e-4 0.9136491 0.4065037 -0.6379745 0.7208713 0.2708011 -0.6695094 0.3264111 0.6672428 0.07703435 0.9086939 0.4102939 -4.93668e-4 0.2983011 0.9544718 0.02399611 0.294344 0.9553982 0.07702231 0.9086939 0.4102962 4.27835e-4 0.913634 0.4065379 -5.02903e-4 0.2983748 0.9544486 -0.984808 0.1736475 5.05498e-7 -0.7651003 0.1349165 0.6296182 -0.9848127 0.1736204 1.49012e-6 -0.9848162 0.1736004 9.83477e-7 1.26101e-5 1.35899e-5 1 -0.6427819 0.7660493 -1.51843e-5 -0.9848023 0.1736796 -1.84774e-5 -0.6963717 0.1228098 0.7070956 -1.91778e-5 -5.66244e-5 1 -0.9848164 0.1735993 -4.63426e-6 -0.7651432 0.1348899 0.6295717 -0.6958847 0.1255708 0.7070902 -0.9848213 0.1735718 1.5527e-5 0.696371 0.1228119 0.707096 0.9848141 0.1736123 -5.42402e-6 0.6428079 0.7660275 4.82798e-5 0.9848188 0.1735858 2.13087e-6 0.9175062 0.3977214 -3.29688e-6 0.9848188 0.1735858 -5.63514e-6 0.9848078 0.1736481 0 0.6963843 0.1227725 0.7070898 0.9848161 0.1736016 5.96046e-7 0.984806 0.1736586 1.2219e-6 1.75685e-5 -1.41859e-5 1 0.6428445 0.7659967 -7.64429e-6 3.1203e-5 1 -1.69724e-5 0.6963371 0.1227934 0.7071326 0.6427713 0.7660582 -8.34465e-6 -1.33477e-5 4.63426e-6 1 -1.14888e-5 -5.62891e-6 1 1.74791e-5 1 -6.49691e-6 -0.6427715 0.7660581 -2.22623e-5 1.09375e-5 -2.13087e-5 1 -1.7792e-5 6.22868e-6 1 1.69873e-6 1 -8.19564e-7 0.6885986 0.3241167 0.6486759 0.9176622 0.3973615 7.93338e-5 0.9848139 0.1736134 1.5758e-5 0.9848082 0.1736462 0 0.6546991 0.7083303 0.2638889 0.9848715 0.1732863 -1.09106e-4 0.9848315 0.1735142 8.95858e-5 0.6888152 0.3239306 0.6485389 0.9848666 0.173314 -1.05411e-4 0.6546774 0.7083629 0.2638552 0.6547145 0.7083157 0.2638898 0.984833 0.1735057 1.32501e-4 0.9847796 0.1738079 2.01095e-4 0.7636147 0.134589 0.6314892 0.984817 0.1735957 1.16229e-6 0.6963934 0.1228299 0.7070707 0.6551569 0.7080085 0.263616 0.9848231 0.1735614 3.54648e-6 0.7635847 0.1346812 0.6315058 0.7635932 0.1345828 0.6315163 -5.51343e-6 6.27339e-6 1 -3.59863e-6 -8.12113e-7 1 2.60621e-5 0.6416819 0.7669709 -2.0409e-5 7.89762e-6 1 2.4274e-5 1.21593e-5 1 -0.07350867 0.6292697 0.773703 2.04518e-5 -4.47035e-6 1 -2.55182e-7 0.6416962 0.766959 0.7636241 0.1345794 0.6314799 0.6970034 0.1192848 0.7070767 2.83122e-5 -1.17645e-5 1 -0.0764029 0.9086354 0.4105414 -1.60038e-5 0.9135884 0.4066404 0.7635411 0.134532 0.6315903 0.6551645 0.7079873 0.2636545 0.7635305 0.134665 0.6315748 -1.60635e-5 0.9136455 0.4065119 -0.6963815 0.122808 0.7070863 -1.38581e-5 3.80576e-5 1 -5.68777e-5 -1.84774e-6 1 -0.6963876 0.1227813 0.707085 -4.58956e-6 3.1352e-5 1 -5.36442e-6 5.11482e-6 1 0 0 1 -5.0962e-6 0.6417494 0.7669145 2.6877e-5 2.48551e-5 1 -1.16583e-5 2.43509e-5 1 2.65006e-6 0 1 0.07547324 0.6453979 0.7601089 8.95653e-6 1.76728e-5 1 2.35289e-5 1.72257e-5 1 -5.26172e-6 0 1 -1.30851e-5 0.6417418 0.7669208 1.35526e-5 7.15256e-6 1 0.07546883 0.6453888 0.7601171 0.07538157 0.6454203 0.7600988 -2.8152e-5 -1.17421e-5 1 -5.38584e-6 -1.3641e-5 1 -0.7651321 0.1349085 0.6295813 -2.78354e-5 -1.79894e-5 1 -0.6964069 0.1228238 0.7070586 0.07554471 0.6453732 0.7601228 -1.61156e-5 -1.40369e-5 1 -0.7653077 0.1347981 0.6293916 -2.38717e-5 -1 2.69331e-5 -2.39313e-5 -1 0 1 -2.38121e-5 -3.27826e-7 -1 -2.3514e-5 3.33356e-5 -1 -2.38717e-5 3.05183e-6 2.37525e-5 -1 2.69711e-6 -1 -1.78814e-6 2.68221e-7 1.93715e-6 -1 -2.93565e-5 1.99676e-6 -1 0 1 -2.44677e-5 3.34323e-5 1 2.38717e-5 3.05183e-6 -2.37823e-5 1 2.80142e-6 1 -2.05636e-6 4.0692e-6 -1.57952e-6 -1 4.42564e-6 1 -1.3113e-6 -2.22126e-5 2.37525e-5 1 2.70331e-5 2.39313e-5 1 0 -1 2.38419e-5 -3.57628e-7 1 1.78814e-6 3.8743e-7 -2.05636e-6 1 -2.92565e-5 -1.90735e-6 1 1.36847e-7 1.63913e-6 1 4.38094e-6 -1 1.40071e-6 -2.21139e-5 -1 2.05636e-6 3.92615e-6 0.6888915 0.3238943 0.648476 -3.39981e-4 0.9136083 0.4065953 -0.07697254 0.9086731 0.4103517 0.6888386 0.3239426 0.648508 0.6546521 0.7083715 0.263895 -3.13178e-4 0.913613 0.406585 0.6888347 0.3238998 0.6485335 -0.07690399 0.908662 0.4103893 4.91075e-4 0.2983676 0.954451 0.8660153 -0.5000177 -1.56462e-5 0.6613194 0.2786197 0.6964393 0.9215791 0.3881907 5.1558e-6 0.8034084 0.5954285 -9.54569e-5 0.9215787 0.3881919 2.11454e-5 0.6614755 0.2785864 0.6963043 0.9397033 -0.3419911 -3.1244e-5 0.8660185 -0.500012 -2.87145e-5 0.9215825 0.3881828 -1.432e-5 0.9397018 -0.3419949 9.45031e-5 0.9215767 0.3881965 -6.482e-6 0.8032484 0.5956441 -1.08667e-5 0.642831 0.7660081 1.13249e-6 0.8034552 0.5953652 -6.65188e-5 0.6613916 0.2786456 0.6963604 0.6095753 0.3985177 0.6852748 0.6427583 0.7660692 -2.32458e-5 0.6614639 0.2786217 0.6963013 -0.0534842 -0.7450138 0.6649014 0.08672994 -0.6909145 0.7177153 0.124628 -0.9922035 1.57952e-6 1.03712e-5 -1 -2.6267e-5 0.1246128 -0.9922055 6.69062e-6 0.8660103 -0.5000262 8.00192e-6 0.06191629 -0.9980813 8.92207e-7 0.1246058 -0.9922063 -1.71619e-6 1.47298e-5 -1 3.69595e-6 -0.3419681 -0.9397116 -3.10242e-5 0.1246537 -0.9922004 -4.46141e-5 0.06241852 -0.9980502 3.60906e-5 -0.05351418 -0.7450028 0.6649114 0.1246037 -0.9922066 3.28422e-5 -0.3420187 -0.9396932 2.05226e-5 0.9396988 -0.3420036 2.97912e-5 -8.46386e-6 -1 -5.8353e-5 0.8660088 -0.5000289 7.42078e-6 0.9396964 -0.3420101 -3.15905e-5 0.8032471 0.595646 1.24574e-5 0.6428341 0.7660055 -7.30716e-6 0.6427304 0.7660925 1.05619e-4 0.6424963 0.7662888 -1.08669e-4 0.6097224 0.3990427 0.6848384 0.642787 0.7660449 0 0.9397046 -0.3419874 -2.53618e-5 0.6427771 0.7660533 4.8404e-5 0.6427772 0.7660532 0 0.6429857 0.7658784 1.2219e-4 0.6427205 0.7661007 9.38177e-5 0.6097717 0.3990356 0.6847986 0.8869234 0.4236865 0.1840025 0.6429809 0.7658822 2.08929e-4 0.6097438 0.3990127 0.6848368 0.9449502 -3.95589e-4 0.3272142 0.8869131 0.4237155 0.1839845 0.6097447 0.3990014 0.6848425 0.642788 0.7660441 5.055e-7 0.4993714 0.5952035 0.6295722 0.6427662 0.7660624 -1.03116e-5 0.6428282 0.7660104 -1.04159e-5 3.60899e-5 -1.94907e-5 1 0.9396963 -0.34201 -2.38419e-6 0.6428056 0.7660294 -1.07288e-5 0.4544828 0.5417108 0.7071032 -2.23517e-6 -4.10937e-5 1 0.6428356 0.7660042 -2.35438e-6 0.4993761 0.5951795 0.6295911 0.4566795 0.5398505 0.7071105 0.6428045 0.7660303 -5.42402e-6 2.0951e-5 -0.7070935 0.7071201 9.62242e-6 -1 1.91778e-5 0.9397104 -0.3419715 4.45098e-5 1.4438e-5 -1 3.44822e-7 0.06191116 -0.9980817 3.01853e-6 1.44448e-5 -1 2.25933e-6 -0.1735873 -0.9848186 -2.74275e-6 -2.34246e-5 -1 -2.78491e-6 -2.34097e-5 -1 0 -0.1736 -0.9848163 5.87106e-6 -6.10948e-7 -1 1.6503e-5 1.69873e-5 -0.7070942 0.7071194 -1.81496e-5 -7.95722e-6 1 -4.61936e-6 6.02007e-6 1 0.9396973 -0.3420072 2.41399e-5 -5.58049e-6 -0.7071043 0.7071093 0.939677 -0.3420632 1.21891e-5 -1.09673e-5 -2.31564e-5 1 -0.3420142 -0.9396948 -3.71933e-5 0.06240171 -0.9980512 -1.35958e-4 9.20892e-5 -1 -1.49012e-4 -0.1739486 -0.9847548 -1.51992e-6 -0.341978 -0.939708 1.20401e-5 1.55628e-4 -1 3.57926e-5 -0.1736002 -0.9848162 -4.34638e-6 -0.174025 -0.9847413 1.7155e-6 1.14068e-5 -1 -4.56721e-6 -0.2418236 -0.6644608 0.7071161 6.03869e-6 -0.7070971 0.7071165 -1.00546e-5 -1.04904e-5 1 -2.43081e-6 0 1 -0.2419074 -0.6644749 0.7070742 -3.46377e-5 -2.61068e-5 1 -3.27379e-5 -2.94447e-5 1 0.4544619 0.5417028 0.7071228 -2.91169e-5 2.70456e-6 1 -3.55244e-5 2.21804e-5 1 1.70367e-6 0 1 -2.70903e-5 1.10865e-5 1 5.51343e-6 -1.16825e-5 1 0.4544789 0.5417236 0.7070959 -1.33261e-7 0 1 4.2044e-7 0 1 0.4993638 0.5951814 0.629599 -1.7494e-5 1.96695e-5 1 0.4544851 0.5417019 0.7071086 -0.1735829 -0.9848194 -4.17829e-5 -1.26362e-5 -0.7071347 0.7070789 -0.341964 -0.9397131 -9.20892e-6 -0.2418103 -0.6644269 0.7071525 -0.3420141 -0.9396948 -5.63264e-6 3.79924e-5 -0.7071153 0.7070983 -6.797e-5 0 1 -0.2418842 -0.6644821 0.7070754 -1.18911e-5 1.30534e-5 1 -2.40468e-6 9.86736e-6 1 -0.2651948 -0.7286108 0.6315047 1.2368e-5 -2.07722e-5 1 9.43989e-6 -1.20644e-5 1 -0.2451774 -0.6632221 0.7071242 -2.91243e-5 4.47035e-6 1 -0.2651765 -0.7286228 0.6314984 0.5211691 -0.3879662 0.7601744 -4.41968e-5 -4.1917e-5 1 -2.48849e-5 7.18236e-6 1 1.9701e-7 0 1 0.581729 -0.2509173 0.7737132 -2.23517e-6 -3.1963e-6 1 0.5211548 -0.388012 0.7601609 0.5211983 -0.3879763 0.7601493 1.91927e-5 1.65403e-6 1 2.93953e-5 1.50912e-5 1 0.5212079 -0.3880853 0.760087 -5.26756e-6 1.89394e-5 1 0.499386 0.595381 0.6293928 -2.2918e-5 -1 2.69831e-5 -2.2918e-5 -1 0 1 -2.28286e-5 -2.83122e-7 -1 -2.28286e-5 3.36257e-5 -1 -2.28286e-5 3.30615e-6 2.29776e-5 -1 2.95043e-6 -1 -4.17232e-7 3.42727e-7 5.36442e-7 -1 -2.93433e-5 4.76837e-7 -1 0 1 -2.40803e-5 3.3627e-5 1 -2.39611e-5 3.30599e-6 -2.39313e-5 1 3.02494e-6 1 -1.99676e-6 3.30622e-6 -1.99676e-6 -1 3.51667e-6 1 -2.44379e-6 -2.2698e-5 2.39611e-5 1 2.70784e-5 2.40803e-5 1 0 -1 -2.40207e-5 -5.06639e-7 1 3.51667e-6 2.38419e-7 -3.99351e-6 1 -2.94387e-5 -3.72529e-6 1 0 1.84774e-6 1 3.62098e-6 -1 2.20537e-6 -2.32259e-5 -1 1.75834e-6 3.11548e-6 -0.2651173 -0.7286121 0.6315357 0.3486094 -0.8925834 0.2859485 -0.3419967 -0.9397012 2.5183e-5 -0.3420754 -0.9396725 9.78559e-5 -0.3418044 -0.9397712 1.94334e-4 0.3490931 -0.8923202 0.2861795 -0.2419001 -0.6644739 0.7070776 -0.2652268 -0.7287033 0.6313845 -0.3420036 -0.9396987 9.32813e-6 -0.3420193 -0.9396929 0 -0.3420202 -0.9396926 0 -0.2418206 -0.6644384 0.7071382 -0.3419864 -0.939705 -3.14117e-5 -0.3420056 -0.939698 -2.37226e-5 -0.0537123 -0.745186 0.66469 -0.3422974 -0.9395917 -1.00732e-4 0.3490988 -0.8923192 0.286176 -0.3421066 -0.9396612 1.71512e-4 0.3491016 -0.8923367 0.2861177 -0.3424004 -0.9395542 -1.3873e-4 -0.3420158 -0.9396942 -4.64239e-6 -0.3420158 -0.9396942 -5.17815e-7 -0.1741051 -0.9847271 -3.85195e-6 -0.1736176 -0.9848132 3.0293e-5 -0.342001 -0.9396997 1.87382e-6 -0.1739952 -0.9847465 -4.40125e-6 -0.8660157 -0.5000168 1.74046e-5 -0.08940368 -0.7120445 0.6964192 -0.1246041 -0.9922066 8.19564e-6 -0.06209313 -0.9980704 2.92957e-5 -0.1245844 -0.992209 -1.12248e-5 -0.08942109 -0.7121095 0.6963505 -0.9396969 -0.3420084 -5.15878e-5 -0.8660138 -0.5000203 1.22711e-5 -0.1246016 -0.9922069 6.25849e-6 -0.939705 -0.3419862 -1.0106e-4 -0.1245846 -0.9922091 -2.76864e-5 -0.06188279 -0.9980834 -1.37091e-5 0.001932442 -0.9999982 -1.8239e-5 -0.06204783 -0.9980732 -3.22405e-5 -0.08937144 -0.7121575 0.6963078 0.3420102 -0.9396963 2.25008e-5 0.001904547 -0.9999983 -1.38953e-6 -0.08939409 -0.7121197 0.6963436 0.04027807 -0.727166 0.685279 0.3419831 -0.9397061 -1.5527e-5 -0.08942198 -0.7121813 0.696277 -0.6184967 0.4187789 0.6648956 -0.6417406 0.2702716 0.7177202 -0.9215887 0.3881682 -6.28829e-6 -0.9397035 -0.3419902 -2.18004e-5 -0.921583 0.3881815 -6.72415e-6 -0.8660192 -0.500011 -1.28932e-5 -0.8028993 0.5961146 1.04724e-4 -0.6185253 0.4187499 0.6648872 -0.9215723 0.3882067 2.10106e-5 -0.6427792 0.7660517 2.09659e-5 -0.8032064 0.5957009 -2.22027e-6 -0.9215708 0.3882104 4.46662e-6 -0.9396998 -0.3420004 4.17829e-5 -0.6427695 0.7660598 2.4274e-5 -0.9215743 0.388202 -9.30578e-6 -0.9396873 -0.3420347 9.62317e-5 -0.0618866 -0.9980832 -7.00355e-6 1.46031e-5 -1 1.62199e-5 0.3419908 -0.9397034 -8.88407e-5 0.1735721 -0.9848212 -8.49664e-5 0.002005934 -0.999998 -4.87864e-5 6.3479e-6 -1 -1.99883e-6 6.35907e-6 -1 1.84588e-6 0.1740898 -0.9847298 -2.20444e-6 -0.9396974 -0.3420071 -2.35438e-5 1.24872e-5 -1 3.36346e-5 1.26362e-5 -1 0 0.1735974 -0.9848167 -4.27531e-6 0.1741167 -0.9847251 -5.14463e-6 0.3419817 -0.9397066 -1.65496e-6 0.1735811 -0.9848196 -3.36587e-5 1.70842e-5 -1 -5.89807e-6 0.1741003 -0.9847279 -7.71937e-6 0.3421682 -0.9396388 1.08302e-4 0.3423072 -0.9395881 -8.45753e-5 0.04072648 -0.7275819 0.6848109 0.3420194 -0.9396929 0 0.1736212 -0.9848126 -2.38325e-6 0.3420044 -0.9396984 -4.44691e-6 0.3420044 -0.9396984 0 0.3418085 -0.9397696 1.08719e-4 0.3421272 -0.9396537 8.57711e-5 0.04069429 -0.7275955 0.6847984 -0.3742791 -0.8791971 0.2948348 0.3417887 -0.9397768 2.26751e-4 0.04073393 -0.727602 0.6847891 0.3420214 -0.9396923 -1.011e-6 0.2657111 -0.730091 0.629575 0.341978 -0.9397081 -6.4075e-6 0.3419859 -0.9397052 -8.89599e-6 0.2418884 -0.6644775 0.7070784 0.173622 -0.9848124 2.01166e-5 0.3419952 -0.9397017 6.88899e-6 0.2657017 -0.7300832 0.629588 0.2391858 -0.6654251 0.7071065 0.3419972 -0.939701 -1.07586e-5 0.2418992 -0.6644458 0.7071043 -5.89546e-5 -1 -9.80496e-6 0.1736065 -0.9848152 -2.00868e-5 2.74181e-6 -0.7070952 0.7071184 -2.17706e-5 -1 1.63913e-5 0.2418773 -0.6644858 0.7070742 -2.55704e-5 2.55555e-5 1 -1.59144e-5 -1 -3.69549e-5 -3.97116e-6 -0.707114 0.7070996 -0.9397126 -0.3419653 1.16229e-6 -1.85519e-5 -1 4.64916e-6 -2.79546e-5 1.40071e-6 1 5.52833e-6 -0.7071135 0.7071002 -5.77606e-6 -5.1558e-6 1 5.55813e-6 -9.54751e-7 1 -8.01344e-6 0 1 2.63155e-5 2.6226e-6 1 1.79857e-5 -0.7071081 0.7071055 1.2517e-5 1.70767e-5 1 -2.3067e-5 -0.7070938 0.7071199 -1.6503e-5 -1.57356e-5 1 -1.51992e-5 -1.35601e-5 1 1.92358e-6 0 1 -3.89665e-6 -0.7070951 0.7071185 0.2418048 -0.66443 0.7071515 -1.27852e-5 -9.86457e-6 1 -2.68817e-5 -2.77162e-6 1 4.37349e-6 1.2517e-5 1 0.2418044 -0.6644895 0.7070957 0.2657073 -0.7300746 0.6295957 2.38568e-5 1.81794e-6 1 0.2419276 -0.6643975 0.70714 -0.9397022 -0.3419938 1.2815e-6 1.63019e-5 2.29329e-5 1 9.74536e-6 3.68059e-6 1 -3.43855e-5 0 1 2.23693e-6 0 1 -0.4984213 0.5940262 0.6314343 -2.84612e-6 5.36442e-6 1 9.90927e-7 1.26585e-5 1 -0.4518246 0.5439564 0.7070828 2.89083e-6 3.20375e-5 1 -0.4983964 0.5940385 0.6314422 -0.4545168 0.5417132 0.7070795 -0.9397076 -0.341979 -2.00868e-5 -4.60893e-5 2.09212e-5 1 -1.50871e-6 0 1 -0.5966095 -0.2574135 0.7601286 -1.29342e-5 4.8548e-5 1 1.51992e-5 4.32134e-6 1 -0.5082004 -0.3782999 0.7737066 -3.66569e-6 -6.4075e-7 1 -0.5965928 -0.2572572 0.7601946 -0.5965995 -0.257269 0.7601854 -8.25524e-6 -1.42306e-5 1 -6.53323e-7 -2.94875e-5 1 8.76347e-5 0 1 -0.5967096 -0.2573275 0.7600793 8.43406e-6 -4.64474e-6 1 0.2659051 -0.7301734 0.6293976 -2.50638e-5 -1 2.69831e-5 2.28286e-5 -1 0 1 2.29478e-5 -3.12924e-7 -1 2.30372e-5 3.3627e-5 -1 2.2918e-5 3.30599e-6 -2.28286e-5 -1 2.99513e-6 -1 -3.45707e-6 3.12924e-7 3.57628e-6 -1 -2.96805e-5 3.42727e-6 -1 0 1 -3.42727e-6 3.30623e-6 -3.45707e-6 -1 3.9041e-6 1 -3.57628e-6 -2.30352e-5 -2.38121e-5 1 0 -1 2.38717e-5 -5.36442e-7 5.06639e-7 1 3.62098e-6 -1 2.08616e-7 -2.32259e-5 -1 1.49012e-7 3.11549e-6 -0.4984409 0.593927 0.631512 -0.9473082 0.1443853 0.2859372 -0.6428108 0.766025 1.46627e-5 -0.6426828 0.7661324 1.25557e-4 -0.6429114 0.7659405 2.07789e-4 -0.9473247 0.1437872 0.2861837 -0.4544913 0.5417029 0.7071037 -0.4983695 0.5940093 0.631491 -0.6428083 0.7660272 1.2219e-6 -0.6427906 0.7660421 -5.79843e-6 -0.6427879 0.7660442 0 -0.4545167 0.5417109 0.7070813 -0.6427424 0.7660825 -1.04904e-5 -0.6427826 0.7660488 -1.42157e-5 -0.6184865 0.4191763 0.6646545 -0.6425071 0.7662799 -9.78708e-5 -0.9473205 0.1438283 0.2861772 -0.6426884 0.7661277 1.93954e-4 -0.9473295 0.1437019 0.2862108 -0.6424817 0.766301 -1.54227e-4 -0.8029056 0.5961063 1.15544e-4 -0.6428159 0.7660207 -2.00979e-5 -0.6185081 0.4188482 0.6648415 -0.6427726 0.7660572 -5.63285e-6 -0.6427726 0.7660571 2.16812e-6 -0.803216 0.5956879 -3.38256e-6 -0.4544829 0.541696 0.7071145 -0.6428007 0.7660336 -4.96209e-6 -0.9397111 -0.3419697 -3.26335e-5 0.8089999 0.587809 3.8594e-6 1 1.95503e-5 -1.65625e-5 1 1.95503e-5 2.53767e-5 1 1.91331e-5 1.47612e-5 0.8090001 0.5878085 -6.4224e-6 1 1.91331e-5 -1.83674e-5 0.814238 -0.5805313 -1.01477e-5 1 -1.7345e-5 -1.62164e-5 1 -1.733e-5 2.61515e-5 0.8655664 5.18374e-6 -0.5007943 0.8142316 -3.78489e-6 -0.5805402 1 1.37687e-5 8.49366e-6 1 1.23836e-5 -2.05934e-5 0.8655673 9.0152e-7 -0.5007927 1 -1.44157e-5 -2.0653e-5 0.8143549 2.3976e-5 0.5803673 1 2.63966e-5 7.62939e-6 1 2.75373e-5 7.689e-6 0.8090002 0.5878084 1.65528e-5 0.8090002 0.5878084 -1.47634e-5 1 1.89841e-5 0 0.3089895 0.9510655 1.6549e-5 0.3089895 0.9510655 -1.47753e-5 0.8090056 0.5878009 0 0.8090055 0.5878011 1.47851e-5 0.3089893 0.9510655 0 0.8090056 0.5878011 -1.64939e-5 -0.3089988 0.9510625 1.65429e-5 -0.3089988 0.9510625 -1.47731e-5 0.3089988 0.9510625 0 0.3089988 0.9510625 1.47612e-5 -0.3089988 0.9510625 0 0.3089988 0.9510625 -1.65429e-5 -0.8090059 0.5878007 1.65307e-5 -0.8090059 0.5878006 -1.47791e-5 -0.3089898 0.9510654 0 -0.3089897 0.9510654 1.47872e-5 -0.8090059 0.5878006 0 -0.3089897 0.9510654 -1.6549e-5 -1 1.87159e-5 1.17002e-5 -1 1.87159e-5 -1.47731e-5 -0.8090003 0.5878082 4.79817e-6 -1 1.88649e-5 1.65625e-5 -1 1.88681e-5 -1.20848e-5 -0.8090003 0.5878083 9.84967e-6 -0.809 0.5878088 1.03541e-4 -1 1.93864e-5 0 -0.809 0.5878088 -1.67092e-5 -0.8142388 -0.5805302 1.809e-5 -1 -1.60635e-5 1.36006e-5 -1 -1.60486e-5 -2.60323e-5 -0.8655669 -0.5007936 -8.49366e-6 -1 -2.16067e-5 9.74558e-6 -1 -2.16067e-5 1.30087e-5 -0.8143669 -0.5803503 1.4782e-5 -1 1.7643e-5 2.14502e-5 -0.8655739 -0.5007813 7.16746e-6 -1 2.63021e-5 -7.62939e-6 -1 2.73734e-5 -7.689e-6 -0.8143549 2.39909e-5 -0.5803673 -0.968216 4.20026e-6 0.2501158 -1 1.29701e-5 2.08318e-5 -1 6.02057e-6 2.08467e-5 -0.866013 -1.73226e-6 0.5000216 -1 -3.27826e-6 1.69873e-6 -0.9682164 2.73809e-6 0.2501141 -0.8142275 6.19888e-6 0.580546 -1 -7.54744e-6 -2.0355e-5 -0.866029 -1.2666e-5 0.4999939 -1 1.93417e-5 6.38373e-6 -1 1.93715e-5 1.62933e-4 -0.809 0.5878087 1.36644e-5 -0.8655673 -0.5007928 1.50502e-5 -1 -2.07126e-5 -1.87189e-5 -1 -2.07424e-5 1.22652e-5 -0.4999997 0.8660256 -2.78838e-6 -0.8090148 0.5877884 5.86733e-6 -0.3089736 0.9510707 1.27181e-5 -0.9682242 0.2500837 7.7337e-6 -1 1.30779e-5 1.00676e-6 -0.8090237 0.5877759 -2.61068e-5 -0.8660286 0.4999945 1.32043e-5 -0.9682201 0.2500999 -3.74764e-6 -0.8090166 0.5877857 5.94556e-6 -0.4999948 0.8660284 2.21711e-5 -0.8660305 0.4999914 -9.86084e-6 -0.8089982 0.5878112 3.74392e-6 4.01027e-6 1 1.7303e-5 -0.3089994 0.9510623 -1.21109e-5 0.3090021 0.9510614 1.60933e-6 1.48648e-5 1 1.57952e-5 -0.5000174 0.8660153 1.00285e-5 -0.3089776 0.9510694 -5.69224e-6 0.4999969 0.8660272 1.51619e-6 0.3089743 0.9510704 4.74229e-6 0.8090152 0.5877878 1.30981e-5 0.5000164 0.866016 1.70954e-5 -1.68532e-5 1 4.63426e-6 0.308979 0.9510689 -7.11344e-6 0.8660115 0.5000241 2.67476e-6 0.8089912 0.5878208 8.76188e-6 1 5.69224e-6 -3.26335e-6 0.8660308 0.4999907 -1.83508e-5 0.4999942 0.8660289 1.60709e-5 0.8089985 0.5878107 -1.15857e-6 0.9682157 0.2501168 -7.12275e-6 1 2.18451e-5 1.25373e-5 1 2.186e-5 6.17068e-6 0.8142379 -0.5805314 4.39584e-6 1 -1.74642e-5 5.65628e-6 1 -1.747e-5 1.23307e-6 0.9682213 0.2500956 -8.82149e-6 0.8660255 0.4999999 0 1 2.3216e-5 -5.72205e-6 0.8142284 -0.5805447 -1.51396e-5 0.8656193 -0.5007029 -6.29574e-6 1 1.90139e-5 -1.71885e-5 -1.08698e-5 0 -1 1.08697e-5 0 -1 0.8141909 -0.5805972 1.22599e-5 0.5000172 -0.8660155 -1.59089e-5 0.8655722 -0.5007842 8.64081e-6 0.4213981 -0.9068759 3.09199e-6 1.31023e-5 -1 -1.74344e-6 0.4999907 -0.8660309 1.15633e-5 0.814235 -0.5805355 2.42889e-6 0.4213796 -0.9068844 -6.79865e-6 0.5000269 -0.86601 1.39177e-5 -0.4215938 -0.9067849 3.89107e-6 -0.5000021 -0.8660243 9.00403e-6 8.34465e-7 -1 -9.10461e-6 -1.05038e-4 -1 -7.7486e-6 -0.421586 -0.9067885 -1.58399e-5 -9.13441e-6 -1 5.18521e-6 0.4214985 -0.9068292 -1.14366e-5 -8.73357e-5 -1 1.46019e-5 8.54582e-6 -1 -2.04444e-5 -0.8143644 -0.5803539 2.96719e-6 -0.8655748 -0.5007798 -2.92063e-6 -0.5000145 -0.8660172 0 -0.4216927 -0.9067388 9.47714e-6 -0.8143616 -0.580358 -2.2307e-5 -0.5000282 -0.8660092 8.77306e-7 5.82473e-6 0 -1 -0.5000101 -1.64658e-5 -0.8660196 -0.8143503 -1.4618e-5 -0.5803738 -0.4215953 -5.08502e-6 -0.9067841 -0.8655787 2.2646e-5 -0.500773 -1 -7.7337e-6 0 -0.8143654 1.22599e-5 -0.5803525 -0.5000327 2.18116e-5 -0.8660066 -0.8655645 1.91648e-5 -0.5007975 -0.8143955 1.04681e-5 -0.5803104 -0.4999932 -2.6226e-6 -0.8660293 -0.4216013 5.95581e-6 -0.9067813 -1.21064e-4 3.36766e-6 -1 1.00285e-5 1.32997e-5 -1 -8.58726e-5 1.30162e-5 -1 0.4214999 -1.56909e-5 -0.9068285 -1.01032e-5 -4.35915e-5 -1 -0.4999949 1.03116e-5 -0.8660284 -1.05977e-4 1.48539e-5 -1 0.5000079 -2.54624e-6 -0.8660209 0.4214996 1.79559e-6 -0.9068287 0.8142531 -2.30968e-6 -0.5805101 0.4999981 7.00355e-7 -0.8660265 6.13928e-6 -1.05798e-6 -1 0.4215023 2.56859e-6 -0.9068274 0.865563 9.93349e-6 -0.5008001 0.4999923 -4.59701e-6 -0.8660299 0.8142526 -3.42913e-6 -0.5805108 -0.4330518 -0.7499997 -0.4999668 -0.7422677 -0.4461147 -0.5000203 -0.7499688 -0.4330843 -0.4999848 -0.4330179 -0.7499957 -0.5000021 -0.4330201 -0.7499995 -0.4999945 -0.7423332 -0.4460192 -0.5000085 -0.7500005 -0.4330222 -0.4999909 -0.7499947 -0.4330198 -0.5000018 -0.8660163 1.51838e-5 -0.5000159 -0.7500057 -0.4330313 -0.4999755 -0.4330155 -0.7500027 -0.4999936 -0.7500069 -0.4330317 -0.4999734 -0.8660187 1.49012e-6 -0.5000115 -0.8660162 1.49242e-6 -0.5000162 -0.8369188 0.2226104 -0.5000117 -0.8660395 2.74833e-5 -0.4999758 -0.7500196 -0.4329989 -0.4999827 -0.8660219 2.85208e-5 -0.5000061 -0.749992 0.4329992 -0.5000239 -0.8368991 0.2226257 -0.5000379 -0.7499917 0.4329975 -0.5000256 -0.7500112 0.4330088 -0.4999867 -0.8660299 -6.40303e-5 -0.4999921 -0.8368985 0.2226456 -0.5000299 -0.7500137 0.4330358 -0.4999597 -0.7500152 0.4330276 -0.4999643 -0.4330359 0.7500029 -0.4999758 -0.4330208 0.7499599 -0.5000533 -0.4330227 0.7499698 -0.5000366 8.21939e-6 0.8659952 -0.5000525 -0.7499827 0.4330037 -0.500034 -0.4330043 0.7499778 -0.5000408 -0.4330081 0.7499934 -0.500014 1.18315e-5 0.8660012 -0.500042 1.61668e-5 0.8660135 -0.5000208 0.4329865 0.7499861 -0.5000436 -0.4329959 0.7500205 -0.4999838 3.24994e-5 0.866021 -0.5000076 -1.75773e-5 0.8660228 -0.5000048 0.4330186 0.7499886 -0.5000121 0.4330167 0.7499866 -0.5000166 0.7499867 0.4330058 -0.500026 -8.83732e-6 0.8660278 -0.499996 0.4329851 0.7500163 -0.4999994 0.4329849 0.7500208 -0.499993 0.750012 0.4330053 -0.4999883 0.7500138 0.4330086 -0.4999828 0.8369204 0.2226344 -0.4999982 0.4330157 0.7500061 -0.4999885 0.7499937 0.4330272 -0.499997 0.7499929 0.433028 -0.4999975 0.7499846 0.4330592 -0.4999829 0.8369238 0.22257 -0.5000211 0.8660128 -4.01586e-5 -0.500022 0.8660223 -1.74493e-5 -0.5000054 0.8660178 -1.68474e-5 -0.5000132 0.750008 -0.4329897 -0.5000079 0.7500173 0.4329985 -0.4999865 0.8660193 -2.88338e-5 -0.5000107 0.8660368 -2.86617e-5 -0.4999804 0.7499945 -0.4330261 -0.4999966 0.7499945 -0.4330261 -0.4999968 0.7423476 -0.4459912 -0.5000119 0.7500215 -0.4329826 -0.499994 0.8660269 1.30455e-5 -0.4999974 0.7500181 -0.432981 -0.5000004 0.7500061 -0.4330169 -0.4999873 0.7423337 -0.4459943 -0.5000298 0.432996 -0.7499984 -0.5000171 0.4330156 -0.7499828 -0.5000233 0.433021 -0.7499908 -0.5000067 -1.31335e-5 -0.8660137 -0.5000202 0.433016 -0.7500072 -0.4999864 0.7499903 -0.43302 -0.5000082 0.433009 -0.7499934 -0.5000132 -1.89394e-5 -0.86602 -0.5000095 -1.90435e-5 -0.8660323 -0.4999883 -0.4329916 -0.7500048 -0.5000111 2.11347e-5 -0.8660191 -0.500011 0.4330003 -0.750014 -0.4999899 2.14875e-5 -0.8660175 -0.5000139 -0.4330258 -0.7499952 -0.4999961 1.0405e-5 -0.8660047 -0.5000362 -0.4329829 -0.7500156 -0.5000025 0.9659323 6.55651e-7 -0.2587952 0.866019 1.10436e-5 -0.5000113 0.7499955 -0.4330288 -0.4999929 0.8660457 0.499965 3.33488e-5 0.8660463 -4.65214e-5 -0.4999639 0.9659495 -3.50038e-5 -0.2587307 0.8660175 0.5000137 -1.63205e-5 0.7499902 0.4330362 -0.4999945 0.8659973 4.19524e-5 -0.5000486 0.8660246 -0.5000016 -4.55137e-5 0.7500219 -0.4329839 -0.4999923 0.4329829 -0.7499971 -0.5000302 1 2.93553e-6 -2.44519e-5 0.9659249 5.37047e-6 -0.2588225 0.7499971 -0.4330006 -0.5000148 0.8660236 -0.5000032 -1.12206e-5 1 3.14601e-6 1.65403e-6 0.7499973 -0.4329901 -0.5000237 0.5000017 -0.8660244 -1.69575e-5 0.4330246 -0.7499977 -0.4999932 -2.06754e-5 -0.8660214 -0.500007 0.5000125 -0.8660182 3.45111e-5 0.8660188 -0.5000117 9.81987e-6 0.4330134 -0.7499883 -0.5000169 -1.08629e-5 -1 3.8689e-5 3.13967e-5 -0.8660377 -0.4999787 -0.4330106 -0.7500085 -0.4999893 0.2250227 -0.9743536 -4.29898e-6 0.4999144 -0.8660748 -4.35114e-6 -8.22917e-5 -0.8660482 -0.4999607 1.29277e-5 -1 -3.39747e-5 0.2249971 -0.9743595 -2.90424e-5 6.78748e-6 -0.8660121 -0.5000231 -0.5000057 -0.8660222 -3.53735e-5 -0.4330129 -0.7499902 -0.5000146 -0.7500032 -0.4329836 -0.5000205 -0.5000022 -0.8660241 -1.57952e-5 4.76651e-6 -1 -2.80142e-6 -0.4329879 -0.749996 -0.5000274 -0.8660178 -0.5000134 -1.63689e-5 -0.7499903 -0.433036 -0.4999945 -0.8659973 -4.16469e-5 -0.5000486 -0.5516032 -0.8341067 8.2776e-6 -0.500014 -0.8660174 1.76672e-5 -0.7500134 -0.43296 -0.5000257 -0.8659841 -0.5000715 -2.26349e-5 -0.5515952 -0.8341121 -2.3827e-5 -0.7499879 -0.4330192 -0.5000126 -0.8660461 -0.4999642 1.54972e-5 -0.8660379 4.83841e-5 -0.4999784 -0.9659452 3.85847e-5 -0.2587469 -0.75 0.4330298 -0.4999855 -0.9659344 3.12924e-7 -0.2587872 -0.866023 -1.08369e-5 -0.5000042 -0.8660127 -0.5000219 1.14441e-5 -0.965933 -1.51545e-5 -0.2587924 -1 7.98237e-6 4.82798e-6 -0.7500016 0.4330019 -0.5000069 -1 -2.10106e-6 -1.55782e-5 -0.9659273 -5.50179e-6 -0.2588139 -1.80211e-5 0 -1 -0.8660236 0.5000032 -1.11908e-5 -1 -3.15718e-6 1.62423e-6 -0.7499973 0.4329901 -0.5000237 0.8660128 0.5000219 -7.20471e-6 0.9659284 1.54823e-5 -0.2588095 1 -9.58657e-6 -1.30236e-5 9.01043e-6 0 -1 1.83526e-5 0 -1 -3.15548e-6 0 -1 -9.94617e-7 0 -1 -1.72106e-6 0 -1 -1.18701e-5 0 -1 3.86963e-6 0 -1 0.500037 0.8660041 -1.1703e-5 0.4329848 0.7500208 -0.4999933 0.7499942 0.4330147 -0.500007 0.8660069 0.5000321 -2.57045e-5 0.5000199 0.866014 -2.20835e-5 0.7499814 0.4329977 -0.5000409 7.56979e-6 1 -4.76036e-5 4.26173e-6 0.866011 -0.500025 0.4330081 0.7499992 -0.5000053 0.2249695 0.9743659 2.30111e-5 5.26756e-5 1 2.27205e-5 0.4329851 0.7500222 -0.4999907 0.5000216 0.866013 -1.54972e-6 0.2249987 0.9743591 -7.04825e-6 0.4329819 0.7500163 -0.5000023 -0.4999992 0.866026 5.06993e-5 -0.4330357 0.7500305 -0.4999345 1.08145e-5 0.8660581 -0.4999436 1.9215e-5 1 -3.05027e-5 -0.4999917 0.8660302 -2.40207e-5 -7.09295e-6 0.8660013 -0.500042 -0.8660207 0.5000083 9.12324e-5 -0.7500492 0.4330039 -0.4999339 -0.4330477 0.7500216 -0.4999373 -0.5515913 0.8341146 9.99868e-6 -0.8660401 0.4999747 1.34408e-5 -0.4330018 0.749991 -0.500023 -0.5000199 0.866014 6.29276e-5 -0.5516118 0.834101 2.42889e-5 -0.4330028 0.7500196 -0.4999792 -8.02929e-6 0 -1 -2.29471e-6 0 -1 9.01047e-6 0 -1 -9.94616e-7 0 -1 -7.74528e-6 0 -1 0.749997 0.4329907 0.5000237 0.8660234 0.5000038 1.10716e-5 1 -2.54251e-6 -1.65403e-6 0.9659293 -1.96071e-5 0.2588063 0.7500143 0.4329919 0.4999968 1 -1.45733e-5 6.61612e-6 0.86602 -0.5000096 -9.54419e-6 0.9659327 -1.50502e-6 0.2587935 1 2.09762e-5 -4.66406e-6 0.4330028 0.7499779 0.5000417 0.5000104 0.8660195 6.35833e-5 0.8660188 0.5000117 2.67625e-5 0.7500219 0.4329838 0.4999923 0.433021 0.7499947 0.5000008 0.8660238 0.5000028 -2.40486e-5 -1.83527e-5 0 1 1.14745e-6 0 1 -8.1867e-5 0.866047 0.4999627 0.2250224 0.9743536 4.22448e-6 0.4999136 0.8660752 1.59442e-6 0.433053 0.7500209 0.4999338 1.06096e-5 0.8660596 0.4999408 0.5000162 0.8660162 -5.45308e-5 1.10492e-5 0.8659829 0.5000739 1.63033e-5 1 9.35942e-5 0.2250032 0.9743581 9.24468e-5 1.22091e-6 0 1 -0.4330129 0.7500115 0.4999827 -0.5000181 0.866015 -3.90261e-5 -1.68132e-5 1 -4.92185e-5 3.23039e-5 0.8660293 0.4999933 -0.4330081 0.7499992 0.5000053 -9.25362e-6 1 -2.19066e-5 -0.7500203 0.4329598 0.5000154 -0.5516024 0.8341072 -1.25878e-5 -0.5000132 0.8660178 -1.45007e-5 -9.28557e-6 0 1 -0.4330046 0.7500482 0.499935 -0.7500211 0.4330416 0.4999434 -0.5000423 0.866001 -5.55739e-5 2.29473e-6 0 1 -0.7500299 0.4330101 0.4999576 -0.8659976 0.5000483 -4.59999e-5 -0.5516237 0.8340931 -3.98755e-5 -0.9659304 1.37091e-6 0.258802 -1 -4.00841e-6 -3.24249e-5 -0.8660201 0.5000093 -2.6077e-7 -0.8660079 4.26173e-6 0.5000305 -0.9659331 2.57976e-7 0.2587921 -0.8660035 0.5000382 1.63317e-5 -0.7499903 0.433036 0.4999945 -0.8659973 4.16636e-5 0.5000486 -0.8660178 0.5000134 1.63689e-5 -0.7500092 -0.4329912 0.5000048 -1 1.47074e-5 1.55047e-5 -0.965927 1.8856e-5 0.2588148 -0.7500012 -0.4329918 0.5000164 -0.866024 -0.5000025 2.78652e-6 -1 3.1488e-6 -1.08331e-5 -0.7499462 -0.4330384 0.5000585 -0.9659158 -3.45856e-5 0.2588565 -0.8659981 -2.1073e-5 0.5000472 -0.8660269 9.80496e-6 0.4999976 -0.8660286 1.22795e-5 0.4999947 -0.7500292 0.4329907 0.4999755 -0.7500181 -0.432981 0.5000004 -0.7500215 -0.4329826 0.499994 -0.8660269 1.30455e-5 0.4999974 -0.8660382 3.06342e-5 0.4999778 -0.7500118 -0.4329908 0.5000015 -0.866026 2.8953e-5 0.4999989 -0.7499932 0.4330069 0.5000154 -0.7499939 0.4330049 0.5000159 -0.4329795 0.750012 0.5000108 -0.8381031 0.2181648 0.4999873 -0.8660333 8.5786e-5 0.4999863 -0.7500209 0.4329917 0.4999871 -0.749995 0.4330071 0.5000124 -0.8380809 0.2182072 0.5000063 -0.7499967 0.4330088 0.5000083 -0.4329935 0.7500153 0.4999937 -0.433034 0.7499963 0.4999873 -4.82425e-7 0.8660085 0.5000293 -0.433021 0.7500181 0.4999656 -0.7500302 0.4329957 0.4999693 -0.4330179 0.7500038 0.49999 -1.74642e-5 0.8660211 0.5000076 -1.53119e-5 0.8660228 0.5000048 0.4330103 0.7500143 0.4999808 3.17877e-5 0.8660134 0.5000208 -0.4329866 0.7499862 0.5000433 3.61055e-5 0.8660013 0.500042 0.4330191 0.7499851 0.5000169 0.4330266 0.7499986 0.4999901 0.7499978 0.4330075 0.5000079 0.4330143 0.7499735 0.5000385 -1.805e-5 0.8659954 0.5000521 0.4330126 0.7499634 0.5000551 0.965918 3.618e-5 0.2588485 0.8660023 2.18153e-5 0.5000401 0.7499504 0.4330398 0.500051 0.8381151 0.218083 0.500003 0.7499861 0.4330289 0.5000069 0.8660241 0 0.5000021 0.750032 0.432995 0.4999675 0.4330217 0.7500163 0.4999678 0.7500187 0.4329898 0.4999918 0.8380846 0.2182117 0.4999979 0.7500039 0.4330149 0.4999923 0.7500026 0.4330138 0.4999953 0.8660036 -0.5000379 2.54512e-5 0.8660212 1.51545e-5 0.5000074 0.9659309 1.39046e-6 0.2588002 0.7499903 -0.433036 0.4999945 0.8659973 -4.16469e-5 0.5000486 0.8660178 -0.5000134 1.63689e-5 0.8660268 -1.00881e-5 0.4999976 0.8660286 -1.25607e-5 0.4999947 0.7500286 -0.4329907 0.4999762 0.8381135 0.2181044 0.4999963 0.8660187 1.80453e-5 0.5000118 0.8660224 1.83798e-5 0.5000054 -0.4330013 -0.749992 0.5000218 -0.5515939 -0.8341129 -1.35601e-6 -0.8660403 -0.4999743 4.75347e-6 -0.7500218 -0.4329841 0.4999922 -0.4329828 -0.7499973 0.5000302 -0.8660245 -0.5000017 4.53889e-5 -0.4330127 -0.7500115 0.4999827 -0.5000248 -0.8660111 2.20835e-5 -0.5515883 -0.8341166 -1.92225e-5 -9.2857e-6 0 1 -8.80659e-6 -0.8660181 0.5000129 1.62311e-5 -1 -3.14415e-6 -0.4999916 -0.8660303 -1.26809e-5 -0.4330246 -0.7499977 0.4999932 2.07014e-5 -0.8660213 0.500007 -0.5000017 -0.8660245 1.69259e-5 -2.29475e-6 0 1 0.4329848 -0.7500223 0.4999908 0.2249697 -0.9743658 -2.29105e-5 5.27054e-5 -1 -2.26125e-5 -3.13502e-5 -0.8660378 0.4999788 0.4330105 -0.7500083 0.4999893 1.0848e-5 -1 -3.86834e-5 0.4330111 -0.7500194 0.4999725 0.5000042 -0.8660231 -9.55165e-6 0.224982 -0.9743629 -1.10716e-5 0.7499882 -0.4330028 0.5000263 0.8660061 -0.5000336 8.9109e-6 0.5000197 -0.8660141 3.57628e-6 0.4329904 -0.7500243 0.499983 0.750001 -0.4330214 0.4999912 0.5000365 -0.8660044 -1.88127e-7 0.7499962 -0.4330091 0.500009 0.7500101 -0.433016 0.4999821 0.4329825 -0.7500151 0.5000036 0.7500231 -0.432993 0.4999825 0.8660311 6.42985e-6 0.4999901 0.7500136 -0.4329885 0.5000006 0.4329829 -0.7500157 0.5000025 0.4330257 -0.7499952 0.499996 -1.04499e-5 -0.8660046 0.5000361 0.7395941 -0.4505821 0.4999764 0.7499598 -0.4330581 0.5000212 0.4330732 -0.749984 0.4999718 0.4329915 -0.7500046 0.5000117 0.7395893 -0.4505688 0.4999956 0.4329891 -0.7500037 0.5000151 1.7181e-5 -0.8660175 0.5000138 1.75331e-5 -0.8660191 0.5000109 -0.4330092 -0.7500104 0.4999876 -1.96097e-5 -0.8660321 0.4999884 0.4330003 -0.7500007 0.5000096 -1.97291e-5 -0.86602 0.5000095 -0.4330089 -0.7499935 0.5000131 -0.433016 -0.7500073 0.4999862 -0.7499901 -0.4330201 0.5000085 -0.433021 -0.7499908 0.5000067 1.31042e-5 -0.8660138 0.5000203 -0.4330156 -0.7499828 0.5000233 -0.7395765 -0.45059 0.4999954 -0.4330167 -0.7499957 0.5000031 -0.7500085 -0.4329991 0.4999991 -0.7500028 -0.4330039 0.5000033 -0.7396062 -0.4505245 0.5000104 -0.7500033 -0.4330041 0.5000028 -1.41527e-5 0 1 -1.36063e-5 0 1 9.36032e-6 0 1 -1.10073e-5 0 1 2.75504e-6 0 1 -3.53817e-6 0 1 3.45936e-6 0 1 -7.37964e-6 0 1 -4.32418e-7 0 1 -9.36032e-6 0 1 5.56696e-6 0 1 1.00805e-4 0 1 1.81493e-6 0 1 4.32426e-7 0 1 -1.33158e-5 0 1 6.48639e-6 0 1 9.2439e-6 0 1 0.7071008 3.02494e-6 0.7071127 0.7071075 7.49249e-7 0.7071062 0.6123671 -0.3535911 0.7070926 0.6124042 0.3535632 0.7070744 0.6853674 0.1741865 0.7070578 0.7071555 6.07371e-5 0.7070581 0.707107 4.52017e-6 0.7071066 0.6124026 0.353519 0.7070979 0.7071112 3.63588e-6 0.7071024 0.6124466 -0.3534928 0.7070728 0.6124468 -0.353493 0.7070726 0.6089433 -0.3594964 0.7070718 0.6124015 -0.3535169 0.7071 0.7071204 -5.75744e-6 0.7070931 0.6124052 -0.3535188 0.7070958 0.6123276 -0.3536115 0.7071166 0.6089345 -0.359511 0.7070719 0.353513 -0.6124157 0.7070895 0.6124192 0.3535016 0.7070923 0.6124207 0.3535018 0.7070909 0.6853302 0.1742037 0.7070895 0.3535159 0.6124131 0.7070904 0.3535201 0.6124166 0.7070853 0.6124002 0.3535875 0.7070657 0.6123881 0.3535177 0.7071112 0.3534943 0.6123849 0.7071256 0.6123769 0.3535092 0.7071251 -0.7071324 -1.28299e-5 0.7070812 -0.6853494 0.1742255 0.7070657 -0.6123875 0.3536098 0.7070655 -0.7071076 2.12193e-5 0.7071061 -0.7071122 2.29874e-5 0.7071015 -0.6853133 0.1742109 0.7071042 -0.6123995 0.3535088 0.7071056 -0.6123882 0.3535022 0.7071188 -0.3535746 0.6123923 0.707079 -0.6123965 0.3535147 0.7071053 -0.7071152 4.07174e-6 0.7070984 -0.6123998 0.3535175 0.7071011 -0.3535148 0.6124022 0.7071004 -0.3535172 0.6124066 0.7070953 -6.49039e-6 0.7071155 0.7070981 -0.3535974 0.6123685 0.7070882 -0.6124198 0.3534801 0.7071024 -0.3535971 0.6123719 0.7070854 6.4522e-6 0.7071133 0.7071003 6.31064e-6 0.7071183 0.7070953 0.3535161 0.6124045 0.7070977 2.70084e-6 0.7071162 0.7070974 -0.3534995 0.6123926 0.7071163 3.15905e-6 0.7071023 0.7071114 0.3535082 0.6124072 0.7070994 -3.32016e-6 0.707099 0.7071145 0.3536029 0.6123784 0.7070769 -0.612387 -0.3536034 0.7070692 -0.612408 -0.3535014 0.707102 -0.7071031 7.66944e-7 0.7071105 -0.6124066 -0.35352 0.7070938 -0.7071153 -5.0813e-6 0.7070983 -0.7071111 -5.26011e-6 0.7071025 -0.3536003 -0.6123829 0.7070744 -0.6089186 -0.3596001 0.7070402 -0.6123597 -0.3535204 0.7071344 -0.3535766 -0.612385 0.7070844 -0.3534876 -0.6124232 0.7070958 -0.6088669 -0.3596024 0.7070837 -0.6123881 -0.3535175 0.7071112 -0.3535071 -0.6124066 0.7071005 -0.6123927 -0.353518 0.7071069 -4.97699e-6 -0.7071079 0.7071058 -5.01797e-6 -0.7071129 0.7071008 -0.3535147 -0.6123993 0.7071029 -0.3535071 -0.6124023 0.7071042 4.73252e-6 -0.7070938 0.7071197 -0.3536016 -0.6123737 0.7070816 0.3535137 -0.6123974 0.7071051 0.3535159 -0.612402 0.7071 5.0501e-6 -0.7071104 0.7071032 0.3535891 -0.6123891 0.7070745 0.6124047 -0.3534882 0.7071115 0.3535789 -0.6123756 0.7070913 -4.21517e-6 -0.7071109 0.7071027 0.3534982 -0.6123874 0.7071215 -4.44055e-6 -0.7070969 0.7071167 -1 1.10716e-5 -1.29386e-5 -1 1.10716e-5 -1.23637e-5 -0.8660278 0.4999958 -2.01687e-5 -0.8660277 -0.4999961 -1.29386e-5 -0.8660277 -0.4999961 -1.23637e-5 -1 -1.15585e-5 -2.01669e-5 -1 -7.80821e-6 8.68422e-5 -0.8660296 -0.4999927 2.03541e-5 -1 -7.77841e-6 1.29386e-5 -0.8660208 0.5000081 -1.3062e-5 -0.8660208 0.5000081 -1.23637e-5 -0.5000057 0.8660222 -2.0084e-5 -0.8660295 0.4999929 1.23637e-5 -1 7.62311e-6 2.01687e-5 -0.8660295 0.4999929 1.29386e-5 -0.4999935 0.8660292 -1.29386e-5 -0.4999935 0.8660292 -1.23637e-5 -8.31595e-6 1 -2.03541e-5 -0.50001 0.8660197 1.23637e-5 -0.8660234 0.5000035 2.0084e-5 -0.50001 0.8660197 1.3062e-5 8.41916e-6 1 -1.29386e-5 8.41916e-6 1 -1.23637e-5 0.4999933 0.8660293 -2.03568e-5 -1.18464e-5 1 1.23637e-5 -0.4999965 0.8660275 2.03541e-5 -1.18464e-5 1 1.29386e-5 0.5000057 0.8660221 -1.3062e-5 0.5000057 0.8660221 -1.23637e-5 0.8660207 0.5000082 -2.00821e-5 0.4999964 0.8660275 1.23637e-5 1.19383e-5 1 2.03568e-5 0.4999964 0.8660275 1.29386e-5 0.8660277 0.4999961 -1.29386e-5 0.8660277 0.4999961 -1.23637e-5 1 1.14988e-5 -2.01669e-5 0.8660233 0.5000037 8.68423e-5 0.5000105 0.8660194 2.00812e-5 0.8660233 0.5000036 1.3062e-5 1 -1.14292e-5 -1.29386e-5 1 -1.14292e-5 -1.23637e-5 0.8660277 -0.4999963 -2.01678e-5 0.8660295 0.4999931 2.03541e-5 1 8.18074e-6 1.29386e-5 1 8.19564e-6 1.23637e-5 0.8660208 -0.5000081 -1.3062e-5 0.8660208 -0.5000081 -1.23637e-5 0.5000057 -0.8660221 -2.00849e-5 0.8660295 -0.4999929 1.23637e-5 1 -7.63018e-6 2.03541e-5 0.8660295 -0.4999929 1.29386e-5 0.4999935 -0.8660293 -1.29386e-5 0.4999935 -0.8660293 -1.23637e-5 8.28621e-6 -1 -2.0355e-5 0.5000101 -0.8660196 1.23637e-5 0.8660234 -0.5000035 2.00849e-5 0.5000101 -0.8660196 1.3062e-5 -8.38935e-6 -1 -1.29386e-5 -8.38935e-6 -1 -1.23637e-5 -0.4999933 -0.8660293 -2.0355e-5 1.18762e-5 -1 1.23637e-5 0.4999966 -0.8660275 2.03559e-5 1.18613e-5 -1 1.29386e-5 -0.5000057 -0.8660221 -1.3062e-5 -0.5000057 -0.8660221 -1.23637e-5 -0.8660207 -0.5000082 -2.0083e-5 -0.4999964 -0.8660275 1.23637e-5 -1.20277e-5 -1 2.0355e-5 -0.4999964 -0.8660275 1.29386e-5 -0.8660233 -0.5000038 1.23637e-5 -0.5000103 -0.8660196 2.00821e-5 -0.8660233 -0.5000038 1.3062e-5 0.7071112 -3.65078e-6 -0.7071024 0.707107 -4.53275e-6 -0.7071066 0.6124005 -0.3535731 -0.7070726 0.612397 0.3535695 -0.7070775 0.6123945 0.3535681 -0.7070803 0.7071205 5.73881e-6 -0.7070931 0.6843813 0.1777311 -0.7071309 0.612338 0.353567 -0.7071298 0.7070643 4.93228e-5 -0.7071493 0.7071112 -1.08507e-5 -0.7071025 0.6844111 0.1776826 -0.7071142 0.7071108 -1.0848e-5 -0.7071028 0.611002 -0.3559096 -0.7071102 0.6124049 -0.3535861 -0.7070623 0.3535103 -0.612416 -0.7070906 0.6110149 -0.3559037 -0.7071021 0.7071002 -2.04761e-5 -0.7071134 0.6124114 -0.3534942 -0.7071027 0.3536117 -0.6123709 -0.7070791 0.3535175 -0.6123992 -0.7071015 6.93463e-6 -0.7070939 -0.7071197 0.3534801 -0.6124067 -0.7071138 0.6109924 -0.3558963 -0.7071253 0.353485 -0.6124135 -0.7071055 -6.63102e-6 -0.7070969 -0.7071167 -6.85779e-6 -0.7071109 -0.7071027 -0.353509 -0.6123842 -0.7071189 5.0189e-6 -0.7071129 -0.7071008 0.3536103 -0.6123732 -0.7070777 4.97699e-6 -0.7071078 -0.7071058 -0.353514 -0.6123829 -0.7071174 -0.3535212 -0.6123949 -0.7071034 -0.6123631 -0.3535965 -0.7070934 -0.3535159 -0.612402 -0.7071 -5.0501e-6 -0.7071104 -0.7071032 -0.3536164 -0.6123836 -0.7070657 -0.6110012 -0.3559261 -0.7071026 -0.612396 -0.3536045 -0.7070608 -0.707104 8.12579e-6 -0.7071096 -0.6110218 -0.355909 -0.7070935 -0.3535286 -0.6124045 -0.7070916 -0.6123974 -0.3535044 -0.7071098 -0.7071112 3.48687e-6 -0.7071024 -0.707107 4.40329e-6 -0.7071067 -0.6124005 0.353573 -0.7070727 -0.6109986 -0.3558938 -0.7071212 -0.7071141 1.81496e-5 -0.7070994 -0.707113 1.92509e-5 -0.7071006 -0.6123591 0.3535946 -0.7070978 -0.6123722 0.3536026 -0.7070824 -0.3535129 0.6123803 -0.7071202 -0.6844252 0.1776794 -0.7071013 -0.707112 8.75443e-5 -0.7071016 -0.61234 0.353587 -0.7071181 -0.6124236 0.3534854 -0.7070965 -0.6844024 0.1777219 -0.7071127 -0.6123943 0.3535233 -0.707103 -0.353613 0.6123756 -0.7070743 -0.3535186 0.6124041 -0.7070968 -8.33161e-6 0.707099 -0.7071146 -0.3536044 0.6123857 -0.7070699 -0.612387 0.353518 -0.7071119 -0.3536049 0.6123831 -0.7070719 7.89762e-6 0.7071022 -0.7071114 8.37911e-6 0.7070966 -0.707117 0.3535104 0.6123893 -0.7071138 -6.30878e-6 0.7071183 -0.7070953 -0.3536117 0.6123785 -0.7070724 -6.4522e-6 0.7071133 -0.7071004 0.3534893 0.6124221 -0.7070959 0.3535257 0.6123945 -0.7071015 0.6123783 0.3536117 -0.7070726 0.3535263 0.6124225 -0.707077 6.44755e-6 0.7071156 -0.707098 0.353576 0.6124125 -0.7070608 0.6123896 0.353518 -0.7071096 0.3535974 0.6123731 -0.7070842 0.6123843 0.3535169 -0.7071147 -1 2.0504e-5 2.17295e-6 -1 2.0504e-5 -6.02057e-6 -0.968216 0.2501154 -3.34717e-6 -0.865567 -0.5007932 9.07559e-6 -0.865567 -0.5007932 -1.23858e-5 -1 -2.14061e-5 2.06325e-5 -1 -2.07424e-5 1.23836e-5 -0.8655673 -0.5007927 -2.05096e-5 -1 -2.07424e-5 -9.07397e-6 -0.9682136 0.2501251 -7.02073e-6 -0.9682136 0.2501251 -6.44742e-6 -0.8660181 0.5000127 2.30968e-7 -0.9682157 0.2501167 6.02285e-6 -1 2.17366e-5 3.37325e-6 -0.9682157 0.2501167 -2.17377e-6 -0.4999986 -0.8660263 -8.63614e-6 -0.4999986 -0.8660263 -1.23438e-5 -0.8655608 -0.5008037 -1.5609e-6 -0.8655831 -0.5007655 1.23438e-5 -0.4999953 -0.8660283 1.5609e-6 -0.8655831 -0.5007655 8.63614e-6 -9.76026e-6 -1 2.97214e-7 -9.74536e-6 -1 -1.23637e-5 -0.4999945 -0.8660286 -1.50688e-5 -0.4999946 -0.8660286 1.23637e-5 -9.68424e-6 -1 1.50688e-5 -0.4999946 -0.8660286 -2.97214e-7 0.8655609 -0.5008038 -8.6346e-6 0.8655609 -0.5008038 -1.23416e-5 0.4999986 -0.8660262 -1.44355e-6 1 -2.07424e-5 9.07397e-6 1 -2.07424e-5 -1.23836e-5 0.8655673 -0.5007927 2.05096e-5 0.8655672 -0.500793 1.23858e-5 1 -2.1063e-5 -2.06307e-5 0.8655672 -0.500793 -9.07559e-6 0.4999946 -0.8660286 2.97214e-7 0.4999946 -0.8660286 -1.23637e-5 9.68424e-6 -1 -1.50688e-5 0.4999986 -0.8660263 1.23438e-5 0.8655609 -0.5008038 1.31875e-6 0.4999986 -0.8660263 8.63614e-6 9.74536e-6 -1 1.23637e-5 0.4999945 -0.8660286 1.50688e-5 9.76026e-6 -1 -2.97214e-7 0.968216 0.2501161 2.17377e-6 0.968216 0.2501161 -6.02285e-6 1 2.10914e-5 -3.34717e-6 0.968216 0.2501161 3.34904e-6 1 2.11e-5 -2.17295e-6 1 2.11e-5 6.02057e-6 0.8660179 0.5000131 -7.0232e-6 0.8660179 0.5000131 -4.53024e-5 0.9682134 0.2501257 2.29105e-7 0.8660197 0.50001 -1.93715e-7 0.9682142 0.2501223 7.02073e-6 0.9682143 0.2501223 4.52864e-5 0.5000074 0.8660212 1.73803e-7 0.5000074 0.8660212 -8.68422e-5 0.8660217 0.5000065 -1.50483e-5 0.5000078 0.866021 1.49235e-5 0.8660219 0.5000062 -1.73803e-7 0.8660219 0.5000062 1.23637e-5 -0.8660219 0.5000062 1.73803e-7 -0.8660219 0.5000062 -1.23637e-5 -0.5000078 0.866021 -1.5052e-5 -0.8660199 0.5000097 6.44969e-6 -0.9682145 0.2501218 -1.99303e-7 -0.8660199 0.5000097 7.0232e-6 -0.4999946 0.8660286 2.97214e-7 -0.4999946 0.8660286 -1.23637e-5 -9.68412e-6 1 -1.50688e-5 -0.5000074 0.8660212 8.68422e-5 -0.8660218 0.5000065 1.5052e-5 -0.5000074 0.8660212 -1.73803e-7 9.74536e-6 1 2.97214e-7 9.74536e-6 1 -1.23637e-5 0.4999946 0.8660286 -1.51917e-5 -0.4999945 0.8660286 1.50669e-5 -9.73046e-6 1 -2.97214e-7 -9.74536e-6 1 1.23637e-5 9.64687e-6 1 1.51917e-5 0.4999945 0.8660286 -2.97214e-7 0.4999945 0.8660286 1.23637e-5 -1.4672e-6 0 -1 -3.25562e-6 0 -1 -7.32638e-7 0 -1 -3.91507e-7 0 -1 -4.14121e-6 0 -1 -1.84869e-6 0 -1 9.35152e-7 0 -1 -9.38128e-7 0 -1 0.8659707 0.5000948 -7.7486e-6 -1.64062e-5 -3.68152e-6 -1 -1.63466e-5 -4.13135e-6 -1 -5.82639e-6 0 -1 0.8660196 0.5000102 -3.06903e-5 -2.70307e-5 6.48051e-5 -1 1.99676e-6 -2.78801e-5 -1 0.7071125 4.23193e-6 -0.7071012 1.91629e-5 9.98378e-6 -1 1.81496e-5 -8.9407e-7 -1 0.866038 0.4999782 1.33812e-5 -7.97445e-7 -1.8619e-5 -1 0.7071017 -2.73138e-5 -0.707112 0.8660114 -0.5000243 -2.64479e-5 -6.85453e-6 2.66433e-5 -1 -4.54485e-5 -2.39164e-5 -1 0.8660387 -0.499977 -9.11951e-6 1 -7.4558e-5 -1.53482e-5 -1.6829e-5 -9.99123e-6 -1 0.7071201 4.08627e-5 -0.7070935 1.66595e-5 1.55866e-5 -1 1 -2.92063e-5 -3.27826e-6 0.8660464 -0.4999637 -2.5034e-6 4.24683e-6 1.83582e-5 -1 -1.91927e-5 -1.72853e-6 -1 0.5000339 -0.866006 -7.07246e-6 -3.24845e-6 -2.07126e-5 -1 0.8283294 -0.2931615 -0.4774168 0.5000093 -0.8660201 9.0003e-6 0.8660379 -0.4999786 -2.93553e-5 -4.32134e-7 -2.39015e-5 -1 2.39015e-5 -1 -2.55946e-5 1.51247e-5 -2.12193e-5 -1 -3.44962e-6 3.25143e-5 -1 4.05163e-5 -1 -6.58631e-6 0.4999973 -0.866027 -2.44081e-5 4.51952e-5 3.00836e-5 -1 -0.5000168 -0.8660158 2.41837e-5 5.93066e-5 -1.46329e-5 -1 4.08292e-6 -1.06663e-4 -1 -0.5000485 -0.8659974 4.17232e-7 6.59078e-5 -1 5.00679e-6 -1.08033e-5 -1.57058e-5 -1 -0.866028 -0.4999955 -9.0301e-6 1.70171e-5 -8.91089e-6 -1 2.59392e-5 -4.11719e-5 -1 -0.8659924 -0.5000574 1.63913e-6 -0.4999517 -0.8660534 -7.00355e-6 -1.90735e-5 -1.44094e-5 -1 -0.8660319 -0.4999887 9.25735e-7 1.36495e-5 -5.31077e-5 -1 7.80821e-6 -2.95043e-5 -1 -0.7071048 2.47248e-5 -0.7071088 7.24197e-6 -1.60299e-5 -1 9.95398e-6 1.94199e-5 -1 -0.707104 2.70605e-5 -0.7071096 -0.8660382 -0.4999778 1.64807e-5 -2.46754e-6 1.82316e-5 -1 1.80813e-6 0 -1 -1 6.7018e-5 -1.3873e-5 6.67572e-6 -1.91666e-6 -1 7.0408e-6 -1.13994e-6 -1 -0.7071272 -2.03261e-5 -0.7070863 -8.73208e-6 -7.72905e-5 -1 -1 1.0483e-5 1.90088e-5 1.38392e-6 0 -1 -0.8659978 0.5000478 -1.40816e-6 3.63588e-5 3.72529e-5 -1 -2.11596e-5 -3.6031e-5 -1 -0.8660382 0.4999781 -1.74344e-5 -1 7.3716e-5 -2.71797e-5 2.54903e-5 7.80076e-6 -1 -0.5000366 0.8660044 -4.26378e-5 1.28299e-5 -1.46329e-5 -1 -0.8283229 0.2931374 -0.477443 -1.38539e-6 0 -1 -0.5000106 0.8660193 2.63453e-5 -0.8660387 0.4999771 -6.61612e-6 -1.23009e-5 3.66494e-5 -1 -2.18749e-5 1 9.27597e-7 -6.75023e-6 4.77731e-5 -1 1.30385e-5 6.67572e-6 -1 6.93581e-7 0 -1 -3.96371e-5 1 -1.508e-5 -0.4999974 0.866027 -3.22759e-5 -4.41968e-5 -3.86331e-5 -1 0.8660391 0.4999763 5.60284e-6 -3.55542e-5 2.55108e-5 -1 2.40579e-5 -9.65595e-6 -1 0.5000549 0.8659938 -3.41833e-5 -6.58929e-5 1 -4.23193e-5 -1.68383e-6 -1.6585e-5 -1 0.8660232 0.5000039 -1.81198e-5 0.5000286 0.866009 -4.87082e-6 5.24521e-6 -2.00272e-5 -1 -1.38401e-6 0 -1 1 -8.37445e-6 8.83416e-7 1 -8.37445e-6 -1.23637e-5 0.8660292 -0.4999935 1.74297e-5 0.8660071 0.500032 -1.40071e-6 0.7070832 3.76999e-6 -0.7071304 1 5.42775e-6 -2.74777e-5 0.8660293 0.4999935 8.83416e-7 0.8660293 0.4999935 -1.23637e-5 1 8.37608e-6 1.74297e-5 1 4.23193e-6 1.23637e-5 0.8660315 0.4999895 -1.74288e-5 1 4.23193e-6 -8.83417e-7 0.8660196 -0.5000101 8.83415e-7 0.8660195 -0.5000101 -1.23637e-5 0.5000035 -0.8660234 1.74297e-5 0.8660076 -0.5000309 1.23659e-5 1 -3.38259e-6 -1.74297e-5 0.8660076 -0.5000309 -8.83573e-7 0.4999964 -0.8660274 8.83417e-7 0.4999965 -0.8660275 -1.23637e-5 1.22143e-5 -1 1.7615e-5 0.500009 -0.8660202 1.23637e-5 0.8660227 -0.5000048 -1.74306e-5 0.500009 -0.8660202 -8.83415e-7 -1.18613e-5 -1 8.83415e-7 -1.18613e-5 -1 -1.23637e-5 -0.4999967 -0.8660273 1.76132e-5 7.83801e-6 -1 1.23637e-5 0.4999928 -0.8660295 -1.74297e-5 7.82311e-6 -1 -8.83416e-7 -0.5000088 -0.8660203 8.83415e-7 -0.5000089 -0.8660203 -8.68421e-5 -0.8660227 -0.5000048 1.74306e-5 -0.4999929 -0.8660295 1.23637e-5 -7.77992e-6 -1 -1.74297e-5 -0.4999929 -0.8660295 -8.83416e-7 -0.7070859 -3.93391e-6 -0.7071276 -1 -5.4501e-6 -2.35736e-5 -0.8660073 -0.5000316 2.98023e-6 -0.8660293 -0.4999935 8.83416e-7 -0.8660293 -0.4999935 -1.23637e-5 -1 -8.40594e-6 1.74297e-5 -0.8660225 -0.500005 1.23637e-5 -0.5000091 -0.8660202 -1.74306e-5 -0.8660225 -0.500005 -8.83416e-7 -1 7.89762e-6 8.83416e-7 -1 7.92742e-6 -8.68422e-5 -0.8660296 0.499993 1.74306e-5 -0.8660317 -0.4999893 -1.74297e-5 -1 -3.97861e-6 -8.83417e-7 -1 -3.97861e-6 1.23637e-5 -0.8660196 0.5000101 8.83415e-7 -0.8660195 0.5000101 -1.23637e-5 -0.5000035 0.8660234 1.72434e-5 -0.8660075 0.5000311 1.23659e-5 -1 3.68073e-6 -1.74306e-5 -0.8660075 0.5000311 -8.83573e-7 -0.4999965 0.8660275 8.83417e-7 -0.4999965 0.8660275 -1.23637e-5 -1.21845e-5 1 1.76141e-5 -0.500009 0.8660202 1.23637e-5 -0.8660227 0.5000048 -1.74288e-5 -0.500009 0.8660202 -8.83415e-7 1.18613e-5 1 8.83415e-7 1.18613e-5 1 -1.23637e-5 0.4999967 0.8660273 1.76132e-5 -7.80821e-6 1 1.23637e-5 -0.4999929 0.8660296 -1.74297e-5 -7.80821e-6 1 -8.83416e-7 0.500009 0.8660202 8.83415e-7 0.500009 0.8660202 -1.23637e-5 0.8660227 0.5000047 1.74316e-5 0.4999929 0.8660295 1.23637e-5 7.77992e-6 1 -1.74297e-5 0.4999929 0.8660295 -8.83416e-7 0.8660225 0.500005 1.23637e-5 0.5000091 0.8660202 -1.72462e-5 0.8660225 0.500005 -8.83416e-7 -0.7071166 -7.43568e-6 0.707097 -1 -2.38791e-6 2.07722e-5 -0.8660312 0.49999 -1.85966e-5 1.68718e-5 -1.00806e-5 1 -0.8660386 -0.4999772 8.9407e-6 -1 -8.68291e-5 6.18696e-5 -0.7071201 4.08627e-5 0.7070935 -1.66595e-5 1.55866e-5 1 -1 -2.92063e-5 3.27826e-6 -2.56896e-5 1.78814e-6 1 -0.8660227 0.5000047 -2.01464e-5 -0.50003 0.8660081 -2.50731e-5 -0.7071186 -2.00123e-5 0.7070949 -0.8660461 0.4999641 -1.54376e-5 -3.0098e-6 2.36705e-5 1 1.36495e-5 5.29885e-5 1 7.77841e-6 2.85655e-5 1 -0.866032 0.4999886 -7.07805e-7 6.66976e-5 -1.78814e-5 1 1.25766e-5 -5.87404e-5 1 -0.8660381 0.4999781 4.4167e-5 6.33299e-6 1.56462e-6 1 -0.4999424 0.8660587 1.07139e-5 4.81606e-5 1 1.26958e-5 -5.40614e-5 2.86102e-5 1 -7.86707e-5 5.84647e-5 1 -0.5000267 0.8660101 -3.29614e-5 4.41968e-5 -3.86331e-5 1 3.96371e-5 1 1.508e-5 0.4999974 0.866027 3.22759e-5 3.25143e-5 1.41561e-5 1 -2.17613e-5 1.54674e-5 1 -3.13967e-5 1 -1.48972e-5 -3.84599e-5 1.71587e-5 1 0.4999864 0.8660333 2.98023e-7 0.8660302 0.499992 3.29316e-5 -1.28299e-5 -1.46329e-5 1 0.8283229 0.2931374 0.477443 0.5000366 0.8660044 4.26378e-5 -2.54866e-5 7.79331e-6 1 0.8660382 0.4999779 1.7494e-5 1 8.69036e-5 7.31945e-5 1.57394e-5 1.29379e-5 1 1.2707e-5 1.49719e-5 1 0.8659786 0.5000812 -2.19829e-5 3.8147e-6 1.27256e-5 1 -3.24249e-5 3.15905e-5 1 0.8659968 0.5000497 -2.12994e-6 0.7071223 6.4075e-6 0.7070913 1 1.6056e-6 1.26362e-5 0.8660312 -0.49999 -2.78056e-5 2.13087e-5 -1.43126e-5 1 1 2.99066e-5 -8.28877e-7 0.7071231 -4.00916e-5 0.7070906 6.12438e-6 -5.43892e-6 1 0.8660472 -0.4999626 1.14292e-5 0.500011 -0.866019 6.09457e-6 6.47339e-6 -2.4572e-5 1 0.7071211 1.91033e-5 0.7070925 0.866046 -0.4999642 -1.93417e-5 -1.36197e-5 -5.30034e-5 1 -7.95722e-6 -2.93255e-5 1 0.866032 -0.4999886 -7.27363e-7 -1.89841e-5 -2.8789e-5 1 -2.48104e-6 -1.53929e-5 1 0.8660132 -0.5000212 -1.21891e-5 1.08033e-5 -1.57058e-5 1 0.5000485 -0.8659974 -4.17232e-7 -6.59078e-5 -1 -5.00679e-6 6.61612e-6 1.30832e-5 1 3.80129e-5 2.89083e-5 1 0.5000146 -0.8660171 -9.22691e-6 -4.51952e-5 3.00836e-5 1 -4.05163e-5 -1 6.58631e-6 -0.4999973 -0.866027 2.44081e-5 -1.51247e-5 -2.12193e-5 1 3.44962e-6 3.25143e-5 1 -2.39015e-5 -1 2.55946e-5 3.42727e-5 -2.14949e-5 1 -0.499987 -0.866033 -5.54323e-6 -0.86603 -0.4999921 2.5332e-5 -6.04149e-6 -1.71624e-5 1 -2.23517e-7 -1.76765e-5 1 -0.5000684 -0.8659859 2.94298e-7 -2.74181e-6 -7.7486e-6 1 -2.66582e-5 3.69549e-6 1 -0.5000227 -0.8660124 8.29343e-7 2.77162e-5 -4.61638e-5 1 -3.317e-5 2.43187e-5 1 -0.8660441 -0.4999675 1.49813e-5 2.23219e-5 2.08616e-6 1 0.7071151 -3.11434e-6 0.7070986 2.28584e-5 -8.71718e-6 1 -1.28756e-4 0 1 9.44038e-6 0 1 2.61642e-5 0 1 6.74838e-6 0 1 4.02586e-6 0 1 -0.7071149 3.33786e-6 0.7070987 -2.26796e-5 9.03755e-6 1 -2.21133e-5 -1.9744e-6 1 1.28758e-4 0 1 2.41405e-5 0 1 6.74724e-6 0 1 -4.63389e-5 0 1 0.7071102 8.70973e-6 0.7071034 3.09944e-6 -1.47671e-5 1 8.64267e-7 -1.58697e-5 1 0.866052 0.4999539 -6.08768e-5 2.69115e-5 5.25266e-5 1 2.262e-5 -3.30508e-5 1 0.7070893 -2.60621e-5 0.7071244 0.8660142 0.5000194 -1.07884e-5 -2.97995e-5 -5.7146e-6 1 0.8660206 -0.5000084 -1.27014e-5 -9.83477e-6 -4.3869e-5 1 1.23382e-5 1.06692e-4 1 0.7071126 -1.77808e-5 0.7071011 2.98023e-6 7.22557e-5 1 1 8.01682e-6 1.74064e-5 0.8660299 -0.4999924 -2.81334e-5 1 1.57803e-5 -1.39475e-5 -3.06219e-5 -3.35574e-5 1 0.8659838 -0.5000721 -1.20755e-5 -7.28387e-6 -8.95653e-5 1 -6.07036e-6 -9.27542e-5 1 0.8660253 0.5000001 -7.52509e-5 5.04255e-5 5.24819e-5 1 2.73073e-5 4.62355e-5 1 0.4999561 0.8660508 -2.82386e-5 -3.74615e-5 3.14713e-5 1 2.92659e-5 -1.33812e-5 1 0.8659822 0.500075 4.66406e-6 0.5000683 0.865986 2.00868e-5 1.30609e-5 3.05474e-7 1 -2.77013e-5 1 -9.16421e-7 -2.83122e-5 2.25008e-5 1 5.72056e-5 -8.88109e-6 1 0.4999969 0.8660274 9.53674e-6 7.98702e-6 1 4.50015e-6 -2.17184e-5 -1.21277e-5 1 -0.5000186 0.8660147 1.16676e-5 -3.33856e-6 5.37261e-5 1 -5.63078e-6 5.2765e-5 1 -0.5000752 0.8659821 -1.13348e-4 -5.57602e-5 1.04666e-4 1 -9.34303e-5 9.86159e-5 1 -1.75536e-5 1 -1.94311e-5 -0.4999847 0.8660343 -5.80549e-5 2.19494e-5 6.83554e-5 1 -0.8660259 0.4999991 1.06886e-4 2.33948e-5 -4.09782e-5 1 8.10623e-5 -3.09348e-5 1 -0.4999592 0.8660491 7.9006e-5 -0.8659933 0.5000557 3.38554e-5 3.86387e-5 -4.62383e-5 1 -0.4999592 -0.8660489 -2.26796e-5 2.41399e-6 7.86781e-6 1 -1.75089e-7 -6.67199e-6 1 5.97276e-5 -1 1.67652e-5 -1.40928e-5 -8.22544e-6 1 -1.14068e-5 -2.89082e-6 1 -0.5000175 -0.8660153 1.48192e-5 6.50734e-5 -1 1.54972e-5 -5.96419e-6 -2.6077e-5 1 -0.8660156 -0.5000171 -5.84125e-5 -7.42078e-6 -2.02358e-5 1 -4.44632e-5 -2.90964e-5 1 -0.8660387 -0.4999771 2.92957e-5 -0.5000296 -0.8660084 3.79235e-6 1.68085e-5 1.76728e-5 1 -0.8660497 -0.4999579 -3.0037e-5 8.9407e-7 -3.86983e-5 1 1.90735e-6 3.96371e-5 1 -0.7071166 -7.45803e-6 0.707097 -1.21593e-5 1.71587e-5 1 -8.85129e-6 1.80677e-5 1 -0.8660144 -0.5000191 -1.87457e-5 2.05652e-5 3.46452e-6 1 -0.7070958 2.51308e-5 0.7071178 -0.866027 0.4999971 -1.74344e-5 -1 -1.61752e-5 -5.81145e-6 3.80203e-5 2.51681e-5 1 -0.7070688 2.07126e-6 0.7071448 5.17666e-5 -8.72463e-5 1 -1 -4.05312e-6 7.92667e-5 0.50001 -0.8660198 2.29972e-5 -2.10106e-5 7.45058e-6 1 7.79331e-6 2.52426e-5 1 7.21961e-6 -1 -2.69413e-5 0.4999846 -0.8660343 -2.69115e-5 -3.24994e-5 -2.96514e-5 1 0.499972 -0.8660417 6.83665e-5 0.8659871 -0.5000664 3.23951e-5 -3.42131e-5 3.62247e-5 1 -1 7.22706e-6 4.82331e-7 -1 7.22706e-6 -1.23637e-5 -0.8660298 0.4999924 1.26921e-5 -0.866021 -0.5000075 8.28504e-6 -0.7071086 -9.34303e-6 0.7071051 -1 1.67713e-5 1.66893e-6 -0.8660295 -0.499993 -6.29209e-6 -0.8660295 -0.499993 -1.98803e-5 -1 -7.9507e-6 -1.06655e-5 -1 -1.42008e-5 1.23637e-5 -0.8660263 -0.4999986 -1.21593e-5 -1 -1.42008e-5 -8.2171e-7 -0.7317185 0.681607 -1.17421e-5 -0.8660209 0.5000078 3.24249e-5 -0.5000118 0.8660187 3.02494e-5 -0.7317538 0.6815692 8.82149e-6 -1 6.47828e-6 5.60284e-6 -0.8660218 0.5000064 7.03335e-6 -0.07088571 0.9974845 -5.1856e-6 -0.4999781 0.866038 -1.33067e-5 -1.8239e-5 1 -9.49204e-6 -0.07094198 0.9974805 3.48687e-6 -0.7317506 0.6815726 -2.79546e-5 -0.5000324 0.8660068 -2.04444e-5 4.91485e-4 1 1.20208e-5 1.14075e-5 1 1.64584e-5 0.5000284 0.8660091 6.11693e-6 5.98142e-4 0.9999999 4.80332e-6 -0.07091253 0.9974825 6.7912e-6 2.30409e-5 1 6.09981e-6 0.7321057 0.6811912 1.51992e-6 0.500008 0.8660209 1.4782e-5 0.8660102 0.5000264 -6.4671e-6 0.07197439 0.9974065 7.77841e-6 0.5000151 0.8660168 -1.47745e-5 0.07197439 0.9974065 -1.30603e-5 0.7321088 0.6811878 -7.18236e-6 0.07196784 0.997407 -2.47657e-5 0.4999896 0.8660315 2.37525e-5 5.07668e-4 0.9999999 -2.77162e-6 0.5000023 0.8660242 -2.24113e-5 0.07191371 0.997411 -6.79493e-6 0.7070784 3.99351e-5 0.7071353 1 2.88561e-5 5.44488e-5 0.8659984 0.500047 3.23951e-5 0.7320928 0.681205 -2.11597e-5 0.8660145 0.5000189 -2.11596e-5 1 -2.15918e-5 -2.02656e-5 1 -7.58469e-6 4.8233e-7 1 -7.58469e-6 -1.23637e-5 0.8660296 -0.4999927 1.26995e-5 0.7320829 0.6812157 -1.15372e-5 1 1.16229e-6 -2.51575e-5 1 1.16229e-6 1.74833e-5 0.8660222 -0.5000056 7.63987e-6 0.8660222 -0.5000056 3.27018e-5 0.5000083 -0.8660206 -1.14925e-5 0.8660261 -0.4999988 -3.23609e-5 1 -1.46898e-5 1.23568e-5 0.8660261 -0.4999989 -7.62656e-6 0.4999933 -0.8660293 -6.63269e-6 0.4999933 -0.8660293 -2.02209e-5 8.17329e-6 -1 -1.10045e-5 0.5000058 -0.8660221 1.95406e-5 0.8660208 -0.5000081 9.30205e-6 0.5000059 -0.8660221 6.67373e-6 -8.19564e-6 -1 4.8233e-7 -8.21054e-6 -1 -1.23637e-5 -0.4999932 -0.8660293 1.27032e-5 1.22935e-5 -1 1.23637e-5 0.4999967 -0.8660274 -1.21556e-5 1.22935e-5 -1 -8.2171e-7 -0.5000077 -0.866021 7.63988e-6 -0.5000077 -0.866021 3.27018e-5 -0.8660219 -0.5000062 -1.14813e-5 -0.4999969 -0.8660273 -3.27014e-5 -1.22273e-5 -1 1.20215e-5 -0.4999968 -0.8660273 -7.96712e-6 -0.8660215 -0.5000068 2.02218e-5 -0.5000071 -0.8660213 9.92417e-6 -0.8660215 -0.5000068 7.35493e-6 0.7071131 -6.3479e-6 -0.7071005 0.7070983 -6.1593e-6 -0.7071153 0.6124083 -0.353518 -0.7070934 0.6924947 0.1431034 -0.7070873 0.7071031 2.46614e-6 -0.7071105 0.7071103 2.44629e-6 -0.7071032 0.5177257 0.481617 -0.7071105 0.7071065 2.57045e-6 -0.7071071 0.6924827 0.1430544 -0.7071091 0.6124136 -0.3534862 -0.7071048 0.6124172 -0.3534884 -0.7071006 0.3536052 -0.6123164 -0.7071293 0.6123996 -0.3535118 -0.7071042 0.7070993 1.70344e-5 -0.7071143 0.6123909 -0.3535063 -0.7071144 0.3535073 -0.6124054 -0.7071013 0.3535091 -0.6124082 -0.707098 -1.2191e-5 -0.7071051 -0.7071085 0.5681977 -0.4208452 -0.7071356 0.612311 -0.3536046 -0.7071344 0.353506 -0.6123755 -0.7071279 0.353577 -0.6123993 -0.7070718 0.5682142 -0.4208329 -0.7071296 0.3535698 -0.6123874 -0.7070856 1.57505e-5 -0.7071242 -0.7070894 1.60476e-5 -0.7071254 -0.7070882 -0.3535058 -0.6124258 -0.7070845 -1.6144e-5 -0.707107 -0.7071066 0.3534981 -0.6124252 -0.7070888 -1.61827e-5 -0.7071194 -0.7070943 -0.353496 -0.6124205 -0.7070939 -0.3534976 -0.6124234 -0.7070905 -0.6124094 -0.3535069 -0.7070981 -0.3535137 -0.6123891 -0.7071123 -2.25604e-5 -0.7070957 -0.7071179 -0.3535705 -0.6123913 -0.7070819 -0.612399 -0.353501 -0.7071101 -0.6124024 -0.3535038 -0.7071057 -0.7070991 -1.59759e-5 -0.7071145 -0.5681822 -0.4208757 -0.7071298 -0.3535897 -0.6123337 -0.7071222 -0.6123135 -0.3535696 -0.7071499 -0.612376 -0.3535243 -0.7071183 -0.5682007 -0.4208258 -0.7071447 -0.6123771 -0.3535255 -0.7071167 -0.7071133 -1.73878e-5 -0.7071003 -0.6123216 -0.3535391 -0.707158 -0.7071018 -1.81347e-5 -0.7071118 -0.5174174 0.4819312 -0.7071221 -0.7071108 6.97374e-6 -0.7071028 -0.7071038 6.916e-6 -0.7071098 -3.24823e-6 0 -1 -5.36495e-7 0 -1 3.94171e-7 0 -1 -1.10629e-6 0 -1 5.36495e-7 0 -1 -4.58717e-6 0 -1 -0.5173733 0.4819254 -0.7071584 -0.6925127 0.143114 -0.7070676 -0.7071456 -1.24425e-5 -0.707068 6.45421e-6 0 -1 0.7070739 0.7071396 -9.55183e-5 -7.435e-6 0 -1 -9.53116e-6 1 -1.04208e-6 -9.53116e-6 1 1.41735e-6 -0.05932235 0.998239 1.27032e-6 -0.05932235 0.9982389 -1.41735e-6 -9.52487e-6 1 -1.27032e-6 -0.05932235 0.9982389 1.04208e-6 0.7071108 0.7071027 0 0.7071364 0.7070772 0 1.89461e-7 0 -1 -0.04768562 0.7054821 -0.7071218 -0.04518878 0.7056863 -0.7070819 -0.5157912 0.4836977 -0.707104 5.29982e-7 0 -1 -0.5174283 0.4819095 -0.7071289 -0.5157829 0.4837167 -0.707097 -0.6925146 0.1429858 -0.7070917 -0.05009859 0.7053579 -0.7070788 -0.515816 0.4837286 -0.7070647 -0.5174116 0.4820422 -0.7070507 -0.04766172 0.7054809 -0.7071245 -0.5157846 0.4836811 -0.7071202 -0.05007588 0.7053047 -0.7071335 0 0 -1 0.5176833 0.4817046 -0.7070819 0.6924945 0.1430043 -0.7071077 0.5158391 0.4836117 -0.7071279 0.04819172 0.705496 -0.7070735 0.5159175 0.4836074 -0.7070735 0.04550391 0.7056393 -0.7071087 0.05088335 0.7052931 -0.7070873 0.5158089 0.4836024 -0.7071562 0.04820883 0.7054633 -0.707105 0.5176882 0.4816872 -0.7070902 0.5158931 0.4836096 -0.70709 0.05090993 0.7052906 -0.7070881 -0.6737881 0.7389246 0 -0.6738107 0.738904 0 0.05919241 0.9982466 -1.03872e-6 0.05919241 0.9982466 1.41277e-6 2.31685e-5 1 1.2666e-6 2.31601e-5 1 -1.41506e-6 0.05919241 0.9982466 -1.2638e-6 2.31601e-5 1 1.0404e-6 -0.6737954 0.738918 0 -0.6737927 0.7389205 -2.53025e-5 -0.6737886 0.7389242 0 0.707107 0.7071066 0 0.7071122 0.7071015 0 -1 -2.563e-6 1.65784e-5 -1 -2.563e-6 0 -0.7015789 0.7125918 -4.39584e-6 -1 0 0 -0.003906428 0.9999924 -2.05934e-5 -0.7015941 0.7125769 -4.26183e-5 0.003913104 0.9999924 -5.18421e-6 -0.003926038 0.9999923 7.30157e-6 -1 -2.31117e-5 -5.42402e-6 -0.701577 0.7125938 -6.19888e-6 0.7015792 0.7125915 -2.11596e-6 0.003926038 0.9999924 -1.5974e-5 1 -2.59951e-5 -3.54648e-6 0.7015916 0.7125793 -1.88751e-5 -0.003871619 0.9999926 9.28016e-6 0.003901481 0.9999925 2.53022e-5 1 0 0 0.7015785 0.7125922 4.44055e-6 1 -1.99676e-6 -1.65784e-5 1 -1.99676e-6 0 0.7071071 0.7071065 0 -0.6737965 0.738917 0 -2.27952e-6 0 -1 1.41318e-6 0 -1 -0.07089281 0.997484 -1.62256e-5 -0.07089281 0.997484 1.74961e-5 -0.7317268 0.681598 -1.00546e-5 0 -1 0 0 -1 -2.63523e-7 1.74303e-7 -1 0 0 -1 2.63523e-7 1.74303e-7 -1 0 0.8143655 -3.04729e-5 0.5803526 0.9682238 9.31323e-7 0.2500858 1 2.5332e-6 2.18861e-6 -0.6123648 -0.7070799 0.3536205 -0.6066255 -0.7070841 0.36337 -0.6123647 -0.7070801 0.3536204 -0.353484 -0.7071129 0.6124054 -0.3534833 -0.7071143 0.6124042 -0.6065976 -0.7070984 0.3633885 -0.3535836 -0.7070909 0.6123734 -0.6065857 -0.7070955 0.3634142 -0.6123779 -0.7070826 0.3535924 -0.6123863 -0.7070879 0.3535673 -0.6123982 -0.7070742 0.353574 -0.707103 -0.7071105 -2.32458e-6 -0.7071104 -0.7071031 0 -0.7071023 -0.7071112 0 -0.683493 -0.7070874 -0.1812869 -0.612402 -0.7070994 0.3535171 -0.7071085 -0.7071052 5.48363e-6 -0.7071046 -0.707109 5.51017e-6 -0.7070949 -0.7071187 3.45714e-5 -0.6834719 -0.7071028 -0.181306 -0.6123985 -0.7070994 -0.3535233 0.8143633 -1.21631e-5 0.5803557 0.8660308 5.0664e-7 0.4999909 0.9682199 6.60494e-6 0.2501003 0 -1 -1.65183e-7 0.8143551 -6.4075e-6 0.580367 0.5000144 1.79578e-5 0.8660171 0.8660187 -1.41617e-5 0.5000119 1.6942e-7 -1 0 -0.6123895 -0.7070826 -0.3535721 -0.6123976 -0.7070734 -0.3535767 -0.3535789 -0.7070686 -0.6124019 -0.6123903 -0.7070815 -0.353573 -0.7071146 -0.707099 8.184e-7 -0.612402 -0.7070678 -0.3535802 -0.3535673 -0.7070886 -0.6123854 -0.353574 -0.707075 -0.6123972 2.26777e-6 -0.7071114 -0.7071022 -0.3535717 -0.7070829 -0.6123895 -0.6123955 -0.7071034 -0.3535204 -0.3535193 -0.7071047 -0.6123945 3.54648e-6 -0.7071157 -0.7070979 3.52226e-6 -0.7071133 -0.7071003 0.3535078 -0.7071145 -0.6123899 -5.58421e-6 -0.7071018 -0.7071118 -0.3535171 -0.7070992 -0.6124022 -5.58794e-6 -0.7071049 -0.7071087 1.69418e-7 -1 0 0.3535695 -0.7070883 -0.6123845 0.3535776 -0.7070723 -0.6123983 0.6124024 -0.7070677 -0.3535796 0.3535736 -0.7070794 -0.6123924 -3.59025e-7 -0.7070969 -0.7071168 0.353519 -0.7071058 -0.6123936 0.6124162 -0.707101 -0.3534893 0.6124098 -0.7071083 -0.3534858 0.6834853 -0.7070867 -0.1813182 0 -1 1.65183e-7 0.6123948 -0.707077 -0.3535746 0.3535736 -0.7070794 -0.6123924 0.6123938 -0.7071058 -0.3535185 0.6124086 -0.7071133 -0.3534777 0.6835055 -0.7070717 -0.1813007 0.707108 -0.7071056 -3.85195e-5 -0.8142397 -1.42436e-5 0.5805289 -0.8660171 -2.34954e-5 0.5000146 -0.5000154 -1.26138e-5 0.8660166 -0.4215024 2.48849e-6 0.9068275 -0.4999982 5.25266e-7 0.8660265 -6.13928e-6 -1.07288e-6 1 -0.4214998 1.85519e-6 0.9068285 -0.8142532 -2.34693e-6 0.58051 -0.5000081 -2.51457e-6 0.8660207 1.05947e-4 1.49111e-5 1 1.01032e-5 -4.34926e-5 1 0.4999949 1.04308e-5 0.8660284 8.58419e-5 1.29454e-5 1 -0.4214999 -1.57207e-5 0.9068285 -1.00583e-5 1.3263e-5 1 0.4216014 5.97816e-6 0.9067814 1.21064e-4 3.43472e-6 1 0.4999932 -2.55555e-6 0.8660293 0.8143502 -1.44541e-5 0.5803738 0.4215953 -4.89876e-6 0.9067842 0.5000101 -1.63317e-5 0.8660197 0.7071052 -0.7071084 3.63588e-6 0.7071009 -0.7071127 3.71831e-6 0.6123904 -0.7071139 0.3535079 0.6124019 -0.7070994 -0.3535171 0.7071085 -0.7071052 -5.60284e-6 0.7071046 -0.707109 -5.62286e-6 0.6123648 -0.70708 0.3536204 0.6123613 -0.7070841 0.3536183 0.606616 -0.7070952 0.3633643 0.6123923 -0.7070793 0.3535739 0.7071169 -0.7070968 0 0.6123869 -0.7070857 0.3535708 0.3534883 -0.7071055 0.6124116 0.6065971 -0.7070988 0.3633886 0.3534843 -0.7071141 0.612404 0.612378 -0.707083 0.3535915 0.6065815 -0.7071037 0.3634051 0.3535872 -0.7070875 0.6123752 0.3535673 -0.7070887 0.6123854 0.353574 -0.7070751 0.6123971 -2.29664e-6 -0.7071115 0.7071021 -3.57628e-6 -0.7071155 0.707098 -3.58326e-6 -0.7071131 0.7071005 -0.3535078 -0.7071143 0.61239 0.3535171 -0.7070991 0.6124023 5.58794e-6 -0.7071048 0.7071088 5.57071e-6 -0.7071017 0.707112 3.60189e-7 -0.7070969 0.7071167 -0.353519 -0.7071058 0.6123935 -0.3535736 -0.7070794 0.6123923 0.8660267 -1.29943e-5 -0.4999977 0.8660269 -5.27496e-5 -0.4999976 1 1.19321e-5 -1.32993e-5 0.9775769 1.99676e-6 -0.2105786 0.8660318 3.54648e-6 -0.4999889 1 1.45733e-5 1.75238e-5 1 0 1.15037e-5 0.9775776 1.05798e-6 -0.2105755 1 -4.53366e-7 1.15037e-5 0.8660267 1.17123e-5 0.4999979 1 -2.84154e-6 1.34408e-5 1 0 1.34408e-5 -1 -2.84154e-6 -1.3262e-5 -1 0 -1.3262e-5 -0.8660268 1.15894e-5 -0.4999976 -0.8660198 -1.17123e-5 0.50001 -1 9.9055e-7 -2.05338e-5 -1 0 -2.05636e-5 -0.8660269 -5.51473e-5 0.4999976 -1 1.1567e-5 1.30842e-5 -0.8660269 -1.53409e-5 0.4999974 -0.8660214 9.62584e-7 -0.5000071 -0.8660214 1.07401e-5 -0.500007 -0.5000069 2.25306e-5 -0.8660215 -0.9775705 -1.81496e-5 -0.2106088 -1 -6.91414e-6 1.42157e-5 -0.8660317 9.17912e-6 -0.4999893 -0.8660257 -3.99091e-5 -0.4999996 -0.9775719 -1.67973e-5 -0.2106019 -0.8660257 -1.34863e-6 -0.4999996 -0.4999979 -8.74903e-6 -0.8660267 -0.4999979 -4.78043e-5 -0.8660267 -1.35284e-5 1.09226e-5 -1 -0.5000059 7.24419e-6 -0.8660221 -0.8660208 -1.23903e-5 -0.500008 -0.5000059 1.39981e-5 -0.8660221 1.32471e-5 9.46173e-6 -1 1.32173e-5 1.38617e-5 -1 0.4999976 2.55592e-5 -0.8660268 -2.22325e-5 -1.39361e-5 -1 -0.5000055 -2.56561e-5 -0.8660224 -2.22325e-5 -1.18809e-5 -1 0.5000072 5.67185e-6 -0.8660213 0.5000072 1.61353e-5 -0.8660213 0.8660216 2.78801e-5 -0.5000067 0.5000137 -5.64948e-5 -0.8660175 -1.61687e-5 -2.05375e-5 -1 0.5000137 -1.18372e-5 -0.8660176 0.8660218 1.50378e-5 -0.5000064 0.5000074 -1.25207e-5 -0.8660211 0.8660216 2.18725e-5 -0.5000066 0 -1 0 4.4636e-7 -1 1.62372e-7 1.51414e-7 -1 0 1.5141e-7 -1 0 2.13791e-7 -1 0 1.51394e-7 -1 0 0 -1 0 1.51412e-7 -1 0 0.8660201 -5.61413e-6 0.5000092 0.86602 -4.91516e-5 0.5000094 1 -1.30795e-5 -2.11932e-5 1.23247e-7 -1 0 0 -1 -1.29964e-7 1.23247e-7 -1 0 -0.8660278 -5.13697e-6 0.4999959 -0.8660278 -1.50629e-5 0.4999959 -0.8141859 1.32248e-6 0.5806044 1.23543e-7 -1 1.81709e-7 -0.8660203 1.04606e-5 0.5000091 -0.8141518 3.72529e-6 0.5806521 -0.5000137 2.91467e-5 0.8660175 1.23543e-7 -1 -2.72561e-7 0 -1 0 0.5000039 -1.64807e-5 0.8660233 0.8142067 6.4373e-6 0.5805752 0.8659871 9.23872e-6 0.5000665 0.4999976 8.85955e-6 0.8660269 0.4999977 2.16886e-6 0.8660269 0.8141167 -8.99285e-6 0.5807014 0.8660214 1.08405e-5 0.5000069 0.5000069 2.23145e-5 0.8660215 0.8660214 1.10221e-6 0.5000071 2.22325e-5 -1.17811e-5 1 2.22325e-5 -1.37863e-5 1 0.5000054 -2.55033e-5 0.8660223 0.4999979 -4.78043e-5 0.8660266 1.34995e-5 1.09188e-5 1 0.4999979 -8.62562e-6 0.8660266 -0.5000137 -1.18372e-5 0.8660176 -0.5000137 -5.64948e-5 0.8660175 1.61687e-5 -2.05375e-5 1 -0.5000072 1.68351e-5 0.8660213 -0.8660216 2.8383e-5 0.5000067 -0.5000072 6.51812e-6 0.8660214 -1.32918e-5 1.37868e-5 1 -0.4999976 2.54847e-5 0.8660268 -1.33067e-5 9.43681e-6 1 1.92747e-6 0 1 -0.8648624 0.4487294 0.2250669 -0.8666083 0.4454151 0.2249345 -0.8635553 0.4512413 0.2250638 1.7954e-6 0 1 0.9052468 0.3604448 0.2249617 -9.92149e-7 0 1 -7.9218e-7 0 1 -1.97369e-6 0 1 -0.866062 0.4464513 0.224984 -0.8635628 0.4512631 0.224991 -0.8808169 0.4166272 0.2249076 -0.8634037 0.4516224 0.2248804 -0.8635672 0.4512205 0.2250598 -0.866087 0.4463971 0.2249956 -0.8649421 0.4486699 0.2248791 -0.8635368 0.4513784 0.2248592 -0.8634259 0.4515362 0.2249686 -0.8808562 0.4165204 0.2249518 -0.8660643 0.4464583 0.2249618 -0.880856 0.4165532 0.2248917 -0.8808562 0.4165537 0.2248898 -0.8811737 0.4158717 0.2249081 -0.8811737 0.4158717 0.2249082 -0.8830029 0.4119655 0.224923 -2.35559e-6 0 1 -0.8808566 0.4165204 0.2249499 -0.8810076 0.4162237 0.2249076 -0.8810077 0.4162237 0.2249076 -0.8830283 0.4119168 0.2249121 -0.8830279 0.4119177 0.2249123 -0.7952505 0.5629861 0.2249963 -0.8812062 0.4158161 0.2248837 -0.8830148 0.4119535 0.2248981 -0.8830149 0.4119535 0.2248978 1.94058e-5 0 1 -0.7905679 0.5695443 0.2249932 -0.7952755 0.5629513 0.2249956 -0.6340517 0.7398259 0.2250248 -0.8830202 0.4119354 0.2249104 -0.7952727 0.5629536 0.2249992 -0.7905065 0.5696234 0.2250081 -0.6224844 0.7495989 0.2249771 -0.6340256 0.7398557 0.225 -0.3123798 0.9229789 0.2247861 -0.7905351 0.5695875 0.2249991 -0.6340487 0.7398337 0.2250078 -0.6225078 0.7495741 0.2249953 -0.0223931 0.9740821 0.2250838 -0.3124914 0.923315 0.2232456 -0.00100547 0.9743356 0.2250983 -0.3202044 0.9202627 0.2249128 -0.3124136 0.9229655 0.2247941 -0.02239912 0.974077 0.2251055 -0.6224653 0.7496025 0.2250182 -0.3123952 0.9229677 0.2248105 -0.3201805 0.9202676 0.2249266 0.1603149 0.961084 0.2249819 -9.44011e-4 0.9743824 0.2248963 0.1706166 0.9593069 0.2249895 -0.02241319 0.9740771 0.2251033 -0.001027762 0.974334 0.2251049 0.1602913 0.9610847 0.2249954 0.1602897 0.9610815 0.22501 0.1706867 0.959288 0.2250172 0.2534112 0.9408441 0.2249341 0.2534148 0.9408463 0.2249208 0.2534147 0.9408463 0.2249207 0.2359353 0.9453094 0.2252216 0.1602889 0.9610881 0.2249827 0.2534242 0.9408481 0.2249023 0.2533956 0.9409356 0.2245684 0.2359812 0.9453052 0.2251909 0.2359874 0.9453278 0.2250894 0.3077003 0.9245207 0.2249046 0.2534251 0.9408479 0.2249026 0.2360104 0.9452978 0.2251914 0.2360104 0.9452979 0.2251914 0.3077729 0.9245029 0.2248788 0.30784 0.924686 0.2240324 0.4239208 0.8773347 0.2248892 0.2359851 0.9453043 0.2251904 0.307697 0.9245225 0.2249018 0.3078156 0.9245831 0.2244898 0.5161969 0.8264225 0.2248707 0.4239128 0.8773422 0.2248746 0.5174118 0.8256602 0.2248781 0.4189293 0.8797267 0.2248983 0.4239155 0.8773321 0.2249093 0.5149145 0.8272112 0.2249108 0.5161462 0.8264422 0.2249143 0.5148485 0.8272504 0.2249175 0.4239321 0.8773216 0.224919 0.3078028 0.9244609 0.2250104 0.423904 0.8773311 0.2249348 0.4189162 0.8797261 0.2249249 -0.8649109 0.4486868 0.2249653 -1.96834e-6 0 1 -2.37976e-7 0 1 -0.7134106 -0.6636812 0.2248837 -0.714301 -0.6627196 0.2248931 -0.4122992 -0.8828508 0.2249087 -4.92855e-6 0 1 6.71137e-4 0 0.9999998 6.71137e-4 0 0.9999998 6.71137e-4 0 0.9999998 -1.33642e-4 0 1 1.87816e-6 0 1 -0.8649076 0.4486933 0.2249649 -0.8649017 0.4487161 0.224942 -0.8649092 0.4486977 0.2249498 -0.4116026 -0.8831469 0.225022 -0.4123134 -0.8828384 0.2249314 -0.1585216 -0.9613718 0.2250226 7.92443e-6 0 1 -0.4115136 -0.8832203 0.2248966 -0.7125009 -0.6646575 0.224884 -0.4123427 -0.882838 0.2248791 -0.7133577 -0.6637258 0.2249199 -0.4122758 -0.8828538 0.2249396 -0.7124316 -0.6647171 0.2249273 -0.1585137 -0.9614043 0.2248893 -0.1585139 -0.9614049 0.224887 -0.1265998 -0.9661242 0.2248926 -3.84465e-7 0 1 -0.4115964 -0.8831828 0.2248928 -0.1584838 -0.9614053 0.2249061 -0.1584842 -0.9614081 0.2248941 -0.1301098 -0.9656587 0.2248883 -0.1265031 -0.9661262 0.2249382 -0.1314305 -0.9654858 0.2248628 1.81538e-7 0 1 -0.127547 -0.9659998 0.2248914 -0.1263081 -0.9661335 0.2250165 -0.1288871 -0.9658221 0.2248909 -0.1300697 -0.9656397 0.2249934 -0.1287989 -0.9658075 0.225004 -0.1265082 -0.9660941 0.2250729 -0.1585013 -0.9614033 0.2249026 -0.1266082 -0.9661198 0.2249064 -0.1276198 -0.9659891 0.2248962 0.905245 0.360457 0.2249495 -2.06752e-7 0 1 0.9052507 0.360445 0.2249456 0.9052475 0.3604505 0.2249499 0.9052459 0.3604501 0.2249569 0.9052488 0.3604441 0.224955 -0.4980788 -0.837457 0.2249074 -0.4980788 -0.8374576 0.224905 -0.4350093 -0.8718594 0.2250071 1.36222e-5 0 1 -0.6383051 -0.7361998 0.2248922 -0.657127 -0.7194151 0.2250022 -0.4980702 -0.837467 0.224889 -0.6383026 -0.7361993 0.2249009 -0.4981177 -0.8374346 0.2249048 -0.4981182 -0.8374337 0.2249072 -0.4349994 -0.8718774 0.2249562 -0.3440869 -0.9116134 0.2248678 -0.3455996 -0.9110391 0.2248746 -0.4360876 -0.8713172 0.2250204 -0.434966 -0.8718796 0.2250125 -0.3471007 -0.9104594 0.2249107 -0.498066 -0.8374667 0.2249 -0.434997 -0.8718669 0.2250019 -0.4361181 -0.8713056 0.2250059 0.8809757 -0.4162754 0.2249372 -0.3456176 -0.9110237 0.2249096 -0.34708 -0.9104715 0.2248939 -0.434976 -0.8718788 0.2249962 -7.27565e-6 0 1 0.1414177 0.9640087 0.2251405 0.1160874 0.9674538 0.2248485 0.1389025 0.9642541 0.2256552 0.8809689 -0.4162664 0.2249805 0.8809921 -0.4162549 0.2249112 4.17618e-6 0 1 0.1117362 0.9678102 0.2255181 0.1389261 0.9642358 0.2257186 9.04612e-4 0.9743804 0.2249045 0.1461584 0.9631994 0.2255762 0.1388552 0.9642525 0.2256909 0.1116394 0.9678292 0.2254849 0.1414211 0.9639962 0.2251923 0.139029 0.964226 0.2256973 0.1460456 0.9632333 0.2255049 0 0 1 8.44435e-4 0.9743786 0.2249125 8.44423e-4 0.9743787 0.2249125 3.68907e-4 0.9743653 0.2249718 0.1117138 0.9678245 0.2254684 0.001011312 0.9743903 0.2248612 9.17781e-4 0.9743916 0.2248562 -1.03149e-6 0 1 3.24352e-4 0.9743788 0.2249128 3.24361e-4 0.9743788 0.2249128 0.002573847 0.9743759 0.2249115 3.67198e-4 0.9743649 0.2249734 1.11668e-6 0 1 0.002569079 0.9743523 0.2250137 0.00256294 0.9743741 0.2249191 -0.5009364 0.8359033 0.2243404 2.78022e-4 0.9743896 0.2248666 0.002480626 0.9743862 0.2248679 0.002528727 0.9743641 0.2249631 9.84007e-5 0 1 -0.5096696 0.8306354 0.2242362 -0.5008913 0.8359316 0.2243351 -0.8653663 0.4478206 0.2249398 0.002561569 0.9743638 0.224964 -0.5009173 0.8359282 0.2242898 -0.5097244 0.8305923 0.2242711 -1.13606e-6 0 1 -0.8653821 0.4477833 0.2249537 -0.5097104 0.8305915 0.2243056 -0.8654002 0.4477769 0.2248964 -0.8654003 0.4477782 0.2248932 6.89236e-6 0 1 -0.8653802 0.447816 0.2248956 -0.8653802 0.447816 0.2248957 -0.8648625 0.4487879 0.2249499 -0.8653852 0.447785 0.2249377 -2.26729e-6 0 1 -0.8649528 0.4486148 0.2249475 -0.8654037 0.4477664 0.2249039 -0.8650948 0.448365 0.2248998 -0.8650948 0.448365 0.2248998 9.88571e-6 0 1 -0.8649247 0.4486995 0.2248866 -0.8649221 0.4487001 0.2248957 -0.9641151 0.1411057 0.224881 -0.8649494 0.448623 0.2249446 4.57218e-6 0 1 -0.9584941 0.1751039 0.2250062 -0.9640892 0.1410864 0.2250039 -0.9226072 -0.3134031 0.2248876 -0.864926 0.4486936 0.2248937 -0.964118 0.1410571 0.2248992 -0.9584885 0.1751708 0.2249778 -1.82775e-5 0 1 -0.9117423 -0.3437083 0.2249237 -0.9226111 -0.3133823 0.2249009 -0.6571173 -0.7194265 0.2249944 -0.9584802 0.1751843 0.2250031 -0.9225942 -0.3134121 0.2249283 -0.9117508 -0.3437003 0.2249015 -0.9117041 -0.3438221 0.2249044 -0.6571123 -0.7194226 0.2250212 -0.638293 -0.7362089 0.2248966 2.79994e-5 0 1 -0.1132966 -0.9677114 0.2251634 -0.09238451 -0.9699798 0.2249541 -0.1109199 -0.967908 0.2255015 3.24828e-5 0 1 -0.8671472 0.4443536 0.2249575 -1.24964e-5 0 1 -0.08542102 -0.9705315 0.2253263 -0.1109254 -0.9679254 0.2254239 -4.2893e-4 -0.974379 0.2249126 -0.1170264 -0.9672369 0.2252947 -0.1108928 -0.967935 0.2253988 -0.08544021 -0.9705368 0.2252962 -0.113267 -0.9677292 0.2251023 -0.1109264 -0.96793 0.2254042 -0.1170879 -0.967206 0.2253953 -8.93559e-7 0 1 -9.25295e-6 -0.9743701 0.2249513 -0.08538877 -0.9705402 0.2253007 -3.73688e-4 -0.9743847 0.2248873 -3.7447e-4 -0.9743852 0.2248857 1.19644e-6 0 1 -2.75235e-4 -0.9743801 0.2249075 -1.79297e-4 -0.974359 0.2249988 -0.002046287 -0.9743787 0.2249044 -3.43973e-4 -0.9743788 0.2249134 -1.097e-5 -0.9743695 0.2249538 -0.002179086 -0.9743754 0.2249177 -0.002178728 -0.974359 0.2249884 0.5111309 -0.8297474 0.2241972 -2.7396e-4 -0.9743798 0.2249088 -0.002044498 -0.9743799 0.2248991 -0.002044498 -0.9743799 0.2248991 0.5865914 -0.7781816 0.2243742 0.5111244 -0.8297539 0.224188 0.8874003 -0.4024133 0.2249099 -0.002191483 -0.9743813 0.224892 0.5111393 -0.8297398 0.2242066 0.5865582 -0.7781696 0.2245032 0.8873866 -0.4024493 0.2248991 0.8873771 -0.4024446 0.2249454 0.8841109 -0.4095956 0.2248986 0.5865874 -0.7781806 0.2243884 0.8874052 -0.4024162 0.224885 0.8874013 -0.4024129 0.2249063 0.8841072 -0.409603 0.2248996 0.8840985 -0.4095987 0.2249417 0.8789584 -0.4205309 0.2249133 0.8873914 -0.4024386 0.2248992 0.884154 -0.4094973 0.2249083 0.8841482 -0.4094948 0.2249357 0.8789666 -0.4205157 0.2249098 0.878964 -0.4205133 0.2249247 0.9720654 -0.06717848 0.2248909 0.8841047 -0.4096064 0.2249031 0.8789809 -0.420493 0.2248967 0.8789703 -0.4204882 0.2249465 0.9008296 0.3713851 0.2248979 0.9720761 -0.06709408 0.2248701 0.8772946 0.423991 0.2249132 0.9676296 -0.1145008 0.2249057 0.9720506 -0.0670861 0.2249824 0.900824 0.3714029 0.2248911 0.8789196 -0.420633 0.2248746 0.9720463 -0.06719422 0.2249689 0.9676347 -0.1145187 0.2248751 0.6460245 0.7294051 0.2249906 0.8772901 0.4240064 0.224902 0.6372201 0.7371098 0.2249883 0.9008051 0.3714306 0.2249209 0.8772913 0.4239909 0.2249262 0.6460002 0.7294183 0.2250172 0.6460871 0.7293756 0.2249063 0.6372104 0.7371413 0.2249128 0.5644127 0.7942659 0.2249 0.5643826 0.7942891 0.2248936 0.5643878 0.7942962 0.2248556 0.6258286 0.7468297 0.2249092 0.6461006 0.7293686 0.2248899 0.5643887 0.7942861 0.2248891 0.5643887 0.7942857 0.2248904 0.644908 0.7303085 0.2252627 0.6258185 0.7468852 0.2247526 0.6438728 0.7313369 0.2248871 0.6241188 0.7482542 0.2249253 0.6258266 0.7468282 0.2249193 0.644806 0.7305086 0.2249057 0.5643994 0.7942753 0.2249002 0.6258904 0.7467824 0.2248939 0.6241444 0.7482374 0.2249104 7.3724e-7 0 -1 0.6440027 0.7311727 0.2250491 0.644523 0.7307205 0.2250286 0.6435977 0.7315331 0.2250366 0.64383 0.7313308 0.2250298 0.6489818 0.726763 0.2250295 0.6440284 0.7311486 0.225054 0.6444286 0.7308036 0.2250288 0.6486479 0.7271319 0.2248003 0.6437681 0.7314538 0.2248069 0.6437675 0.7314542 0.2248072 -3.18784e-5 0 1 -0.86716 0.4443002 0.2250134 -0.8671519 0.4443467 0.2249529 -0.8671414 0.444359 0.2249689 -0.8671499 0.4443542 0.2249454 -0.8671545 0.444347 0.2249415 -0.8671666 0.4443244 0.2249398 -0.8670372 0.4445745 0.2249446 0 0 1 -4.67237e-7 0 1 -7.48091e-7 0 1 4.67243e-7 0 1 7.48109e-7 0 1 -9.78799e-7 0 1 1.16604e-6 0 1 -1.9806e-6 0 1 5.5756e-7 0 1 -3.35106e-6 0 1 -3.1676e-6 0 1 5.93571e-5 0 1 -1.79191e-5 0 1 -1.23926e-5 0 1 8.83393e-6 0 1 -2.17051e-5 0 1 2.41545e-5 0 1 -2.97903e-5 0 1 5.13787e-6 0 1 -1.05288e-5 0 1 3.77424e-6 0 1 -7.2074e-6 0 1 -5.40205e-5 0 1 6.3014e-5 0 1 1.24197e-5 0 1 -6.10072e-5 0 1 -2.32761e-4 0 1 -1.34821e-7 0 1 5.74977e-5 0 1 2.57778e-5 0 1 3.5438e-5 0 1 -2.73731e-5 0 1 1.28525e-6 0 1 -6.18077e-7 0 1 -2.28484e-7 0 1 1.06112e-4 0 1 0.8809649 -0.4162895 0.2249534 7.35462e-6 0 1 -1.04793e-4 0 1 -2.98131e-5 0 1 1.35135e-4 0 1 -1 -1.43498e-5 7.69364e-6 -1 -1.43498e-5 1.23637e-5 -0.8660263 -0.4999986 -9.68575e-7 -0.8660263 0.4999986 7.72449e-6 -0.8660263 0.4999986 1.23637e-5 -1 1.43517e-5 -9.76026e-7 -1 1.43796e-5 -1.23637e-5 -0.8660263 0.4999986 1.04308e-6 -1 1.43796e-5 -7.72449e-6 -0.8660279 -0.4999956 1.85043e-5 -0.8660279 -0.4999956 7.50101e-5 -0.5616199 -0.8273954 4.87268e-6 -0.8660261 -0.4999989 -1.23637e-5 -1 -1.47298e-5 9.68576e-7 -0.8660261 -0.4999989 -7.69364e-6 -0.5616047 -0.8274057 -2.74341e-6 -0.5616047 -0.8274057 1.73778e-6 -0.5000024 -0.8660241 1.78441e-6 -0.8660279 -0.4999957 -4.87268e-6 -0.5616198 -0.8273954 -1.85004e-5 -0.5616198 -0.8273954 -1.0677e-5 -0.5616201 0.8273953 1.85004e-5 -0.5616201 0.8273953 7.49945e-5 -0.8660281 0.4999954 4.88013e-6 -0.5000038 0.8660233 -2.74413e-6 -0.5000038 0.8660233 1.73549e-6 -0.5616061 0.8274049 1.79838e-6 -0.5616061 0.8274049 -1.73778e-6 -0.5000038 0.8660233 -1.79559e-6 -0.5616061 0.8274049 2.74775e-6 -0.8660279 0.4999956 -7.50101e-5 -0.5616199 0.8273954 -4.87268e-6 -0.8660279 0.4999956 -1.85043e-5 -0.5000303 -0.866008 8.55905e-6 -0.5000303 -0.866008 1.23659e-5 -3.00445e-6 -1 -2.39164e-6 -0.5000017 -0.8660245 -1.73549e-6 -0.561604 -0.8274062 -1.78721e-6 -0.5000017 -0.8660245 2.7398e-6 -6.87689e-6 -1 8.46999e-6 -6.87689e-6 -1 5.5068e-6 0.2290056 -0.9734251 4.09037e-6 -2.47359e-6 -1 -1.23637e-5 -0.5000298 -0.8660082 2.39164e-6 -2.45869e-6 -1 -8.55752e-6 0.2290189 -0.973422 -1.22714e-6 0.2290189 -0.973422 6.96212e-6 0.499992 -0.86603 2.11596e-6 -7.03335e-6 -1 -4.09037e-6 0.2290055 -0.9734252 -8.46999e-6 0.2290055 -0.9734252 -5.5068e-6 0.4999976 -0.8660268 8.27984e-6 0.4999976 -0.8660268 1.23637e-5 0.866016 -0.5000163 -1.9595e-6 0.2290184 -0.9734222 -2.11597e-6 0.4999917 -0.8660303 1.22714e-6 0.4999917 -0.8660303 -6.96212e-6 0.8660263 -0.4999986 7.69364e-6 0.8660263 -0.4999986 1.23637e-5 1 -1.43535e-5 -9.68575e-7 0.4999972 -0.866027 1.9595e-6 0.8660159 -0.5000166 -8.27984e-6 0.8660159 -0.5000166 -1.23637e-5 1 1.46031e-5 7.69364e-6 1 1.46031e-5 1.23637e-5 0.8660261 0.4999988 -1.00583e-6 0.866026 -0.4999992 9.83477e-7 1 -1.49459e-5 -7.69364e-6 1 -1.49608e-5 -8.68422e-5 0.8660157 0.5000169 8.27984e-6 0.8660157 0.5000169 1.23637e-5 0.499997 0.8660272 -1.99676e-6 0.8660263 0.4999986 -1.23637e-5 1 1.43275e-5 1.00583e-6 0.8660263 0.4999986 -7.69364e-6 0.499992 0.8660302 -1.22714e-6 0.499992 0.8660302 6.96212e-6 0.2290188 0.9734221 2.12714e-6 0.4999971 0.8660271 -1.23637e-5 0.8660158 0.5000166 1.99676e-6 0.4999971 0.8660271 -8.27984e-6 0.2290052 0.9734252 8.46999e-6 0.2290052 0.9734252 5.5068e-6 -7.30157e-6 1 4.08292e-6 0.2290183 0.9734222 -6.96212e-6 0.4999915 0.8660303 -2.12342e-6 0.2290183 0.9734222 1.22714e-6 -3.02494e-6 1 8.58837e-6 -3.02494e-6 1 1.23637e-5 -0.5000304 0.866008 -2.39164e-6 -0.5000299 0.8660083 -1.23659e-5 -2.43075e-6 1 2.39909e-6 -0.5000299 0.8660083 -8.5899e-6 -7.47293e-6 1 -5.5068e-6 0.229005 0.9734253 -4.08292e-6 -7.47293e-6 1 -8.46999e-6 -1 -1.4469e-5 -9.73814e-6 -1 -1.45137e-5 8.68422e-5 -0.8660262 -0.4999987 -7.59773e-6 -0.8660262 0.4999987 -9.73814e-6 -0.8660262 0.4999987 1.23637e-5 -1 1.44925e-5 -7.72439e-6 -1 1.44988e-5 -1.23637e-5 -0.8660262 0.4999987 7.72439e-6 -1 1.44988e-5 9.73814e-6 -0.8660112 -0.5000247 -1.98026e-5 -0.8660112 -0.5000247 1.19939e-5 -0.5137498 -0.8579402 -1.41338e-5 -0.8660261 -0.499999 -8.68422e-5 -1 -1.48986e-5 7.59773e-6 -0.866026 -0.499999 9.73814e-6 -0.5138031 -0.8579082 3.38188e-7 -0.5138031 -0.8579082 3.82438e-7 -0.5000016 -0.8660246 2.51923e-7 -0.86601 -0.5000269 1.41319e-5 -0.5137888 -0.8579167 1.98026e-5 -0.5137888 -0.8579167 -1.19939e-5 -0.5137498 0.8579401 -1.98063e-5 -0.5137498 0.8579401 1.19961e-5 -0.8660113 0.5000246 -1.41244e-5 -0.5000016 0.8660246 3.38188e-7 -0.5000016 0.8660246 3.82438e-7 -0.5138031 0.8579082 2.51923e-7 -0.5138031 0.8579082 -3.82438e-7 -0.5000016 0.8660246 -2.51923e-7 -0.5138031 0.8579082 -3.38188e-7 -0.8660112 0.5000247 -1.19939e-5 -0.5137908 0.8579155 1.4184e-5 -0.8660112 0.5000247 1.98026e-5 -0.5000305 -0.8660079 -9.43131e-6 -0.5000305 -0.8660079 1.23659e-5 -3.27453e-6 -1 -8.2124e-6 -0.5000016 -0.8660246 -3.82438e-7 -0.5138031 -0.8579082 -2.51923e-7 -0.5000016 -0.8660246 -3.38188e-7 1.17421e-5 -1 -1.24387e-6 1.1757e-5 -1 4.34209e-5 0.2565994 -0.9665179 -2.77534e-7 -3.26335e-6 -1 -1.23637e-5 -0.5000306 -0.8660078 8.21054e-6 -3.26335e-6 -1 9.42962e-6 0.2566018 -0.9665172 1.37151e-6 0.2566018 -0.9665172 6.29082e-6 0.4999986 -0.8660263 -2.47732e-6 1.0937e-5 -1 3.07336e-7 0.2565986 -0.9665181 1.24342e-6 0.2565986 -0.9665181 -6.17956e-6 0.4999979 -0.8660268 -9.55303e-6 0.4999979 -0.8660268 1.23637e-5 0.8660162 -0.5000159 -8.06898e-6 0.2566018 -0.9665172 2.47918e-6 0.4999985 -0.8660263 -1.37101e-6 0.4999985 -0.8660263 -6.28855e-6 0.8660264 -0.4999983 -9.73814e-6 0.8660264 -0.4999983 1.23637e-5 1 -1.41077e-5 -7.59959e-6 0.4999979 -0.8660268 8.06898e-6 0.8660163 -0.500016 9.55303e-6 0.8660163 -0.500016 -1.23637e-5 1 1.44988e-5 -9.73814e-6 1 1.44988e-5 1.23637e-5 0.8660262 0.4999987 -7.72439e-6 0.8660261 -0.4999987 7.60145e-6 1 -1.44988e-5 9.73814e-6 1 -1.45435e-5 -8.68422e-5 0.866015 0.5000181 -9.55303e-6 0.866015 0.5000181 1.23637e-5 0.4999957 0.866028 -8.07643e-6 0.8660262 0.4999987 -1.23637e-5 1 1.44925e-5 7.72439e-6 0.8660262 0.4999987 9.73814e-6 0.4999986 0.8660263 1.37101e-6 0.4999985 0.8660263 6.28855e-6 0.2566018 0.9665172 -2.47732e-6 0.4999979 0.8660266 -1.23637e-5 0.8660163 0.5000159 8.07643e-6 0.4999978 0.8660266 9.55303e-6 0.2565986 0.9665181 -1.24342e-6 0.2565986 0.9665181 6.17957e-6 1.09677e-5 1 -3.07336e-7 0.2566018 0.9665172 -6.29082e-6 0.4999985 0.8660263 2.47546e-6 0.2566018 0.9665172 -1.37151e-6 -3.26335e-6 1 -9.42962e-6 -3.26335e-6 1 1.23637e-5 -0.5000306 0.8660078 -8.21799e-6 -0.5000306 0.8660079 -1.23659e-5 -3.27383e-6 1 8.21799e-6 -0.5000306 0.8660079 9.43131e-6 1.09673e-5 1 -6.18183e-6 0.2565986 0.9665181 3.03611e-7 1.09673e-5 1 1.24387e-6 0.8660265 -0.4999982 1.169e-5 1 -1.38879e-5 -2.32043e-5 1 -1.38879e-5 0 0.866026 0.4999991 -1.1541e-5 1 1.48565e-5 2.30809e-5 1 1.48565e-5 0 0.8660264 0.4999983 0 1 1.41487e-5 1.15559e-5 0.8660264 0.4999983 -2.30809e-5 0.866026 -0.4999991 2.32043e-5 0.866026 -0.4999991 0 1 -1.4795e-5 -1.16751e-5 0.5589231 -0.8292195 1.80344e-5 0.5589231 -0.8292195 0 0.86603 -0.499992 -9.43988e-6 0.8660309 -0.4999907 0 0.5589245 -0.8292187 9.40263e-6 0.8660309 -0.4999907 -1.80381e-5 0.5000033 -0.8660235 -1.37294e-6 0.5000033 -0.8660235 0 0.5589056 -0.8292313 -1.42865e-6 0.5589051 -0.8292316 0 0.5000029 -0.8660238 1.42679e-6 0.5589051 -0.8292316 1.37484e-6 -1.02455e-5 0 1 2.5332e-6 -1 2.5796e-5 2.5332e-6 -1 0 0.5000299 -0.8660082 -1.15484e-5 4.0169e-6 0 1 0.5000303 -0.866008 0 2.96347e-6 -1 1.15335e-5 0.5000303 -0.866008 -2.58006e-5 -6.59526e-6 0 1 -0.2315927 -0.9728129 -3.61133e-6 -0.2315927 -0.9728129 0 -1.4998e-5 -1 1.88127e-6 -1.51396e-5 -1 0 -0.2315928 -0.9728129 -1.88872e-6 -1.51396e-5 -1 3.6684e-6 -0.5000107 -0.8660193 -5.57598e-6 -0.5000107 -0.8660193 0 -0.2316989 -0.9727876 -1.39698e-6 -0.2316992 -0.9727876 0 -0.500011 -0.8660191 1.40071e-6 -0.2316992 -0.9727876 5.57415e-6 -8.75587e-7 0 1 -0.8660157 -0.5000169 2.48087e-5 -0.8660157 -0.5000169 0 -0.499997 -0.8660272 -1.16378e-5 8.03639e-6 0 1 -0.4999971 -0.8660271 0 -0.8660158 -0.5000168 1.16453e-5 -0.4999971 -0.8660271 -2.48087e-5 4.91354e-7 0 1 -1 -1.46031e-5 2.30809e-5 -1 -1.46031e-5 0 -0.8660262 -0.4999989 -1.16453e-5 1.60498e-5 0 1 -0.8660263 -0.4999986 0 -1 -1.44113e-5 1.16453e-5 -0.8660263 -0.4999986 -2.30809e-5 -0.8660262 0.4999986 1.15335e-5 -1 1.43796e-5 -2.30809e-5 -1 1.43796e-5 0 -0.866026 0.4999991 2.30809e-5 -0.866026 0.4999991 0 -1 1.48416e-5 -1.15484e-5 -7.86151e-6 0 -1 3.50233e-6 0 -1 -5.41341e-7 0 -1 -4.91535e-7 0 -1 -2.19846e-6 0 -1 1.2807e-6 0 -1 0.8660299 0.4999924 1.80381e-5 0.8660299 0.4999924 0 0.558923 0.8292196 -9.49949e-6 6.40344e-7 0 1 0.5589048 0.8292319 -1.35827e-6 0.5589048 0.8292319 0 0.5000026 0.866024 -1.42306e-6 0.8660304 0.4999914 9.38773e-6 0.5589239 0.829219 -1.80344e-5 0.5589239 0.829219 0 -0.8660323 -0.4999882 -8.28505e-6 -1.35005e-5 -1.68383e-5 1 -1.50427e-5 -1.94162e-5 1 -4.39676e-6 0 1 -0.5000097 -0.8660198 1.30429e-5 -2.31862e-5 2.28584e-5 1 -8.46386e-6 8.61287e-6 1 -0.499992 -0.86603 1.01328e-5 -2.98023e-7 4.61936e-6 1 -0.8660218 -0.5000064 8.07643e-6 -0.8660207 -0.5000084 8.1826e-6 2.06828e-5 5.67734e-6 1 5.33462e-6 4.40031e-5 1 -0.7071592 2.24933e-5 0.7070544 -6.1214e-5 1.57133e-5 1 -6.8903e-5 -1.44988e-5 1 -0.7070924 2.56598e-5 0.7071213 -0.8660562 -0.4999467 -1.5676e-5 1.13668e-6 1.57952e-6 1 -0.8660348 0.4999839 2.17929e-5 -8.79168e-6 -1.68085e-5 1 3.56138e-5 -3.95775e-5 1 -1 5.90831e-5 5.51343e-6 -1.23791e-5 -1.00136e-5 1 -0.866025 0.5000007 -3.62396e-5 -0.7070834 -1.69203e-5 0.7071302 3.25441e-5 7.74935e-5 1 -1 8.9407e-6 6.26203e-5 -0.866035 0.4999833 6.69435e-6 8.6613e-7 -1.41375e-5 1 -3.29316e-6 -1.6693e-5 1 -0.4999796 0.8660372 2.2741e-5 -1.35601e-5 -2.53022e-5 1 3.00631e-5 -7.30157e-6 1 -0.8659928 0.5000566 -3.06666e-5 6.31064e-6 3.51071e-5 1 -0.5000469 0.8659984 -5.3972e-5 1.10529e-5 1 2.92668e-6 -8.42661e-6 -2.86102e-6 1 -5.27129e-5 -3.17097e-5 1 -0.4999428 0.8660585 -1.01328e-6 -3.95328e-5 -1.88574e-5 1 -1.32099e-5 1 -3.89218e-5 0.5000469 0.8659983 9.99868e-5 -2.58386e-5 -7.60257e-5 1 -6.24359e-6 -1.04701e-4 1 -2.06083e-5 1 2.29478e-6 9.3393e-6 -6.74278e-5 1 0.500003 0.8660237 3.8892e-6 0.8659946 0.5000535 7.24196e-6 -2.72691e-5 2.0802e-5 1 -4.67896e-5 3.0838e-5 1 0.4999505 0.866054 3.62657e-6 -4.33922e-5 2.43187e-5 1 0.8659886 0.500064 -1.19209e-6 0.8660203 0.500009 -1.451e-6 -1.10865e-5 -3.08454e-6 1 2.41399e-6 -4.18872e-5 1 -1.57206e-5 0 1 0.7071592 -2.26498e-5 0.7070544 6.13034e-5 -1.58027e-5 1 6.88732e-5 1.44243e-5 1 0.7070891 -2.53096e-5 0.7071245 0.8660559 0.4999472 -1.28746e-5 -5.30761e-6 -1.89245e-6 1 0.865995 -0.5000527 -5.65685e-6 -2.63751e-5 -2.93553e-5 1 -4.70281e-5 1.65701e-5 1 0.8660321 -0.4999885 6.4075e-6 1 -5.70267e-5 0 1.83918e-5 1.01849e-5 1 0.7070834 1.66819e-5 0.7071302 -3.25739e-5 -7.75233e-5 1 1 -9.22382e-6 6.26426e-5 0.4999843 -0.8660345 -3.44813e-5 -2.25455e-5 -3.45409e-5 1 1.98931e-5 -2.34544e-5 1 3.51353e-6 0 1 0.8659928 -0.5000565 -6.16908e-6 -2.88412e-5 -1.25393e-5 1 0.5000483 -0.8659976 -2.34246e-5 -1.05518e-6 0 1 -5.41341e-7 0 1 0.500021 -0.8660133 9.90182e-6 7.1805e-7 -1.22413e-5 1 2.42144e-7 -1.22935e-5 1 -0.2316988 0.9727876 -5.50531e-6 -0.2316988 0.9727876 0 -0.5000107 0.8660193 -1.40816e-6 -1.5907e-5 1 -3.6684e-6 -1.58995e-5 1 0 -0.2315935 0.9728127 1.90362e-6 -1.5907e-5 1 -1.89617e-6 -0.2315935 0.9728127 3.66691e-6 -0.2315935 0.9728127 0 -0.499997 0.8660271 2.48087e-5 -0.499997 0.8660271 0 -0.8660157 0.5000169 -1.1526e-5 -0.5000108 0.8660193 0 -0.2316989 0.9727876 1.40816e-6 -0.5000108 0.8660193 5.50712e-6 -0.8660163 0.500016 0 -0.4999978 0.8660266 1.1526e-5 -0.8660163 0.500016 -2.48087e-5 0.5000299 0.8660082 2.56771e-5 0.5000299 0.8660082 0 2.5481e-6 1 -1.15484e-5 0.5000022 0.8660243 0 0.5589044 0.8292322 1.42492e-6 0.5000022 0.8660243 1.35639e-6 -4.91531e-7 0 1 2.99513e-6 1 0 0.5000302 0.866008 1.15484e-5 2.99513e-6 1 -2.56725e-5 1.54227e-5 -1 1.0835e-5 -1.01328e-5 5.38528e-5 1 -3.22312e-5 1.00136e-5 1 0.4999423 -0.8660588 2.67327e-5 3.10838e-5 5.10011e-5 1 1.32918e-5 -1 -7.15256e-6 -5.54025e-5 -1 -2.55406e-5 1.52737e-6 -2.39126e-5 1 -0.500034 -0.8660058 1.81794e-6 -0.8660296 0.4999928 -1.27e-5 -0.8660296 0.4999928 1.23637e-5 -1 7.63312e-6 1.33738e-5 -0.7071199 -2.33948e-6 -0.7070938 -1 -1.75275e-5 7.12275e-6 -0.8660281 0.4999955 7.83801e-6 -1 7.95722e-6 -1.23637e-5 -0.8660295 0.499993 -1.33738e-5 -1 7.95722e-6 1.27e-5 -0.8660295 -0.499993 1.33812e-5 -1 -7.92742e-6 -1.27e-5 -1 -7.92742e-6 1.23637e-5 -0.8660313 -0.4999899 2.99215e-5 -1 -6.00815e-5 -2.92063e-6 -2.18675e-5 2.48924e-5 -1 -0.7071144 2.96161e-5 -0.7070992 -1.50204e-5 -9.85637e-5 -1 -1 2.01911e-5 -1.86004e-5 -0.5000073 0.8660212 -1.27e-5 -0.5000073 0.8660212 1.23637e-5 -0.8660218 0.5000064 1.33365e-5 1.49012e-7 8.28505e-6 -1 -0.8660201 0.5000093 3.66867e-5 -0.4999992 0.8660259 6.55651e-6 -0.8660212 0.5000076 -1.23637e-5 -0.5000063 0.8660218 -1.33365e-5 -0.8660212 0.5000075 1.27e-5 1.48192e-5 3.48687e-6 -1 -0.8660368 0.4999803 -2.59578e-5 5.54323e-6 -1.3113e-6 -1 -9.62615e-6 -3.51593e-5 -1 -0.8660172 0.5000142 5.43147e-6 1.73151e-5 8.82149e-6 -1 -0.7070892 -2.63527e-5 -0.7071244 -0.8660563 0.4999466 1.18315e-5 5.46174e-6 -2.80142e-6 -1 -8.53837e-6 1 -1.27e-5 -8.52346e-6 1 1.23637e-5 -0.4999936 0.8660292 1.33067e-5 2.22474e-5 -1.31428e-5 -1 -0.5000414 0.8660015 8.04663e-7 -6.61164e-5 1 -1.40071e-5 -0.4999926 0.8660297 -1.23637e-5 -7.37794e-6 1 -1.33142e-5 -0.4999926 0.8660297 1.27e-5 1.2517e-5 -6.19292e-5 -1 1.4931e-5 -4.37498e-5 -1 -0.5000174 0.8660154 -6.49153e-5 0.4999935 0.8660292 -1.27e-5 0.4999935 0.8660292 1.23637e-5 8.54395e-6 1 1.33961e-5 4.85629e-5 1.71363e-7 -1 1.46776e-6 1 1.43647e-5 0.5000646 0.8659881 -1.13249e-5 7.42078e-6 1 -1.23637e-5 0.4999926 0.8660297 -1.33291e-5 7.42078e-6 1 1.27e-5 -2.84612e-5 -2.50041e-5 -1 4.73857e-6 1 -2.76286e-5 -9.50694e-6 -2.45869e-5 -1 0.8660212 0.5000075 -1.27e-5 0.8660212 0.5000075 1.23637e-5 0.5000064 0.8660218 1.33142e-5 5.31226e-6 1.49384e-5 -1 0.4999703 0.8660426 1.87755e-6 0.8659973 0.5000488 -4.67896e-6 0.5000066 0.8660216 -1.23637e-5 0.8660213 0.5000073 -1.33142e-5 0.5000066 0.8660216 1.27e-5 -6.66082e-6 -1.5229e-5 -1 0.5000562 0.865993 -3.43099e-5 -4.44353e-5 -4.58956e-6 -1 0 1.29491e-5 -1 0.5000211 0.8660133 -9.93162e-6 4.53554e-7 1.2666e-5 -1 1 7.92742e-6 -1.27e-5 1 7.92742e-6 1.23637e-5 0.8660295 0.499993 1.33812e-5 2.18675e-5 -2.48924e-5 -1 0.8660312 0.4999899 2.97725e-5 1 6.01262e-5 -2.80142e-6 0.8660292 0.4999935 -1.23637e-5 1 8.50856e-6 -1.33812e-5 0.8660292 0.4999935 1.27e-5 -9.62615e-6 2.28882e-5 -1 0.8659843 0.5000714 -2.88542e-5 -1.41263e-5 3.35574e-5 -1 0.8660295 -0.499993 -1.33812e-5 1 -7.92742e-6 1.27e-5 1 -7.92742e-6 -1.23637e-5 0.7071285 -2.44156e-5 -0.707085 3.2872e-5 1.03511e-4 -1 1 -2.1413e-5 1.54227e-6 0.8660295 -0.499993 -1.27e-5 0.8660295 -0.499993 1.23637e-5 1 -7.92183e-6 1.33812e-5 0.7071198 2.68221e-6 -0.7070938 1 1.78665e-5 7.21216e-6 0.8660283 -0.4999952 7.56979e-6 0.7070981 9.93907e-6 0.7071155 1 -2.07499e-5 -1.17421e-5 0.8660171 0.5000145 1.2964e-5 -0.8660295 -0.499993 -1.23637e-5 -1 -7.92183e-6 -1.33812e-5 -0.8660295 -0.499993 1.27e-5 -0.7070981 -1.0252e-5 0.7071155 -1 2.0463e-5 -1.16825e-5 -0.8660169 -0.5000148 1.28448e-5 -0.7071217 2.15322e-5 -0.7070919 -2.36928e-5 -5.60284e-6 -1 -3.03984e-5 2.48328e-5 -1 -0.8660309 -0.4999904 -7.51298e-6 -2.28286e-5 1.31726e-5 -1 -7.00355e-6 1.99676e-6 -1 3.55058e-6 0 -1 4.39682e-6 0 -1 -0.8660352 -0.4999832 5.32716e-7 3.94136e-6 8.96677e-6 -1 7.48038e-6 1.01514e-5 -1 3.01269e-6 0 -1 -3.93222e-6 0 -1 -0.4999843 -0.8660345 4.57801e-5 -2.60025e-5 7.39098e-6 -1 2.59653e-5 -7.7486e-6 -1 -0.8659978 -0.5000479 -4.97699e-6 -7.78586e-6 -1.30683e-5 -1 -0.499969 -0.8660434 6.85453e-7 1.49719e-5 -1 5.64978e-5 -1.13174e-5 -5.47469e-5 -1 -4.96954e-5 -1.36495e-5 -1 -0.5000631 -0.865989 -1.20103e-5 -4.83543e-5 -3.15532e-6 -1 1.11014e-6 -1 1.81794e-5 -1.05518e-6 0 -1 -1.75115e-6 0 -1 0.4999685 -0.8660436 -4.79817e-6 -9.68575e-7 1.2666e-5 -1 1.45212e-5 2.48495e-5 -1 -2.06083e-5 -1 -2.96533e-6 9.12324e-6 6.80983e-5 -1 0.5000035 -0.8660235 -4.51505e-6 4.91349e-7 0 -1 0.8660005 -0.5000432 1.84476e-5 -1.07288e-5 -3.74615e-5 -1 3.76552e-5 1.17868e-5 -1 0.4999713 -0.866042 -1.30814e-5 -4.50909e-5 -2.28286e-5 -1 0.8659953 -0.5000524 6.55651e-6 0.8660155 -0.5000172 -4.93973e-6 1.43051e-5 -2.10106e-5 -1 9.83477e-7 3.37884e-5 -1 0.7071155 -2.25976e-5 -0.7070981 1.50204e-5 3.37511e-6 -1 2.262e-5 -2.68444e-5 -1 0.7070892 2.59876e-5 -0.7071244 0.8660561 -0.4999468 1.21295e-5 -5.3905e-6 2.49594e-6 -1 0.5000073 -0.8660212 -1.27e-5 0.5000074 -0.8660212 8.68422e-5 0.8660218 -0.5000064 1.33291e-5 0.8660212 -0.5000075 -1.23637e-5 0.5000063 -0.8660218 -1.33291e-5 0.8660212 -0.5000076 1.27e-5 8.53837e-6 -1 -1.27e-5 8.52346e-6 -1 1.23637e-5 0.4999936 -0.8660292 1.33142e-5 0.4999926 -0.8660298 -1.23637e-5 7.3351e-6 -1 -1.33142e-5 0.4999926 -0.8660298 1.27e-5 -0.4999936 -0.8660292 -1.27e-5 -0.4999936 -0.8660292 1.23637e-5 -8.54023e-6 -1 1.33216e-5 -7.37607e-6 -1 -1.23637e-5 -0.4999926 -0.8660298 -1.33216e-5 -7.37607e-6 -1 1.27e-5 -0.8660212 -0.5000075 -1.27e-5 -0.8660212 -0.5000075 1.23637e-5 -0.5000064 -0.8660218 1.33216e-5 -0.5000064 -0.8660218 -1.23637e-5 -0.8660211 -0.5000075 -1.33216e-5 -0.5000064 -0.8660218 1.27e-5 0.8660262 -0.4999987 6.67758e-6 1 -1.4469e-5 2.92453e-5 1 -1.4469e-5 0 0.8660262 0.4999987 -6.51926e-6 1 1.44988e-5 -2.92453e-5 1 1.45137e-5 0 0.8660261 0.499999 0 1 1.48243e-5 6.50808e-6 0.8660261 0.499999 2.92453e-5 0.8660262 -0.4999987 -2.92453e-5 0.8660262 -0.4999987 0 1 -1.44604e-5 -6.7614e-6 0.5137909 -0.8579154 -2.25043e-5 0.513791 -0.8579155 0 0.8660112 -0.5000247 -6.42613e-6 0.8660112 -0.5000247 0 0.5137497 -0.8579402 6.55651e-6 0.8660112 -0.5000247 2.25043e-5 0.5000016 -0.8660246 -4.46538e-7 0.5000016 -0.8660246 0 0.5138032 -0.8579082 -2.84752e-7 1.22282e-5 0 1 0.5138031 -0.8579082 0 0.5000015 -0.8660246 2.84752e-7 0.5138031 -0.8579082 4.46538e-7 3.23355e-6 -1 -2.8258e-5 3.23355e-6 -1 0 0.5000305 -0.8660079 -6.75768e-6 0.5000305 -0.8660079 0 3.16417e-6 -1 6.75768e-6 0.5000305 -0.8660079 2.82631e-5 -0.2565986 -0.9665181 -3.76109e-6 -0.2565986 -0.9665181 0 -1.09617e-5 -1 -5.35883e-6 -1.09673e-5 -1 0 -0.2565986 -0.9665181 5.35697e-6 -1.09673e-5 -1 3.76248e-6 -7.62269e-7 0 1 -0.4999985 -0.8660263 4.14442e-6 -0.4999985 -0.8660263 0 -0.2566018 -0.9665172 -5.41471e-6 2.99846e-6 0 1 -0.2566018 -0.9665172 0 -0.4999985 -0.8660263 5.40353e-6 -0.2566018 -0.9665172 -4.14591e-6 -1.47757e-6 0 1 -0.866016 -0.5000163 -2.86282e-5 -0.866016 -0.5000163 0 -0.4999976 -0.8660269 -6.79865e-6 6.26002e-6 0 1 -0.499996 -0.8660277 0 -0.8660152 -0.5000178 6.80052e-6 -0.499996 -0.8660277 2.86282e-5 3.81473e-7 0 1 -1 -1.4469e-5 -2.92453e-5 -1 -1.4469e-5 0 -0.8660262 -0.4999987 -6.67758e-6 -0.8660262 -0.4999987 0 -1 -1.44604e-5 6.7614e-6 -0.8660262 -0.4999987 2.92453e-5 -0.8660262 0.4999986 6.52298e-6 -1 1.4469e-5 2.92453e-5 -1 1.44839e-5 0 -0.8660264 0.4999983 -2.92453e-5 -0.8660264 0.4999983 0 -1 1.414e-5 -6.52112e-6 -3.81464e-7 0 -1 -2.99846e-6 0 -1 -3.81473e-7 0 -1 1.47757e-6 0 -1 7.62269e-7 0 -1 -1.22282e-5 0 -1 0.8660102 0.5000265 -2.25043e-5 0.8660102 0.5000265 0 0.5137892 0.8579165 -6.43358e-6 2.70669e-6 0 1 0.5138031 0.8579082 -4.46538e-7 0.5138031 0.8579082 0 0.5000015 0.8660246 -2.84752e-7 0.8660112 0.5000248 6.41309e-6 0.5137498 0.8579402 2.25085e-5 0.5137498 0.8579402 0 -0.5007981 -0.8655642 1.34472e-5 -0.5007981 -0.8655642 -1.23416e-5 -0.866023 -0.5000044 -4.1537e-7 -3.95041e-7 0 1 -3.04711e-6 0 1 -1.64509e-5 -1 2.27545e-6 -1.64807e-5 -1 -1.23836e-5 -0.500706 -0.8656175 6.82287e-6 -1.80006e-5 -1 -6.7614e-6 -0.5007073 -0.8656166 -2.27504e-6 -0.5007073 -0.8656167 8.69665e-5 -0.8660262 -0.4999987 -1.08406e-5 -0.8660262 -0.4999988 -1.23637e-5 -1 -1.45338e-5 2.71946e-5 -0.5007981 -0.8655642 4.17232e-7 -0.866023 -0.5000044 -1.34496e-5 -0.8660228 -0.5000044 1.23438e-5 -1 1.45733e-5 -1.08406e-5 -1 1.45733e-5 -1.23637e-5 -0.8660262 0.4999988 2.71983e-5 -0.866026 -0.4999991 -2.71928e-5 -1 -1.49161e-5 1.08406e-5 -1 -1.49161e-5 1.23637e-5 -0.8660241 0.5000023 1.34496e-5 -0.8660241 0.5000023 -1.23438e-5 -0.5008003 0.8655629 -3.63216e-7 -0.8660262 0.4999988 1.23637e-5 -1 1.45636e-5 -2.72002e-5 -0.8660262 0.4999988 1.08406e-5 -0.5007075 0.8656166 2.27504e-6 -0.5007075 0.8656167 -1.23814e-5 -1.80602e-5 1 6.76327e-6 -0.5007981 0.8655642 1.23416e-5 -0.8660229 0.5000044 3.63216e-7 -0.5007981 0.8655642 -1.34472e-5 -9.90927e-6 1 -2.74192e-6 -9.90927e-6 1 -6.02512e-6 0.2501788 0.9681997 6.70738e-6 -1.64807e-5 1 1.23836e-5 -0.500706 0.8656175 -6.75954e-6 -1.64807e-5 1 -2.27545e-6 0.2501839 0.9681984 -7.69647e-6 0.2501839 0.9681984 -6.44742e-6 0.5000237 0.8660118 -8.50298e-6 0.2501788 0.9681997 6.02284e-6 -9.91579e-6 1 -6.71111e-6 0.2501788 0.9681997 2.74089e-6 0.4999961 0.8660277 -1.10257e-5 0.4999961 0.8660277 -1.23637e-5 0.8660152 0.5000178 2.75224e-5 0.5000237 0.8660117 6.44742e-6 0.2501839 0.9681984 8.50298e-6 0.5000237 0.8660117 7.69647e-6 0.8660262 0.4999988 -1.08406e-5 0.8660262 0.4999988 -1.23637e-5 1 1.45636e-5 2.72002e-5 0.8660152 0.5000178 8.68422e-5 0.499996 0.8660278 -2.75243e-5 0.8660152 0.5000178 1.10257e-5 1 -1.41859e-5 -1.08406e-5 1 -1.41859e-5 -1.23637e-5 0.8660264 -0.4999984 2.71965e-5 1 1.45733e-5 1.23637e-5 0.8660262 0.4999988 -2.71983e-5 1 1.45733e-5 1.08406e-5 0.8660152 -0.5000178 -1.10257e-5 0.8660152 -0.5000179 -8.68421e-5 0.499996 -0.8660278 2.75224e-5 6.26005e-6 0 1 0.8660262 -0.4999988 1.23637e-5 1 -1.45792e-5 -2.71983e-5 0.8660262 -0.4999988 1.08406e-5 0.5000237 -0.8660117 -7.69647e-6 0.5000237 -0.8660117 -6.44742e-6 0.2501839 -0.9681984 -8.49552e-6 0.8660165 -0.5000157 2.13496e-5 0.4999981 -0.8660266 1.10257e-5 0.499998 -0.8660265 1.23637e-5 -1.47448e-6 0 1 -7.62276e-7 0 1 0.2501788 -0.9681997 -2.74089e-6 0.2501788 -0.9681997 -6.02284e-6 -9.91579e-6 -1 6.71111e-6 0.5000238 -0.8660117 8.46386e-6 0.250184 -0.9681983 7.69647e-6 0.250184 -0.9681983 6.44742e-6 -0.2566018 0.9665172 4.14591e-6 -0.2566018 0.9665172 0 -0.4999985 0.8660263 -5.41471e-6 -1.09822e-5 1 -3.76248e-6 -1.09822e-5 1 0 -0.2565987 0.9665181 -5.40726e-6 -1.17114e-5 1 5.34393e-6 -0.2565993 0.9665179 3.76109e-6 -0.2565993 0.9665179 0 -0.4999977 0.8660268 -2.86282e-5 -0.4999977 0.8660268 0 -0.8660162 0.5000162 -6.70739e-6 -0.2566018 0.9665172 5.41471e-6 -0.4999985 0.8660263 -4.14442e-6 -0.4999985 0.8660263 0 -0.4999977 0.8660268 6.70738e-6 -0.8660162 0.5000162 2.86282e-5 -0.8660162 0.5000162 0 0.5000305 0.8660079 -2.82631e-5 0.5000305 0.8660079 0 3.1949e-6 1 -6.75209e-6 0.5000016 0.8660246 0 0.5138032 0.8579082 2.84752e-7 0.5000016 0.8660246 4.46538e-7 0.5000305 0.8660079 6.75209e-6 3.23355e-6 1 2.8258e-5 3.23355e-6 1 0 -9.90927e-6 -1 6.02512e-6 0.2501788 -0.9681997 -6.70738e-6 -9.90927e-6 -1 2.74192e-6 -2.99843e-6 0 -1 -3.81473e-7 0 -1 1.47758e-6 0 -1</float_array>
          <technique_common>
            <accessor source="#_-mesh-normals-array" count="4731" stride="3">
              <param name="X" type="float"/>
              <param name="Y" type="float"/>
              <param name="Z" type="float"/>
            </accessor>
          </technique_common>
        </source>
        <source id="_-mesh-map-0">
          <float_array id="_-mesh-map-0-array" count="13548">0.324993 0.878732 0.325422 0.881755 0.324993 0.926279 0.14268 0.588641 0.1405259 0.586124 0.147352 0.56663 0.116902 0.713955 0.116902 0.66635 0.117118 0.713893 0.270445 0.724198 0.270445 0.697923 0.270668 0.697954 0.14268 0.588641 0.123065 0.605718 0.1405259 0.586124 0.117027 0.771347 0.117164 0.773226 0.117027 0.774216 0.1497409 0.569458 0.147352 0.56663 0.1484349 0.566406 0.1497409 0.569458 0.14268 0.588641 0.147352 0.56663 0.878686 0.773851 0.879438 0.731874 0.879438 0.775655 0.1510969 0.569202 0.1484349 0.566406 0.192197 0.567698 0.1510969 0.569202 0.1497409 0.569458 0.1484349 0.566406 0.07757198 0.645309 0.07389795 0.75759 0.07975697 0.653837 0.199773 0.573281 0.192197 0.567698 0.236441 0.592134 0.881214 0.750162 0.881214 0.699901 0.882709 0.708492 0.199773 0.573281 0.1510969 0.569202 0.192197 0.567698 0.931417 0.908987 0.928499 0.952178 0.928499 0.897495 0.242341 0.602653 0.236441 0.592134 0.265046 0.638739 0.24569 0.785536 0.24569 0.732864 0.24768 0.744316 0.242341 0.602653 0.199773 0.573281 0.236441 0.592134 0.943037 0.906906 0.940196 0.951072 0.940196 0.896922 0.264462 0.649181 0.265046 0.638739 0.265046 0.692888 0.255227 0.732864 0.255227 0.785061 0.25351 0.775023 0.264462 0.649181 0.242341 0.602653 0.265046 0.638739 0.860125 0.744333 0.85947 0.747169 0.85947 0.738283 0.260433 0.697499 0.265046 0.692888 0.262127 0.701282 0.900378 0.699901 0.900378 0.749332 0.899542 0.743347 0.260433 0.697499 0.264462 0.649181 0.265046 0.692888 0.970123 0.926887 0.969704 0.926775 0.970123 0.882398 0.234199 0.735002 0.262127 0.701282 0.236109 0.737233 0.674513 0.969959 0.674147 0.970009 0.673818 0.926865 0.674513 0.923983 0.674513 0.969959 0.673818 0.926865 0.234199 0.735002 0.259955 0.698778 0.262127 0.701282 0.260433 0.697499 0.262127 0.701282 0.259955 0.698778 0.270866 0.697923 0.270445 0.650421 0.270866 0.650313 0.213733 0.751065 0.234199 0.735002 0.236109 0.737233 0.266774 0.955135 0.264123 0.9338 0.266774 0.907626 0.315228 0.715044 0.324993 0.926279 0.325359 0.926321 0.350061 0.97369 0.339752 0.976405 0.333498 0.930856 0.730036 0.937014 0.719798 0.934358 0.725898 0.888222 0.736229 0.890849 0.730036 0.937014 0.725898 0.888222 0.343714 0.928086 0.333498 0.930856 0.340098 0.893046 0.343714 0.928086 0.350061 0.97369 0.333498 0.930856 0.955394 0.70536 0.945971 0.709355 0.947582 0.654763 0.350061 0.890386 0.343714 0.928086 0.340098 0.893046 0.95663 0.650977 0.947582 0.654763 0.940111 0.75619 0.95663 0.650977 0.955394 0.70536 0.947582 0.654763 0.962378 0.907202 0.974538 0.868114 0.971348 0.906029 0.948794 0.752646 0.95663 0.650977 0.940111 0.75619 0.962378 0.907202 0.965307 0.869329 0.974538 0.868114 0.117381 0.822286 0.117148 0.822305 0.117148 0.775787 0.962378 0.907202 0.971348 0.906029 0.974538 0.952438 0.270668 0.72376 0.270668 0.697923 0.270902 0.697929 0.966306 0.660866 0.966306 0.613638 0.96902 0.639702 0.412773 0.890386 0.421659 0.891519 0.418305 0.936842 0.962378 0.907202 0.974538 0.952438 0.965663 0.953651 0.725005 0.399599 0.710619 0.380164 0.753435 0.385507 0.679792 0.397748 0.709443 0.379854 0.710619 0.380164 0.679792 0.397748 0.710619 0.380164 0.725005 0.399599 0.213733 0.751065 0.211719 0.748744 0.234199 0.735002 0.725005 0.399599 0.753435 0.385507 0.77956 0.383931 0.194997 0.75695 0.211719 0.748744 0.213733 0.751065 0.192578 0.75444 0.211719 0.748744 0.194997 0.75695 0.781891 0.400011 0.77956 0.383931 0.798028 0.380495 0.725005 0.399599 0.77956 0.383931 0.781891 0.400011 0.67461 0.922123 0.674199 0.92014 0.67461 0.901584 0.151235 0.755658 0.192578 0.75444 0.194997 0.75695 0.878686 0.733527 0.877729 0.775655 0.877729 0.731874 0.151235 0.755658 0.143903 0.750361 0.192578 0.75444 0.828722 0.398829 0.798028 0.380495 0.833314 0.365275 0.781891 0.400011 0.798028 0.380495 0.828722 0.398829 0.1401939 0.731223 0.1345379 0.720989 0.143903 0.750361 0.266999 0.234732 0.273465 0.203202 0.321522 0.186239 0.151235 0.755658 0.1401939 0.731223 0.143903 0.750361 0.111589 0.684618 0.112417 0.674461 0.1345379 0.720989 0.104433 0.359442 0.113543 0.342953 0.1400499 0.416712 0.1401939 0.731223 0.111589 0.684618 0.1345379 0.720989 0.266999 0.234732 0.321522 0.186239 0.321522 0.238436 0.111589 0.630468 0.116445 0.626143 0.112417 0.674461 0.07783401 0.415688 0.07688397 0.423325 0.06909197 0.39042 0.111589 0.684618 0.111589 0.630468 0.112417 0.674461 0.104433 0.359442 0.1400499 0.416712 0.110631 0.366013 0.118444 0.411792 0.110631 0.366013 0.1400499 0.416712 0.123065 0.605718 0.125282 0.608366 0.116445 0.626143 0.05372095 0.381049 0.06909197 0.39042 0.03799796 0.368608 0.111589 0.630468 0.123065 0.605718 0.116445 0.626143 0.07783401 0.415688 0.06909197 0.39042 0.05372095 0.381049 0.14268 0.588641 0.125282 0.608366 0.123065 0.605718 0.04683196 0.342694 0.03799796 0.368608 0.03710895 0.342755 0.05372095 0.381049 0.03799796 0.368608 0.04683196 0.342694 0.265937 0.71749 0.266971 0.696036 0.266971 0.723316 0.943037 0.941297 0.945734 0.896922 0.945734 0.951072 0.89851 0.749332 0.89851 0.699901 0.899543 0.705633 0.931417 0.940942 0.934321 0.897495 0.934321 0.952178 0.251753 0.785061 0.251753 0.732864 0.25351 0.742583 0.260869 0.741163 0.258571 0.783407 0.258571 0.732864 0.249543 0.732864 0.249543 0.785536 0.24768 0.774377 0.883947 0.699901 0.883947 0.750162 0.882709 0.741762 0.061526 0.426539 0.03710895 0.342755 0.076752 0.426161 0.04683196 0.342694 0.03710895 0.342755 0.061526 0.426539 0.045901 0.408961 0.03182995 0.404677 0.03198295 0.403449 0.08563399 0.388922 0.07690495 0.424934 0.055399 0.385162 0.061526 0.426539 0.07690495 0.424934 0.08563399 0.388922 0.662927 0.295394 0.696322 0.401894 0.708079 0.325894 0.04492199 0.07462096 0.04492199 0.02148395 0.092844 0.04324698 0.662927 0.295394 0.708079 0.325894 0.669588 0.362527 0.679792 0.397748 0.675917 0.364132 0.709443 0.379854 0.04492199 0.07462096 0.092844 0.04324698 0.09926897 0.07683497 0.409325 0.935774 0.418305 0.936842 0.421659 0.971749 0.409325 0.935774 0.412773 0.890386 0.418305 0.936842 0.950427 0.776241 0.958967 0.77967 0.962378 0.834265 0.412415 0.970604 0.409325 0.935774 0.421659 0.971749 0.953464 0.830632 0.962378 0.834265 0.959697 0.887102 0.953464 0.830632 0.950427 0.776241 0.962378 0.834265 0.730036 0.937014 0.726241 0.973656 0.719798 0.934358 0.950427 0.883233 0.953464 0.830632 0.959697 0.887102 0.730036 0.937014 0.736229 0.976241 0.726241 0.973656 0.972167 0.645553 0.973852 0.64573 0.972167 0.691218 0.489976 0.936486 0.493128 0.924302 0.493128 0.970867 0.491436 0.970949 0.489976 0.936486 0.493128 0.970867 0.953956 0.695857 0.957223 0.678121 0.957223 0.713088 0.321444 0.890435 0.321444 0.937535 0.319888 0.890863 0.975328 0.86898 0.977793 0.834901 0.977793 0.880733 0.930708 0.714101 0.930708 0.678121 0.9344 0.689287 0.664947 0.856136 0.666748 0.84321 0.669342 0.897623 0.863828 0.715038 0.863828 0.678121 0.867649 0.702201 0.664947 0.936905 0.669342 0.897623 0.665875 0.950198 0.664947 0.936905 0.666591 0.89677 0.669342 0.897623 0.664947 0.856136 0.669342 0.897623 0.666591 0.89677 0.113717 0.770173 0.111804 0.775142 0.111804 0.735429 0.09283 0.634927 0.09283 0.654223 0.090595 0.641551 0.948339 0.744099 0.94597 0.755702 0.950618 0.709355 0.883415 0.756541 0.881709 0.775542 0.881709 0.731874 0.948603 0.760607 0.950618 0.775946 0.94597 0.755702 0.948339 0.744099 0.948603 0.760607 0.94597 0.755702 0.978864 0.73718 0.977587 0.737324 0.977587 0.69128 0.974538 0.953119 0.974538 0.935447 0.975804 0.935669 0.252437 0.706363 0.251528 0.724014 0.261293 0.946461 0.902508 0.732989 0.900378 0.737961 0.903974 0.699901 0.112859 0.903602 0.111821 0.903826 0.111821 0.856563 0.935421 0.909836 0.934321 0.944674 0.934321 0.897495 0.902508 0.732989 0.903974 0.749063 0.900378 0.737961 0.940196 0.937446 0.938204 0.951319 0.938204 0.896922 0.877488 0.757676 0.87582 0.776001 0.87582 0.731874 0.106509 0.64035 0.104787 0.653698 0.104787 0.635552 0.266552 0.955135 0.266552 0.974153 0.264123 0.967588 0.956695 0.896711 0.959086 0.896351 0.95452 0.948707 0.115406 0.765092 0.114495 0.774962 0.114495 0.734708 0.320675 0.957979 0.319888 0.968199 0.319888 0.937536 0.32136 0.947558 0.320675 0.957979 0.319888 0.937536 0.956695 0.896711 0.95452 0.887102 0.959086 0.896351 0.915425 0.751159 0.918673 0.731874 0.918673 0.76986 0.251753 0.745163 0.249543 0.785085 0.249543 0.732864 0.918673 0.769745 0.918673 0.731874 0.922661 0.744373 0.896826 0.714304 0.896826 0.678121 0.90062 0.702447 0.952169 0.963415 0.952169 0.945796 0.953212 0.945997 0.266421 0.657732 0.265046 0.65788 0.271692 0.623784 0.269273 0.680594 0.266709 0.67525 0.265046 0.65788 0.269273 0.680594 0.265046 0.65788 0.266421 0.657732 0.278083 0.613413 0.271692 0.623784 0.279957 0.608064 0.266421 0.657732 0.271692 0.623784 0.278083 0.613413 0.292418 0.594359 0.279957 0.608064 0.291388 0.593986 0.278083 0.613413 0.279957 0.608064 0.292418 0.594359 0.292418 0.594359 0.291388 0.593986 0.305737 0.582189 0.311902 0.579229 0.305737 0.582189 0.322559 0.573316 0.292418 0.594359 0.305737 0.582189 0.311902 0.579229 0.311902 0.579229 0.322559 0.573316 0.331703 0.570156 0.335396 0.56954 0.331703 0.570156 0.341197 0.567927 0.311902 0.579229 0.331703 0.570156 0.335396 0.56954 0.347922 0.567132 0.341197 0.567927 0.350932 0.566669 0.335396 0.56954 0.341197 0.567927 0.347922 0.567132 0.347922 0.567132 0.350932 0.566669 0.360781 0.566406 0.893006 0.731944 0.893824 0.731874 0.893824 0.770834 0.896561 0.770529 0.895785 0.731874 0.896561 0.73214 0.893947 0.744622 0.895785 0.731874 0.896561 0.770529 0.300632 0.893126 0.301808 0.892903 0.308319 0.93021 0.116182 0.774792 0.115406 0.774744 0.115406 0.734708 0.116594 0.735043 0.116182 0.774792 0.115406 0.734708 0.307176 0.930066 0.308319 0.93021 0.300632 0.965567 0.307176 0.930066 0.300632 0.893126 0.308319 0.93021 0.953956 0.7133 0.952379 0.712958 0.953956 0.678121 0.670767 0.750459 0.672089 0.750113 0.67168 0.78457 0.670767 0.750459 0.6743 0.719694 0.672089 0.750113 0.670339 0.784574 0.67168 0.78457 0.6743 0.818637 0.670339 0.784574 0.670767 0.750459 0.67168 0.78457 0.311744 0.738045 0.360781 0.752646 0.322559 0.744421 0.241553 0.732864 0.24569 0.747946 0.242363 0.786194 0.241553 0.78609 0.241553 0.732864 0.242363 0.786194 0.257829 0.732864 0.258571 0.783687 0.257829 0.784028 0.311744 0.738045 0.322559 0.744421 0.305737 0.73497 0.311744 0.738045 0.305737 0.73497 0.291388 0.72268 0.292255 0.72217 0.291388 0.72268 0.279957 0.70821 0.311744 0.738045 0.291388 0.72268 0.292255 0.72217 0.277933 0.702524 0.279957 0.70821 0.271692 0.692206 0.292255 0.72217 0.279957 0.70821 0.277933 0.702524 0.269273 0.680594 0.271692 0.692206 0.266709 0.67525 0.277933 0.702524 0.271692 0.692206 0.269273 0.680594 0.927832 0.947778 0.929424 0.940997 0.929424 0.970752 0.888674 0.774479 0.888674 0.731874 0.891343 0.766485 0.959593 0.696939 0.960686 0.678121 0.960686 0.712532 0.937751 0.748 0.937751 0.699901 0.942021 0.727124 0.113717 0.775007 0.113717 0.734708 0.114495 0.734727 0.908562 0.761033 0.850407 0.786395 0.849523 0.746654 0.925166 0.804169 0.849472 0.826671 0.850407 0.786395 0.908562 0.761033 0.925166 0.804169 0.850407 0.786395 0.889104 0.719461 0.849523 0.746654 0.847018 0.715247 0.889104 0.719461 0.908562 0.761033 0.849523 0.746654 0.352566 0.925829 0.38656 0.910881 0.378959 0.9409 0.352566 0.925829 0.350061 0.890386 0.38656 0.910881 0.352566 0.925829 0.378959 0.9409 0.373988 0.974654 0.445381 0.890386 0.469231 0.893352 0.466158 0.934421 0.352566 0.925829 0.373988 0.974654 0.350061 0.972398 0.437202 0.935181 0.466158 0.934421 0.469231 0.969398 0.441855 0.913003 0.445381 0.890386 0.466158 0.934421 0.437202 0.935181 0.441855 0.913003 0.466158 0.934421 0.07757198 0.628973 0.076725 0.628897 0.07171297 0.727214 0.916399 0.895187 0.875569 0.896311 0.854258 0.84454 0.916399 0.895187 0.922033 0.928525 0.875569 0.896311 0.257829 0.784203 0.256978 0.732893 0.257829 0.732864 0.255228 0.732864 0.256978 0.745363 0.255228 0.78445 0.916399 0.849356 0.854258 0.84454 0.843008 0.80691 0.916399 0.849356 0.916399 0.895187 0.854258 0.84454 0.966306 0.68596 0.968799 0.660866 0.968799 0.698055 0.922033 0.803312 0.843008 0.80691 0.83722 0.776241 0.922033 0.803312 0.916399 0.849356 0.843008 0.80691 0.950108 0.689694 0.952379 0.678121 0.952379 0.713632 0.893336 0.861824 0.910845 0.953657 0.88079 0.962558 0.109965 0.756164 0.111804 0.735429 0.111264 0.755926 0.111804 0.774417 0.109965 0.756164 0.111264 0.755926 0.893336 0.861824 0.927832 0.86029 0.910845 0.953657 0.960686 0.700754 0.962889 0.678121 0.962889 0.712331 0.870108 0.862252 0.88079 0.962558 0.847131 0.965559 0.930052 0.963353 0.930052 0.940997 0.930831 0.952267 0.870108 0.862252 0.893336 0.861824 0.88079 0.962558 0.922033 0.930834 0.924477 0.897495 0.923131 0.930967 0.162934 0.983864 0.161553 0.8807 0.194952 0.88329 0.924477 0.953637 0.922033 0.930834 0.923131 0.930967 0.847018 0.862385 0.870108 0.862252 0.847131 0.965559 0.957223 0.701283 0.959593 0.678121 0.959593 0.713073 0.208737 0.983864 0.194952 0.88329 0.224237 0.891832 0.977342 0.914152 0.977342 0.868114 0.978798 0.880103 0.208737 0.983864 0.162934 0.983864 0.194952 0.88329 0.894228 0.689818 0.896826 0.678121 0.896826 0.714708 0.925166 0.804169 0.847018 0.86029 0.849472 0.826671 0.971899 0.756168 0.9738 0.738767 0.97321 0.756581 0.9738 0.776181 0.971899 0.756168 0.97321 0.756581 0.925166 0.804169 0.934458 0.837269 0.847018 0.86029 0.893824 0.757377 0.893947 0.744622 0.896561 0.770529 0.663597 0.962368 0.663597 0.936723 0.664525 0.94982 0.512859 0.591885 0.514482 0.590258 0.528665 0.608609 0.512859 0.591885 0.47322 0.566406 0.514482 0.590258 0.526994 0.610304 0.528665 0.608609 0.538262 0.631533 0.526994 0.610304 0.512859 0.591885 0.528665 0.608609 0.536044 0.632128 0.538262 0.631533 0.538267 0.679193 0.536044 0.632128 0.526994 0.610304 0.538262 0.631533 0.536049 0.678596 0.538267 0.679193 0.514496 0.720468 0.536049 0.678596 0.536044 0.632128 0.538267 0.679193 0.512872 0.718841 0.514496 0.720468 0.473317 0.744299 0.512872 0.718841 0.536049 0.678596 0.514496 0.720468 0.426359 0.742075 0.473317 0.744299 0.425766 0.744299 0.472722 0.742075 0.512872 0.718841 0.473317 0.744299 0.426359 0.742075 0.472722 0.742075 0.473317 0.744299 0.404584 0.733006 0.425766 0.744299 0.402893 0.734682 0.404584 0.733006 0.426359 0.742075 0.425766 0.744299 0.386206 0.718841 0.402893 0.734682 0.384582 0.720468 0.386206 0.718841 0.404584 0.733006 0.402893 0.734682 0.386206 0.718841 0.384582 0.720468 0.360781 0.679114 0.362661 0.677208 0.360781 0.679114 0.360798 0.631533 0.363021 0.678598 0.360781 0.679114 0.362661 0.677208 0.386206 0.718841 0.360781 0.679114 0.363021 0.678598 0.363016 0.63213 0.360798 0.631533 0.384569 0.590258 0.363016 0.63213 0.362661 0.677208 0.360798 0.631533 0.386193 0.591885 0.384569 0.590258 0.425748 0.566427 0.363016 0.63213 0.384569 0.590258 0.386193 0.591885 0.471319 0.568291 0.425748 0.566427 0.47322 0.566406 0.426343 0.568651 0.386193 0.591885 0.425748 0.566427 0.471319 0.568291 0.426343 0.568651 0.425748 0.566427 0.472706 0.568651 0.471319 0.568291 0.47322 0.566406 0.512859 0.591885 0.472706 0.568651 0.47322 0.566406 0.942021 0.714127 0.968546 0.699901 0.968546 0.746537 0.563623 0.592385 0.562005 0.590771 0.603141 0.5667 0.951346 0.745553 0.942021 0.714127 0.968546 0.746537 0.873126 0.951413 0.856219 0.928525 0.873448 0.928525 0.563623 0.592385 0.547862 0.609175 0.562005 0.590771 0.90062 0.678121 0.90458 0.678927 0.90062 0.714237 0.605036 0.568568 0.603141 0.5667 0.65046 0.566406 0.496375 0.931849 0.498506 0.921472 0.498506 0.968272 0.982435 0.662272 0.984589 0.660866 0.976003 0.689284 0.978128 0.661862 0.982435 0.662272 0.976003 0.689284 0.968799 0.660866 0.978128 0.661862 0.976003 0.689284 0.973813 0.679 0.982246 0.678121 0.986603 0.708623 0.970395 0.678941 0.973813 0.679 0.986603 0.708623 0.966943 0.678129 0.970395 0.678941 0.986603 0.708623 0.962889 0.708623 0.966943 0.678129 0.986603 0.708623 0.603654 0.568937 0.603141 0.5667 0.605036 0.568568 0.563623 0.592385 0.603141 0.5667 0.603654 0.568937 0.973478 0.576223 0.969208 0.612307 0.969208 0.566406 0.649866 0.568628 0.65046 0.566406 0.691497 0.589909 0.973184 0.566738 0.973478 0.576223 0.969208 0.566406 0.649866 0.568628 0.605036 0.568568 0.65046 0.566406 0.051669 0.742454 0.02734398 0.739822 0.05503296 0.953505 0.689878 0.591544 0.691497 0.589909 0.715177 0.630933 0.06222599 0.713476 0.051669 0.742454 0.05503296 0.953505 0.08061999 0.933091 0.06222599 0.713476 0.05503296 0.953505 0.974954 0.579412 0.978693 0.581433 0.969208 0.612307 0.973478 0.576223 0.974954 0.579412 0.969208 0.612307 0.649866 0.568628 0.691497 0.589909 0.689878 0.591544 0.06062299 0.61886 0.03967297 0.632665 0.02734398 0.739822 0.713304 0.676518 0.715177 0.630933 0.715177 0.678407 0.051669 0.742454 0.06062299 0.61886 0.02734398 0.739822 0.712966 0.631543 0.715177 0.630933 0.713304 0.676518 0.689878 0.591544 0.715177 0.630933 0.712966 0.631543 0.976956 0.868089 0.974915 0.868114 0.974915 0.822312 0.689821 0.718212 0.715177 0.678407 0.691439 0.719825 0.978989 0.868068 0.976956 0.868089 0.974915 0.822312 0.948992 0.939338 0.947862 0.944551 0.947862 0.896922 0.949819 0.934068 0.948992 0.939338 0.947862 0.896922 0.870486 0.708702 0.867649 0.710795 0.881143 0.678121 0.874586 0.709528 0.870486 0.708702 0.881143 0.678121 0.881143 0.714315 0.874586 0.709528 0.881143 0.678121 0.07073497 0.648726 0.06424295 0.654526 0.03967297 0.632665 0.073502 0.64665 0.07073497 0.648726 0.03967297 0.632665 0.07671397 0.645117 0.073502 0.64665 0.03967297 0.632665 0.06062299 0.61886 0.07671397 0.645117 0.03967297 0.632665 0.712945 0.677907 0.715177 0.678407 0.689821 0.718212 0.713304 0.676518 0.715177 0.678407 0.712945 0.677907 0.877499 0.933888 0.873448 0.928525 0.875489 0.928537 0.877489 0.939213 0.873448 0.951615 0.873448 0.928525 0.689821 0.718212 0.691439 0.719825 0.673183 0.734128 0.877499 0.933888 0.877489 0.939213 0.873448 0.928525 0.877499 0.933888 0.875489 0.928537 0.877522 0.928553 0.19631 0.776232 0.1942189 0.786705 0.1942 0.781377 0.848594 0.738309 0.84651 0.743618 0.846503 0.738283 0.19631 0.776232 0.19631 0.786721 0.1942189 0.786705 0.19631 0.776232 0.1942 0.781377 0.194195 0.776075 0.260693 0.786701 0.258571 0.786701 0.259829 0.783407 0.486229 0.752573 0.482807 0.752573 0.484058 0.748583 0.478255 0.748504 0.47737 0.748744 0.478255 0.744299 0.476092 0.746921 0.478255 0.744299 0.47737 0.748744 0.249963 0.706748 0.249963 0.725016 0.247927 0.715912 0.484272 0.748736 0.486229 0.752573 0.484058 0.748583 0.975753 0.823042 0.973763 0.808292 0.974024 0.80824 0.975837 0.823028 0.975753 0.823042 0.974024 0.80824 0.117339 0.675058 0.117339 0.66635 0.117424 0.675055 0.403993 0.751282 0.404104 0.744299 0.404397 0.747746 0.401712 0.750544 0.404104 0.744299 0.403993 0.751282 0.404019 0.744315 0.404104 0.744299 0.401712 0.750544 0.877686 0.73067 0.869908 0.707536 0.908312 0.954026 0.877686 0.73067 0.865932 0.718053 0.869908 0.707536 0.844328 0.739292 0.846503 0.738283 0.846503 0.749527 0.921096 0.959308 0.908312 0.954026 0.939088 0.956272 0.921096 0.959308 0.916955 0.961121 0.908312 0.954026 0.877686 0.73067 0.908312 0.954026 0.916955 0.961121 0.973362 0.739276 0.939088 0.956272 0.956047 0.713855 0.97073 0.750206 0.939088 0.956272 0.973362 0.739276 0.970174 0.76248 0.939088 0.956272 0.97073 0.750206 0.925087 0.961417 0.921096 0.959308 0.939088 0.956272 0.942748 0.733042 0.925087 0.961417 0.939088 0.956272 0.970174 0.76248 0.942748 0.733042 0.939088 0.956272 0.914563 0.684827 0.917907 0.686018 0.90458 0.713739 0.911595 0.683064 0.914563 0.684827 0.90458 0.713739 0.90458 0.678121 0.911595 0.683064 0.90458 0.713739 0.902646 0.770167 0.896561 0.766119 0.902646 0.731874 0.407594 0.744299 0.407471 0.751266 0.407194 0.747728 0.409813 0.745076 0.407471 0.751266 0.407594 0.744299 0.22878 0.783288 0.224755 0.785779 0.224755 0.776075 0.217416 0.786029 0.217416 0.776075 0.2192 0.777728 0.409813 0.745076 0.409813 0.750614 0.407471 0.751266 0.232298 0.785291 0.230131 0.784379 0.232298 0.776075 0.102608 0.654226 0.09984999 0.644806 0.102608 0.635552 0.429 0.748019 0.42756 0.746795 0.431026 0.744299 0.980128 0.936792 0.977995 0.950569 0.977995 0.935447 0.437239 0.74844 0.43661 0.744299 0.439599 0.745415 0.429 0.748019 0.431026 0.744299 0.431026 0.749773 0.437239 0.74844 0.43661 0.749307 0.43661 0.744299 0.969928 0.82952 0.969928 0.80824 0.971164 0.818812 0.465811 0.750798 0.466617 0.748872 0.466617 0.752538 0.108327 0.635552 0.108327 0.653641 0.106509 0.653029 0.85947 0.739186 0.857624 0.747151 0.857624 0.738283 0.425196 0.752323 0.423151 0.752511 0.423151 0.749872 0.472077 0.748321 0.470741 0.744299 0.474389 0.744299 0.488512 0.746805 0.490704 0.744299 0.489787 0.748591 0.490704 0.748334 0.489787 0.748591 0.490704 0.744299 0.239564 0.961176 0.239564 0.976419 0.236753 0.968848 0.472077 0.748321 0.474389 0.744299 0.4739 0.746764 0.981017 0.929131 0.978654 0.915705 0.981017 0.914468 0.236513 0.785126 0.236513 0.776075 0.238896 0.784211 0.412176 0.751223 0.412252 0.744299 0.412586 0.747701 0.409813 0.750534 0.412252 0.744299 0.412176 0.751223 0.409813 0.745054 0.412252 0.744299 0.409813 0.750534 0.97785 0.612315 0.977871 0.758901 0.979231 0.635036 0.970174 0.76248 0.97073 0.750206 0.977871 0.758901 0.844328 0.74842 0.842134 0.749534 0.842134 0.738283 0.97785 0.612315 0.970174 0.76248 0.977871 0.758901 0.935501 0.769281 0.922661 0.759851 0.935501 0.731874 0.975737 0.616297 0.979231 0.635036 0.961905 0.66048 0.975737 0.616297 0.97785 0.612315 0.979231 0.635036 0.973801 0.767708 0.973801 0.738767 0.986072 0.748926 0.541809 0.920271 0.541809 0.890505 0.569053 0.913052 0.946233 0.643659 0.961905 0.66048 0.935207 0.675864 0.946233 0.643659 0.975737 0.616297 0.961905 0.66048 0.863828 0.715224 0.847581 0.696874 0.863828 0.678121 0.671498 0.732467 0.673183 0.734128 0.650382 0.743875 0.935501 0.763666 0.944917 0.731874 0.944917 0.769424 0.878979 0.942436 0.88298 0.943737 0.873448 0.951615 0.877489 0.939213 0.878979 0.942436 0.873448 0.951615 0.689821 0.718212 0.673183 0.734128 0.671498 0.732467 0.937751 0.743062 0.915482 0.747452 0.915482 0.699901 0.649791 0.74166 0.650382 0.743875 0.602984 0.74419 0.883947 0.719291 0.897328 0.699901 0.897328 0.749439 0.671498 0.732467 0.650382 0.743875 0.649791 0.74166 0.09104597 0.94754 0.06344795 0.953434 0.065481 0.907091 0.603579 0.741968 0.602984 0.74419 0.561948 0.720687 0.09261196 0.917818 0.09104597 0.94754 0.065481 0.907091 0.649791 0.74166 0.602984 0.74419 0.603579 0.741968 0.924492 0.906372 0.928499 0.906806 0.924477 0.952461 0.563567 0.719053 0.561948 0.720687 0.538267 0.679664 0.945734 0.907322 0.947862 0.896922 0.947862 0.944648 0.947616 0.680361 0.950108 0.678121 0.939049 0.713023 0.943201 0.680233 0.947616 0.680361 0.939049 0.713023 0.9344 0.678121 0.943201 0.680233 0.939049 0.713023 0.908116 0.736031 0.915425 0.739637 0.902646 0.769588 0.905239 0.734275 0.908116 0.736031 0.902646 0.769588 0.902646 0.731874 0.905239 0.734275 0.902646 0.769588 0.09104597 0.94754 0.09261196 0.977855 0.06344795 0.953434 0.603579 0.741968 0.561948 0.720687 0.563567 0.719053 0.560897 0.962525 0.568297 0.9357 0.563551 0.968191 0.540499 0.63269 0.538267 0.679664 0.538288 0.632111 0.924492 0.906372 0.924477 0.897495 0.928499 0.906806 0.540478 0.679053 0.563567 0.719053 0.538267 0.679664 0.540499 0.63269 0.540478 0.679053 0.538267 0.679664 0.541809 0.920271 0.569053 0.913052 0.568297 0.9357 0.549528 0.610855 0.538288 0.632111 0.547862 0.609175 0.555889 0.958644 0.541809 0.920271 0.568297 0.9357 0.559791 0.960434 0.555889 0.958644 0.568297 0.9357 0.560897 0.962525 0.559791 0.960434 0.568297 0.9357 0.549528 0.610855 0.540499 0.63269 0.538288 0.632111 0.563623 0.592385 0.549528 0.610855 0.547862 0.609175 0.921244 0.707283 0.917907 0.706169 0.930708 0.678121 0.91673 0.67102 0.935207 0.675864 0.904458 0.678121 0.924155 0.708978 0.921244 0.707283 0.930708 0.678121 0.930708 0.713763 0.924155 0.708978 0.930708 0.678121 0.555889 0.958644 0.547378 0.954494 0.541809 0.920271 0.91673 0.67102 0.946233 0.643659 0.935207 0.675864 0.417497 0.751147 0.417615 0.744299 0.417907 0.747804 0.415225 0.750282 0.417615 0.744299 0.417497 0.751147 0.853745 0.611848 0.904458 0.678121 0.896287 0.670381 0.832675 0.74 0.836742 0.738283 0.836742 0.74951 0.912589 0.672833 0.91673 0.67102 0.904458 0.678121 0.908597 0.670724 0.912589 0.672833 0.904458 0.678121 0.881171 0.641286 0.908597 0.670724 0.904458 0.678121 0.853745 0.611848 0.881171 0.641286 0.904458 0.678121 0.206022 0.786382 0.206022 0.776075 0.20777 0.777795 0.415225 0.750282 0.415225 0.744849 0.417615 0.744299 0.258272 0.977559 0.256725 0.960562 0.259298 0.968381 0.257199 0.977375 0.254406 0.96085 0.256725 0.960562 0.258272 0.977559 0.257199 0.977375 0.256725 0.960562 0.258272 0.977559 0.259298 0.968381 0.259209 0.977755 0.46762 0.747951 0.467882 0.748872 0.463583 0.748872 0.492035 0.748506 0.493758 0.752569 0.490704 0.752569 0.466761 0.745473 0.463583 0.748872 0.466262 0.744299 0.467882 0.745088 0.468519 0.744299 0.468519 0.749015 0.467286 0.746915 0.463583 0.748872 0.466761 0.745473 0.46762 0.747951 0.463583 0.748872 0.467286 0.746915 0.664947 0.971336 0.664947 0.950198 0.666102 0.9608 0.455932 0.74711 0.456769 0.744299 0.456769 0.749259 0.102608 0.635552 0.104787 0.653563 0.102608 0.654244 0.217416 0.776075 0.217416 0.786059 0.215229 0.776831 0.42756 0.749773 0.429844 0.750144 0.42756 0.752595 0.486385 0.746278 0.482807 0.748583 0.482807 0.744299 0.488512 0.746011 0.486385 0.748636 0.487237 0.744299 0.486385 0.744607 0.487237 0.744299 0.486385 0.748636 0.09735095 0.635552 0.09822696 0.654225 0.09500598 0.645095 0.434991 0.752486 0.434991 0.7495 0.43585 0.751247 0.09735095 0.635552 0.09984999 0.653355 0.09822696 0.654225 0.854471 0.738283 0.854471 0.747187 0.852242 0.739347 0.412951 0.744299 0.412908 0.751168 0.412586 0.747814 0.415225 0.744888 0.412908 0.751168 0.412951 0.744299 0.415225 0.750313 0.412908 0.751168 0.415225 0.744888 0.84758 0.625405 0.88517 0.672203 0.861021 0.653119 0.896287 0.670381 0.88517 0.672203 0.84758 0.625405 0.842134 0.748465 0.84005 0.749549 0.84005 0.738283 0.846069 0.762013 0.84758 0.625405 0.841721 0.748914 0.853745 0.611848 0.896287 0.670381 0.84758 0.625405 0.846069 0.762013 0.853745 0.611848 0.84758 0.625405 0.890882 0.685259 0.894228 0.686433 0.881143 0.714258 0.848182 0.758031 0.841721 0.748914 0.855128 0.721243 0.887938 0.683454 0.890882 0.685259 0.881143 0.714258 0.881143 0.678121 0.887938 0.683454 0.881143 0.714258 0.253816 0.696494 0.261126 0.699953 0.253816 0.725146 0.848182 0.758031 0.846069 0.762013 0.841721 0.748914 0.406809 0.751259 0.40684 0.744299 0.407194 0.747827 0.406725 0.751242 0.40684 0.744299 0.406809 0.751259 0.848182 0.758031 0.855128 0.721243 0.865932 0.718053 0.836742 0.739753 0.84005 0.738283 0.84005 0.749547 0.41959 0.744299 0.41959 0.750462 0.417907 0.748557 0.404397 0.750501 0.404397 0.745002 0.40684 0.744299 0.19631 0.779922 0.19765 0.776075 0.19765 0.786674 0.406641 0.751224 0.404397 0.750501 0.40684 0.744299 0.406725 0.751242 0.406641 0.751224 0.40684 0.744299 0.117339 0.67506 0.117424 0.675058 0.117424 0.683695 0.09283 0.634927 0.09481698 0.644374 0.09283 0.653853 0.490954 0.74842 0.490704 0.748506 0.490704 0.744299 0.846677 0.977089 0.846943 0.96238 0.846943 0.97709 0.459118 0.745334 0.460954 0.749004 0.45759 0.749004 0.455932 0.745428 0.454214 0.749306 0.454214 0.744299 0.459118 0.745334 0.459487 0.744299 0.460954 0.749004 0.491202 0.748326 0.490704 0.744299 0.493152 0.747244 0.490954 0.74842 0.490704 0.744299 0.491202 0.748326 0.848594 0.738309 0.846532 0.748943 0.84651 0.743618 0.456769 0.747043 0.45759 0.744299 0.45759 0.749195 0.848594 0.738309 0.848597 0.748834 0.846532 0.748943 0.877686 0.73067 0.848182 0.758031 0.865932 0.718053 0.539221 0.744627 0.54182 0.74419 0.54182 0.752611 0.538844 0.747911 0.539221 0.744627 0.54182 0.752611 0.538267 0.75199 0.538844 0.747911 0.54182 0.752611 0.223752 0.785815 0.221132 0.785588 0.221132 0.776075 0.224755 0.779209 0.223752 0.785815 0.221132 0.776075 0.204537 0.786392 0.202175 0.786392 0.203124 0.776075 0.212599 0.783824 0.215229 0.776075 0.215229 0.786156 0.375962 0.752437 0.370492 0.752437 0.368527 0.748366 0.437202 0.930508 0.433333 0.930624 0.433333 0.890386 0.437202 0.930508 0.433333 0.890386 0.437202 0.894252 0.373996 0.748366 0.368527 0.748366 0.370486 0.744299 0.375962 0.752437 0.368527 0.748366 0.373996 0.748366 0.312194 0.967042 0.308319 0.970902 0.308319 0.930668 0.373996 0.748366 0.370486 0.744299 0.375956 0.744299 0.312194 0.93079 0.308319 0.930668 0.308319 0.890435 0.312194 0.967042 0.308319 0.930668 0.312194 0.93079 0.375962 0.744299 0.381605 0.744299 0.383683 0.748306 0.312194 0.93079 0.308319 0.890435 0.312194 0.894538 0.378039 0.748306 0.383683 0.748306 0.381828 0.752415 0.378039 0.748306 0.375962 0.744299 0.383683 0.748306 0.236753 0.884584 0.240848 0.8807 0.240848 0.920938 0.378039 0.748306 0.381828 0.752415 0.376185 0.752415 0.236753 0.92084 0.240848 0.920938 0.240848 0.961176 0.236753 0.884584 0.240848 0.920938 0.236753 0.92084 0.360785 0.744299 0.366566 0.744299 0.368527 0.748372 0.236753 0.92084 0.240848 0.961176 0.236753 0.957095 0.362746 0.748372 0.368527 0.748372 0.366562 0.752437 0.360785 0.744299 0.368527 0.748372 0.362746 0.748372 0.967809 0.695366 0.971899 0.69128 0.971899 0.731514 0.362746 0.748372 0.366562 0.752437 0.360781 0.752437 0.967809 0.731618 0.971899 0.731514 0.971899 0.771748 0.967809 0.695366 0.971899 0.731514 0.967809 0.731618 0.391173 0.752415 0.385536 0.752415 0.383683 0.7483 0.967809 0.731618 0.971899 0.771748 0.967809 0.767869 0.38932 0.7483 0.383683 0.7483 0.385761 0.744299 0.391173 0.752415 0.383683 0.7483 0.38932 0.7483 0.437202 0.966763 0.433333 0.970862 0.433333 0.930624 0.38932 0.7483 0.385761 0.744299 0.391398 0.744299 0.437202 0.966763 0.433333 0.930624 0.437202 0.930508 0.476092 0.744299 0.476092 0.748885 0.474389 0.746982 0.432127 0.747331 0.432019 0.74539 0.434104 0.744299 0.266999 0.977991 0.27855 0.976186 0.278428 0.979363 0.820872 0.749589 0.821556 0.738283 0.823489 0.738486 0.431894 0.749516 0.432127 0.747331 0.434104 0.744299 0.434104 0.749547 0.431894 0.749516 0.434104 0.744299 0.434104 0.7495 0.434104 0.744299 0.43661 0.74524 0.404019 0.744315 0.401712 0.750544 0.403935 0.744332 0.401712 0.745024 0.403935 0.744332 0.401712 0.750544 0.266999 0.966158 0.278428 0.964691 0.27855 0.967995 0.820872 0.749848 0.815344 0.749162 0.819346 0.738326 0.817421 0.738283 0.819346 0.738326 0.815344 0.749162 0.434104 0.7495 0.43661 0.74524 0.436321 0.747144 0.266999 0.966158 0.27855 0.967995 0.278594 0.972114 0.267097 0.972126 0.278594 0.972114 0.27855 0.976186 0.267097 0.972126 0.266999 0.966158 0.278594 0.972114 0.266999 0.977991 0.267097 0.972126 0.27855 0.976186 0.820872 0.749589 0.823489 0.738486 0.825609 0.739065 0.236513 0.785149 0.234592 0.777167 0.236513 0.776075 0.745188 0.738508 0.755738 0.738283 0.751751 0.74546 0.820872 0.749589 0.825609 0.739065 0.826382 0.749589 0.846412 0.977071 0.844505 0.96221 0.846857 0.962383 0.93163 0.958171 0.930831 0.949996 0.93163 0.940997 0.110184 0.653572 0.108327 0.65269 0.110184 0.635552 0.846412 0.977071 0.844294 0.976135 0.844505 0.96221 0.846677 0.977089 0.846857 0.962383 0.846943 0.96238 0.846677 0.977089 0.846412 0.977071 0.846857 0.962383 0.745188 0.738508 0.751751 0.74546 0.745188 0.750431 0.724022 0.751279 0.724706 0.738283 0.724706 0.750206 0.812694 0.738933 0.815344 0.744363 0.812694 0.750076 0.854471 0.746824 0.855251 0.738283 0.855251 0.747233 0.724022 0.751279 0.723944 0.738353 0.724706 0.738283 0.431026 0.744355 0.431894 0.744299 0.431894 0.749869 0.815344 0.738796 0.817421 0.738283 0.815344 0.749162 0.778268 0.738283 0.788627 0.749872 0.778268 0.75023 0.724706 0.751244 0.725481 0.739311 0.725576 0.751258 0.07783401 0.921834 0.08045196 0.927302 0.07783401 0.933018 0.078498 0.921386 0.08045196 0.927302 0.07783401 0.921834 0.812694 0.738933 0.813711 0.738283 0.815344 0.744363 0.395883 0.751262 0.397099 0.744299 0.397099 0.752319 0.434104 0.7495 0.436321 0.747144 0.436565 0.74927 0.784713 0.742901 0.788627 0.749872 0.778268 0.738283 0.158688 0.974125 0.158688 0.957626 0.15946 0.96561 0.975804 0.935447 0.977995 0.93659 0.975804 0.952829 0.315161 0.639601 0.315161 0.631145 0.317201 0.638806 0.724706 0.738283 0.725481 0.739311 0.724706 0.751244 0.256718 0.78445 0.257616 0.786447 0.256329 0.786447 0.722167 0.738555 0.721292 0.751619 0.721292 0.738283 0.847018 0.970683 0.847317 0.965559 0.860517 0.967463 0.199925 0.786591 0.2021459 0.776225 0.202011 0.781356 0.199925 0.776075 0.2021459 0.776225 0.199925 0.786591 0.722167 0.738555 0.722092 0.75164 0.721292 0.751619 0.85925 0.971981 0.860517 0.967463 0.867393 0.975176 0.85925 0.971981 0.847018 0.970683 0.860517 0.967463 0.484272 0.748736 0.484482 0.748896 0.486229 0.752573 0.486108 0.750557 0.486229 0.752573 0.484482 0.748896 0.862797 0.975321 0.867393 0.975176 0.860978 0.983307 0.320817 0.76771 0.320205 0.767149 0.320817 0.75681 0.847913 0.986035 0.847317 0.980939 0.860978 0.983307 0.859451 0.978876 0.860978 0.983307 0.847317 0.980939 0.721207 0.738283 0.720376 0.751641 0.720376 0.738294 0.859451 0.978876 0.862797 0.975321 0.860978 0.983307 0.862797 0.975321 0.85925 0.971981 0.867393 0.975176 0.855904 0.975537 0.847018 0.975816 0.847018 0.970683 0.199925 0.786591 0.202011 0.781356 0.202175 0.786486 0.85925 0.971981 0.855904 0.975537 0.847018 0.970683 0.859451 0.978876 0.847317 0.980939 0.847018 0.975816 0.19765 0.786591 0.199897 0.776232 0.199762 0.781362 0.859451 0.978876 0.847018 0.975816 0.855904 0.975537 0.19765 0.776075 0.199897 0.776232 0.19765 0.786591 0.19765 0.786591 0.199762 0.781362 0.199925 0.786491 0.721292 0.751376 0.720376 0.751641 0.721207 0.738283 0.422414 0.749872 0.423151 0.752027 0.422414 0.752632 0.670892 0.841856 0.670892 0.819441 0.674262 0.818637 0.897073 0.928525 0.897073 0.951164 0.893474 0.951761 0.897073 0.928525 0.893474 0.951761 0.893474 0.929122 0.918152 0.951677 0.918127 0.928682 0.921661 0.928525 0.674262 0.841053 0.670892 0.841856 0.674262 0.818637 0.886478 0.951344 0.886478 0.928525 0.889976 0.928972 0.918152 0.951677 0.921661 0.928525 0.921686 0.95152 0.886478 0.951344 0.889976 0.928972 0.889976 0.951792 0.973508 0.823664 0.973508 0.808361 0.973763 0.808292 0.725576 0.751094 0.725576 0.738283 0.7279 0.738287 0.973508 0.823664 0.973763 0.808292 0.975753 0.823042 0.848597 0.747223 0.848597 0.738283 0.850917 0.739395 0.461318 0.746802 0.461066 0.744834 0.463583 0.744299 0.790065 0.749489 0.788627 0.738443 0.796791 0.738283 0.790065 0.749489 0.796791 0.738283 0.798726 0.738719 0.460954 0.748641 0.461318 0.746802 0.463583 0.744299 0.463583 0.749032 0.460954 0.748641 0.463583 0.744299 0.422414 0.749872 0.422414 0.744299 0.424946 0.745008 0.736283 0.739445 0.73514 0.750743 0.728515 0.74987 0.735714 0.750744 0.73514 0.750743 0.736283 0.739445 0.116594 0.775633 0.116594 0.771347 0.116699 0.771916 0.422414 0.749872 0.424946 0.745008 0.424949 0.749414 0.7279 0.738283 0.736283 0.739445 0.728515 0.74987 0.790065 0.749489 0.798726 0.738719 0.80033 0.73969 0.393532 0.752549 0.391398 0.745883 0.393532 0.744299 0.175691 0.786701 0.176077 0.776075 0.181547 0.780091 0.790065 0.749489 0.80033 0.73969 0.80033 0.750055 0.669102 0.967108 0.668271 0.959103 0.669102 0.950198 0.255678 0.977171 0.254406 0.977068 0.254406 0.96085 0.257199 0.977375 0.255678 0.977171 0.254406 0.96085 0.175691 0.786701 0.181547 0.780091 0.185131 0.786701 0.204631 0.786455 0.2053689 0.776075 0.2053689 0.785516 0.208759 0.776569 0.210099 0.776075 0.210099 0.786355 0.2092429 0.786149 0.208759 0.776569 0.210099 0.786355 0.204631 0.786455 0.204537 0.776255 0.2053689 0.776075 0.318057 0.639504 0.317201 0.639608 0.317201 0.631145 0.736283 0.750713 0.735714 0.750744 0.736283 0.739445 0.831108 0.738346 0.829504 0.749626 0.829504 0.738359 0.43661 0.750911 0.436636 0.749307 0.437496 0.749342 0.542992 0.745314 0.541821 0.752624 0.541821 0.74419 0.2053689 0.786437 0.2053689 0.776075 0.206022 0.78598 0.116594 0.775633 0.116699 0.771916 0.116771 0.772481 0.116898 0.77297 0.116771 0.774605 0.116771 0.771347 0.831108 0.738346 0.831112 0.749343 0.829504 0.749626 0.873321 0.977981 0.870797 0.981824 0.867393 0.973233 0.432675 0.752623 0.432675 0.749547 0.433463 0.749668 0.88633 0.986028 0.872031 0.982492 0.870797 0.981824 0.432675 0.752623 0.433463 0.749668 0.43334 0.751065 0.873321 0.977981 0.88633 0.986028 0.870797 0.981824 0.117433 0.771347 0.116812 0.770816 0.117433 0.761612 0.872336 0.973198 0.867393 0.973233 0.874281 0.967096 0.872336 0.973198 0.873321 0.977981 0.867393 0.973233 0.723047 0.75161 0.723047 0.738283 0.723863 0.738305 0.88752 0.965559 0.88752 0.975829 0.874281 0.967096 0.877108 0.972216 0.874281 0.967096 0.88752 0.975829 0.877108 0.972216 0.872336 0.973198 0.874281 0.967096 0.723944 0.751389 0.723047 0.75161 0.723863 0.738305 0.43661 0.750911 0.437496 0.749342 0.436636 0.752478 0.437496 0.752397 0.436636 0.752478 0.437496 0.749342 0.88633 0.986028 0.873361 0.982935 0.872031 0.982492 0.432675 0.752623 0.43334 0.751065 0.433463 0.752462 0.722167 0.751396 0.723047 0.738283 0.723047 0.751616 0.722243 0.738305 0.723047 0.738283 0.722167 0.751396 0.878093 0.976998 0.88752 0.975829 0.88633 0.986028 0.668271 0.950198 0.666153 0.970949 0.666724 0.960696 0.878093 0.976998 0.88633 0.986028 0.873321 0.977981 0.668271 0.971215 0.666153 0.970949 0.668271 0.950198 0.668271 0.950198 0.666724 0.960696 0.666102 0.950445 0.878093 0.976998 0.877108 0.972216 0.88752 0.975829 0.425933 0.752485 0.425196 0.75043 0.425933 0.749872 0.90427 0.951744 0.90427 0.929329 0.907639 0.928525 0.900671 0.928525 0.900671 0.951164 0.897073 0.951761 0.900671 0.928525 0.897073 0.951761 0.897073 0.929122 0.911034 0.951677 0.911009 0.928682 0.914543 0.928525 0.907639 0.950941 0.90427 0.951744 0.907639 0.928525 0.889976 0.951344 0.889976 0.928525 0.893474 0.928972 0.911034 0.951677 0.914543 0.928525 0.914568 0.95152 0.889976 0.951344 0.893474 0.928972 0.893474 0.951791 0.421992 0.750082 0.421992 0.752432 0.420774 0.750152 0.232298 0.776075 0.234592 0.783979 0.232298 0.785172 0.767829 0.738283 0.767829 0.750823 0.767059 0.749877 0.759687 0.74537 0.755738 0.738283 0.766189 0.750415 0.766189 0.73888 0.766189 0.750415 0.755738 0.738283 0.767829 0.738283 0.767059 0.749877 0.766966 0.738342 0.09735095 0.635552 0.09984999 0.636175 0.09984999 0.653355 0.977401 0.922295 0.976778 0.931231 0.976778 0.914468 0.832675 0.738283 0.832675 0.748751 0.831112 0.749343 0.831108 0.738346 0.832675 0.738283 0.831112 0.749343 0.397099 0.751983 0.397099 0.744299 0.399426 0.74532 0.427323 0.748689 0.427427 0.749258 0.424948 0.749825 0.745188 0.738283 0.744448 0.74986 0.737432 0.750625 0.745188 0.738283 0.737432 0.750625 0.736853 0.750618 0.427253 0.748122 0.427323 0.748689 0.424948 0.749825 0.42756 0.74488 0.427253 0.748122 0.424948 0.749825 0.424948 0.744299 0.42756 0.74488 0.424948 0.749825 0.478255 0.7487 0.478309 0.744343 0.48067 0.744299 0.80033 0.74852 0.81175 0.741795 0.811831 0.749966 0.480447 0.746212 0.478255 0.7487 0.48067 0.744299 0.800671 0.738283 0.811687 0.73987 0.81175 0.741795 0.80033 0.74852 0.800671 0.738283 0.81175 0.741795 0.745188 0.738283 0.736853 0.750618 0.736283 0.750578 0.116898 0.771347 0.117027 0.772962 0.116898 0.774578 0.829504 0.738408 0.829504 0.749675 0.827909 0.749367 0.745188 0.738283 0.736283 0.750578 0.736283 0.73931 0.827913 0.73837 0.827909 0.749367 0.826382 0.748751 0.827913 0.73837 0.829504 0.738408 0.827909 0.749367 0.855251 0.738283 0.857624 0.745916 0.855251 0.747151 0.778268 0.749474 0.767829 0.750255 0.771774 0.743303 0.827913 0.73837 0.826382 0.748751 0.826382 0.738283 0.766966 0.750871 0.766189 0.744709 0.766966 0.738283 0.110184 0.635552 0.112664 0.636568 0.110184 0.653444 0.778268 0.749474 0.771774 0.743303 0.778268 0.738283 0.812694 0.738283 0.811831 0.75038 0.811926 0.73919 0.434991 0.749595 0.434104 0.751033 0.43413 0.7495 0.812694 0.738283 0.812694 0.750452 0.811831 0.75038 0.434991 0.749595 0.43413 0.752625 0.434104 0.751033 0.434991 0.752605 0.43413 0.752625 0.434991 0.749595 0.852242 0.746329 0.850917 0.738283 0.851771 0.738396 0.850917 0.747247 0.850917 0.738283 0.852242 0.746329 0.431894 0.752625 0.432553 0.751072 0.432675 0.75247 0.907688 0.975739 0.890931 0.969726 0.892167 0.969062 0.229501 0.785762 0.229501 0.776075 0.230131 0.776562 0.89346 0.973566 0.88752 0.978293 0.890931 0.969726 0.89346 0.973566 0.890931 0.969726 0.907688 0.975739 0.431894 0.752625 0.432675 0.749674 0.432553 0.751072 0.907688 0.975739 0.892167 0.969062 0.8935 0.968622 0.431894 0.752625 0.431894 0.749547 0.432675 0.749674 0.324455 0.904084 0.324455 0.917437 0.323664 0.917447 0.906496 0.965559 0.907688 0.975739 0.8935 0.968622 0.323589 0.904347 0.324455 0.904084 0.323664 0.917447 0.897255 0.979325 0.894422 0.984429 0.88752 0.978293 0.208759 0.786415 0.20777 0.785761 0.208059 0.77653 0.892473 0.978336 0.88752 0.978293 0.89346 0.973566 0.892473 0.978336 0.897255 0.979325 0.88752 0.978293 0.897255 0.979325 0.907688 0.985987 0.894422 0.984429 0.720376 0.738532 0.719457 0.75164 0.719457 0.738283 0.720291 0.751642 0.719457 0.75164 0.720376 0.738532 0.208759 0.776075 0.208759 0.786415 0.208059 0.77653 0.897255 0.979325 0.907688 0.975739 0.907688 0.985987 0.976778 0.914468 0.974593 0.935248 0.975163 0.925016 0.976778 0.935447 0.974593 0.935248 0.976778 0.914468 0.976778 0.914468 0.975163 0.925016 0.974538 0.914786 0.898242 0.974555 0.89346 0.973566 0.907688 0.975739 0.897255 0.979325 0.898242 0.974555 0.907688 0.975739 0.257829 0.784028 0.258548 0.786174 0.257829 0.786724 0.907639 0.951744 0.907639 0.929329 0.911009 0.928525 0.90427 0.928525 0.90427 0.951164 0.900671 0.951761 0.90427 0.928525 0.900671 0.951761 0.900671 0.929122 0.914593 0.951677 0.914568 0.928682 0.918102 0.928525 0.911009 0.950941 0.907639 0.951744 0.911009 0.928525 0.88298 0.951344 0.88298 0.928525 0.886478 0.928972 0.914593 0.951677 0.918102 0.928525 0.918127 0.95152 0.88298 0.951344 0.886478 0.928972 0.886478 0.951792 0.472077 0.748321 0.4739 0.746764 0.472637 0.748841 0.399426 0.744299 0.401712 0.750773 0.399426 0.751601 0.2192 0.785873 0.219292 0.776075 0.220033 0.776993 0.188796 0.779883 0.194183 0.776075 0.185131 0.786355 0.194195 0.786708 0.185131 0.786355 0.194183 0.776075 0.2192 0.785873 0.220033 0.776993 0.220033 0.786063 0.717083 0.738283 0.719457 0.739241 0.717083 0.752013 0.15946 0.965556 0.1602939 0.957626 0.1602939 0.972679 0.480447 0.746212 0.48067 0.74785 0.478255 0.7487 0.800671 0.738283 0.811223 0.738283 0.811687 0.73987 0.21183 0.776356 0.212599 0.776075 0.212599 0.786318 0.266999 0.302046 0.321522 0.238436 0.321522 0.247469 0.321522 0.30575 0.266999 0.302046 0.321522 0.247469 0.09404599 0.364597 0.04101598 0.375001 0.04101598 0.316721 0.26917 0.153109 0.263093 0.072932 0.307348 0.383443 0.311255 0.153632 0.26917 0.153109 0.307348 0.383443 0.904578 0.239557 0.848654 0.319709 0.848654 0.186239 0.266999 0.302046 0.266999 0.234732 0.321522 0.238436 0.773653 0.346015 0.781891 0.400011 0.828722 0.398829 0.820484 0.344833 0.773653 0.346015 0.828722 0.398829 0.716766 0.345603 0.725005 0.399599 0.781891 0.400011 0.773653 0.346015 0.716766 0.345603 0.781891 0.400011 0.671553 0.343752 0.679792 0.397748 0.725005 0.399599 0.716766 0.345603 0.671553 0.343752 0.725005 0.399599 0.04492199 0.083817 0.04492199 0.07462096 0.09926897 0.07683497 0.04492199 0.143146 0.04492199 0.083817 0.09926897 0.07683497 0.09926897 0.145361 0.04492199 0.143146 0.09926897 0.07683497 0.662927 0.295394 0.669588 0.362527 0.662927 0.368866 0.270359 0.283123 0.316298 0.153632 0.316298 0.212962 0.263093 0.208943 0.316298 0.153632 0.270359 0.283123 0.950681 0.04882794 0.950681 0.182323 0.895462 0.129021 0.289442 0.373074 0.259186 0.383443 0.266999 0.372996 0.311018 0.373235 0.259186 0.383443 0.289442 0.373074 0.309931 0.33031 0.259186 0.383443 0.311018 0.373235 0.04492199 0.2116039 0.04492199 0.143146 0.09926897 0.145361 0.270359 0.283123 0.316298 0.212962 0.316298 0.281419 0.685279 0.09964895 0.671553 0.343752 0.716766 0.345603 0.06798499 0.211948 0.04492199 0.2116039 0.09926897 0.145361 0.09111797 0.213143 0.06798499 0.211948 0.09926897 0.145361 0.125261 0.217508 0.09111797 0.213143 0.09926897 0.145361 0.731003 0.100542 0.716766 0.345603 0.773653 0.346015 0.731003 0.100542 0.685279 0.09964895 0.716766 0.345603 0.777324 0.100317 0.773653 0.346015 0.820484 0.344833 0.777324 0.100317 0.731003 0.100542 0.773653 0.346015 0.275204 0.370441 0.266999 0.302046 0.321522 0.30575 0.811829 0.09903299 0.777324 0.100317 0.820484 0.344833 0.298432 0.372456 0.321522 0.30575 0.321522 0.372996 0.09404599 0.364597 0.03320294 0.319201 0.04101598 0.375001 0.298432 0.372456 0.275204 0.370441 0.321522 0.30575 0.101912 0.04086095 0.118402 0.05668997 0.145075 0.06412297 0.09404599 0.364597 0.07900297 0.316138 0.03320294 0.319201 0.101912 0.04086095 0.145075 0.06412297 0.117449 0.386312 0.231792 0.399908 0.23355 0.398131 0.247685 0.41634 0.231792 0.399908 0.192425 0.374625 0.23355 0.398131 0.2380509 0.295124 0.247685 0.41634 0.249437 0.316098 0.2380509 0.295124 0.231792 0.399908 0.247685 0.41634 0.247034 0.316761 0.249437 0.316098 0.249437 0.363649 0.247034 0.316761 0.2380509 0.295124 0.249437 0.316098 0.247034 0.363021 0.249437 0.363649 0.229644 0.04171895 0.247034 0.363021 0.247034 0.316761 0.249437 0.363649 0.227885 0.03996598 0.229644 0.04171895 0.188597 0.065786 0.227885 0.03996598 0.247034 0.363021 0.229644 0.04171895 0.141844 0.063708 0.188597 0.065786 0.1412 0.066123 0.1879529 0.06338095 0.227885 0.03996598 0.188597 0.065786 0.141844 0.063708 0.1879529 0.06338095 0.188597 0.065786 0.1202149 0.05484896 0.1412 0.066123 0.118402 0.05668997 0.1202149 0.05484896 0.141844 0.063708 0.1412 0.066123 0.101912 0.04086095 0.1202149 0.05484896 0.118402 0.05668997 0.09404599 0.364597 0.119634 0.431352 0.07900297 0.316138 0.119483 0.384219 0.117449 0.386312 0.11747 0.338838 0.119872 0.385727 0.101912 0.04086095 0.117449 0.386312 0.119483 0.384219 0.119872 0.385727 0.117449 0.386312 0.111439 0.360118 0.157647 0.321359 0.155413 0.366839 0.119872 0.339467 0.11747 0.338838 0.104059 0.39905 0.1213729 0.416712 0.111439 0.360118 0.155413 0.366839 0.119872 0.339467 0.119483 0.384219 0.11747 0.338838 0.111429 0.282561 0.155413 0.274848 0.157647 0.321359 0.105818 0.400803 0.104059 0.39905 0.145107 0.374983 0.1214269 0.321632 0.111429 0.282561 0.157647 0.321359 0.111439 0.360118 0.1214269 0.321632 0.157647 0.321359 0.105818 0.400803 0.119872 0.339467 0.104059 0.39905 0.1213549 0.266898 0.1493239 0.2398149 0.155413 0.274848 0.190353 0.376681 0.145107 0.374983 0.192425 0.374625 0.111429 0.282561 0.1213549 0.266898 0.155413 0.274848 0.14575 0.377388 0.145107 0.374983 0.190353 0.376681 0.14575 0.377388 0.105818 0.400803 0.145107 0.374983 0.191859 0.377061 0.190353 0.376681 0.192425 0.374625 0.231792 0.399908 0.191859 0.377061 0.192425 0.374625 0.161739 0.267798 0.238013 0.2398149 0.211842 0.275072 0.903348 0.04890996 0.950681 0.04882794 0.895462 0.129021 0.865589 0.04928898 0.903348 0.04890996 0.895462 0.129021 0.161739 0.267798 0.211842 0.275072 0.204365 0.313619 0.16324 0.313494 0.204365 0.313619 0.211834 0.352671 0.16324 0.313494 0.161739 0.267798 0.204365 0.313619 0.161739 0.359839 0.211834 0.352671 0.237999 0.38971 0.161739 0.359839 0.16324 0.313494 0.211834 0.352671 0.157647 0.394372 0.161739 0.359839 0.237999 0.38971 0.317474 0.362414 0.31707 0.317973 0.317474 0.316474 0.941762 0.350819 0.941011 0.351067 0.941011 0.319765 0.929644 0.406407 0.930387 0.40626 0.920747 0.32783 0.929644 0.406407 0.927824 0.373962 0.930387 0.40626 0.834514 0.325061 0.835251 0.325061 0.834731 0.348115 0.920012 0.327778 0.929644 0.406407 0.920747 0.32783 0.316839 0.236887 0.316299 0.215125 0.317586 0.237 0.974958 0.325047 0.974958 0.279171 0.978349 0.301844 0.316839 0.236887 0.317586 0.237 0.317043 0.270482 0.266132 0.318032 0.266809 0.317832 0.265724 0.362309 0.316839 0.236887 0.317043 0.270482 0.316299 0.27022 0.265052 0.362311 0.265724 0.362309 0.265724 0.407372 0.266132 0.318032 0.265724 0.362309 0.265052 0.362311 0.265052 0.407173 0.265724 0.407372 0.258996 0.317899 0.265052 0.362311 0.265724 0.407372 0.265052 0.407173 0.952148 0.342252 0.952722 0.342009 0.952722 0.364068 0.265052 0.407173 0.258996 0.317899 0.25832 0.317551 0.955405 0.182323 0.958646 0.205506 0.972983 0.179486 0.494508 0.357126 0.495087 0.357175 0.494992 0.401762 0.938101 0.361765 0.92501 0.09221595 0.924429 0.09223896 0.494412 0.401514 0.494992 0.401762 0.495087 0.4031 0.494412 0.401514 0.494508 0.357126 0.494992 0.401762 0.952148 0.343447 0.951303 0.341998 0.951692 0.297246 0.253021 0.298032 0.252404 0.298251 0.262389 0.377053 0.952148 0.297392 0.952148 0.343447 0.951692 0.297246 0.262996 0.377031 0.262389 0.377053 0.260216 0.331806 0.262996 0.377031 0.253021 0.298032 0.262389 0.377053 0.260833 0.331986 0.262996 0.377031 0.260216 0.331806 0.229628 0.318079 0.2297739 0.31809 0.2297739 0.362478 0.262456 0.098845 0.262771 0.14371 0.262625 0.143716 0.262456 0.098845 0.262771 0.09878295 0.262771 0.14371 0.649336 0.356738 0.649016 0.356858 0.651561 0.325158 0.229459 0.318067 0.229628 0.318079 0.2297739 0.362478 0.229459 0.362409 0.229459 0.318067 0.2297739 0.362478 0.651878 0.325071 0.651561 0.325158 0.656828 0.404177 0.651878 0.325071 0.649336 0.356738 0.651561 0.325158 0.26308 0.1898 0.262757 0.189796 0.262031 0.1447049 0.970354 0.29541 0.96744 0.321568 0.96744 0.275468 0.26308 0.1898 0.262031 0.209707 0.262757 0.189796 0.26073 0.04903596 0.260375 0.04906898 0.256468 0.379854 0.262355 0.144756 0.26308 0.1898 0.262031 0.1447049 0.834159 0.308429 0.834514 0.308408 0.832929 0.352835 0.975763 0.273131 0.974533 0.278383 0.974533 0.232376 0.834159 0.308429 0.840388 0.401894 0.834514 0.308408 0.834159 0.308429 0.832929 0.352835 0.832755 0.352823 0.494412 0.401863 0.492649 0.357139 0.492822 0.357126 0.834159 0.308429 0.832755 0.352823 0.832576 0.35281 0.494412 0.401863 0.492469 0.357151 0.492649 0.357139 0.7964 0.211892 0.796816 0.210336 0.836529 0.233058 0.494057 0.401842 0.492469 0.357151 0.494412 0.401863 0.835396 0.234203 0.836529 0.233058 0.859457 0.272738 0.7964 0.211892 0.836529 0.233058 0.835396 0.234203 0.262456 0.098845 0.262625 0.143716 0.262456 0.143725 0.712379 0.358496 0.711246 0.359641 0.688318 0.319961 0.751375 0.380807 0.750959 0.382363 0.711246 0.359641 0.751375 0.380807 0.711246 0.359641 0.712379 0.358496 0.689866 0.274358 0.688318 0.319961 0.688318 0.273954 0.689865 0.319533 0.712379 0.358496 0.688318 0.319961 0.689866 0.274358 0.689865 0.319533 0.688318 0.319961 0.699928 0.250937 0.688318 0.273954 0.698757 0.2497889 0.699928 0.250937 0.689866 0.274358 0.688318 0.273954 0.712379 0.235076 0.698757 0.2497889 0.711246 0.233948 0.712379 0.235076 0.699928 0.250937 0.698757 0.2497889 0.712379 0.235076 0.711246 0.233948 0.750959 0.210662 0.751373 0.212212 0.750959 0.210662 0.756191 0.209388 0.712379 0.235076 0.750959 0.210662 0.751373 0.212212 0.757537 0.21075 0.756191 0.209388 0.796816 0.210336 0.751373 0.212212 0.756191 0.209388 0.757537 0.21075 0.7964 0.211892 0.757537 0.21075 0.796816 0.210336 0.124714 0.242226 0.125054 0.242283 0.125238 0.275725 0.124898 0.275633 0.124714 0.242226 0.125238 0.275725 0.312819 0.29872 0.313159 0.298717 0.313703 0.343576 0.968563 0.248849 0.971509 0.228919 0.971509 0.274998 0.124714 0.242226 0.125238 0.217508 0.125054 0.242283 0.321174 0.377524 0.321516 0.377475 0.313159 0.298717 0.312819 0.29872 0.321174 0.377524 0.313159 0.298717 0.494057 0.401842 0.494412 0.401863 0.484656 0.312097 0.483424 0.355779 0.484603 0.314927 0.484603 0.361062 0.321174 0.377524 0.321304 0.372996 0.321516 0.377475 0.859323 0.312146 0.859457 0.272738 0.86069 0.313487 0.85791 0.273166 0.859457 0.272738 0.859323 0.312146 0.835396 0.234203 0.859457 0.272738 0.85791 0.273166 0.857909 0.318341 0.86069 0.313487 0.859457 0.318745 0.859323 0.312146 0.86069 0.313487 0.857909 0.318341 0.835396 0.357623 0.859457 0.318745 0.836529 0.358751 0.857909 0.318341 0.859457 0.318745 0.835396 0.357623 0.835396 0.357623 0.836529 0.358751 0.820827 0.371393 0.819675 0.370227 0.820827 0.371393 0.796816 0.382037 0.835396 0.357623 0.820827 0.371393 0.819675 0.370227 0.796402 0.380487 0.796816 0.382037 0.750959 0.382363 0.819675 0.370227 0.796816 0.382037 0.796402 0.380487 0.796402 0.380487 0.750959 0.382363 0.751375 0.380807 0.256791 0.397298 0.257149 0.397298 0.252404 0.319027 0.837116 0.185193 0.838253 0.186332 0.798413 0.209388 0.252226 0.319049 0.256791 0.397298 0.252404 0.319027 0.654995 0.417239 0.652025 0.461493 0.651847 0.461469 0.8597 0.14598 0.861252 0.146398 0.838253 0.186332 0.837116 0.185193 0.8597 0.14598 0.838253 0.186332 0.27744 0.343721 0.277795 0.343757 0.274727 0.377767 0.752822 0.207831 0.798413 0.209388 0.752407 0.209388 0.274369 0.377767 0.27744 0.343721 0.274727 0.377767 0.797996 0.207832 0.837116 0.185193 0.798413 0.209388 0.752822 0.207831 0.797996 0.207832 0.798413 0.209388 0.968531 0.348573 0.971422 0.368547 0.968531 0.394652 0.711894 0.217245 0.734829 0.228919 0.710738 0.218421 0.512317 0.428431 0.512317 0.383568 0.512666 0.42839 0.711894 0.217245 0.735244 0.227362 0.734829 0.228919 0.257421 0.394062 0.25777 0.394058 0.262109 0.05086594 0.713699 0.185193 0.728316 0.19889 0.712562 0.186332 0.690262 0.325818 0.706035 0.338338 0.704879 0.339515 0.257239 0.34977 0.257589 0.349813 0.25777 0.394058 0.713699 0.185193 0.712562 0.186332 0.689555 0.146398 0.274999 0.105 0.274817 0.06070798 0.275348 0.104996 0.970354 0.275468 0.971573 0.316215 0.970354 0.321476 0.667671 0.286607 0.666118 0.287023 0.66488 0.281762 0.257239 0.34977 0.258203 0.317899 0.257589 0.349813 0.713699 0.185193 0.689555 0.146398 0.691108 0.145982 0.121001 0.361486 0.121329 0.361419 0.119634 0.391719 0.689689 0.139784 0.688318 0.141137 0.689551 0.100287 0.667671 0.286607 0.66488 0.281762 0.666252 0.280409 0.119789 0.316732 0.119963 0.316721 0.121329 0.361419 0.685244 0.255002 0.683691 0.254584 0.70669 0.21465 0.119634 0.316741 0.119789 0.316732 0.121329 0.361419 0.121001 0.361486 0.119634 0.316741 0.121329 0.361419 0.661806 0.395627 0.666252 0.280409 0.660254 0.395209 0.229129 0.318067 0.229459 0.362536 0.229285 0.362529 0.229129 0.318067 0.229459 0.318127 0.229459 0.362536 0.707827 0.215789 0.70669 0.21465 0.756296 0.449407 0.685244 0.255002 0.70669 0.21465 0.707827 0.215789 0.25452 0.421583 0.254676 0.466045 0.25452 0.466038 0.965165 0.396086 0.965797 0.39607 0.957985 0.317789 0.156825 0.397032 0.157456 0.39726 0.149569 0.318669 0.148938 0.318639 0.156825 0.397032 0.149569 0.318669 0.258487 0.320754 0.25919 0.321095 0.258095 0.352962 0.953395 0.118554 0.956647 0.09605997 0.956647 0.142273 0.917705 0.353992 0.917705 0.331622 0.918333 0.353764 0.257387 0.352764 0.258095 0.352962 0.258095 0.397254 0.257387 0.352764 0.258487 0.320754 0.258095 0.352962 0.257387 0.397254 0.258095 0.397254 0.251377 0.319056 0.257387 0.397254 0.257387 0.352764 0.258095 0.397254 0.925717 0.361765 0.926485 0.361974 0.925233 0.396135 0.250674 0.319257 0.257387 0.397254 0.251377 0.319056 0.252226 0.319049 0.25205 0.319073 0.256791 0.397298 0.971123 0.256006 0.974533 0.232376 0.974533 0.278454 0.924459 0.396078 0.925717 0.361765 0.925233 0.396135 0.912813 0.104051 0.924459 0.396078 0.925233 0.396135 0.629605 0.313723 0.626811 0.358 0.626635 0.357977 0.629962 0.313724 0.626811 0.358 0.629605 0.313723 0.623292 0.358095 0.622535 0.358 0.625686 0.313724 0.267514 0.329814 0.268277 0.35242 0.267514 0.352447 0.976749 0.409977 0.97557 0.40475 0.976749 0.364132 0.791796 0.03743195 0.75239 0.03729695 0.793146 0.03605794 0.495099 0.19473 0.495099 0.229212 0.494742 0.1947489 0.756713 0.450963 0.707827 0.215789 0.756296 0.449407 0.791796 0.03743195 0.752807 0.038854 0.75239 0.03729695 0.260285 0.149379 0.259931 0.149421 0.25946 0.1447049 0.797981 0.038854 0.793146 0.03605794 0.798396 0.03729695 0.797981 0.038854 0.791796 0.03743195 0.793146 0.03605794 0.262031 0.194442 0.261675 0.194438 0.259931 0.149421 0.831244 0.21579 0.802302 0.449407 0.832381 0.21465 0.260285 0.149379 0.262031 0.194442 0.259931 0.149421 0.837104 0.06149297 0.797981 0.038854 0.798396 0.03729695 0.974061 0.232376 0.971122 0.206197 0.974061 0.186239 0.837104 0.06149297 0.838241 0.06035298 0.850771 0.07614195 0.262031 0.194442 0.25946 0.238468 0.261675 0.194438 0.08532696 0.188287 0.08497101 0.188261 0.08532696 0.164129 0.814441 0.14566 0.815615 0.144501 0.826091 0.168646 0.849597 0.07730096 0.837104 0.06149297 0.850771 0.07614195 0.629962 0.313724 0.629605 0.313723 0.634269 0.40421 0.859695 0.100703 0.861248 0.100287 0.861252 0.146398 0.634624 0.404177 0.629962 0.313724 0.634269 0.40421 0.859695 0.100703 0.849597 0.07730096 0.861248 0.100287 0.8597 0.14598 0.859695 0.100703 0.861252 0.146398 0.626457 0.313621 0.625686 0.313724 0.630347 0.404177 0.626457 0.313621 0.623292 0.358095 0.625686 0.313724 0.30012 0.406575 0.299389 0.406331 0.303663 0.362437 0.121322 0.233907 0.120786 0.235947 0.120786 0.189682 0.149716 0.318669 0.149716 0.349762 0.148938 0.318838 0.304413 0.362485 0.303663 0.362437 0.303663 0.31734 0.304413 0.362485 0.30012 0.406575 0.303663 0.362437 0.304413 0.317186 0.303663 0.31734 0.299389 0.283123 0.304413 0.317186 0.304413 0.362485 0.303663 0.31734 0.950421 0.353843 0.949531 0.398057 0.949531 0.351945 0.156825 0.397032 0.15675 0.395227 0.157456 0.39726 0.511771 0.148607 0.486674 0.18823 0.509804 0.148078 0.4702 0.203633 0.468717 0.202141 0.486674 0.18823 0.511771 0.148607 0.488114 0.189673 0.486674 0.18823 0.4702 0.203633 0.486674 0.18823 0.488114 0.189673 0.511999 0.147736 0.509804 0.148078 0.510325 0.146034 0.511999 0.147736 0.511771 0.148607 0.509804 0.148078 0.511771 0.101185 0.510325 0.146034 0.509804 0.101713 0.511771 0.101185 0.511999 0.147736 0.510325 0.146034 0.511771 0.101185 0.509804 0.101713 0.486674 0.06155699 0.488114 0.06011396 0.486674 0.06155699 0.446612 0.03836899 0.488114 0.06011396 0.511771 0.101185 0.486674 0.06155699 0.447139 0.03639799 0.446612 0.03836899 0.402392 0.03784298 0.488114 0.06011396 0.446612 0.03836899 0.447139 0.03639799 0.400694 0.03616499 0.402392 0.03784298 0.400353 0.03836494 0.447139 0.03639799 0.402392 0.03784298 0.400694 0.03616499 0.400694 0.03616499 0.400353 0.03836494 0.36029 0.061544 0.34492 0.07805401 0.36029 0.061544 0.346409 0.07953995 0.35885 0.06009995 0.36029 0.061544 0.34492 0.07805401 0.399826 0.03639298 0.36029 0.061544 0.35885 0.06009995 0.399826 0.03639298 0.400694 0.03616499 0.36029 0.061544 0.335193 0.101167 0.346409 0.07953995 0.33716 0.101696 0.335193 0.101167 0.34492 0.07805401 0.346409 0.07953995 0.335193 0.148589 0.33716 0.101696 0.33716 0.148061 0.335193 0.148589 0.335193 0.101167 0.33716 0.101696 0.335193 0.148589 0.33716 0.148061 0.36029 0.188217 0.35885 0.18966 0.36029 0.188217 0.400353 0.211404 0.35885 0.18966 0.335193 0.148589 0.36029 0.188217 0.399826 0.213376 0.400353 0.211404 0.446612 0.211409 0.399826 0.213376 0.35885 0.18966 0.400353 0.211404 0.447139 0.21338 0.446612 0.211409 0.468717 0.202141 0.399826 0.213376 0.446612 0.211409 0.447139 0.21338 0.447139 0.21338 0.468717 0.202141 0.4702 0.203633 0.508251 0.360168 0.507702 0.360103 0.510939 0.314615 0.950681 0.04882794 0.953583 0.07367795 0.950681 0.09605997 0.494421 0.148617 0.494421 0.1022289 0.494972 0.148576 0.511505 0.314452 0.510939 0.314615 0.510938 0.313842 0.511505 0.314452 0.508251 0.360168 0.510939 0.314615 0.511505 0.314452 0.510938 0.313842 0.515515 0.404177 0.666433 0.332309 0.666986 0.332495 0.666433 0.356033 0.124714 0.32333 0.12516 0.32348 0.12516 0.370793 0.124714 0.37088 0.124714 0.32333 0.12516 0.370793 0.96826 0.186239 0.971122 0.2086549 0.96826 0.233444 0.486796 0.324915 0.487275 0.324964 0.486796 0.347683 0.235301 0.231752 0.2357749 0.231872 0.2356449 0.279293 0.235301 0.231752 0.25919 0.190544 0.2357749 0.231872 0.23517 0.279411 0.2356449 0.279293 0.25919 0.320429 0.23517 0.279411 0.235301 0.231752 0.2356449 0.279293 0.08756995 0.13845 0.08805 0.138466 0.08805 0.184556 0.258833 0.320754 0.23517 0.279411 0.25919 0.320429 0.08756995 0.184771 0.08756995 0.13845 0.08805 0.184556 0.971009 0.410137 0.970541 0.410164 0.958472 0.36439 0.971009 0.410137 0.958472 0.36439 0.958879 0.364132 0.125151 0.322954 0.124931 0.27659 0.125151 0.275725 0.494864 0.1022289 0.494421 0.102139 0.494864 0.05569595 0.971009 0.410137 0.950659 0.332958 0.970541 0.410164 0.262975 0.286325 0.262439 0.28631 0.260217 0.240032 0.260741 0.2398149 0.262975 0.286325 0.260217 0.240032 0.260741 0.331806 0.260217 0.331563 0.262439 0.28631 0.266952 0.190544 0.266952 0.238204 0.266539 0.190662 0.262975 0.286325 0.260741 0.331806 0.262439 0.28631 0.923926 0.374113 0.925974 0.373962 0.920012 0.2971 0.956647 0.09605997 0.958699 0.09613597 0.958699 0.142037 0.956647 0.141961 0.956647 0.09605997 0.958699 0.142037 0.917964 0.29725 0.920012 0.2971 0.918161 0.331471 0.917964 0.29725 0.923926 0.374113 0.920012 0.2971 0.122645 0.217508 0.124714 0.217531 0.123599 0.26325 0.916113 0.331622 0.917964 0.29725 0.918161 0.331471 0.121529 0.263227 0.123599 0.26325 0.123599 0.309572 0.121529 0.263227 0.122645 0.217508 0.123599 0.26325 0.121529 0.309549 0.123599 0.309572 0.124714 0.344083 0.121529 0.309549 0.121529 0.263227 0.123599 0.309572 0.48141 0.315038 0.483424 0.314927 0.483424 0.361315 0.122645 0.34406 0.121529 0.309549 0.124714 0.344083 0.489287 0.360777 0.487288 0.3605 0.490542 0.314784 0.48141 0.315038 0.483424 0.361315 0.48141 0.361426 0.49254 0.315061 0.490542 0.314784 0.495101 0.404177 0.49254 0.315061 0.489287 0.360777 0.490542 0.314784 0.117117 0.344804 0.115081 0.344722 0.119493 0.299401 0.497099 0.404454 0.49254 0.315061 0.495101 0.404177 0.121529 0.299483 0.119493 0.299401 0.119493 0.252837 0.121529 0.299483 0.117117 0.344804 0.119493 0.299401 0.121529 0.252919 0.119493 0.252837 0.115081 0.217508 0.121529 0.252919 0.121529 0.299483 0.119493 0.252837 0.117117 0.21759 0.121529 0.252919 0.115081 0.217508 0.171784 0.374153 0.171728 0.374625 0.126033 0.362146 0.224592 0.317084 0.225035 0.317143 0.212518 0.362747 0.967993 0.303572 0.970874 0.279171 0.970874 0.326658 0.258938 0.2331939 0.259397 0.210165 0.259397 0.233317 0.1260139 0.361557 0.126033 0.362146 0.1375049 0.349833 0.1260139 0.361557 0.171784 0.374153 0.126033 0.362146 0.137957 0.349592 0.1375049 0.349833 0.125261 0.303772 0.137957 0.349592 0.1260139 0.361557 0.1375049 0.349833 0.125774 0.303762 0.125261 0.303772 0.1375049 0.257791 0.125774 0.303762 0.137957 0.349592 0.125261 0.303772 0.137957 0.258011 0.1375049 0.257791 0.126033 0.202727 0.137957 0.258011 0.125774 0.303762 0.1375049 0.257791 0.1260139 0.2032909 0.126033 0.202727 0.171728 0.190544 0.1260139 0.2032909 0.137957 0.258011 0.126033 0.202727 0.120786 0.23597 0.121302 0.235947 0.121302 0.282169 0.317586 0.270482 0.317586 0.316474 0.31707 0.316455 0.256963 0.320907 0.257357 0.320754 0.257357 0.368306 0.96337 0.371581 0.966282 0.348573 0.966282 0.39607 0.31707 0.385342 0.317585 0.362415 0.317585 0.385552 0.250133 0.319497 0.250575 0.319257 0.250014 0.364986 0.256963 0.368221 0.256963 0.320907 0.257357 0.368306 0.249575 0.364998 0.250014 0.364986 0.254481 0.04802298 0.249575 0.364998 0.250133 0.319497 0.250014 0.364986 0.2203299 0.394542 0.220712 0.394372 0.225035 0.317143 0.25404 0.04780298 0.249575 0.364998 0.254481 0.04802298 0.224592 0.317084 0.2203299 0.394542 0.225035 0.317143 0.331114 0.228442 0.345618 0.210416 0.33145 0.228777 0.38655 0.186239 0.386932 0.186614 0.345618 0.210416 0.331114 0.228442 0.345293 0.2100909 0.345618 0.210416 0.38655 0.186239 0.345618 0.210416 0.345293 0.2100909 0.321522 0.251366 0.33145 0.228777 0.321965 0.251485 0.321522 0.251366 0.331114 0.228442 0.33145 0.228777 0.321526 0.299026 0.321965 0.251485 0.32197 0.298907 0.321526 0.299026 0.321522 0.251366 0.321965 0.251485 0.321526 0.299026 0.32197 0.298907 0.345631 0.339976 0.345306 0.340302 0.345631 0.339976 0.386609 0.363687 0.345306 0.340302 0.321526 0.299026 0.345631 0.339976 0.38649 0.364132 0.386609 0.363687 0.433922 0.363687 0.38649 0.364132 0.345306 0.340302 0.386609 0.363687 0.434041 0.364132 0.433922 0.363687 0.456578 0.354178 0.38649 0.364132 0.433922 0.363687 0.434041 0.364132 0.456912 0.354515 0.456578 0.354178 0.474895 0.339976 0.434041 0.364132 0.456578 0.354178 0.456912 0.354515 0.499012 0.298947 0.474895 0.339976 0.498638 0.298565 0.47522 0.340302 0.474895 0.339976 0.499012 0.298947 0.456912 0.354515 0.474895 0.339976 0.47522 0.340302 0.498986 0.251366 0.498638 0.298565 0.498543 0.251485 0.498986 0.251366 0.499012 0.298947 0.498638 0.298565 0.498986 0.251366 0.498543 0.251485 0.474882 0.210416 0.475206 0.2100909 0.474882 0.210416 0.433904 0.1867049 0.475206 0.2100909 0.498986 0.251366 0.474882 0.210416 0.434023 0.18626 0.433904 0.1867049 0.386932 0.186614 0.475206 0.2100909 0.433904 0.1867049 0.434023 0.18626 0.434023 0.18626 0.386932 0.186614 0.38655 0.186239 0.665435 0.357099 0.668394 0.356882 0.669741 0.379908 0.248978 0.319073 0.251943 0.319183 0.251943 0.365154 0.248978 0.365044 0.248978 0.319073 0.251943 0.365154 0.666783 0.380125 0.669741 0.379908 0.670245 0.403066 0.666783 0.380125 0.665435 0.357099 0.669741 0.379908 0.266535 0.225947 0.263594 0.225829 0.25919 0.190544 0.26213 0.190662 0.266535 0.225947 0.25919 0.190544 0.266539 0.27251 0.263598 0.272392 0.263594 0.225829 0.266535 0.225947 0.266539 0.27251 0.263594 0.225829 0.477746 0.314994 0.474859 0.314594 0.479418 0.404058 0.474492 0.360781 0.471606 0.360381 0.474859 0.314594 0.477746 0.314994 0.474492 0.360781 0.474859 0.314594 0.26213 0.317832 0.25919 0.317714 0.263598 0.272392 0.482305 0.404458 0.477746 0.314994 0.479418 0.404058 0.266539 0.27251 0.26213 0.317832 0.263598 0.272392 0.964922 0.252383 0.967831 0.252223 0.968563 0.275307 0.964922 0.252383 0.968563 0.275307 0.965654 0.275468 0.965654 0.229079 0.968563 0.228919 0.967831 0.252223 0.965654 0.229079 0.967831 0.252223 0.964922 0.252383 0.255283 0.05021494 0.258273 0.05024796 0.259388 0.08476001 0.255283 0.05021494 0.259388 0.08476001 0.256399 0.08472698 0.667286 0.403284 0.670245 0.403066 0.660581 0.314391 0.667286 0.403284 0.666783 0.380125 0.670245 0.403066 0.252493 0.321456 0.255482 0.321489 0.254366 0.367208 0.657623 0.314608 0.667286 0.403284 0.660581 0.314391 0.251377 0.367175 0.254366 0.367208 0.258273 0.05024796 0.252493 0.321456 0.254366 0.367208 0.251377 0.367175 0.251377 0.367175 0.258273 0.05024796 0.255283 0.05021494 0.526293 0.336982 0.522732 0.34058 0.499012 0.299488 0.526293 0.336982 0.540981 0.354632 0.522732 0.34058 0.503166 0.295286 0.499012 0.299488 0.499033 0.252015 0.503909 0.298266 0.526293 0.336982 0.499012 0.299488 0.503166 0.295286 0.503909 0.298266 0.499012 0.299488 0.503892 0.25331 0.499033 0.252015 0.522732 0.210664 0.503892 0.25331 0.503166 0.295286 0.499033 0.252015 0.526293 0.214212 0.522732 0.210664 0.563779 0.186596 0.526293 0.214212 0.503892 0.25331 0.522732 0.210664 0.606939 0.190437 0.563779 0.186596 0.611098 0.186239 0.565105 0.191462 0.526293 0.214212 0.563779 0.186596 0.606939 0.190437 0.565105 0.191462 0.563779 0.186596 0.648662 0.213343 0.611098 0.186239 0.652223 0.209745 0.609913 0.19116 0.606939 0.190437 0.611098 0.186239 0.648662 0.213343 0.609913 0.19116 0.611098 0.186239 0.666358 0.227954 0.648662 0.213343 0.652223 0.209745 0.526293 0.336982 0.54469 0.350921 0.540981 0.354632 0.563779 0.364065 0.540981 0.354632 0.54469 0.350921 0.321337 0.324198 0.318931 0.34607 0.310079 0.367386 0.563779 0.364065 0.54469 0.350921 0.565042 0.359165 0.321337 0.324198 0.32178 0.324297 0.318931 0.34607 0.113504 0.363851 0.113183 0.363922 0.113183 0.319201 0.321337 0.324198 0.310079 0.367386 0.309803 0.367207 0.06764698 0.362791 0.06729698 0.363144 0.065171 0.360928 0.06764698 0.362791 0.106144 0.385162 0.06729698 0.363144 0.882257 0.319789 0.881971 0.363073 0.881971 0.319765 0.06764698 0.362791 0.065171 0.360928 0.04492795 0.324148 0.04541999 0.324009 0.04492795 0.324148 0.04492199 0.279087 0.04541999 0.324009 0.06764698 0.362791 0.04492795 0.324148 0.04541999 0.279209 0.04492199 0.279087 0.06728297 0.24005 0.04541999 0.279209 0.04541999 0.324009 0.04492199 0.279087 0.06764698 0.2403939 0.06728297 0.24005 0.103069 0.2183589 0.06764698 0.2403939 0.04541999 0.279209 0.06728297 0.24005 0.106144 0.217966 0.103069 0.2183589 0.106009 0.217508 0.106144 0.217966 0.06764698 0.2403939 0.103069 0.2183589 0.881453 0.319945 0.881971 0.319765 0.881971 0.363105 0.666358 0.227954 0.662686 0.231701 0.648662 0.213343 0.494421 0.194957 0.494737 0.1948969 0.494737 0.217998 0.230175 0.316306 0.22986 0.360753 0.22986 0.316236 0.675922 0.250758 0.662686 0.231701 0.666358 0.227954 0.671046 0.252059 0.662686 0.231701 0.675922 0.250758 0.980239 0.232376 0.983395 0.255147 0.980239 0.276927 0.910308 0.393369 0.896636 0.102004 0.909967 0.393374 0.675922 0.29831 0.671046 0.252059 0.675922 0.250758 0.675922 0.29831 0.671063 0.297015 0.671046 0.252059 0.148415 0.315604 0.148938 0.315757 0.14697 0.348251 0.148415 0.315604 0.1547819 0.395227 0.148938 0.315757 0.652223 0.339661 0.648662 0.336113 0.671063 0.297015 0.258731 0.318159 0.259173 0.317899 0.258642 0.361133 0.675922 0.29831 0.652223 0.339661 0.671063 0.297015 0.952148 0.341943 0.952547 0.297246 0.952547 0.342009 0.611176 0.363728 0.60985 0.358863 0.648662 0.336113 0.258203 0.361144 0.258642 0.361133 0.263079 0.04164195 0.652223 0.339661 0.611176 0.363728 0.648662 0.336113 0.258203 0.361144 0.258731 0.318159 0.258642 0.361133 0.611176 0.363728 0.565042 0.359165 0.60985 0.358863 0.321337 0.324198 0.318008 0.404058 0.32178 0.324297 0.262637 0.04140198 0.258203 0.361144 0.263079 0.04164195 0.321337 0.324198 0.317615 0.40421 0.318008 0.404058 0.611176 0.363728 0.563779 0.364065 0.565042 0.359165 0.27056 0.357979 0.268784 0.357733 0.271842 0.31476 0.880284 0.319765 0.88057 0.363357 0.880284 0.363369 0.876012 0.319864 0.877803 0.319765 0.877803 0.363369 0.876012 0.363468 0.876012 0.319864 0.877803 0.363369 0.273619 0.315006 0.271842 0.31476 0.276597 0.406172 0.273619 0.315006 0.27056 0.357979 0.271842 0.31476 0.932362 0.348573 0.930552 0.3485 0.9347 0.305899 0.278373 0.406419 0.273619 0.315006 0.276597 0.406172 0.93651 0.305971 0.9347 0.305899 0.9347 0.262129 0.93651 0.305971 0.932362 0.348573 0.9347 0.305899 0.93651 0.262202 0.9347 0.262129 0.930552 0.228919 0.93651 0.262202 0.93651 0.305971 0.9347 0.262129 0.884421 0.362924 0.884081 0.36291 0.884421 0.319765 0.882257 0.319765 0.884081 0.319832 0.884081 0.362979 0.932362 0.228992 0.93651 0.262202 0.930552 0.228919 0.653268 0.404311 0.655088 0.404177 0.649016 0.324543 0.882257 0.319765 0.884081 0.362979 0.882257 0.362911 0.647195 0.324677 0.649016 0.324543 0.647276 0.356853 0.647195 0.324677 0.653268 0.404311 0.649016 0.324543 0.318792 0.372996 0.320631 0.373016 0.319583 0.415992 0.645455 0.356987 0.647195 0.324677 0.647276 0.356853 0.317743 0.415972 0.319583 0.415992 0.31177 0.336487 0.317743 0.415972 0.318792 0.372996 0.319583 0.415992 0.309931 0.336467 0.31177 0.336487 0.312819 0.368928 0.309931 0.336467 0.317743 0.415972 0.31177 0.336487 0.310979 0.368908 0.309931 0.336467 0.312819 0.368928 0.880844 0.319773 0.881149 0.319765 0.881149 0.363213 0.832575 0.321967 0.832108 0.32204 0.828327 0.401894 0.881149 0.36311 0.881453 0.319765 0.881453 0.363126 0.276597 0.367121 0.27712 0.322224 0.277077 0.367024 0.299389 0.283354 0.27712 0.322224 0.299151 0.283123 0.276656 0.322064 0.299151 0.283123 0.27712 0.322224 0.276597 0.367121 0.276656 0.322064 0.27712 0.322224 0.287566 0.391933 0.277077 0.367024 0.299389 0.405847 0.287566 0.391933 0.276597 0.367121 0.277077 0.367024 0.875531 0.319765 0.876012 0.319781 0.876012 0.363323 0.299033 0.406173 0.287566 0.391933 0.299389 0.405847 0.97763 0.275468 0.978082 0.275595 0.978082 0.320293 0.875531 0.363559 0.875531 0.319765 0.876012 0.363323 0.25528 0.311593 0.25584 0.311719 0.257853 0.355277 0.975767 0.284181 0.97763 0.275468 0.978082 0.320293 0.25528 0.311593 0.265666 0.406648 0.25584 0.311719 0.884421 0.319765 0.884768 0.319787 0.884421 0.362868 0.25528 0.311593 0.257853 0.355277 0.257508 0.355316 0.922289 0.336468 0.920012 0.372631 0.920012 0.32783 0.230166 0.316236 0.22986 0.316144 0.237978 0.394372 0.267514 0.310524 0.265101 0.353731 0.266951 0.31066 0.272913 0.406648 0.267514 0.310524 0.266951 0.31066 0.08623695 0.131163 0.08571296 0.130903 0.08765 0.088144 0.08623695 0.131163 0.08538496 0.13845 0.08571296 0.130903 0.08818596 0.08815699 0.08765 0.088144 0.08147895 0.407714 0.08818596 0.08815699 0.08623695 0.131163 0.08765 0.088144 0.820932 0.365389 0.820514 0.365209 0.832108 0.32204 0.97482 0.359755 0.971798 0.377778 0.971798 0.332958 0.258938 0.210165 0.258938 0.235938 0.2584 0.210366 0.832575 0.321967 0.820932 0.365389 0.832108 0.32204 0.670394 0.370338 0.670703 0.415181 0.670394 0.415256 0.335193 0.322716 0.335416 0.322657 0.357885 0.361613 0.335193 0.277678 0.335415 0.277739 0.335416 0.322657 0.335193 0.277678 0.335416 0.322657 0.335193 0.322716 0.357721 0.361774 0.357885 0.361613 0.388381 0.381434 0.357721 0.361774 0.335193 0.322716 0.357885 0.361613 0.370875 0.401239 0.370803 0.400965 0.379293 0.403732 0.370875 0.401239 0.340143 0.381305 0.370803 0.400965 0.396811 0.384423 0.396871 0.384201 0.441908 0.384305 0.396811 0.384423 0.388453 0.381708 0.396871 0.384201 0.459041 0.378012 0.441908 0.384305 0.45898 0.377785 0.441968 0.384527 0.441908 0.384305 0.459041 0.378012 0.396811 0.384423 0.441908 0.384305 0.441968 0.384527 0.481077 0.362055 0.45898 0.377785 0.480915 0.361892 0.481077 0.362055 0.459041 0.378012 0.45898 0.377785 0.503648 0.323041 0.480915 0.361892 0.503426 0.32298 0.503648 0.323041 0.481077 0.362055 0.480915 0.361892 0.256472 0.363344 0.256791 0.363252 0.256791 0.40817 0.503648 0.323041 0.503426 0.32298 0.503426 0.278062 0.503648 0.278003 0.503426 0.278062 0.480957 0.2391059 0.503648 0.278003 0.503648 0.323041 0.503426 0.278062 0.48112 0.238945 0.480957 0.2391059 0.44197 0.216518 0.48112 0.238945 0.503648 0.278003 0.480957 0.2391059 0.418593 0.356921 0.418533 0.357143 0.391561 0.354232 0.48112 0.238945 0.44197 0.216518 0.44203 0.216296 0.39736 0.232912 0.397421 0.233139 0.379355 0.2359459 0.44203 0.216296 0.414999 0.213607 0.414938 0.21338 0.357764 0.238663 0.396933 0.216414 0.357927 0.238826 0.396873 0.216192 0.396933 0.216414 0.357764 0.238663 0.379295 0.235723 0.39736 0.232912 0.379355 0.2359459 0.351874 0.24516 0.357927 0.238826 0.351948 0.245434 0.357764 0.238663 0.357927 0.238826 0.351874 0.24516 0.335193 0.277678 0.351948 0.245434 0.335415 0.277739 0.335193 0.277678 0.351874 0.24516 0.351948 0.245434 0.266962 0.408156 0.266809 0.40811 0.266962 0.363022 0.121054 0.125441 0.121327 0.125575 0.121054 0.169489 0.266809 0.363022 0.266809 0.317832 0.266964 0.362984 0.124624 0.380722 0.124406 0.380713 0.124624 0.344083 0.880744 0.319775 0.880844 0.363165 0.88057 0.319765 0.88057 0.363305 0.88057 0.319765 0.880844 0.363165 0.957353 0.318133 0.96337 0.404664 0.965165 0.39607 0.312819 0.380114 0.313052 0.343576 0.313052 0.380123 0.23517 0.365888 0.235408 0.365877 0.2376469 0.374356 0.979117 0.231268 0.979117 0.186239 0.980723 0.194902 0.873582 0.319765 0.873823 0.319774 0.873582 0.363683 0.23517 0.365888 0.2376469 0.320754 0.235408 0.365877 0.969064 0.332958 0.971798 0.360084 0.969064 0.378175 0.234859 0.327655 0.235081 0.327549 0.248634 0.351187 0.117148 0.353887 0.12496 0.43168 0.117384 0.353835 0.238013 0.405664 0.2382619 0.405656 0.235081 0.327549 0.234859 0.327655 0.238013 0.405664 0.235081 0.327549 0.335028 0.101357 0.335028 0.1273159 0.334759 0.101429 0.317441 0.171875 0.317173 0.171875 0.316299 0.153632 0.962775 0.09605997 0.962775 0.141264 0.960131 0.123156 0.14697 0.31579 0.135055 0.359297 0.146736 0.315763 0.17236 0.419306 0.160637 0.462932 0.160446 0.462812 0.14697 0.31579 0.146736 0.315763 0.142868 0.395313 0.08980399 0.04333996 0.08996498 0.04338097 0.08980399 0.08846896 0.17236 0.419306 0.160446 0.375781 0.160588 0.375696 0.238013 0.405664 0.256446 0.36434 0.2382619 0.405656 0.24988 0.066123 0.24988 0.10988 0.249728 0.066127 0.316566 0.215125 0.316299 0.215031 0.317173 0.171875 0.317441 0.171875 0.316566 0.215125 0.317173 0.171875 0.257112 0.379854 0.261018 0.048693 0.256824 0.380005 0.09261196 0.319699 0.10264 0.319201 0.103357 0.363105 0.24988 0.10988 0.24988 0.153493 0.249728 0.153486 0.86188 0.319765 0.871914 0.320137 0.871914 0.363743 0.86188 0.363371 0.86188 0.319765 0.871914 0.363743 0.937066 0.240425 0.947766 0.228919 0.946692 0.260178 0.09261196 0.379695 0.09261196 0.319699 0.103357 0.363105 0.939499 0.297523 0.946692 0.260178 0.946692 0.303623 0.939499 0.297523 0.937066 0.240425 0.946692 0.260178 0.939565 0.303766 0.946692 0.303623 0.947766 0.347615 0.939565 0.303766 0.939499 0.297523 0.946692 0.303623 0.517861 0.299424 0.537903 0.404177 0.527078 0.314526 0.106346 0.319262 0.113183 0.357112 0.103357 0.319201 0.103357 0.377599 0.103357 0.319201 0.113183 0.357112 0.960131 0.09605997 0.960131 0.141629 0.958699 0.10214 0.495038 0.09975296 0.494864 0.09976398 0.494864 0.05569595 0.517861 0.299424 0.527078 0.314526 0.530091 0.358491 0.619444 0.357885 0.609674 0.356531 0.612765 0.313101 0.517861 0.299424 0.530091 0.358491 0.520303 0.359706 0.622535 0.314455 0.612765 0.313101 0.617487 0.404177 0.622535 0.314455 0.619444 0.357885 0.612765 0.313101 0.920267 0.362339 0.910314 0.361938 0.914506 0.318884 0.627256 0.405532 0.622535 0.314455 0.617487 0.404177 0.924459 0.319284 0.914506 0.318884 0.922319 0.397695 0.924459 0.319284 0.920267 0.362339 0.914506 0.318884 0.932271 0.398094 0.922319 0.397695 0.918127 0.364132 0.932271 0.398094 0.924459 0.319284 0.922319 0.397695 0.92808 0.364532 0.932271 0.398094 0.918127 0.364132 0.820514 0.365662 0.819858 0.365942 0.808509 0.322396 0.121166 0.170709 0.121166 0.188388 0.120476 0.188207 0.942802 0.351945 0.92913 0.101391 0.938708 0.398581 0.809255 0.322458 0.808509 0.322396 0.828327 0.401894 0.809255 0.322458 0.820514 0.365662 0.808509 0.322396 0.09244298 0.382586 0.09178495 0.382982 0.07783401 0.339907 0.975586 0.264323 0.973735 0.274021 0.973735 0.228919 0.09244298 0.382586 0.117148 0.407714 0.09178495 0.382982 0.07860195 0.339849 0.07783401 0.339907 0.094931 0.418713 0.07860195 0.339849 0.09244298 0.382586 0.07783401 0.339907 0.09562599 0.419004 0.094931 0.418713 0.12496 0.385162 0.09562599 0.419004 0.07860195 0.339849 0.094931 0.418713 0.879509 0.320088 0.880284 0.319765 0.880284 0.363371 0.977072 0.238677 0.975586 0.27387 0.975586 0.228919 0.2255949 0.363983 0.224874 0.373763 0.224874 0.363966 0.879509 0.363352 0.879509 0.320088 0.880284 0.363371 0.255255 0.07978898 0.250575 0.383121 0.251349 0.383074 0.560716 0.404177 0.544196 0.398369 0.510165 0.36947 0.560716 0.404177 0.510165 0.36947 0.505046 0.36107 0.534638 0.297952 0.505046 0.36107 0.495101 0.327263 0.560716 0.404177 0.505046 0.36107 0.585425 0.351317 0.534638 0.297952 0.585425 0.351317 0.505046 0.36107 0.534638 0.297952 0.495101 0.327263 0.503037 0.283048 0.534638 0.297952 0.503037 0.283048 0.53185 0.248679 0.534638 0.297952 0.53185 0.248679 0.564105 0.234775 0.607963 0.303119 0.564105 0.234775 0.573811 0.233366 0.534638 0.297952 0.564105 0.234775 0.607963 0.303119 0.63269 0.250265 0.573811 0.233366 0.617689 0.241208 0.607963 0.303119 0.573811 0.233366 0.63269 0.250265 0.951303 0.361017 0.946712 0.314268 0.951303 0.297246 0.607963 0.303119 0.661041 0.351423 0.660467 0.351633 0.465872 0.185885 0.466648 0.186195 0.466203 0.186214 0.658436 0.356332 0.607963 0.303119 0.660467 0.351633 0.207917 0.369079 0.206192 0.369081 0.206199 0.363968 0.207924 0.363966 0.207917 0.369079 0.206199 0.363968 0.465539 0.185554 0.466646 0.1844699 0.466648 0.186195 0.465872 0.185885 0.465539 0.185554 0.466648 0.186195 0.607963 0.303119 0.661041 0.287607 0.661041 0.351423 0.250961 0.382908 0.250575 0.383074 0.250575 0.319257 0.607963 0.303119 0.63269 0.250265 0.661041 0.287607 0.888225 0.362147 0.887437 0.361942 0.888225 0.319765 0.262772 0.09878295 0.262109 0.04237395 0.262772 0.04164195 0.250961 0.382908 0.250575 0.319257 0.251348 0.382742 0.656319 0.361515 0.585425 0.351317 0.607963 0.303119 0.534638 0.297952 0.607963 0.303119 0.585425 0.351317 0.656132 0.360903 0.656319 0.361515 0.607963 0.303119 0.658436 0.356332 0.656132 0.360903 0.607963 0.303119 0.607418 0.402244 0.560716 0.404177 0.585425 0.351317 0.656319 0.361515 0.607418 0.402244 0.585425 0.351317 0.237673 0.394589 0.229129 0.318067 0.2369419 0.394372 0.08107298 0.407924 0.08457398 0.108073 0.08066797 0.407714 0.08147895 0.408135 0.08457398 0.108073 0.08107298 0.407924 0.257132 0.379854 0.256468 0.379116 0.257132 0.321456 0.473761 0.1844339 0.474226 0.186179 0.473763 0.186159 0.474571 0.185849 0.474226 0.186179 0.473761 0.1844339 0.207924 0.3742 0.206199 0.374202 0.206192 0.369081 0.207917 0.369079 0.207924 0.3742 0.206192 0.369081 0.07106399 0.129068 0.06084299 0.129371 0.065948 0.129068 0.06196099 0.13033 0.06084299 0.129371 0.07106399 0.129068 0.472694 0.182435 0.473761 0.1844339 0.472696 0.1843889 0.474916 0.185518 0.473761 0.1844339 0.472694 0.182435 0.474916 0.185518 0.474571 0.185849 0.473761 0.1844339 0.06196099 0.13033 0.07106399 0.129068 0.07000899 0.13019 0.465536 0.182565 0.467764 0.18442 0.466646 0.1844699 0.465536 0.182565 0.466646 0.1844699 0.465539 0.185554 0.07635295 0.289224 0.07347899 0.288152 0.072187 0.285323 0.48476 0.182006 0.482836 0.182251 0.482623 0.17937 0.08023101 0.285084 0.07635295 0.289224 0.072187 0.285323 0.07172697 0.270955 0.08023101 0.285084 0.072187 0.285323 0.329448 0.09425997 0.327509 0.09425699 0.327509 0.07986497 0.329448 0.07986897 0.329448 0.09425997 0.327509 0.07986497 0.424367 0.1802459 0.424249 0.183676 0.422727 0.181309 0.48476 0.177892 0.48476 0.182006 0.482623 0.17937 0.472694 0.180779 0.470472 0.182512 0.470472 0.178295 0.422727 0.177892 0.424367 0.1802459 0.422727 0.181309 0.06196099 0.13033 0.07000899 0.13019 0.07046496 0.144459 0.719036 0.186177 0.71713 0.186166 0.71713 0.171877 0.472694 0.180779 0.470472 0.178295 0.472334 0.177892 0.467762 0.182466 0.467764 0.18442 0.465536 0.182565 0.719036 0.186177 0.71713 0.171877 0.719036 0.171887 0.23229 0.35342 0.240343 0.353603 0.2397969 0.367879 0.474913 0.182529 0.474916 0.185518 0.472694 0.182435 0.230201 0.351187 0.242688 0.351631 0.240343 0.353603 0.23229 0.35342 0.230201 0.351187 0.240343 0.353603 0.231748 0.367597 0.23229 0.35342 0.2397969 0.367879 0.261027 0.47525 0.257139 0.471113 0.265188 0.471394 0.2364529 0.351187 0.242688 0.351631 0.230201 0.351187 0.939499 0.297523 0.93651 0.297563 0.937066 0.240425 0.258231 0.474001 0.257139 0.471113 0.261027 0.47525 0.520236 0.08032798 0.518629 0.07868295 0.55946 0.05558896 0.520236 0.08032798 0.504596 0.09672498 0.518629 0.07868295 0.561352 0.057491 0.55946 0.05558896 0.606438 0.05634897 0.55997 0.05782997 0.520236 0.08032798 0.55946 0.05558896 0.561352 0.057491 0.55997 0.05782997 0.55946 0.05558896 0.60585 0.05855196 0.606438 0.05634897 0.64719 0.080706 0.60585 0.05855196 0.561352 0.057491 0.606438 0.05634897 0.645583 0.08230096 0.64719 0.080706 0.653141 0.170982 0.645583 0.08230096 0.60585 0.05855196 0.64719 0.080706 0.668882 0.1675699 0.653141 0.170982 0.67074 0.169506 0.650945 0.17154 0.653141 0.170982 0.668882 0.1675699 0.650945 0.17154 0.645583 0.08230096 0.653141 0.170982 0.645583 0.2086459 0.67074 0.169506 0.64719 0.210291 0.668524 0.1689569 0.668882 0.1675699 0.67074 0.169506 0.645583 0.2086459 0.668524 0.1689569 0.67074 0.169506 0.629072 0.224151 0.645583 0.2086459 0.64719 0.210291 0.904578 0.239557 0.871742 0.319765 0.848654 0.319709 0.210314 0.339158 0.213337 0.339745 0.212341 0.340775 0.232558 0.299973 0.23517 0.300558 0.213337 0.339745 0.232558 0.299973 0.213337 0.339745 0.210314 0.339158 0.210314 0.339158 0.212341 0.340775 0.172797 0.363966 0.629072 0.224151 0.627416 0.222448 0.645583 0.2086459 0.975767 0.320168 0.97351 0.321073 0.971573 0.29834 0.210314 0.339158 0.172797 0.363966 0.171784 0.361755 0.606438 0.233366 0.627416 0.222448 0.629072 0.224151 0.60585 0.231144 0.627416 0.222448 0.606438 0.233366 0.975767 0.320168 0.971573 0.29834 0.975767 0.275468 0.904578 0.239557 0.89629 0.319674 0.871742 0.319765 0.559382 0.232625 0.60585 0.231144 0.606438 0.233366 0.904578 0.239557 0.936772 0.31909 0.89629 0.319674 0.559382 0.232625 0.55997 0.230422 0.60585 0.231144 0.969064 0.377858 0.96708 0.378843 0.96708 0.332958 0.973735 0.2299129 0.971509 0.274754 0.971509 0.228919 0.518629 0.208268 0.520236 0.206674 0.55997 0.230422 0.666433 0.355605 0.663945 0.356882 0.661041 0.312398 0.559382 0.232625 0.518629 0.208268 0.55997 0.230422 0.969064 0.33315 0.969064 0.377858 0.96708 0.332958 0.495101 0.166821 0.497296 0.166262 0.520236 0.206674 0.663602 0.312262 0.661041 0.312398 0.661041 0.267188 0.518629 0.208268 0.495101 0.166821 0.520236 0.206674 0.663602 0.312262 0.666433 0.355605 0.661041 0.312398 0.495101 0.166821 0.497296 0.120017 0.497296 0.166262 0.663602 0.268211 0.661041 0.267188 0.663946 0.233366 0.663602 0.268211 0.663602 0.312262 0.661041 0.267188 0.495101 0.11939 0.50626 0.09841996 0.497296 0.120017 0.979117 0.231902 0.977107 0.2320809 0.974061 0.2088969 0.495101 0.166821 0.495101 0.11939 0.497296 0.120017 0.666433 0.235257 0.663602 0.268211 0.663946 0.233366 0.495101 0.11939 0.504596 0.09672498 0.50626 0.09841996 0.520236 0.08032798 0.50626 0.09841996 0.504596 0.09672498 0.979117 0.231902 0.974061 0.2088969 0.977107 0.186239 0.04101598 0.189682 0.120786 0.189682 0.120093 0.224951 0.06993895 0.229147 0.120093 0.224951 0.117606 0.27145 0.06993895 0.229147 0.04101598 0.189682 0.120093 0.224951 0.07630699 0.268808 0.117606 0.27145 0.11399 0.316721 0.07630699 0.268808 0.06993895 0.229147 0.117606 0.27145 0.06478399 0.306517 0.07630699 0.268808 0.11399 0.316721 0.904578 0.239557 0.942064 0.268942 0.936772 0.31909 0.966282 0.349095 0.968531 0.348573 0.968531 0.395018 0.979117 0.231902 0.977107 0.186239 0.979117 0.1872349 0.171784 0.19278 0.172797 0.190544 0.174166 0.190931 0.966282 0.394349 0.966282 0.349095 0.968531 0.395018 0.210312 0.21546 0.174166 0.190931 0.212339 0.2138209 0.171784 0.19278 0.174166 0.190931 0.210312 0.21546 0.210312 0.21546 0.212339 0.2138209 0.23517 0.254089 0.232558 0.254696 0.23517 0.254089 0.23517 0.300558 0.210312 0.21546 0.23517 0.254089 0.232558 0.254696 0.232558 0.254696 0.23517 0.300558 0.232558 0.299973 0.10622 0.345044 0.117725 0.344902 0.117725 0.38483 0.106144 0.367476 0.10622 0.345044 0.117725 0.38483 0.10622 0.384973 0.106144 0.367476 0.117725 0.38483 0.397322 0.326346 0.393913 0.404058 0.405418 0.404139 0.421448 0.361911 0.40994 0.361849 0.410106 0.316953 0.917435 0.175314 0.888349 0.182385 0.899857 0.182323 0.905927 0.1753759 0.888349 0.182385 0.917435 0.175314 0.421614 0.317015 0.410106 0.316953 0.417752 0.404058 0.421554 0.343387 0.421448 0.361911 0.410106 0.316953 0.421614 0.317015 0.421554 0.343387 0.410106 0.316953 0.938708 0.361434 0.927289 0.361765 0.924459 0.318422 0.42926 0.404121 0.421614 0.317015 0.417752 0.404058 0.935878 0.318089 0.924459 0.318422 0.932272 0.397418 0.935878 0.318089 0.938708 0.361434 0.924459 0.318422 0.94369 0.397084 0.932272 0.397418 0.935102 0.364463 0.94369 0.397084 0.935878 0.318089 0.932272 0.397418 0.946521 0.364132 0.94369 0.397084 0.935102 0.364463 0.843348 0.195252 0.822396 0.169023 0.804408 0.171877 0.7218 0.195125 0.804408 0.171877 0.777904 0.168974 0.772091 0.164668 0.804408 0.171877 0.7218 0.195125 0.843348 0.195252 0.804408 0.171877 0.772091 0.164668 0.772091 0.164668 0.7218 0.195125 0.699552 0.155888 0.758096 0.111505 0.699552 0.155888 0.699552 0.110609 0.772091 0.164668 0.699552 0.155888 0.758096 0.111505 0.758096 0.111505 0.699552 0.110609 0.721794 0.07142698 0.758096 0.111505 0.721794 0.07142698 0.743335 0.05547499 0.804816 0.048877 0.743335 0.05547499 0.760324 0.04882794 0.812663 0.05144095 0.758096 0.111505 0.743335 0.05547499 0.804816 0.048877 0.812663 0.05144095 0.743335 0.05547499 0.397322 0.326346 0.385816 0.326266 0.393913 0.404058 0.8307 0.120267 0.772091 0.164668 0.758096 0.111505 0.812663 0.05144095 0.8307 0.120267 0.758096 0.111505 0.848888 0.189052 0.843348 0.195252 0.772091 0.164668 0.8307 0.120267 0.848888 0.189052 0.772091 0.164668 0.905927 0.1753759 0.917435 0.175314 0.917399 0.18171 0.865589 0.1560699 0.848888 0.189052 0.8307 0.120267 0.31704 0.404107 0.305263 0.399119 0.304413 0.370494 0.843342 0.07155495 0.8307 0.120267 0.812663 0.05144095 0.865589 0.110791 0.8307 0.120267 0.843342 0.07155495 0.865589 0.110791 0.865589 0.1560699 0.8307 0.120267 0.397606 0.364805 0.385826 0.334165 0.385816 0.326266 0.397606 0.364805 0.3861 0.364724 0.385826 0.334165 0.397322 0.326346 0.397606 0.364805 0.385816 0.326266 0.315907 0.326377 0.304413 0.326255 0.305545 0.283123 0.31704 0.283247 0.315907 0.326377 0.305545 0.283123 0.315907 0.370615 0.304413 0.370494 0.304413 0.326255 0.315907 0.370615 0.31704 0.404107 0.304413 0.370494 0.315907 0.326377 0.315907 0.370615 0.304413 0.326255 0.772724 0.931364 0.759514 0.949394 0.758573 0.949887 0.255776 0.786136 0.255227 0.786491 0.255229 0.785541 0.778228 0.972313 0.758573 0.949887 0.783118 0.959605 0.897917 0.700171 0.897328 0.724789 0.897328 0.699901 0.745173 0.944446 0.772724 0.931364 0.758573 0.949887 0.741977 0.972395 0.745173 0.944446 0.758573 0.949887 0.778228 0.972313 0.741977 0.972395 0.758573 0.949887 0.772724 0.931364 0.760414 0.94894 0.759514 0.949394 0.256328 0.785105 0.255229 0.785541 0.255227 0.784632 0.256328 0.78578 0.255229 0.785541 0.256328 0.785105 0.255776 0.786136 0.255229 0.785541 0.256328 0.78578 0.772724 0.931364 0.770197 0.944291 0.760414 0.94894 0.96235 0.952693 0.96125 0.952869 0.961252 0.942996 0.256328 0.785105 0.255227 0.784632 0.256327 0.78445 0.779346 0.934268 0.779718 0.939798 0.770197 0.944291 0.962352 0.94282 0.961252 0.942996 0.96125 0.933388 0.778228 0.930309 0.779346 0.934268 0.770197 0.944291 0.772724 0.931364 0.778228 0.930309 0.770197 0.944291 0.96235 0.952693 0.961252 0.942996 0.962352 0.94282 0.780341 0.938228 0.779998 0.939636 0.779718 0.939798 0.111159 0.774536 0.111159 0.775651 0.110881 0.775603 0.779346 0.934268 0.780341 0.938228 0.779718 0.939798 0.962352 0.94282 0.96125 0.933388 0.96235 0.933213 0.780341 0.938228 0.780234 0.939423 0.779998 0.939636 0.110828 0.774479 0.110881 0.775603 0.110645 0.775552 0.111159 0.774536 0.110881 0.775603 0.110828 0.774479 0.780341 0.938228 0.780394 0.939151 0.780234 0.939423 0.252913 0.78648 0.251753 0.786322 0.251759 0.786054 0.110828 0.774479 0.110645 0.775552 0.110544 0.774417 0.78041 0.93853 0.78044 0.938839 0.780394 0.939151 0.252922 0.785778 0.251759 0.786054 0.25176 0.785744 0.780341 0.938228 0.78041 0.93853 0.780394 0.939151 0.252921 0.786149 0.251759 0.786054 0.252922 0.785778 0.252913 0.78648 0.251759 0.786054 0.252921 0.786149 0.252919 0.785414 0.25176 0.785744 0.251758 0.785433 0.252922 0.785778 0.25176 0.785744 0.252919 0.785414 0.252919 0.785414 0.251758 0.785433 0.251753 0.78513 0.39588 0.752295 0.394718 0.752346 0.394721 0.748356 0.252919 0.785414 0.251753 0.78513 0.252914 0.785061 0.395883 0.748306 0.394721 0.748356 0.394718 0.744364 0.39588 0.752295 0.394721 0.748356 0.395883 0.748306 0.772724 0.931364 0.774346 0.92077 0.778228 0.930309 0.251126 0.724895 0.249963 0.724949 0.249993 0.715299 0.395883 0.748306 0.394718 0.744364 0.39588 0.744299 0.772724 0.931364 0.769676 0.912351 0.774346 0.92077 0.250545 0.706816 0.249993 0.715299 0.249963 0.706748 0.251156 0.715647 0.249993 0.715299 0.251127 0.706884 0.250545 0.706816 0.251127 0.706884 0.249993 0.715299 0.251126 0.724895 0.249993 0.715299 0.251156 0.715647 0.778228 0.888305 0.77945 0.907258 0.769676 0.912351 0.220582 0.785747 0.220033 0.785972 0.220033 0.776099 0.769219 0.9234 0.765042 0.915797 0.769676 0.912351 0.778228 0.888305 0.769676 0.912351 0.765042 0.915797 0.772724 0.931364 0.769219 0.9234 0.769676 0.912351 0.797621 0.918294 0.797766 0.933166 0.77945 0.907258 0.959667 0.887216 0.96025 0.887102 0.96125 0.914009 0.792045 0.91079 0.797621 0.918294 0.77945 0.907258 0.785934 0.903878 0.792045 0.91079 0.77945 0.907258 0.528269 0.802221 0.512502 0.819022 0.526651 0.800608 0.78591 0.903851 0.785934 0.903878 0.77945 0.907258 0.81448 0.888222 0.78591 0.903851 0.77945 0.907258 0.778228 0.888305 0.81448 0.888222 0.77945 0.907258 0.221132 0.785522 0.220033 0.776099 0.220583 0.776087 0.220583 0.776087 0.221132 0.776075 0.221132 0.785522 0.220582 0.785747 0.220033 0.776099 0.221132 0.785522 0.802877 0.916853 0.806965 0.963395 0.797766 0.933166 0.960069 0.914105 0.96125 0.914009 0.960264 0.944679 0.798828 0.918766 0.802877 0.916853 0.797766 0.933166 0.798468 0.918863 0.798828 0.918766 0.797766 0.933166 0.798111 0.918803 0.798468 0.918863 0.797766 0.933166 0.797834 0.918577 0.798111 0.918803 0.797766 0.933166 0.797621 0.918294 0.797834 0.918577 0.797766 0.933166 0.960069 0.914105 0.959086 0.887331 0.96125 0.914009 0.959667 0.887216 0.96125 0.914009 0.959086 0.887331 0.807074 0.914921 0.807384 0.966296 0.806965 0.963395 0.41959 0.74431 0.42077 0.744299 0.420774 0.74722 0.802877 0.916853 0.807074 0.914921 0.806965 0.963395 0.960069 0.914105 0.960264 0.944679 0.959086 0.944618 0.807777 0.913702 0.807787 0.969372 0.807384 0.966296 0.420181 0.750091 0.420774 0.74722 0.42077 0.750315 0.807612 0.914441 0.807777 0.913702 0.807384 0.966296 0.807074 0.914921 0.807612 0.914441 0.807384 0.966296 0.419594 0.747013 0.420774 0.74722 0.41959 0.749866 0.420181 0.750091 0.41959 0.749866 0.420774 0.74722 0.41959 0.74431 0.420774 0.74722 0.419594 0.747013 0.778228 0.972313 0.783118 0.959605 0.807787 0.969372 0.897918 0.749586 0.897328 0.749803 0.897328 0.724789 0.81448 0.888222 0.807787 0.969372 0.807777 0.913702 0.81448 0.97223 0.807787 0.969372 0.81448 0.888222 0.81448 0.97223 0.778228 0.972313 0.807787 0.969372 0.89851 0.724844 0.897328 0.724789 0.89851 0.700441 0.897917 0.700171 0.89851 0.700441 0.897328 0.724789 0.89851 0.749369 0.897328 0.724789 0.89851 0.724844 0.897918 0.749586 0.897328 0.724789 0.89851 0.749369 0.977401 0.9145 0.978581 0.914468 0.978654 0.922292 0.778228 0.888305 0.765042 0.915797 0.764817 0.91548 0.260922 0.781596 0.260869 0.780415 0.261198 0.780415 0.260922 0.781596 0.261198 0.780415 0.261187 0.781596 0.978654 0.922292 0.978576 0.930437 0.977988 0.930315 0.977473 0.922191 0.978654 0.922292 0.977401 0.930193 0.977401 0.9145 0.978654 0.922292 0.977473 0.922191 0.261716 0.696596 0.262306 0.696493 0.262306 0.723936 0.977988 0.930315 0.977401 0.930193 0.978654 0.922292 0.741977 0.972395 0.745104 0.94397 0.745173 0.944446 0.251051 0.785673 0.251242 0.786246 0.250763 0.786247 0.261716 0.696596 0.262306 0.723936 0.261126 0.696699 0.261723 0.723767 0.261126 0.696699 0.262306 0.723936 0.741977 0.972395 0.745062 0.943483 0.745104 0.94397 0.250573 0.785085 0.250763 0.786247 0.250275 0.786247 0.250857 0.785085 0.250763 0.786247 0.250573 0.785085 0.251051 0.785673 0.250763 0.786247 0.250857 0.785085 0.741977 0.972395 0.745058 0.934686 0.745062 0.943483 0.973508 0.825651 0.972346 0.825647 0.972346 0.816842 0.250573 0.785085 0.250275 0.786247 0.250285 0.785085 0.741977 0.972395 0.745048 0.926091 0.745058 0.934686 0.973508 0.816846 0.972346 0.816842 0.972346 0.80824 0.973508 0.825651 0.972346 0.816842 0.973508 0.816846 0.741977 0.888388 0.745224 0.925317 0.745048 0.926091 0.236521 0.786288 0.236513 0.785126 0.237283 0.785126 0.741977 0.972395 0.741977 0.888388 0.745048 0.926091 0.973508 0.816846 0.972346 0.80824 0.973508 0.808245 0.778228 0.888305 0.745806 0.924771 0.745224 0.925317 0.110434 0.774524 0.110544 0.775666 0.109965 0.775533 0.741977 0.888388 0.778228 0.888305 0.745224 0.925317 0.236521 0.786288 0.237283 0.785126 0.237164 0.786288 0.778228 0.888305 0.760286 0.917244 0.745806 0.924771 0.161435 0.973765 0.160335 0.973956 0.160335 0.959329 0.110434 0.774524 0.109965 0.775533 0.109965 0.774417 0.778228 0.888305 0.762079 0.91631 0.760286 0.917244 0.477192 0.75239 0.476092 0.752582 0.476092 0.750771 0.161435 0.959137 0.161435 0.973765 0.160335 0.959329 0.778228 0.888305 0.763895 0.915364 0.762079 0.91631 0.477192 0.750568 0.476092 0.750771 0.476092 0.748936 0.477192 0.75239 0.476092 0.750771 0.477192 0.750568 0.778228 0.888305 0.764214 0.915259 0.763895 0.915364 0.238107 0.785142 0.238205 0.786254 0.237884 0.786234 0.477192 0.750568 0.476092 0.748936 0.477192 0.748744 0.778228 0.888305 0.764531 0.91528 0.764214 0.915259 0.237892 0.785128 0.237884 0.786234 0.237568 0.786232 0.238107 0.785142 0.237884 0.786234 0.237892 0.785128 0.778228 0.888305 0.764817 0.91548 0.764531 0.91528 0.237669 0.785126 0.237568 0.786232 0.237283 0.786254 0.237892 0.785128 0.237568 0.786232 0.237669 0.785126 0.237669 0.785126 0.237283 0.786254 0.237487 0.785142 0.81448 0.888222 0.807732 0.893151 0.807674 0.892647 0.254118 0.785646 0.253923 0.785064 0.25443 0.785061 0.81448 0.888222 0.807674 0.892647 0.796894 0.898196 0.969372 0.808318 0.968828 0.819128 0.968828 0.80824 0.81448 0.888222 0.807768 0.893664 0.807732 0.893151 0.254631 0.78624 0.25443 0.785061 0.254944 0.785062 0.254316 0.786242 0.25443 0.785061 0.254631 0.78624 0.254118 0.785646 0.25443 0.785061 0.254316 0.786242 0.81448 0.888222 0.807768 0.903798 0.807768 0.893664 0.971164 0.80824 0.972344 0.808242 0.972344 0.818378 0.254631 0.78624 0.254944 0.785062 0.254925 0.786242 0.81448 0.888222 0.807777 0.913702 0.807768 0.903798 0.971164 0.81837 0.972344 0.818378 0.972346 0.828284 0.971164 0.80824 0.972344 0.818378 0.971164 0.81837 0.250228 0.785089 0.250275 0.786268 0.249543 0.786268 0.971164 0.81837 0.972346 0.828284 0.971166 0.828283 0.111666 0.774423 0.111698 0.77559 0.111159 0.77559 0.250228 0.785089 0.249543 0.786268 0.249566 0.785085 0.393538 0.744299 0.394718 0.744315 0.394712 0.748496 0.111666 0.774423 0.111159 0.77559 0.111291 0.774417 0.393532 0.748482 0.394712 0.748496 0.394718 0.752528 0.393538 0.744299 0.394712 0.748496 0.393532 0.748482 0.253763 0.785061 0.253923 0.786231 0.253565 0.786266 0.393532 0.748482 0.394718 0.752528 0.393538 0.752517 0.253293 0.785089 0.253565 0.786266 0.253206 0.786266 0.253533 0.785085 0.253565 0.786266 0.253293 0.785089 0.253763 0.785061 0.253565 0.786266 0.253533 0.785085 0.25309 0.785061 0.253206 0.786266 0.252922 0.786226 0.253293 0.785089 0.253206 0.786266 0.25309 0.785061 0.117306 0.774242 0.117315 0.775412 0.117027 0.775385 0.260462 0.975211 0.259298 0.975319 0.25932 0.967659 0.117306 0.774242 0.117027 0.775385 0.117027 0.774216 0.260463 0.96068 0.25932 0.967659 0.259298 0.960576 0.260485 0.967662 0.25932 0.967659 0.260463 0.96068 0.260462 0.975211 0.25932 0.967659 0.260485 0.967662 0.528269 0.802221 0.514174 0.820691 0.512502 0.819022 0.259943 0.960621 0.260463 0.96068 0.259298 0.960576 0.259424 0.960562 0.259943 0.960621 0.259298 0.960576 0.265027 0.757013 0.264998 0.756954 0.265027 0.75695 0.265027 0.757013 0.265027 0.757078 0.264998 0.756954 0.81448 0.888222 0.796894 0.898196 0.78591 0.903851 0.968887 0.830196 0.968828 0.830223 0.968828 0.819128 0.969928 0.818964 0.969928 0.829726 0.968828 0.819128 0.969437 0.829947 0.968828 0.819128 0.969928 0.829726 0.969928 0.818964 0.968828 0.819128 0.969928 0.808395 0.969372 0.808318 0.969928 0.808395 0.968828 0.819128 0.968948 0.830169 0.968828 0.819128 0.969437 0.829947 0.968887 0.830196 0.968828 0.819128 0.968948 0.830169 0.818745 0.8897 0.81448 0.97223 0.81448 0.888222 0.737712 0.970918 0.737716 0.889881 0.741977 0.888388 0.741977 0.972395 0.737712 0.970918 0.741977 0.888388 0.736229 0.930405 0.736229 0.89415 0.737716 0.889881 0.736229 0.96666 0.736229 0.930405 0.737716 0.889881 0.737712 0.970918 0.736229 0.96666 0.737716 0.889881 0.818745 0.8897 0.818741 0.970737 0.81448 0.97223 0.820228 0.930213 0.820228 0.966468 0.818741 0.970737 0.820228 0.893957 0.820228 0.930213 0.818741 0.970737 0.818745 0.8897 0.820228 0.893957 0.818741 0.970737 0.982712 0.960863 0.992026 0.927586 1 0.934488 0.982712 0.960863 0.985747 0.935166 0.992026 0.927586 0.982712 0.960863 0.978604 0.941963 0.985747 0.935166 0.982712 0.960863 0.975322 0.94447 0.978604 0.941963 0.958112 0.980431 0.972007 0.946852 0.975322 0.94447 0.982712 0.960863 0.958112 0.980431 0.975322 0.94447 0.958112 0.980431 0.971709 0.947055 0.972007 0.946852 0.958112 0.980431 0.971382 0.947216 0.971709 0.947055 0.958112 0.980431 0.971013 0.947293 0.971382 0.947216 0.958112 0.980431 0.970629 0.947237 0.971013 0.947293 0.958112 0.980431 0.97028 0.947069 0.970629 0.947237 0.958112 0.980431 0.969977 0.946831 0.97028 0.947069 0.958112 0.980431 0.962295 0.939633 0.969977 0.946831 0.958112 0.980431 0.954372 0.932249 0.962295 0.939633 0.958112 0.980431 0.953832 0.931765 0.954372 0.932249 0.958112 0.980431 0.95326 0.931273 0.953832 0.931765 0.958112 0.980431 0.95326 0.957157 0.95326 0.931273 0.95576 0.981782 0.95326 0.98317 0.95326 0.957157 0.958112 0.980431 0.95576 0.981782 0.95326 0.957157 0.855602 0.937922 0.846033 0.950046 0.83722 0.952278 0.846786 0.933395 0.855602 0.937922 0.83722 0.952278 0.83722 0.940294 0.846786 0.933395 0.83722 0.952278 0.856016 0.943474 0.855119 0.948555 0.846033 0.950046 0.856219 0.938856 0.856016 0.943474 0.846033 0.950046 0.856117 0.938382 0.856219 0.938856 0.846033 0.950046 0.855602 0.937922 0.856117 0.938382 0.846033 0.950046 0.855864 0.947953 0.855457 0.948496 0.855119 0.948555 0.856016 0.943474 0.855864 0.947953 0.855119 0.948555 0.855864 0.947953 0.855687 0.948392 0.855457 0.948496 0.855864 0.947953 0.855818 0.94819 0.855687 0.948392 0.83722 0.940294 0.837781 0.928759 0.846786 0.933395 0.83722 0.928525 0.837514 0.928638 0.837781 0.928759 0.83722 0.940294 0.83722 0.928525 0.837781 0.928759 0.952169 0.946023 0.93539 0.96787 0.935197 0.967257 0.943616 0.945796 0.952169 0.946023 0.935197 0.967257 0.934609 0.950947 0.943616 0.945796 0.935197 0.967257 0.952169 0.946023 0.935912 0.968276 0.93539 0.96787 0.952169 0.946023 0.943681 0.971954 0.935912 0.968276 0.952169 0.975916 0.951629 0.975724 0.943681 0.971954 0.952169 0.946023 0.952169 0.975916 0.943681 0.971954 0.952169 0.975916 0.951897 0.97583 0.951629 0.975724 0.261723 0.723767 0.261126 0.723597 0.261126 0.696699 0.934533 0.948914 0.935102 0.946304 0.943616 0.945796 0.934609 0.950947 0.934533 0.948914 0.943616 0.945796 0.934458 0.946881 0.934796 0.946354 0.935102 0.946304 0.934533 0.948914 0.934458 0.946881 0.935102 0.946304 0.934458 0.946881 0.934587 0.946458 0.934796 0.946354 0.934458 0.946881 0.934483 0.946656 0.934587 0.946458 0.444471 0.744299 0.444471 0.749182 0.439599 0.749182 0.439599 0.744299 0.444471 0.744299 0.439599 0.749182 0.449342 0.744299 0.449342 0.749182 0.444471 0.749181 0.444471 0.744299 0.449342 0.744299 0.444471 0.749181 0.454214 0.744299 0.454214 0.749181 0.449343 0.749181 0.449342 0.744299 0.454214 0.744299 0.449343 0.749181 0.07170295 0.478131 0.05850195 0.477183 0.06001299 0.433603 0.313704 0.430527 0.300499 0.431416 0.299009 0.387531 0.312214 0.386641 0.313704 0.430527 0.299009 0.387531 0.07321399 0.43455 0.06001299 0.433603 0.05850195 0.405138 0.07321399 0.43455 0.07170295 0.478131 0.06001299 0.433603 0.952724 0.186256 0.965854 0.186239 0.96643 0.191768 0.07321399 0.43455 0.05850195 0.405138 0.07170295 0.406086 0.312214 0.45968 0.299009 0.46057 0.300499 0.431416 0.07135999 0.102595 0.05802398 0.102471 0.05823194 0.09716695 0.07156896 0.09729099 0.07135999 0.102595 0.05823194 0.09716695 0.313704 0.430527 0.312214 0.45968 0.300499 0.431416 0.953299 0.191784 0.96643 0.191768 0.96826 0.235964 0.953299 0.191784 0.952724 0.186256 0.96643 0.191768 0.95513 0.235981 0.96826 0.235964 0.967708 0.255878 0.95513 0.235981 0.953299 0.191784 0.96826 0.235964 0.954578 0.255894 0.967708 0.255878 0.965854 0.279155 0.95513 0.235981 0.967708 0.255878 0.954578 0.255894 0.611591 0.384646 0.624469 0.386431 0.627559 0.418401 0.954578 0.255894 0.965854 0.279155 0.952724 0.279171 0.614681 0.416617 0.627559 0.418401 0.624469 0.461832 0.611591 0.384646 0.627559 0.418401 0.614681 0.416617 0.98973 0.408201 0.976749 0.408917 0.976749 0.364848 0.614681 0.416617 0.624469 0.461832 0.611591 0.460047 0.07547497 0.129068 0.06213897 0.128944 0.06102198 0.09615898 0.98973 0.364132 0.98973 0.408201 0.976749 0.364848 0.07435798 0.09628295 0.06102198 0.09615898 0.06084299 0.072236 0.07435798 0.09628295 0.07547497 0.129068 0.06102198 0.09615898 0.101523 0.113376 0.08818596 0.113252 0.08828896 0.093171 0.07417899 0.07235997 0.07435798 0.09628295 0.06084299 0.072236 0.07428199 0.05227899 0.06094497 0.05215495 0.05802398 0.102471 0.07135999 0.102595 0.07428199 0.05227899 0.05802398 0.102471 0.101625 0.09329497 0.101523 0.113376 0.08828896 0.093171 0.982354 0.879824 0.977793 0.879655 0.977793 0.834901 0.575348 0.935538 0.570796 0.935866 0.569053 0.890834 0.573605 0.890505 0.575348 0.935538 0.569053 0.890834 0.489976 0.71924 0.4945 0.719421 0.498731 0.752596 0.982354 0.83507 0.982354 0.879824 0.977793 0.834901 0.494207 0.752415 0.498731 0.752596 0.498802 0.753868 0.489976 0.71924 0.498731 0.752596 0.494207 0.752415 0.573605 0.968294 0.569053 0.968622 0.570796 0.935866 0.324871 0.919868 0.320272 0.919819 0.320319 0.9186 0.324918 0.918649 0.324871 0.919868 0.320319 0.9186 0.575348 0.935538 0.573605 0.968294 0.570796 0.935866 0.494278 0.753686 0.498802 0.753868 0.498802 0.799267 0.494278 0.753686 0.494207 0.752415 0.498802 0.753868 0.494278 0.799085 0.498802 0.799267 0.49716 0.822108 0.494278 0.799085 0.494278 0.753686 0.498802 0.799267 0.492636 0.821927 0.49716 0.822108 0.4945 0.843454 0.494278 0.799085 0.49716 0.822108 0.492636 0.821927 0.575348 0.890505 0.579789 0.891121 0.582961 0.923933 0.492636 0.821927 0.4945 0.843454 0.489976 0.843272 0.57852 0.923317 0.582961 0.923933 0.579789 0.968507 0.575348 0.890505 0.582961 0.923933 0.57852 0.923317 0.978747 0.74513 0.974271 0.745376 0.974271 0.700148 0.57852 0.923317 0.579789 0.968507 0.575348 0.967891 0.321012 0.631145 0.316413 0.631096 0.309453 0.751745 0.978747 0.699901 0.978747 0.74513 0.974271 0.700148 0.314052 0.751794 0.309453 0.751745 0.309301 0.729688 0.314052 0.751794 0.321012 0.631145 0.309453 0.751745 0.3139 0.729737 0.309301 0.729688 0.309436 0.706582 0.3139 0.729737 0.314052 0.751794 0.309301 0.729688 0.314034 0.706631 0.309436 0.706582 0.320272 0.919819 0.324871 0.919868 0.314034 0.706631 0.320272 0.919819 0.314034 0.706631 0.3139 0.729737 0.309436 0.706582 0.05586498 0.450249 0.04560697 0.405138 0.05850195 0.406789 0.670846 0.42864 0.655353 0.386119 0.66827 0.384646 0.847503 0.249665 0.845736 0.250158 0.823223 0.211193 0.657929 0.430113 0.655353 0.386119 0.670846 0.42864 0.824518 0.209885 0.847503 0.249665 0.823223 0.211193 0.784228 0.188881 0.824518 0.209885 0.823223 0.211193 0.05586498 0.450249 0.04296898 0.448599 0.04560697 0.405138 0.118226 0.07085895 0.119525 0.07216095 0.09693896 0.111372 0.158167 0.04774695 0.158647 0.04952496 0.119525 0.07216095 0.118226 0.07085895 0.158167 0.04774695 0.119525 0.07216095 0.05850195 0.478966 0.04560697 0.477315 0.04296898 0.448599 0.09516596 0.110891 0.09693896 0.111372 0.09557598 0.15073 0.05586498 0.450249 0.05850195 0.478966 0.04296898 0.448599 0.09516596 0.110891 0.118226 0.07085895 0.09693896 0.111372 0.08901399 0.102594 0.07589095 0.102152 0.07668095 0.09716695 0.094011 0.152265 0.09557598 0.15073 0.09694099 0.1566489 0.08980399 0.09760797 0.08901399 0.102594 0.07668095 0.09716695 0.094011 0.152265 0.09516596 0.110891 0.09557598 0.15073 0.08901 0.05192399 0.07588696 0.05148196 0.07589095 0.102152 0.09516596 0.157123 0.09694099 0.1566489 0.119529 0.195861 0.08901399 0.102594 0.08901 0.05192399 0.07589095 0.102152 0.09516596 0.157123 0.094011 0.152265 0.09694099 0.1566489 0.115941 0.113285 0.102819 0.112843 0.103231 0.092498 0.1341789 0.209852 0.119529 0.195861 0.135504 0.208508 0.116354 0.09293997 0.115941 0.113285 0.103231 0.092498 0.11823 0.197163 0.09516596 0.157123 0.119529 0.195861 0.1341789 0.209852 0.11823 0.197163 0.119529 0.195861 0.116643 0.1371729 0.10352 0.136732 0.102819 0.112843 0.158178 0.220282 0.135504 0.208508 0.1586509 0.2185029 0.115941 0.113285 0.116643 0.1371729 0.102819 0.112843 0.158178 0.220282 0.1341789 0.209852 0.135504 0.208508 0.09371 0.129693 0.08058798 0.129251 0.07617598 0.09571599 0.2043049 0.220284 0.1586509 0.2185029 0.2038249 0.218506 0.08929896 0.09615796 0.09371 0.129693 0.07617598 0.09571599 0.2043049 0.220284 0.158178 0.220282 0.1586509 0.2185029 0.848654 0.319765 0.86188 0.320255 0.86188 0.363861 0.2043049 0.220284 0.2038249 0.218506 0.242947 0.19587 0.848654 0.363371 0.848654 0.319765 0.86188 0.363861 0.596633 0.418269 0.611591 0.461175 0.598391 0.462145 0.244246 0.197172 0.2043049 0.220284 0.242947 0.19587 0.265533 0.156659 0.244246 0.197172 0.242947 0.19587 0.596633 0.418269 0.609832 0.417299 0.611591 0.461175 0.698907 0.336791 0.700202 0.335483 0.739197 0.357795 0.698907 0.336791 0.675922 0.297011 0.700202 0.335483 0.67769 0.296519 0.700202 0.335483 0.675922 0.297011 0.738718 0.359572 0.739197 0.357795 0.784224 0.357476 0.738718 0.359572 0.698907 0.336791 0.739197 0.357795 0.784696 0.359248 0.784224 0.357476 0.807296 0.347343 0.802274 0.265498 0.756297 0.265822 0.801802 0.263726 0.808617 0.348674 0.807296 0.347343 0.823219 0.334613 0.808617 0.348674 0.784696 0.359248 0.807296 0.347343 0.847503 0.295793 0.823219 0.334613 0.845734 0.295332 0.824514 0.335903 0.808617 0.348674 0.823219 0.334613 0.865081 0.2020429 0.842092 0.242153 0.840797 0.240863 0.848654 0.290937 0.845734 0.295332 0.847094 0.289417 0.847503 0.295793 0.845734 0.295332 0.848654 0.290937 0.847503 0.249665 0.847094 0.289417 0.845736 0.250158 0.847503 0.249665 0.848654 0.290937 0.847094 0.289417 0.158167 0.04774695 0.197915 0.04815995 0.158647 0.04952496 0.657929 0.430113 0.670846 0.42864 0.66827 0.458553 0.158167 0.04774695 0.199446 0.04659199 0.197915 0.04815995 0.203821 0.04952895 0.197915 0.04815995 0.199446 0.04659199 0.966932 0.329056 0.980268 0.329042 0.980415 0.33427 0.657929 0.430113 0.66827 0.458553 0.655353 0.460027 0.963902 0.324207 0.952724 0.364102 0.963434 0.32422 0.204294 0.04774898 0.203821 0.04952895 0.199446 0.04659199 0.260415 0.05501997 0.259887 0.05522894 0.25946 0.05086594 0.835257 0.32506 0.834514 0.320152 0.843069 0.401894 0.963902 0.324207 0.963434 0.32422 0.952724 0.279334 0.511999 0.129086 0.51232 0.129168 0.511999 0.175366 0.953013 0.279171 0.963902 0.324207 0.952724 0.279334 0.374841 0.326136 0.37533 0.326113 0.385816 0.366153 0.393629 0.404058 0.37533 0.326113 0.374841 0.326136 0.485863 0.404058 0.478051 0.325844 0.485558 0.404066 0.659691 0.404177 0.652977 0.322481 0.651878 0.327348 0.110631 0.317015 0.1111209 0.317022 0.122847 0.361718 0.130659 0.395227 0.1111209 0.317022 0.110631 0.317015 0.951303 0.343447 0.951783 0.343471 0.951303 0.36379 0.110631 0.317015 0.122847 0.361718 0.122418 0.361939 0.257853 0.308789 0.272913 0.406648 0.258315 0.308874 0.952921 0.182323 0.955405 0.202638 0.970499 0.179888 0.264672 0.354648 0.258315 0.308874 0.265101 0.354499 0.257853 0.308789 0.258315 0.308874 0.264672 0.354648 0.120672 0.391719 0.121221 0.39192 0.120672 0.436909 0.265533 0.156659 0.267306 0.157141 0.244246 0.197172 0.263077 0.134303 0.262772 0.134212 0.263077 0.088014 0.262772 0.088014 0.262772 0.04164195 0.263082 0.08793896 0.265531 0.111382 0.267306 0.110908 0.267306 0.157141 0.317594 0.120888 0.317181 0.120772 0.317182 0.074539 0.265533 0.156659 0.265531 0.111382 0.267306 0.157141 0.970462 0.278129 0.970462 0.233444 0.971014 0.277923 0.970809 0.233463 0.971014 0.277923 0.970462 0.233444 0.25556 0.08818197 0.2569 0.08685296 0.267306 0.110908 0.121323 0.3064 0.120786 0.306185 0.121323 0.282169 0.265531 0.111382 0.25556 0.08818197 0.267306 0.110908 0.317594 0.120888 0.317182 0.074539 0.317594 0.07441896 0.242943 0.07216995 0.2569 0.08685296 0.25556 0.08818197 0.244242 0.07086795 0.2569 0.08685296 0.242943 0.07216995 0.965624 0.379312 0.962819 0.35317 0.965624 0.332958 0.942113 0.294971 0.955449 0.294956 0.955024 0.318197 0.950033 0.397816 0.96337 0.397802 0.955449 0.294956 0.950033 0.397816 0.955449 0.294956 0.942113 0.294971 0.598391 0.385616 0.611591 0.384646 0.609832 0.417299 0.941688 0.318211 0.942113 0.294971 0.955024 0.318197 0.596633 0.418269 0.598391 0.385616 0.609832 0.417299 0.204294 0.04774898 0.242943 0.07216995 0.203821 0.04952895 0.967078 0.334284 0.980415 0.33427 0.980948 0.378271 0.967078 0.334284 0.966932 0.329056 0.980415 0.33427 0.204294 0.04774898 0.244242 0.07086795 0.242943 0.07216995 0.967611 0.378285 0.967078 0.334284 0.980948 0.378271 0.262109 0.100388 0.261573 0.1003659 0.259887 0.05522894 0.25946 0.1447049 0.261573 0.1003659 0.262109 0.100388 0.262109 0.100388 0.259887 0.05522894 0.260415 0.05501997 0.471606 0.326041 0.459317 0.326944 0.465325 0.404961 0.687972 0.305754 0.688312 0.305741 0.688312 0.350807 0.477614 0.404058 0.471606 0.326041 0.465325 0.404961 0.975083 0.410202 0.979585 0.332365 0.967271 0.331909 0.970462 0.233444 0.970462 0.278197 0.969945 0.233663 0.970122 0.278186 0.969945 0.233663 0.970462 0.278197 0.469801 0.359554 0.457512 0.360457 0.459317 0.326944 0.91003 0.08937597 0.924444 0.362339 0.910772 0.09435498 0.471606 0.326041 0.469801 0.359554 0.459317 0.326944 0.888225 0.319907 0.888623 0.319765 0.888623 0.361193 0.29664 0.406172 0.288827 0.328171 0.288314 0.327954 0.495048 0.148617 0.495048 0.19473 0.494742 0.148717 0.275509 0.327836 0.263093 0.327699 0.26418 0.283123 0.256027 0.321694 0.256468 0.321456 0.255921 0.366042 0.276597 0.28326 0.275509 0.327836 0.26418 0.283123 0.266539 0.317063 0.266941 0.312089 0.266941 0.317089 0.275509 0.372999 0.263093 0.372862 0.263093 0.327699 0.255482 0.366053 0.255921 0.366042 0.260374 0.04791998 0.275509 0.327836 0.275509 0.372999 0.263093 0.327699 0.256027 0.321694 0.255921 0.366042 0.255482 0.366053 0.276597 0.406648 0.26418 0.406511 0.263093 0.372862 0.130659 0.3954 0.13104 0.395227 0.135055 0.316855 0.275509 0.372999 0.276597 0.406648 0.263093 0.372862 0.08497101 0.164129 0.08497101 0.188969 0.08453696 0.188735 0.97368 0.279171 0.97368 0.325473 0.970874 0.299357 0.970555 0.317199 0.958469 0.317866 0.966282 0.395684 0.134613 0.3168 0.135055 0.316855 0.122847 0.361317 0.978368 0.395018 0.970555 0.317199 0.966282 0.395684 0.130659 0.3954 0.135055 0.316855 0.134613 0.3168 0.495712 0.313943 0.50453 0.360177 0.49254 0.358516 0.121054 0.08073198 0.117148 0.399016 0.12134 0.08072 0.495712 0.313943 0.507702 0.315604 0.50453 0.360177 0.121054 0.08073198 0.12134 0.080756 0.121054 0.125441 0.262456 0.143989 0.262109 0.144011 0.262109 0.09878295 0.987397 0.410659 0.979585 0.332365 0.975083 0.410202 0.248965 0.329891 0.24866 0.329876 0.256777 0.408171 0.772509 0.390053 0.772988 0.388276 0.818659 0.25676 0.670394 0.279336 0.670708 0.279405 0.670394 0.325272 0.745087 0.187794 0.743561 0.186239 0.784707 0.187104 0.888623 0.319765 0.8891 0.319827 0.888623 0.360979 0.784228 0.188881 0.745087 0.187794 0.784707 0.187104 0.739201 0.1892 0.743561 0.186239 0.745087 0.187794 0.73873 0.1874279 0.743561 0.186239 0.739201 0.1892 0.275327 0.406648 0.268624 0.324956 0.267514 0.329814 0.700206 0.212063 0.73873 0.1874279 0.739201 0.1892 0.700206 0.212063 0.698911 0.210773 0.73873 0.1874279 0.947766 0.27183 0.948268 0.271852 0.954839 0.317539 0.964922 0.228919 0.948268 0.271852 0.947766 0.27183 0.700206 0.212063 0.686294 0.226811 0.698911 0.210773 0.954372 0.31775 0.954839 0.317539 0.964922 0.335281 0.947766 0.27183 0.954839 0.317539 0.954372 0.31775 0.700206 0.212063 0.68763 0.228127 0.686294 0.226811 0.675922 0.250884 0.686294 0.226811 0.68763 0.228127 0.935836 0.371104 0.949354 0.348573 0.936306 0.371307 0.964922 0.275468 0.96744 0.295743 0.964922 0.321912 0.675922 0.250884 0.68763 0.228127 0.677692 0.251344 0.675922 0.297011 0.675922 0.250884 0.677692 0.251344 0.67769 0.296519 0.675922 0.297011 0.677692 0.251344 0.92274 0.294119 0.936306 0.371307 0.923238 0.294088 0.935836 0.371104 0.936306 0.371307 0.92274 0.294119 0.92274 0.294119 0.923238 0.294088 0.941541 0.336228 0.670707 0.279336 0.670394 0.279233 0.670707 0.233366 0.941274 0.336421 0.92274 0.294119 0.941541 0.336228 0.500353 0.404177 0.512342 0.405839 0.507702 0.315604 0.495712 0.313943 0.500353 0.404177 0.507702 0.315604 0.2423149 0.319661 0.25453 0.320152 0.250228 0.36434 0.238013 0.363849 0.2423149 0.319661 0.250228 0.36434 0.2423149 0.274262 0.25453 0.274752 0.25453 0.320152 0.2423149 0.319661 0.2423149 0.274262 0.25453 0.320152 0.238013 0.2398149 0.250228 0.240306 0.25453 0.274752 0.2423149 0.274262 0.238013 0.2398149 0.25453 0.274752 0.61833 0.935691 0.616951 0.890505 0.621393 0.89111 0.984145 0.689714 0.979669 0.644732 0.984145 0.644486 0.679824 0.840769 0.677612 0.841378 0.654523 0.801379 0.979669 0.689961 0.979669 0.644732 0.984145 0.689714 0.679824 0.840769 0.654523 0.801379 0.656143 0.799744 0.614511 0.778463 0.656143 0.799744 0.654523 0.801379 0.61833 0.935691 0.613887 0.935087 0.616951 0.890505 0.349225 0.800082 0.350849 0.80171 0.327667 0.841952 0.390408 0.776256 0.391002 0.77848 0.350849 0.80171 0.349225 0.800082 0.390408 0.776256 0.350849 0.80171 0.621393 0.967765 0.616951 0.967161 0.613887 0.935087 0.325449 0.841356 0.327667 0.841952 0.327308 0.887031 0.61833 0.935691 0.621393 0.967765 0.613887 0.935087 0.325449 0.841356 0.349225 0.800082 0.327667 0.841952 0.257247 0.726758 0.252723 0.726583 0.252911 0.725384 0.325428 0.888937 0.327308 0.887031 0.327667 0.88842 0.257435 0.725559 0.257247 0.726758 0.252911 0.725384 0.325428 0.888937 0.325449 0.841356 0.327308 0.887031 0.258872 0.616655 0.254347 0.61648 0.252723 0.726583 0.325428 0.888937 0.327667 0.88842 0.350848 0.928665 0.257247 0.726758 0.258872 0.616655 0.252723 0.726583 0.25834 0.6398 0.253816 0.639625 0.254347 0.61648 0.367543 0.944515 0.350848 0.928665 0.369224 0.942833 0.258872 0.616655 0.25834 0.6398 0.254347 0.61648 0.349224 0.930293 0.325428 0.888937 0.350848 0.928665 0.367543 0.944515 0.349224 0.930293 0.350848 0.928665 0.25894 0.662053 0.254416 0.661878 0.253816 0.639625 0.390404 0.954128 0.369224 0.942833 0.390998 0.951904 0.25834 0.6398 0.25894 0.662053 0.253816 0.639625 0.390404 0.954128 0.367543 0.944515 0.369224 0.942833 0.263294 0.696493 0.25877 0.696318 0.254416 0.661878 0.437955 0.954134 0.390998 0.951904 0.437361 0.95191 0.25894 0.662053 0.263294 0.696493 0.254416 0.661878 0.437955 0.954134 0.390404 0.954128 0.390998 0.951904 0.982256 0.69128 0.986816 0.691449 0.986816 0.736203 0.437955 0.954134 0.437361 0.95191 0.477513 0.92868 0.982256 0.736035 0.982256 0.69128 0.986816 0.736203 0.523224 0.924352 0.52958 0.969048 0.525028 0.969383 0.479137 0.930308 0.437955 0.954134 0.477513 0.92868 0.500695 0.888438 0.479137 0.930308 0.477513 0.92868 0.523224 0.924352 0.527775 0.924017 0.52958 0.969048 0.526595 0.930523 0.528214 0.928889 0.568226 0.951804 0.502914 0.889499 0.528214 0.928889 0.526595 0.930523 0.502914 0.889499 0.505125 0.88889 0.528214 0.928889 0.567632 0.954026 0.568226 0.951804 0.614438 0.951495 0.526595 0.930523 0.568226 0.951804 0.567632 0.954026 0.61503 0.953709 0.614438 0.951495 0.636146 0.942302 0.567632 0.954026 0.614438 0.951495 0.61503 0.953709 0.63782 0.943969 0.636146 0.942302 0.654468 0.928047 0.61503 0.953709 0.636146 0.942302 0.63782 0.943969 0.679824 0.888242 0.654468 0.928047 0.677592 0.887741 0.656086 0.92966 0.654468 0.928047 0.679824 0.888242 0.63782 0.943969 0.654468 0.928047 0.656086 0.92966 0.679824 0.888242 0.677592 0.887741 0.677951 0.886352 0.679824 0.840769 0.677951 0.886352 0.677612 0.841378 0.679824 0.888242 0.677951 0.886352 0.679824 0.840769 0.390408 0.776256 0.435978 0.778125 0.391002 0.77848 0.258436 0.726143 0.263035 0.726194 0.264105 0.758588 0.390408 0.776256 0.43788 0.776241 0.435978 0.778125 0.437364 0.778486 0.435978 0.778125 0.43788 0.776241 0.259506 0.758537 0.264105 0.758588 0.264123 0.759843 0.258436 0.726143 0.264105 0.758588 0.259506 0.758537 0.107264 0.643572 0.10274 0.64339 0.09247297 0.76243 0.477515 0.801725 0.437364 0.778486 0.43788 0.776241 0.479138 0.800097 0.477515 0.801725 0.43788 0.776241 0.107268 0.690207 0.102744 0.690026 0.10274 0.64339 0.107268 0.690207 0.10274 0.64339 0.107264 0.643572 0.974915 0.776241 0.979476 0.77641 0.979476 0.822312 0.107264 0.643572 0.09247297 0.76243 0.09699696 0.762612 0.489976 0.843788 0.494528 0.843454 0.496375 0.889639 0.974915 0.776241 0.979476 0.822312 0.974915 0.822143 0.491823 0.889973 0.496375 0.889639 0.494528 0.923968 0.491823 0.889973 0.489976 0.843788 0.496375 0.889639 0.264359 0.729941 0.268958 0.729992 0.267841 0.77578 0.489976 0.924302 0.491823 0.889973 0.494528 0.923968 0.263242 0.775729 0.267841 0.77578 0.267694 0.798882 0.263242 0.775729 0.264359 0.729941 0.267841 0.77578 0.263096 0.798831 0.267694 0.798882 0.267842 0.8221 0.263096 0.798831 0.263242 0.775729 0.267694 0.798882 0.263243 0.82205 0.267842 0.8221 0.268958 0.856612 0.263243 0.82205 0.263096 0.798831 0.267842 0.8221 0.669342 0.92423 0.673818 0.923983 0.673818 0.970372 0.264359 0.856562 0.263243 0.82205 0.268958 0.856612 0.500695 0.888438 0.502914 0.889034 0.479137 0.930308 0.316634 0.97042 0.312194 0.969805 0.315447 0.924088 0.669342 0.970619 0.669342 0.92423 0.673818 0.970372 0.500695 0.84197 0.502914 0.841374 0.502914 0.889034 0.319888 0.924703 0.315447 0.924088 0.312194 0.890435 0.500695 0.888438 0.500695 0.84197 0.502914 0.889034 0.319888 0.924703 0.316634 0.97042 0.315447 0.924088 0.491648 0.820144 0.493325 0.81846 0.502914 0.841374 0.102856 0.735527 0.09833198 0.735346 0.101116 0.712869 0.500695 0.84197 0.491648 0.820144 0.502914 0.841374 0.319888 0.924703 0.312194 0.890435 0.316634 0.89105 0.477515 0.801725 0.493325 0.81846 0.491648 0.820144 0.479138 0.800097 0.493325 0.81846 0.477515 0.801725 0.10564 0.713051 0.101116 0.712869 0.102744 0.690026 0.102856 0.735527 0.101116 0.712869 0.10564 0.713051 0.259109 0.827913 0.263708 0.827964 0.263035 0.849581 0.259524 0.804955 0.264123 0.805005 0.263708 0.827964 0.259524 0.804955 0.263708 0.827964 0.259109 0.827913 0.525028 0.89084 0.52958 0.890505 0.527775 0.924017 0.259109 0.827913 0.263035 0.849581 0.258436 0.84953 0.525028 0.89084 0.527775 0.924017 0.523224 0.924352 0.259524 0.759792 0.264123 0.759843 0.264123 0.805005 0.259524 0.759792 0.259506 0.758537 0.264123 0.759843 0.259524 0.759792 0.264123 0.805005 0.259524 0.804955 0.107268 0.690207 0.10564 0.713051 0.102744 0.690026 0.614511 0.778463 0.615105 0.776241 0.656143 0.799744 0.569681 0.778403 0.567787 0.776536 0.615105 0.776241 0.614511 0.778463 0.569681 0.778403 0.615105 0.776241 0.568299 0.778772 0.567787 0.776536 0.569681 0.778403 0.528269 0.802221 0.526651 0.800608 0.567787 0.776536 0.568299 0.778772 0.528269 0.802221 0.567787 0.776536 0.502914 0.889499 0.505146 0.842526 0.505125 0.88889 0.502935 0.841946 0.514174 0.820691 0.505146 0.842526 0.502914 0.889499 0.502935 0.841946 0.505146 0.842526 0.502935 0.841946 0.512502 0.819022 0.514174 0.820691</float_array>
          <technique_common>
            <accessor source="#_-mesh-map-0-array" count="6774" stride="2">
              <param name="S" type="float"/>
              <param name="T" type="float"/>
            </accessor>
          </technique_common>
        </source>
        <vertices id="_-mesh-vertices">
          <input semantic="POSITION" source="#_-mesh-positions"/>
        </vertices>
        <triangles material="default_002-material" count="2258">
          <input semantic="VERTEX" source="#_-mesh-vertices" offset="0"/>
          <input semantic="NORMAL" source="#_-mesh-normals" offset="1"/>
          <input semantic="TEXCOORD" source="#_-mesh-map-0" offset="2" set="0"/>
          <p>34 0 0 3 1 1 0 2 2 75 3 3 1 3 4 4 3 5 40 4 6 34 5 7 0 6 8 66 7 9 41 8 10 2 9 11 75 10 12 65 10 13 1 10 14 34 11 15 5 12 16 3 13 17 77 14 18 4 14 19 6 14 20 77 15 21 75 15 22 4 15 23 34 16 24 7 17 25 5 18 26 79 19 27 6 19 28 8 19 29 79 20 30 77 20 31 6 20 32 32 21 33 9 22 34 7 23 35 81 24 36 8 24 37 10 24 38 34 25 39 32 26 40 7 27 41 81 28 42 79 28 43 8 28 44 30 29 45 11 30 46 9 31 47 83 32 48 10 32 49 12 32 50 32 33 51 30 34 52 9 35 53 83 36 54 81 36 55 10 36 56 28 37 57 13 38 58 11 39 59 86 40 60 12 40 61 14 40 62 30 41 63 28 42 64 11 43 65 86 44 66 83 44 67 12 44 68 26 45 69 15 46 70 13 47 71 88 48 72 14 48 73 16 48 74 28 49 75 26 50 76 13 51 77 88 52 78 86 52 79 14 52 80 20 53 81 17 54 82 15 55 83 44 56 84 16 56 85 18 56 86 22 57 87 20 58 88 15 59 89 26 60 90 22 61 91 15 62 92 44 63 93 42 63 94 16 63 95 88 64 96 16 64 97 42 64 98 98 65 99 19 66 100 21 67 101 48 68 102 44 68 103 18 68 104 98 69 105 49 70 106 19 71 107 98 72 108 21 73 109 23 74 110 115 75 111 25 76 112 27 77 113 112 78 114 99 79 115 24 80 116 114 81 117 112 82 118 24 83 119 118 84 120 27 85 121 29 86 122 118 87 123 115 88 124 27 89 125 120 90 126 29 91 127 31 92 128 120 93 129 118 94 130 29 95 131 122 96 132 31 97 133 33 98 134 122 99 135 120 100 136 31 101 137 126 102 138 33 103 139 35 104 140 124 105 141 122 106 142 33 107 143 126 108 144 124 109 145 33 110 146 40 111 147 36 112 148 34 113 149 126 114 150 35 115 151 39 116 152 66 117 153 37 118 154 41 119 155 90 120 156 37 121 157 66 122 158 100 123 159 38 124 160 91 125 161 126 126 162 39 127 163 101 128 164 861 129 165 43 130 166 45 131 167 862 132 168 89 133 169 43 134 170 862 135 171 43 136 172 861 137 173 48 138 174 46 138 175 44 138 176 861 139 177 45 140 178 47 141 179 50 142 180 46 142 181 48 142 182 52 143 183 46 143 184 50 143 185 860 144 186 47 145 187 53 146 188 861 147 189 47 148 190 860 149 191 98 150 192 51 151 193 49 152 194 73 153 195 52 153 196 50 153 197 98 154 198 74 155 199 51 156 200 73 157 201 54 157 202 52 157 203 859 158 204 53 159 205 55 160 206 860 161 207 53 162 208 859 163 209 71 164 210 56 164 211 54 164 212 859 165 213 55 166 214 57 167 215 73 168 216 71 168 217 54 168 218 69 169 219 59 169 220 56 169 221 858 170 222 58 171 223 60 172 224 71 173 225 69 173 226 56 173 227 859 174 228 57 175 229 857 176 230 67 177 231 61 177 232 59 177 233 1694 178 234 60 179 235 62 180 236 69 181 237 67 181 238 59 181 239 858 182 240 60 183 241 856 184 242 1694 185 243 856 186 244 60 187 245 65 188 246 63 188 247 61 188 248 1692 189 249 62 190 250 64 191 251 67 192 252 65 192 253 61 192 254 1694 193 255 62 194 256 1692 195 257 75 196 258 63 196 259 65 196 260 1690 197 261 64 198 262 76 199 263 1692 200 264 64 201 265 1690 202 266 90 203 267 66 204 268 68 205 269 92 206 270 68 207 271 70 208 272 92 209 273 90 210 274 68 211 275 94 212 276 70 213 277 72 214 278 94 215 279 92 216 280 70 217 281 96 218 282 72 219 283 74 220 284 96 221 285 94 222 286 72 223 287 98 224 288 96 225 289 74 226 290 1688 227 291 76 228 292 78 229 293 1690 230 294 76 231 295 1688 232 296 1688 233 297 78 234 298 80 235 299 1686 236 300 80 237 301 82 238 302 1688 239 303 80 240 304 1686 241 305 1686 242 306 82 243 307 85 244 308 863 245 309 84 246 310 87 247 311 1686 248 312 85 249 313 864 250 314 862 251 315 87 252 316 89 253 317 863 254 318 87 255 319 862 256 320 104 257 321 91 258 322 93 259 323 104 260 324 100 261 325 91 262 326 106 263 327 93 264 328 95 265 329 106 266 330 104 267 331 93 268 332 108 269 333 95 270 334 97 271 335 108 272 336 106 273 337 95 274 338 112 275 339 97 276 340 99 277 341 110 278 342 108 279 343 97 280 344 112 281 345 110 282 346 97 283 347 163 284 348 103 285 349 105 286 350 157 287 351 127 288 352 102 289 353 162 290 354 157 291 355 102 292 356 182 293 357 105 294 358 107 295 359 163 296 360 105 297 361 160 298 362 180 299 363 160 300 364 105 301 365 182 302 366 180 303 367 105 304 368 184 305 369 107 306 370 109 307 371 184 308 372 182 309 373 107 310 374 168 311 375 109 312 376 111 313 377 168 314 378 164 315 379 109 316 380 184 317 381 109 318 382 164 319 383 170 320 384 111 321 385 113 322 386 170 323 387 168 324 388 111 325 389 176 326 390 113 327 391 117 328 392 172 329 393 170 330 394 113 331 395 174 332 396 172 333 397 113 334 398 176 335 399 174 336 400 113 337 401 128 338 402 116 339 403 119 340 404 178 341 405 117 342 406 129 343 407 178 344 408 176 345 409 117 346 410 135 347 411 119 348 412 121 349 413 130 350 414 128 351 415 119 352 416 133 353 417 130 354 418 119 355 419 135 356 420 133 357 421 119 358 422 141 359 423 121 360 424 123 361 425 137 362 426 135 363 427 121 364 428 139 365 429 137 366 430 121 367 431 141 368 432 139 369 433 121 370 434 149 371 435 123 372 436 125 373 437 143 374 438 141 375 439 123 376 440 145 377 441 143 378 442 123 379 443 147 380 444 145 381 445 123 382 446 149 383 447 147 384 448 123 385 449 155 386 450 125 387 451 127 388 452 153 389 453 149 390 454 125 391 455 155 392 456 153 393 457 125 394 458 157 395 459 155 396 460 127 397 461 178 398 462 129 399 463 131 400 464 235 401 465 132 401 466 134 401 467 237 402 468 179 402 469 132 402 470 237 403 471 132 403 472 235 403 473 233 404 474 134 404 475 136 404 476 235 405 477 134 405 478 233 405 479 231 406 480 136 406 481 138 406 482 233 407 483 136 407 484 231 407 485 231 408 486 138 408 487 140 408 488 229 409 489 140 409 490 142 409 491 231 410 492 140 410 493 229 410 494 229 411 495 142 411 496 144 411 497 227 412 498 144 412 499 146 412 500 229 413 501 144 413 502 227 413 503 225 414 504 146 414 505 148 414 506 227 415 507 146 415 508 225 415 509 225 416 510 148 416 511 152 416 512 186 417 513 150 418 514 154 419 515 222 420 516 151 421 517 187 422 518 224 423 519 151 424 520 222 425 521 191 426 522 154 427 523 156 428 524 188 429 525 186 430 526 154 431 527 191 432 528 188 433 529 154 434 530 193 435 531 156 436 532 158 437 533 193 438 534 191 439 535 156 440 536 162 441 537 159 442 538 157 443 539 195 444 540 158 445 541 161 446 542 195 447 543 193 448 544 158 449 545 197 450 546 161 451 547 181 452 548 197 453 549 195 454 550 161 455 551 243 456 552 167 456 553 169 456 554 202 457 555 185 458 556 165 459 557 207 460 558 202 461 559 165 462 560 242 463 561 208 464 562 166 465 563 243 466 564 169 466 565 171 466 566 243 467 567 171 467 568 173 467 569 241 468 570 173 468 571 175 468 572 243 469 573 173 469 574 241 469 575 239 470 576 175 470 577 177 470 578 241 471 579 175 471 580 239 471 581 237 472 582 177 472 583 179 472 584 239 473 585 177 473 586 237 473 587 200 474 588 181 475 589 183 476 590 200 477 591 197 478 592 181 479 593 202 480 594 183 481 595 185 482 596 202 483 597 200 484 598 183 485 599 222 486 600 187 487 601 189 488 602 268 489 603 190 490 604 192 491 605 266 492 606 223 493 607 190 494 608 268 495 609 266 496 610 190 497 611 270 498 612 192 499 613 194 500 614 270 501 615 268 502 616 192 503 617 272 504 618 194 505 619 196 506 620 272 507 621 270 508 622 194 509 623 272 510 624 196 511 625 199 512 626 244 513 627 198 514 628 201 515 629 272 516 630 199 517 631 245 518 632 249 519 633 201 520 634 203 521 635 247 522 636 244 523 637 201 524 638 249 525 639 247 526 640 201 527 641 207 528 642 204 529 643 202 530 644 251 531 645 203 532 646 206 533 647 251 534 648 249 535 649 203 536 650 242 537 651 205 538 652 208 539 653 242 540 654 209 541 655 205 542 656 253 543 657 206 544 658 210 545 659 253 546 660 251 547 661 206 548 662 242 549 663 211 550 664 209 551 665 255 552 666 210 553 667 212 554 668 255 555 669 253 556 670 210 557 671 238 558 672 213 559 673 211 560 674 257 561 675 212 562 676 214 563 677 240 564 678 238 565 679 211 566 680 242 567 681 240 568 682 211 569 683 257 570 684 255 571 685 212 572 686 236 573 687 215 574 688 213 575 689 259 576 690 214 577 691 216 578 692 238 579 693 236 580 694 213 581 695 259 582 696 257 583 697 214 584 698 234 585 699 218 586 700 215 587 701 262 588 702 217 589 703 219 590 704 236 591 705 234 592 706 215 593 707 261 594 708 259 595 709 216 596 710 232 597 711 220 598 712 218 599 713 264 600 714 219 601 715 221 602 716 234 603 717 232 604 718 218 605 719 264 606 720 262 607 721 219 608 722 228 609 723 222 610 724 220 611 725 266 612 726 221 613 727 223 614 728 230 615 729 228 616 730 220 617 731 232 618 732 230 619 733 220 620 734 266 621 735 264 622 736 221 623 737 226 624 738 224 625 739 222 626 740 228 627 741 226 628 742 222 629 743 2197 630 744 246 630 745 248 630 746 2197 630 747 273 630 748 246 630 749 2199 631 750 248 631 751 250 631 752 2199 632 753 2197 632 754 248 632 755 2201 633 756 250 633 757 252 633 758 2201 634 759 2199 634 760 250 634 761 2203 630 762 252 630 763 254 630 764 2203 635 765 2201 635 766 252 635 767 2205 630 768 254 630 769 256 630 770 2205 630 771 2203 630 772 254 630 773 2210 636 774 256 636 775 258 636 776 2208 630 777 2205 630 778 256 630 779 2210 637 780 2208 637 781 256 637 782 2212 638 783 258 638 784 260 638 785 2212 639 786 2210 639 787 258 639 788 2216 630 789 260 630 790 263 630 791 2216 640 792 2212 640 793 260 640 794 2216 630 795 263 630 796 265 630 797 2191 641 798 265 641 799 267 641 800 2214 630 801 265 630 802 2191 630 803 2216 642 804 265 642 805 2214 642 806 2193 630 807 267 630 808 269 630 809 2193 643 810 2191 643 811 267 643 812 2184 630 813 269 630 814 271 630 815 2193 630 816 269 630 817 2184 630 818 2189 644 819 271 644 820 273 644 821 2187 630 822 2184 630 823 271 630 824 2189 645 825 2187 645 826 271 645 827 2195 630 828 2189 630 829 273 630 830 2197 646 831 2195 646 832 273 646 833 363 647 834 277 648 835 274 649 836 2250 650 837 276 650 838 278 650 839 368 651 840 363 652 841 274 653 842 382 654 843 369 655 844 275 656 845 2250 650 846 383 650 847 276 650 848 342 657 849 279 658 850 277 659 851 2238 660 852 278 660 853 280 660 854 344 661 855 342 662 856 277 663 857 347 664 858 344 665 859 277 666 860 349 667 861 347 668 862 277 669 863 352 670 864 349 671 865 277 672 866 354 673 867 352 674 868 277 675 869 357 676 870 354 677 871 277 678 872 359 679 873 357 680 874 277 681 875 363 682 876 359 683 877 277 684 878 2248 650 879 278 650 880 2238 650 881 2250 685 882 278 685 883 2248 685 884 339 686 885 281 687 886 279 688 887 2240 650 888 280 650 889 282 650 890 342 689 891 339 690 892 279 691 893 2240 692 894 2238 692 895 280 692 896 319 693 897 283 694 898 281 695 899 2236 650 900 282 650 901 284 650 902 321 696 903 319 697 904 281 698 905 334 699 906 321 700 907 281 701 908 337 702 909 334 703 910 281 704 911 339 705 912 337 706 913 281 707 914 2240 650 915 282 650 916 2236 650 917 317 708 918 285 709 919 283 710 920 2232 711 921 284 711 922 286 711 923 319 712 924 317 713 925 283 714 926 2234 715 927 284 715 928 2232 715 929 2236 716 930 284 716 931 2234 716 932 290 717 933 287 718 934 285 719 935 2228 650 936 286 650 937 289 650 938 292 720 939 290 721 940 285 722 941 296 723 942 292 724 943 285 725 944 298 726 945 296 727 946 285 728 947 301 729 948 298 730 949 285 731 950 303 732 951 301 733 952 285 734 953 306 735 954 303 736 955 285 737 956 308 738 957 306 739 958 285 740 959 311 741 960 308 742 961 285 743 962 313 744 963 311 745 964 285 746 965 317 747 966 313 748 967 285 749 968 2230 650 969 286 650 970 2228 650 971 2232 650 972 286 650 973 2230 650 974 451 750 975 288 751 976 291 752 977 448 753 978 370 754 979 288 755 980 2228 650 981 289 650 982 371 650 983 451 756 984 448 757 985 288 758 986 451 759 987 291 760 988 293 761 989 610 762 990 295 763 991 297 764 992 608 765 993 452 766 994 294 767 995 610 768 996 609 769 997 295 770 998 610 771 999 297 772 1000 299 773 1001 611 774 1002 300 775 1003 302 776 1004 575 777 1005 302 778 1006 304 779 1007 575 780 1008 568 781 1009 302 782 1010 611 783 1011 302 784 1012 568 785 1013 620 786 1014 305 787 1015 307 788 1016 614 789 1017 575 790 1018 304 791 1019 618 792 1020 615 793 1021 305 794 1022 620 795 1023 618 796 1024 305 797 1025 620 798 1026 307 799 1027 309 800 1028 316 801 1029 310 802 1030 312 803 1031 505 804 1032 310 805 1033 316 806 1034 621 807 1035 310 808 1036 505 809 1037 497 810 1038 314 810 1039 318 810 1040 497 630 1041 453 630 1042 314 630 1043 504 811 1044 315 812 1045 454 813 1046 462 630 1047 318 630 1048 320 630 1049 462 630 1050 459 630 1051 318 630 1052 497 630 1053 318 630 1054 459 630 1055 324 814 1056 320 814 1057 322 814 1058 457 630 1059 320 630 1060 324 630 1061 469 630 1062 320 630 1063 457 630 1064 464 630 1065 462 630 1066 320 630 1067 467 815 1068 464 815 1069 320 815 1070 469 816 1071 467 816 1072 320 816 1073 327 817 1074 323 818 1075 321 819 1076 329 820 1077 327 821 1078 321 822 1079 332 823 1080 329 824 1081 321 825 1082 334 826 1083 332 827 1084 321 828 1085 330 829 1086 326 830 1087 328 831 1088 763 832 1089 326 833 1090 330 834 1091 750 835 1092 458 836 1093 325 837 1094 750 838 1095 325 839 1096 743 840 1097 763 841 1098 744 842 1099 326 843 1100 764 844 1101 331 845 1102 333 846 1103 764 847 1104 333 848 1105 335 849 1106 772 850 1107 336 851 1108 338 852 1109 771 853 1110 764 854 1111 335 855 1112 821 856 1113 338 857 1114 340 858 1115 772 859 1116 338 860 1117 770 861 1118 821 862 1119 770 863 1120 338 864 1121 824 865 1122 341 866 1123 343 867 1124 822 868 1125 821 869 1126 340 870 1127 824 871 1128 823 872 1129 341 873 1130 824 874 1131 343 875 1132 345 876 1133 825 877 1134 346 878 1135 348 879 1136 832 880 1137 348 881 1138 350 882 1139 825 883 1140 348 884 1141 802 885 1142 832 886 1143 802 887 1144 348 888 1145 838 889 1146 351 890 1147 353 891 1148 832 892 1149 350 893 1150 830 894 1151 838 895 1152 831 896 1153 351 897 1154 838 898 1155 353 899 1156 355 900 1157 362 901 1158 356 902 1159 358 903 1160 746 904 1161 356 905 1162 362 906 1163 839 907 1164 356 908 1165 746 909 1166 472 630 1167 360 630 1168 364 630 1169 469 630 1170 457 630 1171 360 630 1172 745 910 1173 361 911 1174 458 912 1175 472 630 1176 469 630 1177 360 630 1178 368 913 1179 365 914 1180 363 915 1181 474 916 1182 364 916 1183 367 916 1184 474 630 1185 472 630 1186 364 630 1187 382 917 1188 366 918 1189 369 919 1190 384 920 1191 366 921 1192 382 922 1193 477 923 1194 367 923 1195 385 923 1196 477 630 1197 474 630 1198 367 630 1199 430 924 1200 372 925 1201 370 926 1202 2226 650 1203 371 650 1204 373 650 1205 443 927 1206 430 928 1207 370 929 1208 446 930 1209 443 931 1210 370 932 1211 448 933 1212 446 934 1213 370 935 1214 2228 650 1215 371 650 1216 2226 650 1217 428 936 1218 374 937 1219 372 938 1220 2224 650 1221 373 650 1222 375 650 1223 430 939 1224 428 940 1225 372 941 1226 2226 942 1227 373 942 1228 2224 942 1229 426 943 1230 376 944 1231 374 945 1232 2222 650 1233 375 650 1234 377 650 1235 428 946 1236 426 947 1237 374 948 1238 2224 949 1239 375 949 1240 2222 949 1241 405 950 1242 378 951 1243 376 952 1244 2219 650 1245 377 650 1246 379 650 1247 407 953 1248 405 954 1249 376 955 1250 410 956 1251 407 957 1252 376 958 1253 412 959 1254 410 960 1255 376 961 1256 415 962 1257 412 963 1258 376 964 1259 417 965 1260 415 966 1261 376 967 1262 420 968 1263 417 969 1264 376 970 1265 422 971 1266 420 972 1267 376 973 1268 426 974 1269 422 975 1270 376 976 1271 2222 650 1272 377 650 1273 2219 650 1274 402 977 1275 380 978 1276 378 979 1277 2244 650 1278 379 650 1279 381 650 1280 405 980 1281 402 981 1282 378 982 1283 2242 650 1284 2219 650 1285 379 650 1286 2244 983 1287 2242 983 1288 379 983 1289 384 984 1290 382 985 1291 380 986 1292 2246 650 1293 381 650 1294 383 650 1295 397 987 1296 384 988 1297 380 989 1298 400 990 1299 397 991 1300 380 992 1301 402 993 1302 400 994 1303 380 995 1304 2246 996 1305 2244 996 1306 381 996 1307 2250 997 1308 2246 997 1309 383 997 1310 390 998 1311 386 999 1312 384 1000 1313 479 1001 1314 385 1001 1315 387 1001 1316 392 1002 1317 390 1003 1318 384 1004 1319 395 1005 1320 392 1006 1321 384 1007 1322 397 1008 1323 395 1009 1324 384 1010 1325 479 630 1326 477 630 1327 385 630 1328 393 1011 1329 389 1012 1330 391 1013 1331 642 1014 1332 389 1015 1333 393 1016 1334 489 630 1335 387 630 1336 455 630 1337 634 1017 1338 456 1018 1339 388 1019 1340 482 630 1341 479 630 1342 387 630 1343 484 630 1344 482 630 1345 387 630 1346 487 1020 1347 484 1020 1348 387 1020 1349 489 630 1350 487 630 1351 387 630 1352 634 1021 1353 388 1022 1354 627 1023 1355 642 1024 1356 628 1025 1357 389 1026 1358 654 1027 1359 394 1028 1360 396 1029 1361 652 1030 1362 643 1031 1363 394 1032 1364 654 1033 1365 652 1034 1366 394 1035 1367 654 1036 1368 396 1037 1369 398 1038 1370 655 1039 1371 399 1040 1372 401 1041 1373 709 1042 1374 401 1043 1375 403 1044 1376 651 1045 1377 401 1046 1378 649 1047 1379 709 1048 1380 649 1049 1381 401 1050 1382 653 1051 1383 401 1052 1384 651 1053 1385 655 1054 1386 401 1055 1387 653 1056 1388 712 1057 1389 404 1058 1390 406 1059 1391 710 1060 1392 709 1061 1393 403 1062 1394 712 1063 1395 711 1064 1396 404 1065 1397 712 1066 1398 406 1067 1399 408 1068 1400 713 1069 1401 409 1070 1402 411 1071 1403 720 1072 1404 411 1073 1405 413 1074 1406 713 1075 1407 411 1076 1408 690 1077 1409 720 1078 1410 690 1079 1411 411 1080 1412 726 1081 1413 414 1082 1414 416 1083 1415 720 1084 1416 413 1085 1417 718 1086 1418 726 1087 1419 719 1088 1420 414 1089 1421 726 1090 1422 416 1091 1423 418 1092 1424 425 1093 1425 419 1094 1426 421 1095 1427 630 1096 1428 419 1097 1429 425 1098 1430 727 1099 1431 419 1100 1432 630 1101 1433 429 630 1434 423 630 1435 427 630 1436 455 630 1437 423 630 1438 429 630 1439 629 1102 1440 424 1103 1441 456 1104 1442 492 630 1443 429 630 1444 431 630 1445 489 630 1446 455 630 1447 429 630 1448 492 1105 1449 489 1105 1450 429 1105 1451 436 1106 1452 432 1107 1453 430 1108 1454 494 1109 1455 431 1109 1456 433 1109 1457 438 1110 1458 436 1111 1459 430 1112 1460 441 1113 1461 438 1114 1462 430 1115 1463 443 1116 1464 441 1117 1465 430 1118 1466 494 630 1467 492 630 1468 431 630 1469 439 1119 1470 435 1120 1471 437 1121 1472 525 1122 1473 435 1123 1474 439 1124 1475 494 630 1476 433 630 1477 453 630 1478 511 1125 1479 454 1126 1480 434 1127 1481 513 1128 1482 434 1129 1483 502 1130 1484 521 1131 1485 503 1132 1486 435 1133 1487 513 1134 1488 511 1135 1489 434 1136 1490 523 1137 1491 521 1138 1492 435 1139 1493 525 1140 1494 523 1141 1495 435 1142 1496 526 1143 1497 440 1144 1498 442 1145 1499 526 1146 1500 442 1147 1501 444 1148 1502 538 1149 1503 445 1150 1504 447 1151 1505 537 1152 1506 526 1153 1507 444 1154 1508 605 1155 1509 447 1156 1510 449 1157 1511 534 1158 1512 447 1159 1513 532 1160 1514 605 1161 1515 532 1162 1516 447 1163 1517 536 1164 1518 447 1165 1519 534 1166 1520 538 1167 1521 447 1168 1522 536 1169 1523 608 1170 1524 450 1171 1525 452 1172 1526 606 1173 1527 605 1174 1528 449 1175 1529 608 1176 1530 607 1177 1531 450 1178 1532 497 630 1533 494 630 1534 453 630 1535 506 1179 1536 504 1180 1537 454 1181 1538 509 1182 1539 506 1183 1540 454 1184 1541 511 1185 1542 509 1186 1543 454 1187 1544 631 1188 1545 629 1189 1546 456 1190 1547 634 1191 1548 631 1192 1549 456 1193 1550 747 1194 1551 745 1195 1552 458 1196 1553 750 1197 1554 747 1198 1555 458 1199 1556 1907 1200 1557 461 1201 1558 463 1202 1559 1909 1203 1560 498 1203 1561 460 1203 1562 1909 1204 1563 460 1204 1564 1906 1204 1565 1904 1205 1566 463 1206 1567 466 1207 1568 1907 1208 1569 463 1209 1570 1904 1210 1571 1901 1211 1572 465 1211 1573 468 1211 1574 1904 1212 1575 466 1213 1576 1902 1214 1577 1899 1215 1578 468 1215 1579 470 1215 1580 1901 1216 1581 468 1216 1582 1899 1216 1583 1897 1217 1584 471 1218 1585 473 1219 1586 1899 1216 1587 470 1216 1588 1896 1216 1589 1934 1220 1590 473 1221 1591 476 1222 1592 1934 1223 1593 1897 1224 1594 473 1225 1595 1931 1226 1596 475 1226 1597 478 1226 1598 1934 1227 1599 476 1228 1600 1932 1229 1601 1929 1226 1602 478 1226 1603 480 1226 1604 1931 1230 1605 478 1230 1606 1929 1230 1607 1927 1231 1608 481 1232 1609 483 1233 1610 1929 1234 1611 480 1234 1612 1926 1234 1613 1924 1235 1614 483 1236 1615 486 1237 1616 1927 1238 1617 483 1239 1618 1924 1240 1619 1921 1241 1620 485 1241 1621 488 1241 1622 1924 1242 1623 486 1243 1624 1922 1244 1625 1919 1245 1626 488 1245 1627 490 1245 1628 1921 1246 1629 488 1246 1630 1919 1246 1631 1917 1247 1632 491 1248 1633 493 1249 1634 1919 1250 1635 490 1250 1636 1916 1250 1637 1914 1251 1638 493 1252 1639 496 1253 1640 1917 1254 1641 493 1255 1642 1914 1256 1643 1911 1257 1644 495 1257 1645 498 1257 1646 1914 1258 1647 496 1259 1648 1912 1260 1649 1911 1261 1650 498 1261 1651 1909 1261 1652 513 1262 1653 502 1263 1654 499 1264 1655 515 1265 1656 500 1266 1657 503 1267 1658 551 1268 1659 514 1269 1660 501 1270 1661 551 1271 1662 501 1272 1663 516 1273 1664 517 1274 1665 515 1275 1666 503 1276 1667 521 1277 1668 517 1278 1669 503 1279 1670 623 1280 1671 505 1281 1672 508 1282 1673 621 1283 1674 505 1284 1675 619 1285 1676 623 1286 1677 619 1287 1678 505 1288 1679 547 1289 1680 507 1290 1681 510 1291 1682 547 1292 1683 543 1293 1684 507 1294 1685 553 1295 1686 507 1296 1687 543 1297 1688 623 1298 1689 508 1299 1690 554 1300 1691 547 1301 1692 510 1302 1693 512 1303 1694 549 1304 1695 512 1305 1696 514 1306 1697 549 1307 1698 547 1308 1699 512 1309 1700 551 1310 1701 549 1311 1702 514 1312 1703 551 1313 1704 516 1314 1705 520 1315 1706 527 1316 1707 518 1317 1708 522 1318 1709 539 1319 1710 519 1319 1711 528 1319 1712 551 1320 1713 520 1321 1714 540 1322 1715 535 1323 1716 522 1324 1717 524 1325 1718 529 1326 1719 527 1327 1720 522 1328 1721 533 1329 1722 529 1330 1723 522 1331 1724 535 1332 1725 533 1333 1726 522 1334 1727 537 1335 1728 524 1336 1729 526 1337 1730 537 1338 1731 535 1339 1732 524 1340 1733 539 1341 1734 528 1341 1735 530 1341 1736 604 1342 1737 541 1343 1738 531 1344 1739 580 1345 1740 552 1346 1741 542 1347 1742 603 1348 1743 580 1349 1744 542 1350 1745 604 1351 1746 602 1352 1747 541 1353 1748 573 1354 1749 546 1355 1750 548 1356 1751 555 1357 1752 553 1358 1753 543 1359 1754 559 1360 1755 556 1360 1756 544 1360 1757 572 1361 1758 560 1362 1759 545 1363 1760 571 1364 1761 548 1365 1762 550 1366 1763 573 1367 1764 548 1368 1765 571 1369 1766 580 1370 1767 550 1371 1768 552 1372 1769 580 1373 1770 571 1374 1771 550 1375 1772 623 1376 1773 554 1377 1774 558 1378 1775 563 1379 1776 556 1379 1777 559 1379 1778 617 1380 1779 557 1381 1780 564 1382 1781 622 1383 1782 557 1384 1783 617 1385 1784 617 1386 1785 564 1387 1786 562 1388 1787 574 1389 1788 560 1390 1789 572 1391 1790 616 1392 1791 561 1393 1792 575 1394 1793 574 1395 1794 569 1396 1795 565 1397 1796 581 630 1797 566 630 1798 570 630 1799 609 1398 1800 567 1399 1801 582 1400 1802 610 1401 1803 567 1402 1804 609 1403 1805 574 1404 1806 572 1405 1807 569 1406 1808 595 630 1809 570 630 1810 579 630 1811 595 630 1812 581 630 1813 570 630 1814 614 1407 1815 612 1408 1816 575 1409 1817 616 1410 1818 575 1411 1819 612 1412 1820 597 630 1821 579 630 1822 576 630 1823 603 1413 1824 578 1414 1825 580 1415 1826 588 630 1827 586 630 1828 576 630 1829 600 630 1830 576 630 1831 586 630 1832 602 1416 1833 589 1417 1834 577 1418 1835 600 630 1836 597 630 1837 576 630 1838 597 630 1839 595 630 1840 579 630 1841 592 1419 1842 583 1419 1843 581 1419 1844 609 1420 1845 582 1421 1846 585 1422 1847 595 630 1848 592 630 1849 581 630 1850 600 1423 1851 586 1423 1852 583 1423 1853 607 1424 1854 584 1425 1855 587 1426 1856 600 1427 1857 583 1427 1858 592 1427 1859 608 1428 1860 584 1429 1861 607 1430 1862 607 1431 1863 587 1432 1864 591 1433 1865 604 1434 1866 589 1435 1867 602 1436 1868 606 1437 1869 590 1438 1870 605 1439 1871 2097 1440 1872 593 1441 1873 596 1442 1874 2100 1443 1875 601 1444 1876 594 1445 1877 2100 1446 1878 594 1447 1879 2098 1448 1880 2105 1449 1881 596 1450 1882 598 1451 1883 2105 1452 1884 2097 1453 1885 596 1454 1886 2103 1455 1887 599 1456 1888 601 1457 1889 2105 1458 1890 598 1459 1891 2102 1460 1892 2103 1461 1893 601 1462 1894 2100 1463 1895 622 1464 1896 613 1465 1897 615 1466 1898 622 1467 1899 617 1468 1900 613 1469 1901 622 1470 1902 615 1471 1903 618 1472 1904 634 1473 1905 627 1474 1906 624 1475 1907 636 1476 1908 625 1477 1909 628 1478 1910 664 1479 1911 635 1480 1912 626 1481 1913 664 1482 1914 626 1483 1915 637 1484 1916 638 1485 1917 636 1486 1918 628 1487 1919 642 1488 1920 638 1489 1921 628 1490 1922 727 1491 1923 630 1492 1924 633 1493 1925 660 1494 1926 632 1495 1927 635 1496 1928 666 1497 1929 632 1498 1930 660 1499 1931 723 1500 1932 633 1501 1933 667 1502 1934 727 1503 1935 633 1504 1936 723 1505 1937 664 1506 1938 660 1507 1939 635 1508 1940 664 1509 1941 637 1510 1942 641 1511 1943 644 1512 1944 639 1513 1945 643 1514 1946 656 1515 1947 640 1515 1948 645 1515 1949 664 1516 1950 641 1517 1951 657 1518 1952 646 1519 1953 644 1520 1954 643 1521 1955 650 1522 1956 646 1523 1957 643 1524 1958 652 1525 1959 650 1526 1960 643 1527 1961 656 1528 1962 645 1528 1963 647 1528 1964 708 1529 1965 659 1530 1966 648 1531 1967 674 1532 1968 665 1533 1969 658 1534 1970 679 1535 1971 674 1536 1972 658 1537 1973 708 1538 1974 680 1539 1975 659 1540 1976 681 1541 1977 661 1542 1978 665 1543 1979 668 1544 1980 666 1545 1981 660 1546 1982 736 1547 1983 670 1548 1984 662 1549 1985 737 1550 1986 663 1551 1987 682 1552 1988 674 1553 1989 671 1554 1990 665 1555 1991 681 1556 1992 665 1557 1993 671 1558 1994 723 1559 1995 667 1560 1996 669 1561 1997 730 1562 1998 723 1563 1999 669 1564 2000 736 1565 2001 731 1566 2002 670 1567 2003 698 630 2004 672 630 2005 675 630 2006 739 1568 2007 682 1569 2008 673 1570 2009 688 1571 2010 683 1571 2011 672 1571 2012 739 1572 2013 673 1573 2014 684 1574 2015 698 630 2016 688 630 2017 672 630 2018 679 1575 2019 676 1576 2020 674 1577 2021 701 630 2022 675 630 2023 677 630 2024 701 1578 2025 698 1578 2026 675 1578 2027 695 1579 2028 678 1580 2029 680 1581 2030 694 1582 2031 692 1582 2032 677 1582 2033 703 1583 2034 677 1583 2035 692 1583 2036 703 630 2037 701 630 2038 677 630 2039 708 1584 2040 695 1585 2041 680 1586 2042 737 1587 2043 682 1588 2044 735 1589 2045 739 1590 2046 735 1591 2047 682 1592 2048 688 1593 2049 685 1593 2050 683 1593 2051 739 1594 2052 684 1595 2053 687 1596 2054 721 1597 2055 686 1598 2056 691 1599 2057 738 1600 2058 686 1601 2059 721 1602 2060 706 630 2061 692 630 2062 688 630 2063 711 1603 2064 689 1604 2065 693 1605 2066 706 1606 2067 688 1606 2068 698 1606 2069 712 1607 2070 689 1608 2071 711 1609 2072 711 1610 2073 693 1611 2074 697 1612 2075 706 630 2076 703 630 2077 692 630 2078 710 1613 2079 696 1614 2080 709 1615 2081 2107 1616 2082 699 1617 2083 702 1618 2084 2110 1619 2085 707 1620 2086 700 1621 2087 2110 1622 2088 700 1623 2089 2108 1624 2090 2115 1625 2091 702 1626 2092 704 1627 2093 2115 1628 2094 2107 1629 2095 702 1630 2096 2113 1631 2097 705 1632 2098 707 1633 2099 2115 1634 2100 704 1635 2101 2112 1636 2102 2113 1637 2103 707 1638 2104 2110 1639 2105 720 1640 2106 718 1641 2107 714 1642 2108 728 1643 2109 715 1644 2110 719 1645 2111 738 1646 2112 721 1647 2113 717 1648 2114 729 1649 2115 725 1649 2116 716 1649 2117 733 1650 2118 716 1650 2119 725 1650 2120 738 1651 2121 717 1652 2122 734 1653 2123 726 1654 2124 722 1655 2125 719 1656 2126 728 1657 2127 719 1658 2128 722 1659 2129 732 1660 2130 724 1661 2131 731 1662 2132 736 1663 2133 732 1664 2134 731 1665 2135 750 1666 2136 743 1667 2137 740 1668 2138 752 1669 2139 741 1670 2140 744 1671 2141 848 1672 2142 751 1673 2143 742 1674 2144 848 1675 2145 742 1676 2146 753 1677 2147 754 1678 2148 752 1679 2149 744 1680 2150 759 1681 2151 754 1682 2152 744 1683 2153 763 1684 2154 759 1685 2155 744 1686 2156 839 1687 2157 746 1688 2158 748 1689 2159 848 1690 2160 749 1691 2161 751 1692 2162 842 1693 2163 839 1694 2164 748 1695 2165 844 1696 2166 843 1697 2167 749 1698 2168 848 1699 2169 844 1700 2170 749 1701 2171 848 1702 2172 753 1703 2173 756 1704 2174 759 1705 2175 757 1706 2176 754 1707 2177 777 1708 2178 755 1709 2179 758 1710 2180 848 1711 2181 756 1712 2182 779 1713 2183 781 1714 2184 758 1715 2185 762 1716 2186 781 1717 2187 777 1718 2188 758 1719 2189 765 1720 2190 760 1721 2191 764 1722 2192 773 1723 2193 761 1723 2194 766 1723 2195 781 1724 2196 762 1725 2197 774 1726 2198 767 1727 2199 765 1728 2200 764 1729 2201 771 1730 2202 767 1731 2203 764 1732 2204 773 1733 2205 766 1733 2206 768 1733 2207 820 1734 2208 776 1735 2209 769 1736 2210 791 1737 2211 782 1738 2212 775 1739 2213 820 1740 2214 792 1741 2215 776 1742 2216 791 1743 2217 778 1744 2218 782 1745 2219 793 1746 2220 778 1747 2221 791 1748 2222 796 1749 2223 780 1750 2224 794 1751 2225 849 1752 2226 780 1753 2227 796 1754 2228 793 1755 2229 786 1756 2230 783 1757 2231 804 1758 2232 784 1758 2233 787 1758 2234 796 1759 2235 794 1760 2236 785 1761 2237 810 630 2238 795 630 2239 784 630 2240 810 630 2241 784 630 2242 804 630 2243 793 1762 2244 788 1763 2245 786 1764 2246 804 1765 2247 787 1765 2248 789 1765 2249 793 1766 2250 791 1767 2251 788 1768 2252 807 1769 2253 790 1770 2254 792 1771 2255 806 630 2256 804 630 2257 789 630 2258 820 1772 2259 807 1773 2260 792 1774 2261 815 630 2262 797 630 2263 795 630 2264 849 1775 2265 796 1776 2266 799 1777 2267 818 630 2268 795 630 2269 810 630 2270 818 1778 2271 815 1778 2272 795 1778 2273 815 1779 2274 800 1779 2275 797 1779 2276 833 1780 2277 798 1781 2278 803 1782 2279 850 1783 2280 798 1784 2281 833 1785 2282 851 1786 2283 849 1787 2284 799 1788 2285 815 1789 2286 804 1789 2287 800 1789 2288 823 1790 2289 801 1791 2290 805 1792 2291 824 1793 2292 801 1794 2293 823 1795 2294 823 1796 2295 805 1797 2296 809 1798 2297 813 1799 2298 810 1799 2299 804 1799 2300 815 630 2301 813 630 2302 804 630 2303 822 1800 2304 808 1801 2305 821 1802 2306 2087 1803 2307 811 1804 2308 814 1805 2309 2090 1806 2310 819 1807 2311 812 1808 2312 2090 1809 2313 812 1810 2314 2088 1811 2315 2095 1625 2316 814 1626 2317 816 1627 2318 2095 1812 2319 2087 1813 2320 814 1814 2321 2093 1631 2322 817 1815 2323 819 1816 2324 2095 1634 2325 816 1635 2326 2092 1636 2327 2093 1817 2328 819 1818 2329 2090 1819 2330 832 1820 2331 830 1821 2332 826 1822 2333 840 1823 2334 827 1824 2335 831 1825 2336 850 1826 2337 833 1827 2338 829 1828 2339 841 1829 2340 837 1829 2341 828 1829 2342 845 1830 2343 828 1830 2344 837 1830 2345 850 1831 2346 829 1832 2347 846 1833 2348 838 1834 2349 834 1835 2350 831 1836 2351 840 1837 2352 831 1838 2353 834 1839 2354 842 1840 2355 835 1841 2356 839 1842 2357 844 1843 2358 836 1844 2359 843 1845 2360 851 1846 2361 847 1847 2362 849 1848 2363 875 1849 2364 857 1850 2365 852 1851 2366 876 1852 2367 875 1853 2368 852 1854 2369 916 1855 2370 877 1856 2371 853 1857 2372 1632 1858 2373 917 1859 2374 854 1860 2375 1634 1861 2376 1632 1862 2377 854 1863 2378 1693 1864 2379 1636 1865 2380 855 1866 2381 875 1867 2382 859 1868 2383 857 1869 2384 874 1870 2385 860 1871 2386 859 1872 2387 875 1873 2388 874 1874 2389 859 1875 2390 873 1876 2391 861 1877 2392 860 1878 2393 874 1879 2394 873 1880 2395 860 1881 2396 872 1882 2397 862 1883 2398 861 1884 2399 873 1885 2400 872 1886 2401 861 1887 2402 865 1888 2403 863 1889 2404 862 1890 2405 870 1891 2406 865 1892 2407 862 1893 2408 872 1894 2409 870 1895 2410 862 1896 2411 1686 1897 2412 864 1898 2413 869 1899 2414 906 1900 2415 866 1901 2416 871 1902 2417 908 1903 2418 866 1904 2419 906 1905 2420 1621 1906 2421 867 1907 2422 909 1908 2423 1663 1909 2424 868 1910 2425 1623 1911 2426 1665 1912 2427 868 1913 2428 1663 1914 2429 1685 1915 2430 868 1916 2431 1665 1917 2432 881 1918 2433 870 1919 2434 872 1920 2435 906 1921 2436 871 1922 2437 882 1923 2438 888 1924 2439 872 1925 2440 873 1926 2441 884 1927 2442 881 1928 2443 872 1929 2444 886 1930 2445 884 1931 2446 872 1932 2447 888 1933 2448 886 1934 2449 872 1935 2450 890 1936 2451 873 1937 2452 874 1938 2453 890 1939 2454 888 1940 2455 873 1941 2456 892 1942 2457 874 1943 2458 875 1944 2459 892 1945 2460 890 1946 2461 874 1947 2462 894 1948 2463 875 1949 2464 876 1950 2465 894 1951 2466 892 1952 2467 875 1953 2468 896 1954 2469 876 1955 2470 878 1956 2471 916 1957 2472 879 1958 2473 877 1959 2474 896 1960 2475 894 1961 2476 876 1962 2477 939 650 2478 897 650 2479 880 650 2480 916 1963 2481 898 1964 2482 879 1965 2483 939 650 2484 880 650 2485 899 650 2486 922 650 2487 883 650 2488 885 650 2489 922 650 2490 907 650 2491 883 650 2492 925 650 2493 885 650 2494 887 650 2495 925 1966 2496 922 1966 2497 885 1966 2498 927 650 2499 887 650 2500 889 650 2501 927 650 2502 925 650 2503 887 650 2504 929 650 2505 889 650 2506 891 650 2507 929 650 2508 927 650 2509 889 650 2510 931 650 2511 891 650 2512 893 650 2513 931 650 2514 929 650 2515 891 650 2516 935 650 2517 893 650 2518 895 650 2519 933 650 2520 931 650 2521 893 650 2522 935 650 2523 933 650 2524 893 650 2525 937 650 2526 895 650 2527 897 650 2528 937 650 2529 935 650 2530 895 650 2531 939 1967 2532 937 1967 2533 897 1967 2534 916 1968 2535 900 1969 2536 898 1970 2537 944 650 2538 899 650 2539 901 650 2540 942 650 2541 939 650 2542 899 650 2543 944 650 2544 942 650 2545 899 650 2546 914 1971 2547 902 1972 2548 900 1973 2549 946 650 2550 901 650 2551 903 650 2552 916 1974 2553 914 1975 2554 900 1976 2555 946 650 2556 944 650 2557 901 650 2558 910 1977 2559 904 1978 2560 902 1979 2561 948 650 2562 903 650 2563 905 650 2564 912 1980 2565 910 1981 2566 902 1982 2567 914 1983 2568 912 1984 2569 902 1985 2570 948 650 2571 946 650 2572 903 650 2573 908 1986 2574 906 1987 2575 904 1988 2576 918 650 2577 905 650 2578 907 650 2579 910 1989 2580 908 1990 2581 904 1991 2582 950 650 2583 905 650 2584 918 650 2585 950 650 2586 948 650 2587 905 650 2588 920 650 2589 918 650 2590 907 650 2591 922 1992 2592 920 1992 2593 907 1992 2594 1626 1993 2595 909 1994 2596 911 1995 2597 1624 1996 2598 1621 1997 2599 909 1998 2600 1626 1999 2601 1624 2000 2602 909 2001 2603 1626 2002 2604 911 2003 2605 913 2004 2606 1628 2005 2607 913 2006 2608 915 2007 2609 1628 2008 2610 1626 2009 2611 913 2010 2612 1630 2011 2613 915 2012 2614 917 2013 2615 1630 2014 2616 1628 2015 2617 915 2016 2618 1632 2017 2619 1630 2018 2620 917 2019 2621 962 2020 2622 919 2021 2623 921 2022 2624 962 2023 2625 951 2024 2626 919 2025 2627 964 2026 2628 921 2027 2629 923 2028 2630 964 2029 2631 962 2030 2632 921 2031 2633 969 2032 2634 924 2033 2635 926 2034 2636 966 2035 2637 964 2036 2638 923 2037 2639 1003 2038 2640 926 2039 2641 928 2040 2642 1003 2041 2643 969 2042 2644 926 2043 2645 1003 2044 2646 928 2045 2647 930 2046 2648 1001 2047 2649 930 2048 2650 932 2049 2651 1003 2050 2652 930 2051 2653 1001 2052 2654 999 2053 2655 932 2054 2656 934 2055 2657 1001 2056 2658 932 2057 2659 999 2058 2660 997 2059 2661 934 2060 2662 936 2061 2663 999 2062 2664 934 2063 2665 997 2064 2666 995 2065 2667 936 2066 2668 938 2067 2669 997 2068 2670 936 2069 2671 995 2070 2672 995 2071 2673 938 2072 2674 941 2073 2675 952 2074 2676 940 2075 2677 943 2076 2678 995 2077 2679 941 2078 2680 955 2079 2681 956 2080 2682 943 2081 2683 945 2082 2684 956 2083 2685 952 2084 2686 943 2085 2687 956 2086 2688 945 2087 2689 947 2088 2690 958 2089 2691 947 2090 2692 949 2091 2693 958 2092 2694 956 2093 2695 947 2094 2696 960 2095 2697 949 2096 2698 951 2097 2699 960 2098 2700 958 2099 2701 949 2100 2702 962 2101 2703 960 2102 2704 951 2103 2705 975 2104 2706 953 2105 2707 957 2106 2708 1016 2107 2709 954 2108 2710 976 2109 2711 1016 2110 2712 994 2111 2713 954 2112 2714 980 2113 2715 957 2114 2716 959 2115 2717 977 2116 2718 975 2117 2719 957 2118 2720 980 2119 2721 977 2120 2722 957 2121 2723 982 2122 2724 959 2123 2725 961 2124 2726 982 2125 2727 980 2126 2728 959 2127 2729 986 2128 2730 961 2129 2731 963 2130 2732 984 2131 2733 982 2132 2734 961 2133 2735 986 2134 2736 984 2135 2737 961 2136 2738 988 2137 2739 963 2138 2740 965 2139 2741 988 2140 2742 986 2141 2743 963 2142 2744 992 2143 2745 965 2144 2746 967 2145 2747 990 2146 2748 988 2147 2749 965 2148 2750 992 2149 2751 990 2150 2752 965 2151 2753 992 2152 2754 967 2153 2755 973 2154 2756 1002 2155 2757 974 2156 2758 968 2157 2759 992 2158 2760 973 2159 2761 970 2160 2762 1002 2161 2763 971 2162 2764 974 2163 2765 2172 2164 2766 993 2164 2767 972 2164 2768 1004 2165 2769 971 2166 2770 1002 2167 2771 2168 650 2772 972 650 2773 1005 650 2774 2172 650 2775 972 650 2776 2168 650 2777 1016 2168 2778 976 2169 2779 978 2170 2780 2151 650 2781 979 650 2782 981 650 2783 2154 650 2784 1017 650 2785 979 650 2786 2154 650 2787 979 650 2788 2151 650 2789 2176 2171 2790 981 2171 2791 983 2171 2792 2174 2172 2793 2151 2172 2794 981 2172 2795 2176 2173 2796 2174 2173 2797 981 2173 2798 2178 650 2799 983 650 2800 985 650 2801 2178 2174 2802 2176 2174 2803 983 2174 2804 2182 650 2805 985 650 2806 987 650 2807 2182 650 2808 2178 650 2809 985 650 2810 2182 650 2811 987 650 2812 989 650 2813 2180 650 2814 989 650 2815 991 650 2816 2182 2175 2817 989 2175 2818 2180 2175 2819 2170 2176 2820 991 2176 2821 993 2176 2822 2180 2177 2823 991 2177 2824 2170 2177 2825 2172 650 2826 2170 650 2827 993 650 2828 1014 2178 2829 996 2179 2830 994 2180 2831 1016 2181 2832 1014 2182 2833 994 2183 2834 1010 2184 2835 998 2185 2836 996 2186 2837 1012 2187 2838 1010 2188 2839 996 2189 2840 1014 2190 2841 1012 2191 2842 996 2192 2843 1008 2193 2844 1000 2194 2845 998 2195 2846 1010 2196 2847 1008 2197 2848 998 2198 2849 1004 2199 2850 1002 2200 2851 1000 2201 2852 1006 2202 2853 1004 2203 2854 1000 2204 2855 1008 2205 2856 1006 2206 2857 1000 2207 2858 2164 650 2859 1005 650 2860 1007 650 2861 2166 650 2862 1005 650 2863 2164 650 2864 2168 2208 2865 1005 2208 2866 2166 2208 2867 2162 650 2868 1007 650 2869 1009 650 2870 2164 650 2871 1007 650 2872 2162 650 2873 2160 650 2874 1009 650 2875 1011 650 2876 2162 2209 2877 1009 2209 2878 2160 2209 2879 2160 650 2880 1011 650 2881 1013 650 2882 2158 650 2883 1013 650 2884 1015 650 2885 2160 650 2886 1013 650 2887 2158 650 2888 2156 2210 2889 1015 2210 2890 1017 2210 2891 2158 2211 2892 1015 2211 2893 2156 2211 2894 2156 2212 2895 1017 2212 2896 2154 2212 2897 1052 2213 2898 1021 2214 2899 1018 2215 2900 2137 630 2901 1020 630 2902 1022 630 2903 1058 2216 2904 1052 2217 2905 1018 2218 2906 1072 2219 2907 1059 2220 2908 1019 2221 2909 2135 630 2910 1073 630 2911 1020 630 2912 2137 630 2913 2135 630 2914 1020 630 2915 1050 2222 2916 1023 2223 2917 1021 2224 2918 2142 630 2919 1022 630 2920 1024 630 2921 1052 2225 2922 1050 2226 2923 1021 2227 2924 2140 2228 2925 2137 2228 2926 1022 2228 2927 2142 2229 2928 2140 2229 2929 1022 2229 2930 1048 2230 2931 1025 2231 2932 1023 2232 2933 2144 630 2934 1024 630 2935 1026 630 2936 1050 2233 2937 1048 2234 2938 1023 2235 2939 2144 630 2940 2142 630 2941 1024 630 2942 1048 2236 2943 1027 2237 2944 1025 2238 2945 2148 630 2946 1026 630 2947 1028 630 2948 2148 2239 2949 2144 2239 2950 1026 2239 2951 1046 2240 2952 1029 2241 2953 1027 2242 2954 2148 630 2955 1028 630 2956 1030 630 2957 1048 2243 2958 1046 2244 2959 1027 2245 2960 1044 2246 2961 1031 2247 2962 1029 2248 2963 2146 2249 2964 1030 2249 2965 1032 2249 2966 1046 2250 2967 1044 2251 2968 1029 2252 2969 2148 2253 2970 1030 2253 2971 2146 2253 2972 1044 2254 2973 1033 2255 2974 1031 2256 2975 2123 630 2976 1032 630 2977 1034 630 2978 2146 630 2979 1032 630 2980 2123 630 2981 1038 2257 2982 1035 2258 2983 1033 2259 2984 2125 630 2985 1034 630 2986 1037 630 2987 1040 2260 2988 1038 2261 2989 1033 2262 2990 1044 2263 2991 1040 2264 2992 1033 2265 2993 2125 630 2994 2123 630 2995 1034 630 2996 1082 2266 2997 1036 2267 2998 1039 2268 2999 1082 2269 3000 1060 2270 3001 1036 2271 3002 2116 630 3003 1037 630 3004 1061 630 3005 2125 630 3006 1037 630 3007 2116 630 3008 1082 2272 3009 1039 2273 3010 1041 2274 3011 1102 2275 3012 1043 2276 3013 1045 2277 3014 1099 2278 3015 1083 2279 3016 1042 2280 3017 1101 2281 3018 1099 2282 3019 1042 2283 3020 1106 2284 3021 1045 2285 3022 1047 2286 3023 1104 2287 3024 1102 2288 3025 1045 2289 3026 1106 2290 3027 1104 2291 3028 1045 2292 3029 1108 2293 3030 1047 2294 3031 1049 2295 3032 1108 2296 3033 1106 2297 3034 1047 2298 3035 1110 2299 3036 1049 2300 3037 1051 2301 3038 1110 2302 3039 1108 2303 3040 1049 2304 3041 1112 2305 3042 1051 2306 3043 1053 2307 3044 1112 2308 3045 1110 2309 3046 1051 2310 3047 1058 2311 3048 1054 2312 3049 1052 2313 3050 1116 2314 3051 1053 2315 3052 1057 2316 3053 1114 2317 3054 1112 2318 3055 1053 2319 3056 1116 2320 3057 1114 2321 3058 1053 2322 3059 1072 2323 3060 1055 2324 3061 1059 2325 3062 1074 2326 3063 1055 2327 3064 1072 2328 3065 1084 2329 3066 1056 2330 3067 1075 2331 3068 1116 2332 3069 1057 2333 3070 1085 2334 3071 1080 2335 3072 1062 2336 3073 1060 2337 3074 2121 630 3075 1061 630 3076 1063 630 3077 1082 2338 3078 1080 2339 3079 1060 2340 3080 2119 630 3081 2116 630 3082 1061 630 3083 2121 630 3084 2119 630 3085 1061 630 3086 1080 2341 3087 1064 2342 3088 1062 2343 3089 2127 2344 3090 1063 2344 3091 1065 2344 3092 2127 630 3093 2121 630 3094 1063 630 3095 1078 2345 3096 1066 2346 3097 1064 2347 3098 2129 630 3099 1065 630 3100 1067 630 3101 1080 2348 3102 1078 2349 3103 1064 2350 3104 2129 2351 3105 2127 2351 3106 1065 2351 3107 1076 2352 3108 1068 2353 3109 1066 2354 3110 2129 630 3111 1067 630 3112 1069 630 3113 1078 2355 3114 1076 2356 3115 1066 2357 3116 1076 2358 3117 1070 2359 3118 1068 2360 3119 2131 630 3120 1069 630 3121 1071 630 3122 2131 630 3123 2129 630 3124 1069 630 3125 1074 2361 3126 1072 2362 3127 1070 2363 3128 2133 630 3129 1071 630 3130 1073 630 3131 1076 2364 3132 1074 2365 3133 1070 2366 3134 2133 630 3135 2131 630 3136 1071 630 3137 2135 630 3138 2133 630 3139 1073 630 3140 1087 2367 3141 1075 2368 3142 1077 2369 3143 1087 2370 3144 1084 2371 3145 1075 2372 3146 1091 2373 3147 1077 2374 3148 1079 2375 3149 1089 2376 3150 1087 2377 3151 1077 2378 3152 1091 2379 3153 1089 2380 3154 1077 2381 3155 1093 2382 3156 1079 2383 3157 1081 2384 3158 1093 2385 3159 1091 2386 3160 1079 2387 3161 1095 2388 3162 1081 2389 3163 1083 2390 3164 1095 2391 3165 1093 2392 3166 1081 2393 3167 1097 2394 3168 1095 2395 3169 1083 2396 3170 1099 2397 3171 1097 2398 3172 1083 2399 3173 1121 2400 3174 1086 2400 3175 1088 2400 3176 1125 2401 3177 1117 2401 3178 1086 2401 3179 1121 630 3180 1118 630 3181 1086 630 3182 1125 630 3183 1086 630 3184 1118 630 3185 1123 2402 3186 1088 2402 3187 1090 2402 3188 1123 2403 3189 1121 2403 3190 1088 2403 3191 1148 630 3192 1090 630 3193 1092 630 3194 1148 2404 3195 1123 2404 3196 1090 2404 3197 1148 2405 3198 1092 2405 3199 1094 2405 3200 1150 630 3201 1094 630 3202 1096 630 3203 1150 2406 3204 1148 2406 3205 1094 2406 3206 1146 2407 3207 1096 2407 3208 1098 2407 3209 1150 2408 3210 1096 2408 3211 1146 2408 3212 1142 2409 3213 1098 2409 3214 1100 2409 3215 1146 2410 3216 1098 2410 3217 1142 2410 3218 1142 630 3219 1100 630 3220 1103 630 3221 1129 630 3222 1103 630 3223 1105 630 3224 1139 630 3225 1103 630 3226 1129 630 3227 1144 630 3228 1103 630 3229 1139 630 3230 1144 2411 3231 1142 2411 3232 1103 2411 3233 1131 630 3234 1105 630 3235 1107 630 3236 1131 2412 3237 1129 2412 3238 1105 2412 3239 1133 630 3240 1107 630 3241 1109 630 3242 1133 2413 3243 1131 2413 3244 1107 2413 3245 1133 630 3246 1109 630 3247 1111 630 3248 1135 630 3249 1111 630 3250 1113 630 3251 1135 630 3252 1133 630 3253 1111 630 3254 1137 630 3255 1113 630 3256 1115 630 3257 1137 630 3258 1135 630 3259 1113 630 3260 1127 2414 3261 1115 2414 3262 1117 2414 3263 1137 2415 3264 1115 2415 3265 1127 2415 3266 1127 2416 3267 1117 2416 3268 1125 2416 3269 1167 2417 3270 1120 2418 3271 1122 2419 3272 1164 2420 3273 1126 2421 3274 1119 2422 3275 1166 2423 3276 1164 2424 3277 1119 2425 3278 1170 2426 3279 1122 2427 3280 1124 2428 3281 1170 2429 3282 1167 2430 3283 1122 2431 3284 1170 2432 3285 1124 2433 3286 1149 2434 3287 1164 2435 3288 1128 2436 3289 1126 2437 3290 1162 2438 3291 1138 2439 3292 1128 2440 3293 1164 2441 3294 1162 2442 3295 1128 2443 3296 1152 2444 3297 1130 2445 3298 1132 2446 3299 1152 2447 3300 1140 2448 3301 1130 2449 3302 1156 2450 3303 1132 2451 3304 1134 2452 3305 1156 2453 3306 1152 2454 3307 1132 2455 3308 1158 2456 3309 1134 2457 3310 1136 2458 3311 1158 2459 3312 1156 2460 3313 1134 2461 3314 1160 2462 3315 1136 2463 3316 1138 2464 3317 1160 2465 3318 1158 2466 3319 1136 2467 3320 1162 2468 3321 1160 2469 3322 1138 2470 3323 1178 2471 3324 1145 2472 3325 1141 2473 3326 1178 2474 3327 1141 2475 3328 1153 2476 3329 1176 2477 3330 1143 2478 3331 1145 2479 3332 1176 2480 3333 1147 2481 3334 1143 2482 3335 1178 2483 3336 1176 2484 3337 1145 2485 3338 1174 2486 3339 1151 2487 3340 1147 2488 3341 1176 2489 3342 1174 2490 3343 1147 2491 3344 1172 2492 3345 1149 2493 3346 1151 2494 3347 1172 2495 3348 1170 2496 3349 1149 2497 3350 1174 2498 3351 1172 2499 3352 1151 2500 3353 1195 2501 3354 1155 2502 3355 1157 2503 3356 1192 2504 3357 1179 2505 3358 1154 2506 3359 1194 2507 3360 1192 2508 3361 1154 2509 3362 1198 2510 3363 1157 2511 3364 1159 2512 3365 1198 2513 3366 1195 2514 3367 1157 2515 3368 1200 2516 3369 1159 2517 3370 1161 2518 3371 1200 2519 3372 1198 2520 3373 1159 2521 3374 1202 2522 3375 1161 2523 3376 1163 2524 3377 1202 2525 3378 1200 2526 3379 1161 2527 3380 1204 2528 3381 1163 2529 3382 1165 2530 3383 1204 2531 3384 1202 2532 3385 1163 2533 3386 1206 2534 3387 1165 2535 3388 1169 2536 3389 1206 2537 3390 1204 2538 3391 1165 2539 3392 1180 2540 3393 1168 2541 3394 1171 2542 3395 1206 2543 3396 1169 2544 3397 1181 2545 3398 1184 2546 3399 1171 2547 3400 1173 2548 3401 1184 2549 3402 1180 2550 3403 1171 2551 3404 1186 2552 3405 1173 2553 3406 1175 2554 3407 1186 2555 3408 1184 2556 3409 1173 2557 3410 1188 2558 3411 1175 2559 3412 1177 2560 3413 1188 2561 3414 1186 2562 3415 1175 2563 3416 1190 2564 3417 1177 2565 3418 1179 2566 3419 1190 2567 3420 1188 2568 3421 1177 2569 3422 1192 2570 3423 1190 2571 3424 1179 2572 3425 1226 2573 3426 1183 2574 3427 1185 2575 3428 1221 2576 3429 1207 2577 3430 1182 2578 3431 1223 2579 3432 1221 2580 3433 1182 2581 3434 1225 2582 3435 1223 2583 3436 1182 2584 3437 1228 2585 3438 1185 2586 3439 1187 2587 3440 1228 2588 3441 1226 2589 3442 1185 2590 3443 1230 2591 3444 1187 2592 3445 1189 2593 3446 1230 2594 3447 1228 2595 3448 1187 2596 3449 1232 2597 3450 1189 2598 3451 1191 2599 3452 1232 2600 3453 1230 2601 3454 1189 2602 3455 1234 2603 3456 1191 2604 3457 1193 2605 3458 1234 2606 3459 1232 2607 3460 1191 2608 3461 1236 2609 3462 1193 2610 3463 1197 2611 3464 1236 2612 3465 1234 2613 3466 1193 2614 3467 1208 2615 3468 1196 2616 3469 1199 2617 3470 1236 2618 3471 1197 2619 3472 1209 2620 3473 1213 2621 3474 1199 2622 3475 1201 2623 3476 1211 2624 3477 1208 2625 3478 1199 2626 3479 1213 2627 3480 1211 2628 3481 1199 2629 3482 1215 2630 3483 1201 2631 3484 1203 2632 3485 1215 2633 3486 1213 2634 3487 1201 2635 3488 1217 2636 3489 1203 2637 3490 1205 2638 3491 1217 2639 3492 1215 2640 3493 1203 2641 3494 1219 2642 3495 1205 2643 3496 1207 2644 3497 1219 2645 3498 1217 2646 3499 1205 2647 3500 1221 2648 3501 1219 2649 3502 1207 2650 3503 1241 630 3504 1210 630 3505 1212 630 3506 1243 630 3507 1237 630 3508 1210 630 3509 1241 630 3510 1238 630 3511 1210 630 3512 1243 630 3513 1210 630 3514 1238 630 3515 1260 630 3516 1212 630 3517 1214 630 3518 1260 630 3519 1241 630 3520 1212 630 3521 1262 630 3522 1214 630 3523 1216 630 3524 1262 630 3525 1260 630 3526 1214 630 3527 1262 630 3528 1216 630 3529 1218 630 3530 1264 630 3531 1218 630 3532 1220 630 3533 1264 630 3534 1262 630 3535 1218 630 3536 1266 630 3537 1220 630 3538 1222 630 3539 1266 630 3540 1264 630 3541 1220 630 3542 1258 630 3543 1222 630 3544 1224 630 3545 1266 630 3546 1222 630 3547 1258 630 3548 1256 630 3549 1224 630 3550 1227 630 3551 1258 630 3552 1224 630 3553 1256 630 3554 1247 630 3555 1227 630 3556 1229 630 3557 1253 630 3558 1227 630 3559 1247 630 3560 1256 630 3561 1227 630 3562 1253 630 3563 1249 630 3564 1229 630 3565 1231 630 3566 1249 630 3567 1247 630 3568 1229 630 3569 1249 630 3570 1231 630 3571 1233 630 3572 1251 630 3573 1233 630 3574 1235 630 3575 1251 630 3576 1249 630 3577 1233 630 3578 1245 630 3579 1235 630 3580 1237 630 3581 1251 630 3582 1235 630 3583 1245 630 3584 1245 630 3585 1237 630 3586 1243 630 3587 1283 2651 3588 1240 2652 3589 1242 2653 3590 1279 2654 3591 1244 2655 3592 1239 2656 3593 1281 2657 3594 1279 2658 3595 1239 2659 3596 1311 2660 3597 1242 2661 3598 1261 2662 3599 1311 2663 3600 1283 2664 3601 1242 2665 3602 1277 2666 3603 1246 2667 3604 1244 2668 3605 1279 2669 3606 1277 2670 3607 1244 2671 3608 1275 2672 3609 1252 2673 3610 1246 2674 3611 1277 2675 3612 1275 2676 3613 1246 2677 3614 1271 2678 3615 1248 2679 3616 1250 2680 3617 1268 2681 3618 1254 2682 3619 1248 2683 3620 1271 2684 3621 1268 2685 3622 1248 2686 3623 1273 2687 3624 1250 2688 3625 1252 2689 3626 1273 2690 3627 1271 2691 3628 1250 2692 3629 1275 2693 3630 1273 2694 3631 1252 2695 3632 1285 2696 3633 1257 2697 3634 1255 2698 3635 1285 2699 3636 1255 2700 3637 1270 2701 3638 1325 2702 3639 1259 2703 3640 1257 2704 3641 1325 2705 3642 1257 2706 3643 1285 2707 3644 1327 2708 3645 1267 2709 3646 1259 2710 3647 1327 2711 3648 1259 2712 3649 1325 2713 3650 1313 2714 3651 1261 2715 3652 1263 2716 3653 1313 2717 3654 1311 2718 3655 1261 2719 3656 1331 2720 3657 1263 2721 3658 1265 2722 3659 1331 2723 3660 1313 2724 3661 1263 2725 3662 1329 2726 3663 1265 2727 3664 1267 2728 3665 1331 2729 3666 1265 2730 3667 1329 2731 3668 1329 2732 3669 1267 2733 3670 1327 2734 3671 1288 650 3672 1269 650 3673 1272 650 3674 1288 650 3675 1284 650 3676 1269 650 3677 1293 650 3678 1272 650 3679 1274 650 3680 1291 650 3681 1288 650 3682 1272 650 3683 1293 650 3684 1291 650 3685 1272 650 3686 1295 650 3687 1274 650 3688 1276 650 3689 1295 650 3690 1293 650 3691 1274 650 3692 1297 650 3693 1276 650 3694 1278 650 3695 1297 2735 3696 1295 2735 3697 1276 2735 3698 1301 2736 3699 1278 2736 3700 1280 2736 3701 1299 2737 3702 1297 2737 3703 1278 2737 3704 1301 2738 3705 1299 2738 3706 1278 2738 3707 1305 650 3708 1280 650 3709 1282 650 3710 1303 2739 3711 1301 2739 3712 1280 2739 3713 1305 2740 3714 1303 2740 3715 1280 2740 3716 1310 650 3717 1305 650 3718 1282 650 3719 1288 2741 3720 1286 2741 3721 1284 2741 3722 1324 2742 3723 1284 2742 3724 1286 2742 3725 1362 2743 3726 1287 2744 3727 1290 2745 3728 1324 2746 3729 1286 2746 3730 1322 2746 3731 1362 2747 3732 1323 2748 3733 1287 2749 3734 1352 2750 3735 1289 2751 3736 1292 2752 3737 1362 2753 3738 1290 2754 3739 1353 2755 3740 1336 2756 3741 1292 2757 3742 1294 2758 3743 1336 2759 3744 1332 2760 3745 1292 2761 3746 1352 2762 3747 1292 2763 3748 1332 2764 3749 1336 2765 3750 1294 2766 3751 1296 2767 3752 1338 2768 3753 1296 2769 3754 1298 2770 3755 1338 2771 3756 1336 2772 3757 1296 2773 3758 1340 2774 3759 1298 2775 3760 1300 2776 3761 1340 2777 3762 1338 2778 3763 1298 2779 3764 1342 2780 3765 1300 2781 3766 1302 2782 3767 1342 2783 3768 1340 2784 3769 1300 2785 3770 1344 2786 3771 1302 2787 3772 1304 2788 3773 1344 2789 3774 1342 2790 3775 1302 2791 3776 1344 2792 3777 1304 2793 3778 1306 2794 3779 1310 650 3780 1308 650 3781 1305 650 3782 1351 2795 3783 1307 2796 3784 1309 2797 3785 1350 2798 3786 1344 2799 3787 1306 2800 3788 1312 2801 3789 1308 2801 3790 1310 2801 3791 1314 650 3792 1308 650 3793 1312 650 3794 1347 2802 3795 1309 2803 3796 1315 2804 3797 1351 2805 3798 1309 2806 3799 1347 2807 3800 1330 2808 3801 1314 2808 3802 1312 2808 3803 1330 650 3804 1316 650 3805 1314 650 3806 1354 2809 3807 1315 2810 3808 1317 2811 3809 1354 2812 3810 1347 2813 3811 1315 2814 3812 1328 650 3813 1318 650 3814 1316 650 3815 1356 2815 3816 1317 2816 3817 1319 2817 3818 1330 2818 3819 1328 2818 3820 1316 2818 3821 1356 2819 3822 1354 2820 3823 1317 2821 3824 1326 650 3825 1320 650 3826 1318 650 3827 1358 2822 3828 1319 2823 3829 1321 2824 3830 1328 2825 3831 1326 2825 3832 1318 2825 3833 1358 2826 3834 1356 2827 3835 1319 2828 3836 1326 650 3837 1322 650 3838 1320 650 3839 1362 2829 3840 1321 2830 3841 1323 2831 3842 1360 2832 3843 1358 2833 3844 1321 2834 3845 1362 2835 3846 1360 2836 3847 1321 2837 3848 1326 2838 3849 1324 2838 3850 1322 2838 3851 1379 2839 3852 1335 2840 3853 1337 2841 3854 1362 2842 3855 1353 2843 3856 1333 2844 3857 1376 2845 3858 1363 2846 3859 1334 2847 3860 1378 2848 3861 1376 2849 3862 1334 2850 3863 1382 2851 3864 1337 2852 3865 1339 2853 3866 1382 2854 3867 1379 2855 3868 1337 2856 3869 1384 2857 3870 1339 2858 3871 1341 2859 3872 1384 2860 3873 1382 2861 3874 1339 2862 3875 1386 2863 3876 1341 2864 3877 1343 2865 3878 1386 2866 3879 1384 2867 3880 1341 2868 3881 1388 2869 3882 1343 2870 3883 1345 2871 3884 1388 2872 3885 1386 2873 3886 1343 2874 3887 1350 2875 3888 1346 2876 3889 1344 2877 3890 1390 2878 3891 1345 2879 3892 1349 2880 3893 1390 2881 3894 1388 2882 3895 1345 2883 3896 1364 2884 3897 1348 2885 3898 1355 2886 3899 1390 2887 3900 1349 2888 3901 1365 2889 3902 1368 2890 3903 1355 2891 3904 1357 2892 3905 1368 2893 3906 1364 2894 3907 1355 2895 3908 1370 2896 3909 1357 2897 3910 1359 2898 3911 1370 2899 3912 1368 2900 3913 1357 2901 3914 1372 2902 3915 1359 2903 3916 1361 2904 3917 1372 2905 3918 1370 2906 3919 1359 2907 3920 1374 2908 3921 1361 2909 3922 1363 2910 3923 1374 2911 3924 1372 2912 3925 1361 2913 3926 1376 2914 3927 1374 2915 3928 1363 2916 3929 1415 2917 3930 1367 2918 3931 1369 2919 3932 1409 2920 3933 1391 2921 3934 1366 2922 3935 1414 2923 3936 1409 2924 3937 1366 2925 3938 1418 2926 3939 1369 2927 3940 1371 2928 3941 1415 2929 3942 1369 2930 3943 1412 2931 3944 1416 2932 3945 1412 2933 3946 1369 2934 3947 1418 2935 3948 1416 2936 3949 1369 2937 3950 1420 2938 3951 1371 2939 3952 1373 2940 3953 1420 2941 3954 1418 2942 3955 1371 2943 3956 1422 2944 3957 1373 2945 3958 1375 2946 3959 1422 2947 3960 1420 2948 3961 1373 2949 3962 1424 2950 3963 1375 2951 3964 1377 2952 3965 1424 2953 3966 1422 2954 3967 1375 2955 3968 1428 2956 3969 1377 2957 3970 1381 2958 3971 1426 2959 3972 1424 2960 3973 1377 2961 3974 1428 2962 3975 1426 2963 3976 1377 2964 3977 1392 2965 3978 1380 2966 3979 1383 2967 3980 1428 2968 3981 1381 2969 3982 1393 2970 3983 1399 2971 3984 1383 2972 3985 1385 2973 3986 1394 2974 3987 1392 2975 3988 1383 2976 3989 1397 2977 3990 1394 2978 3991 1383 2979 3992 1399 2980 3993 1397 2981 3994 1383 2982 3995 1401 2983 3996 1385 2984 3997 1387 2985 3998 1401 2986 3999 1399 2987 4000 1385 2988 4001 1403 2989 4002 1387 2990 4003 1389 2991 4004 1403 2992 4005 1401 2993 4006 1387 2994 4007 1407 2995 4008 1389 2996 4009 1391 2997 4010 1405 2998 4011 1403 2999 4012 1389 3000 4013 1407 3001 4014 1405 3002 4015 1389 3003 4016 1409 3004 4017 1407 3005 4018 1391 3006 4019 1428 3007 4020 1393 3008 4021 1395 3009 4022 1430 630 4023 1396 630 4024 1398 630 4025 1439 630 4026 1429 630 4027 1396 630 4028 1439 630 4029 1396 630 4030 1430 630 4031 1433 630 4032 1398 630 4033 1400 630 4034 1433 3010 4035 1430 3010 4036 1398 3010 4037 1435 630 4038 1400 630 4039 1402 630 4040 1435 630 4041 1433 630 4042 1400 630 4043 1462 630 4044 1402 630 4045 1404 630 4046 1462 630 4047 1435 630 4048 1402 630 4049 1449 3011 4050 1404 3011 4051 1406 3011 4052 1460 630 4053 1404 630 4054 1449 630 4055 1462 3012 4056 1404 3012 4057 1460 3012 4058 1451 630 4059 1406 630 4060 1408 630 4061 1451 3013 4062 1449 3013 4063 1406 3013 4064 1453 630 4065 1408 630 4066 1410 630 4067 1453 3014 4068 1451 3014 4069 1408 3014 4070 1414 3015 4071 1411 3016 4072 1409 3017 4073 1453 630 4074 1410 630 4075 1413 630 4076 1455 630 4077 1413 630 4078 1417 630 4079 1455 630 4080 1453 630 4081 1413 630 4082 1458 630 4083 1417 630 4084 1419 630 4085 1458 3018 4086 1455 3018 4087 1417 3018 4088 1447 630 4089 1419 630 4090 1421 630 4091 1458 3019 4092 1419 3019 4093 1447 3019 4094 1443 630 4095 1421 630 4096 1423 630 4097 1447 3020 4098 1421 3020 4099 1443 3020 4100 1441 630 4101 1423 630 4102 1425 630 4103 1445 630 4104 1423 630 4105 1441 630 4106 1445 630 4107 1443 630 4108 1423 630 4109 1437 630 4110 1425 630 4111 1427 630 4112 1441 630 4113 1425 630 4114 1437 630 4115 1439 630 4116 1427 630 4117 1429 630 4118 1439 3021 4119 1437 3021 4120 1427 3021 4121 1483 3022 4122 1432 3023 4123 1434 3024 4124 1476 3025 4125 1440 3026 4126 1431 3027 4127 1482 3028 4128 1476 3029 4129 1431 3030 4130 1486 3031 4131 1434 3032 4132 1436 3033 4133 1483 3034 4134 1434 3035 4135 1479 3036 4136 1486 3037 4137 1479 3038 4138 1434 3039 4139 1486 3040 4140 1436 3041 4141 1463 3042 4142 1476 3043 4143 1438 3044 4144 1440 3045 4145 1474 3046 4146 1442 3047 4147 1438 3048 4148 1476 3049 4149 1474 3050 4150 1438 3051 4151 1472 3052 4152 1446 3053 4153 1442 3054 4154 1474 3055 4155 1472 3056 4156 1442 3057 4157 1470 3058 4158 1444 3059 4159 1446 3060 4160 1470 3061 4161 1448 3062 4162 1444 3063 4163 1472 3064 4164 1470 3065 4165 1446 3066 4166 1468 3067 4167 1459 3068 4168 1448 3069 4169 1470 3070 4170 1468 3071 4171 1448 3072 4172 1492 3073 4173 1450 3074 4174 1452 3075 4175 1490 3076 4176 1461 3077 4177 1450 3078 4178 1492 3079 4179 1490 3080 4180 1450 3081 4181 1494 3082 4182 1452 3083 4183 1454 3084 4184 1494 3085 4185 1492 3086 4186 1452 3087 4187 1494 3088 4188 1454 3089 4189 1457 3090 4190 1484 3091 4191 1456 3092 4192 1459 3093 4193 1494 3094 4194 1457 3095 4195 1485 3096 4196 1468 3097 4197 1464 3098 4198 1459 3099 4199 1484 3100 4200 1459 3101 4201 1464 3102 4202 1488 3103 4203 1463 3104 4204 1461 3105 4205 1490 3106 4206 1488 3107 4207 1461 3108 4208 1488 3109 4209 1486 3110 4210 1463 3111 4211 1512 3112 4212 1467 3113 4213 1469 3114 4214 1494 3115 4215 1485 3116 4216 1465 3117 4217 1508 3118 4218 1495 3119 4219 1466 3120 4220 1510 3121 4221 1508 3122 4222 1466 3123 4223 1599 3124 4224 1469 3125 4225 1471 3126 4226 1599 3127 4227 1512 3128 4228 1469 3129 4229 1604 3130 4230 1471 3131 4231 1473 3132 4232 1604 3133 4233 1599 3134 4234 1471 3135 4235 1607 3136 4236 1473 3137 4237 1475 3138 4238 1607 3139 4239 1604 3140 4240 1473 3141 4241 1598 3142 4242 1475 3143 4243 1477 3144 4244 1595 3145 4245 1475 3146 4246 1593 3147 4247 1598 3148 4248 1593 3149 4249 1475 3150 4250 1607 3151 4251 1475 3152 4252 1595 3153 4253 1482 3154 4254 1478 3155 4255 1476 3156 4256 1598 3157 4257 1477 3158 4258 1481 3159 4259 1496 3160 4260 1480 3161 4261 1487 3162 4262 1598 3163 4263 1481 3164 4264 1499 3165 4265 1500 3166 4266 1487 3167 4267 1489 3168 4268 1500 3169 4269 1496 3170 4270 1487 3171 4271 1502 3172 4272 1489 3173 4273 1491 3174 4274 1502 3175 4275 1500 3176 4276 1489 3177 4277 1504 3178 4278 1491 3179 4279 1493 3180 4280 1504 3181 4281 1502 3182 4282 1491 3183 4283 1506 3184 4284 1493 3185 4285 1495 3186 4286 1506 3187 4287 1504 3188 4288 1493 3189 4289 1508 3190 4290 1506 3191 4291 1495 3192 4292 1514 3193 4293 1497 3194 4294 1501 3195 4295 1547 3196 4296 1498 3197 4297 1516 3198 4298 1597 3199 4299 1498 3200 4300 1547 3201 4301 1517 3202 4302 1501 3203 4303 1503 3204 4304 1517 3205 4305 1514 3206 4306 1501 3207 4307 1521 3208 4308 1503 3209 4309 1505 3210 4310 1519 3211 4311 1517 3212 4312 1503 3213 4313 1521 3214 4314 1519 3215 4315 1503 3216 4316 1523 3217 4317 1505 3218 4318 1507 3219 4319 1523 3220 4320 1521 3221 4321 1505 3222 4322 1525 3223 4323 1507 3224 4324 1509 3225 4325 1525 3226 4326 1523 3227 4327 1507 3228 4328 1529 3229 4329 1509 3230 4330 1511 3231 4331 1527 3232 4332 1525 3233 4333 1509 3234 4334 1529 3235 4335 1527 3236 4336 1509 3237 4337 1531 3238 4338 1529 3239 4339 1511 3240 4340 1600 3241 4341 1533 3242 4342 1513 3243 4343 1546 650 4344 1515 650 4345 1518 650 4346 1546 3244 4347 1518 3244 4348 1520 3244 4349 1558 650 4350 1520 650 4351 1522 650 4352 1546 650 4353 1520 650 4354 1545 650 4355 1558 3245 4356 1545 3245 4357 1520 3245 4358 1558 650 4359 1522 650 4360 1524 650 4361 1558 650 4362 1524 650 4363 1526 650 4364 1558 3246 4365 1526 3246 4366 1528 3246 4367 1544 3247 4368 1528 3247 4369 1530 3247 4370 1558 3248 4371 1528 3248 4372 1544 3248 4373 1542 3249 4374 1530 3249 4375 1532 3249 4376 1544 650 4377 1530 650 4378 1542 650 4379 1600 3250 4380 1543 3251 4381 1533 3252 4382 1544 3253 4383 1537 3253 4384 1534 3253 4385 1610 3254 4386 1536 3254 4387 1539 3254 4388 1556 3255 4389 1544 3255 4390 1534 3255 4391 1562 3256 4392 1557 3257 4393 1535 3258 4394 1564 3259 4395 1562 3260 4396 1535 3261 4397 1603 3262 4398 1566 3262 4399 1536 3262 4400 1610 3263 4401 1603 3263 4402 1536 3263 4403 1544 3264 4404 1540 3264 4405 1537 3264 4406 1609 3265 4407 1538 3266 4408 1541 3267 4409 1544 3268 4410 1542 3268 4411 1540 3268 4412 1600 3269 4413 1541 3270 4414 1543 3271 4415 1602 3272 4416 1541 3273 4417 1600 3274 4418 1609 3275 4419 1541 3276 4420 1602 3277 4421 1550 650 4422 1545 650 4423 1544 650 4424 1558 650 4425 1544 650 4426 1545 650 4427 1553 650 4428 1550 650 4429 1544 650 4430 1556 650 4431 1553 650 4432 1544 650 4433 1548 3278 4434 1546 3278 4435 1545 3278 4436 1550 650 4437 1548 650 4438 1545 650 4439 1597 3279 4440 1547 3280 4441 1549 3281 4442 1590 3282 4443 1549 3283 4444 1552 3284 4445 1592 3285 4446 1549 3286 4447 1590 3287 4448 1597 3288 4449 1549 3289 4450 1592 3290 4451 1561 3291 4452 1551 3291 4453 1555 3291 4454 1589 3292 4455 1551 3292 4456 1561 3292 4457 1559 3293 4458 1554 3294 4459 1557 3295 4460 1562 3296 4461 1559 3297 4462 1557 3298 4463 1565 630 4464 1560 630 4465 1563 630 4466 1580 630 4467 1560 630 4468 1565 630 4469 1584 3299 4470 1561 3299 4471 1582 3299 4472 1591 3300 4473 1561 3300 4474 1584 3300 4475 1591 3301 4476 1589 3301 4477 1561 3301 4478 1580 630 4479 1565 630 4480 1577 630 4481 1605 3302 4482 1578 3302 4483 1566 3302 4484 1605 3303 4485 1566 3303 4486 1603 3303 4487 1572 630 4488 1570 630 4489 1567 630 4490 1587 3304 4491 1569 3305 4492 1571 3306 4493 1574 630 4494 1572 630 4495 1567 630 4496 1580 630 4497 1574 630 4498 1567 630 4499 1583 3307 4500 1581 3307 4501 1568 3307 4502 1586 3307 4503 1583 3307 4504 1568 3307 4505 1617 3308 4506 1571 3309 4507 1573 3310 4508 1617 3311 4509 1587 3312 4510 1571 3313 4511 1619 3314 4512 1573 3315 4513 1576 3316 4514 1619 3317 4515 1617 3318 4516 1573 3319 4517 1580 630 4518 1577 630 4519 1574 630 4520 1614 3320 4521 1575 3320 4522 1579 3320 4523 1619 3321 4524 1576 3322 4525 1615 3323 4526 1611 3324 4527 1578 3324 4528 1605 3324 4529 1614 3320 4530 1579 3320 4531 1612 3320 4532 1613 650 4533 1585 650 4534 1588 650 4535 1594 3325 4536 1591 3325 4537 1584 3325 4538 1606 650 4539 1596 650 4540 1585 650 4541 1613 3326 4542 1606 3326 4543 1585 3326 4544 1616 650 4545 1613 650 4546 1588 650 4547 1618 650 4548 1616 650 4549 1588 650 4550 1608 3327 4551 1596 3327 4552 1606 3327 4553 1604 3328 4554 1601 3329 4555 1599 3330 4556 1620 650 4557 1616 650 4558 1618 650 4559 1672 3331 4560 1622 3331 4561 1625 3331 4562 1672 3331 4563 1662 3331 4564 1622 3331 4565 1677 3332 4566 1625 3332 4567 1627 3332 4568 1675 3331 4569 1672 3331 4570 1625 3331 4571 1677 3331 4572 1675 3331 4573 1625 3331 4574 1679 3331 4575 1627 3331 4576 1629 3331 4577 1679 3333 4578 1677 3333 4579 1627 3333 4580 1681 3331 4581 1629 3331 4582 1631 3331 4583 1681 3331 4584 1679 3331 4585 1629 3331 4586 1637 3334 4587 1631 3334 4588 1633 3334 4589 1683 3335 4590 1631 3335 4591 1637 3335 4592 1683 3331 4593 1681 3331 4594 1631 3331 4595 1641 3331 4596 1633 3331 4597 1635 3331 4598 1639 3331 4599 1637 3331 4600 1633 3331 4601 1641 3331 4602 1639 3331 4603 1633 3331 4604 1646 3331 4605 1641 3331 4606 1635 3331 4607 1693 3336 4608 1647 3337 4609 1636 3338 4610 1751 3339 4611 1638 3340 4612 1640 3341 4613 1753 3342 4614 1684 3343 4615 1638 3344 4616 1753 3345 4617 1638 3346 4618 1751 3347 4619 1751 3348 4620 1640 3349 4621 1643 3350 4622 1646 3331 4623 1644 3331 4624 1641 3331 4625 1699 3351 4626 1642 3352 4627 1645 3353 4628 1751 3354 4629 1643 3355 4630 1702 3356 4631 1648 3331 4632 1644 3331 4633 1646 3331 4634 1650 3331 4635 1644 3331 4636 1648 3331 4637 1699 3357 4638 1645 3358 4639 1651 3359 4640 1693 3360 4641 1649 3361 4642 1647 3362 4643 1670 3363 4644 1650 3363 4645 1648 3363 4646 1693 3364 4647 1671 3365 4648 1649 3366 4649 1670 3367 4650 1652 3367 4651 1650 3367 4652 1703 3368 4653 1651 3369 4654 1653 3370 4655 1703 3371 4656 1699 3372 4657 1651 3373 4658 1668 3331 4659 1654 3331 4660 1652 3331 4661 1705 3374 4662 1653 3375 4663 1655 3376 4664 1670 3331 4665 1668 3331 4666 1652 3331 4667 1705 3377 4668 1703 3378 4669 1653 3379 4670 1666 3331 4671 1656 3331 4672 1654 3331 4673 1707 3380 4674 1655 3381 4675 1657 3382 4676 1668 3331 4677 1666 3331 4678 1654 3331 4679 1707 3383 4680 1705 3384 4681 1655 3385 4682 1666 3386 4683 1658 3386 4684 1656 3386 4685 1709 3387 4686 1657 3388 4687 1659 3389 4688 1709 3390 4689 1707 3391 4690 1657 3392 4691 1664 3331 4692 1660 3331 4693 1658 3331 4694 1711 3393 4695 1659 3394 4696 1661 3395 4697 1666 3396 4698 1664 3396 4699 1658 3396 4700 1711 3397 4701 1709 3398 4702 1659 3399 4703 1664 3331 4704 1662 3331 4705 1660 3331 4706 1672 3331 4707 1660 3331 4708 1662 3331 4709 1711 3400 4710 1661 3401 4711 1673 3402 4712 1685 3403 4713 1665 3404 4714 1667 3405 4715 1687 3406 4716 1667 3407 4717 1669 3408 4718 1687 3409 4719 1685 3410 4720 1667 3411 4721 1689 3412 4722 1669 3413 4723 1671 3414 4724 1689 3415 4725 1687 3416 4726 1669 3417 4727 1691 3418 4728 1689 3419 4729 1671 3420 4730 1693 3421 4731 1691 3422 4732 1671 3423 4733 1698 3424 4734 1674 3425 4735 1676 3426 4736 1711 3427 4737 1673 3428 4738 1695 3429 4739 1759 3430 4740 1676 3431 4741 1678 3432 4742 1759 3433 4743 1698 3434 4744 1676 3435 4745 1757 3436 4746 1678 3437 4747 1680 3438 4748 1759 3439 4749 1678 3440 4750 1757 3441 4751 1757 3442 4752 1680 3443 4753 1682 3444 4754 1755 3445 4755 1682 3446 4756 1684 3447 4757 1757 3448 4758 1682 3449 4759 1755 3450 4760 1755 3451 4761 1684 3452 4762 1753 3453 4763 1726 3454 4764 1712 3455 4765 1696 3456 4766 1728 3457 4767 1726 3458 4768 1696 3459 4769 1730 3460 4770 1728 3461 4771 1696 3462 4772 1758 3463 4773 1732 3464 4774 1697 3465 4775 1713 3466 4776 1700 3467 4777 1704 3468 4778 1736 3469 4779 1701 3470 4780 1715 3471 4781 1750 3472 4782 1701 3473 4783 1736 3474 4784 1718 3475 4785 1704 3476 4786 1706 3477 4787 1716 3478 4788 1713 3479 4789 1704 3480 4790 1718 3481 4791 1716 3482 4792 1704 3483 4793 1720 3484 4794 1706 3485 4795 1708 3486 4796 1720 3487 4797 1718 3488 4798 1706 3489 4799 1722 3490 4800 1708 3491 4801 1710 3492 4802 1722 3493 4803 1720 3494 4804 1708 3495 4805 1724 3496 4806 1710 3497 4807 1712 3498 4808 1724 3499 4809 1722 3500 4810 1710 3501 4811 1726 3502 4812 1724 3503 4813 1712 3504 4814 1735 3505 4815 1714 3505 4816 1717 3505 4817 1721 3506 4818 1717 3506 4819 1719 3506 4820 1734 3507 4821 1717 3507 4822 1721 3507 4823 1735 3508 4824 1717 3508 4825 1734 3508 4826 1734 3331 4827 1721 3331 4828 1723 3331 4829 1733 3331 4830 1723 3331 4831 1725 3331 4832 1734 3331 4833 1723 3331 4834 1733 3331 4835 1733 3509 4836 1725 3509 4837 1727 3509 4838 1733 3510 4839 1727 3510 4840 1729 3510 4841 1742 3511 4842 1729 3511 4843 1731 3511 4844 1740 3512 4845 1733 3512 4846 1729 3512 4847 1742 3331 4848 1740 3331 4849 1729 3331 4850 1758 3513 4851 1743 3514 4852 1732 3515 4853 1739 3331 4854 1734 3331 4855 1733 3331 4856 1740 3516 4857 1739 3516 4858 1733 3516 4859 1737 3517 4860 1735 3517 4861 1734 3517 4862 1739 3518 4863 1737 3518 4864 1734 3518 4865 1750 3519 4866 1736 3520 4867 1738 3521 4868 1746 3522 4869 1737 3522 4870 1739 3522 4871 1750 3523 4872 1738 3524 4873 1747 3525 4874 1744 3526 4875 1739 3526 4876 1740 3526 4877 1748 3331 4878 1739 3331 4879 1744 3331 4880 1748 3527 4881 1746 3527 4882 1739 3527 4883 1756 3528 4884 1741 3529 4885 1743 3530 4886 1756 3531 4887 1745 3532 4888 1741 3533 4889 1758 3534 4890 1756 3535 4891 1743 3536 4892 1754 3537 4893 1749 3538 4894 1745 3539 4895 1756 3540 4896 1754 3541 4897 1745 3542 4898 1752 3543 4899 1747 3544 4900 1749 3545 4901 1752 3546 4902 1750 3547 4903 1747 3548 4904 1754 3549 4905 1752 3550 4906 1749 3551 4907 1816 3552 4908 1763 3552 4909 1760 3552 4910 2065 3553 4911 1761 3554 4912 1764 3555 4913 1918 3556 4914 1760 3556 4915 1809 3556 4916 2066 3557 4917 1810 3557 4918 1762 3557 4919 1819 3558 4920 1816 3558 4921 1760 3558 4922 1915 630 4923 1819 630 4924 1760 630 4925 1918 3559 4926 1915 3559 4927 1760 3559 4928 1816 3560 4929 1765 3560 4930 1763 3560 4931 1970 3561 4932 1764 3562 4933 1766 3563 4934 1972 3564 4935 1764 3565 4936 1970 3566 4937 2065 3567 4938 1764 3568 4939 1972 3569 4940 1816 630 4941 1768 630 4942 1765 630 4943 1968 3570 4944 1767 3570 4945 1769 3570 4946 1970 3571 4947 1766 3572 4948 1967 3573 4949 1786 630 4950 1770 630 4951 1768 630 4952 1965 3574 4953 1769 3575 4954 1771 3576 4955 1788 630 4956 1786 630 4957 1768 630 4958 1816 3577 4959 1788 3577 4960 1768 3577 4961 1968 3578 4962 1769 3579 4963 1965 3580 4964 1783 630 4965 1773 630 4966 1770 630 4967 1963 3581 4968 1772 3582 4969 1774 3583 4970 1786 630 4971 1783 630 4972 1770 630 4973 1965 3584 4974 1771 3585 4975 1962 3586 4976 1783 3587 4977 1775 3587 4978 1773 3587 4979 1960 3588 4980 1774 3589 4981 1776 3590 4982 1963 3591 4983 1774 3592 4984 1960 3593 4985 1783 630 4986 1777 630 4987 1775 630 4988 1958 3594 4989 1776 3595 4990 1778 3596 4991 1960 3597 4992 1776 3598 4993 1958 3599 4994 1781 630 4995 1779 630 4996 1777 630 4997 1954 3600 4998 1778 3601 4999 1780 3602 5000 1783 630 5001 1781 630 5002 1777 630 5003 1956 3603 5004 1778 3604 5005 1954 3605 5006 1958 3606 5007 1778 3607 5008 1956 3608 5009 1952 3609 5010 1780 3610 5011 1782 3611 5012 1954 3612 5013 1780 3613 5014 1952 3614 5015 1952 3615 5016 1782 3616 5017 1784 3617 5018 1950 3618 5019 1785 3619 5020 1787 3620 5021 1952 3621 5022 1784 3622 5023 1949 3623 5024 1947 3624 5025 1787 3625 5026 1789 3626 5027 1950 3627 5028 1787 3628 5029 1947 3629 5030 1816 630 5031 1791 630 5032 1788 630 5033 1945 3630 5034 1790 3631 5035 1792 3632 5036 1947 3633 5037 1789 3634 5038 1944 3635 5039 1816 630 5040 1793 630 5041 1791 630 5042 2067 3636 5043 1792 3637 5044 1794 3638 5045 1942 3639 5046 1792 3640 5047 1939 3641 5048 2067 3642 5049 1939 3643 5050 1792 3644 5051 1945 3645 5052 1792 3646 5053 1942 3647 5054 1898 630 5055 1796 630 5056 1793 630 5057 2068 3648 5058 1795 3648 5059 1797 3648 5060 1814 630 5061 1811 630 5062 1793 630 5063 1898 3649 5064 1793 3649 5065 1811 3649 5066 1816 3650 5067 1814 3650 5068 1793 3650 5069 1880 630 5070 1799 630 5071 1796 630 5072 2070 3651 5073 1798 3652 5074 1800 3653 5075 1883 630 5076 1880 630 5077 1796 630 5078 1885 3654 5079 1883 3654 5080 1796 3654 5081 2576 650 5082 2568 650 5083 2574 650 5084 1890 3655 5085 1885 3656 5086 1796 3657 5087 1895 3658 5088 1890 3658 5089 1796 3658 5090 1898 3659 5091 1895 3659 5092 1796 3659 5093 1940 3660 5094 1797 3660 5095 2069 3660 5096 2069 3661 5097 1936 3661 5098 1940 3661 5099 2068 3662 5100 1797 3662 5101 1940 3662 5102 1869 630 5103 1801 630 5104 1799 630 5105 1985 3663 5106 1800 3664 5107 1802 3665 5108 1871 630 5109 1869 630 5110 1799 630 5111 1874 3666 5112 1871 3666 5113 1799 3666 5114 1876 630 5115 1874 630 5116 1799 630 5117 1878 630 5118 1876 630 5119 1799 630 5120 1880 630 5121 1878 630 5122 1799 630 5123 1985 3667 5124 1937 3668 5125 1800 3669 5126 2070 3670 5127 1800 3671 5128 1937 3672 5129 1866 630 5130 1804 630 5131 1801 630 5132 1983 3673 5133 1803 3674 5134 1805 3675 5135 1869 3676 5136 1866 3676 5137 1801 3676 5138 1985 3677 5139 1802 3678 5140 1982 3679 5141 1861 630 5142 1806 630 5143 1804 630 5144 2071 3680 5145 1805 3681 5146 1807 3682 5147 1864 630 5148 1861 630 5149 1804 630 5150 1866 3683 5151 1864 3683 5152 1804 3683 5153 1980 3684 5154 1805 3685 5155 1977 3686 5156 2071 3687 5157 1977 3688 5158 1805 3689 5159 1983 3690 5160 1805 3691 5161 1980 3692 5162 1918 630 5163 1809 630 5164 1806 630 5165 2072 3693 5166 1808 3693 5167 1810 3693 5168 1895 3694 5169 1806 3694 5170 1861 3694 5171 1920 630 5172 1806 630 5173 1895 630 5174 1920 630 5175 1918 630 5176 1806 630 5177 1975 3695 5178 1810 3695 5179 1973 3695 5180 2066 3696 5181 1973 3696 5182 1810 3696 5183 1978 3697 5184 1810 3697 5185 1975 3697 5186 2072 3698 5187 1810 3698 5188 1978 3698 5189 2049 3699 5190 1812 3700 5191 1815 3701 5192 1898 3702 5193 1811 3702 5194 1849 3702 5195 2052 3703 5196 1850 3704 5197 1813 3705 5198 2052 3706 5199 1813 3707 5200 2050 3708 5201 1815 3709 5202 1817 3710 5203 2073 3711 5204 2047 3712 5205 1815 3713 5206 2044 3714 5207 2049 3715 5208 1815 3716 5209 2047 3717 5210 2074 3718 5211 1818 3718 5212 1820 3718 5213 2073 3719 5214 2044 3720 5215 1815 3721 5216 1915 3722 5217 1822 3722 5218 1819 3722 5219 2076 3723 5220 1821 3724 5221 1823 3725 5222 2074 3726 5223 1820 3726 5224 2045 3726 5225 2075 3727 5226 2045 3727 5227 1820 3727 5228 1915 3728 5229 1824 3728 5230 1822 3728 5231 2039 3729 5232 1823 3730 5233 1825 3731 5234 2042 3732 5235 1823 3733 5236 2039 3734 5237 2076 3735 5238 1823 3736 5239 2042 3737 5240 1915 3738 5241 1827 3738 5242 1824 3738 5243 2037 3739 5244 1826 3740 5245 1828 3741 5246 2039 3742 5247 1825 3743 5248 2036 3744 5249 1915 3745 5250 1829 3745 5251 1827 3745 5252 2034 3746 5253 1828 3747 5254 1830 3748 5255 2037 3749 5256 1828 3749 5257 2034 3749 5258 1900 3750 5259 1832 3750 5260 1829 3750 5261 2032 3751 5262 1831 3752 5263 1833 3753 5264 1915 630 5265 1900 630 5266 1829 630 5267 2034 3754 5268 1830 3755 5269 2031 3756 5270 1898 3757 5271 1834 3757 5272 1832 3757 5273 2029 3758 5274 1833 3759 5275 1835 3760 5276 1900 630 5277 1898 630 5278 1832 630 5279 2032 3761 5280 1833 3762 5281 2029 3763 5282 1898 3764 5283 1837 3764 5284 1834 3764 5285 2027 3765 5286 1836 3765 5287 1838 3765 5288 2029 3766 5289 1835 3767 5290 2026 3768 5291 1898 3769 5292 1840 3769 5293 1837 3769 5294 2064 3770 5295 1839 3771 5296 1841 3772 5297 2063 3773 5298 2027 3773 5299 1838 3773 5300 1898 3774 5301 1842 3774 5302 1840 3774 5303 2061 3775 5304 1841 3775 5305 1843 3775 5306 2064 3776 5307 1841 3777 5308 2061 3778 5309 1898 3779 5310 1845 3779 5311 1842 3779 5312 2059 3780 5313 1844 3781 5314 1846 3782 5315 2061 3783 5316 1843 3783 5317 2058 3783 5318 1898 3784 5319 1847 3784 5320 1845 3784 5321 2056 3785 5322 1846 3786 5323 1848 3787 5324 2059 3788 5325 1846 3789 5326 2056 3790 5327 1898 3791 5328 1849 3791 5329 1847 3791 5330 2054 3792 5331 1848 3793 5332 1850 3794 5333 2056 3795 5334 1848 3796 5335 2054 3797 5336 2054 3798 5337 1850 3799 5338 2052 3800 5339 1895 3801 5340 1854 3801 5341 1851 3801 5342 2077 3802 5343 1852 3803 5344 1855 3804 5345 1895 3805 5346 1851 3805 5347 1893 3805 5348 2078 3806 5349 1894 3806 5350 1853 3806 5351 1895 3807 5352 1856 3807 5353 1854 3807 5354 2019 3808 5355 1855 3809 5356 1857 3810 5357 2021 3811 5358 1855 3812 5359 2019 3813 5360 2077 3814 5361 1855 3815 5362 2021 3816 5363 1895 3817 5364 1859 3817 5365 1856 3817 5366 2017 3818 5367 1858 3818 5368 1860 3818 5369 2019 3819 5370 1857 3820 5371 2016 3821 5372 1895 3822 5373 1861 3822 5374 1859 3822 5375 2014 3823 5376 1860 3824 5377 1862 3825 5378 2017 3826 5379 1860 3827 5380 2014 3827 5381 2012 3828 5382 1863 3829 5383 1865 3830 5384 2014 3831 5385 1862 3832 5386 2011 3833 5387 2009 3834 5388 1865 3835 5389 1867 3836 5390 2012 3837 5391 1865 3838 5392 2009 3839 5393 2007 3840 5394 1868 3841 5395 1870 3842 5396 2009 3843 5397 1867 3844 5398 2006 3845 5399 2004 3846 5400 1870 3847 5401 1872 3848 5402 2007 3849 5403 1870 3850 5404 2004 3851 5405 2002 3852 5406 1873 3853 5407 1875 3854 5408 2004 3855 5409 1872 3856 5410 2001 3857 5411 1997 3858 5412 1875 3859 5413 1877 3860 5414 1999 3861 5415 1875 3862 5416 1997 3863 5417 2002 3864 5418 1875 3865 5419 1999 3866 5420 1995 3867 5421 1877 3868 5422 1879 3869 5423 1997 3870 5424 1877 3871 5425 1995 3872 5426 1995 3873 5427 1879 3874 5428 1881 3875 5429 1993 3876 5430 1882 3877 5431 1884 3878 5432 1995 3879 5433 1881 3880 5434 1992 3881 5435 1987 3882 5436 1884 3883 5437 1886 3884 5438 1990 3885 5439 1884 3886 5440 1987 3887 5441 1993 3888 5442 1884 3889 5443 1990 3890 5444 2576 3891 5445 2566 3891 5446 2568 3891 5447 2079 3892 5448 1987 3893 5449 1886 3894 5450 2081 3895 5451 2079 3895 5452 1886 3895 5453 2084 3896 5454 1887 3897 5455 1891 3898 5456 2084 3899 5457 2082 3900 5458 1887 3901 5459 1895 3902 5460 1893 3902 5461 1890 3902 5462 2085 3903 5463 1892 3903 5464 1894 3903 5465 2024 3904 5466 1988 3904 5467 1894 3904 5468 2080 3905 5469 1894 3905 5470 1988 3905 5471 2024 3906 5472 1894 3906 5473 2022 3906 5474 2078 3907 5475 2022 3907 5476 1894 3907 5477 2083 3908 5478 1894 3908 5479 2080 3908 5480 2085 3909 5481 1894 3909 5482 2083 3909 5483 1933 3910 5484 1920 3910 5485 1895 3910 5486 1913 3911 5487 1903 3911 5488 1900 3911 5489 1915 630 5490 1913 630 5491 1900 630 5492 1908 630 5493 1905 630 5494 1903 630 5495 1910 3912 5496 1908 3912 5497 1903 3912 5498 1913 630 5499 1910 630 5500 1903 630 5501 1933 3913 5502 1923 3913 5503 1920 3913 5504 1928 630 5505 1925 630 5506 1923 630 5507 1930 3914 5508 1928 3914 5509 1923 3914 5510 1933 630 5511 1930 630 5512 1923 630 5513 1984 3915 5514 1938 3915 5515 1935 3915 5516 1984 3916 5517 1941 3916 5518 1938 3916 5519 1984 3917 5520 1943 3917 5521 1941 3917 5522 1984 3918 5523 1946 3918 5524 1943 3918 5525 1981 3919 5526 1948 3919 5527 1946 3919 5528 1984 630 5529 1981 630 5530 1946 630 5531 1981 3920 5532 1951 3920 5533 1948 3920 5534 1981 3921 5535 1953 3921 5536 1951 3921 5537 1981 3922 5538 1955 3922 5539 1953 3922 5540 1981 3923 5541 1957 3923 5542 1955 3923 5543 1981 3924 5544 1959 3924 5545 1957 3924 5546 1981 3925 5547 1961 3925 5548 1959 3925 5549 1981 630 5550 1964 630 5551 1961 630 5552 1981 630 5553 1966 630 5554 1964 630 5555 1981 3926 5556 1969 3926 5557 1966 3926 5558 1981 3927 5559 1971 3927 5560 1969 3927 5561 1981 3928 5562 1974 3928 5563 1971 3928 5564 1979 630 5565 1976 630 5566 1974 630 5567 1981 3929 5568 1979 3929 5569 1974 3929 5570 2010 3930 5571 1989 3930 5572 1986 3930 5573 2013 630 5574 2010 630 5575 1986 630 5576 2023 630 5577 2013 630 5578 1986 630 5579 2003 630 5580 1991 630 5581 1989 630 5582 2005 3931 5583 2003 3931 5584 1989 3931 5585 2008 3932 5586 2005 3932 5587 1989 3932 5588 2010 630 5589 2008 630 5590 1989 630 5591 2000 3933 5592 1994 3933 5593 1991 3933 5594 2003 3934 5595 2000 3934 5596 1991 3934 5597 2000 3935 5598 1996 3935 5599 1994 3935 5600 2000 3936 5601 1998 3936 5602 1996 3936 5603 2023 3937 5604 2015 3937 5605 2013 3937 5606 2020 3938 5607 2018 3938 5608 2015 3938 5609 2023 3939 5610 2020 3939 5611 2015 3939 5612 2043 3940 5613 2028 3940 5614 2025 3940 5615 2046 630 5616 2043 630 5617 2025 630 5618 2062 630 5619 2046 630 5620 2025 630 5621 2043 3941 5622 2030 3941 5623 2028 3941 5624 2043 3942 5625 2033 3942 5626 2030 3942 5627 2040 3943 5628 2035 3943 5629 2033 3943 5630 2043 3944 5631 2040 3944 5632 2033 3944 5633 2040 3945 5634 2038 3945 5635 2035 3945 5636 2075 3946 5637 2041 3946 5638 2045 3946 5639 2060 3947 5640 2048 3947 5641 2046 3947 5642 2062 630 5643 2060 630 5644 2046 630 5645 2057 3948 5646 2051 3948 5647 2048 3948 5648 2060 3949 5649 2057 3949 5650 2048 3949 5651 2057 3950 5652 2053 3950 5653 2051 3950 5654 2057 630 5655 2055 630 5656 2053 630 5657 2091 630 5658 2089 630 5659 2086 630 5660 2094 630 5661 2091 630 5662 2086 630 5663 2101 630 5664 2099 630 5665 2096 630 5666 2104 630 5667 2101 630 5668 2096 630 5669 2111 630 5670 2109 630 5671 2106 630 5672 2114 630 5673 2111 630 5674 2106 630 5675 2169 3951 5676 2118 3952 5677 2120 3953 5678 2165 3954 5679 2126 3955 5680 2117 3956 5681 2167 3957 5682 2165 3958 5683 2117 3959 5684 2173 3960 5685 2120 3961 5686 2122 3962 5687 2173 3963 5688 2169 3964 5689 2120 3965 5690 2171 3966 5691 2122 3967 5692 2128 3968 5693 2173 3969 5694 2122 3970 5695 2171 3971 5696 2163 3972 5697 2124 3973 5698 2126 3974 5699 2161 3975 5700 2147 3976 5701 2124 3977 5702 2163 3978 5703 2161 3979 5704 2124 3980 5705 2165 3981 5706 2163 3982 5707 2126 3983 5708 2181 3984 5709 2128 3985 5710 2130 3986 5711 2181 3987 5712 2171 3988 5713 2128 3989 5714 2183 3990 5715 2130 3991 5716 2132 3992 5717 2183 3993 5718 2181 3994 5719 2130 3995 5720 2179 3996 5721 2132 3997 5722 2134 3998 5723 2183 3999 5724 2132 4000 5725 2179 4001 5726 2177 4002 5727 2134 4003 5728 2136 4004 5729 2179 4005 5730 2134 4006 5731 2177 4007 5732 2175 4008 5733 2136 4009 5734 2139 4010 5735 2177 4011 5736 2136 4012 5737 2175 4013 5738 2150 4014 5739 2138 4015 5740 2141 4016 5741 2175 4017 5742 2139 4018 5743 2152 4019 5744 2153 4020 5745 2141 4021 5746 2143 4022 5747 2153 4023 5748 2150 4024 5749 2141 4025 5750 2155 4026 5751 2143 4027 5752 2145 4028 5753 2155 4029 5754 2153 4030 5755 2143 4031 5756 2157 4032 5757 2145 4033 5758 2149 4034 5759 2157 4035 5760 2155 4036 5761 2145 4037 5762 2159 4038 5763 2149 4039 5764 2147 4040 5765 2161 4041 5766 2159 4042 5767 2147 4043 5768 2159 4044 5769 2157 4045 5770 2149 4046 5771 2237 4047 5772 2186 4048 5773 2188 4049 5774 2233 4050 5775 2194 4051 5776 2185 4052 5777 2235 4053 5778 2233 4054 5779 2185 4055 5780 2241 4056 5781 2188 4057 5782 2190 4058 5783 2241 4059 5784 2237 4060 5785 2188 4061 5786 2239 4062 5787 2190 4063 5788 2196 4064 5789 2241 4065 5790 2190 4066 5791 2239 4067 5792 2231 4068 5793 2192 4069 5794 2194 4070 5795 2229 4071 5796 2215 4072 5797 2192 4073 5798 2231 4074 5799 2229 4075 5800 2192 4076 5801 2233 4077 5802 2231 4078 5803 2194 4079 5804 2249 4080 5805 2196 4081 5806 2198 4082 5807 2249 4083 5808 2239 4084 5809 2196 4085 5810 2251 4086 5811 2198 4087 5812 2200 4088 5813 2251 4089 5814 2249 4090 5815 2198 4091 5816 2247 4092 5817 2200 4093 5818 2202 4094 5819 2251 4095 5820 2200 4096 5821 2247 4097 5822 2245 4098 5823 2202 4099 5824 2204 4100 5825 2247 4101 5826 2202 4102 5827 2245 4103 5828 2243 4104 5829 2204 4105 5830 2207 4106 5831 2245 4107 5832 2204 4108 5833 2243 4109 5834 2218 4110 5835 2206 4111 5836 2209 4112 5837 2243 4113 5838 2207 4114 5839 2220 4115 5840 2221 4116 5841 2209 4117 5842 2211 4118 5843 2221 4119 5844 2218 4120 5845 2209 4121 5846 2223 4122 5847 2211 4123 5848 2213 4124 5849 2223 4125 5850 2221 4126 5851 2211 4127 5852 2225 4128 5853 2213 4129 5854 2217 4130 5855 2225 4131 5856 2223 4132 5857 2213 4133 5858 2227 4134 5859 2217 4135 5860 2215 4136 5861 2229 4137 5862 2227 4138 5863 2215 4139 5864 2227 4140 5865 2225 4141 5866 2217 4142 5867 2290 4143 5868 2255 4144 5869 2252 4145 5870 2293 4146 5871 2254 4147 5872 2257 4148 5873 2378 650 5874 2291 650 5875 2253 650 5876 2390 4149 5877 2254 4150 5878 2293 4151 5879 2380 650 5880 2378 650 5881 2253 650 5882 2389 650 5883 2380 650 5884 2253 650 5885 2290 4152 5886 2258 4153 5887 2255 4154 5888 2300 630 5889 2256 630 5890 2259 630 5891 2298 630 5892 2292 630 5893 2256 630 5894 2300 630 5895 2298 630 5896 2256 630 5897 2288 4155 5898 2260 4156 5899 2258 4157 5900 2303 630 5901 2259 630 5902 2261 630 5903 2290 4158 5904 2288 4159 5905 2258 4160 5906 2303 630 5907 2300 630 5908 2259 630 5909 2286 4161 5910 2262 4162 5911 2260 4163 5912 2305 630 5913 2261 630 5914 2263 630 5915 2288 4164 5916 2286 4165 5917 2260 4166 5918 2305 4167 5919 2303 4167 5920 2261 4167 5921 2284 4168 5922 2264 4169 5923 2262 4170 5924 2307 4171 5925 2263 4171 5926 2265 4171 5927 2286 4172 5928 2284 4173 5929 2262 4174 5930 2307 4175 5931 2305 4175 5932 2263 4175 5933 2282 4176 5934 2266 4177 5935 2264 4178 5936 2311 630 5937 2265 630 5938 2267 630 5939 2284 4179 5940 2282 4180 5941 2264 4181 5942 2309 630 5943 2307 630 5944 2265 630 5945 2311 630 5946 2309 630 5947 2265 630 5948 2280 4182 5949 2268 4183 5950 2266 4184 5951 2313 630 5952 2267 630 5953 2269 630 5954 2282 4185 5955 2280 4186 5956 2266 4187 5957 2313 4188 5958 2311 4188 5959 2267 4188 5960 2278 4189 5961 2270 4190 5962 2268 4191 5963 2315 4192 5964 2269 4192 5965 2271 4192 5966 2280 4193 5967 2278 4194 5968 2268 4195 5969 2315 4196 5970 2313 4196 5971 2269 4196 5972 2275 4197 5973 2272 4198 5974 2270 4199 5975 2315 4200 5976 2271 4200 5977 2273 4200 5978 2278 4201 5979 2275 4202 5980 2270 4203 5981 2419 4204 5982 2274 4205 5983 2277 4206 5984 2317 630 5985 2315 630 5986 2273 630 5987 2330 630 5988 2317 630 5989 2273 630 5990 2419 4207 5991 2331 4208 5992 2274 4209 5993 2409 650 5994 2276 650 5995 2279 650 5996 2409 650 5997 2407 650 5998 2276 650 5999 2418 650 6000 2276 650 6001 2407 650 6002 2412 650 6003 2279 650 6004 2281 650 6005 2412 650 6006 2409 650 6007 2279 650 6008 2414 650 6009 2281 650 6010 2283 650 6011 2414 4210 6012 2412 4210 6013 2281 4210 6014 2416 650 6015 2283 650 6016 2285 650 6017 2416 4211 6018 2414 4211 6019 2283 4211 6020 2422 650 6021 2285 650 6022 2287 650 6023 2420 4212 6024 2416 4212 6025 2285 4212 6026 2422 4213 6027 2420 4213 6028 2285 4213 6029 2376 650 6030 2287 650 6031 2289 650 6032 2422 4214 6033 2287 4214 6034 2376 4214 6035 2378 650 6036 2289 650 6037 2291 650 6038 2378 4215 6039 2376 4215 6040 2289 4215 6041 2298 630 6042 2294 630 6043 2292 630 6044 2390 4216 6045 2293 4217 6046 2295 4218 6047 2298 4219 6048 2296 4219 6049 2294 4219 6050 2332 630 6051 2294 630 6052 2296 630 6053 2388 4220 6054 2295 4221 6055 2333 4222 6056 2390 4223 6057 2295 4224 6058 2388 4225 6059 2435 4226 6060 2297 4227 6061 2299 4228 6062 2338 4229 6063 2332 4229 6064 2296 4229 6065 2437 4230 6066 2339 4231 6067 2297 4232 6068 2437 4233 6069 2297 4234 6070 2435 4235 6071 2435 4236 6072 2299 4237 6073 2302 4238 6074 2450 4239 6075 2301 4240 6076 2304 4241 6077 2451 4242 6078 2435 4243 6079 2302 4244 6080 2371 4245 6081 2304 4246 6082 2306 4247 6083 2374 4248 6084 2304 4249 6085 2371 4250 6086 2450 4251 6087 2304 4252 6088 2374 4253 6089 2371 4254 6090 2306 4255 6091 2308 4256 6092 2369 4257 6093 2308 4258 6094 2310 4259 6095 2371 4260 6096 2308 4261 6097 2369 4262 6098 2367 4263 6099 2310 4264 6100 2312 4265 6101 2369 4266 6102 2310 4267 6103 2367 4268 6104 2365 4269 6105 2312 4270 6106 2314 4271 6107 2367 4272 6108 2312 4273 6109 2365 4274 6110 2363 4275 6111 2314 4276 6112 2316 4277 6113 2365 4278 6114 2314 4279 6115 2363 4280 6116 2363 4281 6117 2316 4282 6118 2318 4283 6119 2330 4284 6120 2320 4284 6121 2317 4284 6122 2449 4285 6123 2319 4286 6124 2321 4287 6125 2448 4288 6126 2363 4289 6127 2318 4290 6128 2328 630 6129 2322 630 6130 2320 630 6131 2443 4291 6132 2321 4292 6133 2323 4293 6134 2330 630 6135 2328 630 6136 2320 630 6137 2443 4294 6138 2361 4295 6139 2321 4296 6140 2449 4297 6141 2321 4298 6142 2361 4299 6143 2326 630 6144 2324 630 6145 2322 630 6146 2441 4300 6147 2323 4301 6148 2325 4302 6149 2328 4303 6150 2326 4303 6151 2322 4303 6152 2443 4304 6153 2323 4305 6154 2441 4306 6155 2334 4307 6156 2324 4307 6157 2326 4307 6158 2336 4308 6159 2324 4308 6160 2334 4308 6161 2441 4309 6162 2325 4310 6163 2337 4311 6164 2400 4312 6165 2327 4313 6166 2329 4314 6167 2402 4315 6168 2335 4316 6169 2327 4317 6170 2402 4318 6171 2327 4319 6172 2400 4320 6173 2404 4321 6174 2329 4322 6175 2331 4323 6176 2404 4324 6177 2400 4325 6178 2329 4326 6179 2419 4327 6180 2404 4328 6181 2331 4329 6182 2338 4171 6183 2334 4171 6184 2332 4171 6185 2392 4330 6186 2333 4331 6187 2335 4332 6188 2392 4333 6189 2388 4334 6190 2333 4335 6191 2338 4336 6192 2336 4336 6193 2334 4336 6194 2402 4337 6195 2392 4338 6196 2335 4339 6197 2439 4340 6198 2337 4341 6199 2339 4342 6200 2441 4343 6201 2337 4344 6202 2439 4345 6203 2439 4346 6204 2339 4347 6205 2437 4348 6206 2370 4349 6207 2344 4350 6208 2340 4351 6209 2446 4352 6210 2342 4353 6211 2345 4354 6212 2372 4355 6213 2370 4356 6214 2340 4357 6215 2432 4358 6216 2373 4359 6217 2341 4360 6218 2433 4361 6219 2343 4362 6220 2384 4363 6221 2447 4364 6222 2384 4365 6223 2343 4366 6224 2368 4367 6225 2346 4368 6226 2344 4369 6227 2377 4370 6228 2345 4371 6229 2347 4372 6230 2370 4373 6231 2368 4374 6232 2344 4375 6233 2379 4376 6234 2345 4377 6235 2377 4378 6236 2381 4379 6237 2345 4380 6238 2379 4381 6239 2446 4382 6240 2345 4383 6241 2381 4384 6242 2366 4385 6243 2348 4386 6244 2346 4387 6245 2423 4388 6246 2347 4389 6247 2349 4390 6248 2368 4391 6249 2366 4392 6250 2346 4393 6251 2423 4394 6252 2377 4395 6253 2347 4396 6254 2364 4397 6255 2350 4398 6256 2348 4399 6257 2421 4400 6258 2349 4401 6259 2351 4402 6260 2366 4403 6261 2364 4404 6262 2348 4405 6263 2423 4406 6264 2349 4407 6265 2421 4408 6266 2362 4409 6267 2352 4410 6268 2350 4411 6269 2415 4412 6270 2351 4413 6271 2353 4414 6272 2364 4415 6273 2362 4416 6274 2350 4417 6275 2417 4418 6276 2351 4419 6277 2415 4420 6278 2421 4421 6279 2351 4422 6280 2417 4423 6281 2358 4424 6282 2354 4425 6283 2352 4426 6284 2413 4427 6285 2353 4428 6286 2356 4429 6287 2362 4430 6288 2358 4431 6289 2352 4432 6290 2415 4433 6291 2353 4434 6292 2413 4435 6293 2442 4436 6294 2355 4437 6295 2359 4438 6296 2444 4439 6297 2413 4440 6298 2356 4441 6299 2442 4442 6300 2424 4443 6301 2355 4444 6302 2445 4445 6303 2357 4446 6304 2425 4447 6305 2448 4448 6306 2360 4449 6307 2363 4450 6308 2434 4451 6309 2373 4452 6310 2432 4453 6311 2451 4454 6312 2375 4455 6313 2435 4456 6314 2389 650 6315 2383 650 6316 2380 650 6317 2447 4457 6318 2382 4458 6319 2384 4459 6320 2387 650 6321 2385 650 6322 2383 650 6323 2433 4460 6324 2384 4461 6325 2386 4462 6326 2389 650 6327 2387 650 6328 2383 650 6329 2391 4463 6330 2385 4463 6331 2387 4463 6332 2393 4464 6333 2385 4464 6334 2391 4464 6335 2433 4465 6336 2386 4466 6337 2394 4467 6338 2401 4468 6339 2393 4468 6340 2391 4468 6341 2401 4469 6342 2395 4469 6343 2393 4469 6344 2431 4470 6345 2394 4471 6346 2396 4472 6347 2433 4473 6348 2394 4474 6349 2431 4475 6350 2401 650 6351 2397 650 6352 2395 650 6353 2429 4476 6354 2396 4477 6355 2398 4478 6356 2431 4479 6357 2396 4480 6358 2429 4481 6359 2401 4482 6360 2399 4482 6361 2397 4482 6362 2405 4483 6363 2397 4483 6364 2399 4483 6365 2427 4484 6366 2398 4485 6367 2406 4486 6368 2429 4487 6369 2398 4488 6370 2427 4489 6371 2405 650 6372 2399 650 6373 2403 650 6374 2407 4490 6375 2405 4490 6376 2403 4490 6377 2418 650 6378 2407 650 6379 2403 650 6380 2425 4491 6381 2406 4492 6382 2408 4493 6383 2427 4494 6384 2406 4495 6385 2425 4496 6386 2425 4497 6387 2408 4498 6388 2411 4499 6389 2444 4500 6390 2410 4501 6391 2413 4502 6392 2445 4503 6393 2425 4504 6394 2411 4505 6395 2440 4506 6396 2426 4507 6397 2424 4508 6398 2442 4509 6399 2440 4510 6400 2424 4511 6401 2438 4512 6402 2428 4513 6403 2426 4514 6404 2440 4515 6405 2438 4516 6406 2426 4517 6407 2436 4518 6408 2430 4519 6409 2428 4520 6410 2438 4521 6411 2436 4522 6412 2428 4523 6413 2434 4524 6414 2432 4525 6415 2430 4526 6416 2436 4527 6417 2434 4528 6418 2430 4529 6419 2490 4530 6420 2455 4531 6421 2452 4532 6422 2493 4533 6423 2454 4534 6424 2457 4535 6425 2540 650 6426 2491 650 6427 2453 650 6428 2561 4536 6429 2454 4537 6430 2493 4538 6431 2540 650 6432 2453 650 6433 2537 650 6434 2560 650 6435 2537 650 6436 2453 650 6437 2490 4539 6438 2458 4540 6439 2455 4541 6440 2500 630 6441 2456 630 6442 2459 630 6443 2498 630 6444 2492 630 6445 2456 630 6446 2500 630 6447 2498 630 6448 2456 630 6449 2488 4542 6450 2460 4543 6451 2458 4544 6452 2503 630 6453 2459 630 6454 2461 630 6455 2490 4545 6456 2488 4546 6457 2458 4547 6458 2503 630 6459 2500 630 6460 2459 630 6461 2486 4548 6462 2462 4549 6463 2460 4550 6464 2505 4551 6465 2461 4551 6466 2463 4551 6467 2488 4552 6468 2486 4553 6469 2460 4554 6470 2505 630 6471 2503 630 6472 2461 630 6473 2484 4555 6474 2464 4556 6475 2462 4557 6476 2505 630 6477 2463 630 6478 2465 630 6479 2486 4558 6480 2484 4559 6481 2462 4560 6482 2482 4561 6483 2466 4562 6484 2464 4563 6485 2509 630 6486 2465 630 6487 2467 630 6488 2484 4564 6489 2482 4565 6490 2464 4566 6491 2507 630 6492 2505 630 6493 2465 630 6494 2509 4567 6495 2507 4567 6496 2465 4567 6497 2480 4568 6498 2468 4569 6499 2466 4570 6500 2511 4571 6501 2467 4571 6502 2469 4571 6503 2482 4572 6504 2480 4573 6505 2466 4574 6506 2511 4575 6507 2509 4575 6508 2467 4575 6509 2478 4576 6510 2470 4577 6511 2468 4578 6512 2513 4579 6513 2469 4579 6514 2471 4579 6515 2480 4580 6516 2478 4581 6517 2468 4582 6518 2513 4583 6519 2511 4583 6520 2469 4583 6521 2475 4584 6522 2472 4585 6523 2470 4586 6524 2513 630 6525 2471 630 6526 2473 630 6527 2478 4587 6528 2475 4588 6529 2470 4589 6530 2563 4590 6531 2474 4591 6532 2477 4592 6533 2515 630 6534 2513 630 6535 2473 630 6536 2528 630 6537 2515 630 6538 2473 630 6539 2563 4593 6540 2529 4594 6541 2474 4595 6542 2552 650 6543 2476 650 6544 2479 650 6545 2572 650 6546 2476 650 6547 2552 650 6548 2572 650 6549 2562 650 6550 2476 650 6551 2550 650 6552 2479 650 6553 2481 650 6554 2552 4596 6555 2479 4596 6556 2550 4596 6557 2548 4597 6558 2481 4597 6559 2483 4597 6560 2550 4598 6561 2481 4598 6562 2548 4598 6563 2546 650 6564 2483 650 6565 2485 650 6566 2548 4599 6567 2483 4599 6568 2546 4599 6569 2542 650 6570 2485 650 6571 2487 650 6572 2544 650 6573 2485 650 6574 2542 650 6575 2546 4600 6576 2485 4600 6577 2544 4600 6578 2542 4601 6579 2487 4601 6580 2489 4601 6581 2540 650 6582 2489 650 6583 2491 650 6584 2542 650 6585 2489 650 6586 2540 650 6587 2498 630 6588 2494 630 6589 2492 630 6590 2561 4602 6591 2493 4603 6592 2495 4604 6593 2498 4605 6594 2496 4605 6595 2494 4605 6596 2530 630 6597 2494 630 6598 2496 630 6599 2559 4606 6600 2495 4607 6601 2531 4608 6602 2561 4609 6603 2495 4610 6604 2559 4611 6605 2557 4612 6606 2497 4613 6607 2499 4614 6608 2532 4615 6609 2530 4615 6610 2496 4615 6611 2534 4616 6612 2532 4616 6613 2496 4616 6614 2575 4617 6615 2535 4618 6616 2497 4619 6617 2575 4620 6618 2497 4621 6619 2557 4622 6620 2555 4623 6621 2499 4624 6622 2502 4625 6623 2557 4626 6624 2499 4627 6625 2555 4628 6626 2536 4629 6627 2501 4630 6628 2504 4631 6629 2555 4632 6630 2502 4633 6631 2538 4634 6632 2539 4635 6633 2504 4636 6634 2506 4637 6635 2539 4638 6636 2536 4639 6637 2504 4640 6638 2541 4641 6639 2506 4642 6640 2508 4643 6641 2541 4644 6642 2539 4645 6643 2506 4646 6644 2543 4647 6645 2508 4648 6646 2510 4649 6647 2543 4650 6648 2541 4651 6649 2508 4652 6650 2545 4653 6651 2510 4654 6652 2512 4655 6653 2545 4656 6654 2543 4657 6655 2510 4658 6656 2547 4659 6657 2512 4660 6658 2514 4661 6659 2547 4662 6660 2545 4663 6661 2512 4664 6662 2549 4665 6663 2514 4666 6664 2516 4667 6665 2549 4668 6666 2547 4669 6667 2514 4670 6668 2528 630 6669 2518 630 6670 2515 630 6671 2553 4671 6672 2517 4672 6673 2519 4673 6674 2551 4674 6675 2549 4675 6676 2516 4676 6677 2526 630 6678 2520 630 6679 2518 630 6680 2573 4677 6681 2519 4678 6682 2521 4679 6683 2528 4680 6684 2526 4680 6685 2518 4680 6686 2573 4681 6687 2553 4682 6688 2519 4683 6689 2524 630 6690 2522 630 6691 2520 630 6692 2571 4684 6693 2521 4685 6694 2523 4686 6695 2526 634 6696 2524 634 6697 2520 634 6698 2573 4687 6699 2521 4688 6700 2571 4689 6701 2532 4690 6702 2522 4690 6703 2524 4690 6704 2534 4691 6705 2522 4691 6706 2532 4691 6707 2569 4692 6708 2523 4693 6709 2535 4694 6710 2571 4695 6711 2523 4696 6712 2569 4697 6713 2567 4698 6714 2525 4699 6715 2527 4700 6716 2577 4701 6717 2533 4702 6718 2525 4703 6719 2577 4704 6720 2525 4705 6721 2567 4706 6722 2565 4707 6723 2527 4708 6724 2529 4709 6725 2567 4710 6726 2527 4711 6727 2565 4712 6728 2565 4713 6729 2529 4714 6730 2563 4715 6731 1889 4716 6732 2531 4717 6733 2533 4718 6734 1889 4719 6735 2559 4720 6736 2531 4721 6737 1889 4722 6738 2533 4723 6739 2577 4724 6740 2575 4725 6741 2569 4726 6742 2535 4727 6743 2560 650 6744 2554 650 6745 2537 650 6746 2558 650 6747 2556 650 6748 2554 650 6749 2560 650 6750 2558 650 6751 2554 650 6752 1888 650 6753 2556 650 6754 2558 650 6755 2576 650 6756 2574 650 6757 2556 650 6758 1888 650 6759 2576 650 6760 2556 650 6761 2572 650 6762 2564 650 6763 2562 650 6764 2570 4728 6765 2566 4728 6766 2564 4728 6767 2572 4729 6768 2570 4729 6769 2564 4729 6770 2570 4730 6771 2568 4730 6772 2566 4730 6773</p>
        </triangles>
      </mesh>
    </geometry>
  </library_geometries>
  <library_visual_scenes>
    <visual_scene id="Scene" name="Scene">
      <node id="_" name="5" type="NODE">
        <matrix sid="transform">0.001 0 0 0 0 0.001 0 0 0 0 0.001 0 0 0 0 1</matrix>
        <instance_geometry url="#_-mesh" name="5">
          <bind_material>
            <technique_common>
              <instance_material symbol="default_002-material" target="#default_002-material">
                <bind_vertex_input semantic="UVMap" input_semantic="TEXCOORD" input_set="0"/>
              </instance_material>
            </technique_common>
          </bind_material>
        </instance_geometry>
      </node>
    </visual_scene>
  </library_visual_scenes>
  <scene>
    <instance_visual_scene url="#Scene"/>
  </scene>
</COLLADA>